ISO-10303-21;
HEADER;
FILE_DESCRIPTION(('ViewDefinition [ReferenceView_V1.2]','Order ID: 000000'),'2;1');
FILE_NAME('','2026-03-07T14:24:03',('3D-omgeving.nl'),('On-Track B.V.'),'OnTrack IFC Toolkit','OnTrack - 3Domgeving - 0.1.0-dev+local','none');
FILE_SCHEMA(('IFC4'));
ENDSEC;
DATA;
#1=IFCPERSON($,'On-Track B.V.','3D-omgeving',$,$,$,$,$);
#2=IFCORGANIZATION($,'On-Track B.V.',$,$,$);
#3=IFCPERSONANDORGANIZATION(#1,#2,$);
#4=IFCAPPLICATION(#2,'0.1.0','3D-omgeving.nl','3Domgeving');
#5=IFCOWNERHISTORY(#3,#4,$,.NOCHANGE.,1772889843,#3,#4,1772889843);
#6=IFCCARTESIANPOINT((0.,0.,0.));
#7=IFCDIRECTION((0.,0.,1.));
#8=IFCDIRECTION((1.,0.,0.));
#9=IFCAXIS2PLACEMENT3D(#6,#7,#8);
#10=IFCGEOMETRICREPRESENTATIONCONTEXT($,'Model',3,1.E-05,#9,$);
#11=IFCSIUNIT(*,.LENGTHUNIT.,$,.METRE.);
#12=IFCSIUNIT(*,.AREAUNIT.,$,.SQUARE_METRE.);
#13=IFCSIUNIT(*,.VOLUMEUNIT.,$,.CUBIC_METRE.);
#14=IFCUNITASSIGNMENT((#11,#12,#13));
#15=IFCPROJECT('0myG9zx217aflZF838zjBZ',#5,'S1 DEMO','3D-omgeving.nl - ID: 000000',$,$,$,(#10),#14);
#16=IFCGEOMETRICREPRESENTATIONSUBCONTEXT('Body','Model',*,*,*,*,#10,$,.MODEL_VIEW.,$);
#17=IFCCARTESIANPOINT((0.,0.,0.));
#18=IFCAXIS2PLACEMENT3D(#17,$,$);
#19=IFCLOCALPLACEMENT($,#18);
#20=IFCSITE('0H5FpTq450ugqT5jTNQsNI',#5,'Locatie',$,$,#19,$,$,.ELEMENT.,$,$,$,$,$);
#21=IFCCARTESIANPOINT((0.,0.,0.));
#22=IFCAXIS2PLACEMENT3D(#21,$,$);
#23=IFCLOCALPLACEMENT(#19,#22);
#24=IFCBUILDING('2CN8kk4xn7zPD44Ppcgg00',#5,'Gebouw',$,$,#23,$,$,.ELEMENT.,$,$,$);
#25=IFCCARTESIANPOINT((0.,0.,0.));
#26=IFCAXIS2PLACEMENT3D(#25,$,$);
#27=IFCLOCALPLACEMENT(#23,#26);
#28=IFCBUILDINGSTOREY('2CEwtpufH3TPCktTIdFNcX',#5,'Ground Level',$,$,#27,$,$,.ELEMENT.,0.);
#29=IFCRELAGGREGATES('22Z9NlpFj20AbIRqvmSnvY',#5,'ProjectContainer',$,#15,(#20));
#30=IFCRELAGGREGATES('2PizCDJ_142Asm5o$4DEI4',#5,'SiteContainer',$,#20,(#24));
#31=IFCRELAGGREGATES('0or7aqF9b968us6k3nsOdz',#5,'BuildingContainer',$,#24,(#28));
#32=IFCPROJECTEDCRS('EPSG:28992','Amersfoort / RD New','Amersfoort',$,$,$,#11);
#33=IFCMAPCONVERSION(#10,#32,160071.588418626,384156.389179893,18.753,0.637921483011472,-0.770101409888622,$);
#34=IFCCARTESIANPOINTLIST3D(((-0.16399,0.,0.025),(-0.,0.081995,0.025),(-0.,0.2497,0.025),(-0.4994,0.,0.025),(-0.16399,0.,-0.),(-0.4994,0.,-0.),(-0.,0.2497,-0.),(-0.,0.081995,-0.)));
#35=IFCINDEXEDPOLYGONALFACE((1,2,3,4));
#36=IFCINDEXEDPOLYGONALFACE((5,6,7,8));
#37=IFCINDEXEDPOLYGONALFACE((1,4,6,5));
#38=IFCINDEXEDPOLYGONALFACE((4,3,7,6));
#39=IFCINDEXEDPOLYGONALFACE((3,2,8,7));
#40=IFCINDEXEDPOLYGONALFACE((2,1,5,8));
#41=IFCPOLYGONALFACESET(#34,.F.,(#35,#36,#37,#38,#39,#40),$);
#42=IFCCOLOURRGB($,0.345098039215686,0.619607843137255,0.650980392156863);
#43=IFCSURFACESTYLERENDERING(#42,0.,$,$,$,$,$,$,.NOTDEFINED.);
#44=IFCSURFACESTYLE($,.BOTH.,(#43));
#45=IFCSTYLEDITEM(#41,(#44),$);
#46=IFCCARTESIANPOINTLIST3D(((0.16399,-0.,0.025),(-0.,-0.081995,0.025),(-0.,-0.2497,0.025),(0.4994,0.,0.025),(0.16399,-0.,-0.),(0.4994,0.,-0.),(-0.,-0.2497,-0.),(-0.,-0.081995,-0.)));
#47=IFCINDEXEDPOLYGONALFACE((1,2,3,4));
#48=IFCINDEXEDPOLYGONALFACE((5,6,7,8));
#49=IFCINDEXEDPOLYGONALFACE((1,4,6,5));
#50=IFCINDEXEDPOLYGONALFACE((4,3,7,6));
#51=IFCINDEXEDPOLYGONALFACE((3,2,8,7));
#52=IFCINDEXEDPOLYGONALFACE((2,1,5,8));
#53=IFCPOLYGONALFACESET(#46,.F.,(#47,#48,#49,#50,#51,#52),$);
#54=IFCCOLOURRGB($,0.0470588235294118,0.149019607843137,0.349019607843137);
#55=IFCSURFACESTYLERENDERING(#54,0.,$,$,$,$,$,$,.NOTDEFINED.);
#56=IFCSURFACESTYLE($,.BOTH.,(#55));
#57=IFCSTYLEDITEM(#53,(#56),$);
#58=IFCCARTESIANPOINTLIST3D(((-0.,-0.081995,0.025),(-0.,-0.2497,0.025),(-0.,-0.2497,0.),(-0.,-0.081995,0.),(-0.4994,-0.,0.025),(-0.16399,-0.,0.025),(-0.16399,-0.,0.),(-0.4994,-0.,0.)));
#59=IFCINDEXEDPOLYGONALFACE((1,2,3,4));
#60=IFCINDEXEDPOLYGONALFACE((5,6,7,8));
#61=IFCINDEXEDPOLYGONALFACE((6,1,4,7));
#62=IFCINDEXEDPOLYGONALFACE((3,8,7,4));
#63=IFCINDEXEDPOLYGONALFACE((2,5,8,3));
#64=IFCINDEXEDPOLYGONALFACE((2,1,6,5));
#65=IFCPOLYGONALFACESET(#58,.F.,(#59,#60,#61,#62,#63,#64),$);
#66=IFCCOLOURRGB($,0.949019607843137,0.56078431372549,0.219607843137255);
#67=IFCSURFACESTYLERENDERING(#66,0.,$,$,$,$,$,$,.NOTDEFINED.);
#68=IFCSURFACESTYLE($,.BOTH.,(#67));
#69=IFCSTYLEDITEM(#65,(#68),$);
#70=IFCCARTESIANPOINTLIST3D(((-0.08398,-0.572234,0.025),(-0.08398,-0.546188,0.025),(-0.08398,-0.546188,0.),(-0.08398,-0.572234,0.),(0.038255,-0.396435,0.025),(-0.071423,-0.396435,0.025),(-0.071423,-0.396435,0.),(0.038255,-0.396435,0.),(0.018733,-0.420323,0.025),(0.018733,-0.420323,0.),(-0.071423,-0.371321,0.025),(-0.071423,-0.371321,0.),(-0.053176,-0.54712,0.025),(0.072983,-0.54712,0.025),(0.072983,-0.54712,0.),(-0.053176,-0.54712,0.),(0.069844,-0.371321,0.),(0.069844,-0.396435,0.),(-0.042581,-0.534171,0.),(0.072983,-0.572234,0.),(0.072983,-0.572234,0.025),(-0.042581,-0.534171,0.025),(0.069844,-0.396435,0.025),(0.069844,-0.371321,0.025)));
#71=IFCINDEXEDPOLYGONALFACE((1,2,3,4));
#72=IFCINDEXEDPOLYGONALFACE((5,6,7,8));
#73=IFCINDEXEDPOLYGONALFACE((2,9,10,3));
#74=IFCINDEXEDPOLYGONALFACE((6,11,12,7));
#75=IFCINDEXEDPOLYGONALFACE((13,14,15,16));
#76=IFCINDEXEDPOLYGONALFACE((4,3,10,8,7,12,17,18,19,16,15,20));
#77=IFCINDEXEDPOLYGONALFACE((14,21,20,15));
#78=IFCINDEXEDPOLYGONALFACE((22,13,16,19));
#79=IFCINDEXEDPOLYGONALFACE((1,21,14,13,22,23,24,11,6,5,9,2));
#80=IFCINDEXEDPOLYGONALFACE((9,5,8,10));
#81=IFCINDEXEDPOLYGONALFACE((23,22,19,18));
#82=IFCINDEXEDPOLYGONALFACE((24,23,18,17));
#83=IFCINDEXEDPOLYGONALFACE((21,1,4,20));
#84=IFCINDEXEDPOLYGONALFACE((11,24,17,12));
#85=IFCPOLYGONALFACESET(#70,.F.,(#71,#72,#73,#74,#75,#76,#77,#78,#79,#80,#81,#82,#83,#84),$);
#86=IFCCOLOURRGB($,0.0470588235294118,0.149019607843137,0.349019607843137);
#87=IFCSURFACESTYLERENDERING(#86,0.,$,$,$,$,$,$,.NOTDEFINED.);
#88=IFCSURFACESTYLE($,.BOTH.,(#87));
#89=IFCSTYLEDITEM(#85,(#88),$);
#90=IFCCARTESIANPOINTLIST3D(((0.74589,-0.104677,0.025),(0.719132,-0.101261,0.025),(0.719132,-0.101261,0.),(0.74589,-0.104677,0.),(0.771096,-0.101586,0.025),(0.771096,-0.101586,0.),(0.794524,-0.092316,0.025),(0.794524,-0.092316,0.),(0.838565,-0.030279,0.025),(0.82935,-0.05592,0.025),(0.82935,-0.05592,0.),(0.838565,-0.030279,0.),(0.8145,-0.077036,0.025),(0.8145,-0.077036,0.),(0.650142,-0.00373,0.025),(0.653012,-0.029426,0.025),(0.66162,-0.053737,0.025),(0.675796,-0.074866,0.025),(0.695367,-0.091016,0.025),(0.841637,-0.001424,0.025),(0.838719,0.02705,0.025),(0.829963,0.052336,0.025),(0.81564,0.073415,0.025),(0.79602,0.089271,0.025),(0.772389,0.099204,0.025),(0.746037,0.102515,0.025),(0.725843,0.100752,0.025),(0.707593,0.095464,0.025),(0.691287,0.08665,0.025),(0.676924,0.07431,0.025),(0.665207,0.058856,0.025),(0.656838,0.040698,0.025),(0.651816,0.019836,0.025),(0.675256,-0.003975,0.025),(0.680492,0.033604,0.025),(0.687038,0.047689,0.025),(0.696201,0.058639,0.025),(0.719169,0.07271,0.025),(0.746184,0.077401,0.025),(0.765626,0.074966,0.025),(0.783046,0.067664,0.025),(0.797485,0.055935,0.025),(0.807988,0.04022,0.025),(0.814389,0.021004,0.025),(0.816523,-0.001228,0.025),(0.811538,-0.034472,0.025),(0.805307,-0.047885,0.025),(0.796584,-0.059157,0.025),(0.773904,-0.074461,0.025),(0.745742,-0.079562,0.025),(0.717986,-0.07451,0.025),(0.695343,-0.059353,0.025),(0.680278,-0.035404,0.025),(0.650142,-0.00373,0.),(0.651816,0.019836,0.),(0.656838,0.040698,0.),(0.665207,0.058856,0.),(0.676924,0.07431,0.),(0.691287,0.08665,0.),(0.707593,0.095464,0.),(0.725843,0.100752,0.),(0.746037,0.102515,0.),(0.772389,0.099204,0.),(0.79602,0.089271,0.),(0.81564,0.073415,0.),(0.829963,0.052336,0.),(0.838719,0.02705,0.),(0.841637,-0.001424,0.),(0.695367,-0.091016,0.),(0.675796,-0.074866,0.),(0.66162,-0.053737,0.),(0.653012,-0.029426,0.),(0.675256,-0.003975,0.),(0.680278,-0.035404,0.),(0.695343,-0.059353,0.),(0.717986,-0.07451,0.),(0.745742,-0.079562,0.),(0.773904,-0.074461,0.),(0.796584,-0.059157,0.),(0.805307,-0.047885,0.),(0.811538,-0.034472,0.),(0.816523,-0.001228,0.),(0.814389,0.021004,0.),(0.807988,0.04022,0.),(0.797485,0.055935,0.),(0.783046,0.067664,0.),(0.765626,0.074966,0.),(0.746184,0.077401,0.),(0.719169,0.07271,0.),(0.696201,0.058639,0.),(0.687038,0.047689,0.),(0.680492,0.033604,0.)));
#91=IFCINDEXEDPOLYGONALFACE((1,2,3,4));
#92=IFCINDEXEDPOLYGONALFACE((5,1,4,6));
#93=IFCINDEXEDPOLYGONALFACE((7,5,6,8));
#94=IFCINDEXEDPOLYGONALFACE((9,10,11,12));
#95=IFCINDEXEDPOLYGONALFACE((10,13,14,11));
#96=IFCINDEXEDPOLYGONALFACE((15,16,17,18,19,2,1,5,7,13,10,9,20,21,22,23,24,25,26,27,28,29,30,31,32,33,34,35,36,37,38,39,40,41,42,43,44,45,46,47,48,49,50,51,52,53));
#97=IFCINDEXEDPOLYGONALFACE((54,55,56,57,58,59,60,61,62,63,64,65,66,67,68,12,11,14,8,6,4,3,69,70,71,72,73,74,75,76,77,78,79,80,81,82,83,84,85,86,87,88,89,90,91,92));
#98=IFCINDEXEDPOLYGONALFACE((18,17,71,70));
#99=IFCINDEXEDPOLYGONALFACE((23,22,66,65));
#100=IFCINDEXEDPOLYGONALFACE((24,23,65,64));
#101=IFCINDEXEDPOLYGONALFACE((17,16,72,71));
#102=IFCINDEXEDPOLYGONALFACE((16,15,54,72));
#103=IFCINDEXEDPOLYGONALFACE((26,25,63,62));
#104=IFCINDEXEDPOLYGONALFACE((28,27,61,60));
#105=IFCINDEXEDPOLYGONALFACE((27,26,62,61));
#106=IFCINDEXEDPOLYGONALFACE((38,37,90,89));
#107=IFCINDEXEDPOLYGONALFACE((29,28,60,59));
#108=IFCINDEXEDPOLYGONALFACE((39,38,89,88));
#109=IFCINDEXEDPOLYGONALFACE((40,39,88,87));
#110=IFCINDEXEDPOLYGONALFACE((25,24,64,63));
#111=IFCINDEXEDPOLYGONALFACE((36,35,92,91));
#112=IFCINDEXEDPOLYGONALFACE((37,36,91,90));
#113=IFCINDEXEDPOLYGONALFACE((35,34,73,92));
#114=IFCINDEXEDPOLYGONALFACE((48,47,80,79));
#115=IFCINDEXEDPOLYGONALFACE((47,46,81,80));
#116=IFCINDEXEDPOLYGONALFACE((46,45,82,81));
#117=IFCINDEXEDPOLYGONALFACE((45,44,83,82));
#118=IFCINDEXEDPOLYGONALFACE((44,43,84,83));
#119=IFCINDEXEDPOLYGONALFACE((43,42,85,84));
#120=IFCINDEXEDPOLYGONALFACE((42,41,86,85));
#121=IFCINDEXEDPOLYGONALFACE((41,40,87,86));
#122=IFCINDEXEDPOLYGONALFACE((34,53,74,73));
#123=IFCINDEXEDPOLYGONALFACE((53,52,75,74));
#124=IFCINDEXEDPOLYGONALFACE((52,51,76,75));
#125=IFCINDEXEDPOLYGONALFACE((51,50,77,76));
#126=IFCINDEXEDPOLYGONALFACE((50,49,78,77));
#127=IFCINDEXEDPOLYGONALFACE((49,48,79,78));
#128=IFCINDEXEDPOLYGONALFACE((15,33,55,54));
#129=IFCINDEXEDPOLYGONALFACE((33,32,56,55));
#130=IFCINDEXEDPOLYGONALFACE((19,18,70,69));
#131=IFCINDEXEDPOLYGONALFACE((2,19,69,3));
#132=IFCINDEXEDPOLYGONALFACE((32,31,57,56));
#133=IFCINDEXEDPOLYGONALFACE((13,7,8,14));
#134=IFCINDEXEDPOLYGONALFACE((30,29,59,58));
#135=IFCINDEXEDPOLYGONALFACE((31,30,58,57));
#136=IFCINDEXEDPOLYGONALFACE((20,9,12,68));
#137=IFCINDEXEDPOLYGONALFACE((22,21,67,66));
#138=IFCINDEXEDPOLYGONALFACE((21,20,68,67));
#139=IFCPOLYGONALFACESET(#90,.F.,(#91,#92,#93,#94,#95,#96,#97,#98,#99,#100,#101,#102,#103,#104,#105,#106,#107,#108,#109,#110,#111,#112,#113,#114,#115,#116,#117,#118,#119,#120,#121,#122,#123,#124,#125,#126,#127,#128,#129,#130,#131,#132,#133,#134,#135,#136,#137,#138),$);
#140=IFCCOLOURRGB($,0.0470588235294118,0.149019607843137,0.349019607843137);
#141=IFCSURFACESTYLERENDERING(#140,0.,$,$,$,$,$,$,.NOTDEFINED.);
#142=IFCSURFACESTYLE($,.BOTH.,(#141));
#143=IFCSTYLEDITEM(#139,(#142),$);
#144=IFCCARTESIANPOINTLIST3D(((-0.078481,0.400613,0.025),(-0.053367,0.400613,0.025),(-0.053367,0.559832,0.025),(0.051602,0.400613,0.025),(0.078481,0.400613,0.025),(0.078481,0.601526,0.025),(0.053367,0.601526,0.025),(0.053367,0.442355,0.025),(-0.051602,0.601526,0.025),(-0.078481,0.601526,0.025),(0.053367,0.442355,0.),(-0.051602,0.601526,0.),(0.078481,0.601526,0.),(0.053367,0.601526,0.),(-0.078481,0.400613,0.),(-0.053367,0.400613,0.),(-0.053367,0.559832,0.),(0.051602,0.400613,0.),(0.078481,0.400613,0.),(-0.078481,0.601526,0.)));
#145=IFCINDEXEDPOLYGONALFACE((1,2,3,4,5,6,7,8,9,10));
#146=IFCINDEXEDPOLYGONALFACE((9,8,11,12));
#147=IFCINDEXEDPOLYGONALFACE((7,6,13,14));
#148=IFCINDEXEDPOLYGONALFACE((2,1,15,16));
#149=IFCINDEXEDPOLYGONALFACE((3,2,16,17));
#150=IFCINDEXEDPOLYGONALFACE((5,4,18,19));
#151=IFCINDEXEDPOLYGONALFACE((6,5,19,13));
#152=IFCINDEXEDPOLYGONALFACE((15,20,12,11,14,13,19,18,17,16));
#153=IFCINDEXEDPOLYGONALFACE((8,7,14,11));
#154=IFCINDEXEDPOLYGONALFACE((4,3,17,18));
#155=IFCINDEXEDPOLYGONALFACE((1,10,20,15));
#156=IFCINDEXEDPOLYGONALFACE((10,9,12,20));
#157=IFCPOLYGONALFACESET(#144,.F.,(#145,#146,#147,#148,#149,#150,#151,#152,#153,#154,#155,#156),$);
#158=IFCCOLOURRGB($,0.0470588235294118,0.149019607843137,0.349019607843137);
#159=IFCSURFACESTYLERENDERING(#158,0.,$,$,$,$,$,$,.NOTDEFINED.);
#160=IFCSURFACESTYLE($,.BOTH.,(#159));
#161=IFCSTYLEDITEM(#157,(#160),$);
#162=IFCCARTESIANPOINTLIST3D(((-0.839722,-0.090671,0.),(-0.894512,0.110242,0.),(-0.868613,0.110242,0.),(-0.836828,-0.021803,0.),(-0.827018,-0.062564,0.),(-0.816521,-0.026512,0.),(-0.776691,0.110242,0.),(-0.739364,0.110242,0.),(-0.710424,0.01111,0.),(-0.68889,-0.062564,0.),(-0.679374,-0.02298,0.),(-0.647344,0.110242,0.),(-0.621396,0.110242,0.),(-0.676137,-0.090671,0.),(-0.703017,-0.090671,0.),(-0.751234,0.06433,0.),(-0.757954,0.085962,0.),(-0.765508,0.059916,0.),(-0.809408,-0.090671,0.),(-0.839722,-0.090671,0.025),(-0.809408,-0.090671,0.025),(-0.765508,0.059916,0.025),(-0.757954,0.085962,0.025),(-0.751234,0.06433,0.025),(-0.703017,-0.090671,0.025),(-0.676137,-0.090671,0.025),(-0.621396,0.110242,0.025),(-0.647344,0.110242,0.025),(-0.679374,-0.02298,0.025),(-0.68889,-0.062564,0.025),(-0.710424,0.01111,0.025),(-0.739364,0.110242,0.025),(-0.776691,0.110242,0.025),(-0.816521,-0.026512,0.025),(-0.827018,-0.062564,0.025),(-0.836828,-0.021803,0.025),(-0.868613,0.110242,0.025),(-0.894512,0.110242,0.025)));
#163=IFCINDEXEDPOLYGONALFACE((1,2,3,4,5,6,7,8,9,10,11,12,13,14,15,16,17,18,19));
#164=IFCINDEXEDPOLYGONALFACE((20,21,22,23,24,25,26,27,28,29,30,31,32,33,34,35,36,37,38));
#165=IFCINDEXEDPOLYGONALFACE((28,27,13,12));
#166=IFCINDEXEDPOLYGONALFACE((27,26,14,13));
#167=IFCINDEXEDPOLYGONALFACE((26,25,15,14));
#168=IFCINDEXEDPOLYGONALFACE((25,24,16,15));
#169=IFCINDEXEDPOLYGONALFACE((24,23,17,16));
#170=IFCINDEXEDPOLYGONALFACE((23,22,18,17));
#171=IFCINDEXEDPOLYGONALFACE((22,21,19,18));
#172=IFCINDEXEDPOLYGONALFACE((21,20,1,19));
#173=IFCINDEXEDPOLYGONALFACE((36,35,5,4));
#174=IFCINDEXEDPOLYGONALFACE((35,34,6,5));
#175=IFCINDEXEDPOLYGONALFACE((34,33,7,6));
#176=IFCINDEXEDPOLYGONALFACE((33,32,8,7));
#177=IFCINDEXEDPOLYGONALFACE((32,31,9,8));
#178=IFCINDEXEDPOLYGONALFACE((31,30,10,9));
#179=IFCINDEXEDPOLYGONALFACE((30,29,11,10));
#180=IFCINDEXEDPOLYGONALFACE((29,28,12,11));
#181=IFCINDEXEDPOLYGONALFACE((20,38,2,1));
#182=IFCINDEXEDPOLYGONALFACE((38,37,3,2));
#183=IFCINDEXEDPOLYGONALFACE((37,36,4,3));
#184=IFCPOLYGONALFACESET(#162,.F.,(#163,#164,#165,#166,#167,#168,#169,#170,#171,#172,#173,#174,#175,#176,#177,#178,#179,#180,#181,#182,#183),$);
#185=IFCCOLOURRGB($,0.0470588235294118,0.149019607843137,0.349019607843137);
#186=IFCSURFACESTYLERENDERING(#185,0.,$,$,$,$,$,$,.NOTDEFINED.);
#187=IFCSURFACESTYLE($,.BOTH.,(#186));
#188=IFCSTYLEDITEM(#184,(#187),$);
#189=IFCCARTESIANPOINTLIST3D(((0.4994,0.,0.),(0.,0.,0.),(0.,0.2497,0.),(0.078958,0.002,0.172828),(0.078958,0.002,0.126567),(0.105,0.002,0.141603),(0.131042,0.002,0.126567),(0.18,0.002,0.098301),(0.18,0.002,0.138413),(0.179204,0.002,0.145132),(0.17686,0.002,0.151478),(0.173097,0.002,0.157101),(0.168125,0.002,0.16169),(0.105,0.002,0.198135),(0.084688,0.002,0.186407),(0.082257,0.002,0.183514),(0.080449,0.002,0.180197),(0.079335,0.002,0.176587),(0.131042,0.002,0.080307),(0.105,0.002,0.111532),(0.03,0.002,0.154833),(0.03,0.002,0.114722),(0.030796,0.002,0.108003),(0.03314,0.002,0.101656),(0.036903,0.002,0.096033),(0.041875,0.002,0.091445),(0.105,0.002,0.055),(0.125313,0.002,0.066727),(0.127743,0.002,0.06962),(0.129551,0.002,0.072938),(0.130665,0.002,0.076548),(0.105,0.,0.141603),(0.078958,0.,0.126567),(0.105,0.,0.111532),(0.131042,0.,0.126567),(0.,0.,0.3),(0.4994,0.,0.025),(0.082257,0.,0.183514),(0.084688,0.,0.186407),(0.105,0.,0.198135),(0.168125,0.,0.16169),(0.173097,0.,0.157101),(0.17686,0.,0.151478),(0.179204,0.,0.145132),(0.18,0.,0.138413),(0.18,0.,0.098301),(0.131042,0.,0.080307),(0.130665,0.,0.076548),(0.129551,0.,0.072938),(0.127743,0.,0.06962),(0.125313,0.,0.066727),(0.105,0.,0.055),(0.041875,0.,0.091445),(0.036903,0.,0.096033),(0.03314,0.,0.101656),(0.030796,0.,0.108003),(0.03,0.,0.114722),(0.03,0.,0.154833),(0.078958,0.,0.172828),(0.079335,0.,0.176587),(0.080449,0.,0.180197),(0.,0.2497,0.025)));
#190=IFCINDEXEDPOLYGONALFACE((1,2,3));
#191=IFCINDEXEDPOLYGONALFACE((4,5,6,7,8,9,10,11,12,13,14,15,16,17,18));
#192=IFCINDEXEDPOLYGONALFACE((19,7,20,5,21,22,23,24,25,26,27,28,29,30,31));
#193=IFCINDEXEDPOLYGONALFACE((32,33,34,35));
#194=IFCINDEXEDPOLYGONALFACE((36,2,1,37,38,39,40,41,42,43,44,45,46,35,47,48,49,50,51,52,53,54,55,56,57,58,33,59,60,61));
#195=IFCINDEXEDPOLYGONALFACE((56,23,22,57));
#196=IFCINDEXEDPOLYGONALFACE((32,35,7,6));
#197=IFCINDEXEDPOLYGONALFACE((26,53,52,27));
#198=IFCINDEXEDPOLYGONALFACE((36,37,62));
#199=IFCINDEXEDPOLYGONALFACE((62,37,1,3));
#200=IFCINDEXEDPOLYGONALFACE((8,46,45,9));
#201=IFCINDEXEDPOLYGONALFACE((19,47,35,7));
#202=IFCINDEXEDPOLYGONALFACE((36,62,3,2));
#203=IFCINDEXEDPOLYGONALFACE((21,58,57,22));
#204=IFCINDEXEDPOLYGONALFACE((13,41,40,14));
#205=IFCINDEXEDPOLYGONALFACE((34,33,5,20));
#206=IFCINDEXEDPOLYGONALFACE((14,40,39,15));
#207=IFCINDEXEDPOLYGONALFACE((7,35,34,20));
#208=IFCINDEXEDPOLYGONALFACE((54,53,26,25));
#209=IFCINDEXEDPOLYGONALFACE((54,25,24,55));
#210=IFCINDEXEDPOLYGONALFACE((55,24,23,56));
#211=IFCINDEXEDPOLYGONALFACE((38,16,15,39));
#212=IFCINDEXEDPOLYGONALFACE((48,47,19,31));
#213=IFCINDEXEDPOLYGONALFACE((48,31,30,49));
#214=IFCINDEXEDPOLYGONALFACE((49,30,29,50));
#215=IFCINDEXEDPOLYGONALFACE((50,29,28,51));
#216=IFCINDEXEDPOLYGONALFACE((5,33,32,6));
#217=IFCINDEXEDPOLYGONALFACE((27,52,51,28));
#218=IFCINDEXEDPOLYGONALFACE((4,59,33,5));
#219=IFCINDEXEDPOLYGONALFACE((42,41,13,12));
#220=IFCINDEXEDPOLYGONALFACE((42,12,11,43));
#221=IFCINDEXEDPOLYGONALFACE((43,11,10,44));
#222=IFCINDEXEDPOLYGONALFACE((44,10,9,45));
#223=IFCINDEXEDPOLYGONALFACE((60,59,4,18));
#224=IFCINDEXEDPOLYGONALFACE((60,18,17,61));
#225=IFCINDEXEDPOLYGONALFACE((61,17,16,38));
#226=IFCINDEXEDPOLYGONALFACE((8,7,35,46));
#227=IFCINDEXEDPOLYGONALFACE((21,5,33,58));
#228=IFCPOLYGONALFACESET(#189,.F.,(#190,#191,#192,#193,#194,#195,#196,#197,#198,#199,#200,#201,#202,#203,#204,#205,#206,#207,#208,#209,#210,#211,#212,#213,#214,#215,#216,#217,#218,#219,#220,#221,#222,#223,#224,#225,#226,#227),$);
#229=IFCCOLOURRGB($,0.0470588235294118,0.149019607843137,0.349019607843137);
#230=IFCSURFACESTYLERENDERING(#229,0.,$,$,$,$,$,$,.NOTDEFINED.);
#231=IFCSURFACESTYLE($,.BOTH.,(#230));
#232=IFCSTYLEDITEM(#228,(#231),$);
#233=IFCCARTESIANPOINTLIST3D(((0.03,0.001,0.154833),(0.105,0.001,0.198135),(0.105,0.002,0.198135),(0.03,0.002,0.154833),(0.18,0.001,0.098301),(0.105,0.001,0.055),(0.105,0.002,0.055),(0.18,0.002,0.098301),(0.18,0.001,0.154833),(0.18,0.002,0.154833),(0.03,0.001,0.098301),(0.03,0.002,0.098301)));
#234=IFCINDEXEDPOLYGONALFACE((1,2,3,4));
#235=IFCINDEXEDPOLYGONALFACE((5,6,7,8));
#236=IFCINDEXEDPOLYGONALFACE((2,9,10,3));
#237=IFCINDEXEDPOLYGONALFACE((11,1,4,12));
#238=IFCINDEXEDPOLYGONALFACE((4,3,10,8,7,12));
#239=IFCINDEXEDPOLYGONALFACE((9,5,8,10));
#240=IFCINDEXEDPOLYGONALFACE((1,11,6,5,9,2));
#241=IFCINDEXEDPOLYGONALFACE((6,11,12,7));
#242=IFCPOLYGONALFACESET(#233,.F.,(#234,#235,#236,#237,#238,#239,#240,#241),$);
#243=IFCCOLOURRGB($,1.,1.,1.);
#244=IFCSURFACESTYLERENDERING(#243,0.,$,$,$,$,$,$,.NOTDEFINED.);
#245=IFCSURFACESTYLE($,.BOTH.,(#244));
#246=IFCSTYLEDITEM(#242,(#245),$);
#247=IFCSHAPEREPRESENTATION(#10,'Body','Tessellation',(#41,#53,#65,#85,#139,#157,#184,#228,#242));
#248=IFCPRODUCTDEFINITIONSHAPE($,$,(#247));
#249=IFCCARTESIANPOINT((-0.,-0.,0.));
#250=IFCDIRECTION((0.,0.,1.));
#251=IFCDIRECTION((0.637921483011472,0.770101409888622,0.));
#252=IFCAXIS2PLACEMENT3D(#249,#250,#251);
#253=IFCLOCALPLACEMENT(#27,#252);
#254=IFCGEOGRAPHICELEMENT('2onqfEeSjA0fw6qlYVAGvA',#5,'GEO-Nulpunt',$,$,#253,#248,$,.NOTDEFINED.);
#255=IFCRELCONTAINEDINSPATIALSTRUCTURE('1Iij7PLJX4phhN54esbwj9',#5,'GEO-Nulpunt-Relation',$,(#254),#28);
#256=IFCPROPERTYSINGLEVALUE('RD-X',$,IFCTEXT('160071.588'),$);
#257=IFCPROPERTYSINGLEVALUE('RD-Y',$,IFCTEXT('384156.389'),$);
#258=IFCPROPERTYSINGLEVALUE('Latitude',$,IFCTEXT('51.44647491'),$);
#259=IFCPROPERTYSINGLEVALUE('Longitude',$,IFCTEXT('5.46015425'),$);
#260=IFCPROPERTYSINGLEVALUE('NAP',$,IFCREAL(18.753),$);
#261=IFCPROPERTYSET('1deS5AMeb4fxs1zK4evTWg',#5,'CPset_GEO-Nulpunt',$,(#256,#257,#258,#259,#260));
#262=IFCRELDEFINESBYPROPERTIES('0GmTJuKifCIw7rrhtVscV1',#5,$,$,(#254),#261);
#263=IFCCARTESIANPOINTLIST3D(((-1.87,0.426,7.828),(-1.986,0.47,7.9),(-2.501,-0.498,8.114),(-2.478,-0.61,8.107),(0.224,-0.379,6.586),(0.426,-0.43,6.563),(0.232,-0.307,6.912),(1.328,1.159,8.37),(1.465,0.797,8.134),(1.35,1.214,8.421),(1.481,0.463,8.17),(2.104,0.419,9.039),(2.134,0.457,8.977),(-0.363,0.21,8.84),(-0.858,0.587,9.024),(-0.378,0.094,8.885),(2.815,0.453,9.297),(-0.878,0.61,8.962),(-0.42,0.102,8.806),(0.192,-2.344,6.64),(0.284,-2.313,6.701),(-0.81,-0.161,8.866),(-0.843,-0.119,8.835),(-1.503,-0.186,9.149),(4.028,2.093,7.132),(2.956,1.509,6.625),(2.959,1.452,6.513),(1.33,0.405,8.071),(1.429,0.774,8.175),(2.159,1.157,6.376),(2.066,1.077,6.483),(-0.805,0.648,8.996),(1.873,2.594,7.049),(1.62,1.861,6.56),(1.748,1.811,6.597),(-0.096,-0.218,8.566),(-0.365,0.049,8.772),(0.006,-0.13,8.592),(2.116,0.383,8.962),(1.369,0.857,8.104),(-0.863,-0.178,8.803),(1.828,3.193,7.859),(1.937,2.639,7.04),(1.842,2.628,7.013),(1.741,1.85,6.526),(-1.28,0.978,9.459),(-0.054,-0.247,8.673),(1.414,1.554,8.918),(1.329,1.234,8.37),(-1.521,-0.146,9.157),(1.953,1.083,6.317),(0.556,-0.146,7.66),(1.442,0.411,7.984),(1.416,0.32,8.019),(0.31,-0.298,8.431),(0.424,-0.01,7.775),(0.093,-0.159,6.739),(0.485,0.008,7.639),(0.283,-0.135,8.383),(0.325,-0.447,0.),(0.526,-0.171,0.),(0.531,-0.111,1.823),(1.627,-2.611,5.284),(1.615,-2.136,5.744),(1.818,-2.044,5.72),(-1.666,-1.819,6.045),(-1.46,-1.508,6.284),(-1.336,-1.417,6.152),(-0.06,-0.193,5.914),(0.278,-0.457,6.364),(-3.863,-1.838,6.309),(-1.117,-1.194,6.33),(-1.289,-1.17,6.186),(-3.904,-1.743,6.312),(-2.469,1.68,6.352),(-2.724,1.759,6.372),(-2.619,1.772,6.449),(-1.349,-2.444,5.877),(-1.378,-2.347,5.819),(-1.44,-1.732,6.014),(4.023,2.151,7.146),(2.974,1.571,6.492),(0.677,0.042,6.2),(1.724,0.894,6.166),(1.687,0.765,6.406),(0.743,-2.497,7.049),(0.659,-2.592,7.042),(0.562,-2.439,7.573),(1.015,-2.853,8.172),(1.046,-2.799,8.188),(-1.982,0.722,7.64),(-1.848,0.692,7.805),(-1.911,1.861,7.179),(-1.777,2.158,7.17),(-1.885,2.174,7.066),(-1.678,1.555,7.216),(-1.99,3.449,7.675),(-1.888,3.295,7.597),(-1.459,3.272,8.074),(-1.857,3.445,7.611),(-2.092,3.821,7.681),(-2.032,3.944,7.685),(-1.21,3.25,8.4),(-1.446,3.354,8.131),(-1.446,3.338,8.06),(-1.599,0.677,7.689),(-1.523,0.608,7.48),(-1.66,1.735,7.161),(-1.63,2.229,7.027),(-1.833,1.623,6.767),(-1.975,1.696,6.929),(-1.865,1.472,6.744),(-2.663,1.74,6.412),(-2.778,4.615,7.946),(-2.089,3.89,7.711),(0.723,-2.541,6.987),(0.338,-2.412,6.657),(1.546,-3.386,7.355),(-3.055,1.424,6.537),(0.11,-0.382,6.087),(0.072,-0.398,5.825),(-1.378,-2.347,5.857),(-1.439,-1.764,6.119),(0.,0.553,0.),(0.526,0.171,0.),(1.807,-2.322,5.838),(1.756,-2.573,5.41),(1.582,-2.051,5.914),(-3.937,-1.804,6.24),(2.653,-3.256,6.561),(2.477,-3.198,6.658),(1.945,-3.416,5.229),(2.029,-3.427,5.311),(1.69,-2.607,5.453),(-4.754,-2.413,7.09),(-0.325,0.447,0.),(-0.311,0.158,2.065),(2.003,-3.415,5.213),(-0.622,-3.271,7.381),(-0.637,-3.206,7.375),(-1.502,-2.639,5.202),(0.355,-0.483,5.808),(0.334,-0.47,5.482),(0.556,0.167,6.243),(0.325,0.447,0.),(0.204,0.344,1.959),(-0.526,0.171,0.),(2.014,-4.608,5.238),(2.613,-3.115,6.628),(3.36,-3.83,7.252),(3.44,-3.796,7.189),(1.796,-1.923,5.862),(0.69,-0.304,5.433),(-0.526,-0.171,0.),(0.,-0.553,0.),(-0.325,-0.447,0.),(-0.313,-0.396,1.875),(0.218,-0.548,2.155),(3.185,-0.235,7.482),(2.687,-0.12,7.173),(2.667,-0.18,7.168),(0.243,-2.479,6.724),(-0.548,-3.222,7.404),(4.778,2.37,7.197),(0.672,-0.092,5.798),(3.464,-3.882,7.195),(4.079,-3.777,7.956),(1.837,-0.026,7.468),(1.666,-0.247,7.52),(2.886,-0.893,8.234),(-0.297,0.331,7.073),(0.18,-0.016,6.967),(-0.207,0.303,7.058),(1.084,-2.852,8.207),(0.707,-2.399,7.573),(0.599,-2.342,7.629),(2.494,-0.145,7.228),(2.697,-0.171,7.132),(2.467,-0.179,7.264),(0.84,-1.102,7.208),(1.891,-0.331,7.342),(1.878,-0.459,7.461),(0.903,-2.814,8.435),(-3.061,-0.928,8.977),(-2.974,-0.697,8.411),(-3.049,-0.647,8.425),(-3.069,-0.745,8.388),(0.826,-1.015,7.381),(1.769,-0.362,7.633),(4.037,2.094,7.189),(0.71,-0.936,7.269),(-1.337,-1.632,6.892),(-1.284,-1.632,6.957),(-1.729,-1.836,7.261),(0.182,-0.565,9.512),(-1.689,-1.808,7.276),(-1.734,-2.242,7.471),(-1.337,-1.546,6.941),(-1.717,-1.787,7.285),(-0.354,-0.863,6.911),(-0.394,-0.706,6.898),(-0.413,-0.738,7.019),(0.23,-0.4,7.256),(-0.849,-3.485,7.911),(0.132,-0.24,7.203),(-0.094,-0.429,8.499),(0.108,-0.266,7.347),(0.246,0.157,6.72),(0.297,0.142,6.976),(2.14,-0.252,7.412),(3.076,-0.798,8.242),(3.166,-0.983,8.256),(0.709,0.094,6.577),(-1.767,-0.613,9.631),(0.594,0.197,6.968),(0.785,-0.019,6.928),(-1.56,-0.172,9.139),(2.104,-0.147,7.265),(-0.068,-1.8,8.513),(-0.551,-1.498,8.566),(-0.562,-1.518,8.647),(-0.851,-2.27,9.538),(-0.576,-1.915,9.065),(-0.603,-1.96,9.048),(-0.669,-1.534,8.666),(-2.025,0.445,7.715),(-3.089,0.45,8.512),(-2.567,-0.57,8.001),(0.916,-0.022,4.279),(0.618,0.386,4.284),(-0.54,-1.96,9.051),(-0.647,-1.581,8.569),(0.159,-0.304,4.127),(0.126,0.237,4.085),(-0.018,0.116,5.924),(0.299,0.272,5.881),(1.32,0.157,9.342),(1.288,0.037,9.123),(1.25,0.008,9.153),(0.687,-0.009,8.642),(0.197,-0.119,8.524),(0.096,-0.526,8.498),(0.758,-0.107,8.589),(0.66,-0.423,4.129),(0.761,0.014,8.564),(0.323,-0.498,9.565),(0.438,-0.639,9.578),(0.247,0.086,7.629),(1.314,-0.011,9.158),(0.744,-0.338,6.924),(0.136,-0.003,7.843),(-0.121,1.49,8.964),(-0.306,0.915,8.4),(-0.017,1.43,8.947),(0.694,-0.067,7.217),(0.652,-0.36,7.194),(-0.192,0.902,8.294),(0.356,-0.684,10.294),(0.326,2.046,9.234),(0.,1.468,8.914),(-0.252,0.686,8.39),(0.32,-0.569,10.279),(0.257,-0.752,9.612),(0.457,-0.768,10.877),(0.496,-0.799,10.905),(0.213,-0.64,10.313),(0.45,-0.816,10.888),(-0.028,-0.493,8.612),(-3.094,0.488,8.354),(-0.104,1.426,10.339),(-0.554,1.25,9.437),(-0.207,1.408,10.103),(-0.367,0.948,8.366),(-0.308,0.564,8.258),(-0.467,0.733,8.477),(-0.487,0.544,8.516),(-0.67,1.21,9.467),(-0.061,-1.824,8.469),(0.442,-2.16,8.935),(-0.082,-1.863,8.479),(-0.637,1.157,9.436),(0.323,-0.763,11.288),(3.205,-1.093,9.537),(3.154,-1.067,9.122),(3.272,-1.189,9.822),(3.023,-1.054,8.356),(2.95,-2.292,9.137),(3.059,-2.108,8.746),(2.995,-2.181,8.782),(-4.288,0.552,8.516),(-4.008,0.497,8.466),(-3.103,0.578,8.415),(3.175,-1.534,8.264),(3.127,-1.576,8.203),(3.06,-2.17,8.789),(3.194,-1.577,8.215)));
#264=IFCINDEXEDPOLYGONALFACE((1,2,3));
#265=IFCINDEXEDPOLYGONALFACE((1,3,4));
#266=IFCINDEXEDPOLYGONALFACE((5,6,7));
#267=IFCINDEXEDPOLYGONALFACE((8,9,10));
#268=IFCINDEXEDPOLYGONALFACE((11,12,13));
#269=IFCINDEXEDPOLYGONALFACE((14,15,16));
#270=IFCINDEXEDPOLYGONALFACE((17,13,12));
#271=IFCINDEXEDPOLYGONALFACE((18,14,19));
#272=IFCINDEXEDPOLYGONALFACE((5,20,21));
#273=IFCINDEXEDPOLYGONALFACE((22,23,24));
#274=IFCINDEXEDPOLYGONALFACE((25,26,27));
#275=IFCINDEXEDPOLYGONALFACE((28,11,29));
#276=IFCINDEXEDPOLYGONALFACE((26,30,31));
#277=IFCINDEXEDPOLYGONALFACE((14,32,15));
#278=IFCINDEXEDPOLYGONALFACE((33,34,35));
#279=IFCINDEXEDPOLYGONALFACE((36,37,38));
#280=IFCINDEXEDPOLYGONALFACE((17,12,39));
#281=IFCINDEXEDPOLYGONALFACE((40,29,8));
#282=IFCINDEXEDPOLYGONALFACE((22,37,16));
#283=IFCINDEXEDPOLYGONALFACE((22,24,41));
#284=IFCINDEXEDPOLYGONALFACE((42,43,44));
#285=IFCINDEXEDPOLYGONALFACE((34,44,45));
#286=IFCINDEXEDPOLYGONALFACE((32,46,15));
#287=IFCINDEXEDPOLYGONALFACE((45,44,43));
#288=IFCINDEXEDPOLYGONALFACE((47,16,37));
#289=IFCINDEXEDPOLYGONALFACE((48,10,49));
#290=IFCINDEXEDPOLYGONALFACE((50,23,41));
#291=IFCINDEXEDPOLYGONALFACE((31,34,51));
#292=IFCINDEXEDPOLYGONALFACE((35,30,45));
#293=IFCINDEXEDPOLYGONALFACE((28,39,12));
#294=IFCINDEXEDPOLYGONALFACE((35,31,30));
#295=IFCINDEXEDPOLYGONALFACE((52,53,54));
#296=IFCINDEXEDPOLYGONALFACE((55,52,56));
#297=IFCINDEXEDPOLYGONALFACE((23,22,19));
#298=IFCINDEXEDPOLYGONALFACE((11,53,9));
#299=IFCINDEXEDPOLYGONALFACE((7,57,5));
#300=IFCINDEXEDPOLYGONALFACE((52,58,53));
#301=IFCINDEXEDPOLYGONALFACE((59,55,56));
#302=IFCINDEXEDPOLYGONALFACE((28,12,11));
#303=IFCINDEXEDPOLYGONALFACE((51,34,45));
#304=IFCINDEXEDPOLYGONALFACE((51,45,30));
#305=IFCINDEXEDPOLYGONALFACE((13,17,39));
#306=IFCINDEXEDPOLYGONALFACE((39,54,13));
#307=IFCINDEXEDPOLYGONALFACE((60,61,62));
#308=IFCINDEXEDPOLYGONALFACE((63,64,65));
#309=IFCINDEXEDPOLYGONALFACE((66,67,68));
#310=IFCINDEXEDPOLYGONALFACE((57,69,70));
#311=IFCINDEXEDPOLYGONALFACE((71,67,72));
#312=IFCINDEXEDPOLYGONALFACE((72,73,74));
#313=IFCINDEXEDPOLYGONALFACE((75,76,77));
#314=IFCINDEXEDPOLYGONALFACE((78,79,80));
#315=IFCINDEXEDPOLYGONALFACE((33,44,34));
#316=IFCINDEXEDPOLYGONALFACE((53,58,28));
#317=IFCINDEXEDPOLYGONALFACE((81,82,26));
#318=IFCINDEXEDPOLYGONALFACE((19,15,18));
#319=IFCINDEXEDPOLYGONALFACE((14,37,19));
#320=IFCINDEXEDPOLYGONALFACE((83,84,85));
#321=IFCINDEXEDPOLYGONALFACE((86,21,87));
#322=IFCINDEXEDPOLYGONALFACE((88,89,90));
#323=IFCINDEXEDPOLYGONALFACE((43,42,33));
#324=IFCINDEXEDPOLYGONALFACE((28,58,56));
#325=IFCINDEXEDPOLYGONALFACE((91,92,93));
#326=IFCINDEXEDPOLYGONALFACE((93,94,95));
#327=IFCINDEXEDPOLYGONALFACE((91,93,96));
#328=IFCINDEXEDPOLYGONALFACE((97,94,98));
#329=IFCINDEXEDPOLYGONALFACE((92,94,93));
#330=IFCINDEXEDPOLYGONALFACE((99,98,100));
#331=IFCINDEXEDPOLYGONALFACE((84,82,27));
#332=IFCINDEXEDPOLYGONALFACE((100,101,102));
#333=IFCINDEXEDPOLYGONALFACE((103,104,99));
#334=IFCINDEXEDPOLYGONALFACE((103,99,105));
#335=IFCINDEXEDPOLYGONALFACE((94,92,106));
#336=IFCINDEXEDPOLYGONALFACE((96,107,91));
#337=IFCINDEXEDPOLYGONALFACE((108,107,96));
#338=IFCINDEXEDPOLYGONALFACE((109,107,108));
#339=IFCINDEXEDPOLYGONALFACE((35,45,43));
#340=IFCINDEXEDPOLYGONALFACE((95,101,109));
#341=IFCINDEXEDPOLYGONALFACE((110,111,108));
#342=IFCINDEXEDPOLYGONALFACE((112,96,111));
#343=IFCINDEXEDPOLYGONALFACE((76,75,113));
#344=IFCINDEXEDPOLYGONALFACE((105,100,104));
#345=IFCINDEXEDPOLYGONALFACE((104,100,97));
#346=IFCINDEXEDPOLYGONALFACE((114,101,115));
#347=IFCINDEXEDPOLYGONALFACE((102,115,100));
#348=IFCINDEXEDPOLYGONALFACE((98,99,104));
#349=IFCINDEXEDPOLYGONALFACE((5,57,70));
#350=IFCINDEXEDPOLYGONALFACE((110,75,77));
#351=IFCINDEXEDPOLYGONALFACE((113,112,111));
#352=IFCINDEXEDPOLYGONALFACE((116,87,117));
#353=IFCINDEXEDPOLYGONALFACE((87,116,118));
#354=IFCINDEXEDPOLYGONALFACE((118,116,86));
#355=IFCINDEXEDPOLYGONALFACE((76,119,77));
#356=IFCINDEXEDPOLYGONALFACE((70,69,120));
#357=IFCINDEXEDPOLYGONALFACE((74,71,72));
#358=IFCINDEXEDPOLYGONALFACE((68,69,121));
#359=IFCINDEXEDPOLYGONALFACE((69,73,72));
#360=IFCINDEXEDPOLYGONALFACE((122,66,79));
#361=IFCINDEXEDPOLYGONALFACE((66,122,123));
#362=IFCINDEXEDPOLYGONALFACE((99,100,105));
#363=IFCINDEXEDPOLYGONALFACE((98,104,97));
#364=IFCINDEXEDPOLYGONALFACE((124,125,61));
#365=IFCINDEXEDPOLYGONALFACE((126,127,65));
#366=IFCINDEXEDPOLYGONALFACE((126,128,64));
#367=IFCINDEXEDPOLYGONALFACE((67,123,72));
#368=IFCINDEXEDPOLYGONALFACE((68,71,129));
#369=IFCINDEXEDPOLYGONALFACE((127,63,65));
#370=IFCINDEXEDPOLYGONALFACE((126,130,131));
#371=IFCINDEXEDPOLYGONALFACE((132,133,134));
#372=IFCINDEXEDPOLYGONALFACE((129,135,74));
#373=IFCINDEXEDPOLYGONALFACE((124,136,137));
#374=IFCINDEXEDPOLYGONALFACE((138,63,127));
#375=IFCINDEXEDPOLYGONALFACE((63,134,64));
#376=IFCINDEXEDPOLYGONALFACE((139,140,20));
#377=IFCINDEXEDPOLYGONALFACE((82,81,25));
#378=IFCINDEXEDPOLYGONALFACE((122,79,141));
#379=IFCINDEXEDPOLYGONALFACE((128,142,143));
#380=IFCINDEXEDPOLYGONALFACE((84,144,51));
#381=IFCINDEXEDPOLYGONALFACE((125,145,146));
#382=IFCINDEXEDPOLYGONALFACE((137,136,147));
#383=IFCINDEXEDPOLYGONALFACE((132,138,148));
#384=IFCINDEXEDPOLYGONALFACE((128,131,149));
#385=IFCINDEXEDPOLYGONALFACE((150,151,131));
#386=IFCINDEXEDPOLYGONALFACE((142,128,152));
#387=IFCINDEXEDPOLYGONALFACE((153,152,65));
#388=IFCINDEXEDPOLYGONALFACE((119,76,113));
#389=IFCINDEXEDPOLYGONALFACE((111,77,113));
#390=IFCINDEXEDPOLYGONALFACE((154,155,156));
#391=IFCINDEXEDPOLYGONALFACE((146,145,124));
#392=IFCINDEXEDPOLYGONALFACE((148,138,133));
#393=IFCINDEXEDPOLYGONALFACE((155,157,156));
#394=IFCINDEXEDPOLYGONALFACE((155,158,157));
#395=IFCINDEXEDPOLYGONALFACE((159,160,161));
#396=IFCINDEXEDPOLYGONALFACE((94,109,98));
#397=IFCINDEXEDPOLYGONALFACE((109,101,100));
#398=IFCINDEXEDPOLYGONALFACE((106,107,94));
#399=IFCINDEXEDPOLYGONALFACE((109,94,107));
#400=IFCINDEXEDPOLYGONALFACE((95,94,101));
#401=IFCINDEXEDPOLYGONALFACE((94,97,101));
#402=IFCINDEXEDPOLYGONALFACE((93,95,109));
#403=IFCINDEXEDPOLYGONALFACE((93,109,108));
#404=IFCINDEXEDPOLYGONALFACE((108,111,93));
#405=IFCINDEXEDPOLYGONALFACE((96,93,111));
#406=IFCINDEXEDPOLYGONALFACE((67,66,123));
#407=IFCINDEXEDPOLYGONALFACE((158,155,60));
#408=IFCINDEXEDPOLYGONALFACE((102,114,115));
#409=IFCINDEXEDPOLYGONALFACE((103,105,104));
#410=IFCINDEXEDPOLYGONALFACE((82,30,26));
#411=IFCINDEXEDPOLYGONALFACE((86,117,21));
#412=IFCINDEXEDPOLYGONALFACE((101,97,115));
#413=IFCINDEXEDPOLYGONALFACE((115,97,100));
#414=IFCINDEXEDPOLYGONALFACE((75,110,112));
#415=IFCINDEXEDPOLYGONALFACE((117,87,162));
#416=IFCINDEXEDPOLYGONALFACE((119,113,77));
#417=IFCINDEXEDPOLYGONALFACE((21,163,162));
#418=IFCINDEXEDPOLYGONALFACE((96,112,110));
#419=IFCINDEXEDPOLYGONALFACE((96,110,108));
#420=IFCINDEXEDPOLYGONALFACE((74,135,71));
#421=IFCINDEXEDPOLYGONALFACE((72,120,69));
#422=IFCINDEXEDPOLYGONALFACE((52,54,28));
#423=IFCINDEXEDPOLYGONALFACE((25,81,164));
#424=IFCINDEXEDPOLYGONALFACE((111,110,77));
#425=IFCINDEXEDPOLYGONALFACE((101,114,102));
#426=IFCINDEXEDPOLYGONALFACE((68,123,80));
#427=IFCINDEXEDPOLYGONALFACE((72,123,68));
#428=IFCINDEXEDPOLYGONALFACE((128,143,64));
#429=IFCINDEXEDPOLYGONALFACE((66,68,80));
#430=IFCINDEXEDPOLYGONALFACE((64,143,153));
#431=IFCINDEXEDPOLYGONALFACE((73,69,68));
#432=IFCINDEXEDPOLYGONALFACE((165,152,153));
#433=IFCINDEXEDPOLYGONALFACE((130,150,131));
#434=IFCINDEXEDPOLYGONALFACE((68,67,71));
#435=IFCINDEXEDPOLYGONALFACE((71,135,129));
#436=IFCINDEXEDPOLYGONALFACE((79,66,80));
#437=IFCINDEXEDPOLYGONALFACE((123,78,80));
#438=IFCINDEXEDPOLYGONALFACE((75,112,113));
#439=IFCINDEXEDPOLYGONALFACE((78,123,122));
#440=IFCINDEXEDPOLYGONALFACE((82,25,27));
#441=IFCINDEXEDPOLYGONALFACE((116,117,86));
#442=IFCINDEXEDPOLYGONALFACE((131,128,126));
#443=IFCINDEXEDPOLYGONALFACE((64,153,65));
#444=IFCINDEXEDPOLYGONALFACE((78,141,79));
#445=IFCINDEXEDPOLYGONALFACE((126,134,127));
#446=IFCINDEXEDPOLYGONALFACE((149,131,151));
#447=IFCINDEXEDPOLYGONALFACE((165,142,152));
#448=IFCINDEXEDPOLYGONALFACE((149,151,130));
#449=IFCINDEXEDPOLYGONALFACE((166,130,151));
#450=IFCINDEXEDPOLYGONALFACE((166,167,150));
#451=IFCINDEXEDPOLYGONALFACE((152,149,65));
#452=IFCINDEXEDPOLYGONALFACE((166,150,130));
#453=IFCINDEXEDPOLYGONALFACE((63,138,132));
#454=IFCINDEXEDPOLYGONALFACE((65,149,130));
#455=IFCINDEXEDPOLYGONALFACE((65,130,126));
#456=IFCINDEXEDPOLYGONALFACE((132,134,63));
#457=IFCINDEXEDPOLYGONALFACE((167,166,151));
#458=IFCINDEXEDPOLYGONALFACE((151,150,167));
#459=IFCINDEXEDPOLYGONALFACE((141,78,122));
#460=IFCINDEXEDPOLYGONALFACE((133,127,134));
#461=IFCINDEXEDPOLYGONALFACE((134,126,64));
#462=IFCINDEXEDPOLYGONALFACE((124,61,155));
#463=IFCINDEXEDPOLYGONALFACE((124,145,125));
#464=IFCINDEXEDPOLYGONALFACE((155,61,60));
#465=IFCINDEXEDPOLYGONALFACE((168,169,170));
#466=IFCINDEXEDPOLYGONALFACE((148,133,132));
#467=IFCINDEXEDPOLYGONALFACE((133,138,127));
#468=IFCINDEXEDPOLYGONALFACE((83,144,84));
#469=IFCINDEXEDPOLYGONALFACE((157,154,156));
#470=IFCINDEXEDPOLYGONALFACE((125,146,62));
#471=IFCINDEXEDPOLYGONALFACE((147,124,155));
#472=IFCINDEXEDPOLYGONALFACE((171,172,173));
#473=IFCINDEXEDPOLYGONALFACE((152,128,149));
#474=IFCINDEXEDPOLYGONALFACE((124,137,146));
#475=IFCINDEXEDPOLYGONALFACE((60,62,158));
#476=IFCINDEXEDPOLYGONALFACE((174,175,90));
#477=IFCINDEXEDPOLYGONALFACE((175,176,90));
#478=IFCINDEXEDPOLYGONALFACE((177,160,178));
#479=IFCINDEXEDPOLYGONALFACE((160,179,161));
#480=IFCINDEXEDPOLYGONALFACE((175,174,89));
#481=IFCINDEXEDPOLYGONALFACE((175,89,88));
#482=IFCINDEXEDPOLYGONALFACE((136,124,147));
#483=IFCINDEXEDPOLYGONALFACE((147,155,154));
#484=IFCINDEXEDPOLYGONALFACE((180,176,175));
#485=IFCINDEXEDPOLYGONALFACE((180,181,182));
#486=IFCINDEXEDPOLYGONALFACE((89,174,183));
#487=IFCINDEXEDPOLYGONALFACE((89,183,90));
#488=IFCINDEXEDPOLYGONALFACE((184,185,186));
#489=IFCINDEXEDPOLYGONALFACE((88,90,176));
#490=IFCINDEXEDPOLYGONALFACE((187,185,184));
#491=IFCINDEXEDPOLYGONALFACE((184,186,187));
#492=IFCINDEXEDPOLYGONALFACE((182,188,180));
#493=IFCINDEXEDPOLYGONALFACE((188,182,189));
#494=IFCINDEXEDPOLYGONALFACE((56,52,28));
#495=IFCINDEXEDPOLYGONALFACE((25,164,190));
#496=IFCINDEXEDPOLYGONALFACE((176,188,191));
#497=IFCINDEXEDPOLYGONALFACE((176,180,188));
#498=IFCINDEXEDPOLYGONALFACE((88,176,191));
#499=IFCINDEXEDPOLYGONALFACE((88,180,175));
#500=IFCINDEXEDPOLYGONALFACE((174,90,183));
#501=IFCINDEXEDPOLYGONALFACE((74,73,68));
#502=IFCINDEXEDPOLYGONALFACE((118,86,87));
#503=IFCINDEXEDPOLYGONALFACE((129,74,68));
#504=IFCINDEXEDPOLYGONALFACE((88,191,180));
#505=IFCINDEXEDPOLYGONALFACE((192,193,194));
#506=IFCINDEXEDPOLYGONALFACE((18,32,14));
#507=IFCINDEXEDPOLYGONALFACE((16,15,19));
#508=IFCINDEXEDPOLYGONALFACE((14,38,37));
#509=IFCINDEXEDPOLYGONALFACE((195,38,47));
#510=IFCINDEXEDPOLYGONALFACE((194,196,197));
#511=IFCINDEXEDPOLYGONALFACE((194,193,196));
#512=IFCINDEXEDPOLYGONALFACE((198,196,193));
#513=IFCINDEXEDPOLYGONALFACE((192,194,199));
#514=IFCINDEXEDPOLYGONALFACE((189,169,188));
#515=IFCINDEXEDPOLYGONALFACE((191,188,169));
#516=IFCINDEXEDPOLYGONALFACE((192,200,193));
#517=IFCINDEXEDPOLYGONALFACE((192,198,200));
#518=IFCINDEXEDPOLYGONALFACE((198,201,200));
#519=IFCINDEXEDPOLYGONALFACE((201,198,202));
#520=IFCINDEXEDPOLYGONALFACE((197,199,194));
#521=IFCINDEXEDPOLYGONALFACE((196,199,197));
#522=IFCINDEXEDPOLYGONALFACE((182,170,189));
#523=IFCINDEXEDPOLYGONALFACE((198,199,196));
#524=IFCINDEXEDPOLYGONALFACE((201,203,200));
#525=IFCINDEXEDPOLYGONALFACE((139,204,140));
#526=IFCINDEXEDPOLYGONALFACE((201,205,203));
#527=IFCINDEXEDPOLYGONALFACE((163,21,140));
#528=IFCINDEXEDPOLYGONALFACE((206,207,203));
#529=IFCINDEXEDPOLYGONALFACE((20,140,21));
#530=IFCINDEXEDPOLYGONALFACE((199,198,192));
#531=IFCINDEXEDPOLYGONALFACE((208,171,173,209));
#532=IFCINDEXEDPOLYGONALFACE((20,5,70));
#533=IFCINDEXEDPOLYGONALFACE((207,202,203));
#534=IFCINDEXEDPOLYGONALFACE((198,193,202));
#535=IFCINDEXEDPOLYGONALFACE((6,117,20));
#536=IFCINDEXEDPOLYGONALFACE((205,201,202));
#537=IFCINDEXEDPOLYGONALFACE((20,70,6));
#538=IFCINDEXEDPOLYGONALFACE((193,200,202));
#539=IFCINDEXEDPOLYGONALFACE((204,163,140));
#540=IFCINDEXEDPOLYGONALFACE((20,162,139));
#541=IFCINDEXEDPOLYGONALFACE((26,25,190));
#542=IFCINDEXEDPOLYGONALFACE((84,27,85));
#543=IFCINDEXEDPOLYGONALFACE((210,182,181));
#544=IFCINDEXEDPOLYGONALFACE((27,26,85));
#545=IFCINDEXEDPOLYGONALFACE((210,211,212));
#546=IFCINDEXEDPOLYGONALFACE((117,6,21));
#547=IFCINDEXEDPOLYGONALFACE((205,202,207));
#548=IFCINDEXEDPOLYGONALFACE((161,210,181));
#549=IFCINDEXEDPOLYGONALFACE((82,51,30));
#550=IFCINDEXEDPOLYGONALFACE((210,161,179));
#551=IFCINDEXEDPOLYGONALFACE((82,84,51));
#552=IFCINDEXEDPOLYGONALFACE((163,204,139));
#553=IFCINDEXEDPOLYGONALFACE((202,200,203));
#554=IFCINDEXEDPOLYGONALFACE((117,162,20));
#555=IFCINDEXEDPOLYGONALFACE((81,190,164));
#556=IFCINDEXEDPOLYGONALFACE((23,50,24));
#557=IFCINDEXEDPOLYGONALFACE((48,8,10));
#558=IFCINDEXEDPOLYGONALFACE((211,210,168));
#559=IFCINDEXEDPOLYGONALFACE((6,5,21));
#560=IFCINDEXEDPOLYGONALFACE((182,210,212));
#561=IFCINDEXEDPOLYGONALFACE((85,26,31));
#562=IFCINDEXEDPOLYGONALFACE((162,163,139));
#563=IFCINDEXEDPOLYGONALFACE((31,51,85));
#564=IFCINDEXEDPOLYGONALFACE((23,19,37));
#565=IFCINDEXEDPOLYGONALFACE((9,40,10));
#566=IFCINDEXEDPOLYGONALFACE((19,22,16));
#567=IFCINDEXEDPOLYGONALFACE((40,49,10));
#568=IFCINDEXEDPOLYGONALFACE((210,179,177));
#569=IFCINDEXEDPOLYGONALFACE((213,85,51));
#570=IFCINDEXEDPOLYGONALFACE((50,214,24));
#571=IFCINDEXEDPOLYGONALFACE((215,216,213));
#572=IFCINDEXEDPOLYGONALFACE((8,48,49));
#573=IFCINDEXEDPOLYGONALFACE((41,217,50));
#574=IFCINDEXEDPOLYGONALFACE((87,21,162));
#575=IFCINDEXEDPOLYGONALFACE((83,85,213));
#576=IFCINDEXEDPOLYGONALFACE((214,50,217));
#577=IFCINDEXEDPOLYGONALFACE((51,144,213));
#578=IFCINDEXEDPOLYGONALFACE((24,214,217));
#579=IFCINDEXEDPOLYGONALFACE((29,9,8));
#580=IFCINDEXEDPOLYGONALFACE((11,9,29));
#581=IFCINDEXEDPOLYGONALFACE((18,46,32));
#582=IFCINDEXEDPOLYGONALFACE((29,40,28));
#583=IFCINDEXEDPOLYGONALFACE((15,46,18));
#584=IFCINDEXEDPOLYGONALFACE((40,8,49));
#585=IFCINDEXEDPOLYGONALFACE((41,37,22));
#586=IFCINDEXEDPOLYGONALFACE((41,23,37));
#587=IFCINDEXEDPOLYGONALFACE((40,53,28));
#588=IFCINDEXEDPOLYGONALFACE((42,44,33));
#589=IFCINDEXEDPOLYGONALFACE((13,53,11));
#590=IFCINDEXEDPOLYGONALFACE((47,37,36));
#591=IFCINDEXEDPOLYGONALFACE((33,35,43));
#592=IFCINDEXEDPOLYGONALFACE((34,31,35));
#593=IFCINDEXEDPOLYGONALFACE((13,54,53));
#594=IFCINDEXEDPOLYGONALFACE((53,40,9));
#595=IFCINDEXEDPOLYGONALFACE((41,24,217));
#596=IFCINDEXEDPOLYGONALFACE((81,26,190));
#597=IFCINDEXEDPOLYGONALFACE((100,98,109));
#598=IFCINDEXEDPOLYGONALFACE((28,54,39));
#599=IFCINDEXEDPOLYGONALFACE((177,179,160));
#600=IFCINDEXEDPOLYGONALFACE((216,218,181));
#601=IFCINDEXEDPOLYGONALFACE((218,178,161));
#602=IFCINDEXEDPOLYGONALFACE((218,161,181));
#603=IFCINDEXEDPOLYGONALFACE((161,218,210));
#604=IFCINDEXEDPOLYGONALFACE((171,107,106));
#605=IFCINDEXEDPOLYGONALFACE((218,216,168));
#606=IFCINDEXEDPOLYGONALFACE((218,177,178));
#607=IFCINDEXEDPOLYGONALFACE((177,218,210));
#608=IFCINDEXEDPOLYGONALFACE((107,171,208));
#609=IFCINDEXEDPOLYGONALFACE((160,159,178));
#610=IFCINDEXEDPOLYGONALFACE((159,161,178));
#611=IFCINDEXEDPOLYGONALFACE((219,220,221));
#612=IFCINDEXEDPOLYGONALFACE((222,223,224));
#613=IFCINDEXEDPOLYGONALFACE((224,223,225));
#614=IFCINDEXEDPOLYGONALFACE((226,2,227));
#615=IFCINDEXEDPOLYGONALFACE((3,226,228));
#616=IFCINDEXEDPOLYGONALFACE((165,229,230));
#617=IFCINDEXEDPOLYGONALFACE((231,232,221));
#618=IFCINDEXEDPOLYGONALFACE((233,143,121));
#619=IFCINDEXEDPOLYGONALFACE((234,235,236));
#620=IFCINDEXEDPOLYGONALFACE((236,208,215));
#621=IFCINDEXEDPOLYGONALFACE((237,238,239));
#622=IFCINDEXEDPOLYGONALFACE((3,2,226));
#623=IFCINDEXEDPOLYGONALFACE((4,226,1));
#624=IFCINDEXEDPOLYGONALFACE((240,59,241));
#625=IFCINDEXEDPOLYGONALFACE((242,221,220));
#626=IFCINDEXEDPOLYGONALFACE((236,235,208));
#627=IFCINDEXEDPOLYGONALFACE((241,55,243));
#628=IFCINDEXEDPOLYGONALFACE((241,243,240));
#629=IFCINDEXEDPOLYGONALFACE((144,165,230));
#630=IFCINDEXEDPOLYGONALFACE((230,234,236));
#631=IFCINDEXEDPOLYGONALFACE((143,142,121));
#632=IFCINDEXEDPOLYGONALFACE((142,70,120));
#633=IFCINDEXEDPOLYGONALFACE((233,244,143));
#634=IFCINDEXEDPOLYGONALFACE((154,137,147));
#635=IFCINDEXEDPOLYGONALFACE((244,158,62));
#636=IFCINDEXEDPOLYGONALFACE((244,153,143));
#637=IFCINDEXEDPOLYGONALFACE((230,236,144));
#638=IFCINDEXEDPOLYGONALFACE((137,233,234));
#639=IFCINDEXEDPOLYGONALFACE((157,233,137));
#640=IFCINDEXEDPOLYGONALFACE((238,243,245));
#641=IFCINDEXEDPOLYGONALFACE((157,158,233));
#642=IFCINDEXEDPOLYGONALFACE((165,153,229));
#643=IFCINDEXEDPOLYGONALFACE((229,244,62));
#644=IFCINDEXEDPOLYGONALFACE((14,16,47));
#645=IFCINDEXEDPOLYGONALFACE((55,246,247));
#646=IFCINDEXEDPOLYGONALFACE((230,62,146));
#647=IFCINDEXEDPOLYGONALFACE((215,209,248));
#648=IFCINDEXEDPOLYGONALFACE((249,239,243));
#649=IFCINDEXEDPOLYGONALFACE((208,209,215));
#650=IFCINDEXEDPOLYGONALFACE((146,234,230));
#651=IFCINDEXEDPOLYGONALFACE((206,36,207));
#652=IFCINDEXEDPOLYGONALFACE((250,142,165));
#653=IFCINDEXEDPOLYGONALFACE((251,36,38));
#654=IFCINDEXEDPOLYGONALFACE((252,253,254));
#655=IFCINDEXEDPOLYGONALFACE((215,248,58));
#656=IFCINDEXEDPOLYGONALFACE((146,137,234));
#657=IFCINDEXEDPOLYGONALFACE((7,6,203));
#658=IFCINDEXEDPOLYGONALFACE((203,242,206));
#659=IFCINDEXEDPOLYGONALFACE((68,121,120));
#660=IFCINDEXEDPOLYGONALFACE((68,120,72));
#661=IFCINDEXEDPOLYGONALFACE((236,215,213));
#662=IFCINDEXEDPOLYGONALFACE((121,69,233));
#663=IFCINDEXEDPOLYGONALFACE((62,61,125));
#664=IFCINDEXEDPOLYGONALFACE((69,57,235));
#665=IFCINDEXEDPOLYGONALFACE((52,255,58));
#666=IFCINDEXEDPOLYGONALFACE((255,216,215));
#667=IFCINDEXEDPOLYGONALFACE((58,255,215));
#668=IFCINDEXEDPOLYGONALFACE((172,36,251));
#669=IFCINDEXEDPOLYGONALFACE((57,208,235));
#670=IFCINDEXEDPOLYGONALFACE((121,142,120));
#671=IFCINDEXEDPOLYGONALFACE((6,242,203));
#672=IFCINDEXEDPOLYGONALFACE((172,251,248));
#673=IFCINDEXEDPOLYGONALFACE((83,165,144));
#674=IFCINDEXEDPOLYGONALFACE((169,189,170));
#675=IFCINDEXEDPOLYGONALFACE((154,157,137));
#676=IFCINDEXEDPOLYGONALFACE((213,165,83));
#677=IFCINDEXEDPOLYGONALFACE((250,165,213));
#678=IFCINDEXEDPOLYGONALFACE((250,213,216));
#679=IFCINDEXEDPOLYGONALFACE((6,256,242));
#680=IFCINDEXEDPOLYGONALFACE((6,250,256));
#681=IFCINDEXEDPOLYGONALFACE((52,256,255));
#682=IFCINDEXEDPOLYGONALFACE((142,250,70));
#683=IFCINDEXEDPOLYGONALFACE((70,250,6));
#684=IFCINDEXEDPOLYGONALFACE((203,205,7));
#685=IFCINDEXEDPOLYGONALFACE((257,254,253));
#686=IFCINDEXEDPOLYGONALFACE((247,246,258));
#687=IFCINDEXEDPOLYGONALFACE((245,239,238));
#688=IFCINDEXEDPOLYGONALFACE((259,254,260));
#689=IFCINDEXEDPOLYGONALFACE((257,253,261));
#690=IFCINDEXEDPOLYGONALFACE((248,209,172));
#691=IFCINDEXEDPOLYGONALFACE((262,258,246));
#692=IFCINDEXEDPOLYGONALFACE((263,247,258));
#693=IFCINDEXEDPOLYGONALFACE((264,258,262));
#694=IFCINDEXEDPOLYGONALFACE((258,264,265));
#695=IFCINDEXEDPOLYGONALFACE((264,262,266));
#696=IFCINDEXEDPOLYGONALFACE((245,240,239));
#697=IFCINDEXEDPOLYGONALFACE((59,243,55));
#698=IFCINDEXEDPOLYGONALFACE((195,266,262));
#699=IFCINDEXEDPOLYGONALFACE((263,258,266));
#700=IFCINDEXEDPOLYGONALFACE((259,252,254));
#701=IFCINDEXEDPOLYGONALFACE((256,55,242));
#702=IFCINDEXEDPOLYGONALFACE((226,107,57));
#703=IFCINDEXEDPOLYGONALFACE((258,265,267));
#704=IFCINDEXEDPOLYGONALFACE((38,14,47));
#705=IFCINDEXEDPOLYGONALFACE((266,195,263));
#706=IFCINDEXEDPOLYGONALFACE((246,55,241));
#707=IFCINDEXEDPOLYGONALFACE((153,244,229));
#708=IFCINDEXEDPOLYGONALFACE((216,181,250));
#709=IFCINDEXEDPOLYGONALFACE((236,213,144));
#710=IFCINDEXEDPOLYGONALFACE((59,245,243));
#711=IFCINDEXEDPOLYGONALFACE((242,55,247));
#712=IFCINDEXEDPOLYGONALFACE((263,195,47));
#713=IFCINDEXEDPOLYGONALFACE((246,241,38));
#714=IFCINDEXEDPOLYGONALFACE((263,206,268));
#715=IFCINDEXEDPOLYGONALFACE((266,258,267));
#716=IFCINDEXEDPOLYGONALFACE((269,91,226));
#717=IFCINDEXEDPOLYGONALFACE((38,195,246));
#718=IFCINDEXEDPOLYGONALFACE((246,195,262));
#719=IFCINDEXEDPOLYGONALFACE((225,206,232));
#720=IFCINDEXEDPOLYGONALFACE((223,222,231));
#721=IFCINDEXEDPOLYGONALFACE((242,247,263));
#722=IFCINDEXEDPOLYGONALFACE((206,263,47));
#723=IFCINDEXEDPOLYGONALFACE((206,47,36));
#724=IFCINDEXEDPOLYGONALFACE((270,271,272));
#725=IFCINDEXEDPOLYGONALFACE((260,257,273));
#726=IFCINDEXEDPOLYGONALFACE((274,275,273));
#727=IFCINDEXEDPOLYGONALFACE((251,276,274));
#728=IFCINDEXEDPOLYGONALFACE((56,276,251));
#729=IFCINDEXEDPOLYGONALFACE((268,242,263));
#730=IFCINDEXEDPOLYGONALFACE((251,274,248));
#731=IFCINDEXEDPOLYGONALFACE((274,276,275));
#732=IFCINDEXEDPOLYGONALFACE((275,277,271));
#733=IFCINDEXEDPOLYGONALFACE((278,279,280));
#734=IFCINDEXEDPOLYGONALFACE((281,276,261));
#735=IFCINDEXEDPOLYGONALFACE((281,270,272));
#736=IFCINDEXEDPOLYGONALFACE((261,56,248));
#737=IFCINDEXEDPOLYGONALFACE((261,271,281));
#738=IFCINDEXEDPOLYGONALFACE((261,248,274));
#739=IFCINDEXEDPOLYGONALFACE((276,277,275));
#740=IFCINDEXEDPOLYGONALFACE((158,244,233));
#741=IFCINDEXEDPOLYGONALFACE((56,261,276));
#742=IFCINDEXEDPOLYGONALFACE((251,38,241));
#743=IFCINDEXEDPOLYGONALFACE((56,251,241));
#744=IFCINDEXEDPOLYGONALFACE((279,219,280));
#745=IFCINDEXEDPOLYGONALFACE((232,278,280));
#746=IFCINDEXEDPOLYGONALFACE((220,278,232));
#747=IFCINDEXEDPOLYGONALFACE((280,221,232));
#748=IFCINDEXEDPOLYGONALFACE((221,280,219));
#749=IFCINDEXEDPOLYGONALFACE((279,278,219));
#750=IFCINDEXEDPOLYGONALFACE((239,240,243));
#751=IFCINDEXEDPOLYGONALFACE((233,69,234));
#752=IFCINDEXEDPOLYGONALFACE((249,237,239));
#753=IFCINDEXEDPOLYGONALFACE((226,4,228));
#754=IFCINDEXEDPOLYGONALFACE((278,220,219));
#755=IFCINDEXEDPOLYGONALFACE((231,221,223));
#756=IFCINDEXEDPOLYGONALFACE((180,191,181));
#757=IFCINDEXEDPOLYGONALFACE((265,264,282));
#758=IFCINDEXEDPOLYGONALFACE((168,170,211));
#759=IFCINDEXEDPOLYGONALFACE((267,282,264));
#760=IFCINDEXEDPOLYGONALFACE((230,229,62));
#761=IFCINDEXEDPOLYGONALFACE((245,59,240));
#762=IFCINDEXEDPOLYGONALFACE((234,69,235));
#763=IFCINDEXEDPOLYGONALFACE((250,169,256));
#764=IFCINDEXEDPOLYGONALFACE((283,212,211));
#765=IFCINDEXEDPOLYGONALFACE((284,212,285));
#766=IFCINDEXEDPOLYGONALFACE((55,256,52));
#767=IFCINDEXEDPOLYGONALFACE((284,170,286));
#768=IFCINDEXEDPOLYGONALFACE((170,284,283));
#769=IFCINDEXEDPOLYGONALFACE((281,277,276));
#770=IFCINDEXEDPOLYGONALFACE((191,169,181));
#771=IFCINDEXEDPOLYGONALFACE((255,169,168));
#772=IFCINDEXEDPOLYGONALFACE((252,259,260));
#773=IFCINDEXEDPOLYGONALFACE((169,255,256));
#774=IFCINDEXEDPOLYGONALFACE((172,1,7));
#775=IFCINDEXEDPOLYGONALFACE((181,169,250));
#776=IFCINDEXEDPOLYGONALFACE((1,57,7));
#777=IFCINDEXEDPOLYGONALFACE((170,182,212));
#778=IFCINDEXEDPOLYGONALFACE((57,1,226));
#779=IFCINDEXEDPOLYGONALFACE((232,231,224));
#780=IFCINDEXEDPOLYGONALFACE((107,208,57));
#781=IFCINDEXEDPOLYGONALFACE((232,224,225));
#782=IFCINDEXEDPOLYGONALFACE((252,273,253));
#783=IFCINDEXEDPOLYGONALFACE((172,171,92));
#784=IFCINDEXEDPOLYGONALFACE((260,254,257));
#785=IFCINDEXEDPOLYGONALFACE((91,107,226));
#786=IFCINDEXEDPOLYGONALFACE((172,92,1));
#787=IFCINDEXEDPOLYGONALFACE((285,283,284));
#788=IFCINDEXEDPOLYGONALFACE((260,273,252));
#789=IFCINDEXEDPOLYGONALFACE((287,288,289));
#790=IFCINDEXEDPOLYGONALFACE((253,275,261));
#791=IFCINDEXEDPOLYGONALFACE((231,222,224));
#792=IFCINDEXEDPOLYGONALFACE((92,2,1));
#793=IFCINDEXEDPOLYGONALFACE((290,291,292));
#794=IFCINDEXEDPOLYGONALFACE((226,227,269));
#795=IFCINDEXEDPOLYGONALFACE((269,227,291));
#796=IFCINDEXEDPOLYGONALFACE((2,292,227));
#797=IFCINDEXEDPOLYGONALFACE((291,290,269));
#798=IFCINDEXEDPOLYGONALFACE((273,275,253));
#799=IFCINDEXEDPOLYGONALFACE((290,292,269));
#800=IFCINDEXEDPOLYGONALFACE((257,261,274));
#801=IFCINDEXEDPOLYGONALFACE((237,249,238));
#802=IFCINDEXEDPOLYGONALFACE((56,241,59));
#803=IFCINDEXEDPOLYGONALFACE((171,106,92));
#804=IFCINDEXEDPOLYGONALFACE((7,205,172));
#805=IFCINDEXEDPOLYGONALFACE((293,286,170));
#806=IFCINDEXEDPOLYGONALFACE((172,205,207));
#807=IFCINDEXEDPOLYGONALFACE((227,292,291));
#808=IFCINDEXEDPOLYGONALFACE((172,207,36));
#809=IFCINDEXEDPOLYGONALFACE((170,212,294));
#810=IFCINDEXEDPOLYGONALFACE((293,288,295));
#811=IFCINDEXEDPOLYGONALFACE((288,293,294));
#812=IFCINDEXEDPOLYGONALFACE((92,292,2));
#813=IFCINDEXEDPOLYGONALFACE((249,243,238));
#814=IFCINDEXEDPOLYGONALFACE((173,172,209));
#815=IFCINDEXEDPOLYGONALFACE((286,293,212));
#816=IFCINDEXEDPOLYGONALFACE((58,248,56));
#817=IFCINDEXEDPOLYGONALFACE((91,292,92));
#818=IFCINDEXEDPOLYGONALFACE((3,185,4));
#819=IFCINDEXEDPOLYGONALFACE((292,91,269));
#820=IFCINDEXEDPOLYGONALFACE((295,288,287));
#821=IFCINDEXEDPOLYGONALFACE((228,187,186));
#822=IFCINDEXEDPOLYGONALFACE((271,277,272));
#823=IFCINDEXEDPOLYGONALFACE((289,288,294));
#824=IFCINDEXEDPOLYGONALFACE((293,295,296));
#825=IFCINDEXEDPOLYGONALFACE((294,293,170));
#826=IFCINDEXEDPOLYGONALFACE((206,220,232));
#827=IFCINDEXEDPOLYGONALFACE((3,186,185));
#828=IFCINDEXEDPOLYGONALFACE((267,265,282));
#829=IFCINDEXEDPOLYGONALFACE((289,295,287));
#830=IFCINDEXEDPOLYGONALFACE((228,186,3));
#831=IFCINDEXEDPOLYGONALFACE((223,221,225));
#832=IFCINDEXEDPOLYGONALFACE((187,228,185));
#833=IFCINDEXEDPOLYGONALFACE((293,296,212));
#834=IFCINDEXEDPOLYGONALFACE((268,225,221));
#835=IFCINDEXEDPOLYGONALFACE((286,212,284));
#836=IFCINDEXEDPOLYGONALFACE((206,242,220));
#837=IFCINDEXEDPOLYGONALFACE((212,296,294));
#838=IFCINDEXEDPOLYGONALFACE((242,268,221));
#839=IFCINDEXEDPOLYGONALFACE((225,268,206));
#840=IFCINDEXEDPOLYGONALFACE((271,261,275));
#841=IFCINDEXEDPOLYGONALFACE((211,170,283));
#842=IFCINDEXEDPOLYGONALFACE((168,216,255));
#843=IFCINDEXEDPOLYGONALFACE((289,296,295));
#844=IFCINDEXEDPOLYGONALFACE((228,4,185));
#845=IFCINDEXEDPOLYGONALFACE((289,294,296));
#846=IFCINDEXEDPOLYGONALFACE((281,272,277));
#847=IFCINDEXEDPOLYGONALFACE((273,257,274));
#848=IFCINDEXEDPOLYGONALFACE((212,283,285));
#849=IFCINDEXEDPOLYGONALFACE((266,267,264));
#850=IFCINDEXEDPOLYGONALFACE((210,218,168));
#851=IFCINDEXEDPOLYGONALFACE((281,271,270));
#852=IFCPOLYGONALFACESET(#263,.F.,(#264,#265,#266,#267,#268,#269,#270,#271,#272,#273,#274,#275,#276,#277,#278,#279,#280,#281,#282,#283,#284,#285,#286,#287,#288,#289,#290,#291,#292,#293,#294,#295,#296,#297,#298,#299,#300,#301,#302,#303,#304,#305,#306,#307,#308,#309,#310,#311,#312,#313,#314,#315,#316,#317,#318,#319,#320,#321,#322,#323,#324,#325,#326,#327,#328,#329,#330,#331,#332,#333,#334,#335,#336,#337,#338,#339,#340,#341,#342,#343,#344,#345,#346,#347,#348,#349,#350,#351,#352,#353,#354,#355,#356,#357,#358,#359,#360,#361,#362,#363,#364,#365,#366,#367,#368,#369,#370,#371,#372,#373,#374,#375,#376,#377,#378,#379,#380,#381,#382,#383,#384,#385,#386,#387,#388,#389,#390,#391,#392,#393,#394,#395,#396,#397,#398,#399,#400,#401,#402,#403,#404,#405,#406,#407,#408,#409,#410,#411,#412,#413,#414,#415,#416,#417,#418,#419,#420,#421,#422,#423,#424,#425,#426,#427,#428,#429,#430,#431,#432,#433,#434,#435,#436,#437,#438,#439,#440,#441,#442,#443,#444,#445,#446,#447,#448,#449,#450,#451,#452,#453,#454,#455,#456,#457,#458,#459,#460,#461,#462,#463,#464,#465,#466,#467,#468,#469,#470,#471,#472,#473,#474,#475,#476,#477,#478,#479,#480,#481,#482,#483,#484,#485,#486,#487,#488,#489,#490,#491,#492,#493,#494,#495,#496,#497,#498,#499,#500,#501,#502,#503,#504,#505,#506,#507,#508,#509,#510,#511,#512,#513,#514,#515,#516,#517,#518,#519,#520,#521,#522,#523,#524,#525,#526,#527,#528,#529,#530,#531,#532,#533,#534,#535,#536,#537,#538,#539,#540,#541,#542,#543,#544,#545,#546,#547,#548,#549,#550,#551,#552,#553,#554,#555,#556,#557,#558,#559,#560,#561,#562,#563,#564,#565,#566,#567,#568,#569,#570,#571,#572,#573,#574,#575,#576,#577,#578,#579,#580,#581,#582,#583,#584,#585,#586,#587,#588,#589,#590,#591,#592,#593,#594,#595,#596,#597,#598,#599,#600,#601,#602,#603,#604,#605,#606,#607,#608,#609,#610,#611,#612,#613,#614,#615,#616,#617,#618,#619,#620,#621,#622,#623,#624,#625,#626,#627,#628,#629,#630,#631,#632,#633,#634,#635,#636,#637,#638,#639,#640,#641,#642,#643,#644,#645,#646,#647,#648,#649,#650,#651,#652,#653,#654,#655,#656,#657,#658,#659,#660,#661,#662,#663,#664,#665,#666,#667,#668,#669,#670,#671,#672,#673,#674,#675,#676,#677,#678,#679,#680,#681,#682,#683,#684,#685,#686,#687,#688,#689,#690,#691,#692,#693,#694,#695,#696,#697,#698,#699,#700,#701,#702,#703,#704,#705,#706,#707,#708,#709,#710,#711,#712,#713,#714,#715,#716,#717,#718,#719,#720,#721,#722,#723,#724,#725,#726,#727,#728,#729,#730,#731,#732,#733,#734,#735,#736,#737,#738,#739,#740,#741,#742,#743,#744,#745,#746,#747,#748,#749,#750,#751,#752,#753,#754,#755,#756,#757,#758,#759,#760,#761,#762,#763,#764,#765,#766,#767,#768,#769,#770,#771,#772,#773,#774,#775,#776,#777,#778,#779,#780,#781,#782,#783,#784,#785,#786,#787,#788,#789,#790,#791,#792,#793,#794,#795,#796,#797,#798,#799,#800,#801,#802,#803,#804,#805,#806,#807,#808,#809,#810,#811,#812,#813,#814,#815,#816,#817,#818,#819,#820,#821,#822,#823,#824,#825,#826,#827,#828,#829,#830,#831,#832,#833,#834,#835,#836,#837,#838,#839,#840,#841,#842,#843,#844,#845,#846,#847,#848,#849,#850,#851),$);
#853=IFCCOLOURRGB($,0.117647058823529,0.0745098039215686,0.0588235294117647);
#854=IFCSURFACESTYLERENDERING(#853,0.,$,$,$,$,$,$,.NOTDEFINED.);
#855=IFCSURFACESTYLE($,.BOTH.,(#854));
#856=IFCSTYLEDITEM(#852,(#855),$);
#857=IFCCARTESIANPOINTLIST3D(((-2.637,-0.494,10.582),(-2.008,-1.848,10.15),(-2.08,-0.449,11.31),(-1.628,3.05,10.403),(-2.375,4.091,10.194),(-3.418,1.59,9.649),(0.402,3.028,9.085),(-1.036,2.846,5.777),(-1.194,4.118,7.135),(-0.738,-2.315,13.619),(-1.852,-1.408,12.989),(-0.14,-2.565,11.631),(1.891,-2.817,12.299),(1.236,-1.55,13.687),(3.334,0.243,14.225),(3.229,1.336,14.005),(2.155,0.343,15.),(0.874,0.733,6.018),(-0.726,1.317,5.036),(1.688,-5.472,6.914),(1.529,-5.202,5.547),(3.038,-4.414,5.553),(2.929,-2.991,4.746),(0.271,-4.34,5.196),(0.4,-1.338,6.442),(1.175,0.823,14.702),(5.22,2.086,7.919),(4.865,2.852,8.497),(4.038,0.496,9.173),(0.456,-4.766,6.592),(-0.782,-4.333,6.413),(-3.708,1.701,9.12),(-4.891,0.254,9.576),(-3.248,2.565,6.932),(-3.475,2.165,8.156),(-3.648,4.054,7.518),(-0.663,-3.194,5.327),(-1.051,-1.064,6.185),(0.582,2.149,12.227),(1.702,2.334,10.783),(2.568,-2.012,11.583),(0.267,2.266,6.782),(-3.018,1.525,5.976),(-2.995,4.672,7.787),(-4.933,0.715,8.604),(-4.151,0.139,7.271),(-1.885,-4.27,7.372),(-2.739,-3.717,6.451),(-2.804,-3.292,7.46),(-4.438,-3.285,7.959),(-4.917,-0.754,8.531),(-3.877,-3.636,6.28),(-4.679,-2.071,6.242),(-3.49,-2.108,5.433),(4.295,-1.707,10.767),(3.164,-0.54,11.498),(0.476,-2.803,12.412),(-1.193,-4.1,9.17),(-4.092,-1.461,9.53),(-5.143,-2.34,7.449),(1.2,-3.858,9.707),(-1.372,-1.946,5.07),(-1.159,-3.547,10.464),(3.529,1.524,11.437),(2.47,-1.239,7.103),(1.348,-3.097,5.441),(4.039,2.059,9.248),(3.277,2.763,9.095),(4.018,3.269,7.033),(2.179,2.677,6.837),(2.857,0.668,5.556),(4.849,1.351,7.086),(3.684,-0.174,7.548),(3.724,-3.109,9.21),(-2.162,-0.695,6.77),(4.171,-2.958,6.226),(4.042,-4.235,8.568),(4.148,-2.088,8.064),(3.146,-1.307,6.959),(2.789,-4.454,7.227),(3.718,2.11,5.649),(1.38,3.523,8.625),(-0.693,3.728,9.391),(-0.702,2.998,11.712),(0.077,3.486,10.097),(2.962,-2.066,5.327),(1.863,2.082,13.264),(1.761,-4.088,7.73),(2.305,-3.104,8.908),(-1.169,1.324,11.822),(-0.034,-0.129,13.736),(4.449,-1.571,9.782),(-2.992,4.758,9.039),(1.267,3.127,7.168),(-1.517,4.677,8.648),(-1.879,-0.199,13.14)));
#858=IFCINDEXEDPOLYGONALFACE((1,2,3));
#859=IFCINDEXEDPOLYGONALFACE((4,5,6));
#860=IFCINDEXEDPOLYGONALFACE((7,8,9));
#861=IFCINDEXEDPOLYGONALFACE((10,11,12));
#862=IFCINDEXEDPOLYGONALFACE((13,14,10));
#863=IFCINDEXEDPOLYGONALFACE((15,16,17));
#864=IFCINDEXEDPOLYGONALFACE((18,19,8));
#865=IFCINDEXEDPOLYGONALFACE((20,21,22));
#866=IFCINDEXEDPOLYGONALFACE((23,21,24));
#867=IFCINDEXEDPOLYGONALFACE((19,18,25));
#868=IFCINDEXEDPOLYGONALFACE((26,14,17));
#869=IFCINDEXEDPOLYGONALFACE((27,28,29));
#870=IFCINDEXEDPOLYGONALFACE((21,30,31));
#871=IFCINDEXEDPOLYGONALFACE((32,33,6));
#872=IFCINDEXEDPOLYGONALFACE((34,35,36));
#873=IFCINDEXEDPOLYGONALFACE((20,30,21));
#874=IFCINDEXEDPOLYGONALFACE((32,6,35));
#875=IFCINDEXEDPOLYGONALFACE((25,37,38));
#876=IFCINDEXEDPOLYGONALFACE((7,39,40));
#877=IFCINDEXEDPOLYGONALFACE((41,14,13));
#878=IFCINDEXEDPOLYGONALFACE((42,18,8));
#879=IFCINDEXEDPOLYGONALFACE((19,25,38));
#880=IFCINDEXEDPOLYGONALFACE((8,43,44));
#881=IFCINDEXEDPOLYGONALFACE((35,45,32));
#882=IFCINDEXEDPOLYGONALFACE((34,43,46));
#883=IFCINDEXEDPOLYGONALFACE((31,47,48));
#884=IFCINDEXEDPOLYGONALFACE((49,50,48));
#885=IFCINDEXEDPOLYGONALFACE((46,51,45));
#886=IFCINDEXEDPOLYGONALFACE((52,53,54));
#887=IFCINDEXEDPOLYGONALFACE((55,29,56));
#888=IFCINDEXEDPOLYGONALFACE((12,57,10));
#889=IFCINDEXEDPOLYGONALFACE((31,58,47));
#890=IFCINDEXEDPOLYGONALFACE((49,59,50));
#891=IFCINDEXEDPOLYGONALFACE((2,1,59));
#892=IFCINDEXEDPOLYGONALFACE((52,60,53));
#893=IFCINDEXEDPOLYGONALFACE((57,12,61));
#894=IFCINDEXEDPOLYGONALFACE((37,62,38));
#895=IFCINDEXEDPOLYGONALFACE((2,63,12));
#896=IFCINDEXEDPOLYGONALFACE((64,16,15));
#897=IFCINDEXEDPOLYGONALFACE((25,65,66));
#898=IFCINDEXEDPOLYGONALFACE((67,64,29));
#899=IFCINDEXEDPOLYGONALFACE((68,64,67));
#900=IFCINDEXEDPOLYGONALFACE((68,69,70));
#901=IFCINDEXEDPOLYGONALFACE((66,23,24));
#902=IFCINDEXEDPOLYGONALFACE((71,72,73));
#903=IFCINDEXEDPOLYGONALFACE((74,55,41));
#904=IFCINDEXEDPOLYGONALFACE((43,75,46));
#905=IFCINDEXEDPOLYGONALFACE((22,76,77));
#906=IFCINDEXEDPOLYGONALFACE((55,56,41));
#907=IFCINDEXEDPOLYGONALFACE((64,15,56));
#908=IFCINDEXEDPOLYGONALFACE((77,78,74));
#909=IFCINDEXEDPOLYGONALFACE((73,79,65));
#910=IFCINDEXEDPOLYGONALFACE((22,80,20));
#911=IFCINDEXEDPOLYGONALFACE((72,71,81));
#912=IFCINDEXEDPOLYGONALFACE((40,82,7));
#913=IFCINDEXEDPOLYGONALFACE((69,28,27));
#914=IFCINDEXEDPOLYGONALFACE((54,62,37));
#915=IFCINDEXEDPOLYGONALFACE((43,8,19));
#916=IFCINDEXEDPOLYGONALFACE((73,78,79));
#917=IFCINDEXEDPOLYGONALFACE((81,18,70));
#918=IFCINDEXEDPOLYGONALFACE((83,84,85));
#919=IFCINDEXEDPOLYGONALFACE((21,23,22));
#920=IFCINDEXEDPOLYGONALFACE((23,86,76));
#921=IFCINDEXEDPOLYGONALFACE((72,27,73));
#922=IFCINDEXEDPOLYGONALFACE((87,16,40));
#923=IFCINDEXEDPOLYGONALFACE((76,22,23));
#924=IFCINDEXEDPOLYGONALFACE((88,58,31));
#925=IFCINDEXEDPOLYGONALFACE((83,7,9));
#926=IFCINDEXEDPOLYGONALFACE((28,68,67));
#927=IFCINDEXEDPOLYGONALFACE((52,54,37));
#928=IFCINDEXEDPOLYGONALFACE((38,75,43));
#929=IFCINDEXEDPOLYGONALFACE((89,41,13));
#930=IFCINDEXEDPOLYGONALFACE((41,15,14));
#931=IFCINDEXEDPOLYGONALFACE((26,90,91));
#932=IFCINDEXEDPOLYGONALFACE((52,37,48));
#933=IFCINDEXEDPOLYGONALFACE((58,61,63));
#934=IFCINDEXEDPOLYGONALFACE((92,74,78));
#935=IFCINDEXEDPOLYGONALFACE((83,4,84));
#936=IFCINDEXEDPOLYGONALFACE((7,85,39));
#937=IFCINDEXEDPOLYGONALFACE((47,49,48));
#938=IFCINDEXEDPOLYGONALFACE((22,77,80));
#939=IFCINDEXEDPOLYGONALFACE((73,29,78));
#940=IFCINDEXEDPOLYGONALFACE((81,71,18));
#941=IFCINDEXEDPOLYGONALFACE((79,66,65));
#942=IFCINDEXEDPOLYGONALFACE((79,78,76));
#943=IFCINDEXEDPOLYGONALFACE((29,55,92));
#944=IFCINDEXEDPOLYGONALFACE((74,41,89));
#945=IFCINDEXEDPOLYGONALFACE((37,24,31));
#946=IFCINDEXEDPOLYGONALFACE((76,86,79));
#947=IFCINDEXEDPOLYGONALFACE((86,23,66));
#948=IFCINDEXEDPOLYGONALFACE((24,21,31));
#949=IFCINDEXEDPOLYGONALFACE((77,89,80));
#950=IFCINDEXEDPOLYGONALFACE((81,27,72));
#951=IFCINDEXEDPOLYGONALFACE((93,6,5));
#952=IFCINDEXEDPOLYGONALFACE((82,94,42));
#953=IFCINDEXEDPOLYGONALFACE((88,89,61));
#954=IFCINDEXEDPOLYGONALFACE((37,66,24));
#955=IFCINDEXEDPOLYGONALFACE((29,64,56));
#956=IFCINDEXEDPOLYGONALFACE((38,62,54));
#957=IFCINDEXEDPOLYGONALFACE((82,42,7));
#958=IFCINDEXEDPOLYGONALFACE((16,64,40));
#959=IFCINDEXEDPOLYGONALFACE((57,13,10));
#960=IFCINDEXEDPOLYGONALFACE((95,83,9));
#961=IFCINDEXEDPOLYGONALFACE((85,7,83));
#962=IFCINDEXEDPOLYGONALFACE((3,90,1));
#963=IFCINDEXEDPOLYGONALFACE((80,88,20));
#964=IFCINDEXEDPOLYGONALFACE((37,25,66));
#965=IFCINDEXEDPOLYGONALFACE((20,88,30));
#966=IFCINDEXEDPOLYGONALFACE((58,49,47));
#967=IFCINDEXEDPOLYGONALFACE((2,12,3));
#968=IFCINDEXEDPOLYGONALFACE((1,33,59));
#969=IFCINDEXEDPOLYGONALFACE((15,17,14));
#970=IFCINDEXEDPOLYGONALFACE((46,54,53));
#971=IFCINDEXEDPOLYGONALFACE((14,26,91));
#972=IFCINDEXEDPOLYGONALFACE((50,51,60));
#973=IFCINDEXEDPOLYGONALFACE((16,26,17));
#974=IFCINDEXEDPOLYGONALFACE((59,51,50));
#975=IFCINDEXEDPOLYGONALFACE((48,50,52));
#976=IFCINDEXEDPOLYGONALFACE((36,44,34));
#977=IFCINDEXEDPOLYGONALFACE((46,53,60));
#978=IFCINDEXEDPOLYGONALFACE((45,35,46));
#979=IFCINDEXEDPOLYGONALFACE((44,43,34));
#980=IFCINDEXEDPOLYGONALFACE((12,11,3));
#981=IFCINDEXEDPOLYGONALFACE((44,95,9));
#982=IFCINDEXEDPOLYGONALFACE((93,5,95));
#983=IFCINDEXEDPOLYGONALFACE((91,90,96));
#984=IFCINDEXEDPOLYGONALFACE((6,36,35));
#985=IFCINDEXEDPOLYGONALFACE((49,2,59));
#986=IFCINDEXEDPOLYGONALFACE((56,15,41));
#987=IFCINDEXEDPOLYGONALFACE((35,34,46));
#988=IFCINDEXEDPOLYGONALFACE((61,13,57));
#989=IFCINDEXEDPOLYGONALFACE((38,43,19));
#990=IFCINDEXEDPOLYGONALFACE((14,91,10));
#991=IFCINDEXEDPOLYGONALFACE((6,93,36));
#992=IFCINDEXEDPOLYGONALFACE((37,31,48));
#993=IFCINDEXEDPOLYGONALFACE((5,83,95));
#994=IFCINDEXEDPOLYGONALFACE((96,90,3));
#995=IFCINDEXEDPOLYGONALFACE((33,32,45));
#996=IFCINDEXEDPOLYGONALFACE((18,65,25));
#997=IFCINDEXEDPOLYGONALFACE((70,18,42));
#998=IFCINDEXEDPOLYGONALFACE((84,39,85));
#999=IFCINDEXEDPOLYGONALFACE((80,89,88));
#1000=IFCINDEXEDPOLYGONALFACE((82,40,68));
#1001=IFCINDEXEDPOLYGONALFACE((8,44,9));
#1002=IFCINDEXEDPOLYGONALFACE((76,78,77));
#1003=IFCINDEXEDPOLYGONALFACE((68,70,82));
#1004=IFCINDEXEDPOLYGONALFACE((94,70,42));
#1005=IFCINDEXEDPOLYGONALFACE((29,73,27));
#1006=IFCINDEXEDPOLYGONALFACE((69,68,28));
#1007=IFCINDEXEDPOLYGONALFACE((28,67,29));
#1008=IFCINDEXEDPOLYGONALFACE((70,69,81));
#1009=IFCINDEXEDPOLYGONALFACE((73,65,71));
#1010=IFCINDEXEDPOLYGONALFACE((81,69,27));
#1011=IFCINDEXEDPOLYGONALFACE((92,55,74));
#1012=IFCINDEXEDPOLYGONALFACE((79,86,66));
#1013=IFCINDEXEDPOLYGONALFACE((78,29,92));
#1014=IFCINDEXEDPOLYGONALFACE((77,74,89));
#1015=IFCINDEXEDPOLYGONALFACE((82,70,94));
#1016=IFCINDEXEDPOLYGONALFACE((71,65,18));
#1017=IFCINDEXEDPOLYGONALFACE((88,31,30));
#1018=IFCINDEXEDPOLYGONALFACE((75,54,46));
#1019=IFCINDEXEDPOLYGONALFACE((54,75,38));
#1020=IFCINDEXEDPOLYGONALFACE((7,42,8));
#1021=IFCINDEXEDPOLYGONALFACE((87,40,39));
#1022=IFCINDEXEDPOLYGONALFACE((61,89,13));
#1023=IFCINDEXEDPOLYGONALFACE((64,68,40));
#1024=IFCINDEXEDPOLYGONALFACE((26,16,87));
#1025=IFCINDEXEDPOLYGONALFACE((12,63,61));
#1026=IFCINDEXEDPOLYGONALFACE((96,11,10));
#1027=IFCINDEXEDPOLYGONALFACE((2,49,58));
#1028=IFCINDEXEDPOLYGONALFACE((63,2,58));
#1029=IFCINDEXEDPOLYGONALFACE((91,96,10));
#1030=IFCINDEXEDPOLYGONALFACE((39,90,26));
#1031=IFCINDEXEDPOLYGONALFACE((87,39,26));
#1032=IFCINDEXEDPOLYGONALFACE((84,90,39));
#1033=IFCINDEXEDPOLYGONALFACE((88,61,58));
#1034=IFCINDEXEDPOLYGONALFACE((1,6,33));
#1035=IFCINDEXEDPOLYGONALFACE((44,36,93));
#1036=IFCINDEXEDPOLYGONALFACE((4,1,90));
#1037=IFCINDEXEDPOLYGONALFACE((84,4,90));
#1038=IFCINDEXEDPOLYGONALFACE((4,6,1));
#1039=IFCINDEXEDPOLYGONALFACE((83,5,4));
#1040=IFCINDEXEDPOLYGONALFACE((93,95,44));
#1041=IFCINDEXEDPOLYGONALFACE((11,96,3));
#1042=IFCINDEXEDPOLYGONALFACE((50,60,52));
#1043=IFCINDEXEDPOLYGONALFACE((51,46,60));
#1044=IFCINDEXEDPOLYGONALFACE((33,51,59));
#1045=IFCINDEXEDPOLYGONALFACE((45,51,33));
#1046=IFCPOLYGONALFACESET(#857,.F.,(#858,#859,#860,#861,#862,#863,#864,#865,#866,#867,#868,#869,#870,#871,#872,#873,#874,#875,#876,#877,#878,#879,#880,#881,#882,#883,#884,#885,#886,#887,#888,#889,#890,#891,#892,#893,#894,#895,#896,#897,#898,#899,#900,#901,#902,#903,#904,#905,#906,#907,#908,#909,#910,#911,#912,#913,#914,#915,#916,#917,#918,#919,#920,#921,#922,#923,#924,#925,#926,#927,#928,#929,#930,#931,#932,#933,#934,#935,#936,#937,#938,#939,#940,#941,#942,#943,#944,#945,#946,#947,#948,#949,#950,#951,#952,#953,#954,#955,#956,#957,#958,#959,#960,#961,#962,#963,#964,#965,#966,#967,#968,#969,#970,#971,#972,#973,#974,#975,#976,#977,#978,#979,#980,#981,#982,#983,#984,#985,#986,#987,#988,#989,#990,#991,#992,#993,#994,#995,#996,#997,#998,#999,#1000,#1001,#1002,#1003,#1004,#1005,#1006,#1007,#1008,#1009,#1010,#1011,#1012,#1013,#1014,#1015,#1016,#1017,#1018,#1019,#1020,#1021,#1022,#1023,#1024,#1025,#1026,#1027,#1028,#1029,#1030,#1031,#1032,#1033,#1034,#1035,#1036,#1037,#1038,#1039,#1040,#1041,#1042,#1043,#1044,#1045),$);
#1047=IFCCOLOURRGB($,0.184313725490196,0.258823529411765,0.0352941176470588);
#1048=IFCSURFACESTYLERENDERING(#1047,0.,$,$,$,$,$,$,.NOTDEFINED.);
#1049=IFCSURFACESTYLE($,.BOTH.,(#1048));
#1050=IFCSTYLEDITEM(#1046,(#1049),$);
#1051=IFCSHAPEREPRESENTATION(#10,'Body','Tessellation',(#852,#1046));
#1052=IFCSHAPEREPRESENTATION(#10,'Body','Tessellation',(#852,#1046));
#1053=IFCSHAPEREPRESENTATION(#10,'Body','Tessellation',(#852,#1046));
#1054=IFCSHAPEREPRESENTATION(#10,'Body','Tessellation',(#852,#1046));
#1055=IFCSHAPEREPRESENTATION(#10,'Body','Tessellation',(#852,#1046));
#1056=IFCSHAPEREPRESENTATION(#10,'Body','Tessellation',(#852,#1046));
#1057=IFCSHAPEREPRESENTATION(#10,'Body','Tessellation',(#852,#1046));
#1058=IFCSHAPEREPRESENTATION(#10,'Body','Tessellation',(#852,#1046));
#1059=IFCSHAPEREPRESENTATION(#10,'Body','Tessellation',(#852,#1046));
#1060=IFCSHAPEREPRESENTATION(#10,'Body','Tessellation',(#852,#1046));
#1061=IFCSHAPEREPRESENTATION(#10,'Body','Tessellation',(#852,#1046));
#1062=IFCSHAPEREPRESENTATION(#10,'Body','Tessellation',(#852,#1046));
#1063=IFCSHAPEREPRESENTATION(#10,'Body','Tessellation',(#852,#1046));
#1064=IFCSHAPEREPRESENTATION(#10,'Body','Tessellation',(#852,#1046));
#1065=IFCSHAPEREPRESENTATION(#10,'Body','Tessellation',(#852,#1046));
#1066=IFCSHAPEREPRESENTATION(#10,'Body','Tessellation',(#852,#1046));
#1067=IFCSHAPEREPRESENTATION(#10,'Body','Tessellation',(#852,#1046));
#1068=IFCSHAPEREPRESENTATION(#10,'Body','Tessellation',(#852,#1046));
#1069=IFCSHAPEREPRESENTATION(#10,'Body','Tessellation',(#852,#1046));
#1070=IFCSHAPEREPRESENTATION(#10,'Body','Tessellation',(#852,#1046));
#1071=IFCSHAPEREPRESENTATION(#10,'Body','Tessellation',(#852,#1046));
#1072=IFCSHAPEREPRESENTATION(#10,'Body','Tessellation',(#852,#1046));
#1073=IFCSHAPEREPRESENTATION(#10,'Body','Tessellation',(#852,#1046));
#1074=IFCSHAPEREPRESENTATION(#10,'Body','Tessellation',(#852,#1046));
#1075=IFCSHAPEREPRESENTATION(#10,'Body','Tessellation',(#852,#1046));
#1076=IFCSHAPEREPRESENTATION(#10,'Body','Tessellation',(#852,#1046));
#1077=IFCSHAPEREPRESENTATION(#10,'Body','Tessellation',(#852,#1046));
#1078=IFCSHAPEREPRESENTATION(#10,'Body','Tessellation',(#852,#1046));
#1079=IFCSHAPEREPRESENTATION(#10,'Body','Tessellation',(#852,#1046));
#1080=IFCSHAPEREPRESENTATION(#10,'Body','Tessellation',(#852,#1046));
#1081=IFCSHAPEREPRESENTATION(#10,'Body','Tessellation',(#852,#1046));
#1082=IFCSHAPEREPRESENTATION(#10,'Body','Tessellation',(#852,#1046));
#1083=IFCSHAPEREPRESENTATION(#10,'Body','Tessellation',(#852,#1046));
#1084=IFCSHAPEREPRESENTATION(#10,'Body','Tessellation',(#852,#1046));
#1085=IFCSHAPEREPRESENTATION(#10,'Body','Tessellation',(#852,#1046));
#1086=IFCSHAPEREPRESENTATION(#10,'Body','Tessellation',(#852,#1046));
#1087=IFCSHAPEREPRESENTATION(#10,'Body','Tessellation',(#852,#1046));
#1088=IFCSHAPEREPRESENTATION(#10,'Body','Tessellation',(#852,#1046));
#1089=IFCSHAPEREPRESENTATION(#10,'Body','Tessellation',(#852,#1046));
#1090=IFCSHAPEREPRESENTATION(#10,'Body','Tessellation',(#852,#1046));
#1091=IFCSHAPEREPRESENTATION(#10,'Body','Tessellation',(#852,#1046));
#1092=IFCSHAPEREPRESENTATION(#10,'Body','Tessellation',(#852,#1046));
#1093=IFCSHAPEREPRESENTATION(#10,'Body','Tessellation',(#852,#1046));
#1094=IFCSHAPEREPRESENTATION(#10,'Body','Tessellation',(#852,#1046));
#1095=IFCSHAPEREPRESENTATION(#10,'Body','Tessellation',(#852,#1046));
#1096=IFCSHAPEREPRESENTATION(#10,'Body','Tessellation',(#852,#1046));
#1097=IFCSHAPEREPRESENTATION(#10,'Body','Tessellation',(#852,#1046));
#1098=IFCSHAPEREPRESENTATION(#10,'Body','Tessellation',(#852,#1046));
#1099=IFCSHAPEREPRESENTATION(#10,'Body','Tessellation',(#852,#1046));
#1100=IFCSHAPEREPRESENTATION(#10,'Body','Tessellation',(#852,#1046));
#1101=IFCSHAPEREPRESENTATION(#10,'Body','Tessellation',(#852,#1046));
#1102=IFCSHAPEREPRESENTATION(#10,'Body','Tessellation',(#852,#1046));
#1103=IFCSHAPEREPRESENTATION(#10,'Body','Tessellation',(#852,#1046));
#1104=IFCSHAPEREPRESENTATION(#10,'Body','Tessellation',(#852,#1046));
#1105=IFCSHAPEREPRESENTATION(#10,'Body','Tessellation',(#852,#1046));
#1106=IFCSHAPEREPRESENTATION(#10,'Body','Tessellation',(#852,#1046));
#1107=IFCSHAPEREPRESENTATION(#10,'Body','Tessellation',(#852,#1046));
#1108=IFCSHAPEREPRESENTATION(#10,'Body','Tessellation',(#852,#1046));
#1109=IFCSHAPEREPRESENTATION(#10,'Body','Tessellation',(#852,#1046));
#1110=IFCSHAPEREPRESENTATION(#10,'Body','Tessellation',(#852,#1046));
#1111=IFCSHAPEREPRESENTATION(#10,'Body','Tessellation',(#852,#1046));
#1112=IFCSHAPEREPRESENTATION(#10,'Body','Tessellation',(#852,#1046));
#1113=IFCSHAPEREPRESENTATION(#10,'Body','Tessellation',(#852,#1046));
#1114=IFCSHAPEREPRESENTATION(#10,'Body','Tessellation',(#852,#1046));
#1115=IFCSHAPEREPRESENTATION(#10,'Body','Tessellation',(#852,#1046));
#1116=IFCSHAPEREPRESENTATION(#10,'Body','Tessellation',(#852,#1046));
#1117=IFCSHAPEREPRESENTATION(#10,'Body','Tessellation',(#852,#1046));
#1118=IFCSHAPEREPRESENTATION(#10,'Body','Tessellation',(#852,#1046));
#1119=IFCSHAPEREPRESENTATION(#10,'Body','Tessellation',(#852,#1046));
#1120=IFCSHAPEREPRESENTATION(#10,'Body','Tessellation',(#852,#1046));
#1121=IFCSHAPEREPRESENTATION(#10,'Body','Tessellation',(#852,#1046));
#1122=IFCSHAPEREPRESENTATION(#10,'Body','Tessellation',(#852,#1046));
#1123=IFCSHAPEREPRESENTATION(#10,'Body','Tessellation',(#852,#1046));
#1124=IFCSHAPEREPRESENTATION(#10,'Body','Tessellation',(#852,#1046));
#1125=IFCSHAPEREPRESENTATION(#10,'Body','Tessellation',(#852,#1046));
#1126=IFCSHAPEREPRESENTATION(#10,'Body','Tessellation',(#852,#1046));
#1127=IFCSHAPEREPRESENTATION(#10,'Body','Tessellation',(#852,#1046));
#1128=IFCSHAPEREPRESENTATION(#10,'Body','Tessellation',(#852,#1046));
#1129=IFCSHAPEREPRESENTATION(#10,'Body','Tessellation',(#852,#1046));
#1130=IFCSHAPEREPRESENTATION(#10,'Body','Tessellation',(#852,#1046));
#1131=IFCSHAPEREPRESENTATION(#10,'Body','Tessellation',(#852,#1046));
#1132=IFCSHAPEREPRESENTATION(#10,'Body','Tessellation',(#852,#1046));
#1133=IFCSHAPEREPRESENTATION(#10,'Body','Tessellation',(#852,#1046));
#1134=IFCSHAPEREPRESENTATION(#10,'Body','Tessellation',(#852,#1046));
#1135=IFCSHAPEREPRESENTATION(#10,'Body','Tessellation',(#852,#1046));
#1136=IFCSHAPEREPRESENTATION(#10,'Body','Tessellation',(#852,#1046));
#1137=IFCSHAPEREPRESENTATION(#10,'Body','Tessellation',(#852,#1046));
#1138=IFCSHAPEREPRESENTATION(#10,'Body','Tessellation',(#852,#1046));
#1139=IFCSHAPEREPRESENTATION(#10,'Body','Tessellation',(#852,#1046));
#1140=IFCSHAPEREPRESENTATION(#10,'Body','Tessellation',(#852,#1046));
#1141=IFCSHAPEREPRESENTATION(#10,'Body','Tessellation',(#852,#1046));
#1142=IFCSHAPEREPRESENTATION(#10,'Body','Tessellation',(#852,#1046));
#1143=IFCSHAPEREPRESENTATION(#10,'Body','Tessellation',(#852,#1046));
#1144=IFCSHAPEREPRESENTATION(#10,'Body','Tessellation',(#852,#1046));
#1145=IFCSHAPEREPRESENTATION(#10,'Body','Tessellation',(#852,#1046));
#1146=IFCSHAPEREPRESENTATION(#10,'Body','Tessellation',(#852,#1046));
#1147=IFCSHAPEREPRESENTATION(#10,'Body','Tessellation',(#852,#1046));
#1148=IFCSHAPEREPRESENTATION(#10,'Body','Tessellation',(#852,#1046));
#1149=IFCSHAPEREPRESENTATION(#10,'Body','Tessellation',(#852,#1046));
#1150=IFCSHAPEREPRESENTATION(#10,'Body','Tessellation',(#852,#1046));
#1151=IFCSHAPEREPRESENTATION(#10,'Body','Tessellation',(#852,#1046));
#1152=IFCSHAPEREPRESENTATION(#10,'Body','Tessellation',(#852,#1046));
#1153=IFCSHAPEREPRESENTATION(#10,'Body','Tessellation',(#852,#1046));
#1154=IFCSHAPEREPRESENTATION(#10,'Body','Tessellation',(#852,#1046));
#1155=IFCSHAPEREPRESENTATION(#10,'Body','Tessellation',(#852,#1046));
#1156=IFCSHAPEREPRESENTATION(#10,'Body','Tessellation',(#852,#1046));
#1157=IFCSHAPEREPRESENTATION(#10,'Body','Tessellation',(#852,#1046));
#1158=IFCSHAPEREPRESENTATION(#10,'Body','Tessellation',(#852,#1046));
#1159=IFCSHAPEREPRESENTATION(#10,'Body','Tessellation',(#852,#1046));
#1160=IFCSHAPEREPRESENTATION(#10,'Body','Tessellation',(#852,#1046));
#1161=IFCSHAPEREPRESENTATION(#10,'Body','Tessellation',(#852,#1046));
#1162=IFCSHAPEREPRESENTATION(#10,'Body','Tessellation',(#852,#1046));
#1163=IFCSHAPEREPRESENTATION(#10,'Body','Tessellation',(#852,#1046));
#1164=IFCSHAPEREPRESENTATION(#10,'Body','Tessellation',(#852,#1046));
#1165=IFCSHAPEREPRESENTATION(#10,'Body','Tessellation',(#852,#1046));
#1166=IFCSHAPEREPRESENTATION(#10,'Body','Tessellation',(#852,#1046));
#1167=IFCSHAPEREPRESENTATION(#10,'Body','Tessellation',(#852,#1046));
#1168=IFCSHAPEREPRESENTATION(#10,'Body','Tessellation',(#852,#1046));
#1169=IFCSHAPEREPRESENTATION(#10,'Body','Tessellation',(#852,#1046));
#1170=IFCSHAPEREPRESENTATION(#10,'Body','Tessellation',(#852,#1046));
#1171=IFCSHAPEREPRESENTATION(#10,'Body','Tessellation',(#852,#1046));
#1172=IFCSHAPEREPRESENTATION(#10,'Body','Tessellation',(#852,#1046));
#1173=IFCSHAPEREPRESENTATION(#10,'Body','Tessellation',(#852,#1046));
#1174=IFCSHAPEREPRESENTATION(#10,'Body','Tessellation',(#852,#1046));
#1175=IFCSHAPEREPRESENTATION(#10,'Body','Tessellation',(#852,#1046));
#1176=IFCSHAPEREPRESENTATION(#10,'Body','Tessellation',(#852,#1046));
#1177=IFCSHAPEREPRESENTATION(#10,'Body','Tessellation',(#852,#1046));
#1178=IFCSHAPEREPRESENTATION(#10,'Body','Tessellation',(#852,#1046));
#1179=IFCSHAPEREPRESENTATION(#10,'Body','Tessellation',(#852,#1046));
#1180=IFCSHAPEREPRESENTATION(#10,'Body','Tessellation',(#852,#1046));
#1181=IFCSHAPEREPRESENTATION(#10,'Body','Tessellation',(#852,#1046));
#1182=IFCSHAPEREPRESENTATION(#10,'Body','Tessellation',(#852,#1046));
#1183=IFCSHAPEREPRESENTATION(#10,'Body','Tessellation',(#852,#1046));
#1184=IFCSHAPEREPRESENTATION(#10,'Body','Tessellation',(#852,#1046));
#1185=IFCSHAPEREPRESENTATION(#10,'Body','Tessellation',(#852,#1046));
#1186=IFCSHAPEREPRESENTATION(#10,'Body','Tessellation',(#852,#1046));
#1187=IFCSHAPEREPRESENTATION(#10,'Body','Tessellation',(#852,#1046));
#1188=IFCSHAPEREPRESENTATION(#10,'Body','Tessellation',(#852,#1046));
#1189=IFCSHAPEREPRESENTATION(#10,'Body','Tessellation',(#852,#1046));
#1190=IFCSHAPEREPRESENTATION(#10,'Body','Tessellation',(#852,#1046));
#1191=IFCSHAPEREPRESENTATION(#10,'Body','Tessellation',(#852,#1046));
#1192=IFCSHAPEREPRESENTATION(#10,'Body','Tessellation',(#852,#1046));
#1193=IFCSHAPEREPRESENTATION(#10,'Body','Tessellation',(#852,#1046));
#1194=IFCSHAPEREPRESENTATION(#10,'Body','Tessellation',(#852,#1046));
#1195=IFCSHAPEREPRESENTATION(#10,'Body','Tessellation',(#852,#1046));
#1196=IFCSHAPEREPRESENTATION(#10,'Body','Tessellation',(#852,#1046));
#1197=IFCSHAPEREPRESENTATION(#10,'Body','Tessellation',(#852,#1046));
#1198=IFCSHAPEREPRESENTATION(#10,'Body','Tessellation',(#852,#1046));
#1199=IFCSHAPEREPRESENTATION(#10,'Body','Tessellation',(#852,#1046));
#1200=IFCSHAPEREPRESENTATION(#10,'Body','Tessellation',(#852,#1046));
#1201=IFCSHAPEREPRESENTATION(#10,'Body','Tessellation',(#852,#1046));
#1202=IFCSHAPEREPRESENTATION(#10,'Body','Tessellation',(#852,#1046));
#1203=IFCSHAPEREPRESENTATION(#10,'Body','Tessellation',(#852,#1046));
#1204=IFCSHAPEREPRESENTATION(#10,'Body','Tessellation',(#852,#1046));
#1205=IFCSHAPEREPRESENTATION(#10,'Body','Tessellation',(#852,#1046));
#1206=IFCSHAPEREPRESENTATION(#10,'Body','Tessellation',(#852,#1046));
#1207=IFCSHAPEREPRESENTATION(#10,'Body','Tessellation',(#852,#1046));
#1208=IFCSHAPEREPRESENTATION(#10,'Body','Tessellation',(#852,#1046));
#1209=IFCSHAPEREPRESENTATION(#10,'Body','Tessellation',(#852,#1046));
#1210=IFCSHAPEREPRESENTATION(#10,'Body','Tessellation',(#852,#1046));
#1211=IFCSHAPEREPRESENTATION(#10,'Body','Tessellation',(#852,#1046));
#1212=IFCSHAPEREPRESENTATION(#10,'Body','Tessellation',(#852,#1046));
#1213=IFCSHAPEREPRESENTATION(#10,'Body','Tessellation',(#852,#1046));
#1214=IFCSHAPEREPRESENTATION(#10,'Body','Tessellation',(#852,#1046));
#1215=IFCSHAPEREPRESENTATION(#10,'Body','Tessellation',(#852,#1046));
#1216=IFCSHAPEREPRESENTATION(#10,'Body','Tessellation',(#852,#1046));
#1217=IFCSHAPEREPRESENTATION(#10,'Body','Tessellation',(#852,#1046));
#1218=IFCSHAPEREPRESENTATION(#10,'Body','Tessellation',(#852,#1046));
#1219=IFCSHAPEREPRESENTATION(#10,'Body','Tessellation',(#852,#1046));
#1220=IFCSHAPEREPRESENTATION(#10,'Body','Tessellation',(#852,#1046));
#1221=IFCSHAPEREPRESENTATION(#10,'Body','Tessellation',(#852,#1046));
#1222=IFCSHAPEREPRESENTATION(#10,'Body','Tessellation',(#852,#1046));
#1223=IFCSHAPEREPRESENTATION(#10,'Body','Tessellation',(#852,#1046));
#1224=IFCSHAPEREPRESENTATION(#10,'Body','Tessellation',(#852,#1046));
#1225=IFCSHAPEREPRESENTATION(#10,'Body','Tessellation',(#852,#1046));
#1226=IFCSHAPEREPRESENTATION(#10,'Body','Tessellation',(#852,#1046));
#1227=IFCSHAPEREPRESENTATION(#10,'Body','Tessellation',(#852,#1046));
#1228=IFCSHAPEREPRESENTATION(#10,'Body','Tessellation',(#852,#1046));
#1229=IFCSHAPEREPRESENTATION(#10,'Body','Tessellation',(#852,#1046));
#1230=IFCSHAPEREPRESENTATION(#10,'Body','Tessellation',(#852,#1046));
#1231=IFCSHAPEREPRESENTATION(#10,'Body','Tessellation',(#852,#1046));
#1232=IFCSHAPEREPRESENTATION(#10,'Body','Tessellation',(#852,#1046));
#1233=IFCSHAPEREPRESENTATION(#10,'Body','Tessellation',(#852,#1046));
#1234=IFCSHAPEREPRESENTATION(#10,'Body','Tessellation',(#852,#1046));
#1235=IFCSHAPEREPRESENTATION(#10,'Body','Tessellation',(#852,#1046));
#1236=IFCSHAPEREPRESENTATION(#10,'Body','Tessellation',(#852,#1046));
#1237=IFCSHAPEREPRESENTATION(#10,'Body','Tessellation',(#852,#1046));
#1238=IFCSHAPEREPRESENTATION(#10,'Body','Tessellation',(#852,#1046));
#1239=IFCSHAPEREPRESENTATION(#10,'Body','Tessellation',(#852,#1046));
#1240=IFCSHAPEREPRESENTATION(#10,'Body','Tessellation',(#852,#1046));
#1241=IFCSHAPEREPRESENTATION(#10,'Body','Tessellation',(#852,#1046));
#1242=IFCSHAPEREPRESENTATION(#10,'Body','Tessellation',(#852,#1046));
#1243=IFCSHAPEREPRESENTATION(#10,'Body','Tessellation',(#852,#1046));
#1244=IFCSHAPEREPRESENTATION(#10,'Body','Tessellation',(#852,#1046));
#1245=IFCSHAPEREPRESENTATION(#10,'Body','Tessellation',(#852,#1046));
#1246=IFCSHAPEREPRESENTATION(#10,'Body','Tessellation',(#852,#1046));
#1247=IFCSHAPEREPRESENTATION(#10,'Body','Tessellation',(#852,#1046));
#1248=IFCSHAPEREPRESENTATION(#10,'Body','Tessellation',(#852,#1046));
#1249=IFCSHAPEREPRESENTATION(#10,'Body','Tessellation',(#852,#1046));
#1250=IFCSHAPEREPRESENTATION(#10,'Body','Tessellation',(#852,#1046));
#1251=IFCSHAPEREPRESENTATION(#10,'Body','Tessellation',(#852,#1046));
#1252=IFCSHAPEREPRESENTATION(#10,'Body','Tessellation',(#852,#1046));
#1253=IFCSHAPEREPRESENTATION(#10,'Body','Tessellation',(#852,#1046));
#1254=IFCSHAPEREPRESENTATION(#10,'Body','Tessellation',(#852,#1046));
#1255=IFCSHAPEREPRESENTATION(#10,'Body','Tessellation',(#852,#1046));
#1256=IFCSHAPEREPRESENTATION(#10,'Body','Tessellation',(#852,#1046));
#1257=IFCSHAPEREPRESENTATION(#10,'Body','Tessellation',(#852,#1046));
#1258=IFCSHAPEREPRESENTATION(#10,'Body','Tessellation',(#852,#1046));
#1259=IFCSHAPEREPRESENTATION(#10,'Body','Tessellation',(#852,#1046));
#1260=IFCSHAPEREPRESENTATION(#10,'Body','Tessellation',(#852,#1046));
#1261=IFCSHAPEREPRESENTATION(#10,'Body','Tessellation',(#852,#1046));
#1262=IFCSHAPEREPRESENTATION(#10,'Body','Tessellation',(#852,#1046));
#1263=IFCSHAPEREPRESENTATION(#10,'Body','Tessellation',(#852,#1046));
#1264=IFCSHAPEREPRESENTATION(#10,'Body','Tessellation',(#852,#1046));
#1265=IFCSHAPEREPRESENTATION(#10,'Body','Tessellation',(#852,#1046));
#1266=IFCSHAPEREPRESENTATION(#10,'Body','Tessellation',(#852,#1046));
#1267=IFCSHAPEREPRESENTATION(#10,'Body','Tessellation',(#852,#1046));
#1268=IFCSHAPEREPRESENTATION(#10,'Body','Tessellation',(#852,#1046));
#1269=IFCSHAPEREPRESENTATION(#10,'Body','Tessellation',(#852,#1046));
#1270=IFCSHAPEREPRESENTATION(#10,'Body','Tessellation',(#852,#1046));
#1271=IFCSHAPEREPRESENTATION(#10,'Body','Tessellation',(#852,#1046));
#1272=IFCSHAPEREPRESENTATION(#10,'Body','Tessellation',(#852,#1046));
#1273=IFCSHAPEREPRESENTATION(#10,'Body','Tessellation',(#852,#1046));
#1274=IFCSHAPEREPRESENTATION(#10,'Body','Tessellation',(#852,#1046));
#1275=IFCSHAPEREPRESENTATION(#10,'Body','Tessellation',(#852,#1046));
#1276=IFCSHAPEREPRESENTATION(#10,'Body','Tessellation',(#852,#1046));
#1277=IFCSHAPEREPRESENTATION(#10,'Body','Tessellation',(#852,#1046));
#1278=IFCSHAPEREPRESENTATION(#10,'Body','Tessellation',(#852,#1046));
#1279=IFCSHAPEREPRESENTATION(#10,'Body','Tessellation',(#852,#1046));
#1280=IFCSHAPEREPRESENTATION(#10,'Body','Tessellation',(#852,#1046));
#1281=IFCSHAPEREPRESENTATION(#10,'Body','Tessellation',(#852,#1046));
#1282=IFCSHAPEREPRESENTATION(#10,'Body','Tessellation',(#852,#1046));
#1283=IFCSHAPEREPRESENTATION(#10,'Body','Tessellation',(#852,#1046));
#1284=IFCSHAPEREPRESENTATION(#10,'Body','Tessellation',(#852,#1046));
#1285=IFCSHAPEREPRESENTATION(#10,'Body','Tessellation',(#852,#1046));
#1286=IFCSHAPEREPRESENTATION(#10,'Body','Tessellation',(#852,#1046));
#1287=IFCSHAPEREPRESENTATION(#10,'Body','Tessellation',(#852,#1046));
#1288=IFCSHAPEREPRESENTATION(#10,'Body','Tessellation',(#852,#1046));
#1289=IFCSHAPEREPRESENTATION(#10,'Body','Tessellation',(#852,#1046));
#1290=IFCSHAPEREPRESENTATION(#10,'Body','Tessellation',(#852,#1046));
#1291=IFCSHAPEREPRESENTATION(#10,'Body','Tessellation',(#852,#1046));
#1292=IFCSHAPEREPRESENTATION(#10,'Body','Tessellation',(#852,#1046));
#1293=IFCSHAPEREPRESENTATION(#10,'Body','Tessellation',(#852,#1046));
#1294=IFCSHAPEREPRESENTATION(#10,'Body','Tessellation',(#852,#1046));
#1295=IFCSHAPEREPRESENTATION(#10,'Body','Tessellation',(#852,#1046));
#1296=IFCSHAPEREPRESENTATION(#10,'Body','Tessellation',(#852,#1046));
#1297=IFCSHAPEREPRESENTATION(#10,'Body','Tessellation',(#852,#1046));
#1298=IFCSHAPEREPRESENTATION(#10,'Body','Tessellation',(#852,#1046));
#1299=IFCSHAPEREPRESENTATION(#10,'Body','Tessellation',(#852,#1046));
#1300=IFCSHAPEREPRESENTATION(#10,'Body','Tessellation',(#852,#1046));
#1301=IFCSHAPEREPRESENTATION(#10,'Body','Tessellation',(#852,#1046));
#1302=IFCSHAPEREPRESENTATION(#10,'Body','Tessellation',(#852,#1046));
#1303=IFCSHAPEREPRESENTATION(#10,'Body','Tessellation',(#852,#1046));
#1304=IFCSHAPEREPRESENTATION(#10,'Body','Tessellation',(#852,#1046));
#1305=IFCSHAPEREPRESENTATION(#10,'Body','Tessellation',(#852,#1046));
#1306=IFCSHAPEREPRESENTATION(#10,'Body','Tessellation',(#852,#1046));
#1307=IFCSHAPEREPRESENTATION(#10,'Body','Tessellation',(#852,#1046));
#1308=IFCSHAPEREPRESENTATION(#10,'Body','Tessellation',(#852,#1046));
#1309=IFCSHAPEREPRESENTATION(#10,'Body','Tessellation',(#852,#1046));
#1310=IFCSHAPEREPRESENTATION(#10,'Body','Tessellation',(#852,#1046));
#1311=IFCSHAPEREPRESENTATION(#10,'Body','Tessellation',(#852,#1046));
#1312=IFCSHAPEREPRESENTATION(#10,'Body','Tessellation',(#852,#1046));
#1313=IFCSHAPEREPRESENTATION(#10,'Body','Tessellation',(#852,#1046));
#1314=IFCSHAPEREPRESENTATION(#10,'Body','Tessellation',(#852,#1046));
#1315=IFCSHAPEREPRESENTATION(#10,'Body','Tessellation',(#852,#1046));
#1316=IFCSHAPEREPRESENTATION(#10,'Body','Tessellation',(#852,#1046));
#1317=IFCSHAPEREPRESENTATION(#10,'Body','Tessellation',(#852,#1046));
#1318=IFCSHAPEREPRESENTATION(#10,'Body','Tessellation',(#852,#1046));
#1319=IFCSHAPEREPRESENTATION(#10,'Body','Tessellation',(#852,#1046));
#1320=IFCSHAPEREPRESENTATION(#10,'Body','Tessellation',(#852,#1046));
#1321=IFCSHAPEREPRESENTATION(#10,'Body','Tessellation',(#852,#1046));
#1322=IFCSHAPEREPRESENTATION(#10,'Body','Tessellation',(#852,#1046));
#1323=IFCSHAPEREPRESENTATION(#10,'Body','Tessellation',(#852,#1046));
#1324=IFCSHAPEREPRESENTATION(#10,'Body','Tessellation',(#852,#1046));
#1325=IFCSHAPEREPRESENTATION(#10,'Body','Tessellation',(#852,#1046));
#1326=IFCSHAPEREPRESENTATION(#10,'Body','Tessellation',(#852,#1046));
#1327=IFCSHAPEREPRESENTATION(#10,'Body','Tessellation',(#852,#1046));
#1328=IFCSHAPEREPRESENTATION(#10,'Body','Tessellation',(#852,#1046));
#1329=IFCSHAPEREPRESENTATION(#10,'Body','Tessellation',(#852,#1046));
#1330=IFCSHAPEREPRESENTATION(#10,'Body','Tessellation',(#852,#1046));
#1331=IFCSHAPEREPRESENTATION(#10,'Body','Tessellation',(#852,#1046));
#1332=IFCSHAPEREPRESENTATION(#10,'Body','Tessellation',(#852,#1046));
#1333=IFCSHAPEREPRESENTATION(#10,'Body','Tessellation',(#852,#1046));
#1334=IFCSHAPEREPRESENTATION(#10,'Body','Tessellation',(#852,#1046));
#1335=IFCSHAPEREPRESENTATION(#10,'Body','Tessellation',(#852,#1046));
#1336=IFCSHAPEREPRESENTATION(#10,'Body','Tessellation',(#852,#1046));
#1337=IFCSHAPEREPRESENTATION(#10,'Body','Tessellation',(#852,#1046));
#1338=IFCSHAPEREPRESENTATION(#10,'Body','Tessellation',(#852,#1046));
#1339=IFCSHAPEREPRESENTATION(#10,'Body','Tessellation',(#852,#1046));
#1340=IFCSHAPEREPRESENTATION(#10,'Body','Tessellation',(#852,#1046));
#1341=IFCSHAPEREPRESENTATION(#10,'Body','Tessellation',(#852,#1046));
#1342=IFCSHAPEREPRESENTATION(#10,'Body','Tessellation',(#852,#1046));
#1343=IFCSHAPEREPRESENTATION(#10,'Body','Tessellation',(#852,#1046));
#1344=IFCSHAPEREPRESENTATION(#10,'Body','Tessellation',(#852,#1046));
#1345=IFCSHAPEREPRESENTATION(#10,'Body','Tessellation',(#852,#1046));
#1346=IFCSHAPEREPRESENTATION(#10,'Body','Tessellation',(#852,#1046));
#1347=IFCSHAPEREPRESENTATION(#10,'Body','Tessellation',(#852,#1046));
#1348=IFCSHAPEREPRESENTATION(#10,'Body','Tessellation',(#852,#1046));
#1349=IFCSHAPEREPRESENTATION(#10,'Body','Tessellation',(#852,#1046));
#1350=IFCSHAPEREPRESENTATION(#10,'Body','Tessellation',(#852,#1046));
#1351=IFCSHAPEREPRESENTATION(#10,'Body','Tessellation',(#852,#1046));
#1352=IFCSHAPEREPRESENTATION(#10,'Body','Tessellation',(#852,#1046));
#1353=IFCSHAPEREPRESENTATION(#10,'Body','Tessellation',(#852,#1046));
#1354=IFCSHAPEREPRESENTATION(#10,'Body','Tessellation',(#852,#1046));
#1355=IFCSHAPEREPRESENTATION(#10,'Body','Tessellation',(#852,#1046));
#1356=IFCSHAPEREPRESENTATION(#10,'Body','Tessellation',(#852,#1046));
#1357=IFCSHAPEREPRESENTATION(#10,'Body','Tessellation',(#852,#1046));
#1358=IFCSHAPEREPRESENTATION(#10,'Body','Tessellation',(#852,#1046));
#1359=IFCSHAPEREPRESENTATION(#10,'Body','Tessellation',(#852,#1046));
#1360=IFCSHAPEREPRESENTATION(#10,'Body','Tessellation',(#852,#1046));
#1361=IFCSHAPEREPRESENTATION(#10,'Body','Tessellation',(#852,#1046));
#1362=IFCSHAPEREPRESENTATION(#10,'Body','Tessellation',(#852,#1046));
#1363=IFCSHAPEREPRESENTATION(#10,'Body','Tessellation',(#852,#1046));
#1364=IFCSHAPEREPRESENTATION(#10,'Body','Tessellation',(#852,#1046));
#1365=IFCSHAPEREPRESENTATION(#10,'Body','Tessellation',(#852,#1046));
#1366=IFCSHAPEREPRESENTATION(#10,'Body','Tessellation',(#852,#1046));
#1367=IFCSHAPEREPRESENTATION(#10,'Body','Tessellation',(#852,#1046));
#1368=IFCSHAPEREPRESENTATION(#10,'Body','Tessellation',(#852,#1046));
#1369=IFCSHAPEREPRESENTATION(#10,'Body','Tessellation',(#852,#1046));
#1370=IFCSHAPEREPRESENTATION(#10,'Body','Tessellation',(#852,#1046));
#1371=IFCSHAPEREPRESENTATION(#10,'Body','Tessellation',(#852,#1046));
#1372=IFCSHAPEREPRESENTATION(#10,'Body','Tessellation',(#852,#1046));
#1373=IFCSHAPEREPRESENTATION(#10,'Body','Tessellation',(#852,#1046));
#1374=IFCSHAPEREPRESENTATION(#10,'Body','Tessellation',(#852,#1046));
#1375=IFCSHAPEREPRESENTATION(#10,'Body','Tessellation',(#852,#1046));
#1376=IFCSHAPEREPRESENTATION(#10,'Body','Tessellation',(#852,#1046));
#1377=IFCSHAPEREPRESENTATION(#10,'Body','Tessellation',(#852,#1046));
#1378=IFCSHAPEREPRESENTATION(#10,'Body','Tessellation',(#852,#1046));
#1379=IFCSHAPEREPRESENTATION(#10,'Body','Tessellation',(#852,#1046));
#1380=IFCSHAPEREPRESENTATION(#10,'Body','Tessellation',(#852,#1046));
#1381=IFCSHAPEREPRESENTATION(#10,'Body','Tessellation',(#852,#1046));
#1382=IFCSHAPEREPRESENTATION(#10,'Body','Tessellation',(#852,#1046));
#1383=IFCSHAPEREPRESENTATION(#10,'Body','Tessellation',(#852,#1046));
#1384=IFCSHAPEREPRESENTATION(#10,'Body','Tessellation',(#852,#1046));
#1385=IFCSHAPEREPRESENTATION(#10,'Body','Tessellation',(#852,#1046));
#1386=IFCSHAPEREPRESENTATION(#10,'Body','Tessellation',(#852,#1046));
#1387=IFCSHAPEREPRESENTATION(#10,'Body','Tessellation',(#852,#1046));
#1388=IFCSHAPEREPRESENTATION(#10,'Body','Tessellation',(#852,#1046));
#1389=IFCSHAPEREPRESENTATION(#10,'Body','Tessellation',(#852,#1046));
#1390=IFCSHAPEREPRESENTATION(#10,'Body','Tessellation',(#852,#1046));
#1391=IFCSHAPEREPRESENTATION(#10,'Body','Tessellation',(#852,#1046));
#1392=IFCSHAPEREPRESENTATION(#10,'Body','Tessellation',(#852,#1046));
#1393=IFCSHAPEREPRESENTATION(#10,'Body','Tessellation',(#852,#1046));
#1394=IFCSHAPEREPRESENTATION(#10,'Body','Tessellation',(#852,#1046));
#1395=IFCSHAPEREPRESENTATION(#10,'Body','Tessellation',(#852,#1046));
#1396=IFCSHAPEREPRESENTATION(#10,'Body','Tessellation',(#852,#1046));
#1397=IFCSHAPEREPRESENTATION(#10,'Body','Tessellation',(#852,#1046));
#1398=IFCSHAPEREPRESENTATION(#10,'Body','Tessellation',(#852,#1046));
#1399=IFCSHAPEREPRESENTATION(#10,'Body','Tessellation',(#852,#1046));
#1400=IFCSHAPEREPRESENTATION(#10,'Body','Tessellation',(#852,#1046));
#1401=IFCSHAPEREPRESENTATION(#10,'Body','Tessellation',(#852,#1046));
#1402=IFCSHAPEREPRESENTATION(#10,'Body','Tessellation',(#852,#1046));
#1403=IFCSHAPEREPRESENTATION(#10,'Body','Tessellation',(#852,#1046));
#1404=IFCSHAPEREPRESENTATION(#10,'Body','Tessellation',(#852,#1046));
#1405=IFCSHAPEREPRESENTATION(#10,'Body','Tessellation',(#852,#1046));
#1406=IFCSHAPEREPRESENTATION(#10,'Body','Tessellation',(#852,#1046));
#1407=IFCSHAPEREPRESENTATION(#10,'Body','Tessellation',(#852,#1046));
#1408=IFCSHAPEREPRESENTATION(#10,'Body','Tessellation',(#852,#1046));
#1409=IFCSHAPEREPRESENTATION(#10,'Body','Tessellation',(#852,#1046));
#1410=IFCSHAPEREPRESENTATION(#10,'Body','Tessellation',(#852,#1046));
#1411=IFCSHAPEREPRESENTATION(#10,'Body','Tessellation',(#852,#1046));
#1412=IFCSHAPEREPRESENTATION(#10,'Body','Tessellation',(#852,#1046));
#1413=IFCSHAPEREPRESENTATION(#10,'Body','Tessellation',(#852,#1046));
#1414=IFCSHAPEREPRESENTATION(#10,'Body','Tessellation',(#852,#1046));
#1415=IFCSHAPEREPRESENTATION(#10,'Body','Tessellation',(#852,#1046));
#1416=IFCSHAPEREPRESENTATION(#10,'Body','Tessellation',(#852,#1046));
#1417=IFCSHAPEREPRESENTATION(#10,'Body','Tessellation',(#852,#1046));
#1418=IFCSHAPEREPRESENTATION(#10,'Body','Tessellation',(#852,#1046));
#1419=IFCSHAPEREPRESENTATION(#10,'Body','Tessellation',(#852,#1046));
#1420=IFCSHAPEREPRESENTATION(#10,'Body','Tessellation',(#852,#1046));
#1421=IFCSHAPEREPRESENTATION(#10,'Body','Tessellation',(#852,#1046));
#1422=IFCSHAPEREPRESENTATION(#10,'Body','Tessellation',(#852,#1046));
#1423=IFCSHAPEREPRESENTATION(#10,'Body','Tessellation',(#852,#1046));
#1424=IFCSHAPEREPRESENTATION(#10,'Body','Tessellation',(#852,#1046));
#1425=IFCSHAPEREPRESENTATION(#10,'Body','Tessellation',(#852,#1046));
#1426=IFCSHAPEREPRESENTATION(#10,'Body','Tessellation',(#852,#1046));
#1427=IFCSHAPEREPRESENTATION(#10,'Body','Tessellation',(#852,#1046));
#1428=IFCSHAPEREPRESENTATION(#10,'Body','Tessellation',(#852,#1046));
#1429=IFCSHAPEREPRESENTATION(#10,'Body','Tessellation',(#852,#1046));
#1430=IFCSHAPEREPRESENTATION(#10,'Body','Tessellation',(#852,#1046));
#1431=IFCSHAPEREPRESENTATION(#10,'Body','Tessellation',(#852,#1046));
#1432=IFCSHAPEREPRESENTATION(#10,'Body','Tessellation',(#852,#1046));
#1433=IFCSHAPEREPRESENTATION(#10,'Body','Tessellation',(#852,#1046));
#1434=IFCSHAPEREPRESENTATION(#10,'Body','Tessellation',(#852,#1046));
#1435=IFCSHAPEREPRESENTATION(#10,'Body','Tessellation',(#852,#1046));
#1436=IFCSHAPEREPRESENTATION(#10,'Body','Tessellation',(#852,#1046));
#1437=IFCSHAPEREPRESENTATION(#10,'Body','Tessellation',(#852,#1046));
#1438=IFCSHAPEREPRESENTATION(#10,'Body','Tessellation',(#852,#1046));
#1439=IFCSHAPEREPRESENTATION(#10,'Body','Tessellation',(#852,#1046));
#1440=IFCSHAPEREPRESENTATION(#10,'Body','Tessellation',(#852,#1046));
#1441=IFCSHAPEREPRESENTATION(#10,'Body','Tessellation',(#852,#1046));
#1442=IFCSHAPEREPRESENTATION(#10,'Body','Tessellation',(#852,#1046));
#1443=IFCSHAPEREPRESENTATION(#10,'Body','Tessellation',(#852,#1046));
#1444=IFCSHAPEREPRESENTATION(#10,'Body','Tessellation',(#852,#1046));
#1445=IFCSHAPEREPRESENTATION(#10,'Body','Tessellation',(#852,#1046));
#1446=IFCSHAPEREPRESENTATION(#10,'Body','Tessellation',(#852,#1046));
#1447=IFCSHAPEREPRESENTATION(#10,'Body','Tessellation',(#852,#1046));
#1448=IFCSHAPEREPRESENTATION(#10,'Body','Tessellation',(#852,#1046));
#1449=IFCSHAPEREPRESENTATION(#10,'Body','Tessellation',(#852,#1046));
#1450=IFCSHAPEREPRESENTATION(#10,'Body','Tessellation',(#852,#1046));
#1451=IFCSHAPEREPRESENTATION(#10,'Body','Tessellation',(#852,#1046));
#1452=IFCSHAPEREPRESENTATION(#10,'Body','Tessellation',(#852,#1046));
#1453=IFCSHAPEREPRESENTATION(#10,'Body','Tessellation',(#852,#1046));
#1454=IFCSHAPEREPRESENTATION(#10,'Body','Tessellation',(#852,#1046));
#1455=IFCSHAPEREPRESENTATION(#10,'Body','Tessellation',(#852,#1046));
#1456=IFCSHAPEREPRESENTATION(#10,'Body','Tessellation',(#852,#1046));
#1457=IFCSHAPEREPRESENTATION(#10,'Body','Tessellation',(#852,#1046));
#1458=IFCSHAPEREPRESENTATION(#10,'Body','Tessellation',(#852,#1046));
#1459=IFCSHAPEREPRESENTATION(#10,'Body','Tessellation',(#852,#1046));
#1460=IFCSHAPEREPRESENTATION(#10,'Body','Tessellation',(#852,#1046));
#1461=IFCSHAPEREPRESENTATION(#10,'Body','Tessellation',(#852,#1046));
#1462=IFCSHAPEREPRESENTATION(#10,'Body','Tessellation',(#852,#1046));
#1463=IFCSHAPEREPRESENTATION(#10,'Body','Tessellation',(#852,#1046));
#1464=IFCSHAPEREPRESENTATION(#10,'Body','Tessellation',(#852,#1046));
#1465=IFCSHAPEREPRESENTATION(#10,'Body','Tessellation',(#852,#1046));
#1466=IFCSHAPEREPRESENTATION(#10,'Body','Tessellation',(#852,#1046));
#1467=IFCSHAPEREPRESENTATION(#10,'Body','Tessellation',(#852,#1046));
#1468=IFCSHAPEREPRESENTATION(#10,'Body','Tessellation',(#852,#1046));
#1469=IFCSHAPEREPRESENTATION(#10,'Body','Tessellation',(#852,#1046));
#1470=IFCSHAPEREPRESENTATION(#10,'Body','Tessellation',(#852,#1046));
#1471=IFCSHAPEREPRESENTATION(#10,'Body','Tessellation',(#852,#1046));
#1472=IFCSHAPEREPRESENTATION(#10,'Body','Tessellation',(#852,#1046));
#1473=IFCSHAPEREPRESENTATION(#10,'Body','Tessellation',(#852,#1046));
#1474=IFCSHAPEREPRESENTATION(#10,'Body','Tessellation',(#852,#1046));
#1475=IFCSHAPEREPRESENTATION(#10,'Body','Tessellation',(#852,#1046));
#1476=IFCSHAPEREPRESENTATION(#10,'Body','Tessellation',(#852,#1046));
#1477=IFCSHAPEREPRESENTATION(#10,'Body','Tessellation',(#852,#1046));
#1478=IFCSHAPEREPRESENTATION(#10,'Body','Tessellation',(#852,#1046));
#1479=IFCSHAPEREPRESENTATION(#10,'Body','Tessellation',(#852,#1046));
#1480=IFCSHAPEREPRESENTATION(#10,'Body','Tessellation',(#852,#1046));
#1481=IFCSHAPEREPRESENTATION(#10,'Body','Tessellation',(#852,#1046));
#1482=IFCSHAPEREPRESENTATION(#10,'Body','Tessellation',(#852,#1046));
#1483=IFCSHAPEREPRESENTATION(#10,'Body','Tessellation',(#852,#1046));
#1484=IFCSHAPEREPRESENTATION(#10,'Body','Tessellation',(#852,#1046));
#1485=IFCSHAPEREPRESENTATION(#10,'Body','Tessellation',(#852,#1046));
#1486=IFCSHAPEREPRESENTATION(#10,'Body','Tessellation',(#852,#1046));
#1487=IFCSHAPEREPRESENTATION(#10,'Body','Tessellation',(#852,#1046));
#1488=IFCSHAPEREPRESENTATION(#10,'Body','Tessellation',(#852,#1046));
#1489=IFCSHAPEREPRESENTATION(#10,'Body','Tessellation',(#852,#1046));
#1490=IFCSHAPEREPRESENTATION(#10,'Body','Tessellation',(#852,#1046));
#1491=IFCSHAPEREPRESENTATION(#10,'Body','Tessellation',(#852,#1046));
#1492=IFCSHAPEREPRESENTATION(#10,'Body','Tessellation',(#852,#1046));
#1493=IFCSHAPEREPRESENTATION(#10,'Body','Tessellation',(#852,#1046));
#1494=IFCSHAPEREPRESENTATION(#10,'Body','Tessellation',(#852,#1046));
#1495=IFCSHAPEREPRESENTATION(#10,'Body','Tessellation',(#852,#1046));
#1496=IFCSHAPEREPRESENTATION(#10,'Body','Tessellation',(#852,#1046));
#1497=IFCSHAPEREPRESENTATION(#10,'Body','Tessellation',(#852,#1046));
#1498=IFCSHAPEREPRESENTATION(#10,'Body','Tessellation',(#852,#1046));
#1499=IFCSHAPEREPRESENTATION(#10,'Body','Tessellation',(#852,#1046));
#1500=IFCSHAPEREPRESENTATION(#10,'Body','Tessellation',(#852,#1046));
#1501=IFCSHAPEREPRESENTATION(#10,'Body','Tessellation',(#852,#1046));
#1502=IFCSHAPEREPRESENTATION(#10,'Body','Tessellation',(#852,#1046));
#1503=IFCSHAPEREPRESENTATION(#10,'Body','Tessellation',(#852,#1046));
#1504=IFCSHAPEREPRESENTATION(#10,'Body','Tessellation',(#852,#1046));
#1505=IFCSHAPEREPRESENTATION(#10,'Body','Tessellation',(#852,#1046));
#1506=IFCSHAPEREPRESENTATION(#10,'Body','Tessellation',(#852,#1046));
#1507=IFCSHAPEREPRESENTATION(#10,'Body','Tessellation',(#852,#1046));
#1508=IFCSHAPEREPRESENTATION(#10,'Body','Tessellation',(#852,#1046));
#1509=IFCSHAPEREPRESENTATION(#10,'Body','Tessellation',(#852,#1046));
#1510=IFCSHAPEREPRESENTATION(#10,'Body','Tessellation',(#852,#1046));
#1511=IFCSHAPEREPRESENTATION(#10,'Body','Tessellation',(#852,#1046));
#1512=IFCSHAPEREPRESENTATION(#10,'Body','Tessellation',(#852,#1046));
#1513=IFCSHAPEREPRESENTATION(#10,'Body','Tessellation',(#852,#1046));
#1514=IFCSHAPEREPRESENTATION(#10,'Body','Tessellation',(#852,#1046));
#1515=IFCSHAPEREPRESENTATION(#10,'Body','Tessellation',(#852,#1046));
#1516=IFCSHAPEREPRESENTATION(#10,'Body','Tessellation',(#852,#1046));
#1517=IFCSHAPEREPRESENTATION(#10,'Body','Tessellation',(#852,#1046));
#1518=IFCSHAPEREPRESENTATION(#10,'Body','Tessellation',(#852,#1046));
#1519=IFCSHAPEREPRESENTATION(#10,'Body','Tessellation',(#852,#1046));
#1520=IFCSHAPEREPRESENTATION(#10,'Body','Tessellation',(#852,#1046));
#1521=IFCSHAPEREPRESENTATION(#10,'Body','Tessellation',(#852,#1046));
#1522=IFCSHAPEREPRESENTATION(#10,'Body','Tessellation',(#852,#1046));
#1523=IFCSHAPEREPRESENTATION(#10,'Body','Tessellation',(#852,#1046));
#1524=IFCSHAPEREPRESENTATION(#10,'Body','Tessellation',(#852,#1046));
#1525=IFCSHAPEREPRESENTATION(#10,'Body','Tessellation',(#852,#1046));
#1526=IFCSHAPEREPRESENTATION(#10,'Body','Tessellation',(#852,#1046));
#1527=IFCSHAPEREPRESENTATION(#10,'Body','Tessellation',(#852,#1046));
#1528=IFCSHAPEREPRESENTATION(#10,'Body','Tessellation',(#852,#1046));
#1529=IFCSHAPEREPRESENTATION(#10,'Body','Tessellation',(#852,#1046));
#1530=IFCSHAPEREPRESENTATION(#10,'Body','Tessellation',(#852,#1046));
#1531=IFCSHAPEREPRESENTATION(#10,'Body','Tessellation',(#852,#1046));
#1532=IFCSHAPEREPRESENTATION(#10,'Body','Tessellation',(#852,#1046));
#1533=IFCSHAPEREPRESENTATION(#10,'Body','Tessellation',(#852,#1046));
#1534=IFCSHAPEREPRESENTATION(#10,'Body','Tessellation',(#852,#1046));
#1535=IFCSHAPEREPRESENTATION(#10,'Body','Tessellation',(#852,#1046));
#1536=IFCSHAPEREPRESENTATION(#10,'Body','Tessellation',(#852,#1046));
#1537=IFCSHAPEREPRESENTATION(#10,'Body','Tessellation',(#852,#1046));
#1538=IFCSHAPEREPRESENTATION(#10,'Body','Tessellation',(#852,#1046));
#1539=IFCSHAPEREPRESENTATION(#10,'Body','Tessellation',(#852,#1046));
#1540=IFCSHAPEREPRESENTATION(#10,'Body','Tessellation',(#852,#1046));
#1541=IFCSHAPEREPRESENTATION(#10,'Body','Tessellation',(#852,#1046));
#1542=IFCSHAPEREPRESENTATION(#10,'Body','Tessellation',(#852,#1046));
#1543=IFCSHAPEREPRESENTATION(#10,'Body','Tessellation',(#852,#1046));
#1544=IFCSHAPEREPRESENTATION(#10,'Body','Tessellation',(#852,#1046));
#1545=IFCSHAPEREPRESENTATION(#10,'Body','Tessellation',(#852,#1046));
#1546=IFCSHAPEREPRESENTATION(#10,'Body','Tessellation',(#852,#1046));
#1547=IFCSHAPEREPRESENTATION(#10,'Body','Tessellation',(#852,#1046));
#1548=IFCSHAPEREPRESENTATION(#10,'Body','Tessellation',(#852,#1046));
#1549=IFCSHAPEREPRESENTATION(#10,'Body','Tessellation',(#852,#1046));
#1550=IFCSHAPEREPRESENTATION(#10,'Body','Tessellation',(#852,#1046));
#1551=IFCSHAPEREPRESENTATION(#10,'Body','Tessellation',(#852,#1046));
#1552=IFCSHAPEREPRESENTATION(#10,'Body','Tessellation',(#852,#1046));
#1553=IFCSHAPEREPRESENTATION(#10,'Body','Tessellation',(#852,#1046));
#1554=IFCSHAPEREPRESENTATION(#10,'Body','Tessellation',(#852,#1046));
#1555=IFCSHAPEREPRESENTATION(#10,'Body','Tessellation',(#852,#1046));
#1556=IFCSHAPEREPRESENTATION(#10,'Body','Tessellation',(#852,#1046));
#1557=IFCSHAPEREPRESENTATION(#10,'Body','Tessellation',(#852,#1046));
#1558=IFCSHAPEREPRESENTATION(#10,'Body','Tessellation',(#852,#1046));
#1559=IFCSHAPEREPRESENTATION(#10,'Body','Tessellation',(#852,#1046));
#1560=IFCSHAPEREPRESENTATION(#10,'Body','Tessellation',(#852,#1046));
#1561=IFCSHAPEREPRESENTATION(#10,'Body','Tessellation',(#852,#1046));
#1562=IFCSHAPEREPRESENTATION(#10,'Body','Tessellation',(#852,#1046));
#1563=IFCSHAPEREPRESENTATION(#10,'Body','Tessellation',(#852,#1046));
#1564=IFCSHAPEREPRESENTATION(#10,'Body','Tessellation',(#852,#1046));
#1565=IFCSHAPEREPRESENTATION(#10,'Body','Tessellation',(#852,#1046));
#1566=IFCSHAPEREPRESENTATION(#10,'Body','Tessellation',(#852,#1046));
#1567=IFCSHAPEREPRESENTATION(#10,'Body','Tessellation',(#852,#1046));
#1568=IFCSHAPEREPRESENTATION(#10,'Body','Tessellation',(#852,#1046));
#1569=IFCSHAPEREPRESENTATION(#10,'Body','Tessellation',(#852,#1046));
#1570=IFCSHAPEREPRESENTATION(#10,'Body','Tessellation',(#852,#1046));
#1571=IFCSHAPEREPRESENTATION(#10,'Body','Tessellation',(#852,#1046));
#1572=IFCSHAPEREPRESENTATION(#10,'Body','Tessellation',(#852,#1046));
#1573=IFCSHAPEREPRESENTATION(#10,'Body','Tessellation',(#852,#1046));
#1574=IFCSHAPEREPRESENTATION(#10,'Body','Tessellation',(#852,#1046));
#1575=IFCSHAPEREPRESENTATION(#10,'Body','Tessellation',(#852,#1046));
#1576=IFCSHAPEREPRESENTATION(#10,'Body','Tessellation',(#852,#1046));
#1577=IFCPROPERTYSINGLEVALUE('objectBegintijd',$,IFCLABEL('1394751600000'),$);
#1578=IFCPROPERTYSINGLEVALUE('identificatie',$,IFCIDENTIFIER('NL.IMGeo.G0772.14c0ac6ab1df4b16889b4e7779156aa0'),$);
#1579=IFCPROPERTYSINGLEVALUE('tijdstipRegistratie',$,IFCLABEL('1452169524000'),$);
#1580=IFCPROPERTYSINGLEVALUE('LV-publicatiedatum',$,IFCLABEL('1459857343000'),$);
#1581=IFCPROPERTYSINGLEVALUE('bronhouder',$,IFCLABEL('G0772'),$);
#1582=IFCPROPERTYSINGLEVALUE('inOnderzoek',$,IFCBOOLEAN(.T.),$);
#1583=IFCPROPERTYSINGLEVALUE('relatieveHoogteligging',$,IFCREAL(0.),$);
#1584=IFCPROPERTYSINGLEVALUE('bgt-status',$,IFCLABEL('bestaand'),$);
#1585=IFCPROPERTYSINGLEVALUE('plus-type',$,IFCLABEL('niet-bgt:boom'),$);
#1586=IFCPROPERTYSET('08ZpqkUeH5ohYykXpdeSUq',#5,'CPset_BGT',$,(#1577,#1578,#1579,#1580,#1581,#1582,#1583,#1584,#1585));
#1587=IFCPROPERTYSINGLEVALUE('objectBegintijd',$,IFCLABEL('1394751600000'),$);
#1588=IFCPROPERTYSINGLEVALUE('identificatie',$,IFCIDENTIFIER('NL.IMGeo.G0772.1f12aadb4ea2464f998a4ac9cb91b69f'),$);
#1589=IFCPROPERTYSINGLEVALUE('tijdstipRegistratie',$,IFCLABEL('1452169524000'),$);
#1590=IFCPROPERTYSINGLEVALUE('LV-publicatiedatum',$,IFCLABEL('1459857343000'),$);
#1591=IFCPROPERTYSINGLEVALUE('bronhouder',$,IFCLABEL('G0772'),$);
#1592=IFCPROPERTYSINGLEVALUE('inOnderzoek',$,IFCBOOLEAN(.T.),$);
#1593=IFCPROPERTYSINGLEVALUE('relatieveHoogteligging',$,IFCREAL(0.),$);
#1594=IFCPROPERTYSINGLEVALUE('bgt-status',$,IFCLABEL('bestaand'),$);
#1595=IFCPROPERTYSINGLEVALUE('plus-type',$,IFCLABEL('niet-bgt:boom'),$);
#1596=IFCPROPERTYSET('3yzeq40hX5PwqSEjB8HQLE',#5,'CPset_BGT',$,(#1587,#1588,#1589,#1590,#1591,#1592,#1593,#1594,#1595));
#1597=IFCPROPERTYSINGLEVALUE('objectBegintijd',$,IFCLABEL('1394751600000'),$);
#1598=IFCPROPERTYSINGLEVALUE('identificatie',$,IFCIDENTIFIER('NL.IMGeo.G0772.2520ac002bd14438bf77e3443e8d1be9'),$);
#1599=IFCPROPERTYSINGLEVALUE('tijdstipRegistratie',$,IFCLABEL('1452169524000'),$);
#1600=IFCPROPERTYSINGLEVALUE('LV-publicatiedatum',$,IFCLABEL('1459857343000'),$);
#1601=IFCPROPERTYSINGLEVALUE('bronhouder',$,IFCLABEL('G0772'),$);
#1602=IFCPROPERTYSINGLEVALUE('inOnderzoek',$,IFCBOOLEAN(.T.),$);
#1603=IFCPROPERTYSINGLEVALUE('relatieveHoogteligging',$,IFCREAL(0.),$);
#1604=IFCPROPERTYSINGLEVALUE('bgt-status',$,IFCLABEL('bestaand'),$);
#1605=IFCPROPERTYSINGLEVALUE('plus-type',$,IFCLABEL('niet-bgt:boom'),$);
#1606=IFCPROPERTYSET('1$z2vyXe5978OGdG94PB6i',#5,'CPset_BGT',$,(#1597,#1598,#1599,#1600,#1601,#1602,#1603,#1604,#1605));
#1607=IFCPROPERTYSINGLEVALUE('objectBegintijd',$,IFCLABEL('1159221600000'),$);
#1608=IFCPROPERTYSINGLEVALUE('identificatie',$,IFCIDENTIFIER('NL.IMGeo.G0772.2f74fc7ae86f4220bd8c13e50ac20ccd'),$);
#1609=IFCPROPERTYSINGLEVALUE('tijdstipRegistratie',$,IFCLABEL('1452169524000'),$);
#1610=IFCPROPERTYSINGLEVALUE('LV-publicatiedatum',$,IFCLABEL('1459857343000'),$);
#1611=IFCPROPERTYSINGLEVALUE('bronhouder',$,IFCLABEL('G0772'),$);
#1612=IFCPROPERTYSINGLEVALUE('inOnderzoek',$,IFCBOOLEAN(.T.),$);
#1613=IFCPROPERTYSINGLEVALUE('relatieveHoogteligging',$,IFCREAL(0.),$);
#1614=IFCPROPERTYSINGLEVALUE('bgt-status',$,IFCLABEL('bestaand'),$);
#1615=IFCPROPERTYSINGLEVALUE('plus-type',$,IFCLABEL('niet-bgt:boom'),$);
#1616=IFCPROPERTYSET('1Hwntjx0f4uhHp9jO1Ds9v',#5,'CPset_BGT',$,(#1607,#1608,#1609,#1610,#1611,#1612,#1613,#1614,#1615));
#1617=IFCPROPERTYSINGLEVALUE('objectBegintijd',$,IFCLABEL('1159221600000'),$);
#1618=IFCPROPERTYSINGLEVALUE('identificatie',$,IFCIDENTIFIER('NL.IMGeo.G0772.65e095b27e2e45dfa3b222921c22f65e'),$);
#1619=IFCPROPERTYSINGLEVALUE('tijdstipRegistratie',$,IFCLABEL('1452169524000'),$);
#1620=IFCPROPERTYSINGLEVALUE('LV-publicatiedatum',$,IFCLABEL('1459857343000'),$);
#1621=IFCPROPERTYSINGLEVALUE('bronhouder',$,IFCLABEL('G0772'),$);
#1622=IFCPROPERTYSINGLEVALUE('inOnderzoek',$,IFCBOOLEAN(.T.),$);
#1623=IFCPROPERTYSINGLEVALUE('relatieveHoogteligging',$,IFCREAL(0.),$);
#1624=IFCPROPERTYSINGLEVALUE('bgt-status',$,IFCLABEL('bestaand'),$);
#1625=IFCPROPERTYSINGLEVALUE('plus-type',$,IFCLABEL('niet-bgt:boom'),$);
#1626=IFCPROPERTYSET('0YY$n6Ib55XA8u1qNNqzZT',#5,'CPset_BGT',$,(#1617,#1618,#1619,#1620,#1621,#1622,#1623,#1624,#1625));
#1627=IFCPROPERTYSINGLEVALUE('objectBegintijd',$,IFCLABEL('1159221600000'),$);
#1628=IFCPROPERTYSINGLEVALUE('identificatie',$,IFCIDENTIFIER('NL.IMGeo.G0772.7975d6be8e09469d83540198f10d3369'),$);
#1629=IFCPROPERTYSINGLEVALUE('tijdstipRegistratie',$,IFCLABEL('1452169524000'),$);
#1630=IFCPROPERTYSINGLEVALUE('LV-publicatiedatum',$,IFCLABEL('1459857343000'),$);
#1631=IFCPROPERTYSINGLEVALUE('bronhouder',$,IFCLABEL('G0772'),$);
#1632=IFCPROPERTYSINGLEVALUE('inOnderzoek',$,IFCBOOLEAN(.T.),$);
#1633=IFCPROPERTYSINGLEVALUE('relatieveHoogteligging',$,IFCREAL(0.),$);
#1634=IFCPROPERTYSINGLEVALUE('bgt-status',$,IFCLABEL('bestaand'),$);
#1635=IFCPROPERTYSINGLEVALUE('plus-type',$,IFCLABEL('niet-bgt:boom'),$);
#1636=IFCPROPERTYSET('2oIT3U5v16quzsw19ZW7Fg',#5,'CPset_BGT',$,(#1627,#1628,#1629,#1630,#1631,#1632,#1633,#1634,#1635));
#1637=IFCPROPERTYSINGLEVALUE('objectBegintijd',$,IFCLABEL('1159221600000'),$);
#1638=IFCPROPERTYSINGLEVALUE('identificatie',$,IFCIDENTIFIER('NL.IMGeo.G0772.86d260d0e19d47feb07f19e211f5475b'),$);
#1639=IFCPROPERTYSINGLEVALUE('tijdstipRegistratie',$,IFCLABEL('1452169524000'),$);
#1640=IFCPROPERTYSINGLEVALUE('LV-publicatiedatum',$,IFCLABEL('1459857343000'),$);
#1641=IFCPROPERTYSINGLEVALUE('bronhouder',$,IFCLABEL('G0772'),$);
#1642=IFCPROPERTYSINGLEVALUE('inOnderzoek',$,IFCBOOLEAN(.T.),$);
#1643=IFCPROPERTYSINGLEVALUE('relatieveHoogteligging',$,IFCREAL(0.),$);
#1644=IFCPROPERTYSINGLEVALUE('bgt-status',$,IFCLABEL('bestaand'),$);
#1645=IFCPROPERTYSINGLEVALUE('plus-type',$,IFCLABEL('niet-bgt:boom'),$);
#1646=IFCPROPERTYSET('2xW2Uphcb7hvTuSSzG$v$J',#5,'CPset_BGT',$,(#1637,#1638,#1639,#1640,#1641,#1642,#1643,#1644,#1645));
#1647=IFCPROPERTYSINGLEVALUE('objectBegintijd',$,IFCLABEL('1159221600000'),$);
#1648=IFCPROPERTYSINGLEVALUE('identificatie',$,IFCIDENTIFIER('NL.IMGeo.G0772.df5eaf938eaf414581b17566ea37b9e9'),$);
#1649=IFCPROPERTYSINGLEVALUE('tijdstipRegistratie',$,IFCLABEL('1452169524000'),$);
#1650=IFCPROPERTYSINGLEVALUE('LV-publicatiedatum',$,IFCLABEL('1459857343000'),$);
#1651=IFCPROPERTYSINGLEVALUE('bronhouder',$,IFCLABEL('G0772'),$);
#1652=IFCPROPERTYSINGLEVALUE('inOnderzoek',$,IFCBOOLEAN(.T.),$);
#1653=IFCPROPERTYSINGLEVALUE('relatieveHoogteligging',$,IFCREAL(0.),$);
#1654=IFCPROPERTYSINGLEVALUE('bgt-status',$,IFCLABEL('bestaand'),$);
#1655=IFCPROPERTYSINGLEVALUE('plus-type',$,IFCLABEL('niet-bgt:boom'),$);
#1656=IFCPROPERTYSET('0DL1BXu3D7BvKqVz148WHP',#5,'CPset_BGT',$,(#1647,#1648,#1649,#1650,#1651,#1652,#1653,#1654,#1655));
#1657=IFCPROPERTYSINGLEVALUE('objectBegintijd',$,IFCLABEL('1159221600000'),$);
#1658=IFCPROPERTYSINGLEVALUE('identificatie',$,IFCIDENTIFIER('NL.IMGeo.G0772.ed1e260e2e7645d58c40648356917a46'),$);
#1659=IFCPROPERTYSINGLEVALUE('tijdstipRegistratie',$,IFCLABEL('1452169524000'),$);
#1660=IFCPROPERTYSINGLEVALUE('LV-publicatiedatum',$,IFCLABEL('1459857343000'),$);
#1661=IFCPROPERTYSINGLEVALUE('bronhouder',$,IFCLABEL('G0772'),$);
#1662=IFCPROPERTYSINGLEVALUE('inOnderzoek',$,IFCBOOLEAN(.T.),$);
#1663=IFCPROPERTYSINGLEVALUE('relatieveHoogteligging',$,IFCREAL(0.),$);
#1664=IFCPROPERTYSINGLEVALUE('bgt-status',$,IFCLABEL('bestaand'),$);
#1665=IFCPROPERTYSINGLEVALUE('plus-type',$,IFCLABEL('niet-bgt:boom'),$);
#1666=IFCPROPERTYSET('3loVMJya9FjvAs2$Oqz$mI',#5,'CPset_BGT',$,(#1657,#1658,#1659,#1660,#1661,#1662,#1663,#1664,#1665));
#1667=IFCPROPERTYSINGLEVALUE('objectBegintijd',$,IFCLABEL('1394751600000'),$);
#1668=IFCPROPERTYSINGLEVALUE('identificatie',$,IFCIDENTIFIER('NL.IMGeo.G0772.f8db2ea8e0204ad0874124c50519d68e'),$);
#1669=IFCPROPERTYSINGLEVALUE('tijdstipRegistratie',$,IFCLABEL('1452169524000'),$);
#1670=IFCPROPERTYSINGLEVALUE('LV-publicatiedatum',$,IFCLABEL('1459857343000'),$);
#1671=IFCPROPERTYSINGLEVALUE('bronhouder',$,IFCLABEL('G0772'),$);
#1672=IFCPROPERTYSINGLEVALUE('inOnderzoek',$,IFCBOOLEAN(.T.),$);
#1673=IFCPROPERTYSINGLEVALUE('relatieveHoogteligging',$,IFCREAL(0.),$);
#1674=IFCPROPERTYSINGLEVALUE('bgt-status',$,IFCLABEL('bestaand'),$);
#1675=IFCPROPERTYSINGLEVALUE('plus-type',$,IFCLABEL('niet-bgt:boom'),$);
#1676=IFCPROPERTYSET('3hoWgKaOjAchBJ$PgwJkpZ',#5,'CPset_BGT',$,(#1667,#1668,#1669,#1670,#1671,#1672,#1673,#1674,#1675));
#1677=IFCPROPERTYSINGLEVALUE('objectBegintijd',$,IFCLABEL('1159221600000'),$);
#1678=IFCPROPERTYSINGLEVALUE('identificatie',$,IFCIDENTIFIER('NL.IMGeo.G0772.20e090a965594f77bab8360060d9a5fe'),$);
#1679=IFCPROPERTYSINGLEVALUE('tijdstipRegistratie',$,IFCLABEL('1452169524000'),$);
#1680=IFCPROPERTYSINGLEVALUE('LV-publicatiedatum',$,IFCLABEL('1459857343000'),$);
#1681=IFCPROPERTYSINGLEVALUE('bronhouder',$,IFCLABEL('G0772'),$);
#1682=IFCPROPERTYSINGLEVALUE('inOnderzoek',$,IFCBOOLEAN(.T.),$);
#1683=IFCPROPERTYSINGLEVALUE('relatieveHoogteligging',$,IFCREAL(0.),$);
#1684=IFCPROPERTYSINGLEVALUE('bgt-status',$,IFCLABEL('bestaand'),$);
#1685=IFCPROPERTYSINGLEVALUE('plus-type',$,IFCLABEL('niet-bgt:boom'),$);
#1686=IFCPROPERTYSET('1ZCMJkbIj6kQabL5ET5j8C',#5,'CPset_BGT',$,(#1677,#1678,#1679,#1680,#1681,#1682,#1683,#1684,#1685));
#1687=IFCPROPERTYSINGLEVALUE('objectBegintijd',$,IFCLABEL('1394751600000'),$);
#1688=IFCPROPERTYSINGLEVALUE('identificatie',$,IFCIDENTIFIER('NL.IMGeo.G0772.2848243422744768ac19fbc4a81e78fa'),$);
#1689=IFCPROPERTYSINGLEVALUE('tijdstipRegistratie',$,IFCLABEL('1452169524000'),$);
#1690=IFCPROPERTYSINGLEVALUE('LV-publicatiedatum',$,IFCLABEL('1459857343000'),$);
#1691=IFCPROPERTYSINGLEVALUE('bronhouder',$,IFCLABEL('G0772'),$);
#1692=IFCPROPERTYSINGLEVALUE('inOnderzoek',$,IFCBOOLEAN(.T.),$);
#1693=IFCPROPERTYSINGLEVALUE('relatieveHoogteligging',$,IFCREAL(0.),$);
#1694=IFCPROPERTYSINGLEVALUE('bgt-status',$,IFCLABEL('bestaand'),$);
#1695=IFCPROPERTYSINGLEVALUE('plus-type',$,IFCLABEL('niet-bgt:boom'),$);
#1696=IFCPROPERTYSET('0PD0X4m$9FaA1UaW6AXT9C',#5,'CPset_BGT',$,(#1687,#1688,#1689,#1690,#1691,#1692,#1693,#1694,#1695));
#1697=IFCPROPERTYSINGLEVALUE('objectBegintijd',$,IFCLABEL('1159221600000'),$);
#1698=IFCPROPERTYSINGLEVALUE('identificatie',$,IFCIDENTIFIER('NL.IMGeo.G0772.2de6086ca5724ddb9fc750b1eab337dd'),$);
#1699=IFCPROPERTYSINGLEVALUE('tijdstipRegistratie',$,IFCLABEL('1452169524000'),$);
#1700=IFCPROPERTYSINGLEVALUE('LV-publicatiedatum',$,IFCLABEL('1459857343000'),$);
#1701=IFCPROPERTYSINGLEVALUE('bronhouder',$,IFCLABEL('G0772'),$);
#1702=IFCPROPERTYSINGLEVALUE('inOnderzoek',$,IFCBOOLEAN(.T.),$);
#1703=IFCPROPERTYSINGLEVALUE('relatieveHoogteligging',$,IFCREAL(0.),$);
#1704=IFCPROPERTYSINGLEVALUE('bgt-status',$,IFCLABEL('bestaand'),$);
#1705=IFCPROPERTYSINGLEVALUE('plus-type',$,IFCLABEL('niet-bgt:boom'),$);
#1706=IFCPROPERTYSET('1QytRrF$f3tu0Lv0xJ1VNh',#5,'CPset_BGT',$,(#1697,#1698,#1699,#1700,#1701,#1702,#1703,#1704,#1705));
#1707=IFCPROPERTYSINGLEVALUE('objectBegintijd',$,IFCLABEL('1159221600000'),$);
#1708=IFCPROPERTYSINGLEVALUE('identificatie',$,IFCIDENTIFIER('NL.IMGeo.G0772.3067d0ba2a54420d9f84a8d690b62acc'),$);
#1709=IFCPROPERTYSINGLEVALUE('tijdstipRegistratie',$,IFCLABEL('1452169524000'),$);
#1710=IFCPROPERTYSINGLEVALUE('LV-publicatiedatum',$,IFCLABEL('1459857343000'),$);
#1711=IFCPROPERTYSINGLEVALUE('bronhouder',$,IFCLABEL('G0772'),$);
#1712=IFCPROPERTYSINGLEVALUE('inOnderzoek',$,IFCBOOLEAN(.T.),$);
#1713=IFCPROPERTYSINGLEVALUE('relatieveHoogteligging',$,IFCREAL(0.),$);
#1714=IFCPROPERTYSINGLEVALUE('bgt-status',$,IFCLABEL('bestaand'),$);
#1715=IFCPROPERTYSINGLEVALUE('plus-type',$,IFCLABEL('niet-bgt:boom'),$);
#1716=IFCPROPERTYSET('0fawsizQH4QRb8S36OeVVN',#5,'CPset_BGT',$,(#1707,#1708,#1709,#1710,#1711,#1712,#1713,#1714,#1715));
#1717=IFCPROPERTYSINGLEVALUE('objectBegintijd',$,IFCLABEL('1394751600000'),$);
#1718=IFCPROPERTYSINGLEVALUE('identificatie',$,IFCIDENTIFIER('NL.IMGeo.G0772.348f114128f34415888c74170101589d'),$);
#1719=IFCPROPERTYSINGLEVALUE('tijdstipRegistratie',$,IFCLABEL('1452169524000'),$);
#1720=IFCPROPERTYSINGLEVALUE('LV-publicatiedatum',$,IFCLABEL('1459857343000'),$);
#1721=IFCPROPERTYSINGLEVALUE('bronhouder',$,IFCLABEL('G0772'),$);
#1722=IFCPROPERTYSINGLEVALUE('inOnderzoek',$,IFCBOOLEAN(.T.),$);
#1723=IFCPROPERTYSINGLEVALUE('relatieveHoogteligging',$,IFCREAL(0.),$);
#1724=IFCPROPERTYSINGLEVALUE('bgt-status',$,IFCLABEL('bestaand'),$);
#1725=IFCPROPERTYSINGLEVALUE('plus-type',$,IFCLABEL('niet-bgt:boom'),$);
#1726=IFCPROPERTYSET('0NJgWfXUv4hB8vab1jer6w',#5,'CPset_BGT',$,(#1717,#1718,#1719,#1720,#1721,#1722,#1723,#1724,#1725));
#1727=IFCPROPERTYSINGLEVALUE('objectBegintijd',$,IFCLABEL('1159221600000'),$);
#1728=IFCPROPERTYSINGLEVALUE('identificatie',$,IFCIDENTIFIER('NL.IMGeo.G0772.57b6965ba0f646f3a18ac27ca3e63f6c'),$);
#1729=IFCPROPERTYSINGLEVALUE('tijdstipRegistratie',$,IFCLABEL('1452169524000'),$);
#1730=IFCPROPERTYSINGLEVALUE('LV-publicatiedatum',$,IFCLABEL('1459857343000'),$);
#1731=IFCPROPERTYSINGLEVALUE('bronhouder',$,IFCLABEL('G0772'),$);
#1732=IFCPROPERTYSINGLEVALUE('inOnderzoek',$,IFCBOOLEAN(.T.),$);
#1733=IFCPROPERTYSINGLEVALUE('relatieveHoogteligging',$,IFCREAL(0.),$);
#1734=IFCPROPERTYSINGLEVALUE('bgt-status',$,IFCLABEL('bestaand'),$);
#1735=IFCPROPERTYSINGLEVALUE('plus-type',$,IFCLABEL('niet-bgt:boom'),$);
#1736=IFCPROPERTYSET('07OpyboZv749dCNOk9KB2U',#5,'CPset_BGT',$,(#1727,#1728,#1729,#1730,#1731,#1732,#1733,#1734,#1735));
#1737=IFCPROPERTYSINGLEVALUE('objectBegintijd',$,IFCLABEL('1159221600000'),$);
#1738=IFCPROPERTYSINGLEVALUE('identificatie',$,IFCIDENTIFIER('NL.IMGeo.G0772.5b105009307043e493c1d7820d1e974d'),$);
#1739=IFCPROPERTYSINGLEVALUE('tijdstipRegistratie',$,IFCLABEL('1452169524000'),$);
#1740=IFCPROPERTYSINGLEVALUE('LV-publicatiedatum',$,IFCLABEL('1459857343000'),$);
#1741=IFCPROPERTYSINGLEVALUE('bronhouder',$,IFCLABEL('G0772'),$);
#1742=IFCPROPERTYSINGLEVALUE('inOnderzoek',$,IFCBOOLEAN(.T.),$);
#1743=IFCPROPERTYSINGLEVALUE('relatieveHoogteligging',$,IFCREAL(0.),$);
#1744=IFCPROPERTYSINGLEVALUE('bgt-status',$,IFCLABEL('bestaand'),$);
#1745=IFCPROPERTYSINGLEVALUE('plus-type',$,IFCLABEL('niet-bgt:boom'),$);
#1746=IFCPROPERTYSET('2edZoiuUj4ORQj03SqxG9O',#5,'CPset_BGT',$,(#1737,#1738,#1739,#1740,#1741,#1742,#1743,#1744,#1745));
#1747=IFCPROPERTYSINGLEVALUE('objectBegintijd',$,IFCLABEL('1430258400000'),$);
#1748=IFCPROPERTYSINGLEVALUE('identificatie',$,IFCIDENTIFIER('NL.IMGeo.G0772.6083794a5029468493eeda5877caac02'),$);
#1749=IFCPROPERTYSINGLEVALUE('tijdstipRegistratie',$,IFCLABEL('1452169524000'),$);
#1750=IFCPROPERTYSINGLEVALUE('LV-publicatiedatum',$,IFCLABEL('1459857343000'),$);
#1751=IFCPROPERTYSINGLEVALUE('bronhouder',$,IFCLABEL('G0772'),$);
#1752=IFCPROPERTYSINGLEVALUE('inOnderzoek',$,IFCBOOLEAN(.T.),$);
#1753=IFCPROPERTYSINGLEVALUE('relatieveHoogteligging',$,IFCREAL(0.),$);
#1754=IFCPROPERTYSINGLEVALUE('bgt-status',$,IFCLABEL('bestaand'),$);
#1755=IFCPROPERTYSINGLEVALUE('plus-type',$,IFCLABEL('niet-bgt:boom'),$);
#1756=IFCPROPERTYSET('1aelCxVlnBCgU7catHm7Dg',#5,'CPset_BGT',$,(#1747,#1748,#1749,#1750,#1751,#1752,#1753,#1754,#1755));
#1757=IFCPROPERTYSINGLEVALUE('objectBegintijd',$,IFCLABEL('1394751600000'),$);
#1758=IFCPROPERTYSINGLEVALUE('identificatie',$,IFCIDENTIFIER('NL.IMGeo.G0772.6b0e17e7f1254bf1b6ce9bcefdd97ef9'),$);
#1759=IFCPROPERTYSINGLEVALUE('tijdstipRegistratie',$,IFCLABEL('1452169524000'),$);
#1760=IFCPROPERTYSINGLEVALUE('LV-publicatiedatum',$,IFCLABEL('1459857343000'),$);
#1761=IFCPROPERTYSINGLEVALUE('bronhouder',$,IFCLABEL('G0772'),$);
#1762=IFCPROPERTYSINGLEVALUE('inOnderzoek',$,IFCBOOLEAN(.T.),$);
#1763=IFCPROPERTYSINGLEVALUE('relatieveHoogteligging',$,IFCREAL(0.),$);
#1764=IFCPROPERTYSINGLEVALUE('bgt-status',$,IFCLABEL('bestaand'),$);
#1765=IFCPROPERTYSINGLEVALUE('plus-type',$,IFCLABEL('niet-bgt:boom'),$);
#1766=IFCPROPERTYSET('2newjfyZ135w04vOqrdTPk',#5,'CPset_BGT',$,(#1757,#1758,#1759,#1760,#1761,#1762,#1763,#1764,#1765));
#1767=IFCPROPERTYSINGLEVALUE('objectBegintijd',$,IFCLABEL('1394751600000'),$);
#1768=IFCPROPERTYSINGLEVALUE('identificatie',$,IFCIDENTIFIER('NL.IMGeo.G0772.8e7865f094ec4fb892533145cb43a8d2'),$);
#1769=IFCPROPERTYSINGLEVALUE('tijdstipRegistratie',$,IFCLABEL('1452169524000'),$);
#1770=IFCPROPERTYSINGLEVALUE('LV-publicatiedatum',$,IFCLABEL('1459857343000'),$);
#1771=IFCPROPERTYSINGLEVALUE('bronhouder',$,IFCLABEL('G0772'),$);
#1772=IFCPROPERTYSINGLEVALUE('inOnderzoek',$,IFCBOOLEAN(.T.),$);
#1773=IFCPROPERTYSINGLEVALUE('relatieveHoogteligging',$,IFCREAL(0.),$);
#1774=IFCPROPERTYSINGLEVALUE('bgt-status',$,IFCLABEL('bestaand'),$);
#1775=IFCPROPERTYSINGLEVALUE('plus-type',$,IFCLABEL('niet-bgt:boom'),$);
#1776=IFCPROPERTYSET('38ABnZOTrD3udfhZ47AVmd',#5,'CPset_BGT',$,(#1767,#1768,#1769,#1770,#1771,#1772,#1773,#1774,#1775));
#1777=IFCPROPERTYSINGLEVALUE('objectBegintijd',$,IFCLABEL('1159221600000'),$);
#1778=IFCPROPERTYSINGLEVALUE('identificatie',$,IFCIDENTIFIER('NL.IMGeo.G0772.953d091645684a8aa3abd48ac5092546'),$);
#1779=IFCPROPERTYSINGLEVALUE('tijdstipRegistratie',$,IFCLABEL('1452169524000'),$);
#1780=IFCPROPERTYSINGLEVALUE('LV-publicatiedatum',$,IFCLABEL('1459857343000'),$);
#1781=IFCPROPERTYSINGLEVALUE('bronhouder',$,IFCLABEL('G0772'),$);
#1782=IFCPROPERTYSINGLEVALUE('inOnderzoek',$,IFCBOOLEAN(.T.),$);
#1783=IFCPROPERTYSINGLEVALUE('relatieveHoogteligging',$,IFCREAL(0.),$);
#1784=IFCPROPERTYSINGLEVALUE('bgt-status',$,IFCLABEL('bestaand'),$);
#1785=IFCPROPERTYSINGLEVALUE('plus-type',$,IFCLABEL('niet-bgt:boom'),$);
#1786=IFCPROPERTYSET('0qG2yTd3v99eBy$eGsL0AH',#5,'CPset_BGT',$,(#1777,#1778,#1779,#1780,#1781,#1782,#1783,#1784,#1785));
#1787=IFCPROPERTYSINGLEVALUE('objectBegintijd',$,IFCLABEL('1394751600000'),$);
#1788=IFCPROPERTYSINGLEVALUE('identificatie',$,IFCIDENTIFIER('NL.IMGeo.G0772.9ce3e9e1f9094f8e966db901d30fe90d'),$);
#1789=IFCPROPERTYSINGLEVALUE('tijdstipRegistratie',$,IFCLABEL('1452169524000'),$);
#1790=IFCPROPERTYSINGLEVALUE('LV-publicatiedatum',$,IFCLABEL('1459857343000'),$);
#1791=IFCPROPERTYSINGLEVALUE('bronhouder',$,IFCLABEL('G0772'),$);
#1792=IFCPROPERTYSINGLEVALUE('inOnderzoek',$,IFCBOOLEAN(.T.),$);
#1793=IFCPROPERTYSINGLEVALUE('relatieveHoogteligging',$,IFCREAL(0.),$);
#1794=IFCPROPERTYSINGLEVALUE('bgt-status',$,IFCLABEL('bestaand'),$);
#1795=IFCPROPERTYSINGLEVALUE('plus-type',$,IFCLABEL('niet-bgt:boom'),$);
#1796=IFCPROPERTYSET('1pxDJ3KPr3_QtlC22egDBT',#5,'CPset_BGT',$,(#1787,#1788,#1789,#1790,#1791,#1792,#1793,#1794,#1795));
#1797=IFCPROPERTYSINGLEVALUE('objectBegintijd',$,IFCLABEL('1394751600000'),$);
#1798=IFCPROPERTYSINGLEVALUE('identificatie',$,IFCIDENTIFIER('NL.IMGeo.G0772.9d12a08a36fd40418901cfed4ed84534'),$);
#1799=IFCPROPERTYSINGLEVALUE('tijdstipRegistratie',$,IFCLABEL('1452169524000'),$);
#1800=IFCPROPERTYSINGLEVALUE('LV-publicatiedatum',$,IFCLABEL('1459857343000'),$);
#1801=IFCPROPERTYSINGLEVALUE('bronhouder',$,IFCLABEL('G0772'),$);
#1802=IFCPROPERTYSINGLEVALUE('inOnderzoek',$,IFCBOOLEAN(.T.),$);
#1803=IFCPROPERTYSINGLEVALUE('relatieveHoogteligging',$,IFCREAL(0.),$);
#1804=IFCPROPERTYSINGLEVALUE('bgt-status',$,IFCLABEL('bestaand'),$);
#1805=IFCPROPERTYSINGLEVALUE('plus-type',$,IFCLABEL('niet-bgt:boom'),$);
#1806=IFCPROPERTYSET('0UnXVaRa1CefBVAA6EZGI2',#5,'CPset_BGT',$,(#1797,#1798,#1799,#1800,#1801,#1802,#1803,#1804,#1805));
#1807=IFCPROPERTYSINGLEVALUE('objectBegintijd',$,IFCLABEL('1159221600000'),$);
#1808=IFCPROPERTYSINGLEVALUE('identificatie',$,IFCIDENTIFIER('NL.IMGeo.G0772.a1e8546e340b45b7af3f79aa0a6565c7'),$);
#1809=IFCPROPERTYSINGLEVALUE('tijdstipRegistratie',$,IFCLABEL('1452169524000'),$);
#1810=IFCPROPERTYSINGLEVALUE('LV-publicatiedatum',$,IFCLABEL('1459857343000'),$);
#1811=IFCPROPERTYSINGLEVALUE('bronhouder',$,IFCLABEL('G0772'),$);
#1812=IFCPROPERTYSINGLEVALUE('inOnderzoek',$,IFCBOOLEAN(.T.),$);
#1813=IFCPROPERTYSINGLEVALUE('relatieveHoogteligging',$,IFCREAL(0.),$);
#1814=IFCPROPERTYSINGLEVALUE('bgt-status',$,IFCLABEL('bestaand'),$);
#1815=IFCPROPERTYSINGLEVALUE('plus-type',$,IFCLABEL('niet-bgt:boom'),$);
#1816=IFCPROPERTYSET('3ghCsxyvfA9QpfBwkmelZH',#5,'CPset_BGT',$,(#1807,#1808,#1809,#1810,#1811,#1812,#1813,#1814,#1815));
#1817=IFCPROPERTYSINGLEVALUE('objectBegintijd',$,IFCLABEL('1394751600000'),$);
#1818=IFCPROPERTYSINGLEVALUE('identificatie',$,IFCIDENTIFIER('NL.IMGeo.G0772.b07b85744f0e4994bdec45808928426c'),$);
#1819=IFCPROPERTYSINGLEVALUE('tijdstipRegistratie',$,IFCLABEL('1452169524000'),$);
#1820=IFCPROPERTYSINGLEVALUE('LV-publicatiedatum',$,IFCLABEL('1459857343000'),$);
#1821=IFCPROPERTYSINGLEVALUE('bronhouder',$,IFCLABEL('G0772'),$);
#1822=IFCPROPERTYSINGLEVALUE('inOnderzoek',$,IFCBOOLEAN(.T.),$);
#1823=IFCPROPERTYSINGLEVALUE('relatieveHoogteligging',$,IFCREAL(0.),$);
#1824=IFCPROPERTYSINGLEVALUE('bgt-status',$,IFCLABEL('bestaand'),$);
#1825=IFCPROPERTYSINGLEVALUE('plus-type',$,IFCLABEL('niet-bgt:boom'),$);
#1826=IFCPROPERTYSET('3Lecew8354382AJd3gILxW',#5,'CPset_BGT',$,(#1817,#1818,#1819,#1820,#1821,#1822,#1823,#1824,#1825));
#1827=IFCPROPERTYSINGLEVALUE('objectBegintijd',$,IFCLABEL('1394751600000'),$);
#1828=IFCPROPERTYSINGLEVALUE('identificatie',$,IFCIDENTIFIER('NL.IMGeo.G0772.b4f11686a5a34cc094d04e5027306dda'),$);
#1829=IFCPROPERTYSINGLEVALUE('tijdstipRegistratie',$,IFCLABEL('1452169524000'),$);
#1830=IFCPROPERTYSINGLEVALUE('LV-publicatiedatum',$,IFCLABEL('1459857343000'),$);
#1831=IFCPROPERTYSINGLEVALUE('bronhouder',$,IFCLABEL('G0772'),$);
#1832=IFCPROPERTYSINGLEVALUE('inOnderzoek',$,IFCBOOLEAN(.T.),$);
#1833=IFCPROPERTYSINGLEVALUE('relatieveHoogteligging',$,IFCREAL(0.),$);
#1834=IFCPROPERTYSINGLEVALUE('bgt-status',$,IFCLABEL('bestaand'),$);
#1835=IFCPROPERTYSINGLEVALUE('plus-type',$,IFCLABEL('niet-bgt:boom'),$);
#1836=IFCPROPERTYSET('0QzEHBlcf5qQ2bEhG6rEX9',#5,'CPset_BGT',$,(#1827,#1828,#1829,#1830,#1831,#1832,#1833,#1834,#1835));
#1837=IFCPROPERTYSINGLEVALUE('objectBegintijd',$,IFCLABEL('1349906400000'),$);
#1838=IFCPROPERTYSINGLEVALUE('identificatie',$,IFCIDENTIFIER('NL.IMGeo.G0772.b63e82db65d94cdfa8b14f52f32fec49'),$);
#1839=IFCPROPERTYSINGLEVALUE('tijdstipRegistratie',$,IFCLABEL('1452169524000'),$);
#1840=IFCPROPERTYSINGLEVALUE('LV-publicatiedatum',$,IFCLABEL('1459857343000'),$);
#1841=IFCPROPERTYSINGLEVALUE('bronhouder',$,IFCLABEL('G0772'),$);
#1842=IFCPROPERTYSINGLEVALUE('inOnderzoek',$,IFCBOOLEAN(.T.),$);
#1843=IFCPROPERTYSINGLEVALUE('relatieveHoogteligging',$,IFCREAL(0.),$);
#1844=IFCPROPERTYSINGLEVALUE('bgt-status',$,IFCLABEL('bestaand'),$);
#1845=IFCPROPERTYSINGLEVALUE('plus-type',$,IFCLABEL('niet-bgt:boom'),$);
#1846=IFCPROPERTYSET('30QdZyqY1Bv8ORhSoY10ZS',#5,'CPset_BGT',$,(#1837,#1838,#1839,#1840,#1841,#1842,#1843,#1844,#1845));
#1847=IFCPROPERTYSINGLEVALUE('objectBegintijd',$,IFCLABEL('1394751600000'),$);
#1848=IFCPROPERTYSINGLEVALUE('identificatie',$,IFCIDENTIFIER('NL.IMGeo.G0772.c9bd37de4f9b4e568f7008aaf6591b2f'),$);
#1849=IFCPROPERTYSINGLEVALUE('tijdstipRegistratie',$,IFCLABEL('1452169524000'),$);
#1850=IFCPROPERTYSINGLEVALUE('LV-publicatiedatum',$,IFCLABEL('1459857343000'),$);
#1851=IFCPROPERTYSINGLEVALUE('bronhouder',$,IFCLABEL('G0772'),$);
#1852=IFCPROPERTYSINGLEVALUE('inOnderzoek',$,IFCBOOLEAN(.T.),$);
#1853=IFCPROPERTYSINGLEVALUE('relatieveHoogteligging',$,IFCREAL(0.),$);
#1854=IFCPROPERTYSINGLEVALUE('bgt-status',$,IFCLABEL('bestaand'),$);
#1855=IFCPROPERTYSINGLEVALUE('plus-type',$,IFCLABEL('niet-bgt:boom'),$);
#1856=IFCPROPERTYSET('0np$6pgPj5g8LymzZ4r$GK',#5,'CPset_BGT',$,(#1847,#1848,#1849,#1850,#1851,#1852,#1853,#1854,#1855));
#1857=IFCPROPERTYSINGLEVALUE('objectBegintijd',$,IFCLABEL('1349906400000'),$);
#1858=IFCPROPERTYSINGLEVALUE('identificatie',$,IFCIDENTIFIER('NL.IMGeo.G0772.f77ca32b86f24f7d87b902e70bf51960'),$);
#1859=IFCPROPERTYSINGLEVALUE('tijdstipRegistratie',$,IFCLABEL('1452169524000'),$);
#1860=IFCPROPERTYSINGLEVALUE('LV-publicatiedatum',$,IFCLABEL('1459857343000'),$);
#1861=IFCPROPERTYSINGLEVALUE('bronhouder',$,IFCLABEL('G0772'),$);
#1862=IFCPROPERTYSINGLEVALUE('inOnderzoek',$,IFCBOOLEAN(.T.),$);
#1863=IFCPROPERTYSINGLEVALUE('relatieveHoogteligging',$,IFCREAL(0.),$);
#1864=IFCPROPERTYSINGLEVALUE('bgt-status',$,IFCLABEL('bestaand'),$);
#1865=IFCPROPERTYSINGLEVALUE('plus-type',$,IFCLABEL('niet-bgt:boom'),$);
#1866=IFCPROPERTYSET('0hKwdenWfBjfU7yrxdSCol',#5,'CPset_BGT',$,(#1857,#1858,#1859,#1860,#1861,#1862,#1863,#1864,#1865));
#1867=IFCPROPERTYSINGLEVALUE('objectBegintijd',$,IFCLABEL('1479337200000'),$);
#1868=IFCPROPERTYSINGLEVALUE('identificatie',$,IFCIDENTIFIER('NL.IMGeo.G0772.a08464ed35ec4052b5c97baa02b6c1ac'),$);
#1869=IFCPROPERTYSINGLEVALUE('tijdstipRegistratie',$,IFCLABEL('1484730928000'),$);
#1870=IFCPROPERTYSINGLEVALUE('LV-publicatiedatum',$,IFCLABEL('1484749813000'),$);
#1871=IFCPROPERTYSINGLEVALUE('bronhouder',$,IFCLABEL('G0772'),$);
#1872=IFCPROPERTYSINGLEVALUE('inOnderzoek',$,IFCBOOLEAN(.T.),$);
#1873=IFCPROPERTYSINGLEVALUE('relatieveHoogteligging',$,IFCREAL(0.),$);
#1874=IFCPROPERTYSINGLEVALUE('bgt-status',$,IFCLABEL('bestaand'),$);
#1875=IFCPROPERTYSINGLEVALUE('plus-type',$,IFCLABEL('niet-bgt:boom'),$);
#1876=IFCPROPERTYSET('0AduTvwXTFFOcxUbBQh2KQ',#5,'CPset_BGT',$,(#1867,#1868,#1869,#1870,#1871,#1872,#1873,#1874,#1875));
#1877=IFCPROPERTYSINGLEVALUE('objectBegintijd',$,IFCLABEL('1745359200000'),$);
#1878=IFCPROPERTYSINGLEVALUE('identificatie',$,IFCIDENTIFIER('NL.IMGeo.G0772.f618e42a878547b2abfd217dde5f1911'),$);
#1879=IFCPROPERTYSINGLEVALUE('tijdstipRegistratie',$,IFCLABEL('1746195166000'),$);
#1880=IFCPROPERTYSINGLEVALUE('LV-publicatiedatum',$,IFCLABEL('1746199705000'),$);
#1881=IFCPROPERTYSINGLEVALUE('bronhouder',$,IFCLABEL('G0772'),$);
#1882=IFCPROPERTYSINGLEVALUE('inOnderzoek',$,IFCBOOLEAN(.T.),$);
#1883=IFCPROPERTYSINGLEVALUE('relatieveHoogteligging',$,IFCREAL(0.),$);
#1884=IFCPROPERTYSINGLEVALUE('bgt-status',$,IFCLABEL('bestaand'),$);
#1885=IFCPROPERTYSINGLEVALUE('plus-type',$,IFCLABEL('niet-bgt:boom'),$);
#1886=IFCPROPERTYSET('0wpAVtQ1nFgP8cVWbJo7EX',#5,'CPset_BGT',$,(#1877,#1878,#1879,#1880,#1881,#1882,#1883,#1884,#1885));
#1887=IFCPROPERTYSINGLEVALUE('objectBegintijd',$,IFCLABEL('1159221600000'),$);
#1888=IFCPROPERTYSINGLEVALUE('identificatie',$,IFCIDENTIFIER('NL.IMGeo.G0772.0f0acd65c11b4c6488bdc3eaacfa35ba'),$);
#1889=IFCPROPERTYSINGLEVALUE('tijdstipRegistratie',$,IFCLABEL('1452169524000'),$);
#1890=IFCPROPERTYSINGLEVALUE('LV-publicatiedatum',$,IFCLABEL('1459857343000'),$);
#1891=IFCPROPERTYSINGLEVALUE('bronhouder',$,IFCLABEL('G0772'),$);
#1892=IFCPROPERTYSINGLEVALUE('inOnderzoek',$,IFCBOOLEAN(.T.),$);
#1893=IFCPROPERTYSINGLEVALUE('relatieveHoogteligging',$,IFCREAL(0.),$);
#1894=IFCPROPERTYSINGLEVALUE('bgt-status',$,IFCLABEL('bestaand'),$);
#1895=IFCPROPERTYSINGLEVALUE('plus-type',$,IFCLABEL('niet-bgt:boom'),$);
#1896=IFCPROPERTYSET('0n1JF$uLfEShHeJ2CHu28a',#5,'CPset_BGT',$,(#1887,#1888,#1889,#1890,#1891,#1892,#1893,#1894,#1895));
#1897=IFCPROPERTYSINGLEVALUE('objectBegintijd',$,IFCLABEL('1159221600000'),$);
#1898=IFCPROPERTYSINGLEVALUE('identificatie',$,IFCIDENTIFIER('NL.IMGeo.G0772.2e6ed2bf117f4806a64e84b01066dbaf'),$);
#1899=IFCPROPERTYSINGLEVALUE('tijdstipRegistratie',$,IFCLABEL('1452169524000'),$);
#1900=IFCPROPERTYSINGLEVALUE('LV-publicatiedatum',$,IFCLABEL('1459857343000'),$);
#1901=IFCPROPERTYSINGLEVALUE('bronhouder',$,IFCLABEL('G0772'),$);
#1902=IFCPROPERTYSINGLEVALUE('inOnderzoek',$,IFCBOOLEAN(.T.),$);
#1903=IFCPROPERTYSINGLEVALUE('relatieveHoogteligging',$,IFCREAL(0.),$);
#1904=IFCPROPERTYSINGLEVALUE('bgt-status',$,IFCLABEL('bestaand'),$);
#1905=IFCPROPERTYSINGLEVALUE('plus-type',$,IFCLABEL('niet-bgt:boom'),$);
#1906=IFCPROPERTYSET('1XhL0vQ293VuHHgDTBWgkq',#5,'CPset_BGT',$,(#1897,#1898,#1899,#1900,#1901,#1902,#1903,#1904,#1905));
#1907=IFCPROPERTYSINGLEVALUE('objectBegintijd',$,IFCLABEL('1159221600000'),$);
#1908=IFCPROPERTYSINGLEVALUE('identificatie',$,IFCIDENTIFIER('NL.IMGeo.G0772.5fd4035871e749d885c04eaed0a2e8d7'),$);
#1909=IFCPROPERTYSINGLEVALUE('tijdstipRegistratie',$,IFCLABEL('1452169524000'),$);
#1910=IFCPROPERTYSINGLEVALUE('LV-publicatiedatum',$,IFCLABEL('1459857343000'),$);
#1911=IFCPROPERTYSINGLEVALUE('bronhouder',$,IFCLABEL('G0772'),$);
#1912=IFCPROPERTYSINGLEVALUE('inOnderzoek',$,IFCBOOLEAN(.T.),$);
#1913=IFCPROPERTYSINGLEVALUE('relatieveHoogteligging',$,IFCREAL(0.),$);
#1914=IFCPROPERTYSINGLEVALUE('bgt-status',$,IFCLABEL('bestaand'),$);
#1915=IFCPROPERTYSINGLEVALUE('plus-type',$,IFCLABEL('niet-bgt:boom'),$);
#1916=IFCPROPERTYSET('2Ca9D_EsTCiuyI7zUYKr_6',#5,'CPset_BGT',$,(#1907,#1908,#1909,#1910,#1911,#1912,#1913,#1914,#1915));
#1917=IFCPROPERTYSINGLEVALUE('objectBegintijd',$,IFCLABEL('1159221600000'),$);
#1918=IFCPROPERTYSINGLEVALUE('identificatie',$,IFCIDENTIFIER('NL.IMGeo.G0772.7f9e0d7e45704b19b4552588e8f5ae82'),$);
#1919=IFCPROPERTYSINGLEVALUE('tijdstipRegistratie',$,IFCLABEL('1452169524000'),$);
#1920=IFCPROPERTYSINGLEVALUE('LV-publicatiedatum',$,IFCLABEL('1459857343000'),$);
#1921=IFCPROPERTYSINGLEVALUE('bronhouder',$,IFCLABEL('G0772'),$);
#1922=IFCPROPERTYSINGLEVALUE('inOnderzoek',$,IFCBOOLEAN(.T.),$);
#1923=IFCPROPERTYSINGLEVALUE('relatieveHoogteligging',$,IFCREAL(0.),$);
#1924=IFCPROPERTYSINGLEVALUE('bgt-status',$,IFCLABEL('bestaand'),$);
#1925=IFCPROPERTYSINGLEVALUE('plus-type',$,IFCLABEL('niet-bgt:boom'),$);
#1926=IFCPROPERTYSET('1k1FFzzUXFIug8xP4nEtA0',#5,'CPset_BGT',$,(#1917,#1918,#1919,#1920,#1921,#1922,#1923,#1924,#1925));
#1927=IFCPROPERTYSINGLEVALUE('objectBegintijd',$,IFCLABEL('1159221600000'),$);
#1928=IFCPROPERTYSINGLEVALUE('identificatie',$,IFCIDENTIFIER('NL.IMGeo.G0772.a9f3618ee60e4da8a0452843afa0c496'),$);
#1929=IFCPROPERTYSINGLEVALUE('tijdstipRegistratie',$,IFCLABEL('1452169524000'),$);
#1930=IFCPROPERTYSINGLEVALUE('LV-publicatiedatum',$,IFCLABEL('1459857343000'),$);
#1931=IFCPROPERTYSINGLEVALUE('bronhouder',$,IFCLABEL('G0772'),$);
#1932=IFCPROPERTYSINGLEVALUE('inOnderzoek',$,IFCBOOLEAN(.T.),$);
#1933=IFCPROPERTYSINGLEVALUE('relatieveHoogteligging',$,IFCREAL(0.),$);
#1934=IFCPROPERTYSINGLEVALUE('bgt-status',$,IFCLABEL('bestaand'),$);
#1935=IFCPROPERTYSINGLEVALUE('plus-type',$,IFCLABEL('niet-bgt:boom'),$);
#1936=IFCPROPERTYSET('0JgCpMrvD7AA6BdPu_lFHv',#5,'CPset_BGT',$,(#1927,#1928,#1929,#1930,#1931,#1932,#1933,#1934,#1935));
#1937=IFCPROPERTYSINGLEVALUE('objectBegintijd',$,IFCLABEL('1234220400000'),$);
#1938=IFCPROPERTYSINGLEVALUE('identificatie',$,IFCIDENTIFIER('NL.IMGeo.G0772.0e8d2e37bdca4d9aae63b74177bab8c6'),$);
#1939=IFCPROPERTYSINGLEVALUE('tijdstipRegistratie',$,IFCLABEL('1452169524000'),$);
#1940=IFCPROPERTYSINGLEVALUE('LV-publicatiedatum',$,IFCLABEL('1459857343000'),$);
#1941=IFCPROPERTYSINGLEVALUE('bronhouder',$,IFCLABEL('G0772'),$);
#1942=IFCPROPERTYSINGLEVALUE('inOnderzoek',$,IFCBOOLEAN(.T.),$);
#1943=IFCPROPERTYSINGLEVALUE('relatieveHoogteligging',$,IFCREAL(0.),$);
#1944=IFCPROPERTYSINGLEVALUE('bgt-status',$,IFCLABEL('bestaand'),$);
#1945=IFCPROPERTYSINGLEVALUE('plus-type',$,IFCLABEL('niet-bgt:boom'),$);
#1946=IFCPROPERTYSET('29mlGyNsj7BwDluLYI6$ev',#5,'CPset_BGT',$,(#1937,#1938,#1939,#1940,#1941,#1942,#1943,#1944,#1945));
#1947=IFCPROPERTYSINGLEVALUE('objectBegintijd',$,IFCLABEL('1159221600000'),$);
#1948=IFCPROPERTYSINGLEVALUE('identificatie',$,IFCIDENTIFIER('NL.IMGeo.G0772.249c99d702b548fab26dafea575be3f5'),$);
#1949=IFCPROPERTYSINGLEVALUE('tijdstipRegistratie',$,IFCLABEL('1452169524000'),$);
#1950=IFCPROPERTYSINGLEVALUE('LV-publicatiedatum',$,IFCLABEL('1459857343000'),$);
#1951=IFCPROPERTYSINGLEVALUE('bronhouder',$,IFCLABEL('G0772'),$);
#1952=IFCPROPERTYSINGLEVALUE('inOnderzoek',$,IFCBOOLEAN(.T.),$);
#1953=IFCPROPERTYSINGLEVALUE('relatieveHoogteligging',$,IFCREAL(0.),$);
#1954=IFCPROPERTYSINGLEVALUE('bgt-status',$,IFCLABEL('bestaand'),$);
#1955=IFCPROPERTYSINGLEVALUE('plus-type',$,IFCLABEL('niet-bgt:boom'),$);
#1956=IFCPROPERTYSET('3XiFK648vDsuID54LhXkPZ',#5,'CPset_BGT',$,(#1947,#1948,#1949,#1950,#1951,#1952,#1953,#1954,#1955));
#1957=IFCPROPERTYSINGLEVALUE('objectBegintijd',$,IFCLABEL('1248213600000'),$);
#1958=IFCPROPERTYSINGLEVALUE('identificatie',$,IFCIDENTIFIER('NL.IMGeo.G0772.a1329365efbc4ceea99714ea3bd04632'),$);
#1959=IFCPROPERTYSINGLEVALUE('tijdstipRegistratie',$,IFCLABEL('1452169524000'),$);
#1960=IFCPROPERTYSINGLEVALUE('LV-publicatiedatum',$,IFCLABEL('1459857343000'),$);
#1961=IFCPROPERTYSINGLEVALUE('bronhouder',$,IFCLABEL('G0772'),$);
#1962=IFCPROPERTYSINGLEVALUE('inOnderzoek',$,IFCBOOLEAN(.T.),$);
#1963=IFCPROPERTYSINGLEVALUE('relatieveHoogteligging',$,IFCREAL(0.),$);
#1964=IFCPROPERTYSINGLEVALUE('bgt-status',$,IFCLABEL('bestaand'),$);
#1965=IFCPROPERTYSINGLEVALUE('plus-type',$,IFCLABEL('niet-bgt:boom'),$);
#1966=IFCPROPERTYSET('2ebrEZ3FL2YxpXPreeq$Rt',#5,'CPset_BGT',$,(#1957,#1958,#1959,#1960,#1961,#1962,#1963,#1964,#1965));
#1967=IFCPROPERTYSINGLEVALUE('objectBegintijd',$,IFCLABEL('1159221600000'),$);
#1968=IFCPROPERTYSINGLEVALUE('identificatie',$,IFCIDENTIFIER('NL.IMGeo.G0772.dd48f6adbd1b4718847c8375c01c6c3e'),$);
#1969=IFCPROPERTYSINGLEVALUE('tijdstipRegistratie',$,IFCLABEL('1452169524000'),$);
#1970=IFCPROPERTYSINGLEVALUE('LV-publicatiedatum',$,IFCLABEL('1459857343000'),$);
#1971=IFCPROPERTYSINGLEVALUE('bronhouder',$,IFCLABEL('G0772'),$);
#1972=IFCPROPERTYSINGLEVALUE('inOnderzoek',$,IFCBOOLEAN(.T.),$);
#1973=IFCPROPERTYSINGLEVALUE('relatieveHoogteligging',$,IFCREAL(0.),$);
#1974=IFCPROPERTYSINGLEVALUE('bgt-status',$,IFCLABEL('bestaand'),$);
#1975=IFCPROPERTYSINGLEVALUE('plus-type',$,IFCLABEL('niet-bgt:boom'),$);
#1976=IFCPROPERTYSET('3Q68D2DGvCr8mDNamYOVou',#5,'CPset_BGT',$,(#1967,#1968,#1969,#1970,#1971,#1972,#1973,#1974,#1975));
#1977=IFCPROPERTYSINGLEVALUE('objectBegintijd',$,IFCLABEL('1159221600000'),$);
#1978=IFCPROPERTYSINGLEVALUE('identificatie',$,IFCIDENTIFIER('NL.IMGeo.G0772.e1754a9ff1fb4b7eacec76c0d2c03294'),$);
#1979=IFCPROPERTYSINGLEVALUE('tijdstipRegistratie',$,IFCLABEL('1452169524000'),$);
#1980=IFCPROPERTYSINGLEVALUE('LV-publicatiedatum',$,IFCLABEL('1459857343000'),$);
#1981=IFCPROPERTYSINGLEVALUE('bronhouder',$,IFCLABEL('G0772'),$);
#1982=IFCPROPERTYSINGLEVALUE('inOnderzoek',$,IFCBOOLEAN(.T.),$);
#1983=IFCPROPERTYSINGLEVALUE('relatieveHoogteligging',$,IFCREAL(0.),$);
#1984=IFCPROPERTYSINGLEVALUE('bgt-status',$,IFCLABEL('bestaand'),$);
#1985=IFCPROPERTYSINGLEVALUE('plus-type',$,IFCLABEL('niet-bgt:boom'),$);
#1986=IFCPROPERTYSET('3uOkwHixfBPfNRpAecanLH',#5,'CPset_BGT',$,(#1977,#1978,#1979,#1980,#1981,#1982,#1983,#1984,#1985));
#1987=IFCPROPERTYSINGLEVALUE('objectBegintijd',$,IFCLABEL('1444168800000'),$);
#1988=IFCPROPERTYSINGLEVALUE('identificatie',$,IFCIDENTIFIER('NL.IMGeo.G0772.06ec8bb782af4111a92d3267e6d0ef93'),$);
#1989=IFCPROPERTYSINGLEVALUE('tijdstipRegistratie',$,IFCLABEL('1473404117000'),$);
#1990=IFCPROPERTYSINGLEVALUE('LV-publicatiedatum',$,IFCLABEL('1473439814000'),$);
#1991=IFCPROPERTYSINGLEVALUE('bronhouder',$,IFCLABEL('G0772'),$);
#1992=IFCPROPERTYSINGLEVALUE('inOnderzoek',$,IFCBOOLEAN(.T.),$);
#1993=IFCPROPERTYSINGLEVALUE('relatieveHoogteligging',$,IFCREAL(0.),$);
#1994=IFCPROPERTYSINGLEVALUE('bgt-status',$,IFCLABEL('bestaand'),$);
#1995=IFCPROPERTYSINGLEVALUE('plus-type',$,IFCLABEL('niet-bgt:boom'),$);
#1996=IFCPROPERTYSET('2Pf2_eQxPCRfta0IvndjCz',#5,'CPset_BGT',$,(#1987,#1988,#1989,#1990,#1991,#1992,#1993,#1994,#1995));
#1997=IFCPROPERTYSINGLEVALUE('objectBegintijd',$,IFCLABEL('1444168800000'),$);
#1998=IFCPROPERTYSINGLEVALUE('identificatie',$,IFCIDENTIFIER('NL.IMGeo.G0772.10b11872b7324548b386e7dbb513d44b'),$);
#1999=IFCPROPERTYSINGLEVALUE('tijdstipRegistratie',$,IFCLABEL('1473404117000'),$);
#2000=IFCPROPERTYSINGLEVALUE('LV-publicatiedatum',$,IFCLABEL('1473439814000'),$);
#2001=IFCPROPERTYSINGLEVALUE('bronhouder',$,IFCLABEL('G0772'),$);
#2002=IFCPROPERTYSINGLEVALUE('inOnderzoek',$,IFCBOOLEAN(.T.),$);
#2003=IFCPROPERTYSINGLEVALUE('relatieveHoogteligging',$,IFCREAL(0.),$);
#2004=IFCPROPERTYSINGLEVALUE('bgt-status',$,IFCLABEL('bestaand'),$);
#2005=IFCPROPERTYSINGLEVALUE('plus-type',$,IFCLABEL('niet-bgt:boom'),$);
#2006=IFCPROPERTYSET('2a3TMZ95zFRBU2XLeZoH56',#5,'CPset_BGT',$,(#1997,#1998,#1999,#2000,#2001,#2002,#2003,#2004,#2005));
#2007=IFCPROPERTYSINGLEVALUE('objectBegintijd',$,IFCLABEL('1444168800000'),$);
#2008=IFCPROPERTYSINGLEVALUE('identificatie',$,IFCIDENTIFIER('NL.IMGeo.G0772.10b909abfd354662a5cb9bb44ff1d8f8'),$);
#2009=IFCPROPERTYSINGLEVALUE('tijdstipRegistratie',$,IFCLABEL('1473404117000'),$);
#2010=IFCPROPERTYSINGLEVALUE('LV-publicatiedatum',$,IFCLABEL('1473439814000'),$);
#2011=IFCPROPERTYSINGLEVALUE('bronhouder',$,IFCLABEL('G0772'),$);
#2012=IFCPROPERTYSINGLEVALUE('inOnderzoek',$,IFCBOOLEAN(.T.),$);
#2013=IFCPROPERTYSINGLEVALUE('relatieveHoogteligging',$,IFCREAL(0.),$);
#2014=IFCPROPERTYSINGLEVALUE('bgt-status',$,IFCLABEL('bestaand'),$);
#2015=IFCPROPERTYSINGLEVALUE('plus-type',$,IFCLABEL('niet-bgt:boom'),$);
#2016=IFCPROPERTYSET('1ROaazNi97RO2jEtJ$kMue',#5,'CPset_BGT',$,(#2007,#2008,#2009,#2010,#2011,#2012,#2013,#2014,#2015));
#2017=IFCPROPERTYSINGLEVALUE('objectBegintijd',$,IFCLABEL('1444168800000'),$);
#2018=IFCPROPERTYSINGLEVALUE('identificatie',$,IFCIDENTIFIER('NL.IMGeo.G0772.115c304ab8774d99bb007335a117db7d'),$);
#2019=IFCPROPERTYSINGLEVALUE('tijdstipRegistratie',$,IFCLABEL('1473404117000'),$);
#2020=IFCPROPERTYSINGLEVALUE('LV-publicatiedatum',$,IFCLABEL('1473439814000'),$);
#2021=IFCPROPERTYSINGLEVALUE('bronhouder',$,IFCLABEL('G0772'),$);
#2022=IFCPROPERTYSINGLEVALUE('inOnderzoek',$,IFCBOOLEAN(.T.),$);
#2023=IFCPROPERTYSINGLEVALUE('relatieveHoogteligging',$,IFCREAL(0.),$);
#2024=IFCPROPERTYSINGLEVALUE('bgt-status',$,IFCLABEL('bestaand'),$);
#2025=IFCPROPERTYSINGLEVALUE('plus-type',$,IFCLABEL('niet-bgt:boom'),$);
#2026=IFCPROPERTYSET('0r2z7Gioj0WxIFwORNyiC0',#5,'CPset_BGT',$,(#2017,#2018,#2019,#2020,#2021,#2022,#2023,#2024,#2025));
#2027=IFCPROPERTYSINGLEVALUE('objectBegintijd',$,IFCLABEL('1444168800000'),$);
#2028=IFCPROPERTYSINGLEVALUE('identificatie',$,IFCIDENTIFIER('NL.IMGeo.G0772.130e2f135b3942499ae82b7362d292c9'),$);
#2029=IFCPROPERTYSINGLEVALUE('tijdstipRegistratie',$,IFCLABEL('1473404117000'),$);
#2030=IFCPROPERTYSINGLEVALUE('LV-publicatiedatum',$,IFCLABEL('1473439814000'),$);
#2031=IFCPROPERTYSINGLEVALUE('bronhouder',$,IFCLABEL('G0772'),$);
#2032=IFCPROPERTYSINGLEVALUE('inOnderzoek',$,IFCBOOLEAN(.T.),$);
#2033=IFCPROPERTYSINGLEVALUE('relatieveHoogteligging',$,IFCREAL(0.),$);
#2034=IFCPROPERTYSINGLEVALUE('bgt-status',$,IFCLABEL('bestaand'),$);
#2035=IFCPROPERTYSINGLEVALUE('plus-type',$,IFCLABEL('niet-bgt:boom'),$);
#2036=IFCPROPERTYSET('3wgAwatAb7fgSHVt4Qsqgi',#5,'CPset_BGT',$,(#2027,#2028,#2029,#2030,#2031,#2032,#2033,#2034,#2035));
#2037=IFCPROPERTYSINGLEVALUE('objectBegintijd',$,IFCLABEL('1444168800000'),$);
#2038=IFCPROPERTYSINGLEVALUE('identificatie',$,IFCIDENTIFIER('NL.IMGeo.G0772.1c47e04f9cef4f97b2b19ffb3db7c79f'),$);
#2039=IFCPROPERTYSINGLEVALUE('tijdstipRegistratie',$,IFCLABEL('1473404117000'),$);
#2040=IFCPROPERTYSINGLEVALUE('LV-publicatiedatum',$,IFCLABEL('1473439814000'),$);
#2041=IFCPROPERTYSINGLEVALUE('bronhouder',$,IFCLABEL('G0772'),$);
#2042=IFCPROPERTYSINGLEVALUE('inOnderzoek',$,IFCBOOLEAN(.T.),$);
#2043=IFCPROPERTYSINGLEVALUE('relatieveHoogteligging',$,IFCREAL(0.),$);
#2044=IFCPROPERTYSINGLEVALUE('bgt-status',$,IFCLABEL('bestaand'),$);
#2045=IFCPROPERTYSINGLEVALUE('plus-type',$,IFCLABEL('niet-bgt:boom'),$);
#2046=IFCPROPERTYSET('06KJ6ZRtr1oOfgb56isnNL',#5,'CPset_BGT',$,(#2037,#2038,#2039,#2040,#2041,#2042,#2043,#2044,#2045));
#2047=IFCPROPERTYSINGLEVALUE('objectBegintijd',$,IFCLABEL('1444168800000'),$);
#2048=IFCPROPERTYSINGLEVALUE('identificatie',$,IFCIDENTIFIER('NL.IMGeo.G0772.2b26a9b2decc41b8a0ef00d3f5406acd'),$);
#2049=IFCPROPERTYSINGLEVALUE('tijdstipRegistratie',$,IFCLABEL('1473404117000'),$);
#2050=IFCPROPERTYSINGLEVALUE('LV-publicatiedatum',$,IFCLABEL('1473439814000'),$);
#2051=IFCPROPERTYSINGLEVALUE('bronhouder',$,IFCLABEL('G0772'),$);
#2052=IFCPROPERTYSINGLEVALUE('inOnderzoek',$,IFCBOOLEAN(.T.),$);
#2053=IFCPROPERTYSINGLEVALUE('relatieveHoogteligging',$,IFCREAL(0.),$);
#2054=IFCPROPERTYSINGLEVALUE('bgt-status',$,IFCLABEL('bestaand'),$);
#2055=IFCPROPERTYSINGLEVALUE('plus-type',$,IFCLABEL('niet-bgt:boom'),$);
#2056=IFCPROPERTYSET('31rKd6KE590usaTMb$VCdx',#5,'CPset_BGT',$,(#2047,#2048,#2049,#2050,#2051,#2052,#2053,#2054,#2055));
#2057=IFCPROPERTYSINGLEVALUE('objectBegintijd',$,IFCLABEL('1444168800000'),$);
#2058=IFCPROPERTYSINGLEVALUE('identificatie',$,IFCIDENTIFIER('NL.IMGeo.G0772.2fc656cc048740969b35f653a23a9613'),$);
#2059=IFCPROPERTYSINGLEVALUE('tijdstipRegistratie',$,IFCLABEL('1473404117000'),$);
#2060=IFCPROPERTYSINGLEVALUE('LV-publicatiedatum',$,IFCLABEL('1473439814000'),$);
#2061=IFCPROPERTYSINGLEVALUE('bronhouder',$,IFCLABEL('G0772'),$);
#2062=IFCPROPERTYSINGLEVALUE('inOnderzoek',$,IFCBOOLEAN(.T.),$);
#2063=IFCPROPERTYSINGLEVALUE('relatieveHoogteligging',$,IFCREAL(0.),$);
#2064=IFCPROPERTYSINGLEVALUE('bgt-status',$,IFCLABEL('bestaand'),$);
#2065=IFCPROPERTYSINGLEVALUE('plus-type',$,IFCLABEL('niet-bgt:boom'),$);
#2066=IFCPROPERTYSET('2ZxXgA_ov4kPDdCQ5ktttg',#5,'CPset_BGT',$,(#2057,#2058,#2059,#2060,#2061,#2062,#2063,#2064,#2065));
#2067=IFCPROPERTYSINGLEVALUE('objectBegintijd',$,IFCLABEL('1444168800000'),$);
#2068=IFCPROPERTYSINGLEVALUE('identificatie',$,IFCIDENTIFIER('NL.IMGeo.G0772.3540f6f6cfb2473dbcf2332adea6cf61'),$);
#2069=IFCPROPERTYSINGLEVALUE('tijdstipRegistratie',$,IFCLABEL('1473404117000'),$);
#2070=IFCPROPERTYSINGLEVALUE('LV-publicatiedatum',$,IFCLABEL('1473439814000'),$);
#2071=IFCPROPERTYSINGLEVALUE('bronhouder',$,IFCLABEL('G0772'),$);
#2072=IFCPROPERTYSINGLEVALUE('inOnderzoek',$,IFCBOOLEAN(.T.),$);
#2073=IFCPROPERTYSINGLEVALUE('relatieveHoogteligging',$,IFCREAL(0.),$);
#2074=IFCPROPERTYSINGLEVALUE('bgt-status',$,IFCLABEL('bestaand'),$);
#2075=IFCPROPERTYSINGLEVALUE('plus-type',$,IFCLABEL('niet-bgt:boom'),$);
#2076=IFCPROPERTYSET('1q86MHOpHF38bC1AUkOHKm',#5,'CPset_BGT',$,(#2067,#2068,#2069,#2070,#2071,#2072,#2073,#2074,#2075));
#2077=IFCPROPERTYSINGLEVALUE('objectBegintijd',$,IFCLABEL('1444168800000'),$);
#2078=IFCPROPERTYSINGLEVALUE('identificatie',$,IFCIDENTIFIER('NL.IMGeo.G0772.4364aebe51834951a5a53e77fb706b6f'),$);
#2079=IFCPROPERTYSINGLEVALUE('tijdstipRegistratie',$,IFCLABEL('1473404117000'),$);
#2080=IFCPROPERTYSINGLEVALUE('LV-publicatiedatum',$,IFCLABEL('1473439814000'),$);
#2081=IFCPROPERTYSINGLEVALUE('bronhouder',$,IFCLABEL('G0772'),$);
#2082=IFCPROPERTYSINGLEVALUE('inOnderzoek',$,IFCBOOLEAN(.T.),$);
#2083=IFCPROPERTYSINGLEVALUE('relatieveHoogteligging',$,IFCREAL(0.),$);
#2084=IFCPROPERTYSINGLEVALUE('bgt-status',$,IFCLABEL('bestaand'),$);
#2085=IFCPROPERTYSINGLEVALUE('plus-type',$,IFCLABEL('niet-bgt:boom'),$);
#2086=IFCPROPERTYSET('0cykZJCQX9P8p3brmxCBA1',#5,'CPset_BGT',$,(#2077,#2078,#2079,#2080,#2081,#2082,#2083,#2084,#2085));
#2087=IFCPROPERTYSINGLEVALUE('objectBegintijd',$,IFCLABEL('1444168800000'),$);
#2088=IFCPROPERTYSINGLEVALUE('identificatie',$,IFCIDENTIFIER('NL.IMGeo.G0772.44ed46f9ef8d46cd95f92062d6edb546'),$);
#2089=IFCPROPERTYSINGLEVALUE('tijdstipRegistratie',$,IFCLABEL('1473404117000'),$);
#2090=IFCPROPERTYSINGLEVALUE('LV-publicatiedatum',$,IFCLABEL('1473439814000'),$);
#2091=IFCPROPERTYSINGLEVALUE('bronhouder',$,IFCLABEL('G0772'),$);
#2092=IFCPROPERTYSINGLEVALUE('inOnderzoek',$,IFCBOOLEAN(.T.),$);
#2093=IFCPROPERTYSINGLEVALUE('relatieveHoogteligging',$,IFCREAL(0.),$);
#2094=IFCPROPERTYSINGLEVALUE('bgt-status',$,IFCLABEL('bestaand'),$);
#2095=IFCPROPERTYSINGLEVALUE('plus-type',$,IFCLABEL('niet-bgt:boom'),$);
#2096=IFCPROPERTYSET('3h7akDhNnBuxIWOE7K2E0A',#5,'CPset_BGT',$,(#2087,#2088,#2089,#2090,#2091,#2092,#2093,#2094,#2095));
#2097=IFCPROPERTYSINGLEVALUE('objectBegintijd',$,IFCLABEL('1444168800000'),$);
#2098=IFCPROPERTYSINGLEVALUE('identificatie',$,IFCIDENTIFIER('NL.IMGeo.G0772.590a578211674dd99bdad6d6f220fed6'),$);
#2099=IFCPROPERTYSINGLEVALUE('tijdstipRegistratie',$,IFCLABEL('1473404117000'),$);
#2100=IFCPROPERTYSINGLEVALUE('LV-publicatiedatum',$,IFCLABEL('1473439814000'),$);
#2101=IFCPROPERTYSINGLEVALUE('bronhouder',$,IFCLABEL('G0772'),$);
#2102=IFCPROPERTYSINGLEVALUE('inOnderzoek',$,IFCBOOLEAN(.T.),$);
#2103=IFCPROPERTYSINGLEVALUE('relatieveHoogteligging',$,IFCREAL(0.),$);
#2104=IFCPROPERTYSINGLEVALUE('bgt-status',$,IFCLABEL('bestaand'),$);
#2105=IFCPROPERTYSINGLEVALUE('plus-type',$,IFCLABEL('niet-bgt:boom'),$);
#2106=IFCPROPERTYSET('3BtIZiJfb9phcYODf6edfC',#5,'CPset_BGT',$,(#2097,#2098,#2099,#2100,#2101,#2102,#2103,#2104,#2105));
#2107=IFCPROPERTYSINGLEVALUE('objectBegintijd',$,IFCLABEL('1444168800000'),$);
#2108=IFCPROPERTYSINGLEVALUE('identificatie',$,IFCIDENTIFIER('NL.IMGeo.G0772.5de48a498e2142bb9f3f8e81df596366'),$);
#2109=IFCPROPERTYSINGLEVALUE('tijdstipRegistratie',$,IFCLABEL('1473404117000'),$);
#2110=IFCPROPERTYSINGLEVALUE('LV-publicatiedatum',$,IFCLABEL('1473439814000'),$);
#2111=IFCPROPERTYSINGLEVALUE('bronhouder',$,IFCLABEL('G0772'),$);
#2112=IFCPROPERTYSINGLEVALUE('inOnderzoek',$,IFCBOOLEAN(.T.),$);
#2113=IFCPROPERTYSINGLEVALUE('relatieveHoogteligging',$,IFCREAL(0.),$);
#2114=IFCPROPERTYSINGLEVALUE('bgt-status',$,IFCLABEL('bestaand'),$);
#2115=IFCPROPERTYSINGLEVALUE('plus-type',$,IFCLABEL('niet-bgt:boom'),$);
#2116=IFCPROPERTYSET('2AqWgIdx9CXf4$Ck31nn07',#5,'CPset_BGT',$,(#2107,#2108,#2109,#2110,#2111,#2112,#2113,#2114,#2115));
#2117=IFCPROPERTYSINGLEVALUE('objectBegintijd',$,IFCLABEL('1444168800000'),$);
#2118=IFCPROPERTYSINGLEVALUE('identificatie',$,IFCIDENTIFIER('NL.IMGeo.G0772.8f9f4bbe1cb340e3ad329642b27afab7'),$);
#2119=IFCPROPERTYSINGLEVALUE('tijdstipRegistratie',$,IFCLABEL('1473404117000'),$);
#2120=IFCPROPERTYSINGLEVALUE('LV-publicatiedatum',$,IFCLABEL('1473439814000'),$);
#2121=IFCPROPERTYSINGLEVALUE('bronhouder',$,IFCLABEL('G0772'),$);
#2122=IFCPROPERTYSINGLEVALUE('inOnderzoek',$,IFCBOOLEAN(.T.),$);
#2123=IFCPROPERTYSINGLEVALUE('relatieveHoogteligging',$,IFCREAL(0.),$);
#2124=IFCPROPERTYSINGLEVALUE('bgt-status',$,IFCLABEL('bestaand'),$);
#2125=IFCPROPERTYSINGLEVALUE('plus-type',$,IFCLABEL('niet-bgt:boom'),$);
#2126=IFCPROPERTYSET('3ZQv1rSxHEAOUOVu$UB_fk',#5,'CPset_BGT',$,(#2117,#2118,#2119,#2120,#2121,#2122,#2123,#2124,#2125));
#2127=IFCPROPERTYSINGLEVALUE('objectBegintijd',$,IFCLABEL('1444168800000'),$);
#2128=IFCPROPERTYSINGLEVALUE('identificatie',$,IFCIDENTIFIER('NL.IMGeo.G0772.9f3c18f0c07d49aeb57d875a4d0fe750'),$);
#2129=IFCPROPERTYSINGLEVALUE('tijdstipRegistratie',$,IFCLABEL('1473404117000'),$);
#2130=IFCPROPERTYSINGLEVALUE('LV-publicatiedatum',$,IFCLABEL('1473439814000'),$);
#2131=IFCPROPERTYSINGLEVALUE('bronhouder',$,IFCLABEL('G0772'),$);
#2132=IFCPROPERTYSINGLEVALUE('inOnderzoek',$,IFCBOOLEAN(.T.),$);
#2133=IFCPROPERTYSINGLEVALUE('relatieveHoogteligging',$,IFCREAL(0.),$);
#2134=IFCPROPERTYSINGLEVALUE('bgt-status',$,IFCLABEL('bestaand'),$);
#2135=IFCPROPERTYSINGLEVALUE('plus-type',$,IFCLABEL('niet-bgt:boom'),$);
#2136=IFCPROPERTYSET('1DgPyxoTv87O5e5UEW2Aep',#5,'CPset_BGT',$,(#2127,#2128,#2129,#2130,#2131,#2132,#2133,#2134,#2135));
#2137=IFCPROPERTYSINGLEVALUE('objectBegintijd',$,IFCLABEL('1444168800000'),$);
#2138=IFCPROPERTYSINGLEVALUE('identificatie',$,IFCIDENTIFIER('NL.IMGeo.G0772.be888b9b99f3486ab0bc9e65374f0a1f'),$);
#2139=IFCPROPERTYSINGLEVALUE('tijdstipRegistratie',$,IFCLABEL('1473404117000'),$);
#2140=IFCPROPERTYSINGLEVALUE('LV-publicatiedatum',$,IFCLABEL('1473439814000'),$);
#2141=IFCPROPERTYSINGLEVALUE('bronhouder',$,IFCLABEL('G0772'),$);
#2142=IFCPROPERTYSINGLEVALUE('inOnderzoek',$,IFCBOOLEAN(.T.),$);
#2143=IFCPROPERTYSINGLEVALUE('relatieveHoogteligging',$,IFCREAL(0.),$);
#2144=IFCPROPERTYSINGLEVALUE('bgt-status',$,IFCLABEL('bestaand'),$);
#2145=IFCPROPERTYSINGLEVALUE('plus-type',$,IFCLABEL('niet-bgt:boom'),$);
#2146=IFCPROPERTYSET('31sZp48aHAxBEgcPbtz6m5',#5,'CPset_BGT',$,(#2137,#2138,#2139,#2140,#2141,#2142,#2143,#2144,#2145));
#2147=IFCPROPERTYSINGLEVALUE('objectBegintijd',$,IFCLABEL('1444168800000'),$);
#2148=IFCPROPERTYSINGLEVALUE('identificatie',$,IFCIDENTIFIER('NL.IMGeo.G0772.c590e3d1384e4b0fb2cacb980c9bddb3'),$);
#2149=IFCPROPERTYSINGLEVALUE('tijdstipRegistratie',$,IFCLABEL('1473404117000'),$);
#2150=IFCPROPERTYSINGLEVALUE('LV-publicatiedatum',$,IFCLABEL('1473439814000'),$);
#2151=IFCPROPERTYSINGLEVALUE('bronhouder',$,IFCLABEL('G0772'),$);
#2152=IFCPROPERTYSINGLEVALUE('inOnderzoek',$,IFCBOOLEAN(.T.),$);
#2153=IFCPROPERTYSINGLEVALUE('relatieveHoogteligging',$,IFCREAL(0.),$);
#2154=IFCPROPERTYSINGLEVALUE('bgt-status',$,IFCLABEL('bestaand'),$);
#2155=IFCPROPERTYSINGLEVALUE('plus-type',$,IFCLABEL('niet-bgt:boom'),$);
#2156=IFCPROPERTYSET('3S0bF7uArAueVTcGGjlWW7',#5,'CPset_BGT',$,(#2147,#2148,#2149,#2150,#2151,#2152,#2153,#2154,#2155));
#2157=IFCPROPERTYSINGLEVALUE('objectBegintijd',$,IFCLABEL('1444168800000'),$);
#2158=IFCPROPERTYSINGLEVALUE('identificatie',$,IFCIDENTIFIER('NL.IMGeo.G0772.c639468728e241f791b6759696bbaffa'),$);
#2159=IFCPROPERTYSINGLEVALUE('tijdstipRegistratie',$,IFCLABEL('1473404117000'),$);
#2160=IFCPROPERTYSINGLEVALUE('LV-publicatiedatum',$,IFCLABEL('1473439814000'),$);
#2161=IFCPROPERTYSINGLEVALUE('bronhouder',$,IFCLABEL('G0772'),$);
#2162=IFCPROPERTYSINGLEVALUE('inOnderzoek',$,IFCBOOLEAN(.T.),$);
#2163=IFCPROPERTYSINGLEVALUE('relatieveHoogteligging',$,IFCREAL(0.),$);
#2164=IFCPROPERTYSINGLEVALUE('bgt-status',$,IFCLABEL('bestaand'),$);
#2165=IFCPROPERTYSINGLEVALUE('plus-type',$,IFCLABEL('niet-bgt:boom'),$);
#2166=IFCPROPERTYSET('2lBf_oKkTCHgC6x9l5lYxW',#5,'CPset_BGT',$,(#2157,#2158,#2159,#2160,#2161,#2162,#2163,#2164,#2165));
#2167=IFCPROPERTYSINGLEVALUE('objectBegintijd',$,IFCLABEL('1444168800000'),$);
#2168=IFCPROPERTYSINGLEVALUE('identificatie',$,IFCIDENTIFIER('NL.IMGeo.G0772.d5194ea16c43484dbe8684b4dd066b31'),$);
#2169=IFCPROPERTYSINGLEVALUE('tijdstipRegistratie',$,IFCLABEL('1473404117000'),$);
#2170=IFCPROPERTYSINGLEVALUE('LV-publicatiedatum',$,IFCLABEL('1473439814000'),$);
#2171=IFCPROPERTYSINGLEVALUE('bronhouder',$,IFCLABEL('G0772'),$);
#2172=IFCPROPERTYSINGLEVALUE('inOnderzoek',$,IFCBOOLEAN(.T.),$);
#2173=IFCPROPERTYSINGLEVALUE('relatieveHoogteligging',$,IFCREAL(0.),$);
#2174=IFCPROPERTYSINGLEVALUE('bgt-status',$,IFCLABEL('bestaand'),$);
#2175=IFCPROPERTYSINGLEVALUE('plus-type',$,IFCLABEL('niet-bgt:boom'),$);
#2176=IFCPROPERTYSET('1IUeZ74P52Hg_sBmAyVuYw',#5,'CPset_BGT',$,(#2167,#2168,#2169,#2170,#2171,#2172,#2173,#2174,#2175));
#2177=IFCPROPERTYSINGLEVALUE('objectBegintijd',$,IFCLABEL('1444168800000'),$);
#2178=IFCPROPERTYSINGLEVALUE('identificatie',$,IFCIDENTIFIER('NL.IMGeo.G0772.eafa76a7b2b3444fbcecab7fcacf5ed1'),$);
#2179=IFCPROPERTYSINGLEVALUE('tijdstipRegistratie',$,IFCLABEL('1473404117000'),$);
#2180=IFCPROPERTYSINGLEVALUE('LV-publicatiedatum',$,IFCLABEL('1473439814000'),$);
#2181=IFCPROPERTYSINGLEVALUE('bronhouder',$,IFCLABEL('G0772'),$);
#2182=IFCPROPERTYSINGLEVALUE('inOnderzoek',$,IFCBOOLEAN(.T.),$);
#2183=IFCPROPERTYSINGLEVALUE('relatieveHoogteligging',$,IFCREAL(0.),$);
#2184=IFCPROPERTYSINGLEVALUE('bgt-status',$,IFCLABEL('bestaand'),$);
#2185=IFCPROPERTYSINGLEVALUE('plus-type',$,IFCLABEL('niet-bgt:boom'),$);
#2186=IFCPROPERTYSET('35vF_Jx951G8BdbsIy5Quk',#5,'CPset_BGT',$,(#2177,#2178,#2179,#2180,#2181,#2182,#2183,#2184,#2185));
#2187=IFCPROPERTYSINGLEVALUE('objectBegintijd',$,IFCLABEL('1628114400000'),$);
#2188=IFCPROPERTYSINGLEVALUE('identificatie',$,IFCIDENTIFIER('NL.IMGeo.G0772.50b00b8442ee487aa36e16ba874246b9'),$);
#2189=IFCPROPERTYSINGLEVALUE('tijdstipRegistratie',$,IFCLABEL('1628520718000'),$);
#2190=IFCPROPERTYSINGLEVALUE('LV-publicatiedatum',$,IFCLABEL('1628527772000'),$);
#2191=IFCPROPERTYSINGLEVALUE('bronhouder',$,IFCLABEL('G0772'),$);
#2192=IFCPROPERTYSINGLEVALUE('inOnderzoek',$,IFCBOOLEAN(.T.),$);
#2193=IFCPROPERTYSINGLEVALUE('relatieveHoogteligging',$,IFCREAL(0.),$);
#2194=IFCPROPERTYSINGLEVALUE('bgt-status',$,IFCLABEL('bestaand'),$);
#2195=IFCPROPERTYSINGLEVALUE('plus-type',$,IFCLABEL('niet-bgt:boom'),$);
#2196=IFCPROPERTYSET('2Qq5q30JL0Pg_HXVY1eG3p',#5,'CPset_BGT',$,(#2187,#2188,#2189,#2190,#2191,#2192,#2193,#2194,#2195));
#2197=IFCPROPERTYSINGLEVALUE('objectBegintijd',$,IFCLABEL('1628114400000'),$);
#2198=IFCPROPERTYSINGLEVALUE('identificatie',$,IFCIDENTIFIER('NL.IMGeo.G0772.937a4cdb3a214c08a274f12aff871f30'),$);
#2199=IFCPROPERTYSINGLEVALUE('tijdstipRegistratie',$,IFCLABEL('1628520718000'),$);
#2200=IFCPROPERTYSINGLEVALUE('LV-publicatiedatum',$,IFCLABEL('1628527772000'),$);
#2201=IFCPROPERTYSINGLEVALUE('bronhouder',$,IFCLABEL('G0772'),$);
#2202=IFCPROPERTYSINGLEVALUE('inOnderzoek',$,IFCBOOLEAN(.T.),$);
#2203=IFCPROPERTYSINGLEVALUE('relatieveHoogteligging',$,IFCREAL(0.),$);
#2204=IFCPROPERTYSINGLEVALUE('bgt-status',$,IFCLABEL('bestaand'),$);
#2205=IFCPROPERTYSINGLEVALUE('plus-type',$,IFCLABEL('niet-bgt:boom'),$);
#2206=IFCPROPERTYSET('0WsTEXdJLAr9K9SH6p4Oe3',#5,'CPset_BGT',$,(#2197,#2198,#2199,#2200,#2201,#2202,#2203,#2204,#2205));
#2207=IFCPROPERTYSINGLEVALUE('objectBegintijd',$,IFCLABEL('1628114400000'),$);
#2208=IFCPROPERTYSINGLEVALUE('identificatie',$,IFCIDENTIFIER('NL.IMGeo.G0772.d67f35eed65b436cbb08537d882c7891'),$);
#2209=IFCPROPERTYSINGLEVALUE('tijdstipRegistratie',$,IFCLABEL('1628520718000'),$);
#2210=IFCPROPERTYSINGLEVALUE('LV-publicatiedatum',$,IFCLABEL('1628527772000'),$);
#2211=IFCPROPERTYSINGLEVALUE('bronhouder',$,IFCLABEL('G0772'),$);
#2212=IFCPROPERTYSINGLEVALUE('inOnderzoek',$,IFCBOOLEAN(.T.),$);
#2213=IFCPROPERTYSINGLEVALUE('relatieveHoogteligging',$,IFCREAL(0.),$);
#2214=IFCPROPERTYSINGLEVALUE('bgt-status',$,IFCLABEL('bestaand'),$);
#2215=IFCPROPERTYSINGLEVALUE('plus-type',$,IFCLABEL('niet-bgt:boom'),$);
#2216=IFCPROPERTYSET('0Ad4Bs4sXDdgbJjDSgZq8I',#5,'CPset_BGT',$,(#2207,#2208,#2209,#2210,#2211,#2212,#2213,#2214,#2215));
#2217=IFCPROPERTYSINGLEVALUE('objectBegintijd',$,IFCLABEL('1739487600000'),$);
#2218=IFCPROPERTYSINGLEVALUE('identificatie',$,IFCIDENTIFIER('NL.IMGeo.G0772.c352b73f7b034c22a85ea675c1b22f7b'),$);
#2219=IFCPROPERTYSINGLEVALUE('tijdstipRegistratie',$,IFCLABEL('1740476235000'),$);
#2220=IFCPROPERTYSINGLEVALUE('LV-publicatiedatum',$,IFCLABEL('1740476700000'),$);
#2221=IFCPROPERTYSINGLEVALUE('bronhouder',$,IFCLABEL('G0772'),$);
#2222=IFCPROPERTYSINGLEVALUE('inOnderzoek',$,IFCBOOLEAN(.T.),$);
#2223=IFCPROPERTYSINGLEVALUE('relatieveHoogteligging',$,IFCREAL(0.),$);
#2224=IFCPROPERTYSINGLEVALUE('bgt-status',$,IFCLABEL('bestaand'),$);
#2225=IFCPROPERTYSINGLEVALUE('plus-type',$,IFCLABEL('niet-bgt:boom'),$);
#2226=IFCPROPERTYSET('2MOEqs0T5EwBtErCpG6NVD',#5,'CPset_BGT',$,(#2217,#2218,#2219,#2220,#2221,#2222,#2223,#2224,#2225));
#2227=IFCPROPERTYSINGLEVALUE('objectBegintijd',$,IFCLABEL('1745359200000'),$);
#2228=IFCPROPERTYSINGLEVALUE('identificatie',$,IFCIDENTIFIER('NL.IMGeo.G0772.35519018962f409ea203ccbe8cc4506d'),$);
#2229=IFCPROPERTYSINGLEVALUE('tijdstipRegistratie',$,IFCLABEL('1746195166000'),$);
#2230=IFCPROPERTYSINGLEVALUE('LV-publicatiedatum',$,IFCLABEL('1746199705000'),$);
#2231=IFCPROPERTYSINGLEVALUE('bronhouder',$,IFCLABEL('G0772'),$);
#2232=IFCPROPERTYSINGLEVALUE('inOnderzoek',$,IFCBOOLEAN(.T.),$);
#2233=IFCPROPERTYSINGLEVALUE('relatieveHoogteligging',$,IFCREAL(0.),$);
#2234=IFCPROPERTYSINGLEVALUE('bgt-status',$,IFCLABEL('bestaand'),$);
#2235=IFCPROPERTYSINGLEVALUE('plus-type',$,IFCLABEL('niet-bgt:boom'),$);
#2236=IFCPROPERTYSET('3GcvKwj7b9MfUQrDjS0m1h',#5,'CPset_BGT',$,(#2227,#2228,#2229,#2230,#2231,#2232,#2233,#2234,#2235));
#2237=IFCPROPERTYSINGLEVALUE('objectBegintijd',$,IFCLABEL('1745359200000'),$);
#2238=IFCPROPERTYSINGLEVALUE('identificatie',$,IFCIDENTIFIER('NL.IMGeo.G0772.c1572dbe351542f49cea7376fe79987b'),$);
#2239=IFCPROPERTYSINGLEVALUE('tijdstipRegistratie',$,IFCLABEL('1746195166000'),$);
#2240=IFCPROPERTYSINGLEVALUE('LV-publicatiedatum',$,IFCLABEL('1746199705000'),$);
#2241=IFCPROPERTYSINGLEVALUE('bronhouder',$,IFCLABEL('G0772'),$);
#2242=IFCPROPERTYSINGLEVALUE('inOnderzoek',$,IFCBOOLEAN(.T.),$);
#2243=IFCPROPERTYSINGLEVALUE('relatieveHoogteligging',$,IFCREAL(0.),$);
#2244=IFCPROPERTYSINGLEVALUE('bgt-status',$,IFCLABEL('bestaand'),$);
#2245=IFCPROPERTYSINGLEVALUE('plus-type',$,IFCLABEL('niet-bgt:boom'),$);
#2246=IFCPROPERTYSET('2HadocNXX9IxCNQ9Dc7r3O',#5,'CPset_BGT',$,(#2237,#2238,#2239,#2240,#2241,#2242,#2243,#2244,#2245));
#2247=IFCPROPERTYSINGLEVALUE('objectBegintijd',$,IFCLABEL('1745359200000'),$);
#2248=IFCPROPERTYSINGLEVALUE('identificatie',$,IFCIDENTIFIER('NL.IMGeo.G0772.c3cf8dc6e6fe43279f3c8cf962d84574'),$);
#2249=IFCPROPERTYSINGLEVALUE('tijdstipRegistratie',$,IFCLABEL('1746195166000'),$);
#2250=IFCPROPERTYSINGLEVALUE('LV-publicatiedatum',$,IFCLABEL('1746199705000'),$);
#2251=IFCPROPERTYSINGLEVALUE('bronhouder',$,IFCLABEL('G0772'),$);
#2252=IFCPROPERTYSINGLEVALUE('inOnderzoek',$,IFCBOOLEAN(.T.),$);
#2253=IFCPROPERTYSINGLEVALUE('relatieveHoogteligging',$,IFCREAL(0.),$);
#2254=IFCPROPERTYSINGLEVALUE('bgt-status',$,IFCLABEL('bestaand'),$);
#2255=IFCPROPERTYSINGLEVALUE('plus-type',$,IFCLABEL('niet-bgt:boom'),$);
#2256=IFCPROPERTYSET('2wNPNUyGXB9Apx8BxHuwr6',#5,'CPset_BGT',$,(#2247,#2248,#2249,#2250,#2251,#2252,#2253,#2254,#2255));
#2257=IFCPROPERTYSINGLEVALUE('objectBegintijd',$,IFCLABEL('1745359200000'),$);
#2258=IFCPROPERTYSINGLEVALUE('identificatie',$,IFCIDENTIFIER('NL.IMGeo.G0772.cb94cc6f41f243ba9fb7c018f8d2cf9f'),$);
#2259=IFCPROPERTYSINGLEVALUE('tijdstipRegistratie',$,IFCLABEL('1746195166000'),$);
#2260=IFCPROPERTYSINGLEVALUE('LV-publicatiedatum',$,IFCLABEL('1746199705000'),$);
#2261=IFCPROPERTYSINGLEVALUE('bronhouder',$,IFCLABEL('G0772'),$);
#2262=IFCPROPERTYSINGLEVALUE('inOnderzoek',$,IFCBOOLEAN(.T.),$);
#2263=IFCPROPERTYSINGLEVALUE('relatieveHoogteligging',$,IFCREAL(0.),$);
#2264=IFCPROPERTYSINGLEVALUE('bgt-status',$,IFCLABEL('bestaand'),$);
#2265=IFCPROPERTYSINGLEVALUE('plus-type',$,IFCLABEL('niet-bgt:boom'),$);
#2266=IFCPROPERTYSET('0gTy4q6xj338CuDhvIs_Mt',#5,'CPset_BGT',$,(#2257,#2258,#2259,#2260,#2261,#2262,#2263,#2264,#2265));
#2267=IFCPROPERTYSINGLEVALUE('objectBegintijd',$,IFCLABEL('1745359200000'),$);
#2268=IFCPROPERTYSINGLEVALUE('identificatie',$,IFCIDENTIFIER('NL.IMGeo.G0772.ea2d144a8b194a46b0d4d92496990d9a'),$);
#2269=IFCPROPERTYSINGLEVALUE('tijdstipRegistratie',$,IFCLABEL('1746195166000'),$);
#2270=IFCPROPERTYSINGLEVALUE('LV-publicatiedatum',$,IFCLABEL('1746199705000'),$);
#2271=IFCPROPERTYSINGLEVALUE('bronhouder',$,IFCLABEL('G0772'),$);
#2272=IFCPROPERTYSINGLEVALUE('inOnderzoek',$,IFCBOOLEAN(.T.),$);
#2273=IFCPROPERTYSINGLEVALUE('relatieveHoogteligging',$,IFCREAL(0.),$);
#2274=IFCPROPERTYSINGLEVALUE('bgt-status',$,IFCLABEL('bestaand'),$);
#2275=IFCPROPERTYSINGLEVALUE('plus-type',$,IFCLABEL('niet-bgt:boom'),$);
#2276=IFCPROPERTYSET('2li3qyGs9B$xgO87yFjhAz',#5,'CPset_BGT',$,(#2267,#2268,#2269,#2270,#2271,#2272,#2273,#2274,#2275));
#2277=IFCPROPERTYSINGLEVALUE('objectBegintijd',$,IFCLABEL('1336428000000'),$);
#2278=IFCPROPERTYSINGLEVALUE('identificatie',$,IFCIDENTIFIER('NL.IMGeo.G0772.00217e81c0c04fe881da83f30c0a98ce'),$);
#2279=IFCPROPERTYSINGLEVALUE('tijdstipRegistratie',$,IFCLABEL('1452169524000'),$);
#2280=IFCPROPERTYSINGLEVALUE('LV-publicatiedatum',$,IFCLABEL('1459857343000'),$);
#2281=IFCPROPERTYSINGLEVALUE('bronhouder',$,IFCLABEL('G0772'),$);
#2282=IFCPROPERTYSINGLEVALUE('inOnderzoek',$,IFCBOOLEAN(.T.),$);
#2283=IFCPROPERTYSINGLEVALUE('relatieveHoogteligging',$,IFCREAL(0.),$);
#2284=IFCPROPERTYSINGLEVALUE('bgt-status',$,IFCLABEL('bestaand'),$);
#2285=IFCPROPERTYSINGLEVALUE('plus-type',$,IFCLABEL('niet-bgt:boom'),$);
#2286=IFCPROPERTYSET('342kbSVpjBwQOMoY3YkeU1',#5,'CPset_BGT',$,(#2277,#2278,#2279,#2280,#2281,#2282,#2283,#2284,#2285));
#2287=IFCPROPERTYSINGLEVALUE('objectBegintijd',$,IFCLABEL('1317679200000'),$);
#2288=IFCPROPERTYSINGLEVALUE('identificatie',$,IFCIDENTIFIER('NL.IMGeo.G0772.028055fe436a444d8cea36c0f2fa3cce'),$);
#2289=IFCPROPERTYSINGLEVALUE('tijdstipRegistratie',$,IFCLABEL('1452169524000'),$);
#2290=IFCPROPERTYSINGLEVALUE('LV-publicatiedatum',$,IFCLABEL('1459857343000'),$);
#2291=IFCPROPERTYSINGLEVALUE('bronhouder',$,IFCLABEL('G0772'),$);
#2292=IFCPROPERTYSINGLEVALUE('inOnderzoek',$,IFCBOOLEAN(.T.),$);
#2293=IFCPROPERTYSINGLEVALUE('relatieveHoogteligging',$,IFCREAL(0.),$);
#2294=IFCPROPERTYSINGLEVALUE('bgt-status',$,IFCLABEL('bestaand'),$);
#2295=IFCPROPERTYSINGLEVALUE('plus-type',$,IFCLABEL('niet-bgt:boom'),$);
#2296=IFCPROPERTYSET('2JJ57zW4H3Cu233Fkqq4Gy',#5,'CPset_BGT',$,(#2287,#2288,#2289,#2290,#2291,#2292,#2293,#2294,#2295));
#2297=IFCPROPERTYSINGLEVALUE('objectBegintijd',$,IFCLABEL('1317679200000'),$);
#2298=IFCPROPERTYSINGLEVALUE('identificatie',$,IFCIDENTIFIER('NL.IMGeo.G0772.034edcb27b204b54ab144a6c490ec488'),$);
#2299=IFCPROPERTYSINGLEVALUE('tijdstipRegistratie',$,IFCLABEL('1452169524000'),$);
#2300=IFCPROPERTYSINGLEVALUE('LV-publicatiedatum',$,IFCLABEL('1459857343000'),$);
#2301=IFCPROPERTYSINGLEVALUE('bronhouder',$,IFCLABEL('G0772'),$);
#2302=IFCPROPERTYSINGLEVALUE('inOnderzoek',$,IFCBOOLEAN(.T.),$);
#2303=IFCPROPERTYSINGLEVALUE('relatieveHoogteligging',$,IFCREAL(0.),$);
#2304=IFCPROPERTYSINGLEVALUE('bgt-status',$,IFCLABEL('bestaand'),$);
#2305=IFCPROPERTYSINGLEVALUE('plus-type',$,IFCLABEL('niet-bgt:boom'),$);
#2306=IFCPROPERTYSET('3HrfI8dCj0oeoyAwn2HEnq',#5,'CPset_BGT',$,(#2297,#2298,#2299,#2300,#2301,#2302,#2303,#2304,#2305));
#2307=IFCPROPERTYSINGLEVALUE('objectBegintijd',$,IFCLABEL('1394492400000'),$);
#2308=IFCPROPERTYSINGLEVALUE('identificatie',$,IFCIDENTIFIER('NL.IMGeo.G0772.04eb80c424384410a058f533dacfa559'),$);
#2309=IFCPROPERTYSINGLEVALUE('tijdstipRegistratie',$,IFCLABEL('1452169524000'),$);
#2310=IFCPROPERTYSINGLEVALUE('LV-publicatiedatum',$,IFCLABEL('1459857343000'),$);
#2311=IFCPROPERTYSINGLEVALUE('bronhouder',$,IFCLABEL('G0772'),$);
#2312=IFCPROPERTYSINGLEVALUE('inOnderzoek',$,IFCBOOLEAN(.T.),$);
#2313=IFCPROPERTYSINGLEVALUE('relatieveHoogteligging',$,IFCREAL(0.),$);
#2314=IFCPROPERTYSINGLEVALUE('bgt-status',$,IFCLABEL('bestaand'),$);
#2315=IFCPROPERTYSINGLEVALUE('plus-type',$,IFCLABEL('niet-bgt:boom'),$);
#2316=IFCPROPERTYSET('16zFb47iz18Rdkvj1aG_BZ',#5,'CPset_BGT',$,(#2307,#2308,#2309,#2310,#2311,#2312,#2313,#2314,#2315));
#2317=IFCPROPERTYSINGLEVALUE('objectBegintijd',$,IFCLABEL('1317679200000'),$);
#2318=IFCPROPERTYSINGLEVALUE('identificatie',$,IFCIDENTIFIER('NL.IMGeo.G0772.0525f435589c43fba3852284f72a43de'),$);
#2319=IFCPROPERTYSINGLEVALUE('tijdstipRegistratie',$,IFCLABEL('1452169524000'),$);
#2320=IFCPROPERTYSINGLEVALUE('LV-publicatiedatum',$,IFCLABEL('1459857343000'),$);
#2321=IFCPROPERTYSINGLEVALUE('bronhouder',$,IFCLABEL('G0772'),$);
#2322=IFCPROPERTYSINGLEVALUE('inOnderzoek',$,IFCBOOLEAN(.T.),$);
#2323=IFCPROPERTYSINGLEVALUE('relatieveHoogteligging',$,IFCREAL(0.),$);
#2324=IFCPROPERTYSINGLEVALUE('bgt-status',$,IFCLABEL('bestaand'),$);
#2325=IFCPROPERTYSINGLEVALUE('plus-type',$,IFCLABEL('niet-bgt:boom'),$);
#2326=IFCPROPERTYSET('3bqycsZvb3MB6orT3tq$P7',#5,'CPset_BGT',$,(#2317,#2318,#2319,#2320,#2321,#2322,#2323,#2324,#2325));
#2327=IFCPROPERTYSINGLEVALUE('objectBegintijd',$,IFCLABEL('1349906400000'),$);
#2328=IFCPROPERTYSINGLEVALUE('identificatie',$,IFCIDENTIFIER('NL.IMGeo.G0772.0745022cbd254f6f9a2308e0538981b2'),$);
#2329=IFCPROPERTYSINGLEVALUE('tijdstipRegistratie',$,IFCLABEL('1452169524000'),$);
#2330=IFCPROPERTYSINGLEVALUE('LV-publicatiedatum',$,IFCLABEL('1459857343000'),$);
#2331=IFCPROPERTYSINGLEVALUE('bronhouder',$,IFCLABEL('G0772'),$);
#2332=IFCPROPERTYSINGLEVALUE('inOnderzoek',$,IFCBOOLEAN(.T.),$);
#2333=IFCPROPERTYSINGLEVALUE('relatieveHoogteligging',$,IFCREAL(0.),$);
#2334=IFCPROPERTYSINGLEVALUE('bgt-status',$,IFCLABEL('bestaand'),$);
#2335=IFCPROPERTYSINGLEVALUE('plus-type',$,IFCLABEL('niet-bgt:boom'),$);
#2336=IFCPROPERTYSET('3MTp$bUij5zwSFViYdxPtg',#5,'CPset_BGT',$,(#2327,#2328,#2329,#2330,#2331,#2332,#2333,#2334,#2335));
#2337=IFCPROPERTYSINGLEVALUE('objectBegintijd',$,IFCLABEL('1336428000000'),$);
#2338=IFCPROPERTYSINGLEVALUE('identificatie',$,IFCIDENTIFIER('NL.IMGeo.G0772.0b7c44ca680c489aaa64b62b04484118'),$);
#2339=IFCPROPERTYSINGLEVALUE('tijdstipRegistratie',$,IFCLABEL('1452169524000'),$);
#2340=IFCPROPERTYSINGLEVALUE('LV-publicatiedatum',$,IFCLABEL('1459857343000'),$);
#2341=IFCPROPERTYSINGLEVALUE('bronhouder',$,IFCLABEL('G0772'),$);
#2342=IFCPROPERTYSINGLEVALUE('inOnderzoek',$,IFCBOOLEAN(.T.),$);
#2343=IFCPROPERTYSINGLEVALUE('relatieveHoogteligging',$,IFCREAL(0.),$);
#2344=IFCPROPERTYSINGLEVALUE('bgt-status',$,IFCLABEL('bestaand'),$);
#2345=IFCPROPERTYSINGLEVALUE('plus-type',$,IFCLABEL('niet-bgt:boom'),$);
#2346=IFCPROPERTYSET('3MMPvM61L5nB0acq$E2Cf2',#5,'CPset_BGT',$,(#2337,#2338,#2339,#2340,#2341,#2342,#2343,#2344,#2345));
#2347=IFCPROPERTYSINGLEVALUE('objectBegintijd',$,IFCLABEL('1317679200000'),$);
#2348=IFCPROPERTYSINGLEVALUE('identificatie',$,IFCIDENTIFIER('NL.IMGeo.G0772.0f831bd1fadf48e99ce1afe55e7904ae'),$);
#2349=IFCPROPERTYSINGLEVALUE('tijdstipRegistratie',$,IFCLABEL('1452169524000'),$);
#2350=IFCPROPERTYSINGLEVALUE('LV-publicatiedatum',$,IFCLABEL('1459857343000'),$);
#2351=IFCPROPERTYSINGLEVALUE('bronhouder',$,IFCLABEL('G0772'),$);
#2352=IFCPROPERTYSINGLEVALUE('inOnderzoek',$,IFCBOOLEAN(.T.),$);
#2353=IFCPROPERTYSINGLEVALUE('relatieveHoogteligging',$,IFCREAL(0.),$);
#2354=IFCPROPERTYSINGLEVALUE('bgt-status',$,IFCLABEL('bestaand'),$);
#2355=IFCPROPERTYSINGLEVALUE('plus-type',$,IFCLABEL('niet-bgt:boom'),$);
#2356=IFCPROPERTYSET('0ahD9lfcT0B8hNFdTRFQgj',#5,'CPset_BGT',$,(#2347,#2348,#2349,#2350,#2351,#2352,#2353,#2354,#2355));
#2357=IFCPROPERTYSINGLEVALUE('objectBegintijd',$,IFCLABEL('1317679200000'),$);
#2358=IFCPROPERTYSINGLEVALUE('identificatie',$,IFCIDENTIFIER('NL.IMGeo.G0772.124f102014dc493c9d318575a89dbd41'),$);
#2359=IFCPROPERTYSINGLEVALUE('tijdstipRegistratie',$,IFCLABEL('1452169524000'),$);
#2360=IFCPROPERTYSINGLEVALUE('LV-publicatiedatum',$,IFCLABEL('1459857343000'),$);
#2361=IFCPROPERTYSINGLEVALUE('bronhouder',$,IFCLABEL('G0772'),$);
#2362=IFCPROPERTYSINGLEVALUE('inOnderzoek',$,IFCBOOLEAN(.T.),$);
#2363=IFCPROPERTYSINGLEVALUE('relatieveHoogteligging',$,IFCREAL(0.),$);
#2364=IFCPROPERTYSINGLEVALUE('bgt-status',$,IFCLABEL('bestaand'),$);
#2365=IFCPROPERTYSINGLEVALUE('plus-type',$,IFCLABEL('niet-bgt:boom'),$);
#2366=IFCPROPERTYSET('0725G$WB16wxTwvHPgtln5',#5,'CPset_BGT',$,(#2357,#2358,#2359,#2360,#2361,#2362,#2363,#2364,#2365));
#2367=IFCPROPERTYSINGLEVALUE('objectBegintijd',$,IFCLABEL('1159221600000'),$);
#2368=IFCPROPERTYSINGLEVALUE('identificatie',$,IFCIDENTIFIER('NL.IMGeo.G0772.1454cb07e3c44e3bae56c19620e34fec'),$);
#2369=IFCPROPERTYSINGLEVALUE('tijdstipRegistratie',$,IFCLABEL('1452169524000'),$);
#2370=IFCPROPERTYSINGLEVALUE('LV-publicatiedatum',$,IFCLABEL('1459857343000'),$);
#2371=IFCPROPERTYSINGLEVALUE('bronhouder',$,IFCLABEL('G0772'),$);
#2372=IFCPROPERTYSINGLEVALUE('inOnderzoek',$,IFCBOOLEAN(.T.),$);
#2373=IFCPROPERTYSINGLEVALUE('relatieveHoogteligging',$,IFCREAL(0.),$);
#2374=IFCPROPERTYSINGLEVALUE('bgt-status',$,IFCLABEL('bestaand'),$);
#2375=IFCPROPERTYSINGLEVALUE('plus-type',$,IFCLABEL('niet-bgt:boom'),$);
#2376=IFCPROPERTYSET('3kQyk$qCT2BRHKFb6LyEsO',#5,'CPset_BGT',$,(#2367,#2368,#2369,#2370,#2371,#2372,#2373,#2374,#2375));
#2377=IFCPROPERTYSINGLEVALUE('objectBegintijd',$,IFCLABEL('1349906400000'),$);
#2378=IFCPROPERTYSINGLEVALUE('identificatie',$,IFCIDENTIFIER('NL.IMGeo.G0772.147bf35823634449a0aef6e8fbd8077a'),$);
#2379=IFCPROPERTYSINGLEVALUE('tijdstipRegistratie',$,IFCLABEL('1452169524000'),$);
#2380=IFCPROPERTYSINGLEVALUE('LV-publicatiedatum',$,IFCLABEL('1459857343000'),$);
#2381=IFCPROPERTYSINGLEVALUE('bronhouder',$,IFCLABEL('G0772'),$);
#2382=IFCPROPERTYSINGLEVALUE('inOnderzoek',$,IFCBOOLEAN(.T.),$);
#2383=IFCPROPERTYSINGLEVALUE('relatieveHoogteligging',$,IFCREAL(0.),$);
#2384=IFCPROPERTYSINGLEVALUE('bgt-status',$,IFCLABEL('bestaand'),$);
#2385=IFCPROPERTYSINGLEVALUE('plus-type',$,IFCLABEL('niet-bgt:boom'),$);
#2386=IFCPROPERTYSET('0BnIymh2D95vGVU53Y2Msk',#5,'CPset_BGT',$,(#2377,#2378,#2379,#2380,#2381,#2382,#2383,#2384,#2385));
#2387=IFCPROPERTYSINGLEVALUE('objectBegintijd',$,IFCLABEL('1361746800000'),$);
#2388=IFCPROPERTYSINGLEVALUE('identificatie',$,IFCIDENTIFIER('NL.IMGeo.G0772.1f04e2464c2d4906b8fc061398283be3'),$);
#2389=IFCPROPERTYSINGLEVALUE('tijdstipRegistratie',$,IFCLABEL('1452169524000'),$);
#2390=IFCPROPERTYSINGLEVALUE('LV-publicatiedatum',$,IFCLABEL('1459857343000'),$);
#2391=IFCPROPERTYSINGLEVALUE('bronhouder',$,IFCLABEL('G0772'),$);
#2392=IFCPROPERTYSINGLEVALUE('inOnderzoek',$,IFCBOOLEAN(.T.),$);
#2393=IFCPROPERTYSINGLEVALUE('relatieveHoogteligging',$,IFCREAL(0.),$);
#2394=IFCPROPERTYSINGLEVALUE('bgt-status',$,IFCLABEL('bestaand'),$);
#2395=IFCPROPERTYSINGLEVALUE('plus-type',$,IFCLABEL('niet-bgt:boom'),$);
#2396=IFCPROPERTYSET('3EoocNLovDyQ8bZcUytbDH',#5,'CPset_BGT',$,(#2387,#2388,#2389,#2390,#2391,#2392,#2393,#2394,#2395));
#2397=IFCPROPERTYSINGLEVALUE('objectBegintijd',$,IFCLABEL('1336428000000'),$);
#2398=IFCPROPERTYSINGLEVALUE('identificatie',$,IFCIDENTIFIER('NL.IMGeo.G0772.223a441342bb4553b73f65b341a86fe9'),$);
#2399=IFCPROPERTYSINGLEVALUE('tijdstipRegistratie',$,IFCLABEL('1452169524000'),$);
#2400=IFCPROPERTYSINGLEVALUE('LV-publicatiedatum',$,IFCLABEL('1459857343000'),$);
#2401=IFCPROPERTYSINGLEVALUE('bronhouder',$,IFCLABEL('G0772'),$);
#2402=IFCPROPERTYSINGLEVALUE('inOnderzoek',$,IFCBOOLEAN(.T.),$);
#2403=IFCPROPERTYSINGLEVALUE('relatieveHoogteligging',$,IFCREAL(0.),$);
#2404=IFCPROPERTYSINGLEVALUE('bgt-status',$,IFCLABEL('bestaand'),$);
#2405=IFCPROPERTYSINGLEVALUE('plus-type',$,IFCLABEL('niet-bgt:boom'),$);
#2406=IFCPROPERTYSET('2FkVjQR2bAN9pkqqKmmB32',#5,'CPset_BGT',$,(#2397,#2398,#2399,#2400,#2401,#2402,#2403,#2404,#2405));
#2407=IFCPROPERTYSINGLEVALUE('objectBegintijd',$,IFCLABEL('1349906400000'),$);
#2408=IFCPROPERTYSINGLEVALUE('identificatie',$,IFCIDENTIFIER('NL.IMGeo.G0772.22f526cbe5a846f5870d2f0ab9e781c1'),$);
#2409=IFCPROPERTYSINGLEVALUE('tijdstipRegistratie',$,IFCLABEL('1452169524000'),$);
#2410=IFCPROPERTYSINGLEVALUE('LV-publicatiedatum',$,IFCLABEL('1459857343000'),$);
#2411=IFCPROPERTYSINGLEVALUE('bronhouder',$,IFCLABEL('G0772'),$);
#2412=IFCPROPERTYSINGLEVALUE('inOnderzoek',$,IFCBOOLEAN(.T.),$);
#2413=IFCPROPERTYSINGLEVALUE('relatieveHoogteligging',$,IFCREAL(0.),$);
#2414=IFCPROPERTYSINGLEVALUE('bgt-status',$,IFCLABEL('bestaand'),$);
#2415=IFCPROPERTYSINGLEVALUE('plus-type',$,IFCLABEL('niet-bgt:boom'),$);
#2416=IFCPROPERTYSET('1_lPa9BqDB19syE6lMZjH2',#5,'CPset_BGT',$,(#2407,#2408,#2409,#2410,#2411,#2412,#2413,#2414,#2415));
#2417=IFCPROPERTYSINGLEVALUE('objectBegintijd',$,IFCLABEL('1317679200000'),$);
#2418=IFCPROPERTYSINGLEVALUE('identificatie',$,IFCIDENTIFIER('NL.IMGeo.G0772.234244e0aa224a77b1149ea58abd5dd6'),$);
#2419=IFCPROPERTYSINGLEVALUE('tijdstipRegistratie',$,IFCLABEL('1452169524000'),$);
#2420=IFCPROPERTYSINGLEVALUE('LV-publicatiedatum',$,IFCLABEL('1459857343000'),$);
#2421=IFCPROPERTYSINGLEVALUE('bronhouder',$,IFCLABEL('G0772'),$);
#2422=IFCPROPERTYSINGLEVALUE('inOnderzoek',$,IFCBOOLEAN(.T.),$);
#2423=IFCPROPERTYSINGLEVALUE('relatieveHoogteligging',$,IFCREAL(0.),$);
#2424=IFCPROPERTYSINGLEVALUE('bgt-status',$,IFCLABEL('bestaand'),$);
#2425=IFCPROPERTYSINGLEVALUE('plus-type',$,IFCLABEL('niet-bgt:boom'),$);
#2426=IFCPROPERTYSET('35JisbOy98A8K73ZAtrbD5',#5,'CPset_BGT',$,(#2417,#2418,#2419,#2420,#2421,#2422,#2423,#2424,#2425));
#2427=IFCPROPERTYSINGLEVALUE('objectBegintijd',$,IFCLABEL('1349906400000'),$);
#2428=IFCPROPERTYSINGLEVALUE('identificatie',$,IFCIDENTIFIER('NL.IMGeo.G0772.2448c037d61342e9a721e1a0e74c1752'),$);
#2429=IFCPROPERTYSINGLEVALUE('tijdstipRegistratie',$,IFCLABEL('1452169524000'),$);
#2430=IFCPROPERTYSINGLEVALUE('LV-publicatiedatum',$,IFCLABEL('1459857343000'),$);
#2431=IFCPROPERTYSINGLEVALUE('bronhouder',$,IFCLABEL('G0772'),$);
#2432=IFCPROPERTYSINGLEVALUE('inOnderzoek',$,IFCBOOLEAN(.T.),$);
#2433=IFCPROPERTYSINGLEVALUE('relatieveHoogteligging',$,IFCREAL(0.),$);
#2434=IFCPROPERTYSINGLEVALUE('bgt-status',$,IFCLABEL('bestaand'),$);
#2435=IFCPROPERTYSINGLEVALUE('plus-type',$,IFCLABEL('niet-bgt:boom'),$);
#2436=IFCPROPERTYSET('1EbcjgcOX12uGcLuX7TOUv',#5,'CPset_BGT',$,(#2427,#2428,#2429,#2430,#2431,#2432,#2433,#2434,#2435));
#2437=IFCPROPERTYSINGLEVALUE('objectBegintijd',$,IFCLABEL('1349906400000'),$);
#2438=IFCPROPERTYSINGLEVALUE('identificatie',$,IFCIDENTIFIER('NL.IMGeo.G0772.291e0c57eb004966b760ba2e6a053de1'),$);
#2439=IFCPROPERTYSINGLEVALUE('tijdstipRegistratie',$,IFCLABEL('1452169524000'),$);
#2440=IFCPROPERTYSINGLEVALUE('LV-publicatiedatum',$,IFCLABEL('1459857343000'),$);
#2441=IFCPROPERTYSINGLEVALUE('bronhouder',$,IFCLABEL('G0772'),$);
#2442=IFCPROPERTYSINGLEVALUE('inOnderzoek',$,IFCBOOLEAN(.T.),$);
#2443=IFCPROPERTYSINGLEVALUE('relatieveHoogteligging',$,IFCREAL(0.),$);
#2444=IFCPROPERTYSINGLEVALUE('bgt-status',$,IFCLABEL('bestaand'),$);
#2445=IFCPROPERTYSINGLEVALUE('plus-type',$,IFCLABEL('niet-bgt:boom'),$);
#2446=IFCPROPERTYSET('12IFbXmazBFOdjEoITYXsR',#5,'CPset_BGT',$,(#2437,#2438,#2439,#2440,#2441,#2442,#2443,#2444,#2445));
#2447=IFCPROPERTYSINGLEVALUE('objectBegintijd',$,IFCLABEL('1349906400000'),$);
#2448=IFCPROPERTYSINGLEVALUE('identificatie',$,IFCIDENTIFIER('NL.IMGeo.G0772.2f484e7372d84aea925c179cd6a6bc4c'),$);
#2449=IFCPROPERTYSINGLEVALUE('tijdstipRegistratie',$,IFCLABEL('1452169524000'),$);
#2450=IFCPROPERTYSINGLEVALUE('LV-publicatiedatum',$,IFCLABEL('1459857343000'),$);
#2451=IFCPROPERTYSINGLEVALUE('bronhouder',$,IFCLABEL('G0772'),$);
#2452=IFCPROPERTYSINGLEVALUE('inOnderzoek',$,IFCBOOLEAN(.T.),$);
#2453=IFCPROPERTYSINGLEVALUE('relatieveHoogteligging',$,IFCREAL(0.),$);
#2454=IFCPROPERTYSINGLEVALUE('bgt-status',$,IFCLABEL('bestaand'),$);
#2455=IFCPROPERTYSINGLEVALUE('plus-type',$,IFCLABEL('niet-bgt:boom'),$);
#2456=IFCPROPERTYSET('3TR2cyR3z7DeeyC30MEJYm',#5,'CPset_BGT',$,(#2447,#2448,#2449,#2450,#2451,#2452,#2453,#2454,#2455));
#2457=IFCPROPERTYSINGLEVALUE('objectBegintijd',$,IFCLABEL('1317679200000'),$);
#2458=IFCPROPERTYSINGLEVALUE('identificatie',$,IFCIDENTIFIER('NL.IMGeo.G0772.2fd763fd71504a4ebbf7ed7154eb32e7'),$);
#2459=IFCPROPERTYSINGLEVALUE('tijdstipRegistratie',$,IFCLABEL('1452169524000'),$);
#2460=IFCPROPERTYSINGLEVALUE('LV-publicatiedatum',$,IFCLABEL('1459857343000'),$);
#2461=IFCPROPERTYSINGLEVALUE('bronhouder',$,IFCLABEL('G0772'),$);
#2462=IFCPROPERTYSINGLEVALUE('inOnderzoek',$,IFCBOOLEAN(.T.),$);
#2463=IFCPROPERTYSINGLEVALUE('relatieveHoogteligging',$,IFCREAL(0.),$);
#2464=IFCPROPERTYSINGLEVALUE('bgt-status',$,IFCLABEL('bestaand'),$);
#2465=IFCPROPERTYSINGLEVALUE('plus-type',$,IFCLABEL('niet-bgt:boom'),$);
#2466=IFCPROPERTYSET('0DVeZM_PHCpgUHNqjM75BK',#5,'CPset_BGT',$,(#2457,#2458,#2459,#2460,#2461,#2462,#2463,#2464,#2465));
#2467=IFCPROPERTYSINGLEVALUE('objectBegintijd',$,IFCLABEL('1428357600000'),$);
#2468=IFCPROPERTYSINGLEVALUE('identificatie',$,IFCIDENTIFIER('NL.IMGeo.G0772.3413c2db42d9464ea300230f5b5f7ead'),$);
#2469=IFCPROPERTYSINGLEVALUE('tijdstipRegistratie',$,IFCLABEL('1452169524000'),$);
#2470=IFCPROPERTYSINGLEVALUE('LV-publicatiedatum',$,IFCLABEL('1459857343000'),$);
#2471=IFCPROPERTYSINGLEVALUE('bronhouder',$,IFCLABEL('G0772'),$);
#2472=IFCPROPERTYSINGLEVALUE('inOnderzoek',$,IFCBOOLEAN(.T.),$);
#2473=IFCPROPERTYSINGLEVALUE('relatieveHoogteligging',$,IFCREAL(0.),$);
#2474=IFCPROPERTYSINGLEVALUE('bgt-status',$,IFCLABEL('bestaand'),$);
#2475=IFCPROPERTYSINGLEVALUE('plus-type',$,IFCLABEL('niet-bgt:boom'),$);
#2476=IFCPROPERTYSET('2Lf9v8YzX4KRMcxnpQbHfy',#5,'CPset_BGT',$,(#2467,#2468,#2469,#2470,#2471,#2472,#2473,#2474,#2475));
#2477=IFCPROPERTYSINGLEVALUE('objectBegintijd',$,IFCLABEL('1317679200000'),$);
#2478=IFCPROPERTYSINGLEVALUE('identificatie',$,IFCIDENTIFIER('NL.IMGeo.G0772.386427e411bb47e59f42ad3f461e770c'),$);
#2479=IFCPROPERTYSINGLEVALUE('tijdstipRegistratie',$,IFCLABEL('1452169524000'),$);
#2480=IFCPROPERTYSINGLEVALUE('LV-publicatiedatum',$,IFCLABEL('1459857343000'),$);
#2481=IFCPROPERTYSINGLEVALUE('bronhouder',$,IFCLABEL('G0772'),$);
#2482=IFCPROPERTYSINGLEVALUE('inOnderzoek',$,IFCBOOLEAN(.T.),$);
#2483=IFCPROPERTYSINGLEVALUE('relatieveHoogteligging',$,IFCREAL(0.),$);
#2484=IFCPROPERTYSINGLEVALUE('bgt-status',$,IFCLABEL('bestaand'),$);
#2485=IFCPROPERTYSINGLEVALUE('plus-type',$,IFCLABEL('niet-bgt:boom'),$);
#2486=IFCPROPERTYSET('1yvqqbYH9438$g3HtAhJZg',#5,'CPset_BGT',$,(#2477,#2478,#2479,#2480,#2481,#2482,#2483,#2484,#2485));
#2487=IFCPROPERTYSINGLEVALUE('objectBegintijd',$,IFCLABEL('1159221600000'),$);
#2488=IFCPROPERTYSINGLEVALUE('identificatie',$,IFCIDENTIFIER('NL.IMGeo.G0772.3c909994c56749f0981ed939ddd57d5d'),$);
#2489=IFCPROPERTYSINGLEVALUE('tijdstipRegistratie',$,IFCLABEL('1452169524000'),$);
#2490=IFCPROPERTYSINGLEVALUE('LV-publicatiedatum',$,IFCLABEL('1459857343000'),$);
#2491=IFCPROPERTYSINGLEVALUE('bronhouder',$,IFCLABEL('G0772'),$);
#2492=IFCPROPERTYSINGLEVALUE('inOnderzoek',$,IFCBOOLEAN(.T.),$);
#2493=IFCPROPERTYSINGLEVALUE('relatieveHoogteligging',$,IFCREAL(0.),$);
#2494=IFCPROPERTYSINGLEVALUE('bgt-status',$,IFCLABEL('bestaand'),$);
#2495=IFCPROPERTYSINGLEVALUE('plus-type',$,IFCLABEL('niet-bgt:boom'),$);
#2496=IFCPROPERTYSET('1FgwlRjO1DmPmPSJPL604B',#5,'CPset_BGT',$,(#2487,#2488,#2489,#2490,#2491,#2492,#2493,#2494,#2495));
#2497=IFCPROPERTYSINGLEVALUE('objectBegintijd',$,IFCLABEL('1349906400000'),$);
#2498=IFCPROPERTYSINGLEVALUE('identificatie',$,IFCIDENTIFIER('NL.IMGeo.G0772.3df271feab2f4fbb8021d9a77743be59'),$);
#2499=IFCPROPERTYSINGLEVALUE('tijdstipRegistratie',$,IFCLABEL('1452169524000'),$);
#2500=IFCPROPERTYSINGLEVALUE('LV-publicatiedatum',$,IFCLABEL('1459857343000'),$);
#2501=IFCPROPERTYSINGLEVALUE('bronhouder',$,IFCLABEL('G0772'),$);
#2502=IFCPROPERTYSINGLEVALUE('inOnderzoek',$,IFCBOOLEAN(.T.),$);
#2503=IFCPROPERTYSINGLEVALUE('relatieveHoogteligging',$,IFCREAL(0.),$);
#2504=IFCPROPERTYSINGLEVALUE('bgt-status',$,IFCLABEL('bestaand'),$);
#2505=IFCPROPERTYSINGLEVALUE('plus-type',$,IFCLABEL('niet-bgt:boom'),$);
#2506=IFCPROPERTYSET('2lpu5Rko94tAQUin19$YK$',#5,'CPset_BGT',$,(#2497,#2498,#2499,#2500,#2501,#2502,#2503,#2504,#2505));
#2507=IFCPROPERTYSINGLEVALUE('objectBegintijd',$,IFCLABEL('1361746800000'),$);
#2508=IFCPROPERTYSINGLEVALUE('identificatie',$,IFCIDENTIFIER('NL.IMGeo.G0772.3e62287b5b744af8b58117edeb430a86'),$);
#2509=IFCPROPERTYSINGLEVALUE('tijdstipRegistratie',$,IFCLABEL('1452169524000'),$);
#2510=IFCPROPERTYSINGLEVALUE('LV-publicatiedatum',$,IFCLABEL('1459857343000'),$);
#2511=IFCPROPERTYSINGLEVALUE('bronhouder',$,IFCLABEL('G0772'),$);
#2512=IFCPROPERTYSINGLEVALUE('inOnderzoek',$,IFCBOOLEAN(.T.),$);
#2513=IFCPROPERTYSINGLEVALUE('relatieveHoogteligging',$,IFCREAL(0.),$);
#2514=IFCPROPERTYSINGLEVALUE('bgt-status',$,IFCLABEL('bestaand'),$);
#2515=IFCPROPERTYSINGLEVALUE('plus-type',$,IFCLABEL('niet-bgt:boom'),$);
#2516=IFCPROPERTYSET('1K2ffvfLLCKhxz1Rge0$St',#5,'CPset_BGT',$,(#2507,#2508,#2509,#2510,#2511,#2512,#2513,#2514,#2515));
#2517=IFCPROPERTYSINGLEVALUE('objectBegintijd',$,IFCLABEL('1336428000000'),$);
#2518=IFCPROPERTYSINGLEVALUE('identificatie',$,IFCIDENTIFIER('NL.IMGeo.G0772.3edb5554606f427ab41f2fa89892e8db'),$);
#2519=IFCPROPERTYSINGLEVALUE('tijdstipRegistratie',$,IFCLABEL('1452169524000'),$);
#2520=IFCPROPERTYSINGLEVALUE('LV-publicatiedatum',$,IFCLABEL('1459857343000'),$);
#2521=IFCPROPERTYSINGLEVALUE('bronhouder',$,IFCLABEL('G0772'),$);
#2522=IFCPROPERTYSINGLEVALUE('inOnderzoek',$,IFCBOOLEAN(.T.),$);
#2523=IFCPROPERTYSINGLEVALUE('relatieveHoogteligging',$,IFCREAL(0.),$);
#2524=IFCPROPERTYSINGLEVALUE('bgt-status',$,IFCLABEL('bestaand'),$);
#2525=IFCPROPERTYSINGLEVALUE('plus-type',$,IFCLABEL('niet-bgt:boom'),$);
#2526=IFCPROPERTYSET('30ct$sUN146wWZ2GqPE9Jx',#5,'CPset_BGT',$,(#2517,#2518,#2519,#2520,#2521,#2522,#2523,#2524,#2525));
#2527=IFCPROPERTYSINGLEVALUE('objectBegintijd',$,IFCLABEL('1317679200000'),$);
#2528=IFCPROPERTYSINGLEVALUE('identificatie',$,IFCIDENTIFIER('NL.IMGeo.G0772.41f808d14a004952962d491d7cb0d6fc'),$);
#2529=IFCPROPERTYSINGLEVALUE('tijdstipRegistratie',$,IFCLABEL('1452169524000'),$);
#2530=IFCPROPERTYSINGLEVALUE('LV-publicatiedatum',$,IFCLABEL('1459857343000'),$);
#2531=IFCPROPERTYSINGLEVALUE('bronhouder',$,IFCLABEL('G0772'),$);
#2532=IFCPROPERTYSINGLEVALUE('inOnderzoek',$,IFCBOOLEAN(.T.),$);
#2533=IFCPROPERTYSINGLEVALUE('relatieveHoogteligging',$,IFCREAL(0.),$);
#2534=IFCPROPERTYSINGLEVALUE('bgt-status',$,IFCLABEL('bestaand'),$);
#2535=IFCPROPERTYSINGLEVALUE('plus-type',$,IFCLABEL('niet-bgt:boom'),$);
#2536=IFCPROPERTYSET('0Sz9yrcIbD6eJQiy6DBZz4',#5,'CPset_BGT',$,(#2527,#2528,#2529,#2530,#2531,#2532,#2533,#2534,#2535));
#2537=IFCPROPERTYSINGLEVALUE('objectBegintijd',$,IFCLABEL('1330556400000'),$);
#2538=IFCPROPERTYSINGLEVALUE('identificatie',$,IFCIDENTIFIER('NL.IMGeo.G0772.44aa4b9252c6419d83aa11df5db123ca'),$);
#2539=IFCPROPERTYSINGLEVALUE('tijdstipRegistratie',$,IFCLABEL('1452169524000'),$);
#2540=IFCPROPERTYSINGLEVALUE('LV-publicatiedatum',$,IFCLABEL('1459857343000'),$);
#2541=IFCPROPERTYSINGLEVALUE('bronhouder',$,IFCLABEL('G0772'),$);
#2542=IFCPROPERTYSINGLEVALUE('inOnderzoek',$,IFCBOOLEAN(.T.),$);
#2543=IFCPROPERTYSINGLEVALUE('relatieveHoogteligging',$,IFCREAL(0.),$);
#2544=IFCPROPERTYSINGLEVALUE('bgt-status',$,IFCLABEL('bestaand'),$);
#2545=IFCPROPERTYSINGLEVALUE('plus-type',$,IFCLABEL('niet-bgt:boom'),$);
#2546=IFCPROPERTYSET('1U1o2s9u95O9e$vK5mmAcT',#5,'CPset_BGT',$,(#2537,#2538,#2539,#2540,#2541,#2542,#2543,#2544,#2545));
#2547=IFCPROPERTYSINGLEVALUE('objectBegintijd',$,IFCLABEL('1317679200000'),$);
#2548=IFCPROPERTYSINGLEVALUE('identificatie',$,IFCIDENTIFIER('NL.IMGeo.G0772.46dddfa714d1450b85721cce494ce912'),$);
#2549=IFCPROPERTYSINGLEVALUE('tijdstipRegistratie',$,IFCLABEL('1452169524000'),$);
#2550=IFCPROPERTYSINGLEVALUE('LV-publicatiedatum',$,IFCLABEL('1459857343000'),$);
#2551=IFCPROPERTYSINGLEVALUE('bronhouder',$,IFCLABEL('G0772'),$);
#2552=IFCPROPERTYSINGLEVALUE('inOnderzoek',$,IFCBOOLEAN(.T.),$);
#2553=IFCPROPERTYSINGLEVALUE('relatieveHoogteligging',$,IFCREAL(0.),$);
#2554=IFCPROPERTYSINGLEVALUE('bgt-status',$,IFCLABEL('bestaand'),$);
#2555=IFCPROPERTYSINGLEVALUE('plus-type',$,IFCLABEL('niet-bgt:boom'),$);
#2556=IFCPROPERTYSET('27fbHuANH4YxzIXVxVDyVq',#5,'CPset_BGT',$,(#2547,#2548,#2549,#2550,#2551,#2552,#2553,#2554,#2555));
#2557=IFCPROPERTYSINGLEVALUE('objectBegintijd',$,IFCLABEL('1349906400000'),$);
#2558=IFCPROPERTYSINGLEVALUE('identificatie',$,IFCIDENTIFIER('NL.IMGeo.G0772.4a8c37611cad40eda23a9b44a22ffd63'),$);
#2559=IFCPROPERTYSINGLEVALUE('tijdstipRegistratie',$,IFCLABEL('1452169524000'),$);
#2560=IFCPROPERTYSINGLEVALUE('LV-publicatiedatum',$,IFCLABEL('1459857343000'),$);
#2561=IFCPROPERTYSINGLEVALUE('bronhouder',$,IFCLABEL('G0772'),$);
#2562=IFCPROPERTYSINGLEVALUE('inOnderzoek',$,IFCBOOLEAN(.T.),$);
#2563=IFCPROPERTYSINGLEVALUE('relatieveHoogteligging',$,IFCREAL(0.),$);
#2564=IFCPROPERTYSINGLEVALUE('bgt-status',$,IFCLABEL('bestaand'),$);
#2565=IFCPROPERTYSINGLEVALUE('plus-type',$,IFCLABEL('niet-bgt:boom'),$);
#2566=IFCPROPERTYSET('3$NfZ$2sb2qfD1NeYPykeN',#5,'CPset_BGT',$,(#2557,#2558,#2559,#2560,#2561,#2562,#2563,#2564,#2565));
#2567=IFCPROPERTYSINGLEVALUE('objectBegintijd',$,IFCLABEL('1330556400000'),$);
#2568=IFCPROPERTYSINGLEVALUE('identificatie',$,IFCIDENTIFIER('NL.IMGeo.G0772.4f6ccfc5bc324f43939b19c15ca17877'),$);
#2569=IFCPROPERTYSINGLEVALUE('tijdstipRegistratie',$,IFCLABEL('1452169524000'),$);
#2570=IFCPROPERTYSINGLEVALUE('LV-publicatiedatum',$,IFCLABEL('1459857343000'),$);
#2571=IFCPROPERTYSINGLEVALUE('bronhouder',$,IFCLABEL('G0772'),$);
#2572=IFCPROPERTYSINGLEVALUE('inOnderzoek',$,IFCBOOLEAN(.T.),$);
#2573=IFCPROPERTYSINGLEVALUE('relatieveHoogteligging',$,IFCREAL(0.),$);
#2574=IFCPROPERTYSINGLEVALUE('bgt-status',$,IFCLABEL('bestaand'),$);
#2575=IFCPROPERTYSINGLEVALUE('plus-type',$,IFCLABEL('niet-bgt:boom'),$);
#2576=IFCPROPERTYSET('28g2pkcOj3tuqW3RSufEgz',#5,'CPset_BGT',$,(#2567,#2568,#2569,#2570,#2571,#2572,#2573,#2574,#2575));
#2577=IFCPROPERTYSINGLEVALUE('objectBegintijd',$,IFCLABEL('1349906400000'),$);
#2578=IFCPROPERTYSINGLEVALUE('identificatie',$,IFCIDENTIFIER('NL.IMGeo.G0772.4fdf10b60cf8449ea2951c4998020ac1'),$);
#2579=IFCPROPERTYSINGLEVALUE('tijdstipRegistratie',$,IFCLABEL('1452169524000'),$);
#2580=IFCPROPERTYSINGLEVALUE('LV-publicatiedatum',$,IFCLABEL('1459857343000'),$);
#2581=IFCPROPERTYSINGLEVALUE('bronhouder',$,IFCLABEL('G0772'),$);
#2582=IFCPROPERTYSINGLEVALUE('inOnderzoek',$,IFCBOOLEAN(.T.),$);
#2583=IFCPROPERTYSINGLEVALUE('relatieveHoogteligging',$,IFCREAL(0.),$);
#2584=IFCPROPERTYSINGLEVALUE('bgt-status',$,IFCLABEL('bestaand'),$);
#2585=IFCPROPERTYSINGLEVALUE('plus-type',$,IFCLABEL('niet-bgt:boom'),$);
#2586=IFCPROPERTYSET('0PXpsZPQTBcQgwSdRjUMYf',#5,'CPset_BGT',$,(#2577,#2578,#2579,#2580,#2581,#2582,#2583,#2584,#2585));
#2587=IFCPROPERTYSINGLEVALUE('objectBegintijd',$,IFCLABEL('1394492400000'),$);
#2588=IFCPROPERTYSINGLEVALUE('identificatie',$,IFCIDENTIFIER('NL.IMGeo.G0772.53179877fc9a42f4b87be4c11da1a234'),$);
#2589=IFCPROPERTYSINGLEVALUE('tijdstipRegistratie',$,IFCLABEL('1452169524000'),$);
#2590=IFCPROPERTYSINGLEVALUE('LV-publicatiedatum',$,IFCLABEL('1459857343000'),$);
#2591=IFCPROPERTYSINGLEVALUE('bronhouder',$,IFCLABEL('G0772'),$);
#2592=IFCPROPERTYSINGLEVALUE('inOnderzoek',$,IFCBOOLEAN(.T.),$);
#2593=IFCPROPERTYSINGLEVALUE('relatieveHoogteligging',$,IFCREAL(0.),$);
#2594=IFCPROPERTYSINGLEVALUE('bgt-status',$,IFCLABEL('bestaand'),$);
#2595=IFCPROPERTYSINGLEVALUE('plus-type',$,IFCLABEL('niet-bgt:boom'),$);
#2596=IFCPROPERTYSET('2mrDeSQIr3NeZRdDzcNCup',#5,'CPset_BGT',$,(#2587,#2588,#2589,#2590,#2591,#2592,#2593,#2594,#2595));
#2597=IFCPROPERTYSINGLEVALUE('objectBegintijd',$,IFCLABEL('1317679200000'),$);
#2598=IFCPROPERTYSINGLEVALUE('identificatie',$,IFCIDENTIFIER('NL.IMGeo.G0772.53547615d07f4ba7acbdd7cba0a049dd'),$);
#2599=IFCPROPERTYSINGLEVALUE('tijdstipRegistratie',$,IFCLABEL('1452169524000'),$);
#2600=IFCPROPERTYSINGLEVALUE('LV-publicatiedatum',$,IFCLABEL('1459857343000'),$);
#2601=IFCPROPERTYSINGLEVALUE('bronhouder',$,IFCLABEL('G0772'),$);
#2602=IFCPROPERTYSINGLEVALUE('inOnderzoek',$,IFCBOOLEAN(.T.),$);
#2603=IFCPROPERTYSINGLEVALUE('relatieveHoogteligging',$,IFCREAL(0.),$);
#2604=IFCPROPERTYSINGLEVALUE('bgt-status',$,IFCLABEL('bestaand'),$);
#2605=IFCPROPERTYSINGLEVALUE('plus-type',$,IFCLABEL('niet-bgt:boom'),$);
#2606=IFCPROPERTYSET('3TXZhJ8nj7YxjTUUiWUFJH',#5,'CPset_BGT',$,(#2597,#2598,#2599,#2600,#2601,#2602,#2603,#2604,#2605));
#2607=IFCPROPERTYSINGLEVALUE('objectBegintijd',$,IFCLABEL('1349906400000'),$);
#2608=IFCPROPERTYSINGLEVALUE('identificatie',$,IFCIDENTIFIER('NL.IMGeo.G0772.5365fbd1ab2a4494b2f73df5510b1e3b'),$);
#2609=IFCPROPERTYSINGLEVALUE('tijdstipRegistratie',$,IFCLABEL('1452169524000'),$);
#2610=IFCPROPERTYSINGLEVALUE('LV-publicatiedatum',$,IFCLABEL('1459857343000'),$);
#2611=IFCPROPERTYSINGLEVALUE('bronhouder',$,IFCLABEL('G0772'),$);
#2612=IFCPROPERTYSINGLEVALUE('inOnderzoek',$,IFCBOOLEAN(.T.),$);
#2613=IFCPROPERTYSINGLEVALUE('relatieveHoogteligging',$,IFCREAL(0.),$);
#2614=IFCPROPERTYSINGLEVALUE('bgt-status',$,IFCLABEL('bestaand'),$);
#2615=IFCPROPERTYSINGLEVALUE('plus-type',$,IFCLABEL('niet-bgt:boom'),$);
#2616=IFCPROPERTYSET('238EeBVzjFnge0oKPn1K4n',#5,'CPset_BGT',$,(#2607,#2608,#2609,#2610,#2611,#2612,#2613,#2614,#2615));
#2617=IFCPROPERTYSINGLEVALUE('objectBegintijd',$,IFCLABEL('1336428000000'),$);
#2618=IFCPROPERTYSINGLEVALUE('identificatie',$,IFCIDENTIFIER('NL.IMGeo.G0772.538d7662f89f411fa1114d13203fdad1'),$);
#2619=IFCPROPERTYSINGLEVALUE('tijdstipRegistratie',$,IFCLABEL('1452169524000'),$);
#2620=IFCPROPERTYSINGLEVALUE('LV-publicatiedatum',$,IFCLABEL('1459857343000'),$);
#2621=IFCPROPERTYSINGLEVALUE('bronhouder',$,IFCLABEL('G0772'),$);
#2622=IFCPROPERTYSINGLEVALUE('inOnderzoek',$,IFCBOOLEAN(.T.),$);
#2623=IFCPROPERTYSINGLEVALUE('relatieveHoogteligging',$,IFCREAL(0.),$);
#2624=IFCPROPERTYSINGLEVALUE('bgt-status',$,IFCLABEL('bestaand'),$);
#2625=IFCPROPERTYSINGLEVALUE('plus-type',$,IFCLABEL('niet-bgt:boom'),$);
#2626=IFCPROPERTYSET('00mzkSvw9BCuJ5fPeZMQsL',#5,'CPset_BGT',$,(#2617,#2618,#2619,#2620,#2621,#2622,#2623,#2624,#2625));
#2627=IFCPROPERTYSINGLEVALUE('objectBegintijd',$,IFCLABEL('1349906400000'),$);
#2628=IFCPROPERTYSINGLEVALUE('identificatie',$,IFCIDENTIFIER('NL.IMGeo.G0772.59b436172f1f45999b79e7ea2d38fef2'),$);
#2629=IFCPROPERTYSINGLEVALUE('tijdstipRegistratie',$,IFCLABEL('1452169524000'),$);
#2630=IFCPROPERTYSINGLEVALUE('LV-publicatiedatum',$,IFCLABEL('1459857343000'),$);
#2631=IFCPROPERTYSINGLEVALUE('bronhouder',$,IFCLABEL('G0772'),$);
#2632=IFCPROPERTYSINGLEVALUE('inOnderzoek',$,IFCBOOLEAN(.T.),$);
#2633=IFCPROPERTYSINGLEVALUE('relatieveHoogteligging',$,IFCREAL(0.),$);
#2634=IFCPROPERTYSINGLEVALUE('bgt-status',$,IFCLABEL('bestaand'),$);
#2635=IFCPROPERTYSINGLEVALUE('plus-type',$,IFCLABEL('niet-bgt:boom'),$);
#2636=IFCPROPERTYSET('2h39FE3XrCDBC4viqN87_X',#5,'CPset_BGT',$,(#2627,#2628,#2629,#2630,#2631,#2632,#2633,#2634,#2635));
#2637=IFCPROPERTYSINGLEVALUE('objectBegintijd',$,IFCLABEL('1336428000000'),$);
#2638=IFCPROPERTYSINGLEVALUE('identificatie',$,IFCIDENTIFIER('NL.IMGeo.G0772.62b34d2919cd4fe28dc0051d15284c5a'),$);
#2639=IFCPROPERTYSINGLEVALUE('tijdstipRegistratie',$,IFCLABEL('1452169524000'),$);
#2640=IFCPROPERTYSINGLEVALUE('LV-publicatiedatum',$,IFCLABEL('1459857343000'),$);
#2641=IFCPROPERTYSINGLEVALUE('bronhouder',$,IFCLABEL('G0772'),$);
#2642=IFCPROPERTYSINGLEVALUE('inOnderzoek',$,IFCBOOLEAN(.T.),$);
#2643=IFCPROPERTYSINGLEVALUE('relatieveHoogteligging',$,IFCREAL(0.),$);
#2644=IFCPROPERTYSINGLEVALUE('bgt-status',$,IFCLABEL('bestaand'),$);
#2645=IFCPROPERTYSINGLEVALUE('plus-type',$,IFCLABEL('niet-bgt:boom'),$);
#2646=IFCPROPERTYSET('0EmDxz$bXB6B6pQba_xt5s',#5,'CPset_BGT',$,(#2637,#2638,#2639,#2640,#2641,#2642,#2643,#2644,#2645));
#2647=IFCPROPERTYSINGLEVALUE('objectBegintijd',$,IFCLABEL('1317679200000'),$);
#2648=IFCPROPERTYSINGLEVALUE('identificatie',$,IFCIDENTIFIER('NL.IMGeo.G0772.64bead693a754c419c9040b1a79dd296'),$);
#2649=IFCPROPERTYSINGLEVALUE('tijdstipRegistratie',$,IFCLABEL('1452169524000'),$);
#2650=IFCPROPERTYSINGLEVALUE('LV-publicatiedatum',$,IFCLABEL('1459857343000'),$);
#2651=IFCPROPERTYSINGLEVALUE('bronhouder',$,IFCLABEL('G0772'),$);
#2652=IFCPROPERTYSINGLEVALUE('inOnderzoek',$,IFCBOOLEAN(.T.),$);
#2653=IFCPROPERTYSINGLEVALUE('relatieveHoogteligging',$,IFCREAL(0.),$);
#2654=IFCPROPERTYSINGLEVALUE('bgt-status',$,IFCLABEL('bestaand'),$);
#2655=IFCPROPERTYSINGLEVALUE('plus-type',$,IFCLABEL('niet-bgt:boom'),$);
#2656=IFCPROPERTYSET('0c4f$kogP6WwF4gAAjByHw',#5,'CPset_BGT',$,(#2647,#2648,#2649,#2650,#2651,#2652,#2653,#2654,#2655));
#2657=IFCPROPERTYSINGLEVALUE('objectBegintijd',$,IFCLABEL('1349906400000'),$);
#2658=IFCPROPERTYSINGLEVALUE('identificatie',$,IFCIDENTIFIER('NL.IMGeo.G0772.64d68af4e3e043aead0f902df9aa70d3'),$);
#2659=IFCPROPERTYSINGLEVALUE('tijdstipRegistratie',$,IFCLABEL('1452169524000'),$);
#2660=IFCPROPERTYSINGLEVALUE('LV-publicatiedatum',$,IFCLABEL('1459857343000'),$);
#2661=IFCPROPERTYSINGLEVALUE('bronhouder',$,IFCLABEL('G0772'),$);
#2662=IFCPROPERTYSINGLEVALUE('inOnderzoek',$,IFCBOOLEAN(.T.),$);
#2663=IFCPROPERTYSINGLEVALUE('relatieveHoogteligging',$,IFCREAL(0.),$);
#2664=IFCPROPERTYSINGLEVALUE('bgt-status',$,IFCLABEL('bestaand'),$);
#2665=IFCPROPERTYSINGLEVALUE('plus-type',$,IFCLABEL('niet-bgt:boom'),$);
#2666=IFCPROPERTYSET('2Xq4A8Sqn4peMgLwgSMNrl',#5,'CPset_BGT',$,(#2657,#2658,#2659,#2660,#2661,#2662,#2663,#2664,#2665));
#2667=IFCPROPERTYSINGLEVALUE('objectBegintijd',$,IFCLABEL('1349906400000'),$);
#2668=IFCPROPERTYSINGLEVALUE('identificatie',$,IFCIDENTIFIER('NL.IMGeo.G0772.66e3337a651b423f8542a70dc24e528c'),$);
#2669=IFCPROPERTYSINGLEVALUE('tijdstipRegistratie',$,IFCLABEL('1452169524000'),$);
#2670=IFCPROPERTYSINGLEVALUE('LV-publicatiedatum',$,IFCLABEL('1459857343000'),$);
#2671=IFCPROPERTYSINGLEVALUE('bronhouder',$,IFCLABEL('G0772'),$);
#2672=IFCPROPERTYSINGLEVALUE('inOnderzoek',$,IFCBOOLEAN(.T.),$);
#2673=IFCPROPERTYSINGLEVALUE('relatieveHoogteligging',$,IFCREAL(0.),$);
#2674=IFCPROPERTYSINGLEVALUE('bgt-status',$,IFCLABEL('bestaand'),$);
#2675=IFCPROPERTYSINGLEVALUE('plus-type',$,IFCLABEL('niet-bgt:boom'),$);
#2676=IFCPROPERTYSET('3LIRR8_Or3a8Bc1dKPkQcw',#5,'CPset_BGT',$,(#2667,#2668,#2669,#2670,#2671,#2672,#2673,#2674,#2675));
#2677=IFCPROPERTYSINGLEVALUE('objectBegintijd',$,IFCLABEL('1317679200000'),$);
#2678=IFCPROPERTYSINGLEVALUE('identificatie',$,IFCIDENTIFIER('NL.IMGeo.G0772.6a2ab644b1394abb8c5882e966f83158'),$);
#2679=IFCPROPERTYSINGLEVALUE('tijdstipRegistratie',$,IFCLABEL('1452169524000'),$);
#2680=IFCPROPERTYSINGLEVALUE('LV-publicatiedatum',$,IFCLABEL('1459857343000'),$);
#2681=IFCPROPERTYSINGLEVALUE('bronhouder',$,IFCLABEL('G0772'),$);
#2682=IFCPROPERTYSINGLEVALUE('inOnderzoek',$,IFCBOOLEAN(.T.),$);
#2683=IFCPROPERTYSINGLEVALUE('relatieveHoogteligging',$,IFCREAL(0.),$);
#2684=IFCPROPERTYSINGLEVALUE('bgt-status',$,IFCLABEL('bestaand'),$);
#2685=IFCPROPERTYSINGLEVALUE('plus-type',$,IFCLABEL('niet-bgt:boom'),$);
#2686=IFCPROPERTYSET('2SqM_BqTrD3QoqiYMcFFBP',#5,'CPset_BGT',$,(#2677,#2678,#2679,#2680,#2681,#2682,#2683,#2684,#2685));
#2687=IFCPROPERTYSINGLEVALUE('objectBegintijd',$,IFCLABEL('1317679200000'),$);
#2688=IFCPROPERTYSINGLEVALUE('identificatie',$,IFCIDENTIFIER('NL.IMGeo.G0772.6a97a76154164324b36527db44ec141e'),$);
#2689=IFCPROPERTYSINGLEVALUE('tijdstipRegistratie',$,IFCLABEL('1452169524000'),$);
#2690=IFCPROPERTYSINGLEVALUE('LV-publicatiedatum',$,IFCLABEL('1459857343000'),$);
#2691=IFCPROPERTYSINGLEVALUE('bronhouder',$,IFCLABEL('G0772'),$);
#2692=IFCPROPERTYSINGLEVALUE('inOnderzoek',$,IFCBOOLEAN(.T.),$);
#2693=IFCPROPERTYSINGLEVALUE('relatieveHoogteligging',$,IFCREAL(0.),$);
#2694=IFCPROPERTYSINGLEVALUE('bgt-status',$,IFCLABEL('bestaand'),$);
#2695=IFCPROPERTYSINGLEVALUE('plus-type',$,IFCLABEL('niet-bgt:boom'),$);
#2696=IFCPROPERTYSET('04gwE7fo91WBzCSMJit9JL',#5,'CPset_BGT',$,(#2687,#2688,#2689,#2690,#2691,#2692,#2693,#2694,#2695));
#2697=IFCPROPERTYSINGLEVALUE('objectBegintijd',$,IFCLABEL('1361746800000'),$);
#2698=IFCPROPERTYSINGLEVALUE('identificatie',$,IFCIDENTIFIER('NL.IMGeo.G0772.71964ed5467c4b0083e7423a0ce863ff'),$);
#2699=IFCPROPERTYSINGLEVALUE('tijdstipRegistratie',$,IFCLABEL('1452169524000'),$);
#2700=IFCPROPERTYSINGLEVALUE('LV-publicatiedatum',$,IFCLABEL('1459857343000'),$);
#2701=IFCPROPERTYSINGLEVALUE('bronhouder',$,IFCLABEL('G0772'),$);
#2702=IFCPROPERTYSINGLEVALUE('inOnderzoek',$,IFCBOOLEAN(.T.),$);
#2703=IFCPROPERTYSINGLEVALUE('relatieveHoogteligging',$,IFCREAL(0.),$);
#2704=IFCPROPERTYSINGLEVALUE('bgt-status',$,IFCLABEL('bestaand'),$);
#2705=IFCPROPERTYSINGLEVALUE('plus-type',$,IFCLABEL('niet-bgt:boom'),$);
#2706=IFCPROPERTYSET('3HLHj2Jo9DSfeaKM6LF9T_',#5,'CPset_BGT',$,(#2697,#2698,#2699,#2700,#2701,#2702,#2703,#2704,#2705));
#2707=IFCPROPERTYSINGLEVALUE('objectBegintijd',$,IFCLABEL('1317679200000'),$);
#2708=IFCPROPERTYSINGLEVALUE('identificatie',$,IFCIDENTIFIER('NL.IMGeo.G0772.725424f6348e43809d763d38329e6fc3'),$);
#2709=IFCPROPERTYSINGLEVALUE('tijdstipRegistratie',$,IFCLABEL('1452169524000'),$);
#2710=IFCPROPERTYSINGLEVALUE('LV-publicatiedatum',$,IFCLABEL('1459857343000'),$);
#2711=IFCPROPERTYSINGLEVALUE('bronhouder',$,IFCLABEL('G0772'),$);
#2712=IFCPROPERTYSINGLEVALUE('inOnderzoek',$,IFCBOOLEAN(.T.),$);
#2713=IFCPROPERTYSINGLEVALUE('relatieveHoogteligging',$,IFCREAL(0.),$);
#2714=IFCPROPERTYSINGLEVALUE('bgt-status',$,IFCLABEL('bestaand'),$);
#2715=IFCPROPERTYSINGLEVALUE('plus-type',$,IFCLABEL('niet-bgt:boom'),$);
#2716=IFCPROPERTYSET('0cGlhVhfj54flZPg9qBrH_',#5,'CPset_BGT',$,(#2707,#2708,#2709,#2710,#2711,#2712,#2713,#2714,#2715));
#2717=IFCPROPERTYSINGLEVALUE('objectBegintijd',$,IFCLABEL('1394492400000'),$);
#2718=IFCPROPERTYSINGLEVALUE('identificatie',$,IFCIDENTIFIER('NL.IMGeo.G0772.7274193f016b403ca77ca2a8fca88724'),$);
#2719=IFCPROPERTYSINGLEVALUE('tijdstipRegistratie',$,IFCLABEL('1452169524000'),$);
#2720=IFCPROPERTYSINGLEVALUE('LV-publicatiedatum',$,IFCLABEL('1459857343000'),$);
#2721=IFCPROPERTYSINGLEVALUE('bronhouder',$,IFCLABEL('G0772'),$);
#2722=IFCPROPERTYSINGLEVALUE('inOnderzoek',$,IFCBOOLEAN(.T.),$);
#2723=IFCPROPERTYSINGLEVALUE('relatieveHoogteligging',$,IFCREAL(0.),$);
#2724=IFCPROPERTYSINGLEVALUE('bgt-status',$,IFCLABEL('bestaand'),$);
#2725=IFCPROPERTYSINGLEVALUE('plus-type',$,IFCLABEL('niet-bgt:boom'),$);
#2726=IFCPROPERTYSET('0ElQllFy1ABhVmKp02EZDs',#5,'CPset_BGT',$,(#2717,#2718,#2719,#2720,#2721,#2722,#2723,#2724,#2725));
#2727=IFCPROPERTYSINGLEVALUE('objectBegintijd',$,IFCLABEL('1317679200000'),$);
#2728=IFCPROPERTYSINGLEVALUE('identificatie',$,IFCIDENTIFIER('NL.IMGeo.G0772.79fe9c0314ec491e89c8583d8887ac4d'),$);
#2729=IFCPROPERTYSINGLEVALUE('tijdstipRegistratie',$,IFCLABEL('1452169524000'),$);
#2730=IFCPROPERTYSINGLEVALUE('LV-publicatiedatum',$,IFCLABEL('1459857343000'),$);
#2731=IFCPROPERTYSINGLEVALUE('bronhouder',$,IFCLABEL('G0772'),$);
#2732=IFCPROPERTYSINGLEVALUE('inOnderzoek',$,IFCBOOLEAN(.T.),$);
#2733=IFCPROPERTYSINGLEVALUE('relatieveHoogteligging',$,IFCREAL(0.),$);
#2734=IFCPROPERTYSINGLEVALUE('bgt-status',$,IFCLABEL('bestaand'),$);
#2735=IFCPROPERTYSINGLEVALUE('plus-type',$,IFCLABEL('niet-bgt:boom'),$);
#2736=IFCPROPERTYSET('0rzWyp4KHAa93zOdyOdtRB',#5,'CPset_BGT',$,(#2727,#2728,#2729,#2730,#2731,#2732,#2733,#2734,#2735));
#2737=IFCPROPERTYSINGLEVALUE('objectBegintijd',$,IFCLABEL('1317679200000'),$);
#2738=IFCPROPERTYSINGLEVALUE('identificatie',$,IFCIDENTIFIER('NL.IMGeo.G0772.81cde2308da04c19aed08275f0d31435'),$);
#2739=IFCPROPERTYSINGLEVALUE('tijdstipRegistratie',$,IFCLABEL('1452169524000'),$);
#2740=IFCPROPERTYSINGLEVALUE('LV-publicatiedatum',$,IFCLABEL('1459857343000'),$);
#2741=IFCPROPERTYSINGLEVALUE('bronhouder',$,IFCLABEL('G0772'),$);
#2742=IFCPROPERTYSINGLEVALUE('inOnderzoek',$,IFCBOOLEAN(.T.),$);
#2743=IFCPROPERTYSINGLEVALUE('relatieveHoogteligging',$,IFCREAL(0.),$);
#2744=IFCPROPERTYSINGLEVALUE('bgt-status',$,IFCLABEL('bestaand'),$);
#2745=IFCPROPERTYSINGLEVALUE('plus-type',$,IFCLABEL('niet-bgt:boom'),$);
#2746=IFCPROPERTYSET('3I3ad9QVT1Mf4w0tUzUGG8',#5,'CPset_BGT',$,(#2737,#2738,#2739,#2740,#2741,#2742,#2743,#2744,#2745));
#2747=IFCPROPERTYSINGLEVALUE('objectBegintijd',$,IFCLABEL('1336428000000'),$);
#2748=IFCPROPERTYSINGLEVALUE('identificatie',$,IFCIDENTIFIER('NL.IMGeo.G0772.82462d4b0cca468dba06a572904c70e6'),$);
#2749=IFCPROPERTYSINGLEVALUE('tijdstipRegistratie',$,IFCLABEL('1452169524000'),$);
#2750=IFCPROPERTYSINGLEVALUE('LV-publicatiedatum',$,IFCLABEL('1459857343000'),$);
#2751=IFCPROPERTYSINGLEVALUE('bronhouder',$,IFCLABEL('G0772'),$);
#2752=IFCPROPERTYSINGLEVALUE('inOnderzoek',$,IFCBOOLEAN(.T.),$);
#2753=IFCPROPERTYSINGLEVALUE('relatieveHoogteligging',$,IFCREAL(0.),$);
#2754=IFCPROPERTYSINGLEVALUE('bgt-status',$,IFCLABEL('bestaand'),$);
#2755=IFCPROPERTYSINGLEVALUE('plus-type',$,IFCLABEL('niet-bgt:boom'),$);
#2756=IFCPROPERTYSET('0h2HX$XJz5mREHj6qgivQB',#5,'CPset_BGT',$,(#2747,#2748,#2749,#2750,#2751,#2752,#2753,#2754,#2755));
#2757=IFCPROPERTYSINGLEVALUE('objectBegintijd',$,IFCLABEL('1394492400000'),$);
#2758=IFCPROPERTYSINGLEVALUE('identificatie',$,IFCIDENTIFIER('NL.IMGeo.G0772.893ac4e2537a42a0a6c462cd75236b9f'),$);
#2759=IFCPROPERTYSINGLEVALUE('tijdstipRegistratie',$,IFCLABEL('1452169524000'),$);
#2760=IFCPROPERTYSINGLEVALUE('LV-publicatiedatum',$,IFCLABEL('1459857343000'),$);
#2761=IFCPROPERTYSINGLEVALUE('bronhouder',$,IFCLABEL('G0772'),$);
#2762=IFCPROPERTYSINGLEVALUE('inOnderzoek',$,IFCBOOLEAN(.T.),$);
#2763=IFCPROPERTYSINGLEVALUE('relatieveHoogteligging',$,IFCREAL(0.),$);
#2764=IFCPROPERTYSINGLEVALUE('bgt-status',$,IFCLABEL('bestaand'),$);
#2765=IFCPROPERTYSINGLEVALUE('plus-type',$,IFCLABEL('niet-bgt:boom'),$);
#2766=IFCPROPERTYSET('24zjnow5X8xeeiIlw1fLdH',#5,'CPset_BGT',$,(#2757,#2758,#2759,#2760,#2761,#2762,#2763,#2764,#2765));
#2767=IFCPROPERTYSINGLEVALUE('objectBegintijd',$,IFCLABEL('1349906400000'),$);
#2768=IFCPROPERTYSINGLEVALUE('identificatie',$,IFCIDENTIFIER('NL.IMGeo.G0772.8b03e6a5a1324a0fbd59897f5e47361f'),$);
#2769=IFCPROPERTYSINGLEVALUE('tijdstipRegistratie',$,IFCLABEL('1452169524000'),$);
#2770=IFCPROPERTYSINGLEVALUE('LV-publicatiedatum',$,IFCLABEL('1459857343000'),$);
#2771=IFCPROPERTYSINGLEVALUE('bronhouder',$,IFCLABEL('G0772'),$);
#2772=IFCPROPERTYSINGLEVALUE('inOnderzoek',$,IFCBOOLEAN(.T.),$);
#2773=IFCPROPERTYSINGLEVALUE('relatieveHoogteligging',$,IFCREAL(0.),$);
#2774=IFCPROPERTYSINGLEVALUE('bgt-status',$,IFCLABEL('bestaand'),$);
#2775=IFCPROPERTYSINGLEVALUE('plus-type',$,IFCLABEL('niet-bgt:boom'),$);
#2776=IFCPROPERTYSET('1nfV9BVVvCjfP$j2ibz6KP',#5,'CPset_BGT',$,(#2767,#2768,#2769,#2770,#2771,#2772,#2773,#2774,#2775));
#2777=IFCPROPERTYSINGLEVALUE('objectBegintijd',$,IFCLABEL('1317679200000'),$);
#2778=IFCPROPERTYSINGLEVALUE('identificatie',$,IFCIDENTIFIER('NL.IMGeo.G0772.8d17fdd236314676b4556b9071726ee4'),$);
#2779=IFCPROPERTYSINGLEVALUE('tijdstipRegistratie',$,IFCLABEL('1452169524000'),$);
#2780=IFCPROPERTYSINGLEVALUE('LV-publicatiedatum',$,IFCLABEL('1459857343000'),$);
#2781=IFCPROPERTYSINGLEVALUE('bronhouder',$,IFCLABEL('G0772'),$);
#2782=IFCPROPERTYSINGLEVALUE('inOnderzoek',$,IFCBOOLEAN(.T.),$);
#2783=IFCPROPERTYSINGLEVALUE('relatieveHoogteligging',$,IFCREAL(0.),$);
#2784=IFCPROPERTYSINGLEVALUE('bgt-status',$,IFCLABEL('bestaand'),$);
#2785=IFCPROPERTYSINGLEVALUE('plus-type',$,IFCLABEL('niet-bgt:boom'),$);
#2786=IFCPROPERTYSET('0HNp3d26n2ywdMRaE04ujB',#5,'CPset_BGT',$,(#2777,#2778,#2779,#2780,#2781,#2782,#2783,#2784,#2785));
#2787=IFCPROPERTYSINGLEVALUE('objectBegintijd',$,IFCLABEL('1361746800000'),$);
#2788=IFCPROPERTYSINGLEVALUE('identificatie',$,IFCIDENTIFIER('NL.IMGeo.G0772.8f20e646e8594ecfbec838d6b8aeb731'),$);
#2789=IFCPROPERTYSINGLEVALUE('tijdstipRegistratie',$,IFCLABEL('1452169524000'),$);
#2790=IFCPROPERTYSINGLEVALUE('LV-publicatiedatum',$,IFCLABEL('1459857343000'),$);
#2791=IFCPROPERTYSINGLEVALUE('bronhouder',$,IFCLABEL('G0772'),$);
#2792=IFCPROPERTYSINGLEVALUE('inOnderzoek',$,IFCBOOLEAN(.T.),$);
#2793=IFCPROPERTYSINGLEVALUE('relatieveHoogteligging',$,IFCREAL(0.),$);
#2794=IFCPROPERTYSINGLEVALUE('bgt-status',$,IFCLABEL('bestaand'),$);
#2795=IFCPROPERTYSINGLEVALUE('plus-type',$,IFCLABEL('niet-bgt:boom'),$);
#2796=IFCPROPERTYSET('28vRkanLT9ZP2m2gbzrcmJ',#5,'CPset_BGT',$,(#2787,#2788,#2789,#2790,#2791,#2792,#2793,#2794,#2795));
#2797=IFCPROPERTYSINGLEVALUE('objectBegintijd',$,IFCLABEL('1349906400000'),$);
#2798=IFCPROPERTYSINGLEVALUE('identificatie',$,IFCIDENTIFIER('NL.IMGeo.G0772.91100a14c6bd45a7bb162d1d295102fe'),$);
#2799=IFCPROPERTYSINGLEVALUE('tijdstipRegistratie',$,IFCLABEL('1452169524000'),$);
#2800=IFCPROPERTYSINGLEVALUE('LV-publicatiedatum',$,IFCLABEL('1459857343000'),$);
#2801=IFCPROPERTYSINGLEVALUE('bronhouder',$,IFCLABEL('G0772'),$);
#2802=IFCPROPERTYSINGLEVALUE('inOnderzoek',$,IFCBOOLEAN(.T.),$);
#2803=IFCPROPERTYSINGLEVALUE('relatieveHoogteligging',$,IFCREAL(0.),$);
#2804=IFCPROPERTYSINGLEVALUE('bgt-status',$,IFCLABEL('bestaand'),$);
#2805=IFCPROPERTYSINGLEVALUE('plus-type',$,IFCLABEL('niet-bgt:boom'),$);
#2806=IFCPROPERTYSET('3K1lasqM189QJIzQ9E2YjV',#5,'CPset_BGT',$,(#2797,#2798,#2799,#2800,#2801,#2802,#2803,#2804,#2805));
#2807=IFCPROPERTYSINGLEVALUE('objectBegintijd',$,IFCLABEL('1349906400000'),$);
#2808=IFCPROPERTYSINGLEVALUE('identificatie',$,IFCIDENTIFIER('NL.IMGeo.G0772.969a3861a2e040a1bc8e295484ff3f1f'),$);
#2809=IFCPROPERTYSINGLEVALUE('tijdstipRegistratie',$,IFCLABEL('1452169524000'),$);
#2810=IFCPROPERTYSINGLEVALUE('LV-publicatiedatum',$,IFCLABEL('1459857343000'),$);
#2811=IFCPROPERTYSINGLEVALUE('bronhouder',$,IFCLABEL('G0772'),$);
#2812=IFCPROPERTYSINGLEVALUE('inOnderzoek',$,IFCBOOLEAN(.T.),$);
#2813=IFCPROPERTYSINGLEVALUE('relatieveHoogteligging',$,IFCREAL(0.),$);
#2814=IFCPROPERTYSINGLEVALUE('bgt-status',$,IFCLABEL('bestaand'),$);
#2815=IFCPROPERTYSINGLEVALUE('plus-type',$,IFCLABEL('niet-bgt:boom'),$);
#2816=IFCPROPERTYSET('2qLtFxKX921wUIpfCFxBkG',#5,'CPset_BGT',$,(#2807,#2808,#2809,#2810,#2811,#2812,#2813,#2814,#2815));
#2817=IFCPROPERTYSINGLEVALUE('objectBegintijd',$,IFCLABEL('1336428000000'),$);
#2818=IFCPROPERTYSINGLEVALUE('identificatie',$,IFCIDENTIFIER('NL.IMGeo.G0772.9881d862283643f1ac3ccc50109b5724'),$);
#2819=IFCPROPERTYSINGLEVALUE('tijdstipRegistratie',$,IFCLABEL('1452169524000'),$);
#2820=IFCPROPERTYSINGLEVALUE('LV-publicatiedatum',$,IFCLABEL('1459857343000'),$);
#2821=IFCPROPERTYSINGLEVALUE('bronhouder',$,IFCLABEL('G0772'),$);
#2822=IFCPROPERTYSINGLEVALUE('inOnderzoek',$,IFCBOOLEAN(.T.),$);
#2823=IFCPROPERTYSINGLEVALUE('relatieveHoogteligging',$,IFCREAL(0.),$);
#2824=IFCPROPERTYSINGLEVALUE('bgt-status',$,IFCLABEL('bestaand'),$);
#2825=IFCPROPERTYSINGLEVALUE('plus-type',$,IFCLABEL('niet-bgt:boom'),$);
#2826=IFCPROPERTYSET('3wC_bSVcb74uiXKUDJxOgk',#5,'CPset_BGT',$,(#2817,#2818,#2819,#2820,#2821,#2822,#2823,#2824,#2825));
#2827=IFCPROPERTYSINGLEVALUE('objectBegintijd',$,IFCLABEL('1317679200000'),$);
#2828=IFCPROPERTYSINGLEVALUE('identificatie',$,IFCIDENTIFIER('NL.IMGeo.G0772.a34b0cc52f304eb8883a577bb66b476b'),$);
#2829=IFCPROPERTYSINGLEVALUE('tijdstipRegistratie',$,IFCLABEL('1452169524000'),$);
#2830=IFCPROPERTYSINGLEVALUE('LV-publicatiedatum',$,IFCLABEL('1459857343000'),$);
#2831=IFCPROPERTYSINGLEVALUE('bronhouder',$,IFCLABEL('G0772'),$);
#2832=IFCPROPERTYSINGLEVALUE('inOnderzoek',$,IFCBOOLEAN(.T.),$);
#2833=IFCPROPERTYSINGLEVALUE('relatieveHoogteligging',$,IFCREAL(0.),$);
#2834=IFCPROPERTYSINGLEVALUE('bgt-status',$,IFCLABEL('bestaand'),$);
#2835=IFCPROPERTYSINGLEVALUE('plus-type',$,IFCLABEL('niet-bgt:boom'),$);
#2836=IFCPROPERTYSET('1Cm9NKrDP23vntYtjKHZDS',#5,'CPset_BGT',$,(#2827,#2828,#2829,#2830,#2831,#2832,#2833,#2834,#2835));
#2837=IFCPROPERTYSINGLEVALUE('objectBegintijd',$,IFCLABEL('1361746800000'),$);
#2838=IFCPROPERTYSINGLEVALUE('identificatie',$,IFCIDENTIFIER('NL.IMGeo.G0772.a7ebea48cb8f4c0baa06444e2e02b58e'),$);
#2839=IFCPROPERTYSINGLEVALUE('tijdstipRegistratie',$,IFCLABEL('1452169524000'),$);
#2840=IFCPROPERTYSINGLEVALUE('LV-publicatiedatum',$,IFCLABEL('1459857343000'),$);
#2841=IFCPROPERTYSINGLEVALUE('bronhouder',$,IFCLABEL('G0772'),$);
#2842=IFCPROPERTYSINGLEVALUE('inOnderzoek',$,IFCBOOLEAN(.T.),$);
#2843=IFCPROPERTYSINGLEVALUE('relatieveHoogteligging',$,IFCREAL(0.),$);
#2844=IFCPROPERTYSINGLEVALUE('bgt-status',$,IFCLABEL('bestaand'),$);
#2845=IFCPROPERTYSINGLEVALUE('plus-type',$,IFCLABEL('niet-bgt:boom'),$);
#2846=IFCPROPERTYSET('0tkwfLYFj6MuQwqbi6nMf7',#5,'CPset_BGT',$,(#2837,#2838,#2839,#2840,#2841,#2842,#2843,#2844,#2845));
#2847=IFCPROPERTYSINGLEVALUE('objectBegintijd',$,IFCLABEL('1428357600000'),$);
#2848=IFCPROPERTYSINGLEVALUE('identificatie',$,IFCIDENTIFIER('NL.IMGeo.G0772.b02ab71807c543929f065ca140f8f56a'),$);
#2849=IFCPROPERTYSINGLEVALUE('tijdstipRegistratie',$,IFCLABEL('1452169524000'),$);
#2850=IFCPROPERTYSINGLEVALUE('LV-publicatiedatum',$,IFCLABEL('1459857343000'),$);
#2851=IFCPROPERTYSINGLEVALUE('bronhouder',$,IFCLABEL('G0772'),$);
#2852=IFCPROPERTYSINGLEVALUE('inOnderzoek',$,IFCBOOLEAN(.T.),$);
#2853=IFCPROPERTYSINGLEVALUE('relatieveHoogteligging',$,IFCREAL(0.),$);
#2854=IFCPROPERTYSINGLEVALUE('bgt-status',$,IFCLABEL('bestaand'),$);
#2855=IFCPROPERTYSINGLEVALUE('plus-type',$,IFCLABEL('niet-bgt:boom'),$);
#2856=IFCPROPERTYSET('1eOIWLHOT8EvyRg28iowmi',#5,'CPset_BGT',$,(#2847,#2848,#2849,#2850,#2851,#2852,#2853,#2854,#2855));
#2857=IFCPROPERTYSINGLEVALUE('objectBegintijd',$,IFCLABEL('1159221600000'),$);
#2858=IFCPROPERTYSINGLEVALUE('identificatie',$,IFCIDENTIFIER('NL.IMGeo.G0772.b40c3fdf599f4c85a979a58b3eb2e056'),$);
#2859=IFCPROPERTYSINGLEVALUE('tijdstipRegistratie',$,IFCLABEL('1452169524000'),$);
#2860=IFCPROPERTYSINGLEVALUE('LV-publicatiedatum',$,IFCLABEL('1459857343000'),$);
#2861=IFCPROPERTYSINGLEVALUE('bronhouder',$,IFCLABEL('G0772'),$);
#2862=IFCPROPERTYSINGLEVALUE('inOnderzoek',$,IFCBOOLEAN(.T.),$);
#2863=IFCPROPERTYSINGLEVALUE('relatieveHoogteligging',$,IFCREAL(0.),$);
#2864=IFCPROPERTYSINGLEVALUE('bgt-status',$,IFCLABEL('bestaand'),$);
#2865=IFCPROPERTYSINGLEVALUE('plus-type',$,IFCLABEL('niet-bgt:boom'),$);
#2866=IFCPROPERTYSET('3khfvYL7b6tvMZzOfx2N3o',#5,'CPset_BGT',$,(#2857,#2858,#2859,#2860,#2861,#2862,#2863,#2864,#2865));
#2867=IFCPROPERTYSINGLEVALUE('objectBegintijd',$,IFCLABEL('1317679200000'),$);
#2868=IFCPROPERTYSINGLEVALUE('identificatie',$,IFCIDENTIFIER('NL.IMGeo.G0772.bb9fc369debb40798884b0605f4d856e'),$);
#2869=IFCPROPERTYSINGLEVALUE('tijdstipRegistratie',$,IFCLABEL('1452169524000'),$);
#2870=IFCPROPERTYSINGLEVALUE('LV-publicatiedatum',$,IFCLABEL('1459857343000'),$);
#2871=IFCPROPERTYSINGLEVALUE('bronhouder',$,IFCLABEL('G0772'),$);
#2872=IFCPROPERTYSINGLEVALUE('inOnderzoek',$,IFCBOOLEAN(.T.),$);
#2873=IFCPROPERTYSINGLEVALUE('relatieveHoogteligging',$,IFCREAL(0.),$);
#2874=IFCPROPERTYSINGLEVALUE('bgt-status',$,IFCLABEL('bestaand'),$);
#2875=IFCPROPERTYSINGLEVALUE('plus-type',$,IFCLABEL('niet-bgt:boom'),$);
#2876=IFCPROPERTYSET('2$z$7sYiXDq9BkGzmPf4Q3',#5,'CPset_BGT',$,(#2867,#2868,#2869,#2870,#2871,#2872,#2873,#2874,#2875));
#2877=IFCPROPERTYSINGLEVALUE('objectBegintijd',$,IFCLABEL('1336428000000'),$);
#2878=IFCPROPERTYSINGLEVALUE('identificatie',$,IFCIDENTIFIER('NL.IMGeo.G0772.bc648f7ae4834f49a57eabc77da5e0df'),$);
#2879=IFCPROPERTYSINGLEVALUE('tijdstipRegistratie',$,IFCLABEL('1452169524000'),$);
#2880=IFCPROPERTYSINGLEVALUE('LV-publicatiedatum',$,IFCLABEL('1459857343000'),$);
#2881=IFCPROPERTYSINGLEVALUE('bronhouder',$,IFCLABEL('G0772'),$);
#2882=IFCPROPERTYSINGLEVALUE('inOnderzoek',$,IFCBOOLEAN(.T.),$);
#2883=IFCPROPERTYSINGLEVALUE('relatieveHoogteligging',$,IFCREAL(0.),$);
#2884=IFCPROPERTYSINGLEVALUE('bgt-status',$,IFCLABEL('bestaand'),$);
#2885=IFCPROPERTYSINGLEVALUE('plus-type',$,IFCLABEL('niet-bgt:boom'),$);
#2886=IFCPROPERTYSET('1_JokKbfP4YgHyJvpkzK$$',#5,'CPset_BGT',$,(#2877,#2878,#2879,#2880,#2881,#2882,#2883,#2884,#2885));
#2887=IFCPROPERTYSINGLEVALUE('objectBegintijd',$,IFCLABEL('1317679200000'),$);
#2888=IFCPROPERTYSINGLEVALUE('identificatie',$,IFCIDENTIFIER('NL.IMGeo.G0772.beaa08026a3a4f6fa230fef89b901f89'),$);
#2889=IFCPROPERTYSINGLEVALUE('tijdstipRegistratie',$,IFCLABEL('1452169524000'),$);
#2890=IFCPROPERTYSINGLEVALUE('LV-publicatiedatum',$,IFCLABEL('1459857343000'),$);
#2891=IFCPROPERTYSINGLEVALUE('bronhouder',$,IFCLABEL('G0772'),$);
#2892=IFCPROPERTYSINGLEVALUE('inOnderzoek',$,IFCBOOLEAN(.T.),$);
#2893=IFCPROPERTYSINGLEVALUE('relatieveHoogteligging',$,IFCREAL(0.),$);
#2894=IFCPROPERTYSINGLEVALUE('bgt-status',$,IFCLABEL('bestaand'),$);
#2895=IFCPROPERTYSINGLEVALUE('plus-type',$,IFCLABEL('niet-bgt:boom'),$);
#2896=IFCPROPERTYSET('2uHx_Ra5bFifG6gtDhfyIK',#5,'CPset_BGT',$,(#2887,#2888,#2889,#2890,#2891,#2892,#2893,#2894,#2895));
#2897=IFCPROPERTYSINGLEVALUE('objectBegintijd',$,IFCLABEL('1336428000000'),$);
#2898=IFCPROPERTYSINGLEVALUE('identificatie',$,IFCIDENTIFIER('NL.IMGeo.G0772.c341ff97e3364801a2b3a0fcb3fa3c76'),$);
#2899=IFCPROPERTYSINGLEVALUE('tijdstipRegistratie',$,IFCLABEL('1452169524000'),$);
#2900=IFCPROPERTYSINGLEVALUE('LV-publicatiedatum',$,IFCLABEL('1459857343000'),$);
#2901=IFCPROPERTYSINGLEVALUE('bronhouder',$,IFCLABEL('G0772'),$);
#2902=IFCPROPERTYSINGLEVALUE('inOnderzoek',$,IFCBOOLEAN(.T.),$);
#2903=IFCPROPERTYSINGLEVALUE('relatieveHoogteligging',$,IFCREAL(0.),$);
#2904=IFCPROPERTYSINGLEVALUE('bgt-status',$,IFCLABEL('bestaand'),$);
#2905=IFCPROPERTYSINGLEVALUE('plus-type',$,IFCLABEL('niet-bgt:boom'),$);
#2906=IFCPROPERTYSET('03xoT1$w587gwCgYGWmkLR',#5,'CPset_BGT',$,(#2897,#2898,#2899,#2900,#2901,#2902,#2903,#2904,#2905));
#2907=IFCPROPERTYSINGLEVALUE('objectBegintijd',$,IFCLABEL('1349906400000'),$);
#2908=IFCPROPERTYSINGLEVALUE('identificatie',$,IFCIDENTIFIER('NL.IMGeo.G0772.c51172048a1441d79c8fd140b55423d9'),$);
#2909=IFCPROPERTYSINGLEVALUE('tijdstipRegistratie',$,IFCLABEL('1452169524000'),$);
#2910=IFCPROPERTYSINGLEVALUE('LV-publicatiedatum',$,IFCLABEL('1459857343000'),$);
#2911=IFCPROPERTYSINGLEVALUE('bronhouder',$,IFCLABEL('G0772'),$);
#2912=IFCPROPERTYSINGLEVALUE('inOnderzoek',$,IFCBOOLEAN(.T.),$);
#2913=IFCPROPERTYSINGLEVALUE('relatieveHoogteligging',$,IFCREAL(0.),$);
#2914=IFCPROPERTYSINGLEVALUE('bgt-status',$,IFCLABEL('bestaand'),$);
#2915=IFCPROPERTYSINGLEVALUE('plus-type',$,IFCLABEL('niet-bgt:boom'),$);
#2916=IFCPROPERTYSET('2$lgFu9nP3yOhghSfvwaDB',#5,'CPset_BGT',$,(#2907,#2908,#2909,#2910,#2911,#2912,#2913,#2914,#2915));
#2917=IFCPROPERTYSINGLEVALUE('objectBegintijd',$,IFCLABEL('1428357600000'),$);
#2918=IFCPROPERTYSINGLEVALUE('identificatie',$,IFCIDENTIFIER('NL.IMGeo.G0772.cb08fcf8892a445686221154ebdd9614'),$);
#2919=IFCPROPERTYSINGLEVALUE('tijdstipRegistratie',$,IFCLABEL('1452169524000'),$);
#2920=IFCPROPERTYSINGLEVALUE('LV-publicatiedatum',$,IFCLABEL('1459857343000'),$);
#2921=IFCPROPERTYSINGLEVALUE('bronhouder',$,IFCLABEL('G0772'),$);
#2922=IFCPROPERTYSINGLEVALUE('inOnderzoek',$,IFCBOOLEAN(.T.),$);
#2923=IFCPROPERTYSINGLEVALUE('relatieveHoogteligging',$,IFCREAL(0.),$);
#2924=IFCPROPERTYSINGLEVALUE('bgt-status',$,IFCLABEL('bestaand'),$);
#2925=IFCPROPERTYSINGLEVALUE('plus-type',$,IFCLABEL('niet-bgt:boom'),$);
#2926=IFCPROPERTYSET('3zsz5AFKL2vRuMfoh$f2Wg',#5,'CPset_BGT',$,(#2917,#2918,#2919,#2920,#2921,#2922,#2923,#2924,#2925));
#2927=IFCPROPERTYSINGLEVALUE('objectBegintijd',$,IFCLABEL('1336428000000'),$);
#2928=IFCPROPERTYSINGLEVALUE('identificatie',$,IFCIDENTIFIER('NL.IMGeo.G0772.cd03ff8bf62f4e3a8cdeedf53a89bd7f'),$);
#2929=IFCPROPERTYSINGLEVALUE('tijdstipRegistratie',$,IFCLABEL('1452169524000'),$);
#2930=IFCPROPERTYSINGLEVALUE('LV-publicatiedatum',$,IFCLABEL('1459857343000'),$);
#2931=IFCPROPERTYSINGLEVALUE('bronhouder',$,IFCLABEL('G0772'),$);
#2932=IFCPROPERTYSINGLEVALUE('inOnderzoek',$,IFCBOOLEAN(.T.),$);
#2933=IFCPROPERTYSINGLEVALUE('relatieveHoogteligging',$,IFCREAL(0.),$);
#2934=IFCPROPERTYSINGLEVALUE('bgt-status',$,IFCLABEL('bestaand'),$);
#2935=IFCPROPERTYSINGLEVALUE('plus-type',$,IFCLABEL('niet-bgt:boom'),$);
#2936=IFCPROPERTYSET('1cYN0Sm0z1axEUIbWOmkVe',#5,'CPset_BGT',$,(#2927,#2928,#2929,#2930,#2931,#2932,#2933,#2934,#2935));
#2937=IFCPROPERTYSINGLEVALUE('objectBegintijd',$,IFCLABEL('1336428000000'),$);
#2938=IFCPROPERTYSINGLEVALUE('identificatie',$,IFCIDENTIFIER('NL.IMGeo.G0772.cd6973e866484002ab1b32d1481c655a'),$);
#2939=IFCPROPERTYSINGLEVALUE('tijdstipRegistratie',$,IFCLABEL('1452169524000'),$);
#2940=IFCPROPERTYSINGLEVALUE('LV-publicatiedatum',$,IFCLABEL('1459857343000'),$);
#2941=IFCPROPERTYSINGLEVALUE('bronhouder',$,IFCLABEL('G0772'),$);
#2942=IFCPROPERTYSINGLEVALUE('inOnderzoek',$,IFCBOOLEAN(.T.),$);
#2943=IFCPROPERTYSINGLEVALUE('relatieveHoogteligging',$,IFCREAL(0.),$);
#2944=IFCPROPERTYSINGLEVALUE('bgt-status',$,IFCLABEL('bestaand'),$);
#2945=IFCPROPERTYSINGLEVALUE('plus-type',$,IFCLABEL('niet-bgt:boom'),$);
#2946=IFCPROPERTYSET('3Ygd9fFnT2xuUsCJ4MPbP2',#5,'CPset_BGT',$,(#2937,#2938,#2939,#2940,#2941,#2942,#2943,#2944,#2945));
#2947=IFCPROPERTYSINGLEVALUE('objectBegintijd',$,IFCLABEL('1317679200000'),$);
#2948=IFCPROPERTYSINGLEVALUE('identificatie',$,IFCIDENTIFIER('NL.IMGeo.G0772.cf4769fdccf14d3998190579d6510d70'),$);
#2949=IFCPROPERTYSINGLEVALUE('tijdstipRegistratie',$,IFCLABEL('1452169524000'),$);
#2950=IFCPROPERTYSINGLEVALUE('LV-publicatiedatum',$,IFCLABEL('1459857343000'),$);
#2951=IFCPROPERTYSINGLEVALUE('bronhouder',$,IFCLABEL('G0772'),$);
#2952=IFCPROPERTYSINGLEVALUE('inOnderzoek',$,IFCBOOLEAN(.T.),$);
#2953=IFCPROPERTYSINGLEVALUE('relatieveHoogteligging',$,IFCREAL(0.),$);
#2954=IFCPROPERTYSINGLEVALUE('bgt-status',$,IFCLABEL('bestaand'),$);
#2955=IFCPROPERTYSINGLEVALUE('plus-type',$,IFCLABEL('niet-bgt:boom'),$);
#2956=IFCPROPERTYSET('36pLoKvDT3kukjNZs03e1v',#5,'CPset_BGT',$,(#2947,#2948,#2949,#2950,#2951,#2952,#2953,#2954,#2955));
#2957=IFCPROPERTYSINGLEVALUE('objectBegintijd',$,IFCLABEL('1349906400000'),$);
#2958=IFCPROPERTYSINGLEVALUE('identificatie',$,IFCIDENTIFIER('NL.IMGeo.G0772.d1486cff9db445b6b27b348232dfda5a'),$);
#2959=IFCPROPERTYSINGLEVALUE('tijdstipRegistratie',$,IFCLABEL('1452169524000'),$);
#2960=IFCPROPERTYSINGLEVALUE('LV-publicatiedatum',$,IFCLABEL('1459857343000'),$);
#2961=IFCPROPERTYSINGLEVALUE('bronhouder',$,IFCLABEL('G0772'),$);
#2962=IFCPROPERTYSINGLEVALUE('inOnderzoek',$,IFCBOOLEAN(.T.),$);
#2963=IFCPROPERTYSINGLEVALUE('relatieveHoogteligging',$,IFCREAL(0.),$);
#2964=IFCPROPERTYSINGLEVALUE('bgt-status',$,IFCLABEL('bestaand'),$);
#2965=IFCPROPERTYSINGLEVALUE('plus-type',$,IFCLABEL('niet-bgt:boom'),$);
#2966=IFCPROPERTYSET('2bswN2_7P7rRu1liQcrIKR',#5,'CPset_BGT',$,(#2957,#2958,#2959,#2960,#2961,#2962,#2963,#2964,#2965));
#2967=IFCPROPERTYSINGLEVALUE('objectBegintijd',$,IFCLABEL('1349906400000'),$);
#2968=IFCPROPERTYSINGLEVALUE('identificatie',$,IFCIDENTIFIER('NL.IMGeo.G0772.d2c831ff4b234452823cd2d8552cf842'),$);
#2969=IFCPROPERTYSINGLEVALUE('tijdstipRegistratie',$,IFCLABEL('1452169524000'),$);
#2970=IFCPROPERTYSINGLEVALUE('LV-publicatiedatum',$,IFCLABEL('1459857343000'),$);
#2971=IFCPROPERTYSINGLEVALUE('bronhouder',$,IFCLABEL('G0772'),$);
#2972=IFCPROPERTYSINGLEVALUE('inOnderzoek',$,IFCBOOLEAN(.T.),$);
#2973=IFCPROPERTYSINGLEVALUE('relatieveHoogteligging',$,IFCREAL(0.),$);
#2974=IFCPROPERTYSINGLEVALUE('bgt-status',$,IFCLABEL('bestaand'),$);
#2975=IFCPROPERTYSINGLEVALUE('plus-type',$,IFCLABEL('niet-bgt:boom'),$);
#2976=IFCPROPERTYSET('2HIM5b8hfAYA3GMkwZRIvQ',#5,'CPset_BGT',$,(#2967,#2968,#2969,#2970,#2971,#2972,#2973,#2974,#2975));
#2977=IFCPROPERTYSINGLEVALUE('objectBegintijd',$,IFCLABEL('1428357600000'),$);
#2978=IFCPROPERTYSINGLEVALUE('identificatie',$,IFCIDENTIFIER('NL.IMGeo.G0772.d575b4c8b8174e55b72f07e959f2b4dc'),$);
#2979=IFCPROPERTYSINGLEVALUE('tijdstipRegistratie',$,IFCLABEL('1452169524000'),$);
#2980=IFCPROPERTYSINGLEVALUE('LV-publicatiedatum',$,IFCLABEL('1459857343000'),$);
#2981=IFCPROPERTYSINGLEVALUE('bronhouder',$,IFCLABEL('G0772'),$);
#2982=IFCPROPERTYSINGLEVALUE('inOnderzoek',$,IFCBOOLEAN(.T.),$);
#2983=IFCPROPERTYSINGLEVALUE('relatieveHoogteligging',$,IFCREAL(0.),$);
#2984=IFCPROPERTYSINGLEVALUE('bgt-status',$,IFCLABEL('bestaand'),$);
#2985=IFCPROPERTYSINGLEVALUE('plus-type',$,IFCLABEL('niet-bgt:boom'),$);
#2986=IFCPROPERTYSET('3ssVAYRD5CXOnnVcUWy1Tg',#5,'CPset_BGT',$,(#2977,#2978,#2979,#2980,#2981,#2982,#2983,#2984,#2985));
#2987=IFCPROPERTYSINGLEVALUE('objectBegintijd',$,IFCLABEL('1317679200000'),$);
#2988=IFCPROPERTYSINGLEVALUE('identificatie',$,IFCIDENTIFIER('NL.IMGeo.G0772.d5b2b7787bb04245ae703a2939da3c2a'),$);
#2989=IFCPROPERTYSINGLEVALUE('tijdstipRegistratie',$,IFCLABEL('1452169524000'),$);
#2990=IFCPROPERTYSINGLEVALUE('LV-publicatiedatum',$,IFCLABEL('1459857343000'),$);
#2991=IFCPROPERTYSINGLEVALUE('bronhouder',$,IFCLABEL('G0772'),$);
#2992=IFCPROPERTYSINGLEVALUE('inOnderzoek',$,IFCBOOLEAN(.T.),$);
#2993=IFCPROPERTYSINGLEVALUE('relatieveHoogteligging',$,IFCREAL(0.),$);
#2994=IFCPROPERTYSINGLEVALUE('bgt-status',$,IFCLABEL('bestaand'),$);
#2995=IFCPROPERTYSINGLEVALUE('plus-type',$,IFCLABEL('niet-bgt:boom'),$);
#2996=IFCPROPERTYSET('0M6nSVKJT1GQ$Gsw3w0HpB',#5,'CPset_BGT',$,(#2987,#2988,#2989,#2990,#2991,#2992,#2993,#2994,#2995));
#2997=IFCPROPERTYSINGLEVALUE('objectBegintijd',$,IFCLABEL('1428357600000'),$);
#2998=IFCPROPERTYSINGLEVALUE('identificatie',$,IFCIDENTIFIER('NL.IMGeo.G0772.d624cf3f5332416bac2305023b5561ed'),$);
#2999=IFCPROPERTYSINGLEVALUE('tijdstipRegistratie',$,IFCLABEL('1452169524000'),$);
#3000=IFCPROPERTYSINGLEVALUE('LV-publicatiedatum',$,IFCLABEL('1459857343000'),$);
#3001=IFCPROPERTYSINGLEVALUE('bronhouder',$,IFCLABEL('G0772'),$);
#3002=IFCPROPERTYSINGLEVALUE('inOnderzoek',$,IFCBOOLEAN(.T.),$);
#3003=IFCPROPERTYSINGLEVALUE('relatieveHoogteligging',$,IFCREAL(0.),$);
#3004=IFCPROPERTYSINGLEVALUE('bgt-status',$,IFCLABEL('bestaand'),$);
#3005=IFCPROPERTYSINGLEVALUE('plus-type',$,IFCLABEL('niet-bgt:boom'),$);
#3006=IFCPROPERTYSET('3SNoF_7fr6_uJEYP$hIWHx',#5,'CPset_BGT',$,(#2997,#2998,#2999,#3000,#3001,#3002,#3003,#3004,#3005));
#3007=IFCPROPERTYSINGLEVALUE('objectBegintijd',$,IFCLABEL('1330556400000'),$);
#3008=IFCPROPERTYSINGLEVALUE('identificatie',$,IFCIDENTIFIER('NL.IMGeo.G0772.d8975423aec3451384118603050d4097'),$);
#3009=IFCPROPERTYSINGLEVALUE('tijdstipRegistratie',$,IFCLABEL('1452169524000'),$);
#3010=IFCPROPERTYSINGLEVALUE('LV-publicatiedatum',$,IFCLABEL('1459857343000'),$);
#3011=IFCPROPERTYSINGLEVALUE('bronhouder',$,IFCLABEL('G0772'),$);
#3012=IFCPROPERTYSINGLEVALUE('inOnderzoek',$,IFCBOOLEAN(.T.),$);
#3013=IFCPROPERTYSINGLEVALUE('relatieveHoogteligging',$,IFCREAL(0.),$);
#3014=IFCPROPERTYSINGLEVALUE('bgt-status',$,IFCLABEL('bestaand'),$);
#3015=IFCPROPERTYSINGLEVALUE('plus-type',$,IFCLABEL('niet-bgt:boom'),$);
#3016=IFCPROPERTYSET('2rijYx$ljCSAx7ubQr_F33',#5,'CPset_BGT',$,(#3007,#3008,#3009,#3010,#3011,#3012,#3013,#3014,#3015));
#3017=IFCPROPERTYSINGLEVALUE('objectBegintijd',$,IFCLABEL('1336428000000'),$);
#3018=IFCPROPERTYSINGLEVALUE('identificatie',$,IFCIDENTIFIER('NL.IMGeo.G0772.da25fc54a09341a18914e5bacb55a5ef'),$);
#3019=IFCPROPERTYSINGLEVALUE('tijdstipRegistratie',$,IFCLABEL('1452169524000'),$);
#3020=IFCPROPERTYSINGLEVALUE('LV-publicatiedatum',$,IFCLABEL('1459857343000'),$);
#3021=IFCPROPERTYSINGLEVALUE('bronhouder',$,IFCLABEL('G0772'),$);
#3022=IFCPROPERTYSINGLEVALUE('inOnderzoek',$,IFCBOOLEAN(.T.),$);
#3023=IFCPROPERTYSINGLEVALUE('relatieveHoogteligging',$,IFCREAL(0.),$);
#3024=IFCPROPERTYSINGLEVALUE('bgt-status',$,IFCLABEL('bestaand'),$);
#3025=IFCPROPERTYSINGLEVALUE('plus-type',$,IFCLABEL('niet-bgt:boom'),$);
#3026=IFCPROPERTYSET('3tC2OZMYPCNBuKE$1JERWn',#5,'CPset_BGT',$,(#3017,#3018,#3019,#3020,#3021,#3022,#3023,#3024,#3025));
#3027=IFCPROPERTYSINGLEVALUE('objectBegintijd',$,IFCLABEL('1349906400000'),$);
#3028=IFCPROPERTYSINGLEVALUE('identificatie',$,IFCIDENTIFIER('NL.IMGeo.G0772.dcb8061a085c4f69ae070685b3ca480d'),$);
#3029=IFCPROPERTYSINGLEVALUE('tijdstipRegistratie',$,IFCLABEL('1452169524000'),$);
#3030=IFCPROPERTYSINGLEVALUE('LV-publicatiedatum',$,IFCLABEL('1459857343000'),$);
#3031=IFCPROPERTYSINGLEVALUE('bronhouder',$,IFCLABEL('G0772'),$);
#3032=IFCPROPERTYSINGLEVALUE('inOnderzoek',$,IFCBOOLEAN(.T.),$);
#3033=IFCPROPERTYSINGLEVALUE('relatieveHoogteligging',$,IFCREAL(0.),$);
#3034=IFCPROPERTYSINGLEVALUE('bgt-status',$,IFCLABEL('bestaand'),$);
#3035=IFCPROPERTYSINGLEVALUE('plus-type',$,IFCLABEL('niet-bgt:boom'),$);
#3036=IFCPROPERTYSET('3wOh9XQVz4kRVf8qFQWmUz',#5,'CPset_BGT',$,(#3027,#3028,#3029,#3030,#3031,#3032,#3033,#3034,#3035));
#3037=IFCPROPERTYSINGLEVALUE('objectBegintijd',$,IFCLABEL('1317679200000'),$);
#3038=IFCPROPERTYSINGLEVALUE('identificatie',$,IFCIDENTIFIER('NL.IMGeo.G0772.e65cd7f5912e4d4abf540a561b90ddb7'),$);
#3039=IFCPROPERTYSINGLEVALUE('tijdstipRegistratie',$,IFCLABEL('1452169524000'),$);
#3040=IFCPROPERTYSINGLEVALUE('LV-publicatiedatum',$,IFCLABEL('1459857343000'),$);
#3041=IFCPROPERTYSINGLEVALUE('bronhouder',$,IFCLABEL('G0772'),$);
#3042=IFCPROPERTYSINGLEVALUE('inOnderzoek',$,IFCBOOLEAN(.T.),$);
#3043=IFCPROPERTYSINGLEVALUE('relatieveHoogteligging',$,IFCREAL(0.),$);
#3044=IFCPROPERTYSINGLEVALUE('bgt-status',$,IFCLABEL('bestaand'),$);
#3045=IFCPROPERTYSINGLEVALUE('plus-type',$,IFCLABEL('niet-bgt:boom'),$);
#3046=IFCPROPERTYSET('3r4naZnrD1xAfAeYmwFl6d',#5,'CPset_BGT',$,(#3037,#3038,#3039,#3040,#3041,#3042,#3043,#3044,#3045));
#3047=IFCPROPERTYSINGLEVALUE('objectBegintijd',$,IFCLABEL('1349906400000'),$);
#3048=IFCPROPERTYSINGLEVALUE('identificatie',$,IFCIDENTIFIER('NL.IMGeo.G0772.e81ded092b6c4037bda44d23908a0fce'),$);
#3049=IFCPROPERTYSINGLEVALUE('tijdstipRegistratie',$,IFCLABEL('1452169524000'),$);
#3050=IFCPROPERTYSINGLEVALUE('LV-publicatiedatum',$,IFCLABEL('1459857343000'),$);
#3051=IFCPROPERTYSINGLEVALUE('bronhouder',$,IFCLABEL('G0772'),$);
#3052=IFCPROPERTYSINGLEVALUE('inOnderzoek',$,IFCBOOLEAN(.T.),$);
#3053=IFCPROPERTYSINGLEVALUE('relatieveHoogteligging',$,IFCREAL(0.),$);
#3054=IFCPROPERTYSINGLEVALUE('bgt-status',$,IFCLABEL('bestaand'),$);
#3055=IFCPROPERTYSINGLEVALUE('plus-type',$,IFCLABEL('niet-bgt:boom'),$);
#3056=IFCPROPERTYSET('1$nahsEyb1Wuem9rwOUBPm',#5,'CPset_BGT',$,(#3047,#3048,#3049,#3050,#3051,#3052,#3053,#3054,#3055));
#3057=IFCPROPERTYSINGLEVALUE('objectBegintijd',$,IFCLABEL('1317679200000'),$);
#3058=IFCPROPERTYSINGLEVALUE('identificatie',$,IFCIDENTIFIER('NL.IMGeo.G0772.e8a2237c3f7d4d78bc6e7c3af1025c5b'),$);
#3059=IFCPROPERTYSINGLEVALUE('tijdstipRegistratie',$,IFCLABEL('1452169524000'),$);
#3060=IFCPROPERTYSINGLEVALUE('LV-publicatiedatum',$,IFCLABEL('1459857343000'),$);
#3061=IFCPROPERTYSINGLEVALUE('bronhouder',$,IFCLABEL('G0772'),$);
#3062=IFCPROPERTYSINGLEVALUE('inOnderzoek',$,IFCBOOLEAN(.T.),$);
#3063=IFCPROPERTYSINGLEVALUE('relatieveHoogteligging',$,IFCREAL(0.),$);
#3064=IFCPROPERTYSINGLEVALUE('bgt-status',$,IFCLABEL('bestaand'),$);
#3065=IFCPROPERTYSINGLEVALUE('plus-type',$,IFCLABEL('niet-bgt:boom'),$);
#3066=IFCPROPERTYSET('01zcvVBez32Pag0fcF2XKG',#5,'CPset_BGT',$,(#3057,#3058,#3059,#3060,#3061,#3062,#3063,#3064,#3065));
#3067=IFCPROPERTYSINGLEVALUE('objectBegintijd',$,IFCLABEL('1317679200000'),$);
#3068=IFCPROPERTYSINGLEVALUE('identificatie',$,IFCIDENTIFIER('NL.IMGeo.G0772.eca432c919df458cbc3adf997ec7d9db'),$);
#3069=IFCPROPERTYSINGLEVALUE('tijdstipRegistratie',$,IFCLABEL('1452169524000'),$);
#3070=IFCPROPERTYSINGLEVALUE('LV-publicatiedatum',$,IFCLABEL('1459857343000'),$);
#3071=IFCPROPERTYSINGLEVALUE('bronhouder',$,IFCLABEL('G0772'),$);
#3072=IFCPROPERTYSINGLEVALUE('inOnderzoek',$,IFCBOOLEAN(.T.),$);
#3073=IFCPROPERTYSINGLEVALUE('relatieveHoogteligging',$,IFCREAL(0.),$);
#3074=IFCPROPERTYSINGLEVALUE('bgt-status',$,IFCLABEL('bestaand'),$);
#3075=IFCPROPERTYSINGLEVALUE('plus-type',$,IFCLABEL('niet-bgt:boom'),$);
#3076=IFCPROPERTYSET('0OOT8XGrD9ye34NodmVpsr',#5,'CPset_BGT',$,(#3067,#3068,#3069,#3070,#3071,#3072,#3073,#3074,#3075));
#3077=IFCPROPERTYSINGLEVALUE('objectBegintijd',$,IFCLABEL('1361746800000'),$);
#3078=IFCPROPERTYSINGLEVALUE('identificatie',$,IFCIDENTIFIER('NL.IMGeo.G0772.f5ecf74ec7114dacb406b5ce9ce0ad64'),$);
#3079=IFCPROPERTYSINGLEVALUE('tijdstipRegistratie',$,IFCLABEL('1452169524000'),$);
#3080=IFCPROPERTYSINGLEVALUE('LV-publicatiedatum',$,IFCLABEL('1459857343000'),$);
#3081=IFCPROPERTYSINGLEVALUE('bronhouder',$,IFCLABEL('G0772'),$);
#3082=IFCPROPERTYSINGLEVALUE('inOnderzoek',$,IFCBOOLEAN(.T.),$);
#3083=IFCPROPERTYSINGLEVALUE('relatieveHoogteligging',$,IFCREAL(0.),$);
#3084=IFCPROPERTYSINGLEVALUE('bgt-status',$,IFCLABEL('bestaand'),$);
#3085=IFCPROPERTYSINGLEVALUE('plus-type',$,IFCLABEL('niet-bgt:boom'),$);
#3086=IFCPROPERTYSET('2ol9dznXP5ged_Wf3UJxMv',#5,'CPset_BGT',$,(#3077,#3078,#3079,#3080,#3081,#3082,#3083,#3084,#3085));
#3087=IFCPROPERTYSINGLEVALUE('objectBegintijd',$,IFCLABEL('1361746800000'),$);
#3088=IFCPROPERTYSINGLEVALUE('identificatie',$,IFCIDENTIFIER('NL.IMGeo.G0772.f9c57ab0aa53470381e38606587edacb'),$);
#3089=IFCPROPERTYSINGLEVALUE('tijdstipRegistratie',$,IFCLABEL('1452169524000'),$);
#3090=IFCPROPERTYSINGLEVALUE('LV-publicatiedatum',$,IFCLABEL('1459857343000'),$);
#3091=IFCPROPERTYSINGLEVALUE('bronhouder',$,IFCLABEL('G0772'),$);
#3092=IFCPROPERTYSINGLEVALUE('inOnderzoek',$,IFCBOOLEAN(.T.),$);
#3093=IFCPROPERTYSINGLEVALUE('relatieveHoogteligging',$,IFCREAL(0.),$);
#3094=IFCPROPERTYSINGLEVALUE('bgt-status',$,IFCLABEL('bestaand'),$);
#3095=IFCPROPERTYSINGLEVALUE('plus-type',$,IFCLABEL('niet-bgt:boom'),$);
#3096=IFCPROPERTYSET('0n5kAP7oDCLe1k$sbynway',#5,'CPset_BGT',$,(#3087,#3088,#3089,#3090,#3091,#3092,#3093,#3094,#3095));
#3097=IFCPROPERTYSINGLEVALUE('objectBegintijd',$,IFCLABEL('1349906400000'),$);
#3098=IFCPROPERTYSINGLEVALUE('identificatie',$,IFCIDENTIFIER('NL.IMGeo.G0772.fd408e9dcbbf4a6ab85209b870ce8da5'),$);
#3099=IFCPROPERTYSINGLEVALUE('tijdstipRegistratie',$,IFCLABEL('1452169524000'),$);
#3100=IFCPROPERTYSINGLEVALUE('LV-publicatiedatum',$,IFCLABEL('1459857343000'),$);
#3101=IFCPROPERTYSINGLEVALUE('bronhouder',$,IFCLABEL('G0772'),$);
#3102=IFCPROPERTYSINGLEVALUE('inOnderzoek',$,IFCBOOLEAN(.T.),$);
#3103=IFCPROPERTYSINGLEVALUE('relatieveHoogteligging',$,IFCREAL(0.),$);
#3104=IFCPROPERTYSINGLEVALUE('bgt-status',$,IFCLABEL('bestaand'),$);
#3105=IFCPROPERTYSINGLEVALUE('plus-type',$,IFCLABEL('niet-bgt:boom'),$);
#3106=IFCPROPERTYSET('2EQ_Gk001AvwJSiCDQ$rW9',#5,'CPset_BGT',$,(#3097,#3098,#3099,#3100,#3101,#3102,#3103,#3104,#3105));
#3107=IFCPROPERTYSINGLEVALUE('objectBegintijd',$,IFCLABEL('1349906400000'),$);
#3108=IFCPROPERTYSINGLEVALUE('identificatie',$,IFCIDENTIFIER('NL.IMGeo.G0772.fe9e71c7572b4512b17a9afb1105ccba'),$);
#3109=IFCPROPERTYSINGLEVALUE('tijdstipRegistratie',$,IFCLABEL('1452169524000'),$);
#3110=IFCPROPERTYSINGLEVALUE('LV-publicatiedatum',$,IFCLABEL('1459857343000'),$);
#3111=IFCPROPERTYSINGLEVALUE('bronhouder',$,IFCLABEL('G0772'),$);
#3112=IFCPROPERTYSINGLEVALUE('inOnderzoek',$,IFCBOOLEAN(.T.),$);
#3113=IFCPROPERTYSINGLEVALUE('relatieveHoogteligging',$,IFCREAL(0.),$);
#3114=IFCPROPERTYSINGLEVALUE('bgt-status',$,IFCLABEL('bestaand'),$);
#3115=IFCPROPERTYSINGLEVALUE('plus-type',$,IFCLABEL('niet-bgt:boom'),$);
#3116=IFCPROPERTYSET('094J6NdBr4xf4$p_AMoJck',#5,'CPset_BGT',$,(#3107,#3108,#3109,#3110,#3111,#3112,#3113,#3114,#3115));
#3117=IFCPROPERTYSINGLEVALUE('objectBegintijd',$,IFCLABEL('1317679200000'),$);
#3118=IFCPROPERTYSINGLEVALUE('identificatie',$,IFCIDENTIFIER('NL.IMGeo.G0772.00b4ef7c5ff84b589c8999f337b21543'),$);
#3119=IFCPROPERTYSINGLEVALUE('tijdstipRegistratie',$,IFCLABEL('1452169524000'),$);
#3120=IFCPROPERTYSINGLEVALUE('LV-publicatiedatum',$,IFCLABEL('1459857343000'),$);
#3121=IFCPROPERTYSINGLEVALUE('bronhouder',$,IFCLABEL('G0772'),$);
#3122=IFCPROPERTYSINGLEVALUE('inOnderzoek',$,IFCBOOLEAN(.T.),$);
#3123=IFCPROPERTYSINGLEVALUE('relatieveHoogteligging',$,IFCREAL(0.),$);
#3124=IFCPROPERTYSINGLEVALUE('bgt-status',$,IFCLABEL('bestaand'),$);
#3125=IFCPROPERTYSINGLEVALUE('plus-type',$,IFCLABEL('niet-bgt:boom'),$);
#3126=IFCPROPERTYSET('0n7qJONM57jPOgeZAWa2hI',#5,'CPset_BGT',$,(#3117,#3118,#3119,#3120,#3121,#3122,#3123,#3124,#3125));
#3127=IFCPROPERTYSINGLEVALUE('objectBegintijd',$,IFCLABEL('1349906400000'),$);
#3128=IFCPROPERTYSINGLEVALUE('identificatie',$,IFCIDENTIFIER('NL.IMGeo.G0772.02a0047f29454b6a8e12248ec53aa02b'),$);
#3129=IFCPROPERTYSINGLEVALUE('tijdstipRegistratie',$,IFCLABEL('1452169524000'),$);
#3130=IFCPROPERTYSINGLEVALUE('LV-publicatiedatum',$,IFCLABEL('1459857343000'),$);
#3131=IFCPROPERTYSINGLEVALUE('bronhouder',$,IFCLABEL('G0772'),$);
#3132=IFCPROPERTYSINGLEVALUE('inOnderzoek',$,IFCBOOLEAN(.T.),$);
#3133=IFCPROPERTYSINGLEVALUE('relatieveHoogteligging',$,IFCREAL(0.),$);
#3134=IFCPROPERTYSINGLEVALUE('bgt-status',$,IFCLABEL('bestaand'),$);
#3135=IFCPROPERTYSINGLEVALUE('plus-type',$,IFCLABEL('niet-bgt:boom'),$);
#3136=IFCPROPERTYSET('2VGyY7sofBug1x5856GOu_',#5,'CPset_BGT',$,(#3127,#3128,#3129,#3130,#3131,#3132,#3133,#3134,#3135));
#3137=IFCPROPERTYSINGLEVALUE('objectBegintijd',$,IFCLABEL('1428357600000'),$);
#3138=IFCPROPERTYSINGLEVALUE('identificatie',$,IFCIDENTIFIER('NL.IMGeo.G0772.03eddfde7e084fc28d396b91f82594d7'),$);
#3139=IFCPROPERTYSINGLEVALUE('tijdstipRegistratie',$,IFCLABEL('1452169524000'),$);
#3140=IFCPROPERTYSINGLEVALUE('LV-publicatiedatum',$,IFCLABEL('1459857343000'),$);
#3141=IFCPROPERTYSINGLEVALUE('bronhouder',$,IFCLABEL('G0772'),$);
#3142=IFCPROPERTYSINGLEVALUE('inOnderzoek',$,IFCBOOLEAN(.T.),$);
#3143=IFCPROPERTYSINGLEVALUE('relatieveHoogteligging',$,IFCREAL(0.),$);
#3144=IFCPROPERTYSINGLEVALUE('bgt-status',$,IFCLABEL('bestaand'),$);
#3145=IFCPROPERTYSINGLEVALUE('plus-type',$,IFCLABEL('niet-bgt:boom'),$);
#3146=IFCPROPERTYSET('1WRB2y4X5F_eu4rKbwkz7Q',#5,'CPset_BGT',$,(#3137,#3138,#3139,#3140,#3141,#3142,#3143,#3144,#3145));
#3147=IFCPROPERTYSINGLEVALUE('objectBegintijd',$,IFCLABEL('1349906400000'),$);
#3148=IFCPROPERTYSINGLEVALUE('identificatie',$,IFCIDENTIFIER('NL.IMGeo.G0772.0ff36544596545098628794072b4d787'),$);
#3149=IFCPROPERTYSINGLEVALUE('tijdstipRegistratie',$,IFCLABEL('1452169524000'),$);
#3150=IFCPROPERTYSINGLEVALUE('LV-publicatiedatum',$,IFCLABEL('1459857343000'),$);
#3151=IFCPROPERTYSINGLEVALUE('bronhouder',$,IFCLABEL('G0772'),$);
#3152=IFCPROPERTYSINGLEVALUE('inOnderzoek',$,IFCBOOLEAN(.T.),$);
#3153=IFCPROPERTYSINGLEVALUE('relatieveHoogteligging',$,IFCREAL(0.),$);
#3154=IFCPROPERTYSINGLEVALUE('bgt-status',$,IFCLABEL('bestaand'),$);
#3155=IFCPROPERTYSINGLEVALUE('plus-type',$,IFCLABEL('niet-bgt:boom'),$);
#3156=IFCPROPERTYSET('0T88wYPa51QxPFhxbCMXzu',#5,'CPset_BGT',$,(#3147,#3148,#3149,#3150,#3151,#3152,#3153,#3154,#3155));
#3157=IFCPROPERTYSINGLEVALUE('objectBegintijd',$,IFCLABEL('1349906400000'),$);
#3158=IFCPROPERTYSINGLEVALUE('identificatie',$,IFCIDENTIFIER('NL.IMGeo.G0772.115ceb1a09034b16ba42c941e77b561a'),$);
#3159=IFCPROPERTYSINGLEVALUE('tijdstipRegistratie',$,IFCLABEL('1452169524000'),$);
#3160=IFCPROPERTYSINGLEVALUE('LV-publicatiedatum',$,IFCLABEL('1459857343000'),$);
#3161=IFCPROPERTYSINGLEVALUE('bronhouder',$,IFCLABEL('G0772'),$);
#3162=IFCPROPERTYSINGLEVALUE('inOnderzoek',$,IFCBOOLEAN(.T.),$);
#3163=IFCPROPERTYSINGLEVALUE('relatieveHoogteligging',$,IFCREAL(0.),$);
#3164=IFCPROPERTYSINGLEVALUE('bgt-status',$,IFCLABEL('bestaand'),$);
#3165=IFCPROPERTYSINGLEVALUE('plus-type',$,IFCLABEL('niet-bgt:boom'),$);
#3166=IFCPROPERTYSET('17gSpNM8112A56$8ApWwmk',#5,'CPset_BGT',$,(#3157,#3158,#3159,#3160,#3161,#3162,#3163,#3164,#3165));
#3167=IFCPROPERTYSINGLEVALUE('objectBegintijd',$,IFCLABEL('1349906400000'),$);
#3168=IFCPROPERTYSINGLEVALUE('identificatie',$,IFCIDENTIFIER('NL.IMGeo.G0772.124638dfebe54b6ba6c4203b4860c859'),$);
#3169=IFCPROPERTYSINGLEVALUE('tijdstipRegistratie',$,IFCLABEL('1452169524000'),$);
#3170=IFCPROPERTYSINGLEVALUE('LV-publicatiedatum',$,IFCLABEL('1459857343000'),$);
#3171=IFCPROPERTYSINGLEVALUE('bronhouder',$,IFCLABEL('G0772'),$);
#3172=IFCPROPERTYSINGLEVALUE('inOnderzoek',$,IFCBOOLEAN(.T.),$);
#3173=IFCPROPERTYSINGLEVALUE('relatieveHoogteligging',$,IFCREAL(0.),$);
#3174=IFCPROPERTYSINGLEVALUE('bgt-status',$,IFCLABEL('bestaand'),$);
#3175=IFCPROPERTYSINGLEVALUE('plus-type',$,IFCLABEL('niet-bgt:boom'),$);
#3176=IFCPROPERTYSET('0MzS9$HJfEwv9_Its1YfGy',#5,'CPset_BGT',$,(#3167,#3168,#3169,#3170,#3171,#3172,#3173,#3174,#3175));
#3177=IFCPROPERTYSINGLEVALUE('objectBegintijd',$,IFCLABEL('1394492400000'),$);
#3178=IFCPROPERTYSINGLEVALUE('identificatie',$,IFCIDENTIFIER('NL.IMGeo.G0772.15d15304b95648268a32f5973d1995d1'),$);
#3179=IFCPROPERTYSINGLEVALUE('tijdstipRegistratie',$,IFCLABEL('1452169524000'),$);
#3180=IFCPROPERTYSINGLEVALUE('LV-publicatiedatum',$,IFCLABEL('1459857343000'),$);
#3181=IFCPROPERTYSINGLEVALUE('bronhouder',$,IFCLABEL('G0772'),$);
#3182=IFCPROPERTYSINGLEVALUE('inOnderzoek',$,IFCBOOLEAN(.T.),$);
#3183=IFCPROPERTYSINGLEVALUE('relatieveHoogteligging',$,IFCREAL(0.),$);
#3184=IFCPROPERTYSINGLEVALUE('bgt-status',$,IFCLABEL('bestaand'),$);
#3185=IFCPROPERTYSINGLEVALUE('plus-type',$,IFCLABEL('niet-bgt:boom'),$);
#3186=IFCPROPERTYSET('31X0rJM0T00x7a1LH6_g8H',#5,'CPset_BGT',$,(#3177,#3178,#3179,#3180,#3181,#3182,#3183,#3184,#3185));
#3187=IFCPROPERTYSINGLEVALUE('objectBegintijd',$,IFCLABEL('1336428000000'),$);
#3188=IFCPROPERTYSINGLEVALUE('identificatie',$,IFCIDENTIFIER('NL.IMGeo.G0772.19c33de220274724848c03c03c4f16c0'),$);
#3189=IFCPROPERTYSINGLEVALUE('tijdstipRegistratie',$,IFCLABEL('1452169524000'),$);
#3190=IFCPROPERTYSINGLEVALUE('LV-publicatiedatum',$,IFCLABEL('1459857343000'),$);
#3191=IFCPROPERTYSINGLEVALUE('bronhouder',$,IFCLABEL('G0772'),$);
#3192=IFCPROPERTYSINGLEVALUE('inOnderzoek',$,IFCBOOLEAN(.T.),$);
#3193=IFCPROPERTYSINGLEVALUE('relatieveHoogteligging',$,IFCREAL(0.),$);
#3194=IFCPROPERTYSINGLEVALUE('bgt-status',$,IFCLABEL('bestaand'),$);
#3195=IFCPROPERTYSINGLEVALUE('plus-type',$,IFCLABEL('niet-bgt:boom'),$);
#3196=IFCPROPERTYSET('1aNSLeHVz5KOxWexl6l4lh',#5,'CPset_BGT',$,(#3187,#3188,#3189,#3190,#3191,#3192,#3193,#3194,#3195));
#3197=IFCPROPERTYSINGLEVALUE('objectBegintijd',$,IFCLABEL('1394492400000'),$);
#3198=IFCPROPERTYSINGLEVALUE('identificatie',$,IFCIDENTIFIER('NL.IMGeo.G0772.19c4c4ef09ea41829e4a747ae002c4a0'),$);
#3199=IFCPROPERTYSINGLEVALUE('tijdstipRegistratie',$,IFCLABEL('1452169524000'),$);
#3200=IFCPROPERTYSINGLEVALUE('LV-publicatiedatum',$,IFCLABEL('1459857343000'),$);
#3201=IFCPROPERTYSINGLEVALUE('bronhouder',$,IFCLABEL('G0772'),$);
#3202=IFCPROPERTYSINGLEVALUE('inOnderzoek',$,IFCBOOLEAN(.T.),$);
#3203=IFCPROPERTYSINGLEVALUE('relatieveHoogteligging',$,IFCREAL(0.),$);
#3204=IFCPROPERTYSINGLEVALUE('bgt-status',$,IFCLABEL('bestaand'),$);
#3205=IFCPROPERTYSINGLEVALUE('plus-type',$,IFCLABEL('niet-bgt:boom'),$);
#3206=IFCPROPERTYSET('3jJa28YN11HO$1cddvR_xQ',#5,'CPset_BGT',$,(#3197,#3198,#3199,#3200,#3201,#3202,#3203,#3204,#3205));
#3207=IFCPROPERTYSINGLEVALUE('objectBegintijd',$,IFCLABEL('1349906400000'),$);
#3208=IFCPROPERTYSINGLEVALUE('identificatie',$,IFCIDENTIFIER('NL.IMGeo.G0772.1a748a9ea4b54f99a22445c222e00fbb'),$);
#3209=IFCPROPERTYSINGLEVALUE('tijdstipRegistratie',$,IFCLABEL('1452169524000'),$);
#3210=IFCPROPERTYSINGLEVALUE('LV-publicatiedatum',$,IFCLABEL('1459857343000'),$);
#3211=IFCPROPERTYSINGLEVALUE('bronhouder',$,IFCLABEL('G0772'),$);
#3212=IFCPROPERTYSINGLEVALUE('inOnderzoek',$,IFCBOOLEAN(.T.),$);
#3213=IFCPROPERTYSINGLEVALUE('relatieveHoogteligging',$,IFCREAL(0.),$);
#3214=IFCPROPERTYSINGLEVALUE('bgt-status',$,IFCLABEL('bestaand'),$);
#3215=IFCPROPERTYSINGLEVALUE('plus-type',$,IFCLABEL('niet-bgt:boom'),$);
#3216=IFCPROPERTYSET('3wVcLKQbf6mA8_sFHjSiF3',#5,'CPset_BGT',$,(#3207,#3208,#3209,#3210,#3211,#3212,#3213,#3214,#3215));
#3217=IFCPROPERTYSINGLEVALUE('objectBegintijd',$,IFCLABEL('1361746800000'),$);
#3218=IFCPROPERTYSINGLEVALUE('identificatie',$,IFCIDENTIFIER('NL.IMGeo.G0772.1e47d218a2de4ea3afc55bba1f591951'),$);
#3219=IFCPROPERTYSINGLEVALUE('tijdstipRegistratie',$,IFCLABEL('1452169524000'),$);
#3220=IFCPROPERTYSINGLEVALUE('LV-publicatiedatum',$,IFCLABEL('1459857343000'),$);
#3221=IFCPROPERTYSINGLEVALUE('bronhouder',$,IFCLABEL('G0772'),$);
#3222=IFCPROPERTYSINGLEVALUE('inOnderzoek',$,IFCBOOLEAN(.T.),$);
#3223=IFCPROPERTYSINGLEVALUE('relatieveHoogteligging',$,IFCREAL(0.),$);
#3224=IFCPROPERTYSINGLEVALUE('bgt-status',$,IFCLABEL('bestaand'),$);
#3225=IFCPROPERTYSINGLEVALUE('plus-type',$,IFCLABEL('niet-bgt:boom'),$);
#3226=IFCPROPERTYSET('36pT0rosfC9wsXRpnku2kQ',#5,'CPset_BGT',$,(#3217,#3218,#3219,#3220,#3221,#3222,#3223,#3224,#3225));
#3227=IFCPROPERTYSINGLEVALUE('objectBegintijd',$,IFCLABEL('1349906400000'),$);
#3228=IFCPROPERTYSINGLEVALUE('identificatie',$,IFCIDENTIFIER('NL.IMGeo.G0772.1e9f9bb715f642d4a42c758a4e1bf6a0'),$);
#3229=IFCPROPERTYSINGLEVALUE('tijdstipRegistratie',$,IFCLABEL('1452169524000'),$);
#3230=IFCPROPERTYSINGLEVALUE('LV-publicatiedatum',$,IFCLABEL('1459857343000'),$);
#3231=IFCPROPERTYSINGLEVALUE('bronhouder',$,IFCLABEL('G0772'),$);
#3232=IFCPROPERTYSINGLEVALUE('inOnderzoek',$,IFCBOOLEAN(.T.),$);
#3233=IFCPROPERTYSINGLEVALUE('relatieveHoogteligging',$,IFCREAL(0.),$);
#3234=IFCPROPERTYSINGLEVALUE('bgt-status',$,IFCLABEL('bestaand'),$);
#3235=IFCPROPERTYSINGLEVALUE('plus-type',$,IFCLABEL('niet-bgt:boom'),$);
#3236=IFCPROPERTYSET('2WDKBaein5_BXj6yINTLYx',#5,'CPset_BGT',$,(#3227,#3228,#3229,#3230,#3231,#3232,#3233,#3234,#3235));
#3237=IFCPROPERTYSINGLEVALUE('objectBegintijd',$,IFCLABEL('1336428000000'),$);
#3238=IFCPROPERTYSINGLEVALUE('identificatie',$,IFCIDENTIFIER('NL.IMGeo.G0772.22cab86763894e94b7027205c897d3af'),$);
#3239=IFCPROPERTYSINGLEVALUE('tijdstipRegistratie',$,IFCLABEL('1452169524000'),$);
#3240=IFCPROPERTYSINGLEVALUE('LV-publicatiedatum',$,IFCLABEL('1459857343000'),$);
#3241=IFCPROPERTYSINGLEVALUE('bronhouder',$,IFCLABEL('G0772'),$);
#3242=IFCPROPERTYSINGLEVALUE('inOnderzoek',$,IFCBOOLEAN(.T.),$);
#3243=IFCPROPERTYSINGLEVALUE('relatieveHoogteligging',$,IFCREAL(0.),$);
#3244=IFCPROPERTYSINGLEVALUE('bgt-status',$,IFCLABEL('bestaand'),$);
#3245=IFCPROPERTYSINGLEVALUE('plus-type',$,IFCLABEL('niet-bgt:boom'),$);
#3246=IFCPROPERTYSET('0kM4WExkD2WRJb0oGjtuTb',#5,'CPset_BGT',$,(#3237,#3238,#3239,#3240,#3241,#3242,#3243,#3244,#3245));
#3247=IFCPROPERTYSINGLEVALUE('objectBegintijd',$,IFCLABEL('1317679200000'),$);
#3248=IFCPROPERTYSINGLEVALUE('identificatie',$,IFCIDENTIFIER('NL.IMGeo.G0772.22cf532b226b4d6aaeed5fa1ab07c51c'),$);
#3249=IFCPROPERTYSINGLEVALUE('tijdstipRegistratie',$,IFCLABEL('1452169524000'),$);
#3250=IFCPROPERTYSINGLEVALUE('LV-publicatiedatum',$,IFCLABEL('1459857343000'),$);
#3251=IFCPROPERTYSINGLEVALUE('bronhouder',$,IFCLABEL('G0772'),$);
#3252=IFCPROPERTYSINGLEVALUE('inOnderzoek',$,IFCBOOLEAN(.T.),$);
#3253=IFCPROPERTYSINGLEVALUE('relatieveHoogteligging',$,IFCREAL(0.),$);
#3254=IFCPROPERTYSINGLEVALUE('bgt-status',$,IFCLABEL('bestaand'),$);
#3255=IFCPROPERTYSINGLEVALUE('plus-type',$,IFCLABEL('niet-bgt:boom'),$);
#3256=IFCPROPERTYSET('1EhmrHpGTDDAMw0UQBbyTM',#5,'CPset_BGT',$,(#3247,#3248,#3249,#3250,#3251,#3252,#3253,#3254,#3255));
#3257=IFCPROPERTYSINGLEVALUE('objectBegintijd',$,IFCLABEL('1349906400000'),$);
#3258=IFCPROPERTYSINGLEVALUE('identificatie',$,IFCIDENTIFIER('NL.IMGeo.G0772.23113723255342a69c573c0577e89602'),$);
#3259=IFCPROPERTYSINGLEVALUE('tijdstipRegistratie',$,IFCLABEL('1452169524000'),$);
#3260=IFCPROPERTYSINGLEVALUE('LV-publicatiedatum',$,IFCLABEL('1459857343000'),$);
#3261=IFCPROPERTYSINGLEVALUE('bronhouder',$,IFCLABEL('G0772'),$);
#3262=IFCPROPERTYSINGLEVALUE('inOnderzoek',$,IFCBOOLEAN(.T.),$);
#3263=IFCPROPERTYSINGLEVALUE('relatieveHoogteligging',$,IFCREAL(0.),$);
#3264=IFCPROPERTYSINGLEVALUE('bgt-status',$,IFCLABEL('bestaand'),$);
#3265=IFCPROPERTYSINGLEVALUE('plus-type',$,IFCLABEL('niet-bgt:boom'),$);
#3266=IFCPROPERTYSET('2rf7r_JDX8QPGGLR$ynBYj',#5,'CPset_BGT',$,(#3257,#3258,#3259,#3260,#3261,#3262,#3263,#3264,#3265));
#3267=IFCPROPERTYSINGLEVALUE('objectBegintijd',$,IFCLABEL('1361746800000'),$);
#3268=IFCPROPERTYSINGLEVALUE('identificatie',$,IFCIDENTIFIER('NL.IMGeo.G0772.2665203d8fe04284af696ed10533ce59'),$);
#3269=IFCPROPERTYSINGLEVALUE('tijdstipRegistratie',$,IFCLABEL('1452169524000'),$);
#3270=IFCPROPERTYSINGLEVALUE('LV-publicatiedatum',$,IFCLABEL('1459857343000'),$);
#3271=IFCPROPERTYSINGLEVALUE('bronhouder',$,IFCLABEL('G0772'),$);
#3272=IFCPROPERTYSINGLEVALUE('inOnderzoek',$,IFCBOOLEAN(.T.),$);
#3273=IFCPROPERTYSINGLEVALUE('relatieveHoogteligging',$,IFCREAL(0.),$);
#3274=IFCPROPERTYSINGLEVALUE('bgt-status',$,IFCLABEL('bestaand'),$);
#3275=IFCPROPERTYSINGLEVALUE('plus-type',$,IFCLABEL('niet-bgt:boom'),$);
#3276=IFCPROPERTYSET('07rl2ks8r5PfME1MgIFZ$c',#5,'CPset_BGT',$,(#3267,#3268,#3269,#3270,#3271,#3272,#3273,#3274,#3275));
#3277=IFCPROPERTYSINGLEVALUE('objectBegintijd',$,IFCLABEL('1317679200000'),$);
#3278=IFCPROPERTYSINGLEVALUE('identificatie',$,IFCIDENTIFIER('NL.IMGeo.G0772.27bad2d52b7e453d93e60c91f414827f'),$);
#3279=IFCPROPERTYSINGLEVALUE('tijdstipRegistratie',$,IFCLABEL('1452169524000'),$);
#3280=IFCPROPERTYSINGLEVALUE('LV-publicatiedatum',$,IFCLABEL('1459857343000'),$);
#3281=IFCPROPERTYSINGLEVALUE('bronhouder',$,IFCLABEL('G0772'),$);
#3282=IFCPROPERTYSINGLEVALUE('inOnderzoek',$,IFCBOOLEAN(.T.),$);
#3283=IFCPROPERTYSINGLEVALUE('relatieveHoogteligging',$,IFCREAL(0.),$);
#3284=IFCPROPERTYSINGLEVALUE('bgt-status',$,IFCLABEL('bestaand'),$);
#3285=IFCPROPERTYSINGLEVALUE('plus-type',$,IFCLABEL('niet-bgt:boom'),$);
#3286=IFCPROPERTYSET('1WVaABzYfDbRWUEgqkJJ_t',#5,'CPset_BGT',$,(#3277,#3278,#3279,#3280,#3281,#3282,#3283,#3284,#3285));
#3287=IFCPROPERTYSINGLEVALUE('objectBegintijd',$,IFCLABEL('1330556400000'),$);
#3288=IFCPROPERTYSINGLEVALUE('identificatie',$,IFCIDENTIFIER('NL.IMGeo.G0772.2a53fdcceb10442cb9ec2b1e8ad79b87'),$);
#3289=IFCPROPERTYSINGLEVALUE('tijdstipRegistratie',$,IFCLABEL('1452169524000'),$);
#3290=IFCPROPERTYSINGLEVALUE('LV-publicatiedatum',$,IFCLABEL('1459857343000'),$);
#3291=IFCPROPERTYSINGLEVALUE('bronhouder',$,IFCLABEL('G0772'),$);
#3292=IFCPROPERTYSINGLEVALUE('inOnderzoek',$,IFCBOOLEAN(.T.),$);
#3293=IFCPROPERTYSINGLEVALUE('relatieveHoogteligging',$,IFCREAL(0.),$);
#3294=IFCPROPERTYSINGLEVALUE('bgt-status',$,IFCLABEL('bestaand'),$);
#3295=IFCPROPERTYSINGLEVALUE('plus-type',$,IFCLABEL('niet-bgt:boom'),$);
#3296=IFCPROPERTYSET('3C_htT56P2uAYA1DtkwpjB',#5,'CPset_BGT',$,(#3287,#3288,#3289,#3290,#3291,#3292,#3293,#3294,#3295));
#3297=IFCPROPERTYSINGLEVALUE('objectBegintijd',$,IFCLABEL('1349906400000'),$);
#3298=IFCPROPERTYSINGLEVALUE('identificatie',$,IFCIDENTIFIER('NL.IMGeo.G0772.2af2f86fd09f49dd9d73401c8cbceded'),$);
#3299=IFCPROPERTYSINGLEVALUE('tijdstipRegistratie',$,IFCLABEL('1452169524000'),$);
#3300=IFCPROPERTYSINGLEVALUE('LV-publicatiedatum',$,IFCLABEL('1459857343000'),$);
#3301=IFCPROPERTYSINGLEVALUE('bronhouder',$,IFCLABEL('G0772'),$);
#3302=IFCPROPERTYSINGLEVALUE('inOnderzoek',$,IFCBOOLEAN(.T.),$);
#3303=IFCPROPERTYSINGLEVALUE('relatieveHoogteligging',$,IFCREAL(0.),$);
#3304=IFCPROPERTYSINGLEVALUE('bgt-status',$,IFCLABEL('bestaand'),$);
#3305=IFCPROPERTYSINGLEVALUE('plus-type',$,IFCLABEL('niet-bgt:boom'),$);
#3306=IFCPROPERTYSET('2YFHPuKeDBkR1z32QbpVii',#5,'CPset_BGT',$,(#3297,#3298,#3299,#3300,#3301,#3302,#3303,#3304,#3305));
#3307=IFCPROPERTYSINGLEVALUE('objectBegintijd',$,IFCLABEL('1317679200000'),$);
#3308=IFCPROPERTYSINGLEVALUE('identificatie',$,IFCIDENTIFIER('NL.IMGeo.G0772.2e4460a9ceea4f5789a550dcaf1be30c'),$);
#3309=IFCPROPERTYSINGLEVALUE('tijdstipRegistratie',$,IFCLABEL('1452169524000'),$);
#3310=IFCPROPERTYSINGLEVALUE('LV-publicatiedatum',$,IFCLABEL('1459857343000'),$);
#3311=IFCPROPERTYSINGLEVALUE('bronhouder',$,IFCLABEL('G0772'),$);
#3312=IFCPROPERTYSINGLEVALUE('inOnderzoek',$,IFCBOOLEAN(.T.),$);
#3313=IFCPROPERTYSINGLEVALUE('relatieveHoogteligging',$,IFCREAL(0.),$);
#3314=IFCPROPERTYSINGLEVALUE('bgt-status',$,IFCLABEL('bestaand'),$);
#3315=IFCPROPERTYSINGLEVALUE('plus-type',$,IFCLABEL('niet-bgt:boom'),$);
#3316=IFCPROPERTYSET('3L0GJN0lD1CRXUoG9GSedp',#5,'CPset_BGT',$,(#3307,#3308,#3309,#3310,#3311,#3312,#3313,#3314,#3315));
#3317=IFCPROPERTYSINGLEVALUE('objectBegintijd',$,IFCLABEL('1317679200000'),$);
#3318=IFCPROPERTYSINGLEVALUE('identificatie',$,IFCIDENTIFIER('NL.IMGeo.G0772.30f0784b43974cd1b2c894219fe0a3d2'),$);
#3319=IFCPROPERTYSINGLEVALUE('tijdstipRegistratie',$,IFCLABEL('1452169524000'),$);
#3320=IFCPROPERTYSINGLEVALUE('LV-publicatiedatum',$,IFCLABEL('1459857343000'),$);
#3321=IFCPROPERTYSINGLEVALUE('bronhouder',$,IFCLABEL('G0772'),$);
#3322=IFCPROPERTYSINGLEVALUE('inOnderzoek',$,IFCBOOLEAN(.T.),$);
#3323=IFCPROPERTYSINGLEVALUE('relatieveHoogteligging',$,IFCREAL(0.),$);
#3324=IFCPROPERTYSINGLEVALUE('bgt-status',$,IFCLABEL('bestaand'),$);
#3325=IFCPROPERTYSINGLEVALUE('plus-type',$,IFCLABEL('niet-bgt:boom'),$);
#3326=IFCPROPERTYSET('2ADM3bQMz5eAHotTlQBWv4',#5,'CPset_BGT',$,(#3317,#3318,#3319,#3320,#3321,#3322,#3323,#3324,#3325));
#3327=IFCPROPERTYSINGLEVALUE('objectBegintijd',$,IFCLABEL('1349906400000'),$);
#3328=IFCPROPERTYSINGLEVALUE('identificatie',$,IFCIDENTIFIER('NL.IMGeo.G0772.3111e5d1672a4dcd8d1154347571ec21'),$);
#3329=IFCPROPERTYSINGLEVALUE('tijdstipRegistratie',$,IFCLABEL('1452169524000'),$);
#3330=IFCPROPERTYSINGLEVALUE('LV-publicatiedatum',$,IFCLABEL('1459857343000'),$);
#3331=IFCPROPERTYSINGLEVALUE('bronhouder',$,IFCLABEL('G0772'),$);
#3332=IFCPROPERTYSINGLEVALUE('inOnderzoek',$,IFCBOOLEAN(.T.),$);
#3333=IFCPROPERTYSINGLEVALUE('relatieveHoogteligging',$,IFCREAL(0.),$);
#3334=IFCPROPERTYSINGLEVALUE('bgt-status',$,IFCLABEL('bestaand'),$);
#3335=IFCPROPERTYSINGLEVALUE('plus-type',$,IFCLABEL('niet-bgt:boom'),$);
#3336=IFCPROPERTYSET('32bnnUYVLFjQFijWH0rggj',#5,'CPset_BGT',$,(#3327,#3328,#3329,#3330,#3331,#3332,#3333,#3334,#3335));
#3337=IFCPROPERTYSINGLEVALUE('objectBegintijd',$,IFCLABEL('1336428000000'),$);
#3338=IFCPROPERTYSINGLEVALUE('identificatie',$,IFCIDENTIFIER('NL.IMGeo.G0772.31c28f1009d84596b0151b2345cf36bb'),$);
#3339=IFCPROPERTYSINGLEVALUE('tijdstipRegistratie',$,IFCLABEL('1452169524000'),$);
#3340=IFCPROPERTYSINGLEVALUE('LV-publicatiedatum',$,IFCLABEL('1459857343000'),$);
#3341=IFCPROPERTYSINGLEVALUE('bronhouder',$,IFCLABEL('G0772'),$);
#3342=IFCPROPERTYSINGLEVALUE('inOnderzoek',$,IFCBOOLEAN(.T.),$);
#3343=IFCPROPERTYSINGLEVALUE('relatieveHoogteligging',$,IFCREAL(0.),$);
#3344=IFCPROPERTYSINGLEVALUE('bgt-status',$,IFCLABEL('bestaand'),$);
#3345=IFCPROPERTYSINGLEVALUE('plus-type',$,IFCLABEL('niet-bgt:boom'),$);
#3346=IFCPROPERTYSET('1l14y_gRj7dAVGyaPectqH',#5,'CPset_BGT',$,(#3337,#3338,#3339,#3340,#3341,#3342,#3343,#3344,#3345));
#3347=IFCPROPERTYSINGLEVALUE('objectBegintijd',$,IFCLABEL('1336428000000'),$);
#3348=IFCPROPERTYSINGLEVALUE('identificatie',$,IFCIDENTIFIER('NL.IMGeo.G0772.3512caa3dd684d01810ded8d11dea75c'),$);
#3349=IFCPROPERTYSINGLEVALUE('tijdstipRegistratie',$,IFCLABEL('1452169524000'),$);
#3350=IFCPROPERTYSINGLEVALUE('LV-publicatiedatum',$,IFCLABEL('1459857343000'),$);
#3351=IFCPROPERTYSINGLEVALUE('bronhouder',$,IFCLABEL('G0772'),$);
#3352=IFCPROPERTYSINGLEVALUE('inOnderzoek',$,IFCBOOLEAN(.T.),$);
#3353=IFCPROPERTYSINGLEVALUE('relatieveHoogteligging',$,IFCREAL(0.),$);
#3354=IFCPROPERTYSINGLEVALUE('bgt-status',$,IFCLABEL('bestaand'),$);
#3355=IFCPROPERTYSINGLEVALUE('plus-type',$,IFCLABEL('niet-bgt:boom'),$);
#3356=IFCPROPERTYSET('0BPDx3j5fC4v77HWJ6tuWp',#5,'CPset_BGT',$,(#3347,#3348,#3349,#3350,#3351,#3352,#3353,#3354,#3355));
#3357=IFCPROPERTYSINGLEVALUE('objectBegintijd',$,IFCLABEL('1349906400000'),$);
#3358=IFCPROPERTYSINGLEVALUE('identificatie',$,IFCIDENTIFIER('NL.IMGeo.G0772.35313c1a58f34397b2e0a0747fe0120c'),$);
#3359=IFCPROPERTYSINGLEVALUE('tijdstipRegistratie',$,IFCLABEL('1452169524000'),$);
#3360=IFCPROPERTYSINGLEVALUE('LV-publicatiedatum',$,IFCLABEL('1459857343000'),$);
#3361=IFCPROPERTYSINGLEVALUE('bronhouder',$,IFCLABEL('G0772'),$);
#3362=IFCPROPERTYSINGLEVALUE('inOnderzoek',$,IFCBOOLEAN(.T.),$);
#3363=IFCPROPERTYSINGLEVALUE('relatieveHoogteligging',$,IFCREAL(0.),$);
#3364=IFCPROPERTYSINGLEVALUE('bgt-status',$,IFCLABEL('bestaand'),$);
#3365=IFCPROPERTYSINGLEVALUE('plus-type',$,IFCLABEL('niet-bgt:boom'),$);
#3366=IFCPROPERTYSET('0zvBaYuwr5Ge9r3PL_Wr3w',#5,'CPset_BGT',$,(#3357,#3358,#3359,#3360,#3361,#3362,#3363,#3364,#3365));
#3367=IFCPROPERTYSINGLEVALUE('objectBegintijd',$,IFCLABEL('1317679200000'),$);
#3368=IFCPROPERTYSINGLEVALUE('identificatie',$,IFCIDENTIFIER('NL.IMGeo.G0772.3b3a2211a1574662aa9d2e31c894e259'),$);
#3369=IFCPROPERTYSINGLEVALUE('tijdstipRegistratie',$,IFCLABEL('1452169524000'),$);
#3370=IFCPROPERTYSINGLEVALUE('LV-publicatiedatum',$,IFCLABEL('1459857343000'),$);
#3371=IFCPROPERTYSINGLEVALUE('bronhouder',$,IFCLABEL('G0772'),$);
#3372=IFCPROPERTYSINGLEVALUE('inOnderzoek',$,IFCBOOLEAN(.T.),$);
#3373=IFCPROPERTYSINGLEVALUE('relatieveHoogteligging',$,IFCREAL(0.),$);
#3374=IFCPROPERTYSINGLEVALUE('bgt-status',$,IFCLABEL('bestaand'),$);
#3375=IFCPROPERTYSINGLEVALUE('plus-type',$,IFCLABEL('niet-bgt:boom'),$);
#3376=IFCPROPERTYSET('11Bts4EifDf97EscgTYTrb',#5,'CPset_BGT',$,(#3367,#3368,#3369,#3370,#3371,#3372,#3373,#3374,#3375));
#3377=IFCPROPERTYSINGLEVALUE('objectBegintijd',$,IFCLABEL('1317679200000'),$);
#3378=IFCPROPERTYSINGLEVALUE('identificatie',$,IFCIDENTIFIER('NL.IMGeo.G0772.3b90131f59f948e791a7a04a870a7e37'),$);
#3379=IFCPROPERTYSINGLEVALUE('tijdstipRegistratie',$,IFCLABEL('1452169524000'),$);
#3380=IFCPROPERTYSINGLEVALUE('LV-publicatiedatum',$,IFCLABEL('1459857343000'),$);
#3381=IFCPROPERTYSINGLEVALUE('bronhouder',$,IFCLABEL('G0772'),$);
#3382=IFCPROPERTYSINGLEVALUE('inOnderzoek',$,IFCBOOLEAN(.T.),$);
#3383=IFCPROPERTYSINGLEVALUE('relatieveHoogteligging',$,IFCREAL(0.),$);
#3384=IFCPROPERTYSINGLEVALUE('bgt-status',$,IFCLABEL('bestaand'),$);
#3385=IFCPROPERTYSINGLEVALUE('plus-type',$,IFCLABEL('niet-bgt:boom'),$);
#3386=IFCPROPERTYSET('1jjYDVGsz9mxlYer_qN5iU',#5,'CPset_BGT',$,(#3377,#3378,#3379,#3380,#3381,#3382,#3383,#3384,#3385));
#3387=IFCPROPERTYSINGLEVALUE('objectBegintijd',$,IFCLABEL('1349906400000'),$);
#3388=IFCPROPERTYSINGLEVALUE('identificatie',$,IFCIDENTIFIER('NL.IMGeo.G0772.3ed76e9adc1e4838ab409aa82fc50a5a'),$);
#3389=IFCPROPERTYSINGLEVALUE('tijdstipRegistratie',$,IFCLABEL('1452169524000'),$);
#3390=IFCPROPERTYSINGLEVALUE('LV-publicatiedatum',$,IFCLABEL('1459857343000'),$);
#3391=IFCPROPERTYSINGLEVALUE('bronhouder',$,IFCLABEL('G0772'),$);
#3392=IFCPROPERTYSINGLEVALUE('inOnderzoek',$,IFCBOOLEAN(.T.),$);
#3393=IFCPROPERTYSINGLEVALUE('relatieveHoogteligging',$,IFCREAL(0.),$);
#3394=IFCPROPERTYSINGLEVALUE('bgt-status',$,IFCLABEL('bestaand'),$);
#3395=IFCPROPERTYSINGLEVALUE('plus-type',$,IFCLABEL('niet-bgt:boom'),$);
#3396=IFCPROPERTYSET('3i3ElFGbP2C8FJbsjiJK9P',#5,'CPset_BGT',$,(#3387,#3388,#3389,#3390,#3391,#3392,#3393,#3394,#3395));
#3397=IFCPROPERTYSINGLEVALUE('objectBegintijd',$,IFCLABEL('1428357600000'),$);
#3398=IFCPROPERTYSINGLEVALUE('identificatie',$,IFCIDENTIFIER('NL.IMGeo.G0772.43d098c102e247c6aebd0b10005c11f0'),$);
#3399=IFCPROPERTYSINGLEVALUE('tijdstipRegistratie',$,IFCLABEL('1452169524000'),$);
#3400=IFCPROPERTYSINGLEVALUE('LV-publicatiedatum',$,IFCLABEL('1459857343000'),$);
#3401=IFCPROPERTYSINGLEVALUE('bronhouder',$,IFCLABEL('G0772'),$);
#3402=IFCPROPERTYSINGLEVALUE('inOnderzoek',$,IFCBOOLEAN(.T.),$);
#3403=IFCPROPERTYSINGLEVALUE('relatieveHoogteligging',$,IFCREAL(0.),$);
#3404=IFCPROPERTYSINGLEVALUE('bgt-status',$,IFCLABEL('bestaand'),$);
#3405=IFCPROPERTYSINGLEVALUE('plus-type',$,IFCLABEL('niet-bgt:boom'),$);
#3406=IFCPROPERTYSET('1fZLDF0bT4LvZDBs9qhJ34',#5,'CPset_BGT',$,(#3397,#3398,#3399,#3400,#3401,#3402,#3403,#3404,#3405));
#3407=IFCPROPERTYSINGLEVALUE('objectBegintijd',$,IFCLABEL('1394492400000'),$);
#3408=IFCPROPERTYSINGLEVALUE('identificatie',$,IFCIDENTIFIER('NL.IMGeo.G0772.443214003785440485114b074b95ad1a'),$);
#3409=IFCPROPERTYSINGLEVALUE('tijdstipRegistratie',$,IFCLABEL('1452169524000'),$);
#3410=IFCPROPERTYSINGLEVALUE('LV-publicatiedatum',$,IFCLABEL('1459857343000'),$);
#3411=IFCPROPERTYSINGLEVALUE('bronhouder',$,IFCLABEL('G0772'),$);
#3412=IFCPROPERTYSINGLEVALUE('inOnderzoek',$,IFCBOOLEAN(.T.),$);
#3413=IFCPROPERTYSINGLEVALUE('relatieveHoogteligging',$,IFCREAL(0.),$);
#3414=IFCPROPERTYSINGLEVALUE('bgt-status',$,IFCLABEL('bestaand'),$);
#3415=IFCPROPERTYSINGLEVALUE('plus-type',$,IFCLABEL('niet-bgt:boom'),$);
#3416=IFCPROPERTYSET('3Zn1Myb6X72uDGXaMk6v2$',#5,'CPset_BGT',$,(#3407,#3408,#3409,#3410,#3411,#3412,#3413,#3414,#3415));
#3417=IFCPROPERTYSINGLEVALUE('objectBegintijd',$,IFCLABEL('1317679200000'),$);
#3418=IFCPROPERTYSINGLEVALUE('identificatie',$,IFCIDENTIFIER('NL.IMGeo.G0772.44cae3d819df4373887bb65d118edd65'),$);
#3419=IFCPROPERTYSINGLEVALUE('tijdstipRegistratie',$,IFCLABEL('1452169524000'),$);
#3420=IFCPROPERTYSINGLEVALUE('LV-publicatiedatum',$,IFCLABEL('1459857343000'),$);
#3421=IFCPROPERTYSINGLEVALUE('bronhouder',$,IFCLABEL('G0772'),$);
#3422=IFCPROPERTYSINGLEVALUE('inOnderzoek',$,IFCBOOLEAN(.T.),$);
#3423=IFCPROPERTYSINGLEVALUE('relatieveHoogteligging',$,IFCREAL(0.),$);
#3424=IFCPROPERTYSINGLEVALUE('bgt-status',$,IFCLABEL('bestaand'),$);
#3425=IFCPROPERTYSINGLEVALUE('plus-type',$,IFCLABEL('niet-bgt:boom'),$);
#3426=IFCPROPERTYSET('2Cax6m6bX5yfOW_K9HgXqm',#5,'CPset_BGT',$,(#3417,#3418,#3419,#3420,#3421,#3422,#3423,#3424,#3425));
#3427=IFCPROPERTYSINGLEVALUE('objectBegintijd',$,IFCLABEL('1336428000000'),$);
#3428=IFCPROPERTYSINGLEVALUE('identificatie',$,IFCIDENTIFIER('NL.IMGeo.G0772.487bfa65ff714f5b8bc4effe1d581d40'),$);
#3429=IFCPROPERTYSINGLEVALUE('tijdstipRegistratie',$,IFCLABEL('1452169524000'),$);
#3430=IFCPROPERTYSINGLEVALUE('LV-publicatiedatum',$,IFCLABEL('1459857343000'),$);
#3431=IFCPROPERTYSINGLEVALUE('bronhouder',$,IFCLABEL('G0772'),$);
#3432=IFCPROPERTYSINGLEVALUE('inOnderzoek',$,IFCBOOLEAN(.T.),$);
#3433=IFCPROPERTYSINGLEVALUE('relatieveHoogteligging',$,IFCREAL(0.),$);
#3434=IFCPROPERTYSINGLEVALUE('bgt-status',$,IFCLABEL('bestaand'),$);
#3435=IFCPROPERTYSINGLEVALUE('plus-type',$,IFCLABEL('niet-bgt:boom'),$);
#3436=IFCPROPERTYSET('33Y3Akj5LEDRKp$vInoYtz',#5,'CPset_BGT',$,(#3427,#3428,#3429,#3430,#3431,#3432,#3433,#3434,#3435));
#3437=IFCPROPERTYSINGLEVALUE('objectBegintijd',$,IFCLABEL('1428357600000'),$);
#3438=IFCPROPERTYSINGLEVALUE('identificatie',$,IFCIDENTIFIER('NL.IMGeo.G0772.4a0b2e2679ac4ae493227801d7fce527'),$);
#3439=IFCPROPERTYSINGLEVALUE('tijdstipRegistratie',$,IFCLABEL('1452169524000'),$);
#3440=IFCPROPERTYSINGLEVALUE('LV-publicatiedatum',$,IFCLABEL('1459857343000'),$);
#3441=IFCPROPERTYSINGLEVALUE('bronhouder',$,IFCLABEL('G0772'),$);
#3442=IFCPROPERTYSINGLEVALUE('inOnderzoek',$,IFCBOOLEAN(.T.),$);
#3443=IFCPROPERTYSINGLEVALUE('relatieveHoogteligging',$,IFCREAL(0.),$);
#3444=IFCPROPERTYSINGLEVALUE('bgt-status',$,IFCLABEL('bestaand'),$);
#3445=IFCPROPERTYSINGLEVALUE('plus-type',$,IFCLABEL('niet-bgt:boom'),$);
#3446=IFCPROPERTYSET('0Jku4QUSr7svvn0wplNPMX',#5,'CPset_BGT',$,(#3437,#3438,#3439,#3440,#3441,#3442,#3443,#3444,#3445));
#3447=IFCPROPERTYSINGLEVALUE('objectBegintijd',$,IFCLABEL('1317679200000'),$);
#3448=IFCPROPERTYSINGLEVALUE('identificatie',$,IFCIDENTIFIER('NL.IMGeo.G0772.4b254e8a665c4f52981d2d850f8b6804'),$);
#3449=IFCPROPERTYSINGLEVALUE('tijdstipRegistratie',$,IFCLABEL('1452169524000'),$);
#3450=IFCPROPERTYSINGLEVALUE('LV-publicatiedatum',$,IFCLABEL('1459857343000'),$);
#3451=IFCPROPERTYSINGLEVALUE('bronhouder',$,IFCLABEL('G0772'),$);
#3452=IFCPROPERTYSINGLEVALUE('inOnderzoek',$,IFCBOOLEAN(.T.),$);
#3453=IFCPROPERTYSINGLEVALUE('relatieveHoogteligging',$,IFCREAL(0.),$);
#3454=IFCPROPERTYSINGLEVALUE('bgt-status',$,IFCLABEL('bestaand'),$);
#3455=IFCPROPERTYSINGLEVALUE('plus-type',$,IFCLABEL('niet-bgt:boom'),$);
#3456=IFCPROPERTYSET('3mgReHXbz3qvDecyiaDo8g',#5,'CPset_BGT',$,(#3447,#3448,#3449,#3450,#3451,#3452,#3453,#3454,#3455));
#3457=IFCPROPERTYSINGLEVALUE('objectBegintijd',$,IFCLABEL('1317679200000'),$);
#3458=IFCPROPERTYSINGLEVALUE('identificatie',$,IFCIDENTIFIER('NL.IMGeo.G0772.4bc850c484ac42fc9228e0fb84eba05e'),$);
#3459=IFCPROPERTYSINGLEVALUE('tijdstipRegistratie',$,IFCLABEL('1452169524000'),$);
#3460=IFCPROPERTYSINGLEVALUE('LV-publicatiedatum',$,IFCLABEL('1459857343000'),$);
#3461=IFCPROPERTYSINGLEVALUE('bronhouder',$,IFCLABEL('G0772'),$);
#3462=IFCPROPERTYSINGLEVALUE('inOnderzoek',$,IFCBOOLEAN(.T.),$);
#3463=IFCPROPERTYSINGLEVALUE('relatieveHoogteligging',$,IFCREAL(0.),$);
#3464=IFCPROPERTYSINGLEVALUE('bgt-status',$,IFCLABEL('bestaand'),$);
#3465=IFCPROPERTYSINGLEVALUE('plus-type',$,IFCLABEL('niet-bgt:boom'),$);
#3466=IFCPROPERTYSET('1kWxM4VAjBifhJ8TdNHnWB',#5,'CPset_BGT',$,(#3457,#3458,#3459,#3460,#3461,#3462,#3463,#3464,#3465));
#3467=IFCPROPERTYSINGLEVALUE('objectBegintijd',$,IFCLABEL('1349906400000'),$);
#3468=IFCPROPERTYSINGLEVALUE('identificatie',$,IFCIDENTIFIER('NL.IMGeo.G0772.4dbc6eabb2604c02ac6151c40be92dfa'),$);
#3469=IFCPROPERTYSINGLEVALUE('tijdstipRegistratie',$,IFCLABEL('1452169524000'),$);
#3470=IFCPROPERTYSINGLEVALUE('LV-publicatiedatum',$,IFCLABEL('1459857343000'),$);
#3471=IFCPROPERTYSINGLEVALUE('bronhouder',$,IFCLABEL('G0772'),$);
#3472=IFCPROPERTYSINGLEVALUE('inOnderzoek',$,IFCBOOLEAN(.T.),$);
#3473=IFCPROPERTYSINGLEVALUE('relatieveHoogteligging',$,IFCREAL(0.),$);
#3474=IFCPROPERTYSINGLEVALUE('bgt-status',$,IFCLABEL('bestaand'),$);
#3475=IFCPROPERTYSINGLEVALUE('plus-type',$,IFCLABEL('niet-bgt:boom'),$);
#3476=IFCPROPERTYSET('3Eujvc5UnAjhlsIYpoX4VG',#5,'CPset_BGT',$,(#3467,#3468,#3469,#3470,#3471,#3472,#3473,#3474,#3475));
#3477=IFCPROPERTYSINGLEVALUE('objectBegintijd',$,IFCLABEL('1317679200000'),$);
#3478=IFCPROPERTYSINGLEVALUE('identificatie',$,IFCIDENTIFIER('NL.IMGeo.G0772.4edbcf45d82048f7a3d63e68557505a4'),$);
#3479=IFCPROPERTYSINGLEVALUE('tijdstipRegistratie',$,IFCLABEL('1452169524000'),$);
#3480=IFCPROPERTYSINGLEVALUE('LV-publicatiedatum',$,IFCLABEL('1459857343000'),$);
#3481=IFCPROPERTYSINGLEVALUE('bronhouder',$,IFCLABEL('G0772'),$);
#3482=IFCPROPERTYSINGLEVALUE('inOnderzoek',$,IFCBOOLEAN(.T.),$);
#3483=IFCPROPERTYSINGLEVALUE('relatieveHoogteligging',$,IFCREAL(0.),$);
#3484=IFCPROPERTYSINGLEVALUE('bgt-status',$,IFCLABEL('bestaand'),$);
#3485=IFCPROPERTYSINGLEVALUE('plus-type',$,IFCLABEL('niet-bgt:boom'),$);
#3486=IFCPROPERTYSET('13dCVycgT4LhA3sw6O_4DC',#5,'CPset_BGT',$,(#3477,#3478,#3479,#3480,#3481,#3482,#3483,#3484,#3485));
#3487=IFCPROPERTYSINGLEVALUE('objectBegintijd',$,IFCLABEL('1361746800000'),$);
#3488=IFCPROPERTYSINGLEVALUE('identificatie',$,IFCIDENTIFIER('NL.IMGeo.G0772.4fe9d9389708477e885b51d8cd09036c'),$);
#3489=IFCPROPERTYSINGLEVALUE('tijdstipRegistratie',$,IFCLABEL('1452169524000'),$);
#3490=IFCPROPERTYSINGLEVALUE('LV-publicatiedatum',$,IFCLABEL('1459857343000'),$);
#3491=IFCPROPERTYSINGLEVALUE('bronhouder',$,IFCLABEL('G0772'),$);
#3492=IFCPROPERTYSINGLEVALUE('inOnderzoek',$,IFCBOOLEAN(.T.),$);
#3493=IFCPROPERTYSINGLEVALUE('relatieveHoogteligging',$,IFCREAL(0.),$);
#3494=IFCPROPERTYSINGLEVALUE('bgt-status',$,IFCLABEL('bestaand'),$);
#3495=IFCPROPERTYSINGLEVALUE('plus-type',$,IFCLABEL('niet-bgt:boom'),$);
#3496=IFCPROPERTYSET('24Yh8TvX9FMgcXAzZWp149',#5,'CPset_BGT',$,(#3487,#3488,#3489,#3490,#3491,#3492,#3493,#3494,#3495));
#3497=IFCPROPERTYSINGLEVALUE('objectBegintijd',$,IFCLABEL('1317679200000'),$);
#3498=IFCPROPERTYSINGLEVALUE('identificatie',$,IFCIDENTIFIER('NL.IMGeo.G0772.55ad976de2be48a0a800ab6c15953dbd'),$);
#3499=IFCPROPERTYSINGLEVALUE('tijdstipRegistratie',$,IFCLABEL('1452169524000'),$);
#3500=IFCPROPERTYSINGLEVALUE('LV-publicatiedatum',$,IFCLABEL('1459857343000'),$);
#3501=IFCPROPERTYSINGLEVALUE('bronhouder',$,IFCLABEL('G0772'),$);
#3502=IFCPROPERTYSINGLEVALUE('inOnderzoek',$,IFCBOOLEAN(.T.),$);
#3503=IFCPROPERTYSINGLEVALUE('relatieveHoogteligging',$,IFCREAL(0.),$);
#3504=IFCPROPERTYSINGLEVALUE('bgt-status',$,IFCLABEL('bestaand'),$);
#3505=IFCPROPERTYSINGLEVALUE('plus-type',$,IFCLABEL('niet-bgt:boom'),$);
#3506=IFCPROPERTYSET('0mFSYAxxX3perzpOjFIQeJ',#5,'CPset_BGT',$,(#3497,#3498,#3499,#3500,#3501,#3502,#3503,#3504,#3505));
#3507=IFCPROPERTYSINGLEVALUE('objectBegintijd',$,IFCLABEL('1349906400000'),$);
#3508=IFCPROPERTYSINGLEVALUE('identificatie',$,IFCIDENTIFIER('NL.IMGeo.G0772.5687f34ccd854d379ae9262e33d7b0cb'),$);
#3509=IFCPROPERTYSINGLEVALUE('tijdstipRegistratie',$,IFCLABEL('1452169524000'),$);
#3510=IFCPROPERTYSINGLEVALUE('LV-publicatiedatum',$,IFCLABEL('1459857343000'),$);
#3511=IFCPROPERTYSINGLEVALUE('bronhouder',$,IFCLABEL('G0772'),$);
#3512=IFCPROPERTYSINGLEVALUE('inOnderzoek',$,IFCBOOLEAN(.T.),$);
#3513=IFCPROPERTYSINGLEVALUE('relatieveHoogteligging',$,IFCREAL(0.),$);
#3514=IFCPROPERTYSINGLEVALUE('bgt-status',$,IFCLABEL('bestaand'),$);
#3515=IFCPROPERTYSINGLEVALUE('plus-type',$,IFCLABEL('niet-bgt:boom'),$);
#3516=IFCPROPERTYSET('3288tzJqn5xhimz610MvqZ',#5,'CPset_BGT',$,(#3507,#3508,#3509,#3510,#3511,#3512,#3513,#3514,#3515));
#3517=IFCPROPERTYSINGLEVALUE('objectBegintijd',$,IFCLABEL('1349906400000'),$);
#3518=IFCPROPERTYSINGLEVALUE('identificatie',$,IFCIDENTIFIER('NL.IMGeo.G0772.56c8b952cbfb431d9d13a88a5ea4e2ec'),$);
#3519=IFCPROPERTYSINGLEVALUE('tijdstipRegistratie',$,IFCLABEL('1452169524000'),$);
#3520=IFCPROPERTYSINGLEVALUE('LV-publicatiedatum',$,IFCLABEL('1459857343000'),$);
#3521=IFCPROPERTYSINGLEVALUE('bronhouder',$,IFCLABEL('G0772'),$);
#3522=IFCPROPERTYSINGLEVALUE('inOnderzoek',$,IFCBOOLEAN(.T.),$);
#3523=IFCPROPERTYSINGLEVALUE('relatieveHoogteligging',$,IFCREAL(0.),$);
#3524=IFCPROPERTYSINGLEVALUE('bgt-status',$,IFCLABEL('bestaand'),$);
#3525=IFCPROPERTYSINGLEVALUE('plus-type',$,IFCLABEL('niet-bgt:boom'),$);
#3526=IFCPROPERTYSET('3g$T3Y9RL0C8He5ZKRFq50',#5,'CPset_BGT',$,(#3517,#3518,#3519,#3520,#3521,#3522,#3523,#3524,#3525));
#3527=IFCPROPERTYSINGLEVALUE('objectBegintijd',$,IFCLABEL('1336428000000'),$);
#3528=IFCPROPERTYSINGLEVALUE('identificatie',$,IFCIDENTIFIER('NL.IMGeo.G0772.5703893c613840b193425ba27bb2f6a9'),$);
#3529=IFCPROPERTYSINGLEVALUE('tijdstipRegistratie',$,IFCLABEL('1452169524000'),$);
#3530=IFCPROPERTYSINGLEVALUE('LV-publicatiedatum',$,IFCLABEL('1459857343000'),$);
#3531=IFCPROPERTYSINGLEVALUE('bronhouder',$,IFCLABEL('G0772'),$);
#3532=IFCPROPERTYSINGLEVALUE('inOnderzoek',$,IFCBOOLEAN(.T.),$);
#3533=IFCPROPERTYSINGLEVALUE('relatieveHoogteligging',$,IFCREAL(0.),$);
#3534=IFCPROPERTYSINGLEVALUE('bgt-status',$,IFCLABEL('bestaand'),$);
#3535=IFCPROPERTYSINGLEVALUE('plus-type',$,IFCLABEL('niet-bgt:boom'),$);
#3536=IFCPROPERTYSET('3F0ek7N6DBThUX2vE2BnaF',#5,'CPset_BGT',$,(#3527,#3528,#3529,#3530,#3531,#3532,#3533,#3534,#3535));
#3537=IFCPROPERTYSINGLEVALUE('objectBegintijd',$,IFCLABEL('1349906400000'),$);
#3538=IFCPROPERTYSINGLEVALUE('identificatie',$,IFCIDENTIFIER('NL.IMGeo.G0772.57dbc32020fe4f948731f66652d0cc3f'),$);
#3539=IFCPROPERTYSINGLEVALUE('tijdstipRegistratie',$,IFCLABEL('1452169524000'),$);
#3540=IFCPROPERTYSINGLEVALUE('LV-publicatiedatum',$,IFCLABEL('1459857343000'),$);
#3541=IFCPROPERTYSINGLEVALUE('bronhouder',$,IFCLABEL('G0772'),$);
#3542=IFCPROPERTYSINGLEVALUE('inOnderzoek',$,IFCBOOLEAN(.T.),$);
#3543=IFCPROPERTYSINGLEVALUE('relatieveHoogteligging',$,IFCREAL(0.),$);
#3544=IFCPROPERTYSINGLEVALUE('bgt-status',$,IFCLABEL('bestaand'),$);
#3545=IFCPROPERTYSINGLEVALUE('plus-type',$,IFCLABEL('niet-bgt:boom'),$);
#3546=IFCPROPERTYSET('0qHZxouub40ufa1HE0G$f5',#5,'CPset_BGT',$,(#3537,#3538,#3539,#3540,#3541,#3542,#3543,#3544,#3545));
#3547=IFCPROPERTYSINGLEVALUE('objectBegintijd',$,IFCLABEL('1349906400000'),$);
#3548=IFCPROPERTYSINGLEVALUE('identificatie',$,IFCIDENTIFIER('NL.IMGeo.G0772.57f7acab8e7e4011a4d071c7dd7c4c12'),$);
#3549=IFCPROPERTYSINGLEVALUE('tijdstipRegistratie',$,IFCLABEL('1452169524000'),$);
#3550=IFCPROPERTYSINGLEVALUE('LV-publicatiedatum',$,IFCLABEL('1459857343000'),$);
#3551=IFCPROPERTYSINGLEVALUE('bronhouder',$,IFCLABEL('G0772'),$);
#3552=IFCPROPERTYSINGLEVALUE('inOnderzoek',$,IFCBOOLEAN(.T.),$);
#3553=IFCPROPERTYSINGLEVALUE('relatieveHoogteligging',$,IFCREAL(0.),$);
#3554=IFCPROPERTYSINGLEVALUE('bgt-status',$,IFCLABEL('bestaand'),$);
#3555=IFCPROPERTYSINGLEVALUE('plus-type',$,IFCLABEL('niet-bgt:boom'),$);
#3556=IFCPROPERTYSET('0KBZLEIjH9Pxk4BGB4Kcpq',#5,'CPset_BGT',$,(#3547,#3548,#3549,#3550,#3551,#3552,#3553,#3554,#3555));
#3557=IFCPROPERTYSINGLEVALUE('objectBegintijd',$,IFCLABEL('1361746800000'),$);
#3558=IFCPROPERTYSINGLEVALUE('identificatie',$,IFCIDENTIFIER('NL.IMGeo.G0772.5ac7f49babbc477f8a1f49acee49839a'),$);
#3559=IFCPROPERTYSINGLEVALUE('tijdstipRegistratie',$,IFCLABEL('1452169524000'),$);
#3560=IFCPROPERTYSINGLEVALUE('LV-publicatiedatum',$,IFCLABEL('1459857343000'),$);
#3561=IFCPROPERTYSINGLEVALUE('bronhouder',$,IFCLABEL('G0772'),$);
#3562=IFCPROPERTYSINGLEVALUE('inOnderzoek',$,IFCBOOLEAN(.T.),$);
#3563=IFCPROPERTYSINGLEVALUE('relatieveHoogteligging',$,IFCREAL(0.),$);
#3564=IFCPROPERTYSINGLEVALUE('bgt-status',$,IFCLABEL('bestaand'),$);
#3565=IFCPROPERTYSINGLEVALUE('plus-type',$,IFCLABEL('niet-bgt:boom'),$);
#3566=IFCPROPERTYSET('1Do_olZf98e9g3ymYzadH7',#5,'CPset_BGT',$,(#3557,#3558,#3559,#3560,#3561,#3562,#3563,#3564,#3565));
#3567=IFCPROPERTYSINGLEVALUE('objectBegintijd',$,IFCLABEL('1349906400000'),$);
#3568=IFCPROPERTYSINGLEVALUE('identificatie',$,IFCIDENTIFIER('NL.IMGeo.G0772.5bc62387102b4c7d8f0c9c3061db998e'),$);
#3569=IFCPROPERTYSINGLEVALUE('tijdstipRegistratie',$,IFCLABEL('1452169524000'),$);
#3570=IFCPROPERTYSINGLEVALUE('LV-publicatiedatum',$,IFCLABEL('1459857343000'),$);
#3571=IFCPROPERTYSINGLEVALUE('bronhouder',$,IFCLABEL('G0772'),$);
#3572=IFCPROPERTYSINGLEVALUE('inOnderzoek',$,IFCBOOLEAN(.T.),$);
#3573=IFCPROPERTYSINGLEVALUE('relatieveHoogteligging',$,IFCREAL(0.),$);
#3574=IFCPROPERTYSINGLEVALUE('bgt-status',$,IFCLABEL('bestaand'),$);
#3575=IFCPROPERTYSINGLEVALUE('plus-type',$,IFCLABEL('niet-bgt:boom'),$);
#3576=IFCPROPERTYSET('02BcAb1dj1CwbhoSAegQg9',#5,'CPset_BGT',$,(#3567,#3568,#3569,#3570,#3571,#3572,#3573,#3574,#3575));
#3577=IFCPROPERTYSINGLEVALUE('objectBegintijd',$,IFCLABEL('1317679200000'),$);
#3578=IFCPROPERTYSINGLEVALUE('identificatie',$,IFCIDENTIFIER('NL.IMGeo.G0772.5cf9aa9cbe1b445eab3936816d791c72'),$);
#3579=IFCPROPERTYSINGLEVALUE('tijdstipRegistratie',$,IFCLABEL('1452169524000'),$);
#3580=IFCPROPERTYSINGLEVALUE('LV-publicatiedatum',$,IFCLABEL('1459857343000'),$);
#3581=IFCPROPERTYSINGLEVALUE('bronhouder',$,IFCLABEL('G0772'),$);
#3582=IFCPROPERTYSINGLEVALUE('inOnderzoek',$,IFCBOOLEAN(.T.),$);
#3583=IFCPROPERTYSINGLEVALUE('relatieveHoogteligging',$,IFCREAL(0.),$);
#3584=IFCPROPERTYSINGLEVALUE('bgt-status',$,IFCLABEL('bestaand'),$);
#3585=IFCPROPERTYSINGLEVALUE('plus-type',$,IFCLABEL('niet-bgt:boom'),$);
#3586=IFCPROPERTYSET('0EIQde02L64gNadAKw6Z96',#5,'CPset_BGT',$,(#3577,#3578,#3579,#3580,#3581,#3582,#3583,#3584,#3585));
#3587=IFCPROPERTYSINGLEVALUE('objectBegintijd',$,IFCLABEL('1336428000000'),$);
#3588=IFCPROPERTYSINGLEVALUE('identificatie',$,IFCIDENTIFIER('NL.IMGeo.G0772.5d26604488d944a6a859337d8af46b88'),$);
#3589=IFCPROPERTYSINGLEVALUE('tijdstipRegistratie',$,IFCLABEL('1452169524000'),$);
#3590=IFCPROPERTYSINGLEVALUE('LV-publicatiedatum',$,IFCLABEL('1459857343000'),$);
#3591=IFCPROPERTYSINGLEVALUE('bronhouder',$,IFCLABEL('G0772'),$);
#3592=IFCPROPERTYSINGLEVALUE('inOnderzoek',$,IFCBOOLEAN(.T.),$);
#3593=IFCPROPERTYSINGLEVALUE('relatieveHoogteligging',$,IFCREAL(0.),$);
#3594=IFCPROPERTYSINGLEVALUE('bgt-status',$,IFCLABEL('bestaand'),$);
#3595=IFCPROPERTYSINGLEVALUE('plus-type',$,IFCLABEL('niet-bgt:boom'),$);
#3596=IFCPROPERTYSET('3tCKCQfUj6K9IC17FN3DFN',#5,'CPset_BGT',$,(#3587,#3588,#3589,#3590,#3591,#3592,#3593,#3594,#3595));
#3597=IFCPROPERTYSINGLEVALUE('objectBegintijd',$,IFCLABEL('1349906400000'),$);
#3598=IFCPROPERTYSINGLEVALUE('identificatie',$,IFCIDENTIFIER('NL.IMGeo.G0772.5dc6485813264560bcc57b05476cdabe'),$);
#3599=IFCPROPERTYSINGLEVALUE('tijdstipRegistratie',$,IFCLABEL('1452169524000'),$);
#3600=IFCPROPERTYSINGLEVALUE('LV-publicatiedatum',$,IFCLABEL('1459857343000'),$);
#3601=IFCPROPERTYSINGLEVALUE('bronhouder',$,IFCLABEL('G0772'),$);
#3602=IFCPROPERTYSINGLEVALUE('inOnderzoek',$,IFCBOOLEAN(.T.),$);
#3603=IFCPROPERTYSINGLEVALUE('relatieveHoogteligging',$,IFCREAL(0.),$);
#3604=IFCPROPERTYSINGLEVALUE('bgt-status',$,IFCLABEL('bestaand'),$);
#3605=IFCPROPERTYSINGLEVALUE('plus-type',$,IFCLABEL('niet-bgt:boom'),$);
#3606=IFCPROPERTYSET('1W3yKGLij94xsUlrFnCf_y',#5,'CPset_BGT',$,(#3597,#3598,#3599,#3600,#3601,#3602,#3603,#3604,#3605));
#3607=IFCPROPERTYSINGLEVALUE('objectBegintijd',$,IFCLABEL('1336428000000'),$);
#3608=IFCPROPERTYSINGLEVALUE('identificatie',$,IFCIDENTIFIER('NL.IMGeo.G0772.5e42a1b4a03b4172a5dd5468be9317ac'),$);
#3609=IFCPROPERTYSINGLEVALUE('tijdstipRegistratie',$,IFCLABEL('1452169524000'),$);
#3610=IFCPROPERTYSINGLEVALUE('LV-publicatiedatum',$,IFCLABEL('1459857343000'),$);
#3611=IFCPROPERTYSINGLEVALUE('bronhouder',$,IFCLABEL('G0772'),$);
#3612=IFCPROPERTYSINGLEVALUE('inOnderzoek',$,IFCBOOLEAN(.T.),$);
#3613=IFCPROPERTYSINGLEVALUE('relatieveHoogteligging',$,IFCREAL(0.),$);
#3614=IFCPROPERTYSINGLEVALUE('bgt-status',$,IFCLABEL('bestaand'),$);
#3615=IFCPROPERTYSINGLEVALUE('plus-type',$,IFCLABEL('niet-bgt:boom'),$);
#3616=IFCPROPERTYSET('3mhTKCBIP2z8iIcV$28p$D',#5,'CPset_BGT',$,(#3607,#3608,#3609,#3610,#3611,#3612,#3613,#3614,#3615));
#3617=IFCPROPERTYSINGLEVALUE('objectBegintijd',$,IFCLABEL('1317679200000'),$);
#3618=IFCPROPERTYSINGLEVALUE('identificatie',$,IFCIDENTIFIER('NL.IMGeo.G0772.648e4de9722f42eb896910b0862c8d0b'),$);
#3619=IFCPROPERTYSINGLEVALUE('tijdstipRegistratie',$,IFCLABEL('1452169524000'),$);
#3620=IFCPROPERTYSINGLEVALUE('LV-publicatiedatum',$,IFCLABEL('1459857343000'),$);
#3621=IFCPROPERTYSINGLEVALUE('bronhouder',$,IFCLABEL('G0772'),$);
#3622=IFCPROPERTYSINGLEVALUE('inOnderzoek',$,IFCBOOLEAN(.T.),$);
#3623=IFCPROPERTYSINGLEVALUE('relatieveHoogteligging',$,IFCREAL(0.),$);
#3624=IFCPROPERTYSINGLEVALUE('bgt-status',$,IFCLABEL('bestaand'),$);
#3625=IFCPROPERTYSINGLEVALUE('plus-type',$,IFCLABEL('niet-bgt:boom'),$);
#3626=IFCPROPERTYSET('0OoiNr_j55vgBRnq12A29p',#5,'CPset_BGT',$,(#3617,#3618,#3619,#3620,#3621,#3622,#3623,#3624,#3625));
#3627=IFCPROPERTYSINGLEVALUE('objectBegintijd',$,IFCLABEL('1428357600000'),$);
#3628=IFCPROPERTYSINGLEVALUE('identificatie',$,IFCIDENTIFIER('NL.IMGeo.G0772.654b0c1c9ace415bb3409e2677930fe9'),$);
#3629=IFCPROPERTYSINGLEVALUE('tijdstipRegistratie',$,IFCLABEL('1452169524000'),$);
#3630=IFCPROPERTYSINGLEVALUE('LV-publicatiedatum',$,IFCLABEL('1459857343000'),$);
#3631=IFCPROPERTYSINGLEVALUE('bronhouder',$,IFCLABEL('G0772'),$);
#3632=IFCPROPERTYSINGLEVALUE('inOnderzoek',$,IFCBOOLEAN(.T.),$);
#3633=IFCPROPERTYSINGLEVALUE('relatieveHoogteligging',$,IFCREAL(0.),$);
#3634=IFCPROPERTYSINGLEVALUE('bgt-status',$,IFCLABEL('bestaand'),$);
#3635=IFCPROPERTYSINGLEVALUE('plus-type',$,IFCLABEL('niet-bgt:boom'),$);
#3636=IFCPROPERTYSET('0lhUMWCij2wPap0rL6SEYb',#5,'CPset_BGT',$,(#3627,#3628,#3629,#3630,#3631,#3632,#3633,#3634,#3635));
#3637=IFCPROPERTYSINGLEVALUE('objectBegintijd',$,IFCLABEL('1349906400000'),$);
#3638=IFCPROPERTYSINGLEVALUE('identificatie',$,IFCIDENTIFIER('NL.IMGeo.G0772.6765452b89cb4634975fda0ebb2217ac'),$);
#3639=IFCPROPERTYSINGLEVALUE('tijdstipRegistratie',$,IFCLABEL('1452169524000'),$);
#3640=IFCPROPERTYSINGLEVALUE('LV-publicatiedatum',$,IFCLABEL('1459857343000'),$);
#3641=IFCPROPERTYSINGLEVALUE('bronhouder',$,IFCLABEL('G0772'),$);
#3642=IFCPROPERTYSINGLEVALUE('inOnderzoek',$,IFCBOOLEAN(.T.),$);
#3643=IFCPROPERTYSINGLEVALUE('relatieveHoogteligging',$,IFCREAL(0.),$);
#3644=IFCPROPERTYSINGLEVALUE('bgt-status',$,IFCLABEL('bestaand'),$);
#3645=IFCPROPERTYSINGLEVALUE('plus-type',$,IFCLABEL('niet-bgt:boom'),$);
#3646=IFCPROPERTYSET('1n0zYePxXDvQjTFQNc1_Ia',#5,'CPset_BGT',$,(#3637,#3638,#3639,#3640,#3641,#3642,#3643,#3644,#3645));
#3647=IFCPROPERTYSINGLEVALUE('objectBegintijd',$,IFCLABEL('1349906400000'),$);
#3648=IFCPROPERTYSINGLEVALUE('identificatie',$,IFCIDENTIFIER('NL.IMGeo.G0772.698fd11cb99547268f92d2035a55b24d'),$);
#3649=IFCPROPERTYSINGLEVALUE('tijdstipRegistratie',$,IFCLABEL('1452169524000'),$);
#3650=IFCPROPERTYSINGLEVALUE('LV-publicatiedatum',$,IFCLABEL('1459857343000'),$);
#3651=IFCPROPERTYSINGLEVALUE('bronhouder',$,IFCLABEL('G0772'),$);
#3652=IFCPROPERTYSINGLEVALUE('inOnderzoek',$,IFCBOOLEAN(.T.),$);
#3653=IFCPROPERTYSINGLEVALUE('relatieveHoogteligging',$,IFCREAL(0.),$);
#3654=IFCPROPERTYSINGLEVALUE('bgt-status',$,IFCLABEL('bestaand'),$);
#3655=IFCPROPERTYSINGLEVALUE('plus-type',$,IFCLABEL('niet-bgt:boom'),$);
#3656=IFCPROPERTYSET('2XqRpmqsbCKgqdQBLb5F6k',#5,'CPset_BGT',$,(#3647,#3648,#3649,#3650,#3651,#3652,#3653,#3654,#3655));
#3657=IFCPROPERTYSINGLEVALUE('objectBegintijd',$,IFCLABEL('1317679200000'),$);
#3658=IFCPROPERTYSINGLEVALUE('identificatie',$,IFCIDENTIFIER('NL.IMGeo.G0772.6c558c2b15104d639eb120dc4c250ef1'),$);
#3659=IFCPROPERTYSINGLEVALUE('tijdstipRegistratie',$,IFCLABEL('1452169524000'),$);
#3660=IFCPROPERTYSINGLEVALUE('LV-publicatiedatum',$,IFCLABEL('1459857343000'),$);
#3661=IFCPROPERTYSINGLEVALUE('bronhouder',$,IFCLABEL('G0772'),$);
#3662=IFCPROPERTYSINGLEVALUE('inOnderzoek',$,IFCBOOLEAN(.T.),$);
#3663=IFCPROPERTYSINGLEVALUE('relatieveHoogteligging',$,IFCREAL(0.),$);
#3664=IFCPROPERTYSINGLEVALUE('bgt-status',$,IFCLABEL('bestaand'),$);
#3665=IFCPROPERTYSINGLEVALUE('plus-type',$,IFCLABEL('niet-bgt:boom'),$);
#3666=IFCPROPERTYSET('0zHR411Vv4NPAusL5GT5cE',#5,'CPset_BGT',$,(#3657,#3658,#3659,#3660,#3661,#3662,#3663,#3664,#3665));
#3667=IFCPROPERTYSINGLEVALUE('objectBegintijd',$,IFCLABEL('1349906400000'),$);
#3668=IFCPROPERTYSINGLEVALUE('identificatie',$,IFCIDENTIFIER('NL.IMGeo.G0772.6e61f9c58ada4f0ab04c040079284014'),$);
#3669=IFCPROPERTYSINGLEVALUE('tijdstipRegistratie',$,IFCLABEL('1452169524000'),$);
#3670=IFCPROPERTYSINGLEVALUE('LV-publicatiedatum',$,IFCLABEL('1459857343000'),$);
#3671=IFCPROPERTYSINGLEVALUE('bronhouder',$,IFCLABEL('G0772'),$);
#3672=IFCPROPERTYSINGLEVALUE('inOnderzoek',$,IFCBOOLEAN(.T.),$);
#3673=IFCPROPERTYSINGLEVALUE('relatieveHoogteligging',$,IFCREAL(0.),$);
#3674=IFCPROPERTYSINGLEVALUE('bgt-status',$,IFCLABEL('bestaand'),$);
#3675=IFCPROPERTYSINGLEVALUE('plus-type',$,IFCLABEL('niet-bgt:boom'),$);
#3676=IFCPROPERTYSET('1Xmh9IhUrFGxAY$8ZKaM75',#5,'CPset_BGT',$,(#3667,#3668,#3669,#3670,#3671,#3672,#3673,#3674,#3675));
#3677=IFCPROPERTYSINGLEVALUE('objectBegintijd',$,IFCLABEL('1317679200000'),$);
#3678=IFCPROPERTYSINGLEVALUE('identificatie',$,IFCIDENTIFIER('NL.IMGeo.G0772.72a5b94980154f44872c73323cfc8846'),$);
#3679=IFCPROPERTYSINGLEVALUE('tijdstipRegistratie',$,IFCLABEL('1452169524000'),$);
#3680=IFCPROPERTYSINGLEVALUE('LV-publicatiedatum',$,IFCLABEL('1459857343000'),$);
#3681=IFCPROPERTYSINGLEVALUE('bronhouder',$,IFCLABEL('G0772'),$);
#3682=IFCPROPERTYSINGLEVALUE('inOnderzoek',$,IFCBOOLEAN(.T.),$);
#3683=IFCPROPERTYSINGLEVALUE('relatieveHoogteligging',$,IFCREAL(0.),$);
#3684=IFCPROPERTYSINGLEVALUE('bgt-status',$,IFCLABEL('bestaand'),$);
#3685=IFCPROPERTYSINGLEVALUE('plus-type',$,IFCLABEL('niet-bgt:boom'),$);
#3686=IFCPROPERTYSET('0$z5X_f_H76AtEddkcLEgQ',#5,'CPset_BGT',$,(#3677,#3678,#3679,#3680,#3681,#3682,#3683,#3684,#3685));
#3687=IFCPROPERTYSINGLEVALUE('objectBegintijd',$,IFCLABEL('1317679200000'),$);
#3688=IFCPROPERTYSINGLEVALUE('identificatie',$,IFCIDENTIFIER('NL.IMGeo.G0772.75fa55e099ba46918e492ec38e77b6c7'),$);
#3689=IFCPROPERTYSINGLEVALUE('tijdstipRegistratie',$,IFCLABEL('1452169524000'),$);
#3690=IFCPROPERTYSINGLEVALUE('LV-publicatiedatum',$,IFCLABEL('1459857343000'),$);
#3691=IFCPROPERTYSINGLEVALUE('bronhouder',$,IFCLABEL('G0772'),$);
#3692=IFCPROPERTYSINGLEVALUE('inOnderzoek',$,IFCBOOLEAN(.T.),$);
#3693=IFCPROPERTYSINGLEVALUE('relatieveHoogteligging',$,IFCREAL(0.),$);
#3694=IFCPROPERTYSINGLEVALUE('bgt-status',$,IFCLABEL('bestaand'),$);
#3695=IFCPROPERTYSINGLEVALUE('plus-type',$,IFCLABEL('niet-bgt:boom'),$);
#3696=IFCPROPERTYSET('180Vt3NN92we7KacUs5sEu',#5,'CPset_BGT',$,(#3687,#3688,#3689,#3690,#3691,#3692,#3693,#3694,#3695));
#3697=IFCPROPERTYSINGLEVALUE('objectBegintijd',$,IFCLABEL('1349906400000'),$);
#3698=IFCPROPERTYSINGLEVALUE('identificatie',$,IFCIDENTIFIER('NL.IMGeo.G0772.79e957e517f24f579773b9409b0acf5e'),$);
#3699=IFCPROPERTYSINGLEVALUE('tijdstipRegistratie',$,IFCLABEL('1452169524000'),$);
#3700=IFCPROPERTYSINGLEVALUE('LV-publicatiedatum',$,IFCLABEL('1459857343000'),$);
#3701=IFCPROPERTYSINGLEVALUE('bronhouder',$,IFCLABEL('G0772'),$);
#3702=IFCPROPERTYSINGLEVALUE('inOnderzoek',$,IFCBOOLEAN(.T.),$);
#3703=IFCPROPERTYSINGLEVALUE('relatieveHoogteligging',$,IFCREAL(0.),$);
#3704=IFCPROPERTYSINGLEVALUE('bgt-status',$,IFCLABEL('bestaand'),$);
#3705=IFCPROPERTYSINGLEVALUE('plus-type',$,IFCLABEL('niet-bgt:boom'),$);
#3706=IFCPROPERTYSET('3eB7lrefT0cgRxn5KMiyyf',#5,'CPset_BGT',$,(#3697,#3698,#3699,#3700,#3701,#3702,#3703,#3704,#3705));
#3707=IFCPROPERTYSINGLEVALUE('objectBegintijd',$,IFCLABEL('1428357600000'),$);
#3708=IFCPROPERTYSINGLEVALUE('identificatie',$,IFCIDENTIFIER('NL.IMGeo.G0772.79c26eb596af491d8b3ef03763afcc08'),$);
#3709=IFCPROPERTYSINGLEVALUE('tijdstipRegistratie',$,IFCLABEL('1452169524000'),$);
#3710=IFCPROPERTYSINGLEVALUE('LV-publicatiedatum',$,IFCLABEL('1459857343000'),$);
#3711=IFCPROPERTYSINGLEVALUE('bronhouder',$,IFCLABEL('G0772'),$);
#3712=IFCPROPERTYSINGLEVALUE('inOnderzoek',$,IFCBOOLEAN(.T.),$);
#3713=IFCPROPERTYSINGLEVALUE('relatieveHoogteligging',$,IFCREAL(0.),$);
#3714=IFCPROPERTYSINGLEVALUE('bgt-status',$,IFCLABEL('bestaand'),$);
#3715=IFCPROPERTYSINGLEVALUE('plus-type',$,IFCLABEL('niet-bgt:boom'),$);
#3716=IFCPROPERTYSET('0zvcr90Ef7gOS4CvHXiO1f',#5,'CPset_BGT',$,(#3707,#3708,#3709,#3710,#3711,#3712,#3713,#3714,#3715));
#3717=IFCPROPERTYSINGLEVALUE('objectBegintijd',$,IFCLABEL('1428357600000'),$);
#3718=IFCPROPERTYSINGLEVALUE('identificatie',$,IFCIDENTIFIER('NL.IMGeo.G0772.80080c533b1845adb8af50c1cab44254'),$);
#3719=IFCPROPERTYSINGLEVALUE('tijdstipRegistratie',$,IFCLABEL('1452169524000'),$);
#3720=IFCPROPERTYSINGLEVALUE('LV-publicatiedatum',$,IFCLABEL('1459857343000'),$);
#3721=IFCPROPERTYSINGLEVALUE('bronhouder',$,IFCLABEL('G0772'),$);
#3722=IFCPROPERTYSINGLEVALUE('inOnderzoek',$,IFCBOOLEAN(.T.),$);
#3723=IFCPROPERTYSINGLEVALUE('relatieveHoogteligging',$,IFCREAL(0.),$);
#3724=IFCPROPERTYSINGLEVALUE('bgt-status',$,IFCLABEL('bestaand'),$);
#3725=IFCPROPERTYSINGLEVALUE('plus-type',$,IFCLABEL('niet-bgt:boom'),$);
#3726=IFCPROPERTYSET('2gO4WC1Rv0RfLP_WtTCAyg',#5,'CPset_BGT',$,(#3717,#3718,#3719,#3720,#3721,#3722,#3723,#3724,#3725));
#3727=IFCPROPERTYSINGLEVALUE('objectBegintijd',$,IFCLABEL('1349906400000'),$);
#3728=IFCPROPERTYSINGLEVALUE('identificatie',$,IFCIDENTIFIER('NL.IMGeo.G0772.813bb20ccb8d4720920256dc6152d561'),$);
#3729=IFCPROPERTYSINGLEVALUE('tijdstipRegistratie',$,IFCLABEL('1452169524000'),$);
#3730=IFCPROPERTYSINGLEVALUE('LV-publicatiedatum',$,IFCLABEL('1459857343000'),$);
#3731=IFCPROPERTYSINGLEVALUE('bronhouder',$,IFCLABEL('G0772'),$);
#3732=IFCPROPERTYSINGLEVALUE('inOnderzoek',$,IFCBOOLEAN(.T.),$);
#3733=IFCPROPERTYSINGLEVALUE('relatieveHoogteligging',$,IFCREAL(0.),$);
#3734=IFCPROPERTYSINGLEVALUE('bgt-status',$,IFCLABEL('bestaand'),$);
#3735=IFCPROPERTYSINGLEVALUE('plus-type',$,IFCLABEL('niet-bgt:boom'),$);
#3736=IFCPROPERTYSET('1phaIN0nn1Dh8H9kKrCUF0',#5,'CPset_BGT',$,(#3727,#3728,#3729,#3730,#3731,#3732,#3733,#3734,#3735));
#3737=IFCPROPERTYSINGLEVALUE('objectBegintijd',$,IFCLABEL('1349906400000'),$);
#3738=IFCPROPERTYSINGLEVALUE('identificatie',$,IFCIDENTIFIER('NL.IMGeo.G0772.81da411f22c24e5397308e3447dacb50'),$);
#3739=IFCPROPERTYSINGLEVALUE('tijdstipRegistratie',$,IFCLABEL('1452169524000'),$);
#3740=IFCPROPERTYSINGLEVALUE('LV-publicatiedatum',$,IFCLABEL('1459857343000'),$);
#3741=IFCPROPERTYSINGLEVALUE('bronhouder',$,IFCLABEL('G0772'),$);
#3742=IFCPROPERTYSINGLEVALUE('inOnderzoek',$,IFCBOOLEAN(.T.),$);
#3743=IFCPROPERTYSINGLEVALUE('relatieveHoogteligging',$,IFCREAL(0.),$);
#3744=IFCPROPERTYSINGLEVALUE('bgt-status',$,IFCLABEL('bestaand'),$);
#3745=IFCPROPERTYSINGLEVALUE('plus-type',$,IFCLABEL('niet-bgt:boom'),$);
#3746=IFCPROPERTYSET('2gWQkm6SX27xhUh3g6RZYo',#5,'CPset_BGT',$,(#3737,#3738,#3739,#3740,#3741,#3742,#3743,#3744,#3745));
#3747=IFCPROPERTYSINGLEVALUE('objectBegintijd',$,IFCLABEL('1317679200000'),$);
#3748=IFCPROPERTYSINGLEVALUE('identificatie',$,IFCIDENTIFIER('NL.IMGeo.G0772.81e1bd0d267e43ad9010eefdd2241a1b'),$);
#3749=IFCPROPERTYSINGLEVALUE('tijdstipRegistratie',$,IFCLABEL('1452169524000'),$);
#3750=IFCPROPERTYSINGLEVALUE('LV-publicatiedatum',$,IFCLABEL('1459857343000'),$);
#3751=IFCPROPERTYSINGLEVALUE('bronhouder',$,IFCLABEL('G0772'),$);
#3752=IFCPROPERTYSINGLEVALUE('inOnderzoek',$,IFCBOOLEAN(.T.),$);
#3753=IFCPROPERTYSINGLEVALUE('relatieveHoogteligging',$,IFCREAL(0.),$);
#3754=IFCPROPERTYSINGLEVALUE('bgt-status',$,IFCLABEL('bestaand'),$);
#3755=IFCPROPERTYSINGLEVALUE('plus-type',$,IFCLABEL('niet-bgt:boom'),$);
#3756=IFCPROPERTYSET('1iFb36Ww59xQFzjkajPdRt',#5,'CPset_BGT',$,(#3747,#3748,#3749,#3750,#3751,#3752,#3753,#3754,#3755));
#3757=IFCPROPERTYSINGLEVALUE('objectBegintijd',$,IFCLABEL('1336428000000'),$);
#3758=IFCPROPERTYSINGLEVALUE('identificatie',$,IFCIDENTIFIER('NL.IMGeo.G0772.820dfbc58083457fbda1fa256a409e6b'),$);
#3759=IFCPROPERTYSINGLEVALUE('tijdstipRegistratie',$,IFCLABEL('1452169524000'),$);
#3760=IFCPROPERTYSINGLEVALUE('LV-publicatiedatum',$,IFCLABEL('1459857343000'),$);
#3761=IFCPROPERTYSINGLEVALUE('bronhouder',$,IFCLABEL('G0772'),$);
#3762=IFCPROPERTYSINGLEVALUE('inOnderzoek',$,IFCBOOLEAN(.T.),$);
#3763=IFCPROPERTYSINGLEVALUE('relatieveHoogteligging',$,IFCREAL(0.),$);
#3764=IFCPROPERTYSINGLEVALUE('bgt-status',$,IFCLABEL('bestaand'),$);
#3765=IFCPROPERTYSINGLEVALUE('plus-type',$,IFCLABEL('niet-bgt:boom'),$);
#3766=IFCPROPERTYSET('0CdcWP0FT74hfJORlIfAUi',#5,'CPset_BGT',$,(#3757,#3758,#3759,#3760,#3761,#3762,#3763,#3764,#3765));
#3767=IFCPROPERTYSINGLEVALUE('objectBegintijd',$,IFCLABEL('1349906400000'),$);
#3768=IFCPROPERTYSINGLEVALUE('identificatie',$,IFCIDENTIFIER('NL.IMGeo.G0772.8321620d6d0f435396ec761f7bf2bb54'),$);
#3769=IFCPROPERTYSINGLEVALUE('tijdstipRegistratie',$,IFCLABEL('1452169524000'),$);
#3770=IFCPROPERTYSINGLEVALUE('LV-publicatiedatum',$,IFCLABEL('1459857343000'),$);
#3771=IFCPROPERTYSINGLEVALUE('bronhouder',$,IFCLABEL('G0772'),$);
#3772=IFCPROPERTYSINGLEVALUE('inOnderzoek',$,IFCBOOLEAN(.T.),$);
#3773=IFCPROPERTYSINGLEVALUE('relatieveHoogteligging',$,IFCREAL(0.),$);
#3774=IFCPROPERTYSINGLEVALUE('bgt-status',$,IFCLABEL('bestaand'),$);
#3775=IFCPROPERTYSINGLEVALUE('plus-type',$,IFCLABEL('niet-bgt:boom'),$);
#3776=IFCPROPERTYSET('2WXSqYinz4_uiIowMwwVd6',#5,'CPset_BGT',$,(#3767,#3768,#3769,#3770,#3771,#3772,#3773,#3774,#3775));
#3777=IFCPROPERTYSINGLEVALUE('objectBegintijd',$,IFCLABEL('1317679200000'),$);
#3778=IFCPROPERTYSINGLEVALUE('identificatie',$,IFCIDENTIFIER('NL.IMGeo.G0772.841a317cac374e978630162a406d8e51'),$);
#3779=IFCPROPERTYSINGLEVALUE('tijdstipRegistratie',$,IFCLABEL('1452169524000'),$);
#3780=IFCPROPERTYSINGLEVALUE('LV-publicatiedatum',$,IFCLABEL('1459857343000'),$);
#3781=IFCPROPERTYSINGLEVALUE('bronhouder',$,IFCLABEL('G0772'),$);
#3782=IFCPROPERTYSINGLEVALUE('inOnderzoek',$,IFCBOOLEAN(.T.),$);
#3783=IFCPROPERTYSINGLEVALUE('relatieveHoogteligging',$,IFCREAL(0.),$);
#3784=IFCPROPERTYSINGLEVALUE('bgt-status',$,IFCLABEL('bestaand'),$);
#3785=IFCPROPERTYSINGLEVALUE('plus-type',$,IFCLABEL('niet-bgt:boom'),$);
#3786=IFCPROPERTYSET('3F6ehEYijBqe61dLuYtCev',#5,'CPset_BGT',$,(#3777,#3778,#3779,#3780,#3781,#3782,#3783,#3784,#3785));
#3787=IFCPROPERTYSINGLEVALUE('objectBegintijd',$,IFCLABEL('1349906400000'),$);
#3788=IFCPROPERTYSINGLEVALUE('identificatie',$,IFCIDENTIFIER('NL.IMGeo.G0772.8b26ed7d68a54957bf4bfc73b6bacb2c'),$);
#3789=IFCPROPERTYSINGLEVALUE('tijdstipRegistratie',$,IFCLABEL('1452169524000'),$);
#3790=IFCPROPERTYSINGLEVALUE('LV-publicatiedatum',$,IFCLABEL('1459857343000'),$);
#3791=IFCPROPERTYSINGLEVALUE('bronhouder',$,IFCLABEL('G0772'),$);
#3792=IFCPROPERTYSINGLEVALUE('inOnderzoek',$,IFCBOOLEAN(.T.),$);
#3793=IFCPROPERTYSINGLEVALUE('relatieveHoogteligging',$,IFCREAL(0.),$);
#3794=IFCPROPERTYSINGLEVALUE('bgt-status',$,IFCLABEL('bestaand'),$);
#3795=IFCPROPERTYSINGLEVALUE('plus-type',$,IFCLABEL('niet-bgt:boom'),$);
#3796=IFCPROPERTYSET('25AImxe5L0_QMwEuos$lWW',#5,'CPset_BGT',$,(#3787,#3788,#3789,#3790,#3791,#3792,#3793,#3794,#3795));
#3797=IFCPROPERTYSINGLEVALUE('objectBegintijd',$,IFCLABEL('1336428000000'),$);
#3798=IFCPROPERTYSINGLEVALUE('identificatie',$,IFCIDENTIFIER('NL.IMGeo.G0772.8bd05125efd4412a96add8453b12d9ba'),$);
#3799=IFCPROPERTYSINGLEVALUE('tijdstipRegistratie',$,IFCLABEL('1452169524000'),$);
#3800=IFCPROPERTYSINGLEVALUE('LV-publicatiedatum',$,IFCLABEL('1459857343000'),$);
#3801=IFCPROPERTYSINGLEVALUE('bronhouder',$,IFCLABEL('G0772'),$);
#3802=IFCPROPERTYSINGLEVALUE('inOnderzoek',$,IFCBOOLEAN(.T.),$);
#3803=IFCPROPERTYSINGLEVALUE('relatieveHoogteligging',$,IFCREAL(0.),$);
#3804=IFCPROPERTYSINGLEVALUE('bgt-status',$,IFCLABEL('bestaand'),$);
#3805=IFCPROPERTYSINGLEVALUE('plus-type',$,IFCLABEL('niet-bgt:boom'),$);
#3806=IFCPROPERTYSET('34dw$KwCD3MRgjJbVDI_bD',#5,'CPset_BGT',$,(#3797,#3798,#3799,#3800,#3801,#3802,#3803,#3804,#3805));
#3807=IFCPROPERTYSINGLEVALUE('objectBegintijd',$,IFCLABEL('1349906400000'),$);
#3808=IFCPROPERTYSINGLEVALUE('identificatie',$,IFCIDENTIFIER('NL.IMGeo.G0772.8c1f9f3d35ad42b7800691ae41631ec7'),$);
#3809=IFCPROPERTYSINGLEVALUE('tijdstipRegistratie',$,IFCLABEL('1452169524000'),$);
#3810=IFCPROPERTYSINGLEVALUE('LV-publicatiedatum',$,IFCLABEL('1459857343000'),$);
#3811=IFCPROPERTYSINGLEVALUE('bronhouder',$,IFCLABEL('G0772'),$);
#3812=IFCPROPERTYSINGLEVALUE('inOnderzoek',$,IFCBOOLEAN(.T.),$);
#3813=IFCPROPERTYSINGLEVALUE('relatieveHoogteligging',$,IFCREAL(0.),$);
#3814=IFCPROPERTYSINGLEVALUE('bgt-status',$,IFCLABEL('bestaand'),$);
#3815=IFCPROPERTYSINGLEVALUE('plus-type',$,IFCLABEL('niet-bgt:boom'),$);
#3816=IFCPROPERTYSET('2SgX6dw0P9a9uKE1Qf5LdS',#5,'CPset_BGT',$,(#3807,#3808,#3809,#3810,#3811,#3812,#3813,#3814,#3815));
#3817=IFCPROPERTYSINGLEVALUE('objectBegintijd',$,IFCLABEL('1336428000000'),$);
#3818=IFCPROPERTYSINGLEVALUE('identificatie',$,IFCIDENTIFIER('NL.IMGeo.G0772.953e644e067a409f87a155d6fb7ddbb0'),$);
#3819=IFCPROPERTYSINGLEVALUE('tijdstipRegistratie',$,IFCLABEL('1452169524000'),$);
#3820=IFCPROPERTYSINGLEVALUE('LV-publicatiedatum',$,IFCLABEL('1459857343000'),$);
#3821=IFCPROPERTYSINGLEVALUE('bronhouder',$,IFCLABEL('G0772'),$);
#3822=IFCPROPERTYSINGLEVALUE('inOnderzoek',$,IFCBOOLEAN(.T.),$);
#3823=IFCPROPERTYSINGLEVALUE('relatieveHoogteligging',$,IFCREAL(0.),$);
#3824=IFCPROPERTYSINGLEVALUE('bgt-status',$,IFCLABEL('bestaand'),$);
#3825=IFCPROPERTYSINGLEVALUE('plus-type',$,IFCLABEL('niet-bgt:boom'),$);
#3826=IFCPROPERTYSET('26f6IxEKr6cAZzo7_2lDJ1',#5,'CPset_BGT',$,(#3817,#3818,#3819,#3820,#3821,#3822,#3823,#3824,#3825));
#3827=IFCPROPERTYSINGLEVALUE('objectBegintijd',$,IFCLABEL('1317679200000'),$);
#3828=IFCPROPERTYSINGLEVALUE('identificatie',$,IFCIDENTIFIER('NL.IMGeo.G0772.95f851660a1f47c38c1651da842453c3'),$);
#3829=IFCPROPERTYSINGLEVALUE('tijdstipRegistratie',$,IFCLABEL('1452169524000'),$);
#3830=IFCPROPERTYSINGLEVALUE('LV-publicatiedatum',$,IFCLABEL('1459857343000'),$);
#3831=IFCPROPERTYSINGLEVALUE('bronhouder',$,IFCLABEL('G0772'),$);
#3832=IFCPROPERTYSINGLEVALUE('inOnderzoek',$,IFCBOOLEAN(.T.),$);
#3833=IFCPROPERTYSINGLEVALUE('relatieveHoogteligging',$,IFCREAL(0.),$);
#3834=IFCPROPERTYSINGLEVALUE('bgt-status',$,IFCLABEL('bestaand'),$);
#3835=IFCPROPERTYSINGLEVALUE('plus-type',$,IFCLABEL('niet-bgt:boom'),$);
#3836=IFCPROPERTYSET('3PRecFIGb1p8ENZJqwqYpn',#5,'CPset_BGT',$,(#3827,#3828,#3829,#3830,#3831,#3832,#3833,#3834,#3835));
#3837=IFCPROPERTYSINGLEVALUE('objectBegintijd',$,IFCLABEL('1336428000000'),$);
#3838=IFCPROPERTYSINGLEVALUE('identificatie',$,IFCIDENTIFIER('NL.IMGeo.G0772.969107de243a4e148ce26d2bc5bb8ff9'),$);
#3839=IFCPROPERTYSINGLEVALUE('tijdstipRegistratie',$,IFCLABEL('1452169524000'),$);
#3840=IFCPROPERTYSINGLEVALUE('LV-publicatiedatum',$,IFCLABEL('1459857343000'),$);
#3841=IFCPROPERTYSINGLEVALUE('bronhouder',$,IFCLABEL('G0772'),$);
#3842=IFCPROPERTYSINGLEVALUE('inOnderzoek',$,IFCBOOLEAN(.T.),$);
#3843=IFCPROPERTYSINGLEVALUE('relatieveHoogteligging',$,IFCREAL(0.),$);
#3844=IFCPROPERTYSINGLEVALUE('bgt-status',$,IFCLABEL('bestaand'),$);
#3845=IFCPROPERTYSINGLEVALUE('plus-type',$,IFCLABEL('niet-bgt:boom'),$);
#3846=IFCPROPERTYSET('1Brr8plH53885kfDX2jBsy',#5,'CPset_BGT',$,(#3837,#3838,#3839,#3840,#3841,#3842,#3843,#3844,#3845));
#3847=IFCPROPERTYSINGLEVALUE('objectBegintijd',$,IFCLABEL('1317679200000'),$);
#3848=IFCPROPERTYSINGLEVALUE('identificatie',$,IFCIDENTIFIER('NL.IMGeo.G0772.9782740c6fd14981a43160fe13457eb9'),$);
#3849=IFCPROPERTYSINGLEVALUE('tijdstipRegistratie',$,IFCLABEL('1452169524000'),$);
#3850=IFCPROPERTYSINGLEVALUE('LV-publicatiedatum',$,IFCLABEL('1459857343000'),$);
#3851=IFCPROPERTYSINGLEVALUE('bronhouder',$,IFCLABEL('G0772'),$);
#3852=IFCPROPERTYSINGLEVALUE('inOnderzoek',$,IFCBOOLEAN(.T.),$);
#3853=IFCPROPERTYSINGLEVALUE('relatieveHoogteligging',$,IFCREAL(0.),$);
#3854=IFCPROPERTYSINGLEVALUE('bgt-status',$,IFCLABEL('bestaand'),$);
#3855=IFCPROPERTYSINGLEVALUE('plus-type',$,IFCLABEL('niet-bgt:boom'),$);
#3856=IFCPROPERTYSET('2gcGKmwxDBhO2MQZR69L35',#5,'CPset_BGT',$,(#3847,#3848,#3849,#3850,#3851,#3852,#3853,#3854,#3855));
#3857=IFCPROPERTYSINGLEVALUE('objectBegintijd',$,IFCLABEL('1428357600000'),$);
#3858=IFCPROPERTYSINGLEVALUE('identificatie',$,IFCIDENTIFIER('NL.IMGeo.G0772.97e82a0a1f2f420bb23e89bf5d62013e'),$);
#3859=IFCPROPERTYSINGLEVALUE('tijdstipRegistratie',$,IFCLABEL('1452169524000'),$);
#3860=IFCPROPERTYSINGLEVALUE('LV-publicatiedatum',$,IFCLABEL('1459857343000'),$);
#3861=IFCPROPERTYSINGLEVALUE('bronhouder',$,IFCLABEL('G0772'),$);
#3862=IFCPROPERTYSINGLEVALUE('inOnderzoek',$,IFCBOOLEAN(.T.),$);
#3863=IFCPROPERTYSINGLEVALUE('relatieveHoogteligging',$,IFCREAL(0.),$);
#3864=IFCPROPERTYSINGLEVALUE('bgt-status',$,IFCLABEL('bestaand'),$);
#3865=IFCPROPERTYSINGLEVALUE('plus-type',$,IFCLABEL('niet-bgt:boom'),$);
#3866=IFCPROPERTYSET('0dI36HIQDEpxy3HkLdeWSQ',#5,'CPset_BGT',$,(#3857,#3858,#3859,#3860,#3861,#3862,#3863,#3864,#3865));
#3867=IFCPROPERTYSINGLEVALUE('objectBegintijd',$,IFCLABEL('1349906400000'),$);
#3868=IFCPROPERTYSINGLEVALUE('identificatie',$,IFCIDENTIFIER('NL.IMGeo.G0772.9f236315eeac4c738ae31357f3a7af73'),$);
#3869=IFCPROPERTYSINGLEVALUE('tijdstipRegistratie',$,IFCLABEL('1452169524000'),$);
#3870=IFCPROPERTYSINGLEVALUE('LV-publicatiedatum',$,IFCLABEL('1459857343000'),$);
#3871=IFCPROPERTYSINGLEVALUE('bronhouder',$,IFCLABEL('G0772'),$);
#3872=IFCPROPERTYSINGLEVALUE('inOnderzoek',$,IFCBOOLEAN(.T.),$);
#3873=IFCPROPERTYSINGLEVALUE('relatieveHoogteligging',$,IFCREAL(0.),$);
#3874=IFCPROPERTYSINGLEVALUE('bgt-status',$,IFCLABEL('bestaand'),$);
#3875=IFCPROPERTYSINGLEVALUE('plus-type',$,IFCLABEL('niet-bgt:boom'),$);
#3876=IFCPROPERTYSET('058V0ivjbF2xG6vLGSRDNG',#5,'CPset_BGT',$,(#3867,#3868,#3869,#3870,#3871,#3872,#3873,#3874,#3875));
#3877=IFCPROPERTYSINGLEVALUE('objectBegintijd',$,IFCLABEL('1317679200000'),$);
#3878=IFCPROPERTYSINGLEVALUE('identificatie',$,IFCIDENTIFIER('NL.IMGeo.G0772.a10c5ff3758749d296c55d9a11735470'),$);
#3879=IFCPROPERTYSINGLEVALUE('tijdstipRegistratie',$,IFCLABEL('1452169524000'),$);
#3880=IFCPROPERTYSINGLEVALUE('LV-publicatiedatum',$,IFCLABEL('1459857343000'),$);
#3881=IFCPROPERTYSINGLEVALUE('bronhouder',$,IFCLABEL('G0772'),$);
#3882=IFCPROPERTYSINGLEVALUE('inOnderzoek',$,IFCBOOLEAN(.T.),$);
#3883=IFCPROPERTYSINGLEVALUE('relatieveHoogteligging',$,IFCREAL(0.),$);
#3884=IFCPROPERTYSINGLEVALUE('bgt-status',$,IFCLABEL('bestaand'),$);
#3885=IFCPROPERTYSINGLEVALUE('plus-type',$,IFCLABEL('niet-bgt:boom'),$);
#3886=IFCPROPERTYSET('3o_T3G621C5h2KINcwHA4l',#5,'CPset_BGT',$,(#3877,#3878,#3879,#3880,#3881,#3882,#3883,#3884,#3885));
#3887=IFCPROPERTYSINGLEVALUE('objectBegintijd',$,IFCLABEL('1349906400000'),$);
#3888=IFCPROPERTYSINGLEVALUE('identificatie',$,IFCIDENTIFIER('NL.IMGeo.G0772.a426a1b9fcae4838906d8bbb807eddfd'),$);
#3889=IFCPROPERTYSINGLEVALUE('tijdstipRegistratie',$,IFCLABEL('1452169524000'),$);
#3890=IFCPROPERTYSINGLEVALUE('LV-publicatiedatum',$,IFCLABEL('1459857343000'),$);
#3891=IFCPROPERTYSINGLEVALUE('bronhouder',$,IFCLABEL('G0772'),$);
#3892=IFCPROPERTYSINGLEVALUE('inOnderzoek',$,IFCBOOLEAN(.T.),$);
#3893=IFCPROPERTYSINGLEVALUE('relatieveHoogteligging',$,IFCREAL(0.),$);
#3894=IFCPROPERTYSINGLEVALUE('bgt-status',$,IFCLABEL('bestaand'),$);
#3895=IFCPROPERTYSINGLEVALUE('plus-type',$,IFCLABEL('niet-bgt:boom'),$);
#3896=IFCPROPERTYSET('3_l8fXGKDF4eyqTecgWyJW',#5,'CPset_BGT',$,(#3887,#3888,#3889,#3890,#3891,#3892,#3893,#3894,#3895));
#3897=IFCPROPERTYSINGLEVALUE('objectBegintijd',$,IFCLABEL('1349906400000'),$);
#3898=IFCPROPERTYSINGLEVALUE('identificatie',$,IFCIDENTIFIER('NL.IMGeo.G0772.a8e63074e2c448289724a151a7e03565'),$);
#3899=IFCPROPERTYSINGLEVALUE('tijdstipRegistratie',$,IFCLABEL('1452169524000'),$);
#3900=IFCPROPERTYSINGLEVALUE('LV-publicatiedatum',$,IFCLABEL('1459857343000'),$);
#3901=IFCPROPERTYSINGLEVALUE('bronhouder',$,IFCLABEL('G0772'),$);
#3902=IFCPROPERTYSINGLEVALUE('inOnderzoek',$,IFCBOOLEAN(.T.),$);
#3903=IFCPROPERTYSINGLEVALUE('relatieveHoogteligging',$,IFCREAL(0.),$);
#3904=IFCPROPERTYSINGLEVALUE('bgt-status',$,IFCLABEL('bestaand'),$);
#3905=IFCPROPERTYSINGLEVALUE('plus-type',$,IFCLABEL('niet-bgt:boom'),$);
#3906=IFCPROPERTYSET('1dEABzljDDKx9CqYiHBTSw',#5,'CPset_BGT',$,(#3897,#3898,#3899,#3900,#3901,#3902,#3903,#3904,#3905));
#3907=IFCPROPERTYSINGLEVALUE('objectBegintijd',$,IFCLABEL('1317679200000'),$);
#3908=IFCPROPERTYSINGLEVALUE('identificatie',$,IFCIDENTIFIER('NL.IMGeo.G0772.a9059e6c815d463aa1a5ecd506122c53'),$);
#3909=IFCPROPERTYSINGLEVALUE('tijdstipRegistratie',$,IFCLABEL('1452169524000'),$);
#3910=IFCPROPERTYSINGLEVALUE('LV-publicatiedatum',$,IFCLABEL('1459857343000'),$);
#3911=IFCPROPERTYSINGLEVALUE('bronhouder',$,IFCLABEL('G0772'),$);
#3912=IFCPROPERTYSINGLEVALUE('inOnderzoek',$,IFCBOOLEAN(.T.),$);
#3913=IFCPROPERTYSINGLEVALUE('relatieveHoogteligging',$,IFCREAL(0.),$);
#3914=IFCPROPERTYSINGLEVALUE('bgt-status',$,IFCLABEL('bestaand'),$);
#3915=IFCPROPERTYSINGLEVALUE('plus-type',$,IFCLABEL('niet-bgt:boom'),$);
#3916=IFCPROPERTYSET('1jKhWp4cb909q0daQUZZt2',#5,'CPset_BGT',$,(#3907,#3908,#3909,#3910,#3911,#3912,#3913,#3914,#3915));
#3917=IFCPROPERTYSINGLEVALUE('objectBegintijd',$,IFCLABEL('1336428000000'),$);
#3918=IFCPROPERTYSINGLEVALUE('identificatie',$,IFCIDENTIFIER('NL.IMGeo.G0772.aa042a81f5c545cd91052c46f1148db1'),$);
#3919=IFCPROPERTYSINGLEVALUE('tijdstipRegistratie',$,IFCLABEL('1452169524000'),$);
#3920=IFCPROPERTYSINGLEVALUE('LV-publicatiedatum',$,IFCLABEL('1459857343000'),$);
#3921=IFCPROPERTYSINGLEVALUE('bronhouder',$,IFCLABEL('G0772'),$);
#3922=IFCPROPERTYSINGLEVALUE('inOnderzoek',$,IFCBOOLEAN(.T.),$);
#3923=IFCPROPERTYSINGLEVALUE('relatieveHoogteligging',$,IFCREAL(0.),$);
#3924=IFCPROPERTYSINGLEVALUE('bgt-status',$,IFCLABEL('bestaand'),$);
#3925=IFCPROPERTYSINGLEVALUE('plus-type',$,IFCLABEL('niet-bgt:boom'),$);
#3926=IFCPROPERTYSET('3ewCgXPWb4cvY9VZmYJcr$',#5,'CPset_BGT',$,(#3917,#3918,#3919,#3920,#3921,#3922,#3923,#3924,#3925));
#3927=IFCPROPERTYSINGLEVALUE('objectBegintijd',$,IFCLABEL('1349906400000'),$);
#3928=IFCPROPERTYSINGLEVALUE('identificatie',$,IFCIDENTIFIER('NL.IMGeo.G0772.ae60bbaddb84456b99eb296a01d360ae'),$);
#3929=IFCPROPERTYSINGLEVALUE('tijdstipRegistratie',$,IFCLABEL('1452169524000'),$);
#3930=IFCPROPERTYSINGLEVALUE('LV-publicatiedatum',$,IFCLABEL('1459857343000'),$);
#3931=IFCPROPERTYSINGLEVALUE('bronhouder',$,IFCLABEL('G0772'),$);
#3932=IFCPROPERTYSINGLEVALUE('inOnderzoek',$,IFCBOOLEAN(.T.),$);
#3933=IFCPROPERTYSINGLEVALUE('relatieveHoogteligging',$,IFCREAL(0.),$);
#3934=IFCPROPERTYSINGLEVALUE('bgt-status',$,IFCLABEL('bestaand'),$);
#3935=IFCPROPERTYSINGLEVALUE('plus-type',$,IFCLABEL('niet-bgt:boom'),$);
#3936=IFCPROPERTYSET('14vayqJIv5EPPNK5cMMbFe',#5,'CPset_BGT',$,(#3927,#3928,#3929,#3930,#3931,#3932,#3933,#3934,#3935));
#3937=IFCPROPERTYSINGLEVALUE('objectBegintijd',$,IFCLABEL('1336428000000'),$);
#3938=IFCPROPERTYSINGLEVALUE('identificatie',$,IFCIDENTIFIER('NL.IMGeo.G0772.af28d3f2ba6f4c5c8594f35fac1f0b2f'),$);
#3939=IFCPROPERTYSINGLEVALUE('tijdstipRegistratie',$,IFCLABEL('1452169524000'),$);
#3940=IFCPROPERTYSINGLEVALUE('LV-publicatiedatum',$,IFCLABEL('1459857343000'),$);
#3941=IFCPROPERTYSINGLEVALUE('bronhouder',$,IFCLABEL('G0772'),$);
#3942=IFCPROPERTYSINGLEVALUE('inOnderzoek',$,IFCBOOLEAN(.T.),$);
#3943=IFCPROPERTYSINGLEVALUE('relatieveHoogteligging',$,IFCREAL(0.),$);
#3944=IFCPROPERTYSINGLEVALUE('bgt-status',$,IFCLABEL('bestaand'),$);
#3945=IFCPROPERTYSINGLEVALUE('plus-type',$,IFCLABEL('niet-bgt:boom'),$);
#3946=IFCPROPERTYSET('0Xu6utFtH8yANtHANwRvP0',#5,'CPset_BGT',$,(#3937,#3938,#3939,#3940,#3941,#3942,#3943,#3944,#3945));
#3947=IFCPROPERTYSINGLEVALUE('objectBegintijd',$,IFCLABEL('1336428000000'),$);
#3948=IFCPROPERTYSINGLEVALUE('identificatie',$,IFCIDENTIFIER('NL.IMGeo.G0772.afad0e25d91f453c9b3769c5c2adb48f'),$);
#3949=IFCPROPERTYSINGLEVALUE('tijdstipRegistratie',$,IFCLABEL('1452169524000'),$);
#3950=IFCPROPERTYSINGLEVALUE('LV-publicatiedatum',$,IFCLABEL('1459857343000'),$);
#3951=IFCPROPERTYSINGLEVALUE('bronhouder',$,IFCLABEL('G0772'),$);
#3952=IFCPROPERTYSINGLEVALUE('inOnderzoek',$,IFCBOOLEAN(.T.),$);
#3953=IFCPROPERTYSINGLEVALUE('relatieveHoogteligging',$,IFCREAL(0.),$);
#3954=IFCPROPERTYSINGLEVALUE('bgt-status',$,IFCLABEL('bestaand'),$);
#3955=IFCPROPERTYSINGLEVALUE('plus-type',$,IFCLABEL('niet-bgt:boom'),$);
#3956=IFCPROPERTYSET('0BEKPudgf0l9VpD2s2A61R',#5,'CPset_BGT',$,(#3947,#3948,#3949,#3950,#3951,#3952,#3953,#3954,#3955));
#3957=IFCPROPERTYSINGLEVALUE('objectBegintijd',$,IFCLABEL('1336428000000'),$);
#3958=IFCPROPERTYSINGLEVALUE('identificatie',$,IFCIDENTIFIER('NL.IMGeo.G0772.b11f813e0ac34878b93bc3925261d61a'),$);
#3959=IFCPROPERTYSINGLEVALUE('tijdstipRegistratie',$,IFCLABEL('1452169524000'),$);
#3960=IFCPROPERTYSINGLEVALUE('LV-publicatiedatum',$,IFCLABEL('1459857343000'),$);
#3961=IFCPROPERTYSINGLEVALUE('bronhouder',$,IFCLABEL('G0772'),$);
#3962=IFCPROPERTYSINGLEVALUE('inOnderzoek',$,IFCBOOLEAN(.T.),$);
#3963=IFCPROPERTYSINGLEVALUE('relatieveHoogteligging',$,IFCREAL(0.),$);
#3964=IFCPROPERTYSINGLEVALUE('bgt-status',$,IFCLABEL('bestaand'),$);
#3965=IFCPROPERTYSINGLEVALUE('plus-type',$,IFCLABEL('niet-bgt:boom'),$);
#3966=IFCPROPERTYSET('2TS5ef8hn6FOo4HvP2Z2UU',#5,'CPset_BGT',$,(#3957,#3958,#3959,#3960,#3961,#3962,#3963,#3964,#3965));
#3967=IFCPROPERTYSINGLEVALUE('objectBegintijd',$,IFCLABEL('1349906400000'),$);
#3968=IFCPROPERTYSINGLEVALUE('identificatie',$,IFCIDENTIFIER('NL.IMGeo.G0772.b29a719de491474fad69cd47fe94bb37'),$);
#3969=IFCPROPERTYSINGLEVALUE('tijdstipRegistratie',$,IFCLABEL('1452169524000'),$);
#3970=IFCPROPERTYSINGLEVALUE('LV-publicatiedatum',$,IFCLABEL('1459857343000'),$);
#3971=IFCPROPERTYSINGLEVALUE('bronhouder',$,IFCLABEL('G0772'),$);
#3972=IFCPROPERTYSINGLEVALUE('inOnderzoek',$,IFCBOOLEAN(.T.),$);
#3973=IFCPROPERTYSINGLEVALUE('relatieveHoogteligging',$,IFCREAL(0.),$);
#3974=IFCPROPERTYSINGLEVALUE('bgt-status',$,IFCLABEL('bestaand'),$);
#3975=IFCPROPERTYSINGLEVALUE('plus-type',$,IFCLABEL('niet-bgt:boom'),$);
#3976=IFCPROPERTYSET('13yG7slTj1bg5lZU2ZeX3d',#5,'CPset_BGT',$,(#3967,#3968,#3969,#3970,#3971,#3972,#3973,#3974,#3975));
#3977=IFCPROPERTYSINGLEVALUE('objectBegintijd',$,IFCLABEL('1336428000000'),$);
#3978=IFCPROPERTYSINGLEVALUE('identificatie',$,IFCIDENTIFIER('NL.IMGeo.G0772.b4e6fa8bd63444cfa6d9e46031fec065'),$);
#3979=IFCPROPERTYSINGLEVALUE('tijdstipRegistratie',$,IFCLABEL('1452169524000'),$);
#3980=IFCPROPERTYSINGLEVALUE('LV-publicatiedatum',$,IFCLABEL('1459857343000'),$);
#3981=IFCPROPERTYSINGLEVALUE('bronhouder',$,IFCLABEL('G0772'),$);
#3982=IFCPROPERTYSINGLEVALUE('inOnderzoek',$,IFCBOOLEAN(.T.),$);
#3983=IFCPROPERTYSINGLEVALUE('relatieveHoogteligging',$,IFCREAL(0.),$);
#3984=IFCPROPERTYSINGLEVALUE('bgt-status',$,IFCLABEL('bestaand'),$);
#3985=IFCPROPERTYSINGLEVALUE('plus-type',$,IFCLABEL('niet-bgt:boom'),$);
#3986=IFCPROPERTYSET('3Ub7l1h4T2ifQjXz6g2A$U',#5,'CPset_BGT',$,(#3977,#3978,#3979,#3980,#3981,#3982,#3983,#3984,#3985));
#3987=IFCPROPERTYSINGLEVALUE('objectBegintijd',$,IFCLABEL('1394492400000'),$);
#3988=IFCPROPERTYSINGLEVALUE('identificatie',$,IFCIDENTIFIER('NL.IMGeo.G0772.bbc2a5c7221d47b49a0195698db3c401'),$);
#3989=IFCPROPERTYSINGLEVALUE('tijdstipRegistratie',$,IFCLABEL('1452169524000'),$);
#3990=IFCPROPERTYSINGLEVALUE('LV-publicatiedatum',$,IFCLABEL('1459857343000'),$);
#3991=IFCPROPERTYSINGLEVALUE('bronhouder',$,IFCLABEL('G0772'),$);
#3992=IFCPROPERTYSINGLEVALUE('inOnderzoek',$,IFCBOOLEAN(.T.),$);
#3993=IFCPROPERTYSINGLEVALUE('relatieveHoogteligging',$,IFCREAL(0.),$);
#3994=IFCPROPERTYSINGLEVALUE('bgt-status',$,IFCLABEL('bestaand'),$);
#3995=IFCPROPERTYSINGLEVALUE('plus-type',$,IFCLABEL('niet-bgt:boom'),$);
#3996=IFCPROPERTYSET('2azqKivsr6rgu_v0d0ebe$',#5,'CPset_BGT',$,(#3987,#3988,#3989,#3990,#3991,#3992,#3993,#3994,#3995));
#3997=IFCPROPERTYSINGLEVALUE('objectBegintijd',$,IFCLABEL('1336428000000'),$);
#3998=IFCPROPERTYSINGLEVALUE('identificatie',$,IFCIDENTIFIER('NL.IMGeo.G0772.bdfc60143c4348f995d0f5306fb4f3c6'),$);
#3999=IFCPROPERTYSINGLEVALUE('tijdstipRegistratie',$,IFCLABEL('1452169524000'),$);
#4000=IFCPROPERTYSINGLEVALUE('LV-publicatiedatum',$,IFCLABEL('1459857343000'),$);
#4001=IFCPROPERTYSINGLEVALUE('bronhouder',$,IFCLABEL('G0772'),$);
#4002=IFCPROPERTYSINGLEVALUE('inOnderzoek',$,IFCBOOLEAN(.T.),$);
#4003=IFCPROPERTYSINGLEVALUE('relatieveHoogteligging',$,IFCREAL(0.),$);
#4004=IFCPROPERTYSINGLEVALUE('bgt-status',$,IFCLABEL('bestaand'),$);
#4005=IFCPROPERTYSINGLEVALUE('plus-type',$,IFCLABEL('niet-bgt:boom'),$);
#4006=IFCPROPERTYSET('1eUHLognTEKvksK770POmK',#5,'CPset_BGT',$,(#3997,#3998,#3999,#4000,#4001,#4002,#4003,#4004,#4005));
#4007=IFCPROPERTYSINGLEVALUE('objectBegintijd',$,IFCLABEL('1394492400000'),$);
#4008=IFCPROPERTYSINGLEVALUE('identificatie',$,IFCIDENTIFIER('NL.IMGeo.G0772.c1543317be3f4e09914d0648249fd1df'),$);
#4009=IFCPROPERTYSINGLEVALUE('tijdstipRegistratie',$,IFCLABEL('1452169524000'),$);
#4010=IFCPROPERTYSINGLEVALUE('LV-publicatiedatum',$,IFCLABEL('1459857343000'),$);
#4011=IFCPROPERTYSINGLEVALUE('bronhouder',$,IFCLABEL('G0772'),$);
#4012=IFCPROPERTYSINGLEVALUE('inOnderzoek',$,IFCBOOLEAN(.T.),$);
#4013=IFCPROPERTYSINGLEVALUE('relatieveHoogteligging',$,IFCREAL(0.),$);
#4014=IFCPROPERTYSINGLEVALUE('bgt-status',$,IFCLABEL('bestaand'),$);
#4015=IFCPROPERTYSINGLEVALUE('plus-type',$,IFCLABEL('niet-bgt:boom'),$);
#4016=IFCPROPERTYSET('2wrnQIQafBzxl1iA_5STse',#5,'CPset_BGT',$,(#4007,#4008,#4009,#4010,#4011,#4012,#4013,#4014,#4015));
#4017=IFCPROPERTYSINGLEVALUE('objectBegintijd',$,IFCLABEL('1349906400000'),$);
#4018=IFCPROPERTYSINGLEVALUE('identificatie',$,IFCIDENTIFIER('NL.IMGeo.G0772.c1e8c4ae4791485396d57a556c1de33e'),$);
#4019=IFCPROPERTYSINGLEVALUE('tijdstipRegistratie',$,IFCLABEL('1452169524000'),$);
#4020=IFCPROPERTYSINGLEVALUE('LV-publicatiedatum',$,IFCLABEL('1459857343000'),$);
#4021=IFCPROPERTYSINGLEVALUE('bronhouder',$,IFCLABEL('G0772'),$);
#4022=IFCPROPERTYSINGLEVALUE('inOnderzoek',$,IFCBOOLEAN(.T.),$);
#4023=IFCPROPERTYSINGLEVALUE('relatieveHoogteligging',$,IFCREAL(0.),$);
#4024=IFCPROPERTYSINGLEVALUE('bgt-status',$,IFCLABEL('bestaand'),$);
#4025=IFCPROPERTYSINGLEVALUE('plus-type',$,IFCLABEL('niet-bgt:boom'),$);
#4026=IFCPROPERTYSET('1uXlxB4Sb0qxVaflCp$xOT',#5,'CPset_BGT',$,(#4017,#4018,#4019,#4020,#4021,#4022,#4023,#4024,#4025));
#4027=IFCPROPERTYSINGLEVALUE('objectBegintijd',$,IFCLABEL('1428357600000'),$);
#4028=IFCPROPERTYSINGLEVALUE('identificatie',$,IFCIDENTIFIER('NL.IMGeo.G0772.c32d5e91971f426ca6c67887ed7c2de4'),$);
#4029=IFCPROPERTYSINGLEVALUE('tijdstipRegistratie',$,IFCLABEL('1452169524000'),$);
#4030=IFCPROPERTYSINGLEVALUE('LV-publicatiedatum',$,IFCLABEL('1459857343000'),$);
#4031=IFCPROPERTYSINGLEVALUE('bronhouder',$,IFCLABEL('G0772'),$);
#4032=IFCPROPERTYSINGLEVALUE('inOnderzoek',$,IFCBOOLEAN(.T.),$);
#4033=IFCPROPERTYSINGLEVALUE('relatieveHoogteligging',$,IFCREAL(0.),$);
#4034=IFCPROPERTYSINGLEVALUE('bgt-status',$,IFCLABEL('bestaand'),$);
#4035=IFCPROPERTYSINGLEVALUE('plus-type',$,IFCLABEL('niet-bgt:boom'),$);
#4036=IFCPROPERTYSET('1c55kPc$50u8joOs$FSCCL',#5,'CPset_BGT',$,(#4027,#4028,#4029,#4030,#4031,#4032,#4033,#4034,#4035));
#4037=IFCPROPERTYSINGLEVALUE('objectBegintijd',$,IFCLABEL('1349906400000'),$);
#4038=IFCPROPERTYSINGLEVALUE('identificatie',$,IFCIDENTIFIER('NL.IMGeo.G0772.c4b20485a9de480184f9d8cc4e9bf8fb'),$);
#4039=IFCPROPERTYSINGLEVALUE('tijdstipRegistratie',$,IFCLABEL('1452169524000'),$);
#4040=IFCPROPERTYSINGLEVALUE('LV-publicatiedatum',$,IFCLABEL('1459857343000'),$);
#4041=IFCPROPERTYSINGLEVALUE('bronhouder',$,IFCLABEL('G0772'),$);
#4042=IFCPROPERTYSINGLEVALUE('inOnderzoek',$,IFCBOOLEAN(.T.),$);
#4043=IFCPROPERTYSINGLEVALUE('relatieveHoogteligging',$,IFCREAL(0.),$);
#4044=IFCPROPERTYSINGLEVALUE('bgt-status',$,IFCLABEL('bestaand'),$);
#4045=IFCPROPERTYSINGLEVALUE('plus-type',$,IFCLABEL('niet-bgt:boom'),$);
#4046=IFCPROPERTYSET('1pVrMx2218svaEhDM8g8Oz',#5,'CPset_BGT',$,(#4037,#4038,#4039,#4040,#4041,#4042,#4043,#4044,#4045));
#4047=IFCPROPERTYSINGLEVALUE('objectBegintijd',$,IFCLABEL('1336428000000'),$);
#4048=IFCPROPERTYSINGLEVALUE('identificatie',$,IFCIDENTIFIER('NL.IMGeo.G0772.c4da9e40d04346d483932722d6403080'),$);
#4049=IFCPROPERTYSINGLEVALUE('tijdstipRegistratie',$,IFCLABEL('1452169524000'),$);
#4050=IFCPROPERTYSINGLEVALUE('LV-publicatiedatum',$,IFCLABEL('1459857343000'),$);
#4051=IFCPROPERTYSINGLEVALUE('bronhouder',$,IFCLABEL('G0772'),$);
#4052=IFCPROPERTYSINGLEVALUE('inOnderzoek',$,IFCBOOLEAN(.T.),$);
#4053=IFCPROPERTYSINGLEVALUE('relatieveHoogteligging',$,IFCREAL(0.),$);
#4054=IFCPROPERTYSINGLEVALUE('bgt-status',$,IFCLABEL('bestaand'),$);
#4055=IFCPROPERTYSINGLEVALUE('plus-type',$,IFCLABEL('niet-bgt:boom'),$);
#4056=IFCPROPERTYSET('1IXwTyVDz0Mgt5t7VTjcf$',#5,'CPset_BGT',$,(#4047,#4048,#4049,#4050,#4051,#4052,#4053,#4054,#4055));
#4057=IFCPROPERTYSINGLEVALUE('objectBegintijd',$,IFCLABEL('1349906400000'),$);
#4058=IFCPROPERTYSINGLEVALUE('identificatie',$,IFCIDENTIFIER('NL.IMGeo.G0772.c5fe88a670ee46399357c62c75f52738'),$);
#4059=IFCPROPERTYSINGLEVALUE('tijdstipRegistratie',$,IFCLABEL('1452169524000'),$);
#4060=IFCPROPERTYSINGLEVALUE('LV-publicatiedatum',$,IFCLABEL('1459857343000'),$);
#4061=IFCPROPERTYSINGLEVALUE('bronhouder',$,IFCLABEL('G0772'),$);
#4062=IFCPROPERTYSINGLEVALUE('inOnderzoek',$,IFCBOOLEAN(.T.),$);
#4063=IFCPROPERTYSINGLEVALUE('relatieveHoogteligging',$,IFCREAL(0.),$);
#4064=IFCPROPERTYSINGLEVALUE('bgt-status',$,IFCLABEL('bestaand'),$);
#4065=IFCPROPERTYSINGLEVALUE('plus-type',$,IFCLABEL('niet-bgt:boom'),$);
#4066=IFCPROPERTYSET('29qWuH8sT2ABYPXbQ4z0wT',#5,'CPset_BGT',$,(#4057,#4058,#4059,#4060,#4061,#4062,#4063,#4064,#4065));
#4067=IFCPROPERTYSINGLEVALUE('objectBegintijd',$,IFCLABEL('1349906400000'),$);
#4068=IFCPROPERTYSINGLEVALUE('identificatie',$,IFCIDENTIFIER('NL.IMGeo.G0772.c8a0ccd4214e4633a9347c6ef123feb0'),$);
#4069=IFCPROPERTYSINGLEVALUE('tijdstipRegistratie',$,IFCLABEL('1452169524000'),$);
#4070=IFCPROPERTYSINGLEVALUE('LV-publicatiedatum',$,IFCLABEL('1459857343000'),$);
#4071=IFCPROPERTYSINGLEVALUE('bronhouder',$,IFCLABEL('G0772'),$);
#4072=IFCPROPERTYSINGLEVALUE('inOnderzoek',$,IFCBOOLEAN(.T.),$);
#4073=IFCPROPERTYSINGLEVALUE('relatieveHoogteligging',$,IFCREAL(0.),$);
#4074=IFCPROPERTYSINGLEVALUE('bgt-status',$,IFCLABEL('bestaand'),$);
#4075=IFCPROPERTYSINGLEVALUE('plus-type',$,IFCLABEL('niet-bgt:boom'),$);
#4076=IFCPROPERTYSET('1LRF_B2BLAwA3vKnYcWtZ_',#5,'CPset_BGT',$,(#4067,#4068,#4069,#4070,#4071,#4072,#4073,#4074,#4075));
#4077=IFCPROPERTYSINGLEVALUE('objectBegintijd',$,IFCLABEL('1349906400000'),$);
#4078=IFCPROPERTYSINGLEVALUE('identificatie',$,IFCIDENTIFIER('NL.IMGeo.G0772.cb48ffeb138d48059e20c5d7ebd34650'),$);
#4079=IFCPROPERTYSINGLEVALUE('tijdstipRegistratie',$,IFCLABEL('1452169524000'),$);
#4080=IFCPROPERTYSINGLEVALUE('LV-publicatiedatum',$,IFCLABEL('1459857343000'),$);
#4081=IFCPROPERTYSINGLEVALUE('bronhouder',$,IFCLABEL('G0772'),$);
#4082=IFCPROPERTYSINGLEVALUE('inOnderzoek',$,IFCBOOLEAN(.T.),$);
#4083=IFCPROPERTYSINGLEVALUE('relatieveHoogteligging',$,IFCREAL(0.),$);
#4084=IFCPROPERTYSINGLEVALUE('bgt-status',$,IFCLABEL('bestaand'),$);
#4085=IFCPROPERTYSINGLEVALUE('plus-type',$,IFCLABEL('niet-bgt:boom'),$);
#4086=IFCPROPERTYSET('0uESq7$4P6n88wbUEdwXDr',#5,'CPset_BGT',$,(#4077,#4078,#4079,#4080,#4081,#4082,#4083,#4084,#4085));
#4087=IFCPROPERTYSINGLEVALUE('objectBegintijd',$,IFCLABEL('1317679200000'),$);
#4088=IFCPROPERTYSINGLEVALUE('identificatie',$,IFCIDENTIFIER('NL.IMGeo.G0772.cbcec5612e94499db30a10298b25cb40'),$);
#4089=IFCPROPERTYSINGLEVALUE('tijdstipRegistratie',$,IFCLABEL('1452169524000'),$);
#4090=IFCPROPERTYSINGLEVALUE('LV-publicatiedatum',$,IFCLABEL('1459857343000'),$);
#4091=IFCPROPERTYSINGLEVALUE('bronhouder',$,IFCLABEL('G0772'),$);
#4092=IFCPROPERTYSINGLEVALUE('inOnderzoek',$,IFCBOOLEAN(.T.),$);
#4093=IFCPROPERTYSINGLEVALUE('relatieveHoogteligging',$,IFCREAL(0.),$);
#4094=IFCPROPERTYSINGLEVALUE('bgt-status',$,IFCLABEL('bestaand'),$);
#4095=IFCPROPERTYSINGLEVALUE('plus-type',$,IFCLABEL('niet-bgt:boom'),$);
#4096=IFCPROPERTYSET('3VmiLTeKrC8edo8fT2qce3',#5,'CPset_BGT',$,(#4087,#4088,#4089,#4090,#4091,#4092,#4093,#4094,#4095));
#4097=IFCPROPERTYSINGLEVALUE('objectBegintijd',$,IFCLABEL('1349906400000'),$);
#4098=IFCPROPERTYSINGLEVALUE('identificatie',$,IFCIDENTIFIER('NL.IMGeo.G0772.cc82b78672344cf89963ac7b7bc79256'),$);
#4099=IFCPROPERTYSINGLEVALUE('tijdstipRegistratie',$,IFCLABEL('1452169524000'),$);
#4100=IFCPROPERTYSINGLEVALUE('LV-publicatiedatum',$,IFCLABEL('1459857343000'),$);
#4101=IFCPROPERTYSINGLEVALUE('bronhouder',$,IFCLABEL('G0772'),$);
#4102=IFCPROPERTYSINGLEVALUE('inOnderzoek',$,IFCBOOLEAN(.T.),$);
#4103=IFCPROPERTYSINGLEVALUE('relatieveHoogteligging',$,IFCREAL(0.),$);
#4104=IFCPROPERTYSINGLEVALUE('bgt-status',$,IFCLABEL('bestaand'),$);
#4105=IFCPROPERTYSINGLEVALUE('plus-type',$,IFCLABEL('niet-bgt:boom'),$);
#4106=IFCPROPERTYSET('3__Fd$ewvB18knXktMIxhx',#5,'CPset_BGT',$,(#4097,#4098,#4099,#4100,#4101,#4102,#4103,#4104,#4105));
#4107=IFCPROPERTYSINGLEVALUE('objectBegintijd',$,IFCLABEL('1349906400000'),$);
#4108=IFCPROPERTYSINGLEVALUE('identificatie',$,IFCIDENTIFIER('NL.IMGeo.G0772.d3d81d3c8d844914b999b1b753f4c913'),$);
#4109=IFCPROPERTYSINGLEVALUE('tijdstipRegistratie',$,IFCLABEL('1452169524000'),$);
#4110=IFCPROPERTYSINGLEVALUE('LV-publicatiedatum',$,IFCLABEL('1459857343000'),$);
#4111=IFCPROPERTYSINGLEVALUE('bronhouder',$,IFCLABEL('G0772'),$);
#4112=IFCPROPERTYSINGLEVALUE('inOnderzoek',$,IFCBOOLEAN(.T.),$);
#4113=IFCPROPERTYSINGLEVALUE('relatieveHoogteligging',$,IFCREAL(0.),$);
#4114=IFCPROPERTYSINGLEVALUE('bgt-status',$,IFCLABEL('bestaand'),$);
#4115=IFCPROPERTYSINGLEVALUE('plus-type',$,IFCLABEL('niet-bgt:boom'),$);
#4116=IFCPROPERTYSET('0$p1E_MaPC3PtFqhCMQ4Od',#5,'CPset_BGT',$,(#4107,#4108,#4109,#4110,#4111,#4112,#4113,#4114,#4115));
#4117=IFCPROPERTYSINGLEVALUE('objectBegintijd',$,IFCLABEL('1349906400000'),$);
#4118=IFCPROPERTYSINGLEVALUE('identificatie',$,IFCIDENTIFIER('NL.IMGeo.G0772.d46a26653e3d42abba721eaade15e73a'),$);
#4119=IFCPROPERTYSINGLEVALUE('tijdstipRegistratie',$,IFCLABEL('1452169524000'),$);
#4120=IFCPROPERTYSINGLEVALUE('LV-publicatiedatum',$,IFCLABEL('1459857343000'),$);
#4121=IFCPROPERTYSINGLEVALUE('bronhouder',$,IFCLABEL('G0772'),$);
#4122=IFCPROPERTYSINGLEVALUE('inOnderzoek',$,IFCBOOLEAN(.T.),$);
#4123=IFCPROPERTYSINGLEVALUE('relatieveHoogteligging',$,IFCREAL(0.),$);
#4124=IFCPROPERTYSINGLEVALUE('bgt-status',$,IFCLABEL('bestaand'),$);
#4125=IFCPROPERTYSINGLEVALUE('plus-type',$,IFCLABEL('niet-bgt:boom'),$);
#4126=IFCPROPERTYSET('0034Io4Hb0lfmFzCdQedJc',#5,'CPset_BGT',$,(#4117,#4118,#4119,#4120,#4121,#4122,#4123,#4124,#4125));
#4127=IFCPROPERTYSINGLEVALUE('objectBegintijd',$,IFCLABEL('1349906400000'),$);
#4128=IFCPROPERTYSINGLEVALUE('identificatie',$,IFCIDENTIFIER('NL.IMGeo.G0772.e038a2747f68493c8b108b2355578f2c'),$);
#4129=IFCPROPERTYSINGLEVALUE('tijdstipRegistratie',$,IFCLABEL('1452169524000'),$);
#4130=IFCPROPERTYSINGLEVALUE('LV-publicatiedatum',$,IFCLABEL('1459857343000'),$);
#4131=IFCPROPERTYSINGLEVALUE('bronhouder',$,IFCLABEL('G0772'),$);
#4132=IFCPROPERTYSINGLEVALUE('inOnderzoek',$,IFCBOOLEAN(.T.),$);
#4133=IFCPROPERTYSINGLEVALUE('relatieveHoogteligging',$,IFCREAL(0.),$);
#4134=IFCPROPERTYSINGLEVALUE('bgt-status',$,IFCLABEL('bestaand'),$);
#4135=IFCPROPERTYSINGLEVALUE('plus-type',$,IFCLABEL('niet-bgt:boom'),$);
#4136=IFCPROPERTYSET('2YHfNUSO96lRDXQtxty_B3',#5,'CPset_BGT',$,(#4127,#4128,#4129,#4130,#4131,#4132,#4133,#4134,#4135));
#4137=IFCPROPERTYSINGLEVALUE('objectBegintijd',$,IFCLABEL('1336428000000'),$);
#4138=IFCPROPERTYSINGLEVALUE('identificatie',$,IFCIDENTIFIER('NL.IMGeo.G0772.e2b529af04e445f286af9f37b9eed15a'),$);
#4139=IFCPROPERTYSINGLEVALUE('tijdstipRegistratie',$,IFCLABEL('1452169524000'),$);
#4140=IFCPROPERTYSINGLEVALUE('LV-publicatiedatum',$,IFCLABEL('1459857343000'),$);
#4141=IFCPROPERTYSINGLEVALUE('bronhouder',$,IFCLABEL('G0772'),$);
#4142=IFCPROPERTYSINGLEVALUE('inOnderzoek',$,IFCBOOLEAN(.T.),$);
#4143=IFCPROPERTYSINGLEVALUE('relatieveHoogteligging',$,IFCREAL(0.),$);
#4144=IFCPROPERTYSINGLEVALUE('bgt-status',$,IFCLABEL('bestaand'),$);
#4145=IFCPROPERTYSINGLEVALUE('plus-type',$,IFCLABEL('niet-bgt:boom'),$);
#4146=IFCPROPERTYSET('3XU8vi8Jj0AxSYi4Svwkjk',#5,'CPset_BGT',$,(#4137,#4138,#4139,#4140,#4141,#4142,#4143,#4144,#4145));
#4147=IFCPROPERTYSINGLEVALUE('objectBegintijd',$,IFCLABEL('1394492400000'),$);
#4148=IFCPROPERTYSINGLEVALUE('identificatie',$,IFCIDENTIFIER('NL.IMGeo.G0772.e4f6b32aec2d4898a3027cb46fc2ce88'),$);
#4149=IFCPROPERTYSINGLEVALUE('tijdstipRegistratie',$,IFCLABEL('1452169524000'),$);
#4150=IFCPROPERTYSINGLEVALUE('LV-publicatiedatum',$,IFCLABEL('1459857343000'),$);
#4151=IFCPROPERTYSINGLEVALUE('bronhouder',$,IFCLABEL('G0772'),$);
#4152=IFCPROPERTYSINGLEVALUE('inOnderzoek',$,IFCBOOLEAN(.T.),$);
#4153=IFCPROPERTYSINGLEVALUE('relatieveHoogteligging',$,IFCREAL(0.),$);
#4154=IFCPROPERTYSINGLEVALUE('bgt-status',$,IFCLABEL('bestaand'),$);
#4155=IFCPROPERTYSINGLEVALUE('plus-type',$,IFCLABEL('niet-bgt:boom'),$);
#4156=IFCPROPERTYSET('2gESg74CDF7fDw0h1CUxd2',#5,'CPset_BGT',$,(#4147,#4148,#4149,#4150,#4151,#4152,#4153,#4154,#4155));
#4157=IFCPROPERTYSINGLEVALUE('objectBegintijd',$,IFCLABEL('1349906400000'),$);
#4158=IFCPROPERTYSINGLEVALUE('identificatie',$,IFCIDENTIFIER('NL.IMGeo.G0772.e56d972f9d714ec783f13ebf9aaad178'),$);
#4159=IFCPROPERTYSINGLEVALUE('tijdstipRegistratie',$,IFCLABEL('1452169524000'),$);
#4160=IFCPROPERTYSINGLEVALUE('LV-publicatiedatum',$,IFCLABEL('1459857343000'),$);
#4161=IFCPROPERTYSINGLEVALUE('bronhouder',$,IFCLABEL('G0772'),$);
#4162=IFCPROPERTYSINGLEVALUE('inOnderzoek',$,IFCBOOLEAN(.T.),$);
#4163=IFCPROPERTYSINGLEVALUE('relatieveHoogteligging',$,IFCREAL(0.),$);
#4164=IFCPROPERTYSINGLEVALUE('bgt-status',$,IFCLABEL('bestaand'),$);
#4165=IFCPROPERTYSINGLEVALUE('plus-type',$,IFCLABEL('niet-bgt:boom'),$);
#4166=IFCPROPERTYSET('1v1cZgOE5D7BUIiXZkGnJG',#5,'CPset_BGT',$,(#4157,#4158,#4159,#4160,#4161,#4162,#4163,#4164,#4165));
#4167=IFCPROPERTYSINGLEVALUE('objectBegintijd',$,IFCLABEL('1349906400000'),$);
#4168=IFCPROPERTYSINGLEVALUE('identificatie',$,IFCIDENTIFIER('NL.IMGeo.G0772.e7e90d4cda274df7bec215120102a979'),$);
#4169=IFCPROPERTYSINGLEVALUE('tijdstipRegistratie',$,IFCLABEL('1452169524000'),$);
#4170=IFCPROPERTYSINGLEVALUE('LV-publicatiedatum',$,IFCLABEL('1459857343000'),$);
#4171=IFCPROPERTYSINGLEVALUE('bronhouder',$,IFCLABEL('G0772'),$);
#4172=IFCPROPERTYSINGLEVALUE('inOnderzoek',$,IFCBOOLEAN(.T.),$);
#4173=IFCPROPERTYSINGLEVALUE('relatieveHoogteligging',$,IFCREAL(0.),$);
#4174=IFCPROPERTYSINGLEVALUE('bgt-status',$,IFCLABEL('bestaand'),$);
#4175=IFCPROPERTYSINGLEVALUE('plus-type',$,IFCLABEL('niet-bgt:boom'),$);
#4176=IFCPROPERTYSET('1Uty5Fms59hwZ_RDsMTwd2',#5,'CPset_BGT',$,(#4167,#4168,#4169,#4170,#4171,#4172,#4173,#4174,#4175));
#4177=IFCPROPERTYSINGLEVALUE('objectBegintijd',$,IFCLABEL('1349906400000'),$);
#4178=IFCPROPERTYSINGLEVALUE('identificatie',$,IFCIDENTIFIER('NL.IMGeo.G0772.ed426e3f0a4548e997de31ea4a34900d'),$);
#4179=IFCPROPERTYSINGLEVALUE('tijdstipRegistratie',$,IFCLABEL('1452169524000'),$);
#4180=IFCPROPERTYSINGLEVALUE('LV-publicatiedatum',$,IFCLABEL('1459857343000'),$);
#4181=IFCPROPERTYSINGLEVALUE('bronhouder',$,IFCLABEL('G0772'),$);
#4182=IFCPROPERTYSINGLEVALUE('inOnderzoek',$,IFCBOOLEAN(.T.),$);
#4183=IFCPROPERTYSINGLEVALUE('relatieveHoogteligging',$,IFCREAL(0.),$);
#4184=IFCPROPERTYSINGLEVALUE('bgt-status',$,IFCLABEL('bestaand'),$);
#4185=IFCPROPERTYSINGLEVALUE('plus-type',$,IFCLABEL('niet-bgt:boom'),$);
#4186=IFCPROPERTYSET('2OQIwIKpbFQPZqBKl0Xtq3',#5,'CPset_BGT',$,(#4177,#4178,#4179,#4180,#4181,#4182,#4183,#4184,#4185));
#4187=IFCPROPERTYSINGLEVALUE('objectBegintijd',$,IFCLABEL('1336428000000'),$);
#4188=IFCPROPERTYSINGLEVALUE('identificatie',$,IFCIDENTIFIER('NL.IMGeo.G0772.ef7eff2b8b504107986713265304e2aa'),$);
#4189=IFCPROPERTYSINGLEVALUE('tijdstipRegistratie',$,IFCLABEL('1452169524000'),$);
#4190=IFCPROPERTYSINGLEVALUE('LV-publicatiedatum',$,IFCLABEL('1459857343000'),$);
#4191=IFCPROPERTYSINGLEVALUE('bronhouder',$,IFCLABEL('G0772'),$);
#4192=IFCPROPERTYSINGLEVALUE('inOnderzoek',$,IFCBOOLEAN(.T.),$);
#4193=IFCPROPERTYSINGLEVALUE('relatieveHoogteligging',$,IFCREAL(0.),$);
#4194=IFCPROPERTYSINGLEVALUE('bgt-status',$,IFCLABEL('bestaand'),$);
#4195=IFCPROPERTYSINGLEVALUE('plus-type',$,IFCLABEL('niet-bgt:boom'),$);
#4196=IFCPROPERTYSET('3DkYoGjbPAOBFyIBIxRRn9',#5,'CPset_BGT',$,(#4187,#4188,#4189,#4190,#4191,#4192,#4193,#4194,#4195));
#4197=IFCPROPERTYSINGLEVALUE('objectBegintijd',$,IFCLABEL('1336428000000'),$);
#4198=IFCPROPERTYSINGLEVALUE('identificatie',$,IFCIDENTIFIER('NL.IMGeo.G0772.f0109d33a57348cfb825e3ce78ab506e'),$);
#4199=IFCPROPERTYSINGLEVALUE('tijdstipRegistratie',$,IFCLABEL('1452169524000'),$);
#4200=IFCPROPERTYSINGLEVALUE('LV-publicatiedatum',$,IFCLABEL('1459857343000'),$);
#4201=IFCPROPERTYSINGLEVALUE('bronhouder',$,IFCLABEL('G0772'),$);
#4202=IFCPROPERTYSINGLEVALUE('inOnderzoek',$,IFCBOOLEAN(.T.),$);
#4203=IFCPROPERTYSINGLEVALUE('relatieveHoogteligging',$,IFCREAL(0.),$);
#4204=IFCPROPERTYSINGLEVALUE('bgt-status',$,IFCLABEL('bestaand'),$);
#4205=IFCPROPERTYSINGLEVALUE('plus-type',$,IFCLABEL('niet-bgt:boom'),$);
#4206=IFCPROPERTYSET('0d1wV9US1AxhGjiwiE7u9R',#5,'CPset_BGT',$,(#4197,#4198,#4199,#4200,#4201,#4202,#4203,#4204,#4205));
#4207=IFCPROPERTYSINGLEVALUE('objectBegintijd',$,IFCLABEL('1349906400000'),$);
#4208=IFCPROPERTYSINGLEVALUE('identificatie',$,IFCIDENTIFIER('NL.IMGeo.G0772.f099207ae930438992a8614ac39c862e'),$);
#4209=IFCPROPERTYSINGLEVALUE('tijdstipRegistratie',$,IFCLABEL('1452169524000'),$);
#4210=IFCPROPERTYSINGLEVALUE('LV-publicatiedatum',$,IFCLABEL('1459857343000'),$);
#4211=IFCPROPERTYSINGLEVALUE('bronhouder',$,IFCLABEL('G0772'),$);
#4212=IFCPROPERTYSINGLEVALUE('inOnderzoek',$,IFCBOOLEAN(.T.),$);
#4213=IFCPROPERTYSINGLEVALUE('relatieveHoogteligging',$,IFCREAL(0.),$);
#4214=IFCPROPERTYSINGLEVALUE('bgt-status',$,IFCLABEL('bestaand'),$);
#4215=IFCPROPERTYSINGLEVALUE('plus-type',$,IFCLABEL('niet-bgt:boom'),$);
#4216=IFCPROPERTYSET('3r0Tqi5DH0g872xEnVffar',#5,'CPset_BGT',$,(#4207,#4208,#4209,#4210,#4211,#4212,#4213,#4214,#4215));
#4217=IFCPROPERTYSINGLEVALUE('objectBegintijd',$,IFCLABEL('1330556400000'),$);
#4218=IFCPROPERTYSINGLEVALUE('identificatie',$,IFCIDENTIFIER('NL.IMGeo.G0772.fd3f52e0ba0f41bf9315f2df916e823f'),$);
#4219=IFCPROPERTYSINGLEVALUE('tijdstipRegistratie',$,IFCLABEL('1452169524000'),$);
#4220=IFCPROPERTYSINGLEVALUE('LV-publicatiedatum',$,IFCLABEL('1459857343000'),$);
#4221=IFCPROPERTYSINGLEVALUE('bronhouder',$,IFCLABEL('G0772'),$);
#4222=IFCPROPERTYSINGLEVALUE('inOnderzoek',$,IFCBOOLEAN(.T.),$);
#4223=IFCPROPERTYSINGLEVALUE('relatieveHoogteligging',$,IFCREAL(0.),$);
#4224=IFCPROPERTYSINGLEVALUE('bgt-status',$,IFCLABEL('bestaand'),$);
#4225=IFCPROPERTYSINGLEVALUE('plus-type',$,IFCLABEL('niet-bgt:boom'),$);
#4226=IFCPROPERTYSET('3kyF_OUi1C5RT$OG2Ng1De',#5,'CPset_BGT',$,(#4217,#4218,#4219,#4220,#4221,#4222,#4223,#4224,#4225));
#4227=IFCPROPERTYSINGLEVALUE('objectBegintijd',$,IFCLABEL('1349906400000'),$);
#4228=IFCPROPERTYSINGLEVALUE('identificatie',$,IFCIDENTIFIER('NL.IMGeo.G0772.fdcbfbcf3907425787fcd76147759cd0'),$);
#4229=IFCPROPERTYSINGLEVALUE('tijdstipRegistratie',$,IFCLABEL('1452169524000'),$);
#4230=IFCPROPERTYSINGLEVALUE('LV-publicatiedatum',$,IFCLABEL('1459857343000'),$);
#4231=IFCPROPERTYSINGLEVALUE('bronhouder',$,IFCLABEL('G0772'),$);
#4232=IFCPROPERTYSINGLEVALUE('inOnderzoek',$,IFCBOOLEAN(.T.),$);
#4233=IFCPROPERTYSINGLEVALUE('relatieveHoogteligging',$,IFCREAL(0.),$);
#4234=IFCPROPERTYSINGLEVALUE('bgt-status',$,IFCLABEL('bestaand'),$);
#4235=IFCPROPERTYSINGLEVALUE('plus-type',$,IFCLABEL('niet-bgt:boom'),$);
#4236=IFCPROPERTYSET('23byTNHvXAL9bKjFRutF03',#5,'CPset_BGT',$,(#4227,#4228,#4229,#4230,#4231,#4232,#4233,#4234,#4235));
#4237=IFCPROPERTYSINGLEVALUE('objectBegintijd',$,IFCLABEL('1499378400000'),$);
#4238=IFCPROPERTYSINGLEVALUE('identificatie',$,IFCIDENTIFIER('NL.IMGeo.G0772.2033127d4abb4e63baff6840df0973c6'),$);
#4239=IFCPROPERTYSINGLEVALUE('tijdstipRegistratie',$,IFCLABEL('1504704145000'),$);
#4240=IFCPROPERTYSINGLEVALUE('LV-publicatiedatum',$,IFCLABEL('1504873117000'),$);
#4241=IFCPROPERTYSINGLEVALUE('bronhouder',$,IFCLABEL('G0772'),$);
#4242=IFCPROPERTYSINGLEVALUE('inOnderzoek',$,IFCBOOLEAN(.T.),$);
#4243=IFCPROPERTYSINGLEVALUE('relatieveHoogteligging',$,IFCREAL(0.),$);
#4244=IFCPROPERTYSINGLEVALUE('bgt-status',$,IFCLABEL('bestaand'),$);
#4245=IFCPROPERTYSINGLEVALUE('plus-type',$,IFCLABEL('niet-bgt:boom'),$);
#4246=IFCPROPERTYSET('1ykggQx657HgC5RuEDSGgm',#5,'CPset_BGT',$,(#4237,#4238,#4239,#4240,#4241,#4242,#4243,#4244,#4245));
#4247=IFCPROPERTYSINGLEVALUE('objectBegintijd',$,IFCLABEL('1681423200000'),$);
#4248=IFCPROPERTYSINGLEVALUE('identificatie',$,IFCIDENTIFIER('NL.IMGeo.G0772.3c381584bced465d914b23979529775a'),$);
#4249=IFCPROPERTYSINGLEVALUE('tijdstipRegistratie',$,IFCLABEL('1682081605000'),$);
#4250=IFCPROPERTYSINGLEVALUE('LV-publicatiedatum',$,IFCLABEL('1682085794000'),$);
#4251=IFCPROPERTYSINGLEVALUE('bronhouder',$,IFCLABEL('G0772'),$);
#4252=IFCPROPERTYSINGLEVALUE('inOnderzoek',$,IFCBOOLEAN(.T.),$);
#4253=IFCPROPERTYSINGLEVALUE('relatieveHoogteligging',$,IFCREAL(0.),$);
#4254=IFCPROPERTYSINGLEVALUE('bgt-status',$,IFCLABEL('bestaand'),$);
#4255=IFCPROPERTYSINGLEVALUE('plus-type',$,IFCLABEL('niet-bgt:boom'),$);
#4256=IFCPROPERTYSET('3hOh9ZFb92uuF1pqQXhBtD',#5,'CPset_BGT',$,(#4247,#4248,#4249,#4250,#4251,#4252,#4253,#4254,#4255));
#4257=IFCPROPERTYSINGLEVALUE('objectBegintijd',$,IFCLABEL('1681423200000'),$);
#4258=IFCPROPERTYSINGLEVALUE('identificatie',$,IFCIDENTIFIER('NL.IMGeo.G0772.ab00798e433447bdb9e2a358ecbec398'),$);
#4259=IFCPROPERTYSINGLEVALUE('tijdstipRegistratie',$,IFCLABEL('1682081605000'),$);
#4260=IFCPROPERTYSINGLEVALUE('LV-publicatiedatum',$,IFCLABEL('1682085794000'),$);
#4261=IFCPROPERTYSINGLEVALUE('bronhouder',$,IFCLABEL('G0772'),$);
#4262=IFCPROPERTYSINGLEVALUE('inOnderzoek',$,IFCBOOLEAN(.T.),$);
#4263=IFCPROPERTYSINGLEVALUE('relatieveHoogteligging',$,IFCREAL(0.),$);
#4264=IFCPROPERTYSINGLEVALUE('bgt-status',$,IFCLABEL('bestaand'),$);
#4265=IFCPROPERTYSINGLEVALUE('plus-type',$,IFCLABEL('niet-bgt:boom'),$);
#4266=IFCPROPERTYSET('1ycrH8AFbFRQBiPVKxDTc0',#5,'CPset_BGT',$,(#4257,#4258,#4259,#4260,#4261,#4262,#4263,#4264,#4265));
#4267=IFCPROPERTYSINGLEVALUE('objectBegintijd',$,IFCLABEL('1317679200000'),$);
#4268=IFCPROPERTYSINGLEVALUE('identificatie',$,IFCIDENTIFIER('NL.IMGeo.G0772.c8ada1174c5c4fee99c90337105615ac'),$);
#4269=IFCPROPERTYSINGLEVALUE('tijdstipRegistratie',$,IFCLABEL('1765973879000'),$);
#4270=IFCPROPERTYSINGLEVALUE('LV-publicatiedatum',$,IFCLABEL('1765974140000'),$);
#4271=IFCPROPERTYSINGLEVALUE('bronhouder',$,IFCLABEL('G0772'),$);
#4272=IFCPROPERTYSINGLEVALUE('inOnderzoek',$,IFCBOOLEAN(.T.),$);
#4273=IFCPROPERTYSINGLEVALUE('relatieveHoogteligging',$,IFCREAL(0.),$);
#4274=IFCPROPERTYSINGLEVALUE('bgt-status',$,IFCLABEL('bestaand'),$);
#4275=IFCPROPERTYSINGLEVALUE('plus-type',$,IFCLABEL('niet-bgt:boom'),$);
#4276=IFCPROPERTYSET('2K60Umpa58fwyhf4gXui7O',#5,'CPset_BGT',$,(#4267,#4268,#4269,#4270,#4271,#4272,#4273,#4274,#4275));
#4277=IFCPROPERTYSINGLEVALUE('objectBegintijd',$,IFCLABEL('1765407600000'),$);
#4278=IFCPROPERTYSINGLEVALUE('identificatie',$,IFCIDENTIFIER('NL.IMGeo.G0772.1ece916017d74d4ba05e7ffcdb13bde4'),$);
#4279=IFCPROPERTYSINGLEVALUE('tijdstipRegistratie',$,IFCLABEL('1765973879000'),$);
#4280=IFCPROPERTYSINGLEVALUE('LV-publicatiedatum',$,IFCLABEL('1765974140000'),$);
#4281=IFCPROPERTYSINGLEVALUE('bronhouder',$,IFCLABEL('G0772'),$);
#4282=IFCPROPERTYSINGLEVALUE('inOnderzoek',$,IFCBOOLEAN(.T.),$);
#4283=IFCPROPERTYSINGLEVALUE('relatieveHoogteligging',$,IFCREAL(0.),$);
#4284=IFCPROPERTYSINGLEVALUE('bgt-status',$,IFCLABEL('bestaand'),$);
#4285=IFCPROPERTYSINGLEVALUE('plus-type',$,IFCLABEL('niet-bgt:boom'),$);
#4286=IFCPROPERTYSET('0wlgkRZCHDZeXOCnQzaIMg',#5,'CPset_BGT',$,(#4277,#4278,#4279,#4280,#4281,#4282,#4283,#4284,#4285));
#4287=IFCPROPERTYSINGLEVALUE('objectBegintijd',$,IFCLABEL('1765407600000'),$);
#4288=IFCPROPERTYSINGLEVALUE('identificatie',$,IFCIDENTIFIER('NL.IMGeo.G0772.b982c0fa1109477ca49554d94f4b6ba2'),$);
#4289=IFCPROPERTYSINGLEVALUE('tijdstipRegistratie',$,IFCLABEL('1765973879000'),$);
#4290=IFCPROPERTYSINGLEVALUE('LV-publicatiedatum',$,IFCLABEL('1765974140000'),$);
#4291=IFCPROPERTYSINGLEVALUE('bronhouder',$,IFCLABEL('G0772'),$);
#4292=IFCPROPERTYSINGLEVALUE('inOnderzoek',$,IFCBOOLEAN(.T.),$);
#4293=IFCPROPERTYSINGLEVALUE('relatieveHoogteligging',$,IFCREAL(0.),$);
#4294=IFCPROPERTYSINGLEVALUE('bgt-status',$,IFCLABEL('bestaand'),$);
#4295=IFCPROPERTYSINGLEVALUE('plus-type',$,IFCLABEL('niet-bgt:boom'),$);
#4296=IFCPROPERTYSET('1rz9U6ZvfBReGamCoYbmet',#5,'CPset_BGT',$,(#4287,#4288,#4289,#4290,#4291,#4292,#4293,#4294,#4295));
#4297=IFCPROPERTYSINGLEVALUE('objectBegintijd',$,IFCLABEL('1317679200000'),$);
#4298=IFCPROPERTYSINGLEVALUE('identificatie',$,IFCIDENTIFIER('NL.IMGeo.G0772.07c40bcb6e144d23ae9ec6ceb0d59ed2'),$);
#4299=IFCPROPERTYSINGLEVALUE('tijdstipRegistratie',$,IFCLABEL('1452169524000'),$);
#4300=IFCPROPERTYSINGLEVALUE('LV-publicatiedatum',$,IFCLABEL('1459857343000'),$);
#4301=IFCPROPERTYSINGLEVALUE('bronhouder',$,IFCLABEL('G0772'),$);
#4302=IFCPROPERTYSINGLEVALUE('inOnderzoek',$,IFCBOOLEAN(.T.),$);
#4303=IFCPROPERTYSINGLEVALUE('relatieveHoogteligging',$,IFCREAL(0.),$);
#4304=IFCPROPERTYSINGLEVALUE('bgt-status',$,IFCLABEL('bestaand'),$);
#4305=IFCPROPERTYSINGLEVALUE('plus-type',$,IFCLABEL('niet-bgt:boom'),$);
#4306=IFCPROPERTYSET('3MxmfBBqP4$h$lJtMjUVNT',#5,'CPset_BGT',$,(#4297,#4298,#4299,#4300,#4301,#4302,#4303,#4304,#4305));
#4307=IFCPROPERTYSINGLEVALUE('objectBegintijd',$,IFCLABEL('1317679200000'),$);
#4308=IFCPROPERTYSINGLEVALUE('identificatie',$,IFCIDENTIFIER('NL.IMGeo.G0772.0e267cfc2920402699079c884ac0745e'),$);
#4309=IFCPROPERTYSINGLEVALUE('tijdstipRegistratie',$,IFCLABEL('1452169524000'),$);
#4310=IFCPROPERTYSINGLEVALUE('LV-publicatiedatum',$,IFCLABEL('1459857343000'),$);
#4311=IFCPROPERTYSINGLEVALUE('bronhouder',$,IFCLABEL('G0772'),$);
#4312=IFCPROPERTYSINGLEVALUE('inOnderzoek',$,IFCBOOLEAN(.T.),$);
#4313=IFCPROPERTYSINGLEVALUE('relatieveHoogteligging',$,IFCREAL(0.),$);
#4314=IFCPROPERTYSINGLEVALUE('bgt-status',$,IFCLABEL('bestaand'),$);
#4315=IFCPROPERTYSINGLEVALUE('plus-type',$,IFCLABEL('niet-bgt:boom'),$);
#4316=IFCPROPERTYSET('1mI74QdxHDIfctYCZuj764',#5,'CPset_BGT',$,(#4307,#4308,#4309,#4310,#4311,#4312,#4313,#4314,#4315));
#4317=IFCPROPERTYSINGLEVALUE('objectBegintijd',$,IFCLABEL('1317679200000'),$);
#4318=IFCPROPERTYSINGLEVALUE('identificatie',$,IFCIDENTIFIER('NL.IMGeo.G0772.10ec3edb286f4a23aceceba22963d7f6'),$);
#4319=IFCPROPERTYSINGLEVALUE('tijdstipRegistratie',$,IFCLABEL('1452169524000'),$);
#4320=IFCPROPERTYSINGLEVALUE('LV-publicatiedatum',$,IFCLABEL('1459857343000'),$);
#4321=IFCPROPERTYSINGLEVALUE('bronhouder',$,IFCLABEL('G0772'),$);
#4322=IFCPROPERTYSINGLEVALUE('inOnderzoek',$,IFCBOOLEAN(.T.),$);
#4323=IFCPROPERTYSINGLEVALUE('relatieveHoogteligging',$,IFCREAL(0.),$);
#4324=IFCPROPERTYSINGLEVALUE('bgt-status',$,IFCLABEL('bestaand'),$);
#4325=IFCPROPERTYSINGLEVALUE('plus-type',$,IFCLABEL('niet-bgt:boom'),$);
#4326=IFCPROPERTYSET('2z2dczI8fDh962k9C52vZY',#5,'CPset_BGT',$,(#4317,#4318,#4319,#4320,#4321,#4322,#4323,#4324,#4325));
#4327=IFCPROPERTYSINGLEVALUE('objectBegintijd',$,IFCLABEL('1428357600000'),$);
#4328=IFCPROPERTYSINGLEVALUE('identificatie',$,IFCIDENTIFIER('NL.IMGeo.G0772.11842afb53994caf8a2a144012a59d60'),$);
#4329=IFCPROPERTYSINGLEVALUE('tijdstipRegistratie',$,IFCLABEL('1452169524000'),$);
#4330=IFCPROPERTYSINGLEVALUE('LV-publicatiedatum',$,IFCLABEL('1459857343000'),$);
#4331=IFCPROPERTYSINGLEVALUE('bronhouder',$,IFCLABEL('G0772'),$);
#4332=IFCPROPERTYSINGLEVALUE('inOnderzoek',$,IFCBOOLEAN(.T.),$);
#4333=IFCPROPERTYSINGLEVALUE('relatieveHoogteligging',$,IFCREAL(0.),$);
#4334=IFCPROPERTYSINGLEVALUE('bgt-status',$,IFCLABEL('bestaand'),$);
#4335=IFCPROPERTYSINGLEVALUE('plus-type',$,IFCLABEL('niet-bgt:boom'),$);
#4336=IFCPROPERTYSET('1PAwpuVXX3mfASfx3HaQNk',#5,'CPset_BGT',$,(#4327,#4328,#4329,#4330,#4331,#4332,#4333,#4334,#4335));
#4337=IFCPROPERTYSINGLEVALUE('objectBegintijd',$,IFCLABEL('1317679200000'),$);
#4338=IFCPROPERTYSINGLEVALUE('identificatie',$,IFCIDENTIFIER('NL.IMGeo.G0772.13376ba2fca94ae2bafd393b03610918'),$);
#4339=IFCPROPERTYSINGLEVALUE('tijdstipRegistratie',$,IFCLABEL('1452169524000'),$);
#4340=IFCPROPERTYSINGLEVALUE('LV-publicatiedatum',$,IFCLABEL('1459857343000'),$);
#4341=IFCPROPERTYSINGLEVALUE('bronhouder',$,IFCLABEL('G0772'),$);
#4342=IFCPROPERTYSINGLEVALUE('inOnderzoek',$,IFCBOOLEAN(.T.),$);
#4343=IFCPROPERTYSINGLEVALUE('relatieveHoogteligging',$,IFCREAL(0.),$);
#4344=IFCPROPERTYSINGLEVALUE('bgt-status',$,IFCLABEL('bestaand'),$);
#4345=IFCPROPERTYSINGLEVALUE('plus-type',$,IFCLABEL('niet-bgt:boom'),$);
#4346=IFCPROPERTYSET('00eUY8bez40gU2ZBhXWc83',#5,'CPset_BGT',$,(#4337,#4338,#4339,#4340,#4341,#4342,#4343,#4344,#4345));
#4347=IFCPROPERTYSINGLEVALUE('objectBegintijd',$,IFCLABEL('1317679200000'),$);
#4348=IFCPROPERTYSINGLEVALUE('identificatie',$,IFCIDENTIFIER('NL.IMGeo.G0772.192edaf0d7344d3e9cae260dd9e4262c'),$);
#4349=IFCPROPERTYSINGLEVALUE('tijdstipRegistratie',$,IFCLABEL('1452169524000'),$);
#4350=IFCPROPERTYSINGLEVALUE('LV-publicatiedatum',$,IFCLABEL('1459857343000'),$);
#4351=IFCPROPERTYSINGLEVALUE('bronhouder',$,IFCLABEL('G0772'),$);
#4352=IFCPROPERTYSINGLEVALUE('inOnderzoek',$,IFCBOOLEAN(.T.),$);
#4353=IFCPROPERTYSINGLEVALUE('relatieveHoogteligging',$,IFCREAL(0.),$);
#4354=IFCPROPERTYSINGLEVALUE('bgt-status',$,IFCLABEL('bestaand'),$);
#4355=IFCPROPERTYSINGLEVALUE('plus-type',$,IFCLABEL('niet-bgt:boom'),$);
#4356=IFCPROPERTYSET('328mPnVNf4zey9a6QtsDaV',#5,'CPset_BGT',$,(#4347,#4348,#4349,#4350,#4351,#4352,#4353,#4354,#4355));
#4357=IFCPROPERTYSINGLEVALUE('objectBegintijd',$,IFCLABEL('1317679200000'),$);
#4358=IFCPROPERTYSINGLEVALUE('identificatie',$,IFCIDENTIFIER('NL.IMGeo.G0772.1d575d06615448578ef9a90d096148ed'),$);
#4359=IFCPROPERTYSINGLEVALUE('tijdstipRegistratie',$,IFCLABEL('1452169524000'),$);
#4360=IFCPROPERTYSINGLEVALUE('LV-publicatiedatum',$,IFCLABEL('1459857343000'),$);
#4361=IFCPROPERTYSINGLEVALUE('bronhouder',$,IFCLABEL('G0772'),$);
#4362=IFCPROPERTYSINGLEVALUE('inOnderzoek',$,IFCBOOLEAN(.T.),$);
#4363=IFCPROPERTYSINGLEVALUE('relatieveHoogteligging',$,IFCREAL(0.),$);
#4364=IFCPROPERTYSINGLEVALUE('bgt-status',$,IFCLABEL('bestaand'),$);
#4365=IFCPROPERTYSINGLEVALUE('plus-type',$,IFCLABEL('niet-bgt:boom'),$);
#4366=IFCPROPERTYSET('2a3uJFQCHCKPY5C84fAnB5',#5,'CPset_BGT',$,(#4357,#4358,#4359,#4360,#4361,#4362,#4363,#4364,#4365));
#4367=IFCPROPERTYSINGLEVALUE('objectBegintijd',$,IFCLABEL('1317679200000'),$);
#4368=IFCPROPERTYSINGLEVALUE('identificatie',$,IFCIDENTIFIER('NL.IMGeo.G0772.4aba3aac157c4480adbe9127756ac980'),$);
#4369=IFCPROPERTYSINGLEVALUE('tijdstipRegistratie',$,IFCLABEL('1452169524000'),$);
#4370=IFCPROPERTYSINGLEVALUE('LV-publicatiedatum',$,IFCLABEL('1459857343000'),$);
#4371=IFCPROPERTYSINGLEVALUE('bronhouder',$,IFCLABEL('G0772'),$);
#4372=IFCPROPERTYSINGLEVALUE('inOnderzoek',$,IFCBOOLEAN(.T.),$);
#4373=IFCPROPERTYSINGLEVALUE('relatieveHoogteligging',$,IFCREAL(0.),$);
#4374=IFCPROPERTYSINGLEVALUE('bgt-status',$,IFCLABEL('bestaand'),$);
#4375=IFCPROPERTYSINGLEVALUE('plus-type',$,IFCLABEL('niet-bgt:boom'),$);
#4376=IFCPROPERTYSET('2M7X0tKDLCLfCm73x6hPFC',#5,'CPset_BGT',$,(#4367,#4368,#4369,#4370,#4371,#4372,#4373,#4374,#4375));
#4377=IFCPROPERTYSINGLEVALUE('objectBegintijd',$,IFCLABEL('1428357600000'),$);
#4378=IFCPROPERTYSINGLEVALUE('identificatie',$,IFCIDENTIFIER('NL.IMGeo.G0772.5aaca8deaa8d4debba284d5e0a1a4465'),$);
#4379=IFCPROPERTYSINGLEVALUE('tijdstipRegistratie',$,IFCLABEL('1452169524000'),$);
#4380=IFCPROPERTYSINGLEVALUE('LV-publicatiedatum',$,IFCLABEL('1459857343000'),$);
#4381=IFCPROPERTYSINGLEVALUE('bronhouder',$,IFCLABEL('G0772'),$);
#4382=IFCPROPERTYSINGLEVALUE('inOnderzoek',$,IFCBOOLEAN(.T.),$);
#4383=IFCPROPERTYSINGLEVALUE('relatieveHoogteligging',$,IFCREAL(0.),$);
#4384=IFCPROPERTYSINGLEVALUE('bgt-status',$,IFCLABEL('bestaand'),$);
#4385=IFCPROPERTYSINGLEVALUE('plus-type',$,IFCLABEL('niet-bgt:boom'),$);
#4386=IFCPROPERTYSET('0399Sbx49CxOEh8sr2YPmm',#5,'CPset_BGT',$,(#4377,#4378,#4379,#4380,#4381,#4382,#4383,#4384,#4385));
#4387=IFCPROPERTYSINGLEVALUE('objectBegintijd',$,IFCLABEL('1317679200000'),$);
#4388=IFCPROPERTYSINGLEVALUE('identificatie',$,IFCIDENTIFIER('NL.IMGeo.G0772.5b2fc443926244dda1d8b837b19f3dc6'),$);
#4389=IFCPROPERTYSINGLEVALUE('tijdstipRegistratie',$,IFCLABEL('1452169524000'),$);
#4390=IFCPROPERTYSINGLEVALUE('LV-publicatiedatum',$,IFCLABEL('1459857343000'),$);
#4391=IFCPROPERTYSINGLEVALUE('bronhouder',$,IFCLABEL('G0772'),$);
#4392=IFCPROPERTYSINGLEVALUE('inOnderzoek',$,IFCBOOLEAN(.T.),$);
#4393=IFCPROPERTYSINGLEVALUE('relatieveHoogteligging',$,IFCREAL(0.),$);
#4394=IFCPROPERTYSINGLEVALUE('bgt-status',$,IFCLABEL('bestaand'),$);
#4395=IFCPROPERTYSINGLEVALUE('plus-type',$,IFCLABEL('niet-bgt:boom'),$);
#4396=IFCPROPERTYSET('3_MP3CbjP7Zes9cJ0bsQW0',#5,'CPset_BGT',$,(#4387,#4388,#4389,#4390,#4391,#4392,#4393,#4394,#4395));
#4397=IFCPROPERTYSINGLEVALUE('objectBegintijd',$,IFCLABEL('1317679200000'),$);
#4398=IFCPROPERTYSINGLEVALUE('identificatie',$,IFCIDENTIFIER('NL.IMGeo.G0772.7ee304c08e15495bbc60f1fc6616e2a2'),$);
#4399=IFCPROPERTYSINGLEVALUE('tijdstipRegistratie',$,IFCLABEL('1452169524000'),$);
#4400=IFCPROPERTYSINGLEVALUE('LV-publicatiedatum',$,IFCLABEL('1459857343000'),$);
#4401=IFCPROPERTYSINGLEVALUE('bronhouder',$,IFCLABEL('G0772'),$);
#4402=IFCPROPERTYSINGLEVALUE('inOnderzoek',$,IFCBOOLEAN(.T.),$);
#4403=IFCPROPERTYSINGLEVALUE('relatieveHoogteligging',$,IFCREAL(0.),$);
#4404=IFCPROPERTYSINGLEVALUE('bgt-status',$,IFCLABEL('bestaand'),$);
#4405=IFCPROPERTYSINGLEVALUE('plus-type',$,IFCLABEL('niet-bgt:boom'),$);
#4406=IFCPROPERTYSET('2HuOg6DSb70wKr5w7x$9AS',#5,'CPset_BGT',$,(#4397,#4398,#4399,#4400,#4401,#4402,#4403,#4404,#4405));
#4407=IFCPROPERTYSINGLEVALUE('objectBegintijd',$,IFCLABEL('1317679200000'),$);
#4408=IFCPROPERTYSINGLEVALUE('identificatie',$,IFCIDENTIFIER('NL.IMGeo.G0772.821037e3dd544b43ba8bfe112c8e3f23'),$);
#4409=IFCPROPERTYSINGLEVALUE('tijdstipRegistratie',$,IFCLABEL('1452169524000'),$);
#4410=IFCPROPERTYSINGLEVALUE('LV-publicatiedatum',$,IFCLABEL('1459857343000'),$);
#4411=IFCPROPERTYSINGLEVALUE('bronhouder',$,IFCLABEL('G0772'),$);
#4412=IFCPROPERTYSINGLEVALUE('inOnderzoek',$,IFCBOOLEAN(.T.),$);
#4413=IFCPROPERTYSINGLEVALUE('relatieveHoogteligging',$,IFCREAL(0.),$);
#4414=IFCPROPERTYSINGLEVALUE('bgt-status',$,IFCLABEL('bestaand'),$);
#4415=IFCPROPERTYSINGLEVALUE('plus-type',$,IFCLABEL('niet-bgt:boom'),$);
#4416=IFCPROPERTYSET('3a0w4ySJvDzfDQwLNJzMF$',#5,'CPset_BGT',$,(#4407,#4408,#4409,#4410,#4411,#4412,#4413,#4414,#4415));
#4417=IFCPROPERTYSINGLEVALUE('objectBegintijd',$,IFCLABEL('1428357600000'),$);
#4418=IFCPROPERTYSINGLEVALUE('identificatie',$,IFCIDENTIFIER('NL.IMGeo.G0772.859b99366f344fbd86cebafd5c378ff3'),$);
#4419=IFCPROPERTYSINGLEVALUE('tijdstipRegistratie',$,IFCLABEL('1452169524000'),$);
#4420=IFCPROPERTYSINGLEVALUE('LV-publicatiedatum',$,IFCLABEL('1459857343000'),$);
#4421=IFCPROPERTYSINGLEVALUE('bronhouder',$,IFCLABEL('G0772'),$);
#4422=IFCPROPERTYSINGLEVALUE('inOnderzoek',$,IFCBOOLEAN(.T.),$);
#4423=IFCPROPERTYSINGLEVALUE('relatieveHoogteligging',$,IFCREAL(0.),$);
#4424=IFCPROPERTYSINGLEVALUE('bgt-status',$,IFCLABEL('bestaand'),$);
#4425=IFCPROPERTYSINGLEVALUE('plus-type',$,IFCLABEL('niet-bgt:boom'),$);
#4426=IFCPROPERTYSET('0Z8qxUrN93Ixs$gGW$0hXa',#5,'CPset_BGT',$,(#4417,#4418,#4419,#4420,#4421,#4422,#4423,#4424,#4425));
#4427=IFCPROPERTYSINGLEVALUE('objectBegintijd',$,IFCLABEL('1317679200000'),$);
#4428=IFCPROPERTYSINGLEVALUE('identificatie',$,IFCIDENTIFIER('NL.IMGeo.G0772.85ad529ad67c4149a8a0ed1bb0076757'),$);
#4429=IFCPROPERTYSINGLEVALUE('tijdstipRegistratie',$,IFCLABEL('1452169524000'),$);
#4430=IFCPROPERTYSINGLEVALUE('LV-publicatiedatum',$,IFCLABEL('1459857343000'),$);
#4431=IFCPROPERTYSINGLEVALUE('bronhouder',$,IFCLABEL('G0772'),$);
#4432=IFCPROPERTYSINGLEVALUE('inOnderzoek',$,IFCBOOLEAN(.T.),$);
#4433=IFCPROPERTYSINGLEVALUE('relatieveHoogteligging',$,IFCREAL(0.),$);
#4434=IFCPROPERTYSINGLEVALUE('bgt-status',$,IFCLABEL('bestaand'),$);
#4435=IFCPROPERTYSINGLEVALUE('plus-type',$,IFCLABEL('niet-bgt:boom'),$);
#4436=IFCPROPERTYSET('2hfK9T7ZvCQB1oUuHT8OJN',#5,'CPset_BGT',$,(#4427,#4428,#4429,#4430,#4431,#4432,#4433,#4434,#4435));
#4437=IFCPROPERTYSINGLEVALUE('objectBegintijd',$,IFCLABEL('1317679200000'),$);
#4438=IFCPROPERTYSINGLEVALUE('identificatie',$,IFCIDENTIFIER('NL.IMGeo.G0772.9e34caf3ca904590ba9e84e099198472'),$);
#4439=IFCPROPERTYSINGLEVALUE('tijdstipRegistratie',$,IFCLABEL('1452169524000'),$);
#4440=IFCPROPERTYSINGLEVALUE('LV-publicatiedatum',$,IFCLABEL('1459857343000'),$);
#4441=IFCPROPERTYSINGLEVALUE('bronhouder',$,IFCLABEL('G0772'),$);
#4442=IFCPROPERTYSINGLEVALUE('inOnderzoek',$,IFCBOOLEAN(.T.),$);
#4443=IFCPROPERTYSINGLEVALUE('relatieveHoogteligging',$,IFCREAL(0.),$);
#4444=IFCPROPERTYSINGLEVALUE('bgt-status',$,IFCLABEL('bestaand'),$);
#4445=IFCPROPERTYSINGLEVALUE('plus-type',$,IFCLABEL('niet-bgt:boom'),$);
#4446=IFCPROPERTYSET('0FaSWvTsXAtxGZ50DyxTbz',#5,'CPset_BGT',$,(#4437,#4438,#4439,#4440,#4441,#4442,#4443,#4444,#4445));
#4447=IFCPROPERTYSINGLEVALUE('objectBegintijd',$,IFCLABEL('1317679200000'),$);
#4448=IFCPROPERTYSINGLEVALUE('identificatie',$,IFCIDENTIFIER('NL.IMGeo.G0772.a29ea450bde141e49409e082b78fde0c'),$);
#4449=IFCPROPERTYSINGLEVALUE('tijdstipRegistratie',$,IFCLABEL('1452169524000'),$);
#4450=IFCPROPERTYSINGLEVALUE('LV-publicatiedatum',$,IFCLABEL('1459857343000'),$);
#4451=IFCPROPERTYSINGLEVALUE('bronhouder',$,IFCLABEL('G0772'),$);
#4452=IFCPROPERTYSINGLEVALUE('inOnderzoek',$,IFCBOOLEAN(.T.),$);
#4453=IFCPROPERTYSINGLEVALUE('relatieveHoogteligging',$,IFCREAL(0.),$);
#4454=IFCPROPERTYSINGLEVALUE('bgt-status',$,IFCLABEL('bestaand'),$);
#4455=IFCPROPERTYSINGLEVALUE('plus-type',$,IFCLABEL('niet-bgt:boom'),$);
#4456=IFCPROPERTYSET('3g4891pIz6bu8dYqXdKg2G',#5,'CPset_BGT',$,(#4447,#4448,#4449,#4450,#4451,#4452,#4453,#4454,#4455));
#4457=IFCPROPERTYSINGLEVALUE('objectBegintijd',$,IFCLABEL('1317679200000'),$);
#4458=IFCPROPERTYSINGLEVALUE('identificatie',$,IFCIDENTIFIER('NL.IMGeo.G0772.a68a950de96c4b30bb52a11fee660d28'),$);
#4459=IFCPROPERTYSINGLEVALUE('tijdstipRegistratie',$,IFCLABEL('1452169524000'),$);
#4460=IFCPROPERTYSINGLEVALUE('LV-publicatiedatum',$,IFCLABEL('1459857343000'),$);
#4461=IFCPROPERTYSINGLEVALUE('bronhouder',$,IFCLABEL('G0772'),$);
#4462=IFCPROPERTYSINGLEVALUE('inOnderzoek',$,IFCBOOLEAN(.T.),$);
#4463=IFCPROPERTYSINGLEVALUE('relatieveHoogteligging',$,IFCREAL(0.),$);
#4464=IFCPROPERTYSINGLEVALUE('bgt-status',$,IFCLABEL('bestaand'),$);
#4465=IFCPROPERTYSINGLEVALUE('plus-type',$,IFCLABEL('niet-bgt:boom'),$);
#4466=IFCPROPERTYSET('0G9iOyPHD7nBuhgRPx5YyK',#5,'CPset_BGT',$,(#4457,#4458,#4459,#4460,#4461,#4462,#4463,#4464,#4465));
#4467=IFCPROPERTYSINGLEVALUE('objectBegintijd',$,IFCLABEL('1317679200000'),$);
#4468=IFCPROPERTYSINGLEVALUE('identificatie',$,IFCIDENTIFIER('NL.IMGeo.G0772.af6b93832b744b6cb66bf3652721133e'),$);
#4469=IFCPROPERTYSINGLEVALUE('tijdstipRegistratie',$,IFCLABEL('1452169524000'),$);
#4470=IFCPROPERTYSINGLEVALUE('LV-publicatiedatum',$,IFCLABEL('1459857343000'),$);
#4471=IFCPROPERTYSINGLEVALUE('bronhouder',$,IFCLABEL('G0772'),$);
#4472=IFCPROPERTYSINGLEVALUE('inOnderzoek',$,IFCBOOLEAN(.T.),$);
#4473=IFCPROPERTYSINGLEVALUE('relatieveHoogteligging',$,IFCREAL(0.),$);
#4474=IFCPROPERTYSINGLEVALUE('bgt-status',$,IFCLABEL('bestaand'),$);
#4475=IFCPROPERTYSINGLEVALUE('plus-type',$,IFCLABEL('niet-bgt:boom'),$);
#4476=IFCPROPERTYSET('00TiBsKe1DXAiJW_JPTgzH',#5,'CPset_BGT',$,(#4467,#4468,#4469,#4470,#4471,#4472,#4473,#4474,#4475));
#4477=IFCPROPERTYSINGLEVALUE('objectBegintijd',$,IFCLABEL('1317679200000'),$);
#4478=IFCPROPERTYSINGLEVALUE('identificatie',$,IFCIDENTIFIER('NL.IMGeo.G0772.b0d30a13fad94f7ba9ea3aff4682426a'),$);
#4479=IFCPROPERTYSINGLEVALUE('tijdstipRegistratie',$,IFCLABEL('1452169524000'),$);
#4480=IFCPROPERTYSINGLEVALUE('LV-publicatiedatum',$,IFCLABEL('1459857343000'),$);
#4481=IFCPROPERTYSINGLEVALUE('bronhouder',$,IFCLABEL('G0772'),$);
#4482=IFCPROPERTYSINGLEVALUE('inOnderzoek',$,IFCBOOLEAN(.T.),$);
#4483=IFCPROPERTYSINGLEVALUE('relatieveHoogteligging',$,IFCREAL(0.),$);
#4484=IFCPROPERTYSINGLEVALUE('bgt-status',$,IFCLABEL('bestaand'),$);
#4485=IFCPROPERTYSINGLEVALUE('plus-type',$,IFCLABEL('niet-bgt:boom'),$);
#4486=IFCPROPERTYSET('3tytsUiHDCvhLEBZ3tVO4b',#5,'CPset_BGT',$,(#4477,#4478,#4479,#4480,#4481,#4482,#4483,#4484,#4485));
#4487=IFCPROPERTYSINGLEVALUE('objectBegintijd',$,IFCLABEL('1317679200000'),$);
#4488=IFCPROPERTYSINGLEVALUE('identificatie',$,IFCIDENTIFIER('NL.IMGeo.G0772.bd894d686d3445e881a9caf2ef411aa6'),$);
#4489=IFCPROPERTYSINGLEVALUE('tijdstipRegistratie',$,IFCLABEL('1452169524000'),$);
#4490=IFCPROPERTYSINGLEVALUE('LV-publicatiedatum',$,IFCLABEL('1459857343000'),$);
#4491=IFCPROPERTYSINGLEVALUE('bronhouder',$,IFCLABEL('G0772'),$);
#4492=IFCPROPERTYSINGLEVALUE('inOnderzoek',$,IFCBOOLEAN(.T.),$);
#4493=IFCPROPERTYSINGLEVALUE('relatieveHoogteligging',$,IFCREAL(0.),$);
#4494=IFCPROPERTYSINGLEVALUE('bgt-status',$,IFCLABEL('bestaand'),$);
#4495=IFCPROPERTYSINGLEVALUE('plus-type',$,IFCLABEL('niet-bgt:boom'),$);
#4496=IFCPROPERTYSET('3q_on5LIDDQAY6E9QSazjG',#5,'CPset_BGT',$,(#4487,#4488,#4489,#4490,#4491,#4492,#4493,#4494,#4495));
#4497=IFCPROPERTYSINGLEVALUE('objectBegintijd',$,IFCLABEL('1317679200000'),$);
#4498=IFCPROPERTYSINGLEVALUE('identificatie',$,IFCIDENTIFIER('NL.IMGeo.G0772.c5f2838027a74f1baa83bfe9f0807b19'),$);
#4499=IFCPROPERTYSINGLEVALUE('tijdstipRegistratie',$,IFCLABEL('1452169524000'),$);
#4500=IFCPROPERTYSINGLEVALUE('LV-publicatiedatum',$,IFCLABEL('1459857343000'),$);
#4501=IFCPROPERTYSINGLEVALUE('bronhouder',$,IFCLABEL('G0772'),$);
#4502=IFCPROPERTYSINGLEVALUE('inOnderzoek',$,IFCBOOLEAN(.T.),$);
#4503=IFCPROPERTYSINGLEVALUE('relatieveHoogteligging',$,IFCREAL(0.),$);
#4504=IFCPROPERTYSINGLEVALUE('bgt-status',$,IFCLABEL('bestaand'),$);
#4505=IFCPROPERTYSINGLEVALUE('plus-type',$,IFCLABEL('niet-bgt:boom'),$);
#4506=IFCPROPERTYSET('2DiTNpNd12qgYTC9mbELzh',#5,'CPset_BGT',$,(#4497,#4498,#4499,#4500,#4501,#4502,#4503,#4504,#4505));
#4507=IFCPROPERTYSINGLEVALUE('objectBegintijd',$,IFCLABEL('1317679200000'),$);
#4508=IFCPROPERTYSINGLEVALUE('identificatie',$,IFCIDENTIFIER('NL.IMGeo.G0772.e206743c6ae94e57a1e51f222182ac12'),$);
#4509=IFCPROPERTYSINGLEVALUE('tijdstipRegistratie',$,IFCLABEL('1452169524000'),$);
#4510=IFCPROPERTYSINGLEVALUE('LV-publicatiedatum',$,IFCLABEL('1459857343000'),$);
#4511=IFCPROPERTYSINGLEVALUE('bronhouder',$,IFCLABEL('G0772'),$);
#4512=IFCPROPERTYSINGLEVALUE('inOnderzoek',$,IFCBOOLEAN(.T.),$);
#4513=IFCPROPERTYSINGLEVALUE('relatieveHoogteligging',$,IFCREAL(0.),$);
#4514=IFCPROPERTYSINGLEVALUE('bgt-status',$,IFCLABEL('bestaand'),$);
#4515=IFCPROPERTYSINGLEVALUE('plus-type',$,IFCLABEL('niet-bgt:boom'),$);
#4516=IFCPROPERTYSET('0o3JD71rbEHAK8a9N6PDmh',#5,'CPset_BGT',$,(#4507,#4508,#4509,#4510,#4511,#4512,#4513,#4514,#4515));
#4517=IFCPROPERTYSINGLEVALUE('objectBegintijd',$,IFCLABEL('1317679200000'),$);
#4518=IFCPROPERTYSINGLEVALUE('identificatie',$,IFCIDENTIFIER('NL.IMGeo.G0772.060d898a7b534b43b4978beac2ced527'),$);
#4519=IFCPROPERTYSINGLEVALUE('tijdstipRegistratie',$,IFCLABEL('1452169524000'),$);
#4520=IFCPROPERTYSINGLEVALUE('LV-publicatiedatum',$,IFCLABEL('1459857343000'),$);
#4521=IFCPROPERTYSINGLEVALUE('bronhouder',$,IFCLABEL('G0772'),$);
#4522=IFCPROPERTYSINGLEVALUE('inOnderzoek',$,IFCBOOLEAN(.T.),$);
#4523=IFCPROPERTYSINGLEVALUE('relatieveHoogteligging',$,IFCREAL(0.),$);
#4524=IFCPROPERTYSINGLEVALUE('bgt-status',$,IFCLABEL('bestaand'),$);
#4525=IFCPROPERTYSINGLEVALUE('plus-type',$,IFCLABEL('niet-bgt:boom'),$);
#4526=IFCPROPERTYSET('09MpMpouvBzfvDwC4w0N3o',#5,'CPset_BGT',$,(#4517,#4518,#4519,#4520,#4521,#4522,#4523,#4524,#4525));
#4527=IFCPROPERTYSINGLEVALUE('objectBegintijd',$,IFCLABEL('1317679200000'),$);
#4528=IFCPROPERTYSINGLEVALUE('identificatie',$,IFCIDENTIFIER('NL.IMGeo.G0772.13e5bde1c3e0459b921217394502b244'),$);
#4529=IFCPROPERTYSINGLEVALUE('tijdstipRegistratie',$,IFCLABEL('1452169524000'),$);
#4530=IFCPROPERTYSINGLEVALUE('LV-publicatiedatum',$,IFCLABEL('1459857343000'),$);
#4531=IFCPROPERTYSINGLEVALUE('bronhouder',$,IFCLABEL('G0772'),$);
#4532=IFCPROPERTYSINGLEVALUE('inOnderzoek',$,IFCBOOLEAN(.T.),$);
#4533=IFCPROPERTYSINGLEVALUE('relatieveHoogteligging',$,IFCREAL(0.),$);
#4534=IFCPROPERTYSINGLEVALUE('bgt-status',$,IFCLABEL('bestaand'),$);
#4535=IFCPROPERTYSINGLEVALUE('plus-type',$,IFCLABEL('niet-bgt:boom'),$);
#4536=IFCPROPERTYSET('1It2lUTlj5GwphcUPIs_Ea',#5,'CPset_BGT',$,(#4527,#4528,#4529,#4530,#4531,#4532,#4533,#4534,#4535));
#4537=IFCPROPERTYSINGLEVALUE('objectBegintijd',$,IFCLABEL('1317679200000'),$);
#4538=IFCPROPERTYSINGLEVALUE('identificatie',$,IFCIDENTIFIER('NL.IMGeo.G0772.1444bd805ee04bb5bb16d308a7283ca8'),$);
#4539=IFCPROPERTYSINGLEVALUE('tijdstipRegistratie',$,IFCLABEL('1452169524000'),$);
#4540=IFCPROPERTYSINGLEVALUE('LV-publicatiedatum',$,IFCLABEL('1459857343000'),$);
#4541=IFCPROPERTYSINGLEVALUE('bronhouder',$,IFCLABEL('G0772'),$);
#4542=IFCPROPERTYSINGLEVALUE('inOnderzoek',$,IFCBOOLEAN(.T.),$);
#4543=IFCPROPERTYSINGLEVALUE('relatieveHoogteligging',$,IFCREAL(0.),$);
#4544=IFCPROPERTYSINGLEVALUE('bgt-status',$,IFCLABEL('bestaand'),$);
#4545=IFCPROPERTYSINGLEVALUE('plus-type',$,IFCLABEL('niet-bgt:boom'),$);
#4546=IFCPROPERTYSET('3Vnnq1worBWQNt5p7Qtvqv',#5,'CPset_BGT',$,(#4537,#4538,#4539,#4540,#4541,#4542,#4543,#4544,#4545));
#4547=IFCPROPERTYSINGLEVALUE('objectBegintijd',$,IFCLABEL('1317679200000'),$);
#4548=IFCPROPERTYSINGLEVALUE('identificatie',$,IFCIDENTIFIER('NL.IMGeo.G0772.16da7b48e627492eb70accc8008799d1'),$);
#4549=IFCPROPERTYSINGLEVALUE('tijdstipRegistratie',$,IFCLABEL('1452169524000'),$);
#4550=IFCPROPERTYSINGLEVALUE('LV-publicatiedatum',$,IFCLABEL('1459857343000'),$);
#4551=IFCPROPERTYSINGLEVALUE('bronhouder',$,IFCLABEL('G0772'),$);
#4552=IFCPROPERTYSINGLEVALUE('inOnderzoek',$,IFCBOOLEAN(.T.),$);
#4553=IFCPROPERTYSINGLEVALUE('relatieveHoogteligging',$,IFCREAL(0.),$);
#4554=IFCPROPERTYSINGLEVALUE('bgt-status',$,IFCLABEL('bestaand'),$);
#4555=IFCPROPERTYSINGLEVALUE('plus-type',$,IFCLABEL('niet-bgt:boom'),$);
#4556=IFCPROPERTYSET('2c9taEC7P0yPfNRr_B5pPt',#5,'CPset_BGT',$,(#4547,#4548,#4549,#4550,#4551,#4552,#4553,#4554,#4555));
#4557=IFCPROPERTYSINGLEVALUE('objectBegintijd',$,IFCLABEL('1317679200000'),$);
#4558=IFCPROPERTYSINGLEVALUE('identificatie',$,IFCIDENTIFIER('NL.IMGeo.G0772.1ca87203e00d46ce8f344e82ca5704fc'),$);
#4559=IFCPROPERTYSINGLEVALUE('tijdstipRegistratie',$,IFCLABEL('1452169524000'),$);
#4560=IFCPROPERTYSINGLEVALUE('LV-publicatiedatum',$,IFCLABEL('1459857343000'),$);
#4561=IFCPROPERTYSINGLEVALUE('bronhouder',$,IFCLABEL('G0772'),$);
#4562=IFCPROPERTYSINGLEVALUE('inOnderzoek',$,IFCBOOLEAN(.T.),$);
#4563=IFCPROPERTYSINGLEVALUE('relatieveHoogteligging',$,IFCREAL(0.),$);
#4564=IFCPROPERTYSINGLEVALUE('bgt-status',$,IFCLABEL('bestaand'),$);
#4565=IFCPROPERTYSINGLEVALUE('plus-type',$,IFCLABEL('niet-bgt:boom'),$);
#4566=IFCPROPERTYSET('1anKn6_NT6qAm4cGDpLjRH',#5,'CPset_BGT',$,(#4557,#4558,#4559,#4560,#4561,#4562,#4563,#4564,#4565));
#4567=IFCPROPERTYSINGLEVALUE('objectBegintijd',$,IFCLABEL('1317679200000'),$);
#4568=IFCPROPERTYSINGLEVALUE('identificatie',$,IFCIDENTIFIER('NL.IMGeo.G0772.2e3b0f54e4b6464496b44bf58b7cbc7c'),$);
#4569=IFCPROPERTYSINGLEVALUE('tijdstipRegistratie',$,IFCLABEL('1452169524000'),$);
#4570=IFCPROPERTYSINGLEVALUE('LV-publicatiedatum',$,IFCLABEL('1459857343000'),$);
#4571=IFCPROPERTYSINGLEVALUE('bronhouder',$,IFCLABEL('G0772'),$);
#4572=IFCPROPERTYSINGLEVALUE('inOnderzoek',$,IFCBOOLEAN(.T.),$);
#4573=IFCPROPERTYSINGLEVALUE('relatieveHoogteligging',$,IFCREAL(0.),$);
#4574=IFCPROPERTYSINGLEVALUE('bgt-status',$,IFCLABEL('bestaand'),$);
#4575=IFCPROPERTYSINGLEVALUE('plus-type',$,IFCLABEL('niet-bgt:boom'),$);
#4576=IFCPROPERTYSET('1k6yZDw7HE9PerrDVsv8Uz',#5,'CPset_BGT',$,(#4567,#4568,#4569,#4570,#4571,#4572,#4573,#4574,#4575));
#4577=IFCPROPERTYSINGLEVALUE('objectBegintijd',$,IFCLABEL('1317679200000'),$);
#4578=IFCPROPERTYSINGLEVALUE('identificatie',$,IFCIDENTIFIER('NL.IMGeo.G0772.41fab2e0fea7438bb8f3163e60000f12'),$);
#4579=IFCPROPERTYSINGLEVALUE('tijdstipRegistratie',$,IFCLABEL('1452169524000'),$);
#4580=IFCPROPERTYSINGLEVALUE('LV-publicatiedatum',$,IFCLABEL('1459857343000'),$);
#4581=IFCPROPERTYSINGLEVALUE('bronhouder',$,IFCLABEL('G0772'),$);
#4582=IFCPROPERTYSINGLEVALUE('inOnderzoek',$,IFCBOOLEAN(.T.),$);
#4583=IFCPROPERTYSINGLEVALUE('relatieveHoogteligging',$,IFCREAL(0.),$);
#4584=IFCPROPERTYSINGLEVALUE('bgt-status',$,IFCLABEL('bestaand'),$);
#4585=IFCPROPERTYSINGLEVALUE('plus-type',$,IFCLABEL('niet-bgt:boom'),$);
#4586=IFCPROPERTYSET('18Yz4cKMPEAgei$NZwZ8Ed',#5,'CPset_BGT',$,(#4577,#4578,#4579,#4580,#4581,#4582,#4583,#4584,#4585));
#4587=IFCPROPERTYSINGLEVALUE('objectBegintijd',$,IFCLABEL('1317679200000'),$);
#4588=IFCPROPERTYSINGLEVALUE('identificatie',$,IFCIDENTIFIER('NL.IMGeo.G0772.4c82c740183645038491e1a8c67cf989'),$);
#4589=IFCPROPERTYSINGLEVALUE('tijdstipRegistratie',$,IFCLABEL('1452169524000'),$);
#4590=IFCPROPERTYSINGLEVALUE('LV-publicatiedatum',$,IFCLABEL('1459857343000'),$);
#4591=IFCPROPERTYSINGLEVALUE('bronhouder',$,IFCLABEL('G0772'),$);
#4592=IFCPROPERTYSINGLEVALUE('inOnderzoek',$,IFCBOOLEAN(.T.),$);
#4593=IFCPROPERTYSINGLEVALUE('relatieveHoogteligging',$,IFCREAL(0.),$);
#4594=IFCPROPERTYSINGLEVALUE('bgt-status',$,IFCLABEL('bestaand'),$);
#4595=IFCPROPERTYSINGLEVALUE('plus-type',$,IFCLABEL('niet-bgt:boom'),$);
#4596=IFCPROPERTYSET('0cG3HOX01AgQBhcks94TBQ',#5,'CPset_BGT',$,(#4587,#4588,#4589,#4590,#4591,#4592,#4593,#4594,#4595));
#4597=IFCPROPERTYSINGLEVALUE('objectBegintijd',$,IFCLABEL('1317679200000'),$);
#4598=IFCPROPERTYSINGLEVALUE('identificatie',$,IFCIDENTIFIER('NL.IMGeo.G0772.7a2e52af138449328de315f9ce8fdff3'),$);
#4599=IFCPROPERTYSINGLEVALUE('tijdstipRegistratie',$,IFCLABEL('1452169524000'),$);
#4600=IFCPROPERTYSINGLEVALUE('LV-publicatiedatum',$,IFCLABEL('1459857343000'),$);
#4601=IFCPROPERTYSINGLEVALUE('bronhouder',$,IFCLABEL('G0772'),$);
#4602=IFCPROPERTYSINGLEVALUE('inOnderzoek',$,IFCBOOLEAN(.T.),$);
#4603=IFCPROPERTYSINGLEVALUE('relatieveHoogteligging',$,IFCREAL(0.),$);
#4604=IFCPROPERTYSINGLEVALUE('bgt-status',$,IFCLABEL('bestaand'),$);
#4605=IFCPROPERTYSINGLEVALUE('plus-type',$,IFCLABEL('niet-bgt:boom'),$);
#4606=IFCPROPERTYSET('03pxx4wAP7RfgHwn700Hcz',#5,'CPset_BGT',$,(#4597,#4598,#4599,#4600,#4601,#4602,#4603,#4604,#4605));
#4607=IFCPROPERTYSINGLEVALUE('objectBegintijd',$,IFCLABEL('1317679200000'),$);
#4608=IFCPROPERTYSINGLEVALUE('identificatie',$,IFCIDENTIFIER('NL.IMGeo.G0772.86d3c8b5aa46430a913a361bae0b04a2'),$);
#4609=IFCPROPERTYSINGLEVALUE('tijdstipRegistratie',$,IFCLABEL('1452169524000'),$);
#4610=IFCPROPERTYSINGLEVALUE('LV-publicatiedatum',$,IFCLABEL('1459857343000'),$);
#4611=IFCPROPERTYSINGLEVALUE('bronhouder',$,IFCLABEL('G0772'),$);
#4612=IFCPROPERTYSINGLEVALUE('inOnderzoek',$,IFCBOOLEAN(.T.),$);
#4613=IFCPROPERTYSINGLEVALUE('relatieveHoogteligging',$,IFCREAL(0.),$);
#4614=IFCPROPERTYSINGLEVALUE('bgt-status',$,IFCLABEL('bestaand'),$);
#4615=IFCPROPERTYSINGLEVALUE('plus-type',$,IFCLABEL('niet-bgt:boom'),$);
#4616=IFCPROPERTYSET('2vo0dCT05FkAA$IywdwTTc',#5,'CPset_BGT',$,(#4607,#4608,#4609,#4610,#4611,#4612,#4613,#4614,#4615));
#4617=IFCPROPERTYSINGLEVALUE('objectBegintijd',$,IFCLABEL('1317679200000'),$);
#4618=IFCPROPERTYSINGLEVALUE('identificatie',$,IFCIDENTIFIER('NL.IMGeo.G0772.bdeef70078dc47cd9c7368c96637df9a'),$);
#4619=IFCPROPERTYSINGLEVALUE('tijdstipRegistratie',$,IFCLABEL('1452169524000'),$);
#4620=IFCPROPERTYSINGLEVALUE('LV-publicatiedatum',$,IFCLABEL('1459857343000'),$);
#4621=IFCPROPERTYSINGLEVALUE('bronhouder',$,IFCLABEL('G0772'),$);
#4622=IFCPROPERTYSINGLEVALUE('inOnderzoek',$,IFCBOOLEAN(.T.),$);
#4623=IFCPROPERTYSINGLEVALUE('relatieveHoogteligging',$,IFCREAL(0.),$);
#4624=IFCPROPERTYSINGLEVALUE('bgt-status',$,IFCLABEL('bestaand'),$);
#4625=IFCPROPERTYSINGLEVALUE('plus-type',$,IFCLABEL('niet-bgt:boom'),$);
#4626=IFCPROPERTYSET('3pJpVObqv1y9IS91EC7ztz',#5,'CPset_BGT',$,(#4617,#4618,#4619,#4620,#4621,#4622,#4623,#4624,#4625));
#4627=IFCPROPERTYSINGLEVALUE('objectBegintijd',$,IFCLABEL('1317679200000'),$);
#4628=IFCPROPERTYSINGLEVALUE('identificatie',$,IFCIDENTIFIER('NL.IMGeo.G0772.cdcaa7787e214bb3b1a8e2122dcf6911'),$);
#4629=IFCPROPERTYSINGLEVALUE('tijdstipRegistratie',$,IFCLABEL('1452169524000'),$);
#4630=IFCPROPERTYSINGLEVALUE('LV-publicatiedatum',$,IFCLABEL('1459857343000'),$);
#4631=IFCPROPERTYSINGLEVALUE('bronhouder',$,IFCLABEL('G0772'),$);
#4632=IFCPROPERTYSINGLEVALUE('inOnderzoek',$,IFCBOOLEAN(.T.),$);
#4633=IFCPROPERTYSINGLEVALUE('relatieveHoogteligging',$,IFCREAL(0.),$);
#4634=IFCPROPERTYSINGLEVALUE('bgt-status',$,IFCLABEL('bestaand'),$);
#4635=IFCPROPERTYSINGLEVALUE('plus-type',$,IFCLABEL('niet-bgt:boom'),$);
#4636=IFCPROPERTYSET('2tnYerG$n1$QiCtUKxO_ph',#5,'CPset_BGT',$,(#4627,#4628,#4629,#4630,#4631,#4632,#4633,#4634,#4635));
#4637=IFCPROPERTYSINGLEVALUE('objectBegintijd',$,IFCLABEL('1428357600000'),$);
#4638=IFCPROPERTYSINGLEVALUE('identificatie',$,IFCIDENTIFIER('NL.IMGeo.G0772.d1357185511b408bbb91584316274965'),$);
#4639=IFCPROPERTYSINGLEVALUE('tijdstipRegistratie',$,IFCLABEL('1452169524000'),$);
#4640=IFCPROPERTYSINGLEVALUE('LV-publicatiedatum',$,IFCLABEL('1459857343000'),$);
#4641=IFCPROPERTYSINGLEVALUE('bronhouder',$,IFCLABEL('G0772'),$);
#4642=IFCPROPERTYSINGLEVALUE('inOnderzoek',$,IFCBOOLEAN(.T.),$);
#4643=IFCPROPERTYSINGLEVALUE('relatieveHoogteligging',$,IFCREAL(0.),$);
#4644=IFCPROPERTYSINGLEVALUE('bgt-status',$,IFCLABEL('bestaand'),$);
#4645=IFCPROPERTYSINGLEVALUE('plus-type',$,IFCLABEL('niet-bgt:boom'),$);
#4646=IFCPROPERTYSET('2zWETnNgT9Eevyxsts9zMr',#5,'CPset_BGT',$,(#4637,#4638,#4639,#4640,#4641,#4642,#4643,#4644,#4645));
#4647=IFCPROPERTYSINGLEVALUE('objectBegintijd',$,IFCLABEL('1317679200000'),$);
#4648=IFCPROPERTYSINGLEVALUE('identificatie',$,IFCIDENTIFIER('NL.IMGeo.G0772.da8932445ce3406fa7cb160f79796d01'),$);
#4649=IFCPROPERTYSINGLEVALUE('tijdstipRegistratie',$,IFCLABEL('1452169524000'),$);
#4650=IFCPROPERTYSINGLEVALUE('LV-publicatiedatum',$,IFCLABEL('1459857343000'),$);
#4651=IFCPROPERTYSINGLEVALUE('bronhouder',$,IFCLABEL('G0772'),$);
#4652=IFCPROPERTYSINGLEVALUE('inOnderzoek',$,IFCBOOLEAN(.T.),$);
#4653=IFCPROPERTYSINGLEVALUE('relatieveHoogteligging',$,IFCREAL(0.),$);
#4654=IFCPROPERTYSINGLEVALUE('bgt-status',$,IFCLABEL('bestaand'),$);
#4655=IFCPROPERTYSINGLEVALUE('plus-type',$,IFCLABEL('niet-bgt:boom'),$);
#4656=IFCPROPERTYSET('11hDHlLAL2LOnrz3dEkwT5',#5,'CPset_BGT',$,(#4647,#4648,#4649,#4650,#4651,#4652,#4653,#4654,#4655));
#4657=IFCPROPERTYSINGLEVALUE('objectBegintijd',$,IFCLABEL('1317679200000'),$);
#4658=IFCPROPERTYSINGLEVALUE('identificatie',$,IFCIDENTIFIER('NL.IMGeo.G0772.dc77912ed4734601b461b8b432cb0d30'),$);
#4659=IFCPROPERTYSINGLEVALUE('tijdstipRegistratie',$,IFCLABEL('1452169524000'),$);
#4660=IFCPROPERTYSINGLEVALUE('LV-publicatiedatum',$,IFCLABEL('1459857343000'),$);
#4661=IFCPROPERTYSINGLEVALUE('bronhouder',$,IFCLABEL('G0772'),$);
#4662=IFCPROPERTYSINGLEVALUE('inOnderzoek',$,IFCBOOLEAN(.T.),$);
#4663=IFCPROPERTYSINGLEVALUE('relatieveHoogteligging',$,IFCREAL(0.),$);
#4664=IFCPROPERTYSINGLEVALUE('bgt-status',$,IFCLABEL('bestaand'),$);
#4665=IFCPROPERTYSINGLEVALUE('plus-type',$,IFCLABEL('niet-bgt:boom'),$);
#4666=IFCPROPERTYSET('3$HNdkPwr8ABsoAMlyFJaQ',#5,'CPset_BGT',$,(#4657,#4658,#4659,#4660,#4661,#4662,#4663,#4664,#4665));
#4667=IFCPROPERTYSINGLEVALUE('objectBegintijd',$,IFCLABEL('1317679200000'),$);
#4668=IFCPROPERTYSINGLEVALUE('identificatie',$,IFCIDENTIFIER('NL.IMGeo.G0772.de2a3363e6e94ed28ffbf6463ec48a04'),$);
#4669=IFCPROPERTYSINGLEVALUE('tijdstipRegistratie',$,IFCLABEL('1452169524000'),$);
#4670=IFCPROPERTYSINGLEVALUE('LV-publicatiedatum',$,IFCLABEL('1459857343000'),$);
#4671=IFCPROPERTYSINGLEVALUE('bronhouder',$,IFCLABEL('G0772'),$);
#4672=IFCPROPERTYSINGLEVALUE('inOnderzoek',$,IFCBOOLEAN(.T.),$);
#4673=IFCPROPERTYSINGLEVALUE('relatieveHoogteligging',$,IFCREAL(0.),$);
#4674=IFCPROPERTYSINGLEVALUE('bgt-status',$,IFCLABEL('bestaand'),$);
#4675=IFCPROPERTYSINGLEVALUE('plus-type',$,IFCLABEL('niet-bgt:boom'),$);
#4676=IFCPROPERTYSET('09$uzf2M1F7xq4mH3d4cwQ',#5,'CPset_BGT',$,(#4667,#4668,#4669,#4670,#4671,#4672,#4673,#4674,#4675));
#4677=IFCPROPERTYSINGLEVALUE('objectBegintijd',$,IFCLABEL('1317679200000'),$);
#4678=IFCPROPERTYSINGLEVALUE('identificatie',$,IFCIDENTIFIER('NL.IMGeo.G0772.ecf6f72f287e4987b7d26beb7101f469'),$);
#4679=IFCPROPERTYSINGLEVALUE('tijdstipRegistratie',$,IFCLABEL('1452169524000'),$);
#4680=IFCPROPERTYSINGLEVALUE('LV-publicatiedatum',$,IFCLABEL('1459857343000'),$);
#4681=IFCPROPERTYSINGLEVALUE('bronhouder',$,IFCLABEL('G0772'),$);
#4682=IFCPROPERTYSINGLEVALUE('inOnderzoek',$,IFCBOOLEAN(.T.),$);
#4683=IFCPROPERTYSINGLEVALUE('relatieveHoogteligging',$,IFCREAL(0.),$);
#4684=IFCPROPERTYSINGLEVALUE('bgt-status',$,IFCLABEL('bestaand'),$);
#4685=IFCPROPERTYSINGLEVALUE('plus-type',$,IFCLABEL('niet-bgt:boom'),$);
#4686=IFCPROPERTYSET('0WgAZZmkfA9O4Ote7nAUYW',#5,'CPset_BGT',$,(#4677,#4678,#4679,#4680,#4681,#4682,#4683,#4684,#4685));
#4687=IFCPROPERTYSINGLEVALUE('objectBegintijd',$,IFCLABEL('1317679200000'),$);
#4688=IFCPROPERTYSINGLEVALUE('identificatie',$,IFCIDENTIFIER('NL.IMGeo.G0772.efc0d42d1fd64d8184085a06579be963'),$);
#4689=IFCPROPERTYSINGLEVALUE('tijdstipRegistratie',$,IFCLABEL('1452169524000'),$);
#4690=IFCPROPERTYSINGLEVALUE('LV-publicatiedatum',$,IFCLABEL('1459857343000'),$);
#4691=IFCPROPERTYSINGLEVALUE('bronhouder',$,IFCLABEL('G0772'),$);
#4692=IFCPROPERTYSINGLEVALUE('inOnderzoek',$,IFCBOOLEAN(.T.),$);
#4693=IFCPROPERTYSINGLEVALUE('relatieveHoogteligging',$,IFCREAL(0.),$);
#4694=IFCPROPERTYSINGLEVALUE('bgt-status',$,IFCLABEL('bestaand'),$);
#4695=IFCPROPERTYSINGLEVALUE('plus-type',$,IFCLABEL('niet-bgt:boom'),$);
#4696=IFCPROPERTYSET('3yDVgIYzr3RRrULoEHX3R7',#5,'CPset_BGT',$,(#4687,#4688,#4689,#4690,#4691,#4692,#4693,#4694,#4695));
#4697=IFCPROPERTYSINGLEVALUE('objectBegintijd',$,IFCLABEL('1317679200000'),$);
#4698=IFCPROPERTYSINGLEVALUE('identificatie',$,IFCIDENTIFIER('NL.IMGeo.G0772.f35846a50c114882ac886e61b8cc8ada'),$);
#4699=IFCPROPERTYSINGLEVALUE('tijdstipRegistratie',$,IFCLABEL('1452169524000'),$);
#4700=IFCPROPERTYSINGLEVALUE('LV-publicatiedatum',$,IFCLABEL('1459857343000'),$);
#4701=IFCPROPERTYSINGLEVALUE('bronhouder',$,IFCLABEL('G0772'),$);
#4702=IFCPROPERTYSINGLEVALUE('inOnderzoek',$,IFCBOOLEAN(.T.),$);
#4703=IFCPROPERTYSINGLEVALUE('relatieveHoogteligging',$,IFCREAL(0.),$);
#4704=IFCPROPERTYSINGLEVALUE('bgt-status',$,IFCLABEL('bestaand'),$);
#4705=IFCPROPERTYSINGLEVALUE('plus-type',$,IFCLABEL('niet-bgt:boom'),$);
#4706=IFCPROPERTYSET('2iobzkQsvCLvaRyy1a91N$',#5,'CPset_BGT',$,(#4697,#4698,#4699,#4700,#4701,#4702,#4703,#4704,#4705));
#4707=IFCPROPERTYSINGLEVALUE('objectBegintijd',$,IFCLABEL('1159221600000'),$);
#4708=IFCPROPERTYSINGLEVALUE('identificatie',$,IFCIDENTIFIER('NL.IMGeo.G0772.008c75fc547d4bf49cf1efd212b8068a'),$);
#4709=IFCPROPERTYSINGLEVALUE('tijdstipRegistratie',$,IFCLABEL('1452338115000'),$);
#4710=IFCPROPERTYSINGLEVALUE('LV-publicatiedatum',$,IFCLABEL('1460548866000'),$);
#4711=IFCPROPERTYSINGLEVALUE('bronhouder',$,IFCLABEL('G0772'),$);
#4712=IFCPROPERTYSINGLEVALUE('inOnderzoek',$,IFCBOOLEAN(.T.),$);
#4713=IFCPROPERTYSINGLEVALUE('relatieveHoogteligging',$,IFCREAL(0.),$);
#4714=IFCPROPERTYSINGLEVALUE('bgt-status',$,IFCLABEL('bestaand'),$);
#4715=IFCPROPERTYSINGLEVALUE('plus-type',$,IFCLABEL('niet-bgt:boom'),$);
#4716=IFCPROPERTYSET('3k_G8i9kHDfBrY$KMvWy$I',#5,'CPset_BGT',$,(#4707,#4708,#4709,#4710,#4711,#4712,#4713,#4714,#4715));
#4717=IFCPROPERTYSINGLEVALUE('objectBegintijd',$,IFCLABEL('1159221600000'),$);
#4718=IFCPROPERTYSINGLEVALUE('identificatie',$,IFCIDENTIFIER('NL.IMGeo.G0772.0368cfb30d864d30ad6b7daba56af1de'),$);
#4719=IFCPROPERTYSINGLEVALUE('tijdstipRegistratie',$,IFCLABEL('1452338115000'),$);
#4720=IFCPROPERTYSINGLEVALUE('LV-publicatiedatum',$,IFCLABEL('1460548866000'),$);
#4721=IFCPROPERTYSINGLEVALUE('bronhouder',$,IFCLABEL('G0772'),$);
#4722=IFCPROPERTYSINGLEVALUE('inOnderzoek',$,IFCBOOLEAN(.T.),$);
#4723=IFCPROPERTYSINGLEVALUE('relatieveHoogteligging',$,IFCREAL(0.),$);
#4724=IFCPROPERTYSINGLEVALUE('bgt-status',$,IFCLABEL('bestaand'),$);
#4725=IFCPROPERTYSINGLEVALUE('plus-type',$,IFCLABEL('niet-bgt:boom'),$);
#4726=IFCPROPERTYSET('2KaYkQrWv5CRiAfY3U4L9X',#5,'CPset_BGT',$,(#4717,#4718,#4719,#4720,#4721,#4722,#4723,#4724,#4725));
#4727=IFCPROPERTYSINGLEVALUE('objectBegintijd',$,IFCLABEL('1159221600000'),$);
#4728=IFCPROPERTYSINGLEVALUE('identificatie',$,IFCIDENTIFIER('NL.IMGeo.G0772.0490d2eda4fd4cfd8cd34053977f1460'),$);
#4729=IFCPROPERTYSINGLEVALUE('tijdstipRegistratie',$,IFCLABEL('1452338115000'),$);
#4730=IFCPROPERTYSINGLEVALUE('LV-publicatiedatum',$,IFCLABEL('1460548866000'),$);
#4731=IFCPROPERTYSINGLEVALUE('bronhouder',$,IFCLABEL('G0772'),$);
#4732=IFCPROPERTYSINGLEVALUE('inOnderzoek',$,IFCBOOLEAN(.T.),$);
#4733=IFCPROPERTYSINGLEVALUE('relatieveHoogteligging',$,IFCREAL(0.),$);
#4734=IFCPROPERTYSINGLEVALUE('bgt-status',$,IFCLABEL('bestaand'),$);
#4735=IFCPROPERTYSINGLEVALUE('plus-type',$,IFCLABEL('niet-bgt:boom'),$);
#4736=IFCPROPERTYSET('0d$KunzG98GQBw_rqZiXob',#5,'CPset_BGT',$,(#4727,#4728,#4729,#4730,#4731,#4732,#4733,#4734,#4735));
#4737=IFCPROPERTYSINGLEVALUE('objectBegintijd',$,IFCLABEL('1159221600000'),$);
#4738=IFCPROPERTYSINGLEVALUE('identificatie',$,IFCIDENTIFIER('NL.IMGeo.G0772.04fa787f151a47afa6f3ecfc392d72a8'),$);
#4739=IFCPROPERTYSINGLEVALUE('tijdstipRegistratie',$,IFCLABEL('1452338115000'),$);
#4740=IFCPROPERTYSINGLEVALUE('LV-publicatiedatum',$,IFCLABEL('1460548866000'),$);
#4741=IFCPROPERTYSINGLEVALUE('bronhouder',$,IFCLABEL('G0772'),$);
#4742=IFCPROPERTYSINGLEVALUE('inOnderzoek',$,IFCBOOLEAN(.T.),$);
#4743=IFCPROPERTYSINGLEVALUE('relatieveHoogteligging',$,IFCREAL(0.),$);
#4744=IFCPROPERTYSINGLEVALUE('bgt-status',$,IFCLABEL('bestaand'),$);
#4745=IFCPROPERTYSINGLEVALUE('plus-type',$,IFCLABEL('niet-bgt:boom'),$);
#4746=IFCPROPERTYSET('3H8W8sXBHAtR9d3NklKC0u',#5,'CPset_BGT',$,(#4737,#4738,#4739,#4740,#4741,#4742,#4743,#4744,#4745));
#4747=IFCPROPERTYSINGLEVALUE('objectBegintijd',$,IFCLABEL('1300230000000'),$);
#4748=IFCPROPERTYSINGLEVALUE('identificatie',$,IFCIDENTIFIER('NL.IMGeo.G0772.06b7fa27148b4fcda07a1f7f0ac289af'),$);
#4749=IFCPROPERTYSINGLEVALUE('tijdstipRegistratie',$,IFCLABEL('1452338115000'),$);
#4750=IFCPROPERTYSINGLEVALUE('LV-publicatiedatum',$,IFCLABEL('1460548866000'),$);
#4751=IFCPROPERTYSINGLEVALUE('bronhouder',$,IFCLABEL('G0772'),$);
#4752=IFCPROPERTYSINGLEVALUE('inOnderzoek',$,IFCBOOLEAN(.T.),$);
#4753=IFCPROPERTYSINGLEVALUE('relatieveHoogteligging',$,IFCREAL(0.),$);
#4754=IFCPROPERTYSINGLEVALUE('bgt-status',$,IFCLABEL('bestaand'),$);
#4755=IFCPROPERTYSINGLEVALUE('plus-type',$,IFCLABEL('niet-bgt:boom'),$);
#4756=IFCPROPERTYSET('3APVQNm$9C8gO3QsQCnL3E',#5,'CPset_BGT',$,(#4747,#4748,#4749,#4750,#4751,#4752,#4753,#4754,#4755));
#4757=IFCPROPERTYSINGLEVALUE('objectBegintijd',$,IFCLABEL('1374184800000'),$);
#4758=IFCPROPERTYSINGLEVALUE('identificatie',$,IFCIDENTIFIER('NL.IMGeo.G0772.09cac1104f364182955825c21cb68db1'),$);
#4759=IFCPROPERTYSINGLEVALUE('tijdstipRegistratie',$,IFCLABEL('1452338115000'),$);
#4760=IFCPROPERTYSINGLEVALUE('LV-publicatiedatum',$,IFCLABEL('1460548866000'),$);
#4761=IFCPROPERTYSINGLEVALUE('bronhouder',$,IFCLABEL('G0772'),$);
#4762=IFCPROPERTYSINGLEVALUE('inOnderzoek',$,IFCBOOLEAN(.T.),$);
#4763=IFCPROPERTYSINGLEVALUE('relatieveHoogteligging',$,IFCREAL(0.),$);
#4764=IFCPROPERTYSINGLEVALUE('bgt-status',$,IFCLABEL('bestaand'),$);
#4765=IFCPROPERTYSINGLEVALUE('plus-type',$,IFCLABEL('niet-bgt:boom'),$);
#4766=IFCPROPERTYSET('3n$E2iJqL8kOodqwD4c8fG',#5,'CPset_BGT',$,(#4757,#4758,#4759,#4760,#4761,#4762,#4763,#4764,#4765));
#4767=IFCPROPERTYSINGLEVALUE('objectBegintijd',$,IFCLABEL('1214776800000'),$);
#4768=IFCPROPERTYSINGLEVALUE('identificatie',$,IFCIDENTIFIER('NL.IMGeo.G0772.09e6b8d446f24e818c6ff50fff187ba9'),$);
#4769=IFCPROPERTYSINGLEVALUE('tijdstipRegistratie',$,IFCLABEL('1452338115000'),$);
#4770=IFCPROPERTYSINGLEVALUE('LV-publicatiedatum',$,IFCLABEL('1460548866000'),$);
#4771=IFCPROPERTYSINGLEVALUE('bronhouder',$,IFCLABEL('G0772'),$);
#4772=IFCPROPERTYSINGLEVALUE('inOnderzoek',$,IFCBOOLEAN(.T.),$);
#4773=IFCPROPERTYSINGLEVALUE('relatieveHoogteligging',$,IFCREAL(0.),$);
#4774=IFCPROPERTYSINGLEVALUE('bgt-status',$,IFCLABEL('bestaand'),$);
#4775=IFCPROPERTYSINGLEVALUE('plus-type',$,IFCLABEL('niet-bgt:boom'),$);
#4776=IFCPROPERTYSET('1B6s3pz9L09A1ee3TNm07w',#5,'CPset_BGT',$,(#4767,#4768,#4769,#4770,#4771,#4772,#4773,#4774,#4775));
#4777=IFCPROPERTYSINGLEVALUE('objectBegintijd',$,IFCLABEL('1300230000000'),$);
#4778=IFCPROPERTYSINGLEVALUE('identificatie',$,IFCIDENTIFIER('NL.IMGeo.G0772.0a4a928adc2f42b6894b32938987e90f'),$);
#4779=IFCPROPERTYSINGLEVALUE('tijdstipRegistratie',$,IFCLABEL('1452338115000'),$);
#4780=IFCPROPERTYSINGLEVALUE('LV-publicatiedatum',$,IFCLABEL('1460548866000'),$);
#4781=IFCPROPERTYSINGLEVALUE('bronhouder',$,IFCLABEL('G0772'),$);
#4782=IFCPROPERTYSINGLEVALUE('inOnderzoek',$,IFCBOOLEAN(.T.),$);
#4783=IFCPROPERTYSINGLEVALUE('relatieveHoogteligging',$,IFCREAL(0.),$);
#4784=IFCPROPERTYSINGLEVALUE('bgt-status',$,IFCLABEL('bestaand'),$);
#4785=IFCPROPERTYSINGLEVALUE('plus-type',$,IFCLABEL('niet-bgt:boom'),$);
#4786=IFCPROPERTYSET('39DG3HsXzAmRDnwRjB__UM',#5,'CPset_BGT',$,(#4777,#4778,#4779,#4780,#4781,#4782,#4783,#4784,#4785));
#4787=IFCPROPERTYSINGLEVALUE('objectBegintijd',$,IFCLABEL('1159221600000'),$);
#4788=IFCPROPERTYSINGLEVALUE('identificatie',$,IFCIDENTIFIER('NL.IMGeo.G0772.0c26c210f17143a6b331e12a18d05b6b'),$);
#4789=IFCPROPERTYSINGLEVALUE('tijdstipRegistratie',$,IFCLABEL('1452338115000'),$);
#4790=IFCPROPERTYSINGLEVALUE('LV-publicatiedatum',$,IFCLABEL('1460548866000'),$);
#4791=IFCPROPERTYSINGLEVALUE('bronhouder',$,IFCLABEL('G0772'),$);
#4792=IFCPROPERTYSINGLEVALUE('inOnderzoek',$,IFCBOOLEAN(.T.),$);
#4793=IFCPROPERTYSINGLEVALUE('relatieveHoogteligging',$,IFCREAL(0.),$);
#4794=IFCPROPERTYSINGLEVALUE('bgt-status',$,IFCLABEL('bestaand'),$);
#4795=IFCPROPERTYSINGLEVALUE('plus-type',$,IFCLABEL('niet-bgt:boom'),$);
#4796=IFCPROPERTYSET('3GzdmV9RX2WR3qg42T46TR',#5,'CPset_BGT',$,(#4787,#4788,#4789,#4790,#4791,#4792,#4793,#4794,#4795));
#4797=IFCPROPERTYSINGLEVALUE('objectBegintijd',$,IFCLABEL('1430258400000'),$);
#4798=IFCPROPERTYSINGLEVALUE('identificatie',$,IFCIDENTIFIER('NL.IMGeo.G0772.0f0df2502e3840c88b6bbadaa3b425da'),$);
#4799=IFCPROPERTYSINGLEVALUE('tijdstipRegistratie',$,IFCLABEL('1452338115000'),$);
#4800=IFCPROPERTYSINGLEVALUE('LV-publicatiedatum',$,IFCLABEL('1460548866000'),$);
#4801=IFCPROPERTYSINGLEVALUE('bronhouder',$,IFCLABEL('G0772'),$);
#4802=IFCPROPERTYSINGLEVALUE('inOnderzoek',$,IFCBOOLEAN(.T.),$);
#4803=IFCPROPERTYSINGLEVALUE('relatieveHoogteligging',$,IFCREAL(0.),$);
#4804=IFCPROPERTYSINGLEVALUE('bgt-status',$,IFCLABEL('bestaand'),$);
#4805=IFCPROPERTYSINGLEVALUE('plus-type',$,IFCLABEL('niet-bgt:boom'),$);
#4806=IFCPROPERTYSET('2O7NJvgI5EFfl6ZlYzrQgB',#5,'CPset_BGT',$,(#4797,#4798,#4799,#4800,#4801,#4802,#4803,#4804,#4805));
#4807=IFCPROPERTYSINGLEVALUE('objectBegintijd',$,IFCLABEL('1389826800000'),$);
#4808=IFCPROPERTYSINGLEVALUE('identificatie',$,IFCIDENTIFIER('NL.IMGeo.G0772.0f51fc3767354cc6b490172a62487afb'),$);
#4809=IFCPROPERTYSINGLEVALUE('tijdstipRegistratie',$,IFCLABEL('1452338115000'),$);
#4810=IFCPROPERTYSINGLEVALUE('LV-publicatiedatum',$,IFCLABEL('1460548866000'),$);
#4811=IFCPROPERTYSINGLEVALUE('bronhouder',$,IFCLABEL('G0772'),$);
#4812=IFCPROPERTYSINGLEVALUE('inOnderzoek',$,IFCBOOLEAN(.T.),$);
#4813=IFCPROPERTYSINGLEVALUE('relatieveHoogteligging',$,IFCREAL(0.),$);
#4814=IFCPROPERTYSINGLEVALUE('bgt-status',$,IFCLABEL('bestaand'),$);
#4815=IFCPROPERTYSINGLEVALUE('plus-type',$,IFCLABEL('niet-bgt:boom'),$);
#4816=IFCPROPERTYSET('3HZt_Gbif3Bv5Sypxs$MLK',#5,'CPset_BGT',$,(#4807,#4808,#4809,#4810,#4811,#4812,#4813,#4814,#4815));
#4817=IFCPROPERTYSINGLEVALUE('objectBegintijd',$,IFCLABEL('1159221600000'),$);
#4818=IFCPROPERTYSINGLEVALUE('identificatie',$,IFCIDENTIFIER('NL.IMGeo.G0772.106238cf5ae247c3a846e0e89c17042f'),$);
#4819=IFCPROPERTYSINGLEVALUE('tijdstipRegistratie',$,IFCLABEL('1452338115000'),$);
#4820=IFCPROPERTYSINGLEVALUE('LV-publicatiedatum',$,IFCLABEL('1460548866000'),$);
#4821=IFCPROPERTYSINGLEVALUE('bronhouder',$,IFCLABEL('G0772'),$);
#4822=IFCPROPERTYSINGLEVALUE('inOnderzoek',$,IFCBOOLEAN(.T.),$);
#4823=IFCPROPERTYSINGLEVALUE('relatieveHoogteligging',$,IFCREAL(0.),$);
#4824=IFCPROPERTYSINGLEVALUE('bgt-status',$,IFCLABEL('bestaand'),$);
#4825=IFCPROPERTYSINGLEVALUE('plus-type',$,IFCLABEL('niet-bgt:boom'),$);
#4826=IFCPROPERTYSET('0B6uidNW58bxkxjhJvcEAS',#5,'CPset_BGT',$,(#4817,#4818,#4819,#4820,#4821,#4822,#4823,#4824,#4825));
#4827=IFCPROPERTYSINGLEVALUE('objectBegintijd',$,IFCLABEL('1159221600000'),$);
#4828=IFCPROPERTYSINGLEVALUE('identificatie',$,IFCIDENTIFIER('NL.IMGeo.G0772.1626d9cffb0d4881b3bb34e5cf923841'),$);
#4829=IFCPROPERTYSINGLEVALUE('tijdstipRegistratie',$,IFCLABEL('1452338115000'),$);
#4830=IFCPROPERTYSINGLEVALUE('LV-publicatiedatum',$,IFCLABEL('1460548866000'),$);
#4831=IFCPROPERTYSINGLEVALUE('bronhouder',$,IFCLABEL('G0772'),$);
#4832=IFCPROPERTYSINGLEVALUE('inOnderzoek',$,IFCBOOLEAN(.T.),$);
#4833=IFCPROPERTYSINGLEVALUE('relatieveHoogteligging',$,IFCREAL(0.),$);
#4834=IFCPROPERTYSINGLEVALUE('bgt-status',$,IFCLABEL('bestaand'),$);
#4835=IFCPROPERTYSINGLEVALUE('plus-type',$,IFCLABEL('niet-bgt:boom'),$);
#4836=IFCPROPERTYSET('2RPmoO7VrBPwMGqwDtpvYV',#5,'CPset_BGT',$,(#4827,#4828,#4829,#4830,#4831,#4832,#4833,#4834,#4835));
#4837=IFCPROPERTYSINGLEVALUE('objectBegintijd',$,IFCLABEL('1159221600000'),$);
#4838=IFCPROPERTYSINGLEVALUE('identificatie',$,IFCIDENTIFIER('NL.IMGeo.G0772.18bdb9e8e0dd46ad8be815136c7b6620'),$);
#4839=IFCPROPERTYSINGLEVALUE('tijdstipRegistratie',$,IFCLABEL('1452338115000'),$);
#4840=IFCPROPERTYSINGLEVALUE('LV-publicatiedatum',$,IFCLABEL('1460548866000'),$);
#4841=IFCPROPERTYSINGLEVALUE('bronhouder',$,IFCLABEL('G0772'),$);
#4842=IFCPROPERTYSINGLEVALUE('inOnderzoek',$,IFCBOOLEAN(.T.),$);
#4843=IFCPROPERTYSINGLEVALUE('relatieveHoogteligging',$,IFCREAL(0.),$);
#4844=IFCPROPERTYSINGLEVALUE('bgt-status',$,IFCLABEL('bestaand'),$);
#4845=IFCPROPERTYSINGLEVALUE('plus-type',$,IFCLABEL('niet-bgt:boom'),$);
#4846=IFCPROPERTYSET('2jxt5bqRrFc8IGvfOxMYWk',#5,'CPset_BGT',$,(#4837,#4838,#4839,#4840,#4841,#4842,#4843,#4844,#4845));
#4847=IFCPROPERTYSINGLEVALUE('objectBegintijd',$,IFCLABEL('1413151200000'),$);
#4848=IFCPROPERTYSINGLEVALUE('identificatie',$,IFCIDENTIFIER('NL.IMGeo.G0772.18fd96747599417abc800fb0c5ddad5c'),$);
#4849=IFCPROPERTYSINGLEVALUE('tijdstipRegistratie',$,IFCLABEL('1452338115000'),$);
#4850=IFCPROPERTYSINGLEVALUE('LV-publicatiedatum',$,IFCLABEL('1460548866000'),$);
#4851=IFCPROPERTYSINGLEVALUE('bronhouder',$,IFCLABEL('G0772'),$);
#4852=IFCPROPERTYSINGLEVALUE('inOnderzoek',$,IFCBOOLEAN(.T.),$);
#4853=IFCPROPERTYSINGLEVALUE('relatieveHoogteligging',$,IFCREAL(0.),$);
#4854=IFCPROPERTYSINGLEVALUE('bgt-status',$,IFCLABEL('bestaand'),$);
#4855=IFCPROPERTYSINGLEVALUE('plus-type',$,IFCLABEL('niet-bgt:boom'),$);
#4856=IFCPROPERTYSET('3Uqanfv99CJ8hPRrTUd3Bu',#5,'CPset_BGT',$,(#4847,#4848,#4849,#4850,#4851,#4852,#4853,#4854,#4855));
#4857=IFCPROPERTYSINGLEVALUE('objectBegintijd',$,IFCLABEL('1159221600000'),$);
#4858=IFCPROPERTYSINGLEVALUE('identificatie',$,IFCIDENTIFIER('NL.IMGeo.G0772.1ace7d45d6d4480aa2b51f42af506db6'),$);
#4859=IFCPROPERTYSINGLEVALUE('tijdstipRegistratie',$,IFCLABEL('1452338115000'),$);
#4860=IFCPROPERTYSINGLEVALUE('LV-publicatiedatum',$,IFCLABEL('1460548866000'),$);
#4861=IFCPROPERTYSINGLEVALUE('bronhouder',$,IFCLABEL('G0772'),$);
#4862=IFCPROPERTYSINGLEVALUE('inOnderzoek',$,IFCBOOLEAN(.T.),$);
#4863=IFCPROPERTYSINGLEVALUE('relatieveHoogteligging',$,IFCREAL(0.),$);
#4864=IFCPROPERTYSINGLEVALUE('bgt-status',$,IFCLABEL('bestaand'),$);
#4865=IFCPROPERTYSINGLEVALUE('plus-type',$,IFCLABEL('niet-bgt:boom'),$);
#4866=IFCPROPERTYSET('0KLOSm4JT0WAmzmi1v1TgV',#5,'CPset_BGT',$,(#4857,#4858,#4859,#4860,#4861,#4862,#4863,#4864,#4865));
#4867=IFCPROPERTYSINGLEVALUE('objectBegintijd',$,IFCLABEL('1159221600000'),$);
#4868=IFCPROPERTYSINGLEVALUE('identificatie',$,IFCIDENTIFIER('NL.IMGeo.G0772.1afcde54ecf146b9bc77e9b07278356a'),$);
#4869=IFCPROPERTYSINGLEVALUE('tijdstipRegistratie',$,IFCLABEL('1452338115000'),$);
#4870=IFCPROPERTYSINGLEVALUE('LV-publicatiedatum',$,IFCLABEL('1460548866000'),$);
#4871=IFCPROPERTYSINGLEVALUE('bronhouder',$,IFCLABEL('G0772'),$);
#4872=IFCPROPERTYSINGLEVALUE('inOnderzoek',$,IFCBOOLEAN(.T.),$);
#4873=IFCPROPERTYSINGLEVALUE('relatieveHoogteligging',$,IFCREAL(0.),$);
#4874=IFCPROPERTYSINGLEVALUE('bgt-status',$,IFCLABEL('bestaand'),$);
#4875=IFCPROPERTYSINGLEVALUE('plus-type',$,IFCLABEL('niet-bgt:boom'),$);
#4876=IFCPROPERTYSET('3P6DyZltTA$OVaW0bRNITQ',#5,'CPset_BGT',$,(#4867,#4868,#4869,#4870,#4871,#4872,#4873,#4874,#4875));
#4877=IFCPROPERTYSINGLEVALUE('objectBegintijd',$,IFCLABEL('1159221600000'),$);
#4878=IFCPROPERTYSINGLEVALUE('identificatie',$,IFCIDENTIFIER('NL.IMGeo.G0772.1c4aefc7bee346beaba5d64b4ec71e15'),$);
#4879=IFCPROPERTYSINGLEVALUE('tijdstipRegistratie',$,IFCLABEL('1452338115000'),$);
#4880=IFCPROPERTYSINGLEVALUE('LV-publicatiedatum',$,IFCLABEL('1460548866000'),$);
#4881=IFCPROPERTYSINGLEVALUE('bronhouder',$,IFCLABEL('G0772'),$);
#4882=IFCPROPERTYSINGLEVALUE('inOnderzoek',$,IFCBOOLEAN(.T.),$);
#4883=IFCPROPERTYSINGLEVALUE('relatieveHoogteligging',$,IFCREAL(0.),$);
#4884=IFCPROPERTYSINGLEVALUE('bgt-status',$,IFCLABEL('bestaand'),$);
#4885=IFCPROPERTYSINGLEVALUE('plus-type',$,IFCLABEL('niet-bgt:boom'),$);
#4886=IFCPROPERTYSET('03Ur5SiHfESwGypaZFzFNo',#5,'CPset_BGT',$,(#4877,#4878,#4879,#4880,#4881,#4882,#4883,#4884,#4885));
#4887=IFCPROPERTYSINGLEVALUE('objectBegintijd',$,IFCLABEL('1300230000000'),$);
#4888=IFCPROPERTYSINGLEVALUE('identificatie',$,IFCIDENTIFIER('NL.IMGeo.G0772.1ce0697072d04d6fac2a71b5a5f5aa34'),$);
#4889=IFCPROPERTYSINGLEVALUE('tijdstipRegistratie',$,IFCLABEL('1452338115000'),$);
#4890=IFCPROPERTYSINGLEVALUE('LV-publicatiedatum',$,IFCLABEL('1460548866000'),$);
#4891=IFCPROPERTYSINGLEVALUE('bronhouder',$,IFCLABEL('G0772'),$);
#4892=IFCPROPERTYSINGLEVALUE('inOnderzoek',$,IFCBOOLEAN(.T.),$);
#4893=IFCPROPERTYSINGLEVALUE('relatieveHoogteligging',$,IFCREAL(0.),$);
#4894=IFCPROPERTYSINGLEVALUE('bgt-status',$,IFCLABEL('bestaand'),$);
#4895=IFCPROPERTYSINGLEVALUE('plus-type',$,IFCLABEL('niet-bgt:boom'),$);
#4896=IFCPROPERTYSET('1VMZo99LzEnBR8wduXy7T0',#5,'CPset_BGT',$,(#4887,#4888,#4889,#4890,#4891,#4892,#4893,#4894,#4895));
#4897=IFCPROPERTYSINGLEVALUE('objectBegintijd',$,IFCLABEL('1430258400000'),$);
#4898=IFCPROPERTYSINGLEVALUE('identificatie',$,IFCIDENTIFIER('NL.IMGeo.G0772.1fd77eb3cad54c67a48999bb1a88d7cf'),$);
#4899=IFCPROPERTYSINGLEVALUE('tijdstipRegistratie',$,IFCLABEL('1452338115000'),$);
#4900=IFCPROPERTYSINGLEVALUE('LV-publicatiedatum',$,IFCLABEL('1460548866000'),$);
#4901=IFCPROPERTYSINGLEVALUE('bronhouder',$,IFCLABEL('G0772'),$);
#4902=IFCPROPERTYSINGLEVALUE('inOnderzoek',$,IFCBOOLEAN(.T.),$);
#4903=IFCPROPERTYSINGLEVALUE('relatieveHoogteligging',$,IFCREAL(0.),$);
#4904=IFCPROPERTYSINGLEVALUE('bgt-status',$,IFCLABEL('bestaand'),$);
#4905=IFCPROPERTYSINGLEVALUE('plus-type',$,IFCLABEL('niet-bgt:boom'),$);
#4906=IFCPROPERTYSET('18rp2EAgr8YALp1AtpAcsF',#5,'CPset_BGT',$,(#4897,#4898,#4899,#4900,#4901,#4902,#4903,#4904,#4905));
#4907=IFCPROPERTYSINGLEVALUE('objectBegintijd',$,IFCLABEL('1413151200000'),$);
#4908=IFCPROPERTYSINGLEVALUE('identificatie',$,IFCIDENTIFIER('NL.IMGeo.G0772.214821881d2246e3ba5f3f2e682acbdb'),$);
#4909=IFCPROPERTYSINGLEVALUE('tijdstipRegistratie',$,IFCLABEL('1452338115000'),$);
#4910=IFCPROPERTYSINGLEVALUE('LV-publicatiedatum',$,IFCLABEL('1460548866000'),$);
#4911=IFCPROPERTYSINGLEVALUE('bronhouder',$,IFCLABEL('G0772'),$);
#4912=IFCPROPERTYSINGLEVALUE('inOnderzoek',$,IFCBOOLEAN(.T.),$);
#4913=IFCPROPERTYSINGLEVALUE('relatieveHoogteligging',$,IFCREAL(0.),$);
#4914=IFCPROPERTYSINGLEVALUE('bgt-status',$,IFCLABEL('bestaand'),$);
#4915=IFCPROPERTYSINGLEVALUE('plus-type',$,IFCLABEL('niet-bgt:boom'),$);
#4916=IFCPROPERTYSET('29epQmY8rDpQeyS$u64Zde',#5,'CPset_BGT',$,(#4907,#4908,#4909,#4910,#4911,#4912,#4913,#4914,#4915));
#4917=IFCPROPERTYSINGLEVALUE('objectBegintijd',$,IFCLABEL('1159221600000'),$);
#4918=IFCPROPERTYSINGLEVALUE('identificatie',$,IFCIDENTIFIER('NL.IMGeo.G0772.23b4451534d148b4ab7737dea495b16c'),$);
#4919=IFCPROPERTYSINGLEVALUE('tijdstipRegistratie',$,IFCLABEL('1452338115000'),$);
#4920=IFCPROPERTYSINGLEVALUE('LV-publicatiedatum',$,IFCLABEL('1460548866000'),$);
#4921=IFCPROPERTYSINGLEVALUE('bronhouder',$,IFCLABEL('G0772'),$);
#4922=IFCPROPERTYSINGLEVALUE('inOnderzoek',$,IFCBOOLEAN(.T.),$);
#4923=IFCPROPERTYSINGLEVALUE('relatieveHoogteligging',$,IFCREAL(0.),$);
#4924=IFCPROPERTYSINGLEVALUE('bgt-status',$,IFCLABEL('bestaand'),$);
#4925=IFCPROPERTYSINGLEVALUE('plus-type',$,IFCLABEL('niet-bgt:boom'),$);
#4926=IFCPROPERTYSET('3vx7Blr$T7jBJlMpByrM5l',#5,'CPset_BGT',$,(#4917,#4918,#4919,#4920,#4921,#4922,#4923,#4924,#4925));
#4927=IFCPROPERTYSINGLEVALUE('objectBegintijd',$,IFCLABEL('1159221600000'),$);
#4928=IFCPROPERTYSINGLEVALUE('identificatie',$,IFCIDENTIFIER('NL.IMGeo.G0772.24e8c80a91364a86a240754c79fe43d6'),$);
#4929=IFCPROPERTYSINGLEVALUE('tijdstipRegistratie',$,IFCLABEL('1452338115000'),$);
#4930=IFCPROPERTYSINGLEVALUE('LV-publicatiedatum',$,IFCLABEL('1460548866000'),$);
#4931=IFCPROPERTYSINGLEVALUE('bronhouder',$,IFCLABEL('G0772'),$);
#4932=IFCPROPERTYSINGLEVALUE('inOnderzoek',$,IFCBOOLEAN(.T.),$);
#4933=IFCPROPERTYSINGLEVALUE('relatieveHoogteligging',$,IFCREAL(0.),$);
#4934=IFCPROPERTYSINGLEVALUE('bgt-status',$,IFCLABEL('bestaand'),$);
#4935=IFCPROPERTYSINGLEVALUE('plus-type',$,IFCLABEL('niet-bgt:boom'),$);
#4936=IFCPROPERTYSET('1xuPVjlgD6hhhmYgA_VJYf',#5,'CPset_BGT',$,(#4927,#4928,#4929,#4930,#4931,#4932,#4933,#4934,#4935));
#4937=IFCPROPERTYSINGLEVALUE('objectBegintijd',$,IFCLABEL('1374184800000'),$);
#4938=IFCPROPERTYSINGLEVALUE('identificatie',$,IFCIDENTIFIER('NL.IMGeo.G0772.255a49442afc4e50a77b86e975f27dfc'),$);
#4939=IFCPROPERTYSINGLEVALUE('tijdstipRegistratie',$,IFCLABEL('1452338115000'),$);
#4940=IFCPROPERTYSINGLEVALUE('LV-publicatiedatum',$,IFCLABEL('1460548866000'),$);
#4941=IFCPROPERTYSINGLEVALUE('bronhouder',$,IFCLABEL('G0772'),$);
#4942=IFCPROPERTYSINGLEVALUE('inOnderzoek',$,IFCBOOLEAN(.T.),$);
#4943=IFCPROPERTYSINGLEVALUE('relatieveHoogteligging',$,IFCREAL(0.),$);
#4944=IFCPROPERTYSINGLEVALUE('bgt-status',$,IFCLABEL('bestaand'),$);
#4945=IFCPROPERTYSINGLEVALUE('plus-type',$,IFCLABEL('niet-bgt:boom'),$);
#4946=IFCPROPERTYSET('1VZeVi$W9118f$ItkysqAE',#5,'CPset_BGT',$,(#4937,#4938,#4939,#4940,#4941,#4942,#4943,#4944,#4945));
#4947=IFCPROPERTYSINGLEVALUE('objectBegintijd',$,IFCLABEL('1159221600000'),$);
#4948=IFCPROPERTYSINGLEVALUE('identificatie',$,IFCIDENTIFIER('NL.IMGeo.G0772.2ccb3d3cc2854eae99dcac2d1fde2e35'),$);
#4949=IFCPROPERTYSINGLEVALUE('tijdstipRegistratie',$,IFCLABEL('1452338115000'),$);
#4950=IFCPROPERTYSINGLEVALUE('LV-publicatiedatum',$,IFCLABEL('1460548866000'),$);
#4951=IFCPROPERTYSINGLEVALUE('bronhouder',$,IFCLABEL('G0772'),$);
#4952=IFCPROPERTYSINGLEVALUE('inOnderzoek',$,IFCBOOLEAN(.T.),$);
#4953=IFCPROPERTYSINGLEVALUE('relatieveHoogteligging',$,IFCREAL(0.),$);
#4954=IFCPROPERTYSINGLEVALUE('bgt-status',$,IFCLABEL('bestaand'),$);
#4955=IFCPROPERTYSINGLEVALUE('plus-type',$,IFCLABEL('niet-bgt:boom'),$);
#4956=IFCPROPERTYSET('002cb$MZL6Mh9lZU9037oW',#5,'CPset_BGT',$,(#4947,#4948,#4949,#4950,#4951,#4952,#4953,#4954,#4955));
#4957=IFCPROPERTYSINGLEVALUE('objectBegintijd',$,IFCLABEL('1159221600000'),$);
#4958=IFCPROPERTYSINGLEVALUE('identificatie',$,IFCIDENTIFIER('NL.IMGeo.G0772.2d7a8977ac2d4ca4878661f01f3a5126'),$);
#4959=IFCPROPERTYSINGLEVALUE('tijdstipRegistratie',$,IFCLABEL('1452338115000'),$);
#4960=IFCPROPERTYSINGLEVALUE('LV-publicatiedatum',$,IFCLABEL('1460548866000'),$);
#4961=IFCPROPERTYSINGLEVALUE('bronhouder',$,IFCLABEL('G0772'),$);
#4962=IFCPROPERTYSINGLEVALUE('inOnderzoek',$,IFCBOOLEAN(.T.),$);
#4963=IFCPROPERTYSINGLEVALUE('relatieveHoogteligging',$,IFCREAL(0.),$);
#4964=IFCPROPERTYSINGLEVALUE('bgt-status',$,IFCLABEL('bestaand'),$);
#4965=IFCPROPERTYSINGLEVALUE('plus-type',$,IFCLABEL('niet-bgt:boom'),$);
#4966=IFCPROPERTYSET('1G$2mBO5jEDvVkgpsLjnLC',#5,'CPset_BGT',$,(#4957,#4958,#4959,#4960,#4961,#4962,#4963,#4964,#4965));
#4967=IFCPROPERTYSINGLEVALUE('objectBegintijd',$,IFCLABEL('1159221600000'),$);
#4968=IFCPROPERTYSINGLEVALUE('identificatie',$,IFCIDENTIFIER('NL.IMGeo.G0772.2f5d8b798fe3453d88f150da9544413b'),$);
#4969=IFCPROPERTYSINGLEVALUE('tijdstipRegistratie',$,IFCLABEL('1452338115000'),$);
#4970=IFCPROPERTYSINGLEVALUE('LV-publicatiedatum',$,IFCLABEL('1460548866000'),$);
#4971=IFCPROPERTYSINGLEVALUE('bronhouder',$,IFCLABEL('G0772'),$);
#4972=IFCPROPERTYSINGLEVALUE('inOnderzoek',$,IFCBOOLEAN(.T.),$);
#4973=IFCPROPERTYSINGLEVALUE('relatieveHoogteligging',$,IFCREAL(0.),$);
#4974=IFCPROPERTYSINGLEVALUE('bgt-status',$,IFCLABEL('bestaand'),$);
#4975=IFCPROPERTYSINGLEVALUE('plus-type',$,IFCLABEL('niet-bgt:boom'),$);
#4976=IFCPROPERTYSET('1R7MpnH218muEu5HEWduYT',#5,'CPset_BGT',$,(#4967,#4968,#4969,#4970,#4971,#4972,#4973,#4974,#4975));
#4977=IFCPROPERTYSINGLEVALUE('objectBegintijd',$,IFCLABEL('1300230000000'),$);
#4978=IFCPROPERTYSINGLEVALUE('identificatie',$,IFCIDENTIFIER('NL.IMGeo.G0772.325223a9c73947208c7a607592321848'),$);
#4979=IFCPROPERTYSINGLEVALUE('tijdstipRegistratie',$,IFCLABEL('1452338115000'),$);
#4980=IFCPROPERTYSINGLEVALUE('LV-publicatiedatum',$,IFCLABEL('1460548866000'),$);
#4981=IFCPROPERTYSINGLEVALUE('bronhouder',$,IFCLABEL('G0772'),$);
#4982=IFCPROPERTYSINGLEVALUE('inOnderzoek',$,IFCBOOLEAN(.T.),$);
#4983=IFCPROPERTYSINGLEVALUE('relatieveHoogteligging',$,IFCREAL(0.),$);
#4984=IFCPROPERTYSINGLEVALUE('bgt-status',$,IFCLABEL('bestaand'),$);
#4985=IFCPROPERTYSINGLEVALUE('plus-type',$,IFCLABEL('niet-bgt:boom'),$);
#4986=IFCPROPERTYSET('1L8vMGYO13dv6j1wXkqMvA',#5,'CPset_BGT',$,(#4977,#4978,#4979,#4980,#4981,#4982,#4983,#4984,#4985));
#4987=IFCPROPERTYSINGLEVALUE('objectBegintijd',$,IFCLABEL('1159221600000'),$);
#4988=IFCPROPERTYSINGLEVALUE('identificatie',$,IFCIDENTIFIER('NL.IMGeo.G0772.339616a45af542a1a476153312a22a5c'),$);
#4989=IFCPROPERTYSINGLEVALUE('tijdstipRegistratie',$,IFCLABEL('1452338115000'),$);
#4990=IFCPROPERTYSINGLEVALUE('LV-publicatiedatum',$,IFCLABEL('1460548866000'),$);
#4991=IFCPROPERTYSINGLEVALUE('bronhouder',$,IFCLABEL('G0772'),$);
#4992=IFCPROPERTYSINGLEVALUE('inOnderzoek',$,IFCBOOLEAN(.T.),$);
#4993=IFCPROPERTYSINGLEVALUE('relatieveHoogteligging',$,IFCREAL(0.),$);
#4994=IFCPROPERTYSINGLEVALUE('bgt-status',$,IFCLABEL('bestaand'),$);
#4995=IFCPROPERTYSINGLEVALUE('plus-type',$,IFCLABEL('niet-bgt:boom'),$);
#4996=IFCPROPERTYSET('2t6dJZWgDBtwmAOG8dr68Z',#5,'CPset_BGT',$,(#4987,#4988,#4989,#4990,#4991,#4992,#4993,#4994,#4995));
#4997=IFCPROPERTYSINGLEVALUE('objectBegintijd',$,IFCLABEL('1300230000000'),$);
#4998=IFCPROPERTYSINGLEVALUE('identificatie',$,IFCIDENTIFIER('NL.IMGeo.G0772.354ea57cfeb34c0bb374bab8df06cea5'),$);
#4999=IFCPROPERTYSINGLEVALUE('tijdstipRegistratie',$,IFCLABEL('1452338115000'),$);
#5000=IFCPROPERTYSINGLEVALUE('LV-publicatiedatum',$,IFCLABEL('1460548866000'),$);
#5001=IFCPROPERTYSINGLEVALUE('bronhouder',$,IFCLABEL('G0772'),$);
#5002=IFCPROPERTYSINGLEVALUE('inOnderzoek',$,IFCBOOLEAN(.T.),$);
#5003=IFCPROPERTYSINGLEVALUE('relatieveHoogteligging',$,IFCREAL(0.),$);
#5004=IFCPROPERTYSINGLEVALUE('bgt-status',$,IFCLABEL('bestaand'),$);
#5005=IFCPROPERTYSINGLEVALUE('plus-type',$,IFCLABEL('niet-bgt:boom'),$);
#5006=IFCPROPERTYSET('0j6yyngQjDYvKWiVJLmkaA',#5,'CPset_BGT',$,(#4997,#4998,#4999,#5000,#5001,#5002,#5003,#5004,#5005));
#5007=IFCPROPERTYSINGLEVALUE('objectBegintijd',$,IFCLABEL('1159221600000'),$);
#5008=IFCPROPERTYSINGLEVALUE('identificatie',$,IFCIDENTIFIER('NL.IMGeo.G0772.3628c8d2eca64709be6a09ff1edd3cd3'),$);
#5009=IFCPROPERTYSINGLEVALUE('tijdstipRegistratie',$,IFCLABEL('1452338115000'),$);
#5010=IFCPROPERTYSINGLEVALUE('LV-publicatiedatum',$,IFCLABEL('1460548866000'),$);
#5011=IFCPROPERTYSINGLEVALUE('bronhouder',$,IFCLABEL('G0772'),$);
#5012=IFCPROPERTYSINGLEVALUE('inOnderzoek',$,IFCBOOLEAN(.T.),$);
#5013=IFCPROPERTYSINGLEVALUE('relatieveHoogteligging',$,IFCREAL(0.),$);
#5014=IFCPROPERTYSINGLEVALUE('bgt-status',$,IFCLABEL('bestaand'),$);
#5015=IFCPROPERTYSINGLEVALUE('plus-type',$,IFCLABEL('niet-bgt:boom'),$);
#5016=IFCPROPERTYSET('3bxeJwO4T1iPLx0DrP9NzB',#5,'CPset_BGT',$,(#5007,#5008,#5009,#5010,#5011,#5012,#5013,#5014,#5015));
#5017=IFCPROPERTYSINGLEVALUE('objectBegintijd',$,IFCLABEL('1413151200000'),$);
#5018=IFCPROPERTYSINGLEVALUE('identificatie',$,IFCIDENTIFIER('NL.IMGeo.G0772.36fa5e7918584b31bbe792099cd7b0e1'),$);
#5019=IFCPROPERTYSINGLEVALUE('tijdstipRegistratie',$,IFCLABEL('1452338115000'),$);
#5020=IFCPROPERTYSINGLEVALUE('LV-publicatiedatum',$,IFCLABEL('1460548866000'),$);
#5021=IFCPROPERTYSINGLEVALUE('bronhouder',$,IFCLABEL('G0772'),$);
#5022=IFCPROPERTYSINGLEVALUE('inOnderzoek',$,IFCBOOLEAN(.T.),$);
#5023=IFCPROPERTYSINGLEVALUE('relatieveHoogteligging',$,IFCREAL(0.),$);
#5024=IFCPROPERTYSINGLEVALUE('bgt-status',$,IFCLABEL('bestaand'),$);
#5025=IFCPROPERTYSINGLEVALUE('plus-type',$,IFCLABEL('niet-bgt:boom'),$);
#5026=IFCPROPERTYSET('2aavPTkHj00OI_ABWN8xYO',#5,'CPset_BGT',$,(#5017,#5018,#5019,#5020,#5021,#5022,#5023,#5024,#5025));
#5027=IFCPROPERTYSINGLEVALUE('objectBegintijd',$,IFCLABEL('1300230000000'),$);
#5028=IFCPROPERTYSINGLEVALUE('identificatie',$,IFCIDENTIFIER('NL.IMGeo.G0772.3743415b8ad4411da146b032897375ef'),$);
#5029=IFCPROPERTYSINGLEVALUE('tijdstipRegistratie',$,IFCLABEL('1452338115000'),$);
#5030=IFCPROPERTYSINGLEVALUE('LV-publicatiedatum',$,IFCLABEL('1460548866000'),$);
#5031=IFCPROPERTYSINGLEVALUE('bronhouder',$,IFCLABEL('G0772'),$);
#5032=IFCPROPERTYSINGLEVALUE('inOnderzoek',$,IFCBOOLEAN(.T.),$);
#5033=IFCPROPERTYSINGLEVALUE('relatieveHoogteligging',$,IFCREAL(0.),$);
#5034=IFCPROPERTYSINGLEVALUE('bgt-status',$,IFCLABEL('bestaand'),$);
#5035=IFCPROPERTYSINGLEVALUE('plus-type',$,IFCLABEL('niet-bgt:boom'),$);
#5036=IFCPROPERTYSET('3uXmBRNsD6ARIQO5w1yrX1',#5,'CPset_BGT',$,(#5027,#5028,#5029,#5030,#5031,#5032,#5033,#5034,#5035));
#5037=IFCPROPERTYSINGLEVALUE('objectBegintijd',$,IFCLABEL('1413151200000'),$);
#5038=IFCPROPERTYSINGLEVALUE('identificatie',$,IFCIDENTIFIER('NL.IMGeo.G0772.3b674cfe3651496e9b6db38e0271afa1'),$);
#5039=IFCPROPERTYSINGLEVALUE('tijdstipRegistratie',$,IFCLABEL('1452338115000'),$);
#5040=IFCPROPERTYSINGLEVALUE('LV-publicatiedatum',$,IFCLABEL('1460548866000'),$);
#5041=IFCPROPERTYSINGLEVALUE('bronhouder',$,IFCLABEL('G0772'),$);
#5042=IFCPROPERTYSINGLEVALUE('inOnderzoek',$,IFCBOOLEAN(.T.),$);
#5043=IFCPROPERTYSINGLEVALUE('relatieveHoogteligging',$,IFCREAL(0.),$);
#5044=IFCPROPERTYSINGLEVALUE('bgt-status',$,IFCLABEL('bestaand'),$);
#5045=IFCPROPERTYSINGLEVALUE('plus-type',$,IFCLABEL('niet-bgt:boom'),$);
#5046=IFCPROPERTYSET('0FUJEb6lXEM952whMbP2qS',#5,'CPset_BGT',$,(#5037,#5038,#5039,#5040,#5041,#5042,#5043,#5044,#5045));
#5047=IFCPROPERTYSINGLEVALUE('objectBegintijd',$,IFCLABEL('1413151200000'),$);
#5048=IFCPROPERTYSINGLEVALUE('identificatie',$,IFCIDENTIFIER('NL.IMGeo.G0772.3d92a36ba76f4099b3e30cc324a23eaa'),$);
#5049=IFCPROPERTYSINGLEVALUE('tijdstipRegistratie',$,IFCLABEL('1452338115000'),$);
#5050=IFCPROPERTYSINGLEVALUE('LV-publicatiedatum',$,IFCLABEL('1460548866000'),$);
#5051=IFCPROPERTYSINGLEVALUE('bronhouder',$,IFCLABEL('G0772'),$);
#5052=IFCPROPERTYSINGLEVALUE('inOnderzoek',$,IFCBOOLEAN(.T.),$);
#5053=IFCPROPERTYSINGLEVALUE('relatieveHoogteligging',$,IFCREAL(0.),$);
#5054=IFCPROPERTYSINGLEVALUE('bgt-status',$,IFCLABEL('bestaand'),$);
#5055=IFCPROPERTYSINGLEVALUE('plus-type',$,IFCLABEL('niet-bgt:boom'),$);
#5056=IFCPROPERTYSET('1yg6jHtXX8luf7uL2wfS1G',#5,'CPset_BGT',$,(#5047,#5048,#5049,#5050,#5051,#5052,#5053,#5054,#5055));
#5057=IFCPROPERTYSINGLEVALUE('objectBegintijd',$,IFCLABEL('1300230000000'),$);
#5058=IFCPROPERTYSINGLEVALUE('identificatie',$,IFCIDENTIFIER('NL.IMGeo.G0772.3e85f5795f6a4369b50a0dd2323aee59'),$);
#5059=IFCPROPERTYSINGLEVALUE('tijdstipRegistratie',$,IFCLABEL('1452338115000'),$);
#5060=IFCPROPERTYSINGLEVALUE('LV-publicatiedatum',$,IFCLABEL('1460548866000'),$);
#5061=IFCPROPERTYSINGLEVALUE('bronhouder',$,IFCLABEL('G0772'),$);
#5062=IFCPROPERTYSINGLEVALUE('inOnderzoek',$,IFCBOOLEAN(.T.),$);
#5063=IFCPROPERTYSINGLEVALUE('relatieveHoogteligging',$,IFCREAL(0.),$);
#5064=IFCPROPERTYSINGLEVALUE('bgt-status',$,IFCLABEL('bestaand'),$);
#5065=IFCPROPERTYSINGLEVALUE('plus-type',$,IFCLABEL('niet-bgt:boom'),$);
#5066=IFCPROPERTYSET('2mibW5KBPCaevYa1suYd36',#5,'CPset_BGT',$,(#5057,#5058,#5059,#5060,#5061,#5062,#5063,#5064,#5065));
#5067=IFCPROPERTYSINGLEVALUE('objectBegintijd',$,IFCLABEL('1159221600000'),$);
#5068=IFCPROPERTYSINGLEVALUE('identificatie',$,IFCIDENTIFIER('NL.IMGeo.G0772.40b112b39b1147aea848cfeb114c6c8f'),$);
#5069=IFCPROPERTYSINGLEVALUE('tijdstipRegistratie',$,IFCLABEL('1452338115000'),$);
#5070=IFCPROPERTYSINGLEVALUE('LV-publicatiedatum',$,IFCLABEL('1460548866000'),$);
#5071=IFCPROPERTYSINGLEVALUE('bronhouder',$,IFCLABEL('G0772'),$);
#5072=IFCPROPERTYSINGLEVALUE('inOnderzoek',$,IFCBOOLEAN(.T.),$);
#5073=IFCPROPERTYSINGLEVALUE('relatieveHoogteligging',$,IFCREAL(0.),$);
#5074=IFCPROPERTYSINGLEVALUE('bgt-status',$,IFCLABEL('bestaand'),$);
#5075=IFCPROPERTYSINGLEVALUE('plus-type',$,IFCLABEL('niet-bgt:boom'),$);
#5076=IFCPROPERTYSET('1UAvcIOiv0zwXAdJ$A6xoy',#5,'CPset_BGT',$,(#5067,#5068,#5069,#5070,#5071,#5072,#5073,#5074,#5075));
#5077=IFCPROPERTYSINGLEVALUE('objectBegintijd',$,IFCLABEL('1374184800000'),$);
#5078=IFCPROPERTYSINGLEVALUE('identificatie',$,IFCIDENTIFIER('NL.IMGeo.G0772.43e80032f77f42f8965af2f77e5282ea'),$);
#5079=IFCPROPERTYSINGLEVALUE('tijdstipRegistratie',$,IFCLABEL('1452338115000'),$);
#5080=IFCPROPERTYSINGLEVALUE('LV-publicatiedatum',$,IFCLABEL('1460548866000'),$);
#5081=IFCPROPERTYSINGLEVALUE('bronhouder',$,IFCLABEL('G0772'),$);
#5082=IFCPROPERTYSINGLEVALUE('inOnderzoek',$,IFCBOOLEAN(.T.),$);
#5083=IFCPROPERTYSINGLEVALUE('relatieveHoogteligging',$,IFCREAL(0.),$);
#5084=IFCPROPERTYSINGLEVALUE('bgt-status',$,IFCLABEL('bestaand'),$);
#5085=IFCPROPERTYSINGLEVALUE('plus-type',$,IFCLABEL('niet-bgt:boom'),$);
#5086=IFCPROPERTYSET('0iwcgwBp9DKP7Ev56UFsoI',#5,'CPset_BGT',$,(#5077,#5078,#5079,#5080,#5081,#5082,#5083,#5084,#5085));
#5087=IFCPROPERTYSINGLEVALUE('objectBegintijd',$,IFCLABEL('1430258400000'),$);
#5088=IFCPROPERTYSINGLEVALUE('identificatie',$,IFCIDENTIFIER('NL.IMGeo.G0772.449e18c136464aa7bb28440b198c39eb'),$);
#5089=IFCPROPERTYSINGLEVALUE('tijdstipRegistratie',$,IFCLABEL('1452338115000'),$);
#5090=IFCPROPERTYSINGLEVALUE('LV-publicatiedatum',$,IFCLABEL('1460548866000'),$);
#5091=IFCPROPERTYSINGLEVALUE('bronhouder',$,IFCLABEL('G0772'),$);
#5092=IFCPROPERTYSINGLEVALUE('inOnderzoek',$,IFCBOOLEAN(.T.),$);
#5093=IFCPROPERTYSINGLEVALUE('relatieveHoogteligging',$,IFCREAL(0.),$);
#5094=IFCPROPERTYSINGLEVALUE('bgt-status',$,IFCLABEL('bestaand'),$);
#5095=IFCPROPERTYSINGLEVALUE('plus-type',$,IFCLABEL('niet-bgt:boom'),$);
#5096=IFCPROPERTYSET('2sjaPOIrf0yu$DAs8JsLGR',#5,'CPset_BGT',$,(#5087,#5088,#5089,#5090,#5091,#5092,#5093,#5094,#5095));
#5097=IFCPROPERTYSINGLEVALUE('objectBegintijd',$,IFCLABEL('1159221600000'),$);
#5098=IFCPROPERTYSINGLEVALUE('identificatie',$,IFCIDENTIFIER('NL.IMGeo.G0772.45fedaf4e8b244488c1cb1e567ee3a43'),$);
#5099=IFCPROPERTYSINGLEVALUE('tijdstipRegistratie',$,IFCLABEL('1452338115000'),$);
#5100=IFCPROPERTYSINGLEVALUE('LV-publicatiedatum',$,IFCLABEL('1460548866000'),$);
#5101=IFCPROPERTYSINGLEVALUE('bronhouder',$,IFCLABEL('G0772'),$);
#5102=IFCPROPERTYSINGLEVALUE('inOnderzoek',$,IFCBOOLEAN(.T.),$);
#5103=IFCPROPERTYSINGLEVALUE('relatieveHoogteligging',$,IFCREAL(0.),$);
#5104=IFCPROPERTYSINGLEVALUE('bgt-status',$,IFCLABEL('bestaand'),$);
#5105=IFCPROPERTYSINGLEVALUE('plus-type',$,IFCLABEL('niet-bgt:boom'),$);
#5106=IFCPROPERTYSET('0$Bhcrpzb1UPJRkZx4Cdxp',#5,'CPset_BGT',$,(#5097,#5098,#5099,#5100,#5101,#5102,#5103,#5104,#5105));
#5107=IFCPROPERTYSINGLEVALUE('objectBegintijd',$,IFCLABEL('1159221600000'),$);
#5108=IFCPROPERTYSINGLEVALUE('identificatie',$,IFCIDENTIFIER('NL.IMGeo.G0772.46d6114341c844a3b8b8e7a4c678cf2c'),$);
#5109=IFCPROPERTYSINGLEVALUE('tijdstipRegistratie',$,IFCLABEL('1452338115000'),$);
#5110=IFCPROPERTYSINGLEVALUE('LV-publicatiedatum',$,IFCLABEL('1460548866000'),$);
#5111=IFCPROPERTYSINGLEVALUE('bronhouder',$,IFCLABEL('G0772'),$);
#5112=IFCPROPERTYSINGLEVALUE('inOnderzoek',$,IFCBOOLEAN(.T.),$);
#5113=IFCPROPERTYSINGLEVALUE('relatieveHoogteligging',$,IFCREAL(0.),$);
#5114=IFCPROPERTYSINGLEVALUE('bgt-status',$,IFCLABEL('bestaand'),$);
#5115=IFCPROPERTYSINGLEVALUE('plus-type',$,IFCLABEL('niet-bgt:boom'),$);
#5116=IFCPROPERTYSET('12pmgbW4LCchdBCiUKfKr_',#5,'CPset_BGT',$,(#5107,#5108,#5109,#5110,#5111,#5112,#5113,#5114,#5115));
#5117=IFCPROPERTYSINGLEVALUE('objectBegintijd',$,IFCLABEL('1159221600000'),$);
#5118=IFCPROPERTYSINGLEVALUE('identificatie',$,IFCIDENTIFIER('NL.IMGeo.G0772.4774d70400844e2bad678d8ebaa0e402'),$);
#5119=IFCPROPERTYSINGLEVALUE('tijdstipRegistratie',$,IFCLABEL('1452338115000'),$);
#5120=IFCPROPERTYSINGLEVALUE('LV-publicatiedatum',$,IFCLABEL('1460548866000'),$);
#5121=IFCPROPERTYSINGLEVALUE('bronhouder',$,IFCLABEL('G0772'),$);
#5122=IFCPROPERTYSINGLEVALUE('inOnderzoek',$,IFCBOOLEAN(.T.),$);
#5123=IFCPROPERTYSINGLEVALUE('relatieveHoogteligging',$,IFCREAL(0.),$);
#5124=IFCPROPERTYSINGLEVALUE('bgt-status',$,IFCLABEL('bestaand'),$);
#5125=IFCPROPERTYSINGLEVALUE('plus-type',$,IFCLABEL('niet-bgt:boom'),$);
#5126=IFCPROPERTYSET('1qZ5jx6Zb1Xx0qjBVohVGf',#5,'CPset_BGT',$,(#5117,#5118,#5119,#5120,#5121,#5122,#5123,#5124,#5125));
#5127=IFCPROPERTYSINGLEVALUE('objectBegintijd',$,IFCLABEL('1300230000000'),$);
#5128=IFCPROPERTYSINGLEVALUE('identificatie',$,IFCIDENTIFIER('NL.IMGeo.G0772.4852a1735ba140ac9071d619db821330'),$);
#5129=IFCPROPERTYSINGLEVALUE('tijdstipRegistratie',$,IFCLABEL('1452338115000'),$);
#5130=IFCPROPERTYSINGLEVALUE('LV-publicatiedatum',$,IFCLABEL('1460548866000'),$);
#5131=IFCPROPERTYSINGLEVALUE('bronhouder',$,IFCLABEL('G0772'),$);
#5132=IFCPROPERTYSINGLEVALUE('inOnderzoek',$,IFCBOOLEAN(.T.),$);
#5133=IFCPROPERTYSINGLEVALUE('relatieveHoogteligging',$,IFCREAL(0.),$);
#5134=IFCPROPERTYSINGLEVALUE('bgt-status',$,IFCLABEL('bestaand'),$);
#5135=IFCPROPERTYSINGLEVALUE('plus-type',$,IFCLABEL('niet-bgt:boom'),$);
#5136=IFCPROPERTYSET('3dqvrjPMrElgS287wNnHdC',#5,'CPset_BGT',$,(#5127,#5128,#5129,#5130,#5131,#5132,#5133,#5134,#5135));
#5137=IFCPROPERTYSINGLEVALUE('objectBegintijd',$,IFCLABEL('1159221600000'),$);
#5138=IFCPROPERTYSINGLEVALUE('identificatie',$,IFCIDENTIFIER('NL.IMGeo.G0772.4a1270d21de541a586f589c6940fd6a4'),$);
#5139=IFCPROPERTYSINGLEVALUE('tijdstipRegistratie',$,IFCLABEL('1452338115000'),$);
#5140=IFCPROPERTYSINGLEVALUE('LV-publicatiedatum',$,IFCLABEL('1460548866000'),$);
#5141=IFCPROPERTYSINGLEVALUE('bronhouder',$,IFCLABEL('G0772'),$);
#5142=IFCPROPERTYSINGLEVALUE('inOnderzoek',$,IFCBOOLEAN(.T.),$);
#5143=IFCPROPERTYSINGLEVALUE('relatieveHoogteligging',$,IFCREAL(0.),$);
#5144=IFCPROPERTYSINGLEVALUE('bgt-status',$,IFCLABEL('bestaand'),$);
#5145=IFCPROPERTYSINGLEVALUE('plus-type',$,IFCLABEL('niet-bgt:boom'),$);
#5146=IFCPROPERTYSET('3hyx0HWATAuvQ4KE0aksIz',#5,'CPset_BGT',$,(#5137,#5138,#5139,#5140,#5141,#5142,#5143,#5144,#5145));
#5147=IFCPROPERTYSINGLEVALUE('objectBegintijd',$,IFCLABEL('1159221600000'),$);
#5148=IFCPROPERTYSINGLEVALUE('identificatie',$,IFCIDENTIFIER('NL.IMGeo.G0772.4ae4ac54bef54105b4fe4f7ae5f4697c'),$);
#5149=IFCPROPERTYSINGLEVALUE('tijdstipRegistratie',$,IFCLABEL('1452338115000'),$);
#5150=IFCPROPERTYSINGLEVALUE('LV-publicatiedatum',$,IFCLABEL('1460548866000'),$);
#5151=IFCPROPERTYSINGLEVALUE('bronhouder',$,IFCLABEL('G0772'),$);
#5152=IFCPROPERTYSINGLEVALUE('inOnderzoek',$,IFCBOOLEAN(.T.),$);
#5153=IFCPROPERTYSINGLEVALUE('relatieveHoogteligging',$,IFCREAL(0.),$);
#5154=IFCPROPERTYSINGLEVALUE('bgt-status',$,IFCLABEL('bestaand'),$);
#5155=IFCPROPERTYSINGLEVALUE('plus-type',$,IFCLABEL('niet-bgt:boom'),$);
#5156=IFCPROPERTYSET('3qTSOCqdH48RS9C0om0ic$',#5,'CPset_BGT',$,(#5147,#5148,#5149,#5150,#5151,#5152,#5153,#5154,#5155));
#5157=IFCPROPERTYSINGLEVALUE('objectBegintijd',$,IFCLABEL('1159221600000'),$);
#5158=IFCPROPERTYSINGLEVALUE('identificatie',$,IFCIDENTIFIER('NL.IMGeo.G0772.4f1dc45866c14ecda63a04ac7c6a82a9'),$);
#5159=IFCPROPERTYSINGLEVALUE('tijdstipRegistratie',$,IFCLABEL('1452338115000'),$);
#5160=IFCPROPERTYSINGLEVALUE('LV-publicatiedatum',$,IFCLABEL('1460548866000'),$);
#5161=IFCPROPERTYSINGLEVALUE('bronhouder',$,IFCLABEL('G0772'),$);
#5162=IFCPROPERTYSINGLEVALUE('inOnderzoek',$,IFCBOOLEAN(.T.),$);
#5163=IFCPROPERTYSINGLEVALUE('relatieveHoogteligging',$,IFCREAL(0.),$);
#5164=IFCPROPERTYSINGLEVALUE('bgt-status',$,IFCLABEL('bestaand'),$);
#5165=IFCPROPERTYSINGLEVALUE('plus-type',$,IFCLABEL('niet-bgt:boom'),$);
#5166=IFCPROPERTYSET('2wx2i$gNz4IA2DcTWEZJm_',#5,'CPset_BGT',$,(#5157,#5158,#5159,#5160,#5161,#5162,#5163,#5164,#5165));
#5167=IFCPROPERTYSINGLEVALUE('objectBegintijd',$,IFCLABEL('1300230000000'),$);
#5168=IFCPROPERTYSINGLEVALUE('identificatie',$,IFCIDENTIFIER('NL.IMGeo.G0772.4f3e9d568c6746baadd060a82bec5004'),$);
#5169=IFCPROPERTYSINGLEVALUE('tijdstipRegistratie',$,IFCLABEL('1452338115000'),$);
#5170=IFCPROPERTYSINGLEVALUE('LV-publicatiedatum',$,IFCLABEL('1460548866000'),$);
#5171=IFCPROPERTYSINGLEVALUE('bronhouder',$,IFCLABEL('G0772'),$);
#5172=IFCPROPERTYSINGLEVALUE('inOnderzoek',$,IFCBOOLEAN(.T.),$);
#5173=IFCPROPERTYSINGLEVALUE('relatieveHoogteligging',$,IFCREAL(0.),$);
#5174=IFCPROPERTYSINGLEVALUE('bgt-status',$,IFCLABEL('bestaand'),$);
#5175=IFCPROPERTYSINGLEVALUE('plus-type',$,IFCLABEL('niet-bgt:boom'),$);
#5176=IFCPROPERTYSET('2VHQdmg6DFow13ukmcVjHF',#5,'CPset_BGT',$,(#5167,#5168,#5169,#5170,#5171,#5172,#5173,#5174,#5175));
#5177=IFCPROPERTYSINGLEVALUE('objectBegintijd',$,IFCLABEL('1159221600000'),$);
#5178=IFCPROPERTYSINGLEVALUE('identificatie',$,IFCIDENTIFIER('NL.IMGeo.G0772.5246a8ca38e540a9ba96d92b74d4e3fd'),$);
#5179=IFCPROPERTYSINGLEVALUE('tijdstipRegistratie',$,IFCLABEL('1452338115000'),$);
#5180=IFCPROPERTYSINGLEVALUE('LV-publicatiedatum',$,IFCLABEL('1460548866000'),$);
#5181=IFCPROPERTYSINGLEVALUE('bronhouder',$,IFCLABEL('G0772'),$);
#5182=IFCPROPERTYSINGLEVALUE('inOnderzoek',$,IFCBOOLEAN(.T.),$);
#5183=IFCPROPERTYSINGLEVALUE('relatieveHoogteligging',$,IFCREAL(0.),$);
#5184=IFCPROPERTYSINGLEVALUE('bgt-status',$,IFCLABEL('bestaand'),$);
#5185=IFCPROPERTYSINGLEVALUE('plus-type',$,IFCLABEL('niet-bgt:boom'),$);
#5186=IFCPROPERTYSET('1$tqfW9CfC7PCPHZfUkxQV',#5,'CPset_BGT',$,(#5177,#5178,#5179,#5180,#5181,#5182,#5183,#5184,#5185));
#5187=IFCPROPERTYSINGLEVALUE('objectBegintijd',$,IFCLABEL('1159221600000'),$);
#5188=IFCPROPERTYSINGLEVALUE('identificatie',$,IFCIDENTIFIER('NL.IMGeo.G0772.564f09c8f2ec43fcbc6387d9c03215c3'),$);
#5189=IFCPROPERTYSINGLEVALUE('tijdstipRegistratie',$,IFCLABEL('1452338115000'),$);
#5190=IFCPROPERTYSINGLEVALUE('LV-publicatiedatum',$,IFCLABEL('1460548866000'),$);
#5191=IFCPROPERTYSINGLEVALUE('bronhouder',$,IFCLABEL('G0772'),$);
#5192=IFCPROPERTYSINGLEVALUE('inOnderzoek',$,IFCBOOLEAN(.T.),$);
#5193=IFCPROPERTYSINGLEVALUE('relatieveHoogteligging',$,IFCREAL(0.),$);
#5194=IFCPROPERTYSINGLEVALUE('bgt-status',$,IFCLABEL('bestaand'),$);
#5195=IFCPROPERTYSINGLEVALUE('plus-type',$,IFCLABEL('niet-bgt:boom'),$);
#5196=IFCPROPERTYSET('2IUCNLBr53ARks9DYy8XRT',#5,'CPset_BGT',$,(#5187,#5188,#5189,#5190,#5191,#5192,#5193,#5194,#5195));
#5197=IFCPROPERTYSINGLEVALUE('objectBegintijd',$,IFCLABEL('1159221600000'),$);
#5198=IFCPROPERTYSINGLEVALUE('identificatie',$,IFCIDENTIFIER('NL.IMGeo.G0772.573c1ab351fc41bf9acca2dfe20d579e'),$);
#5199=IFCPROPERTYSINGLEVALUE('tijdstipRegistratie',$,IFCLABEL('1452338115000'),$);
#5200=IFCPROPERTYSINGLEVALUE('LV-publicatiedatum',$,IFCLABEL('1460548866000'),$);
#5201=IFCPROPERTYSINGLEVALUE('bronhouder',$,IFCLABEL('G0772'),$);
#5202=IFCPROPERTYSINGLEVALUE('inOnderzoek',$,IFCBOOLEAN(.T.),$);
#5203=IFCPROPERTYSINGLEVALUE('relatieveHoogteligging',$,IFCREAL(0.),$);
#5204=IFCPROPERTYSINGLEVALUE('bgt-status',$,IFCLABEL('bestaand'),$);
#5205=IFCPROPERTYSINGLEVALUE('plus-type',$,IFCLABEL('niet-bgt:boom'),$);
#5206=IFCPROPERTYSET('1Vv6CBTaTEaAKt9ISRduZb',#5,'CPset_BGT',$,(#5197,#5198,#5199,#5200,#5201,#5202,#5203,#5204,#5205));
#5207=IFCPROPERTYSINGLEVALUE('objectBegintijd',$,IFCLABEL('1159221600000'),$);
#5208=IFCPROPERTYSINGLEVALUE('identificatie',$,IFCIDENTIFIER('NL.IMGeo.G0772.575583c32b5e47f49f20d83b807db63e'),$);
#5209=IFCPROPERTYSINGLEVALUE('tijdstipRegistratie',$,IFCLABEL('1452338115000'),$);
#5210=IFCPROPERTYSINGLEVALUE('LV-publicatiedatum',$,IFCLABEL('1460548866000'),$);
#5211=IFCPROPERTYSINGLEVALUE('bronhouder',$,IFCLABEL('G0772'),$);
#5212=IFCPROPERTYSINGLEVALUE('inOnderzoek',$,IFCBOOLEAN(.T.),$);
#5213=IFCPROPERTYSINGLEVALUE('relatieveHoogteligging',$,IFCREAL(0.),$);
#5214=IFCPROPERTYSINGLEVALUE('bgt-status',$,IFCLABEL('bestaand'),$);
#5215=IFCPROPERTYSINGLEVALUE('plus-type',$,IFCLABEL('niet-bgt:boom'),$);
#5216=IFCPROPERTYSET('16i444iN17tOI0Dlo3Sr57',#5,'CPset_BGT',$,(#5207,#5208,#5209,#5210,#5211,#5212,#5213,#5214,#5215));
#5217=IFCPROPERTYSINGLEVALUE('objectBegintijd',$,IFCLABEL('1159221600000'),$);
#5218=IFCPROPERTYSINGLEVALUE('identificatie',$,IFCIDENTIFIER('NL.IMGeo.G0772.586670df0323461e9d86b18dde52c006'),$);
#5219=IFCPROPERTYSINGLEVALUE('tijdstipRegistratie',$,IFCLABEL('1452338115000'),$);
#5220=IFCPROPERTYSINGLEVALUE('LV-publicatiedatum',$,IFCLABEL('1460548866000'),$);
#5221=IFCPROPERTYSINGLEVALUE('bronhouder',$,IFCLABEL('G0772'),$);
#5222=IFCPROPERTYSINGLEVALUE('inOnderzoek',$,IFCBOOLEAN(.T.),$);
#5223=IFCPROPERTYSINGLEVALUE('relatieveHoogteligging',$,IFCREAL(0.),$);
#5224=IFCPROPERTYSINGLEVALUE('bgt-status',$,IFCLABEL('bestaand'),$);
#5225=IFCPROPERTYSINGLEVALUE('plus-type',$,IFCLABEL('niet-bgt:boom'),$);
#5226=IFCPROPERTYSET('2ZOcnCmg95tvqqbuIpexiO',#5,'CPset_BGT',$,(#5217,#5218,#5219,#5220,#5221,#5222,#5223,#5224,#5225));
#5227=IFCPROPERTYSINGLEVALUE('objectBegintijd',$,IFCLABEL('1300230000000'),$);
#5228=IFCPROPERTYSINGLEVALUE('identificatie',$,IFCIDENTIFIER('NL.IMGeo.G0772.5aab76d482df4ac28cb9bbbaaceb66f9'),$);
#5229=IFCPROPERTYSINGLEVALUE('tijdstipRegistratie',$,IFCLABEL('1452338115000'),$);
#5230=IFCPROPERTYSINGLEVALUE('LV-publicatiedatum',$,IFCLABEL('1460548866000'),$);
#5231=IFCPROPERTYSINGLEVALUE('bronhouder',$,IFCLABEL('G0772'),$);
#5232=IFCPROPERTYSINGLEVALUE('inOnderzoek',$,IFCBOOLEAN(.T.),$);
#5233=IFCPROPERTYSINGLEVALUE('relatieveHoogteligging',$,IFCREAL(0.),$);
#5234=IFCPROPERTYSINGLEVALUE('bgt-status',$,IFCLABEL('bestaand'),$);
#5235=IFCPROPERTYSINGLEVALUE('plus-type',$,IFCLABEL('niet-bgt:boom'),$);
#5236=IFCPROPERTYSET('3OoqekQ954bAA7TVfaus0U',#5,'CPset_BGT',$,(#5227,#5228,#5229,#5230,#5231,#5232,#5233,#5234,#5235));
#5237=IFCPROPERTYSINGLEVALUE('objectBegintijd',$,IFCLABEL('1430258400000'),$);
#5238=IFCPROPERTYSINGLEVALUE('identificatie',$,IFCIDENTIFIER('NL.IMGeo.G0772.5bbae8cd48344a31ae5a1a7256a18301'),$);
#5239=IFCPROPERTYSINGLEVALUE('tijdstipRegistratie',$,IFCLABEL('1452338115000'),$);
#5240=IFCPROPERTYSINGLEVALUE('LV-publicatiedatum',$,IFCLABEL('1460548866000'),$);
#5241=IFCPROPERTYSINGLEVALUE('bronhouder',$,IFCLABEL('G0772'),$);
#5242=IFCPROPERTYSINGLEVALUE('inOnderzoek',$,IFCBOOLEAN(.T.),$);
#5243=IFCPROPERTYSINGLEVALUE('relatieveHoogteligging',$,IFCREAL(0.),$);
#5244=IFCPROPERTYSINGLEVALUE('bgt-status',$,IFCLABEL('bestaand'),$);
#5245=IFCPROPERTYSINGLEVALUE('plus-type',$,IFCLABEL('niet-bgt:boom'),$);
#5246=IFCPROPERTYSET('2MDnD87sjBxxlh8Eplb4Gg',#5,'CPset_BGT',$,(#5237,#5238,#5239,#5240,#5241,#5242,#5243,#5244,#5245));
#5247=IFCPROPERTYSINGLEVALUE('objectBegintijd',$,IFCLABEL('1159221600000'),$);
#5248=IFCPROPERTYSINGLEVALUE('identificatie',$,IFCIDENTIFIER('NL.IMGeo.G0772.5ca6ec5350334c33928477467deed582'),$);
#5249=IFCPROPERTYSINGLEVALUE('tijdstipRegistratie',$,IFCLABEL('1452338115000'),$);
#5250=IFCPROPERTYSINGLEVALUE('LV-publicatiedatum',$,IFCLABEL('1460548866000'),$);
#5251=IFCPROPERTYSINGLEVALUE('bronhouder',$,IFCLABEL('G0772'),$);
#5252=IFCPROPERTYSINGLEVALUE('inOnderzoek',$,IFCBOOLEAN(.T.),$);
#5253=IFCPROPERTYSINGLEVALUE('relatieveHoogteligging',$,IFCREAL(0.),$);
#5254=IFCPROPERTYSINGLEVALUE('bgt-status',$,IFCLABEL('bestaand'),$);
#5255=IFCPROPERTYSINGLEVALUE('plus-type',$,IFCLABEL('niet-bgt:boom'),$);
#5256=IFCPROPERTYSET('3UI2pLw6T0ZflOE6jzSFWG',#5,'CPset_BGT',$,(#5247,#5248,#5249,#5250,#5251,#5252,#5253,#5254,#5255));
#5257=IFCPROPERTYSINGLEVALUE('objectBegintijd',$,IFCLABEL('1214776800000'),$);
#5258=IFCPROPERTYSINGLEVALUE('identificatie',$,IFCIDENTIFIER('NL.IMGeo.G0772.5f176bf849374aa5b6dba859d82ca437'),$);
#5259=IFCPROPERTYSINGLEVALUE('tijdstipRegistratie',$,IFCLABEL('1452338115000'),$);
#5260=IFCPROPERTYSINGLEVALUE('LV-publicatiedatum',$,IFCLABEL('1460548866000'),$);
#5261=IFCPROPERTYSINGLEVALUE('bronhouder',$,IFCLABEL('G0772'),$);
#5262=IFCPROPERTYSINGLEVALUE('inOnderzoek',$,IFCBOOLEAN(.T.),$);
#5263=IFCPROPERTYSINGLEVALUE('relatieveHoogteligging',$,IFCREAL(0.),$);
#5264=IFCPROPERTYSINGLEVALUE('bgt-status',$,IFCLABEL('bestaand'),$);
#5265=IFCPROPERTYSINGLEVALUE('plus-type',$,IFCLABEL('niet-bgt:boom'),$);
#5266=IFCPROPERTYSET('26zsVloV9EG9ot3qz35o0J',#5,'CPset_BGT',$,(#5257,#5258,#5259,#5260,#5261,#5262,#5263,#5264,#5265));
#5267=IFCPROPERTYSINGLEVALUE('objectBegintijd',$,IFCLABEL('1159221600000'),$);
#5268=IFCPROPERTYSINGLEVALUE('identificatie',$,IFCIDENTIFIER('NL.IMGeo.G0772.5f27870667b54a18af48fde372091fee'),$);
#5269=IFCPROPERTYSINGLEVALUE('tijdstipRegistratie',$,IFCLABEL('1452338115000'),$);
#5270=IFCPROPERTYSINGLEVALUE('LV-publicatiedatum',$,IFCLABEL('1460548866000'),$);
#5271=IFCPROPERTYSINGLEVALUE('bronhouder',$,IFCLABEL('G0772'),$);
#5272=IFCPROPERTYSINGLEVALUE('inOnderzoek',$,IFCBOOLEAN(.T.),$);
#5273=IFCPROPERTYSINGLEVALUE('relatieveHoogteligging',$,IFCREAL(0.),$);
#5274=IFCPROPERTYSINGLEVALUE('bgt-status',$,IFCLABEL('bestaand'),$);
#5275=IFCPROPERTYSINGLEVALUE('plus-type',$,IFCLABEL('niet-bgt:boom'),$);
#5276=IFCPROPERTYSET('29W4s4KA98rv9yHOM3j6XC',#5,'CPset_BGT',$,(#5267,#5268,#5269,#5270,#5271,#5272,#5273,#5274,#5275));
#5277=IFCPROPERTYSINGLEVALUE('objectBegintijd',$,IFCLABEL('1214776800000'),$);
#5278=IFCPROPERTYSINGLEVALUE('identificatie',$,IFCIDENTIFIER('NL.IMGeo.G0772.6053e1af2b2a4189a2f8c2c0b89134bb'),$);
#5279=IFCPROPERTYSINGLEVALUE('tijdstipRegistratie',$,IFCLABEL('1452338115000'),$);
#5280=IFCPROPERTYSINGLEVALUE('LV-publicatiedatum',$,IFCLABEL('1460548866000'),$);
#5281=IFCPROPERTYSINGLEVALUE('bronhouder',$,IFCLABEL('G0772'),$);
#5282=IFCPROPERTYSINGLEVALUE('inOnderzoek',$,IFCBOOLEAN(.T.),$);
#5283=IFCPROPERTYSINGLEVALUE('relatieveHoogteligging',$,IFCREAL(0.),$);
#5284=IFCPROPERTYSINGLEVALUE('bgt-status',$,IFCLABEL('bestaand'),$);
#5285=IFCPROPERTYSINGLEVALUE('plus-type',$,IFCLABEL('niet-bgt:boom'),$);
#5286=IFCPROPERTYSET('1rJ_d1aIX6auxlgi3XIJMF',#5,'CPset_BGT',$,(#5277,#5278,#5279,#5280,#5281,#5282,#5283,#5284,#5285));
#5287=IFCPROPERTYSINGLEVALUE('objectBegintijd',$,IFCLABEL('1159221600000'),$);
#5288=IFCPROPERTYSINGLEVALUE('identificatie',$,IFCIDENTIFIER('NL.IMGeo.G0772.622484dc148c49dc879b9c3d96c0a0a9'),$);
#5289=IFCPROPERTYSINGLEVALUE('tijdstipRegistratie',$,IFCLABEL('1452338115000'),$);
#5290=IFCPROPERTYSINGLEVALUE('LV-publicatiedatum',$,IFCLABEL('1460548866000'),$);
#5291=IFCPROPERTYSINGLEVALUE('bronhouder',$,IFCLABEL('G0772'),$);
#5292=IFCPROPERTYSINGLEVALUE('inOnderzoek',$,IFCBOOLEAN(.T.),$);
#5293=IFCPROPERTYSINGLEVALUE('relatieveHoogteligging',$,IFCREAL(0.),$);
#5294=IFCPROPERTYSINGLEVALUE('bgt-status',$,IFCLABEL('bestaand'),$);
#5295=IFCPROPERTYSINGLEVALUE('plus-type',$,IFCLABEL('niet-bgt:boom'),$);
#5296=IFCPROPERTYSET('0OgwABEA90uRLKxADJS_M4',#5,'CPset_BGT',$,(#5287,#5288,#5289,#5290,#5291,#5292,#5293,#5294,#5295));
#5297=IFCPROPERTYSINGLEVALUE('objectBegintijd',$,IFCLABEL('1159221600000'),$);
#5298=IFCPROPERTYSINGLEVALUE('identificatie',$,IFCIDENTIFIER('NL.IMGeo.G0772.6330ef73064441f9969a2a20b0a13afb'),$);
#5299=IFCPROPERTYSINGLEVALUE('tijdstipRegistratie',$,IFCLABEL('1452338115000'),$);
#5300=IFCPROPERTYSINGLEVALUE('LV-publicatiedatum',$,IFCLABEL('1460548866000'),$);
#5301=IFCPROPERTYSINGLEVALUE('bronhouder',$,IFCLABEL('G0772'),$);
#5302=IFCPROPERTYSINGLEVALUE('inOnderzoek',$,IFCBOOLEAN(.T.),$);
#5303=IFCPROPERTYSINGLEVALUE('relatieveHoogteligging',$,IFCREAL(0.),$);
#5304=IFCPROPERTYSINGLEVALUE('bgt-status',$,IFCLABEL('bestaand'),$);
#5305=IFCPROPERTYSINGLEVALUE('plus-type',$,IFCLABEL('niet-bgt:boom'),$);
#5306=IFCPROPERTYSET('3buLjV3W92IRC9Bu1cq9R4',#5,'CPset_BGT',$,(#5297,#5298,#5299,#5300,#5301,#5302,#5303,#5304,#5305));
#5307=IFCPROPERTYSINGLEVALUE('objectBegintijd',$,IFCLABEL('1159221600000'),$);
#5308=IFCPROPERTYSINGLEVALUE('identificatie',$,IFCIDENTIFIER('NL.IMGeo.G0772.67efb3a1334043e7b64fa092d52512eb'),$);
#5309=IFCPROPERTYSINGLEVALUE('tijdstipRegistratie',$,IFCLABEL('1452338115000'),$);
#5310=IFCPROPERTYSINGLEVALUE('LV-publicatiedatum',$,IFCLABEL('1460548866000'),$);
#5311=IFCPROPERTYSINGLEVALUE('bronhouder',$,IFCLABEL('G0772'),$);
#5312=IFCPROPERTYSINGLEVALUE('inOnderzoek',$,IFCBOOLEAN(.T.),$);
#5313=IFCPROPERTYSINGLEVALUE('relatieveHoogteligging',$,IFCREAL(0.),$);
#5314=IFCPROPERTYSINGLEVALUE('bgt-status',$,IFCLABEL('bestaand'),$);
#5315=IFCPROPERTYSINGLEVALUE('plus-type',$,IFCLABEL('niet-bgt:boom'),$);
#5316=IFCPROPERTYSET('3U2zwXE7vESAymLPtXDJyt',#5,'CPset_BGT',$,(#5307,#5308,#5309,#5310,#5311,#5312,#5313,#5314,#5315));
#5317=IFCPROPERTYSINGLEVALUE('objectBegintijd',$,IFCLABEL('1159221600000'),$);
#5318=IFCPROPERTYSINGLEVALUE('identificatie',$,IFCIDENTIFIER('NL.IMGeo.G0772.68398128dc47405987c3e937fa55e526'),$);
#5319=IFCPROPERTYSINGLEVALUE('tijdstipRegistratie',$,IFCLABEL('1452338115000'),$);
#5320=IFCPROPERTYSINGLEVALUE('LV-publicatiedatum',$,IFCLABEL('1460548866000'),$);
#5321=IFCPROPERTYSINGLEVALUE('bronhouder',$,IFCLABEL('G0772'),$);
#5322=IFCPROPERTYSINGLEVALUE('inOnderzoek',$,IFCBOOLEAN(.T.),$);
#5323=IFCPROPERTYSINGLEVALUE('relatieveHoogteligging',$,IFCREAL(0.),$);
#5324=IFCPROPERTYSINGLEVALUE('bgt-status',$,IFCLABEL('bestaand'),$);
#5325=IFCPROPERTYSINGLEVALUE('plus-type',$,IFCLABEL('niet-bgt:boom'),$);
#5326=IFCPROPERTYSET('0c18j5cH9EhxKbH$WTl8$a',#5,'CPset_BGT',$,(#5317,#5318,#5319,#5320,#5321,#5322,#5323,#5324,#5325));
#5327=IFCPROPERTYSINGLEVALUE('objectBegintijd',$,IFCLABEL('1159221600000'),$);
#5328=IFCPROPERTYSINGLEVALUE('identificatie',$,IFCIDENTIFIER('NL.IMGeo.G0772.6931c82ce36e43d581e18165d0c30654'),$);
#5329=IFCPROPERTYSINGLEVALUE('tijdstipRegistratie',$,IFCLABEL('1452338115000'),$);
#5330=IFCPROPERTYSINGLEVALUE('LV-publicatiedatum',$,IFCLABEL('1460548866000'),$);
#5331=IFCPROPERTYSINGLEVALUE('bronhouder',$,IFCLABEL('G0772'),$);
#5332=IFCPROPERTYSINGLEVALUE('inOnderzoek',$,IFCBOOLEAN(.T.),$);
#5333=IFCPROPERTYSINGLEVALUE('relatieveHoogteligging',$,IFCREAL(0.),$);
#5334=IFCPROPERTYSINGLEVALUE('bgt-status',$,IFCLABEL('bestaand'),$);
#5335=IFCPROPERTYSINGLEVALUE('plus-type',$,IFCLABEL('niet-bgt:boom'),$);
#5336=IFCPROPERTYSET('1OXPXFbUHCYQTbGPutJ8dA',#5,'CPset_BGT',$,(#5327,#5328,#5329,#5330,#5331,#5332,#5333,#5334,#5335));
#5337=IFCPROPERTYSINGLEVALUE('objectBegintijd',$,IFCLABEL('1159221600000'),$);
#5338=IFCPROPERTYSINGLEVALUE('identificatie',$,IFCIDENTIFIER('NL.IMGeo.G0772.696e29978b9b4beaa6ef99225c5b1b7f'),$);
#5339=IFCPROPERTYSINGLEVALUE('tijdstipRegistratie',$,IFCLABEL('1452338115000'),$);
#5340=IFCPROPERTYSINGLEVALUE('LV-publicatiedatum',$,IFCLABEL('1460548866000'),$);
#5341=IFCPROPERTYSINGLEVALUE('bronhouder',$,IFCLABEL('G0772'),$);
#5342=IFCPROPERTYSINGLEVALUE('inOnderzoek',$,IFCBOOLEAN(.T.),$);
#5343=IFCPROPERTYSINGLEVALUE('relatieveHoogteligging',$,IFCREAL(0.),$);
#5344=IFCPROPERTYSINGLEVALUE('bgt-status',$,IFCLABEL('bestaand'),$);
#5345=IFCPROPERTYSINGLEVALUE('plus-type',$,IFCLABEL('niet-bgt:boom'),$);
#5346=IFCPROPERTYSET('3NA8dkbyvBZBVZIohExUH9',#5,'CPset_BGT',$,(#5337,#5338,#5339,#5340,#5341,#5342,#5343,#5344,#5345));
#5347=IFCPROPERTYSINGLEVALUE('objectBegintijd',$,IFCLABEL('1159221600000'),$);
#5348=IFCPROPERTYSINGLEVALUE('identificatie',$,IFCIDENTIFIER('NL.IMGeo.G0772.6ff693a47f2448c5b39d216699b8b7e3'),$);
#5349=IFCPROPERTYSINGLEVALUE('tijdstipRegistratie',$,IFCLABEL('1452338115000'),$);
#5350=IFCPROPERTYSINGLEVALUE('LV-publicatiedatum',$,IFCLABEL('1460548866000'),$);
#5351=IFCPROPERTYSINGLEVALUE('bronhouder',$,IFCLABEL('G0772'),$);
#5352=IFCPROPERTYSINGLEVALUE('inOnderzoek',$,IFCBOOLEAN(.T.),$);
#5353=IFCPROPERTYSINGLEVALUE('relatieveHoogteligging',$,IFCREAL(0.),$);
#5354=IFCPROPERTYSINGLEVALUE('bgt-status',$,IFCLABEL('bestaand'),$);
#5355=IFCPROPERTYSINGLEVALUE('plus-type',$,IFCLABEL('niet-bgt:boom'),$);
#5356=IFCPROPERTYSET('3pAZLw2PD8dvH5GuIv2Bor',#5,'CPset_BGT',$,(#5347,#5348,#5349,#5350,#5351,#5352,#5353,#5354,#5355));
#5357=IFCPROPERTYSINGLEVALUE('objectBegintijd',$,IFCLABEL('1159221600000'),$);
#5358=IFCPROPERTYSINGLEVALUE('identificatie',$,IFCIDENTIFIER('NL.IMGeo.G0772.731dca1f69e741ef8155176a7eafeaeb'),$);
#5359=IFCPROPERTYSINGLEVALUE('tijdstipRegistratie',$,IFCLABEL('1452338115000'),$);
#5360=IFCPROPERTYSINGLEVALUE('LV-publicatiedatum',$,IFCLABEL('1460548866000'),$);
#5361=IFCPROPERTYSINGLEVALUE('bronhouder',$,IFCLABEL('G0772'),$);
#5362=IFCPROPERTYSINGLEVALUE('inOnderzoek',$,IFCBOOLEAN(.T.),$);
#5363=IFCPROPERTYSINGLEVALUE('relatieveHoogteligging',$,IFCREAL(0.),$);
#5364=IFCPROPERTYSINGLEVALUE('bgt-status',$,IFCLABEL('bestaand'),$);
#5365=IFCPROPERTYSINGLEVALUE('plus-type',$,IFCLABEL('niet-bgt:boom'),$);
#5366=IFCPROPERTYSET('1FquchqT1FPR1lkwPE13rn',#5,'CPset_BGT',$,(#5357,#5358,#5359,#5360,#5361,#5362,#5363,#5364,#5365));
#5367=IFCPROPERTYSINGLEVALUE('objectBegintijd',$,IFCLABEL('1374184800000'),$);
#5368=IFCPROPERTYSINGLEVALUE('identificatie',$,IFCIDENTIFIER('NL.IMGeo.G0772.7456dd6f73d1403093005676a80ef9d5'),$);
#5369=IFCPROPERTYSINGLEVALUE('tijdstipRegistratie',$,IFCLABEL('1452338115000'),$);
#5370=IFCPROPERTYSINGLEVALUE('LV-publicatiedatum',$,IFCLABEL('1460548866000'),$);
#5371=IFCPROPERTYSINGLEVALUE('bronhouder',$,IFCLABEL('G0772'),$);
#5372=IFCPROPERTYSINGLEVALUE('inOnderzoek',$,IFCBOOLEAN(.T.),$);
#5373=IFCPROPERTYSINGLEVALUE('relatieveHoogteligging',$,IFCREAL(0.),$);
#5374=IFCPROPERTYSINGLEVALUE('bgt-status',$,IFCLABEL('bestaand'),$);
#5375=IFCPROPERTYSINGLEVALUE('plus-type',$,IFCLABEL('niet-bgt:boom'),$);
#5376=IFCPROPERTYSET('2rgfr9xmT9Lf2zSTj$gC73',#5,'CPset_BGT',$,(#5367,#5368,#5369,#5370,#5371,#5372,#5373,#5374,#5375));
#5377=IFCPROPERTYSINGLEVALUE('objectBegintijd',$,IFCLABEL('1413151200000'),$);
#5378=IFCPROPERTYSINGLEVALUE('identificatie',$,IFCIDENTIFIER('NL.IMGeo.G0772.7461cf9ece194b5983cc84fa159a7cbd'),$);
#5379=IFCPROPERTYSINGLEVALUE('tijdstipRegistratie',$,IFCLABEL('1452338115000'),$);
#5380=IFCPROPERTYSINGLEVALUE('LV-publicatiedatum',$,IFCLABEL('1460548866000'),$);
#5381=IFCPROPERTYSINGLEVALUE('bronhouder',$,IFCLABEL('G0772'),$);
#5382=IFCPROPERTYSINGLEVALUE('inOnderzoek',$,IFCBOOLEAN(.T.),$);
#5383=IFCPROPERTYSINGLEVALUE('relatieveHoogteligging',$,IFCREAL(0.),$);
#5384=IFCPROPERTYSINGLEVALUE('bgt-status',$,IFCLABEL('bestaand'),$);
#5385=IFCPROPERTYSINGLEVALUE('plus-type',$,IFCLABEL('niet-bgt:boom'),$);
#5386=IFCPROPERTYSET('31LCuObA98SRdKWm6ioMFK',#5,'CPset_BGT',$,(#5377,#5378,#5379,#5380,#5381,#5382,#5383,#5384,#5385));
#5387=IFCPROPERTYSINGLEVALUE('objectBegintijd',$,IFCLABEL('1159221600000'),$);
#5388=IFCPROPERTYSINGLEVALUE('identificatie',$,IFCIDENTIFIER('NL.IMGeo.G0772.77c47bdcdea544709b07149ec48fd675'),$);
#5389=IFCPROPERTYSINGLEVALUE('tijdstipRegistratie',$,IFCLABEL('1452338115000'),$);
#5390=IFCPROPERTYSINGLEVALUE('LV-publicatiedatum',$,IFCLABEL('1460548866000'),$);
#5391=IFCPROPERTYSINGLEVALUE('bronhouder',$,IFCLABEL('G0772'),$);
#5392=IFCPROPERTYSINGLEVALUE('inOnderzoek',$,IFCBOOLEAN(.T.),$);
#5393=IFCPROPERTYSINGLEVALUE('relatieveHoogteligging',$,IFCREAL(0.),$);
#5394=IFCPROPERTYSINGLEVALUE('bgt-status',$,IFCLABEL('bestaand'),$);
#5395=IFCPROPERTYSINGLEVALUE('plus-type',$,IFCLABEL('niet-bgt:boom'),$);
#5396=IFCPROPERTYSET('20e0dbabD0EBmNhBkV5wZu',#5,'CPset_BGT',$,(#5387,#5388,#5389,#5390,#5391,#5392,#5393,#5394,#5395));
#5397=IFCPROPERTYSINGLEVALUE('objectBegintijd',$,IFCLABEL('1300230000000'),$);
#5398=IFCPROPERTYSINGLEVALUE('identificatie',$,IFCIDENTIFIER('NL.IMGeo.G0772.798db0fb1d544db0acd819494decd56c'),$);
#5399=IFCPROPERTYSINGLEVALUE('tijdstipRegistratie',$,IFCLABEL('1452338115000'),$);
#5400=IFCPROPERTYSINGLEVALUE('LV-publicatiedatum',$,IFCLABEL('1460548866000'),$);
#5401=IFCPROPERTYSINGLEVALUE('bronhouder',$,IFCLABEL('G0772'),$);
#5402=IFCPROPERTYSINGLEVALUE('inOnderzoek',$,IFCBOOLEAN(.T.),$);
#5403=IFCPROPERTYSINGLEVALUE('relatieveHoogteligging',$,IFCREAL(0.),$);
#5404=IFCPROPERTYSINGLEVALUE('bgt-status',$,IFCLABEL('bestaand'),$);
#5405=IFCPROPERTYSINGLEVALUE('plus-type',$,IFCLABEL('niet-bgt:boom'),$);
#5406=IFCPROPERTYSET('3GIntdue12du391zos2QQH',#5,'CPset_BGT',$,(#5397,#5398,#5399,#5400,#5401,#5402,#5403,#5404,#5405));
#5407=IFCPROPERTYSINGLEVALUE('objectBegintijd',$,IFCLABEL('1430258400000'),$);
#5408=IFCPROPERTYSINGLEVALUE('identificatie',$,IFCIDENTIFIER('NL.IMGeo.G0772.7cb6e09ede7543fe9e4cf6bfe53e001f'),$);
#5409=IFCPROPERTYSINGLEVALUE('tijdstipRegistratie',$,IFCLABEL('1452338115000'),$);
#5410=IFCPROPERTYSINGLEVALUE('LV-publicatiedatum',$,IFCLABEL('1460548866000'),$);
#5411=IFCPROPERTYSINGLEVALUE('bronhouder',$,IFCLABEL('G0772'),$);
#5412=IFCPROPERTYSINGLEVALUE('inOnderzoek',$,IFCBOOLEAN(.T.),$);
#5413=IFCPROPERTYSINGLEVALUE('relatieveHoogteligging',$,IFCREAL(0.),$);
#5414=IFCPROPERTYSINGLEVALUE('bgt-status',$,IFCLABEL('bestaand'),$);
#5415=IFCPROPERTYSINGLEVALUE('plus-type',$,IFCLABEL('niet-bgt:boom'),$);
#5416=IFCPROPERTYSET('36xQFuaQHEtuHNPKr2Y9C5',#5,'CPset_BGT',$,(#5407,#5408,#5409,#5410,#5411,#5412,#5413,#5414,#5415));
#5417=IFCPROPERTYSINGLEVALUE('objectBegintijd',$,IFCLABEL('1300230000000'),$);
#5418=IFCPROPERTYSINGLEVALUE('identificatie',$,IFCIDENTIFIER('NL.IMGeo.G0772.7d5a9b51244f44d7b2e624e439006ee2'),$);
#5419=IFCPROPERTYSINGLEVALUE('tijdstipRegistratie',$,IFCLABEL('1452338115000'),$);
#5420=IFCPROPERTYSINGLEVALUE('LV-publicatiedatum',$,IFCLABEL('1460548866000'),$);
#5421=IFCPROPERTYSINGLEVALUE('bronhouder',$,IFCLABEL('G0772'),$);
#5422=IFCPROPERTYSINGLEVALUE('inOnderzoek',$,IFCBOOLEAN(.T.),$);
#5423=IFCPROPERTYSINGLEVALUE('relatieveHoogteligging',$,IFCREAL(0.),$);
#5424=IFCPROPERTYSINGLEVALUE('bgt-status',$,IFCLABEL('bestaand'),$);
#5425=IFCPROPERTYSINGLEVALUE('plus-type',$,IFCLABEL('niet-bgt:boom'),$);
#5426=IFCPROPERTYSET('3wLjn811D8Xhtwa_rkFRbw',#5,'CPset_BGT',$,(#5417,#5418,#5419,#5420,#5421,#5422,#5423,#5424,#5425));
#5427=IFCPROPERTYSINGLEVALUE('objectBegintijd',$,IFCLABEL('1159221600000'),$);
#5428=IFCPROPERTYSINGLEVALUE('identificatie',$,IFCIDENTIFIER('NL.IMGeo.G0772.7dd0aef3f9034680a4bf52894ddb3700'),$);
#5429=IFCPROPERTYSINGLEVALUE('tijdstipRegistratie',$,IFCLABEL('1452338115000'),$);
#5430=IFCPROPERTYSINGLEVALUE('LV-publicatiedatum',$,IFCLABEL('1460548866000'),$);
#5431=IFCPROPERTYSINGLEVALUE('bronhouder',$,IFCLABEL('G0772'),$);
#5432=IFCPROPERTYSINGLEVALUE('inOnderzoek',$,IFCBOOLEAN(.T.),$);
#5433=IFCPROPERTYSINGLEVALUE('relatieveHoogteligging',$,IFCREAL(0.),$);
#5434=IFCPROPERTYSINGLEVALUE('bgt-status',$,IFCLABEL('bestaand'),$);
#5435=IFCPROPERTYSINGLEVALUE('plus-type',$,IFCLABEL('niet-bgt:boom'),$);
#5436=IFCPROPERTYSET('2xjhdL2zn1zfXkQn0SzZeo',#5,'CPset_BGT',$,(#5427,#5428,#5429,#5430,#5431,#5432,#5433,#5434,#5435));
#5437=IFCPROPERTYSINGLEVALUE('objectBegintijd',$,IFCLABEL('1159221600000'),$);
#5438=IFCPROPERTYSINGLEVALUE('identificatie',$,IFCIDENTIFIER('NL.IMGeo.G0772.7ee1bb6766504af3b161956ab11260f6'),$);
#5439=IFCPROPERTYSINGLEVALUE('tijdstipRegistratie',$,IFCLABEL('1452338115000'),$);
#5440=IFCPROPERTYSINGLEVALUE('LV-publicatiedatum',$,IFCLABEL('1460548866000'),$);
#5441=IFCPROPERTYSINGLEVALUE('bronhouder',$,IFCLABEL('G0772'),$);
#5442=IFCPROPERTYSINGLEVALUE('inOnderzoek',$,IFCBOOLEAN(.T.),$);
#5443=IFCPROPERTYSINGLEVALUE('relatieveHoogteligging',$,IFCREAL(0.),$);
#5444=IFCPROPERTYSINGLEVALUE('bgt-status',$,IFCLABEL('bestaand'),$);
#5445=IFCPROPERTYSINGLEVALUE('plus-type',$,IFCLABEL('niet-bgt:boom'),$);
#5446=IFCPROPERTYSET('1AXWL8VTPFwxOqtK_pWZsm',#5,'CPset_BGT',$,(#5437,#5438,#5439,#5440,#5441,#5442,#5443,#5444,#5445));
#5447=IFCPROPERTYSINGLEVALUE('objectBegintijd',$,IFCLABEL('1159221600000'),$);
#5448=IFCPROPERTYSINGLEVALUE('identificatie',$,IFCIDENTIFIER('NL.IMGeo.G0772.848a24c1fbfa473c91c3ce1d2853f527'),$);
#5449=IFCPROPERTYSINGLEVALUE('tijdstipRegistratie',$,IFCLABEL('1452338115000'),$);
#5450=IFCPROPERTYSINGLEVALUE('LV-publicatiedatum',$,IFCLABEL('1460548866000'),$);
#5451=IFCPROPERTYSINGLEVALUE('bronhouder',$,IFCLABEL('G0772'),$);
#5452=IFCPROPERTYSINGLEVALUE('inOnderzoek',$,IFCBOOLEAN(.T.),$);
#5453=IFCPROPERTYSINGLEVALUE('relatieveHoogteligging',$,IFCREAL(0.),$);
#5454=IFCPROPERTYSINGLEVALUE('bgt-status',$,IFCLABEL('bestaand'),$);
#5455=IFCPROPERTYSINGLEVALUE('plus-type',$,IFCLABEL('niet-bgt:boom'),$);
#5456=IFCPROPERTYSET('3QWUlQ9Hr9FgdhMpmB5nMR',#5,'CPset_BGT',$,(#5447,#5448,#5449,#5450,#5451,#5452,#5453,#5454,#5455));
#5457=IFCPROPERTYSINGLEVALUE('objectBegintijd',$,IFCLABEL('1159221600000'),$);
#5458=IFCPROPERTYSINGLEVALUE('identificatie',$,IFCIDENTIFIER('NL.IMGeo.G0772.86b7c9bde39c4d74a6ff78ab79cad9ef'),$);
#5459=IFCPROPERTYSINGLEVALUE('tijdstipRegistratie',$,IFCLABEL('1452338115000'),$);
#5460=IFCPROPERTYSINGLEVALUE('LV-publicatiedatum',$,IFCLABEL('1460548866000'),$);
#5461=IFCPROPERTYSINGLEVALUE('bronhouder',$,IFCLABEL('G0772'),$);
#5462=IFCPROPERTYSINGLEVALUE('inOnderzoek',$,IFCBOOLEAN(.T.),$);
#5463=IFCPROPERTYSINGLEVALUE('relatieveHoogteligging',$,IFCREAL(0.),$);
#5464=IFCPROPERTYSINGLEVALUE('bgt-status',$,IFCLABEL('bestaand'),$);
#5465=IFCPROPERTYSINGLEVALUE('plus-type',$,IFCLABEL('niet-bgt:boom'),$);
#5466=IFCPROPERTYSET('0nh8TeG3vCkxNFi7dB9bBJ',#5,'CPset_BGT',$,(#5457,#5458,#5459,#5460,#5461,#5462,#5463,#5464,#5465));
#5467=IFCPROPERTYSINGLEVALUE('objectBegintijd',$,IFCLABEL('1159221600000'),$);
#5468=IFCPROPERTYSINGLEVALUE('identificatie',$,IFCIDENTIFIER('NL.IMGeo.G0772.88174142cfeb49a7b732fa2f86816616'),$);
#5469=IFCPROPERTYSINGLEVALUE('tijdstipRegistratie',$,IFCLABEL('1452338115000'),$);
#5470=IFCPROPERTYSINGLEVALUE('LV-publicatiedatum',$,IFCLABEL('1460548866000'),$);
#5471=IFCPROPERTYSINGLEVALUE('bronhouder',$,IFCLABEL('G0772'),$);
#5472=IFCPROPERTYSINGLEVALUE('inOnderzoek',$,IFCBOOLEAN(.T.),$);
#5473=IFCPROPERTYSINGLEVALUE('relatieveHoogteligging',$,IFCREAL(0.),$);
#5474=IFCPROPERTYSINGLEVALUE('bgt-status',$,IFCLABEL('bestaand'),$);
#5475=IFCPROPERTYSINGLEVALUE('plus-type',$,IFCLABEL('niet-bgt:boom'),$);
#5476=IFCPROPERTYSET('2huU4SVNL7VBu09luPqzV5',#5,'CPset_BGT',$,(#5467,#5468,#5469,#5470,#5471,#5472,#5473,#5474,#5475));
#5477=IFCPROPERTYSINGLEVALUE('objectBegintijd',$,IFCLABEL('1159221600000'),$);
#5478=IFCPROPERTYSINGLEVALUE('identificatie',$,IFCIDENTIFIER('NL.IMGeo.G0772.89265e701aab485fba35828dc9a80253'),$);
#5479=IFCPROPERTYSINGLEVALUE('tijdstipRegistratie',$,IFCLABEL('1452338115000'),$);
#5480=IFCPROPERTYSINGLEVALUE('LV-publicatiedatum',$,IFCLABEL('1460548866000'),$);
#5481=IFCPROPERTYSINGLEVALUE('bronhouder',$,IFCLABEL('G0772'),$);
#5482=IFCPROPERTYSINGLEVALUE('inOnderzoek',$,IFCBOOLEAN(.T.),$);
#5483=IFCPROPERTYSINGLEVALUE('relatieveHoogteligging',$,IFCREAL(0.),$);
#5484=IFCPROPERTYSINGLEVALUE('bgt-status',$,IFCLABEL('bestaand'),$);
#5485=IFCPROPERTYSINGLEVALUE('plus-type',$,IFCLABEL('niet-bgt:boom'),$);
#5486=IFCPROPERTYSET('0SO7AozPL5eOFisBLUT95e',#5,'CPset_BGT',$,(#5477,#5478,#5479,#5480,#5481,#5482,#5483,#5484,#5485));
#5487=IFCPROPERTYSINGLEVALUE('objectBegintijd',$,IFCLABEL('1214776800000'),$);
#5488=IFCPROPERTYSINGLEVALUE('identificatie',$,IFCIDENTIFIER('NL.IMGeo.G0772.8d9bda68b04e48bba5b0d991f1ac539d'),$);
#5489=IFCPROPERTYSINGLEVALUE('tijdstipRegistratie',$,IFCLABEL('1452338115000'),$);
#5490=IFCPROPERTYSINGLEVALUE('LV-publicatiedatum',$,IFCLABEL('1460548866000'),$);
#5491=IFCPROPERTYSINGLEVALUE('bronhouder',$,IFCLABEL('G0772'),$);
#5492=IFCPROPERTYSINGLEVALUE('inOnderzoek',$,IFCBOOLEAN(.T.),$);
#5493=IFCPROPERTYSINGLEVALUE('relatieveHoogteligging',$,IFCREAL(0.),$);
#5494=IFCPROPERTYSINGLEVALUE('bgt-status',$,IFCLABEL('bestaand'),$);
#5495=IFCPROPERTYSINGLEVALUE('plus-type',$,IFCLABEL('niet-bgt:boom'),$);
#5496=IFCPROPERTYSET('1Zz89FWej2I9eSBGSHQVkt',#5,'CPset_BGT',$,(#5487,#5488,#5489,#5490,#5491,#5492,#5493,#5494,#5495));
#5497=IFCPROPERTYSINGLEVALUE('objectBegintijd',$,IFCLABEL('1159221600000'),$);
#5498=IFCPROPERTYSINGLEVALUE('identificatie',$,IFCIDENTIFIER('NL.IMGeo.G0772.8e43f70fc7084793bb156a3b97c9c9b3'),$);
#5499=IFCPROPERTYSINGLEVALUE('tijdstipRegistratie',$,IFCLABEL('1452338115000'),$);
#5500=IFCPROPERTYSINGLEVALUE('LV-publicatiedatum',$,IFCLABEL('1460548866000'),$);
#5501=IFCPROPERTYSINGLEVALUE('bronhouder',$,IFCLABEL('G0772'),$);
#5502=IFCPROPERTYSINGLEVALUE('inOnderzoek',$,IFCBOOLEAN(.T.),$);
#5503=IFCPROPERTYSINGLEVALUE('relatieveHoogteligging',$,IFCREAL(0.),$);
#5504=IFCPROPERTYSINGLEVALUE('bgt-status',$,IFCLABEL('bestaand'),$);
#5505=IFCPROPERTYSINGLEVALUE('plus-type',$,IFCLABEL('niet-bgt:boom'),$);
#5506=IFCPROPERTYSET('1ERqtRbp11z8tYiKnEEjSR',#5,'CPset_BGT',$,(#5497,#5498,#5499,#5500,#5501,#5502,#5503,#5504,#5505));
#5507=IFCPROPERTYSINGLEVALUE('objectBegintijd',$,IFCLABEL('1374184800000'),$);
#5508=IFCPROPERTYSINGLEVALUE('identificatie',$,IFCIDENTIFIER('NL.IMGeo.G0772.8e635712942f43c185b68c5bfba3f3bd'),$);
#5509=IFCPROPERTYSINGLEVALUE('tijdstipRegistratie',$,IFCLABEL('1452338115000'),$);
#5510=IFCPROPERTYSINGLEVALUE('LV-publicatiedatum',$,IFCLABEL('1460548866000'),$);
#5511=IFCPROPERTYSINGLEVALUE('bronhouder',$,IFCLABEL('G0772'),$);
#5512=IFCPROPERTYSINGLEVALUE('inOnderzoek',$,IFCBOOLEAN(.T.),$);
#5513=IFCPROPERTYSINGLEVALUE('relatieveHoogteligging',$,IFCREAL(0.),$);
#5514=IFCPROPERTYSINGLEVALUE('bgt-status',$,IFCLABEL('bestaand'),$);
#5515=IFCPROPERTYSINGLEVALUE('plus-type',$,IFCLABEL('niet-bgt:boom'),$);
#5516=IFCPROPERTYSET('2plsGLwHz67fYOJ$NL3Kw9',#5,'CPset_BGT',$,(#5507,#5508,#5509,#5510,#5511,#5512,#5513,#5514,#5515));
#5517=IFCPROPERTYSINGLEVALUE('objectBegintijd',$,IFCLABEL('1413151200000'),$);
#5518=IFCPROPERTYSINGLEVALUE('identificatie',$,IFCIDENTIFIER('NL.IMGeo.G0772.8eb40d4e883d44dda0e686a1e33d9eb3'),$);
#5519=IFCPROPERTYSINGLEVALUE('tijdstipRegistratie',$,IFCLABEL('1452338115000'),$);
#5520=IFCPROPERTYSINGLEVALUE('LV-publicatiedatum',$,IFCLABEL('1460548866000'),$);
#5521=IFCPROPERTYSINGLEVALUE('bronhouder',$,IFCLABEL('G0772'),$);
#5522=IFCPROPERTYSINGLEVALUE('inOnderzoek',$,IFCBOOLEAN(.T.),$);
#5523=IFCPROPERTYSINGLEVALUE('relatieveHoogteligging',$,IFCREAL(0.),$);
#5524=IFCPROPERTYSINGLEVALUE('bgt-status',$,IFCLABEL('bestaand'),$);
#5525=IFCPROPERTYSINGLEVALUE('plus-type',$,IFCLABEL('niet-bgt:boom'),$);
#5526=IFCPROPERTYSET('17zqo4qyrDphus3tIu6vIw',#5,'CPset_BGT',$,(#5517,#5518,#5519,#5520,#5521,#5522,#5523,#5524,#5525));
#5527=IFCPROPERTYSINGLEVALUE('objectBegintijd',$,IFCLABEL('1159221600000'),$);
#5528=IFCPROPERTYSINGLEVALUE('identificatie',$,IFCIDENTIFIER('NL.IMGeo.G0772.8ebb707b032a44a7bcf2f79ac4409df6'),$);
#5529=IFCPROPERTYSINGLEVALUE('tijdstipRegistratie',$,IFCLABEL('1452338115000'),$);
#5530=IFCPROPERTYSINGLEVALUE('LV-publicatiedatum',$,IFCLABEL('1460548866000'),$);
#5531=IFCPROPERTYSINGLEVALUE('bronhouder',$,IFCLABEL('G0772'),$);
#5532=IFCPROPERTYSINGLEVALUE('inOnderzoek',$,IFCBOOLEAN(.T.),$);
#5533=IFCPROPERTYSINGLEVALUE('relatieveHoogteligging',$,IFCREAL(0.),$);
#5534=IFCPROPERTYSINGLEVALUE('bgt-status',$,IFCLABEL('bestaand'),$);
#5535=IFCPROPERTYSINGLEVALUE('plus-type',$,IFCLABEL('niet-bgt:boom'),$);
#5536=IFCPROPERTYSET('018PQzgMD7nh6al5VZMnr8',#5,'CPset_BGT',$,(#5527,#5528,#5529,#5530,#5531,#5532,#5533,#5534,#5535));
#5537=IFCPROPERTYSINGLEVALUE('objectBegintijd',$,IFCLABEL('1159221600000'),$);
#5538=IFCPROPERTYSINGLEVALUE('identificatie',$,IFCIDENTIFIER('NL.IMGeo.G0772.915a8b986136435ca9486e8e7f366726'),$);
#5539=IFCPROPERTYSINGLEVALUE('tijdstipRegistratie',$,IFCLABEL('1452338115000'),$);
#5540=IFCPROPERTYSINGLEVALUE('LV-publicatiedatum',$,IFCLABEL('1460548866000'),$);
#5541=IFCPROPERTYSINGLEVALUE('bronhouder',$,IFCLABEL('G0772'),$);
#5542=IFCPROPERTYSINGLEVALUE('inOnderzoek',$,IFCBOOLEAN(.T.),$);
#5543=IFCPROPERTYSINGLEVALUE('relatieveHoogteligging',$,IFCREAL(0.),$);
#5544=IFCPROPERTYSINGLEVALUE('bgt-status',$,IFCLABEL('bestaand'),$);
#5545=IFCPROPERTYSINGLEVALUE('plus-type',$,IFCLABEL('niet-bgt:boom'),$);
#5546=IFCPROPERTYSET('0S41XgMk5DxPM8AWfwKZ24',#5,'CPset_BGT',$,(#5537,#5538,#5539,#5540,#5541,#5542,#5543,#5544,#5545));
#5547=IFCPROPERTYSINGLEVALUE('objectBegintijd',$,IFCLABEL('1413151200000'),$);
#5548=IFCPROPERTYSINGLEVALUE('identificatie',$,IFCIDENTIFIER('NL.IMGeo.G0772.91ed80da4f4a4373a871de59920abf7b'),$);
#5549=IFCPROPERTYSINGLEVALUE('tijdstipRegistratie',$,IFCLABEL('1452338115000'),$);
#5550=IFCPROPERTYSINGLEVALUE('LV-publicatiedatum',$,IFCLABEL('1460548866000'),$);
#5551=IFCPROPERTYSINGLEVALUE('bronhouder',$,IFCLABEL('G0772'),$);
#5552=IFCPROPERTYSINGLEVALUE('inOnderzoek',$,IFCBOOLEAN(.T.),$);
#5553=IFCPROPERTYSINGLEVALUE('relatieveHoogteligging',$,IFCREAL(0.),$);
#5554=IFCPROPERTYSINGLEVALUE('bgt-status',$,IFCLABEL('bestaand'),$);
#5555=IFCPROPERTYSINGLEVALUE('plus-type',$,IFCLABEL('niet-bgt:boom'),$);
#5556=IFCPROPERTYSET('1611zSTwD0lBc4Gg0gJV8u',#5,'CPset_BGT',$,(#5547,#5548,#5549,#5550,#5551,#5552,#5553,#5554,#5555));
#5557=IFCPROPERTYSINGLEVALUE('objectBegintijd',$,IFCLABEL('1300230000000'),$);
#5558=IFCPROPERTYSINGLEVALUE('identificatie',$,IFCIDENTIFIER('NL.IMGeo.G0772.922a85600b754e199a4890fca8b211ae'),$);
#5559=IFCPROPERTYSINGLEVALUE('tijdstipRegistratie',$,IFCLABEL('1452338115000'),$);
#5560=IFCPROPERTYSINGLEVALUE('LV-publicatiedatum',$,IFCLABEL('1460548866000'),$);
#5561=IFCPROPERTYSINGLEVALUE('bronhouder',$,IFCLABEL('G0772'),$);
#5562=IFCPROPERTYSINGLEVALUE('inOnderzoek',$,IFCBOOLEAN(.T.),$);
#5563=IFCPROPERTYSINGLEVALUE('relatieveHoogteligging',$,IFCREAL(0.),$);
#5564=IFCPROPERTYSINGLEVALUE('bgt-status',$,IFCLABEL('bestaand'),$);
#5565=IFCPROPERTYSINGLEVALUE('plus-type',$,IFCLABEL('niet-bgt:boom'),$);
#5566=IFCPROPERTYSET('0pCgurXuz3Sv1SLT7lQSgp',#5,'CPset_BGT',$,(#5557,#5558,#5559,#5560,#5561,#5562,#5563,#5564,#5565));
#5567=IFCPROPERTYSINGLEVALUE('objectBegintijd',$,IFCLABEL('1159221600000'),$);
#5568=IFCPROPERTYSINGLEVALUE('identificatie',$,IFCIDENTIFIER('NL.IMGeo.G0772.936f98bcdcd4438bbafc9467b8f7e51d'),$);
#5569=IFCPROPERTYSINGLEVALUE('tijdstipRegistratie',$,IFCLABEL('1452338115000'),$);
#5570=IFCPROPERTYSINGLEVALUE('LV-publicatiedatum',$,IFCLABEL('1460548866000'),$);
#5571=IFCPROPERTYSINGLEVALUE('bronhouder',$,IFCLABEL('G0772'),$);
#5572=IFCPROPERTYSINGLEVALUE('inOnderzoek',$,IFCBOOLEAN(.T.),$);
#5573=IFCPROPERTYSINGLEVALUE('relatieveHoogteligging',$,IFCREAL(0.),$);
#5574=IFCPROPERTYSINGLEVALUE('bgt-status',$,IFCLABEL('bestaand'),$);
#5575=IFCPROPERTYSINGLEVALUE('plus-type',$,IFCLABEL('niet-bgt:boom'),$);
#5576=IFCPROPERTYSET('35h44TWnr8bgyBSpGIfrhf',#5,'CPset_BGT',$,(#5567,#5568,#5569,#5570,#5571,#5572,#5573,#5574,#5575));
#5577=IFCPROPERTYSINGLEVALUE('objectBegintijd',$,IFCLABEL('1413151200000'),$);
#5578=IFCPROPERTYSINGLEVALUE('identificatie',$,IFCIDENTIFIER('NL.IMGeo.G0772.94cd14d43a6d4a4e9e45d62f610691e9'),$);
#5579=IFCPROPERTYSINGLEVALUE('tijdstipRegistratie',$,IFCLABEL('1452338115000'),$);
#5580=IFCPROPERTYSINGLEVALUE('LV-publicatiedatum',$,IFCLABEL('1460548866000'),$);
#5581=IFCPROPERTYSINGLEVALUE('bronhouder',$,IFCLABEL('G0772'),$);
#5582=IFCPROPERTYSINGLEVALUE('inOnderzoek',$,IFCBOOLEAN(.T.),$);
#5583=IFCPROPERTYSINGLEVALUE('relatieveHoogteligging',$,IFCREAL(0.),$);
#5584=IFCPROPERTYSINGLEVALUE('bgt-status',$,IFCLABEL('bestaand'),$);
#5585=IFCPROPERTYSINGLEVALUE('plus-type',$,IFCLABEL('niet-bgt:boom'),$);
#5586=IFCPROPERTYSET('0VQdPqCq9BHOAroSKRqZ5C',#5,'CPset_BGT',$,(#5577,#5578,#5579,#5580,#5581,#5582,#5583,#5584,#5585));
#5587=IFCPROPERTYSINGLEVALUE('objectBegintijd',$,IFCLABEL('1300230000000'),$);
#5588=IFCPROPERTYSINGLEVALUE('identificatie',$,IFCIDENTIFIER('NL.IMGeo.G0772.95e5a3d5833f4110a62a99cfc8e2d729'),$);
#5589=IFCPROPERTYSINGLEVALUE('tijdstipRegistratie',$,IFCLABEL('1452338115000'),$);
#5590=IFCPROPERTYSINGLEVALUE('LV-publicatiedatum',$,IFCLABEL('1460548866000'),$);
#5591=IFCPROPERTYSINGLEVALUE('bronhouder',$,IFCLABEL('G0772'),$);
#5592=IFCPROPERTYSINGLEVALUE('inOnderzoek',$,IFCBOOLEAN(.T.),$);
#5593=IFCPROPERTYSINGLEVALUE('relatieveHoogteligging',$,IFCREAL(0.),$);
#5594=IFCPROPERTYSINGLEVALUE('bgt-status',$,IFCLABEL('bestaand'),$);
#5595=IFCPROPERTYSINGLEVALUE('plus-type',$,IFCLABEL('niet-bgt:boom'),$);
#5596=IFCPROPERTYSET('1YvKrMIub9b9dtBY8zau2T',#5,'CPset_BGT',$,(#5587,#5588,#5589,#5590,#5591,#5592,#5593,#5594,#5595));
#5597=IFCPROPERTYSINGLEVALUE('objectBegintijd',$,IFCLABEL('1300230000000'),$);
#5598=IFCPROPERTYSINGLEVALUE('identificatie',$,IFCIDENTIFIER('NL.IMGeo.G0772.95e8998ea1c54bf4aad051f9c40c3da2'),$);
#5599=IFCPROPERTYSINGLEVALUE('tijdstipRegistratie',$,IFCLABEL('1452338115000'),$);
#5600=IFCPROPERTYSINGLEVALUE('LV-publicatiedatum',$,IFCLABEL('1460548866000'),$);
#5601=IFCPROPERTYSINGLEVALUE('bronhouder',$,IFCLABEL('G0772'),$);
#5602=IFCPROPERTYSINGLEVALUE('inOnderzoek',$,IFCBOOLEAN(.T.),$);
#5603=IFCPROPERTYSINGLEVALUE('relatieveHoogteligging',$,IFCREAL(0.),$);
#5604=IFCPROPERTYSINGLEVALUE('bgt-status',$,IFCLABEL('bestaand'),$);
#5605=IFCPROPERTYSINGLEVALUE('plus-type',$,IFCLABEL('niet-bgt:boom'),$);
#5606=IFCPROPERTYSET('3hTP8heGHBmxzNEfzyI69x',#5,'CPset_BGT',$,(#5597,#5598,#5599,#5600,#5601,#5602,#5603,#5604,#5605));
#5607=IFCPROPERTYSINGLEVALUE('objectBegintijd',$,IFCLABEL('1159221600000'),$);
#5608=IFCPROPERTYSINGLEVALUE('identificatie',$,IFCIDENTIFIER('NL.IMGeo.G0772.9691f99422124e5c974ebc74e81c6ea1'),$);
#5609=IFCPROPERTYSINGLEVALUE('tijdstipRegistratie',$,IFCLABEL('1452338115000'),$);
#5610=IFCPROPERTYSINGLEVALUE('LV-publicatiedatum',$,IFCLABEL('1460548866000'),$);
#5611=IFCPROPERTYSINGLEVALUE('bronhouder',$,IFCLABEL('G0772'),$);
#5612=IFCPROPERTYSINGLEVALUE('inOnderzoek',$,IFCBOOLEAN(.T.),$);
#5613=IFCPROPERTYSINGLEVALUE('relatieveHoogteligging',$,IFCREAL(0.),$);
#5614=IFCPROPERTYSINGLEVALUE('bgt-status',$,IFCLABEL('bestaand'),$);
#5615=IFCPROPERTYSINGLEVALUE('plus-type',$,IFCLABEL('niet-bgt:boom'),$);
#5616=IFCPROPERTYSET('2K8wF9V_HB38mxp7fGMPqX',#5,'CPset_BGT',$,(#5607,#5608,#5609,#5610,#5611,#5612,#5613,#5614,#5615));
#5617=IFCPROPERTYSINGLEVALUE('objectBegintijd',$,IFCLABEL('1300230000000'),$);
#5618=IFCPROPERTYSINGLEVALUE('identificatie',$,IFCIDENTIFIER('NL.IMGeo.G0772.96b2f768a7144a65b7c7611baaf49b9d'),$);
#5619=IFCPROPERTYSINGLEVALUE('tijdstipRegistratie',$,IFCLABEL('1452338115000'),$);
#5620=IFCPROPERTYSINGLEVALUE('LV-publicatiedatum',$,IFCLABEL('1460548866000'),$);
#5621=IFCPROPERTYSINGLEVALUE('bronhouder',$,IFCLABEL('G0772'),$);
#5622=IFCPROPERTYSINGLEVALUE('inOnderzoek',$,IFCBOOLEAN(.T.),$);
#5623=IFCPROPERTYSINGLEVALUE('relatieveHoogteligging',$,IFCREAL(0.),$);
#5624=IFCPROPERTYSINGLEVALUE('bgt-status',$,IFCLABEL('bestaand'),$);
#5625=IFCPROPERTYSINGLEVALUE('plus-type',$,IFCLABEL('niet-bgt:boom'),$);
#5626=IFCPROPERTYSET('0IAd2gomTDiPi1SFVshAwM',#5,'CPset_BGT',$,(#5617,#5618,#5619,#5620,#5621,#5622,#5623,#5624,#5625));
#5627=IFCPROPERTYSINGLEVALUE('objectBegintijd',$,IFCLABEL('1159221600000'),$);
#5628=IFCPROPERTYSINGLEVALUE('identificatie',$,IFCIDENTIFIER('NL.IMGeo.G0772.978c92d4317e4f90b25e295403e2ed26'),$);
#5629=IFCPROPERTYSINGLEVALUE('tijdstipRegistratie',$,IFCLABEL('1452338115000'),$);
#5630=IFCPROPERTYSINGLEVALUE('LV-publicatiedatum',$,IFCLABEL('1460548866000'),$);
#5631=IFCPROPERTYSINGLEVALUE('bronhouder',$,IFCLABEL('G0772'),$);
#5632=IFCPROPERTYSINGLEVALUE('inOnderzoek',$,IFCBOOLEAN(.T.),$);
#5633=IFCPROPERTYSINGLEVALUE('relatieveHoogteligging',$,IFCREAL(0.),$);
#5634=IFCPROPERTYSINGLEVALUE('bgt-status',$,IFCLABEL('bestaand'),$);
#5635=IFCPROPERTYSINGLEVALUE('plus-type',$,IFCLABEL('niet-bgt:boom'),$);
#5636=IFCPROPERTYSET('1z5yDi1mXBZxz1NenqdpqV',#5,'CPset_BGT',$,(#5627,#5628,#5629,#5630,#5631,#5632,#5633,#5634,#5635));
#5637=IFCPROPERTYSINGLEVALUE('objectBegintijd',$,IFCLABEL('1159221600000'),$);
#5638=IFCPROPERTYSINGLEVALUE('identificatie',$,IFCIDENTIFIER('NL.IMGeo.G0772.97eeb76d63914dbba8e4d3327af8b4de'),$);
#5639=IFCPROPERTYSINGLEVALUE('tijdstipRegistratie',$,IFCLABEL('1452338115000'),$);
#5640=IFCPROPERTYSINGLEVALUE('LV-publicatiedatum',$,IFCLABEL('1460548866000'),$);
#5641=IFCPROPERTYSINGLEVALUE('bronhouder',$,IFCLABEL('G0772'),$);
#5642=IFCPROPERTYSINGLEVALUE('inOnderzoek',$,IFCBOOLEAN(.T.),$);
#5643=IFCPROPERTYSINGLEVALUE('relatieveHoogteligging',$,IFCREAL(0.),$);
#5644=IFCPROPERTYSINGLEVALUE('bgt-status',$,IFCLABEL('bestaand'),$);
#5645=IFCPROPERTYSINGLEVALUE('plus-type',$,IFCLABEL('niet-bgt:boom'),$);
#5646=IFCPROPERTYSET('2iXg8iG4jBP8vI7Z7$55iY',#5,'CPset_BGT',$,(#5637,#5638,#5639,#5640,#5641,#5642,#5643,#5644,#5645));
#5647=IFCPROPERTYSINGLEVALUE('objectBegintijd',$,IFCLABEL('1159221600000'),$);
#5648=IFCPROPERTYSINGLEVALUE('identificatie',$,IFCIDENTIFIER('NL.IMGeo.G0772.98d4f44e6fba4c738d076b91ad88cb65'),$);
#5649=IFCPROPERTYSINGLEVALUE('tijdstipRegistratie',$,IFCLABEL('1452338115000'),$);
#5650=IFCPROPERTYSINGLEVALUE('LV-publicatiedatum',$,IFCLABEL('1460548866000'),$);
#5651=IFCPROPERTYSINGLEVALUE('bronhouder',$,IFCLABEL('G0772'),$);
#5652=IFCPROPERTYSINGLEVALUE('inOnderzoek',$,IFCBOOLEAN(.T.),$);
#5653=IFCPROPERTYSINGLEVALUE('relatieveHoogteligging',$,IFCREAL(0.),$);
#5654=IFCPROPERTYSINGLEVALUE('bgt-status',$,IFCLABEL('bestaand'),$);
#5655=IFCPROPERTYSINGLEVALUE('plus-type',$,IFCLABEL('niet-bgt:boom'),$);
#5656=IFCPROPERTYSET('1XgBUrVCn5pQOOuNmoajMi',#5,'CPset_BGT',$,(#5647,#5648,#5649,#5650,#5651,#5652,#5653,#5654,#5655));
#5657=IFCPROPERTYSINGLEVALUE('objectBegintijd',$,IFCLABEL('1159221600000'),$);
#5658=IFCPROPERTYSINGLEVALUE('identificatie',$,IFCIDENTIFIER('NL.IMGeo.G0772.9a3c84bae13646a89d07b72e5b404554'),$);
#5659=IFCPROPERTYSINGLEVALUE('tijdstipRegistratie',$,IFCLABEL('1452338115000'),$);
#5660=IFCPROPERTYSINGLEVALUE('LV-publicatiedatum',$,IFCLABEL('1460548866000'),$);
#5661=IFCPROPERTYSINGLEVALUE('bronhouder',$,IFCLABEL('G0772'),$);
#5662=IFCPROPERTYSINGLEVALUE('inOnderzoek',$,IFCBOOLEAN(.T.),$);
#5663=IFCPROPERTYSINGLEVALUE('relatieveHoogteligging',$,IFCREAL(0.),$);
#5664=IFCPROPERTYSINGLEVALUE('bgt-status',$,IFCLABEL('bestaand'),$);
#5665=IFCPROPERTYSINGLEVALUE('plus-type',$,IFCLABEL('niet-bgt:boom'),$);
#5666=IFCPROPERTYSET('3Zfo5d1P90Vhrjf9AOWkzh',#5,'CPset_BGT',$,(#5657,#5658,#5659,#5660,#5661,#5662,#5663,#5664,#5665));
#5667=IFCPROPERTYSINGLEVALUE('objectBegintijd',$,IFCLABEL('1159221600000'),$);
#5668=IFCPROPERTYSINGLEVALUE('identificatie',$,IFCIDENTIFIER('NL.IMGeo.G0772.9a60cd228ad44f47ad8de494a3fc6aba'),$);
#5669=IFCPROPERTYSINGLEVALUE('tijdstipRegistratie',$,IFCLABEL('1452338115000'),$);
#5670=IFCPROPERTYSINGLEVALUE('LV-publicatiedatum',$,IFCLABEL('1460548866000'),$);
#5671=IFCPROPERTYSINGLEVALUE('bronhouder',$,IFCLABEL('G0772'),$);
#5672=IFCPROPERTYSINGLEVALUE('inOnderzoek',$,IFCBOOLEAN(.T.),$);
#5673=IFCPROPERTYSINGLEVALUE('relatieveHoogteligging',$,IFCREAL(0.),$);
#5674=IFCPROPERTYSINGLEVALUE('bgt-status',$,IFCLABEL('bestaand'),$);
#5675=IFCPROPERTYSINGLEVALUE('plus-type',$,IFCLABEL('niet-bgt:boom'),$);
#5676=IFCPROPERTYSET('1_7MLKsG10ggzo9_1UYAaJ',#5,'CPset_BGT',$,(#5667,#5668,#5669,#5670,#5671,#5672,#5673,#5674,#5675));
#5677=IFCPROPERTYSINGLEVALUE('objectBegintijd',$,IFCLABEL('1300230000000'),$);
#5678=IFCPROPERTYSINGLEVALUE('identificatie',$,IFCIDENTIFIER('NL.IMGeo.G0772.a180d58dc3844be58c4dad0c8f780e96'),$);
#5679=IFCPROPERTYSINGLEVALUE('tijdstipRegistratie',$,IFCLABEL('1452338115000'),$);
#5680=IFCPROPERTYSINGLEVALUE('LV-publicatiedatum',$,IFCLABEL('1460548866000'),$);
#5681=IFCPROPERTYSINGLEVALUE('bronhouder',$,IFCLABEL('G0772'),$);
#5682=IFCPROPERTYSINGLEVALUE('inOnderzoek',$,IFCBOOLEAN(.T.),$);
#5683=IFCPROPERTYSINGLEVALUE('relatieveHoogteligging',$,IFCREAL(0.),$);
#5684=IFCPROPERTYSINGLEVALUE('bgt-status',$,IFCLABEL('bestaand'),$);
#5685=IFCPROPERTYSINGLEVALUE('plus-type',$,IFCLABEL('niet-bgt:boom'),$);
#5686=IFCPROPERTYSET('2Vf56BooH0ev4nXNGnjrTJ',#5,'CPset_BGT',$,(#5677,#5678,#5679,#5680,#5681,#5682,#5683,#5684,#5685));
#5687=IFCPROPERTYSINGLEVALUE('objectBegintijd',$,IFCLABEL('1159221600000'),$);
#5688=IFCPROPERTYSINGLEVALUE('identificatie',$,IFCIDENTIFIER('NL.IMGeo.G0772.a663faab0b044967be498816030f95bb'),$);
#5689=IFCPROPERTYSINGLEVALUE('tijdstipRegistratie',$,IFCLABEL('1452338115000'),$);
#5690=IFCPROPERTYSINGLEVALUE('LV-publicatiedatum',$,IFCLABEL('1460548866000'),$);
#5691=IFCPROPERTYSINGLEVALUE('bronhouder',$,IFCLABEL('G0772'),$);
#5692=IFCPROPERTYSINGLEVALUE('inOnderzoek',$,IFCBOOLEAN(.T.),$);
#5693=IFCPROPERTYSINGLEVALUE('relatieveHoogteligging',$,IFCREAL(0.),$);
#5694=IFCPROPERTYSINGLEVALUE('bgt-status',$,IFCLABEL('bestaand'),$);
#5695=IFCPROPERTYSINGLEVALUE('plus-type',$,IFCLABEL('niet-bgt:boom'),$);
#5696=IFCPROPERTYSET('2dKzLNrGL3Dgkg1CxNcQjE',#5,'CPset_BGT',$,(#5687,#5688,#5689,#5690,#5691,#5692,#5693,#5694,#5695));
#5697=IFCPROPERTYSINGLEVALUE('objectBegintijd',$,IFCLABEL('1300230000000'),$);
#5698=IFCPROPERTYSINGLEVALUE('identificatie',$,IFCIDENTIFIER('NL.IMGeo.G0772.a715f3f706b44d17b15a81810e519212'),$);
#5699=IFCPROPERTYSINGLEVALUE('tijdstipRegistratie',$,IFCLABEL('1452338115000'),$);
#5700=IFCPROPERTYSINGLEVALUE('LV-publicatiedatum',$,IFCLABEL('1460548866000'),$);
#5701=IFCPROPERTYSINGLEVALUE('bronhouder',$,IFCLABEL('G0772'),$);
#5702=IFCPROPERTYSINGLEVALUE('inOnderzoek',$,IFCBOOLEAN(.T.),$);
#5703=IFCPROPERTYSINGLEVALUE('relatieveHoogteligging',$,IFCREAL(0.),$);
#5704=IFCPROPERTYSINGLEVALUE('bgt-status',$,IFCLABEL('bestaand'),$);
#5705=IFCPROPERTYSINGLEVALUE('plus-type',$,IFCLABEL('niet-bgt:boom'),$);
#5706=IFCPROPERTYSET('02dUrygqrF5eKl6S22pB5C',#5,'CPset_BGT',$,(#5697,#5698,#5699,#5700,#5701,#5702,#5703,#5704,#5705));
#5707=IFCPROPERTYSINGLEVALUE('objectBegintijd',$,IFCLABEL('1239660000000'),$);
#5708=IFCPROPERTYSINGLEVALUE('identificatie',$,IFCIDENTIFIER('NL.IMGeo.G0772.a969ee635eeb450bb19317718e0b039c'),$);
#5709=IFCPROPERTYSINGLEVALUE('tijdstipRegistratie',$,IFCLABEL('1452338115000'),$);
#5710=IFCPROPERTYSINGLEVALUE('LV-publicatiedatum',$,IFCLABEL('1460548866000'),$);
#5711=IFCPROPERTYSINGLEVALUE('bronhouder',$,IFCLABEL('G0772'),$);
#5712=IFCPROPERTYSINGLEVALUE('inOnderzoek',$,IFCBOOLEAN(.T.),$);
#5713=IFCPROPERTYSINGLEVALUE('relatieveHoogteligging',$,IFCREAL(0.),$);
#5714=IFCPROPERTYSINGLEVALUE('bgt-status',$,IFCLABEL('bestaand'),$);
#5715=IFCPROPERTYSINGLEVALUE('plus-type',$,IFCLABEL('niet-bgt:boom'),$);
#5716=IFCPROPERTYSET('13TSH2Oxj1J8VjXoDF$nCU',#5,'CPset_BGT',$,(#5707,#5708,#5709,#5710,#5711,#5712,#5713,#5714,#5715));
#5717=IFCPROPERTYSINGLEVALUE('objectBegintijd',$,IFCLABEL('1430258400000'),$);
#5718=IFCPROPERTYSINGLEVALUE('identificatie',$,IFCIDENTIFIER('NL.IMGeo.G0772.aa93258a48c041f88446886edada1618'),$);
#5719=IFCPROPERTYSINGLEVALUE('tijdstipRegistratie',$,IFCLABEL('1452338115000'),$);
#5720=IFCPROPERTYSINGLEVALUE('LV-publicatiedatum',$,IFCLABEL('1460548866000'),$);
#5721=IFCPROPERTYSINGLEVALUE('bronhouder',$,IFCLABEL('G0772'),$);
#5722=IFCPROPERTYSINGLEVALUE('inOnderzoek',$,IFCBOOLEAN(.T.),$);
#5723=IFCPROPERTYSINGLEVALUE('relatieveHoogteligging',$,IFCREAL(0.),$);
#5724=IFCPROPERTYSINGLEVALUE('bgt-status',$,IFCLABEL('bestaand'),$);
#5725=IFCPROPERTYSINGLEVALUE('plus-type',$,IFCLABEL('niet-bgt:boom'),$);
#5726=IFCPROPERTYSET('34JS94gT592fRF$UsRDhJL',#5,'CPset_BGT',$,(#5717,#5718,#5719,#5720,#5721,#5722,#5723,#5724,#5725));
#5727=IFCPROPERTYSINGLEVALUE('objectBegintijd',$,IFCLABEL('1413151200000'),$);
#5728=IFCPROPERTYSINGLEVALUE('identificatie',$,IFCIDENTIFIER('NL.IMGeo.G0772.aba8587f1a194f358d83715410d4dcd6'),$);
#5729=IFCPROPERTYSINGLEVALUE('tijdstipRegistratie',$,IFCLABEL('1452338115000'),$);
#5730=IFCPROPERTYSINGLEVALUE('LV-publicatiedatum',$,IFCLABEL('1460548866000'),$);
#5731=IFCPROPERTYSINGLEVALUE('bronhouder',$,IFCLABEL('G0772'),$);
#5732=IFCPROPERTYSINGLEVALUE('inOnderzoek',$,IFCBOOLEAN(.T.),$);
#5733=IFCPROPERTYSINGLEVALUE('relatieveHoogteligging',$,IFCREAL(0.),$);
#5734=IFCPROPERTYSINGLEVALUE('bgt-status',$,IFCLABEL('bestaand'),$);
#5735=IFCPROPERTYSINGLEVALUE('plus-type',$,IFCLABEL('niet-bgt:boom'),$);
#5736=IFCPROPERTYSET('1_a9er1418Hw8IS17YULN5',#5,'CPset_BGT',$,(#5727,#5728,#5729,#5730,#5731,#5732,#5733,#5734,#5735));
#5737=IFCPROPERTYSINGLEVALUE('objectBegintijd',$,IFCLABEL('1159221600000'),$);
#5738=IFCPROPERTYSINGLEVALUE('identificatie',$,IFCIDENTIFIER('NL.IMGeo.G0772.ad8be4ea20a24f269dff2d26e510d9ca'),$);
#5739=IFCPROPERTYSINGLEVALUE('tijdstipRegistratie',$,IFCLABEL('1452338115000'),$);
#5740=IFCPROPERTYSINGLEVALUE('LV-publicatiedatum',$,IFCLABEL('1460548866000'),$);
#5741=IFCPROPERTYSINGLEVALUE('bronhouder',$,IFCLABEL('G0772'),$);
#5742=IFCPROPERTYSINGLEVALUE('inOnderzoek',$,IFCBOOLEAN(.T.),$);
#5743=IFCPROPERTYSINGLEVALUE('relatieveHoogteligging',$,IFCREAL(0.),$);
#5744=IFCPROPERTYSINGLEVALUE('bgt-status',$,IFCLABEL('bestaand'),$);
#5745=IFCPROPERTYSINGLEVALUE('plus-type',$,IFCLABEL('niet-bgt:boom'),$);
#5746=IFCPROPERTYSET('2K0mSLc4r6JQpAxwwVCcIK',#5,'CPset_BGT',$,(#5737,#5738,#5739,#5740,#5741,#5742,#5743,#5744,#5745));
#5747=IFCPROPERTYSINGLEVALUE('objectBegintijd',$,IFCLABEL('1159221600000'),$);
#5748=IFCPROPERTYSINGLEVALUE('identificatie',$,IFCIDENTIFIER('NL.IMGeo.G0772.b01738a522d04752a71c551585f47efd'),$);
#5749=IFCPROPERTYSINGLEVALUE('tijdstipRegistratie',$,IFCLABEL('1452338115000'),$);
#5750=IFCPROPERTYSINGLEVALUE('LV-publicatiedatum',$,IFCLABEL('1460548866000'),$);
#5751=IFCPROPERTYSINGLEVALUE('bronhouder',$,IFCLABEL('G0772'),$);
#5752=IFCPROPERTYSINGLEVALUE('inOnderzoek',$,IFCBOOLEAN(.T.),$);
#5753=IFCPROPERTYSINGLEVALUE('relatieveHoogteligging',$,IFCREAL(0.),$);
#5754=IFCPROPERTYSINGLEVALUE('bgt-status',$,IFCLABEL('bestaand'),$);
#5755=IFCPROPERTYSINGLEVALUE('plus-type',$,IFCLABEL('niet-bgt:boom'),$);
#5756=IFCPROPERTYSET('1Zi$Xnyw17hAme4vcsTAjB',#5,'CPset_BGT',$,(#5747,#5748,#5749,#5750,#5751,#5752,#5753,#5754,#5755));
#5757=IFCPROPERTYSINGLEVALUE('objectBegintijd',$,IFCLABEL('1374184800000'),$);
#5758=IFCPROPERTYSINGLEVALUE('identificatie',$,IFCIDENTIFIER('NL.IMGeo.G0772.b0a016b1f6494ead9a1d0b3ee43513ee'),$);
#5759=IFCPROPERTYSINGLEVALUE('tijdstipRegistratie',$,IFCLABEL('1452338115000'),$);
#5760=IFCPROPERTYSINGLEVALUE('LV-publicatiedatum',$,IFCLABEL('1460548866000'),$);
#5761=IFCPROPERTYSINGLEVALUE('bronhouder',$,IFCLABEL('G0772'),$);
#5762=IFCPROPERTYSINGLEVALUE('inOnderzoek',$,IFCBOOLEAN(.T.),$);
#5763=IFCPROPERTYSINGLEVALUE('relatieveHoogteligging',$,IFCREAL(0.),$);
#5764=IFCPROPERTYSINGLEVALUE('bgt-status',$,IFCLABEL('bestaand'),$);
#5765=IFCPROPERTYSINGLEVALUE('plus-type',$,IFCLABEL('niet-bgt:boom'),$);
#5766=IFCPROPERTYSET('2wEKfgV4T2Kuqj$i93voEn',#5,'CPset_BGT',$,(#5757,#5758,#5759,#5760,#5761,#5762,#5763,#5764,#5765));
#5767=IFCPROPERTYSINGLEVALUE('objectBegintijd',$,IFCLABEL('1413151200000'),$);
#5768=IFCPROPERTYSINGLEVALUE('identificatie',$,IFCIDENTIFIER('NL.IMGeo.G0772.b103b958dc7c415880862ad6be767f94'),$);
#5769=IFCPROPERTYSINGLEVALUE('tijdstipRegistratie',$,IFCLABEL('1452338115000'),$);
#5770=IFCPROPERTYSINGLEVALUE('LV-publicatiedatum',$,IFCLABEL('1460548866000'),$);
#5771=IFCPROPERTYSINGLEVALUE('bronhouder',$,IFCLABEL('G0772'),$);
#5772=IFCPROPERTYSINGLEVALUE('inOnderzoek',$,IFCBOOLEAN(.T.),$);
#5773=IFCPROPERTYSINGLEVALUE('relatieveHoogteligging',$,IFCREAL(0.),$);
#5774=IFCPROPERTYSINGLEVALUE('bgt-status',$,IFCLABEL('bestaand'),$);
#5775=IFCPROPERTYSINGLEVALUE('plus-type',$,IFCLABEL('niet-bgt:boom'),$);
#5776=IFCPROPERTYSET('00A$HQO8T6$up5Jx9Hi9Jl',#5,'CPset_BGT',$,(#5767,#5768,#5769,#5770,#5771,#5772,#5773,#5774,#5775));
#5777=IFCPROPERTYSINGLEVALUE('objectBegintijd',$,IFCLABEL('1300230000000'),$);
#5778=IFCPROPERTYSINGLEVALUE('identificatie',$,IFCIDENTIFIER('NL.IMGeo.G0772.b27f3c479cd34b5ca8ba8349d745d7fd'),$);
#5779=IFCPROPERTYSINGLEVALUE('tijdstipRegistratie',$,IFCLABEL('1452338115000'),$);
#5780=IFCPROPERTYSINGLEVALUE('LV-publicatiedatum',$,IFCLABEL('1460548866000'),$);
#5781=IFCPROPERTYSINGLEVALUE('bronhouder',$,IFCLABEL('G0772'),$);
#5782=IFCPROPERTYSINGLEVALUE('inOnderzoek',$,IFCBOOLEAN(.T.),$);
#5783=IFCPROPERTYSINGLEVALUE('relatieveHoogteligging',$,IFCREAL(0.),$);
#5784=IFCPROPERTYSINGLEVALUE('bgt-status',$,IFCLABEL('bestaand'),$);
#5785=IFCPROPERTYSINGLEVALUE('plus-type',$,IFCLABEL('niet-bgt:boom'),$);
#5786=IFCPROPERTYSET('284ehOfUr1ExAnEM7viGgo',#5,'CPset_BGT',$,(#5777,#5778,#5779,#5780,#5781,#5782,#5783,#5784,#5785));
#5787=IFCPROPERTYSINGLEVALUE('objectBegintijd',$,IFCLABEL('1159221600000'),$);
#5788=IFCPROPERTYSINGLEVALUE('identificatie',$,IFCIDENTIFIER('NL.IMGeo.G0772.b4d45f1322af4e0282533a9aa40afcb8'),$);
#5789=IFCPROPERTYSINGLEVALUE('tijdstipRegistratie',$,IFCLABEL('1452338115000'),$);
#5790=IFCPROPERTYSINGLEVALUE('LV-publicatiedatum',$,IFCLABEL('1460548866000'),$);
#5791=IFCPROPERTYSINGLEVALUE('bronhouder',$,IFCLABEL('G0772'),$);
#5792=IFCPROPERTYSINGLEVALUE('inOnderzoek',$,IFCBOOLEAN(.T.),$);
#5793=IFCPROPERTYSINGLEVALUE('relatieveHoogteligging',$,IFCREAL(0.),$);
#5794=IFCPROPERTYSINGLEVALUE('bgt-status',$,IFCLABEL('bestaand'),$);
#5795=IFCPROPERTYSINGLEVALUE('plus-type',$,IFCLABEL('niet-bgt:boom'),$);
#5796=IFCPROPERTYSET('1kyH_Pi_TAyRK_28Q8jAKe',#5,'CPset_BGT',$,(#5787,#5788,#5789,#5790,#5791,#5792,#5793,#5794,#5795));
#5797=IFCPROPERTYSINGLEVALUE('objectBegintijd',$,IFCLABEL('1159221600000'),$);
#5798=IFCPROPERTYSINGLEVALUE('identificatie',$,IFCIDENTIFIER('NL.IMGeo.G0772.b740eba9bb414fa7a14a239ad94d91c0'),$);
#5799=IFCPROPERTYSINGLEVALUE('tijdstipRegistratie',$,IFCLABEL('1452338115000'),$);
#5800=IFCPROPERTYSINGLEVALUE('LV-publicatiedatum',$,IFCLABEL('1460548866000'),$);
#5801=IFCPROPERTYSINGLEVALUE('bronhouder',$,IFCLABEL('G0772'),$);
#5802=IFCPROPERTYSINGLEVALUE('inOnderzoek',$,IFCBOOLEAN(.T.),$);
#5803=IFCPROPERTYSINGLEVALUE('relatieveHoogteligging',$,IFCREAL(0.),$);
#5804=IFCPROPERTYSINGLEVALUE('bgt-status',$,IFCLABEL('bestaand'),$);
#5805=IFCPROPERTYSINGLEVALUE('plus-type',$,IFCLABEL('niet-bgt:boom'),$);
#5806=IFCPROPERTYSET('0jdl$saBXBiBjcB_M5LzA5',#5,'CPset_BGT',$,(#5797,#5798,#5799,#5800,#5801,#5802,#5803,#5804,#5805));
#5807=IFCPROPERTYSINGLEVALUE('objectBegintijd',$,IFCLABEL('1159221600000'),$);
#5808=IFCPROPERTYSINGLEVALUE('identificatie',$,IFCIDENTIFIER('NL.IMGeo.G0772.b9fee894f18745a0bd5c0531aefc4173'),$);
#5809=IFCPROPERTYSINGLEVALUE('tijdstipRegistratie',$,IFCLABEL('1452338115000'),$);
#5810=IFCPROPERTYSINGLEVALUE('LV-publicatiedatum',$,IFCLABEL('1460548866000'),$);
#5811=IFCPROPERTYSINGLEVALUE('bronhouder',$,IFCLABEL('G0772'),$);
#5812=IFCPROPERTYSINGLEVALUE('inOnderzoek',$,IFCBOOLEAN(.T.),$);
#5813=IFCPROPERTYSINGLEVALUE('relatieveHoogteligging',$,IFCREAL(0.),$);
#5814=IFCPROPERTYSINGLEVALUE('bgt-status',$,IFCLABEL('bestaand'),$);
#5815=IFCPROPERTYSINGLEVALUE('plus-type',$,IFCLABEL('niet-bgt:boom'),$);
#5816=IFCPROPERTYSET('0s_C5DYwPDVgeh$C6Z1_Ui',#5,'CPset_BGT',$,(#5807,#5808,#5809,#5810,#5811,#5812,#5813,#5814,#5815));
#5817=IFCPROPERTYSINGLEVALUE('objectBegintijd',$,IFCLABEL('1159221600000'),$);
#5818=IFCPROPERTYSINGLEVALUE('identificatie',$,IFCIDENTIFIER('NL.IMGeo.G0772.bcc7ce384dfc4652b9146ba9a7c05d3c'),$);
#5819=IFCPROPERTYSINGLEVALUE('tijdstipRegistratie',$,IFCLABEL('1452338115000'),$);
#5820=IFCPROPERTYSINGLEVALUE('LV-publicatiedatum',$,IFCLABEL('1460548866000'),$);
#5821=IFCPROPERTYSINGLEVALUE('bronhouder',$,IFCLABEL('G0772'),$);
#5822=IFCPROPERTYSINGLEVALUE('inOnderzoek',$,IFCBOOLEAN(.T.),$);
#5823=IFCPROPERTYSINGLEVALUE('relatieveHoogteligging',$,IFCREAL(0.),$);
#5824=IFCPROPERTYSINGLEVALUE('bgt-status',$,IFCLABEL('bestaand'),$);
#5825=IFCPROPERTYSINGLEVALUE('plus-type',$,IFCLABEL('niet-bgt:boom'),$);
#5826=IFCPROPERTYSET('3wQuTGYV5299agN9NsxIg4',#5,'CPset_BGT',$,(#5817,#5818,#5819,#5820,#5821,#5822,#5823,#5824,#5825));
#5827=IFCPROPERTYSINGLEVALUE('objectBegintijd',$,IFCLABEL('1214776800000'),$);
#5828=IFCPROPERTYSINGLEVALUE('identificatie',$,IFCIDENTIFIER('NL.IMGeo.G0772.bd02050ff9d74c59b9a14d13e2a94efd'),$);
#5829=IFCPROPERTYSINGLEVALUE('tijdstipRegistratie',$,IFCLABEL('1452338115000'),$);
#5830=IFCPROPERTYSINGLEVALUE('LV-publicatiedatum',$,IFCLABEL('1460548866000'),$);
#5831=IFCPROPERTYSINGLEVALUE('bronhouder',$,IFCLABEL('G0772'),$);
#5832=IFCPROPERTYSINGLEVALUE('inOnderzoek',$,IFCBOOLEAN(.T.),$);
#5833=IFCPROPERTYSINGLEVALUE('relatieveHoogteligging',$,IFCREAL(0.),$);
#5834=IFCPROPERTYSINGLEVALUE('bgt-status',$,IFCLABEL('bestaand'),$);
#5835=IFCPROPERTYSINGLEVALUE('plus-type',$,IFCLABEL('niet-bgt:boom'),$);
#5836=IFCPROPERTYSET('0tg8tSm218NeMb7$MuPu$i',#5,'CPset_BGT',$,(#5827,#5828,#5829,#5830,#5831,#5832,#5833,#5834,#5835));
#5837=IFCPROPERTYSINGLEVALUE('objectBegintijd',$,IFCLABEL('1214776800000'),$);
#5838=IFCPROPERTYSINGLEVALUE('identificatie',$,IFCIDENTIFIER('NL.IMGeo.G0772.c17d58730f334282ac1d19f4280f7385'),$);
#5839=IFCPROPERTYSINGLEVALUE('tijdstipRegistratie',$,IFCLABEL('1452338115000'),$);
#5840=IFCPROPERTYSINGLEVALUE('LV-publicatiedatum',$,IFCLABEL('1460548866000'),$);
#5841=IFCPROPERTYSINGLEVALUE('bronhouder',$,IFCLABEL('G0772'),$);
#5842=IFCPROPERTYSINGLEVALUE('inOnderzoek',$,IFCBOOLEAN(.T.),$);
#5843=IFCPROPERTYSINGLEVALUE('relatieveHoogteligging',$,IFCREAL(0.),$);
#5844=IFCPROPERTYSINGLEVALUE('bgt-status',$,IFCLABEL('bestaand'),$);
#5845=IFCPROPERTYSINGLEVALUE('plus-type',$,IFCLABEL('niet-bgt:boom'),$);
#5846=IFCPROPERTYSET('1$OhXv4KD638m4SNkWxfGu',#5,'CPset_BGT',$,(#5837,#5838,#5839,#5840,#5841,#5842,#5843,#5844,#5845));
#5847=IFCPROPERTYSINGLEVALUE('objectBegintijd',$,IFCLABEL('1159221600000'),$);
#5848=IFCPROPERTYSINGLEVALUE('identificatie',$,IFCIDENTIFIER('NL.IMGeo.G0772.c709626df0034c929c44b39462167d46'),$);
#5849=IFCPROPERTYSINGLEVALUE('tijdstipRegistratie',$,IFCLABEL('1452338115000'),$);
#5850=IFCPROPERTYSINGLEVALUE('LV-publicatiedatum',$,IFCLABEL('1460548866000'),$);
#5851=IFCPROPERTYSINGLEVALUE('bronhouder',$,IFCLABEL('G0772'),$);
#5852=IFCPROPERTYSINGLEVALUE('inOnderzoek',$,IFCBOOLEAN(.T.),$);
#5853=IFCPROPERTYSINGLEVALUE('relatieveHoogteligging',$,IFCREAL(0.),$);
#5854=IFCPROPERTYSINGLEVALUE('bgt-status',$,IFCLABEL('bestaand'),$);
#5855=IFCPROPERTYSINGLEVALUE('plus-type',$,IFCLABEL('niet-bgt:boom'),$);
#5856=IFCPROPERTYSET('0uyTWbthz8uB5PDIz2wh49',#5,'CPset_BGT',$,(#5847,#5848,#5849,#5850,#5851,#5852,#5853,#5854,#5855));
#5857=IFCPROPERTYSINGLEVALUE('objectBegintijd',$,IFCLABEL('1300230000000'),$);
#5858=IFCPROPERTYSINGLEVALUE('identificatie',$,IFCIDENTIFIER('NL.IMGeo.G0772.c7e1edf0ca2e4388ad2619390c8ae4ad'),$);
#5859=IFCPROPERTYSINGLEVALUE('tijdstipRegistratie',$,IFCLABEL('1452338115000'),$);
#5860=IFCPROPERTYSINGLEVALUE('LV-publicatiedatum',$,IFCLABEL('1460548866000'),$);
#5861=IFCPROPERTYSINGLEVALUE('bronhouder',$,IFCLABEL('G0772'),$);
#5862=IFCPROPERTYSINGLEVALUE('inOnderzoek',$,IFCBOOLEAN(.T.),$);
#5863=IFCPROPERTYSINGLEVALUE('relatieveHoogteligging',$,IFCREAL(0.),$);
#5864=IFCPROPERTYSINGLEVALUE('bgt-status',$,IFCLABEL('bestaand'),$);
#5865=IFCPROPERTYSINGLEVALUE('plus-type',$,IFCLABEL('niet-bgt:boom'),$);
#5866=IFCPROPERTYSET('3KGgox$D5AeuiiSXpcGWFX',#5,'CPset_BGT',$,(#5857,#5858,#5859,#5860,#5861,#5862,#5863,#5864,#5865));
#5867=IFCPROPERTYSINGLEVALUE('objectBegintijd',$,IFCLABEL('1214776800000'),$);
#5868=IFCPROPERTYSINGLEVALUE('identificatie',$,IFCIDENTIFIER('NL.IMGeo.G0772.cd613a7dba44467ebe813ed6cd6873ed'),$);
#5869=IFCPROPERTYSINGLEVALUE('tijdstipRegistratie',$,IFCLABEL('1452338115000'),$);
#5870=IFCPROPERTYSINGLEVALUE('LV-publicatiedatum',$,IFCLABEL('1460548866000'),$);
#5871=IFCPROPERTYSINGLEVALUE('bronhouder',$,IFCLABEL('G0772'),$);
#5872=IFCPROPERTYSINGLEVALUE('inOnderzoek',$,IFCBOOLEAN(.T.),$);
#5873=IFCPROPERTYSINGLEVALUE('relatieveHoogteligging',$,IFCREAL(0.),$);
#5874=IFCPROPERTYSINGLEVALUE('bgt-status',$,IFCLABEL('bestaand'),$);
#5875=IFCPROPERTYSINGLEVALUE('plus-type',$,IFCLABEL('niet-bgt:boom'),$);
#5876=IFCPROPERTYSET('3N0agII1z5g8nie1nIQk$O',#5,'CPset_BGT',$,(#5867,#5868,#5869,#5870,#5871,#5872,#5873,#5874,#5875));
#5877=IFCPROPERTYSINGLEVALUE('objectBegintijd',$,IFCLABEL('1374184800000'),$);
#5878=IFCPROPERTYSINGLEVALUE('identificatie',$,IFCIDENTIFIER('NL.IMGeo.G0772.ce64163b10734b56b460a74069dd6c26'),$);
#5879=IFCPROPERTYSINGLEVALUE('tijdstipRegistratie',$,IFCLABEL('1452338115000'),$);
#5880=IFCPROPERTYSINGLEVALUE('LV-publicatiedatum',$,IFCLABEL('1460548866000'),$);
#5881=IFCPROPERTYSINGLEVALUE('bronhouder',$,IFCLABEL('G0772'),$);
#5882=IFCPROPERTYSINGLEVALUE('inOnderzoek',$,IFCBOOLEAN(.T.),$);
#5883=IFCPROPERTYSINGLEVALUE('relatieveHoogteligging',$,IFCREAL(0.),$);
#5884=IFCPROPERTYSINGLEVALUE('bgt-status',$,IFCLABEL('bestaand'),$);
#5885=IFCPROPERTYSINGLEVALUE('plus-type',$,IFCLABEL('niet-bgt:boom'),$);
#5886=IFCPROPERTYSET('2FoMGarN5BaAXvGYksqDEv',#5,'CPset_BGT',$,(#5877,#5878,#5879,#5880,#5881,#5882,#5883,#5884,#5885));
#5887=IFCPROPERTYSINGLEVALUE('objectBegintijd',$,IFCLABEL('1159221600000'),$);
#5888=IFCPROPERTYSINGLEVALUE('identificatie',$,IFCIDENTIFIER('NL.IMGeo.G0772.ce97973cca8446908b858e9707b6fea6'),$);
#5889=IFCPROPERTYSINGLEVALUE('tijdstipRegistratie',$,IFCLABEL('1452338115000'),$);
#5890=IFCPROPERTYSINGLEVALUE('LV-publicatiedatum',$,IFCLABEL('1460548866000'),$);
#5891=IFCPROPERTYSINGLEVALUE('bronhouder',$,IFCLABEL('G0772'),$);
#5892=IFCPROPERTYSINGLEVALUE('inOnderzoek',$,IFCBOOLEAN(.T.),$);
#5893=IFCPROPERTYSINGLEVALUE('relatieveHoogteligging',$,IFCREAL(0.),$);
#5894=IFCPROPERTYSINGLEVALUE('bgt-status',$,IFCLABEL('bestaand'),$);
#5895=IFCPROPERTYSINGLEVALUE('plus-type',$,IFCLABEL('niet-bgt:boom'),$);
#5896=IFCPROPERTYSET('3drab2rSPF7uh9MBbmie1t',#5,'CPset_BGT',$,(#5887,#5888,#5889,#5890,#5891,#5892,#5893,#5894,#5895));
#5897=IFCPROPERTYSINGLEVALUE('objectBegintijd',$,IFCLABEL('1300230000000'),$);
#5898=IFCPROPERTYSINGLEVALUE('identificatie',$,IFCIDENTIFIER('NL.IMGeo.G0772.d4f0b43390a64534b739a00eae5e7761'),$);
#5899=IFCPROPERTYSINGLEVALUE('tijdstipRegistratie',$,IFCLABEL('1452338115000'),$);
#5900=IFCPROPERTYSINGLEVALUE('LV-publicatiedatum',$,IFCLABEL('1460548866000'),$);
#5901=IFCPROPERTYSINGLEVALUE('bronhouder',$,IFCLABEL('G0772'),$);
#5902=IFCPROPERTYSINGLEVALUE('inOnderzoek',$,IFCBOOLEAN(.T.),$);
#5903=IFCPROPERTYSINGLEVALUE('relatieveHoogteligging',$,IFCREAL(0.),$);
#5904=IFCPROPERTYSINGLEVALUE('bgt-status',$,IFCLABEL('bestaand'),$);
#5905=IFCPROPERTYSINGLEVALUE('plus-type',$,IFCLABEL('niet-bgt:boom'),$);
#5906=IFCPROPERTYSET('2L8heFNOT8_hWjBDnKdbld',#5,'CPset_BGT',$,(#5897,#5898,#5899,#5900,#5901,#5902,#5903,#5904,#5905));
#5907=IFCPROPERTYSINGLEVALUE('objectBegintijd',$,IFCLABEL('1300230000000'),$);
#5908=IFCPROPERTYSINGLEVALUE('identificatie',$,IFCIDENTIFIER('NL.IMGeo.G0772.d978ec0197fa4fbb8f176921d08ae4bc'),$);
#5909=IFCPROPERTYSINGLEVALUE('tijdstipRegistratie',$,IFCLABEL('1452338115000'),$);
#5910=IFCPROPERTYSINGLEVALUE('LV-publicatiedatum',$,IFCLABEL('1460548866000'),$);
#5911=IFCPROPERTYSINGLEVALUE('bronhouder',$,IFCLABEL('G0772'),$);
#5912=IFCPROPERTYSINGLEVALUE('inOnderzoek',$,IFCBOOLEAN(.T.),$);
#5913=IFCPROPERTYSINGLEVALUE('relatieveHoogteligging',$,IFCREAL(0.),$);
#5914=IFCPROPERTYSINGLEVALUE('bgt-status',$,IFCLABEL('bestaand'),$);
#5915=IFCPROPERTYSINGLEVALUE('plus-type',$,IFCLABEL('niet-bgt:boom'),$);
#5916=IFCPROPERTYSET('1smVW530P0XPSpxzfZoMWc',#5,'CPset_BGT',$,(#5907,#5908,#5909,#5910,#5911,#5912,#5913,#5914,#5915));
#5917=IFCPROPERTYSINGLEVALUE('objectBegintijd',$,IFCLABEL('1300230000000'),$);
#5918=IFCPROPERTYSINGLEVALUE('identificatie',$,IFCIDENTIFIER('NL.IMGeo.G0772.db092ba5f60448e784029b0bb8082045'),$);
#5919=IFCPROPERTYSINGLEVALUE('tijdstipRegistratie',$,IFCLABEL('1452338115000'),$);
#5920=IFCPROPERTYSINGLEVALUE('LV-publicatiedatum',$,IFCLABEL('1460548866000'),$);
#5921=IFCPROPERTYSINGLEVALUE('bronhouder',$,IFCLABEL('G0772'),$);
#5922=IFCPROPERTYSINGLEVALUE('inOnderzoek',$,IFCBOOLEAN(.T.),$);
#5923=IFCPROPERTYSINGLEVALUE('relatieveHoogteligging',$,IFCREAL(0.),$);
#5924=IFCPROPERTYSINGLEVALUE('bgt-status',$,IFCLABEL('bestaand'),$);
#5925=IFCPROPERTYSINGLEVALUE('plus-type',$,IFCLABEL('niet-bgt:boom'),$);
#5926=IFCPROPERTYSET('3U9pih6G1Baul_QU67MTTC',#5,'CPset_BGT',$,(#5917,#5918,#5919,#5920,#5921,#5922,#5923,#5924,#5925));
#5927=IFCPROPERTYSINGLEVALUE('objectBegintijd',$,IFCLABEL('1159221600000'),$);
#5928=IFCPROPERTYSINGLEVALUE('identificatie',$,IFCIDENTIFIER('NL.IMGeo.G0772.dcd848993f7d4437b3fd6ba887ad1228'),$);
#5929=IFCPROPERTYSINGLEVALUE('tijdstipRegistratie',$,IFCLABEL('1452338115000'),$);
#5930=IFCPROPERTYSINGLEVALUE('LV-publicatiedatum',$,IFCLABEL('1460548866000'),$);
#5931=IFCPROPERTYSINGLEVALUE('bronhouder',$,IFCLABEL('G0772'),$);
#5932=IFCPROPERTYSINGLEVALUE('inOnderzoek',$,IFCBOOLEAN(.T.),$);
#5933=IFCPROPERTYSINGLEVALUE('relatieveHoogteligging',$,IFCREAL(0.),$);
#5934=IFCPROPERTYSINGLEVALUE('bgt-status',$,IFCLABEL('bestaand'),$);
#5935=IFCPROPERTYSINGLEVALUE('plus-type',$,IFCLABEL('niet-bgt:boom'),$);
#5936=IFCPROPERTYSET('0CSezM2Of2LBOXeGn55kAw',#5,'CPset_BGT',$,(#5927,#5928,#5929,#5930,#5931,#5932,#5933,#5934,#5935));
#5937=IFCPROPERTYSINGLEVALUE('objectBegintijd',$,IFCLABEL('1159221600000'),$);
#5938=IFCPROPERTYSINGLEVALUE('identificatie',$,IFCIDENTIFIER('NL.IMGeo.G0772.de572a110a6b45f4a3120203d6c0120f'),$);
#5939=IFCPROPERTYSINGLEVALUE('tijdstipRegistratie',$,IFCLABEL('1452338115000'),$);
#5940=IFCPROPERTYSINGLEVALUE('LV-publicatiedatum',$,IFCLABEL('1460548866000'),$);
#5941=IFCPROPERTYSINGLEVALUE('bronhouder',$,IFCLABEL('G0772'),$);
#5942=IFCPROPERTYSINGLEVALUE('inOnderzoek',$,IFCBOOLEAN(.T.),$);
#5943=IFCPROPERTYSINGLEVALUE('relatieveHoogteligging',$,IFCREAL(0.),$);
#5944=IFCPROPERTYSINGLEVALUE('bgt-status',$,IFCLABEL('bestaand'),$);
#5945=IFCPROPERTYSINGLEVALUE('plus-type',$,IFCLABEL('niet-bgt:boom'),$);
#5946=IFCPROPERTYSET('0rhmJt_$b2EhzyMUEdG6bO',#5,'CPset_BGT',$,(#5937,#5938,#5939,#5940,#5941,#5942,#5943,#5944,#5945));
#5947=IFCPROPERTYSINGLEVALUE('objectBegintijd',$,IFCLABEL('1374184800000'),$);
#5948=IFCPROPERTYSINGLEVALUE('identificatie',$,IFCIDENTIFIER('NL.IMGeo.G0772.dfa8bc94d4d442b388248bee4639507b'),$);
#5949=IFCPROPERTYSINGLEVALUE('tijdstipRegistratie',$,IFCLABEL('1452338115000'),$);
#5950=IFCPROPERTYSINGLEVALUE('LV-publicatiedatum',$,IFCLABEL('1460548866000'),$);
#5951=IFCPROPERTYSINGLEVALUE('bronhouder',$,IFCLABEL('G0772'),$);
#5952=IFCPROPERTYSINGLEVALUE('inOnderzoek',$,IFCBOOLEAN(.T.),$);
#5953=IFCPROPERTYSINGLEVALUE('relatieveHoogteligging',$,IFCREAL(0.),$);
#5954=IFCPROPERTYSINGLEVALUE('bgt-status',$,IFCLABEL('bestaand'),$);
#5955=IFCPROPERTYSINGLEVALUE('plus-type',$,IFCLABEL('niet-bgt:boom'),$);
#5956=IFCPROPERTYSET('0GJ0A1Dz5CPPOaqZOe37v0',#5,'CPset_BGT',$,(#5947,#5948,#5949,#5950,#5951,#5952,#5953,#5954,#5955));
#5957=IFCPROPERTYSINGLEVALUE('objectBegintijd',$,IFCLABEL('1159221600000'),$);
#5958=IFCPROPERTYSINGLEVALUE('identificatie',$,IFCIDENTIFIER('NL.IMGeo.G0772.e01e7240124d419fbb77f796a110a5dd'),$);
#5959=IFCPROPERTYSINGLEVALUE('tijdstipRegistratie',$,IFCLABEL('1452338115000'),$);
#5960=IFCPROPERTYSINGLEVALUE('LV-publicatiedatum',$,IFCLABEL('1460548866000'),$);
#5961=IFCPROPERTYSINGLEVALUE('bronhouder',$,IFCLABEL('G0772'),$);
#5962=IFCPROPERTYSINGLEVALUE('inOnderzoek',$,IFCBOOLEAN(.T.),$);
#5963=IFCPROPERTYSINGLEVALUE('relatieveHoogteligging',$,IFCREAL(0.),$);
#5964=IFCPROPERTYSINGLEVALUE('bgt-status',$,IFCLABEL('bestaand'),$);
#5965=IFCPROPERTYSINGLEVALUE('plus-type',$,IFCLABEL('niet-bgt:boom'),$);
#5966=IFCPROPERTYSET('1gxOhEWIX0kBgLDMw2nUZx',#5,'CPset_BGT',$,(#5957,#5958,#5959,#5960,#5961,#5962,#5963,#5964,#5965));
#5967=IFCPROPERTYSINGLEVALUE('objectBegintijd',$,IFCLABEL('1300230000000'),$);
#5968=IFCPROPERTYSINGLEVALUE('identificatie',$,IFCIDENTIFIER('NL.IMGeo.G0772.e20fc6d7f538464b8e17ac6626cb472a'),$);
#5969=IFCPROPERTYSINGLEVALUE('tijdstipRegistratie',$,IFCLABEL('1452338115000'),$);
#5970=IFCPROPERTYSINGLEVALUE('LV-publicatiedatum',$,IFCLABEL('1460548866000'),$);
#5971=IFCPROPERTYSINGLEVALUE('bronhouder',$,IFCLABEL('G0772'),$);
#5972=IFCPROPERTYSINGLEVALUE('inOnderzoek',$,IFCBOOLEAN(.T.),$);
#5973=IFCPROPERTYSINGLEVALUE('relatieveHoogteligging',$,IFCREAL(0.),$);
#5974=IFCPROPERTYSINGLEVALUE('bgt-status',$,IFCLABEL('bestaand'),$);
#5975=IFCPROPERTYSINGLEVALUE('plus-type',$,IFCLABEL('niet-bgt:boom'),$);
#5976=IFCPROPERTYSET('2$h1GsMNnBFRzdET_S0hJ7',#5,'CPset_BGT',$,(#5967,#5968,#5969,#5970,#5971,#5972,#5973,#5974,#5975));
#5977=IFCPROPERTYSINGLEVALUE('objectBegintijd',$,IFCLABEL('1159221600000'),$);
#5978=IFCPROPERTYSINGLEVALUE('identificatie',$,IFCIDENTIFIER('NL.IMGeo.G0772.e3162fc3a01e4bda8c02d8d53915a550'),$);
#5979=IFCPROPERTYSINGLEVALUE('tijdstipRegistratie',$,IFCLABEL('1452338115000'),$);
#5980=IFCPROPERTYSINGLEVALUE('LV-publicatiedatum',$,IFCLABEL('1460548866000'),$);
#5981=IFCPROPERTYSINGLEVALUE('bronhouder',$,IFCLABEL('G0772'),$);
#5982=IFCPROPERTYSINGLEVALUE('inOnderzoek',$,IFCBOOLEAN(.T.),$);
#5983=IFCPROPERTYSINGLEVALUE('relatieveHoogteligging',$,IFCREAL(0.),$);
#5984=IFCPROPERTYSINGLEVALUE('bgt-status',$,IFCLABEL('bestaand'),$);
#5985=IFCPROPERTYSINGLEVALUE('plus-type',$,IFCLABEL('niet-bgt:boom'),$);
#5986=IFCPROPERTYSET('0kkRr4RlP4MRPQJB_HZu7p',#5,'CPset_BGT',$,(#5977,#5978,#5979,#5980,#5981,#5982,#5983,#5984,#5985));
#5987=IFCPROPERTYSINGLEVALUE('objectBegintijd',$,IFCLABEL('1300230000000'),$);
#5988=IFCPROPERTYSINGLEVALUE('identificatie',$,IFCIDENTIFIER('NL.IMGeo.G0772.e4718253169c436f9dd81220d4a21519'),$);
#5989=IFCPROPERTYSINGLEVALUE('tijdstipRegistratie',$,IFCLABEL('1452338115000'),$);
#5990=IFCPROPERTYSINGLEVALUE('LV-publicatiedatum',$,IFCLABEL('1460548866000'),$);
#5991=IFCPROPERTYSINGLEVALUE('bronhouder',$,IFCLABEL('G0772'),$);
#5992=IFCPROPERTYSINGLEVALUE('inOnderzoek',$,IFCBOOLEAN(.T.),$);
#5993=IFCPROPERTYSINGLEVALUE('relatieveHoogteligging',$,IFCREAL(0.),$);
#5994=IFCPROPERTYSINGLEVALUE('bgt-status',$,IFCLABEL('bestaand'),$);
#5995=IFCPROPERTYSINGLEVALUE('plus-type',$,IFCLABEL('niet-bgt:boom'),$);
#5996=IFCPROPERTYSET('1_SX9BSJLBhupQGdyEr5E$',#5,'CPset_BGT',$,(#5987,#5988,#5989,#5990,#5991,#5992,#5993,#5994,#5995));
#5997=IFCPROPERTYSINGLEVALUE('objectBegintijd',$,IFCLABEL('1300230000000'),$);
#5998=IFCPROPERTYSINGLEVALUE('identificatie',$,IFCIDENTIFIER('NL.IMGeo.G0772.e4d35f54397c42fd90ed5d6018439ea4'),$);
#5999=IFCPROPERTYSINGLEVALUE('tijdstipRegistratie',$,IFCLABEL('1452338115000'),$);
#6000=IFCPROPERTYSINGLEVALUE('LV-publicatiedatum',$,IFCLABEL('1460548866000'),$);
#6001=IFCPROPERTYSINGLEVALUE('bronhouder',$,IFCLABEL('G0772'),$);
#6002=IFCPROPERTYSINGLEVALUE('inOnderzoek',$,IFCBOOLEAN(.T.),$);
#6003=IFCPROPERTYSINGLEVALUE('relatieveHoogteligging',$,IFCREAL(0.),$);
#6004=IFCPROPERTYSINGLEVALUE('bgt-status',$,IFCLABEL('bestaand'),$);
#6005=IFCPROPERTYSINGLEVALUE('plus-type',$,IFCLABEL('niet-bgt:boom'),$);
#6006=IFCPROPERTYSET('24IsLi7Bf1RBWO7DsYIZOB',#5,'CPset_BGT',$,(#5997,#5998,#5999,#6000,#6001,#6002,#6003,#6004,#6005));
#6007=IFCPROPERTYSINGLEVALUE('objectBegintijd',$,IFCLABEL('1159221600000'),$);
#6008=IFCPROPERTYSINGLEVALUE('identificatie',$,IFCIDENTIFIER('NL.IMGeo.G0772.e5a251f7ddaf4ccf9f9ffa1bea2147d5'),$);
#6009=IFCPROPERTYSINGLEVALUE('tijdstipRegistratie',$,IFCLABEL('1452338115000'),$);
#6010=IFCPROPERTYSINGLEVALUE('LV-publicatiedatum',$,IFCLABEL('1460548866000'),$);
#6011=IFCPROPERTYSINGLEVALUE('bronhouder',$,IFCLABEL('G0772'),$);
#6012=IFCPROPERTYSINGLEVALUE('inOnderzoek',$,IFCBOOLEAN(.T.),$);
#6013=IFCPROPERTYSINGLEVALUE('relatieveHoogteligging',$,IFCREAL(0.),$);
#6014=IFCPROPERTYSINGLEVALUE('bgt-status',$,IFCLABEL('bestaand'),$);
#6015=IFCPROPERTYSINGLEVALUE('plus-type',$,IFCLABEL('niet-bgt:boom'),$);
#6016=IFCPROPERTYSET('3QP8XWw9L4rA5J1GS63nxU',#5,'CPset_BGT',$,(#6007,#6008,#6009,#6010,#6011,#6012,#6013,#6014,#6015));
#6017=IFCPROPERTYSINGLEVALUE('objectBegintijd',$,IFCLABEL('1159221600000'),$);
#6018=IFCPROPERTYSINGLEVALUE('identificatie',$,IFCIDENTIFIER('NL.IMGeo.G0772.e6a748c6c6c74a52abe9423260b168b5'),$);
#6019=IFCPROPERTYSINGLEVALUE('tijdstipRegistratie',$,IFCLABEL('1452338115000'),$);
#6020=IFCPROPERTYSINGLEVALUE('LV-publicatiedatum',$,IFCLABEL('1460548866000'),$);
#6021=IFCPROPERTYSINGLEVALUE('bronhouder',$,IFCLABEL('G0772'),$);
#6022=IFCPROPERTYSINGLEVALUE('inOnderzoek',$,IFCBOOLEAN(.T.),$);
#6023=IFCPROPERTYSINGLEVALUE('relatieveHoogteligging',$,IFCREAL(0.),$);
#6024=IFCPROPERTYSINGLEVALUE('bgt-status',$,IFCLABEL('bestaand'),$);
#6025=IFCPROPERTYSINGLEVALUE('plus-type',$,IFCLABEL('niet-bgt:boom'),$);
#6026=IFCPROPERTYSET('2qmvF6OGX70eD3ttAom_vk',#5,'CPset_BGT',$,(#6017,#6018,#6019,#6020,#6021,#6022,#6023,#6024,#6025));
#6027=IFCPROPERTYSINGLEVALUE('objectBegintijd',$,IFCLABEL('1159221600000'),$);
#6028=IFCPROPERTYSINGLEVALUE('identificatie',$,IFCIDENTIFIER('NL.IMGeo.G0772.e7f3a5fcf4f34ff8b987f2b550f7a60d'),$);
#6029=IFCPROPERTYSINGLEVALUE('tijdstipRegistratie',$,IFCLABEL('1452338115000'),$);
#6030=IFCPROPERTYSINGLEVALUE('LV-publicatiedatum',$,IFCLABEL('1460548866000'),$);
#6031=IFCPROPERTYSINGLEVALUE('bronhouder',$,IFCLABEL('G0772'),$);
#6032=IFCPROPERTYSINGLEVALUE('inOnderzoek',$,IFCBOOLEAN(.T.),$);
#6033=IFCPROPERTYSINGLEVALUE('relatieveHoogteligging',$,IFCREAL(0.),$);
#6034=IFCPROPERTYSINGLEVALUE('bgt-status',$,IFCLABEL('bestaand'),$);
#6035=IFCPROPERTYSINGLEVALUE('plus-type',$,IFCLABEL('niet-bgt:boom'),$);
#6036=IFCPROPERTYSET('2DTibrPzL9WRLEUiA1DQUv',#5,'CPset_BGT',$,(#6027,#6028,#6029,#6030,#6031,#6032,#6033,#6034,#6035));
#6037=IFCPROPERTYSINGLEVALUE('objectBegintijd',$,IFCLABEL('1159221600000'),$);
#6038=IFCPROPERTYSINGLEVALUE('identificatie',$,IFCIDENTIFIER('NL.IMGeo.G0772.e8b470d6048d49baaaa13c8d96f78d21'),$);
#6039=IFCPROPERTYSINGLEVALUE('tijdstipRegistratie',$,IFCLABEL('1452338115000'),$);
#6040=IFCPROPERTYSINGLEVALUE('LV-publicatiedatum',$,IFCLABEL('1460548866000'),$);
#6041=IFCPROPERTYSINGLEVALUE('bronhouder',$,IFCLABEL('G0772'),$);
#6042=IFCPROPERTYSINGLEVALUE('inOnderzoek',$,IFCBOOLEAN(.T.),$);
#6043=IFCPROPERTYSINGLEVALUE('relatieveHoogteligging',$,IFCREAL(0.),$);
#6044=IFCPROPERTYSINGLEVALUE('bgt-status',$,IFCLABEL('bestaand'),$);
#6045=IFCPROPERTYSINGLEVALUE('plus-type',$,IFCLABEL('niet-bgt:boom'),$);
#6046=IFCPROPERTYSET('1xocc2RuDEYvU63l7sCuU_',#5,'CPset_BGT',$,(#6037,#6038,#6039,#6040,#6041,#6042,#6043,#6044,#6045));
#6047=IFCPROPERTYSINGLEVALUE('objectBegintijd',$,IFCLABEL('1374184800000'),$);
#6048=IFCPROPERTYSINGLEVALUE('identificatie',$,IFCIDENTIFIER('NL.IMGeo.G0772.eb9096834df7482880c86bce20ddfa91'),$);
#6049=IFCPROPERTYSINGLEVALUE('tijdstipRegistratie',$,IFCLABEL('1452338115000'),$);
#6050=IFCPROPERTYSINGLEVALUE('LV-publicatiedatum',$,IFCLABEL('1460548866000'),$);
#6051=IFCPROPERTYSINGLEVALUE('bronhouder',$,IFCLABEL('G0772'),$);
#6052=IFCPROPERTYSINGLEVALUE('inOnderzoek',$,IFCBOOLEAN(.T.),$);
#6053=IFCPROPERTYSINGLEVALUE('relatieveHoogteligging',$,IFCREAL(0.),$);
#6054=IFCPROPERTYSINGLEVALUE('bgt-status',$,IFCLABEL('bestaand'),$);
#6055=IFCPROPERTYSINGLEVALUE('plus-type',$,IFCLABEL('niet-bgt:boom'),$);
#6056=IFCPROPERTYSET('1pXhDwegv6jhWqf$jcyXP0',#5,'CPset_BGT',$,(#6047,#6048,#6049,#6050,#6051,#6052,#6053,#6054,#6055));
#6057=IFCPROPERTYSINGLEVALUE('objectBegintijd',$,IFCLABEL('1300230000000'),$);
#6058=IFCPROPERTYSINGLEVALUE('identificatie',$,IFCIDENTIFIER('NL.IMGeo.G0772.f6b57d63b2a948ae950c2764d9d1e49b'),$);
#6059=IFCPROPERTYSINGLEVALUE('tijdstipRegistratie',$,IFCLABEL('1452338115000'),$);
#6060=IFCPROPERTYSINGLEVALUE('LV-publicatiedatum',$,IFCLABEL('1460548866000'),$);
#6061=IFCPROPERTYSINGLEVALUE('bronhouder',$,IFCLABEL('G0772'),$);
#6062=IFCPROPERTYSINGLEVALUE('inOnderzoek',$,IFCBOOLEAN(.T.),$);
#6063=IFCPROPERTYSINGLEVALUE('relatieveHoogteligging',$,IFCREAL(0.),$);
#6064=IFCPROPERTYSINGLEVALUE('bgt-status',$,IFCLABEL('bestaand'),$);
#6065=IFCPROPERTYSINGLEVALUE('plus-type',$,IFCLABEL('niet-bgt:boom'),$);
#6066=IFCPROPERTYSET('2qA3J77Rj3JBstKkn9Vfjl',#5,'CPset_BGT',$,(#6057,#6058,#6059,#6060,#6061,#6062,#6063,#6064,#6065));
#6067=IFCPROPERTYSINGLEVALUE('objectBegintijd',$,IFCLABEL('1159221600000'),$);
#6068=IFCPROPERTYSINGLEVALUE('identificatie',$,IFCIDENTIFIER('NL.IMGeo.G0772.f8e082d51074488fbdca3dc65ba05c88'),$);
#6069=IFCPROPERTYSINGLEVALUE('tijdstipRegistratie',$,IFCLABEL('1452338115000'),$);
#6070=IFCPROPERTYSINGLEVALUE('LV-publicatiedatum',$,IFCLABEL('1460548866000'),$);
#6071=IFCPROPERTYSINGLEVALUE('bronhouder',$,IFCLABEL('G0772'),$);
#6072=IFCPROPERTYSINGLEVALUE('inOnderzoek',$,IFCBOOLEAN(.T.),$);
#6073=IFCPROPERTYSINGLEVALUE('relatieveHoogteligging',$,IFCREAL(0.),$);
#6074=IFCPROPERTYSINGLEVALUE('bgt-status',$,IFCLABEL('bestaand'),$);
#6075=IFCPROPERTYSINGLEVALUE('plus-type',$,IFCLABEL('niet-bgt:boom'),$);
#6076=IFCPROPERTYSET('1WTxupiD15w9_xzAheq7kO',#5,'CPset_BGT',$,(#6067,#6068,#6069,#6070,#6071,#6072,#6073,#6074,#6075));
#6077=IFCPROPERTYSINGLEVALUE('objectBegintijd',$,IFCLABEL('1159221600000'),$);
#6078=IFCPROPERTYSINGLEVALUE('identificatie',$,IFCIDENTIFIER('NL.IMGeo.G0772.fc6d260548774f23bfe82fdb3eea4834'),$);
#6079=IFCPROPERTYSINGLEVALUE('tijdstipRegistratie',$,IFCLABEL('1452338115000'),$);
#6080=IFCPROPERTYSINGLEVALUE('LV-publicatiedatum',$,IFCLABEL('1460548866000'),$);
#6081=IFCPROPERTYSINGLEVALUE('bronhouder',$,IFCLABEL('G0772'),$);
#6082=IFCPROPERTYSINGLEVALUE('inOnderzoek',$,IFCBOOLEAN(.T.),$);
#6083=IFCPROPERTYSINGLEVALUE('relatieveHoogteligging',$,IFCREAL(0.),$);
#6084=IFCPROPERTYSINGLEVALUE('bgt-status',$,IFCLABEL('bestaand'),$);
#6085=IFCPROPERTYSINGLEVALUE('plus-type',$,IFCLABEL('niet-bgt:boom'),$);
#6086=IFCPROPERTYSET('2khhe40RL1_OlHes1897eg',#5,'CPset_BGT',$,(#6077,#6078,#6079,#6080,#6081,#6082,#6083,#6084,#6085));
#6087=IFCPROPERTYSINGLEVALUE('objectBegintijd',$,IFCLABEL('1159221600000'),$);
#6088=IFCPROPERTYSINGLEVALUE('identificatie',$,IFCIDENTIFIER('NL.IMGeo.G0772.fd9a21afa9f54ded9a478f7ca2aef2f2'),$);
#6089=IFCPROPERTYSINGLEVALUE('tijdstipRegistratie',$,IFCLABEL('1452338115000'),$);
#6090=IFCPROPERTYSINGLEVALUE('LV-publicatiedatum',$,IFCLABEL('1460548866000'),$);
#6091=IFCPROPERTYSINGLEVALUE('bronhouder',$,IFCLABEL('G0772'),$);
#6092=IFCPROPERTYSINGLEVALUE('inOnderzoek',$,IFCBOOLEAN(.T.),$);
#6093=IFCPROPERTYSINGLEVALUE('relatieveHoogteligging',$,IFCREAL(0.),$);
#6094=IFCPROPERTYSINGLEVALUE('bgt-status',$,IFCLABEL('bestaand'),$);
#6095=IFCPROPERTYSINGLEVALUE('plus-type',$,IFCLABEL('niet-bgt:boom'),$);
#6096=IFCPROPERTYSET('1Bdstwx311Kwf6Zb4p1B17',#5,'CPset_BGT',$,(#6087,#6088,#6089,#6090,#6091,#6092,#6093,#6094,#6095));
#6097=IFCPROPERTYSINGLEVALUE('objectBegintijd',$,IFCLABEL('1159221600000'),$);
#6098=IFCPROPERTYSINGLEVALUE('identificatie',$,IFCIDENTIFIER('NL.IMGeo.G0772.fe646b29a1d54eeda5d941e6d07410e6'),$);
#6099=IFCPROPERTYSINGLEVALUE('tijdstipRegistratie',$,IFCLABEL('1452338115000'),$);
#6100=IFCPROPERTYSINGLEVALUE('LV-publicatiedatum',$,IFCLABEL('1460548866000'),$);
#6101=IFCPROPERTYSINGLEVALUE('bronhouder',$,IFCLABEL('G0772'),$);
#6102=IFCPROPERTYSINGLEVALUE('inOnderzoek',$,IFCBOOLEAN(.T.),$);
#6103=IFCPROPERTYSINGLEVALUE('relatieveHoogteligging',$,IFCREAL(0.),$);
#6104=IFCPROPERTYSINGLEVALUE('bgt-status',$,IFCLABEL('bestaand'),$);
#6105=IFCPROPERTYSINGLEVALUE('plus-type',$,IFCLABEL('niet-bgt:boom'),$);
#6106=IFCPROPERTYSET('3fsLYQpNjAGBNWvDrBaYpD',#5,'CPset_BGT',$,(#6097,#6098,#6099,#6100,#6101,#6102,#6103,#6104,#6105));
#6107=IFCPROPERTYSINGLEVALUE('objectBegintijd',$,IFCLABEL('1477432800000'),$);
#6108=IFCPROPERTYSINGLEVALUE('identificatie',$,IFCIDENTIFIER('NL.IMGeo.G0772.0b4e5c86ca89428090cca05ba4c5abe0'),$);
#6109=IFCPROPERTYSINGLEVALUE('tijdstipRegistratie',$,IFCLABEL('1490368495000'),$);
#6110=IFCPROPERTYSINGLEVALUE('LV-publicatiedatum',$,IFCLABEL('1490489152000'),$);
#6111=IFCPROPERTYSINGLEVALUE('bronhouder',$,IFCLABEL('G0772'),$);
#6112=IFCPROPERTYSINGLEVALUE('inOnderzoek',$,IFCBOOLEAN(.T.),$);
#6113=IFCPROPERTYSINGLEVALUE('relatieveHoogteligging',$,IFCREAL(0.),$);
#6114=IFCPROPERTYSINGLEVALUE('bgt-status',$,IFCLABEL('bestaand'),$);
#6115=IFCPROPERTYSINGLEVALUE('plus-type',$,IFCLABEL('niet-bgt:boom'),$);
#6116=IFCPROPERTYSET('2nDEhxFh55oxX9hW_yxuyP',#5,'CPset_BGT',$,(#6107,#6108,#6109,#6110,#6111,#6112,#6113,#6114,#6115));
#6117=IFCPROPERTYSINGLEVALUE('objectBegintijd',$,IFCLABEL('1553554800000'),$);
#6118=IFCPROPERTYSINGLEVALUE('identificatie',$,IFCIDENTIFIER('NL.IMGeo.G0772.1547016f640248298103a9f7b8f46e08'),$);
#6119=IFCPROPERTYSINGLEVALUE('tijdstipRegistratie',$,IFCLABEL('1554118715000'),$);
#6120=IFCPROPERTYSINGLEVALUE('LV-publicatiedatum',$,IFCLABEL('1554124339000'),$);
#6121=IFCPROPERTYSINGLEVALUE('bronhouder',$,IFCLABEL('G0772'),$);
#6122=IFCPROPERTYSINGLEVALUE('inOnderzoek',$,IFCBOOLEAN(.T.),$);
#6123=IFCPROPERTYSINGLEVALUE('relatieveHoogteligging',$,IFCREAL(0.),$);
#6124=IFCPROPERTYSINGLEVALUE('bgt-status',$,IFCLABEL('bestaand'),$);
#6125=IFCPROPERTYSINGLEVALUE('plus-type',$,IFCLABEL('niet-bgt:boom'),$);
#6126=IFCPROPERTYSET('1Opmo4Cur22wvMqj2WGqpw',#5,'CPset_BGT',$,(#6117,#6118,#6119,#6120,#6121,#6122,#6123,#6124,#6125));
#6127=IFCPROPERTYSINGLEVALUE('objectBegintijd',$,IFCLABEL('1553554800000'),$);
#6128=IFCPROPERTYSINGLEVALUE('identificatie',$,IFCIDENTIFIER('NL.IMGeo.G0772.2ad9e952d066421c8f6ccee4c089cdba'),$);
#6129=IFCPROPERTYSINGLEVALUE('tijdstipRegistratie',$,IFCLABEL('1554118715000'),$);
#6130=IFCPROPERTYSINGLEVALUE('LV-publicatiedatum',$,IFCLABEL('1554124339000'),$);
#6131=IFCPROPERTYSINGLEVALUE('bronhouder',$,IFCLABEL('G0772'),$);
#6132=IFCPROPERTYSINGLEVALUE('inOnderzoek',$,IFCBOOLEAN(.T.),$);
#6133=IFCPROPERTYSINGLEVALUE('relatieveHoogteligging',$,IFCREAL(0.),$);
#6134=IFCPROPERTYSINGLEVALUE('bgt-status',$,IFCLABEL('bestaand'),$);
#6135=IFCPROPERTYSINGLEVALUE('plus-type',$,IFCLABEL('niet-bgt:boom'),$);
#6136=IFCPROPERTYSET('3IeWmhfSj1GB03FFFGm2xk',#5,'CPset_BGT',$,(#6127,#6128,#6129,#6130,#6131,#6132,#6133,#6134,#6135));
#6137=IFCPROPERTYSINGLEVALUE('objectBegintijd',$,IFCLABEL('1553554800000'),$);
#6138=IFCPROPERTYSINGLEVALUE('identificatie',$,IFCIDENTIFIER('NL.IMGeo.G0772.2efff68f52b34a5aa1a1a941ea76d7eb'),$);
#6139=IFCPROPERTYSINGLEVALUE('tijdstipRegistratie',$,IFCLABEL('1554118715000'),$);
#6140=IFCPROPERTYSINGLEVALUE('LV-publicatiedatum',$,IFCLABEL('1554124339000'),$);
#6141=IFCPROPERTYSINGLEVALUE('bronhouder',$,IFCLABEL('G0772'),$);
#6142=IFCPROPERTYSINGLEVALUE('inOnderzoek',$,IFCBOOLEAN(.T.),$);
#6143=IFCPROPERTYSINGLEVALUE('relatieveHoogteligging',$,IFCREAL(0.),$);
#6144=IFCPROPERTYSINGLEVALUE('bgt-status',$,IFCLABEL('bestaand'),$);
#6145=IFCPROPERTYSINGLEVALUE('plus-type',$,IFCLABEL('niet-bgt:boom'),$);
#6146=IFCPROPERTYSET('1BO1PHAdr0ZhnmNX_xL6jh',#5,'CPset_BGT',$,(#6137,#6138,#6139,#6140,#6141,#6142,#6143,#6144,#6145));
#6147=IFCPROPERTYSINGLEVALUE('objectBegintijd',$,IFCLABEL('1553554800000'),$);
#6148=IFCPROPERTYSINGLEVALUE('identificatie',$,IFCIDENTIFIER('NL.IMGeo.G0772.78ae4e251ed9445e85ce3442cfde72cc'),$);
#6149=IFCPROPERTYSINGLEVALUE('tijdstipRegistratie',$,IFCLABEL('1554118715000'),$);
#6150=IFCPROPERTYSINGLEVALUE('LV-publicatiedatum',$,IFCLABEL('1554124339000'),$);
#6151=IFCPROPERTYSINGLEVALUE('bronhouder',$,IFCLABEL('G0772'),$);
#6152=IFCPROPERTYSINGLEVALUE('inOnderzoek',$,IFCBOOLEAN(.T.),$);
#6153=IFCPROPERTYSINGLEVALUE('relatieveHoogteligging',$,IFCREAL(0.),$);
#6154=IFCPROPERTYSINGLEVALUE('bgt-status',$,IFCLABEL('bestaand'),$);
#6155=IFCPROPERTYSINGLEVALUE('plus-type',$,IFCLABEL('niet-bgt:boom'),$);
#6156=IFCPROPERTYSET('3tBdQG_dvExe45FQqeTgyB',#5,'CPset_BGT',$,(#6147,#6148,#6149,#6150,#6151,#6152,#6153,#6154,#6155));
#6157=IFCPROPERTYSINGLEVALUE('objectBegintijd',$,IFCLABEL('1553554800000'),$);
#6158=IFCPROPERTYSINGLEVALUE('identificatie',$,IFCIDENTIFIER('NL.IMGeo.G0772.88431f8c8b294307ad21c87f6f584910'),$);
#6159=IFCPROPERTYSINGLEVALUE('tijdstipRegistratie',$,IFCLABEL('1554118715000'),$);
#6160=IFCPROPERTYSINGLEVALUE('LV-publicatiedatum',$,IFCLABEL('1554124339000'),$);
#6161=IFCPROPERTYSINGLEVALUE('bronhouder',$,IFCLABEL('G0772'),$);
#6162=IFCPROPERTYSINGLEVALUE('inOnderzoek',$,IFCBOOLEAN(.T.),$);
#6163=IFCPROPERTYSINGLEVALUE('relatieveHoogteligging',$,IFCREAL(0.),$);
#6164=IFCPROPERTYSINGLEVALUE('bgt-status',$,IFCLABEL('bestaand'),$);
#6165=IFCPROPERTYSINGLEVALUE('plus-type',$,IFCLABEL('niet-bgt:boom'),$);
#6166=IFCPROPERTYSET('1RQXxjmW160etJ2fE$jbVK',#5,'CPset_BGT',$,(#6157,#6158,#6159,#6160,#6161,#6162,#6163,#6164,#6165));
#6167=IFCPROPERTYSINGLEVALUE('objectBegintijd',$,IFCLABEL('1553554800000'),$);
#6168=IFCPROPERTYSINGLEVALUE('identificatie',$,IFCIDENTIFIER('NL.IMGeo.G0772.89f171622d704d7e90a5696d087163d6'),$);
#6169=IFCPROPERTYSINGLEVALUE('tijdstipRegistratie',$,IFCLABEL('1554118715000'),$);
#6170=IFCPROPERTYSINGLEVALUE('LV-publicatiedatum',$,IFCLABEL('1554124339000'),$);
#6171=IFCPROPERTYSINGLEVALUE('bronhouder',$,IFCLABEL('G0772'),$);
#6172=IFCPROPERTYSINGLEVALUE('inOnderzoek',$,IFCBOOLEAN(.T.),$);
#6173=IFCPROPERTYSINGLEVALUE('relatieveHoogteligging',$,IFCREAL(0.),$);
#6174=IFCPROPERTYSINGLEVALUE('bgt-status',$,IFCLABEL('bestaand'),$);
#6175=IFCPROPERTYSINGLEVALUE('plus-type',$,IFCLABEL('niet-bgt:boom'),$);
#6176=IFCPROPERTYSET('1On0TeTnLFPBnBPsqSXdJy',#5,'CPset_BGT',$,(#6167,#6168,#6169,#6170,#6171,#6172,#6173,#6174,#6175));
#6177=IFCPROPERTYSINGLEVALUE('objectBegintijd',$,IFCLABEL('1553554800000'),$);
#6178=IFCPROPERTYSINGLEVALUE('identificatie',$,IFCIDENTIFIER('NL.IMGeo.G0772.a76c8398a35d4050b3ab36b846759ca0'),$);
#6179=IFCPROPERTYSINGLEVALUE('tijdstipRegistratie',$,IFCLABEL('1554118715000'),$);
#6180=IFCPROPERTYSINGLEVALUE('LV-publicatiedatum',$,IFCLABEL('1554124339000'),$);
#6181=IFCPROPERTYSINGLEVALUE('bronhouder',$,IFCLABEL('G0772'),$);
#6182=IFCPROPERTYSINGLEVALUE('inOnderzoek',$,IFCBOOLEAN(.T.),$);
#6183=IFCPROPERTYSINGLEVALUE('relatieveHoogteligging',$,IFCREAL(0.),$);
#6184=IFCPROPERTYSINGLEVALUE('bgt-status',$,IFCLABEL('bestaand'),$);
#6185=IFCPROPERTYSINGLEVALUE('plus-type',$,IFCLABEL('niet-bgt:boom'),$);
#6186=IFCPROPERTYSET('2A6KbO2ZP7hAP3wIe6Ub6E',#5,'CPset_BGT',$,(#6177,#6178,#6179,#6180,#6181,#6182,#6183,#6184,#6185));
#6187=IFCPROPERTYSINGLEVALUE('objectBegintijd',$,IFCLABEL('1553554800000'),$);
#6188=IFCPROPERTYSINGLEVALUE('identificatie',$,IFCIDENTIFIER('NL.IMGeo.G0772.c72fddbe16ef4edaa48629e281a87510'),$);
#6189=IFCPROPERTYSINGLEVALUE('tijdstipRegistratie',$,IFCLABEL('1554118715000'),$);
#6190=IFCPROPERTYSINGLEVALUE('LV-publicatiedatum',$,IFCLABEL('1554124339000'),$);
#6191=IFCPROPERTYSINGLEVALUE('bronhouder',$,IFCLABEL('G0772'),$);
#6192=IFCPROPERTYSINGLEVALUE('inOnderzoek',$,IFCBOOLEAN(.T.),$);
#6193=IFCPROPERTYSINGLEVALUE('relatieveHoogteligging',$,IFCREAL(0.),$);
#6194=IFCPROPERTYSINGLEVALUE('bgt-status',$,IFCLABEL('bestaand'),$);
#6195=IFCPROPERTYSINGLEVALUE('plus-type',$,IFCLABEL('niet-bgt:boom'),$);
#6196=IFCPROPERTYSET('2X9I$U6193u9nByJ7pjfpp',#5,'CPset_BGT',$,(#6187,#6188,#6189,#6190,#6191,#6192,#6193,#6194,#6195));
#6197=IFCPROPERTYSINGLEVALUE('objectBegintijd',$,IFCLABEL('1553554800000'),$);
#6198=IFCPROPERTYSINGLEVALUE('identificatie',$,IFCIDENTIFIER('NL.IMGeo.G0772.cc81f414b4e6437bbf8eade34d8ae7f0'),$);
#6199=IFCPROPERTYSINGLEVALUE('tijdstipRegistratie',$,IFCLABEL('1554118715000'),$);
#6200=IFCPROPERTYSINGLEVALUE('LV-publicatiedatum',$,IFCLABEL('1554124339000'),$);
#6201=IFCPROPERTYSINGLEVALUE('bronhouder',$,IFCLABEL('G0772'),$);
#6202=IFCPROPERTYSINGLEVALUE('inOnderzoek',$,IFCBOOLEAN(.T.),$);
#6203=IFCPROPERTYSINGLEVALUE('relatieveHoogteligging',$,IFCREAL(0.),$);
#6204=IFCPROPERTYSINGLEVALUE('bgt-status',$,IFCLABEL('bestaand'),$);
#6205=IFCPROPERTYSINGLEVALUE('plus-type',$,IFCLABEL('niet-bgt:boom'),$);
#6206=IFCPROPERTYSET('3_RE3Z_iLCXgUx70SwcYot',#5,'CPset_BGT',$,(#6197,#6198,#6199,#6200,#6201,#6202,#6203,#6204,#6205));
#6207=IFCPROPERTYSINGLEVALUE('objectBegintijd',$,IFCLABEL('1553554800000'),$);
#6208=IFCPROPERTYSINGLEVALUE('identificatie',$,IFCIDENTIFIER('NL.IMGeo.G0772.ce34a046675049028ea68f71be362a50'),$);
#6209=IFCPROPERTYSINGLEVALUE('tijdstipRegistratie',$,IFCLABEL('1554118715000'),$);
#6210=IFCPROPERTYSINGLEVALUE('LV-publicatiedatum',$,IFCLABEL('1554124339000'),$);
#6211=IFCPROPERTYSINGLEVALUE('bronhouder',$,IFCLABEL('G0772'),$);
#6212=IFCPROPERTYSINGLEVALUE('inOnderzoek',$,IFCBOOLEAN(.T.),$);
#6213=IFCPROPERTYSINGLEVALUE('relatieveHoogteligging',$,IFCREAL(0.),$);
#6214=IFCPROPERTYSINGLEVALUE('bgt-status',$,IFCLABEL('bestaand'),$);
#6215=IFCPROPERTYSINGLEVALUE('plus-type',$,IFCLABEL('niet-bgt:boom'),$);
#6216=IFCPROPERTYSET('2KmnQG0az23xMpe1VUNkbZ',#5,'CPset_BGT',$,(#6207,#6208,#6209,#6210,#6211,#6212,#6213,#6214,#6215));
#6217=IFCPROPERTYSINGLEVALUE('objectBegintijd',$,IFCLABEL('1553554800000'),$);
#6218=IFCPROPERTYSINGLEVALUE('identificatie',$,IFCIDENTIFIER('NL.IMGeo.G0772.d2d727d56bd3445c9163100d47ed0477'),$);
#6219=IFCPROPERTYSINGLEVALUE('tijdstipRegistratie',$,IFCLABEL('1554118715000'),$);
#6220=IFCPROPERTYSINGLEVALUE('LV-publicatiedatum',$,IFCLABEL('1554124339000'),$);
#6221=IFCPROPERTYSINGLEVALUE('bronhouder',$,IFCLABEL('G0772'),$);
#6222=IFCPROPERTYSINGLEVALUE('inOnderzoek',$,IFCBOOLEAN(.T.),$);
#6223=IFCPROPERTYSINGLEVALUE('relatieveHoogteligging',$,IFCREAL(0.),$);
#6224=IFCPROPERTYSINGLEVALUE('bgt-status',$,IFCLABEL('bestaand'),$);
#6225=IFCPROPERTYSINGLEVALUE('plus-type',$,IFCLABEL('niet-bgt:boom'),$);
#6226=IFCPROPERTYSET('240OyC5cX7ZxytUQxo_5fN',#5,'CPset_BGT',$,(#6217,#6218,#6219,#6220,#6221,#6222,#6223,#6224,#6225));
#6227=IFCPROPERTYSINGLEVALUE('objectBegintijd',$,IFCLABEL('1553554800000'),$);
#6228=IFCPROPERTYSINGLEVALUE('identificatie',$,IFCIDENTIFIER('NL.IMGeo.G0772.eb390443cd4c4ae082749d720a90e042'),$);
#6229=IFCPROPERTYSINGLEVALUE('tijdstipRegistratie',$,IFCLABEL('1554118715000'),$);
#6230=IFCPROPERTYSINGLEVALUE('LV-publicatiedatum',$,IFCLABEL('1554124339000'),$);
#6231=IFCPROPERTYSINGLEVALUE('bronhouder',$,IFCLABEL('G0772'),$);
#6232=IFCPROPERTYSINGLEVALUE('inOnderzoek',$,IFCBOOLEAN(.T.),$);
#6233=IFCPROPERTYSINGLEVALUE('relatieveHoogteligging',$,IFCREAL(0.),$);
#6234=IFCPROPERTYSINGLEVALUE('bgt-status',$,IFCLABEL('bestaand'),$);
#6235=IFCPROPERTYSINGLEVALUE('plus-type',$,IFCLABEL('niet-bgt:boom'),$);
#6236=IFCPROPERTYSET('0sOxzG8xn0RvbI2MBvbuHQ',#5,'CPset_BGT',$,(#6227,#6228,#6229,#6230,#6231,#6232,#6233,#6234,#6235));
#6237=IFCPROPERTYSINGLEVALUE('objectBegintijd',$,IFCLABEL('1553554800000'),$);
#6238=IFCPROPERTYSINGLEVALUE('identificatie',$,IFCIDENTIFIER('NL.IMGeo.G0772.efb2fe017b6d46a1af6da00f6dda373f'),$);
#6239=IFCPROPERTYSINGLEVALUE('tijdstipRegistratie',$,IFCLABEL('1554118715000'),$);
#6240=IFCPROPERTYSINGLEVALUE('LV-publicatiedatum',$,IFCLABEL('1554124339000'),$);
#6241=IFCPROPERTYSINGLEVALUE('bronhouder',$,IFCLABEL('G0772'),$);
#6242=IFCPROPERTYSINGLEVALUE('inOnderzoek',$,IFCBOOLEAN(.T.),$);
#6243=IFCPROPERTYSINGLEVALUE('relatieveHoogteligging',$,IFCREAL(0.),$);
#6244=IFCPROPERTYSINGLEVALUE('bgt-status',$,IFCLABEL('bestaand'),$);
#6245=IFCPROPERTYSINGLEVALUE('plus-type',$,IFCLABEL('niet-bgt:boom'),$);
#6246=IFCPROPERTYSET('25wzJt2YDDiggm8pT_bF1f',#5,'CPset_BGT',$,(#6237,#6238,#6239,#6240,#6241,#6242,#6243,#6244,#6245));
#6247=IFCPROPERTYSINGLEVALUE('objectBegintijd',$,IFCLABEL('1572908400000'),$);
#6248=IFCPROPERTYSINGLEVALUE('identificatie',$,IFCIDENTIFIER('NL.IMGeo.G0772.1d9f632badcf4ff69d5b67cfa47aa30a'),$);
#6249=IFCPROPERTYSINGLEVALUE('tijdstipRegistratie',$,IFCLABEL('1574590900000'),$);
#6250=IFCPROPERTYSINGLEVALUE('LV-publicatiedatum',$,IFCLABEL('1574596634000'),$);
#6251=IFCPROPERTYSINGLEVALUE('bronhouder',$,IFCLABEL('G0772'),$);
#6252=IFCPROPERTYSINGLEVALUE('inOnderzoek',$,IFCBOOLEAN(.T.),$);
#6253=IFCPROPERTYSINGLEVALUE('relatieveHoogteligging',$,IFCREAL(0.),$);
#6254=IFCPROPERTYSINGLEVALUE('bgt-status',$,IFCLABEL('bestaand'),$);
#6255=IFCPROPERTYSINGLEVALUE('plus-type',$,IFCLABEL('niet-bgt:boom'),$);
#6256=IFCPROPERTYSET('2mgwFv8U54zeHaYwZjISah',#5,'CPset_BGT',$,(#6247,#6248,#6249,#6250,#6251,#6252,#6253,#6254,#6255));
#6257=IFCPROPERTYSINGLEVALUE('objectBegintijd',$,IFCLABEL('1585692000000'),$);
#6258=IFCPROPERTYSINGLEVALUE('identificatie',$,IFCIDENTIFIER('NL.IMGeo.G0772.07f04422c865450cae400876ae5dc8f9'),$);
#6259=IFCPROPERTYSINGLEVALUE('tijdstipRegistratie',$,IFCLABEL('1586158442000'),$);
#6260=IFCPROPERTYSINGLEVALUE('LV-publicatiedatum',$,IFCLABEL('1586165281000'),$);
#6261=IFCPROPERTYSINGLEVALUE('bronhouder',$,IFCLABEL('G0772'),$);
#6262=IFCPROPERTYSINGLEVALUE('inOnderzoek',$,IFCBOOLEAN(.T.),$);
#6263=IFCPROPERTYSINGLEVALUE('relatieveHoogteligging',$,IFCREAL(0.),$);
#6264=IFCPROPERTYSINGLEVALUE('bgt-status',$,IFCLABEL('bestaand'),$);
#6265=IFCPROPERTYSINGLEVALUE('plus-type',$,IFCLABEL('niet-bgt:boom'),$);
#6266=IFCPROPERTYSET('2R14dViZ98Y9RHj_31DX5T',#5,'CPset_BGT',$,(#6257,#6258,#6259,#6260,#6261,#6262,#6263,#6264,#6265));
#6267=IFCPROPERTYSINGLEVALUE('objectBegintijd',$,IFCLABEL('1585692000000'),$);
#6268=IFCPROPERTYSINGLEVALUE('identificatie',$,IFCIDENTIFIER('NL.IMGeo.G0772.12866fc18ce549bdb970a556448804ae'),$);
#6269=IFCPROPERTYSINGLEVALUE('tijdstipRegistratie',$,IFCLABEL('1586158442000'),$);
#6270=IFCPROPERTYSINGLEVALUE('LV-publicatiedatum',$,IFCLABEL('1586165281000'),$);
#6271=IFCPROPERTYSINGLEVALUE('bronhouder',$,IFCLABEL('G0772'),$);
#6272=IFCPROPERTYSINGLEVALUE('inOnderzoek',$,IFCBOOLEAN(.T.),$);
#6273=IFCPROPERTYSINGLEVALUE('relatieveHoogteligging',$,IFCREAL(0.),$);
#6274=IFCPROPERTYSINGLEVALUE('bgt-status',$,IFCLABEL('bestaand'),$);
#6275=IFCPROPERTYSINGLEVALUE('plus-type',$,IFCLABEL('niet-bgt:boom'),$);
#6276=IFCPROPERTYSET('3Gf$2NnMPDgxsie3GOHFOl',#5,'CPset_BGT',$,(#6267,#6268,#6269,#6270,#6271,#6272,#6273,#6274,#6275));
#6277=IFCPROPERTYSINGLEVALUE('objectBegintijd',$,IFCLABEL('1585692000000'),$);
#6278=IFCPROPERTYSINGLEVALUE('identificatie',$,IFCIDENTIFIER('NL.IMGeo.G0772.3db2549205ff4786bd89066efcb8eb35'),$);
#6279=IFCPROPERTYSINGLEVALUE('tijdstipRegistratie',$,IFCLABEL('1586158442000'),$);
#6280=IFCPROPERTYSINGLEVALUE('LV-publicatiedatum',$,IFCLABEL('1586165281000'),$);
#6281=IFCPROPERTYSINGLEVALUE('bronhouder',$,IFCLABEL('G0772'),$);
#6282=IFCPROPERTYSINGLEVALUE('inOnderzoek',$,IFCBOOLEAN(.T.),$);
#6283=IFCPROPERTYSINGLEVALUE('relatieveHoogteligging',$,IFCREAL(0.),$);
#6284=IFCPROPERTYSINGLEVALUE('bgt-status',$,IFCLABEL('bestaand'),$);
#6285=IFCPROPERTYSINGLEVALUE('plus-type',$,IFCLABEL('niet-bgt:boom'),$);
#6286=IFCPROPERTYSET('0iE7$Ze_D9kONhO4Z7yMeE',#5,'CPset_BGT',$,(#6277,#6278,#6279,#6280,#6281,#6282,#6283,#6284,#6285));
#6287=IFCPROPERTYSINGLEVALUE('objectBegintijd',$,IFCLABEL('1585692000000'),$);
#6288=IFCPROPERTYSINGLEVALUE('identificatie',$,IFCIDENTIFIER('NL.IMGeo.G0772.4e1a64e2235d43828714790017879866'),$);
#6289=IFCPROPERTYSINGLEVALUE('tijdstipRegistratie',$,IFCLABEL('1586158442000'),$);
#6290=IFCPROPERTYSINGLEVALUE('LV-publicatiedatum',$,IFCLABEL('1586165281000'),$);
#6291=IFCPROPERTYSINGLEVALUE('bronhouder',$,IFCLABEL('G0772'),$);
#6292=IFCPROPERTYSINGLEVALUE('inOnderzoek',$,IFCBOOLEAN(.T.),$);
#6293=IFCPROPERTYSINGLEVALUE('relatieveHoogteligging',$,IFCREAL(0.),$);
#6294=IFCPROPERTYSINGLEVALUE('bgt-status',$,IFCLABEL('bestaand'),$);
#6295=IFCPROPERTYSINGLEVALUE('plus-type',$,IFCLABEL('niet-bgt:boom'),$);
#6296=IFCPROPERTYSET('0usVp2oZX21xPPom3hHobX',#5,'CPset_BGT',$,(#6287,#6288,#6289,#6290,#6291,#6292,#6293,#6294,#6295));
#6297=IFCPROPERTYSINGLEVALUE('objectBegintijd',$,IFCLABEL('1585692000000'),$);
#6298=IFCPROPERTYSINGLEVALUE('identificatie',$,IFCIDENTIFIER('NL.IMGeo.G0772.789544d02b2a44c080e9f6f44c99245c'),$);
#6299=IFCPROPERTYSINGLEVALUE('tijdstipRegistratie',$,IFCLABEL('1586158442000'),$);
#6300=IFCPROPERTYSINGLEVALUE('LV-publicatiedatum',$,IFCLABEL('1586165281000'),$);
#6301=IFCPROPERTYSINGLEVALUE('bronhouder',$,IFCLABEL('G0772'),$);
#6302=IFCPROPERTYSINGLEVALUE('inOnderzoek',$,IFCBOOLEAN(.T.),$);
#6303=IFCPROPERTYSINGLEVALUE('relatieveHoogteligging',$,IFCREAL(0.),$);
#6304=IFCPROPERTYSINGLEVALUE('bgt-status',$,IFCLABEL('bestaand'),$);
#6305=IFCPROPERTYSINGLEVALUE('plus-type',$,IFCLABEL('niet-bgt:boom'),$);
#6306=IFCPROPERTYSET('1etr0xe4vCI9CQhKybnCYQ',#5,'CPset_BGT',$,(#6297,#6298,#6299,#6300,#6301,#6302,#6303,#6304,#6305));
#6307=IFCPROPERTYSINGLEVALUE('objectBegintijd',$,IFCLABEL('1585692000000'),$);
#6308=IFCPROPERTYSINGLEVALUE('identificatie',$,IFCIDENTIFIER('NL.IMGeo.G0772.894efb67069544f3a6b46c9537f27864'),$);
#6309=IFCPROPERTYSINGLEVALUE('tijdstipRegistratie',$,IFCLABEL('1586158442000'),$);
#6310=IFCPROPERTYSINGLEVALUE('LV-publicatiedatum',$,IFCLABEL('1586165281000'),$);
#6311=IFCPROPERTYSINGLEVALUE('bronhouder',$,IFCLABEL('G0772'),$);
#6312=IFCPROPERTYSINGLEVALUE('inOnderzoek',$,IFCBOOLEAN(.T.),$);
#6313=IFCPROPERTYSINGLEVALUE('relatieveHoogteligging',$,IFCREAL(0.),$);
#6314=IFCPROPERTYSINGLEVALUE('bgt-status',$,IFCLABEL('bestaand'),$);
#6315=IFCPROPERTYSINGLEVALUE('plus-type',$,IFCLABEL('niet-bgt:boom'),$);
#6316=IFCPROPERTYSET('2aHjDPKEr6KuTbD_Zyzddz',#5,'CPset_BGT',$,(#6307,#6308,#6309,#6310,#6311,#6312,#6313,#6314,#6315));
#6317=IFCPROPERTYSINGLEVALUE('objectBegintijd',$,IFCLABEL('1585692000000'),$);
#6318=IFCPROPERTYSINGLEVALUE('identificatie',$,IFCIDENTIFIER('NL.IMGeo.G0772.95ae11b9f7e8426f9e290b3cd7e37400'),$);
#6319=IFCPROPERTYSINGLEVALUE('tijdstipRegistratie',$,IFCLABEL('1586158442000'),$);
#6320=IFCPROPERTYSINGLEVALUE('LV-publicatiedatum',$,IFCLABEL('1586165281000'),$);
#6321=IFCPROPERTYSINGLEVALUE('bronhouder',$,IFCLABEL('G0772'),$);
#6322=IFCPROPERTYSINGLEVALUE('inOnderzoek',$,IFCBOOLEAN(.T.),$);
#6323=IFCPROPERTYSINGLEVALUE('relatieveHoogteligging',$,IFCREAL(0.),$);
#6324=IFCPROPERTYSINGLEVALUE('bgt-status',$,IFCLABEL('bestaand'),$);
#6325=IFCPROPERTYSINGLEVALUE('plus-type',$,IFCLABEL('niet-bgt:boom'),$);
#6326=IFCPROPERTYSET('1b4CTwG9b2UgrfNd1ils3H',#5,'CPset_BGT',$,(#6317,#6318,#6319,#6320,#6321,#6322,#6323,#6324,#6325));
#6327=IFCPROPERTYSINGLEVALUE('objectBegintijd',$,IFCLABEL('1585692000000'),$);
#6328=IFCPROPERTYSINGLEVALUE('identificatie',$,IFCIDENTIFIER('NL.IMGeo.G0772.b99c0c15e4bd4beda5d0a8d0d8cd1ce2'),$);
#6329=IFCPROPERTYSINGLEVALUE('tijdstipRegistratie',$,IFCLABEL('1586158442000'),$);
#6330=IFCPROPERTYSINGLEVALUE('LV-publicatiedatum',$,IFCLABEL('1586165281000'),$);
#6331=IFCPROPERTYSINGLEVALUE('bronhouder',$,IFCLABEL('G0772'),$);
#6332=IFCPROPERTYSINGLEVALUE('inOnderzoek',$,IFCBOOLEAN(.T.),$);
#6333=IFCPROPERTYSINGLEVALUE('relatieveHoogteligging',$,IFCREAL(0.),$);
#6334=IFCPROPERTYSINGLEVALUE('bgt-status',$,IFCLABEL('bestaand'),$);
#6335=IFCPROPERTYSINGLEVALUE('plus-type',$,IFCLABEL('niet-bgt:boom'),$);
#6336=IFCPROPERTYSET('32bIdZK9n6bvmxNvC0HMux',#5,'CPset_BGT',$,(#6327,#6328,#6329,#6330,#6331,#6332,#6333,#6334,#6335));
#6337=IFCPROPERTYSINGLEVALUE('objectBegintijd',$,IFCLABEL('1585692000000'),$);
#6338=IFCPROPERTYSINGLEVALUE('identificatie',$,IFCIDENTIFIER('NL.IMGeo.G0772.e4a2db7f48bf494b91682da889f1c40a'),$);
#6339=IFCPROPERTYSINGLEVALUE('tijdstipRegistratie',$,IFCLABEL('1586158442000'),$);
#6340=IFCPROPERTYSINGLEVALUE('LV-publicatiedatum',$,IFCLABEL('1586165281000'),$);
#6341=IFCPROPERTYSINGLEVALUE('bronhouder',$,IFCLABEL('G0772'),$);
#6342=IFCPROPERTYSINGLEVALUE('inOnderzoek',$,IFCBOOLEAN(.T.),$);
#6343=IFCPROPERTYSINGLEVALUE('relatieveHoogteligging',$,IFCREAL(0.),$);
#6344=IFCPROPERTYSINGLEVALUE('bgt-status',$,IFCLABEL('bestaand'),$);
#6345=IFCPROPERTYSINGLEVALUE('plus-type',$,IFCLABEL('niet-bgt:boom'),$);
#6346=IFCPROPERTYSET('2mgs9CGZj6wQN5FRB0U7$H',#5,'CPset_BGT',$,(#6337,#6338,#6339,#6340,#6341,#6342,#6343,#6344,#6345));
#6347=IFCPROPERTYSINGLEVALUE('objectBegintijd',$,IFCLABEL('1586815200000'),$);
#6348=IFCPROPERTYSINGLEVALUE('identificatie',$,IFCIDENTIFIER('NL.IMGeo.G0772.24b9445e33d9440f9efdb51afc19b931'),$);
#6349=IFCPROPERTYSINGLEVALUE('tijdstipRegistratie',$,IFCLABEL('1587394371000'),$);
#6350=IFCPROPERTYSINGLEVALUE('LV-publicatiedatum',$,IFCLABEL('1587403413000'),$);
#6351=IFCPROPERTYSINGLEVALUE('bronhouder',$,IFCLABEL('G0772'),$);
#6352=IFCPROPERTYSINGLEVALUE('inOnderzoek',$,IFCBOOLEAN(.T.),$);
#6353=IFCPROPERTYSINGLEVALUE('relatieveHoogteligging',$,IFCREAL(0.),$);
#6354=IFCPROPERTYSINGLEVALUE('bgt-status',$,IFCLABEL('bestaand'),$);
#6355=IFCPROPERTYSINGLEVALUE('plus-type',$,IFCLABEL('niet-bgt:boom'),$);
#6356=IFCPROPERTYSET('0eustr6QL1Hf82kHLRrKsE',#5,'CPset_BGT',$,(#6347,#6348,#6349,#6350,#6351,#6352,#6353,#6354,#6355));
#6357=IFCPROPERTYSINGLEVALUE('objectBegintijd',$,IFCLABEL('1586815200000'),$);
#6358=IFCPROPERTYSINGLEVALUE('identificatie',$,IFCIDENTIFIER('NL.IMGeo.G0772.4df944262c41467b8353c65bf4109ad3'),$);
#6359=IFCPROPERTYSINGLEVALUE('tijdstipRegistratie',$,IFCLABEL('1587394371000'),$);
#6360=IFCPROPERTYSINGLEVALUE('LV-publicatiedatum',$,IFCLABEL('1587403413000'),$);
#6361=IFCPROPERTYSINGLEVALUE('bronhouder',$,IFCLABEL('G0772'),$);
#6362=IFCPROPERTYSINGLEVALUE('inOnderzoek',$,IFCBOOLEAN(.T.),$);
#6363=IFCPROPERTYSINGLEVALUE('relatieveHoogteligging',$,IFCREAL(0.),$);
#6364=IFCPROPERTYSINGLEVALUE('bgt-status',$,IFCLABEL('bestaand'),$);
#6365=IFCPROPERTYSINGLEVALUE('plus-type',$,IFCLABEL('niet-bgt:boom'),$);
#6366=IFCPROPERTYSET('2s9f1fDZn9iBujnzUQ3TGz',#5,'CPset_BGT',$,(#6357,#6358,#6359,#6360,#6361,#6362,#6363,#6364,#6365));
#6367=IFCPROPERTYSINGLEVALUE('objectBegintijd',$,IFCLABEL('1593640800000'),$);
#6368=IFCPROPERTYSINGLEVALUE('identificatie',$,IFCIDENTIFIER('NL.IMGeo.G0772.1a238a5dbd604708808c40ca91527485'),$);
#6369=IFCPROPERTYSINGLEVALUE('tijdstipRegistratie',$,IFCLABEL('1595598903000'),$);
#6370=IFCPROPERTYSINGLEVALUE('LV-publicatiedatum',$,IFCLABEL('1595605877000'),$);
#6371=IFCPROPERTYSINGLEVALUE('bronhouder',$,IFCLABEL('G0772'),$);
#6372=IFCPROPERTYSINGLEVALUE('inOnderzoek',$,IFCBOOLEAN(.T.),$);
#6373=IFCPROPERTYSINGLEVALUE('relatieveHoogteligging',$,IFCREAL(0.),$);
#6374=IFCPROPERTYSINGLEVALUE('bgt-status',$,IFCLABEL('bestaand'),$);
#6375=IFCPROPERTYSINGLEVALUE('plus-type',$,IFCLABEL('niet-bgt:boom'),$);
#6376=IFCPROPERTYSET('25BslAh7zFY9fvyuWCrfqw',#5,'CPset_BGT',$,(#6367,#6368,#6369,#6370,#6371,#6372,#6373,#6374,#6375));
#6377=IFCPROPERTYSINGLEVALUE('objectBegintijd',$,IFCLABEL('1593640800000'),$);
#6378=IFCPROPERTYSINGLEVALUE('identificatie',$,IFCIDENTIFIER('NL.IMGeo.G0772.41755ecee7fe4505b2f9c489a1ba0d84'),$);
#6379=IFCPROPERTYSINGLEVALUE('tijdstipRegistratie',$,IFCLABEL('1595598903000'),$);
#6380=IFCPROPERTYSINGLEVALUE('LV-publicatiedatum',$,IFCLABEL('1595605877000'),$);
#6381=IFCPROPERTYSINGLEVALUE('bronhouder',$,IFCLABEL('G0772'),$);
#6382=IFCPROPERTYSINGLEVALUE('inOnderzoek',$,IFCBOOLEAN(.T.),$);
#6383=IFCPROPERTYSINGLEVALUE('relatieveHoogteligging',$,IFCREAL(0.),$);
#6384=IFCPROPERTYSINGLEVALUE('bgt-status',$,IFCLABEL('bestaand'),$);
#6385=IFCPROPERTYSINGLEVALUE('plus-type',$,IFCLABEL('niet-bgt:boom'),$);
#6386=IFCPROPERTYSET('1id1MO3XP8_vBxZYZR1egi',#5,'CPset_BGT',$,(#6377,#6378,#6379,#6380,#6381,#6382,#6383,#6384,#6385));
#6387=IFCPROPERTYSINGLEVALUE('objectBegintijd',$,IFCLABEL('1619128800000'),$);
#6388=IFCPROPERTYSINGLEVALUE('identificatie',$,IFCIDENTIFIER('NL.IMGeo.G0772.a256458d17ad4289ab6c67c7f9eb6a96'),$);
#6389=IFCPROPERTYSINGLEVALUE('tijdstipRegistratie',$,IFCLABEL('1623931775000'),$);
#6390=IFCPROPERTYSINGLEVALUE('LV-publicatiedatum',$,IFCLABEL('1623960074000'),$);
#6391=IFCPROPERTYSINGLEVALUE('bronhouder',$,IFCLABEL('G0772'),$);
#6392=IFCPROPERTYSINGLEVALUE('inOnderzoek',$,IFCBOOLEAN(.T.),$);
#6393=IFCPROPERTYSINGLEVALUE('relatieveHoogteligging',$,IFCREAL(0.),$);
#6394=IFCPROPERTYSINGLEVALUE('bgt-status',$,IFCLABEL('bestaand'),$);
#6395=IFCPROPERTYSINGLEVALUE('plus-type',$,IFCLABEL('niet-bgt:boom'),$);
#6396=IFCPROPERTYSET('3hAGMjbCX3xQOA9OTWGiZG',#5,'CPset_BGT',$,(#6387,#6388,#6389,#6390,#6391,#6392,#6393,#6394,#6395));
#6397=IFCPROPERTYSINGLEVALUE('objectBegintijd',$,IFCLABEL('1619128800000'),$);
#6398=IFCPROPERTYSINGLEVALUE('identificatie',$,IFCIDENTIFIER('NL.IMGeo.G0772.da7782c33feb4600a8add7623219d436'),$);
#6399=IFCPROPERTYSINGLEVALUE('tijdstipRegistratie',$,IFCLABEL('1623931775000'),$);
#6400=IFCPROPERTYSINGLEVALUE('LV-publicatiedatum',$,IFCLABEL('1623960074000'),$);
#6401=IFCPROPERTYSINGLEVALUE('bronhouder',$,IFCLABEL('G0772'),$);
#6402=IFCPROPERTYSINGLEVALUE('inOnderzoek',$,IFCBOOLEAN(.T.),$);
#6403=IFCPROPERTYSINGLEVALUE('relatieveHoogteligging',$,IFCREAL(0.),$);
#6404=IFCPROPERTYSINGLEVALUE('bgt-status',$,IFCLABEL('bestaand'),$);
#6405=IFCPROPERTYSINGLEVALUE('plus-type',$,IFCLABEL('niet-bgt:boom'),$);
#6406=IFCPROPERTYSET('3hav9QXlPF2fRlpsK8Kc$N',#5,'CPset_BGT',$,(#6397,#6398,#6399,#6400,#6401,#6402,#6403,#6404,#6405));
#6407=IFCPROPERTYSINGLEVALUE('objectBegintijd',$,IFCLABEL('1619128800000'),$);
#6408=IFCPROPERTYSINGLEVALUE('identificatie',$,IFCIDENTIFIER('NL.IMGeo.G0772.f129aafd92b141979a87492f326db2fc'),$);
#6409=IFCPROPERTYSINGLEVALUE('tijdstipRegistratie',$,IFCLABEL('1623931775000'),$);
#6410=IFCPROPERTYSINGLEVALUE('LV-publicatiedatum',$,IFCLABEL('1623960074000'),$);
#6411=IFCPROPERTYSINGLEVALUE('bronhouder',$,IFCLABEL('G0772'),$);
#6412=IFCPROPERTYSINGLEVALUE('inOnderzoek',$,IFCBOOLEAN(.T.),$);
#6413=IFCPROPERTYSINGLEVALUE('relatieveHoogteligging',$,IFCREAL(0.),$);
#6414=IFCPROPERTYSINGLEVALUE('bgt-status',$,IFCLABEL('bestaand'),$);
#6415=IFCPROPERTYSINGLEVALUE('plus-type',$,IFCLABEL('niet-bgt:boom'),$);
#6416=IFCPROPERTYSET('2phPNcl5T4S8EEbJw4JA4K',#5,'CPset_BGT',$,(#6407,#6408,#6409,#6410,#6411,#6412,#6413,#6414,#6415));
#6417=IFCPROPERTYSINGLEVALUE('objectBegintijd',$,IFCLABEL('1628114400000'),$);
#6418=IFCPROPERTYSINGLEVALUE('identificatie',$,IFCIDENTIFIER('NL.IMGeo.G0772.4c779bb3a4304365984132691fad45fc'),$);
#6419=IFCPROPERTYSINGLEVALUE('tijdstipRegistratie',$,IFCLABEL('1628520718000'),$);
#6420=IFCPROPERTYSINGLEVALUE('LV-publicatiedatum',$,IFCLABEL('1628527772000'),$);
#6421=IFCPROPERTYSINGLEVALUE('bronhouder',$,IFCLABEL('G0772'),$);
#6422=IFCPROPERTYSINGLEVALUE('inOnderzoek',$,IFCBOOLEAN(.T.),$);
#6423=IFCPROPERTYSINGLEVALUE('relatieveHoogteligging',$,IFCREAL(0.),$);
#6424=IFCPROPERTYSINGLEVALUE('bgt-status',$,IFCLABEL('bestaand'),$);
#6425=IFCPROPERTYSINGLEVALUE('plus-type',$,IFCLABEL('niet-bgt:boom'),$);
#6426=IFCPROPERTYSET('3RO8FNKGDC$hvpT5iKBe45',#5,'CPset_BGT',$,(#6417,#6418,#6419,#6420,#6421,#6422,#6423,#6424,#6425));
#6427=IFCPROPERTYSINGLEVALUE('objectBegintijd',$,IFCLABEL('1628114400000'),$);
#6428=IFCPROPERTYSINGLEVALUE('identificatie',$,IFCIDENTIFIER('NL.IMGeo.G0772.ffc6e97dff1e4e5c912e259ea5c21748'),$);
#6429=IFCPROPERTYSINGLEVALUE('tijdstipRegistratie',$,IFCLABEL('1628520718000'),$);
#6430=IFCPROPERTYSINGLEVALUE('LV-publicatiedatum',$,IFCLABEL('1628527772000'),$);
#6431=IFCPROPERTYSINGLEVALUE('bronhouder',$,IFCLABEL('G0772'),$);
#6432=IFCPROPERTYSINGLEVALUE('inOnderzoek',$,IFCBOOLEAN(.T.),$);
#6433=IFCPROPERTYSINGLEVALUE('relatieveHoogteligging',$,IFCREAL(0.),$);
#6434=IFCPROPERTYSINGLEVALUE('bgt-status',$,IFCLABEL('bestaand'),$);
#6435=IFCPROPERTYSINGLEVALUE('plus-type',$,IFCLABEL('niet-bgt:boom'),$);
#6436=IFCPROPERTYSET('1JupE6R6z5wf_aXxun0WbZ',#5,'CPset_BGT',$,(#6427,#6428,#6429,#6430,#6431,#6432,#6433,#6434,#6435));
#6437=IFCPROPERTYSINGLEVALUE('objectBegintijd',$,IFCLABEL('1644447600000'),$);
#6438=IFCPROPERTYSINGLEVALUE('identificatie',$,IFCIDENTIFIER('NL.IMGeo.G0772.da2028453c4d4b9a89cfb3aca85a9fd6'),$);
#6439=IFCPROPERTYSINGLEVALUE('tijdstipRegistratie',$,IFCLABEL('1645014746000'),$);
#6440=IFCPROPERTYSINGLEVALUE('LV-publicatiedatum',$,IFCLABEL('1645015833000'),$);
#6441=IFCPROPERTYSINGLEVALUE('bronhouder',$,IFCLABEL('G0772'),$);
#6442=IFCPROPERTYSINGLEVALUE('inOnderzoek',$,IFCBOOLEAN(.T.),$);
#6443=IFCPROPERTYSINGLEVALUE('relatieveHoogteligging',$,IFCREAL(0.),$);
#6444=IFCPROPERTYSINGLEVALUE('bgt-status',$,IFCLABEL('bestaand'),$);
#6445=IFCPROPERTYSINGLEVALUE('plus-type',$,IFCLABEL('niet-bgt:boom'),$);
#6446=IFCPROPERTYSET('0sjmq6nknEGvz364PZ7_UF',#5,'CPset_BGT',$,(#6437,#6438,#6439,#6440,#6441,#6442,#6443,#6444,#6445));
#6447=IFCPROPERTYSINGLEVALUE('objectBegintijd',$,IFCLABEL('1644447600000'),$);
#6448=IFCPROPERTYSINGLEVALUE('identificatie',$,IFCIDENTIFIER('NL.IMGeo.G0772.eb2360254aff4c1a922fdd02c52c2a93'),$);
#6449=IFCPROPERTYSINGLEVALUE('tijdstipRegistratie',$,IFCLABEL('1645014746000'),$);
#6450=IFCPROPERTYSINGLEVALUE('LV-publicatiedatum',$,IFCLABEL('1645015833000'),$);
#6451=IFCPROPERTYSINGLEVALUE('bronhouder',$,IFCLABEL('G0772'),$);
#6452=IFCPROPERTYSINGLEVALUE('inOnderzoek',$,IFCBOOLEAN(.T.),$);
#6453=IFCPROPERTYSINGLEVALUE('relatieveHoogteligging',$,IFCREAL(0.),$);
#6454=IFCPROPERTYSINGLEVALUE('bgt-status',$,IFCLABEL('bestaand'),$);
#6455=IFCPROPERTYSINGLEVALUE('plus-type',$,IFCLABEL('niet-bgt:boom'),$);
#6456=IFCPROPERTYSET('35zx$9IuX7zwyDJM45_Y$O',#5,'CPset_BGT',$,(#6447,#6448,#6449,#6450,#6451,#6452,#6453,#6454,#6455));
#6457=IFCPROPERTYSINGLEVALUE('objectBegintijd',$,IFCLABEL('1648418400000'),$);
#6458=IFCPROPERTYSINGLEVALUE('identificatie',$,IFCIDENTIFIER('NL.IMGeo.G0772.a74931d638e6494b97b2d889e3feb1ec'),$);
#6459=IFCPROPERTYSINGLEVALUE('tijdstipRegistratie',$,IFCLABEL('1648733525000'),$);
#6460=IFCPROPERTYSINGLEVALUE('LV-publicatiedatum',$,IFCLABEL('1648737579000'),$);
#6461=IFCPROPERTYSINGLEVALUE('bronhouder',$,IFCLABEL('G0772'),$);
#6462=IFCPROPERTYSINGLEVALUE('inOnderzoek',$,IFCBOOLEAN(.T.),$);
#6463=IFCPROPERTYSINGLEVALUE('relatieveHoogteligging',$,IFCREAL(0.),$);
#6464=IFCPROPERTYSINGLEVALUE('bgt-status',$,IFCLABEL('bestaand'),$);
#6465=IFCPROPERTYSINGLEVALUE('plus-type',$,IFCLABEL('niet-bgt:boom'),$);
#6466=IFCPROPERTYSET('3JahJ1jU93$AOeaVaY9RKN',#5,'CPset_BGT',$,(#6457,#6458,#6459,#6460,#6461,#6462,#6463,#6464,#6465));
#6467=IFCPROPERTYSINGLEVALUE('objectBegintijd',$,IFCLABEL('1648418400000'),$);
#6468=IFCPROPERTYSINGLEVALUE('identificatie',$,IFCIDENTIFIER('NL.IMGeo.G0772.ebbd5c8d43b046e79a72ab7c9c7d261a'),$);
#6469=IFCPROPERTYSINGLEVALUE('tijdstipRegistratie',$,IFCLABEL('1648733525000'),$);
#6470=IFCPROPERTYSINGLEVALUE('LV-publicatiedatum',$,IFCLABEL('1648737579000'),$);
#6471=IFCPROPERTYSINGLEVALUE('bronhouder',$,IFCLABEL('G0772'),$);
#6472=IFCPROPERTYSINGLEVALUE('inOnderzoek',$,IFCBOOLEAN(.T.),$);
#6473=IFCPROPERTYSINGLEVALUE('relatieveHoogteligging',$,IFCREAL(0.),$);
#6474=IFCPROPERTYSINGLEVALUE('bgt-status',$,IFCLABEL('bestaand'),$);
#6475=IFCPROPERTYSINGLEVALUE('plus-type',$,IFCLABEL('niet-bgt:boom'),$);
#6476=IFCPROPERTYSET('2Zwqo77wbCqADvZMEcJbqb',#5,'CPset_BGT',$,(#6467,#6468,#6469,#6470,#6471,#6472,#6473,#6474,#6475));
#6477=IFCPROPERTYSINGLEVALUE('objectBegintijd',$,IFCLABEL('1648418400000'),$);
#6478=IFCPROPERTYSINGLEVALUE('identificatie',$,IFCIDENTIFIER('NL.IMGeo.G0772.fa86c9d60a9c467bbbbd8114abcb0e20'),$);
#6479=IFCPROPERTYSINGLEVALUE('tijdstipRegistratie',$,IFCLABEL('1648733525000'),$);
#6480=IFCPROPERTYSINGLEVALUE('LV-publicatiedatum',$,IFCLABEL('1648737579000'),$);
#6481=IFCPROPERTYSINGLEVALUE('bronhouder',$,IFCLABEL('G0772'),$);
#6482=IFCPROPERTYSINGLEVALUE('inOnderzoek',$,IFCBOOLEAN(.T.),$);
#6483=IFCPROPERTYSINGLEVALUE('relatieveHoogteligging',$,IFCREAL(0.),$);
#6484=IFCPROPERTYSINGLEVALUE('bgt-status',$,IFCLABEL('bestaand'),$);
#6485=IFCPROPERTYSINGLEVALUE('plus-type',$,IFCLABEL('niet-bgt:boom'),$);
#6486=IFCPROPERTYSET('3QYbFBqi98L8oSI9MzGbaW',#5,'CPset_BGT',$,(#6477,#6478,#6479,#6480,#6481,#6482,#6483,#6484,#6485));
#6487=IFCPROPERTYSINGLEVALUE('objectBegintijd',$,IFCLABEL('1651788000000'),$);
#6488=IFCPROPERTYSINGLEVALUE('identificatie',$,IFCIDENTIFIER('NL.IMGeo.G0772.341117d99bb8404ea44bcb5365618899'),$);
#6489=IFCPROPERTYSINGLEVALUE('tijdstipRegistratie',$,IFCLABEL('1652171106000'),$);
#6490=IFCPROPERTYSINGLEVALUE('LV-publicatiedatum',$,IFCLABEL('1652175363000'),$);
#6491=IFCPROPERTYSINGLEVALUE('bronhouder',$,IFCLABEL('G0772'),$);
#6492=IFCPROPERTYSINGLEVALUE('inOnderzoek',$,IFCBOOLEAN(.T.),$);
#6493=IFCPROPERTYSINGLEVALUE('relatieveHoogteligging',$,IFCREAL(0.),$);
#6494=IFCPROPERTYSINGLEVALUE('bgt-status',$,IFCLABEL('bestaand'),$);
#6495=IFCPROPERTYSINGLEVALUE('plus-type',$,IFCLABEL('niet-bgt:boom'),$);
#6496=IFCPROPERTYSET('1iA4A_sl53ieI2RsS9Bjll',#5,'CPset_BGT',$,(#6487,#6488,#6489,#6490,#6491,#6492,#6493,#6494,#6495));
#6497=IFCPROPERTYSINGLEVALUE('objectBegintijd',$,IFCLABEL('1651788000000'),$);
#6498=IFCPROPERTYSINGLEVALUE('identificatie',$,IFCIDENTIFIER('NL.IMGeo.G0772.4c2759a8f07c40abbc803096155449f5'),$);
#6499=IFCPROPERTYSINGLEVALUE('tijdstipRegistratie',$,IFCLABEL('1652171106000'),$);
#6500=IFCPROPERTYSINGLEVALUE('LV-publicatiedatum',$,IFCLABEL('1652175363000'),$);
#6501=IFCPROPERTYSINGLEVALUE('bronhouder',$,IFCLABEL('G0772'),$);
#6502=IFCPROPERTYSINGLEVALUE('inOnderzoek',$,IFCBOOLEAN(.T.),$);
#6503=IFCPROPERTYSINGLEVALUE('relatieveHoogteligging',$,IFCREAL(0.),$);
#6504=IFCPROPERTYSINGLEVALUE('bgt-status',$,IFCLABEL('bestaand'),$);
#6505=IFCPROPERTYSINGLEVALUE('plus-type',$,IFCLABEL('niet-bgt:boom'),$);
#6506=IFCPROPERTYSET('2CbeykrKjCMfK$TcSH7sR2',#5,'CPset_BGT',$,(#6497,#6498,#6499,#6500,#6501,#6502,#6503,#6504,#6505));
#6507=IFCPROPERTYSINGLEVALUE('objectBegintijd',$,IFCLABEL('1651788000000'),$);
#6508=IFCPROPERTYSINGLEVALUE('identificatie',$,IFCIDENTIFIER('NL.IMGeo.G0772.52df8c1df592415586dbbaab14bf4c1f'),$);
#6509=IFCPROPERTYSINGLEVALUE('tijdstipRegistratie',$,IFCLABEL('1652171106000'),$);
#6510=IFCPROPERTYSINGLEVALUE('LV-publicatiedatum',$,IFCLABEL('1652175363000'),$);
#6511=IFCPROPERTYSINGLEVALUE('bronhouder',$,IFCLABEL('G0772'),$);
#6512=IFCPROPERTYSINGLEVALUE('inOnderzoek',$,IFCBOOLEAN(.T.),$);
#6513=IFCPROPERTYSINGLEVALUE('relatieveHoogteligging',$,IFCREAL(0.),$);
#6514=IFCPROPERTYSINGLEVALUE('bgt-status',$,IFCLABEL('bestaand'),$);
#6515=IFCPROPERTYSINGLEVALUE('plus-type',$,IFCLABEL('niet-bgt:boom'),$);
#6516=IFCPROPERTYSET('0W7XWx2856D8fOqIzfGz40',#5,'CPset_BGT',$,(#6507,#6508,#6509,#6510,#6511,#6512,#6513,#6514,#6515));
#6517=IFCPROPERTYSINGLEVALUE('objectBegintijd',$,IFCLABEL('1651788000000'),$);
#6518=IFCPROPERTYSINGLEVALUE('identificatie',$,IFCIDENTIFIER('NL.IMGeo.G0772.6ff019abde9c4b0f83da1bfb167bda7e'),$);
#6519=IFCPROPERTYSINGLEVALUE('tijdstipRegistratie',$,IFCLABEL('1652171106000'),$);
#6520=IFCPROPERTYSINGLEVALUE('LV-publicatiedatum',$,IFCLABEL('1652175363000'),$);
#6521=IFCPROPERTYSINGLEVALUE('bronhouder',$,IFCLABEL('G0772'),$);
#6522=IFCPROPERTYSINGLEVALUE('inOnderzoek',$,IFCBOOLEAN(.T.),$);
#6523=IFCPROPERTYSINGLEVALUE('relatieveHoogteligging',$,IFCREAL(0.),$);
#6524=IFCPROPERTYSINGLEVALUE('bgt-status',$,IFCLABEL('bestaand'),$);
#6525=IFCPROPERTYSINGLEVALUE('plus-type',$,IFCLABEL('niet-bgt:boom'),$);
#6526=IFCPROPERTYSET('0kuTHKvxv9iA2bMKLQsvtd',#5,'CPset_BGT',$,(#6517,#6518,#6519,#6520,#6521,#6522,#6523,#6524,#6525));
#6527=IFCPROPERTYSINGLEVALUE('objectBegintijd',$,IFCLABEL('1651788000000'),$);
#6528=IFCPROPERTYSINGLEVALUE('identificatie',$,IFCIDENTIFIER('NL.IMGeo.G0772.8cf1ff80e4e541fcbfaf0ade9ee1dbae'),$);
#6529=IFCPROPERTYSINGLEVALUE('tijdstipRegistratie',$,IFCLABEL('1652171106000'),$);
#6530=IFCPROPERTYSINGLEVALUE('LV-publicatiedatum',$,IFCLABEL('1652175363000'),$);
#6531=IFCPROPERTYSINGLEVALUE('bronhouder',$,IFCLABEL('G0772'),$);
#6532=IFCPROPERTYSINGLEVALUE('inOnderzoek',$,IFCBOOLEAN(.T.),$);
#6533=IFCPROPERTYSINGLEVALUE('relatieveHoogteligging',$,IFCREAL(0.),$);
#6534=IFCPROPERTYSINGLEVALUE('bgt-status',$,IFCLABEL('bestaand'),$);
#6535=IFCPROPERTYSINGLEVALUE('plus-type',$,IFCLABEL('niet-bgt:boom'),$);
#6536=IFCPROPERTYSET('2jsuxgtt56reeysDrSW0vb',#5,'CPset_BGT',$,(#6527,#6528,#6529,#6530,#6531,#6532,#6533,#6534,#6535));
#6537=IFCPROPERTYSINGLEVALUE('objectBegintijd',$,IFCLABEL('1651788000000'),$);
#6538=IFCPROPERTYSINGLEVALUE('identificatie',$,IFCIDENTIFIER('NL.IMGeo.G0772.94302ba8760648609ec958684b776377'),$);
#6539=IFCPROPERTYSINGLEVALUE('tijdstipRegistratie',$,IFCLABEL('1652171106000'),$);
#6540=IFCPROPERTYSINGLEVALUE('LV-publicatiedatum',$,IFCLABEL('1652175363000'),$);
#6541=IFCPROPERTYSINGLEVALUE('bronhouder',$,IFCLABEL('G0772'),$);
#6542=IFCPROPERTYSINGLEVALUE('inOnderzoek',$,IFCBOOLEAN(.T.),$);
#6543=IFCPROPERTYSINGLEVALUE('relatieveHoogteligging',$,IFCREAL(0.),$);
#6544=IFCPROPERTYSINGLEVALUE('bgt-status',$,IFCLABEL('bestaand'),$);
#6545=IFCPROPERTYSINGLEVALUE('plus-type',$,IFCLABEL('niet-bgt:boom'),$);
#6546=IFCPROPERTYSET('3NCL3GZcT7dxh6O5A3GRNT',#5,'CPset_BGT',$,(#6537,#6538,#6539,#6540,#6541,#6542,#6543,#6544,#6545));
#6547=IFCPROPERTYSINGLEVALUE('objectBegintijd',$,IFCLABEL('1651788000000'),$);
#6548=IFCPROPERTYSINGLEVALUE('identificatie',$,IFCIDENTIFIER('NL.IMGeo.G0772.9a885cdd501e4afd9fce916b1e6cbcb4'),$);
#6549=IFCPROPERTYSINGLEVALUE('tijdstipRegistratie',$,IFCLABEL('1652171106000'),$);
#6550=IFCPROPERTYSINGLEVALUE('LV-publicatiedatum',$,IFCLABEL('1652175363000'),$);
#6551=IFCPROPERTYSINGLEVALUE('bronhouder',$,IFCLABEL('G0772'),$);
#6552=IFCPROPERTYSINGLEVALUE('inOnderzoek',$,IFCBOOLEAN(.T.),$);
#6553=IFCPROPERTYSINGLEVALUE('relatieveHoogteligging',$,IFCREAL(0.),$);
#6554=IFCPROPERTYSINGLEVALUE('bgt-status',$,IFCLABEL('bestaand'),$);
#6555=IFCPROPERTYSINGLEVALUE('plus-type',$,IFCLABEL('niet-bgt:boom'),$);
#6556=IFCPROPERTYSET('38PVsUQQr0KvY2V9_ZAmiL',#5,'CPset_BGT',$,(#6547,#6548,#6549,#6550,#6551,#6552,#6553,#6554,#6555));
#6557=IFCPROPERTYSINGLEVALUE('objectBegintijd',$,IFCLABEL('1651788000000'),$);
#6558=IFCPROPERTYSINGLEVALUE('identificatie',$,IFCIDENTIFIER('NL.IMGeo.G0772.bc758fc78d1f4d14a37a5b4cf85c832b'),$);
#6559=IFCPROPERTYSINGLEVALUE('tijdstipRegistratie',$,IFCLABEL('1652171106000'),$);
#6560=IFCPROPERTYSINGLEVALUE('LV-publicatiedatum',$,IFCLABEL('1652175363000'),$);
#6561=IFCPROPERTYSINGLEVALUE('bronhouder',$,IFCLABEL('G0772'),$);
#6562=IFCPROPERTYSINGLEVALUE('inOnderzoek',$,IFCBOOLEAN(.T.),$);
#6563=IFCPROPERTYSINGLEVALUE('relatieveHoogteligging',$,IFCREAL(0.),$);
#6564=IFCPROPERTYSINGLEVALUE('bgt-status',$,IFCLABEL('bestaand'),$);
#6565=IFCPROPERTYSINGLEVALUE('plus-type',$,IFCLABEL('niet-bgt:boom'),$);
#6566=IFCPROPERTYSET('1Y_79yhBnAhubbQJc6HvHH',#5,'CPset_BGT',$,(#6557,#6558,#6559,#6560,#6561,#6562,#6563,#6564,#6565));
#6567=IFCPROPERTYSINGLEVALUE('objectBegintijd',$,IFCLABEL('1651788000000'),$);
#6568=IFCPROPERTYSINGLEVALUE('identificatie',$,IFCIDENTIFIER('NL.IMGeo.G0772.f1e1090b506042808573f099f9c55cb1'),$);
#6569=IFCPROPERTYSINGLEVALUE('tijdstipRegistratie',$,IFCLABEL('1652171106000'),$);
#6570=IFCPROPERTYSINGLEVALUE('LV-publicatiedatum',$,IFCLABEL('1652175363000'),$);
#6571=IFCPROPERTYSINGLEVALUE('bronhouder',$,IFCLABEL('G0772'),$);
#6572=IFCPROPERTYSINGLEVALUE('inOnderzoek',$,IFCBOOLEAN(.T.),$);
#6573=IFCPROPERTYSINGLEVALUE('relatieveHoogteligging',$,IFCREAL(0.),$);
#6574=IFCPROPERTYSINGLEVALUE('bgt-status',$,IFCLABEL('bestaand'),$);
#6575=IFCPROPERTYSINGLEVALUE('plus-type',$,IFCLABEL('niet-bgt:boom'),$);
#6576=IFCPROPERTYSET('2AhYF8p3LAzBEHnuX7LSl3',#5,'CPset_BGT',$,(#6567,#6568,#6569,#6570,#6571,#6572,#6573,#6574,#6575));
#6577=IFCPROPERTYSINGLEVALUE('objectBegintijd',$,IFCLABEL('1724364000000'),$);
#6578=IFCPROPERTYSINGLEVALUE('identificatie',$,IFCIDENTIFIER('NL.IMGeo.G0772.5db7020e930846c68bf910d5370a11db'),$);
#6579=IFCPROPERTYSINGLEVALUE('tijdstipRegistratie',$,IFCLABEL('1725271275000'),$);
#6580=IFCPROPERTYSINGLEVALUE('LV-publicatiedatum',$,IFCLABEL('1725275934000'),$);
#6581=IFCPROPERTYSINGLEVALUE('bronhouder',$,IFCLABEL('G0772'),$);
#6582=IFCPROPERTYSINGLEVALUE('inOnderzoek',$,IFCBOOLEAN(.T.),$);
#6583=IFCPROPERTYSINGLEVALUE('relatieveHoogteligging',$,IFCREAL(0.),$);
#6584=IFCPROPERTYSINGLEVALUE('bgt-status',$,IFCLABEL('bestaand'),$);
#6585=IFCPROPERTYSINGLEVALUE('plus-type',$,IFCLABEL('niet-bgt:boom'),$);
#6586=IFCPROPERTYSET('2QKAKGSCnAkgz5jWVF8lIH',#5,'CPset_BGT',$,(#6577,#6578,#6579,#6580,#6581,#6582,#6583,#6584,#6585));
#6587=IFCPROPERTYSINGLEVALUE('objectBegintijd',$,IFCLABEL('1724364000000'),$);
#6588=IFCPROPERTYSINGLEVALUE('identificatie',$,IFCIDENTIFIER('NL.IMGeo.G0772.670594c21a204ab49b4a1ef19b213ef2'),$);
#6589=IFCPROPERTYSINGLEVALUE('tijdstipRegistratie',$,IFCLABEL('1725271275000'),$);
#6590=IFCPROPERTYSINGLEVALUE('LV-publicatiedatum',$,IFCLABEL('1725275934000'),$);
#6591=IFCPROPERTYSINGLEVALUE('bronhouder',$,IFCLABEL('G0772'),$);
#6592=IFCPROPERTYSINGLEVALUE('inOnderzoek',$,IFCBOOLEAN(.T.),$);
#6593=IFCPROPERTYSINGLEVALUE('relatieveHoogteligging',$,IFCREAL(0.),$);
#6594=IFCPROPERTYSINGLEVALUE('bgt-status',$,IFCLABEL('bestaand'),$);
#6595=IFCPROPERTYSINGLEVALUE('plus-type',$,IFCLABEL('niet-bgt:boom'),$);
#6596=IFCPROPERTYSET('2tN2lE9Dn4ke0kBQYLrUm_',#5,'CPset_BGT',$,(#6587,#6588,#6589,#6590,#6591,#6592,#6593,#6594,#6595));
#6597=IFCPROPERTYSINGLEVALUE('objectBegintijd',$,IFCLABEL('1724364000000'),$);
#6598=IFCPROPERTYSINGLEVALUE('identificatie',$,IFCIDENTIFIER('NL.IMGeo.G0772.71948f2b0e4b4dd1a117e2cd05d55cf4'),$);
#6599=IFCPROPERTYSINGLEVALUE('tijdstipRegistratie',$,IFCLABEL('1725271275000'),$);
#6600=IFCPROPERTYSINGLEVALUE('LV-publicatiedatum',$,IFCLABEL('1725275934000'),$);
#6601=IFCPROPERTYSINGLEVALUE('bronhouder',$,IFCLABEL('G0772'),$);
#6602=IFCPROPERTYSINGLEVALUE('inOnderzoek',$,IFCBOOLEAN(.T.),$);
#6603=IFCPROPERTYSINGLEVALUE('relatieveHoogteligging',$,IFCREAL(0.),$);
#6604=IFCPROPERTYSINGLEVALUE('bgt-status',$,IFCLABEL('bestaand'),$);
#6605=IFCPROPERTYSINGLEVALUE('plus-type',$,IFCLABEL('niet-bgt:boom'),$);
#6606=IFCPROPERTYSET('1lk9w8M3b4HwWEWqNrAj9D',#5,'CPset_BGT',$,(#6597,#6598,#6599,#6600,#6601,#6602,#6603,#6604,#6605));
#6607=IFCPROPERTYSINGLEVALUE('objectBegintijd',$,IFCLABEL('1724364000000'),$);
#6608=IFCPROPERTYSINGLEVALUE('identificatie',$,IFCIDENTIFIER('NL.IMGeo.G0772.746085952faf424295c214b1b1f2a6e8'),$);
#6609=IFCPROPERTYSINGLEVALUE('tijdstipRegistratie',$,IFCLABEL('1725271275000'),$);
#6610=IFCPROPERTYSINGLEVALUE('LV-publicatiedatum',$,IFCLABEL('1725275934000'),$);
#6611=IFCPROPERTYSINGLEVALUE('bronhouder',$,IFCLABEL('G0772'),$);
#6612=IFCPROPERTYSINGLEVALUE('inOnderzoek',$,IFCBOOLEAN(.T.),$);
#6613=IFCPROPERTYSINGLEVALUE('relatieveHoogteligging',$,IFCREAL(0.),$);
#6614=IFCPROPERTYSINGLEVALUE('bgt-status',$,IFCLABEL('bestaand'),$);
#6615=IFCPROPERTYSINGLEVALUE('plus-type',$,IFCLABEL('niet-bgt:boom'),$);
#6616=IFCPROPERTYSET('3KQ_yPIjv3oQCYOUJSlPw1',#5,'CPset_BGT',$,(#6607,#6608,#6609,#6610,#6611,#6612,#6613,#6614,#6615));
#6617=IFCPROPERTYSINGLEVALUE('objectBegintijd',$,IFCLABEL('1724364000000'),$);
#6618=IFCPROPERTYSINGLEVALUE('identificatie',$,IFCIDENTIFIER('NL.IMGeo.G0772.a978b8afd54d45869fa8747d85305ca6'),$);
#6619=IFCPROPERTYSINGLEVALUE('tijdstipRegistratie',$,IFCLABEL('1725271275000'),$);
#6620=IFCPROPERTYSINGLEVALUE('LV-publicatiedatum',$,IFCLABEL('1725275934000'),$);
#6621=IFCPROPERTYSINGLEVALUE('bronhouder',$,IFCLABEL('G0772'),$);
#6622=IFCPROPERTYSINGLEVALUE('inOnderzoek',$,IFCBOOLEAN(.T.),$);
#6623=IFCPROPERTYSINGLEVALUE('relatieveHoogteligging',$,IFCREAL(0.),$);
#6624=IFCPROPERTYSINGLEVALUE('bgt-status',$,IFCLABEL('bestaand'),$);
#6625=IFCPROPERTYSINGLEVALUE('plus-type',$,IFCLABEL('niet-bgt:boom'),$);
#6626=IFCPROPERTYSET('2Q8JN4VXv9pR5Sne7Ee1Ov',#5,'CPset_BGT',$,(#6617,#6618,#6619,#6620,#6621,#6622,#6623,#6624,#6625));
#6627=IFCPROPERTYSINGLEVALUE('objectBegintijd',$,IFCLABEL('1724364000000'),$);
#6628=IFCPROPERTYSINGLEVALUE('identificatie',$,IFCIDENTIFIER('NL.IMGeo.G0772.d7a07f5824804e65ad0fd14583158d61'),$);
#6629=IFCPROPERTYSINGLEVALUE('tijdstipRegistratie',$,IFCLABEL('1725271275000'),$);
#6630=IFCPROPERTYSINGLEVALUE('LV-publicatiedatum',$,IFCLABEL('1725275934000'),$);
#6631=IFCPROPERTYSINGLEVALUE('bronhouder',$,IFCLABEL('G0772'),$);
#6632=IFCPROPERTYSINGLEVALUE('inOnderzoek',$,IFCBOOLEAN(.T.),$);
#6633=IFCPROPERTYSINGLEVALUE('relatieveHoogteligging',$,IFCREAL(0.),$);
#6634=IFCPROPERTYSINGLEVALUE('bgt-status',$,IFCLABEL('bestaand'),$);
#6635=IFCPROPERTYSINGLEVALUE('plus-type',$,IFCLABEL('niet-bgt:boom'),$);
#6636=IFCPROPERTYSET('25AaKOrD12pQUVcP_$uDVF',#5,'CPset_BGT',$,(#6627,#6628,#6629,#6630,#6631,#6632,#6633,#6634,#6635));
#6637=IFCPROPERTYSINGLEVALUE('objectBegintijd',$,IFCLABEL('1671058800000'),$);
#6638=IFCPROPERTYSINGLEVALUE('identificatie',$,IFCIDENTIFIER('NL.IMGeo.G0772.a52d3db953734ab980a6b7321261df9e'),$);
#6639=IFCPROPERTYSINGLEVALUE('tijdstipRegistratie',$,IFCLABEL('1671448950000'),$);
#6640=IFCPROPERTYSINGLEVALUE('LV-publicatiedatum',$,IFCLABEL('1671449382000'),$);
#6641=IFCPROPERTYSINGLEVALUE('bronhouder',$,IFCLABEL('G0772'),$);
#6642=IFCPROPERTYSINGLEVALUE('inOnderzoek',$,IFCBOOLEAN(.T.),$);
#6643=IFCPROPERTYSINGLEVALUE('relatieveHoogteligging',$,IFCREAL(0.),$);
#6644=IFCPROPERTYSINGLEVALUE('bgt-status',$,IFCLABEL('bestaand'),$);
#6645=IFCPROPERTYSINGLEVALUE('plus-type',$,IFCLABEL('niet-bgt:boom'),$);
#6646=IFCPROPERTYSET('3dOfTNmsDD$e354tMbgnr3',#5,'CPset_BGT',$,(#6637,#6638,#6639,#6640,#6641,#6642,#6643,#6644,#6645));
#6647=IFCPROPERTYSINGLEVALUE('objectBegintijd',$,IFCLABEL('1698012000000'),$);
#6648=IFCPROPERTYSINGLEVALUE('identificatie',$,IFCIDENTIFIER('NL.IMGeo.G0772.2cff68d6f7334fc681f419ca41b4acb7'),$);
#6649=IFCPROPERTYSINGLEVALUE('tijdstipRegistratie',$,IFCLABEL('1698744374000'),$);
#6650=IFCPROPERTYSINGLEVALUE('LV-publicatiedatum',$,IFCLABEL('1698745027000'),$);
#6651=IFCPROPERTYSINGLEVALUE('bronhouder',$,IFCLABEL('G0772'),$);
#6652=IFCPROPERTYSINGLEVALUE('inOnderzoek',$,IFCBOOLEAN(.T.),$);
#6653=IFCPROPERTYSINGLEVALUE('relatieveHoogteligging',$,IFCREAL(0.),$);
#6654=IFCPROPERTYSINGLEVALUE('bgt-status',$,IFCLABEL('bestaand'),$);
#6655=IFCPROPERTYSINGLEVALUE('plus-type',$,IFCLABEL('niet-bgt:boom'),$);
#6656=IFCPROPERTYSET('2qEaTL4xPFlgpGbB27vT4E',#5,'CPset_BGT',$,(#6647,#6648,#6649,#6650,#6651,#6652,#6653,#6654,#6655));
#6657=IFCPROPERTYSINGLEVALUE('objectBegintijd',$,IFCLABEL('1698012000000'),$);
#6658=IFCPROPERTYSINGLEVALUE('identificatie',$,IFCIDENTIFIER('NL.IMGeo.G0772.ff31c7cf10564da1afb1c4ee2f00ea03'),$);
#6659=IFCPROPERTYSINGLEVALUE('tijdstipRegistratie',$,IFCLABEL('1698744374000'),$);
#6660=IFCPROPERTYSINGLEVALUE('LV-publicatiedatum',$,IFCLABEL('1698745027000'),$);
#6661=IFCPROPERTYSINGLEVALUE('bronhouder',$,IFCLABEL('G0772'),$);
#6662=IFCPROPERTYSINGLEVALUE('inOnderzoek',$,IFCBOOLEAN(.T.),$);
#6663=IFCPROPERTYSINGLEVALUE('relatieveHoogteligging',$,IFCREAL(0.),$);
#6664=IFCPROPERTYSINGLEVALUE('bgt-status',$,IFCLABEL('bestaand'),$);
#6665=IFCPROPERTYSINGLEVALUE('plus-type',$,IFCLABEL('niet-bgt:boom'),$);
#6666=IFCPROPERTYSET('2lXFpOajT2lxIa1vG1EFJj',#5,'CPset_BGT',$,(#6657,#6658,#6659,#6660,#6661,#6662,#6663,#6664,#6665));
#6667=IFCPROPERTYSINGLEVALUE('objectBegintijd',$,IFCLABEL('1739487600000'),$);
#6668=IFCPROPERTYSINGLEVALUE('identificatie',$,IFCIDENTIFIER('NL.IMGeo.G0772.15d7a5325bb54a2bbfe2d8651b330dd5'),$);
#6669=IFCPROPERTYSINGLEVALUE('tijdstipRegistratie',$,IFCLABEL('1740476235000'),$);
#6670=IFCPROPERTYSINGLEVALUE('LV-publicatiedatum',$,IFCLABEL('1740476700000'),$);
#6671=IFCPROPERTYSINGLEVALUE('bronhouder',$,IFCLABEL('G0772'),$);
#6672=IFCPROPERTYSINGLEVALUE('inOnderzoek',$,IFCBOOLEAN(.T.),$);
#6673=IFCPROPERTYSINGLEVALUE('relatieveHoogteligging',$,IFCREAL(0.),$);
#6674=IFCPROPERTYSINGLEVALUE('bgt-status',$,IFCLABEL('bestaand'),$);
#6675=IFCPROPERTYSINGLEVALUE('plus-type',$,IFCLABEL('niet-bgt:boom'),$);
#6676=IFCPROPERTYSET('0pRwNksq5EtRglEZS4l6FT',#5,'CPset_BGT',$,(#6667,#6668,#6669,#6670,#6671,#6672,#6673,#6674,#6675));
#6677=IFCPROPERTYSINGLEVALUE('objectBegintijd',$,IFCLABEL('1739487600000'),$);
#6678=IFCPROPERTYSINGLEVALUE('identificatie',$,IFCIDENTIFIER('NL.IMGeo.G0772.21da3fe708554009958e2305dbb309e1'),$);
#6679=IFCPROPERTYSINGLEVALUE('tijdstipRegistratie',$,IFCLABEL('1740476235000'),$);
#6680=IFCPROPERTYSINGLEVALUE('LV-publicatiedatum',$,IFCLABEL('1740476700000'),$);
#6681=IFCPROPERTYSINGLEVALUE('bronhouder',$,IFCLABEL('G0772'),$);
#6682=IFCPROPERTYSINGLEVALUE('inOnderzoek',$,IFCBOOLEAN(.T.),$);
#6683=IFCPROPERTYSINGLEVALUE('relatieveHoogteligging',$,IFCREAL(0.),$);
#6684=IFCPROPERTYSINGLEVALUE('bgt-status',$,IFCLABEL('bestaand'),$);
#6685=IFCPROPERTYSINGLEVALUE('plus-type',$,IFCLABEL('niet-bgt:boom'),$);
#6686=IFCPROPERTYSET('3p4WpkncL8kRShUCWTCs9m',#5,'CPset_BGT',$,(#6677,#6678,#6679,#6680,#6681,#6682,#6683,#6684,#6685));
#6687=IFCPROPERTYSINGLEVALUE('objectBegintijd',$,IFCLABEL('1739487600000'),$);
#6688=IFCPROPERTYSINGLEVALUE('identificatie',$,IFCIDENTIFIER('NL.IMGeo.G0772.504d5e2a05814d4cba6feea0052cddcf'),$);
#6689=IFCPROPERTYSINGLEVALUE('tijdstipRegistratie',$,IFCLABEL('1740476235000'),$);
#6690=IFCPROPERTYSINGLEVALUE('LV-publicatiedatum',$,IFCLABEL('1740476700000'),$);
#6691=IFCPROPERTYSINGLEVALUE('bronhouder',$,IFCLABEL('G0772'),$);
#6692=IFCPROPERTYSINGLEVALUE('inOnderzoek',$,IFCBOOLEAN(.T.),$);
#6693=IFCPROPERTYSINGLEVALUE('relatieveHoogteligging',$,IFCREAL(0.),$);
#6694=IFCPROPERTYSINGLEVALUE('bgt-status',$,IFCLABEL('bestaand'),$);
#6695=IFCPROPERTYSINGLEVALUE('plus-type',$,IFCLABEL('niet-bgt:boom'),$);
#6696=IFCPROPERTYSET('3kKadykSnF_QMoyGCt3JKw',#5,'CPset_BGT',$,(#6687,#6688,#6689,#6690,#6691,#6692,#6693,#6694,#6695));
#6697=IFCPROPERTYSINGLEVALUE('objectBegintijd',$,IFCLABEL('1739487600000'),$);
#6698=IFCPROPERTYSINGLEVALUE('identificatie',$,IFCIDENTIFIER('NL.IMGeo.G0772.53fd01b556624fcd9df5e9ef493f7756'),$);
#6699=IFCPROPERTYSINGLEVALUE('tijdstipRegistratie',$,IFCLABEL('1740476235000'),$);
#6700=IFCPROPERTYSINGLEVALUE('LV-publicatiedatum',$,IFCLABEL('1740476700000'),$);
#6701=IFCPROPERTYSINGLEVALUE('bronhouder',$,IFCLABEL('G0772'),$);
#6702=IFCPROPERTYSINGLEVALUE('inOnderzoek',$,IFCBOOLEAN(.T.),$);
#6703=IFCPROPERTYSINGLEVALUE('relatieveHoogteligging',$,IFCREAL(0.),$);
#6704=IFCPROPERTYSINGLEVALUE('bgt-status',$,IFCLABEL('bestaand'),$);
#6705=IFCPROPERTYSINGLEVALUE('plus-type',$,IFCLABEL('niet-bgt:boom'),$);
#6706=IFCPROPERTYSET('2liq26eo51ch2SZPSXhiut',#5,'CPset_BGT',$,(#6697,#6698,#6699,#6700,#6701,#6702,#6703,#6704,#6705));
#6707=IFCPROPERTYSINGLEVALUE('objectBegintijd',$,IFCLABEL('1739487600000'),$);
#6708=IFCPROPERTYSINGLEVALUE('identificatie',$,IFCIDENTIFIER('NL.IMGeo.G0772.733d2e9d132a41aa8bcf69ca9ea80e13'),$);
#6709=IFCPROPERTYSINGLEVALUE('tijdstipRegistratie',$,IFCLABEL('1740476235000'),$);
#6710=IFCPROPERTYSINGLEVALUE('LV-publicatiedatum',$,IFCLABEL('1740476700000'),$);
#6711=IFCPROPERTYSINGLEVALUE('bronhouder',$,IFCLABEL('G0772'),$);
#6712=IFCPROPERTYSINGLEVALUE('inOnderzoek',$,IFCBOOLEAN(.T.),$);
#6713=IFCPROPERTYSINGLEVALUE('relatieveHoogteligging',$,IFCREAL(0.),$);
#6714=IFCPROPERTYSINGLEVALUE('bgt-status',$,IFCLABEL('bestaand'),$);
#6715=IFCPROPERTYSINGLEVALUE('plus-type',$,IFCLABEL('niet-bgt:boom'),$);
#6716=IFCPROPERTYSET('3vAFoisWH6IeijeCHdFt4e',#5,'CPset_BGT',$,(#6707,#6708,#6709,#6710,#6711,#6712,#6713,#6714,#6715));
#6717=IFCPROPERTYSINGLEVALUE('objectBegintijd',$,IFCLABEL('1739487600000'),$);
#6718=IFCPROPERTYSINGLEVALUE('identificatie',$,IFCIDENTIFIER('NL.IMGeo.G0772.83b3d54f044a481393ebcf0c934b4664'),$);
#6719=IFCPROPERTYSINGLEVALUE('tijdstipRegistratie',$,IFCLABEL('1740476235000'),$);
#6720=IFCPROPERTYSINGLEVALUE('LV-publicatiedatum',$,IFCLABEL('1740476700000'),$);
#6721=IFCPROPERTYSINGLEVALUE('bronhouder',$,IFCLABEL('G0772'),$);
#6722=IFCPROPERTYSINGLEVALUE('inOnderzoek',$,IFCBOOLEAN(.T.),$);
#6723=IFCPROPERTYSINGLEVALUE('relatieveHoogteligging',$,IFCREAL(0.),$);
#6724=IFCPROPERTYSINGLEVALUE('bgt-status',$,IFCLABEL('bestaand'),$);
#6725=IFCPROPERTYSINGLEVALUE('plus-type',$,IFCLABEL('niet-bgt:boom'),$);
#6726=IFCPROPERTYSET('02k7pxEb55HAN7yLQonVQV',#5,'CPset_BGT',$,(#6717,#6718,#6719,#6720,#6721,#6722,#6723,#6724,#6725));
#6727=IFCPROPERTYSINGLEVALUE('objectBegintijd',$,IFCLABEL('1739487600000'),$);
#6728=IFCPROPERTYSINGLEVALUE('identificatie',$,IFCIDENTIFIER('NL.IMGeo.G0772.cf900c9353d84ac0b160127240666486'),$);
#6729=IFCPROPERTYSINGLEVALUE('tijdstipRegistratie',$,IFCLABEL('1740476235000'),$);
#6730=IFCPROPERTYSINGLEVALUE('LV-publicatiedatum',$,IFCLABEL('1740476700000'),$);
#6731=IFCPROPERTYSINGLEVALUE('bronhouder',$,IFCLABEL('G0772'),$);
#6732=IFCPROPERTYSINGLEVALUE('inOnderzoek',$,IFCBOOLEAN(.T.),$);
#6733=IFCPROPERTYSINGLEVALUE('relatieveHoogteligging',$,IFCREAL(0.),$);
#6734=IFCPROPERTYSINGLEVALUE('bgt-status',$,IFCLABEL('bestaand'),$);
#6735=IFCPROPERTYSINGLEVALUE('plus-type',$,IFCLABEL('niet-bgt:boom'),$);
#6736=IFCPROPERTYSET('0z7AyzTA5AEgYYqX6DVKhs',#5,'CPset_BGT',$,(#6727,#6728,#6729,#6730,#6731,#6732,#6733,#6734,#6735));
#6737=IFCPROPERTYSINGLEVALUE('objectBegintijd',$,IFCLABEL('1739487600000'),$);
#6738=IFCPROPERTYSINGLEVALUE('identificatie',$,IFCIDENTIFIER('NL.IMGeo.G0772.dbb6917f80d44cde9d195fee071000cc'),$);
#6739=IFCPROPERTYSINGLEVALUE('tijdstipRegistratie',$,IFCLABEL('1740476235000'),$);
#6740=IFCPROPERTYSINGLEVALUE('LV-publicatiedatum',$,IFCLABEL('1740476700000'),$);
#6741=IFCPROPERTYSINGLEVALUE('bronhouder',$,IFCLABEL('G0772'),$);
#6742=IFCPROPERTYSINGLEVALUE('inOnderzoek',$,IFCBOOLEAN(.T.),$);
#6743=IFCPROPERTYSINGLEVALUE('relatieveHoogteligging',$,IFCREAL(0.),$);
#6744=IFCPROPERTYSINGLEVALUE('bgt-status',$,IFCLABEL('bestaand'),$);
#6745=IFCPROPERTYSINGLEVALUE('plus-type',$,IFCLABEL('niet-bgt:boom'),$);
#6746=IFCPROPERTYSET('3fsLlgxfzCX9CP88ju6ERt',#5,'CPset_BGT',$,(#6737,#6738,#6739,#6740,#6741,#6742,#6743,#6744,#6745));
#6747=IFCPROPERTYSINGLEVALUE('objectBegintijd',$,IFCLABEL('1739487600000'),$);
#6748=IFCPROPERTYSINGLEVALUE('identificatie',$,IFCIDENTIFIER('NL.IMGeo.G0772.e4173a3ec05b4ffc8d01cebde2c08927'),$);
#6749=IFCPROPERTYSINGLEVALUE('tijdstipRegistratie',$,IFCLABEL('1740476235000'),$);
#6750=IFCPROPERTYSINGLEVALUE('LV-publicatiedatum',$,IFCLABEL('1740476700000'),$);
#6751=IFCPROPERTYSINGLEVALUE('bronhouder',$,IFCLABEL('G0772'),$);
#6752=IFCPROPERTYSINGLEVALUE('inOnderzoek',$,IFCBOOLEAN(.T.),$);
#6753=IFCPROPERTYSINGLEVALUE('relatieveHoogteligging',$,IFCREAL(0.),$);
#6754=IFCPROPERTYSINGLEVALUE('bgt-status',$,IFCLABEL('bestaand'),$);
#6755=IFCPROPERTYSINGLEVALUE('plus-type',$,IFCLABEL('niet-bgt:boom'),$);
#6756=IFCPROPERTYSET('2RefaV86D9vgxnKDUHunrA',#5,'CPset_BGT',$,(#6747,#6748,#6749,#6750,#6751,#6752,#6753,#6754,#6755));
#6757=IFCPROPERTYSINGLEVALUE('objectBegintijd',$,IFCLABEL('1739487600000'),$);
#6758=IFCPROPERTYSINGLEVALUE('identificatie',$,IFCIDENTIFIER('NL.IMGeo.G0772.f9b036c8300b45368862e889cc6f127a'),$);
#6759=IFCPROPERTYSINGLEVALUE('tijdstipRegistratie',$,IFCLABEL('1740476235000'),$);
#6760=IFCPROPERTYSINGLEVALUE('LV-publicatiedatum',$,IFCLABEL('1740476700000'),$);
#6761=IFCPROPERTYSINGLEVALUE('bronhouder',$,IFCLABEL('G0772'),$);
#6762=IFCPROPERTYSINGLEVALUE('inOnderzoek',$,IFCBOOLEAN(.T.),$);
#6763=IFCPROPERTYSINGLEVALUE('relatieveHoogteligging',$,IFCREAL(0.),$);
#6764=IFCPROPERTYSINGLEVALUE('bgt-status',$,IFCLABEL('bestaand'),$);
#6765=IFCPROPERTYSINGLEVALUE('plus-type',$,IFCLABEL('niet-bgt:boom'),$);
#6766=IFCPROPERTYSET('3a1RICVZz8yA6lA6WOFgPE',#5,'CPset_BGT',$,(#6757,#6758,#6759,#6760,#6761,#6762,#6763,#6764,#6765));
#6767=IFCPROPERTYSINGLEVALUE('objectBegintijd',$,IFCLABEL('1745445600000'),$);
#6768=IFCPROPERTYSINGLEVALUE('identificatie',$,IFCIDENTIFIER('NL.IMGeo.G0772.c1612ff4c1ba43d3bee249427f51f2d0'),$);
#6769=IFCPROPERTYSINGLEVALUE('tijdstipRegistratie',$,IFCLABEL('1746195166000'),$);
#6770=IFCPROPERTYSINGLEVALUE('LV-publicatiedatum',$,IFCLABEL('1746199705000'),$);
#6771=IFCPROPERTYSINGLEVALUE('bronhouder',$,IFCLABEL('G0772'),$);
#6772=IFCPROPERTYSINGLEVALUE('inOnderzoek',$,IFCBOOLEAN(.T.),$);
#6773=IFCPROPERTYSINGLEVALUE('relatieveHoogteligging',$,IFCREAL(0.),$);
#6774=IFCPROPERTYSINGLEVALUE('bgt-status',$,IFCLABEL('bestaand'),$);
#6775=IFCPROPERTYSINGLEVALUE('plus-type',$,IFCLABEL('niet-bgt:boom'),$);
#6776=IFCPROPERTYSET('2m6T8DELX3nA1TU2uinDLK',#5,'CPset_BGT',$,(#6767,#6768,#6769,#6770,#6771,#6772,#6773,#6774,#6775));
#6777=IFCPROPERTYSINGLEVALUE('objectBegintijd',$,IFCLABEL('1745445600000'),$);
#6778=IFCPROPERTYSINGLEVALUE('identificatie',$,IFCIDENTIFIER('NL.IMGeo.G0772.c9f331a2a291482d9bba7e8ba844c17e'),$);
#6779=IFCPROPERTYSINGLEVALUE('tijdstipRegistratie',$,IFCLABEL('1746195166000'),$);
#6780=IFCPROPERTYSINGLEVALUE('LV-publicatiedatum',$,IFCLABEL('1746199705000'),$);
#6781=IFCPROPERTYSINGLEVALUE('bronhouder',$,IFCLABEL('G0772'),$);
#6782=IFCPROPERTYSINGLEVALUE('inOnderzoek',$,IFCBOOLEAN(.T.),$);
#6783=IFCPROPERTYSINGLEVALUE('relatieveHoogteligging',$,IFCREAL(0.),$);
#6784=IFCPROPERTYSINGLEVALUE('bgt-status',$,IFCLABEL('bestaand'),$);
#6785=IFCPROPERTYSINGLEVALUE('plus-type',$,IFCLABEL('niet-bgt:boom'),$);
#6786=IFCPROPERTYSET('2yTkLNvOH9$wXzytfmGDJz',#5,'CPset_BGT',$,(#6777,#6778,#6779,#6780,#6781,#6782,#6783,#6784,#6785));
#6787=IFCPROPERTYSINGLEVALUE('objectBegintijd',$,IFCLABEL('1745445600000'),$);
#6788=IFCPROPERTYSINGLEVALUE('identificatie',$,IFCIDENTIFIER('NL.IMGeo.G0772.e2048971971c451da89fc3f27bfced80'),$);
#6789=IFCPROPERTYSINGLEVALUE('tijdstipRegistratie',$,IFCLABEL('1746195166000'),$);
#6790=IFCPROPERTYSINGLEVALUE('LV-publicatiedatum',$,IFCLABEL('1746199705000'),$);
#6791=IFCPROPERTYSINGLEVALUE('bronhouder',$,IFCLABEL('G0772'),$);
#6792=IFCPROPERTYSINGLEVALUE('inOnderzoek',$,IFCBOOLEAN(.T.),$);
#6793=IFCPROPERTYSINGLEVALUE('relatieveHoogteligging',$,IFCREAL(0.),$);
#6794=IFCPROPERTYSINGLEVALUE('bgt-status',$,IFCLABEL('bestaand'),$);
#6795=IFCPROPERTYSINGLEVALUE('plus-type',$,IFCLABEL('niet-bgt:boom'),$);
#6796=IFCPROPERTYSET('3kvCySwXn3OBVOTbAxXTM0',#5,'CPset_BGT',$,(#6787,#6788,#6789,#6790,#6791,#6792,#6793,#6794,#6795));
#6797=IFCPROPERTYSINGLEVALUE('objectBegintijd',$,IFCLABEL('1757368800000'),$);
#6798=IFCPROPERTYSINGLEVALUE('identificatie',$,IFCIDENTIFIER('NL.IMGeo.G0772.1e4f8eb521f44ecfa1cfbd84a85cd4e4'),$);
#6799=IFCPROPERTYSINGLEVALUE('tijdstipRegistratie',$,IFCLABEL('1758113024000'),$);
#6800=IFCPROPERTYSINGLEVALUE('LV-publicatiedatum',$,IFCLABEL('1758116926000'),$);
#6801=IFCPROPERTYSINGLEVALUE('bronhouder',$,IFCLABEL('G0772'),$);
#6802=IFCPROPERTYSINGLEVALUE('inOnderzoek',$,IFCBOOLEAN(.T.),$);
#6803=IFCPROPERTYSINGLEVALUE('relatieveHoogteligging',$,IFCREAL(0.),$);
#6804=IFCPROPERTYSINGLEVALUE('bgt-status',$,IFCLABEL('bestaand'),$);
#6805=IFCPROPERTYSINGLEVALUE('plus-type',$,IFCLABEL('niet-bgt:boom'),$);
#6806=IFCPROPERTYSET('0HKF5kukT7sw$g4wR6OQtx',#5,'CPset_BGT',$,(#6797,#6798,#6799,#6800,#6801,#6802,#6803,#6804,#6805));
#6807=IFCPROPERTYSINGLEVALUE('objectBegintijd',$,IFCLABEL('1757368800000'),$);
#6808=IFCPROPERTYSINGLEVALUE('identificatie',$,IFCIDENTIFIER('NL.IMGeo.G0772.38b34a54ff7846d6a82e4f6e0880920b'),$);
#6809=IFCPROPERTYSINGLEVALUE('tijdstipRegistratie',$,IFCLABEL('1758113024000'),$);
#6810=IFCPROPERTYSINGLEVALUE('LV-publicatiedatum',$,IFCLABEL('1758116926000'),$);
#6811=IFCPROPERTYSINGLEVALUE('bronhouder',$,IFCLABEL('G0772'),$);
#6812=IFCPROPERTYSINGLEVALUE('inOnderzoek',$,IFCBOOLEAN(.T.),$);
#6813=IFCPROPERTYSINGLEVALUE('relatieveHoogteligging',$,IFCREAL(0.),$);
#6814=IFCPROPERTYSINGLEVALUE('bgt-status',$,IFCLABEL('bestaand'),$);
#6815=IFCPROPERTYSINGLEVALUE('plus-type',$,IFCLABEL('niet-bgt:boom'),$);
#6816=IFCPROPERTYSET('3AdTOrft9ElBHYcnQdVqGW',#5,'CPset_BGT',$,(#6807,#6808,#6809,#6810,#6811,#6812,#6813,#6814,#6815));
#6817=IFCPROPERTYSINGLEVALUE('objectBegintijd',$,IFCLABEL('1757368800000'),$);
#6818=IFCPROPERTYSINGLEVALUE('identificatie',$,IFCIDENTIFIER('NL.IMGeo.G0772.54676c60572c4e55aca7905265575adf'),$);
#6819=IFCPROPERTYSINGLEVALUE('tijdstipRegistratie',$,IFCLABEL('1758113024000'),$);
#6820=IFCPROPERTYSINGLEVALUE('LV-publicatiedatum',$,IFCLABEL('1758116926000'),$);
#6821=IFCPROPERTYSINGLEVALUE('bronhouder',$,IFCLABEL('G0772'),$);
#6822=IFCPROPERTYSINGLEVALUE('inOnderzoek',$,IFCBOOLEAN(.T.),$);
#6823=IFCPROPERTYSINGLEVALUE('relatieveHoogteligging',$,IFCREAL(0.),$);
#6824=IFCPROPERTYSINGLEVALUE('bgt-status',$,IFCLABEL('bestaand'),$);
#6825=IFCPROPERTYSINGLEVALUE('plus-type',$,IFCLABEL('niet-bgt:boom'),$);
#6826=IFCPROPERTYSET('3t_hZbMyvCoe0Tbh4h4bz2',#5,'CPset_BGT',$,(#6817,#6818,#6819,#6820,#6821,#6822,#6823,#6824,#6825));
#6827=IFCPROPERTYSINGLEVALUE('objectBegintijd',$,IFCLABEL('1317679200000'),$);
#6828=IFCPROPERTYSINGLEVALUE('identificatie',$,IFCIDENTIFIER('NL.IMGeo.G0772.c755b7fab451486b88f72de7dc4a1f65'),$);
#6829=IFCPROPERTYSINGLEVALUE('tijdstipRegistratie',$,IFCLABEL('1765973879000'),$);
#6830=IFCPROPERTYSINGLEVALUE('LV-publicatiedatum',$,IFCLABEL('1765974140000'),$);
#6831=IFCPROPERTYSINGLEVALUE('bronhouder',$,IFCLABEL('G0772'),$);
#6832=IFCPROPERTYSINGLEVALUE('inOnderzoek',$,IFCBOOLEAN(.T.),$);
#6833=IFCPROPERTYSINGLEVALUE('relatieveHoogteligging',$,IFCREAL(0.),$);
#6834=IFCPROPERTYSINGLEVALUE('bgt-status',$,IFCLABEL('bestaand'),$);
#6835=IFCPROPERTYSINGLEVALUE('plus-type',$,IFCLABEL('niet-bgt:boom'),$);
#6836=IFCPROPERTYSET('0dUd4cO9L9YfJY4Xycp_yz',#5,'CPset_BGT',$,(#6827,#6828,#6829,#6830,#6831,#6832,#6833,#6834,#6835));
#6837=IFCCARTESIANPOINT((92.0788219209935,-238.639320613642,0.));
#6838=IFCAXIS2PLACEMENT3D(#6837,$,$);
#6839=IFCLOCALPLACEMENT(#27,#6838);
#6840=IFCPRODUCTDEFINITIONSHAPE($,$,(#1051));
#6841=IFCBUILDINGELEMENTPROXY('3HyZHdhgPBVe6AlwtU7QK6',#5,'NL.IMGeo.G0772.14c0ac6ab1df4b16889b4e7779156aa0',$,$,#6839,#6840,$,$);
#6842=IFCRELDEFINESBYPROPERTIES('2ZXVvUkEz8qPU4WQbVjft3',#5,$,$,(#6841),#1586);
#6843=IFCCARTESIANPOINT((114.387838774303,-229.46702357108,0.));
#6844=IFCAXIS2PLACEMENT3D(#6843,$,$);
#6845=IFCLOCALPLACEMENT(#27,#6844);
#6846=IFCPRODUCTDEFINITIONSHAPE($,$,(#1052));
#6847=IFCBUILDINGELEMENTPROXY('2pIysLrFH4QuARf2KvXh5_',#5,'NL.IMGeo.G0772.1f12aadb4ea2464f998a4ac9cb91b69f',$,$,#6845,#6846,$,$);
#6848=IFCRELDEFINESBYPROPERTIES('0_QWYEmovBghnpr2L2J9Ax',#5,$,$,(#6847),#1596);
#6849=IFCCARTESIANPOINT((132.698315904738,-222.102599611448,0.));
#6850=IFCAXIS2PLACEMENT3D(#6849,$,$);
#6851=IFCLOCALPLACEMENT(#27,#6850);
#6852=IFCPRODUCTDEFINITIONSHAPE($,$,(#1053));
#6853=IFCBUILDINGELEMENTPROXY('0_YwgOt4z0rO7JHdem73J7',#5,'NL.IMGeo.G0772.2520ac002bd14438bf77e3443e8d1be9',$,$,#6851,#6852,$,$);
#6854=IFCRELDEFINESBYPROPERTIES('0NPWUsDr97Nu62SpRx5uxL',#5,$,$,(#6853),#1606);
#6855=IFCCARTESIANPOINT((37.0375942556711,-273.634735600499,0.));
#6856=IFCAXIS2PLACEMENT3D(#6855,$,$);
#6857=IFCLOCALPLACEMENT(#27,#6856);
#6858=IFCPRODUCTDEFINITIONSHAPE($,$,(#1054));
#6859=IFCBUILDINGELEMENTPROXY('2ZPPVKzAP56xHCrMsZqTa4',#5,'NL.IMGeo.G0772.2f74fc7ae86f4220bd8c13e50ac20ccd',$,$,#6857,#6858,$,$);
#6860=IFCRELDEFINESBYPROPERTIES('2Lrft$v1f87g6u7EC9T050',#5,$,$,(#6859),#1616);
#6861=IFCCARTESIANPOINT((-27.8674596955825,-300.16068590543,0.));
#6862=IFCAXIS2PLACEMENT3D(#6861,$,$);
#6863=IFCLOCALPLACEMENT(#27,#6862);
#6864=IFCPRODUCTDEFINITIONSHAPE($,$,(#1055));
#6865=IFCBUILDINGELEMENTPROXY('1Itf$LrmzB6Qjm1mLPiomD',#5,'NL.IMGeo.G0772.65e095b27e2e45dfa3b222921c22f65e',$,$,#6863,#6864,$,$);
#6866=IFCRELDEFINESBYPROPERTIES('3ZbGdPFLTCTfcHtk65zdCx',#5,$,$,(#6865),#1626);
#6867=IFCCARTESIANPOINT((128.960124281381,-235.981716203911,0.));
#6868=IFCAXIS2PLACEMENT3D(#6867,$,$);
#6869=IFCLOCALPLACEMENT(#27,#6868);
#6870=IFCPRODUCTDEFINITIONSHAPE($,$,(#1056));
#6871=IFCBUILDINGELEMENTPROXY('3zjeVMpmPAmPnqDcTNGuPz',#5,'NL.IMGeo.G0772.7975d6be8e09469d83540198f10d3369',$,$,#6869,#6870,$,$);
#6872=IFCRELDEFINESBYPROPERTIES('3jYgU4TfH5WwdxGWE$FPHj',#5,$,$,(#6871),#1636);
#6873=IFCCARTESIANPOINT((4.68431276033516,-286.90330848837,0.));
#6874=IFCAXIS2PLACEMENT3D(#6873,$,$);
#6875=IFCLOCALPLACEMENT(#27,#6874);
#6876=IFCPRODUCTDEFINITIONSHAPE($,$,(#1057));
#6877=IFCBUILDINGELEMENTPROXY('14msbk6CnCzuQpiHslGf$$',#5,'NL.IMGeo.G0772.86d260d0e19d47feb07f19e211f5475b',$,$,#6875,#6876,$,$);
#6878=IFCRELDEFINESBYPROPERTIES('3dlS889GP5q9UT5poR$IQ4',#5,$,$,(#6877),#1646);
#6879=IFCCARTESIANPOINT((26.1555557702086,-277.983661375882,0.));
#6880=IFCAXIS2PLACEMENT3D(#6879,$,$);
#6881=IFCLOCALPLACEMENT(#27,#6880);
#6882=IFCPRODUCTDEFINITIONSHAPE($,$,(#1058));
#6883=IFCBUILDINGELEMENTPROXY('2SGD6eMib10Ajc2b_Lm11K',#5,'NL.IMGeo.G0772.df5eaf938eaf414581b17566ea37b9e9',$,$,#6881,#6882,$,$);
#6884=IFCRELDEFINESBYPROPERTIES('2RJwCkrwvCJhEV$hnnW63R',#5,$,$,(#6883),#1656);
#6885=IFCCARTESIANPOINT((15.4505200292624,-282.394804740674,0.));
#6886=IFCAXIS2PLACEMENT3D(#6885,$,$);
#6887=IFCLOCALPLACEMENT(#27,#6886);
#6888=IFCPRODUCTDEFINITIONSHAPE($,$,(#1059));
#6889=IFCBUILDINGELEMENTPROXY('2YILlBhbzDPeQn1xb7kiXl',#5,'NL.IMGeo.G0772.ed1e260e2e7645d58c40648356917a46',$,$,#6887,#6888,$,$);
#6890=IFCRELDEFINESBYPROPERTIES('0$eHsB9Cn6deGgiSG6nXQ$',#5,$,$,(#6889),#1666);
#6891=IFCCARTESIANPOINT((40.8369116728427,-259.46863531979,0.));
#6892=IFCAXIS2PLACEMENT3D(#6891,$,$);
#6893=IFCLOCALPLACEMENT(#27,#6892);
#6894=IFCPRODUCTDEFINITIONSHAPE($,$,(#1060));
#6895=IFCBUILDINGELEMENTPROXY('2m6YcPhjXALQMIu$SDzOs5',#5,'NL.IMGeo.G0772.f8db2ea8e0204ad0874124c50519d68e',$,$,#6893,#6894,$,$);
#6896=IFCRELDEFINESBYPROPERTIES('2pdbtJ_enD$BcTzCt0nZCd',#5,$,$,(#6895),#1676);
#6897=IFCCARTESIANPOINT((96.4439145814395,-249.14129643084,0.));
#6898=IFCAXIS2PLACEMENT3D(#6897,$,$);
#6899=IFCLOCALPLACEMENT(#27,#6898);
#6900=IFCPRODUCTDEFINITIONSHAPE($,$,(#1061));
#6901=IFCBUILDINGELEMENTPROXY('2boUAnTOjCvw8UTXXeTUbr',#5,'NL.IMGeo.G0772.20e090a965594f77bab8360060d9a5fe',$,$,#6899,#6900,$,$);
#6902=IFCRELDEFINESBYPROPERTIES('3mHENyt6jFj8KKGtLR0jjZ',#5,$,$,(#6901),#1686);
#6903=IFCCARTESIANPOINT((18.6355138137005,-268.576853098231,0.));
#6904=IFCAXIS2PLACEMENT3D(#6903,$,$);
#6905=IFCLOCALPLACEMENT(#27,#6904);
#6906=IFCPRODUCTDEFINITIONSHAPE($,$,(#1062));
#6907=IFCBUILDINGELEMENTPROXY('2mCjsHFmPADAGUGwUQxMu6',#5,'NL.IMGeo.G0772.2848243422744768ac19fbc4a81e78fa',$,$,#6905,#6906,$,$);
#6908=IFCRELDEFINESBYPROPERTIES('24unCa1XH15uV7vvqaAgqS',#5,$,$,(#6907),#1696);
#6909=IFCCARTESIANPOINT((107.412773634103,-244.66561423894,0.));
#6910=IFCAXIS2PLACEMENT3D(#6909,$,$);
#6911=IFCLOCALPLACEMENT(#27,#6910);
#6912=IFCPRODUCTDEFINITIONSHAPE($,$,(#1063));
#6913=IFCBUILDINGELEMENTPROXY('3Pr0YRmSLAP8w7Jj1g7s1E',#5,'NL.IMGeo.G0772.2de6086ca5724ddb9fc750b1eab337dd',$,$,#6911,#6912,$,$);
#6914=IFCRELDEFINESBYPROPERTIES('1s0rGJUWv19hSURJzeief$',#5,$,$,(#6913),#1706);
#6915=IFCCARTESIANPOINT((47.7751983484195,-269.283033824351,0.));
#6916=IFCAXIS2PLACEMENT3D(#6915,$,$);
#6917=IFCLOCALPLACEMENT(#27,#6916);
#6918=IFCPRODUCTDEFINITIONSHAPE($,$,(#1064));
#6919=IFCBUILDINGELEMENTPROXY('02mV44IGPE4gqc3pqgPCOz',#5,'NL.IMGeo.G0772.3067d0ba2a54420d9f84a8d690b62acc',$,$,#6917,#6918,$,$);
#6920=IFCRELDEFINESBYPROPERTIES('2LUc0SEbj4BwGHKYhqbUXz',#5,$,$,(#6919),#1716);
#6921=IFCCARTESIANPOINT((103.4523987094,-233.943119591917,0.));
#6922=IFCAXIS2PLACEMENT3D(#6921,$,$);
#6923=IFCLOCALPLACEMENT(#27,#6922);
#6924=IFCPRODUCTDEFINITIONSHAPE($,$,(#1065));
#6925=IFCBUILDINGELEMENTPROXY('3hlzRjNPHDYPwb1TRpoKwc',#5,'NL.IMGeo.G0772.348f114128f34415888c74170101589d',$,$,#6923,#6924,$,$);
#6926=IFCRELDEFINESBYPROPERTIES('1zOCaYP9H9HgZhao_5dQOy',#5,$,$,(#6925),#1726);
#6927=IFCCARTESIANPOINT((72.242255400226,-259.229892015865,0.));
#6928=IFCAXIS2PLACEMENT3D(#6927,$,$);
#6929=IFCLOCALPLACEMENT(#27,#6928);
#6930=IFCPRODUCTDEFINITIONSHAPE($,$,(#1066));
#6931=IFCBUILDINGELEMENTPROXY('2PQpHmFMjEAxezvAXvsl7A',#5,'NL.IMGeo.G0772.57b6965ba0f646f3a18ac27ca3e63f6c',$,$,#6929,#6930,$,$);
#6932=IFCRELDEFINESBYPROPERTIES('3XTtResaz5pOR7AbakrwsG',#5,$,$,(#6931),#1736);
#6933=IFCCARTESIANPOINT((-6.28881653954159,-291.537769661809,0.));
#6934=IFCAXIS2PLACEMENT3D(#6933,$,$);
#6935=IFCLOCALPLACEMENT(#27,#6934);
#6936=IFCPRODUCTDEFINITIONSHAPE($,$,(#1067));
#6937=IFCBUILDINGELEMENTPROXY('3ZZBqfpJvEEQkOWsLKgOST',#5,'NL.IMGeo.G0772.5b105009307043e493c1d7820d1e974d',$,$,#6935,#6936,$,$);
#6938=IFCRELDEFINESBYPROPERTIES('1YoVcmZkn2eQSfsqdGmvxH',#5,$,$,(#6937),#1746);
#6939=IFCCARTESIANPOINT((32.9356217843306,-228.622824289778,0.));
#6940=IFCAXIS2PLACEMENT3D(#6939,$,$);
#6941=IFCLOCALPLACEMENT(#27,#6940);
#6942=IFCPRODUCTDEFINITIONSHAPE($,$,(#1068));
#6943=IFCBUILDINGELEMENTPROXY('0UPnQKi8H1UOL64TLz3_Hc',#5,'NL.IMGeo.G0772.6083794a5029468493eeda5877caac02',$,$,#6941,#6942,$,$);
#6944=IFCRELDEFINESBYPROPERTIES('3nqs6PS3bEz93K32RKu2Fe',#5,$,$,(#6943),#1756);
#6945=IFCCARTESIANPOINT((143.839252688485,-217.538321401342,0.));
#6946=IFCAXIS2PLACEMENT3D(#6945,$,$);
#6947=IFCLOCALPLACEMENT(#27,#6946);
#6948=IFCPRODUCTDEFINITIONSHAPE($,$,(#1069));
#6949=IFCBUILDINGELEMENTPROXY('0$KDCyenj1O9GQ72uW1qKv',#5,'NL.IMGeo.G0772.6b0e17e7f1254bf1b6ce9bcefdd97ef9',$,$,#6947,#6948,$,$);
#6950=IFCRELDEFINESBYPROPERTIES('0sa21G33n8OPcrKg_8peIE',#5,$,$,(#6949),#1766);
#6951=IFCCARTESIANPOINT((7.7843310298631,-273.012369437085,0.));
#6952=IFCAXIS2PLACEMENT3D(#6951,$,$);
#6953=IFCLOCALPLACEMENT(#27,#6952);
#6954=IFCPRODUCTDEFINITIONSHAPE($,$,(#1070));
#6955=IFCBUILDINGELEMENTPROXY('09szxQcCP0sAIMIGc9l8PL',#5,'NL.IMGeo.G0772.8e7865f094ec4fb892533145cb43a8d2',$,$,#6953,#6954,$,$);
#6956=IFCRELDEFINESBYPROPERTIES('0eeg$DK8LDuAEQtZqklfwM',#5,$,$,(#6955),#1776);
#6957=IFCCARTESIANPOINT((58.5179347023659,-264.804431851662,0.));
#6958=IFCAXIS2PLACEMENT3D(#6957,$,$);
#6959=IFCLOCALPLACEMENT(#27,#6958);
#6960=IFCPRODUCTDEFINITIONSHAPE($,$,(#1071));
#6961=IFCBUILDINGELEMENTPROXY('25e2PncTH819s96dPa4IiJ',#5,'NL.IMGeo.G0772.953d091645684a8aa3abd48ac5092546',$,$,#6959,#6960,$,$);
#6962=IFCRELDEFINESBYPROPERTIES('3RRYCBmTjBPBFOKty0mE2r',#5,$,$,(#6961),#1786);
#6963=IFCCARTESIANPOINT((-36.2962397160009,-290.908787701977,0.));
#6964=IFCAXIS2PLACEMENT3D(#6963,$,$);
#6965=IFCLOCALPLACEMENT(#27,#6964);
#6966=IFCPRODUCTDEFINITIONSHAPE($,$,(#1072));
#6967=IFCBUILDINGELEMENTPROXY('30wX0PQ5v7BvN0eTVsCRsq',#5,'NL.IMGeo.G0772.9ce3e9e1f9094f8e966db901d30fe90d',$,$,#6965,#6966,$,$);
#6968=IFCRELDEFINESBYPROPERTIES('1J6Tkdqsb1VOuW40r$uc5H',#5,$,$,(#6967),#1796);
#6969=IFCCARTESIANPOINT((123.941410060419,-225.613541939994,0.));
#6970=IFCAXIS2PLACEMENT3D(#6969,$,$);
#6971=IFCLOCALPLACEMENT(#27,#6970);
#6972=IFCPRODUCTDEFINITIONSHAPE($,$,(#1073));
#6973=IFCBUILDINGELEMENTPROXY('0cREHvlHX2LhLejFQt6C2r',#5,'NL.IMGeo.G0772.9d12a08a36fd40418901cfed4ed84534',$,$,#6971,#6972,$,$);
#6974=IFCRELDEFINESBYPROPERTIES('17CiZsv695UfhDuhKs5ypv',#5,$,$,(#6973),#1806);
#6975=IFCCARTESIANPOINT((85.7552115948929,-253.794510531414,0.));
#6976=IFCAXIS2PLACEMENT3D(#6975,$,$);
#6977=IFCLOCALPLACEMENT(#27,#6976);
#6978=IFCPRODUCTDEFINITIONSHAPE($,$,(#1074));
#6979=IFCBUILDINGELEMENTPROXY('2TwbXTeH91Ih07vmZzKVZ$',#5,'NL.IMGeo.G0772.a1e8546e340b45b7af3f79aa0a6565c7',$,$,#6977,#6978,$,$);
#6980=IFCRELDEFINESBYPROPERTIES('1_pj1wYnf5lhojcCZHkffn',#5,$,$,(#6979),#1816);
#6981=IFCCARTESIANPOINT((-14.6162416676234,-282.094541414233,0.));
#6982=IFCAXIS2PLACEMENT3D(#6981,$,$);
#6983=IFCLOCALPLACEMENT(#27,#6982);
#6984=IFCPRODUCTDEFINITIONSHAPE($,$,(#1075));
#6985=IFCBUILDINGELEMENTPROXY('1DkOAMj7X89fGrYtV6nYAW',#5,'NL.IMGeo.G0772.b07b85744f0e4994bdec45808928426c',$,$,#6983,#6984,$,$);
#6986=IFCRELDEFINESBYPROPERTIES('3Z_moqeNvBkegXu$4LriQ$',#5,$,$,(#6985),#1826);
#6987=IFCCARTESIANPOINT((-3.52405127638485,-277.585974865477,0.));
#6988=IFCAXIS2PLACEMENT3D(#6987,$,$);
#6989=IFCLOCALPLACEMENT(#27,#6988);
#6990=IFCPRODUCTDEFINITIONSHAPE($,$,(#1076));
#6991=IFCBUILDINGELEMENTPROXY('0WPwmIJ1n85BAJT_ok4Rc8',#5,'NL.IMGeo.G0772.b4f11686a5a34cc094d04e5027306dda',$,$,#6989,#6990,$,$);
#6992=IFCRELDEFINESBYPROPERTIES('2Evye8LWb6bvHKRdwNUyAI',#5,$,$,(#6991),#1836);
#6993=IFCCARTESIANPOINT((44.9486973704479,-239.098586169654,0.));
#6994=IFCAXIS2PLACEMENT3D(#6993,$,$);
#6995=IFCLOCALPLACEMENT(#27,#6994);
#6996=IFCPRODUCTDEFINITIONSHAPE($,$,(#1077));
#6997=IFCBUILDINGELEMENTPROXY('1W3i_kM05AKufeXS7$hGMJ',#5,'NL.IMGeo.G0772.b63e82db65d94cdfa8b14f52f32fec49',$,$,#6995,#6996,$,$);
#6998=IFCRELDEFINESBYPROPERTIES('37psdkK$b03wwZBKXyMpl9',#5,$,$,(#6997),#1846);
#6999=IFCCARTESIANPOINT((29.9663728409505,-263.940059086832,0.));
#7000=IFCAXIS2PLACEMENT3D(#6999,$,$);
#7001=IFCLOCALPLACEMENT(#27,#7000);
#7002=IFCPRODUCTDEFINITIONSHAPE($,$,(#1078));
#7003=IFCBUILDINGELEMENTPROXY('0pix9oYLv75Or_uIwl86ZU',#5,'NL.IMGeo.G0772.c9bd37de4f9b4e568f7008aaf6591b2f',$,$,#7001,#7002,$,$);
#7004=IFCRELDEFINESBYPROPERTIES('3lno0MI8zENRWmXytYbzr8',#5,$,$,(#7003),#1856);
#7005=IFCCARTESIANPOINT((47.93670279652,-245.712147432205,0.));
#7006=IFCAXIS2PLACEMENT3D(#7005,$,$);
#7007=IFCLOCALPLACEMENT(#27,#7006);
#7008=IFCPRODUCTDEFINITIONSHAPE($,$,(#1079));
#7009=IFCBUILDINGELEMENTPROXY('1PS89$gz9ENAH_3$AKAZS8',#5,'NL.IMGeo.G0772.f77ca32b86f24f7d87b902e70bf51960',$,$,#7007,#7008,$,$);
#7010=IFCRELDEFINESBYPROPERTIES('3mNoD6UOP6hhp3LvQG9n93',#5,$,$,(#7009),#1866);
#7011=IFCCARTESIANPOINT((118.212497047905,-240.582224203099,0.));
#7012=IFCAXIS2PLACEMENT3D(#7011,$,$);
#7013=IFCLOCALPLACEMENT(#27,#7012);
#7014=IFCPRODUCTDEFINITIONSHAPE($,$,(#1080));
#7015=IFCBUILDINGELEMENTPROXY('37kKIJh011BwQSPGHnYG5y',#5,'NL.IMGeo.G0772.a08464ed35ec4052b5c97baa02b6c1ac',$,$,#7013,#7014,$,$);
#7016=IFCRELDEFINESBYPROPERTIES('3bG$Ep7Cv0yvYUdTad_c0x',#5,$,$,(#7015),#1876);
#7017=IFCCARTESIANPOINT((80.6965961029637,-243.137473170878,0.));
#7018=IFCAXIS2PLACEMENT3D(#7017,$,$);
#7019=IFCLOCALPLACEMENT(#27,#7018);
#7020=IFCPRODUCTDEFINITIONSHAPE($,$,(#1081));
#7021=IFCBUILDINGELEMENTPROXY('0HX5Y29Wj8GQekaSB_nTR1',#5,'NL.IMGeo.G0772.f618e42a878547b2abfd217dde5f1911',$,$,#7019,#7020,$,$);
#7022=IFCRELDEFINESBYPROPERTIES('0igGRSj_fDJhmUTrwlWZrD',#5,$,$,(#7021),#1886);
#7023=IFCCARTESIANPOINT((274.403548720118,-20.9314476792351,0.));
#7024=IFCAXIS2PLACEMENT3D(#7023,$,$);
#7025=IFCLOCALPLACEMENT(#27,#7024);
#7026=IFCPRODUCTDEFINITIONSHAPE($,$,(#1082));
#7027=IFCBUILDINGELEMENTPROXY('1C6OpUmULFtv4Rc_0lB5P9',#5,'NL.IMGeo.G0772.0f0acd65c11b4c6488bdc3eaacfa35ba',$,$,#7025,#7026,$,$);
#7028=IFCRELDEFINESBYPROPERTIES('2KUiirFB5EVPB$30j2cI34',#5,$,$,(#7027),#1896);
#7029=IFCCARTESIANPOINT((267.083883221523,-2.16720223770244,0.));
#7030=IFCAXIS2PLACEMENT3D(#7029,$,$);
#7031=IFCLOCALPLACEMENT(#27,#7030);
#7032=IFCPRODUCTDEFINITIONSHAPE($,$,(#1083));
#7033=IFCBUILDINGELEMENTPROXY('3m4rQSZjbDLBP_Grs4h5Jx',#5,'NL.IMGeo.G0772.2e6ed2bf117f4806a64e84b01066dbaf',$,$,#7031,#7032,$,$);
#7034=IFCRELDEFINESBYPROPERTIES('3QBYQ89n525Q0zS6_OT3Ba',#5,$,$,(#7033),#1906);
#7035=IFCCARTESIANPOINT((318.599985972134,33.4369026012719,0.));
#7036=IFCAXIS2PLACEMENT3D(#7035,$,$);
#7037=IFCLOCALPLACEMENT(#27,#7036);
#7038=IFCPRODUCTDEFINITIONSHAPE($,$,(#1084));
#7039=IFCBUILDINGELEMENTPROXY('02w6u8Aov68hDrh77N2IY3',#5,'NL.IMGeo.G0772.5fd4035871e749d885c04eaed0a2e8d7',$,$,#7037,#7038,$,$);
#7040=IFCRELDEFINESBYPROPERTIES('3yRNaZc8P9zhr87Z6nGaMG',#5,$,$,(#7039),#1916);
#7041=IFCCARTESIANPOINT((302.013724697783,32.883381201711,0.));
#7042=IFCAXIS2PLACEMENT3D(#7041,$,$);
#7043=IFCLOCALPLACEMENT(#27,#7042);
#7044=IFCPRODUCTDEFINITIONSHAPE($,$,(#1085));
#7045=IFCBUILDINGELEMENTPROXY('3e7S2YJNLE3OmmibvZc3DJ',#5,'NL.IMGeo.G0772.7f9e0d7e45704b19b4552588e8f5ae82',$,$,#7043,#7044,$,$);
#7046=IFCRELDEFINESBYPROPERTIES('3FgC3hrtP6q9nYDG9P746P',#5,$,$,(#7045),#1926);
#7047=IFCCARTESIANPOINT((278.229202832124,-48.7920211947639,0.));
#7048=IFCAXIS2PLACEMENT3D(#7047,$,$);
#7049=IFCLOCALPLACEMENT(#27,#7048);
#7050=IFCPRODUCTDEFINITIONSHAPE($,$,(#1086));
#7051=IFCBUILDINGELEMENTPROXY('3lR8YC5Jv00RkD55EzAKoj',#5,'NL.IMGeo.G0772.a9f3618ee60e4da8a0452843afa0c496',$,$,#7049,#7050,$,$);
#7052=IFCRELDEFINESBYPROPERTIES('0KluHNiATCBRcHL9uku6y8',#5,$,$,(#7051),#1936);
#7053=IFCCARTESIANPOINT((277.469048472878,45.5136350000976,0.));
#7054=IFCAXIS2PLACEMENT3D(#7053,$,$);
#7055=IFCLOCALPLACEMENT(#27,#7054);
#7056=IFCPRODUCTDEFINITIONSHAPE($,$,(#1087));
#7057=IFCBUILDINGELEMENTPROXY('3wfQBHm_T2UA1$cldlA1bA',#5,'NL.IMGeo.G0772.0e8d2e37bdca4d9aae63b74177bab8c6',$,$,#7055,#7056,$,$);
#7058=IFCRELDEFINESBYPROPERTIES('21L6fRhoD6MRc9jqE5GtwM',#5,$,$,(#7057),#1946);
#7059=IFCCARTESIANPOINT((326.866354374186,41.7873690818087,0.));
#7060=IFCAXIS2PLACEMENT3D(#7059,$,$);
#7061=IFCLOCALPLACEMENT(#27,#7060);
#7062=IFCPRODUCTDEFINITIONSHAPE($,$,(#1088));
#7063=IFCBUILDINGELEMENTPROXY('1kl5sA0f9BFQTh8XT2ss3K',#5,'NL.IMGeo.G0772.249c99d702b548fab26dafea575be3f5',$,$,#7061,#7062,$,$);
#7064=IFCRELDEFINESBYPROPERTIES('02Izi2J$DDtx24OS091xe2',#5,$,$,(#7063),#1956);
#7065=IFCCARTESIANPOINT((293.437378633622,29.0151054633316,0.));
#7066=IFCAXIS2PLACEMENT3D(#7065,$,$);
#7067=IFCLOCALPLACEMENT(#27,#7066);
#7068=IFCPRODUCTDEFINITIONSHAPE($,$,(#1089));
#7069=IFCBUILDINGELEMENTPROXY('2IiC5dgbH9hBHuOaHrH_OK',#5,'NL.IMGeo.G0772.a1329365efbc4ceea99714ea3bd04632',$,$,#7067,#7068,$,$);
#7070=IFCRELDEFINESBYPROPERTIES('3r6Ta5D5HBXBcF0MJz8Yvf',#5,$,$,(#7069),#1966);
#7071=IFCCARTESIANPOINT((293.141690981662,17.7602572274045,0.));
#7072=IFCAXIS2PLACEMENT3D(#7071,$,$);
#7073=IFCLOCALPLACEMENT(#27,#7072);
#7074=IFCPRODUCTDEFINITIONSHAPE($,$,(#1090));
#7075=IFCBUILDINGELEMENTPROXY('0aBLv20tn5bAimG0Q4gXE8',#5,'NL.IMGeo.G0772.dd48f6adbd1b4718847c8375c01c6c3e',$,$,#7073,#7074,$,$);
#7076=IFCRELDEFINESBYPROPERTIES('3u9jLbMNPCFvfupfwoUOEI',#5,$,$,(#7075),#1976);
#7077=IFCCARTESIANPOINT((277.363656625996,11.835254537873,0.));
#7078=IFCAXIS2PLACEMENT3D(#7077,$,$);
#7079=IFCLOCALPLACEMENT(#27,#7078);
#7080=IFCPRODUCTDEFINITIONSHAPE($,$,(#1091));
#7081=IFCBUILDINGELEMENTPROXY('30aGwua2r3evbkVcf_PfHk',#5,'NL.IMGeo.G0772.e1754a9ff1fb4b7eacec76c0d2c03294',$,$,#7079,#7080,$,$);
#7082=IFCRELDEFINESBYPROPERTIES('3Oh8mmuXH4YR2tvDyZM0Xw',#5,$,$,(#7081),#1986);
#7083=IFCCARTESIANPOINT((214.88873560814,-32.1796054507722,0.));
#7084=IFCAXIS2PLACEMENT3D(#7083,$,$);
#7085=IFCLOCALPLACEMENT(#27,#7084);
#7086=IFCPRODUCTDEFINITIONSHAPE($,$,(#1092));
#7087=IFCBUILDINGELEMENTPROXY('1WESR3p$D18ByppATEO7S6',#5,'NL.IMGeo.G0772.06ec8bb782af4111a92d3267e6d0ef93',$,$,#7085,#7086,$,$);
#7088=IFCRELDEFINESBYPROPERTIES('1bUOaS$cP2xOJU_DLPqq6s',#5,$,$,(#7087),#1996);
#7089=IFCCARTESIANPOINT((225.363390136772,-9.73711589397863,0.));
#7090=IFCAXIS2PLACEMENT3D(#7089,$,$);
#7091=IFCLOCALPLACEMENT(#27,#7090);
#7092=IFCPRODUCTDEFINITIONSHAPE($,$,(#1093));
#7093=IFCBUILDINGELEMENTPROXY('1tewYHlnH5j8bHUDdQ6CxP',#5,'NL.IMGeo.G0772.10b11872b7324548b386e7dbb513d44b',$,$,#7091,#7092,$,$);
#7094=IFCRELDEFINESBYPROPERTIES('1cjppH2ubDZAp72b4nxFrG',#5,$,$,(#7093),#2006);
#7095=IFCCARTESIANPOINT((214.158712627745,-14.6134808227071,0.));
#7096=IFCAXIS2PLACEMENT3D(#7095,$,$);
#7097=IFCLOCALPLACEMENT(#27,#7096);
#7098=IFCPRODUCTDEFINITIONSHAPE($,$,(#1094));
#7099=IFCBUILDINGELEMENTPROXY('1iKl2Us75B5PGSUQptz2ly',#5,'NL.IMGeo.G0772.10b909abfd354662a5cb9bb44ff1d8f8',$,$,#7097,#7098,$,$);
#7100=IFCRELDEFINESBYPROPERTIES('0FLPyQiZH9YePeV$LUB0kV',#5,$,$,(#7099),#2016);
#7101=IFCCARTESIANPOINT((164.996264411544,-182.27999391756,0.));
#7102=IFCAXIS2PLACEMENT3D(#7101,$,$);
#7103=IFCLOCALPLACEMENT(#27,#7102);
#7104=IFCPRODUCTDEFINITIONSHAPE($,$,(#1095));
#7105=IFCBUILDINGELEMENTPROXY('28OQydHM96fvpQkRX9Yf1F',#5,'NL.IMGeo.G0772.115c304ab8774d99bb007335a117db7d',$,$,#7103,#7104,$,$);
#7106=IFCRELDEFINESBYPROPERTIES('1iX70tAej1cO6oF3Up6Woy',#5,$,$,(#7105),#2026);
#7107=IFCCARTESIANPOINT((199.981170338724,-28.554295707203,0.));
#7108=IFCAXIS2PLACEMENT3D(#7107,$,$);
#7109=IFCLOCALPLACEMENT(#27,#7108);
#7110=IFCPRODUCTDEFINITIONSHAPE($,$,(#1096));
#7111=IFCBUILDINGELEMENTPROXY('1pmZQ9NILEAwecXO$2XSsV',#5,'NL.IMGeo.G0772.130e2f135b3942499ae82b7362d292c9',$,$,#7109,#7110,$,$);
#7112=IFCRELDEFINESBYPROPERTIES('0TmsXHVVP8pgMtOOyYt8qX',#5,$,$,(#7111),#2036);
#7113=IFCCARTESIANPOINT((230.313086968934,-7.61339292011689,0.));
#7114=IFCAXIS2PLACEMENT3D(#7113,$,$);
#7115=IFCLOCALPLACEMENT(#27,#7114);
#7116=IFCPRODUCTDEFINITIONSHAPE($,$,(#1097));
#7117=IFCBUILDINGELEMENTPROXY('1OyPCiMjjCNQG5s3$j_DwI',#5,'NL.IMGeo.G0772.1c47e04f9cef4f97b2b19ffb3db7c79f',$,$,#7115,#7116,$,$);
#7118=IFCRELDEFINESBYPROPERTIES('2lj2G0fMb4Hv7UM13PBbkn',#5,$,$,(#7117),#2046);
#7119=IFCCARTESIANPOINT((211.948514647869,-9.21168215101352,0.));
#7120=IFCAXIS2PLACEMENT3D(#7119,$,$);
#7121=IFCLOCALPLACEMENT(#27,#7120);
#7122=IFCPRODUCTDEFINITIONSHAPE($,$,(#1098));
#7123=IFCBUILDINGELEMENTPROXY('3ve21eHGD6YOXEw4wst9Xu',#5,'NL.IMGeo.G0772.2b26a9b2decc41b8a0ef00d3f5406acd',$,$,#7121,#7122,$,$);
#7124=IFCRELDEFINESBYPROPERTIES('0NIG2N33H4KAr8BRT$UFi_',#5,$,$,(#7123),#2056);
#7125=IFCCARTESIANPOINT((222.761406409176,-3.64199483842822,0.));
#7126=IFCAXIS2PLACEMENT3D(#7125,$,$);
#7127=IFCLOCALPLACEMENT(#27,#7126);
#7128=IFCPRODUCTDEFINITIONSHAPE($,$,(#1099));
#7129=IFCBUILDINGELEMENTPROXY('04u_CSWyHFtuVKFTz7utGb',#5,'NL.IMGeo.G0772.2fc656cc048740969b35f653a23a9613',$,$,#7127,#7128,$,$);
#7130=IFCRELDEFINESBYPROPERTIES('1v2Iw11PrF$xHZe2qMc6tB',#5,$,$,(#7129),#2066);
#7131=IFCCARTESIANPOINT((203.798792275746,-36.7121083887178,0.));
#7132=IFCAXIS2PLACEMENT3D(#7131,$,$);
#7133=IFCLOCALPLACEMENT(#27,#7132);
#7134=IFCPRODUCTDEFINITIONSHAPE($,$,(#1100));
#7135=IFCBUILDINGELEMENTPROXY('1th5oZi59Fpxqor9dImM16',#5,'NL.IMGeo.G0772.3540f6f6cfb2473dbcf2332adea6cf61',$,$,#7133,#7134,$,$);
#7136=IFCRELDEFINESBYPROPERTIES('0pG8D3RdLBOQ6tbKkRnnrJ',#5,$,$,(#7135),#2076);
#7137=IFCCARTESIANPOINT((209.373266332754,-34.4423771298025,0.));
#7138=IFCAXIS2PLACEMENT3D(#7137,$,$);
#7139=IFCLOCALPLACEMENT(#27,#7138);
#7140=IFCPRODUCTDEFINITIONSHAPE($,$,(#1101));
#7141=IFCBUILDINGELEMENTPROXY('2V7qnl5JrBNgKFmFQjsrXX',#5,'NL.IMGeo.G0772.4364aebe51834951a5a53e77fb706b6f',$,$,#7139,#7140,$,$);
#7142=IFCRELDEFINESBYPROPERTIES('0WBE1tpDvCbP9cV80yDZ5g',#5,$,$,(#7141),#2086);
#7143=IFCCARTESIANPOINT((219.670067258441,-12.1707006169017,0.));
#7144=IFCAXIS2PLACEMENT3D(#7143,$,$);
#7145=IFCLOCALPLACEMENT(#27,#7144);
#7146=IFCPRODUCTDEFINITIONSHAPE($,$,(#1102));
#7147=IFCBUILDINGELEMENTPROXY('3tKtoeh1T2DeRIm91$Qc5X',#5,'NL.IMGeo.G0772.44ed46f9ef8d46cd95f92062d6edb546',$,$,#7145,#7146,$,$);
#7148=IFCRELDEFINESBYPROPERTIES('3u8QOJpbP8VfOnQJuokrgN',#5,$,$,(#7147),#2096);
#7149=IFCCARTESIANPOINT((216.804889740481,-21.7165105768363,0.));
#7150=IFCAXIS2PLACEMENT3D(#7149,$,$);
#7151=IFCLOCALPLACEMENT(#27,#7150);
#7152=IFCPRODUCTDEFINITIONSHAPE($,$,(#1103));
#7153=IFCBUILDINGELEMENTPROXY('1TQ0rlbgf5cfb_LYQcG_B1',#5,'NL.IMGeo.G0772.590a578211674dd99bdad6d6f220fed6',$,$,#7151,#7152,$,$);
#7154=IFCRELDEFINESBYPROPERTIES('0wk50wKG9A59jQv_B2zoFu',#5,$,$,(#7153),#2106);
#7155=IFCCARTESIANPOINT((226.09259092607,-27.5895346435136,0.));
#7156=IFCAXIS2PLACEMENT3D(#7155,$,$);
#7157=IFCLOCALPLACEMENT(#27,#7156);
#7158=IFCPRODUCTDEFINITIONSHAPE($,$,(#1104));
#7159=IFCBUILDINGELEMENTPROXY('0PtNZeMK1DxR6CKggVGrsh',#5,'NL.IMGeo.G0772.5de48a498e2142bb9f3f8e81df596366',$,$,#7157,#7158,$,$);
#7160=IFCRELDEFINESBYPROPERTIES('1Wwod61Nz70uYdwDuE4iUa',#5,$,$,(#7159),#2116);
#7161=IFCCARTESIANPOINT((231.639433244942,-25.3280790746794,0.));
#7162=IFCAXIS2PLACEMENT3D(#7161,$,$);
#7163=IFCLOCALPLACEMENT(#27,#7162);
#7164=IFCPRODUCTDEFINITIONSHAPE($,$,(#1105));
#7165=IFCBUILDINGELEMENTPROXY('0E9Nlhy551v9GaFrUBNDOr',#5,'NL.IMGeo.G0772.8f9f4bbe1cb340e3ad329642b27afab7',$,$,#7163,#7164,$,$);
#7166=IFCRELDEFINESBYPROPERTIES('0we2zOqyDCbfLgrw_9auJZ',#5,$,$,(#7165),#2126);
#7167=IFCCARTESIANPOINT((220.611781903048,-29.9264660616172,0.));
#7168=IFCAXIS2PLACEMENT3D(#7167,$,$);
#7169=IFCLOCALPLACEMENT(#27,#7168);
#7170=IFCPRODUCTDEFINITIONSHAPE($,$,(#1106));
#7171=IFCBUILDINGELEMENTPROXY('2k1eK6XBH4aP_q5evPZKP7',#5,'NL.IMGeo.G0772.9f3c18f0c07d49aeb57d875a4d0fe750',$,$,#7169,#7170,$,$);
#7172=IFCRELDEFINESBYPROPERTIES('0hrcjVL8581uvmPs$Yk49k',#5,$,$,(#7171),#2136);
#7173=IFCCARTESIANPOINT((211.252231504855,-23.9160131383105,0.));
#7174=IFCAXIS2PLACEMENT3D(#7173,$,$);
#7175=IFCLOCALPLACEMENT(#27,#7174);
#7176=IFCPRODUCTDEFINITIONSHAPE($,$,(#1107));
#7177=IFCBUILDINGELEMENTPROXY('11WAa9s291af6v_on3kNP0',#5,'NL.IMGeo.G0772.be888b9b99f3486ab0bc9e65374f0a1f',$,$,#7175,#7176,$,$);
#7178=IFCRELDEFINESBYPROPERTIES('36$kFESbT8sQk2G2Rpej4l',#5,$,$,(#7177),#2146);
#7179=IFCCARTESIANPOINT((216.911804145522,-6.35516095155617,0.));
#7180=IFCAXIS2PLACEMENT3D(#7179,$,$);
#7181=IFCLOCALPLACEMENT(#27,#7180);
#7182=IFCPRODUCTDEFINITIONSHAPE($,$,(#1108));
#7183=IFCBUILDINGELEMENTPROXY('3zSWd7rerEQR09Ahdowkma',#5,'NL.IMGeo.G0772.c590e3d1384e4b0fb2cacb980c9bddb3',$,$,#7181,#7182,$,$);
#7184=IFCRELDEFINESBYPROPERTIES('3y$gACGkn7_8N$dmI9W2xS',#5,$,$,(#7183),#2156);
#7185=IFCCARTESIANPOINT((227.754200475349,-1.3267291059019,0.));
#7186=IFCAXIS2PLACEMENT3D(#7185,$,$);
#7187=IFCLOCALPLACEMENT(#27,#7186);
#7188=IFCPRODUCTDEFINITIONSHAPE($,$,(#1109));
#7189=IFCBUILDINGELEMENTPROXY('1F5QEXAaHCjhBm60SAjhni',#5,'NL.IMGeo.G0772.c639468728e241f791b6759696bbaffa',$,$,#7187,#7188,$,$);
#7190=IFCRELDEFINESBYPROPERTIES('1kEE1C_1r0Bg$caTiv3Fty',#5,$,$,(#7189),#2166);
#7191=IFCCARTESIANPOINT((237.20278076551,-23.2802694240236,0.));
#7192=IFCAXIS2PLACEMENT3D(#7191,$,$);
#7193=IFCLOCALPLACEMENT(#27,#7192);
#7194=IFCPRODUCTDEFINITIONSHAPE($,$,(#1110));
#7195=IFCBUILDINGELEMENTPROXY('1ZNjs$slzFEBvLZTw$dCJn',#5,'NL.IMGeo.G0772.d5194ea16c43484dbe8684b4dd066b31',$,$,#7193,#7194,$,$);
#7196=IFCRELDEFINESBYPROPERTIES('0okD$kg0b5AQy3iELGlQ3H',#5,$,$,(#7195),#2176);
#7197=IFCCARTESIANPOINT((205.605764232867,-26.30400672002,0.));
#7198=IFCAXIS2PLACEMENT3D(#7197,$,$);
#7199=IFCLOCALPLACEMENT(#27,#7198);
#7200=IFCPRODUCTDEFINITIONSHAPE($,$,(#1111));
#7201=IFCBUILDINGELEMENTPROXY('2LGlTm6KrADeQ8JEZLjOU6',#5,'NL.IMGeo.G0772.eafa76a7b2b3444fbcecab7fcacf5ed1',$,$,#7199,#7200,$,$);
#7202=IFCRELDEFINESBYPROPERTIES('1SweA8i_90q8UWSuGpcf69',#5,$,$,(#7201),#2186);
#7203=IFCCARTESIANPOINT((291.824015513266,7.32990817481186,0.));
#7204=IFCAXIS2PLACEMENT3D(#7203,$,$);
#7205=IFCLOCALPLACEMENT(#27,#7204);
#7206=IFCPRODUCTDEFINITIONSHAPE($,$,(#1112));
#7207=IFCBUILDINGELEMENTPROXY('1PizhyqW1EdgKP1p_iRzhl',#5,'NL.IMGeo.G0772.50b00b8442ee487aa36e16ba874246b9',$,$,#7205,#7206,$,$);
#7208=IFCRELDEFINESBYPROPERTIES('3A_ogATwfDxOiUqGErcHSx',#5,$,$,(#7207),#2196);
#7209=IFCCARTESIANPOINT((273.742899578676,-29.251855404349,0.));
#7210=IFCAXIS2PLACEMENT3D(#7209,$,$);
#7211=IFCLOCALPLACEMENT(#27,#7210);
#7212=IFCPRODUCTDEFINITIONSHAPE($,$,(#1113));
#7213=IFCBUILDINGELEMENTPROXY('0VyDoeO6v9AAPrRt7F8fXV',#5,'NL.IMGeo.G0772.937a4cdb3a214c08a274f12aff871f30',$,$,#7211,#7212,$,$);
#7214=IFCRELDEFINESBYPROPERTIES('2ejFaDcQr2cB0AAHRRVSoq',#5,$,$,(#7213),#2206);
#7215=IFCCARTESIANPOINT((276.564828482311,-39.4299552890006,0.));
#7216=IFCAXIS2PLACEMENT3D(#7215,$,$);
#7217=IFCLOCALPLACEMENT(#27,#7216);
#7218=IFCPRODUCTDEFINITIONSHAPE($,$,(#1114));
#7219=IFCBUILDINGELEMENTPROXY('1BH5H7HuD8Cge5RFI0PuVN',#5,'NL.IMGeo.G0772.d67f35eed65b436cbb08537d882c7891',$,$,#7217,#7218,$,$);
#7220=IFCRELDEFINESBYPROPERTIES('1M7z_adlD219phzJKEyvaX',#5,$,$,(#7219),#2216);
#7221=IFCCARTESIANPOINT((241.807460699201,-2.84974489070009,0.));
#7222=IFCAXIS2PLACEMENT3D(#7221,$,$);
#7223=IFCLOCALPLACEMENT(#27,#7222);
#7224=IFCPRODUCTDEFINITIONSHAPE($,$,(#1115));
#7225=IFCBUILDINGELEMENTPROXY('16HFStUfbDPOM5CBDXNNSz',#5,'NL.IMGeo.G0772.c352b73f7b034c22a85ea675c1b22f7b',$,$,#7223,#7224,$,$);
#7226=IFCRELDEFINESBYPROPERTIES('3Mn8ffBl14afLq048QP521',#5,$,$,(#7225),#2226);
#7227=IFCCARTESIANPOINT((270.377445393475,3.60212356509874,0.));
#7228=IFCAXIS2PLACEMENT3D(#7227,$,$);
#7229=IFCLOCALPLACEMENT(#27,#7228);
#7230=IFCPRODUCTDEFINITIONSHAPE($,$,(#1116));
#7231=IFCBUILDINGELEMENTPROXY('32uo7xyKz59R$AJcwFwo$G',#5,'NL.IMGeo.G0772.35519018962f409ea203ccbe8cc4506d',$,$,#7229,#7230,$,$);
#7232=IFCRELDEFINESBYPROPERTIES('1WCFOzg9v4bu$8msLalmkA',#5,$,$,(#7231),#2236);
#7233=IFCCARTESIANPOINT((276.070345464803,16.9722805491183,0.));
#7234=IFCAXIS2PLACEMENT3D(#7233,$,$);
#7235=IFCLOCALPLACEMENT(#27,#7234);
#7236=IFCPRODUCTDEFINITIONSHAPE($,$,(#1117));
#7237=IFCBUILDINGELEMENTPROXY('3LYHgnIzr4mxYB52HaA8ZL',#5,'NL.IMGeo.G0772.c1572dbe351542f49cea7376fe79987b',$,$,#7235,#7236,$,$);
#7238=IFCRELDEFINESBYPROPERTIES('3Bwn8Dy0D02838yIS73uT5',#5,$,$,(#7237),#2246);
#7239=IFCCARTESIANPOINT((272.605486818939,10.8488113883068,0.));
#7240=IFCAXIS2PLACEMENT3D(#7239,$,$);
#7241=IFCLOCALPLACEMENT(#27,#7240);
#7242=IFCPRODUCTDEFINITIONSHAPE($,$,(#1118));
#7243=IFCBUILDINGELEMENTPROXY('3foGxEwBTBHvc5NrZqjcNC',#5,'NL.IMGeo.G0772.c3cf8dc6e6fe43279f3c8cf962d84574',$,$,#7241,#7242,$,$);
#7244=IFCRELDEFINESBYPROPERTIES('1PeG671cf4SPDyZL6W52cs',#5,$,$,(#7243),#2256);
#7245=IFCCARTESIANPOINT((279.765472699102,20.3780644123326,0.));
#7246=IFCAXIS2PLACEMENT3D(#7245,$,$);
#7247=IFCLOCALPLACEMENT(#27,#7246);
#7248=IFCPRODUCTDEFINITIONSHAPE($,$,(#1119));
#7249=IFCBUILDINGELEMENTPROXY('1vulyTZBv4Jwtd3f70qKAV',#5,'NL.IMGeo.G0772.cb94cc6f41f243ba9fb7c018f8d2cf9f',$,$,#7247,#7248,$,$);
#7250=IFCRELDEFINESBYPROPERTIES('38u8GeTU18du3aPWP0ZVGY',#5,$,$,(#7249),#2266);
#7251=IFCCARTESIANPOINT((286.391628521989,25.5696311325883,0.));
#7252=IFCAXIS2PLACEMENT3D(#7251,$,$);
#7253=IFCLOCALPLACEMENT(#27,#7252);
#7254=IFCPRODUCTDEFINITIONSHAPE($,$,(#1120));
#7255=IFCBUILDINGELEMENTPROXY('3qI7mJPUnDDguLVG8FsoVB',#5,'NL.IMGeo.G0772.ea2d144a8b194a46b0d4d92496990d9a',$,$,#7253,#7254,$,$);
#7256=IFCRELDEFINESBYPROPERTIES('357fiCmvbA8OpXSTKsim86',#5,$,$,(#7255),#2276);
#7257=IFCCARTESIANPOINT((-137.971601467492,-165.418954397785,0.));
#7258=IFCAXIS2PLACEMENT3D(#7257,$,$);
#7259=IFCLOCALPLACEMENT(#27,#7258);
#7260=IFCPRODUCTDEFINITIONSHAPE($,$,(#1121));
#7261=IFCBUILDINGELEMENTPROXY('3uI1RRI3L2$vC3zDJeNa8r',#5,'NL.IMGeo.G0772.00217e81c0c04fe881da83f30c0a98ce',$,$,#7259,#7260,$,$);
#7262=IFCRELDEFINESBYPROPERTIES('1JV$1XabfDHPquWwrcrITD',#5,$,$,(#7261),#2286);
#7263=IFCCARTESIANPOINT((-277.010728934867,-6.63331289601047,0.));
#7264=IFCAXIS2PLACEMENT3D(#7263,$,$);
#7265=IFCLOCALPLACEMENT(#27,#7264);
#7266=IFCPRODUCTDEFINITIONSHAPE($,$,(#1122));
#7267=IFCBUILDINGELEMENTPROXY('3GTk$F8sL9oe326ztRmzpw',#5,'NL.IMGeo.G0772.028055fe436a444d8cea36c0f2fa3cce',$,$,#7265,#7266,$,$);
#7268=IFCRELDEFINESBYPROPERTIES('0YaxP$LlTEbgUvBDiVJjDe',#5,$,$,(#7267),#2296);
#7269=IFCCARTESIANPOINT((-109.668699337955,-15.5711951050325,0.));
#7270=IFCAXIS2PLACEMENT3D(#7269,$,$);
#7271=IFCLOCALPLACEMENT(#27,#7270);
#7272=IFCPRODUCTDEFINITIONSHAPE($,$,(#1123));
#7273=IFCBUILDINGELEMENTPROXY('3DD0iS1sPB1Qzp3IdLEPSC',#5,'NL.IMGeo.G0772.034edcb27b204b54ab144a6c490ec488',$,$,#7271,#7272,$,$);
#7274=IFCRELDEFINESBYPROPERTIES('1GjJj4M958Cgm5LxErb1qy',#5,$,$,(#7273),#2306);
#7275=IFCCARTESIANPOINT((-159.493162006576,-144.615115305816,0.));
#7276=IFCAXIS2PLACEMENT3D(#7275,$,$);
#7277=IFCLOCALPLACEMENT(#27,#7276);
#7278=IFCPRODUCTDEFINITIONSHAPE($,$,(#1124));
#7279=IFCBUILDINGELEMENTPROXY('2mw0Gn1215UQ7GzjeSyZAA',#5,'NL.IMGeo.G0772.04eb80c424384410a058f533dacfa559',$,$,#7277,#7278,$,$);
#7280=IFCRELDEFINESBYPROPERTIES('2F0DN1$u93PfMU4r2mVPFt',#5,$,$,(#7279),#2316);
#7281=IFCCARTESIANPOINT((-308.001704636175,-14.8493617688073,0.));
#7282=IFCAXIS2PLACEMENT3D(#7281,$,$);
#7283=IFCLOCALPLACEMENT(#27,#7282);
#7284=IFCPRODUCTDEFINITIONSHAPE($,$,(#1125));
#7285=IFCBUILDINGELEMENTPROXY('0apeVsz6LBQeWC3r47DFqR',#5,'NL.IMGeo.G0772.0525f435589c43fba3852284f72a43de',$,$,#7283,#7284,$,$);
#7286=IFCRELDEFINESBYPROPERTIES('1VGlMuNWrBee_oo5zNlIT8',#5,$,$,(#7285),#2326);
#7287=IFCCARTESIANPOINT((-90.0165778606024,-116.332613641338,0.));
#7288=IFCAXIS2PLACEMENT3D(#7287,$,$);
#7289=IFCLOCALPLACEMENT(#27,#7288);
#7290=IFCPRODUCTDEFINITIONSHAPE($,$,(#1126));
#7291=IFCBUILDINGELEMENTPROXY('2XCROVHOPBR9FpJqH1IY31',#5,'NL.IMGeo.G0772.0745022cbd254f6f9a2308e0538981b2',$,$,#7289,#7290,$,$);
#7292=IFCRELDEFINESBYPROPERTIES('06CaKPO5nAh8EMsbujcwN7',#5,$,$,(#7291),#2336);
#7293=IFCCARTESIANPOINT((-149.114739131561,-169.800913776911,0.));
#7294=IFCAXIS2PLACEMENT3D(#7293,$,$);
#7295=IFCLOCALPLACEMENT(#27,#7294);
#7296=IFCPRODUCTDEFINITIONSHAPE($,$,(#1127));
#7297=IFCBUILDINGELEMENTPROXY('0rz5Pv6s9AhwsLEATgk0F$',#5,'NL.IMGeo.G0772.0b7c44ca680c489aaa64b62b04484118',$,$,#7295,#7296,$,$);
#7298=IFCRELDEFINESBYPROPERTIES('3Bnwdoa658V9u8Tsvw6wzf',#5,$,$,(#7297),#2346);
#7299=IFCCARTESIANPOINT((-146.598427685676,-5.90329036006005,0.));
#7300=IFCAXIS2PLACEMENT3D(#7299,$,$);
#7301=IFCLOCALPLACEMENT(#27,#7300);
#7302=IFCPRODUCTDEFINITIONSHAPE($,$,(#1128));
#7303=IFCBUILDINGELEMENTPROXY('04RtcuAKD81hPDHIFX9z3k',#5,'NL.IMGeo.G0772.0f831bd1fadf48e99ce1afe55e7904ae',$,$,#7301,#7302,$,$);
#7304=IFCRELDEFINESBYPROPERTIES('2bdP52GdT72B2ksiUsYoJT',#5,$,$,(#7303),#2356);
#7305=IFCCARTESIANPOINT((-117.037227142049,-15.6237308036652,0.));
#7306=IFCAXIS2PLACEMENT3D(#7305,$,$);
#7307=IFCLOCALPLACEMENT(#27,#7306);
#7308=IFCPRODUCTDEFINITIONSHAPE($,$,(#1129));
#7309=IFCBUILDINGELEMENTPROXY('01ieOidg54NA2_jnCbbPjt',#5,'NL.IMGeo.G0772.124f102014dc493c9d318575a89dbd41',$,$,#7307,#7308,$,$);
#7310=IFCRELDEFINESBYPROPERTIES('1Hy1_N0G9458hs5VP_RwJ4',#5,$,$,(#7309),#2366);
#7311=IFCCARTESIANPOINT((-43.1950848614506,-267.866469770379,0.));
#7312=IFCAXIS2PLACEMENT3D(#7311,$,$);
#7313=IFCLOCALPLACEMENT(#27,#7312);
#7314=IFCPRODUCTDEFINITIONSHAPE($,$,(#1130));
#7315=IFCBUILDINGELEMENTPROXY('0MuB91iYHCs9$q02b$Ikjw',#5,'NL.IMGeo.G0772.1454cb07e3c44e3bae56c19620e34fec',$,$,#7313,#7314,$,$);
#7316=IFCRELDEFINESBYPROPERTIES('0O7c4Nwvb7wu0_nqpOF0r2',#5,$,$,(#7315),#2376);
#7317=IFCCARTESIANPOINT((-24.9946615203808,-236.542596523243,0.));
#7318=IFCAXIS2PLACEMENT3D(#7317,$,$);
#7319=IFCLOCALPLACEMENT(#27,#7318);
#7320=IFCPRODUCTDEFINITIONSHAPE($,$,(#1131));
#7321=IFCBUILDINGELEMENTPROXY('2EYDhrAqHBXu8X6J2m_l8B',#5,'NL.IMGeo.G0772.147bf35823634449a0aef6e8fbd8077a',$,$,#7319,#7320,$,$);
#7322=IFCRELDEFINESBYPROPERTIES('0VzXt4mBz2SRXZ$I9XZ1cT',#5,$,$,(#7321),#2386);
#7323=IFCCARTESIANPOINT((-130.551402645448,-152.291468026,0.));
#7324=IFCAXIS2PLACEMENT3D(#7323,$,$);
#7325=IFCLOCALPLACEMENT(#27,#7324);
#7326=IFCPRODUCTDEFINITIONSHAPE($,$,(#1132));
#7327=IFCBUILDINGELEMENTPROXY('0Zti0YSPXAohYIQmsURxlI',#5,'NL.IMGeo.G0772.1f04e2464c2d4906b8fc061398283be3',$,$,#7325,#7326,$,$);
#7328=IFCRELDEFINESBYPROPERTIES('2btotmm752pwABLShzjL6k',#5,$,$,(#7327),#2396);
#7329=IFCCARTESIANPOINT((-161.845567320794,-154.894735641137,0.));
#7330=IFCAXIS2PLACEMENT3D(#7329,$,$);
#7331=IFCLOCALPLACEMENT(#27,#7330);
#7332=IFCPRODUCTDEFINITIONSHAPE($,$,(#1133));
#7333=IFCBUILDINGELEMENTPROXY('30zZGDM1T16xy9K3j5clCt',#5,'NL.IMGeo.G0772.223a441342bb4553b73f65b341a86fe9',$,$,#7331,#7332,$,$);
#7334=IFCRELDEFINESBYPROPERTIES('1R0vOrBuT4IwSscU65ufIo',#5,$,$,(#7333),#2406);
#7335=IFCCARTESIANPOINT((-7.97404629504308,-173.729850990523,0.));
#7336=IFCAXIS2PLACEMENT3D(#7335,$,$);
#7337=IFCLOCALPLACEMENT(#27,#7336);
#7338=IFCPRODUCTDEFINITIONSHAPE($,$,(#1134));
#7339=IFCBUILDINGELEMENTPROXY('3i0lqYv5T8xPNJ6y3_Kc5e',#5,'NL.IMGeo.G0772.22f526cbe5a846f5870d2f0ab9e781c1',$,$,#7337,#7338,$,$);
#7340=IFCRELDEFINESBYPROPERTIES('3e$Jbfkaz4kh0K3a136eQX',#5,$,$,(#7339),#2416);
#7341=IFCCARTESIANPOINT((-206.412841935497,-14.7165454315837,0.));
#7342=IFCAXIS2PLACEMENT3D(#7341,$,$);
#7343=IFCLOCALPLACEMENT(#27,#7342);
#7344=IFCPRODUCTDEFINITIONSHAPE($,$,(#1135));
#7345=IFCBUILDINGELEMENTPROXY('0nPwbFDi13Kg0jhjpFQaqx',#5,'NL.IMGeo.G0772.234244e0aa224a77b1149ea58abd5dd6',$,$,#7343,#7344,$,$);
#7346=IFCRELDEFINESBYPROPERTIES('1Lpd8pm$P8iejWuv7XikD5',#5,$,$,(#7345),#2426);
#7347=IFCCARTESIANPOINT((-55.2668886023166,-121.797573517775,0.));
#7348=IFCAXIS2PLACEMENT3D(#7347,$,$);
#7349=IFCLOCALPLACEMENT(#27,#7348);
#7350=IFCPRODUCTDEFINITIONSHAPE($,$,(#1136));
#7351=IFCBUILDINGELEMENTPROXY('2L6XuQ8dr3HR4gRRG3Tb7m',#5,'NL.IMGeo.G0772.2448c037d61342e9a721e1a0e74c1752',$,$,#7349,#7350,$,$);
#7352=IFCRELDEFINESBYPROPERTIES('1dpyRI7lvAVu0M958nlOdJ',#5,$,$,(#7351),#2436);
#7353=IFCCARTESIANPOINT((-86.9056569249078,-124.512735396682,0.));
#7354=IFCAXIS2PLACEMENT3D(#7353,$,$);
#7355=IFCLOCALPLACEMENT(#27,#7354);
#7356=IFCPRODUCTDEFINITIONSHAPE($,$,(#1137));
#7357=IFCBUILDINGELEMENTPROXY('25HenNslbCCBEGx9MvEmcG',#5,'NL.IMGeo.G0772.291e0c57eb004966b760ba2e6a053de1',$,$,#7355,#7356,$,$);
#7358=IFCRELDEFINESBYPROPERTIES('3ebQHklRn6PwORcaaF2hoe',#5,$,$,(#7357),#2446);
#7359=IFCCARTESIANPOINT((-16.4671933175705,-106.173863849079,0.));
#7360=IFCAXIS2PLACEMENT3D(#7359,$,$);
#7361=IFCLOCALPLACEMENT(#27,#7360);
#7362=IFCPRODUCTDEFINITIONSHAPE($,$,(#1138));
#7363=IFCBUILDINGELEMENTPROXY('0AEisq$4z9nBRkruBELotk',#5,'NL.IMGeo.G0772.2f484e7372d84aea925c179cd6a6bc4c',$,$,#7361,#7362,$,$);
#7364=IFCRELDEFINESBYPROPERTIES('2QxSVkdn94t9YNT$JDbB7l',#5,$,$,(#7363),#2456);
#7365=IFCCARTESIANPOINT((-109.578044708382,-5.82420676312177,0.));
#7366=IFCAXIS2PLACEMENT3D(#7365,$,$);
#7367=IFCLOCALPLACEMENT(#27,#7366);
#7368=IFCPRODUCTDEFINITIONSHAPE($,$,(#1139));
#7369=IFCBUILDINGELEMENTPROXY('32BekN$gb8i8Li$HzWDG$r',#5,'NL.IMGeo.G0772.2fd763fd71504a4ebbf7ed7154eb32e7',$,$,#7367,#7368,$,$);
#7370=IFCRELDEFINESBYPROPERTIES('2coFp_3KX8JwhgzlfFuRNG',#5,$,$,(#7369),#2466);
#7371=IFCCARTESIANPOINT((-125.636944386293,-179.925540925527,0.));
#7372=IFCAXIS2PLACEMENT3D(#7371,$,$);
#7373=IFCLOCALPLACEMENT(#27,#7372);
#7374=IFCPRODUCTDEFINITIONSHAPE($,$,(#1140));
#7375=IFCBUILDINGELEMENTPROXY('23GA4oLZf6VAxQ7I2V1KPx',#5,'NL.IMGeo.G0772.3413c2db42d9464ea300230f5b5f7ead',$,$,#7373,#7374,$,$);
#7376=IFCRELDEFINESBYPROPERTIES('1CxufmhZbCcuzIoCD0Skm_',#5,$,$,(#7375),#2476);
#7377=IFCCARTESIANPOINT((-248.876186653768,-14.7213761768071,0.));
#7378=IFCAXIS2PLACEMENT3D(#7377,$,$);
#7379=IFCLOCALPLACEMENT(#27,#7378);
#7380=IFCPRODUCTDEFINITIONSHAPE($,$,(#1141));
#7381=IFCBUILDINGELEMENTPROXY('0Vjk$CrdzD_Q2Ayf5kddpn',#5,'NL.IMGeo.G0772.386427e411bb47e59f42ad3f461e770c',$,$,#7379,#7380,$,$);
#7382=IFCRELDEFINESBYPROPERTIES('3xdFYR2Rv7sf9qGpFvpgVR',#5,$,$,(#7381),#2486);
#7383=IFCCARTESIANPOINT((-72.0541959454131,-129.52255093964,0.));
#7384=IFCAXIS2PLACEMENT3D(#7383,$,$);
#7385=IFCLOCALPLACEMENT(#27,#7384);
#7386=IFCPRODUCTDEFINITIONSHAPE($,$,(#1142));
#7387=IFCBUILDINGELEMENTPROXY('3tVr6aTBTDiOPoz_fkfaTb',#5,'NL.IMGeo.G0772.3c909994c56749f0981ed939ddd57d5d',$,$,#7385,#7386,$,$);
#7388=IFCRELDEFINESBYPROPERTIES('30YIYSlxn1CA8LhBuQ8Clg',#5,$,$,(#7387),#2496);
#7389=IFCCARTESIANPOINT((-48.1007433774939,-108.921915996063,0.));
#7390=IFCAXIS2PLACEMENT3D(#7389,$,$);
#7391=IFCLOCALPLACEMENT(#27,#7390);
#7392=IFCPRODUCTDEFINITIONSHAPE($,$,(#1143));
#7393=IFCBUILDINGELEMENTPROXY('0$wzYhQcTE$vb3Tqri4CXS',#5,'NL.IMGeo.G0772.3df271feab2f4fbb8021d9a77743be59',$,$,#7391,#7392,$,$);
#7394=IFCRELDEFINESBYPROPERTIES('2BKAex1qzFMQdk8J5lrW3G',#5,$,$,(#7393),#2506);
#7395=IFCCARTESIANPOINT((-128.773295957682,-171.762010817823,0.));
#7396=IFCAXIS2PLACEMENT3D(#7395,$,$);
#7397=IFCLOCALPLACEMENT(#27,#7396);
#7398=IFCPRODUCTDEFINITIONSHAPE($,$,(#1144));
#7399=IFCBUILDINGELEMENTPROXY('10pnCKfUTAngH5im5YfuoM',#5,'NL.IMGeo.G0772.3e62287b5b744af8b58117edeb430a86',$,$,#7397,#7398,$,$);
#7400=IFCRELDEFINESBYPROPERTIES('0B75bLk7b1iOZW0nptS41S',#5,$,$,(#7399),#2516);
#7401=IFCCARTESIANPOINT((-152.53203393743,-161.322854021972,0.));
#7402=IFCAXIS2PLACEMENT3D(#7401,$,$);
#7403=IFCLOCALPLACEMENT(#27,#7402);
#7404=IFCPRODUCTDEFINITIONSHAPE($,$,(#1145));
#7405=IFCBUILDINGELEMENTPROXY('3O5iOTBmb6Nwk10JqyUm8j',#5,'NL.IMGeo.G0772.3edb5554606f427ab41f2fa89892e8db',$,$,#7403,#7404,$,$);
#7406=IFCRELDEFINESBYPROPERTIES('26tKcoTDz8L8B7E6swEU4K',#5,$,$,(#7405),#2526);
#7407=IFCCARTESIANPOINT((-124.598612748552,-5.82947484875331,0.));
#7408=IFCAXIS2PLACEMENT3D(#7407,$,$);
#7409=IFCLOCALPLACEMENT(#27,#7408);
#7410=IFCPRODUCTDEFINITIONSHAPE($,$,(#1146));
#7411=IFCBUILDINGELEMENTPROXY('0gM$fbp9P7Sxgp8s$WvuJf',#5,'NL.IMGeo.G0772.41f808d14a004952962d491d7cb0d6fc',$,$,#7409,#7410,$,$);
#7412=IFCRELDEFINESBYPROPERTIES('2RWVD1bO54BwP7JO0$etwy',#5,$,$,(#7411),#2536);
#7413=IFCCARTESIANPOINT((-179.991888582095,-6.59358113893541,0.));
#7414=IFCAXIS2PLACEMENT3D(#7413,$,$);
#7415=IFCLOCALPLACEMENT(#27,#7414);
#7416=IFCPRODUCTDEFINITIONSHAPE($,$,(#1147));
#7417=IFCBUILDINGELEMENTPROXY('2d1Xcv$$PEQR_akwCNtq9F',#5,'NL.IMGeo.G0772.44aa4b9252c6419d83aa11df5db123ca',$,$,#7415,#7416,$,$);
#7418=IFCRELDEFINESBYPROPERTIES('3E$n7zvC9ER8gVLjGSLiMZ',#5,$,$,(#7417),#2546);
#7419=IFCCARTESIANPOINT((-321.878992665559,-14.8225858667865,0.));
#7420=IFCAXIS2PLACEMENT3D(#7419,$,$);
#7421=IFCLOCALPLACEMENT(#27,#7420);
#7422=IFCPRODUCTDEFINITIONSHAPE($,$,(#1148));
#7423=IFCBUILDINGELEMENTPROXY('0t1nmnrd1Cw8fulwwnrAo8',#5,'NL.IMGeo.G0772.46dddfa714d1450b85721cce494ce912',$,$,#7421,#7422,$,$);
#7424=IFCRELDEFINESBYPROPERTIES('3vQ4Kl9wbEsPEoNDrGu9ag',#5,$,$,(#7423),#2556);
#7425=IFCCARTESIANPOINT((-11.13663482634,-103.946206296503,0.));
#7426=IFCAXIS2PLACEMENT3D(#7425,$,$);
#7427=IFCLOCALPLACEMENT(#27,#7426);
#7428=IFCPRODUCTDEFINITIONSHAPE($,$,(#1149));
#7429=IFCBUILDINGELEMENTPROXY('0U8NyBGtv5A92Jp45mGfJG',#5,'NL.IMGeo.G0772.4a8c37611cad40eda23a9b44a22ffd63',$,$,#7427,#7428,$,$);
#7430=IFCRELDEFINESBYPROPERTIES('0U91Tf2jX2pfRZbCbbMi9q',#5,$,$,(#7429),#2566);
#7431=IFCCARTESIANPOINT((-171.347968219285,-6.67557358316844,0.));
#7432=IFCAXIS2PLACEMENT3D(#7431,$,$);
#7433=IFCLOCALPLACEMENT(#27,#7432);
#7434=IFCPRODUCTDEFINITIONSHAPE($,$,(#1150));
#7435=IFCBUILDINGELEMENTPROXY('1oMs7OeKL6hQDx_yXbrBWT',#5,'NL.IMGeo.G0772.4f6ccfc5bc324f43939b19c15ca17877',$,$,#7433,#7434,$,$);
#7436=IFCRELDEFINESBYPROPERTIES('1I_LCjZRnDUgOdfiEnjFKz',#5,$,$,(#7435),#2576);
#7437=IFCCARTESIANPOINT((-59.1423885025142,-113.333409499843,0.));
#7438=IFCAXIS2PLACEMENT3D(#7437,$,$);
#7439=IFCLOCALPLACEMENT(#27,#7438);
#7440=IFCPRODUCTDEFINITIONSHAPE($,$,(#1151));
#7441=IFCBUILDINGELEMENTPROXY('23FsSrtbb8qA9f6QNFXZ$H',#5,'NL.IMGeo.G0772.4fdf10b60cf8449ea2951c4998020ac1',$,$,#7439,#7440,$,$);
#7442=IFCRELDEFINESBYPROPERTIES('2nw3h6$mrEHODmyNLhEb2Y',#5,$,$,(#7441),#2586);
#7443=IFCCARTESIANPOINT((-165.243133183714,-146.89919093129,0.));
#7444=IFCAXIS2PLACEMENT3D(#7443,$,$);
#7445=IFCLOCALPLACEMENT(#27,#7444);
#7446=IFCPRODUCTDEFINITIONSHAPE($,$,(#1152));
#7447=IFCBUILDINGELEMENTPROXY('3mXM23aLX6GhxhQyEId8Cm',#5,'NL.IMGeo.G0772.53179877fc9a42f4b87be4c11da1a234',$,$,#7445,#7446,$,$);
#7448=IFCRELDEFINESBYPROPERTIES('2znfv3ZPL7duC8MJCLcbS3',#5,$,$,(#7447),#2596);
#7449=IFCCARTESIANPOINT((-276.604860913707,-14.724340713874,0.));
#7450=IFCAXIS2PLACEMENT3D(#7449,$,$);
#7451=IFCLOCALPLACEMENT(#27,#7450);
#7452=IFCPRODUCTDEFINITIONSHAPE($,$,(#1153));
#7453=IFCBUILDINGELEMENTPROXY('04yklkrMPDDB5jTrni7F0j',#5,'NL.IMGeo.G0772.53547615d07f4ba7acbdd7cba0a049dd',$,$,#7451,#7452,$,$);
#7454=IFCRELDEFINESBYPROPERTIES('2FKdQQ23n6YfzesiM5bz9e',#5,$,$,(#7453),#2606);
#7455=IFCCARTESIANPOINT((-20.2767859684536,-97.4812151828664,0.));
#7456=IFCAXIS2PLACEMENT3D(#7455,$,$);
#7457=IFCLOCALPLACEMENT(#27,#7456);
#7458=IFCPRODUCTDEFINITIONSHAPE($,$,(#1154));
#7459=IFCBUILDINGELEMENTPROXY('0GxW77itjFWwNBnFi62MEl',#5,'NL.IMGeo.G0772.5365fbd1ab2a4494b2f73df5510b1e3b',$,$,#7457,#7458,$,$);
#7460=IFCRELDEFINESBYPROPERTIES('3fZxSBkHH9RgnZ0HduA1Q8',#5,$,$,(#7459),#2616);
#7461=IFCCARTESIANPOINT((-40.2747068014578,-96.0851609734236,0.));
#7462=IFCAXIS2PLACEMENT3D(#7461,$,$);
#7463=IFCLOCALPLACEMENT(#27,#7462);
#7464=IFCPRODUCTDEFINITIONSHAPE($,$,(#1155));
#7465=IFCBUILDINGELEMENTPROXY('3vkMasbOjFgvidgTR5SDVP',#5,'NL.IMGeo.G0772.538d7662f89f411fa1114d13203fdad1',$,$,#7463,#7464,$,$);
#7466=IFCRELDEFINESBYPROPERTIES('3sl6xfRlfFvfJ3zN3azRJn',#5,$,$,(#7465),#2626);
#7467=IFCCARTESIANPOINT((-6.44521881573019,-163.044598371198,0.));
#7468=IFCAXIS2PLACEMENT3D(#7467,$,$);
#7469=IFCLOCALPLACEMENT(#27,#7468);
#7470=IFCPRODUCTDEFINITIONSHAPE($,$,(#1156));
#7471=IFCBUILDINGELEMENTPROXY('3KdTxaaarEH93eDXCaWsZk',#5,'NL.IMGeo.G0772.59b436172f1f45999b79e7ea2d38fef2',$,$,#7469,#7470,$,$);
#7472=IFCRELDEFINESBYPROPERTIES('320SjouHb3AQtiPwXZ4P1e',#5,$,$,(#7471),#2636);
#7473=IFCCARTESIANPOINT((-172.878459903441,-159.452422144066,0.));
#7474=IFCAXIS2PLACEMENT3D(#7473,$,$);
#7475=IFCLOCALPLACEMENT(#27,#7474);
#7476=IFCPRODUCTDEFINITIONSHAPE($,$,(#1157));
#7477=IFCBUILDINGELEMENTPROXY('0G3tX_kJD5Tgceh4GQZw64',#5,'NL.IMGeo.G0772.62b34d2919cd4fe28dc0051d15284c5a',$,$,#7475,#7476,$,$);
#7478=IFCRELDEFINESBYPROPERTIES('0eFipQeFz3UQhnx4PHdEEQ',#5,$,$,(#7477),#2646);
#7479=IFCCARTESIANPOINT((-131.765247270116,-5.83109785296256,0.));
#7480=IFCAXIS2PLACEMENT3D(#7479,$,$);
#7481=IFCLOCALPLACEMENT(#27,#7480);
#7482=IFCPRODUCTDEFINITIONSHAPE($,$,(#1158));
#7483=IFCBUILDINGELEMENTPROXY('00GZ795vH4UPcCM9bTtRnj',#5,'NL.IMGeo.G0772.64bead693a754c419c9040b1a79dd296',$,$,#7481,#7482,$,$);
#7484=IFCRELDEFINESBYPROPERTIES('0FqSPzzeP6WuyphAETqqx$',#5,$,$,(#7483),#2656);
#7485=IFCCARTESIANPOINT((-56.5721121793613,-196.734937738918,0.));
#7486=IFCAXIS2PLACEMENT3D(#7485,$,$);
#7487=IFCLOCALPLACEMENT(#27,#7486);
#7488=IFCPRODUCTDEFINITIONSHAPE($,$,(#1159));
#7489=IFCBUILDINGELEMENTPROXY('3NJf5hCt54qRfaTIzj1QI7',#5,'NL.IMGeo.G0772.64d68af4e3e043aead0f902df9aa70d3',$,$,#7487,#7488,$,$);
#7490=IFCRELDEFINESBYPROPERTIES('1Z6$aU9ff9IAWOvS$4YPwC',#5,$,$,(#7489),#2666);
#7491=IFCCARTESIANPOINT((-101.255484281719,-120.889753913216,0.));
#7492=IFCAXIS2PLACEMENT3D(#7491,$,$);
#7493=IFCLOCALPLACEMENT(#27,#7492);
#7494=IFCPRODUCTDEFINITIONSHAPE($,$,(#1160));
#7495=IFCBUILDINGELEMENTPROXY('2MH$0VYDv7BR60w7w9pXLF',#5,'NL.IMGeo.G0772.66e3337a651b423f8542a70dc24e528c',$,$,#7493,#7494,$,$);
#7496=IFCRELDEFINESBYPROPERTIES('05D8Yemln2ROuKYPlnd4TP',#5,$,$,(#7495),#2676);
#7497=IFCCARTESIANPOINT((-248.974048467091,-6.78680019156309,0.));
#7498=IFCAXIS2PLACEMENT3D(#7497,$,$);
#7499=IFCLOCALPLACEMENT(#27,#7498);
#7500=IFCPRODUCTDEFINITIONSHAPE($,$,(#1161));
#7501=IFCBUILDINGELEMENTPROXY('32ARHccoL6KOFgrBS3Ycxg',#5,'NL.IMGeo.G0772.6a2ab644b1394abb8c5882e966f83158',$,$,#7499,#7500,$,$);
#7502=IFCRELDEFINESBYPROPERTIES('0QbX91rnr3G97as4pgbo18',#5,$,$,(#7501),#2686);
#7503=IFCCARTESIANPOINT((-255.837653439521,-6.73298771661939,0.));
#7504=IFCAXIS2PLACEMENT3D(#7503,$,$);
#7505=IFCLOCALPLACEMENT(#27,#7504);
#7506=IFCPRODUCTDEFINITIONSHAPE($,$,(#1162));
#7507=IFCBUILDINGELEMENTPROXY('3BFX86YYLDKOl0KwBKFPOe',#5,'NL.IMGeo.G0772.6a97a76154164324b36527db44ec141e',$,$,#7505,#7506,$,$);
#7508=IFCRELDEFINESBYPROPERTIES('1HcMQLs0XA2fHeRkwgNUOO',#5,$,$,(#7507),#2696);
#7509=IFCCARTESIANPOINT((-156.33893543345,-182.920653400535,0.));
#7510=IFCAXIS2PLACEMENT3D(#7509,$,$);
#7511=IFCLOCALPLACEMENT(#27,#7510);
#7512=IFCPRODUCTDEFINITIONSHAPE($,$,(#1163));
#7513=IFCBUILDINGELEMENTPROXY('0vfQlEoxb1bwL3BALW_f7P',#5,'NL.IMGeo.G0772.71964ed5467c4b0083e7423a0ce863ff',$,$,#7511,#7512,$,$);
#7514=IFCRELDEFINESBYPROPERTIES('0hd6WMgIj5OeKt13dkL5Es',#5,$,$,(#7513),#2706);
#7515=IFCCARTESIANPOINT((-235.79455213857,-14.7383293858147,0.));
#7516=IFCAXIS2PLACEMENT3D(#7515,$,$);
#7517=IFCLOCALPLACEMENT(#27,#7516);
#7518=IFCPRODUCTDEFINITIONSHAPE($,$,(#1164));
#7519=IFCBUILDINGELEMENTPROXY('1tBshC_n97UwztAuuwkXib',#5,'NL.IMGeo.G0772.725424f6348e43809d763d38329e6fc3',$,$,#7517,#7518,$,$);
#7520=IFCRELDEFINESBYPROPERTIES('3cp9zm4mL4PhsNEfT0ylZO',#5,$,$,(#7519),#2716);
#7521=IFCCARTESIANPOINT((-170.766315073444,-149.238679724338,0.));
#7522=IFCAXIS2PLACEMENT3D(#7521,$,$);
#7523=IFCLOCALPLACEMENT(#27,#7522);
#7524=IFCPRODUCTDEFINITIONSHAPE($,$,(#1165));
#7525=IFCBUILDINGELEMENTPROXY('2OffuZg$X0HQ0xHrQVZvhp',#5,'NL.IMGeo.G0772.7274193f016b403ca77ca2a8fca88724',$,$,#7523,#7524,$,$);
#7526=IFCRELDEFINESBYPROPERTIES('0xHjYtb1b7YehUaBo3a$XE',#5,$,$,(#7525),#2726);
#7527=IFCCARTESIANPOINT((-161.730810299312,-15.165353706514,0.));
#7528=IFCAXIS2PLACEMENT3D(#7527,$,$);
#7529=IFCLOCALPLACEMENT(#27,#7528);
#7530=IFCPRODUCTDEFINITIONSHAPE($,$,(#1166));
#7531=IFCBUILDINGELEMENTPROXY('0$YZ95qP93oA2SlT__P1Uw',#5,'NL.IMGeo.G0772.79fe9c0314ec491e89c8583d8887ac4d',$,$,#7529,#7530,$,$);
#7532=IFCRELDEFINESBYPROPERTIES('1kiT6lmeDARABXr_qrFY_$',#5,$,$,(#7531),#2736);
#7533=IFCCARTESIANPOINT((-269.708096779854,-6.72616551682586,0.));
#7534=IFCAXIS2PLACEMENT3D(#7533,$,$);
#7535=IFCLOCALPLACEMENT(#27,#7534);
#7536=IFCPRODUCTDEFINITIONSHAPE($,$,(#1167));
#7537=IFCBUILDINGELEMENTPROXY('2dk74tT695b9MiU$UeKlqG',#5,'NL.IMGeo.G0772.81cde2308da04c19aed08275f0d31435',$,$,#7535,#7536,$,$);
#7538=IFCRELDEFINESBYPROPERTIES('0XWnhPQRP8mvt9Zv9WklGx',#5,$,$,(#7537),#2746);
#7539=IFCCARTESIANPOINT((-34.737255168613,-93.852285380417,0.));
#7540=IFCAXIS2PLACEMENT3D(#7539,$,$);
#7541=IFCLOCALPLACEMENT(#27,#7540);
#7542=IFCPRODUCTDEFINITIONSHAPE($,$,(#1168));
#7543=IFCBUILDINGELEMENTPROXY('1UnA7_NJjChO7kbFQeyMGp',#5,'NL.IMGeo.G0772.82462d4b0cca468dba06a572904c70e6',$,$,#7541,#7542,$,$);
#7544=IFCRELDEFINESBYPROPERTIES('2j760zEgz89OGfN8IkyCLd',#5,$,$,(#7543),#2756);
#7545=IFCCARTESIANPOINT((-192.964637771423,-157.955990169256,0.));
#7546=IFCAXIS2PLACEMENT3D(#7545,$,$);
#7547=IFCLOCALPLACEMENT(#27,#7546);
#7548=IFCPRODUCTDEFINITIONSHAPE($,$,(#1169));
#7549=IFCBUILDINGELEMENTPROXY('2gIzgcdh14LgKjj0GmQZFp',#5,'NL.IMGeo.G0772.893ac4e2537a42a0a6c462cd75236b9f',$,$,#7547,#7548,$,$);
#7550=IFCRELDEFINESBYPROPERTIES('3UMYgDu3n54woO$hoMuAr_',#5,$,$,(#7549),#2766);
#7551=IFCCARTESIANPOINT((-100.253617059061,-139.899084939563,0.));
#7552=IFCAXIS2PLACEMENT3D(#7551,$,$);
#7553=IFCLOCALPLACEMENT(#27,#7552);
#7554=IFCPRODUCTDEFINITIONSHAPE($,$,(#1170));
#7555=IFCBUILDINGELEMENTPROXY('0at1QzZlnFORAQqtlcKGhG',#5,'NL.IMGeo.G0772.8b03e6a5a1324a0fbd59897f5e47361f',$,$,#7553,#7554,$,$);
#7556=IFCRELDEFINESBYPROPERTIES('0nh$mtY9f8jP1SEieS7sYk',#5,$,$,(#7555),#2776);
#7557=IFCCARTESIANPOINT((-269.808134184161,-14.80715837155,0.));
#7558=IFCAXIS2PLACEMENT3D(#7557,$,$);
#7559=IFCLOCALPLACEMENT(#27,#7558);
#7560=IFCPRODUCTDEFINITIONSHAPE($,$,(#1171));
#7561=IFCBUILDINGELEMENTPROXY('2m1C0yVtHCGwObJm$hQNSL',#5,'NL.IMGeo.G0772.8d17fdd236314676b4556b9071726ee4',$,$,#7559,#7560,$,$);
#7562=IFCRELDEFINESBYPROPERTIES('0weqvLAzDCqAOxbbnqrdS3',#5,$,$,(#7561),#2786);
#7563=IFCCARTESIANPOINT((-139.726735692966,-176.212808382872,0.));
#7564=IFCAXIS2PLACEMENT3D(#7563,$,$);
#7565=IFCLOCALPLACEMENT(#27,#7564);
#7566=IFCPRODUCTDEFINITIONSHAPE($,$,(#1172));
#7567=IFCBUILDINGELEMENTPROXY('0DeEUrfRXAnPHBD57uqAKL',#5,'NL.IMGeo.G0772.8f20e646e8594ecfbec838d6b8aeb731',$,$,#7565,#7566,$,$);
#7568=IFCRELDEFINESBYPROPERTIES('0Gso8azhP3jef3R4Lysy72',#5,$,$,(#7567),#2796);
#7569=IFCCARTESIANPOINT((-48.5625612417643,-138.780836091377,0.));
#7570=IFCAXIS2PLACEMENT3D(#7569,$,$);
#7571=IFCLOCALPLACEMENT(#27,#7570);
#7572=IFCPRODUCTDEFINITIONSHAPE($,$,(#1173));
#7573=IFCBUILDINGELEMENTPROXY('30ZTlM2xX3xhxuQkvFqxqI',#5,'NL.IMGeo.G0772.91100a14c6bd45a7bb162d1d295102fe',$,$,#7571,#7572,$,$);
#7574=IFCRELDEFINESBYPROPERTIES('2vb$gr7FX5hfCmS7boBJHB',#5,$,$,(#7573),#2806);
#7575=IFCCARTESIANPOINT((-53.7886694124609,-111.057413694623,0.));
#7576=IFCAXIS2PLACEMENT3D(#7575,$,$);
#7577=IFCLOCALPLACEMENT(#27,#7576);
#7578=IFCPRODUCTDEFINITIONSHAPE($,$,(#1174));
#7579=IFCBUILDINGELEMENTPROXY('26W4GOFW13OvFwULiZg6SO',#5,'NL.IMGeo.G0772.969a3861a2e040a1bc8e295484ff3f1f',$,$,#7577,#7578,$,$);
#7580=IFCRELDEFINESBYPROPERTIES('1BwX$CvGT8yw61qq$P2HV$',#5,$,$,(#7579),#2816);
#7581=IFCCARTESIANPOINT((-171.378808231937,-178.801380381221,0.));
#7582=IFCAXIS2PLACEMENT3D(#7581,$,$);
#7583=IFCLOCALPLACEMENT(#27,#7582);
#7584=IFCPRODUCTDEFINITIONSHAPE($,$,(#1175));
#7585=IFCBUILDINGELEMENTPROXY('1WgJo3kd9C3RGLofNMAX_f',#5,'NL.IMGeo.G0772.9881d862283643f1ac3ccc50109b5724',$,$,#7583,#7584,$,$);
#7586=IFCRELDEFINESBYPROPERTIES('2sPB_FMnr3bRQT1bye3tXT',#5,$,$,(#7585),#2826);
#7587=IFCCARTESIANPOINT((-314.934803938464,-6.75461877946509,0.));
#7588=IFCAXIS2PLACEMENT3D(#7587,$,$);
#7589=IFCLOCALPLACEMENT(#27,#7588);
#7590=IFCPRODUCTDEFINITIONSHAPE($,$,(#1176));
#7591=IFCBUILDINGELEMENTPROXY('3iDBfS_VXFBxfAflw56Z2C',#5,'NL.IMGeo.G0772.a34b0cc52f304eb8883a577bb66b476b',$,$,#7589,#7590,$,$);
#7592=IFCRELDEFINESBYPROPERTIES('2fWAuBXdPFWgOb29XuBpQi',#5,$,$,(#7591),#2836);
#7593=IFCCARTESIANPOINT((-297.817874080531,-6.83805880276486,0.));
#7594=IFCAXIS2PLACEMENT3D(#7593,$,$);
#7595=IFCLOCALPLACEMENT(#27,#7594);
#7596=IFCPRODUCTDEFINITIONSHAPE($,$,(#1177));
#7597=IFCBUILDINGELEMENTPROXY('3uOD5VWvvDpvdq4VO4HX90',#5,'NL.IMGeo.G0772.a7ebea48cb8f4c0baa06444e2e02b58e',$,$,#7595,#7596,$,$);
#7598=IFCRELDEFINESBYPROPERTIES('3XpM56Sqn2cRU80q1GS00p',#5,$,$,(#7597),#2846);
#7599=IFCCARTESIANPOINT((-7.63793905245257,-112.413783569937,0.));
#7600=IFCAXIS2PLACEMENT3D(#7599,$,$);
#7601=IFCLOCALPLACEMENT(#27,#7600);
#7602=IFCPRODUCTDEFINITIONSHAPE($,$,(#1178));
#7603=IFCBUILDINGELEMENTPROXY('2pEH86CpXBjfE5zu1PMI5e',#5,'NL.IMGeo.G0772.b02ab71807c543929f065ca140f8f56a',$,$,#7601,#7602,$,$);
#7604=IFCRELDEFINESBYPROPERTIES('18BPZalXzCJRew3gvG34DM',#5,$,$,(#7603),#2856);
#7605=IFCCARTESIANPOINT((-66.4725437272282,-253.157769156387,0.));
#7606=IFCAXIS2PLACEMENT3D(#7605,$,$);
#7607=IFCLOCALPLACEMENT(#27,#7606);
#7608=IFCPRODUCTDEFINITIONSHAPE($,$,(#1179));
#7609=IFCBUILDINGELEMENTPROXY('1CEZPk74r4pPPKOcUbnkl9',#5,'NL.IMGeo.G0772.b40c3fdf599f4c85a979a58b3eb2e056',$,$,#7607,#7608,$,$);
#7610=IFCRELDEFINESBYPROPERTIES('2MyxJ7zbf9XeZ0KbqTRPpD',#5,$,$,(#7609),#2866);
#7611=IFCCARTESIANPOINT((-213.157720266405,-6.66734216042096,0.));
#7612=IFCAXIS2PLACEMENT3D(#7611,$,$);
#7613=IFCLOCALPLACEMENT(#27,#7612);
#7614=IFCPRODUCTDEFINITIONSHAPE($,$,(#1180));
#7615=IFCBUILDINGELEMENTPROXY('1Phv_0wob9_vJQURGgs_56',#5,'NL.IMGeo.G0772.bb9fc369debb40798884b0605f4d856e',$,$,#7613,#7614,$,$);
#7616=IFCRELDEFINESBYPROPERTIES('1_6et5XmT9i8lZN8Sc5OLA',#5,$,$,(#7615),#2876);
#7617=IFCCARTESIANPOINT((-143.501116393541,-167.607761763153,0.));
#7618=IFCAXIS2PLACEMENT3D(#7617,$,$);
#7619=IFCLOCALPLACEMENT(#27,#7618);
#7620=IFCPRODUCTDEFINITIONSHAPE($,$,(#1181));
#7621=IFCBUILDINGELEMENTPROXY('3VGqyxDJf4wv6OJsGqJwEt',#5,'NL.IMGeo.G0772.bc648f7ae4834f49a57eabc77da5e0df',$,$,#7619,#7620,$,$);
#7622=IFCRELDEFINESBYPROPERTIES('2i51RSDPTFDOEWb$5qLYXH',#5,$,$,(#7621),#2886);
#7623=IFCCARTESIANPOINT((-262.843767662329,-6.76499548146967,0.));
#7624=IFCAXIS2PLACEMENT3D(#7623,$,$);
#7625=IFCLOCALPLACEMENT(#27,#7624);
#7626=IFCPRODUCTDEFINITIONSHAPE($,$,(#1182));
#7627=IFCBUILDINGELEMENTPROXY('00QFPPbjH6QwIbv3escrai',#5,'NL.IMGeo.G0772.beaa08026a3a4f6fa230fef89b901f89',$,$,#7625,#7626,$,$);
#7628=IFCRELDEFINESBYPROPERTIES('0ZsETiskT3Yexpvq02YjdP',#5,$,$,(#7627),#2896);
#7629=IFCCARTESIANPOINT((-135.98018375595,-154.600078139221,0.));
#7630=IFCAXIS2PLACEMENT3D(#7629,$,$);
#7631=IFCLOCALPLACEMENT(#27,#7630);
#7632=IFCPRODUCTDEFINITIONSHAPE($,$,(#1183));
#7633=IFCBUILDINGELEMENTPROXY('22IRtGErT9IeraM1rTpAHW',#5,'NL.IMGeo.G0772.c341ff97e3364801a2b3a0fcb3fa3c76',$,$,#7631,#7632,$,$);
#7634=IFCRELDEFINESBYPROPERTIES('0BAuwEOoXCEPowwXQ4V3mz',#5,$,$,(#7633),#2906);
#7635=IFCCARTESIANPOINT((-70.126741495973,-117.765092398564,0.));
#7636=IFCAXIS2PLACEMENT3D(#7635,$,$);
#7637=IFCLOCALPLACEMENT(#27,#7636);
#7638=IFCPRODUCTDEFINITIONSHAPE($,$,(#1184));
#7639=IFCBUILDINGELEMENTPROXY('2jfsp6ntXA9eWWTFEcTgQO',#5,'NL.IMGeo.G0772.c51172048a1441d79c8fd140b55423d9',$,$,#7637,#7638,$,$);
#7640=IFCRELDEFINESBYPROPERTIES('3zERp$oon9cQpo3lSF8Z0C',#5,$,$,(#7639),#2916);
#7641=IFCCARTESIANPOINT((-136.649929000763,-184.286759434151,0.));
#7642=IFCAXIS2PLACEMENT3D(#7641,$,$);
#7643=IFCLOCALPLACEMENT(#27,#7642);
#7644=IFCPRODUCTDEFINITIONSHAPE($,$,(#1185));
#7645=IFCBUILDINGELEMENTPROXY('2$gp5RX$9CBgvQ7Ko42iG8',#5,'NL.IMGeo.G0772.cb08fcf8892a445686221154ebdd9614',$,$,#7643,#7644,$,$);
#7646=IFCRELDEFINESBYPROPERTIES('1bS7nafyH1C8fbllbUN8tY',#5,$,$,(#7645),#2926);
#7647=IFCCARTESIANPOINT((-141.439085044985,-156.898021723435,0.));
#7648=IFCAXIS2PLACEMENT3D(#7647,$,$);
#7649=IFCLOCALPLACEMENT(#27,#7648);
#7650=IFCPRODUCTDEFINITIONSHAPE($,$,(#1186));
#7651=IFCBUILDINGELEMENTPROXY('0Tap8B2qfCCuYXTCtVeAJ5',#5,'NL.IMGeo.G0772.cd03ff8bf62f4e3a8cdeedf53a89bd7f',$,$,#7649,#7650,$,$);
#7652=IFCRELDEFINESBYPROPERTIES('105yX8j5j2B8sNmS9lWEIX',#5,$,$,(#7651),#2936);
#7653=IFCCARTESIANPOINT((-174.934014657832,-170.405158179055,0.));
#7654=IFCAXIS2PLACEMENT3D(#7653,$,$);
#7655=IFCLOCALPLACEMENT(#27,#7654);
#7656=IFCPRODUCTDEFINITIONSHAPE($,$,(#1187));
#7657=IFCBUILDINGELEMENTPROXY('14E66kVfj6y8aUYYmh3Srh',#5,'NL.IMGeo.G0772.cd6973e866484002ab1b32d1481c655a',$,$,#7655,#7656,$,$);
#7658=IFCRELDEFINESBYPROPERTIES('0lbdaLjGv8DOOSbMACoks2',#5,$,$,(#7657),#2946);
#7659=IFCCARTESIANPOINT((-290.872350576188,-6.62211146944901,0.));
#7660=IFCAXIS2PLACEMENT3D(#7659,$,$);
#7661=IFCLOCALPLACEMENT(#27,#7660);
#7662=IFCPRODUCTDEFINITIONSHAPE($,$,(#1188));
#7663=IFCBUILDINGELEMENTPROXY('1qsu89cEP0cR4vHTbL05Ou',#5,'NL.IMGeo.G0772.cf4769fdccf14d3998190579d6510d70',$,$,#7661,#7662,$,$);
#7664=IFCRELDEFINESBYPROPERTIES('0$U1Re2c90gQRTOv38boYb',#5,$,$,(#7663),#2956);
#7665=IFCCARTESIANPOINT((-49.9289912806416,-119.670787871932,0.));
#7666=IFCAXIS2PLACEMENT3D(#7665,$,$);
#7667=IFCLOCALPLACEMENT(#27,#7666);
#7668=IFCPRODUCTDEFINITIONSHAPE($,$,(#1189));
#7669=IFCBUILDINGELEMENTPROXY('1WHesGEe94bx2nkwRic41c',#5,'NL.IMGeo.G0772.d1486cff9db445b6b27b348232dfda5a',$,$,#7667,#7668,$,$);
#7670=IFCRELDEFINESBYPROPERTIES('0Sl9_uVe5Ad9da_f7uvcpg',#5,$,$,(#7669),#2966);
#7671=IFCCARTESIANPOINT((-83.1800223946339,-132.999490804155,0.));
#7672=IFCAXIS2PLACEMENT3D(#7671,$,$);
#7673=IFCLOCALPLACEMENT(#27,#7672);
#7674=IFCPRODUCTDEFINITIONSHAPE($,$,(#1190));
#7675=IFCBUILDINGELEMENTPROXY('3JULg0vHf3F9BvCSJHQSof',#5,'NL.IMGeo.G0772.d2c831ff4b234452823cd2d8552cf842',$,$,#7673,#7674,$,$);
#7676=IFCRELDEFINESBYPROPERTIES('2jWlcXmVv6phQ8fDGXZsyl',#5,$,$,(#7675),#2976);
#7677=IFCCARTESIANPOINT((-4.23907459070324,-120.589601166372,0.));
#7678=IFCAXIS2PLACEMENT3D(#7677,$,$);
#7679=IFCLOCALPLACEMENT(#27,#7678);
#7680=IFCPRODUCTDEFINITIONSHAPE($,$,(#1191));
#7681=IFCBUILDINGELEMENTPROXY('32lk3MCpvAqAbd$CKv2RXZ',#5,'NL.IMGeo.G0772.d575b4c8b8174e55b72f07e959f2b4dc',$,$,#7679,#7680,$,$);
#7682=IFCRELDEFINESBYPROPERTIES('1lrCRPj3HEz9Owgq$92x6N',#5,$,$,(#7681),#2986);
#7683=IFCCARTESIANPOINT((-117.063145385735,-5.94379292969825,0.));
#7684=IFCAXIS2PLACEMENT3D(#7683,$,$);
#7685=IFCLOCALPLACEMENT(#27,#7684);
#7686=IFCPRODUCTDEFINITIONSHAPE($,$,(#1192));
#7687=IFCBUILDINGELEMENTPROXY('0Lrq5dwaj7OAj8Icvqtc1H',#5,'NL.IMGeo.G0772.d5b2b7787bb04245ae703a2939da3c2a',$,$,#7685,#7686,$,$);
#7688=IFCRELDEFINESBYPROPERTIES('10SchFh3bCV9cM7gsbjLtR',#5,$,$,(#7687),#2996);
#7689=IFCCARTESIANPOINT((-120.204488682764,-198.362697404518,0.));
#7690=IFCAXIS2PLACEMENT3D(#7689,$,$);
#7691=IFCLOCALPLACEMENT(#27,#7690);
#7692=IFCPRODUCTDEFINITIONSHAPE($,$,(#1193));
#7693=IFCBUILDINGELEMENTPROXY('0Dk5dZOYTCaOJU9VMMPfsT',#5,'NL.IMGeo.G0772.d624cf3f5332416bac2305023b5561ed',$,$,#7691,#7692,$,$);
#7694=IFCRELDEFINESBYPROPERTIES('2ejCQquxP5EuMo2sxqMtMw',#5,$,$,(#7693),#3006);
#7695=IFCCARTESIANPOINT((-179.691708501516,-14.7087348601781,0.));
#7696=IFCAXIS2PLACEMENT3D(#7695,$,$);
#7697=IFCLOCALPLACEMENT(#27,#7696);
#7698=IFCPRODUCTDEFINITIONSHAPE($,$,(#1194));
#7699=IFCBUILDINGELEMENTPROXY('1vLs5IHML01Bf7Cjsvymug',#5,'NL.IMGeo.G0772.d8975423aec3451384118603050d4097',$,$,#7697,#7698,$,$);
#7700=IFCRELDEFINESBYPROPERTIES('1TAQ45V0j1GOsUTkpVR144',#5,$,$,(#7699),#3016);
#7701=IFCCARTESIANPOINT((-169.216456896655,-168.244862077234,0.));
#7702=IFCAXIS2PLACEMENT3D(#7701,$,$);
#7703=IFCLOCALPLACEMENT(#27,#7702);
#7704=IFCPRODUCTDEFINITIONSHAPE($,$,(#1195));
#7705=IFCBUILDINGELEMENTPROXY('1ZSlsX_Ef5YAta9rikDGkm',#5,'NL.IMGeo.G0772.da25fc54a09341a18914e5bacb55a5ef',$,$,#7703,#7704,$,$);
#7706=IFCRELDEFINESBYPROPERTIES('2IeNbwQu96C87$FXUn8r5k',#5,$,$,(#7705),#3026);
#7707=IFCCARTESIANPOINT((-13.0653336959949,-176.599808586179,0.));
#7708=IFCAXIS2PLACEMENT3D(#7707,$,$);
#7709=IFCLOCALPLACEMENT(#27,#7708);
#7710=IFCPRODUCTDEFINITIONSHAPE($,$,(#1196));
#7711=IFCBUILDINGELEMENTPROXY('3TSYISC_n9BRhlBpNOPuPl',#5,'NL.IMGeo.G0772.dcb8061a085c4f69ae070685b3ca480d',$,$,#7709,#7710,$,$);
#7712=IFCRELDEFINESBYPROPERTIES('0a4rMElWnB3fc6jiTGI1__',#5,$,$,(#7711),#3036);
#7713=IFCCARTESIANPOINT((-262.96456891534,-14.7080250707804,0.));
#7714=IFCAXIS2PLACEMENT3D(#7713,$,$);
#7715=IFCLOCALPLACEMENT(#27,#7714);
#7716=IFCPRODUCTDEFINITIONSHAPE($,$,(#1197));
#7717=IFCBUILDINGELEMENTPROXY('0NsY3vqO1DEOtZ89wjnNUn',#5,'NL.IMGeo.G0772.e65cd7f5912e4d4abf540a561b90ddb7',$,$,#7715,#7716,$,$);
#7718=IFCRELDEFINESBYPROPERTIES('2qJHrEfLPEbxeKBxTNHhpH',#5,$,$,(#7717),#3046);
#7719=IFCCARTESIANPOINT((-23.4844333656947,-182.369740221126,0.));
#7720=IFCAXIS2PLACEMENT3D(#7719,$,$);
#7721=IFCLOCALPLACEMENT(#27,#7720);
#7722=IFCPRODUCTDEFINITIONSHAPE($,$,(#1198));
#7723=IFCBUILDINGELEMENTPROXY('0DDizc1Kz2$vYroNf2dHEy',#5,'NL.IMGeo.G0772.e81ded092b6c4037bda44d23908a0fce',$,$,#7721,#7722,$,$);
#7724=IFCRELDEFINESBYPROPERTIES('1BfNW4O$L6mBT9XB0U3llN',#5,$,$,(#7723),#3056);
#7725=IFCCARTESIANPOINT((-205.862737258052,-6.64088639698457,0.));
#7726=IFCAXIS2PLACEMENT3D(#7725,$,$);
#7727=IFCLOCALPLACEMENT(#27,#7726);
#7728=IFCPRODUCTDEFINITIONSHAPE($,$,(#1199));
#7729=IFCBUILDINGELEMENTPROXY('11rZDCLAn50u_RdJJY5OQE',#5,'NL.IMGeo.G0772.e8a2237c3f7d4d78bc6e7c3af1025c5b',$,$,#7727,#7728,$,$);
#7730=IFCRELDEFINESBYPROPERTIES('0xwbsIZ7D2RAiPYbo4qEqH',#5,$,$,(#7729),#3066);
#7731=IFCCARTESIANPOINT((-155.421345714392,-15.3081180276931,0.));
#7732=IFCAXIS2PLACEMENT3D(#7731,$,$);
#7733=IFCLOCALPLACEMENT(#27,#7732);
#7734=IFCPRODUCTDEFINITIONSHAPE($,$,(#1200));
#7735=IFCBUILDINGELEMENTPROXY('3VYhL$W35Epu47j0XJ09YR',#5,'NL.IMGeo.G0772.eca432c919df458cbc3adf997ec7d9db',$,$,#7733,#7734,$,$);
#7736=IFCRELDEFINESBYPROPERTIES('3_BC8emaHFxwP7HK2wWbZR',#5,$,$,(#7735),#3076);
#7737=IFCCARTESIANPOINT((-247.66448250832,-37.2066902965889,0.));
#7738=IFCAXIS2PLACEMENT3D(#7737,$,$);
#7739=IFCLOCALPLACEMENT(#27,#7738);
#7740=IFCPRODUCTDEFINITIONSHAPE($,$,(#1201));
#7741=IFCBUILDINGELEMENTPROXY('18QhWLMo55cQwmp2nLaPiW',#5,'NL.IMGeo.G0772.f5ecf74ec7114dacb406b5ce9ce0ad64',$,$,#7739,#7740,$,$);
#7742=IFCRELDEFINESBYPROPERTIES('1N$Jm1TkD0BB6QlJxfN8HC',#5,$,$,(#7741),#3086);
#7743=IFCCARTESIANPOINT((-126.894422475918,-161.030403089244,0.));
#7744=IFCAXIS2PLACEMENT3D(#7743,$,$);
#7745=IFCLOCALPLACEMENT(#27,#7744);
#7746=IFCPRODUCTDEFINITIONSHAPE($,$,(#1202));
#7747=IFCBUILDINGELEMENTPROXY('09X3$U81L7eQT2PEXpYHEy',#5,'NL.IMGeo.G0772.f9c57ab0aa53470381e38606587edacb',$,$,#7745,#7746,$,$);
#7748=IFCRELDEFINESBYPROPERTIES('37zT$84Mr8IQcxnKhSimkm',#5,$,$,(#7747),#3096);
#7749=IFCCARTESIANPOINT((-95.5886381005985,-118.55240319937,0.));
#7750=IFCAXIS2PLACEMENT3D(#7749,$,$);
#7751=IFCLOCALPLACEMENT(#27,#7750);
#7752=IFCPRODUCTDEFINITIONSHAPE($,$,(#1203));
#7753=IFCBUILDINGELEMENTPROXY('3bZ1h0ug9FDg5CupajMJVW',#5,'NL.IMGeo.G0772.fd408e9dcbbf4a6ab85209b870ce8da5',$,$,#7751,#7752,$,$);
#7754=IFCRELDEFINESBYPROPERTIES('20_ZMqTbrEHhw5L2VnixS5',#5,$,$,(#7753),#3106);
#7755=IFCCARTESIANPOINT((34.7115919930802,-165.98552765412,0.));
#7756=IFCAXIS2PLACEMENT3D(#7755,$,$);
#7757=IFCLOCALPLACEMENT(#27,#7756);
#7758=IFCPRODUCTDEFINITIONSHAPE($,$,(#1204));
#7759=IFCBUILDINGELEMENTPROXY('37Mn_gmm99RQmfW0ztQenI',#5,'NL.IMGeo.G0772.fe9e71c7572b4512b17a9afb1105ccba',$,$,#7757,#7758,$,$);
#7760=IFCRELDEFINESBYPROPERTIES('09x2eatarBIR1RtGNl9xGc',#5,$,$,(#7759),#3116);
#7761=IFCCARTESIANPOINT((-283.82876574414,-6.61854581144871,0.));
#7762=IFCAXIS2PLACEMENT3D(#7761,$,$);
#7763=IFCLOCALPLACEMENT(#27,#7762);
#7764=IFCPRODUCTDEFINITIONSHAPE($,$,(#1205));
#7765=IFCBUILDINGELEMENTPROXY('1FToLupKD1J8J5dfzBAi_I',#5,'NL.IMGeo.G0772.00b4ef7c5ff84b589c8999f337b21543',$,$,#7763,#7764,$,$);
#7766=IFCRELDEFINESBYPROPERTIES('2Ica0RSwvClPI4EMwQQzcK',#5,$,$,(#7765),#3126);
#7767=IFCCARTESIANPOINT((-75.8040414915595,-120.074305632676,0.));
#7768=IFCAXIS2PLACEMENT3D(#7767,$,$);
#7769=IFCLOCALPLACEMENT(#27,#7768);
#7770=IFCPRODUCTDEFINITIONSHAPE($,$,(#1206));
#7771=IFCBUILDINGELEMENTPROXY('3k5YUZCSr1V8kyLTiZHwZu',#5,'NL.IMGeo.G0772.02a0047f29454b6a8e12248ec53aa02b',$,$,#7769,#7770,$,$);
#7772=IFCRELDEFINESBYPROPERTIES('2bpfYvmIv29hZ4Qs8EDgdm',#5,$,$,(#7771),#3136);
#7773=IFCCARTESIANPOINT((13.1290221953823,-162.219809405506,0.));
#7774=IFCAXIS2PLACEMENT3D(#7773,$,$);
#7775=IFCLOCALPLACEMENT(#27,#7774);
#7776=IFCPRODUCTDEFINITIONSHAPE($,$,(#1207));
#7777=IFCBUILDINGELEMENTPROXY('0wbl2fnFf5zO9zD3Y$LP1q',#5,'NL.IMGeo.G0772.03eddfde7e084fc28d396b91f82594d7',$,$,#7775,#7776,$,$);
#7778=IFCRELDEFINESBYPROPERTIES('3xfXvyS7PBju8AaQA2sBPD',#5,$,$,(#7777),#3146);
#7779=IFCCARTESIANPOINT((-103.602166036173,-131.548092139361,0.));
#7780=IFCAXIS2PLACEMENT3D(#7779,$,$);
#7781=IFCLOCALPLACEMENT(#27,#7780);
#7782=IFCPRODUCTDEFINITIONSHAPE($,$,(#1208));
#7783=IFCBUILDINGELEMENTPROXY('2rYacnP2XEwgKKgfKUWDr_',#5,'NL.IMGeo.G0772.0ff36544596545098628794072b4d787',$,$,#7781,#7782,$,$);
#7784=IFCRELDEFINESBYPROPERTIES('0EzjHwq5n3Hfqyn1Isckps',#5,$,$,(#7783),#3156);
#7785=IFCCARTESIANPOINT((-18.3426179876842,-179.440352636972,0.));
#7786=IFCAXIS2PLACEMENT3D(#7785,$,$);
#7787=IFCLOCALPLACEMENT(#27,#7786);
#7788=IFCPRODUCTDEFINITIONSHAPE($,$,(#1209));
#7789=IFCBUILDINGELEMENTPROXY('1A62oIyIb80B5jcB0BUf7d',#5,'NL.IMGeo.G0772.115ceb1a09034b16ba42c941e77b561a',$,$,#7787,#7788,$,$);
#7790=IFCRELDEFINESBYPROPERTIES('2T8PI_txrBYed2BovxK59a',#5,$,$,(#7789),#3166);
#7791=IFCCARTESIANPOINT((-25.8601276807603,-99.7397052367451,0.));
#7792=IFCAXIS2PLACEMENT3D(#7791,$,$);
#7793=IFCLOCALPLACEMENT(#27,#7792);
#7794=IFCPRODUCTDEFINITIONSHAPE($,$,(#1210));
#7795=IFCBUILDINGELEMENTPROXY('1l47FPWZXDTApcJ4O3xMM0',#5,'NL.IMGeo.G0772.124638dfebe54b6ba6c4203b4860c859',$,$,#7793,#7794,$,$);
#7796=IFCRELDEFINESBYPROPERTIES('25tR5jS2P8eBv2lfbdcJzX',#5,$,$,(#7795),#3176);
#7797=IFCCARTESIANPOINT((-198.44728571325,-160.190112938115,0.));
#7798=IFCAXIS2PLACEMENT3D(#7797,$,$);
#7799=IFCLOCALPLACEMENT(#27,#7798);
#7800=IFCPRODUCTDEFINITIONSHAPE($,$,(#1211));
#7801=IFCBUILDINGELEMENTPROXY('29g1pKSWjFKekYMzUWsSDz',#5,'NL.IMGeo.G0772.15d15304b95648268a32f5973d1995d1',$,$,#7799,#7800,$,$);
#7802=IFCRELDEFINESBYPROPERTIES('0Mx2U2i9n2dgW2mpC9u6Ld',#5,$,$,(#7801),#3186);
#7803=IFCCARTESIANPOINT((-154.650524292869,-172.165022836998,0.));
#7804=IFCAXIS2PLACEMENT3D(#7803,$,$);
#7805=IFCLOCALPLACEMENT(#27,#7804);
#7806=IFCPRODUCTDEFINITIONSHAPE($,$,(#1212));
#7807=IFCBUILDINGELEMENTPROXY('3hRXICyNX2jw8_DJWsEXMU',#5,'NL.IMGeo.G0772.19c33de220274724848c03c03c4f16c0',$,$,#7805,#7806,$,$);
#7808=IFCRELDEFINESBYPROPERTIES('0Ucg7Tjqj48v3aVsVZoQIq',#5,$,$,(#7807),#3196);
#7809=IFCCARTESIANPOINT((-148.370104091271,-139.936040118162,0.));
#7810=IFCAXIS2PLACEMENT3D(#7809,$,$);
#7811=IFCLOCALPLACEMENT(#27,#7810);
#7812=IFCPRODUCTDEFINITIONSHAPE($,$,(#1213));
#7813=IFCBUILDINGELEMENTPROXY('0rUyLS4Nf6d89E8_$o2syN',#5,'NL.IMGeo.G0772.19c4c4ef09ea41829e4a747ae002c4a0',$,$,#7811,#7812,$,$);
#7814=IFCRELDEFINESBYPROPERTIES('3LT8JyeEr0mRhHaJQQlNd_',#5,$,$,(#7813),#3206);
#7815=IFCCARTESIANPOINT((-11.6436997817655,-165.862119914324,0.));
#7816=IFCAXIS2PLACEMENT3D(#7815,$,$);
#7817=IFCLOCALPLACEMENT(#27,#7816);
#7818=IFCPRODUCTDEFINITIONSHAPE($,$,(#1214));
#7819=IFCBUILDINGELEMENTPROXY('3jcn_53315Y9h7qvOCiEff',#5,'NL.IMGeo.G0772.1a748a9ea4b54f99a22445c222e00fbb',$,$,#7817,#7818,$,$);
#7820=IFCRELDEFINESBYPROPERTIES('0RaCZ5Gs5D0wGjSSjvOXvq',#5,$,$,(#7819),#3216);
#7821=IFCCARTESIANPOINT((-134.257420856826,-173.972835118941,0.));
#7822=IFCAXIS2PLACEMENT3D(#7821,$,$);
#7823=IFCLOCALPLACEMENT(#27,#7822);
#7824=IFCPRODUCTDEFINITIONSHAPE($,$,(#1215));
#7825=IFCBUILDINGELEMENTPROXY('0HkIInNZjCmuUkU42U_B7L',#5,'NL.IMGeo.G0772.1e47d218a2de4ea3afc55bba1f591951',$,$,#7823,#7824,$,$);
#7826=IFCRELDEFINESBYPROPERTIES('3QC2H2Pfr4Sx28skQZSJ2R',#5,$,$,(#7825),#3226);
#7827=IFCCARTESIANPOINT((32.1636937225412,-159.778086683538,0.));
#7828=IFCAXIS2PLACEMENT3D(#7827,$,$);
#7829=IFCLOCALPLACEMENT(#27,#7828);
#7830=IFCPRODUCTDEFINITIONSHAPE($,$,(#1216));
#7831=IFCBUILDINGELEMENTPROXY('3sR9c_6fP3NROiXt4Ppn1I',#5,'NL.IMGeo.G0772.1e9f9bb715f642d4a42c758a4e1bf6a0',$,$,#7829,#7830,$,$);
#7832=IFCRELDEFINESBYPROPERTIES('3Vq6WizTD1Vuj3ysIRTiGa',#5,$,$,(#7831),#3236);
#7833=IFCCARTESIANPOINT((-167.394254469691,-157.181932161737,0.));
#7834=IFCAXIS2PLACEMENT3D(#7833,$,$);
#7835=IFCLOCALPLACEMENT(#27,#7834);
#7836=IFCPRODUCTDEFINITIONSHAPE($,$,(#1217));
#7837=IFCBUILDINGELEMENTPROXY('1$CgHGQ_f2rwGV4bj2tjmc',#5,'NL.IMGeo.G0772.22cab86763894e94b7027205c897d3af',$,$,#7835,#7836,$,$);
#7838=IFCRELDEFINESBYPROPERTIES('1qT0Oe1HnEmRy9kKXyTKRa',#5,$,$,(#7837),#3246);
#7839=IFCCARTESIANPOINT((-321.888976472372,-6.7725176482345,0.));
#7840=IFCAXIS2PLACEMENT3D(#7839,$,$);
#7841=IFCLOCALPLACEMENT(#27,#7840);
#7842=IFCPRODUCTDEFINITIONSHAPE($,$,(#1218));
#7843=IFCBUILDINGELEMENTPROXY('0YN2LeE3X8TP_U1k9oodsK',#5,'NL.IMGeo.G0772.22cf532b226b4d6aaeed5fa1ab07c51c',$,$,#7841,#7842,$,$);
#7844=IFCRELDEFINESBYPROPERTIES('3t67WTuhn6mRnWy0dLJjjg',#5,$,$,(#7843),#3256);
#7845=IFCCARTESIANPOINT((-28.871710201347,-185.294472396316,0.));
#7846=IFCAXIS2PLACEMENT3D(#7845,$,$);
#7847=IFCLOCALPLACEMENT(#27,#7846);
#7848=IFCPRODUCTDEFINITIONSHAPE($,$,(#1219));
#7849=IFCBUILDINGELEMENTPROXY('0rQ2U3UgX4uRliXd0xMGIC',#5,'NL.IMGeo.G0772.23113723255342a69c573c0577e89602',$,$,#7847,#7848,$,$);
#7850=IFCRELDEFINESBYPROPERTIES('2KL0dOEML7lP92we8LdQzI',#5,$,$,(#7849),#3266);
#7851=IFCCARTESIANPOINT((-161.936570089281,-185.238722911978,0.));
#7852=IFCAXIS2PLACEMENT3D(#7851,$,$);
#7853=IFCLOCALPLACEMENT(#27,#7852);
#7854=IFCPRODUCTDEFINITIONSHAPE($,$,(#1220));
#7855=IFCBUILDINGELEMENTPROXY('00zDxpl3550Pw$mmDjTjDk',#5,'NL.IMGeo.G0772.2665203d8fe04284af696ed10533ce59',$,$,#7853,#7854,$,$);
#7856=IFCRELDEFINESBYPROPERTIES('0LKhXtqxz5GRpm7GUW1_Jy',#5,$,$,(#7855),#3276);
#7857=IFCCARTESIANPOINT((-335.911232147628,-14.7869191091158,0.));
#7858=IFCAXIS2PLACEMENT3D(#7857,$,$);
#7859=IFCLOCALPLACEMENT(#27,#7858);
#7860=IFCPRODUCTDEFINITIONSHAPE($,$,(#1221));
#7861=IFCBUILDINGELEMENTPROXY('0rXWPa8af6pOz9vv$bVgWg',#5,'NL.IMGeo.G0772.27bad2d52b7e453d93e60c91f414827f',$,$,#7859,#7860,$,$);
#7862=IFCRELDEFINESBYPROPERTIES('3mRkb$pazEXvMPHPWp88pK',#5,$,$,(#7861),#3286);
#7863=IFCCARTESIANPOINT((-185.611841911887,-6.7220201161108,0.));
#7864=IFCAXIS2PLACEMENT3D(#7863,$,$);
#7865=IFCLOCALPLACEMENT(#27,#7864);
#7866=IFCPRODUCTDEFINITIONSHAPE($,$,(#1222));
#7867=IFCBUILDINGELEMENTPROXY('2_uUTDemr5JeJkfCTL027b',#5,'NL.IMGeo.G0772.2a53fdcceb10442cb9ec2b1e8ad79b87',$,$,#7865,#7866,$,$);
#7868=IFCRELDEFINESBYPROPERTIES('1w5q2sSuH3DA0xF3kFzJjY',#5,$,$,(#7867),#3296);
#7869=IFCCARTESIANPOINT((-62.748683936923,-134.7909298421,0.));
#7870=IFCAXIS2PLACEMENT3D(#7869,$,$);
#7871=IFCLOCALPLACEMENT(#27,#7870);
#7872=IFCPRODUCTDEFINITIONSHAPE($,$,(#1223));
#7873=IFCBUILDINGELEMENTPROXY('2CZJtIuJDDVA4xuJzVNVZ8',#5,'NL.IMGeo.G0772.2af2f86fd09f49dd9d73401c8cbceded',$,$,#7871,#7872,$,$);
#7874=IFCRELDEFINESBYPROPERTIES('1MqUFH1qj2g8VdRrH887zd',#5,$,$,(#7873),#3306);
#7875=IFCCARTESIANPOINT((-213.464191027131,-14.7357544994447,0.));
#7876=IFCAXIS2PLACEMENT3D(#7875,$,$);
#7877=IFCLOCALPLACEMENT(#27,#7876);
#7878=IFCPRODUCTDEFINITIONSHAPE($,$,(#1224));
#7879=IFCBUILDINGELEMENTPROXY('1SxKfwtaf8bvvidZ_hOgmh',#5,'NL.IMGeo.G0772.2e4460a9ceea4f5789a550dcaf1be30c',$,$,#7877,#7878,$,$);
#7880=IFCRELDEFINESBYPROPERTIES('3gMkaJtcTDkvoBU5b09_lg',#5,$,$,(#7879),#3316);
#7881=IFCCARTESIANPOINT((-328.883883846283,-6.696940997208,0.));
#7882=IFCAXIS2PLACEMENT3D(#7881,$,$);
#7883=IFCLOCALPLACEMENT(#27,#7882);
#7884=IFCPRODUCTDEFINITIONSHAPE($,$,(#1225));
#7885=IFCBUILDINGELEMENTPROXY('2yZ$PNHDf4tQ_wwgzZ5Mdz',#5,'NL.IMGeo.G0772.30f0784b43974cd1b2c894219fe0a3d2',$,$,#7883,#7884,$,$);
#7886=IFCRELDEFINESBYPROPERTIES('3A8F3czITEa8eQketRlXkm',#5,$,$,(#7885),#3326);
#7887=IFCCARTESIANPOINT((-72.2065370445198,-128.573089413519,0.));
#7888=IFCAXIS2PLACEMENT3D(#7887,$,$);
#7889=IFCLOCALPLACEMENT(#27,#7888);
#7890=IFCPRODUCTDEFINITIONSHAPE($,$,(#1226));
#7891=IFCBUILDINGELEMENTPROXY('0hMyPGIxz8yhvSAqZgpMWc',#5,'NL.IMGeo.G0772.3111e5d1672a4dcd8d1154347571ec21',$,$,#7889,#7890,$,$);
#7892=IFCRELDEFINESBYPROPERTIES('2rFZGXw1L72vWBRdok_5vr',#5,$,$,(#7891),#3336);
#7893=IFCCARTESIANPOINT((-163.72907914457,-166.008164644358,0.));
#7894=IFCAXIS2PLACEMENT3D(#7893,$,$);
#7895=IFCLOCALPLACEMENT(#27,#7894);
#7896=IFCPRODUCTDEFINITIONSHAPE($,$,(#1227));
#7897=IFCBUILDINGELEMENTPROXY('1V2BioSAf9dwN7CWWz2Z$Q',#5,'NL.IMGeo.G0772.31c28f1009d84596b0151b2345cf36bb',$,$,#7895,#7896,$,$);
#7898=IFCRELDEFINESBYPROPERTIES('2_iPLkh_TByO4YB1w3v47h',#5,$,$,(#7897),#3346);
#7899=IFCCARTESIANPOINT((-51.3702189800388,-100.596170006378,0.));
#7900=IFCAXIS2PLACEMENT3D(#7899,$,$);
#7901=IFCLOCALPLACEMENT(#27,#7900);
#7902=IFCPRODUCTDEFINITIONSHAPE($,$,(#1228));
#7903=IFCBUILDINGELEMENTPROXY('2cjDejgNP5aPbxbFtdTXME',#5,'NL.IMGeo.G0772.3512caa3dd684d01810ded8d11dea75c',$,$,#7901,#7902,$,$);
#7904=IFCRELDEFINESBYPROPERTIES('0ZNsC7DHz7LxUoci32GT6C',#5,$,$,(#7903),#3356);
#7905=IFCCARTESIANPOINT((4.34575952257728,-157.468445620209,0.));
#7906=IFCAXIS2PLACEMENT3D(#7905,$,$);
#7907=IFCLOCALPLACEMENT(#27,#7906);
#7908=IFCPRODUCTDEFINITIONSHAPE($,$,(#1229));
#7909=IFCBUILDINGELEMENTPROXY('2zZUsKFdb6Tv$PAAgeV5oO',#5,'NL.IMGeo.G0772.35313c1a58f34397b2e0a0747fe0120c',$,$,#7907,#7908,$,$);
#7910=IFCRELDEFINESBYPROPERTIES('1zWhrwhp12ZfWrX$KBFbru',#5,$,$,(#7909),#3366);
#7911=IFCCARTESIANPOINT((-153.74580376083,-5.79231180011993,0.));
#7912=IFCAXIS2PLACEMENT3D(#7911,$,$);
#7913=IFCLOCALPLACEMENT(#27,#7912);
#7914=IFCPRODUCTDEFINITIONSHAPE($,$,(#1230));
#7915=IFCBUILDINGELEMENTPROXY('30N74fr8j9WwggbJHycoxo',#5,'NL.IMGeo.G0772.3b3a2211a1574662aa9d2e31c894e259',$,$,#7913,#7914,$,$);
#7916=IFCRELDEFINESBYPROPERTIES('0ILu9bWX1AjR5xZx9a_Bg5',#5,$,$,(#7915),#3376);
#7917=IFCCARTESIANPOINT((-297.727098337986,-14.7576752558234,0.));
#7918=IFCAXIS2PLACEMENT3D(#7917,$,$);
#7919=IFCLOCALPLACEMENT(#27,#7918);
#7920=IFCPRODUCTDEFINITIONSHAPE($,$,(#1231));
#7921=IFCBUILDINGELEMENTPROXY('39TTKw0f16J8PAcX4tbbjB',#5,'NL.IMGeo.G0772.3b90131f59f948e791a7a04a870a7e37',$,$,#7919,#7920,$,$);
#7922=IFCRELDEFINESBYPROPERTIES('2KUtjzVsj1Xe7yOtOCA7AB',#5,$,$,(#7921),#3386);
#7923=IFCCARTESIANPOINT((-27.6846631678927,-110.618908298376,0.));
#7924=IFCAXIS2PLACEMENT3D(#7923,$,$);
#7925=IFCLOCALPLACEMENT(#27,#7924);
#7926=IFCPRODUCTDEFINITIONSHAPE($,$,(#1232));
#7927=IFCBUILDINGELEMENTPROXY('0zwiFgIOb3jR$7ZDtpx1Bq',#5,'NL.IMGeo.G0772.3ed76e9adc1e4838ab409aa82fc50a5a',$,$,#7925,#7926,$,$);
#7928=IFCRELDEFINESBYPROPERTIES('31hEPxh6b7BB1nHZIcm8U6',#5,$,$,(#7927),#3396);
#7929=IFCCARTESIANPOINT((7.99162653365056,-164.954182974529,0.));
#7930=IFCAXIS2PLACEMENT3D(#7929,$,$);
#7931=IFCLOCALPLACEMENT(#27,#7930);
#7932=IFCPRODUCTDEFINITIONSHAPE($,$,(#1233));
#7933=IFCBUILDINGELEMENTPROXY('3by$AJdgD4avcEqcm9WoPT',#5,'NL.IMGeo.G0772.43d098c102e247c6aebd0b10005c11f0',$,$,#7931,#7932,$,$);
#7934=IFCRELDEFINESBYPROPERTIES('2U5AtKWv10HQAnI0EEmYE_',#5,$,$,(#7933),#3406);
#7935=IFCCARTESIANPOINT((-142.878530937625,-137.645682657196,0.));
#7936=IFCAXIS2PLACEMENT3D(#7935,$,$);
#7937=IFCLOCALPLACEMENT(#27,#7936);
#7938=IFCPRODUCTDEFINITIONSHAPE($,$,(#1234));
#7939=IFCBUILDINGELEMENTPROXY('18hulipxH2kPPEvkeR_v9G',#5,'NL.IMGeo.G0772.443214003785440485114b074b95ad1a',$,$,#7937,#7938,$,$);
#7940=IFCRELDEFINESBYPROPERTIES('2$0XQxMnHB0Azi_F2HrQNz',#5,$,$,(#7939),#3416);
#7941=IFCCARTESIANPOINT((-307.864546983939,-6.63420451048296,0.));
#7942=IFCAXIS2PLACEMENT3D(#7941,$,$);
#7943=IFCLOCALPLACEMENT(#27,#7942);
#7944=IFCPRODUCTDEFINITIONSHAPE($,$,(#1235));
#7945=IFCBUILDINGELEMENTPROXY('1AyOqIHFH8J8ihTG1YuW8F',#5,'NL.IMGeo.G0772.44cae3d819df4373887bb65d118edd65',$,$,#7943,#7944,$,$);
#7946=IFCRELDEFINESBYPROPERTIES('3HLjME09b5u9UglQ0FFuMq',#5,$,$,(#7945),#3426);
#7947=IFCCARTESIANPOINT((-150.645528153778,-150.40019198705,0.));
#7948=IFCAXIS2PLACEMENT3D(#7947,$,$);
#7949=IFCLOCALPLACEMENT(#27,#7948);
#7950=IFCPRODUCTDEFINITIONSHAPE($,$,(#1236));
#7951=IFCBUILDINGELEMENTPROXY('2b8Ar0wgvCC9aPi$K9e$UT',#5,'NL.IMGeo.G0772.487bfa65ff714f5b8bc4effe1d581d40',$,$,#7949,#7950,$,$);
#7952=IFCRELDEFINESBYPROPERTIES('1OA_$ekhL0yPEk9k_T76Q5',#5,$,$,(#7951),#3436);
#7953=IFCCARTESIANPOINT((-148.331219414627,-189.230593904329,0.));
#7954=IFCAXIS2PLACEMENT3D(#7953,$,$);
#7955=IFCLOCALPLACEMENT(#27,#7954);
#7956=IFCPRODUCTDEFINITIONSHAPE($,$,(#1237));
#7957=IFCBUILDINGELEMENTPROXY('2H4SHAwifDVBcBFCfhmcrK',#5,'NL.IMGeo.G0772.4a0b2e2679ac4ae493227801d7fce527',$,$,#7955,#7956,$,$);
#7958=IFCRELDEFINESBYPROPERTIES('3hcvV9xXjFaRYNv4hsoc27',#5,$,$,(#7957),#3446);
#7959=IFCCARTESIANPOINT((-314.89380904974,-14.726492926653,0.));
#7960=IFCAXIS2PLACEMENT3D(#7959,$,$);
#7961=IFCLOCALPLACEMENT(#27,#7960);
#7962=IFCPRODUCTDEFINITIONSHAPE($,$,(#1238));
#7963=IFCBUILDINGELEMENTPROXY('11mxwWTD50oAn7bu1V7mrH',#5,'NL.IMGeo.G0772.4b254e8a665c4f52981d2d850f8b6804',$,$,#7961,#7962,$,$);
#7964=IFCRELDEFINESBYPROPERTIES('1d_LQ45mTBpP28jL7gHcy4',#5,$,$,(#7963),#3456);
#7965=IFCCARTESIANPOINT((-124.504448506428,-15.510108200775,0.));
#7966=IFCAXIS2PLACEMENT3D(#7965,$,$);
#7967=IFCLOCALPLACEMENT(#27,#7966);
#7968=IFCPRODUCTDEFINITIONSHAPE($,$,(#1239));
#7969=IFCBUILDINGELEMENTPROXY('1_10SOjLDDLhP_SGuHDoRh',#5,'NL.IMGeo.G0772.4bc850c484ac42fc9228e0fb84eba05e',$,$,#7967,#7968,$,$);
#7970=IFCRELDEFINESBYPROPERTIES('03s9tO9_bFw9JKRa45$rKj',#5,$,$,(#7969),#3466);
#7971=IFCCARTESIANPOINT((-1.0571834789298,-160.203600446403,0.));
#7972=IFCAXIS2PLACEMENT3D(#7971,$,$);
#7973=IFCLOCALPLACEMENT(#27,#7972);
#7974=IFCPRODUCTDEFINITIONSHAPE($,$,(#1240));
#7975=IFCBUILDINGELEMENTPROXY('0GLED1F692Y9N_DpBy_KIU',#5,'NL.IMGeo.G0772.4dbc6eabb2604c02ac6151c40be92dfa',$,$,#7973,#7974,$,$);
#7976=IFCRELDEFINESBYPROPERTIES('2HKrKeCjf39wCLol3_MxZ1',#5,$,$,(#7975),#3476);
#7977=IFCCARTESIANPOINT((-283.73472008176,-14.6486489498639,0.));
#7978=IFCAXIS2PLACEMENT3D(#7977,$,$);
#7979=IFCLOCALPLACEMENT(#27,#7978);
#7980=IFCPRODUCTDEFINITIONSHAPE($,$,(#1241));
#7981=IFCBUILDINGELEMENTPROXY('39HuDR2j1FCxG5ypETf6BG',#5,'NL.IMGeo.G0772.4edbcf45d82048f7a3d63e68557505a4',$,$,#7979,#7980,$,$);
#7982=IFCRELDEFINESBYPROPERTIES('1uPfgpwVHFAeCEmmCedwwV',#5,$,$,(#7981),#3486);
#7983=IFCCARTESIANPOINT((-145.425207899389,-178.636933485337,0.));
#7984=IFCAXIS2PLACEMENT3D(#7983,$,$);
#7985=IFCLOCALPLACEMENT(#27,#7984);
#7986=IFCPRODUCTDEFINITIONSHAPE($,$,(#1242));
#7987=IFCBUILDINGELEMENTPROXY('3xuux89UnEu8aCK7bvROZV',#5,'NL.IMGeo.G0772.4fe9d9389708477e885b51d8cd09036c',$,$,#7985,#7986,$,$);
#7988=IFCRELDEFINESBYPROPERTIES('25tLht5hDFQR$ke9EAKPtu',#5,$,$,(#7987),#3496);
#7989=IFCCARTESIANPOINT((-199.403089920146,-14.7459849324659,0.));
#7990=IFCAXIS2PLACEMENT3D(#7989,$,$);
#7991=IFCLOCALPLACEMENT(#27,#7990);
#7992=IFCPRODUCTDEFINITIONSHAPE($,$,(#1243));
#7993=IFCBUILDINGELEMENTPROXY('0fWikcQBPAdBGWuoVlzla5',#5,'NL.IMGeo.G0772.55ad976de2be48a0a800ab6c15953dbd',$,$,#7991,#7992,$,$);
#7994=IFCRELDEFINESBYPROPERTIES('0TsjiJGAfAOOXgPgHTbTdk',#5,$,$,(#7993),#3506);
#7995=IFCCARTESIANPOINT((-39.8336615417211,-189.942088539188,0.));
#7996=IFCAXIS2PLACEMENT3D(#7995,$,$);
#7997=IFCLOCALPLACEMENT(#27,#7996);
#7998=IFCPRODUCTDEFINITIONSHAPE($,$,(#1244));
#7999=IFCBUILDINGELEMENTPROXY('1pWjYl0QrE8vBmiAqPXc6E',#5,'NL.IMGeo.G0772.5687f34ccd854d379ae9262e33d7b0cb',$,$,#7997,#7998,$,$);
#8000=IFCRELDEFINESBYPROPERTIES('268T05yXjBqBqDm1xGOgTY',#5,$,$,(#7999),#3516);
#8001=IFCCARTESIANPOINT((-73.214581789769,-203.642354134819,0.));
#8002=IFCAXIS2PLACEMENT3D(#8001,$,$);
#8003=IFCLOCALPLACEMENT(#27,#8002);
#8004=IFCPRODUCTDEFINITIONSHAPE($,$,(#1245));
#8005=IFCBUILDINGELEMENTPROXY('3keN$B8_9AzvTkyDg6H$9Y',#5,'NL.IMGeo.G0772.56c8b952cbfb431d9d13a88a5ea4e2ec',$,$,#8003,#8004,$,$);
#8006=IFCRELDEFINESBYPROPERTIES('0H9h$SH$n4cBy_7H2uYHUr',#5,$,$,(#8005),#3526);
#8007=IFCCARTESIANPOINT((-44.6511026234948,-98.104639274592,0.));
#8008=IFCAXIS2PLACEMENT3D(#8007,$,$);
#8009=IFCLOCALPLACEMENT(#27,#8008);
#8010=IFCPRODUCTDEFINITIONSHAPE($,$,(#1246));
#8011=IFCBUILDINGELEMENTPROXY('1dap2pw9jCb9qITCdfK6Bx',#5,'NL.IMGeo.G0772.5703893c613840b193425ba27bb2f6a9',$,$,#8009,#8010,$,$);
#8012=IFCRELDEFINESBYPROPERTIES('38JA7PmU13pwy1Nwec8T6b',#5,$,$,(#8011),#3536);
#8013=IFCCARTESIANPOINT((-14.8382465215691,-95.2689885478467,0.));
#8014=IFCAXIS2PLACEMENT3D(#8013,$,$);
#8015=IFCLOCALPLACEMENT(#27,#8014);
#8016=IFCPRODUCTDEFINITIONSHAPE($,$,(#1247));
#8017=IFCBUILDINGELEMENTPROXY('2yzYY05bD07OEfwcbcCjtb',#5,'NL.IMGeo.G0772.57dbc32020fe4f948731f66652d0cc3f',$,$,#8015,#8016,$,$);
#8018=IFCRELDEFINESBYPROPERTIES('2_AfVCbwb5yu$$o269iFZ8',#5,$,$,(#8017),#3546);
#8019=IFCCARTESIANPOINT((-31.9632279326615,-239.153423816839,0.));
#8020=IFCAXIS2PLACEMENT3D(#8019,$,$);
#8021=IFCLOCALPLACEMENT(#27,#8020);
#8022=IFCPRODUCTDEFINITIONSHAPE($,$,(#1248));
#8023=IFCBUILDINGELEMENTPROXY('0P8TcVAk51secQ4F5UfzOF',#5,'NL.IMGeo.G0772.57f7acab8e7e4011a4d071c7dd7c4c12',$,$,#8021,#8022,$,$);
#8024=IFCRELDEFINESBYPROPERTIES('1nOVPMBlH17fmHwfdyV0h9',#5,$,$,(#8023),#3556);
#8025=IFCCARTESIANPOINT((-150.969711024693,-180.779563433258,0.));
#8026=IFCAXIS2PLACEMENT3D(#8025,$,$);
#8027=IFCLOCALPLACEMENT(#27,#8026);
#8028=IFCPRODUCTDEFINITIONSHAPE($,$,(#1249));
#8029=IFCBUILDINGELEMENTPROXY('0pWltn5bzFRhC7oH02_y1y',#5,'NL.IMGeo.G0772.5ac7f49babbc477f8a1f49acee49839a',$,$,#8027,#8028,$,$);
#8030=IFCRELDEFINESBYPROPERTIES('1kRujUesjC69bPHkNL$gb1',#5,$,$,(#8029),#3566);
#8031=IFCCARTESIANPOINT((-92.428160625801,-126.821621247742,0.));
#8032=IFCAXIS2PLACEMENT3D(#8031,$,$);
#8033=IFCLOCALPLACEMENT(#27,#8032);
#8034=IFCPRODUCTDEFINITIONSHAPE($,$,(#1250));
#8035=IFCBUILDINGELEMENTPROXY('2RmKp4ddjDlei3XIDv6Msf',#5,'NL.IMGeo.G0772.5bc62387102b4c7d8f0c9c3061db998e',$,$,#8033,#8034,$,$);
#8036=IFCRELDEFINESBYPROPERTIES('2LQgaoqUrA3euN7pGvFvGW',#5,$,$,(#8035),#3576);
#8037=IFCCARTESIANPOINT((-328.864842647774,-14.6921825465397,0.));
#8038=IFCAXIS2PLACEMENT3D(#8037,$,$);
#8039=IFCLOCALPLACEMENT(#27,#8038);
#8040=IFCPRODUCTDEFINITIONSHAPE($,$,(#1251));
#8041=IFCBUILDINGELEMENTPROXY('1TDEppbH9EBAOlJwBmx$bI',#5,'NL.IMGeo.G0772.5cf9aa9cbe1b445eab3936816d791c72',$,$,#8039,#8040,$,$);
#8042=IFCRELDEFINESBYPROPERTIES('0BsPhNxLr0oPRAKPKxyFxK',#5,$,$,(#8041),#3586);
#8043=IFCCARTESIANPOINT((-56.9520377786539,-102.893578959687,0.));
#8044=IFCAXIS2PLACEMENT3D(#8043,$,$);
#8045=IFCLOCALPLACEMENT(#27,#8044);
#8046=IFCPRODUCTDEFINITIONSHAPE($,$,(#1252));
#8047=IFCBUILDINGELEMENTPROXY('3eXD8EKyH7detMSJT$vJFB',#5,'NL.IMGeo.G0772.5d26604488d944a6a859337d8af46b88',$,$,#8045,#8046,$,$);
#8048=IFCRELDEFINESBYPROPERTIES('1MOkYkVEfCegxx0uqfyWbU',#5,$,$,(#8047),#3596);
#8049=IFCCARTESIANPOINT((-42.6494166116172,-106.573547947453,0.));
#8050=IFCAXIS2PLACEMENT3D(#8049,$,$);
#8051=IFCLOCALPLACEMENT(#27,#8050);
#8052=IFCPRODUCTDEFINITIONSHAPE($,$,(#1253));
#8053=IFCBUILDINGELEMENTPROXY('0yfLd8XsL1mODEYEVhNOPz',#5,'NL.IMGeo.G0772.5dc6485813264560bcc57b05476cdabe',$,$,#8051,#8052,$,$);
#8054=IFCRELDEFINESBYPROPERTIES('0PnWe8sGv1wPU_FTGir0xd',#5,$,$,(#8053),#3606);
#8055=IFCCARTESIANPOINT((-18.0813491618901,-87.0728668879601,0.));
#8056=IFCAXIS2PLACEMENT3D(#8055,$,$);
#8057=IFCLOCALPLACEMENT(#27,#8056);
#8058=IFCPRODUCTDEFINITIONSHAPE($,$,(#1254));
#8059=IFCBUILDINGELEMENTPROXY('3NiMmDjbLEV8$XN1283yQr',#5,'NL.IMGeo.G0772.5e42a1b4a03b4172a5dd5468be9317ac',$,$,#8057,#8058,$,$);
#8060=IFCRELDEFINESBYPROPERTIES('0_mm9DzzjBGfGrtPaGk13F',#5,$,$,(#8059),#3616);
#8061=IFCCARTESIANPOINT((-255.794353935489,-14.6613223559689,0.));
#8062=IFCAXIS2PLACEMENT3D(#8061,$,$);
#8063=IFCLOCALPLACEMENT(#27,#8062);
#8064=IFCPRODUCTDEFINITIONSHAPE($,$,(#1255));
#8065=IFCBUILDINGELEMENTPROXY('2BAlXcZsX40BuLUcaPgEPp',#5,'NL.IMGeo.G0772.648e4de9722f42eb896910b0862c8d0b',$,$,#8063,#8064,$,$);
#8066=IFCRELDEFINESBYPROPERTIES('11E4_ivr97pOv90NeNCfGm',#5,$,$,(#8065),#3626);
#8067=IFCCARTESIANPOINT((-123.560712451261,-169.472986311826,0.));
#8068=IFCAXIS2PLACEMENT3D(#8067,$,$);
#8069=IFCLOCALPLACEMENT(#27,#8068);
#8070=IFCPRODUCTDEFINITIONSHAPE($,$,(#1256));
#8071=IFCBUILDINGELEMENTPROXY('0j8oh_zBjAhebzBAA7lryJ',#5,'NL.IMGeo.G0772.654b0c1c9ace415bb3409e2677930fe9',$,$,#8069,#8070,$,$);
#8072=IFCRELDEFINESBYPROPERTIES('3XQ$9E4_T5$Qx3R3LsFFum',#5,$,$,(#8071),#3636);
#8073=IFCCARTESIANPOINT((-88.7351174254727,-135.24112485064,0.));
#8074=IFCAXIS2PLACEMENT3D(#8073,$,$);
#8075=IFCLOCALPLACEMENT(#27,#8074);
#8076=IFCPRODUCTDEFINITIONSHAPE($,$,(#1257));
#8077=IFCBUILDINGELEMENTPROXY('0Zj$s7Slr2a8bG6v1O6ape',#5,'NL.IMGeo.G0772.6765452b89cb4634975fda0ebb2217ac',$,$,#8075,#8076,$,$);
#8078=IFCRELDEFINESBYPROPERTIES('1Ojbf4zvHFg8rxLSsT_DIj',#5,$,$,(#8077),#3646);
#8079=IFCCARTESIANPOINT((-84.4529254905938,-114.083784322254,0.));
#8080=IFCAXIS2PLACEMENT3D(#8079,$,$);
#8081=IFCLOCALPLACEMENT(#27,#8080);
#8082=IFCPRODUCTDEFINITIONSHAPE($,$,(#1258));
#8083=IFCBUILDINGELEMENTPROXY('2jv5orJwT4GfNM3NJ2TUqi',#5,'NL.IMGeo.G0772.698fd11cb99547268f92d2035a55b24d',$,$,#8081,#8082,$,$);
#8084=IFCRELDEFINESBYPROPERTIES('0HZOCoLHTDne9wpO7HdKns',#5,$,$,(#8083),#3656);
#8085=IFCCARTESIANPOINT((-192.499320028088,-6.64843207522063,0.));
#8086=IFCAXIS2PLACEMENT3D(#8085,$,$);
#8087=IFCLOCALPLACEMENT(#27,#8086);
#8088=IFCPRODUCTDEFINITIONSHAPE($,$,(#1259));
#8089=IFCBUILDINGELEMENTPROXY('3EbeSebQ5EffVcyoFzE7$8',#5,'NL.IMGeo.G0772.6c558c2b15104d639eb120dc4c250ef1',$,$,#8087,#8088,$,$);
#8090=IFCRELDEFINESBYPROPERTIES('2xfCeP$zf3gPXAukiFdwjS',#5,$,$,(#8089),#3666);
#8091=IFCCARTESIANPOINT((33.2781081084104,-162.903530744254,0.));
#8092=IFCAXIS2PLACEMENT3D(#8091,$,$);
#8093=IFCLOCALPLACEMENT(#27,#8092);
#8094=IFCPRODUCTDEFINITIONSHAPE($,$,(#1260));
#8095=IFCBUILDINGELEMENTPROXY('0FxH50ojr8TxhamkhuuYSO',#5,'NL.IMGeo.G0772.6e61f9c58ada4f0ab04c040079284014',$,$,#8093,#8094,$,$);
#8096=IFCRELDEFINESBYPROPERTIES('0ZE8YPugr4PAG5Qin0cXKO',#5,$,$,(#8095),#3676);
#8097=IFCCARTESIANPOINT((-199.488888559659,-6.69025004399009,0.));
#8098=IFCAXIS2PLACEMENT3D(#8097,$,$);
#8099=IFCLOCALPLACEMENT(#27,#8098);
#8100=IFCPRODUCTDEFINITIONSHAPE($,$,(#1261));
#8101=IFCBUILDINGELEMENTPROXY('0MI8REKR59u9x_9l8mGYjH',#5,'NL.IMGeo.G0772.72a5b94980154f44872c73323cfc8846',$,$,#8099,#8100,$,$);
#8102=IFCRELDEFINESBYPROPERTIES('3zbLfkZW1Dq8WDrotbDnSU',#5,$,$,(#8101),#3686);
#8103=IFCCARTESIANPOINT((-171.43489092149,-14.7752213189378,0.));
#8104=IFCAXIS2PLACEMENT3D(#8103,$,$);
#8105=IFCLOCALPLACEMENT(#27,#8104);
#8106=IFCPRODUCTDEFINITIONSHAPE($,$,(#1262));
#8107=IFCBUILDINGELEMENTPROXY('3Hg6IFiez6FB3hP8CccAQh',#5,'NL.IMGeo.G0772.75fa55e099ba46918e492ec38e77b6c7',$,$,#8105,#8106,$,$);
#8108=IFCRELDEFINESBYPROPERTIES('30TxkDgqzADRcjyQeajOaD',#5,$,$,(#8107),#3696);
#8109=IFCCARTESIANPOINT((-2.63813647234929,-170.840480234765,0.));
#8110=IFCAXIS2PLACEMENT3D(#8109,$,$);
#8111=IFCLOCALPLACEMENT(#27,#8110);
#8112=IFCPRODUCTDEFINITIONSHAPE($,$,(#1263));
#8113=IFCBUILDINGELEMENTPROXY('38S$Q19gr7g9Lx1Aq12Ivg',#5,'NL.IMGeo.G0772.79e957e517f24f579773b9409b0acf5e',$,$,#8111,#8112,$,$);
#8114=IFCRELDEFINESBYPROPERTIES('2mZ5BFyUP8uxXZHdBf_WoX',#5,$,$,(#8113),#3706);
#8115=IFCCARTESIANPOINT((2.993544381432,-167.909139285504,0.));
#8116=IFCAXIS2PLACEMENT3D(#8115,$,$);
#8117=IFCLOCALPLACEMENT(#27,#8116);
#8118=IFCPRODUCTDEFINITIONSHAPE($,$,(#1264));
#8119=IFCBUILDINGELEMENTPROXY('211Kk57rr4L9$VoZx9EW67',#5,'NL.IMGeo.G0772.79c26eb596af491d8b3ef03763afcc08',$,$,#8117,#8118,$,$);
#8120=IFCRELDEFINESBYPROPERTIES('3KYSg0b$TE89Zie9ZV3_Q8',#5,$,$,(#8119),#3716);
#8121=IFCCARTESIANPOINT((-153.460120093776,-191.283783331397,0.));
#8122=IFCAXIS2PLACEMENT3D(#8121,$,$);
#8123=IFCLOCALPLACEMENT(#27,#8122);
#8124=IFCPRODUCTDEFINITIONSHAPE($,$,(#1265));
#8125=IFCBUILDINGELEMENTPROXY('1_A2Zt_Fn5Ux_1Q1rPb9BU',#5,'NL.IMGeo.G0772.80080c533b1845adb8af50c1cab44254',$,$,#8123,#8124,$,$);
#8126=IFCRELDEFINESBYPROPERTIES('1TlYW$Y6jCdv6oaIrCC63v',#5,$,$,(#8125),#3726);
#8127=IFCCARTESIANPOINT((-55.7285285524849,-151.847524941317,0.));
#8128=IFCAXIS2PLACEMENT3D(#8127,$,$);
#8129=IFCLOCALPLACEMENT(#27,#8128);
#8130=IFCPRODUCTDEFINITIONSHAPE($,$,(#1266));
#8131=IFCBUILDINGELEMENTPROXY('3pBJaZmJP2U9hLCeRVhzPS',#5,'NL.IMGeo.G0772.813bb20ccb8d4720920256dc6152d561',$,$,#8129,#8130,$,$);
#8132=IFCRELDEFINESBYPROPERTIES('1Z205WWpr1hgaSa_WrnFwf',#5,$,$,(#8131),#3736);
#8133=IFCCARTESIANPOINT((-52.139893582993,-130.26240323548,0.));
#8134=IFCAXIS2PLACEMENT3D(#8133,$,$);
#8135=IFCLOCALPLACEMENT(#27,#8134);
#8136=IFCPRODUCTDEFINITIONSHAPE($,$,(#1267));
#8137=IFCBUILDINGELEMENTPROXY('2mWhO2t39CYR3UTaHqttQJ',#5,'NL.IMGeo.G0772.81da411f22c24e5397308e3447dacb50',$,$,#8135,#8136,$,$);
#8138=IFCRELDEFINESBYPROPERTIES('02lPi0VD99HPiqzREuWWDV',#5,$,$,(#8137),#3746);
#8139=IFCCARTESIANPOINT((-101.490748106793,-15.5087238227134,0.));
#8140=IFCAXIS2PLACEMENT3D(#8139,$,$);
#8141=IFCLOCALPLACEMENT(#27,#8140);
#8142=IFCPRODUCTDEFINITIONSHAPE($,$,(#1268));
#8143=IFCBUILDINGELEMENTPROXY('2eNTCLqW17Phmy$MZ3ebj1',#5,'NL.IMGeo.G0772.81e1bd0d267e43ad9010eefdd2241a1b',$,$,#8141,#8142,$,$);
#8144=IFCRELDEFINESBYPROPERTIES('2wVEN_ym51gBj0oaVtXxUX',#5,$,$,(#8143),#3756);
#8145=IFCCARTESIANPOINT((-23.6064389049134,-89.286116384028,0.));
#8146=IFCAXIS2PLACEMENT3D(#8145,$,$);
#8147=IFCLOCALPLACEMENT(#27,#8146);
#8148=IFCPRODUCTDEFINITIONSHAPE($,$,(#1269));
#8149=IFCBUILDINGELEMENTPROXY('1a4RgKDXvEW9rWhLuE9zp9',#5,'NL.IMGeo.G0772.820dfbc58083457fbda1fa256a409e6b',$,$,#8147,#8148,$,$);
#8150=IFCRELDEFINESBYPROPERTIES('2Zgzbs$Pj6ogM0RGOtZN43',#5,$,$,(#8149),#3766);
#8151=IFCCARTESIANPOINT((-33.4339561562228,-112.872380981746,0.));
#8152=IFCAXIS2PLACEMENT3D(#8151,$,$);
#8153=IFCLOCALPLACEMENT(#27,#8152);
#8154=IFCPRODUCTDEFINITIONSHAPE($,$,(#1270));
#8155=IFCBUILDINGELEMENTPROXY('0nCztR0Ib0pRoBKSBqMw$u',#5,'NL.IMGeo.G0772.8321620d6d0f435396ec761f7bf2bb54',$,$,#8153,#8154,$,$);
#8156=IFCRELDEFINESBYPROPERTIES('0lHxuCylPAhB0NurG2UJUE',#5,$,$,(#8155),#3776);
#8157=IFCCARTESIANPOINT((-192.49767515689,-14.6928911803407,0.));
#8158=IFCAXIS2PLACEMENT3D(#8157,$,$);
#8159=IFCLOCALPLACEMENT(#27,#8158);
#8160=IFCPRODUCTDEFINITIONSHAPE($,$,(#1271));
#8161=IFCBUILDINGELEMENTPROXY('1ZNgAa9XjFlv0W5KQ$SI3x',#5,'NL.IMGeo.G0772.841a317cac374e978630162a406d8e51',$,$,#8159,#8160,$,$);
#8162=IFCRELDEFINESBYPROPERTIES('0nn_ec95vDOBxGn5WJ4cV1',#5,$,$,(#8161),#3786);
#8163=IFCCARTESIANPOINT((-98.11638013224,-129.249045159377,0.));
#8164=IFCAXIS2PLACEMENT3D(#8163,$,$);
#8165=IFCLOCALPLACEMENT(#27,#8164);
#8166=IFCPRODUCTDEFINITIONSHAPE($,$,(#1272));
#8167=IFCBUILDINGELEMENTPROXY('2FlK4PeYLCjQBsUws2PZLm',#5,'NL.IMGeo.G0772.8b26ed7d68a54957bf4bfc73b6bacb2c',$,$,#8165,#8166,$,$);
#8168=IFCRELDEFINESBYPROPERTIES('1nIM1BMy9BjxCq6AnvIB4e',#5,$,$,(#8167),#3796);
#8169=IFCCARTESIANPOINT((-160.131373360957,-174.357784222171,0.));
#8170=IFCAXIS2PLACEMENT3D(#8169,$,$);
#8171=IFCLOCALPLACEMENT(#27,#8170);
#8172=IFCPRODUCTDEFINITIONSHAPE($,$,(#1273));
#8173=IFCBUILDINGELEMENTPROXY('3KHvvcWHP5kOJeLqSNX$Xy',#5,'NL.IMGeo.G0772.8bd05125efd4412a96add8453b12d9ba',$,$,#8171,#8172,$,$);
#8174=IFCRELDEFINESBYPROPERTIES('3FRXoNwNbEhAefe9N0AnBk',#5,$,$,(#8173),#3806);
#8175=IFCCARTESIANPOINT((-39.0518662082904,-115.087952160102,0.));
#8176=IFCAXIS2PLACEMENT3D(#8175,$,$);
#8177=IFCLOCALPLACEMENT(#27,#8176);
#8178=IFCPRODUCTDEFINITIONSHAPE($,$,(#1274));
#8179=IFCBUILDINGELEMENTPROXY('3m6s52kOH4K8giFjC_OvMd',#5,'NL.IMGeo.G0772.8c1f9f3d35ad42b7800691ae41631ec7',$,$,#8177,#8178,$,$);
#8180=IFCRELDEFINESBYPROPERTIES('09coiBNCf4LQ1I0mnPrA3r',#5,$,$,(#8179),#3816);
#8181=IFCCARTESIANPOINT((-144.955337548716,-148.076984747546,0.));
#8182=IFCAXIS2PLACEMENT3D(#8181,$,$);
#8183=IFCLOCALPLACEMENT(#27,#8182);
#8184=IFCPRODUCTDEFINITIONSHAPE($,$,(#1275));
#8185=IFCBUILDINGELEMENTPROXY('3QGB8qmojDtgKICYfmD0xX',#5,'NL.IMGeo.G0772.953e644e067a409f87a155d6fb7ddbb0',$,$,#8183,#8184,$,$);
#8186=IFCRELDEFINESBYPROPERTIES('28Er0E0c1FLQonTH7aVztN',#5,$,$,(#8185),#3826);
#8187=IFCCARTESIANPOINT((-139.031644613715,-5.91239757474978,0.));
#8188=IFCAXIS2PLACEMENT3D(#8187,$,$);
#8189=IFCLOCALPLACEMENT(#27,#8188);
#8190=IFCPRODUCTDEFINITIONSHAPE($,$,(#1276));
#8191=IFCBUILDINGELEMENTPROXY('2ISVlHS2nDjAfUoPNPpe13',#5,'NL.IMGeo.G0772.95f851660a1f47c38c1651da842453c3',$,$,#8189,#8190,$,$);
#8192=IFCRELDEFINESBYPROPERTIES('3_8f7ui2fA3hTkHLrA_1CY',#5,$,$,(#8191),#3836);
#8193=IFCCARTESIANPOINT((-165.735599723965,-176.567809532571,0.));
#8194=IFCAXIS2PLACEMENT3D(#8193,$,$);
#8195=IFCLOCALPLACEMENT(#27,#8194);
#8196=IFCPRODUCTDEFINITIONSHAPE($,$,(#1277));
#8197=IFCBUILDINGELEMENTPROXY('3CZQjcEX14hxzb10h58Dm6',#5,'NL.IMGeo.G0772.969107de243a4e148ce26d2bc5bb8ff9',$,$,#8195,#8196,$,$);
#8198=IFCRELDEFINESBYPROPERTIES('1vHaDG6U91a9EhjRZMGL$o',#5,$,$,(#8197),#3846);
#8199=IFCCARTESIANPOINT((-243.016277689254,-14.7280789524666,0.));
#8200=IFCAXIS2PLACEMENT3D(#8199,$,$);
#8201=IFCLOCALPLACEMENT(#27,#8200);
#8202=IFCPRODUCTDEFINITIONSHAPE($,$,(#1278));
#8203=IFCBUILDINGELEMENTPROXY('3kA9Jk_x1AJuqSU_bJthUC',#5,'NL.IMGeo.G0772.9782740c6fd14981a43160fe13457eb9',$,$,#8201,#8202,$,$);
#8204=IFCRELDEFINESBYPROPERTIES('2CCYKqP3r1khdvp4A3kXSE',#5,$,$,(#8203),#3856);
#8205=IFCCARTESIANPOINT((-130.807298583881,-182.11969348893,0.));
#8206=IFCAXIS2PLACEMENT3D(#8205,$,$);
#8207=IFCLOCALPLACEMENT(#27,#8206);
#8208=IFCPRODUCTDEFINITIONSHAPE($,$,(#1279));
#8209=IFCBUILDINGELEMENTPROXY('16eZDraW1EW9vDCtqn4FkO',#5,'NL.IMGeo.G0772.97e82a0a1f2f420bb23e89bf5d62013e',$,$,#8207,#8208,$,$);
#8210=IFCRELDEFINESBYPROPERTIES('1ez7ulHob2iuL_LbIqdkZS',#5,$,$,(#8209),#3866);
#8211=IFCCARTESIANPOINT((-77.6105597968854,-130.767161220079,0.));
#8212=IFCAXIS2PLACEMENT3D(#8211,$,$);
#8213=IFCLOCALPLACEMENT(#27,#8212);
#8214=IFCPRODUCTDEFINITIONSHAPE($,$,(#1280));
#8215=IFCBUILDINGELEMENTPROXY('3aIUWx0r18oB29Z7CjmKqP',#5,'NL.IMGeo.G0772.9f236315eeac4c738ae31357f3a7af73',$,$,#8213,#8214,$,$);
#8216=IFCRELDEFINESBYPROPERTIES('2BuIEdKRL9kgYJvoB8Kr40',#5,$,$,(#8215),#3876);
#8217=IFCCARTESIANPOINT((-242.792483739468,-6.67168929777108,0.));
#8218=IFCAXIS2PLACEMENT3D(#8217,$,$);
#8219=IFCLOCALPLACEMENT(#27,#8218);
#8220=IFCPRODUCTDEFINITIONSHAPE($,$,(#1281));
#8221=IFCBUILDINGELEMENTPROXY('1WOqSUTM55DeQx1T52PxYt',#5,'NL.IMGeo.G0772.a10c5ff3758749d296c55d9a11735470',$,$,#8219,#8220,$,$);
#8222=IFCRELDEFINESBYPROPERTIES('0PuIJtu5rC9uRMKEmtMxYv',#5,$,$,(#8221),#3886);
#8223=IFCCARTESIANPOINT((-44.4544292924984,-117.342965490825,0.));
#8224=IFCAXIS2PLACEMENT3D(#8223,$,$);
#8225=IFCLOCALPLACEMENT(#27,#8224);
#8226=IFCPRODUCTDEFINITIONSHAPE($,$,(#1282));
#8227=IFCBUILDINGELEMENTPROXY('3f3DnQH1D5KOitfFKOICNB',#5,'NL.IMGeo.G0772.a426a1b9fcae4838906d8bbb807eddfd',$,$,#8225,#8226,$,$);
#8228=IFCRELDEFINESBYPROPERTIES('3kKkH0a2L1RBq_4OFIuzl$',#5,$,$,(#8227),#3896);
#8229=IFCCARTESIANPOINT((-22.3053356615419,-171.62072958739,0.));
#8230=IFCAXIS2PLACEMENT3D(#8229,$,$);
#8231=IFCLOCALPLACEMENT(#27,#8230);
#8232=IFCPRODUCTDEFINITIONSHAPE($,$,(#1283));
#8233=IFCBUILDINGELEMENTPROXY('3Y_xu6qGvAbwMNfwvOKYxm',#5,'NL.IMGeo.G0772.a8e63074e2c448289724a151a7e03565',$,$,#8231,#8232,$,$);
#8234=IFCRELDEFINESBYPROPERTIES('3YtsDGhr92I8Apl_H_7U62',#5,$,$,(#8233),#3906);
#8235=IFCCARTESIANPOINT((-161.307035275939,-5.84234154684236,0.));
#8236=IFCAXIS2PLACEMENT3D(#8235,$,$);
#8237=IFCLOCALPLACEMENT(#27,#8236);
#8238=IFCPRODUCTDEFINITIONSHAPE($,$,(#1284));
#8239=IFCBUILDINGELEMENTPROXY('30CY7g$cb6quEvxvMBvjsv',#5,'NL.IMGeo.G0772.a9059e6c815d463aa1a5ecd506122c53',$,$,#8237,#8238,$,$);
#8240=IFCRELDEFINESBYPROPERTIES('0UjiCAFQP9FuirMU4MbaxW',#5,$,$,(#8239),#3916);
#8241=IFCCARTESIANPOINT((-134.117119997885,-143.586578494112,0.));
#8242=IFCAXIS2PLACEMENT3D(#8241,$,$);
#8243=IFCLOCALPLACEMENT(#27,#8242);
#8244=IFCPRODUCTDEFINITIONSHAPE($,$,(#1285));
#8245=IFCBUILDINGELEMENTPROXY('24Wq8ARVX8YxQ$BdDJUfFl',#5,'NL.IMGeo.G0772.aa042a81f5c545cd91052c46f1148db1',$,$,#8243,#8244,$,$);
#8246=IFCRELDEFINESBYPROPERTIES('3FuEBz6$T38xm_vRbhucMa',#5,$,$,(#8245),#3926);
#8247=IFCCARTESIANPOINT((-64.7262416453159,-115.548624405637,0.));
#8248=IFCAXIS2PLACEMENT3D(#8247,$,$);
#8249=IFCLOCALPLACEMENT(#27,#8248);
#8250=IFCPRODUCTDEFINITIONSHAPE($,$,(#1286));
#8251=IFCBUILDINGELEMENTPROXY('0YJi$1ktv8Nf7U1iAB2D_x',#5,'NL.IMGeo.G0772.ae60bbaddb84456b99eb296a01d360ae',$,$,#8249,#8250,$,$);
#8252=IFCRELDEFINESBYPROPERTIES('2LZq8AvSnC5OsftCGOomx9',#5,$,$,(#8251),#3936);
#8253=IFCCARTESIANPOINT((-146.832883986674,-159.216131724475,0.));
#8254=IFCAXIS2PLACEMENT3D(#8253,$,$);
#8255=IFCLOCALPLACEMENT(#27,#8254);
#8256=IFCPRODUCTDEFINITIONSHAPE($,$,(#1287));
#8257=IFCBUILDINGELEMENTPROXY('3M8zQ6iRD5iPGXLK3EI3o8',#5,'NL.IMGeo.G0772.af28d3f2ba6f4c5c8594f35fac1f0b2f',$,$,#8255,#8256,$,$);
#8258=IFCRELDEFINESBYPROPERTIES('3AdiRwRfLAPuXSc4$MjXA9',#5,$,$,(#8257),#3946);
#8259=IFCCARTESIANPOINT((-73.430096093769,-109.630734009494,0.));
#8260=IFCAXIS2PLACEMENT3D(#8259,$,$);
#8261=IFCLOCALPLACEMENT(#27,#8260);
#8262=IFCPRODUCTDEFINITIONSHAPE($,$,(#1288));
#8263=IFCBUILDINGELEMENTPROXY('2y09L460HCvuR5tlP1AHn_',#5,'NL.IMGeo.G0772.afad0e25d91f453c9b3769c5c2adb48f',$,$,#8261,#8262,$,$);
#8264=IFCRELDEFINESBYPROPERTIES('1bxgH86Kz0F99DOrjhCf78',#5,$,$,(#8263),#3956);
#8265=IFCCARTESIANPOINT((-29.1337240613648,-91.5365031950059,0.));
#8266=IFCAXIS2PLACEMENT3D(#8265,$,$);
#8267=IFCLOCALPLACEMENT(#27,#8266);
#8268=IFCPRODUCTDEFINITIONSHAPE($,$,(#1289));
#8269=IFCBUILDINGELEMENTPROXY('2Miq0Os4fBlPL$4RPc9ZVU',#5,'NL.IMGeo.G0772.b11f813e0ac34878b93bc3925261d61a',$,$,#8267,#8268,$,$);
#8270=IFCRELDEFINESBYPROPERTIES('2JgoAlfzvA$Ac5Ks4z8_11',#5,$,$,(#8269),#3966);
#8271=IFCCARTESIANPOINT((-31.2124960820947,-101.909041885578,0.));
#8272=IFCAXIS2PLACEMENT3D(#8271,$,$);
#8273=IFCLOCALPLACEMENT(#27,#8272);
#8274=IFCPRODUCTDEFINITIONSHAPE($,$,(#1290));
#8275=IFCBUILDINGELEMENTPROXY('05XTAz5dLCWgYPb0fETFyB',#5,'NL.IMGeo.G0772.b29a719de491474fad69cd47fe94bb37',$,$,#8273,#8274,$,$);
#8276=IFCRELDEFINESBYPROPERTIES('33whh_fBL1ORkSYB4u2mUq',#5,$,$,(#8275),#3976);
#8277=IFCCARTESIANPOINT((-62.3907266946626,-105.1420406283,0.));
#8278=IFCAXIS2PLACEMENT3D(#8277,$,$);
#8279=IFCLOCALPLACEMENT(#27,#8278);
#8280=IFCPRODUCTDEFINITIONSHAPE($,$,(#1291));
#8281=IFCBUILDINGELEMENTPROXY('3eCaL$4A181fI3g6LbGzmn',#5,'NL.IMGeo.G0772.b4e6fa8bd63444cfa6d9e46031fec065',$,$,#8279,#8280,$,$);
#8282=IFCRELDEFINESBYPROPERTIES('1Hm1aW2yP3Mve2rD_Yb5KR',#5,$,$,(#8281),#3986);
#8283=IFCCARTESIANPOINT((-176.471033870272,-151.323908116727,0.));
#8284=IFCAXIS2PLACEMENT3D(#8283,$,$);
#8285=IFCLOCALPLACEMENT(#27,#8284);
#8286=IFCPRODUCTDEFINITIONSHAPE($,$,(#1292));
#8287=IFCBUILDINGELEMENTPROXY('2BBkGVbvP0tOYk9D7EbCV8',#5,'NL.IMGeo.G0772.bbc2a5c7221d47b49a0195698db3c401',$,$,#8285,#8286,$,$);
#8288=IFCRELDEFINESBYPROPERTIES('0DZ4WprBv2rgYR5VGUflXS',#5,$,$,(#8287),#3996);
#8289=IFCCARTESIANPOINT((-156.182002659712,-152.529994570825,0.));
#8290=IFCAXIS2PLACEMENT3D(#8289,$,$);
#8291=IFCLOCALPLACEMENT(#27,#8290);
#8292=IFCPRODUCTDEFINITIONSHAPE($,$,(#1293));
#8293=IFCBUILDINGELEMENTPROXY('1wBh0nZEj1Kf8FVqJElQsK',#5,'NL.IMGeo.G0772.bdfc60143c4348f995d0f5306fb4f3c6',$,$,#8291,#8292,$,$);
#8294=IFCRELDEFINESBYPROPERTIES('1Y5XtViKH5owJzlJpTX4iW',#5,$,$,(#8293),#4006);
#8295=IFCCARTESIANPOINT((-187.310101834912,-155.699339256447,0.));
#8296=IFCAXIS2PLACEMENT3D(#8295,$,$);
#8297=IFCLOCALPLACEMENT(#27,#8296);
#8298=IFCPRODUCTDEFINITIONSHAPE($,$,(#1294));
#8299=IFCBUILDINGELEMENTPROXY('16HcjRBpr9ahmpnikRVKnb',#5,'NL.IMGeo.G0772.c1543317be3f4e09914d0648249fd1df',$,$,#8297,#8298,$,$);
#8300=IFCRELDEFINESBYPROPERTIES('3islFNyUH0EPcrWk2uOah3',#5,$,$,(#8299),#4016);
#8301=IFCCARTESIANPOINT((-67.6235677304794,-201.336979807529,0.));
#8302=IFCAXIS2PLACEMENT3D(#8301,$,$);
#8303=IFCLOCALPLACEMENT(#27,#8302);
#8304=IFCPRODUCTDEFINITIONSHAPE($,$,(#1295));
#8305=IFCBUILDINGELEMENTPROXY('0Ps0zFWlrDYv5ngr71Oy3A',#5,'NL.IMGeo.G0772.c1e8c4ae4791485396d57a556c1de33e',$,$,#8303,#8304,$,$);
#8306=IFCRELDEFINESBYPROPERTIES('1kPRcNlH5BmgNaBoFK3wGF',#5,$,$,(#8305),#4026);
#8307=IFCCARTESIANPOINT((-142.18667399991,-186.716298446874,0.));
#8308=IFCAXIS2PLACEMENT3D(#8307,$,$);
#8309=IFCLOCALPLACEMENT(#27,#8308);
#8310=IFCPRODUCTDEFINITIONSHAPE($,$,(#1296));
#8311=IFCBUILDINGELEMENTPROXY('28uDz6Z654rB9sfOmKqu0w',#5,'NL.IMGeo.G0772.c32d5e91971f426ca6c67887ed7c2de4',$,$,#8309,#8310,$,$);
#8312=IFCRELDEFINESBYPROPERTIES('1iBGpee4D5u9LSd09BqGGl',#5,$,$,(#8311),#4036);
#8313=IFCCARTESIANPOINT((-45.3431424531445,-192.238388407801,0.));
#8314=IFCAXIS2PLACEMENT3D(#8313,$,$);
#8315=IFCLOCALPLACEMENT(#27,#8314);
#8316=IFCPRODUCTDEFINITIONSHAPE($,$,(#1297));
#8317=IFCBUILDINGELEMENTPROXY('18Hc4M_$X2V8oDdpEZ8$vB',#5,'NL.IMGeo.G0772.c4b20485a9de480184f9d8cc4e9bf8fb',$,$,#8315,#8316,$,$);
#8318=IFCRELDEFINESBYPROPERTIES('0e5GMbykr8kBI9yeGISVtE',#5,$,$,(#8317),#4046);
#8319=IFCCARTESIANPOINT((-158.223810923926,-163.803167860198,0.));
#8320=IFCAXIS2PLACEMENT3D(#8319,$,$);
#8321=IFCLOCALPLACEMENT(#27,#8320);
#8322=IFCPRODUCTDEFINITIONSHAPE($,$,(#1298));
#8323=IFCBUILDINGELEMENTPROXY('2NqObzWAv1GwsP$jKObLcW',#5,'NL.IMGeo.G0772.c4da9e40d04346d483932722d6403080',$,$,#8321,#8322,$,$);
#8324=IFCRELDEFINESBYPROPERTIES('0OkMCzu6198vdugHGOwaqh',#5,$,$,(#8323),#4056);
#8325=IFCCARTESIANPOINT((-45.2481265082606,-147.025658187515,0.));
#8326=IFCAXIS2PLACEMENT3D(#8325,$,$);
#8327=IFCLOCALPLACEMENT(#27,#8326);
#8328=IFCPRODUCTDEFINITIONSHAPE($,$,(#1299));
#8329=IFCBUILDINGELEMENTPROXY('0ZgpDHngz1LQGP8C2aHEBV',#5,'NL.IMGeo.G0772.c5fe88a670ee46399357c62c75f52738',$,$,#8327,#8328,$,$);
#8330=IFCRELDEFINESBYPROPERTIES('3uVlqvX1n8igBwn0x7TUI7',#5,$,$,(#8329),#4066);
#8331=IFCCARTESIANPOINT((-78.8899110420898,-111.835725104669,0.));
#8332=IFCAXIS2PLACEMENT3D(#8331,$,$);
#8333=IFCLOCALPLACEMENT(#27,#8332);
#8334=IFCPRODUCTDEFINITIONSHAPE($,$,(#1300));
#8335=IFCBUILDINGELEMENTPROXY('3QmmAmFYz1y8xz88VBrNJ4',#5,'NL.IMGeo.G0772.c8a0ccd4214e4633a9347c6ef123feb0',$,$,#8333,#8334,$,$);
#8336=IFCRELDEFINESBYPROPERTIES('0RcF6YUDfFGAdPyByqPWRP',#5,$,$,(#8335),#4076);
#8337=IFCCARTESIANPOINT((-106.820630898146,-123.152927821036,0.));
#8338=IFCAXIS2PLACEMENT3D(#8337,$,$);
#8339=IFCLOCALPLACEMENT(#27,#8338);
#8340=IFCPRODUCTDEFINITIONSHAPE($,$,(#1301));
#8341=IFCBUILDINGELEMENTPROXY('22W7r31pzDFxDr8YGIaU7M',#5,'NL.IMGeo.G0772.cb48ffeb138d48059e20c5d7ebd34650',$,$,#8339,#8340,$,$);
#8342=IFCRELDEFINESBYPROPERTIES('3DlvYmg1f5oeb7ppX40$1Y',#5,$,$,(#8341),#4086);
#8343=IFCCARTESIANPOINT((-235.754921849788,-6.70988156314706,0.));
#8344=IFCAXIS2PLACEMENT3D(#8343,$,$);
#8345=IFCLOCALPLACEMENT(#27,#8344);
#8346=IFCPRODUCTDEFINITIONSHAPE($,$,(#1302));
#8347=IFCBUILDINGELEMENTPROXY('0kb18$NU56IApvSvy2T$G1',#5,'NL.IMGeo.G0772.cbcec5612e94499db30a10298b25cb40',$,$,#8345,#8346,$,$);
#8348=IFCRELDEFINESBYPROPERTIES('3F2c300X1EdwZNoqlFyzrI',#5,$,$,(#8347),#4096);
#8349=IFCCARTESIANPOINT((-34.2839688209642,-187.779085371119,0.));
#8350=IFCAXIS2PLACEMENT3D(#8349,$,$);
#8351=IFCLOCALPLACEMENT(#27,#8350);
#8352=IFCPRODUCTDEFINITIONSHAPE($,$,(#1303));
#8353=IFCBUILDINGELEMENTPROXY('0kyLSDlVj3DAO_IuNGp7ob',#5,'NL.IMGeo.G0772.cc82b78672344cf89963ac7b7bc79256',$,$,#8351,#8352,$,$);
#8354=IFCRELDEFINESBYPROPERTIES('0brFx1Wbb5SOoaV0xwvk27',#5,$,$,(#8353),#4106);
#8355=IFCCARTESIANPOINT((-81.4433189576957,-122.251400407637,0.));
#8356=IFCAXIS2PLACEMENT3D(#8355,$,$);
#8357=IFCLOCALPLACEMENT(#27,#8356);
#8358=IFCPRODUCTDEFINITIONSHAPE($,$,(#1304));
#8359=IFCBUILDINGELEMENTPROXY('0Na2d7yZnFDeaG3ayZthYz',#5,'NL.IMGeo.G0772.d3d81d3c8d844914b999b1b753f4c913',$,$,#8357,#8358,$,$);
#8360=IFCRELDEFINESBYPROPERTIES('3EGXqRjUvBuuuQgWQRZbWR',#5,$,$,(#8359),#4116);
#8361=IFCCARTESIANPOINT((-16.9071795823984,-168.607619575283,0.));
#8362=IFCAXIS2PLACEMENT3D(#8361,$,$);
#8363=IFCLOCALPLACEMENT(#27,#8362);
#8364=IFCPRODUCTDEFINITIONSHAPE($,$,(#1305));
#8365=IFCBUILDINGELEMENTPROXY('2qqoIH7$j4egd9v5XnB2f2',#5,'NL.IMGeo.G0772.d46a26653e3d42abba721eaade15e73a',$,$,#8363,#8364,$,$);
#8366=IFCRELDEFINESBYPROPERTIES('33MqHOZir4gvU4fh9bJcNF',#5,$,$,(#8365),#4126);
#8367=IFCCARTESIANPOINT((-61.9952152418846,-199.05863956426,0.));
#8368=IFCAXIS2PLACEMENT3D(#8367,$,$);
#8369=IFCLOCALPLACEMENT(#27,#8368);
#8370=IFCPRODUCTDEFINITIONSHAPE($,$,(#1306));
#8371=IFCBUILDINGELEMENTPROXY('0_aHupMLv1lRuvC3Q3FLXP',#5,'NL.IMGeo.G0772.e038a2747f68493c8b108b2355578f2c',$,$,#8369,#8370,$,$);
#8372=IFCRELDEFINESBYPROPERTIES('3NFbGWgZXCb9ZxJJaF9t3S',#5,$,$,(#8371),#4136);
#8373=IFCCARTESIANPOINT((-68.0209583693941,-107.347405062872,0.));
#8374=IFCAXIS2PLACEMENT3D(#8373,$,$);
#8375=IFCLOCALPLACEMENT(#27,#8374);
#8376=IFCPRODUCTDEFINITIONSHAPE($,$,(#1307));
#8377=IFCBUILDINGELEMENTPROXY('2uflD9LWT7Rfl19XCHYwHa',#5,'NL.IMGeo.G0772.e2b529af04e445f286af9f37b9eed15a',$,$,#8375,#8376,$,$);
#8378=IFCRELDEFINESBYPROPERTIES('1_yHfvsSj2HPBXaOxa$vhT',#5,$,$,(#8377),#4146);
#8379=IFCCARTESIANPOINT((-153.86907932075,-142.147548297013,0.));
#8380=IFCAXIS2PLACEMENT3D(#8379,$,$);
#8381=IFCLOCALPLACEMENT(#27,#8380);
#8382=IFCPRODUCTDEFINITIONSHAPE($,$,(#1308));
#8383=IFCBUILDINGELEMENTPROXY('3W8Fhdzpj7pB4mhPdPRvvj',#5,'NL.IMGeo.G0772.e4f6b32aec2d4898a3027cb46fc2ce88',$,$,#8381,#8382,$,$);
#8384=IFCRELDEFINESBYPROPERTIES('3iZ6Gy4y13MPAhlyhk0vnc',#5,$,$,(#8383),#4156);
#8385=IFCCARTESIANPOINT((-78.6578913142439,-205.88698827452,0.));
#8386=IFCAXIS2PLACEMENT3D(#8385,$,$);
#8387=IFCLOCALPLACEMENT(#27,#8386);
#8388=IFCPRODUCTDEFINITIONSHAPE($,$,(#1309));
#8389=IFCBUILDINGELEMENTPROXY('1Yem4mSsPDNvTZB6gE632T',#5,'NL.IMGeo.G0772.e56d972f9d714ec783f13ebf9aaad178',$,$,#8387,#8388,$,$);
#8390=IFCRELDEFINESBYPROPERTIES('3DV0JrvqLDSgzso5J7UReJ',#5,$,$,(#8389),#4166);
#8391=IFCCARTESIANPOINT((-22.2571695006045,-108.394934716809,0.));
#8392=IFCAXIS2PLACEMENT3D(#8391,$,$);
#8393=IFCLOCALPLACEMENT(#27,#8392);
#8394=IFCPRODUCTDEFINITIONSHAPE($,$,(#1310));
#8395=IFCBUILDINGELEMENTPROXY('0E0qxaqmX7xxZLsYH6MTKG',#5,'NL.IMGeo.G0772.e7e90d4cda274df7bec215120102a979',$,$,#8393,#8394,$,$);
#8396=IFCRELDEFINESBYPROPERTIES('1x3a6C$155KR9ena1yho_5',#5,$,$,(#8395),#4176);
#8397=IFCCARTESIANPOINT((-66.3086026616802,-126.185636373993,0.));
#8398=IFCAXIS2PLACEMENT3D(#8397,$,$);
#8399=IFCLOCALPLACEMENT(#27,#8398);
#8400=IFCPRODUCTDEFINITIONSHAPE($,$,(#1311));
#8401=IFCBUILDINGELEMENTPROXY('1RyfiyfRfA5O6LvzXdfZkH',#5,'NL.IMGeo.G0772.ed426e3f0a4548e997de31ea4a34900d',$,$,#8399,#8400,$,$);
#8402=IFCRELDEFINESBYPROPERTIES('15LzNGq594zPujEGcZ5Lti',#5,$,$,(#8401),#4186);
#8403=IFCCARTESIANPOINT((-112.308910931548,-125.387579309521,0.));
#8404=IFCAXIS2PLACEMENT3D(#8403,$,$);
#8405=IFCLOCALPLACEMENT(#27,#8404);
#8406=IFCPRODUCTDEFINITIONSHAPE($,$,(#1312));
#8407=IFCBUILDINGELEMENTPROXY('1bd0pKj9P63Ox2DUOgofJR',#5,'NL.IMGeo.G0772.ef7eff2b8b504107986713265304e2aa',$,$,#8405,#8406,$,$);
#8408=IFCRELDEFINESBYPROPERTIES('3_cHCzwUjBJOHs$hS0QsWs',#5,$,$,(#8407),#4196);
#8409=IFCCARTESIANPOINT((-139.479678076081,-145.904596582463,0.));
#8410=IFCAXIS2PLACEMENT3D(#8409,$,$);
#8411=IFCLOCALPLACEMENT(#27,#8410);
#8412=IFCPRODUCTDEFINITIONSHAPE($,$,(#1313));
#8413=IFCBUILDINGELEMENTPROXY('2I_i9p1xf8x9pYJpfgraNu',#5,'NL.IMGeo.G0772.f0109d33a57348cfb825e3ce78ab506e',$,$,#8411,#8412,$,$);
#8414=IFCRELDEFINESBYPROPERTIES('1B3l07Fb5ACQhFG3pD34tM',#5,$,$,(#8413),#4206);
#8415=IFCCARTESIANPOINT((-59.1160653634288,-143.474624407187,0.));
#8416=IFCAXIS2PLACEMENT3D(#8415,$,$);
#8417=IFCLOCALPLACEMENT(#27,#8416);
#8418=IFCPRODUCTDEFINITIONSHAPE($,$,(#1314));
#8419=IFCBUILDINGELEMENTPROXY('0gbMp5Ot97QO51MAt$PVHQ',#5,'NL.IMGeo.G0772.f099207ae930438992a8614ac39c862e',$,$,#8417,#8418,$,$);
#8420=IFCRELDEFINESBYPROPERTIES('0zGc3s9kn4BhSWMvo5gHpD',#5,$,$,(#8419),#4216);
#8421=IFCCARTESIANPOINT((-185.171388261748,-14.8183237530757,0.));
#8422=IFCAXIS2PLACEMENT3D(#8421,$,$);
#8423=IFCLOCALPLACEMENT(#27,#8422);
#8424=IFCPRODUCTDEFINITIONSHAPE($,$,(#1315));
#8425=IFCBUILDINGELEMENTPROXY('0nSxj3GRv5lvog3GODseRp',#5,'NL.IMGeo.G0772.fd3f52e0ba0f41bf9315f2df916e823f',$,$,#8423,#8424,$,$);
#8426=IFCRELDEFINESBYPROPERTIES('1xQ2ChQ7rDtP_sT__bU2Ut',#5,$,$,(#8425),#4226);
#8427=IFCCARTESIANPOINT((-50.9295129258244,-194.555400479876,0.));
#8428=IFCAXIS2PLACEMENT3D(#8427,$,$);
#8429=IFCLOCALPLACEMENT(#27,#8428);
#8430=IFCPRODUCTDEFINITIONSHAPE($,$,(#1316));
#8431=IFCBUILDINGELEMENTPROXY('0kZ0__QFL0QvFot6IAfdd4',#5,'NL.IMGeo.G0772.fdcbfbcf3907425787fcd76147759cd0',$,$,#8429,#8430,$,$);
#8432=IFCRELDEFINESBYPROPERTIES('1svJrEVufA_gmRsG$44a$E',#5,$,$,(#8431),#4236);
#8433=IFCCARTESIANPOINT((-181.646790155733,-153.422688685067,0.));
#8434=IFCAXIS2PLACEMENT3D(#8433,$,$);
#8435=IFCLOCALPLACEMENT(#27,#8434);
#8436=IFCPRODUCTDEFINITIONSHAPE($,$,(#1317));
#8437=IFCBUILDINGELEMENTPROXY('0xgpI1mC5AreZffdZ0NrMr',#5,'NL.IMGeo.G0772.2033127d4abb4e63baff6840df0973c6',$,$,#8435,#8436,$,$);
#8438=IFCRELDEFINESBYPROPERTIES('1BP$OEeK12SuKP9PP4OE0m',#5,$,$,(#8437),#4246);
#8439=IFCCARTESIANPOINT((-134.349774180591,-28.8219332585577,0.));
#8440=IFCAXIS2PLACEMENT3D(#8439,$,$);
#8441=IFCLOCALPLACEMENT(#27,#8440);
#8442=IFCPRODUCTDEFINITIONSHAPE($,$,(#1318));
#8443=IFCBUILDINGELEMENTPROXY('2$Mykai2fA6ergr0Sgw$wv',#5,'NL.IMGeo.G0772.3c381584bced465d914b23979529775a',$,$,#8441,#8442,$,$);
#8444=IFCRELDEFINESBYPROPERTIES('3R443LcgP7R87jxjRiBLQK',#5,$,$,(#8443),#4256);
#8445=IFCCARTESIANPOINT((-143.452233154268,-28.901592731534,0.));
#8446=IFCAXIS2PLACEMENT3D(#8445,$,$);
#8447=IFCLOCALPLACEMENT(#27,#8446);
#8448=IFCPRODUCTDEFINITIONSHAPE($,$,(#1319));
#8449=IFCBUILDINGELEMENTPROXY('3dpdY3oL14LhIB0nO51c0T',#5,'NL.IMGeo.G0772.ab00798e433447bdb9e2a358ecbec398',$,$,#8447,#8448,$,$);
#8450=IFCRELDEFINESBYPROPERTIES('0LXuSGAbTCDvWu2x1dYOYV',#5,$,$,(#8449),#4266);
#8451=IFCCARTESIANPOINT((-95.1646516070177,-15.6470859390101,0.));
#8452=IFCAXIS2PLACEMENT3D(#8451,$,$);
#8453=IFCLOCALPLACEMENT(#27,#8452);
#8454=IFCPRODUCTDEFINITIONSHAPE($,$,(#1320));
#8455=IFCBUILDINGELEMENTPROXY('35tJCIghjD0RR9bkCER2Me',#5,'NL.IMGeo.G0772.c8ada1174c5c4fee99c90337105615ac',$,$,#8453,#8454,$,$);
#8456=IFCRELDEFINESBYPROPERTIES('0OD6XEAJTBqwUxlEOT52tr',#5,$,$,(#8455),#4276);
#8457=IFCCARTESIANPOINT((-115.628719619097,-32.0196457387065,0.));
#8458=IFCAXIS2PLACEMENT3D(#8457,$,$);
#8459=IFCLOCALPLACEMENT(#27,#8458);
#8460=IFCPRODUCTDEFINITIONSHAPE($,$,(#1321));
#8461=IFCBUILDINGELEMENTPROXY('1yHgBwC1TF2erfkRm2fc$I',#5,'NL.IMGeo.G0772.1ece916017d74d4ba05e7ffcdb13bde4',$,$,#8459,#8460,$,$);
#8462=IFCRELDEFINESBYPROPERTIES('3CrxR63oL2aRNN29RXPktr',#5,$,$,(#8461),#4286);
#8463=IFCCARTESIANPOINT((-101.609390569152,-61.0901433263207,0.));
#8464=IFCAXIS2PLACEMENT3D(#8463,$,$);
#8465=IFCLOCALPLACEMENT(#27,#8464);
#8466=IFCPRODUCTDEFINITIONSHAPE($,$,(#1322));
#8467=IFCBUILDINGELEMENTPROXY('3U0z8GF8f7V84X2mIy_GhL',#5,'NL.IMGeo.G0772.b982c0fa1109477ca49554d94f4b6ba2',$,$,#8465,#8466,$,$);
#8468=IFCRELDEFINESBYPROPERTIES('1_jxsifSPCnPOQRuOQYzFt',#5,$,$,(#8467),#4296);
#8469=IFCCARTESIANPOINT((59.0215962691873,-10.2889862888842,0.));
#8470=IFCAXIS2PLACEMENT3D(#8469,$,$);
#8471=IFCLOCALPLACEMENT(#27,#8470);
#8472=IFCPRODUCTDEFINITIONSHAPE($,$,(#1323));
#8473=IFCBUILDINGELEMENTPROXY('3H4X66SML3GwDHrDOzL_R0',#5,'NL.IMGeo.G0772.07c40bcb6e144d23ae9ec6ceb0d59ed2',$,$,#8471,#8472,$,$);
#8474=IFCRELDEFINESBYPROPERTIES('1OF$mNo6n10QNNxBkluMBi',#5,$,$,(#8473),#4306);
#8475=IFCCARTESIANPOINT((-53.5289481674845,-15.4656938342378,0.));
#8476=IFCAXIS2PLACEMENT3D(#8475,$,$);
#8477=IFCLOCALPLACEMENT(#27,#8476);
#8478=IFCPRODUCTDEFINITIONSHAPE($,$,(#1324));
#8479=IFCBUILDINGELEMENTPROXY('1GXDbEW15COxTPcI8VjU5i',#5,'NL.IMGeo.G0772.0e267cfc2920402699079c884ac0745e',$,$,#8477,#8478,$,$);
#8480=IFCRELDEFINESBYPROPERTIES('0BNNks2652LO_yZ1f8MIpM',#5,$,$,(#8479),#4316);
#8481=IFCCARTESIANPOINT((-61.2335682361154,-15.6073080922361,0.));
#8482=IFCAXIS2PLACEMENT3D(#8481,$,$);
#8483=IFCLOCALPLACEMENT(#27,#8482);
#8484=IFCPRODUCTDEFINITIONSHAPE($,$,(#1325));
#8485=IFCBUILDINGELEMENTPROXY('0bWBe2srP02fZwU2TpLBJ0',#5,'NL.IMGeo.G0772.10ec3edb286f4a23aceceba22963d7f6',$,$,#8483,#8484,$,$);
#8486=IFCRELDEFINESBYPROPERTIES('2TsFG3b9b0D8YYWQBLXn1Q',#5,$,$,(#8485),#4326);
#8487=IFCCARTESIANPOINT((93.872019876464,-33.4558493566001,0.));
#8488=IFCAXIS2PLACEMENT3D(#8487,$,$);
#8489=IFCLOCALPLACEMENT(#27,#8488);
#8490=IFCPRODUCTDEFINITIONSHAPE($,$,(#1326));
#8491=IFCBUILDINGELEMENTPROXY('1mC$dckgn11Bc9fRnGCv7p',#5,'NL.IMGeo.G0772.11842afb53994caf8a2a144012a59d60',$,$,#8489,#8490,$,$);
#8492=IFCRELDEFINESBYPROPERTIES('0FJzlQspL9meJDCL6xwntf',#5,$,$,(#8491),#4336);
#8493=IFCCARTESIANPOINT((-69.0633461174148,-5.93483713961905,0.));
#8494=IFCAXIS2PLACEMENT3D(#8493,$,$);
#8495=IFCLOCALPLACEMENT(#27,#8494);
#8496=IFCPRODUCTDEFINITIONSHAPE($,$,(#1327));
#8497=IFCBUILDINGELEMENTPROXY('1yoGLyztv1quLGkQeiFl13',#5,'NL.IMGeo.G0772.13376ba2fca94ae2bafd393b03610918',$,$,#8495,#8496,$,$);
#8498=IFCRELDEFINESBYPROPERTIES('21swVmAsz1vulaG$y7CLnX',#5,$,$,(#8497),#4346);
#8499=IFCCARTESIANPOINT((-101.639187320223,-5.83247538650176,0.));
#8500=IFCAXIS2PLACEMENT3D(#8499,$,$);
#8501=IFCLOCALPLACEMENT(#27,#8500);
#8502=IFCPRODUCTDEFINITIONSHAPE($,$,(#1328));
#8503=IFCBUILDINGELEMENTPROXY('2uSdAZGMPDweQBchEPmkC9',#5,'NL.IMGeo.G0772.192edaf0d7344d3e9cae260dd9e4262c',$,$,#8501,#8502,$,$);
#8504=IFCRELDEFINESBYPROPERTIES('1sxwlxopzFZ9Hnx2b5rG45',#5,$,$,(#8503),#4356);
#8505=IFCCARTESIANPOINT((-85.4603283143078,-6.02315382001689,0.));
#8506=IFCAXIS2PLACEMENT3D(#8505,$,$);
#8507=IFCLOCALPLACEMENT(#27,#8506);
#8508=IFCPRODUCTDEFINITIONSHAPE($,$,(#1329));
#8509=IFCBUILDINGELEMENTPROXY('3pD4b0sWfFNwIxyieiGf_N',#5,'NL.IMGeo.G0772.1d575d06615448578ef9a90d096148ed',$,$,#8507,#8508,$,$);
#8510=IFCRELDEFINESBYPROPERTIES('0BjBHWxv582BzmeUBWZRVL',#5,$,$,(#8509),#4366);
#8511=IFCCARTESIANPOINT((107.1101883589,4.14710469264537,0.));
#8512=IFCAXIS2PLACEMENT3D(#8511,$,$);
#8513=IFCLOCALPLACEMENT(#27,#8512);
#8514=IFCPRODUCTDEFINITIONSHAPE($,$,(#1330));
#8515=IFCBUILDINGELEMENTPROXY('2L6mipuU1E4wMAGF9xlgFG',#5,'NL.IMGeo.G0772.4aba3aac157c4480adbe9127756ac980',$,$,#8513,#8514,$,$);
#8516=IFCRELDEFINESBYPROPERTIES('0FlA4IIqn6kesv9QoAocsg',#5,$,$,(#8515),#4376);
#8517=IFCCARTESIANPOINT((83.6275793575624,-29.352300592931,0.));
#8518=IFCAXIS2PLACEMENT3D(#8517,$,$);
#8519=IFCLOCALPLACEMENT(#27,#8518);
#8520=IFCPRODUCTDEFINITIONSHAPE($,$,(#1331));
#8521=IFCBUILDINGELEMENTPROXY('2tfhSXYbP9jPQqIupmDdqQ',#5,'NL.IMGeo.G0772.5aaca8deaa8d4debba284d5e0a1a4465',$,$,#8519,#8520,$,$);
#8522=IFCRELDEFINESBYPROPERTIES('2H0uMlSML6XRF21IOp$BIS',#5,$,$,(#8521),#4386);
#8523=IFCCARTESIANPOINT((91.585580701445,2.60377644433174,0.));
#8524=IFCAXIS2PLACEMENT3D(#8523,$,$);
#8525=IFCLOCALPLACEMENT(#27,#8524);
#8526=IFCPRODUCTDEFINITIONSHAPE($,$,(#1332));
#8527=IFCBUILDINGELEMENTPROXY('2MJp70VaD5ueHRDh4Qn6iv',#5,'NL.IMGeo.G0772.5b2fc443926244dda1d8b837b19f3dc6',$,$,#8525,#8526,$,$);
#8528=IFCRELDEFINESBYPROPERTIES('2uLZdRA1H4Pe_q6iD0wZ4i',#5,$,$,(#8527),#4396);
#8529=IFCCARTESIANPOINT((122.45036844007,6.01331290177768,0.));
#8530=IFCAXIS2PLACEMENT3D(#8529,$,$);
#8531=IFCLOCALPLACEMENT(#27,#8530);
#8532=IFCPRODUCTDEFINITIONSHAPE($,$,(#1333));
#8533=IFCBUILDINGELEMENTPROXY('2QsjNrSq9FnQJLmjC8U7vo',#5,'NL.IMGeo.G0772.7ee304c08e15495bbc60f1fc6616e2a2',$,$,#8531,#8532,$,$);
#8534=IFCRELDEFINESBYPROPERTIES('0xKUAmta51UPYXt6Wzjxrk',#5,$,$,(#8533),#4406);
#8535=IFCCARTESIANPOINT((-61.1310690584651,-5.92596810654504,0.));
#8536=IFCAXIS2PLACEMENT3D(#8535,$,$);
#8537=IFCLOCALPLACEMENT(#27,#8536);
#8538=IFCPRODUCTDEFINITIONSHAPE($,$,(#1334));
#8539=IFCBUILDINGELEMENTPROXY('1N_4pNrtLEuhTAjcw4$n9e',#5,'NL.IMGeo.G0772.821037e3dd544b43ba8bfe112c8e3f23',$,$,#8537,#8538,$,$);
#8540=IFCRELDEFINESBYPROPERTIES('071oCqzZP1SflWUtB$Cj$3',#5,$,$,(#8539),#4416);
#8541=IFCCARTESIANPOINT((91.2938038685825,-24.4288572098594,0.));
#8542=IFCAXIS2PLACEMENT3D(#8541,$,$);
#8543=IFCLOCALPLACEMENT(#27,#8542);
#8544=IFCPRODUCTDEFINITIONSHAPE($,$,(#1335));
#8545=IFCBUILDINGELEMENTPROXY('31KxpBcMnF49QnnELohqTD',#5,'NL.IMGeo.G0772.859b99366f344fbd86cebafd5c378ff3',$,$,#8543,#8544,$,$);
#8546=IFCRELDEFINESBYPROPERTIES('3BKYuhZg9AxR4e6Q0m_4qp',#5,$,$,(#8545),#4426);
#8547=IFCCARTESIANPOINT((114.928864859772,4.94998374657007,0.));
#8548=IFCAXIS2PLACEMENT3D(#8547,$,$);
#8549=IFCLOCALPLACEMENT(#27,#8548);
#8550=IFCPRODUCTDEFINITIONSHAPE($,$,(#1336));
#8551=IFCBUILDINGELEMENTPROXY('2vBaCX_I957AjuOUNzep$I',#5,'NL.IMGeo.G0772.85ad529ad67c4149a8a0ed1bb0076757',$,$,#8549,#8550,$,$);
#8552=IFCRELDEFINESBYPROPERTIES('3fEZEYmknFAOq2UkiguHpb',#5,$,$,(#8551),#4436);
#8553=IFCCARTESIANPOINT((77.195092150243,0.985810049052816,0.));
#8554=IFCAXIS2PLACEMENT3D(#8553,$,$);
#8555=IFCLOCALPLACEMENT(#27,#8554);
#8556=IFCPRODUCTDEFINITIONSHAPE($,$,(#1337));
#8557=IFCBUILDINGELEMENTPROXY('1Bm2Jz$95DAgdRCeElFMdj',#5,'NL.IMGeo.G0772.9e34caf3ca904590ba9e84e099198472',$,$,#8555,#8556,$,$);
#8558=IFCRELDEFINESBYPROPERTIES('3WCY7aGCv9tgzDKcJ0z_ZD',#5,$,$,(#8557),#4446);
#8559=IFCCARTESIANPOINT((-36.1813382477849,-15.577903791971,0.));
#8560=IFCAXIS2PLACEMENT3D(#8559,$,$);
#8561=IFCLOCALPLACEMENT(#27,#8560);
#8562=IFCPRODUCTDEFINITIONSHAPE($,$,(#1338));
#8563=IFCBUILDINGELEMENTPROXY('00rTf1L05Af9BTzQ5m5JqL',#5,'NL.IMGeo.G0772.a29ea450bde141e49409e082b78fde0c',$,$,#8561,#8562,$,$);
#8564=IFCRELDEFINESBYPROPERTIES('0IXvC$EBr4p8AInqcJ1ZtM',#5,$,$,(#8563),#4456);
#8565=IFCCARTESIANPOINT((-77.2697057215846,-15.6205575076747,0.));
#8566=IFCAXIS2PLACEMENT3D(#8565,$,$);
#8567=IFCLOCALPLACEMENT(#27,#8566);
#8568=IFCPRODUCTDEFINITIONSHAPE($,$,(#1339));
#8569=IFCBUILDINGELEMENTPROXY('2I$qUEMND0lvB2EI2yt7Eu',#5,'NL.IMGeo.G0772.a68a950de96c4b30bb52a11fee660d28',$,$,#8567,#8568,$,$);
#8570=IFCRELDEFINESBYPROPERTIES('1oIQpUE3jBU9psIFfzcb5F',#5,$,$,(#8569),#4466);
#8571=IFCCARTESIANPOINT((-94.2625562732283,-5.83599624369526,0.));
#8572=IFCAXIS2PLACEMENT3D(#8571,$,$);
#8573=IFCLOCALPLACEMENT(#27,#8572);
#8574=IFCPRODUCTDEFINITIONSHAPE($,$,(#1340));
#8575=IFCBUILDINGELEMENTPROXY('1seAata6D3UADBQbV4F00Y',#5,'NL.IMGeo.G0772.af6b93832b744b6cb66bf3652721133e',$,$,#8573,#8574,$,$);
#8576=IFCRELDEFINESBYPROPERTIES('3fNnG83kD3yA96L82Zuvop',#5,$,$,(#8575),#4476);
#8577=IFCCARTESIANPOINT((78.4217724947084,-8.442202484468,0.));
#8578=IFCAXIS2PLACEMENT3D(#8577,$,$);
#8579=IFCLOCALPLACEMENT(#27,#8578);
#8580=IFCPRODUCTDEFINITIONSHAPE($,$,(#1341));
#8581=IFCBUILDINGELEMENTPROXY('0S4Iuktw5DtRueU3L9rn_o',#5,'NL.IMGeo.G0772.b0d30a13fad94f7ba9ea3aff4682426a',$,$,#8579,#8580,$,$);
#8582=IFCRELDEFINESBYPROPERTIES('0wjFfx_OL5ZwNiTtrXiy7z',#5,$,$,(#8581),#4486);
#8583=IFCCARTESIANPOINT((138.945695880248,-1.30094944225857,0.));
#8584=IFCAXIS2PLACEMENT3D(#8583,$,$);
#8585=IFCLOCALPLACEMENT(#27,#8584);
#8586=IFCPRODUCTDEFINITIONSHAPE($,$,(#1342));
#8587=IFCBUILDINGELEMENTPROXY('01T5VnMJv91vWPz1MQXVVd',#5,'NL.IMGeo.G0772.bd894d686d3445e881a9caf2ef411aa6',$,$,#8585,#8586,$,$);
#8588=IFCRELDEFINESBYPROPERTIES('2ihOosFnb42vo2AzQFV21G',#5,$,$,(#8587),#4496);
#8589=IFCCARTESIANPOINT((66.6484424511145,-9.60638661280973,0.));
#8590=IFCAXIS2PLACEMENT3D(#8589,$,$);
#8591=IFCLOCALPLACEMENT(#27,#8590);
#8592=IFCPRODUCTDEFINITIONSHAPE($,$,(#1343));
#8593=IFCBUILDINGELEMENTPROXY('252AGD8UD9nAT1s2i0qbkL',#5,'NL.IMGeo.G0772.c5f2838027a74f1baa83bfe9f0807b19',$,$,#8591,#8592,$,$);
#8594=IFCRELDEFINESBYPROPERTIES('1n5GPe$hb8DvE4GICYvtCy',#5,$,$,(#8593),#4506);
#8595=IFCCARTESIANPOINT((92.5496212201251,-7.20399959711358,0.));
#8596=IFCAXIS2PLACEMENT3D(#8595,$,$);
#8597=IFCLOCALPLACEMENT(#27,#8596);
#8598=IFCPRODUCTDEFINITIONSHAPE($,$,(#1344));
#8599=IFCBUILDINGELEMENTPROXY('0zSwx_6Cz9LhnfYuxuPbdC',#5,'NL.IMGeo.G0772.e206743c6ae94e57a1e51f222182ac12',$,$,#8597,#8598,$,$);
#8600=IFCRELDEFINESBYPROPERTIES('3WwNS_OFD8fe0rYjkMpvod',#5,$,$,(#8599),#4516);
#8601=IFCCARTESIANPOINT((123.610055428551,-3.57865660864627,0.));
#8602=IFCAXIS2PLACEMENT3D(#8601,$,$);
#8603=IFCLOCALPLACEMENT(#27,#8602);
#8604=IFCPRODUCTDEFINITIONSHAPE($,$,(#1345));
#8605=IFCBUILDINGELEMENTPROXY('1unh9bl9bA9Q1Blf4LwxUn',#5,'NL.IMGeo.G0772.060d898a7b534b43b4978beac2ced527',$,$,#8603,#8604,$,$);
#8606=IFCRELDEFINESBYPROPERTIES('2pvdIB3n12DgXUuGHX2Eqe',#5,$,$,(#8605),#4526);
#8607=IFCCARTESIANPOINT((131.333072818554,-2.59655050729634,0.));
#8608=IFCAXIS2PLACEMENT3D(#8607,$,$);
#8609=IFCLOCALPLACEMENT(#27,#8608);
#8610=IFCPRODUCTDEFINITIONSHAPE($,$,(#1346));
#8611=IFCBUILDINGELEMENTPROXY('1X3SUjhsvEwh00D_xBFAmH',#5,'NL.IMGeo.G0772.13e5bde1c3e0459b921217394502b244',$,$,#8609,#8610,$,$);
#8612=IFCRELDEFINESBYPROPERTIES('0kRnsTVOPCZv89Wk2G6YmC',#5,$,$,(#8611),#4536);
#8613=IFCCARTESIANPOINT((108.128883321799,-5.52415068465052,0.));
#8614=IFCAXIS2PLACEMENT3D(#8613,$,$);
#8615=IFCLOCALPLACEMENT(#27,#8614);
#8616=IFCPRODUCTDEFINITIONSHAPE($,$,(#1347));
#8617=IFCBUILDINGELEMENTPROXY('3b5T2u7RHF2hSw0ak7Nyqk',#5,'NL.IMGeo.G0772.1444bd805ee04bb5bb16d308a7283ca8',$,$,#8615,#8616,$,$);
#8618=IFCRELDEFINESBYPROPERTIES('0v9DbOn0n4zw9PuVd08ruF',#5,$,$,(#8617),#4546);
#8619=IFCCARTESIANPOINT((99.1628587440937,3.29237608460244,0.));
#8620=IFCAXIS2PLACEMENT3D(#8619,$,$);
#8621=IFCLOCALPLACEMENT(#27,#8620);
#8622=IFCPRODUCTDEFINITIONSHAPE($,$,(#1348));
#8623=IFCBUILDINGELEMENTPROXY('0fmjXts65EBBxhqSlyDAjz',#5,'NL.IMGeo.G0772.16da7b48e627492eb70accc8008799d1',$,$,#8621,#8622,$,$);
#8624=IFCRELDEFINESBYPROPERTIES('36k0u3esP7zfecZgyZGSUw',#5,$,$,(#8623),#4556);
#8625=IFCCARTESIANPOINT((-45.9701420695928,-15.5487021172303,0.));
#8626=IFCAXIS2PLACEMENT3D(#8625,$,$);
#8627=IFCLOCALPLACEMENT(#27,#8626);
#8628=IFCPRODUCTDEFINITIONSHAPE($,$,(#1349));
#8629=IFCBUILDINGELEMENTPROXY('1ZbAjcutn44vuP2aCNddl_',#5,'NL.IMGeo.G0772.1ca87203e00d46ce8f344e82ca5704fc',$,$,#8627,#8628,$,$);
#8630=IFCRELDEFINESBYPROPERTIES('0wGzKGnRb7ohgTBagM0g79',#5,$,$,(#8629),#4566);
#8631=IFCCARTESIANPOINT((57.9849874150823,-0.926225794071797,0.));
#8632=IFCAXIS2PLACEMENT3D(#8631,$,$);
#8633=IFCLOCALPLACEMENT(#27,#8632);
#8634=IFCPRODUCTDEFINITIONSHAPE($,$,(#1350));
#8635=IFCBUILDINGELEMENTPROXY('2Kd7Ss7Ef6OOV$yFRJe1EI',#5,'NL.IMGeo.G0772.2e3b0f54e4b6464496b44bf58b7cbc7c',$,$,#8633,#8634,$,$);
#8636=IFCRELDEFINESBYPROPERTIES('1DyyGsjV9FS8afrAAwz7oB',#5,$,$,(#8635),#4576);
#8637=IFCCARTESIANPOINT((65.6797292342526,-0.081715085485484,0.));
#8638=IFCAXIS2PLACEMENT3D(#8637,$,$);
#8639=IFCLOCALPLACEMENT(#27,#8638);
#8640=IFCPRODUCTDEFINITIONSHAPE($,$,(#1351));
#8641=IFCBUILDINGELEMENTPROXY('34dAQmRDH9Jv4THUZe1Vss',#5,'NL.IMGeo.G0772.41fab2e0fea7438bb8f3163e60000f12',$,$,#8639,#8640,$,$);
#8642=IFCRELDEFINESBYPROPERTIES('2w6MsL5aPBHfIHseXtRAw3',#5,$,$,(#8641),#4586);
#8643=IFCCARTESIANPOINT((-53.6621521110355,-5.87608191766776,0.));
#8644=IFCAXIS2PLACEMENT3D(#8643,$,$);
#8645=IFCLOCALPLACEMENT(#27,#8644);
#8646=IFCPRODUCTDEFINITIONSHAPE($,$,(#1352));
#8647=IFCBUILDINGELEMENTPROXY('3HptSUhaX9lPxXVjqUz56O',#5,'NL.IMGeo.G0772.4c82c740183645038491e1a8c67cf989',$,$,#8645,#8646,$,$);
#8648=IFCRELDEFINESBYPROPERTIES('0CcGKFlQf3ufxSp0tNKDMg',#5,$,$,(#8647),#4596);
#8649=IFCCARTESIANPOINT((-45.9702217597805,-5.94730320904637,0.));
#8650=IFCAXIS2PLACEMENT3D(#8649,$,$);
#8651=IFCLOCALPLACEMENT(#27,#8650);
#8652=IFCPRODUCTDEFINITIONSHAPE($,$,(#1353));
#8653=IFCBUILDINGELEMENTPROXY('1P$pfSkFr1ig2i6sWt55Fy',#5,'NL.IMGeo.G0772.7a2e52af138449328de315f9ce8fdff3',$,$,#8651,#8652,$,$);
#8654=IFCRELDEFINESBYPROPERTIES('1V1PuJveD6sAquL6bySrF8',#5,$,$,(#8653),#4606);
#8655=IFCCARTESIANPOINT((100.162111435318,-6.42899912979919,0.));
#8656=IFCAXIS2PLACEMENT3D(#8655,$,$);
#8657=IFCLOCALPLACEMENT(#27,#8656);
#8658=IFCPRODUCTDEFINITIONSHAPE($,$,(#1354));
#8659=IFCBUILDINGELEMENTPROXY('1$$IszDo95DeXStZXvp0ky',#5,'NL.IMGeo.G0772.86d3c8b5aa46430a913a361bae0b04a2',$,$,#8657,#8658,$,$);
#8660=IFCRELDEFINESBYPROPERTIES('0EoT5JW$TAwufme8Losicr',#5,$,$,(#8659),#4616);
#8661=IFCCARTESIANPOINT((129.718157628464,6.92711611482082,0.));
#8662=IFCAXIS2PLACEMENT3D(#8661,$,$);
#8663=IFCLOCALPLACEMENT(#27,#8662);
#8664=IFCPRODUCTDEFINITIONSHAPE($,$,(#1355));
#8665=IFCBUILDINGELEMENTPROXY('0C7Q_iYgz9I8GyPvgG548p',#5,'NL.IMGeo.G0772.bdeef70078dc47cd9c7368c96637df9a',$,$,#8663,#8664,$,$);
#8666=IFCRELDEFINESBYPROPERTIES('3iUvtfP1L3nfrNmfT4duOk',#5,$,$,(#8665),#4626);
#8667=IFCCARTESIANPOINT((-69.0047271199001,-15.5016217516968,0.));
#8668=IFCAXIS2PLACEMENT3D(#8667,$,$);
#8669=IFCLOCALPLACEMENT(#27,#8668);
#8670=IFCPRODUCTDEFINITIONSHAPE($,$,(#1356));
#8671=IFCBUILDINGELEMENTPROXY('3f42vHRXTADu6Ur$D4BNHn',#5,'NL.IMGeo.G0772.cdcaa7787e214bb3b1a8e2122dcf6911',$,$,#8669,#8670,$,$);
#8672=IFCRELDEFINESBYPROPERTIES('3Z1wDUkzrAlO6cuyEiSGu$',#5,$,$,(#8671),#4636);
#8673=IFCCARTESIANPOINT((86.9772998203698,-24.9150390702416,0.));
#8674=IFCAXIS2PLACEMENT3D(#8673,$,$);
#8675=IFCLOCALPLACEMENT(#27,#8674);
#8676=IFCPRODUCTDEFINITIONSHAPE($,$,(#1357));
#8677=IFCBUILDINGELEMENTPROXY('2OzhlZ0M17P9yuLF2vsKfQ',#5,'NL.IMGeo.G0772.d1357185511b408bbb91584316274965',$,$,#8675,#8676,$,$);
#8678=IFCRELDEFINESBYPROPERTIES('2dCMaGZlP8qPTxblKxlFWf',#5,$,$,(#8677),#4646);
#8679=IFCCARTESIANPOINT((137.280810099997,8.10439161158865,0.));
#8680=IFCAXIS2PLACEMENT3D(#8679,$,$);
#8681=IFCLOCALPLACEMENT(#27,#8680);
#8682=IFCPRODUCTDEFINITIONSHAPE($,$,(#1358));
#8683=IFCBUILDINGELEMENTPROXY('2ZBU6SlUn8Y8i9uzQ$Lvbb',#5,'NL.IMGeo.G0772.da8932445ce3406fa7cb160f79796d01',$,$,#8681,#8682,$,$);
#8684=IFCRELDEFINESBYPROPERTIES('1DQOrTUbT3$9ouL2oEyC8r',#5,$,$,(#8683),#4656);
#8685=IFCCARTESIANPOINT((50.44596759454,-1.43225953279762,0.));
#8686=IFCAXIS2PLACEMENT3D(#8685,$,$);
#8687=IFCLOCALPLACEMENT(#27,#8686);
#8688=IFCPRODUCTDEFINITIONSHAPE($,$,(#1359));
#8689=IFCBUILDINGELEMENTPROXY('0CSf79DE59dgWV19Oo3Bk_',#5,'NL.IMGeo.G0772.dc77912ed4734601b461b8b432cb0d30',$,$,#8687,#8688,$,$);
#8690=IFCRELDEFINESBYPROPERTIES('03NtWDfkT4_8kxZ1Om0G$_',#5,$,$,(#8689),#4666);
#8691=IFCCARTESIANPOINT((-36.3374268299958,-5.95634984498611,0.));
#8692=IFCAXIS2PLACEMENT3D(#8691,$,$);
#8693=IFCLOCALPLACEMENT(#27,#8692);
#8694=IFCPRODUCTDEFINITIONSHAPE($,$,(#1360));
#8695=IFCBUILDINGELEMENTPROXY('0d1rz4gh97888NsK7aXXU7',#5,'NL.IMGeo.G0772.de2a3363e6e94ed28ffbf6463ec48a04',$,$,#8693,#8694,$,$);
#8696=IFCRELDEFINESBYPROPERTIES('0m6f_Wz_1EiRuqLb_RczNd',#5,$,$,(#8695),#4676);
#8697=IFCCARTESIANPOINT((-77.2016427038179,-5.89770666923141,0.));
#8698=IFCAXIS2PLACEMENT3D(#8697,$,$);
#8699=IFCLOCALPLACEMENT(#27,#8698);
#8700=IFCPRODUCTDEFINITIONSHAPE($,$,(#1361));
#8701=IFCBUILDINGELEMENTPROXY('23NPDk_cv4TBum7AtGyJvo',#5,'NL.IMGeo.G0772.ecf6f72f287e4987b7d26beb7101f469',$,$,#8699,#8700,$,$);
#8702=IFCRELDEFINESBYPROPERTIES('3T6LcBuYv99hDGo7VT54dH',#5,$,$,(#8701),#4686);
#8703=IFCCARTESIANPOINT((116.198303010518,-4.56279180955607,0.));
#8704=IFCAXIS2PLACEMENT3D(#8703,$,$);
#8705=IFCLOCALPLACEMENT(#27,#8704);
#8706=IFCPRODUCTDEFINITIONSHAPE($,$,(#1362));
#8707=IFCBUILDINGELEMENTPROXY('3SrvFqPo9EaPy1cwg2NUT_',#5,'NL.IMGeo.G0772.efc0d42d1fd64d8184085a06579be963',$,$,#8705,#8706,$,$);
#8708=IFCRELDEFINESBYPROPERTIES('1y7vPcxFH60PY3SqJH39I_',#5,$,$,(#8707),#4696);
#8709=IFCCARTESIANPOINT((51.5148456399038,-11.1009345569764,0.));
#8710=IFCAXIS2PLACEMENT3D(#8709,$,$);
#8711=IFCLOCALPLACEMENT(#27,#8710);
#8712=IFCPRODUCTDEFINITIONSHAPE($,$,(#1363));
#8713=IFCBUILDINGELEMENTPROXY('3JEJDktXL9LuVx5k_0i4uv',#5,'NL.IMGeo.G0772.f35846a50c114882ac886e61b8cc8ada',$,$,#8711,#8712,$,$);
#8714=IFCRELDEFINESBYPROPERTIES('2tHXpeTBrDc97qZ7XuTJjR',#5,$,$,(#8713),#4706);
#8715=IFCCARTESIANPOINT((-160.140361773723,154.093417987868,0.));
#8716=IFCAXIS2PLACEMENT3D(#8715,$,$);
#8717=IFCLOCALPLACEMENT(#27,#8716);
#8718=IFCPRODUCTDEFINITIONSHAPE($,$,(#1364));
#8719=IFCBUILDINGELEMENTPROXY('3sZa8Pka57NuHUHm8eMl34',#5,'NL.IMGeo.G0772.008c75fc547d4bf49cf1efd212b8068a',$,$,#8717,#8718,$,$);
#8720=IFCRELDEFINESBYPROPERTIES('36efpw6$55j85g_Yu4gGTd',#5,$,$,(#8719),#4716);
#8721=IFCCARTESIANPOINT((131.320133274858,148.070949802408,0.));
#8722=IFCAXIS2PLACEMENT3D(#8721,$,$);
#8723=IFCLOCALPLACEMENT(#27,#8722);
#8724=IFCPRODUCTDEFINITIONSHAPE($,$,(#1365));
#8725=IFCBUILDINGELEMENTPROXY('0Z8ddcDj569BthQuOTgE2P',#5,'NL.IMGeo.G0772.0368cfb30d864d30ad6b7daba56af1de',$,$,#8723,#8724,$,$);
#8726=IFCRELDEFINESBYPROPERTIES('3quHBOTjv15hU_D1Kfi0Oq',#5,$,$,(#8725),#4726);
#8727=IFCCARTESIANPOINT((124.488953140768,139.192582161049,0.));
#8728=IFCAXIS2PLACEMENT3D(#8727,$,$);
#8729=IFCLOCALPLACEMENT(#27,#8728);
#8730=IFCPRODUCTDEFINITIONSHAPE($,$,(#1366));
#8731=IFCBUILDINGELEMENTPROXY('2fRj9ffhLBfQ4FaKOkxqs4',#5,'NL.IMGeo.G0772.0490d2eda4fd4cfd8cd34053977f1460',$,$,#8729,#8730,$,$);
#8732=IFCRELDEFINESBYPROPERTIES('01Z9i8Cd14kfe$hOg3A5li',#5,$,$,(#8731),#4736);
#8733=IFCCARTESIANPOINT((-36.1405837183993,287.740592721326,0.));
#8734=IFCAXIS2PLACEMENT3D(#8733,$,$);
#8735=IFCLOCALPLACEMENT(#27,#8734);
#8736=IFCPRODUCTDEFINITIONSHAPE($,$,(#1367));
#8737=IFCBUILDINGELEMENTPROXY('3kxXMiq$b1MODEBctjYYIR',#5,'NL.IMGeo.G0772.04fa787f151a47afa6f3ecfc392d72a8',$,$,#8735,#8736,$,$);
#8738=IFCRELDEFINESBYPROPERTIES('3Ztp0Wdan6EQILjWOWFL$s',#5,$,$,(#8737),#4746);
#8739=IFCCARTESIANPOINT((94.7574203166587,237.533375385043,0.));
#8740=IFCAXIS2PLACEMENT3D(#8739,$,$);
#8741=IFCLOCALPLACEMENT(#27,#8740);
#8742=IFCPRODUCTDEFINITIONSHAPE($,$,(#1368));
#8743=IFCBUILDINGELEMENTPROXY('28I1z5haf4cgT9BE$utgeE',#5,'NL.IMGeo.G0772.06b7fa27148b4fcda07a1f7f0ac289af',$,$,#8741,#8742,$,$);
#8744=IFCRELDEFINESBYPROPERTIES('3W2mipXLj5A8dCPpIYOXkx',#5,$,$,(#8743),#4756);
#8745=IFCCARTESIANPOINT((175.521657631878,176.208670046239,0.));
#8746=IFCAXIS2PLACEMENT3D(#8745,$,$);
#8747=IFCLOCALPLACEMENT(#27,#8746);
#8748=IFCPRODUCTDEFINITIONSHAPE($,$,(#1369));
#8749=IFCBUILDINGELEMENTPROXY('3XPeoZEAXBzx2UlXoExMTt',#5,'NL.IMGeo.G0772.09cac1104f364182955825c21cb68db1',$,$,#8747,#8748,$,$);
#8750=IFCRELDEFINESBYPROPERTIES('1mcvi3gGjFkR0x_yq8PZ0w',#5,$,$,(#8749),#4766);
#8751=IFCCARTESIANPOINT((94.4340130583441,175.469222601445,0.));
#8752=IFCAXIS2PLACEMENT3D(#8751,$,$);
#8753=IFCLOCALPLACEMENT(#27,#8752);
#8754=IFCPRODUCTDEFINITIONSHAPE($,$,(#1370));
#8755=IFCBUILDINGELEMENTPROXY('1yFluZqU560xqteNqeyl_n',#5,'NL.IMGeo.G0772.09e6b8d446f24e818c6ff50fff187ba9',$,$,#8753,#8754,$,$);
#8756=IFCRELDEFINESBYPROPERTIES('1pJP4_YWf8PA_JlKOIpywo',#5,$,$,(#8755),#4776);
#8757=IFCCARTESIANPOINT((-83.7262597645749,250.070131930057,0.));
#8758=IFCAXIS2PLACEMENT3D(#8757,$,$);
#8759=IFCLOCALPLACEMENT(#27,#8758);
#8760=IFCPRODUCTDEFINITIONSHAPE($,$,(#1371));
#8761=IFCBUILDINGELEMENTPROXY('31W8oR8mb2n9zWv2g7mwR2',#5,'NL.IMGeo.G0772.0a4a928adc2f42b6894b32938987e90f',$,$,#8759,#8760,$,$);
#8762=IFCRELDEFINESBYPROPERTIES('2O1mTIQ79Bs9qDVs8gc_fq',#5,$,$,(#8761),#4786);
#8763=IFCCARTESIANPOINT((94.1945456093235,139.360681294173,0.));
#8764=IFCAXIS2PLACEMENT3D(#8763,$,$);
#8765=IFCLOCALPLACEMENT(#27,#8764);
#8766=IFCPRODUCTDEFINITIONSHAPE($,$,(#1372));
#8767=IFCBUILDINGELEMENTPROXY('3$aoH6$913_PYIeHD1hqUi',#5,'NL.IMGeo.G0772.0c26c210f17143a6b331e12a18d05b6b',$,$,#8765,#8766,$,$);
#8768=IFCRELDEFINESBYPROPERTIES('2_dbVQqJH0qu$ucXUFNSA7',#5,$,$,(#8767),#4796);
#8769=IFCCARTESIANPOINT((-54.4740699784597,146.932286355703,0.));
#8770=IFCAXIS2PLACEMENT3D(#8769,$,$);
#8771=IFCLOCALPLACEMENT(#27,#8770);
#8772=IFCPRODUCTDEFINITIONSHAPE($,$,(#1373));
#8773=IFCBUILDINGELEMENTPROXY('0rM2q4kqT0AP7UZZUA4lO1',#5,'NL.IMGeo.G0772.0f0df2502e3840c88b6bbadaa3b425da',$,$,#8771,#8772,$,$);
#8774=IFCRELDEFINESBYPROPERTIES('0JANq6dQD8DeO8UQQx4Kjo',#5,$,$,(#8773),#4806);
#8775=IFCCARTESIANPOINT((63.1886070869805,209.560986851458,0.));
#8776=IFCAXIS2PLACEMENT3D(#8775,$,$);
#8777=IFCLOCALPLACEMENT(#27,#8776);
#8778=IFCPRODUCTDEFINITIONSHAPE($,$,(#1374));
#8779=IFCBUILDINGELEMENTPROXY('0Ic2Na8BH73AsjpuuM76ZO',#5,'NL.IMGeo.G0772.0f51fc3767354cc6b490172a62487afb',$,$,#8777,#8778,$,$);
#8780=IFCRELDEFINESBYPROPERTIES('17itDcaAv3uvd$u8ZmqnaK',#5,$,$,(#8779),#4816);
#8781=IFCCARTESIANPOINT((-100.147720803943,140.23343232862,0.));
#8782=IFCAXIS2PLACEMENT3D(#8781,$,$);
#8783=IFCLOCALPLACEMENT(#27,#8782);
#8784=IFCPRODUCTDEFINITIONSHAPE($,$,(#1375));
#8785=IFCBUILDINGELEMENTPROXY('2T64sQKlP54f4tAR7sL6RL',#5,'NL.IMGeo.G0772.106238cf5ae247c3a846e0e89c17042f',$,$,#8783,#8784,$,$);
#8786=IFCRELDEFINESBYPROPERTIES('0VV3BEDlb3kuX$5DU7okCM',#5,$,$,(#8785),#4826);
#8787=IFCCARTESIANPOINT((63.5909699400363,134.379101499158,0.));
#8788=IFCAXIS2PLACEMENT3D(#8787,$,$);
#8789=IFCLOCALPLACEMENT(#27,#8788);
#8790=IFCPRODUCTDEFINITIONSHAPE($,$,(#1376));
#8791=IFCBUILDINGELEMENTPROXY('2e3UvThqD80fZJMZM2OPLL',#5,'NL.IMGeo.G0772.1626d9cffb0d4881b3bb34e5cf923841',$,$,#8789,#8790,$,$);
#8792=IFCRELDEFINESBYPROPERTIES('1HDvmcUBH9yf8sB$SqMa4j',#5,$,$,(#8791),#4836);
#8793=IFCCARTESIANPOINT((6.6668125493452,233.558432845748,0.));
#8794=IFCAXIS2PLACEMENT3D(#8793,$,$);
#8795=IFCLOCALPLACEMENT(#27,#8794);
#8796=IFCPRODUCTDEFINITIONSHAPE($,$,(#1377));
#8797=IFCBUILDINGELEMENTPROXY('2j6kVDEfbD_gy9$sj0ja_o',#5,'NL.IMGeo.G0772.18bdb9e8e0dd46ad8be815136c7b6620',$,$,#8795,#8796,$,$);
#8798=IFCRELDEFINESBYPROPERTIES('2zAPqZj2r6NgQkmWByrw4N',#5,$,$,(#8797),#4846);
#8799=IFCCARTESIANPOINT((-132.510621700116,136.849449086585,0.));
#8800=IFCAXIS2PLACEMENT3D(#8799,$,$);
#8801=IFCLOCALPLACEMENT(#27,#8800);
#8802=IFCPRODUCTDEFINITIONSHAPE($,$,(#1378));
#8803=IFCBUILDINGELEMENTPROXY('3T6Tr$A1TFFA0Xp$ZU3qYC',#5,'NL.IMGeo.G0772.18fd96747599417abc800fb0c5ddad5c',$,$,#8801,#8802,$,$);
#8804=IFCRELDEFINESBYPROPERTIES('1qU4LplXD8cQz3dv1WQro3',#5,$,$,(#8803),#4856);
#8805=IFCCARTESIANPOINT((49.205840364797,233.907010691008,0.));
#8806=IFCAXIS2PLACEMENT3D(#8805,$,$);
#8807=IFCLOCALPLACEMENT(#27,#8806);
#8808=IFCPRODUCTDEFINITIONSHAPE($,$,(#1379));
#8809=IFCBUILDINGELEMENTPROXY('0uN_4pw8j4Je7qagDG1ESh',#5,'NL.IMGeo.G0772.1ace7d45d6d4480aa2b51f42af506db6',$,$,#8807,#8808,$,$);
#8810=IFCRELDEFINESBYPROPERTIES('2s33sqrDv83O2x_bhK8dS8',#5,$,$,(#8809),#4866);
#8811=IFCCARTESIANPOINT((105.528368240368,192.036745171063,0.));
#8812=IFCAXIS2PLACEMENT3D(#8811,$,$);
#8813=IFCLOCALPLACEMENT(#27,#8812);
#8814=IFCPRODUCTDEFINITIONSHAPE($,$,(#1380));
#8815=IFCBUILDINGELEMENTPROXY('1Gb6OL6dH4Mxj1k4lDfnV9',#5,'NL.IMGeo.G0772.1afcde54ecf146b9bc77e9b07278356a',$,$,#8813,#8814,$,$);
#8816=IFCRELDEFINESBYPROPERTIES('0bFsmJb1924RjSFKUXF54y',#5,$,$,(#8815),#4876);
#8817=IFCCARTESIANPOINT((33.7752840587345,134.289589332708,0.));
#8818=IFCAXIS2PLACEMENT3D(#8817,$,$);
#8819=IFCLOCALPLACEMENT(#27,#8818);
#8820=IFCPRODUCTDEFINITIONSHAPE($,$,(#1381));
#8821=IFCBUILDINGELEMENTPROXY('1QuQ2Tc5z0ORtIMNPBefrV',#5,'NL.IMGeo.G0772.1c4aefc7bee346beaba5d64b4ec71e15',$,$,#8819,#8820,$,$);
#8822=IFCRELDEFINESBYPROPERTIES('0S85Ii4DDAxAy56mEQW7$g',#5,$,$,(#8821),#4886);
#8823=IFCCARTESIANPOINT((-39.3984178871906,249.460234813741,0.));
#8824=IFCAXIS2PLACEMENT3D(#8823,$,$);
#8825=IFCLOCALPLACEMENT(#27,#8824);
#8826=IFCPRODUCTDEFINITIONSHAPE($,$,(#1382));
#8827=IFCBUILDINGELEMENTPROXY('32evNPfsL8pfug$gamw2Rb',#5,'NL.IMGeo.G0772.1ce0697072d04d6fac2a71b5a5f5aa34',$,$,#8825,#8826,$,$);
#8828=IFCRELDEFINESBYPROPERTIES('3_hk5vmbn4BOzQvqdvm4bR',#5,$,$,(#8827),#4896);
#8829=IFCCARTESIANPOINT((133.011579087033,181.513286160131,0.));
#8830=IFCAXIS2PLACEMENT3D(#8829,$,$);
#8831=IFCLOCALPLACEMENT(#27,#8830);
#8832=IFCPRODUCTDEFINITIONSHAPE($,$,(#1383));
#8833=IFCBUILDINGELEMENTPROXY('23nay5nnz9mPCQHvNOxKwh',#5,'NL.IMGeo.G0772.1fd77eb3cad54c67a48999bb1a88d7cf',$,$,#8831,#8832,$,$);
#8834=IFCRELDEFINESBYPROPERTIES('2h655X6kL4jBBiCI1nfiiP',#5,$,$,(#8833),#4906);
#8835=IFCCARTESIANPOINT((48.5350914591691,133.842118101718,0.));
#8836=IFCAXIS2PLACEMENT3D(#8835,$,$);
#8837=IFCLOCALPLACEMENT(#27,#8836);
#8838=IFCPRODUCTDEFINITIONSHAPE($,$,(#1384));
#8839=IFCBUILDINGELEMENTPROXY('0olnAi1un3XgLFFsb8BiXW',#5,'NL.IMGeo.G0772.214821881d2246e3ba5f3f2e682acbdb',$,$,#8837,#8838,$,$);
#8840=IFCRELDEFINESBYPROPERTIES('3sMgepBxH2BfnfsSvu$FSF',#5,$,$,(#8839),#4916);
#8841=IFCCARTESIANPOINT((133.428352485556,211.973081447242,0.));
#8842=IFCAXIS2PLACEMENT3D(#8841,$,$);
#8843=IFCLOCALPLACEMENT(#27,#8842);
#8844=IFCPRODUCTDEFINITIONSHAPE($,$,(#1385));
#8845=IFCBUILDINGELEMENTPROXY('3Nbu71dDb0ewOQCEF60YBv',#5,'NL.IMGeo.G0772.23b4451534d148b4ab7737dea495b16c',$,$,#8843,#8844,$,$);
#8846=IFCRELDEFINESBYPROPERTIES('1ze5AymS17vfQfVuOwwctm',#5,$,$,(#8845),#4926);
#8847=IFCCARTESIANPOINT((206.473311493784,147.916649471386,0.));
#8848=IFCAXIS2PLACEMENT3D(#8847,$,$);
#8849=IFCLOCALPLACEMENT(#27,#8848);
#8850=IFCPRODUCTDEFINITIONSHAPE($,$,(#1386));
#8851=IFCBUILDINGELEMENTPROXY('1Ng66OdzfEpQ7rT8ua01Ze',#5,'NL.IMGeo.G0772.24e8c80a91364a86a240754c79fe43d6',$,$,#8849,#8850,$,$);
#8852=IFCRELDEFINESBYPROPERTIES('1KF$0ZlMr3_8QLd1vATLfO',#5,$,$,(#8851),#4936);
#8853=IFCCARTESIANPOINT((133.420774317929,204.669931950571,0.));
#8854=IFCAXIS2PLACEMENT3D(#8853,$,$);
#8855=IFCLOCALPLACEMENT(#27,#8854);
#8856=IFCPRODUCTDEFINITIONSHAPE($,$,(#1387));
#8857=IFCBUILDINGELEMENTPROXY('1Q_EneSp1DggI88GD84e6g',#5,'NL.IMGeo.G0772.255a49442afc4e50a77b86e975f27dfc',$,$,#8855,#8856,$,$);
#8858=IFCRELDEFINESBYPROPERTIES('2MnJ5Yz5b4mv_eOX5p25jr',#5,$,$,(#8857),#4946);
#8859=IFCCARTESIANPOINT((-39.9496321826882,304.038282459369,0.));
#8860=IFCAXIS2PLACEMENT3D(#8859,$,$);
#8861=IFCLOCALPLACEMENT(#27,#8860);
#8862=IFCPRODUCTDEFINITIONSHAPE($,$,(#1388));
#8863=IFCBUILDINGELEMENTPROXY('0MhZw9mFf5w8M5jnmhdtwP',#5,'NL.IMGeo.G0772.2ccb3d3cc2854eae99dcac2d1fde2e35',$,$,#8861,#8862,$,$);
#8864=IFCRELDEFINESBYPROPERTIES('31aof_FvzC9AsQcI_WuU2_',#5,$,$,(#8863),#4956);
#8865=IFCCARTESIANPOINT((41.6036846287607,207.163232177787,0.));
#8866=IFCAXIS2PLACEMENT3D(#8865,$,$);
#8867=IFCLOCALPLACEMENT(#27,#8866);
#8868=IFCPRODUCTDEFINITIONSHAPE($,$,(#1389));
#8869=IFCBUILDINGELEMENTPROXY('1zf9E$5kfEFhqZslQOzFw9',#5,'NL.IMGeo.G0772.2d7a8977ac2d4ca4878661f01f3a5126',$,$,#8867,#8868,$,$);
#8870=IFCRELDEFINESBYPROPERTIES('0TQe97Y6X0U8vuKZ3irMjT',#5,$,$,(#8869),#4966);
#8871=IFCCARTESIANPOINT((-167.76136386054,161.912649164384,0.));
#8872=IFCAXIS2PLACEMENT3D(#8871,$,$);
#8873=IFCLOCALPLACEMENT(#27,#8872);
#8874=IFCPRODUCTDEFINITIONSHAPE($,$,(#1390));
#8875=IFCBUILDINGELEMENTPROXY('1aovNfo_5BSPAkQamQnho5',#5,'NL.IMGeo.G0772.2f5d8b798fe3453d88f150da9544413b',$,$,#8873,#8874,$,$);
#8876=IFCRELDEFINESBYPROPERTIES('0PQ$FqlH90lfM6bTR3f9mm',#5,$,$,(#8875),#4976);
#8877=IFCCARTESIANPOINT((49.9179302537523,241.497884421377,0.));
#8878=IFCAXIS2PLACEMENT3D(#8877,$,$);
#8879=IFCLOCALPLACEMENT(#27,#8878);
#8880=IFCPRODUCTDEFINITIONSHAPE($,$,(#1391));
#8881=IFCBUILDINGELEMENTPROXY('3QWiKOsw5AWfJJBaucK51H',#5,'NL.IMGeo.G0772.325223a9c73947208c7a607592321848',$,$,#8879,#8880,$,$);
#8882=IFCRELDEFINESBYPROPERTIES('0eH_BdhUf7vA93qD3SG1tQ',#5,$,$,(#8881),#4986);
#8883=IFCCARTESIANPOINT((165.822800205759,148.929288113548,0.));
#8884=IFCAXIS2PLACEMENT3D(#8883,$,$);
#8885=IFCLOCALPLACEMENT(#27,#8884);
#8886=IFCPRODUCTDEFINITIONSHAPE($,$,(#1392));
#8887=IFCBUILDINGELEMENTPROXY('0kZMKXhTj3eOP6bpe_b74x',#5,'NL.IMGeo.G0772.339616a45af542a1a476153312a22a5c',$,$,#8885,#8886,$,$);
#8888=IFCRELDEFINESBYPROPERTIES('2B4LQgg_57cA3zw9Dm$8KZ',#5,$,$,(#8887),#4996);
#8889=IFCCARTESIANPOINT((23.0880288735789,250.781558474759,0.));
#8890=IFCAXIS2PLACEMENT3D(#8889,$,$);
#8891=IFCLOCALPLACEMENT(#27,#8890);
#8892=IFCPRODUCTDEFINITIONSHAPE($,$,(#1393));
#8893=IFCBUILDINGELEMENTPROXY('3C5U186D5ERhCYV82a7EBz',#5,'NL.IMGeo.G0772.354ea57cfeb34c0bb374bab8df06cea5',$,$,#8891,#8892,$,$);
#8894=IFCRELDEFINESBYPROPERTIES('1huoRqb_55yPNGGZ$m8k7g',#5,$,$,(#8893),#5006);
#8895=IFCCARTESIANPOINT((70.1674814890721,151.962113068439,0.));
#8896=IFCAXIS2PLACEMENT3D(#8895,$,$);
#8897=IFCLOCALPLACEMENT(#27,#8896);
#8898=IFCPRODUCTDEFINITIONSHAPE($,$,(#1394));
#8899=IFCBUILDINGELEMENTPROXY('3OZX5cxn97_8zru6jxXXm4',#5,'NL.IMGeo.G0772.3628c8d2eca64709be6a09ff1edd3cd3',$,$,#8897,#8898,$,$);
#8900=IFCRELDEFINESBYPROPERTIES('2HTzbB2uD7BuR_Mh4nx5Wz',#5,$,$,(#8899),#5016);
#8901=IFCCARTESIANPOINT((-56.4056101831666,135.475575726654,0.));
#8902=IFCAXIS2PLACEMENT3D(#8901,$,$);
#8903=IFCLOCALPLACEMENT(#27,#8902);
#8904=IFCPRODUCTDEFINITIONSHAPE($,$,(#1395));
#8905=IFCBUILDINGELEMENTPROXY('1I_BIl7jD6kfw2ef$P7JMP',#5,'NL.IMGeo.G0772.36fa5e7918584b31bbe792099cd7b0e1',$,$,#8903,#8904,$,$);
#8906=IFCRELDEFINESBYPROPERTIES('0rbsSU3vP3sxljxMFCuoqr',#5,$,$,(#8905),#5026);
#8907=IFCCARTESIANPOINT((80.3345021269924,245.589053872565,0.));
#8908=IFCAXIS2PLACEMENT3D(#8907,$,$);
#8909=IFCLOCALPLACEMENT(#27,#8908);
#8910=IFCPRODUCTDEFINITIONSHAPE($,$,(#1396));
#8911=IFCBUILDINGELEMENTPROXY('20kbc2hiDEiPQXkAJ8W$$S',#5,'NL.IMGeo.G0772.3743415b8ad4411da146b032897375ef',$,$,#8909,#8910,$,$);
#8912=IFCRELDEFINESBYPROPERTIES('3C$BEiP8n7QO4BqYQhPGec',#5,$,$,(#8911),#5036);
#8913=IFCCARTESIANPOINT((-140.825250220165,140.202358356735,0.));
#8914=IFCAXIS2PLACEMENT3D(#8913,$,$);
#8915=IFCLOCALPLACEMENT(#27,#8914);
#8916=IFCPRODUCTDEFINITIONSHAPE($,$,(#1397));
#8917=IFCBUILDINGELEMENTPROXY('0b9SJV5TX9N8gRGy1sSRxx',#5,'NL.IMGeo.G0772.3b674cfe3651496e9b6db38e0271afa1',$,$,#8915,#8916,$,$);
#8918=IFCRELDEFINESBYPROPERTIES('2lEl1dOYvEzxGGf5kpKKd0',#5,$,$,(#8917),#5046);
#8919=IFCCARTESIANPOINT((56.0204291624541,135.056168951967,0.));
#8920=IFCAXIS2PLACEMENT3D(#8919,$,$);
#8921=IFCLOCALPLACEMENT(#27,#8920);
#8922=IFCPRODUCTDEFINITIONSHAPE($,$,(#1398));
#8923=IFCBUILDINGELEMENTPROXY('35zw711zLEMPW1abn4rk_9',#5,'NL.IMGeo.G0772.3d92a36ba76f4099b3e30cc324a23eaa',$,$,#8921,#8922,$,$);
#8924=IFCRELDEFINESBYPROPERTIES('0tlp8hBY508ONLbS_RyrHT',#5,$,$,(#8923),#5056);
#8925=IFCCARTESIANPOINT((65.0316157633497,240.185921268014,0.));
#8926=IFCAXIS2PLACEMENT3D(#8925,$,$);
#8927=IFCLOCALPLACEMENT(#27,#8926);
#8928=IFCPRODUCTDEFINITIONSHAPE($,$,(#1399));
#8929=IFCBUILDINGELEMENTPROXY('0YAuTjmUPEX9z7v7kWrckj',#5,'NL.IMGeo.G0772.3e85f5795f6a4369b50a0dd2323aee59',$,$,#8927,#8928,$,$);
#8930=IFCRELDEFINESBYPROPERTIES('3gC1DcqUX0suv6iHceMqqM',#5,$,$,(#8929),#5066);
#8931=IFCCARTESIANPOINT((15.7484809628513,289.359666378936,0.));
#8932=IFCAXIS2PLACEMENT3D(#8931,$,$);
#8933=IFCLOCALPLACEMENT(#27,#8932);
#8934=IFCPRODUCTDEFINITIONSHAPE($,$,(#1400));
#8935=IFCBUILDINGELEMENTPROXY('3dDaoAXc14WRvmpzvXQxg_',#5,'NL.IMGeo.G0772.40b112b39b1147aea848cfeb114c6c8f',$,$,#8933,#8934,$,$);
#8936=IFCRELDEFINESBYPROPERTIES('14rB8pXnTFhuBdH8W4fs28',#5,$,$,(#8935),#5076);
#8937=IFCCARTESIANPOINT((132.954656205984,173.661479120667,0.));
#8938=IFCAXIS2PLACEMENT3D(#8937,$,$);
#8939=IFCLOCALPLACEMENT(#27,#8938);
#8940=IFCPRODUCTDEFINITIONSHAPE($,$,(#1401));
#8941=IFCBUILDINGELEMENTPROXY('1iV0I91XbAt84T3zdKeUzR',#5,'NL.IMGeo.G0772.43e80032f77f42f8965af2f77e5282ea',$,$,#8939,#8940,$,$);
#8942=IFCRELDEFINESBYPROPERTIES('3_t32fsi19yA$4YNC3ogr9',#5,$,$,(#8941),#5086);
#8943=IFCCARTESIANPOINT((106.457201386598,158.901469361328,0.));
#8944=IFCAXIS2PLACEMENT3D(#8943,$,$);
#8945=IFCLOCALPLACEMENT(#27,#8944);
#8946=IFCPRODUCTDEFINITIONSHAPE($,$,(#1402));
#8947=IFCBUILDINGELEMENTPROXY('3R7DG8LqP1zQNNwKOJrCfx',#5,'NL.IMGeo.G0772.449e18c136464aa7bb28440b198c39eb',$,$,#8945,#8946,$,$);
#8948=IFCRELDEFINESBYPROPERTIES('2QG9K70ln6hfQGnsgLBwnw',#5,$,$,(#8947),#5096);
#8949=IFCCARTESIANPOINT((-42.52813063949,316.903964085563,0.));
#8950=IFCAXIS2PLACEMENT3D(#8949,$,$);
#8951=IFCLOCALPLACEMENT(#27,#8950);
#8952=IFCPRODUCTDEFINITIONSHAPE($,$,(#1403));
#8953=IFCBUILDINGELEMENTPROXY('2$T$f3ZGj6rvyJk6da9Mgg',#5,'NL.IMGeo.G0772.45fedaf4e8b244488c1cb1e567ee3a43',$,$,#8951,#8952,$,$);
#8954=IFCRELDEFINESBYPROPERTIES('0$3zB8ParBIvV6cIWrES4Q',#5,$,$,(#8953),#5106);
#8955=IFCCARTESIANPOINT((-93.1481530875608,135.26632725785,0.));
#8956=IFCAXIS2PLACEMENT3D(#8955,$,$);
#8957=IFCLOCALPLACEMENT(#27,#8956);
#8958=IFCPRODUCTDEFINITIONSHAPE($,$,(#1404));
#8959=IFCBUILDINGELEMENTPROXY('2oUIKqCe11uunig1wudTQ1',#5,'NL.IMGeo.G0772.46d6114341c844a3b8b8e7a4c678cf2c',$,$,#8957,#8958,$,$);
#8960=IFCRELDEFINESBYPROPERTIES('0qPzwDaoPEffiL2Y0bfbXS',#5,$,$,(#8959),#5116);
#8961=IFCCARTESIANPOINT((-36.0211967106443,133.313970447984,0.));
#8962=IFCAXIS2PLACEMENT3D(#8961,$,$);
#8963=IFCLOCALPLACEMENT(#27,#8962);
#8964=IFCPRODUCTDEFINITIONSHAPE($,$,(#1405));
#8965=IFCBUILDINGELEMENTPROXY('1iorBeHvDFnAyTzrgcTZ8u',#5,'NL.IMGeo.G0772.4774d70400844e2bad678d8ebaa0e402',$,$,#8963,#8964,$,$);
#8966=IFCRELDEFINESBYPROPERTIES('0JVW658IH8KACrDXldAbvO',#5,$,$,(#8965),#5126);
#8967=IFCCARTESIANPOINT((35.0812230252486,242.885564361291,0.));
#8968=IFCAXIS2PLACEMENT3D(#8967,$,$);
#8969=IFCLOCALPLACEMENT(#27,#8968);
#8970=IFCPRODUCTDEFINITIONSHAPE($,$,(#1406));
#8971=IFCBUILDINGELEMENTPROXY('27BifN$$n6yOYns0q6vfAB',#5,'NL.IMGeo.G0772.4852a1735ba140ac9071d619db821330',$,$,#8969,#8970,$,$);
#8972=IFCRELDEFINESBYPROPERTIES('1uXTBy$$f0uwWXq5655H6S',#5,$,$,(#8971),#5136);
#8973=IFCCARTESIANPOINT((-94.8870967386465,138.901315425464,0.));
#8974=IFCAXIS2PLACEMENT3D(#8973,$,$);
#8975=IFCLOCALPLACEMENT(#27,#8974);
#8976=IFCPRODUCTDEFINITIONSHAPE($,$,(#1407));
#8977=IFCBUILDINGELEMENTPROXY('22x85tE7D1KeakaYci5_4i',#5,'NL.IMGeo.G0772.4a1270d21de541a586f589c6940fd6a4',$,$,#8975,#8976,$,$);
#8978=IFCRELDEFINESBYPROPERTIES('1ak6NxhpX4ygUlRYV4ytrk',#5,$,$,(#8977),#5146);
#8979=IFCCARTESIANPOINT((186.037262159545,133.031070826051,0.));
#8980=IFCAXIS2PLACEMENT3D(#8979,$,$);
#8981=IFCLOCALPLACEMENT(#27,#8980);
#8982=IFCPRODUCTDEFINITIONSHAPE($,$,(#1408));
#8983=IFCBUILDINGELEMENTPROXY('3PWzfVIPrFoQJ7D13eK3lX',#5,'NL.IMGeo.G0772.4ae4ac54bef54105b4fe4f7ae5f4697c',$,$,#8981,#8982,$,$);
#8984=IFCRELDEFINESBYPROPERTIES('05hTmrN2T1DAjwI5bxQQDq',#5,$,$,(#8983),#5156);
#8985=IFCCARTESIANPOINT((-135.878994599479,134.313104470668,0.));
#8986=IFCAXIS2PLACEMENT3D(#8985,$,$);
#8987=IFCLOCALPLACEMENT(#27,#8986);
#8988=IFCPRODUCTDEFINITIONSHAPE($,$,(#1409));
#8989=IFCBUILDINGELEMENTPROXY('2nD8zNvkfDqgCcCZY366pI',#5,'NL.IMGeo.G0772.4f1dc45866c14ecda63a04ac7c6a82a9',$,$,#8987,#8988,$,$);
#8990=IFCRELDEFINESBYPROPERTIES('3rbaKOMjX2$9LNy21JYrlh',#5,$,$,(#8989),#5166);
#8991=IFCCARTESIANPOINT((-53.8671112655138,257.451247761084,0.));
#8992=IFCAXIS2PLACEMENT3D(#8991,$,$);
#8993=IFCLOCALPLACEMENT(#27,#8992);
#8994=IFCPRODUCTDEFINITIONSHAPE($,$,(#1410));
#8995=IFCBUILDINGELEMENTPROXY('0c8yq5Jcr2$9az7FCUnOe1',#5,'NL.IMGeo.G0772.4f3e9d568c6746baadd060a82bec5004',$,$,#8993,#8994,$,$);
#8996=IFCRELDEFINESBYPROPERTIES('1ZhhSXUzn9RAvTJr1D0QNz',#5,$,$,(#8995),#5176);
#8997=IFCCARTESIANPOINT((28.0782683649159,228.332072270918,0.));
#8998=IFCAXIS2PLACEMENT3D(#8997,$,$);
#8999=IFCLOCALPLACEMENT(#27,#8998);
#9000=IFCPRODUCTDEFINITIONSHAPE($,$,(#1411));
#9001=IFCBUILDINGELEMENTPROXY('2tl3ws5kjCNQmZG8kY6wrw',#5,'NL.IMGeo.G0772.5246a8ca38e540a9ba96d92b74d4e3fd',$,$,#8999,#9000,$,$);
#9002=IFCRELDEFINESBYPROPERTIES('0YgbiOGgfCmPnNMJlD6QLY',#5,$,$,(#9001),#5186);
#9003=IFCCARTESIANPOINT((146.640615880169,148.058918940078,0.));
#9004=IFCAXIS2PLACEMENT3D(#9003,$,$);
#9005=IFCLOCALPLACEMENT(#27,#9004);
#9006=IFCPRODUCTDEFINITIONSHAPE($,$,(#1412));
#9007=IFCBUILDINGELEMENTPROXY('2fnTtxTjP3HuFuhXDDdjtG',#5,'NL.IMGeo.G0772.564f09c8f2ec43fcbc6387d9c03215c3',$,$,#9005,#9006,$,$);
#9008=IFCRELDEFINESBYPROPERTIES('1zkjSjtJ169wU5OOPj1cXF',#5,$,$,(#9007),#5196);
#9009=IFCCARTESIANPOINT((55.3752406724379,159.12518033199,0.));
#9010=IFCAXIS2PLACEMENT3D(#9009,$,$);
#9011=IFCLOCALPLACEMENT(#27,#9010);
#9012=IFCPRODUCTDEFINITIONSHAPE($,$,(#1413));
#9013=IFCBUILDINGELEMENTPROXY('0uHzmPeiX9Rgm5dyN07zyJ',#5,'NL.IMGeo.G0772.573c1ab351fc41bf9acca2dfe20d579e',$,$,#9011,#9012,$,$);
#9014=IFCRELDEFINESBYPROPERTIES('1YJvEvZhL6ExQXR0yBMyK$',#5,$,$,(#9013),#5206);
#9015=IFCCARTESIANPOINT((-129.108193135908,187.910929067701,0.));
#9016=IFCAXIS2PLACEMENT3D(#9015,$,$);
#9017=IFCLOCALPLACEMENT(#27,#9016);
#9018=IFCPRODUCTDEFINITIONSHAPE($,$,(#1414));
#9019=IFCBUILDINGELEMENTPROXY('3hOkwZunTBug5B$4kp3cuF',#5,'NL.IMGeo.G0772.575583c32b5e47f49f20d83b807db63e',$,$,#9017,#9018,$,$);
#9020=IFCRELDEFINESBYPROPERTIES('2ktD6MqLv0fw3EbeEHlKDx',#5,$,$,(#9019),#5216);
#9021=IFCCARTESIANPOINT((-131.553778765112,143.240307839355,0.));
#9022=IFCAXIS2PLACEMENT3D(#9021,$,$);
#9023=IFCLOCALPLACEMENT(#27,#9022);
#9024=IFCPRODUCTDEFINITIONSHAPE($,$,(#1415));
#9025=IFCBUILDINGELEMENTPROXY('0yE_hb8fDCxusXeaLyH81U',#5,'NL.IMGeo.G0772.586670df0323461e9d86b18dde52c006',$,$,#9023,#9024,$,$);
#9026=IFCRELDEFINESBYPROPERTIES('30LYSNPxr3su_FWxhgcj6X',#5,$,$,(#9025),#5226);
#9027=IFCCARTESIANPOINT((-113.793994366162,253.573376844521,0.));
#9028=IFCAXIS2PLACEMENT3D(#9027,$,$);
#9029=IFCLOCALPLACEMENT(#27,#9028);
#9030=IFCPRODUCTDEFINITIONSHAPE($,$,(#1416));
#9031=IFCBUILDINGELEMENTPROXY('0UHZPQhYv2cB9XUjXKmRp8',#5,'NL.IMGeo.G0772.5aab76d482df4ac28cb9bbbaaceb66f9',$,$,#9029,#9030,$,$);
#9032=IFCRELDEFINESBYPROPERTIES('3yELLDg$X4eQOYt3MnZNDC',#5,$,$,(#9031),#5236);
#9033=IFCCARTESIANPOINT((-76.7845577890985,142.481365366431,0.));
#9034=IFCAXIS2PLACEMENT3D(#9033,$,$);
#9035=IFCLOCALPLACEMENT(#27,#9034);
#9036=IFCPRODUCTDEFINITIONSHAPE($,$,(#1417));
#9037=IFCBUILDINGELEMENTPROXY('2OYmxKycv0HOmJe50T2geB',#5,'NL.IMGeo.G0772.5bbae8cd48344a31ae5a1a7256a18301',$,$,#9035,#9036,$,$);
#9038=IFCRELDEFINESBYPROPERTIES('1yULNGxKn7jQ89kfgUprGI',#5,$,$,(#9037),#5246);
#9039=IFCCARTESIANPOINT((16.6872143588553,160.249607725069,0.));
#9040=IFCAXIS2PLACEMENT3D(#9039,$,$);
#9041=IFCLOCALPLACEMENT(#27,#9040);
#9042=IFCPRODUCTDEFINITIONSHAPE($,$,(#1418));
#9043=IFCBUILDINGELEMENTPROXY('1VGEGzCr1Br8I6bGZb$DT1',#5,'NL.IMGeo.G0772.5ca6ec5350334c33928477467deed582',$,$,#9041,#9042,$,$);
#9044=IFCRELDEFINESBYPROPERTIES('2GCxEj07fEOuXoc0Ks9VbO',#5,$,$,(#9043),#5256);
#9045=IFCCARTESIANPOINT((66.590595066169,167.640272511344,0.));
#9046=IFCAXIS2PLACEMENT3D(#9045,$,$);
#9047=IFCLOCALPLACEMENT(#27,#9046);
#9048=IFCPRODUCTDEFINITIONSHAPE($,$,(#1419));
#9049=IFCBUILDINGELEMENTPROXY('2ypSwIg5P65hwZoZzneE_X',#5,'NL.IMGeo.G0772.5f176bf849374aa5b6dba859d82ca437',$,$,#9047,#9048,$,$);
#9050=IFCRELDEFINESBYPROPERTIES('1yXooUmebAHgNml_YXGYB2',#5,$,$,(#9049),#5266);
#9051=IFCCARTESIANPOINT((25.4838389378565,218.542507370061,0.));
#9052=IFCAXIS2PLACEMENT3D(#9051,$,$);
#9053=IFCLOCALPLACEMENT(#27,#9052);
#9054=IFCPRODUCTDEFINITIONSHAPE($,$,(#1420));
#9055=IFCBUILDINGELEMENTPROXY('1UDPIqa$P3xONtlT2HOFnw',#5,'NL.IMGeo.G0772.5f27870667b54a18af48fde372091fee',$,$,#9053,#9054,$,$);
#9056=IFCRELDEFINESBYPROPERTIES('2pDmOJqQ57FvkhFbx8tCPo',#5,$,$,(#9055),#5276);
#9057=IFCCARTESIANPOINT((87.5550501917896,183.093203181226,0.));
#9058=IFCAXIS2PLACEMENT3D(#9057,$,$);
#9059=IFCLOCALPLACEMENT(#27,#9058);
#9060=IFCPRODUCTDEFINITIONSHAPE($,$,(#1421));
#9061=IFCBUILDINGELEMENTPROXY('1NxVuP3pL8FP_2WIfKwdqo',#5,'NL.IMGeo.G0772.6053e1af2b2a4189a2f8c2c0b89134bb',$,$,#9059,#9060,$,$);
#9062=IFCRELDEFINESBYPROPERTIES('3xzUYq7$b8GArfI1fNBQ3T',#5,$,$,(#9061),#5286);
#9063=IFCCARTESIANPOINT((20.3769636834913,236.681398243934,0.));
#9064=IFCAXIS2PLACEMENT3D(#9063,$,$);
#9065=IFCLOCALPLACEMENT(#27,#9064);
#9066=IFCPRODUCTDEFINITIONSHAPE($,$,(#1422));
#9067=IFCBUILDINGELEMENTPROXY('0kAbNH6av4zwZsSVUxz2lX',#5,'NL.IMGeo.G0772.622484dc148c49dc879b9c3d96c0a0a9',$,$,#9065,#9066,$,$);
#9068=IFCRELDEFINESBYPROPERTIES('0bvdHN6b5Bkf$9Uik9fD1a',#5,$,$,(#9067),#5296);
#9069=IFCCARTESIANPOINT((48.901411815139,258.915667037538,0.));
#9070=IFCAXIS2PLACEMENT3D(#9069,$,$);
#9071=IFCLOCALPLACEMENT(#27,#9070);
#9072=IFCPRODUCTDEFINITIONSHAPE($,$,(#1423));
#9073=IFCBUILDINGELEMENTPROXY('1FsUSSEC56HwlNp2CZheVX',#5,'NL.IMGeo.G0772.6330ef73064441f9969a2a20b0a13afb',$,$,#9071,#9072,$,$);
#9074=IFCRELDEFINESBYPROPERTIES('3vV3u17wPDUvZc5Lu_vKCM',#5,$,$,(#9073),#5306);
#9075=IFCCARTESIANPOINT((162.706681541109,132.72082413733,0.));
#9076=IFCAXIS2PLACEMENT3D(#9075,$,$);
#9077=IFCLOCALPLACEMENT(#27,#9076);
#9078=IFCPRODUCTDEFINITIONSHAPE($,$,(#1424));
#9079=IFCBUILDINGELEMENTPROXY('2qCX1fENH0Lg3sixQ$0pYS',#5,'NL.IMGeo.G0772.67efb3a1334043e7b64fa092d52512eb',$,$,#9077,#9078,$,$);
#9080=IFCRELDEFINESBYPROPERTIES('0Ln_wjPML32fmy_MRaHxUF',#5,$,$,(#9079),#5316);
#9081=IFCCARTESIANPOINT((-37.0986568511871,141.591237427201,0.));
#9082=IFCAXIS2PLACEMENT3D(#9081,$,$);
#9083=IFCLOCALPLACEMENT(#27,#9082);
#9084=IFCPRODUCTDEFINITIONSHAPE($,$,(#1425));
#9085=IFCBUILDINGELEMENTPROXY('0JLZToAG5EHREW1mSg6OwF',#5,'NL.IMGeo.G0772.68398128dc47405987c3e937fa55e526',$,$,#9083,#9084,$,$);
#9086=IFCRELDEFINESBYPROPERTIES('3QbS8Pm3b1LPIYgp4_VN$X',#5,$,$,(#9085),#5326);
#9087=IFCCARTESIANPOINT((26.4059805975121,152.387253891909,0.));
#9088=IFCAXIS2PLACEMENT3D(#9087,$,$);
#9089=IFCLOCALPLACEMENT(#27,#9088);
#9090=IFCPRODUCTDEFINITIONSHAPE($,$,(#1426));
#9091=IFCBUILDINGELEMENTPROXY('1zM5WdtnjF3Py0OikZOCQk',#5,'NL.IMGeo.G0772.6931c82ce36e43d581e18165d0c30654',$,$,#9089,#9090,$,$);
#9092=IFCRELDEFINESBYPROPERTIES('33$xm_51bCQAcnH33k7xWU',#5,$,$,(#9091),#5336);
#9093=IFCCARTESIANPOINT((109.14990001134,133.244159757334,0.));
#9094=IFCAXIS2PLACEMENT3D(#9093,$,$);
#9095=IFCLOCALPLACEMENT(#27,#9094);
#9096=IFCPRODUCTDEFINITIONSHAPE($,$,(#1427));
#9097=IFCBUILDINGELEMENTPROXY('365wjyjM1BkOReUigNWN1C',#5,'NL.IMGeo.G0772.696e29978b9b4beaa6ef99225c5b1b7f',$,$,#9095,#9096,$,$);
#9098=IFCRELDEFINESBYPROPERTIES('1uvAJjdEz8N9vS5yuLhrtQ',#5,$,$,(#9097),#5346);
#9099=IFCCARTESIANPOINT((108.588065454358,215.019631825213,0.));
#9100=IFCAXIS2PLACEMENT3D(#9099,$,$);
#9101=IFCLOCALPLACEMENT(#27,#9100);
#9102=IFCPRODUCTDEFINITIONSHAPE($,$,(#1428));
#9103=IFCBUILDINGELEMENTPROXY('1y$J2Ivg10E88$8gp$KmOg',#5,'NL.IMGeo.G0772.6ff693a47f2448c5b39d216699b8b7e3',$,$,#9101,#9102,$,$);
#9104=IFCRELDEFINESBYPROPERTIES('3DicKtO4rBt976S9nIiVWB',#5,$,$,(#9103),#5356);
#9105=IFCCARTESIANPOINT((-119.606155043293,165.10801765084,0.));
#9106=IFCAXIS2PLACEMENT3D(#9105,$,$);
#9107=IFCLOCALPLACEMENT(#27,#9106);
#9108=IFCPRODUCTDEFINITIONSHAPE($,$,(#1429));
#9109=IFCBUILDINGELEMENTPROXY('38H4TTg5X6fwHdlucLJa3J',#5,'NL.IMGeo.G0772.731dca1f69e741ef8155176a7eafeaeb',$,$,#9107,#9108,$,$);
#9110=IFCRELDEFINESBYPROPERTIES('2U4B2PgYX0_QaisGD9x3eM',#5,$,$,(#9109),#5366);
#9111=IFCCARTESIANPOINT((125.279060520377,192.98676172836,0.));
#9112=IFCAXIS2PLACEMENT3D(#9111,$,$);
#9113=IFCLOCALPLACEMENT(#27,#9112);
#9114=IFCPRODUCTDEFINITIONSHAPE($,$,(#1430));
#9115=IFCBUILDINGELEMENTPROXY('3wWdrCnLzDm9Z2bKIHbAX4',#5,'NL.IMGeo.G0772.7456dd6f73d1403093005676a80ef9d5',$,$,#9113,#9114,$,$);
#9116=IFCRELDEFINESBYPROPERTIES('39pzLOJqv54PHooWll7xX9',#5,$,$,(#9115),#5376);
#9117=IFCCARTESIANPOINT((78.5230846308696,133.768121254165,0.));
#9118=IFCAXIS2PLACEMENT3D(#9117,$,$);
#9119=IFCLOCALPLACEMENT(#27,#9118);
#9120=IFCPRODUCTDEFINITIONSHAPE($,$,(#1431));
#9121=IFCBUILDINGELEMENTPROXY('16GXNL71b2rOyMFop9DfPc',#5,'NL.IMGeo.G0772.7461cf9ece194b5983cc84fa159a7cbd',$,$,#9119,#9120,$,$);
#9122=IFCRELDEFINESBYPROPERTIES('1oIdafFeHBrx5L2SDQjtd7',#5,$,$,(#9121),#5386);
#9123=IFCCARTESIANPOINT((102.70718703774,220.674132161192,0.));
#9124=IFCAXIS2PLACEMENT3D(#9123,$,$);
#9125=IFCLOCALPLACEMENT(#27,#9124);
#9126=IFCPRODUCTDEFINITIONSHAPE($,$,(#1432));
#9127=IFCBUILDINGELEMENTPROXY('0HuMny60f17wivgJgF2kio',#5,'NL.IMGeo.G0772.77c47bdcdea544709b07149ec48fd675',$,$,#9125,#9126,$,$);
#9128=IFCRELDEFINESBYPROPERTIES('0UgZQGAD1078L6USZdNQ3e',#5,$,$,(#9127),#5396);
#9129=IFCCARTESIANPOINT((50.5529688454408,248.426705965248,0.));
#9130=IFCAXIS2PLACEMENT3D(#9129,$,$);
#9131=IFCLOCALPLACEMENT(#27,#9130);
#9132=IFCPRODUCTDEFINITIONSHAPE($,$,(#1433));
#9133=IFCBUILDINGELEMENTPROXY('2LXsyHWPf1ielUWgmv_jvU',#5,'NL.IMGeo.G0772.798db0fb1d544db0acd819494decd56c',$,$,#9131,#9132,$,$);
#9134=IFCRELDEFINESBYPROPERTIES('3YX_EUx6P2X99YOO_cAeXA',#5,$,$,(#9133),#5406);
#9135=IFCCARTESIANPOINT((-54.4257965269207,145.66908301739,0.));
#9136=IFCAXIS2PLACEMENT3D(#9135,$,$);
#9137=IFCLOCALPLACEMENT(#27,#9136);
#9138=IFCPRODUCTDEFINITIONSHAPE($,$,(#1434));
#9139=IFCBUILDINGELEMENTPROXY('35HDkFDHL3H9L7ZY8wsSKz',#5,'NL.IMGeo.G0772.7cb6e09ede7543fe9e4cf6bfe53e001f',$,$,#9137,#9138,$,$);
#9140=IFCRELDEFINESBYPROPERTIES('1d2lCBImPDq9OhzfzgPN8T',#5,$,$,(#9139),#5416);
#9141=IFCCARTESIANPOINT((-39.0367652960122,256.615518484148,0.));
#9142=IFCAXIS2PLACEMENT3D(#9141,$,$);
#9143=IFCLOCALPLACEMENT(#27,#9142);
#9144=IFCPRODUCTDEFINITIONSHAPE($,$,(#1435));
#9145=IFCBUILDINGELEMENTPROXY('27$AepRejBGftYqm0LaWk8',#5,'NL.IMGeo.G0772.7d5a9b51244f44d7b2e624e439006ee2',$,$,#9143,#9144,$,$);
#9146=IFCRELDEFINESBYPROPERTIES('2w0$zyMkX7MvcWmQqzJpF2',#5,$,$,(#9145),#5426);
#9147=IFCCARTESIANPOINT((115.684824839787,199.386398179457,0.));
#9148=IFCAXIS2PLACEMENT3D(#9147,$,$);
#9149=IFCLOCALPLACEMENT(#27,#9148);
#9150=IFCPRODUCTDEFINITIONSHAPE($,$,(#1436));
#9151=IFCBUILDINGELEMENTPROXY('1TicsVg2r1HA2Qw6F4E8nj',#5,'NL.IMGeo.G0772.7dd0aef3f9034680a4bf52894ddb3700',$,$,#9149,#9150,$,$);
#9152=IFCRELDEFINESBYPROPERTIES('0VpR$CRZX0zulMiBbJGlAv',#5,$,$,(#9151),#5436);
#9153=IFCCARTESIANPOINT((62.585273055156,178.712945340783,0.));
#9154=IFCAXIS2PLACEMENT3D(#9153,$,$);
#9155=IFCLOCALPLACEMENT(#27,#9154);
#9156=IFCPRODUCTDEFINITIONSHAPE($,$,(#1437));
#9157=IFCBUILDINGELEMENTPROXY('1Vx07VU9L0ofjS$04UMnJ_',#5,'NL.IMGeo.G0772.7ee1bb6766504af3b161956ab11260f6',$,$,#9155,#9156,$,$);
#9158=IFCRELDEFINESBYPROPERTIES('1QADIvd5HFjRKxuXDdW31z',#5,$,$,(#9157),#5446);
#9159=IFCCARTESIANPOINT((36.1937553360185,260.0706929281,0.));
#9160=IFCAXIS2PLACEMENT3D(#9159,$,$);
#9161=IFCLOCALPLACEMENT(#27,#9160);
#9162=IFCPRODUCTDEFINITIONSHAPE($,$,(#1438));
#9163=IFCBUILDINGELEMENTPROXY('3E4q7tL4r0Tv0hb2bTrhDQ',#5,'NL.IMGeo.G0772.848a24c1fbfa473c91c3ce1d2853f527',$,$,#9161,#9162,$,$);
#9164=IFCRELDEFINESBYPROPERTIES('0CUlVxQAT74fZi9WJkLPye',#5,$,$,(#9163),#5456);
#9165=IFCCARTESIANPOINT((-42.7941113197303,135.095018650347,0.));
#9166=IFCAXIS2PLACEMENT3D(#9165,$,$);
#9167=IFCLOCALPLACEMENT(#27,#9166);
#9168=IFCPRODUCTDEFINITIONSHAPE($,$,(#1439));
#9169=IFCBUILDINGELEMENTPROXY('0lZLvxiYf3vu3gtDqY2Vyi',#5,'NL.IMGeo.G0772.86b7c9bde39c4d74a6ff78ab79cad9ef',$,$,#9167,#9168,$,$);
#9170=IFCRELDEFINESBYPROPERTIES('27vEBv9S1AK9Zfis78mWbI',#5,$,$,(#9169),#5466);
#9171=IFCCARTESIANPOINT((102.097691616917,193.878713386075,0.));
#9172=IFCAXIS2PLACEMENT3D(#9171,$,$);
#9173=IFCLOCALPLACEMENT(#27,#9172);
#9174=IFCPRODUCTDEFINITIONSHAPE($,$,(#1440));
#9175=IFCBUILDINGELEMENTPROXY('0fT9K$lefEAAHYOFtMVFQJ',#5,'NL.IMGeo.G0772.88174142cfeb49a7b732fa2f86816616',$,$,#9173,#9174,$,$);
#9176=IFCRELDEFINESBYPROPERTIES('0rJeBcW$XCvOszDjfpuUcN',#5,$,$,(#9175),#5476);
#9177=IFCCARTESIANPOINT((1.14077172419638,152.636856750119,0.));
#9178=IFCAXIS2PLACEMENT3D(#9177,$,$);
#9179=IFCLOCALPLACEMENT(#27,#9178);
#9180=IFCPRODUCTDEFINITIONSHAPE($,$,(#1441));
#9181=IFCBUILDINGELEMENTPROXY('2JiKldYj93NAMSelTvwpHK',#5,'NL.IMGeo.G0772.89265e701aab485fba35828dc9a80253',$,$,#9179,#9180,$,$);
#9182=IFCRELDEFINESBYPROPERTIES('3pc29zK7T7W9lmY$S6bnSC',#5,$,$,(#9181),#5486);
#9183=IFCCARTESIANPOINT((116.607589176245,148.294878687651,0.));
#9184=IFCAXIS2PLACEMENT3D(#9183,$,$);
#9185=IFCLOCALPLACEMENT(#27,#9184);
#9186=IFCPRODUCTDEFINITIONSHAPE($,$,(#1442));
#9187=IFCBUILDINGELEMENTPROXY('3wctXDSZD5ue5HcanOADNS',#5,'NL.IMGeo.G0772.8d9bda68b04e48bba5b0d991f1ac539d',$,$,#9185,#9186,$,$);
#9188=IFCRELDEFINESBYPROPERTIES('199CzamGX4Ve4oVuJLjTHX',#5,$,$,(#9187),#5496);
#9189=IFCCARTESIANPOINT((-174.675018135604,154.215440282889,0.));
#9190=IFCAXIS2PLACEMENT3D(#9189,$,$);
#9191=IFCLOCALPLACEMENT(#27,#9190);
#9192=IFCPRODUCTDEFINITIONSHAPE($,$,(#1443));
#9193=IFCBUILDINGELEMENTPROXY('0$7yEBzY1E7gy08lMGgkO$',#5,'NL.IMGeo.G0772.8e43f70fc7084793bb156a3b97c9c9b3',$,$,#9191,#9192,$,$);
#9194=IFCRELDEFINESBYPROPERTIES('3buaVnfj129QPy9jE2391v',#5,$,$,(#9193),#5506);
#9195=IFCCARTESIANPOINT((166.13661006355,170.60541249899,0.));
#9196=IFCAXIS2PLACEMENT3D(#9195,$,$);
#9197=IFCLOCALPLACEMENT(#27,#9196);
#9198=IFCPRODUCTDEFINITIONSHAPE($,$,(#1444));
#9199=IFCBUILDINGELEMENTPROXY('0TZVX99JD10feZ32JVPmIE',#5,'NL.IMGeo.G0772.8e635712942f43c185b68c5bfba3f3bd',$,$,#9197,#9198,$,$);
#9200=IFCRELDEFINESBYPROPERTIES('0vMe6YRGT41gquEfAGn0E0',#5,$,$,(#9199),#5516);
#9201=IFCCARTESIANPOINT((-146.69871100504,135.458576383651,0.));
#9202=IFCAXIS2PLACEMENT3D(#9201,$,$);
#9203=IFCLOCALPLACEMENT(#27,#9202);
#9204=IFCPRODUCTDEFINITIONSHAPE($,$,(#1445));
#9205=IFCBUILDINGELEMENTPROXY('1x4t7kZjLDOh2vPue0vaNV',#5,'NL.IMGeo.G0772.8eb40d4e883d44dda0e686a1e33d9eb3',$,$,#9203,#9204,$,$);
#9206=IFCRELDEFINESBYPROPERTIES('2W7nuOyOf4ggqs9TERxCwN',#5,$,$,(#9205),#5526);
#9207=IFCCARTESIANPOINT((-45.4643570459739,331.159335862205,0.));
#9208=IFCAXIS2PLACEMENT3D(#9207,$,$);
#9209=IFCLOCALPLACEMENT(#27,#9208);
#9210=IFCPRODUCTDEFINITIONSHAPE($,$,(#1446));
#9211=IFCBUILDINGELEMENTPROXY('0uvq9sc7D68wMEY7IDViB4',#5,'NL.IMGeo.G0772.8ebb707b032a44a7bcf2f79ac4409df6',$,$,#9209,#9210,$,$);
#9212=IFCRELDEFINESBYPROPERTIES('3PECTB$pnFkf3048TjN80f',#5,$,$,(#9211),#5536);
#9213=IFCCARTESIANPOINT((-77.903829098359,136.073127797805,0.));
#9214=IFCAXIS2PLACEMENT3D(#9213,$,$);
#9215=IFCLOCALPLACEMENT(#27,#9214);
#9216=IFCPRODUCTDEFINITIONSHAPE($,$,(#1447));
#9217=IFCBUILDINGELEMENTPROXY('2$XKi1q491YxEBuZbkKOxl',#5,'NL.IMGeo.G0772.915a8b986136435ca9486e8e7f366726',$,$,#9215,#9216,$,$);
#9218=IFCRELDEFINESBYPROPERTIES('3TiyGEOxn2vBmrsTtbIEPq',#5,$,$,(#9217),#5546);
#9219=IFCCARTESIANPOINT((-41.0236564451188,136.15538393514,0.));
#9220=IFCAXIS2PLACEMENT3D(#9219,$,$);
#9221=IFCLOCALPLACEMENT(#27,#9220);
#9222=IFCPRODUCTDEFINITIONSHAPE($,$,(#1448));
#9223=IFCBUILDINGELEMENTPROXY('20qcT3gxT6LgtENd4eTxP1',#5,'NL.IMGeo.G0772.91ed80da4f4a4373a871de59920abf7b',$,$,#9221,#9222,$,$);
#9224=IFCRELDEFINESBYPROPERTIES('1Q17pdo_f62Rxht0iRjtHr',#5,$,$,(#9223),#5556);
#9225=IFCCARTESIANPOINT((-54.2961760638573,250.666050019034,0.));
#9226=IFCAXIS2PLACEMENT3D(#9225,$,$);
#9227=IFCLOCALPLACEMENT(#27,#9226);
#9228=IFCPRODUCTDEFINITIONSHAPE($,$,(#1449));
#9229=IFCBUILDINGELEMENTPROXY('3TZkXwDu59pfvPtSD$tcBQ',#5,'NL.IMGeo.G0772.922a85600b754e199a4890fca8b211ae',$,$,#9227,#9228,$,$);
#9230=IFCRELDEFINESBYPROPERTIES('19xOaWB5XFGRld6fEsshyG',#5,$,$,(#9229),#5566);
#9231=IFCCARTESIANPOINT((59.5673379424843,257.993680135929,0.));
#9232=IFCAXIS2PLACEMENT3D(#9231,$,$);
#9233=IFCLOCALPLACEMENT(#27,#9232);
#9234=IFCPRODUCTDEFINITIONSHAPE($,$,(#1450));
#9235=IFCBUILDINGELEMENTPROXY('000RKM0vXFrQDifOa5wQbu',#5,'NL.IMGeo.G0772.936f98bcdcd4438bbafc9467b8f7e51d',$,$,#9233,#9234,$,$);
#9236=IFCRELDEFINESBYPROPERTIES('1TS5$J1Ln3IO4oBS3gsr8j',#5,$,$,(#9235),#5576);
#9237=IFCCARTESIANPOINT((51.8745722887397,135.014266892918,0.));
#9238=IFCAXIS2PLACEMENT3D(#9237,$,$);
#9239=IFCLOCALPLACEMENT(#27,#9238);
#9240=IFCPRODUCTDEFINITIONSHAPE($,$,(#1451));
#9241=IFCBUILDINGELEMENTPROXY('1GVGWTa3L9Zx7IdJHi5K4o',#5,'NL.IMGeo.G0772.94cd14d43a6d4a4e9e45d62f610691e9',$,$,#9239,#9240,$,$);
#9242=IFCRELDEFINESBYPROPERTIES('3BB7qUIND20uA6raLBReai',#5,$,$,(#9241),#5586);
#9243=IFCCARTESIANPOINT((95.4369637208001,244.305866120441,0.));
#9244=IFCAXIS2PLACEMENT3D(#9243,$,$);
#9245=IFCLOCALPLACEMENT(#27,#9244);
#9246=IFCPRODUCTDEFINITIONSHAPE($,$,(#1452));
#9247=IFCBUILDINGELEMENTPROXY('2XdYHcv5fESQi35Y3adoWC',#5,'NL.IMGeo.G0772.95e5a3d5833f4110a62a99cfc8e2d729',$,$,#9245,#9246,$,$);
#9248=IFCRELDEFINESBYPROPERTIES('1StGpu28L4TwMyAYzBMtcM',#5,$,$,(#9247),#5596);
#9249=IFCCARTESIANPOINT((-24.3841473272478,254.95700991858,0.));
#9250=IFCAXIS2PLACEMENT3D(#9249,$,$);
#9251=IFCLOCALPLACEMENT(#27,#9250);
#9252=IFCPRODUCTDEFINITIONSHAPE($,$,(#1453));
#9253=IFCBUILDINGELEMENTPROXY('3$jYZOkJjB2AcWIIfD8tJB',#5,'NL.IMGeo.G0772.95e8998ea1c54bf4aad051f9c40c3da2',$,$,#9251,#9252,$,$);
#9254=IFCRELDEFINESBYPROPERTIES('3QBDuZLdnFMeGpnoDdIfWO',#5,$,$,(#9253),#5606);
#9255=IFCCARTESIANPOINT((-59.8728572679101,140.173439353181,0.));
#9256=IFCAXIS2PLACEMENT3D(#9255,$,$);
#9257=IFCLOCALPLACEMENT(#27,#9256);
#9258=IFCPRODUCTDEFINITIONSHAPE($,$,(#1454));
#9259=IFCBUILDINGELEMENTPROXY('2Z_fuYNBbANeBPp0EBMOlp',#5,'NL.IMGeo.G0772.9691f99422124e5c974ebc74e81c6ea1',$,$,#9257,#9258,$,$);
#9260=IFCRELDEFINESBYPROPERTIES('3zuOZt7Bf4iBhbf8aAQNew',#5,$,$,(#9259),#5616);
#9261=IFCCARTESIANPOINT((-24.7261160428461,248.030843128974,0.));
#9262=IFCAXIS2PLACEMENT3D(#9261,$,$);
#9263=IFCLOCALPLACEMENT(#27,#9262);
#9264=IFCPRODUCTDEFINITIONSHAPE($,$,(#1455));
#9265=IFCBUILDINGELEMENTPROXY('2h2Ellyq9959TE3oC72t97',#5,'NL.IMGeo.G0772.96b2f768a7144a65b7c7611baaf49b9d',$,$,#9263,#9264,$,$);
#9266=IFCRELDEFINESBYPROPERTIES('11_tdxKPnCY9TQNHkHxhzQ',#5,$,$,(#9265),#5626);
#9267=IFCCARTESIANPOINT((-114.67209042079,135.509908195992,0.));
#9268=IFCAXIS2PLACEMENT3D(#9267,$,$);
#9269=IFCLOCALPLACEMENT(#27,#9268);
#9270=IFCPRODUCTDEFINITIONSHAPE($,$,(#1456));
#9271=IFCBUILDINGELEMENTPROXY('14JTty9mD1HgZaMWyoOB$Q',#5,'NL.IMGeo.G0772.978c92d4317e4f90b25e295403e2ed26',$,$,#9269,#9270,$,$);
#9272=IFCRELDEFINESBYPROPERTIES('03SN6b_7H44v94vv4z544l',#5,$,$,(#9271),#5636);
#9273=IFCCARTESIANPOINT((96.8915849269542,191.52069575846,0.));
#9274=IFCAXIS2PLACEMENT3D(#9273,$,$);
#9275=IFCLOCALPLACEMENT(#27,#9274);
#9276=IFCPRODUCTDEFINITIONSHAPE($,$,(#1457));
#9277=IFCBUILDINGELEMENTPROXY('3diihsCwz00wBZsnkkL5k8',#5,'NL.IMGeo.G0772.97eeb76d63914dbba8e4d3327af8b4de',$,$,#9275,#9276,$,$);
#9278=IFCRELDEFINESBYPROPERTIES('0bPGljbxf9phrnMIBEW0wG',#5,$,$,(#9277),#5646);
#9279=IFCCARTESIANPOINT((-170.226200247213,141.14963313617,0.));
#9280=IFCAXIS2PLACEMENT3D(#9279,$,$);
#9281=IFCLOCALPLACEMENT(#27,#9280);
#9282=IFCPRODUCTDEFINITIONSHAPE($,$,(#1458));
#9283=IFCBUILDINGELEMENTPROXY('18PH$ZwX9CtRam2VjqDVbr',#5,'NL.IMGeo.G0772.98d4f44e6fba4c738d076b91ad88cb65',$,$,#9281,#9282,$,$);
#9284=IFCRELDEFINESBYPROPERTIES('0mOnTxn4z0fvgHhzRIecn_',#5,$,$,(#9283),#5656);
#9285=IFCCARTESIANPOINT((-149.553421819466,158.476429784147,0.));
#9286=IFCAXIS2PLACEMENT3D(#9285,$,$);
#9287=IFCLOCALPLACEMENT(#27,#9286);
#9288=IFCPRODUCTDEFINITIONSHAPE($,$,(#1459));
#9289=IFCBUILDINGELEMENTPROXY('1BtWg3hBn7e9YdnyONdzVr',#5,'NL.IMGeo.G0772.9a3c84bae13646a89d07b72e5b404554',$,$,#9287,#9288,$,$);
#9290=IFCRELDEFINESBYPROPERTIES('1Ic34Qhlb2ygKi3VjEZsp9',#5,$,$,(#9289),#5666);
#9291=IFCCARTESIANPOINT((-124.471378590883,197.15786239045,0.));
#9292=IFCAXIS2PLACEMENT3D(#9291,$,$);
#9293=IFCLOCALPLACEMENT(#27,#9292);
#9294=IFCPRODUCTDEFINITIONSHAPE($,$,(#1460));
#9295=IFCBUILDINGELEMENTPROXY('3oOKNgFET2Xfh0Etxum2ax',#5,'NL.IMGeo.G0772.9a60cd228ad44f47ad8de494a3fc6aba',$,$,#9293,#9294,$,$);
#9296=IFCRELDEFINESBYPROPERTIES('3MiRpzmgzC0BW8dQUvgkIA',#5,$,$,(#9295),#5676);
#9297=IFCCARTESIANPOINT((-68.9822293317702,257.552868835512,0.));
#9298=IFCAXIS2PLACEMENT3D(#9297,$,$);
#9299=IFCLOCALPLACEMENT(#27,#9298);
#9300=IFCPRODUCTDEFINITIONSHAPE($,$,(#1461));
#9301=IFCBUILDINGELEMENTPROXY('3mQHOGOjr8H9dLbYFGnLJh',#5,'NL.IMGeo.G0772.a180d58dc3844be58c4dad0c8f780e96',$,$,#9299,#9300,$,$);
#9302=IFCRELDEFINESBYPROPERTIES('2_MNerhA55IxY8S9Zj0xTg',#5,$,$,(#9301),#5686);
#9303=IFCCARTESIANPOINT((72.9921055921295,195.659100466582,0.));
#9304=IFCAXIS2PLACEMENT3D(#9303,$,$);
#9305=IFCLOCALPLACEMENT(#27,#9304);
#9306=IFCPRODUCTDEFINITIONSHAPE($,$,(#1462));
#9307=IFCBUILDINGELEMENTPROXY('1Bg$CBGHL7E9UHV1DeuQfM',#5,'NL.IMGeo.G0772.a663faab0b044967be498816030f95bb',$,$,#9305,#9306,$,$);
#9308=IFCRELDEFINESBYPROPERTIES('2uIakKuB1CYA39uz4U_lIx',#5,$,$,(#9307),#5696);
#9309=IFCCARTESIANPOINT((65.5602363581711,246.947084797139,0.));
#9310=IFCAXIS2PLACEMENT3D(#9309,$,$);
#9311=IFCLOCALPLACEMENT(#27,#9310);
#9312=IFCPRODUCTDEFINITIONSHAPE($,$,(#1463));
#9313=IFCBUILDINGELEMENTPROXY('3F9PRvxZH7VvugzCcluQJw',#5,'NL.IMGeo.G0772.a715f3f706b44d17b15a81810e519212',$,$,#9311,#9312,$,$);
#9314=IFCRELDEFINESBYPROPERTIES('2fEeSExl14Nv9x5C1ZgRbW',#5,$,$,(#9313),#5706);
#9315=IFCCARTESIANPOINT((-110.751696235122,179.85094677686,0.));
#9316=IFCAXIS2PLACEMENT3D(#9315,$,$);
#9317=IFCLOCALPLACEMENT(#27,#9316);
#9318=IFCPRODUCTDEFINITIONSHAPE($,$,(#1464));
#9319=IFCBUILDINGELEMENTPROXY('2Ov1u_3rX7mO$UAZsefYGJ',#5,'NL.IMGeo.G0772.a969ee635eeb450bb19317718e0b039c',$,$,#9317,#9318,$,$);
#9320=IFCRELDEFINESBYPROPERTIES('1MhMZyubb36BIil9EkQcx$',#5,$,$,(#9319),#5716);
#9321=IFCCARTESIANPOINT((116.797628799424,163.776956098038,0.));
#9322=IFCAXIS2PLACEMENT3D(#9321,$,$);
#9323=IFCLOCALPLACEMENT(#27,#9322);
#9324=IFCPRODUCTDEFINITIONSHAPE($,$,(#1465));
#9325=IFCBUILDINGELEMENTPROXY('2Ena7P6111mw2iILwa7IL7',#5,'NL.IMGeo.G0772.aa93258a48c041f88446886edada1618',$,$,#9323,#9324,$,$);
#9326=IFCRELDEFINESBYPROPERTIES('1Eo9FFnYf0Wg_y$wFX6gPS',#5,$,$,(#9325),#5726);
#9327=IFCCARTESIANPOINT((-5.43104917081655,135.896601372049,0.));
#9328=IFCAXIS2PLACEMENT3D(#9327,$,$);
#9329=IFCLOCALPLACEMENT(#27,#9328);
#9330=IFCPRODUCTDEFINITIONSHAPE($,$,(#1466));
#9331=IFCBUILDINGELEMENTPROXY('3W_SE9e6b2SBlMzn2ObMFp',#5,'NL.IMGeo.G0772.aba8587f1a194f358d83715410d4dcd6',$,$,#9329,#9330,$,$);
#9332=IFCRELDEFINESBYPROPERTIES('2z25pWbe97hA6XFLgUtgBp',#5,$,$,(#9331),#5736);
#9333=IFCCARTESIANPOINT((-139.76485329037,190.209473684023,0.));
#9334=IFCAXIS2PLACEMENT3D(#9333,$,$);
#9335=IFCLOCALPLACEMENT(#27,#9334);
#9336=IFCPRODUCTDEFINITIONSHAPE($,$,(#1467));
#9337=IFCBUILDINGELEMENTPROXY('1xN8w4P4n6MBcKKVSty5Eu',#5,'NL.IMGeo.G0772.ad8be4ea20a24f269dff2d26e510d9ca',$,$,#9335,#9336,$,$);
#9338=IFCRELDEFINESBYPROPERTIES('2abZqrXsnFe8jgoRVJfrCD',#5,$,$,(#9337),#5746);
#9339=IFCCARTESIANPOINT((59.0516427133407,147.962681819859,0.));
#9340=IFCAXIS2PLACEMENT3D(#9339,$,$);
#9341=IFCLOCALPLACEMENT(#27,#9340);
#9342=IFCPRODUCTDEFINITIONSHAPE($,$,(#1468));
#9343=IFCBUILDINGELEMENTPROXY('1ZKR0mdh14ZRQFsUx1g0IK',#5,'NL.IMGeo.G0772.b01738a522d04752a71c551585f47efd',$,$,#9341,#9342,$,$);
#9344=IFCRELDEFINESBYPROPERTIES('1epRYBl$P9bwUoNxi8ZG1J',#5,$,$,(#9343),#5756);
#9345=IFCCARTESIANPOINT((132.927186692687,188.17713024019,0.));
#9346=IFCAXIS2PLACEMENT3D(#9345,$,$);
#9347=IFCLOCALPLACEMENT(#27,#9346);
#9348=IFCPRODUCTDEFINITIONSHAPE($,$,(#1469));
#9349=IFCBUILDINGELEMENTPROXY('1UMPSaEr1C$ABapAVY5jFI',#5,'NL.IMGeo.G0772.b0a016b1f6494ead9a1d0b3ee43513ee',$,$,#9347,#9348,$,$);
#9350=IFCRELDEFINESBYPROPERTIES('2SGcEr_If60A5JBxeQs49a',#5,$,$,(#9349),#5766);
#9351=IFCCARTESIANPOINT((-11.7011780494649,142.90587293508,0.));
#9352=IFCAXIS2PLACEMENT3D(#9351,$,$);
#9353=IFCLOCALPLACEMENT(#27,#9352);
#9354=IFCPRODUCTDEFINITIONSHAPE($,$,(#1470));
#9355=IFCBUILDINGELEMENTPROXY('3vyKrSFHH1ZeDckXe5MKcT',#5,'NL.IMGeo.G0772.b103b958dc7c415880862ad6be767f94',$,$,#9353,#9354,$,$);
#9356=IFCRELDEFINESBYPROPERTIES('0Ac7n57dfDAh7fTVbWFf3R',#5,$,$,(#9355),#5776);
#9357=IFCCARTESIANPOINT((-112.608350155555,246.821866139129,0.));
#9358=IFCAXIS2PLACEMENT3D(#9357,$,$);
#9359=IFCLOCALPLACEMENT(#27,#9358);
#9360=IFCPRODUCTDEFINITIONSHAPE($,$,(#1471));
#9361=IFCBUILDINGELEMENTPROXY('0khzW30aHFaOZ3T0AB638R',#5,'NL.IMGeo.G0772.b27f3c479cd34b5ca8ba8349d745d7fd',$,$,#9359,#9360,$,$);
#9362=IFCRELDEFINESBYPROPERTIES('0wge_Rt_nC0RxKpM$rJHI7',#5,$,$,(#9361),#5786);
#9363=IFCCARTESIANPOINT((108.966984726285,228.709100667562,0.));
#9364=IFCAXIS2PLACEMENT3D(#9363,$,$);
#9365=IFCLOCALPLACEMENT(#27,#9364);
#9366=IFCPRODUCTDEFINITIONSHAPE($,$,(#1472));
#9367=IFCBUILDINGELEMENTPROXY('0j68BZRmjC18g3wZUd8vWR',#5,'NL.IMGeo.G0772.b4d45f1322af4e0282533a9aa40afcb8',$,$,#9365,#9366,$,$);
#9368=IFCRELDEFINESBYPROPERTIES('1JmCEzhMnDGu0bpSX16$bR',#5,$,$,(#9367),#5796);
#9369=IFCCARTESIANPOINT((-86.0920741856971,135.288110989786,0.));
#9370=IFCAXIS2PLACEMENT3D(#9369,$,$);
#9371=IFCLOCALPLACEMENT(#27,#9370);
#9372=IFCPRODUCTDEFINITIONSHAPE($,$,(#1473));
#9373=IFCBUILDINGELEMENTPROXY('02bO$URO9CFBwSXECkz7I6',#5,'NL.IMGeo.G0772.b740eba9bb414fa7a14a239ad94d91c0',$,$,#9371,#9372,$,$);
#9374=IFCRELDEFINESBYPROPERTIES('2JcY92DgPFI991BsobvSWv',#5,$,$,(#9373),#5806);
#9375=IFCCARTESIANPOINT((-6.03560055568232,141.844722304144,0.));
#9376=IFCAXIS2PLACEMENT3D(#9375,$,$);
#9377=IFCLOCALPLACEMENT(#27,#9376);
#9378=IFCPRODUCTDEFINITIONSHAPE($,$,(#1474));
#9379=IFCBUILDINGELEMENTPROXY('3HVvlszdvDm83q5YTtvUr1',#5,'NL.IMGeo.G0772.b9fee894f18745a0bd5c0531aefc4173',$,$,#9377,#9378,$,$);
#9380=IFCRELDEFINESBYPROPERTIES('10Dqsz03b1tgYa$ees4NGI',#5,$,$,(#9379),#5816);
#9381=IFCCARTESIANPOINT((-70.8485466538405,142.458369659202,0.));
#9382=IFCAXIS2PLACEMENT3D(#9381,$,$);
#9383=IFCLOCALPLACEMENT(#27,#9382);
#9384=IFCPRODUCTDEFINITIONSHAPE($,$,(#1475));
#9385=IFCBUILDINGELEMENTPROXY('0UoPpTGVb8bwXuIUXF4WUu',#5,'NL.IMGeo.G0772.bcc7ce384dfc4652b9146ba9a7c05d3c',$,$,#9383,#9384,$,$);
#9386=IFCRELDEFINESBYPROPERTIES('249x0vVFj6jQyRaS5Wrw6m',#5,$,$,(#9385),#5826);
#9387=IFCCARTESIANPOINT((80.0945019581413,183.854458758375,0.));
#9388=IFCAXIS2PLACEMENT3D(#9387,$,$);
#9389=IFCLOCALPLACEMENT(#27,#9388);
#9390=IFCPRODUCTDEFINITIONSHAPE($,$,(#1476));
#9391=IFCBUILDINGELEMENTPROXY('0tXGOqIVf6pOaM0CQlR89F',#5,'NL.IMGeo.G0772.bd02050ff9d74c59b9a14d13e2a94efd',$,$,#9389,#9390,$,$);
#9392=IFCRELDEFINESBYPROPERTIES('0nPXTx2O9CV8Wkk1ZSpmWe',#5,$,$,(#9391),#5836);
#9393=IFCCARTESIANPOINT((92.0467281104357,182.485052315518,0.));
#9394=IFCAXIS2PLACEMENT3D(#9393,$,$);
#9395=IFCLOCALPLACEMENT(#27,#9394);
#9396=IFCPRODUCTDEFINITIONSHAPE($,$,(#1477));
#9397=IFCBUILDINGELEMENTPROXY('1FxFCbFSD99fWCJqDv26ps',#5,'NL.IMGeo.G0772.c17d58730f334282ac1d19f4280f7385',$,$,#9395,#9396,$,$);
#9398=IFCRELDEFINESBYPROPERTIES('23yIUevazDO8ZlJ8sbO_qE',#5,$,$,(#9397),#5846);
#9399=IFCCARTESIANPOINT((56.1107999207452,188.027569897415,0.));
#9400=IFCAXIS2PLACEMENT3D(#9399,$,$);
#9401=IFCLOCALPLACEMENT(#27,#9400);
#9402=IFCPRODUCTDEFINITIONSHAPE($,$,(#1478));
#9403=IFCBUILDINGELEMENTPROXY('0fA3mSVyzAhu79hojmYTn8',#5,'NL.IMGeo.G0772.c709626df0034c929c44b39462167d46',$,$,#9401,#9402,$,$);
#9404=IFCRELDEFINESBYPROPERTIES('0pM8HRri14v8GbQ6yicvGT',#5,$,$,(#9403),#5856);
#9405=IFCCARTESIANPOINT((-10.0183317549236,246.813585826603,0.));
#9406=IFCAXIS2PLACEMENT3D(#9405,$,$);
#9407=IFCLOCALPLACEMENT(#27,#9406);
#9408=IFCPRODUCTDEFINITIONSHAPE($,$,(#1479));
#9409=IFCBUILDINGELEMENTPROXY('2CvhDgxCj6YgMTx_ESIa9u',#5,'NL.IMGeo.G0772.c7e1edf0ca2e4388ad2619390c8ae4ad',$,$,#9407,#9408,$,$);
#9410=IFCRELDEFINESBYPROPERTIES('23FUQiZcDCvxIMKL7_WD_W',#5,$,$,(#9409),#5866);
#9411=IFCCARTESIANPOINT((107.876129212324,152.237198296527,0.));
#9412=IFCAXIS2PLACEMENT3D(#9411,$,$);
#9413=IFCLOCALPLACEMENT(#27,#9412);
#9414=IFCPRODUCTDEFINITIONSHAPE($,$,(#1480));
#9415=IFCBUILDINGELEMENTPROXY('3V62wGngv6GBNI3RxoTapH',#5,'NL.IMGeo.G0772.cd613a7dba44467ebe813ed6cd6873ed',$,$,#9413,#9414,$,$);
#9416=IFCRELDEFINESBYPROPERTIES('253zYk9w1C$ABMINyQke5Q',#5,$,$,(#9415),#5876);
#9417=IFCCARTESIANPOINT((154.494829892152,133.692795584968,0.));
#9418=IFCAXIS2PLACEMENT3D(#9417,$,$);
#9419=IFCLOCALPLACEMENT(#27,#9418);
#9420=IFCPRODUCTDEFINITIONSHAPE($,$,(#1481));
#9421=IFCBUILDINGELEMENTPROXY('0gnph_ST5FNQoENHATMw1m',#5,'NL.IMGeo.G0772.ce64163b10734b56b460a74069dd6c26',$,$,#9419,#9420,$,$);
#9422=IFCRELDEFINESBYPROPERTIES('2OsI5Eb$b90fI6dwf_kZfk',#5,$,$,(#9421),#5886);
#9423=IFCCARTESIANPOINT((161.899906557199,145.475844408793,0.));
#9424=IFCAXIS2PLACEMENT3D(#9423,$,$);
#9425=IFCLOCALPLACEMENT(#27,#9424);
#9426=IFCPRODUCTDEFINITIONSHAPE($,$,(#1482));
#9427=IFCBUILDINGELEMENTPROXY('1KG9MLrIbFbBAKPhc_EmfG',#5,'NL.IMGeo.G0772.ce97973cca8446908b858e9707b6fea6',$,$,#9425,#9426,$,$);
#9428=IFCRELDEFINESBYPROPERTIES('1kRV_xyCH9IgWwATFOF13z',#5,$,$,(#9427),#5896);
#9429=IFCCARTESIANPOINT((-84.164473822806,256.795929461892,0.));
#9430=IFCAXIS2PLACEMENT3D(#9429,$,$);
#9431=IFCLOCALPLACEMENT(#27,#9430);
#9432=IFCPRODUCTDEFINITIONSHAPE($,$,(#1483));
#9433=IFCBUILDINGELEMENTPROXY('3gTFpMgAz1euTJzT3ah07t',#5,'NL.IMGeo.G0772.d4f0b43390a64534b739a00eae5e7761',$,$,#9431,#9432,$,$);
#9434=IFCRELDEFINESBYPROPERTIES('0yEv7XDQz90Ab_z$Z1gZr6',#5,$,$,(#9433),#5906);
#9435=IFCCARTESIANPOINT((-69.0259786208335,250.793900053308,0.));
#9436=IFCAXIS2PLACEMENT3D(#9435,$,$);
#9437=IFCLOCALPLACEMENT(#27,#9436);
#9438=IFCPRODUCTDEFINITIONSHAPE($,$,(#1484));
#9439=IFCBUILDINGELEMENTPROXY('012lLDJ5XBX9Iss7bZTpT8',#5,'NL.IMGeo.G0772.d978ec0197fa4fbb8f176921d08ae4bc',$,$,#9437,#9438,$,$);
#9440=IFCRELDEFINESBYPROPERTIES('1H0VBlTeTEdAXAemSloAvr',#5,$,$,(#9439),#5916);
#9441=IFCCARTESIANPOINT((5.61945725380792,252.318469196616,0.));
#9442=IFCAXIS2PLACEMENT3D(#9441,$,$);
#9443=IFCLOCALPLACEMENT(#27,#9442);
#9444=IFCPRODUCTDEFINITIONSHAPE($,$,(#1485));
#9445=IFCBUILDINGELEMENTPROXY('2MT18p2T9F8Rb$rtuGrPdx',#5,'NL.IMGeo.G0772.db092ba5f60448e784029b0bb8082045',$,$,#9443,#9444,$,$);
#9446=IFCRELDEFINESBYPROPERTIES('3SMfjYC6P3k98Vxy447MQ$',#5,$,$,(#9445),#5926);
#9447=IFCCARTESIANPOINT((76.4203705319087,145.93842295208,0.));
#9448=IFCAXIS2PLACEMENT3D(#9447,$,$);
#9449=IFCLOCALPLACEMENT(#27,#9448);
#9450=IFCPRODUCTDEFINITIONSHAPE($,$,(#1486));
#9451=IFCBUILDINGELEMENTPROXY('2rcqbOz0TDExGrpceRsQWu',#5,'NL.IMGeo.G0772.dcd848993f7d4437b3fd6ba887ad1228',$,$,#9449,#9450,$,$);
#9452=IFCRELDEFINESBYPROPERTIES('2Q0ISaLLrBk9DvBNll9eTm',#5,$,$,(#9451),#5936);
#9453=IFCCARTESIANPOINT((12.8926663526508,303.091345552064,0.));
#9454=IFCAXIS2PLACEMENT3D(#9453,$,$);
#9455=IFCLOCALPLACEMENT(#27,#9454);
#9456=IFCPRODUCTDEFINITIONSHAPE($,$,(#1487));
#9457=IFCBUILDINGELEMENTPROXY('2ZEfx2uzr0hwpL73oYbJhl',#5,'NL.IMGeo.G0772.de572a110a6b45f4a3120203d6c0120f',$,$,#9455,#9456,$,$);
#9458=IFCRELDEFINESBYPROPERTIES('3WyCdi$2TB$uD_7k_FDXHL',#5,$,$,(#9457),#5946);
#9459=IFCCARTESIANPOINT((121.493033897103,186.184005345334,0.));
#9460=IFCAXIS2PLACEMENT3D(#9459,$,$);
#9461=IFCLOCALPLACEMENT(#27,#9460);
#9462=IFCPRODUCTDEFINITIONSHAPE($,$,(#1488));
#9463=IFCBUILDINGELEMENTPROXY('1wsVFgViL1w98DQ8P9AyUR',#5,'NL.IMGeo.G0772.dfa8bc94d4d442b388248bee4639507b',$,$,#9461,#9462,$,$);
#9464=IFCRELDEFINESBYPROPERTIES('13cZi0oRz7xPxyKgxKcW4S',#5,$,$,(#9463),#5956);
#9465=IFCCARTESIANPOINT((-128.805673506169,175.693078730081,0.));
#9466=IFCAXIS2PLACEMENT3D(#9465,$,$);
#9467=IFCLOCALPLACEMENT(#27,#9466);
#9468=IFCPRODUCTDEFINITIONSHAPE($,$,(#1489));
#9469=IFCBUILDINGELEMENTPROXY('3Ac1qrc4TBlRMEqPY9M$KN',#5,'NL.IMGeo.G0772.e01e7240124d419fbb77f796a110a5dd',$,$,#9467,#9468,$,$);
#9470=IFCRELDEFINESBYPROPERTIES('0WKM_TU$10JxIR9MXqRuis',#5,$,$,(#9469),#5966);
#9471=IFCCARTESIANPOINT((79.883357369632,238.910446352442,0.));
#9472=IFCAXIS2PLACEMENT3D(#9471,$,$);
#9473=IFCLOCALPLACEMENT(#27,#9472);
#9474=IFCPRODUCTDEFINITIONSHAPE($,$,(#1490));
#9475=IFCBUILDINGELEMENTPROXY('2NIpp0HR9DPvOmRxST71H3',#5,'NL.IMGeo.G0772.e20fc6d7f538464b8e17ac6626cb472a',$,$,#9473,#9474,$,$);
#9476=IFCRELDEFINESBYPROPERTIES('3g8AkCMlX5NBgyf_Sahobl',#5,$,$,(#9475),#5976);
#9477=IFCCARTESIANPOINT((-141.945713326568,145.601345338335,0.));
#9478=IFCAXIS2PLACEMENT3D(#9477,$,$);
#9479=IFCLOCALPLACEMENT(#27,#9478);
#9480=IFCPRODUCTDEFINITIONSHAPE($,$,(#1491));
#9481=IFCBUILDINGELEMENTPROXY('2j30mswZDDTvzXWkmnQmCW',#5,'NL.IMGeo.G0772.e3162fc3a01e4bda8c02d8d53915a550',$,$,#9479,#9480,$,$);
#9482=IFCRELDEFINESBYPROPERTIES('1rWwzJNLn0X9OGfgbt3h40',#5,$,$,(#9481),#5986);
#9483=IFCCARTESIANPOINT((-9.38841382428654,253.698603502766,0.));
#9484=IFCAXIS2PLACEMENT3D(#9483,$,$);
#9485=IFCLOCALPLACEMENT(#27,#9484);
#9486=IFCPRODUCTDEFINITIONSHAPE($,$,(#1492));
#9487=IFCBUILDINGELEMENTPROXY('2b$aTWEBP8vg6qquGL5I0V',#5,'NL.IMGeo.G0772.e4718253169c436f9dd81220d4a21519',$,$,#9485,#9486,$,$);
#9488=IFCRELDEFINESBYPROPERTIES('04kjZsVl14aulp$v0Run$Z',#5,$,$,(#9487),#5996);
#9489=IFCCARTESIANPOINT((-99.0788900036132,255.569112448546,0.));
#9490=IFCAXIS2PLACEMENT3D(#9489,$,$);
#9491=IFCLOCALPLACEMENT(#27,#9490);
#9492=IFCPRODUCTDEFINITIONSHAPE($,$,(#1493));
#9493=IFCBUILDINGELEMENTPROXY('24xjdWfb9E_wCNxK$D85AC',#5,'NL.IMGeo.G0772.e4d35f54397c42fd90ed5d6018439ea4',$,$,#9491,#9492,$,$);
#9494=IFCRELDEFINESBYPROPERTIES('0zH8WnKM9A$RlL4Ly9bZbP',#5,$,$,(#9493),#6006);
#9495=IFCCARTESIANPOINT((18.2372053822619,141.764025969896,0.));
#9496=IFCAXIS2PLACEMENT3D(#9495,$,$);
#9497=IFCLOCALPLACEMENT(#27,#9496);
#9498=IFCPRODUCTDEFINITIONSHAPE($,$,(#1494));
#9499=IFCBUILDINGELEMENTPROXY('13WRP5ME10fB$1gE5w$Uxn',#5,'NL.IMGeo.G0772.e5a251f7ddaf4ccf9f9ffa1bea2147d5',$,$,#9497,#9498,$,$);
#9500=IFCRELDEFINESBYPROPERTIES('1R4QnzCFP3F8aqc39mgrnT',#5,$,$,(#9499),#6016);
#9501=IFCCARTESIANPOINT((190.257748646633,145.525088987255,0.));
#9502=IFCAXIS2PLACEMENT3D(#9501,$,$);
#9503=IFCLOCALPLACEMENT(#27,#9502);
#9504=IFCPRODUCTDEFINITIONSHAPE($,$,(#1495));
#9505=IFCBUILDINGELEMENTPROXY('3zwzRiMunFC8ZxFmbtbJX5',#5,'NL.IMGeo.G0772.e6a748c6c6c74a52abe9423260b168b5',$,$,#9503,#9504,$,$);
#9506=IFCRELDEFINESBYPROPERTIES('0G_foGsmfEFAzt4AQkzqI8',#5,$,$,(#9505),#6026);
#9507=IFCCARTESIANPOINT((41.3971194924961,148.991377034166,0.));
#9508=IFCAXIS2PLACEMENT3D(#9507,$,$);
#9509=IFCLOCALPLACEMENT(#27,#9508);
#9510=IFCPRODUCTDEFINITIONSHAPE($,$,(#1496));
#9511=IFCBUILDINGELEMENTPROXY('3BiJ2VSfP9aB7awDVoX8wH',#5,'NL.IMGeo.G0772.e7f3a5fcf4f34ff8b987f2b550f7a60d',$,$,#9509,#9510,$,$);
#9512=IFCRELDEFINESBYPROPERTIES('3hZbTV2Ef2$OpY_dor68Qd',#5,$,$,(#9511),#6036);
#9513=IFCCARTESIANPOINT((34.3427139956912,235.265932518931,0.));
#9514=IFCAXIS2PLACEMENT3D(#9513,$,$);
#9515=IFCLOCALPLACEMENT(#27,#9514);
#9516=IFCPRODUCTDEFINITIONSHAPE($,$,(#1497));
#9517=IFCBUILDINGELEMENTPROXY('15DE19Ssb8xwD2xfnzLZXd',#5,'NL.IMGeo.G0772.e8b470d6048d49baaaa13c8d96f78d21',$,$,#9515,#9516,$,$);
#9518=IFCRELDEFINESBYPROPERTIES('0HsdLnCqD0IfL1uyUcEX04',#5,$,$,(#9517),#6046);
#9519=IFCCARTESIANPOINT((132.517664967629,165.871292238531,0.));
#9520=IFCAXIS2PLACEMENT3D(#9519,$,$);
#9521=IFCLOCALPLACEMENT(#27,#9520);
#9522=IFCPRODUCTDEFINITIONSHAPE($,$,(#1498));
#9523=IFCBUILDINGELEMENTPROXY('3xN6Lm1Y5A28tUH7l5iymS',#5,'NL.IMGeo.G0772.eb9096834df7482880c86bce20ddfa91',$,$,#9521,#9522,$,$);
#9524=IFCRELDEFINESBYPROPERTIES('1YCAR3GQzBdAGDXUw9n2zf',#5,$,$,(#9523),#6056);
#9525=IFCCARTESIANPOINT((-98.4962531528436,248.757442587172,0.));
#9526=IFCAXIS2PLACEMENT3D(#9525,$,$);
#9527=IFCLOCALPLACEMENT(#27,#9526);
#9528=IFCPRODUCTDEFINITIONSHAPE($,$,(#1499));
#9529=IFCBUILDINGELEMENTPROXY('3JAxE3P_n0RPv6G$h2zP4P',#5,'NL.IMGeo.G0772.f6b57d63b2a948ae950c2764d9d1e49b',$,$,#9527,#9528,$,$);
#9530=IFCRELDEFINESBYPROPERTIES('1kdCUbH8f9iAnBzf5dhrrA',#5,$,$,(#9529),#6066);
#9531=IFCCARTESIANPOINT((107.382597721386,197.697229782119,0.));
#9532=IFCAXIS2PLACEMENT3D(#9531,$,$);
#9533=IFCLOCALPLACEMENT(#27,#9532);
#9534=IFCPRODUCTDEFINITIONSHAPE($,$,(#1500));
#9535=IFCBUILDINGELEMENTPROXY('2pe0kmJrHDHhTapYz7rIyD',#5,'NL.IMGeo.G0772.f8e082d51074488fbdca3dc65ba05c88',$,$,#9533,#9534,$,$);
#9536=IFCRELDEFINESBYPROPERTIES('12gNOAcV9FVAyYjIOWC1FZ',#5,$,$,(#9535),#6076);
#9537=IFCCARTESIANPOINT((176.582948753901,147.881205472862,0.));
#9538=IFCAXIS2PLACEMENT3D(#9537,$,$);
#9539=IFCLOCALPLACEMENT(#27,#9538);
#9540=IFCPRODUCTDEFINITIONSHAPE($,$,(#1501));
#9541=IFCBUILDINGELEMENTPROXY('1b_dq8u91DvvL4XBulgFA6',#5,'NL.IMGeo.G0772.fc6d260548774f23bfe82fdb3eea4834',$,$,#9539,#9540,$,$);
#9542=IFCRELDEFINESBYPROPERTIES('0LHYbGyzj3kfF9fW4Nz6t$',#5,$,$,(#9541),#6086);
#9543=IFCCARTESIANPOINT((139.711192637595,132.056387467717,0.));
#9544=IFCAXIS2PLACEMENT3D(#9543,$,$);
#9545=IFCLOCALPLACEMENT(#27,#9544);
#9546=IFCPRODUCTDEFINITIONSHAPE($,$,(#1502));
#9547=IFCBUILDINGELEMENTPROXY('0cGEQNALP6dA1gLTEeWj33',#5,'NL.IMGeo.G0772.fd9a21afa9f54ded9a478f7ca2aef2f2',$,$,#9545,#9546,$,$);
#9548=IFCRELDEFINESBYPROPERTIES('3IC06UUM53ZRudFI1ucUbF',#5,$,$,(#9547),#6096);
#9549=IFCCARTESIANPOINT((-150.114014978521,145.784094131843,0.));
#9550=IFCAXIS2PLACEMENT3D(#9549,$,$);
#9551=IFCLOCALPLACEMENT(#27,#9550);
#9552=IFCPRODUCTDEFINITIONSHAPE($,$,(#1503));
#9553=IFCBUILDINGELEMENTPROXY('2g6CqGPX50nQsjTxkDbDjA',#5,'NL.IMGeo.G0772.fe646b29a1d54eeda5d941e6d07410e6',$,$,#9551,#9552,$,$);
#9554=IFCRELDEFINESBYPROPERTIES('1mr$chSyLBPRyHflj7YMut',#5,$,$,(#9553),#6106);
#9555=IFCCARTESIANPOINT((-107.407874223747,137.725201414258,0.));
#9556=IFCAXIS2PLACEMENT3D(#9555,$,$);
#9557=IFCLOCALPLACEMENT(#27,#9556);
#9558=IFCPRODUCTDEFINITIONSHAPE($,$,(#1504));
#9559=IFCBUILDINGELEMENTPROXY('1i9PxWAS1CdeBIgHNcMYsg',#5,'NL.IMGeo.G0772.0b4e5c86ca89428090cca05ba4c5abe0',$,$,#9557,#9558,$,$);
#9560=IFCRELDEFINESBYPROPERTIES('35Bz7MpdfA78K1hdsV05cs',#5,$,$,(#9559),#6116);
#9561=IFCCARTESIANPOINT((16.6789632468426,-72.4739454810624,0.));
#9562=IFCAXIS2PLACEMENT3D(#9561,$,$);
#9563=IFCLOCALPLACEMENT(#27,#9562);
#9564=IFCPRODUCTDEFINITIONSHAPE($,$,(#1505));
#9565=IFCBUILDINGELEMENTPROXY('0lNiAUjKb8E9eRLyXGktRk',#5,'NL.IMGeo.G0772.1547016f640248298103a9f7b8f46e08',$,$,#9563,#9564,$,$);
#9566=IFCRELDEFINESBYPROPERTIES('1n001eH7DB1gBXGXaRVQx3',#5,$,$,(#9565),#6126);
#9567=IFCCARTESIANPOINT((-7.28425614643493,-45.6259846962057,0.));
#9568=IFCAXIS2PLACEMENT3D(#9567,$,$);
#9569=IFCLOCALPLACEMENT(#27,#9568);
#9570=IFCPRODUCTDEFINITIONSHAPE($,$,(#1506));
#9571=IFCBUILDINGELEMENTPROXY('3piLAtKvjDBP3QzLwWviP$',#5,'NL.IMGeo.G0772.2ad9e952d066421c8f6ccee4c089cdba',$,$,#9569,#9570,$,$);
#9572=IFCRELDEFINESBYPROPERTIES('3i0jlLpvzCaBKvcOopfS6K',#5,$,$,(#9571),#6136);
#9573=IFCCARTESIANPOINT((-11.0431912181375,-34.3938205625163,0.));
#9574=IFCAXIS2PLACEMENT3D(#9573,$,$);
#9575=IFCLOCALPLACEMENT(#27,#9574);
#9576=IFCPRODUCTDEFINITIONSHAPE($,$,(#1507));
#9577=IFCBUILDINGELEMENTPROXY('3cX3zxiXf4TQYdwa7I56KT',#5,'NL.IMGeo.G0772.2efff68f52b34a5aa1a1a941ea76d7eb',$,$,#9575,#9576,$,$);
#9578=IFCRELDEFINESBYPROPERTIES('3u2QLCrvT1v9cZ7HLuIKHK',#5,$,$,(#9577),#6146);
#9579=IFCCARTESIANPOINT((26.172289420123,-31.8234507711022,0.));
#9580=IFCAXIS2PLACEMENT3D(#9579,$,$);
#9581=IFCLOCALPLACEMENT(#27,#9580);
#9582=IFCPRODUCTDEFINITIONSHAPE($,$,(#1508));
#9583=IFCBUILDINGELEMENTPROXY('1bNTH1qbnFweQ9pfu21GWz',#5,'NL.IMGeo.G0772.78ae4e251ed9445e85ce3442cfde72cc',$,$,#9581,#9582,$,$);
#9584=IFCRELDEFINESBYPROPERTIES('26sgbW2L9CPukVueBuBkKn',#5,$,$,(#9583),#6156);
#9585=IFCCARTESIANPOINT((-0.152710506459698,-30.1726513086469,0.));
#9586=IFCAXIS2PLACEMENT3D(#9585,$,$);
#9587=IFCLOCALPLACEMENT(#27,#9586);
#9588=IFCPRODUCTDEFINITIONSHAPE($,$,(#1509));
#9589=IFCBUILDINGELEMENTPROXY('23wpBcdbj4mBOE$mTsKItb',#5,'NL.IMGeo.G0772.88431f8c8b294307ad21c87f6f584910',$,$,#9587,#9588,$,$);
#9590=IFCRELDEFINESBYPROPERTIES('1u9mbcvP5CXwdoYMwX5mkU',#5,$,$,(#9589),#6166);
#9591=IFCCARTESIANPOINT((31.4693138106086,-29.7303311837604,0.));
#9592=IFCAXIS2PLACEMENT3D(#9591,$,$);
#9593=IFCLOCALPLACEMENT(#27,#9592);
#9594=IFCPRODUCTDEFINITIONSHAPE($,$,(#1510));
#9595=IFCBUILDINGELEMENTPROXY('3G68LQmVrBfOf$YAf3yNSE',#5,'NL.IMGeo.G0772.89f171622d704d7e90a5696d087163d6',$,$,#9593,#9594,$,$);
#9596=IFCRELDEFINESBYPROPERTIES('1ZxbPHEaf6XhB9o_n_ZVPY',#5,$,$,(#9595),#6176);
#9597=IFCCARTESIANPOINT((27.8240494759229,-67.8403868112364,0.));
#9598=IFCAXIS2PLACEMENT3D(#9597,$,$);
#9599=IFCLOCALPLACEMENT(#27,#9598);
#9600=IFCPRODUCTDEFINITIONSHAPE($,$,(#1511));
#9601=IFCBUILDINGELEMENTPROXY('1obC$k1QzBMuFw63ClAzJJ',#5,'NL.IMGeo.G0772.a76c8398a35d4050b3ab36b846759ca0',$,$,#9599,#9600,$,$);
#9602=IFCRELDEFINESBYPROPERTIES('0vChQKcnr5Qw2ssuK_35QL',#5,$,$,(#9601),#6186);
#9603=IFCCARTESIANPOINT((20.6877634033735,-33.1145833635237,0.));
#9604=IFCAXIS2PLACEMENT3D(#9603,$,$);
#9605=IFCLOCALPLACEMENT(#27,#9604);
#9606=IFCPRODUCTDEFINITIONSHAPE($,$,(#1512));
#9607=IFCBUILDINGELEMENTPROXY('2uMeT$P3v9mAEHB126Q39N',#5,'NL.IMGeo.G0772.c72fddbe16ef4edaa48629e281a87510',$,$,#9605,#9606,$,$);
#9608=IFCRELDEFINESBYPROPERTIES('06F_8TDAr80Qt0GLVsXCsw',#5,$,$,(#9607),#6196);
#9609=IFCCARTESIANPOINT((11.2666359150317,-74.7611249348265,0.));
#9610=IFCAXIS2PLACEMENT3D(#9609,$,$);
#9611=IFCLOCALPLACEMENT(#27,#9610);
#9612=IFCPRODUCTDEFINITIONSHAPE($,$,(#1513));
#9613=IFCBUILDINGELEMENTPROXY('36wKFXKxD6bBivoZZ5cBHJ',#5,'NL.IMGeo.G0772.cc81f414b4e6437bbf8eade34d8ae7f0',$,$,#9611,#9612,$,$);
#9614=IFCRELDEFINESBYPROPERTIES('1a$vyd89rB3Pn7JZqRNEy2',#5,$,$,(#9613),#6206);
#9615=IFCCARTESIANPOINT((-5.93285328525235,-32.2109838274773,0.));
#9616=IFCAXIS2PLACEMENT3D(#9615,$,$);
#9617=IFCLOCALPLACEMENT(#27,#9616);
#9618=IFCPRODUCTDEFINITIONSHAPE($,$,(#1514));
#9619=IFCBUILDINGELEMENTPROXY('3d$1kgfnPCOvC6WZ4_ya7p',#5,'NL.IMGeo.G0772.ce34a046675049028ea68f71be362a50',$,$,#9617,#9618,$,$);
#9620=IFCRELDEFINESBYPROPERTIES('0Nd7597f19ahrSvgYaiAYf',#5,$,$,(#9619),#6216);
#9621=IFCCARTESIANPOINT((5.63000182519318,-77.1403830411145,0.));
#9622=IFCAXIS2PLACEMENT3D(#9621,$,$);
#9623=IFCLOCALPLACEMENT(#27,#9622);
#9624=IFCPRODUCTDEFINITIONSHAPE($,$,(#1515));
#9625=IFCBUILDINGELEMENTPROXY('0o2vReRQj7A9i6FRA3WmcA',#5,'NL.IMGeo.G0772.d2d727d56bd3445c9163100d47ed0477',$,$,#9623,#9624,$,$);
#9626=IFCRELDEFINESBYPROPERTIES('02cNHXGrXADvDkKGGi7zXZ',#5,$,$,(#9625),#6226);
#9627=IFCCARTESIANPOINT((37.468010009412,-28.0379530009232,0.));
#9628=IFCAXIS2PLACEMENT3D(#9627,$,$);
#9629=IFCLOCALPLACEMENT(#27,#9628);
#9630=IFCPRODUCTDEFINITIONSHAPE($,$,(#1516));
#9631=IFCBUILDINGELEMENTPROXY('1p3NUcoa51nfqqT2xCqIQf',#5,'NL.IMGeo.G0772.eb390443cd4c4ae082749d720a90e042',$,$,#9629,#9630,$,$);
#9632=IFCRELDEFINESBYPROPERTIES('0Ac9X5lPv4seWtfoAyFEse',#5,$,$,(#9631),#6236);
#9633=IFCCARTESIANPOINT((22.3547403287084,-70.1258133475203,0.));
#9634=IFCAXIS2PLACEMENT3D(#9633,$,$);
#9635=IFCLOCALPLACEMENT(#27,#9634);
#9636=IFCPRODUCTDEFINITIONSHAPE($,$,(#1517));
#9637=IFCBUILDINGELEMENTPROXY('0pWJ4EiBL9Nf27egUDJ2p6',#5,'NL.IMGeo.G0772.efb2fe017b6d46a1af6da00f6dda373f',$,$,#9635,#9636,$,$);
#9638=IFCRELDEFINESBYPROPERTIES('244whZiRXB$PjgfS$vRe5A',#5,$,$,(#9637),#6246);
#9639=IFCCARTESIANPOINT((25.2633872203005,293.995727089525,0.));
#9640=IFCAXIS2PLACEMENT3D(#9639,$,$);
#9641=IFCLOCALPLACEMENT(#27,#9640);
#9642=IFCPRODUCTDEFINITIONSHAPE($,$,(#1518));
#9643=IFCBUILDINGELEMENTPROXY('162CLhgpL3huZQne4pRZ8a',#5,'NL.IMGeo.G0772.1d9f632badcf4ff69d5b67cfa47aa30a',$,$,#9641,#9642,$,$);
#9644=IFCRELDEFINESBYPROPERTIES('17SMo8uebA3fvaHDSw3Yyj',#5,$,$,(#9643),#6256);
#9645=IFCCARTESIANPOINT((-55.4134690297651,267.825796795369,0.));
#9646=IFCAXIS2PLACEMENT3D(#9645,$,$);
#9647=IFCLOCALPLACEMENT(#27,#9646);
#9648=IFCPRODUCTDEFINITIONSHAPE($,$,(#1519));
#9649=IFCBUILDINGELEMENTPROXY('07TpJkP8P95uZFoD0R7Tqm',#5,'NL.IMGeo.G0772.07f04422c865450cae400876ae5dc8f9',$,$,#9647,#9648,$,$);
#9650=IFCRELDEFINESBYPROPERTIES('3bKKLnm6z1fOLyUK4MyGoW',#5,$,$,(#9649),#6266);
#9651=IFCCARTESIANPOINT((-40.9242895850621,267.189570406568,0.));
#9652=IFCAXIS2PLACEMENT3D(#9651,$,$);
#9653=IFCLOCALPLACEMENT(#27,#9652);
#9654=IFCPRODUCTDEFINITIONSHAPE($,$,(#1520));
#9655=IFCBUILDINGELEMENTPROXY('3DSTiBl1fBogtuCPYwC_0A',#5,'NL.IMGeo.G0772.12866fc18ce549bdb970a556448804ae',$,$,#9653,#9654,$,$);
#9656=IFCRELDEFINESBYPROPERTIES('33FradbXL82B_Dv6C8DYaC',#5,$,$,(#9655),#6276);
#9657=IFCCARTESIANPOINT((-96.1905157529691,266.456566888781,0.));
#9658=IFCAXIS2PLACEMENT3D(#9657,$,$);
#9659=IFCLOCALPLACEMENT(#27,#9658);
#9660=IFCPRODUCTDEFINITIONSHAPE($,$,(#1521));
#9661=IFCBUILDINGELEMENTPROXY('0_fg4sh3zA5PXcDmcBdsa4',#5,'NL.IMGeo.G0772.3db2549205ff4786bd89066efcb8eb35',$,$,#9659,#9660,$,$);
#9662=IFCRELDEFINESBYPROPERTIES('3o5zuWQRH54hOH_8kTm9mt',#5,$,$,(#9661),#6286);
#9663=IFCCARTESIANPOINT((-12.6414150256023,264.693466311553,0.));
#9664=IFCAXIS2PLACEMENT3D(#9663,$,$);
#9665=IFCLOCALPLACEMENT(#27,#9664);
#9666=IFCPRODUCTDEFINITIONSHAPE($,$,(#1522));
#9667=IFCBUILDINGELEMENTPROXY('2PR3fesQnClQZKLCd2529T',#5,'NL.IMGeo.G0772.4e1a64e2235d43828714790017879866',$,$,#9665,#9666,$,$);
#9668=IFCRELDEFINESBYPROPERTIES('0sIv3oGX1A4v6vL9PqTZ1n',#5,$,$,(#9667),#6296);
#9669=IFCCARTESIANPOINT((-66.6511509421398,268.074801288371,0.));
#9670=IFCAXIS2PLACEMENT3D(#9669,$,$);
#9671=IFCLOCALPLACEMENT(#27,#9670);
#9672=IFCPRODUCTDEFINITIONSHAPE($,$,(#1523));
#9673=IFCBUILDINGELEMENTPROXY('03tLjHtNn89Op1bhRikV1D',#5,'NL.IMGeo.G0772.789544d02b2a44c080e9f6f44c99245c',$,$,#9671,#9672,$,$);
#9674=IFCRELDEFINESBYPROPERTIES('0r1J8X6Qz8hwdS8s$pdafW',#5,$,$,(#9673),#6306);
#9675=IFCCARTESIANPOINT((-0.512996053119423,263.580653107318,0.));
#9676=IFCAXIS2PLACEMENT3D(#9675,$,$);
#9677=IFCLOCALPLACEMENT(#27,#9676);
#9678=IFCPRODUCTDEFINITIONSHAPE($,$,(#1524));
#9679=IFCBUILDINGELEMENTPROXY('2pmMuVWNz6cPYZt8bJ4r4R',#5,'NL.IMGeo.G0772.894efb67069544f3a6b46c9537f27864',$,$,#9677,#9678,$,$);
#9680=IFCRELDEFINESBYPROPERTIES('2r_WCyeN90jx_D0XN44CYs',#5,$,$,(#9679),#6316);
#9681=IFCCARTESIANPOINT((-79.4318598534737,267.730806050939,0.));
#9682=IFCAXIS2PLACEMENT3D(#9681,$,$);
#9683=IFCLOCALPLACEMENT(#27,#9682);
#9684=IFCPRODUCTDEFINITIONSHAPE($,$,(#1525));
#9685=IFCBUILDINGELEMENTPROXY('3LqM6bKe5DMR1FrrTVOnl2',#5,'NL.IMGeo.G0772.95ae11b9f7e8426f9e290b3cd7e37400',$,$,#9683,#9684,$,$);
#9686=IFCRELDEFINESBYPROPERTIES('0Fxh10nzv4mPNoHVcDmzac',#5,$,$,(#9685),#6326);
#9687=IFCCARTESIANPOINT((-88.0459999098675,267.177820437762,0.));
#9688=IFCAXIS2PLACEMENT3D(#9687,$,$);
#9689=IFCLOCALPLACEMENT(#27,#9688);
#9690=IFCPRODUCTDEFINITIONSHAPE($,$,(#1526));
#9691=IFCBUILDINGELEMENTPROXY('3gEGV3NPb6q8NdyL6fEM$w',#5,'NL.IMGeo.G0772.b99c0c15e4bd4beda5d0a8d0d8cd1ce2',$,$,#9689,#9690,$,$);
#9692=IFCRELDEFINESBYPROPERTIES('0kq72uamT45h7f0i5ceQtm',#5,$,$,(#9691),#6336);
#9693=IFCCARTESIANPOINT((10.2935023597965,262.575983483577,0.));
#9694=IFCAXIS2PLACEMENT3D(#9693,$,$);
#9695=IFCLOCALPLACEMENT(#27,#9694);
#9696=IFCPRODUCTDEFINITIONSHAPE($,$,(#1527));
#9697=IFCBUILDINGELEMENTPROXY('1rF5M2zzf1V8n8S6i9MSZb',#5,'NL.IMGeo.G0772.e4a2db7f48bf494b91682da889f1c40a',$,$,#9695,#9696,$,$);
#9698=IFCRELDEFINESBYPROPERTIES('1Vm9OrnU9BSRfRFB4M18TV',#5,$,$,(#9697),#6346);
#9699=IFCCARTESIANPOINT((64.0176681666053,218.606709969463,0.));
#9700=IFCAXIS2PLACEMENT3D(#9699,$,$);
#9701=IFCLOCALPLACEMENT(#27,#9700);
#9702=IFCPRODUCTDEFINITIONSHAPE($,$,(#1528));
#9703=IFCBUILDINGELEMENTPROXY('1PhWciPGzF6e8G1bPdGC1V',#5,'NL.IMGeo.G0772.24b9445e33d9440f9efdb51afc19b931',$,$,#9701,#9702,$,$);
#9704=IFCRELDEFINESBYPROPERTIES('3lCDNMDoX0N8UFELedyF5o',#5,$,$,(#9703),#6356);
#9705=IFCCARTESIANPOINT((216.334792230657,138.851803820289,0.));
#9706=IFCAXIS2PLACEMENT3D(#9705,$,$);
#9707=IFCLOCALPLACEMENT(#27,#9706);
#9708=IFCPRODUCTDEFINITIONSHAPE($,$,(#1529));
#9709=IFCBUILDINGELEMENTPROXY('031i3oUEb3j8u5a8ZS5UyL',#5,'NL.IMGeo.G0772.4df944262c41467b8353c65bf4109ad3',$,$,#9707,#9708,$,$);
#9710=IFCRELDEFINESBYPROPERTIES('2vlpI7X8P9eemgP266sPPY',#5,$,$,(#9709),#6366);
#9711=IFCCARTESIANPOINT((35.2773377249541,249.731278642837,0.));
#9712=IFCAXIS2PLACEMENT3D(#9711,$,$);
#9713=IFCLOCALPLACEMENT(#27,#9712);
#9714=IFCPRODUCTDEFINITIONSHAPE($,$,(#1530));
#9715=IFCBUILDINGELEMENTPROXY('3YswgzOCrBMgoNSXs$zn2P',#5,'NL.IMGeo.G0772.1a238a5dbd604708808c40ca91527485',$,$,#9713,#9714,$,$);
#9716=IFCRELDEFINESBYPROPERTIES('2nf$sbmz9FdhCFWqp0Zjsg',#5,$,$,(#9715),#6376);
#9717=IFCCARTESIANPOINT((77.6365893285838,256.481199277972,0.));
#9718=IFCAXIS2PLACEMENT3D(#9717,$,$);
#9719=IFCLOCALPLACEMENT(#27,#9718);
#9720=IFCPRODUCTDEFINITIONSHAPE($,$,(#1531));
#9721=IFCBUILDINGELEMENTPROXY('3auiqSPrPDNw66fTuQH7ZU',#5,'NL.IMGeo.G0772.41755ecee7fe4505b2f9c489a1ba0d84',$,$,#9719,#9720,$,$);
#9722=IFCRELDEFINESBYPROPERTIES('04YSzy0Pz9cgCiEKujCA2r',#5,$,$,(#9721),#6386);
#9723=IFCCARTESIANPOINT((77.059765238926,202.261026473308,0.));
#9724=IFCAXIS2PLACEMENT3D(#9723,$,$);
#9725=IFCLOCALPLACEMENT(#27,#9724);
#9726=IFCPRODUCTDEFINITIONSHAPE($,$,(#1532));
#9727=IFCBUILDINGELEMENTPROXY('3jKgZa9h90Wx19iEeXsLys',#5,'NL.IMGeo.G0772.a256458d17ad4289ab6c67c7f9eb6a96',$,$,#9725,#9726,$,$);
#9728=IFCRELDEFINESBYPROPERTIES('05_JBT9DT3u9$anacZpmVd',#5,$,$,(#9727),#6396);
#9729=IFCCARTESIANPOINT((97.5823526468885,230.077104109863,0.));
#9730=IFCAXIS2PLACEMENT3D(#9729,$,$);
#9731=IFCLOCALPLACEMENT(#27,#9730);
#9732=IFCPRODUCTDEFINITIONSHAPE($,$,(#1533));
#9733=IFCBUILDINGELEMENTPROXY('1GkR9RsIb8vxHXuXON71jU',#5,'NL.IMGeo.G0772.da7782c33feb4600a8add7623219d436',$,$,#9731,#9732,$,$);
#9734=IFCRELDEFINESBYPROPERTIES('0oPunXAMjDR8kIpRc5Hm7K',#5,$,$,(#9733),#6406);
#9735=IFCCARTESIANPOINT((81.1104707878258,195.08530647069,0.));
#9736=IFCAXIS2PLACEMENT3D(#9735,$,$);
#9737=IFCLOCALPLACEMENT(#27,#9736);
#9738=IFCPRODUCTDEFINITIONSHAPE($,$,(#1534));
#9739=IFCBUILDINGELEMENTPROXY('3W2YjS66jCaxFr1zqjUNub',#5,'NL.IMGeo.G0772.f129aafd92b141979a87492f326db2fc',$,$,#9737,#9738,$,$);
#9740=IFCRELDEFINESBYPROPERTIES('2bzeQJbWTBLxH8lEoD$DiA',#5,$,$,(#9739),#6416);
#9741=IFCCARTESIANPOINT((273.849074949452,86.9344900575816,0.));
#9742=IFCAXIS2PLACEMENT3D(#9741,$,$);
#9743=IFCLOCALPLACEMENT(#27,#9742);
#9744=IFCPRODUCTDEFINITIONSHAPE($,$,(#1535));
#9745=IFCBUILDINGELEMENTPROXY('1i$G3j09rDjwq6iWwDxzaK',#5,'NL.IMGeo.G0772.4c779bb3a4304365984132691fad45fc',$,$,#9743,#9744,$,$);
#9746=IFCRELDEFINESBYPROPERTIES('1eb0AnjPHCpxfLx6h7w0Nd',#5,$,$,(#9745),#6426);
#9747=IFCCARTESIANPOINT((272.528487211472,91.1591691017384,0.));
#9748=IFCAXIS2PLACEMENT3D(#9747,$,$);
#9749=IFCLOCALPLACEMENT(#27,#9748);
#9750=IFCPRODUCTDEFINITIONSHAPE($,$,(#1536));
#9751=IFCBUILDINGELEMENTPROXY('0ZBUALxVP23vpYk880VJv0',#5,'NL.IMGeo.G0772.ffc6e97dff1e4e5c912e259ea5c21748',$,$,#9749,#9750,$,$);
#9752=IFCRELDEFINESBYPROPERTIES('3_Ovbh7sH9BxkdALGPC4bW',#5,$,$,(#9751),#6436);
#9753=IFCCARTESIANPOINT((5.00094137524138,245.38764766464,0.));
#9754=IFCAXIS2PLACEMENT3D(#9753,$,$);
#9755=IFCLOCALPLACEMENT(#27,#9754);
#9756=IFCPRODUCTDEFINITIONSHAPE($,$,(#1537));
#9757=IFCBUILDINGELEMENTPROXY('1AJ$nzUj91WufQbjuybZHM',#5,'NL.IMGeo.G0772.da2028453c4d4b9a89cfb3aca85a9fd6',$,$,#9755,#9756,$,$);
#9758=IFCRELDEFINESBYPROPERTIES('3x5jtNLcD74QPZZS0YURdh',#5,$,$,(#9757),#6446);
#9759=IFCCARTESIANPOINT((-138.863949575956,220.966843898233,0.));
#9760=IFCAXIS2PLACEMENT3D(#9759,$,$);
#9761=IFCLOCALPLACEMENT(#27,#9760);
#9762=IFCPRODUCTDEFINITIONSHAPE($,$,(#1538));
#9763=IFCBUILDINGELEMENTPROXY('2WKEY8yvPE9AaN7eFbi9pa',#5,'NL.IMGeo.G0772.eb2360254aff4c1a922fdd02c52c2a93',$,$,#9761,#9762,$,$);
#9764=IFCRELDEFINESBYPROPERTIES('1rs681ubrC8gPxpVHmj9qC',#5,$,$,(#9763),#6456);
#9765=IFCCARTESIANPOINT((143.81702117165,181.389895087283,0.));
#9766=IFCAXIS2PLACEMENT3D(#9765,$,$);
#9767=IFCLOCALPLACEMENT(#27,#9766);
#9768=IFCPRODUCTDEFINITIONSHAPE($,$,(#1539));
#9769=IFCBUILDINGELEMENTPROXY('3LeI4kjc5BJffBl43IL223',#5,'NL.IMGeo.G0772.a74931d638e6494b97b2d889e3feb1ec',$,$,#9767,#9768,$,$);
#9770=IFCRELDEFINESBYPROPERTIES('1_Q$tLs$P9uR5u4DYV1EcB',#5,$,$,(#9769),#6466);
#9771=IFCCARTESIANPOINT((152.878203474247,193.802126807568,0.));
#9772=IFCAXIS2PLACEMENT3D(#9771,$,$);
#9773=IFCLOCALPLACEMENT(#27,#9772);
#9774=IFCPRODUCTDEFINITIONSHAPE($,$,(#1540));
#9775=IFCBUILDINGELEMENTPROXY('1L$YAijMH2NRI9wj8J$TNp',#5,'NL.IMGeo.G0772.ebbd5c8d43b046e79a72ab7c9c7d261a',$,$,#9773,#9774,$,$);
#9776=IFCRELDEFINESBYPROPERTIES('2nPiRKizj9v8diIX57Coqp',#5,$,$,(#9775),#6476);
#9777=IFCCARTESIANPOINT((138.563461487851,192.723933010653,0.));
#9778=IFCAXIS2PLACEMENT3D(#9777,$,$);
#9779=IFCLOCALPLACEMENT(#27,#9778);
#9780=IFCPRODUCTDEFINITIONSHAPE($,$,(#1541));
#9781=IFCBUILDINGELEMENTPROXY('3AKmmedPv4tP67IGn6Fnmv',#5,'NL.IMGeo.G0772.fa86c9d60a9c467bbbbd8114abcb0e20',$,$,#9779,#9780,$,$);
#9782=IFCRELDEFINESBYPROPERTIES('0PAj45m018IOLb_QR4Yx57',#5,$,$,(#9781),#6486);
#9783=IFCCARTESIANPOINT((3.09022173113772,21.7026775046834,0.));
#9784=IFCAXIS2PLACEMENT3D(#9783,$,$);
#9785=IFCLOCALPLACEMENT(#27,#9784);
#9786=IFCPRODUCTDEFINITIONSHAPE($,$,(#1542));
#9787=IFCBUILDINGELEMENTPROXY('3gV5fog5f6g8ZNFke6BxGZ',#5,'NL.IMGeo.G0772.341117d99bb8404ea44bcb5365618899',$,$,#9785,#9786,$,$);
#9788=IFCRELDEFINESBYPROPERTIES('2BlcLRgSn2Geq4D8NbrvPV',#5,$,$,(#9787),#6496);
#9789=IFCCARTESIANPOINT((2.76551760741859,60.174410390493,0.));
#9790=IFCAXIS2PLACEMENT3D(#9789,$,$);
#9791=IFCLOCALPLACEMENT(#27,#9790);
#9792=IFCPRODUCTDEFINITIONSHAPE($,$,(#1543));
#9793=IFCBUILDINGELEMENTPROXY('28qKlCsNX7tuYwRTOMCTVX',#5,'NL.IMGeo.G0772.4c2759a8f07c40abbc803096155449f5',$,$,#9791,#9792,$,$);
#9794=IFCRELDEFINESBYPROPERTIES('1xowHrvRvCceX0qb1ajxR0',#5,$,$,(#9793),#6506);
#9795=IFCCARTESIANPOINT((2.80584635198466,52.6030353771639,0.));
#9796=IFCAXIS2PLACEMENT3D(#9795,$,$);
#9797=IFCLOCALPLACEMENT(#27,#9796);
#9798=IFCPRODUCTDEFINITIONSHAPE($,$,(#1544));
#9799=IFCBUILDINGELEMENTPROXY('2zV5ylE8T1GBR0RnuCZ3bS',#5,'NL.IMGeo.G0772.52df8c1df592415586dbbaab14bf4c1f',$,$,#9797,#9798,$,$);
#9800=IFCRELDEFINESBYPROPERTIES('0iZuXZbsH8ggJlvtNKsxIQ',#5,$,$,(#9799),#6516);
#9801=IFCCARTESIANPOINT((2.987136588461,39.2026587462751,0.));
#9802=IFCAXIS2PLACEMENT3D(#9801,$,$);
#9803=IFCLOCALPLACEMENT(#27,#9802);
#9804=IFCPRODUCTDEFINITIONSHAPE($,$,(#1545));
#9805=IFCBUILDINGELEMENTPROXY('0$74Ckkl9CjeS7s6J1uHsY',#5,'NL.IMGeo.G0772.6ff019abde9c4b0f83da1bfb167bda7e',$,$,#9803,#9804,$,$);
#9806=IFCRELDEFINESBYPROPERTIES('12neYJmoDDBwiSukgADgBy',#5,$,$,(#9805),#6526);
#9807=IFCCARTESIANPOINT((-9.42443916565389,30.8941566369031,0.));
#9808=IFCAXIS2PLACEMENT3D(#9807,$,$);
#9809=IFCLOCALPLACEMENT(#27,#9808);
#9810=IFCPRODUCTDEFINITIONSHAPE($,$,(#1546));
#9811=IFCBUILDINGELEMENTPROXY('0cOBHmAgX5uvhvff8$Ue0W',#5,'NL.IMGeo.G0772.8cf1ff80e4e541fcbfaf0ade9ee1dbae',$,$,#9809,#9810,$,$);
#9812=IFCRELDEFINESBYPROPERTIES('1plPtlpnjEK9BZpVQNPJ42',#5,$,$,(#9811),#6536);
#9813=IFCCARTESIANPOINT((-9.463887895894,52.5278856219957,0.));
#9814=IFCAXIS2PLACEMENT3D(#9813,$,$);
#9815=IFCLOCALPLACEMENT(#27,#9814);
#9816=IFCPRODUCTDEFINITIONSHAPE($,$,(#1547));
#9817=IFCBUILDINGELEMENTPROXY('272fRiO6DAQ8Je37xV0Z8B',#5,'NL.IMGeo.G0772.94302ba8760648609ec958684b776377',$,$,#9815,#9816,$,$);
#9818=IFCRELDEFINESBYPROPERTIES('3u8kO3q9v0qgLwKonAvd4G',#5,$,$,(#9817),#6546);
#9819=IFCCARTESIANPOINT((-9.48359501632513,38.5979950039764,0.));
#9820=IFCAXIS2PLACEMENT3D(#9819,$,$);
#9821=IFCLOCALPLACEMENT(#27,#9820);
#9822=IFCPRODUCTDEFINITIONSHAPE($,$,(#1548));
#9823=IFCBUILDINGELEMENTPROXY('2Pl4IFjXr8tOkLIDqkiIUt',#5,'NL.IMGeo.G0772.9a885cdd501e4afd9fce916b1e6cbcb4',$,$,#9821,#9822,$,$);
#9824=IFCRELDEFINESBYPROPERTIES('1QikHrGAb2WxVN11CI19Zh',#5,$,$,(#9823),#6556);
#9825=IFCCARTESIANPOINT((-9.36969778666389,67.6011135849403,0.));
#9826=IFCAXIS2PLACEMENT3D(#9825,$,$);
#9827=IFCLOCALPLACEMENT(#27,#9826);
#9828=IFCPRODUCTDEFINITIONSHAPE($,$,(#1549));
#9829=IFCBUILDINGELEMENTPROXY('1ut1y3yMPAS8pCIpLbSwIP',#5,'NL.IMGeo.G0772.bc758fc78d1f4d14a37a5b4cf85c832b',$,$,#9827,#9828,$,$);
#9830=IFCRELDEFINESBYPROPERTIES('2Be1N$XgzEIA4lJC3fqOv3',#5,$,$,(#9829),#6566);
#9831=IFCCARTESIANPOINT((2.75445751650841,66.980079620902,0.));
#9832=IFCAXIS2PLACEMENT3D(#9831,$,$);
#9833=IFCLOCALPLACEMENT(#27,#9832);
#9834=IFCPRODUCTDEFINITIONSHAPE($,$,(#1550));
#9835=IFCBUILDINGELEMENTPROXY('18nDDeINrAy9oU92LBWE6E',#5,'NL.IMGeo.G0772.f1e1090b506042808573f099f9c55cb1',$,$,#9833,#9834,$,$);
#9836=IFCRELDEFINESBYPROPERTIES('17yIu4uLvCQAQ1h5WvS6iU',#5,$,$,(#9835),#6576);
#9837=IFCCARTESIANPOINT((146.434508262406,74.6302525376086,0.));
#9838=IFCAXIS2PLACEMENT3D(#9837,$,$);
#9839=IFCLOCALPLACEMENT(#27,#9838);
#9840=IFCPRODUCTDEFINITIONSHAPE($,$,(#1551));
#9841=IFCBUILDINGELEMENTPROXY('1V3BdBDZ5BCxbOSN$p8Ogb',#5,'NL.IMGeo.G0772.5db7020e930846c68bf910d5370a11db',$,$,#9839,#9840,$,$);
#9842=IFCRELDEFINESBYPROPERTIES('0wuKleY$z5LRyahgh23JIo',#5,$,$,(#9841),#6586);
#9843=IFCCARTESIANPOINT((147.995922538132,54.6990337223397,0.));
#9844=IFCAXIS2PLACEMENT3D(#9843,$,$);
#9845=IFCLOCALPLACEMENT(#27,#9844);
#9846=IFCPRODUCTDEFINITIONSHAPE($,$,(#1552));
#9847=IFCBUILDINGELEMENTPROXY('3HsfbishnAAAG2$KVNAeBs',#5,'NL.IMGeo.G0772.670594c21a204ab49b4a1ef19b213ef2',$,$,#9845,#9846,$,$);
#9848=IFCRELDEFINESBYPROPERTIES('2hiFXK1U91VBoXezJjNIXH',#5,$,$,(#9847),#6596);
#9849=IFCCARTESIANPOINT((148.297330060886,44.6870090267621,0.));
#9850=IFCAXIS2PLACEMENT3D(#9849,$,$);
#9851=IFCLOCALPLACEMENT(#27,#9850);
#9852=IFCPRODUCTDEFINITIONSHAPE($,$,(#1553));
#9853=IFCBUILDINGELEMENTPROXY('3YEMY567L5xB9PaWG2Jj$5',#5,'NL.IMGeo.G0772.71948f2b0e4b4dd1a117e2cd05d55cf4',$,$,#9851,#9852,$,$);
#9854=IFCRELDEFINESBYPROPERTIES('0C5tzbEdv7gPEeEmzB2GUD',#5,$,$,(#9853),#6606);
#9855=IFCCARTESIANPOINT((148.389507870714,23.1043940728414,0.));
#9856=IFCAXIS2PLACEMENT3D(#9855,$,$);
#9857=IFCLOCALPLACEMENT(#27,#9856);
#9858=IFCPRODUCTDEFINITIONSHAPE($,$,(#1554));
#9859=IFCBUILDINGELEMENTPROXY('1AU6jwtLHEPBZYxI6UPqgh',#5,'NL.IMGeo.G0772.746085952faf424295c214b1b1f2a6e8',$,$,#9857,#9858,$,$);
#9860=IFCRELDEFINESBYPROPERTIES('3Xo35ZJaz3OubTKVCWcoDF',#5,$,$,(#9859),#6616);
#9861=IFCCARTESIANPOINT((148.267162859353,34.8782285245834,0.));
#9862=IFCAXIS2PLACEMENT3D(#9861,$,$);
#9863=IFCLOCALPLACEMENT(#27,#9862);
#9864=IFCPRODUCTDEFINITIONSHAPE($,$,(#1555));
#9865=IFCBUILDINGELEMENTPROXY('0h66UcOJr6JxCG2TcRXH0h',#5,'NL.IMGeo.G0772.a978b8afd54d45869fa8747d85305ca6',$,$,#9863,#9864,$,$);
#9866=IFCRELDEFINESBYPROPERTIES('0X4LuZAs19zR3iLiKiHuhf',#5,$,$,(#9865),#6626);
#9867=IFCCARTESIANPOINT((166.201908325165,26.9910082871211,0.));
#9868=IFCAXIS2PLACEMENT3D(#9867,$,$);
#9869=IFCLOCALPLACEMENT(#27,#9868);
#9870=IFCPRODUCTDEFINITIONSHAPE($,$,(#1556));
#9871=IFCBUILDINGELEMENTPROXY('3tdg0agojC09T6LCdX34fJ',#5,'NL.IMGeo.G0772.d7a07f5824804e65ad0fd14583158d61',$,$,#9869,#9870,$,$);
#9872=IFCRELDEFINESBYPROPERTIES('14zdIZn6TFYh71s0lroA38',#5,$,$,(#9871),#6636);
#9873=IFCCARTESIANPOINT((-153.523217519512,186.109696892847,0.));
#9874=IFCAXIS2PLACEMENT3D(#9873,$,$);
#9875=IFCLOCALPLACEMENT(#27,#9874);
#9876=IFCPRODUCTDEFINITIONSHAPE($,$,(#1557));
#9877=IFCBUILDINGELEMENTPROXY('2QpiqF7x90Uvcr3Qi3d3Dq',#5,'NL.IMGeo.G0772.a52d3db953734ab980a6b7321261df9e',$,$,#9875,#9876,$,$);
#9878=IFCRELDEFINESBYPROPERTIES('3lA014M_5FAQyPzB4RAOFC',#5,$,$,(#9877),#6646);
#9879=IFCCARTESIANPOINT((191.322447824088,40.7503236872726,0.));
#9880=IFCAXIS2PLACEMENT3D(#9879,$,$);
#9881=IFCLOCALPLACEMENT(#27,#9880);
#9882=IFCPRODUCTDEFINITIONSHAPE($,$,(#1558));
#9883=IFCBUILDINGELEMENTPROXY('0oeHhmrzTDz9KU7xwUOh_o',#5,'NL.IMGeo.G0772.2cff68d6f7334fc681f419ca41b4acb7',$,$,#9881,#9882,$,$);
#9884=IFCRELDEFINESBYPROPERTIES('35S6uAenrER9e6xvq58$Dt',#5,$,$,(#9883),#6656);
#9885=IFCCARTESIANPOINT((198.390828614909,38.8102260101005,0.));
#9886=IFCAXIS2PLACEMENT3D(#9885,$,$);
#9887=IFCLOCALPLACEMENT(#27,#9886);
#9888=IFCPRODUCTDEFINITIONSHAPE($,$,(#1559));
#9889=IFCBUILDINGELEMENTPROXY('25omjr8ir3Aeyq4s1WTonn',#5,'NL.IMGeo.G0772.ff31c7cf10564da1afb1c4ee2f00ea03',$,$,#9887,#9888,$,$);
#9890=IFCRELDEFINESBYPROPERTIES('1bLageuGn2CgRLhMTK5_BP',#5,$,$,(#9889),#6666);
#9891=IFCCARTESIANPOINT((40.1553626806417,-36.6463257634896,0.));
#9892=IFCAXIS2PLACEMENT3D(#9891,$,$);
#9893=IFCLOCALPLACEMENT(#27,#9892);
#9894=IFCPRODUCTDEFINITIONSHAPE($,$,(#1560));
#9895=IFCBUILDINGELEMENTPROXY('3_PS9cErLFUhRc1sF$RV_3',#5,'NL.IMGeo.G0772.15d7a5325bb54a2bbfe2d8651b330dd5',$,$,#9893,#9894,$,$);
#9896=IFCRELDEFINESBYPROPERTIES('2XVUOb3bH7w8t7QFeyRZXV',#5,$,$,(#9895),#6676);
#9897=IFCCARTESIANPOINT((56.2355829716835,-29.7263513857033,0.));
#9898=IFCAXIS2PLACEMENT3D(#9897,$,$);
#9899=IFCLOCALPLACEMENT(#27,#9898);
#9900=IFCPRODUCTDEFINITIONSHAPE($,$,(#1561));
#9901=IFCBUILDINGELEMENTPROXY('2eATv5urbEU9xF5CH5ozjc',#5,'NL.IMGeo.G0772.21da3fe708554009958e2305dbb309e1',$,$,#9899,#9900,$,$);
#9902=IFCRELDEFINESBYPROPERTIES('0DmAlLTY56DOgT9xMn_uXL',#5,$,$,(#9901),#6686);
#9903=IFCCARTESIANPOINT((22.9017540225468,-43.3305783976102,0.));
#9904=IFCAXIS2PLACEMENT3D(#9903,$,$);
#9905=IFCLOCALPLACEMENT(#27,#9904);
#9906=IFCPRODUCTDEFINITIONSHAPE($,$,(#1562));
#9907=IFCBUILDINGELEMENTPROXY('1UGPUgyEf3twou9nFor5gL',#5,'NL.IMGeo.G0772.504d5e2a05814d4cba6feea0052cddcf',$,$,#9905,#9906,$,$);
#9908=IFCRELDEFINESBYPROPERTIES('1uH2dEXRP8YxHgqLR62kUK',#5,$,$,(#9907),#6696);
#9909=IFCCARTESIANPOINT((50.8466403312341,-31.9978414732032,0.));
#9910=IFCAXIS2PLACEMENT3D(#9909,$,$);
#9911=IFCLOCALPLACEMENT(#27,#9910);
#9912=IFCPRODUCTDEFINITIONSHAPE($,$,(#1563));
#9913=IFCBUILDINGELEMENTPROXY('2OiPwPEjX5KwqbW2$qxBw6',#5,'NL.IMGeo.G0772.53fd01b556624fcd9df5e9ef493f7756',$,$,#9911,#9912,$,$);
#9914=IFCRELDEFINESBYPROPERTIES('3eaSt6zbL4AQYZHfTj3v04',#5,$,$,(#9913),#6706);
#9915=IFCCARTESIANPOINT((-3.41309520564391,-54.0514941745787,0.));
#9916=IFCAXIS2PLACEMENT3D(#9915,$,$);
#9917=IFCLOCALPLACEMENT(#27,#9916);
#9918=IFCPRODUCTDEFINITIONSHAPE($,$,(#1564));
#9919=IFCBUILDINGELEMENTPROXY('2CZ3qgFnP2MulW4qXoQzXW',#5,'NL.IMGeo.G0772.733d2e9d132a41aa8bcf69ca9ea80e13',$,$,#9917,#9918,$,$);
#9920=IFCRELDEFINESBYPROPERTIES('1Zm24NBq92fROogTOQkz_8',#5,$,$,(#9919),#6716);
#9921=IFCCARTESIANPOINT((67.6397281238751,-25.106114665803,0.));
#9922=IFCAXIS2PLACEMENT3D(#9921,$,$);
#9923=IFCLOCALPLACEMENT(#27,#9922);
#9924=IFCPRODUCTDEFINITIONSHAPE($,$,(#1565));
#9925=IFCBUILDINGELEMENTPROXY('0gUPVRI550mhrZCt8nfsR3',#5,'NL.IMGeo.G0772.83b3d54f044a481393ebcf0c934b4664',$,$,#9923,#9924,$,$);
#9926=IFCRELDEFINESBYPROPERTIES('3CjSlvxJ5898QSfOzlBdDC',#5,$,$,(#9925),#6726);
#9927=IFCCARTESIANPOINT((61.9458824370813,-27.4055176959955,0.));
#9928=IFCAXIS2PLACEMENT3D(#9927,$,$);
#9929=IFCLOCALPLACEMENT(#27,#9928);
#9930=IFCPRODUCTDEFINITIONSHAPE($,$,(#1566));
#9931=IFCBUILDINGELEMENTPROXY('2NcaVZqoX7LQ1lDDdlbba6',#5,'NL.IMGeo.G0772.cf900c9353d84ac0b160127240666486',$,$,#9929,#9930,$,$);
#9932=IFCRELDEFINESBYPROPERTIES('3L9vsGPMPBxgaDwq6GBT3N',#5,$,$,(#9931),#6736);
#9933=IFCCARTESIANPOINT((45.4813066967763,-34.1122882073396,0.));
#9934=IFCAXIS2PLACEMENT3D(#9933,$,$);
#9935=IFCLOCALPLACEMENT(#27,#9934);
#9936=IFCPRODUCTDEFINITIONSHAPE($,$,(#1567));
#9937=IFCBUILDINGELEMENTPROXY('0TBTa5WzP7DRgjQ3gmNi7Z',#5,'NL.IMGeo.G0772.dbb6917f80d44cde9d195fee071000cc',$,$,#9935,#9936,$,$);
#9938=IFCRELDEFINESBYPROPERTIES('1kvAZC1xX1Nh_kf0W39TDI',#5,$,$,(#9937),#6746);
#9939=IFCCARTESIANPOINT((28.43637800953,-41.1810634933645,0.));
#9940=IFCAXIS2PLACEMENT3D(#9939,$,$);
#9941=IFCLOCALPLACEMENT(#27,#9940);
#9942=IFCPRODUCTDEFINITIONSHAPE($,$,(#1568));
#9943=IFCBUILDINGELEMENTPROXY('0QnJW51xX1vgJU$V_2tbcm',#5,'NL.IMGeo.G0772.e4173a3ec05b4ffc8d01cebde2c08927',$,$,#9941,#9942,$,$);
#9944=IFCRELDEFINESBYPROPERTIES('2eXn2scA1E8OaQo$fXvX_$',#5,$,$,(#9943),#6756);
#9945=IFCCARTESIANPOINT((33.9988002705213,-39.1233976824442,0.));
#9946=IFCAXIS2PLACEMENT3D(#9945,$,$);
#9947=IFCLOCALPLACEMENT(#27,#9946);
#9948=IFCPRODUCTDEFINITIONSHAPE($,$,(#1569));
#9949=IFCBUILDINGELEMENTPROXY('266W8e0bT8petF$yk44066',#5,'NL.IMGeo.G0772.f9b036c8300b45368862e889cc6f127a',$,$,#9947,#9948,$,$);
#9950=IFCRELDEFINESBYPROPERTIES('1szFA$pIb9AvSU_LfR9LXw',#5,$,$,(#9949),#6766);
#9951=IFCCARTESIANPOINT((-24.2872385960363,279.246252346027,0.));
#9952=IFCAXIS2PLACEMENT3D(#9951,$,$);
#9953=IFCLOCALPLACEMENT(#27,#9952);
#9954=IFCPRODUCTDEFINITIONSHAPE($,$,(#1570));
#9955=IFCBUILDINGELEMENTPROXY('1cE5mQtun9Q9iiqcA_i7tp',#5,'NL.IMGeo.G0772.c1612ff4c1ba43d3bee249427f51f2d0',$,$,#9953,#9954,$,$);
#9956=IFCRELDEFINESBYPROPERTIES('1wUly4UM5Aj9T2abyVv7eN',#5,$,$,(#9955),#6776);
#9957=IFCCARTESIANPOINT((-16.8649681848183,271.955231090949,0.));
#9958=IFCAXIS2PLACEMENT3D(#9957,$,$);
#9959=IFCLOCALPLACEMENT(#27,#9958);
#9960=IFCPRODUCTDEFINITIONSHAPE($,$,(#1571));
#9961=IFCBUILDINGELEMENTPROXY('0cn_xWqG54eROGOD27Xct4',#5,'NL.IMGeo.G0772.c9f331a2a291482d9bba7e8ba844c17e',$,$,#9959,#9960,$,$);
#9962=IFCRELDEFINESBYPROPERTIES('2QT7LjaIb14O2PiD3SSZE9',#5,$,$,(#9961),#6786);
#9963=IFCCARTESIANPOINT((-17.4416116492066,278.165910869779,0.));
#9964=IFCAXIS2PLACEMENT3D(#9963,$,$);
#9965=IFCLOCALPLACEMENT(#27,#9964);
#9966=IFCPRODUCTDEFINITIONSHAPE($,$,(#1572));
#9967=IFCBUILDINGELEMENTPROXY('28nr5eNKz3TvcE$sFrglSS',#5,'NL.IMGeo.G0772.e2048971971c451da89fc3f27bfced80',$,$,#9965,#9966,$,$);
#9968=IFCRELDEFINESBYPROPERTIES('1$PZgByHbBWfQqjdVzJOAl',#5,$,$,(#9967),#6796);
#9969=IFCCARTESIANPOINT((224.842490600859,57.689449409896,0.));
#9970=IFCAXIS2PLACEMENT3D(#9969,$,$);
#9971=IFCLOCALPLACEMENT(#27,#9970);
#9972=IFCPRODUCTDEFINITIONSHAPE($,$,(#1573));
#9973=IFCBUILDINGELEMENTPROXY('1DKwA5OijCAxWj0ueXKsxh',#5,'NL.IMGeo.G0772.1e4f8eb521f44ecfa1cfbd84a85cd4e4',$,$,#9971,#9972,$,$);
#9974=IFCRELDEFINESBYPROPERTIES('1$Q2rN_Q567RdwLBqwKVvk',#5,$,$,(#9973),#6806);
#9975=IFCCARTESIANPOINT((219.512414028548,68.3103497829288,0.));
#9976=IFCAXIS2PLACEMENT3D(#9975,$,$);
#9977=IFCLOCALPLACEMENT(#27,#9976);
#9978=IFCPRODUCTDEFINITIONSHAPE($,$,(#1574));
#9979=IFCBUILDINGELEMENTPROXY('016Vbw8hD3ox25TNpkajgP',#5,'NL.IMGeo.G0772.38b34a54ff7846d6a82e4f6e0880920b',$,$,#9977,#9978,$,$);
#9980=IFCRELDEFINESBYPROPERTIES('0lkB5rdrzD8wGIfsKJf7So',#5,$,$,(#9979),#6816);
#9981=IFCCARTESIANPOINT((219.496720395633,51.493098797393,0.));
#9982=IFCAXIS2PLACEMENT3D(#9981,$,$);
#9983=IFCLOCALPLACEMENT(#27,#9982);
#9984=IFCPRODUCTDEFINITIONSHAPE($,$,(#1575));
#9985=IFCBUILDINGELEMENTPROXY('3QDt984jvFyeCYsttQVh_P',#5,'NL.IMGeo.G0772.54676c60572c4e55aca7905265575adf',$,$,#9983,#9984,$,$);
#9986=IFCRELDEFINESBYPROPERTIES('14v6gik8L6jhLSSwA_N3wR',#5,$,$,(#9985),#6826);
#9987=IFCCARTESIANPOINT((-85.2391603627766,-15.6570639678976,0.));
#9988=IFCAXIS2PLACEMENT3D(#9987,$,$);
#9989=IFCLOCALPLACEMENT(#27,#9988);
#9990=IFCPRODUCTDEFINITIONSHAPE($,$,(#1576));
#9991=IFCBUILDINGELEMENTPROXY('1dc6m9EeLBCeuhMao6N3gN',#5,'NL.IMGeo.G0772.c755b7fab451486b88f72de7dc4a1f65',$,$,#9989,#9990,$,$);
#9992=IFCRELDEFINESBYPROPERTIES('2I$NECvFH43gSF_wI5DUk5',#5,$,$,(#9991),#6836);
#9993=IFCRELCONTAINEDINSPATIALSTRUCTURE('0Xw0OW$M97BhupeU9wmVKy',#5,'StoreyContainer',$,(#6841,#6847,#6853,#6859,#6865,#6871,#6877,#6883,#6889,#6895,#6901,#6907,#6913,#6919,#6925,#6931,#6937,#6943,#6949,#6955,#6961,#6967,#6973,#6979,#6985,#6991,#6997,#7003,#7009,#7015,#7021,#7027,#7033,#7039,#7045,#7051,#7057,#7063,#7069,#7075,#7081,#7087,#7093,#7099,#7105,#7111,#7117,#7123,#7129,#7135,#7141,#7147,#7153,#7159,#7165,#7171,#7177,#7183,#7189,#7195,#7201,#7207,#7213,#7219,#7225,#7231,#7237,#7243,#7249,#7255,#7261,#7267,#7273,#7279,#7285,#7291,#7297,#7303,#7309,#7315,#7321,#7327,#7333,#7339,#7345,#7351,#7357,#7363,#7369,#7375,#7381,#7387,#7393,#7399,#7405,#7411,#7417,#7423,#7429,#7435,#7441,#7447,#7453,#7459,#7465,#7471,#7477,#7483,#7489,#7495,#7501,#7507,#7513,#7519,#7525,#7531,#7537,#7543,#7549,#7555,#7561,#7567,#7573,#7579,#7585,#7591,#7597,#7603,#7609,#7615,#7621,#7627,#7633,#7639,#7645,#7651,#7657,#7663,#7669,#7675,#7681,#7687,#7693,#7699,#7705,#7711,#7717,#7723,#7729,#7735,#7741,#7747,#7753,#7759,#7765,#7771,#7777,#7783,#7789,#7795,#7801,#7807,#7813,#7819,#7825,#7831,#7837,#7843,#7849,#7855,#7861,#7867,#7873,#7879,#7885,#7891,#7897,#7903,#7909,#7915,#7921,#7927,#7933,#7939,#7945,#7951,#7957,#7963,#7969,#7975,#7981,#7987,#7993,#7999,#8005,#8011,#8017,#8023,#8029,#8035,#8041,#8047,#8053,#8059,#8065,#8071,#8077,#8083,#8089,#8095,#8101,#8107,#8113,#8119,#8125,#8131,#8137,#8143,#8149,#8155,#8161,#8167,#8173,#8179,#8185,#8191,#8197,#8203,#8209,#8215,#8221,#8227,#8233,#8239,#8245,#8251,#8257,#8263,#8269,#8275,#8281,#8287,#8293,#8299,#8305,#8311,#8317,#8323,#8329,#8335,#8341,#8347,#8353,#8359,#8365,#8371,#8377,#8383,#8389,#8395,#8401,#8407,#8413,#8419,#8425,#8431,#8437,#8443,#8449,#8455,#8461,#8467,#8473,#8479,#8485,#8491,#8497,#8503,#8509,#8515,#8521,#8527,#8533,#8539,#8545,#8551,#8557,#8563,#8569,#8575,#8581,#8587,#8593,#8599,#8605,#8611,#8617,#8623,#8629,#8635,#8641,#8647,#8653,#8659,#8665,#8671,#8677,#8683,#8689,#8695,#8701,#8707,#8713,#8719,#8725,#8731,#8737,#8743,#8749,#8755,#8761,#8767,#8773,#8779,#8785,#8791,#8797,#8803,#8809,#8815,#8821,#8827,#8833,#8839,#8845,#8851,#8857,#8863,#8869,#8875,#8881,#8887,#8893,#8899,#8905,#8911,#8917,#8923,#8929,#8935,#8941,#8947,#8953,#8959,#8965,#8971,#8977,#8983,#8989,#8995,#9001,#9007,#9013,#9019,#9025,#9031,#9037,#9043,#9049,#9055,#9061,#9067,#9073,#9079,#9085,#9091,#9097,#9103,#9109,#9115,#9121,#9127,#9133,#9139,#9145,#9151,#9157,#9163,#9169,#9175,#9181,#9187,#9193,#9199,#9205,#9211,#9217,#9223,#9229,#9235,#9241,#9247,#9253,#9259,#9265,#9271,#9277,#9283,#9289,#9295,#9301,#9307,#9313,#9319,#9325,#9331,#9337,#9343,#9349,#9355,#9361,#9367,#9373,#9379,#9385,#9391,#9397,#9403,#9409,#9415,#9421,#9427,#9433,#9439,#9445,#9451,#9457,#9463,#9469,#9475,#9481,#9487,#9493,#9499,#9505,#9511,#9517,#9523,#9529,#9535,#9541,#9547,#9553,#9559,#9565,#9571,#9577,#9583,#9589,#9595,#9601,#9607,#9613,#9619,#9625,#9631,#9637,#9643,#9649,#9655,#9661,#9667,#9673,#9679,#9685,#9691,#9697,#9703,#9709,#9715,#9721,#9727,#9733,#9739,#9745,#9751,#9757,#9763,#9769,#9775,#9781,#9787,#9793,#9799,#9805,#9811,#9817,#9823,#9829,#9835,#9841,#9847,#9853,#9859,#9865,#9871,#9877,#9883,#9889,#9895,#9901,#9907,#9913,#9919,#9925,#9931,#9937,#9943,#9949,#9955,#9961,#9967,#9973,#9979,#9985,#9991),#28);
#9994=IFCCLASSIFICATION($,$,$,'3D-omgeving.nl',$,'https://3D-omgeving.nl',$);
#9995=IFCCLASSIFICATIONREFERENCE('https://3D-omgeving.nl/documentation/bgt-vegetatieobject','BGT-VegetatieObject','Basisregistratie Grootschalige Topografie - Vegetatie',#9994,$,$);
#9996=IFCRELASSOCIATESCLASSIFICATION('2b_mugHgv9yeMU4G3pGFTN',#5,$,$,(#6841,#6847,#6853,#6859,#6865,#6871,#6877,#6883,#6889,#6895,#6901,#6907,#6913,#6919,#6925,#6931,#6937,#6943,#6949,#6955,#6961,#6967,#6973,#6979,#6985,#6991,#6997,#7003,#7009,#7015,#7021,#7027,#7033,#7039,#7045,#7051,#7057,#7063,#7069,#7075,#7081,#7087,#7093,#7099,#7105,#7111,#7117,#7123,#7129,#7135,#7141,#7147,#7153,#7159,#7165,#7171,#7177,#7183,#7189,#7195,#7201,#7207,#7213,#7219,#7225,#7231,#7237,#7243,#7249,#7255,#7261,#7267,#7273,#7279,#7285,#7291,#7297,#7303,#7309,#7315,#7321,#7327,#7333,#7339,#7345,#7351,#7357,#7363,#7369,#7375,#7381,#7387,#7393,#7399,#7405,#7411,#7417,#7423,#7429,#7435,#7441,#7447,#7453,#7459,#7465,#7471,#7477,#7483,#7489,#7495,#7501,#7507,#7513,#7519,#7525,#7531,#7537,#7543,#7549,#7555,#7561,#7567,#7573,#7579,#7585,#7591,#7597,#7603,#7609,#7615,#7621,#7627,#7633,#7639,#7645,#7651,#7657,#7663,#7669,#7675,#7681,#7687,#7693,#7699,#7705,#7711,#7717,#7723,#7729,#7735,#7741,#7747,#7753,#7759,#7765,#7771,#7777,#7783,#7789,#7795,#7801,#7807,#7813,#7819,#7825,#7831,#7837,#7843,#7849,#7855,#7861,#7867,#7873,#7879,#7885,#7891,#7897,#7903,#7909,#7915,#7921,#7927,#7933,#7939,#7945,#7951,#7957,#7963,#7969,#7975,#7981,#7987,#7993,#7999,#8005,#8011,#8017,#8023,#8029,#8035,#8041,#8047,#8053,#8059,#8065,#8071,#8077,#8083,#8089,#8095,#8101,#8107,#8113,#8119,#8125,#8131,#8137,#8143,#8149,#8155,#8161,#8167,#8173,#8179,#8185,#8191,#8197,#8203,#8209,#8215,#8221,#8227,#8233,#8239,#8245,#8251,#8257,#8263,#8269,#8275,#8281,#8287,#8293,#8299,#8305,#8311,#8317,#8323,#8329,#8335,#8341,#8347,#8353,#8359,#8365,#8371,#8377,#8383,#8389,#8395,#8401,#8407,#8413,#8419,#8425,#8431,#8437,#8443,#8449,#8455,#8461,#8467,#8473,#8479,#8485,#8491,#8497,#8503,#8509,#8515,#8521,#8527,#8533,#8539,#8545,#8551,#8557,#8563,#8569,#8575,#8581,#8587,#8593,#8599,#8605,#8611,#8617,#8623,#8629,#8635,#8641,#8647,#8653,#8659,#8665,#8671,#8677,#8683,#8689,#8695,#8701,#8707,#8713,#8719,#8725,#8731,#8737,#8743,#8749,#8755,#8761,#8767,#8773,#8779,#8785,#8791,#8797,#8803,#8809,#8815,#8821,#8827,#8833,#8839,#8845,#8851,#8857,#8863,#8869,#8875,#8881,#8887,#8893,#8899,#8905,#8911,#8917,#8923,#8929,#8935,#8941,#8947,#8953,#8959,#8965,#8971,#8977,#8983,#8989,#8995,#9001,#9007,#9013,#9019,#9025,#9031,#9037,#9043,#9049,#9055,#9061,#9067,#9073,#9079,#9085,#9091,#9097,#9103,#9109,#9115,#9121,#9127,#9133,#9139,#9145,#9151,#9157,#9163,#9169,#9175,#9181,#9187,#9193,#9199,#9205,#9211,#9217,#9223,#9229,#9235,#9241,#9247,#9253,#9259,#9265,#9271,#9277,#9283,#9289,#9295,#9301,#9307,#9313,#9319,#9325,#9331,#9337,#9343,#9349,#9355,#9361,#9367,#9373,#9379,#9385,#9391,#9397,#9403,#9409,#9415,#9421,#9427,#9433,#9439,#9445,#9451,#9457,#9463,#9469,#9475,#9481,#9487,#9493,#9499,#9505,#9511,#9517,#9523,#9529,#9535,#9541,#9547,#9553,#9559,#9565,#9571,#9577,#9583,#9589,#9595,#9601,#9607,#9613,#9619,#9625,#9631,#9637,#9643,#9649,#9655,#9661,#9667,#9673,#9679,#9685,#9691,#9697,#9703,#9709,#9715,#9721,#9727,#9733,#9739,#9745,#9751,#9757,#9763,#9769,#9775,#9781,#9787,#9793,#9799,#9805,#9811,#9817,#9823,#9829,#9835,#9841,#9847,#9853,#9859,#9865,#9871,#9877,#9883,#9889,#9895,#9901,#9907,#9913,#9919,#9925,#9931,#9937,#9943,#9949,#9955,#9961,#9967,#9973,#9979,#9985,#9991),#9995);
#9997=IFCCLASSIFICATION($,$,$,'BGT Object',$,'https://docs.geostandaarden.nl/imgeo/catalogus/bgt/',$);
#9998=IFCCLASSIFICATIONREFERENCE($,'BGT-VegetatieObject','BGT-VegetatieObject',#9997,$,$);
#9999=IFCRELASSOCIATESCLASSIFICATION('0dWeowty9D5AiyNb8VSbkF',#5,$,$,(#6841,#6847,#6853,#6859,#6865,#6871,#6877,#6883,#6889,#6895,#6901,#6907,#6913,#6919,#6925,#6931,#6937,#6943,#6949,#6955,#6961,#6967,#6973,#6979,#6985,#6991,#6997,#7003,#7009,#7015,#7021,#7027,#7033,#7039,#7045,#7051,#7057,#7063,#7069,#7075,#7081,#7087,#7093,#7099,#7105,#7111,#7117,#7123,#7129,#7135,#7141,#7147,#7153,#7159,#7165,#7171,#7177,#7183,#7189,#7195,#7201,#7207,#7213,#7219,#7225,#7231,#7237,#7243,#7249,#7255,#7261,#7267,#7273,#7279,#7285,#7291,#7297,#7303,#7309,#7315,#7321,#7327,#7333,#7339,#7345,#7351,#7357,#7363,#7369,#7375,#7381,#7387,#7393,#7399,#7405,#7411,#7417,#7423,#7429,#7435,#7441,#7447,#7453,#7459,#7465,#7471,#7477,#7483,#7489,#7495,#7501,#7507,#7513,#7519,#7525,#7531,#7537,#7543,#7549,#7555,#7561,#7567,#7573,#7579,#7585,#7591,#7597,#7603,#7609,#7615,#7621,#7627,#7633,#7639,#7645,#7651,#7657,#7663,#7669,#7675,#7681,#7687,#7693,#7699,#7705,#7711,#7717,#7723,#7729,#7735,#7741,#7747,#7753,#7759,#7765,#7771,#7777,#7783,#7789,#7795,#7801,#7807,#7813,#7819,#7825,#7831,#7837,#7843,#7849,#7855,#7861,#7867,#7873,#7879,#7885,#7891,#7897,#7903,#7909,#7915,#7921,#7927,#7933,#7939,#7945,#7951,#7957,#7963,#7969,#7975,#7981,#7987,#7993,#7999,#8005,#8011,#8017,#8023,#8029,#8035,#8041,#8047,#8053,#8059,#8065,#8071,#8077,#8083,#8089,#8095,#8101,#8107,#8113,#8119,#8125,#8131,#8137,#8143,#8149,#8155,#8161,#8167,#8173,#8179,#8185,#8191,#8197,#8203,#8209,#8215,#8221,#8227,#8233,#8239,#8245,#8251,#8257,#8263,#8269,#8275,#8281,#8287,#8293,#8299,#8305,#8311,#8317,#8323,#8329,#8335,#8341,#8347,#8353,#8359,#8365,#8371,#8377,#8383,#8389,#8395,#8401,#8407,#8413,#8419,#8425,#8431,#8437,#8443,#8449,#8455,#8461,#8467,#8473,#8479,#8485,#8491,#8497,#8503,#8509,#8515,#8521,#8527,#8533,#8539,#8545,#8551,#8557,#8563,#8569,#8575,#8581,#8587,#8593,#8599,#8605,#8611,#8617,#8623,#8629,#8635,#8641,#8647,#8653,#8659,#8665,#8671,#8677,#8683,#8689,#8695,#8701,#8707,#8713,#8719,#8725,#8731,#8737,#8743,#8749,#8755,#8761,#8767,#8773,#8779,#8785,#8791,#8797,#8803,#8809,#8815,#8821,#8827,#8833,#8839,#8845,#8851,#8857,#8863,#8869,#8875,#8881,#8887,#8893,#8899,#8905,#8911,#8917,#8923,#8929,#8935,#8941,#8947,#8953,#8959,#8965,#8971,#8977,#8983,#8989,#8995,#9001,#9007,#9013,#9019,#9025,#9031,#9037,#9043,#9049,#9055,#9061,#9067,#9073,#9079,#9085,#9091,#9097,#9103,#9109,#9115,#9121,#9127,#9133,#9139,#9145,#9151,#9157,#9163,#9169,#9175,#9181,#9187,#9193,#9199,#9205,#9211,#9217,#9223,#9229,#9235,#9241,#9247,#9253,#9259,#9265,#9271,#9277,#9283,#9289,#9295,#9301,#9307,#9313,#9319,#9325,#9331,#9337,#9343,#9349,#9355,#9361,#9367,#9373,#9379,#9385,#9391,#9397,#9403,#9409,#9415,#9421,#9427,#9433,#9439,#9445,#9451,#9457,#9463,#9469,#9475,#9481,#9487,#9493,#9499,#9505,#9511,#9517,#9523,#9529,#9535,#9541,#9547,#9553,#9559,#9565,#9571,#9577,#9583,#9589,#9595,#9601,#9607,#9613,#9619,#9625,#9631,#9637,#9643,#9649,#9655,#9661,#9667,#9673,#9679,#9685,#9691,#9697,#9703,#9709,#9715,#9721,#9727,#9733,#9739,#9745,#9751,#9757,#9763,#9769,#9775,#9781,#9787,#9793,#9799,#9805,#9811,#9817,#9823,#9829,#9835,#9841,#9847,#9853,#9859,#9865,#9871,#9877,#9883,#9889,#9895,#9901,#9907,#9913,#9919,#9925,#9931,#9937,#9943,#9949,#9955,#9961,#9967,#9973,#9979,#9985,#9991),#9998);
#10000=IFCCLASSIFICATION($,$,$,'BGT Type',$,'https://docs.geostandaarden.nl/imgeo/catalogus/imgeo/',$);
#10001=IFCCLASSIFICATIONREFERENCE($,'niet-bgt:boom','niet-bgt:boom',#10000,$,$);
#10002=IFCRELASSOCIATESCLASSIFICATION('3nWEEtBsz239t1KhDqLtIl',#5,$,$,(#6841,#6847,#6853,#6859,#6865,#6871,#6877,#6883,#6889,#6895,#6901,#6907,#6913,#6919,#6925,#6931,#6937,#6943,#6949,#6955,#6961,#6967,#6973,#6979,#6985,#6991,#6997,#7003,#7009,#7015,#7021,#7027,#7033,#7039,#7045,#7051,#7057,#7063,#7069,#7075,#7081,#7087,#7093,#7099,#7105,#7111,#7117,#7123,#7129,#7135,#7141,#7147,#7153,#7159,#7165,#7171,#7177,#7183,#7189,#7195,#7201,#7207,#7213,#7219,#7225,#7231,#7237,#7243,#7249,#7255,#7261,#7267,#7273,#7279,#7285,#7291,#7297,#7303,#7309,#7315,#7321,#7327,#7333,#7339,#7345,#7351,#7357,#7363,#7369,#7375,#7381,#7387,#7393,#7399,#7405,#7411,#7417,#7423,#7429,#7435,#7441,#7447,#7453,#7459,#7465,#7471,#7477,#7483,#7489,#7495,#7501,#7507,#7513,#7519,#7525,#7531,#7537,#7543,#7549,#7555,#7561,#7567,#7573,#7579,#7585,#7591,#7597,#7603,#7609,#7615,#7621,#7627,#7633,#7639,#7645,#7651,#7657,#7663,#7669,#7675,#7681,#7687,#7693,#7699,#7705,#7711,#7717,#7723,#7729,#7735,#7741,#7747,#7753,#7759,#7765,#7771,#7777,#7783,#7789,#7795,#7801,#7807,#7813,#7819,#7825,#7831,#7837,#7843,#7849,#7855,#7861,#7867,#7873,#7879,#7885,#7891,#7897,#7903,#7909,#7915,#7921,#7927,#7933,#7939,#7945,#7951,#7957,#7963,#7969,#7975,#7981,#7987,#7993,#7999,#8005,#8011,#8017,#8023,#8029,#8035,#8041,#8047,#8053,#8059,#8065,#8071,#8077,#8083,#8089,#8095,#8101,#8107,#8113,#8119,#8125,#8131,#8137,#8143,#8149,#8155,#8161,#8167,#8173,#8179,#8185,#8191,#8197,#8203,#8209,#8215,#8221,#8227,#8233,#8239,#8245,#8251,#8257,#8263,#8269,#8275,#8281,#8287,#8293,#8299,#8305,#8311,#8317,#8323,#8329,#8335,#8341,#8347,#8353,#8359,#8365,#8371,#8377,#8383,#8389,#8395,#8401,#8407,#8413,#8419,#8425,#8431,#8437,#8443,#8449,#8455,#8461,#8467,#8473,#8479,#8485,#8491,#8497,#8503,#8509,#8515,#8521,#8527,#8533,#8539,#8545,#8551,#8557,#8563,#8569,#8575,#8581,#8587,#8593,#8599,#8605,#8611,#8617,#8623,#8629,#8635,#8641,#8647,#8653,#8659,#8665,#8671,#8677,#8683,#8689,#8695,#8701,#8707,#8713,#8719,#8725,#8731,#8737,#8743,#8749,#8755,#8761,#8767,#8773,#8779,#8785,#8791,#8797,#8803,#8809,#8815,#8821,#8827,#8833,#8839,#8845,#8851,#8857,#8863,#8869,#8875,#8881,#8887,#8893,#8899,#8905,#8911,#8917,#8923,#8929,#8935,#8941,#8947,#8953,#8959,#8965,#8971,#8977,#8983,#8989,#8995,#9001,#9007,#9013,#9019,#9025,#9031,#9037,#9043,#9049,#9055,#9061,#9067,#9073,#9079,#9085,#9091,#9097,#9103,#9109,#9115,#9121,#9127,#9133,#9139,#9145,#9151,#9157,#9163,#9169,#9175,#9181,#9187,#9193,#9199,#9205,#9211,#9217,#9223,#9229,#9235,#9241,#9247,#9253,#9259,#9265,#9271,#9277,#9283,#9289,#9295,#9301,#9307,#9313,#9319,#9325,#9331,#9337,#9343,#9349,#9355,#9361,#9367,#9373,#9379,#9385,#9391,#9397,#9403,#9409,#9415,#9421,#9427,#9433,#9439,#9445,#9451,#9457,#9463,#9469,#9475,#9481,#9487,#9493,#9499,#9505,#9511,#9517,#9523,#9529,#9535,#9541,#9547,#9553,#9559,#9565,#9571,#9577,#9583,#9589,#9595,#9601,#9607,#9613,#9619,#9625,#9631,#9637,#9643,#9649,#9655,#9661,#9667,#9673,#9679,#9685,#9691,#9697,#9703,#9709,#9715,#9721,#9727,#9733,#9739,#9745,#9751,#9757,#9763,#9769,#9775,#9781,#9787,#9793,#9799,#9805,#9811,#9817,#9823,#9829,#9835,#9841,#9847,#9853,#9859,#9865,#9871,#9877,#9883,#9889,#9895,#9901,#9907,#9913,#9919,#9925,#9931,#9937,#9943,#9949,#9955,#9961,#9967,#9973,#9979,#9985,#9991),#10001);
ENDSEC;
END-ISO-10303-21;
