ISO-10303-21;
HEADER;
FILE_DESCRIPTION(('ViewDefinition [ReferenceView_V1.2]','Order ID: 000000'),'2;1');
FILE_NAME('','2026-03-07T14:24:02',('3D-omgeving.nl'),('On-Track B.V.'),'OnTrack IFC Toolkit','OnTrack - 3Domgeving - 0.1.0-dev+local','none');
FILE_SCHEMA(('IFC4'));
ENDSEC;
DATA;
#1=IFCPERSON($,'On-Track B.V.','3D-omgeving',$,$,$,$,$);
#2=IFCORGANIZATION($,'On-Track B.V.',$,$,$);
#3=IFCPERSONANDORGANIZATION(#1,#2,$);
#4=IFCAPPLICATION(#2,'0.1.0','3D-omgeving.nl','3Domgeving');
#5=IFCOWNERHISTORY(#3,#4,$,.NOCHANGE.,1772889842,#3,#4,1772889842);
#6=IFCCARTESIANPOINT((0.,0.,0.));
#7=IFCDIRECTION((0.,0.,1.));
#8=IFCDIRECTION((1.,0.,0.));
#9=IFCAXIS2PLACEMENT3D(#6,#7,#8);
#10=IFCGEOMETRICREPRESENTATIONCONTEXT($,'Model',3,1.E-05,#9,$);
#11=IFCSIUNIT(*,.LENGTHUNIT.,$,.METRE.);
#12=IFCSIUNIT(*,.AREAUNIT.,$,.SQUARE_METRE.);
#13=IFCSIUNIT(*,.VOLUMEUNIT.,$,.CUBIC_METRE.);
#14=IFCUNITASSIGNMENT((#11,#12,#13));
#15=IFCPROJECT('1IjnxKAaXATu1YSAHJk3mp',#5,'S1 DEMO','3D-omgeving.nl - ID: 000000',$,$,$,(#10),#14);
#16=IFCGEOMETRICREPRESENTATIONSUBCONTEXT('Body','Model',*,*,*,*,#10,$,.MODEL_VIEW.,$);
#17=IFCCARTESIANPOINT((0.,0.,0.));
#18=IFCAXIS2PLACEMENT3D(#17,$,$);
#19=IFCLOCALPLACEMENT($,#18);
#20=IFCSITE('2EAvapu3DE28O3SS9RVWMy',#5,'Locatie',$,$,#19,$,$,.ELEMENT.,$,$,$,$,$);
#21=IFCCARTESIANPOINT((0.,0.,0.));
#22=IFCAXIS2PLACEMENT3D(#21,$,$);
#23=IFCLOCALPLACEMENT(#19,#22);
#24=IFCBUILDING('29o_f$WIfEJeHkDAqv44hu',#5,'Gebouw',$,$,#23,$,$,.ELEMENT.,$,$,$);
#25=IFCCARTESIANPOINT((0.,0.,0.));
#26=IFCAXIS2PLACEMENT3D(#25,$,$);
#27=IFCLOCALPLACEMENT(#23,#26);
#28=IFCBUILDINGSTOREY('1vhmk$71j7eQf_gJEHUA_t',#5,'Ground Level',$,$,#27,$,$,.ELEMENT.,0.);
#29=IFCRELAGGREGATES('167P2FjLv9_PBsI2yTHNMT',#5,'ProjectContainer',$,#15,(#20));
#30=IFCRELAGGREGATES('3Z9e$CuPP95uwEbz_iEbhV',#5,'SiteContainer',$,#20,(#24));
#31=IFCRELAGGREGATES('0EDYZKgNz02fyucs$75eSf',#5,'BuildingContainer',$,#24,(#28));
#32=IFCPROJECTEDCRS('EPSG:28992','Amersfoort / RD New','Amersfoort',$,$,$,#11);
#33=IFCMAPCONVERSION(#10,#32,160071.588418626,384156.389179893,18.753,0.637921483011472,-0.770101409888622,$);
#34=IFCCARTESIANPOINTLIST3D(((-0.16399,0.,0.025),(-0.,0.081995,0.025),(-0.,0.2497,0.025),(-0.4994,0.,0.025),(-0.16399,0.,-0.),(-0.4994,0.,-0.),(-0.,0.2497,-0.),(-0.,0.081995,-0.)));
#35=IFCINDEXEDPOLYGONALFACE((1,2,3,4));
#36=IFCINDEXEDPOLYGONALFACE((5,6,7,8));
#37=IFCINDEXEDPOLYGONALFACE((1,4,6,5));
#38=IFCINDEXEDPOLYGONALFACE((4,3,7,6));
#39=IFCINDEXEDPOLYGONALFACE((3,2,8,7));
#40=IFCINDEXEDPOLYGONALFACE((2,1,5,8));
#41=IFCPOLYGONALFACESET(#34,.F.,(#35,#36,#37,#38,#39,#40),$);
#42=IFCCOLOURRGB($,0.345098039215686,0.619607843137255,0.650980392156863);
#43=IFCSURFACESTYLERENDERING(#42,0.,$,$,$,$,$,$,.NOTDEFINED.);
#44=IFCSURFACESTYLE($,.BOTH.,(#43));
#45=IFCSTYLEDITEM(#41,(#44),$);
#46=IFCCARTESIANPOINTLIST3D(((0.16399,-0.,0.025),(-0.,-0.081995,0.025),(-0.,-0.2497,0.025),(0.4994,0.,0.025),(0.16399,-0.,-0.),(0.4994,0.,-0.),(-0.,-0.2497,-0.),(-0.,-0.081995,-0.)));
#47=IFCINDEXEDPOLYGONALFACE((1,2,3,4));
#48=IFCINDEXEDPOLYGONALFACE((5,6,7,8));
#49=IFCINDEXEDPOLYGONALFACE((1,4,6,5));
#50=IFCINDEXEDPOLYGONALFACE((4,3,7,6));
#51=IFCINDEXEDPOLYGONALFACE((3,2,8,7));
#52=IFCINDEXEDPOLYGONALFACE((2,1,5,8));
#53=IFCPOLYGONALFACESET(#46,.F.,(#47,#48,#49,#50,#51,#52),$);
#54=IFCCOLOURRGB($,0.0470588235294118,0.149019607843137,0.349019607843137);
#55=IFCSURFACESTYLERENDERING(#54,0.,$,$,$,$,$,$,.NOTDEFINED.);
#56=IFCSURFACESTYLE($,.BOTH.,(#55));
#57=IFCSTYLEDITEM(#53,(#56),$);
#58=IFCCARTESIANPOINTLIST3D(((-0.,-0.081995,0.025),(-0.,-0.2497,0.025),(-0.,-0.2497,0.),(-0.,-0.081995,0.),(-0.4994,-0.,0.025),(-0.16399,-0.,0.025),(-0.16399,-0.,0.),(-0.4994,-0.,0.)));
#59=IFCINDEXEDPOLYGONALFACE((1,2,3,4));
#60=IFCINDEXEDPOLYGONALFACE((5,6,7,8));
#61=IFCINDEXEDPOLYGONALFACE((6,1,4,7));
#62=IFCINDEXEDPOLYGONALFACE((3,8,7,4));
#63=IFCINDEXEDPOLYGONALFACE((2,5,8,3));
#64=IFCINDEXEDPOLYGONALFACE((2,1,6,5));
#65=IFCPOLYGONALFACESET(#58,.F.,(#59,#60,#61,#62,#63,#64),$);
#66=IFCCOLOURRGB($,0.949019607843137,0.56078431372549,0.219607843137255);
#67=IFCSURFACESTYLERENDERING(#66,0.,$,$,$,$,$,$,.NOTDEFINED.);
#68=IFCSURFACESTYLE($,.BOTH.,(#67));
#69=IFCSTYLEDITEM(#65,(#68),$);
#70=IFCCARTESIANPOINTLIST3D(((-0.08398,-0.572234,0.025),(-0.08398,-0.546188,0.025),(-0.08398,-0.546188,0.),(-0.08398,-0.572234,0.),(0.038255,-0.396435,0.025),(-0.071423,-0.396435,0.025),(-0.071423,-0.396435,0.),(0.038255,-0.396435,0.),(0.018733,-0.420323,0.025),(0.018733,-0.420323,0.),(-0.071423,-0.371321,0.025),(-0.071423,-0.371321,0.),(-0.053176,-0.54712,0.025),(0.072983,-0.54712,0.025),(0.072983,-0.54712,0.),(-0.053176,-0.54712,0.),(0.069844,-0.371321,0.),(0.069844,-0.396435,0.),(-0.042581,-0.534171,0.),(0.072983,-0.572234,0.),(0.072983,-0.572234,0.025),(-0.042581,-0.534171,0.025),(0.069844,-0.396435,0.025),(0.069844,-0.371321,0.025)));
#71=IFCINDEXEDPOLYGONALFACE((1,2,3,4));
#72=IFCINDEXEDPOLYGONALFACE((5,6,7,8));
#73=IFCINDEXEDPOLYGONALFACE((2,9,10,3));
#74=IFCINDEXEDPOLYGONALFACE((6,11,12,7));
#75=IFCINDEXEDPOLYGONALFACE((13,14,15,16));
#76=IFCINDEXEDPOLYGONALFACE((4,3,10,8,7,12,17,18,19,16,15,20));
#77=IFCINDEXEDPOLYGONALFACE((14,21,20,15));
#78=IFCINDEXEDPOLYGONALFACE((22,13,16,19));
#79=IFCINDEXEDPOLYGONALFACE((1,21,14,13,22,23,24,11,6,5,9,2));
#80=IFCINDEXEDPOLYGONALFACE((9,5,8,10));
#81=IFCINDEXEDPOLYGONALFACE((23,22,19,18));
#82=IFCINDEXEDPOLYGONALFACE((24,23,18,17));
#83=IFCINDEXEDPOLYGONALFACE((21,1,4,20));
#84=IFCINDEXEDPOLYGONALFACE((11,24,17,12));
#85=IFCPOLYGONALFACESET(#70,.F.,(#71,#72,#73,#74,#75,#76,#77,#78,#79,#80,#81,#82,#83,#84),$);
#86=IFCCOLOURRGB($,0.0470588235294118,0.149019607843137,0.349019607843137);
#87=IFCSURFACESTYLERENDERING(#86,0.,$,$,$,$,$,$,.NOTDEFINED.);
#88=IFCSURFACESTYLE($,.BOTH.,(#87));
#89=IFCSTYLEDITEM(#85,(#88),$);
#90=IFCCARTESIANPOINTLIST3D(((0.74589,-0.104677,0.025),(0.719132,-0.101261,0.025),(0.719132,-0.101261,0.),(0.74589,-0.104677,0.),(0.771096,-0.101586,0.025),(0.771096,-0.101586,0.),(0.794524,-0.092316,0.025),(0.794524,-0.092316,0.),(0.838565,-0.030279,0.025),(0.82935,-0.05592,0.025),(0.82935,-0.05592,0.),(0.838565,-0.030279,0.),(0.8145,-0.077036,0.025),(0.8145,-0.077036,0.),(0.650142,-0.00373,0.025),(0.653012,-0.029426,0.025),(0.66162,-0.053737,0.025),(0.675796,-0.074866,0.025),(0.695367,-0.091016,0.025),(0.841637,-0.001424,0.025),(0.838719,0.02705,0.025),(0.829963,0.052336,0.025),(0.81564,0.073415,0.025),(0.79602,0.089271,0.025),(0.772389,0.099204,0.025),(0.746037,0.102515,0.025),(0.725843,0.100752,0.025),(0.707593,0.095464,0.025),(0.691287,0.08665,0.025),(0.676924,0.07431,0.025),(0.665207,0.058856,0.025),(0.656838,0.040698,0.025),(0.651816,0.019836,0.025),(0.675256,-0.003975,0.025),(0.680492,0.033604,0.025),(0.687038,0.047689,0.025),(0.696201,0.058639,0.025),(0.719169,0.07271,0.025),(0.746184,0.077401,0.025),(0.765626,0.074966,0.025),(0.783046,0.067664,0.025),(0.797485,0.055935,0.025),(0.807988,0.04022,0.025),(0.814389,0.021004,0.025),(0.816523,-0.001228,0.025),(0.811538,-0.034472,0.025),(0.805307,-0.047885,0.025),(0.796584,-0.059157,0.025),(0.773904,-0.074461,0.025),(0.745742,-0.079562,0.025),(0.717986,-0.07451,0.025),(0.695343,-0.059353,0.025),(0.680278,-0.035404,0.025),(0.650142,-0.00373,0.),(0.651816,0.019836,0.),(0.656838,0.040698,0.),(0.665207,0.058856,0.),(0.676924,0.07431,0.),(0.691287,0.08665,0.),(0.707593,0.095464,0.),(0.725843,0.100752,0.),(0.746037,0.102515,0.),(0.772389,0.099204,0.),(0.79602,0.089271,0.),(0.81564,0.073415,0.),(0.829963,0.052336,0.),(0.838719,0.02705,0.),(0.841637,-0.001424,0.),(0.695367,-0.091016,0.),(0.675796,-0.074866,0.),(0.66162,-0.053737,0.),(0.653012,-0.029426,0.),(0.675256,-0.003975,0.),(0.680278,-0.035404,0.),(0.695343,-0.059353,0.),(0.717986,-0.07451,0.),(0.745742,-0.079562,0.),(0.773904,-0.074461,0.),(0.796584,-0.059157,0.),(0.805307,-0.047885,0.),(0.811538,-0.034472,0.),(0.816523,-0.001228,0.),(0.814389,0.021004,0.),(0.807988,0.04022,0.),(0.797485,0.055935,0.),(0.783046,0.067664,0.),(0.765626,0.074966,0.),(0.746184,0.077401,0.),(0.719169,0.07271,0.),(0.696201,0.058639,0.),(0.687038,0.047689,0.),(0.680492,0.033604,0.)));
#91=IFCINDEXEDPOLYGONALFACE((1,2,3,4));
#92=IFCINDEXEDPOLYGONALFACE((5,1,4,6));
#93=IFCINDEXEDPOLYGONALFACE((7,5,6,8));
#94=IFCINDEXEDPOLYGONALFACE((9,10,11,12));
#95=IFCINDEXEDPOLYGONALFACE((10,13,14,11));
#96=IFCINDEXEDPOLYGONALFACE((15,16,17,18,19,2,1,5,7,13,10,9,20,21,22,23,24,25,26,27,28,29,30,31,32,33,34,35,36,37,38,39,40,41,42,43,44,45,46,47,48,49,50,51,52,53));
#97=IFCINDEXEDPOLYGONALFACE((54,55,56,57,58,59,60,61,62,63,64,65,66,67,68,12,11,14,8,6,4,3,69,70,71,72,73,74,75,76,77,78,79,80,81,82,83,84,85,86,87,88,89,90,91,92));
#98=IFCINDEXEDPOLYGONALFACE((18,17,71,70));
#99=IFCINDEXEDPOLYGONALFACE((23,22,66,65));
#100=IFCINDEXEDPOLYGONALFACE((24,23,65,64));
#101=IFCINDEXEDPOLYGONALFACE((17,16,72,71));
#102=IFCINDEXEDPOLYGONALFACE((16,15,54,72));
#103=IFCINDEXEDPOLYGONALFACE((26,25,63,62));
#104=IFCINDEXEDPOLYGONALFACE((28,27,61,60));
#105=IFCINDEXEDPOLYGONALFACE((27,26,62,61));
#106=IFCINDEXEDPOLYGONALFACE((38,37,90,89));
#107=IFCINDEXEDPOLYGONALFACE((29,28,60,59));
#108=IFCINDEXEDPOLYGONALFACE((39,38,89,88));
#109=IFCINDEXEDPOLYGONALFACE((40,39,88,87));
#110=IFCINDEXEDPOLYGONALFACE((25,24,64,63));
#111=IFCINDEXEDPOLYGONALFACE((36,35,92,91));
#112=IFCINDEXEDPOLYGONALFACE((37,36,91,90));
#113=IFCINDEXEDPOLYGONALFACE((35,34,73,92));
#114=IFCINDEXEDPOLYGONALFACE((48,47,80,79));
#115=IFCINDEXEDPOLYGONALFACE((47,46,81,80));
#116=IFCINDEXEDPOLYGONALFACE((46,45,82,81));
#117=IFCINDEXEDPOLYGONALFACE((45,44,83,82));
#118=IFCINDEXEDPOLYGONALFACE((44,43,84,83));
#119=IFCINDEXEDPOLYGONALFACE((43,42,85,84));
#120=IFCINDEXEDPOLYGONALFACE((42,41,86,85));
#121=IFCINDEXEDPOLYGONALFACE((41,40,87,86));
#122=IFCINDEXEDPOLYGONALFACE((34,53,74,73));
#123=IFCINDEXEDPOLYGONALFACE((53,52,75,74));
#124=IFCINDEXEDPOLYGONALFACE((52,51,76,75));
#125=IFCINDEXEDPOLYGONALFACE((51,50,77,76));
#126=IFCINDEXEDPOLYGONALFACE((50,49,78,77));
#127=IFCINDEXEDPOLYGONALFACE((49,48,79,78));
#128=IFCINDEXEDPOLYGONALFACE((15,33,55,54));
#129=IFCINDEXEDPOLYGONALFACE((33,32,56,55));
#130=IFCINDEXEDPOLYGONALFACE((19,18,70,69));
#131=IFCINDEXEDPOLYGONALFACE((2,19,69,3));
#132=IFCINDEXEDPOLYGONALFACE((32,31,57,56));
#133=IFCINDEXEDPOLYGONALFACE((13,7,8,14));
#134=IFCINDEXEDPOLYGONALFACE((30,29,59,58));
#135=IFCINDEXEDPOLYGONALFACE((31,30,58,57));
#136=IFCINDEXEDPOLYGONALFACE((20,9,12,68));
#137=IFCINDEXEDPOLYGONALFACE((22,21,67,66));
#138=IFCINDEXEDPOLYGONALFACE((21,20,68,67));
#139=IFCPOLYGONALFACESET(#90,.F.,(#91,#92,#93,#94,#95,#96,#97,#98,#99,#100,#101,#102,#103,#104,#105,#106,#107,#108,#109,#110,#111,#112,#113,#114,#115,#116,#117,#118,#119,#120,#121,#122,#123,#124,#125,#126,#127,#128,#129,#130,#131,#132,#133,#134,#135,#136,#137,#138),$);
#140=IFCCOLOURRGB($,0.0470588235294118,0.149019607843137,0.349019607843137);
#141=IFCSURFACESTYLERENDERING(#140,0.,$,$,$,$,$,$,.NOTDEFINED.);
#142=IFCSURFACESTYLE($,.BOTH.,(#141));
#143=IFCSTYLEDITEM(#139,(#142),$);
#144=IFCCARTESIANPOINTLIST3D(((-0.078481,0.400613,0.025),(-0.053367,0.400613,0.025),(-0.053367,0.559832,0.025),(0.051602,0.400613,0.025),(0.078481,0.400613,0.025),(0.078481,0.601526,0.025),(0.053367,0.601526,0.025),(0.053367,0.442355,0.025),(-0.051602,0.601526,0.025),(-0.078481,0.601526,0.025),(0.053367,0.442355,0.),(-0.051602,0.601526,0.),(0.078481,0.601526,0.),(0.053367,0.601526,0.),(-0.078481,0.400613,0.),(-0.053367,0.400613,0.),(-0.053367,0.559832,0.),(0.051602,0.400613,0.),(0.078481,0.400613,0.),(-0.078481,0.601526,0.)));
#145=IFCINDEXEDPOLYGONALFACE((1,2,3,4,5,6,7,8,9,10));
#146=IFCINDEXEDPOLYGONALFACE((9,8,11,12));
#147=IFCINDEXEDPOLYGONALFACE((7,6,13,14));
#148=IFCINDEXEDPOLYGONALFACE((2,1,15,16));
#149=IFCINDEXEDPOLYGONALFACE((3,2,16,17));
#150=IFCINDEXEDPOLYGONALFACE((5,4,18,19));
#151=IFCINDEXEDPOLYGONALFACE((6,5,19,13));
#152=IFCINDEXEDPOLYGONALFACE((15,20,12,11,14,13,19,18,17,16));
#153=IFCINDEXEDPOLYGONALFACE((8,7,14,11));
#154=IFCINDEXEDPOLYGONALFACE((4,3,17,18));
#155=IFCINDEXEDPOLYGONALFACE((1,10,20,15));
#156=IFCINDEXEDPOLYGONALFACE((10,9,12,20));
#157=IFCPOLYGONALFACESET(#144,.F.,(#145,#146,#147,#148,#149,#150,#151,#152,#153,#154,#155,#156),$);
#158=IFCCOLOURRGB($,0.0470588235294118,0.149019607843137,0.349019607843137);
#159=IFCSURFACESTYLERENDERING(#158,0.,$,$,$,$,$,$,.NOTDEFINED.);
#160=IFCSURFACESTYLE($,.BOTH.,(#159));
#161=IFCSTYLEDITEM(#157,(#160),$);
#162=IFCCARTESIANPOINTLIST3D(((-0.839722,-0.090671,0.),(-0.894512,0.110242,0.),(-0.868613,0.110242,0.),(-0.836828,-0.021803,0.),(-0.827018,-0.062564,0.),(-0.816521,-0.026512,0.),(-0.776691,0.110242,0.),(-0.739364,0.110242,0.),(-0.710424,0.01111,0.),(-0.68889,-0.062564,0.),(-0.679374,-0.02298,0.),(-0.647344,0.110242,0.),(-0.621396,0.110242,0.),(-0.676137,-0.090671,0.),(-0.703017,-0.090671,0.),(-0.751234,0.06433,0.),(-0.757954,0.085962,0.),(-0.765508,0.059916,0.),(-0.809408,-0.090671,0.),(-0.839722,-0.090671,0.025),(-0.809408,-0.090671,0.025),(-0.765508,0.059916,0.025),(-0.757954,0.085962,0.025),(-0.751234,0.06433,0.025),(-0.703017,-0.090671,0.025),(-0.676137,-0.090671,0.025),(-0.621396,0.110242,0.025),(-0.647344,0.110242,0.025),(-0.679374,-0.02298,0.025),(-0.68889,-0.062564,0.025),(-0.710424,0.01111,0.025),(-0.739364,0.110242,0.025),(-0.776691,0.110242,0.025),(-0.816521,-0.026512,0.025),(-0.827018,-0.062564,0.025),(-0.836828,-0.021803,0.025),(-0.868613,0.110242,0.025),(-0.894512,0.110242,0.025)));
#163=IFCINDEXEDPOLYGONALFACE((1,2,3,4,5,6,7,8,9,10,11,12,13,14,15,16,17,18,19));
#164=IFCINDEXEDPOLYGONALFACE((20,21,22,23,24,25,26,27,28,29,30,31,32,33,34,35,36,37,38));
#165=IFCINDEXEDPOLYGONALFACE((28,27,13,12));
#166=IFCINDEXEDPOLYGONALFACE((27,26,14,13));
#167=IFCINDEXEDPOLYGONALFACE((26,25,15,14));
#168=IFCINDEXEDPOLYGONALFACE((25,24,16,15));
#169=IFCINDEXEDPOLYGONALFACE((24,23,17,16));
#170=IFCINDEXEDPOLYGONALFACE((23,22,18,17));
#171=IFCINDEXEDPOLYGONALFACE((22,21,19,18));
#172=IFCINDEXEDPOLYGONALFACE((21,20,1,19));
#173=IFCINDEXEDPOLYGONALFACE((36,35,5,4));
#174=IFCINDEXEDPOLYGONALFACE((35,34,6,5));
#175=IFCINDEXEDPOLYGONALFACE((34,33,7,6));
#176=IFCINDEXEDPOLYGONALFACE((33,32,8,7));
#177=IFCINDEXEDPOLYGONALFACE((32,31,9,8));
#178=IFCINDEXEDPOLYGONALFACE((31,30,10,9));
#179=IFCINDEXEDPOLYGONALFACE((30,29,11,10));
#180=IFCINDEXEDPOLYGONALFACE((29,28,12,11));
#181=IFCINDEXEDPOLYGONALFACE((20,38,2,1));
#182=IFCINDEXEDPOLYGONALFACE((38,37,3,2));
#183=IFCINDEXEDPOLYGONALFACE((37,36,4,3));
#184=IFCPOLYGONALFACESET(#162,.F.,(#163,#164,#165,#166,#167,#168,#169,#170,#171,#172,#173,#174,#175,#176,#177,#178,#179,#180,#181,#182,#183),$);
#185=IFCCOLOURRGB($,0.0470588235294118,0.149019607843137,0.349019607843137);
#186=IFCSURFACESTYLERENDERING(#185,0.,$,$,$,$,$,$,.NOTDEFINED.);
#187=IFCSURFACESTYLE($,.BOTH.,(#186));
#188=IFCSTYLEDITEM(#184,(#187),$);
#189=IFCCARTESIANPOINTLIST3D(((0.4994,0.,0.),(0.,0.,0.),(0.,0.2497,0.),(0.078958,0.002,0.172828),(0.078958,0.002,0.126567),(0.105,0.002,0.141603),(0.131042,0.002,0.126567),(0.18,0.002,0.098301),(0.18,0.002,0.138413),(0.179204,0.002,0.145132),(0.17686,0.002,0.151478),(0.173097,0.002,0.157101),(0.168125,0.002,0.16169),(0.105,0.002,0.198135),(0.084688,0.002,0.186407),(0.082257,0.002,0.183514),(0.080449,0.002,0.180197),(0.079335,0.002,0.176587),(0.131042,0.002,0.080307),(0.105,0.002,0.111532),(0.03,0.002,0.154833),(0.03,0.002,0.114722),(0.030796,0.002,0.108003),(0.03314,0.002,0.101656),(0.036903,0.002,0.096033),(0.041875,0.002,0.091445),(0.105,0.002,0.055),(0.125313,0.002,0.066727),(0.127743,0.002,0.06962),(0.129551,0.002,0.072938),(0.130665,0.002,0.076548),(0.105,0.,0.141603),(0.078958,0.,0.126567),(0.105,0.,0.111532),(0.131042,0.,0.126567),(0.,0.,0.3),(0.4994,0.,0.025),(0.082257,0.,0.183514),(0.084688,0.,0.186407),(0.105,0.,0.198135),(0.168125,0.,0.16169),(0.173097,0.,0.157101),(0.17686,0.,0.151478),(0.179204,0.,0.145132),(0.18,0.,0.138413),(0.18,0.,0.098301),(0.131042,0.,0.080307),(0.130665,0.,0.076548),(0.129551,0.,0.072938),(0.127743,0.,0.06962),(0.125313,0.,0.066727),(0.105,0.,0.055),(0.041875,0.,0.091445),(0.036903,0.,0.096033),(0.03314,0.,0.101656),(0.030796,0.,0.108003),(0.03,0.,0.114722),(0.03,0.,0.154833),(0.078958,0.,0.172828),(0.079335,0.,0.176587),(0.080449,0.,0.180197),(0.,0.2497,0.025)));
#190=IFCINDEXEDPOLYGONALFACE((1,2,3));
#191=IFCINDEXEDPOLYGONALFACE((4,5,6,7,8,9,10,11,12,13,14,15,16,17,18));
#192=IFCINDEXEDPOLYGONALFACE((19,7,20,5,21,22,23,24,25,26,27,28,29,30,31));
#193=IFCINDEXEDPOLYGONALFACE((32,33,34,35));
#194=IFCINDEXEDPOLYGONALFACE((36,2,1,37,38,39,40,41,42,43,44,45,46,35,47,48,49,50,51,52,53,54,55,56,57,58,33,59,60,61));
#195=IFCINDEXEDPOLYGONALFACE((56,23,22,57));
#196=IFCINDEXEDPOLYGONALFACE((32,35,7,6));
#197=IFCINDEXEDPOLYGONALFACE((26,53,52,27));
#198=IFCINDEXEDPOLYGONALFACE((36,37,62));
#199=IFCINDEXEDPOLYGONALFACE((62,37,1,3));
#200=IFCINDEXEDPOLYGONALFACE((8,46,45,9));
#201=IFCINDEXEDPOLYGONALFACE((19,47,35,7));
#202=IFCINDEXEDPOLYGONALFACE((36,62,3,2));
#203=IFCINDEXEDPOLYGONALFACE((21,58,57,22));
#204=IFCINDEXEDPOLYGONALFACE((13,41,40,14));
#205=IFCINDEXEDPOLYGONALFACE((34,33,5,20));
#206=IFCINDEXEDPOLYGONALFACE((14,40,39,15));
#207=IFCINDEXEDPOLYGONALFACE((7,35,34,20));
#208=IFCINDEXEDPOLYGONALFACE((54,53,26,25));
#209=IFCINDEXEDPOLYGONALFACE((54,25,24,55));
#210=IFCINDEXEDPOLYGONALFACE((55,24,23,56));
#211=IFCINDEXEDPOLYGONALFACE((38,16,15,39));
#212=IFCINDEXEDPOLYGONALFACE((48,47,19,31));
#213=IFCINDEXEDPOLYGONALFACE((48,31,30,49));
#214=IFCINDEXEDPOLYGONALFACE((49,30,29,50));
#215=IFCINDEXEDPOLYGONALFACE((50,29,28,51));
#216=IFCINDEXEDPOLYGONALFACE((5,33,32,6));
#217=IFCINDEXEDPOLYGONALFACE((27,52,51,28));
#218=IFCINDEXEDPOLYGONALFACE((4,59,33,5));
#219=IFCINDEXEDPOLYGONALFACE((42,41,13,12));
#220=IFCINDEXEDPOLYGONALFACE((42,12,11,43));
#221=IFCINDEXEDPOLYGONALFACE((43,11,10,44));
#222=IFCINDEXEDPOLYGONALFACE((44,10,9,45));
#223=IFCINDEXEDPOLYGONALFACE((60,59,4,18));
#224=IFCINDEXEDPOLYGONALFACE((60,18,17,61));
#225=IFCINDEXEDPOLYGONALFACE((61,17,16,38));
#226=IFCINDEXEDPOLYGONALFACE((8,7,35,46));
#227=IFCINDEXEDPOLYGONALFACE((21,5,33,58));
#228=IFCPOLYGONALFACESET(#189,.F.,(#190,#191,#192,#193,#194,#195,#196,#197,#198,#199,#200,#201,#202,#203,#204,#205,#206,#207,#208,#209,#210,#211,#212,#213,#214,#215,#216,#217,#218,#219,#220,#221,#222,#223,#224,#225,#226,#227),$);
#229=IFCCOLOURRGB($,0.0470588235294118,0.149019607843137,0.349019607843137);
#230=IFCSURFACESTYLERENDERING(#229,0.,$,$,$,$,$,$,.NOTDEFINED.);
#231=IFCSURFACESTYLE($,.BOTH.,(#230));
#232=IFCSTYLEDITEM(#228,(#231),$);
#233=IFCCARTESIANPOINTLIST3D(((0.03,0.001,0.154833),(0.105,0.001,0.198135),(0.105,0.002,0.198135),(0.03,0.002,0.154833),(0.18,0.001,0.098301),(0.105,0.001,0.055),(0.105,0.002,0.055),(0.18,0.002,0.098301),(0.18,0.001,0.154833),(0.18,0.002,0.154833),(0.03,0.001,0.098301),(0.03,0.002,0.098301)));
#234=IFCINDEXEDPOLYGONALFACE((1,2,3,4));
#235=IFCINDEXEDPOLYGONALFACE((5,6,7,8));
#236=IFCINDEXEDPOLYGONALFACE((2,9,10,3));
#237=IFCINDEXEDPOLYGONALFACE((11,1,4,12));
#238=IFCINDEXEDPOLYGONALFACE((4,3,10,8,7,12));
#239=IFCINDEXEDPOLYGONALFACE((9,5,8,10));
#240=IFCINDEXEDPOLYGONALFACE((1,11,6,5,9,2));
#241=IFCINDEXEDPOLYGONALFACE((6,11,12,7));
#242=IFCPOLYGONALFACESET(#233,.F.,(#234,#235,#236,#237,#238,#239,#240,#241),$);
#243=IFCCOLOURRGB($,1.,1.,1.);
#244=IFCSURFACESTYLERENDERING(#243,0.,$,$,$,$,$,$,.NOTDEFINED.);
#245=IFCSURFACESTYLE($,.BOTH.,(#244));
#246=IFCSTYLEDITEM(#242,(#245),$);
#247=IFCSHAPEREPRESENTATION(#10,'Body','Tessellation',(#41,#53,#65,#85,#139,#157,#184,#228,#242));
#248=IFCPRODUCTDEFINITIONSHAPE($,$,(#247));
#249=IFCCARTESIANPOINT((-0.,-0.,0.));
#250=IFCDIRECTION((0.,0.,1.));
#251=IFCDIRECTION((0.637921483011472,0.770101409888622,0.));
#252=IFCAXIS2PLACEMENT3D(#249,#250,#251);
#253=IFCLOCALPLACEMENT(#27,#252);
#254=IFCGEOGRAPHICELEMENT('2VdXdwLj13DgL3b1OH9TvX',#5,'GEO-Nulpunt',$,$,#253,#248,$,.NOTDEFINED.);
#255=IFCRELCONTAINEDINSPATIALSTRUCTURE('00ihCEJur5_wZsVzNkRgTN',#5,'GEO-Nulpunt-Relation',$,(#254),#28);
#256=IFCPROPERTYSINGLEVALUE('RD-X',$,IFCTEXT('160071.588'),$);
#257=IFCPROPERTYSINGLEVALUE('RD-Y',$,IFCTEXT('384156.389'),$);
#258=IFCPROPERTYSINGLEVALUE('Latitude',$,IFCTEXT('51.44647491'),$);
#259=IFCPROPERTYSINGLEVALUE('Longitude',$,IFCTEXT('5.46015425'),$);
#260=IFCPROPERTYSINGLEVALUE('NAP',$,IFCREAL(18.753),$);
#261=IFCPROPERTYSET('3QL0ayumz4nOVJEf50JvNW',#5,'CPset_GEO-Nulpunt',$,(#256,#257,#258,#259,#260));
#262=IFCRELDEFINESBYPROPERTIES('0z2lXsqL90kO9nBQISD5pz',#5,$,$,(#254),#261);
#263=IFCCARTESIANPOINTLIST3D(((-0.05,0.05,0.7),(-0.05,-0.05,0.7),(0.05,-0.05,0.7),(0.05,0.05,0.7),(-0.05,-0.05,-0.),(-0.05,0.05,-0.),(0.05,0.05,-0.),(0.05,-0.05,-0.)));
#264=IFCINDEXEDPOLYGONALFACE((1,2,3,4));
#265=IFCINDEXEDPOLYGONALFACE((5,6,7,8));
#266=IFCINDEXEDPOLYGONALFACE((2,1,6,5));
#267=IFCINDEXEDPOLYGONALFACE((3,2,5,8));
#268=IFCINDEXEDPOLYGONALFACE((4,3,8,7));
#269=IFCINDEXEDPOLYGONALFACE((1,4,7,6));
#270=IFCPOLYGONALFACESET(#263,.F.,(#264,#265,#266,#267,#268,#269),$);
#271=IFCCOLOURRGB($,1.,1.,1.);
#272=IFCSURFACESTYLERENDERING(#271,0.,$,$,$,$,$,$,.NOTDEFINED.);
#273=IFCSURFACESTYLE($,.BOTH.,(#272));
#274=IFCSTYLEDITEM(#270,(#273),$);
#275=IFCCARTESIANPOINTLIST3D(((-0.06,0.,0.),(-0.042426,0.042426,-0.),(0.,0.06,-0.),(0.042426,0.042426,-0.),(0.06,0.,0.),(0.042426,-0.042426,0.),(0.,-0.06,0.),(-0.042426,-0.042426,0.),(-3.9E-05,0.080025,2.999997),(-0.056608,0.056594,2.999997),(-0.056608,0.056594,3.096),(-3.9E-05,0.080025,3.096),(0.056529,0.056594,2.999997),(0.056529,0.056594,3.096),(0.079961,2.5E-05,2.999997),(0.079961,2.5E-05,3.096),(0.056529,-0.056544,2.999997),(0.056529,-0.056544,3.096),(0.,-0.079975,2.999997),(0.,-0.079975,3.096),(-3.9E-05,-0.079975,2.999997),(-3.9E-05,-0.079975,3.096),(-0.056608,-0.056544,2.999997),(-0.056608,-0.056544,3.096),(-0.080039,2.5E-05,2.999997),(-0.080039,2.5E-05,3.096),(-0.042426,0.042426,2.999997),(-0.06,0.,2.999997),(-0.042426,-0.042426,2.999997),(0.,-0.06,2.999997),(0.042426,-0.042426,2.999997),(0.06,0.,2.999997),(0.042426,0.042426,2.999997),(0.,0.06,2.999997),(-0.249997,0.144276,3.296),(-0.249997,0.144276,3.313393),(-0.144344,0.249929,3.313393),(-0.144344,0.249929,3.296),(-0.288668,-4.8E-05,3.296),(-0.288668,-4.8E-05,3.313393),(0.144304,0.249929,3.296),(0.144304,0.249929,3.313393),(0.249956,0.144276,3.313393),(0.249956,0.144276,3.296),(0.288628,-4.8E-05,3.313393),(0.260904,-4.8E-05,3.326588),(0.225947,-0.13051,3.326588),(0.249956,-0.144372,3.313393),(0.144304,-0.250024,3.296),(0.144304,-0.250024,3.313393),(-2.E-05,-0.288696,3.313393),(-2.E-05,-0.288696,3.296),(-0.144344,-0.250024,3.313393),(-0.144344,-0.250024,3.296),(-0.249997,-0.144372,3.313393),(-0.249997,-0.144372,3.296),(-2.E-05,0.2886,3.296),(-2.E-05,0.2886,3.313393),(0.288628,-4.8E-05,3.296),(0.249956,-0.144372,3.296),(-2.E-05,0.260876,3.326588),(0.130442,0.225919,3.326588),(-0.225987,0.130414,3.326588),(-0.130482,0.225919,3.326588),(0.225947,0.130414,3.326588),(0.130442,-0.226014,3.326588),(-0.130482,-0.226014,3.326588),(-0.225987,-0.13051,3.326588),(-0.260944,-4.8E-05,3.326588),(-2.E-05,-0.260972,3.326588),(-2.E-05,-0.0692,3.332586),(-0.034596,-0.059935,3.332586),(0.034556,-0.059935,3.332586),(0.059867,-0.034624,3.332586),(0.069132,-4.8E-05,3.332586),(0.059867,0.034529,3.332586),(0.034556,0.05984,3.332586),(-2.E-05,0.069105,3.332586),(-0.034596,0.05984,3.332586),(-0.059908,0.034529,3.332586),(-0.069172,-4.8E-05,3.332586),(-0.059908,-0.034624,3.332586)));
#276=IFCINDEXEDPOLYGONALFACE((1,2,3,4,5,6,7,8));
#277=IFCINDEXEDPOLYGONALFACE((9,10,11,12));
#278=IFCINDEXEDPOLYGONALFACE((13,9,12,14));
#279=IFCINDEXEDPOLYGONALFACE((15,13,14,16));
#280=IFCINDEXEDPOLYGONALFACE((17,15,16,18));
#281=IFCINDEXEDPOLYGONALFACE((19,17,18,20));
#282=IFCINDEXEDPOLYGONALFACE((21,19,20,22));
#283=IFCINDEXEDPOLYGONALFACE((23,21,22,24));
#284=IFCINDEXEDPOLYGONALFACE((25,23,24,26));
#285=IFCINDEXEDPOLYGONALFACE((10,25,26,11));
#286=IFCINDEXEDPOLYGONALFACE((23,25,10,9,13,15,17,19,21,27,28,29,30,31,32,33,34));
#287=IFCINDEXEDPOLYGONALFACE((2,1,28,27));
#288=IFCINDEXEDPOLYGONALFACE((3,2,27,34));
#289=IFCINDEXEDPOLYGONALFACE((4,3,34,33));
#290=IFCINDEXEDPOLYGONALFACE((5,4,33,32));
#291=IFCINDEXEDPOLYGONALFACE((6,5,32,31));
#292=IFCINDEXEDPOLYGONALFACE((7,6,31,30));
#293=IFCINDEXEDPOLYGONALFACE((8,7,30,29));
#294=IFCINDEXEDPOLYGONALFACE((1,8,29,28));
#295=IFCINDEXEDPOLYGONALFACE((26,24,22,20,18,16,14,12,11));
#296=IFCINDEXEDPOLYGONALFACE((35,36,37,38));
#297=IFCINDEXEDPOLYGONALFACE((39,40,36,35));
#298=IFCINDEXEDPOLYGONALFACE((41,42,43,44));
#299=IFCINDEXEDPOLYGONALFACE((45,46,47,48));
#300=IFCINDEXEDPOLYGONALFACE((49,50,51,52));
#301=IFCINDEXEDPOLYGONALFACE((52,51,53,54));
#302=IFCINDEXEDPOLYGONALFACE((54,53,55,56));
#303=IFCINDEXEDPOLYGONALFACE((56,55,40,39));
#304=IFCINDEXEDPOLYGONALFACE((57,58,42,41));
#305=IFCINDEXEDPOLYGONALFACE((38,37,58,57));
#306=IFCINDEXEDPOLYGONALFACE((59,45,48,60));
#307=IFCINDEXEDPOLYGONALFACE((60,48,50,49));
#308=IFCINDEXEDPOLYGONALFACE((58,61,62,42));
#309=IFCINDEXEDPOLYGONALFACE((36,63,64,37));
#310=IFCINDEXEDPOLYGONALFACE((44,43,45,59));
#311=IFCINDEXEDPOLYGONALFACE((42,62,65,43));
#312=IFCINDEXEDPOLYGONALFACE((37,64,61,58));
#313=IFCINDEXEDPOLYGONALFACE((48,47,66,50));
#314=IFCINDEXEDPOLYGONALFACE((53,67,68,55));
#315=IFCINDEXEDPOLYGONALFACE((40,69,63,36));
#316=IFCINDEXEDPOLYGONALFACE((43,65,46,45));
#317=IFCINDEXEDPOLYGONALFACE((50,66,70,51));
#318=IFCINDEXEDPOLYGONALFACE((55,68,69,40));
#319=IFCINDEXEDPOLYGONALFACE((51,70,67,53));
#320=IFCINDEXEDPOLYGONALFACE((70,71,72,67));
#321=IFCINDEXEDPOLYGONALFACE((72,71,73,74,75,76,77,78,79,80,81,82));
#322=IFCINDEXEDPOLYGONALFACE((63,80,79,64));
#323=IFCINDEXEDPOLYGONALFACE((46,75,74,47));
#324=IFCINDEXEDPOLYGONALFACE((64,79,78,61));
#325=IFCINDEXEDPOLYGONALFACE((47,74,73,66));
#326=IFCINDEXEDPOLYGONALFACE((67,72,82,68));
#327=IFCINDEXEDPOLYGONALFACE((61,78,77,62));
#328=IFCINDEXEDPOLYGONALFACE((65,76,75,46));
#329=IFCINDEXEDPOLYGONALFACE((66,73,71,70));
#330=IFCINDEXEDPOLYGONALFACE((68,82,81,69));
#331=IFCINDEXEDPOLYGONALFACE((62,77,76,65));
#332=IFCINDEXEDPOLYGONALFACE((69,81,80,63));
#333=IFCINDEXEDPOLYGONALFACE((49,52,54,56,39,35,38,57,41,44,59,60));
#334=IFCPOLYGONALFACESET(#275,.F.,(#276,#277,#278,#279,#280,#281,#282,#283,#284,#285,#286,#287,#288,#289,#290,#291,#292,#293,#294,#295,#296,#297,#298,#299,#300,#301,#302,#303,#304,#305,#306,#307,#308,#309,#310,#311,#312,#313,#314,#315,#316,#317,#318,#319,#320,#321,#322,#323,#324,#325,#326,#327,#328,#329,#330,#331,#332,#333),$);
#335=IFCCOLOURRGB($,0.219607843137255,0.219607843137255,0.219607843137255);
#336=IFCSURFACESTYLERENDERING(#335,0.,$,$,$,$,$,$,.NOTDEFINED.);
#337=IFCSURFACESTYLE($,.BOTH.,(#336));
#338=IFCSTYLEDITEM(#334,(#337),$);
#339=IFCCARTESIANPOINTLIST3D(((-2.E-05,0.2886,3.296),(0.144304,0.249929,3.296),(0.04998,0.086555,3.096),(-2.E-05,0.099952,3.096),(0.249956,0.144276,3.296),(0.086582,0.049952,3.096),(0.288628,-4.8E-05,3.296),(0.249956,-0.144372,3.296),(0.086582,-0.050048,3.096),(0.09998,-4.8E-05,3.096),(-2.E-05,-0.288696,3.296),(-0.144344,-0.250024,3.296),(-0.05002,-0.08665,3.096),(-2.E-05,-0.100048,3.096),(-0.249997,-0.144372,3.296),(-0.086623,-0.050048,3.096),(-0.288668,-4.8E-05,3.296),(-0.10002,-4.8E-05,3.096),(-0.249997,0.144276,3.296),(-0.086623,0.049952,3.096),(-0.144344,0.249929,3.296),(-0.05002,0.086555,3.096),(0.04998,-0.08665,3.096),(0.144304,-0.250024,3.296)));
#340=IFCINDEXEDPOLYGONALFACE((1,2,3,4));
#341=IFCINDEXEDPOLYGONALFACE((2,5,6,3));
#342=IFCINDEXEDPOLYGONALFACE((7,8,9,10));
#343=IFCINDEXEDPOLYGONALFACE((11,12,13,14));
#344=IFCINDEXEDPOLYGONALFACE((12,15,16,13));
#345=IFCINDEXEDPOLYGONALFACE((15,17,18,16));
#346=IFCINDEXEDPOLYGONALFACE((17,19,20,18));
#347=IFCINDEXEDPOLYGONALFACE((19,21,22,20));
#348=IFCINDEXEDPOLYGONALFACE((21,1,4,22));
#349=IFCINDEXEDPOLYGONALFACE((14,13,16,18,20,22,4,3,6,10,9,23));
#350=IFCINDEXEDPOLYGONALFACE((5,7,10,6));
#351=IFCINDEXEDPOLYGONALFACE((24,8,7,5,2,1,21,19,17,15,12,11));
#352=IFCINDEXEDPOLYGONALFACE((24,23,9,8));
#353=IFCINDEXEDPOLYGONALFACE((23,24,11,14));
#354=IFCPOLYGONALFACESET(#339,.F.,(#340,#341,#342,#343,#344,#345,#346,#347,#348,#349,#350,#351,#352,#353),$);
#355=IFCCOLOURRGB($,0.8,0.8,0.8);
#356=IFCSURFACESTYLERENDERING(#355,0.,$,$,$,$,$,$,.NOTDEFINED.);
#357=IFCSURFACESTYLE($,.BOTH.,(#356));
#358=IFCSTYLEDITEM(#354,(#357),$);
#359=IFCCARTESIANPOINTLIST3D(((0.05,-0.05,0.1),(0.,0.,0.),(0.05,0.05,0.1),(-0.05,0.05,0.1),(-0.05,-0.05,0.1)));
#360=IFCINDEXEDPOLYGONALFACE((1,2,3));
#361=IFCINDEXEDPOLYGONALFACE((4,2,5));
#362=IFCINDEXEDPOLYGONALFACE((2,1,5));
#363=IFCINDEXEDPOLYGONALFACE((3,2,4));
#364=IFCINDEXEDPOLYGONALFACE((4,5,1,3));
#365=IFCPOLYGONALFACESET(#359,.F.,(#360,#361,#362,#363,#364),$);
#366=IFCCOLOURRGB($,1.,1.,1.);
#367=IFCSURFACESTYLERENDERING(#366,0.,$,$,$,$,$,$,.NOTDEFINED.);
#368=IFCSURFACESTYLE($,.BOTH.,(#367));
#369=IFCSTYLEDITEM(#365,(#368),$);
#370=IFCSHAPEREPRESENTATION(#10,'Body','Tessellation',(#334,#354));
#371=IFCSHAPEREPRESENTATION(#10,'Body','Tessellation',(#334,#354));
#372=IFCSHAPEREPRESENTATION(#10,'Body','Tessellation',(#334,#354));
#373=IFCSHAPEREPRESENTATION(#10,'Body','Tessellation',(#334,#354));
#374=IFCSHAPEREPRESENTATION(#10,'Body','Tessellation',(#334,#354));
#375=IFCSHAPEREPRESENTATION(#10,'Body','Tessellation',(#334,#354));
#376=IFCSHAPEREPRESENTATION(#10,'Body','Tessellation',(#334,#354));
#377=IFCSHAPEREPRESENTATION(#10,'Body','Tessellation',(#334,#354));
#378=IFCSHAPEREPRESENTATION(#10,'Body','Tessellation',(#334,#354));
#379=IFCSHAPEREPRESENTATION(#10,'Body','Tessellation',(#334,#354));
#380=IFCSHAPEREPRESENTATION(#10,'Body','Tessellation',(#334,#354));
#381=IFCSHAPEREPRESENTATION(#10,'Body','Tessellation',(#334,#354));
#382=IFCSHAPEREPRESENTATION(#10,'Body','Tessellation',(#334,#354));
#383=IFCSHAPEREPRESENTATION(#10,'Body','Tessellation',(#334,#354));
#384=IFCSHAPEREPRESENTATION(#10,'Body','Tessellation',(#334,#354));
#385=IFCSHAPEREPRESENTATION(#10,'Body','Tessellation',(#334,#354));
#386=IFCSHAPEREPRESENTATION(#10,'Body','Tessellation',(#334,#354));
#387=IFCSHAPEREPRESENTATION(#10,'Body','Tessellation',(#334,#354));
#388=IFCSHAPEREPRESENTATION(#10,'Body','Tessellation',(#334,#354));
#389=IFCSHAPEREPRESENTATION(#10,'Body','Tessellation',(#334,#354));
#390=IFCSHAPEREPRESENTATION(#10,'Body','Tessellation',(#334,#354));
#391=IFCSHAPEREPRESENTATION(#10,'Body','Tessellation',(#334,#354));
#392=IFCSHAPEREPRESENTATION(#10,'Body','Tessellation',(#334,#354));
#393=IFCSHAPEREPRESENTATION(#10,'Body','Tessellation',(#334,#354));
#394=IFCSHAPEREPRESENTATION(#10,'Body','Tessellation',(#334,#354));
#395=IFCSHAPEREPRESENTATION(#10,'Body','Tessellation',(#334,#354));
#396=IFCSHAPEREPRESENTATION(#10,'Body','Tessellation',(#365));
#397=IFCSHAPEREPRESENTATION(#10,'Body','Tessellation',(#365));
#398=IFCSHAPEREPRESENTATION(#10,'Body','Tessellation',(#365));
#399=IFCSHAPEREPRESENTATION(#10,'Body','Tessellation',(#365));
#400=IFCSHAPEREPRESENTATION(#10,'Body','Tessellation',(#365));
#401=IFCSHAPEREPRESENTATION(#10,'Body','Tessellation',(#365));
#402=IFCSHAPEREPRESENTATION(#10,'Body','Tessellation',(#334,#354));
#403=IFCSHAPEREPRESENTATION(#10,'Body','Tessellation',(#365));
#404=IFCSHAPEREPRESENTATION(#10,'Body','Tessellation',(#334,#354));
#405=IFCSHAPEREPRESENTATION(#10,'Body','Tessellation',(#365));
#406=IFCSHAPEREPRESENTATION(#10,'Body','Tessellation',(#334,#354));
#407=IFCSHAPEREPRESENTATION(#10,'Body','Tessellation',(#365));
#408=IFCSHAPEREPRESENTATION(#10,'Body','Tessellation',(#334,#354));
#409=IFCSHAPEREPRESENTATION(#10,'Body','Tessellation',(#334,#354));
#410=IFCSHAPEREPRESENTATION(#10,'Body','Tessellation',(#334,#354));
#411=IFCSHAPEREPRESENTATION(#10,'Body','Tessellation',(#334,#354));
#412=IFCSHAPEREPRESENTATION(#10,'Body','Tessellation',(#334,#354));
#413=IFCSHAPEREPRESENTATION(#10,'Body','Tessellation',(#365));
#414=IFCSHAPEREPRESENTATION(#10,'Body','Tessellation',(#334,#354));
#415=IFCSHAPEREPRESENTATION(#10,'Body','Tessellation',(#334,#354));
#416=IFCSHAPEREPRESENTATION(#10,'Body','Tessellation',(#365));
#417=IFCSHAPEREPRESENTATION(#10,'Body','Tessellation',(#334,#354));
#418=IFCSHAPEREPRESENTATION(#10,'Body','Tessellation',(#334,#354));
#419=IFCSHAPEREPRESENTATION(#10,'Body','Tessellation',(#334,#354));
#420=IFCSHAPEREPRESENTATION(#10,'Body','Tessellation',(#334,#354));
#421=IFCSHAPEREPRESENTATION(#10,'Body','Tessellation',(#334,#354));
#422=IFCSHAPEREPRESENTATION(#10,'Body','Tessellation',(#365));
#423=IFCSHAPEREPRESENTATION(#10,'Body','Tessellation',(#365));
#424=IFCSHAPEREPRESENTATION(#10,'Body','Tessellation',(#334,#354));
#425=IFCSHAPEREPRESENTATION(#10,'Body','Tessellation',(#365));
#426=IFCSHAPEREPRESENTATION(#10,'Body','Tessellation',(#365));
#427=IFCSHAPEREPRESENTATION(#10,'Body','Tessellation',(#334,#354));
#428=IFCSHAPEREPRESENTATION(#10,'Body','Tessellation',(#365));
#429=IFCSHAPEREPRESENTATION(#10,'Body','Tessellation',(#365));
#430=IFCSHAPEREPRESENTATION(#10,'Body','Tessellation',(#334,#354));
#431=IFCSHAPEREPRESENTATION(#10,'Body','Tessellation',(#334,#354));
#432=IFCSHAPEREPRESENTATION(#10,'Body','Tessellation',(#334,#354));
#433=IFCSHAPEREPRESENTATION(#10,'Body','Tessellation',(#365));
#434=IFCSHAPEREPRESENTATION(#10,'Body','Tessellation',(#334,#354));
#435=IFCSHAPEREPRESENTATION(#10,'Body','Tessellation',(#365));
#436=IFCSHAPEREPRESENTATION(#10,'Body','Tessellation',(#365));
#437=IFCSHAPEREPRESENTATION(#10,'Body','Tessellation',(#365));
#438=IFCSHAPEREPRESENTATION(#10,'Body','Tessellation',(#334,#354));
#439=IFCSHAPEREPRESENTATION(#10,'Body','Tessellation',(#334,#354));
#440=IFCSHAPEREPRESENTATION(#10,'Body','Tessellation',(#334,#354));
#441=IFCSHAPEREPRESENTATION(#10,'Body','Tessellation',(#365));
#442=IFCSHAPEREPRESENTATION(#10,'Body','Tessellation',(#334,#354));
#443=IFCSHAPEREPRESENTATION(#10,'Body','Tessellation',(#334,#354));
#444=IFCSHAPEREPRESENTATION(#10,'Body','Tessellation',(#334,#354));
#445=IFCSHAPEREPRESENTATION(#10,'Body','Tessellation',(#334,#354));
#446=IFCSHAPEREPRESENTATION(#10,'Body','Tessellation',(#334,#354));
#447=IFCSHAPEREPRESENTATION(#10,'Body','Tessellation',(#334,#354));
#448=IFCSHAPEREPRESENTATION(#10,'Body','Tessellation',(#334,#354));
#449=IFCSHAPEREPRESENTATION(#10,'Body','Tessellation',(#334,#354));
#450=IFCSHAPEREPRESENTATION(#10,'Body','Tessellation',(#334,#354));
#451=IFCSHAPEREPRESENTATION(#10,'Body','Tessellation',(#334,#354));
#452=IFCSHAPEREPRESENTATION(#10,'Body','Tessellation',(#334,#354));
#453=IFCSHAPEREPRESENTATION(#10,'Body','Tessellation',(#334,#354));
#454=IFCSHAPEREPRESENTATION(#10,'Body','Tessellation',(#334,#354));
#455=IFCSHAPEREPRESENTATION(#10,'Body','Tessellation',(#334,#354));
#456=IFCSHAPEREPRESENTATION(#10,'Body','Tessellation',(#365));
#457=IFCSHAPEREPRESENTATION(#10,'Body','Tessellation',(#365));
#458=IFCSHAPEREPRESENTATION(#10,'Body','Tessellation',(#365));
#459=IFCSHAPEREPRESENTATION(#10,'Body','Tessellation',(#365));
#460=IFCSHAPEREPRESENTATION(#10,'Body','Tessellation',(#365));
#461=IFCSHAPEREPRESENTATION(#10,'Body','Tessellation',(#365));
#462=IFCSHAPEREPRESENTATION(#10,'Body','Tessellation',(#365));
#463=IFCSHAPEREPRESENTATION(#10,'Body','Tessellation',(#365));
#464=IFCSHAPEREPRESENTATION(#10,'Body','Tessellation',(#270));
#465=IFCSHAPEREPRESENTATION(#10,'Body','Tessellation',(#365));
#466=IFCSHAPEREPRESENTATION(#10,'Body','Tessellation',(#365));
#467=IFCSHAPEREPRESENTATION(#10,'Body','Tessellation',(#334,#354));
#468=IFCSHAPEREPRESENTATION(#10,'Body','Tessellation',(#334,#354));
#469=IFCSHAPEREPRESENTATION(#10,'Body','Tessellation',(#334,#354));
#470=IFCSHAPEREPRESENTATION(#10,'Body','Tessellation',(#365));
#471=IFCSHAPEREPRESENTATION(#10,'Body','Tessellation',(#365));
#472=IFCSHAPEREPRESENTATION(#10,'Body','Tessellation',(#334,#354));
#473=IFCSHAPEREPRESENTATION(#10,'Body','Tessellation',(#270));
#474=IFCSHAPEREPRESENTATION(#10,'Body','Tessellation',(#365));
#475=IFCSHAPEREPRESENTATION(#10,'Body','Tessellation',(#365));
#476=IFCSHAPEREPRESENTATION(#10,'Body','Tessellation',(#334,#354));
#477=IFCSHAPEREPRESENTATION(#10,'Body','Tessellation',(#365));
#478=IFCSHAPEREPRESENTATION(#10,'Body','Tessellation',(#365));
#479=IFCSHAPEREPRESENTATION(#10,'Body','Tessellation',(#365));
#480=IFCSHAPEREPRESENTATION(#10,'Body','Tessellation',(#365));
#481=IFCSHAPEREPRESENTATION(#10,'Body','Tessellation',(#334,#354));
#482=IFCSHAPEREPRESENTATION(#10,'Body','Tessellation',(#334,#354));
#483=IFCSHAPEREPRESENTATION(#10,'Body','Tessellation',(#334,#354));
#484=IFCSHAPEREPRESENTATION(#10,'Body','Tessellation',(#334,#354));
#485=IFCSHAPEREPRESENTATION(#10,'Body','Tessellation',(#334,#354));
#486=IFCSHAPEREPRESENTATION(#10,'Body','Tessellation',(#334,#354));
#487=IFCSHAPEREPRESENTATION(#10,'Body','Tessellation',(#334,#354));
#488=IFCSHAPEREPRESENTATION(#10,'Body','Tessellation',(#334,#354));
#489=IFCSHAPEREPRESENTATION(#10,'Body','Tessellation',(#334,#354));
#490=IFCSHAPEREPRESENTATION(#10,'Body','Tessellation',(#334,#354));
#491=IFCSHAPEREPRESENTATION(#10,'Body','Tessellation',(#334,#354));
#492=IFCSHAPEREPRESENTATION(#10,'Body','Tessellation',(#334,#354));
#493=IFCSHAPEREPRESENTATION(#10,'Body','Tessellation',(#334,#354));
#494=IFCSHAPEREPRESENTATION(#10,'Body','Tessellation',(#334,#354));
#495=IFCSHAPEREPRESENTATION(#10,'Body','Tessellation',(#334,#354));
#496=IFCSHAPEREPRESENTATION(#10,'Body','Tessellation',(#334,#354));
#497=IFCSHAPEREPRESENTATION(#10,'Body','Tessellation',(#334,#354));
#498=IFCSHAPEREPRESENTATION(#10,'Body','Tessellation',(#365));
#499=IFCSHAPEREPRESENTATION(#10,'Body','Tessellation',(#365));
#500=IFCSHAPEREPRESENTATION(#10,'Body','Tessellation',(#334,#354));
#501=IFCSHAPEREPRESENTATION(#10,'Body','Tessellation',(#334,#354));
#502=IFCSHAPEREPRESENTATION(#10,'Body','Tessellation',(#334,#354));
#503=IFCSHAPEREPRESENTATION(#10,'Body','Tessellation',(#334,#354));
#504=IFCSHAPEREPRESENTATION(#10,'Body','Tessellation',(#334,#354));
#505=IFCSHAPEREPRESENTATION(#10,'Body','Tessellation',(#334,#354));
#506=IFCSHAPEREPRESENTATION(#10,'Body','Tessellation',(#334,#354));
#507=IFCSHAPEREPRESENTATION(#10,'Body','Tessellation',(#334,#354));
#508=IFCSHAPEREPRESENTATION(#10,'Body','Tessellation',(#334,#354));
#509=IFCSHAPEREPRESENTATION(#10,'Body','Tessellation',(#365));
#510=IFCSHAPEREPRESENTATION(#10,'Body','Tessellation',(#334,#354));
#511=IFCSHAPEREPRESENTATION(#10,'Body','Tessellation',(#334,#354));
#512=IFCSHAPEREPRESENTATION(#10,'Body','Tessellation',(#334,#354));
#513=IFCSHAPEREPRESENTATION(#10,'Body','Tessellation',(#334,#354));
#514=IFCSHAPEREPRESENTATION(#10,'Body','Tessellation',(#334,#354));
#515=IFCSHAPEREPRESENTATION(#10,'Body','Tessellation',(#365));
#516=IFCSHAPEREPRESENTATION(#10,'Body','Tessellation',(#334,#354));
#517=IFCSHAPEREPRESENTATION(#10,'Body','Tessellation',(#334,#354));
#518=IFCSHAPEREPRESENTATION(#10,'Body','Tessellation',(#334,#354));
#519=IFCSHAPEREPRESENTATION(#10,'Body','Tessellation',(#334,#354));
#520=IFCSHAPEREPRESENTATION(#10,'Body','Tessellation',(#334,#354));
#521=IFCSHAPEREPRESENTATION(#10,'Body','Tessellation',(#334,#354));
#522=IFCSHAPEREPRESENTATION(#10,'Body','Tessellation',(#334,#354));
#523=IFCSHAPEREPRESENTATION(#10,'Body','Tessellation',(#334,#354));
#524=IFCSHAPEREPRESENTATION(#10,'Body','Tessellation',(#334,#354));
#525=IFCSHAPEREPRESENTATION(#10,'Body','Tessellation',(#334,#354));
#526=IFCSHAPEREPRESENTATION(#10,'Body','Tessellation',(#334,#354));
#527=IFCSHAPEREPRESENTATION(#10,'Body','Tessellation',(#334,#354));
#528=IFCSHAPEREPRESENTATION(#10,'Body','Tessellation',(#334,#354));
#529=IFCSHAPEREPRESENTATION(#10,'Body','Tessellation',(#365));
#530=IFCSHAPEREPRESENTATION(#10,'Body','Tessellation',(#334,#354));
#531=IFCSHAPEREPRESENTATION(#10,'Body','Tessellation',(#365));
#532=IFCSHAPEREPRESENTATION(#10,'Body','Tessellation',(#365));
#533=IFCSHAPEREPRESENTATION(#10,'Body','Tessellation',(#334,#354));
#534=IFCSHAPEREPRESENTATION(#10,'Body','Tessellation',(#334,#354));
#535=IFCSHAPEREPRESENTATION(#10,'Body','Tessellation',(#334,#354));
#536=IFCSHAPEREPRESENTATION(#10,'Body','Tessellation',(#334,#354));
#537=IFCSHAPEREPRESENTATION(#10,'Body','Tessellation',(#334,#354));
#538=IFCSHAPEREPRESENTATION(#10,'Body','Tessellation',(#334,#354));
#539=IFCSHAPEREPRESENTATION(#10,'Body','Tessellation',(#334,#354));
#540=IFCSHAPEREPRESENTATION(#10,'Body','Tessellation',(#334,#354));
#541=IFCSHAPEREPRESENTATION(#10,'Body','Tessellation',(#334,#354));
#542=IFCSHAPEREPRESENTATION(#10,'Body','Tessellation',(#365));
#543=IFCSHAPEREPRESENTATION(#10,'Body','Tessellation',(#334,#354));
#544=IFCSHAPEREPRESENTATION(#10,'Body','Tessellation',(#334,#354));
#545=IFCSHAPEREPRESENTATION(#10,'Body','Tessellation',(#334,#354));
#546=IFCSHAPEREPRESENTATION(#10,'Body','Tessellation',(#334,#354));
#547=IFCSHAPEREPRESENTATION(#10,'Body','Tessellation',(#334,#354));
#548=IFCSHAPEREPRESENTATION(#10,'Body','Tessellation',(#334,#354));
#549=IFCSHAPEREPRESENTATION(#10,'Body','Tessellation',(#334,#354));
#550=IFCSHAPEREPRESENTATION(#10,'Body','Tessellation',(#334,#354));
#551=IFCSHAPEREPRESENTATION(#10,'Body','Tessellation',(#334,#354));
#552=IFCSHAPEREPRESENTATION(#10,'Body','Tessellation',(#334,#354));
#553=IFCSHAPEREPRESENTATION(#10,'Body','Tessellation',(#334,#354));
#554=IFCSHAPEREPRESENTATION(#10,'Body','Tessellation',(#334,#354));
#555=IFCSHAPEREPRESENTATION(#10,'Body','Tessellation',(#365));
#556=IFCSHAPEREPRESENTATION(#10,'Body','Tessellation',(#334,#354));
#557=IFCSHAPEREPRESENTATION(#10,'Body','Tessellation',(#334,#354));
#558=IFCSHAPEREPRESENTATION(#10,'Body','Tessellation',(#334,#354));
#559=IFCSHAPEREPRESENTATION(#10,'Body','Tessellation',(#334,#354));
#560=IFCSHAPEREPRESENTATION(#10,'Body','Tessellation',(#334,#354));
#561=IFCSHAPEREPRESENTATION(#10,'Body','Tessellation',(#334,#354));
#562=IFCSHAPEREPRESENTATION(#10,'Body','Tessellation',(#334,#354));
#563=IFCSHAPEREPRESENTATION(#10,'Body','Tessellation',(#334,#354));
#564=IFCSHAPEREPRESENTATION(#10,'Body','Tessellation',(#334,#354));
#565=IFCSHAPEREPRESENTATION(#10,'Body','Tessellation',(#334,#354));
#566=IFCSHAPEREPRESENTATION(#10,'Body','Tessellation',(#334,#354));
#567=IFCSHAPEREPRESENTATION(#10,'Body','Tessellation',(#334,#354));
#568=IFCSHAPEREPRESENTATION(#10,'Body','Tessellation',(#334,#354));
#569=IFCSHAPEREPRESENTATION(#10,'Body','Tessellation',(#334,#354));
#570=IFCSHAPEREPRESENTATION(#10,'Body','Tessellation',(#365));
#571=IFCSHAPEREPRESENTATION(#10,'Body','Tessellation',(#334,#354));
#572=IFCSHAPEREPRESENTATION(#10,'Body','Tessellation',(#334,#354));
#573=IFCSHAPEREPRESENTATION(#10,'Body','Tessellation',(#334,#354));
#574=IFCSHAPEREPRESENTATION(#10,'Body','Tessellation',(#334,#354));
#575=IFCSHAPEREPRESENTATION(#10,'Body','Tessellation',(#334,#354));
#576=IFCSHAPEREPRESENTATION(#10,'Body','Tessellation',(#334,#354));
#577=IFCSHAPEREPRESENTATION(#10,'Body','Tessellation',(#334,#354));
#578=IFCSHAPEREPRESENTATION(#10,'Body','Tessellation',(#334,#354));
#579=IFCSHAPEREPRESENTATION(#10,'Body','Tessellation',(#334,#354));
#580=IFCSHAPEREPRESENTATION(#10,'Body','Tessellation',(#334,#354));
#581=IFCSHAPEREPRESENTATION(#10,'Body','Tessellation',(#334,#354));
#582=IFCSHAPEREPRESENTATION(#10,'Body','Tessellation',(#334,#354));
#583=IFCSHAPEREPRESENTATION(#10,'Body','Tessellation',(#334,#354));
#584=IFCSHAPEREPRESENTATION(#10,'Body','Tessellation',(#334,#354));
#585=IFCSHAPEREPRESENTATION(#10,'Body','Tessellation',(#334,#354));
#586=IFCSHAPEREPRESENTATION(#10,'Body','Tessellation',(#334,#354));
#587=IFCSHAPEREPRESENTATION(#10,'Body','Tessellation',(#365));
#588=IFCSHAPEREPRESENTATION(#10,'Body','Tessellation',(#334,#354));
#589=IFCSHAPEREPRESENTATION(#10,'Body','Tessellation',(#334,#354));
#590=IFCSHAPEREPRESENTATION(#10,'Body','Tessellation',(#334,#354));
#591=IFCSHAPEREPRESENTATION(#10,'Body','Tessellation',(#334,#354));
#592=IFCSHAPEREPRESENTATION(#10,'Body','Tessellation',(#334,#354));
#593=IFCSHAPEREPRESENTATION(#10,'Body','Tessellation',(#334,#354));
#594=IFCSHAPEREPRESENTATION(#10,'Body','Tessellation',(#334,#354));
#595=IFCSHAPEREPRESENTATION(#10,'Body','Tessellation',(#334,#354));
#596=IFCSHAPEREPRESENTATION(#10,'Body','Tessellation',(#334,#354));
#597=IFCSHAPEREPRESENTATION(#10,'Body','Tessellation',(#334,#354));
#598=IFCSHAPEREPRESENTATION(#10,'Body','Tessellation',(#334,#354));
#599=IFCSHAPEREPRESENTATION(#10,'Body','Tessellation',(#334,#354));
#600=IFCSHAPEREPRESENTATION(#10,'Body','Tessellation',(#334,#354));
#601=IFCSHAPEREPRESENTATION(#10,'Body','Tessellation',(#270));
#602=IFCSHAPEREPRESENTATION(#10,'Body','Tessellation',(#365));
#603=IFCSHAPEREPRESENTATION(#10,'Body','Tessellation',(#270));
#604=IFCSHAPEREPRESENTATION(#10,'Body','Tessellation',(#365));
#605=IFCSHAPEREPRESENTATION(#10,'Body','Tessellation',(#365));
#606=IFCSHAPEREPRESENTATION(#10,'Body','Tessellation',(#365));
#607=IFCSHAPEREPRESENTATION(#10,'Body','Tessellation',(#270));
#608=IFCSHAPEREPRESENTATION(#10,'Body','Tessellation',(#270));
#609=IFCSHAPEREPRESENTATION(#10,'Body','Tessellation',(#270));
#610=IFCSHAPEREPRESENTATION(#10,'Body','Tessellation',(#270));
#611=IFCSHAPEREPRESENTATION(#10,'Body','Tessellation',(#365));
#612=IFCSHAPEREPRESENTATION(#10,'Body','Tessellation',(#270));
#613=IFCSHAPEREPRESENTATION(#10,'Body','Tessellation',(#365));
#614=IFCSHAPEREPRESENTATION(#10,'Body','Tessellation',(#270));
#615=IFCSHAPEREPRESENTATION(#10,'Body','Tessellation',(#365));
#616=IFCSHAPEREPRESENTATION(#10,'Body','Tessellation',(#365));
#617=IFCSHAPEREPRESENTATION(#10,'Body','Tessellation',(#334,#354));
#618=IFCSHAPEREPRESENTATION(#10,'Body','Tessellation',(#334,#354));
#619=IFCSHAPEREPRESENTATION(#10,'Body','Tessellation',(#334,#354));
#620=IFCSHAPEREPRESENTATION(#10,'Body','Tessellation',(#365));
#621=IFCSHAPEREPRESENTATION(#10,'Body','Tessellation',(#365));
#622=IFCSHAPEREPRESENTATION(#10,'Body','Tessellation',(#365));
#623=IFCSHAPEREPRESENTATION(#10,'Body','Tessellation',(#365));
#624=IFCSHAPEREPRESENTATION(#10,'Body','Tessellation',(#365));
#625=IFCSHAPEREPRESENTATION(#10,'Body','Tessellation',(#365));
#626=IFCSHAPEREPRESENTATION(#10,'Body','Tessellation',(#365));
#627=IFCSHAPEREPRESENTATION(#10,'Body','Tessellation',(#365));
#628=IFCSHAPEREPRESENTATION(#10,'Body','Tessellation',(#365));
#629=IFCSHAPEREPRESENTATION(#10,'Body','Tessellation',(#365));
#630=IFCSHAPEREPRESENTATION(#10,'Body','Tessellation',(#334,#354));
#631=IFCSHAPEREPRESENTATION(#10,'Body','Tessellation',(#365));
#632=IFCSHAPEREPRESENTATION(#10,'Body','Tessellation',(#365));
#633=IFCSHAPEREPRESENTATION(#10,'Body','Tessellation',(#334,#354));
#634=IFCSHAPEREPRESENTATION(#10,'Body','Tessellation',(#334,#354));
#635=IFCSHAPEREPRESENTATION(#10,'Body','Tessellation',(#365));
#636=IFCSHAPEREPRESENTATION(#10,'Body','Tessellation',(#365));
#637=IFCSHAPEREPRESENTATION(#10,'Body','Tessellation',(#365));
#638=IFCSHAPEREPRESENTATION(#10,'Body','Tessellation',(#334,#354));
#639=IFCSHAPEREPRESENTATION(#10,'Body','Tessellation',(#334,#354));
#640=IFCSHAPEREPRESENTATION(#10,'Body','Tessellation',(#334,#354));
#641=IFCSHAPEREPRESENTATION(#10,'Body','Tessellation',(#334,#354));
#642=IFCSHAPEREPRESENTATION(#10,'Body','Tessellation',(#334,#354));
#643=IFCSHAPEREPRESENTATION(#10,'Body','Tessellation',(#334,#354));
#644=IFCSHAPEREPRESENTATION(#10,'Body','Tessellation',(#334,#354));
#645=IFCSHAPEREPRESENTATION(#10,'Body','Tessellation',(#334,#354));
#646=IFCSHAPEREPRESENTATION(#10,'Body','Tessellation',(#365));
#647=IFCSHAPEREPRESENTATION(#10,'Body','Tessellation',(#334,#354));
#648=IFCSHAPEREPRESENTATION(#10,'Body','Tessellation',(#365));
#649=IFCSHAPEREPRESENTATION(#10,'Body','Tessellation',(#334,#354));
#650=IFCSHAPEREPRESENTATION(#10,'Body','Tessellation',(#334,#354));
#651=IFCSHAPEREPRESENTATION(#10,'Body','Tessellation',(#334,#354));
#652=IFCSHAPEREPRESENTATION(#10,'Body','Tessellation',(#334,#354));
#653=IFCSHAPEREPRESENTATION(#10,'Body','Tessellation',(#334,#354));
#654=IFCSHAPEREPRESENTATION(#10,'Body','Tessellation',(#334,#354));
#655=IFCSHAPEREPRESENTATION(#10,'Body','Tessellation',(#334,#354));
#656=IFCSHAPEREPRESENTATION(#10,'Body','Tessellation',(#334,#354));
#657=IFCSHAPEREPRESENTATION(#10,'Body','Tessellation',(#334,#354));
#658=IFCSHAPEREPRESENTATION(#10,'Body','Tessellation',(#365));
#659=IFCSHAPEREPRESENTATION(#10,'Body','Tessellation',(#365));
#660=IFCSHAPEREPRESENTATION(#10,'Body','Tessellation',(#365));
#661=IFCSHAPEREPRESENTATION(#10,'Body','Tessellation',(#334,#354));
#662=IFCSHAPEREPRESENTATION(#10,'Body','Tessellation',(#334,#354));
#663=IFCSHAPEREPRESENTATION(#10,'Body','Tessellation',(#334,#354));
#664=IFCSHAPEREPRESENTATION(#10,'Body','Tessellation',(#334,#354));
#665=IFCSHAPEREPRESENTATION(#10,'Body','Tessellation',(#334,#354));
#666=IFCSHAPEREPRESENTATION(#10,'Body','Tessellation',(#334,#354));
#667=IFCSHAPEREPRESENTATION(#10,'Body','Tessellation',(#365));
#668=IFCSHAPEREPRESENTATION(#10,'Body','Tessellation',(#365));
#669=IFCSHAPEREPRESENTATION(#10,'Body','Tessellation',(#334,#354));
#670=IFCSHAPEREPRESENTATION(#10,'Body','Tessellation',(#334,#354));
#671=IFCSHAPEREPRESENTATION(#10,'Body','Tessellation',(#365));
#672=IFCSHAPEREPRESENTATION(#10,'Body','Tessellation',(#334,#354));
#673=IFCSHAPEREPRESENTATION(#10,'Body','Tessellation',(#334,#354));
#674=IFCSHAPEREPRESENTATION(#10,'Body','Tessellation',(#365));
#675=IFCSHAPEREPRESENTATION(#10,'Body','Tessellation',(#365));
#676=IFCSHAPEREPRESENTATION(#10,'Body','Tessellation',(#365));
#677=IFCSHAPEREPRESENTATION(#10,'Body','Tessellation',(#334,#354));
#678=IFCSHAPEREPRESENTATION(#10,'Body','Tessellation',(#334,#354));
#679=IFCSHAPEREPRESENTATION(#10,'Body','Tessellation',(#334,#354));
#680=IFCSHAPEREPRESENTATION(#10,'Body','Tessellation',(#334,#354));
#681=IFCSHAPEREPRESENTATION(#10,'Body','Tessellation',(#365));
#682=IFCSHAPEREPRESENTATION(#10,'Body','Tessellation',(#334,#354));
#683=IFCSHAPEREPRESENTATION(#10,'Body','Tessellation',(#365));
#684=IFCSHAPEREPRESENTATION(#10,'Body','Tessellation',(#334,#354));
#685=IFCSHAPEREPRESENTATION(#10,'Body','Tessellation',(#334,#354));
#686=IFCSHAPEREPRESENTATION(#10,'Body','Tessellation',(#365));
#687=IFCSHAPEREPRESENTATION(#10,'Body','Tessellation',(#334,#354));
#688=IFCSHAPEREPRESENTATION(#10,'Body','Tessellation',(#365));
#689=IFCSHAPEREPRESENTATION(#10,'Body','Tessellation',(#334,#354));
#690=IFCSHAPEREPRESENTATION(#10,'Body','Tessellation',(#365));
#691=IFCSHAPEREPRESENTATION(#10,'Body','Tessellation',(#334,#354));
#692=IFCSHAPEREPRESENTATION(#10,'Body','Tessellation',(#365));
#693=IFCSHAPEREPRESENTATION(#10,'Body','Tessellation',(#365));
#694=IFCSHAPEREPRESENTATION(#10,'Body','Tessellation',(#365));
#695=IFCSHAPEREPRESENTATION(#10,'Body','Tessellation',(#365));
#696=IFCSHAPEREPRESENTATION(#10,'Body','Tessellation',(#334,#354));
#697=IFCSHAPEREPRESENTATION(#10,'Body','Tessellation',(#365));
#698=IFCSHAPEREPRESENTATION(#10,'Body','Tessellation',(#334,#354));
#699=IFCSHAPEREPRESENTATION(#10,'Body','Tessellation',(#334,#354));
#700=IFCSHAPEREPRESENTATION(#10,'Body','Tessellation',(#334,#354));
#701=IFCSHAPEREPRESENTATION(#10,'Body','Tessellation',(#334,#354));
#702=IFCSHAPEREPRESENTATION(#10,'Body','Tessellation',(#334,#354));
#703=IFCSHAPEREPRESENTATION(#10,'Body','Tessellation',(#334,#354));
#704=IFCSHAPEREPRESENTATION(#10,'Body','Tessellation',(#334,#354));
#705=IFCSHAPEREPRESENTATION(#10,'Body','Tessellation',(#334,#354));
#706=IFCSHAPEREPRESENTATION(#10,'Body','Tessellation',(#334,#354));
#707=IFCSHAPEREPRESENTATION(#10,'Body','Tessellation',(#334,#354));
#708=IFCSHAPEREPRESENTATION(#10,'Body','Tessellation',(#334,#354));
#709=IFCSHAPEREPRESENTATION(#10,'Body','Tessellation',(#334,#354));
#710=IFCSHAPEREPRESENTATION(#10,'Body','Tessellation',(#334,#354));
#711=IFCSHAPEREPRESENTATION(#10,'Body','Tessellation',(#334,#354));
#712=IFCSHAPEREPRESENTATION(#10,'Body','Tessellation',(#334,#354));
#713=IFCSHAPEREPRESENTATION(#10,'Body','Tessellation',(#334,#354));
#714=IFCSHAPEREPRESENTATION(#10,'Body','Tessellation',(#334,#354));
#715=IFCSHAPEREPRESENTATION(#10,'Body','Tessellation',(#334,#354));
#716=IFCSHAPEREPRESENTATION(#10,'Body','Tessellation',(#334,#354));
#717=IFCSHAPEREPRESENTATION(#10,'Body','Tessellation',(#365));
#718=IFCSHAPEREPRESENTATION(#10,'Body','Tessellation',(#334,#354));
#719=IFCSHAPEREPRESENTATION(#10,'Body','Tessellation',(#365));
#720=IFCSHAPEREPRESENTATION(#10,'Body','Tessellation',(#365));
#721=IFCSHAPEREPRESENTATION(#10,'Body','Tessellation',(#334,#354));
#722=IFCSHAPEREPRESENTATION(#10,'Body','Tessellation',(#334,#354));
#723=IFCSHAPEREPRESENTATION(#10,'Body','Tessellation',(#334,#354));
#724=IFCSHAPEREPRESENTATION(#10,'Body','Tessellation',(#334,#354));
#725=IFCSHAPEREPRESENTATION(#10,'Body','Tessellation',(#334,#354));
#726=IFCSHAPEREPRESENTATION(#10,'Body','Tessellation',(#334,#354));
#727=IFCSHAPEREPRESENTATION(#10,'Body','Tessellation',(#334,#354));
#728=IFCSHAPEREPRESENTATION(#10,'Body','Tessellation',(#334,#354));
#729=IFCSHAPEREPRESENTATION(#10,'Body','Tessellation',(#365));
#730=IFCSHAPEREPRESENTATION(#10,'Body','Tessellation',(#365));
#731=IFCSHAPEREPRESENTATION(#10,'Body','Tessellation',(#365));
#732=IFCSHAPEREPRESENTATION(#10,'Body','Tessellation',(#365));
#733=IFCSHAPEREPRESENTATION(#10,'Body','Tessellation',(#365));
#734=IFCSHAPEREPRESENTATION(#10,'Body','Tessellation',(#365));
#735=IFCSHAPEREPRESENTATION(#10,'Body','Tessellation',(#270));
#736=IFCSHAPEREPRESENTATION(#10,'Body','Tessellation',(#365));
#737=IFCSHAPEREPRESENTATION(#10,'Body','Tessellation',(#365));
#738=IFCSHAPEREPRESENTATION(#10,'Body','Tessellation',(#334,#354));
#739=IFCSHAPEREPRESENTATION(#10,'Body','Tessellation',(#334,#354));
#740=IFCSHAPEREPRESENTATION(#10,'Body','Tessellation',(#334,#354));
#741=IFCSHAPEREPRESENTATION(#10,'Body','Tessellation',(#334,#354));
#742=IFCSHAPEREPRESENTATION(#10,'Body','Tessellation',(#334,#354));
#743=IFCSHAPEREPRESENTATION(#10,'Body','Tessellation',(#334,#354));
#744=IFCSHAPEREPRESENTATION(#10,'Body','Tessellation',(#334,#354));
#745=IFCSHAPEREPRESENTATION(#10,'Body','Tessellation',(#334,#354));
#746=IFCSHAPEREPRESENTATION(#10,'Body','Tessellation',(#334,#354));
#747=IFCSHAPEREPRESENTATION(#10,'Body','Tessellation',(#365));
#748=IFCSHAPEREPRESENTATION(#10,'Body','Tessellation',(#365));
#749=IFCSHAPEREPRESENTATION(#10,'Body','Tessellation',(#365));
#750=IFCSHAPEREPRESENTATION(#10,'Body','Tessellation',(#334,#354));
#751=IFCSHAPEREPRESENTATION(#10,'Body','Tessellation',(#365));
#752=IFCSHAPEREPRESENTATION(#10,'Body','Tessellation',(#365));
#753=IFCSHAPEREPRESENTATION(#10,'Body','Tessellation',(#334,#354));
#754=IFCSHAPEREPRESENTATION(#10,'Body','Tessellation',(#365));
#755=IFCSHAPEREPRESENTATION(#10,'Body','Tessellation',(#365));
#756=IFCSHAPEREPRESENTATION(#10,'Body','Tessellation',(#365));
#757=IFCSHAPEREPRESENTATION(#10,'Body','Tessellation',(#365));
#758=IFCSHAPEREPRESENTATION(#10,'Body','Tessellation',(#270));
#759=IFCSHAPEREPRESENTATION(#10,'Body','Tessellation',(#270));
#760=IFCSHAPEREPRESENTATION(#10,'Body','Tessellation',(#270));
#761=IFCSHAPEREPRESENTATION(#10,'Body','Tessellation',(#270));
#762=IFCPROPERTYSINGLEVALUE('objectBegintijd',$,IFCLABEL('1394751600000'),$);
#763=IFCPROPERTYSINGLEVALUE('identificatie',$,IFCIDENTIFIER('NL.IMGeo.G0772.087f6122fa8b4204a35f59d62823c59d'),$);
#764=IFCPROPERTYSINGLEVALUE('tijdstipRegistratie',$,IFCLABEL('1452169524000'),$);
#765=IFCPROPERTYSINGLEVALUE('LV-publicatiedatum',$,IFCLABEL('1459857343000'),$);
#766=IFCPROPERTYSINGLEVALUE('bronhouder',$,IFCLABEL('G0772'),$);
#767=IFCPROPERTYSINGLEVALUE('inOnderzoek',$,IFCBOOLEAN(.T.),$);
#768=IFCPROPERTYSINGLEVALUE('relatieveHoogteligging',$,IFCREAL(0.),$);
#769=IFCPROPERTYSINGLEVALUE('bgt-status',$,IFCLABEL('bestaand'),$);
#770=IFCPROPERTYSINGLEVALUE('plus-type',$,IFCLABEL('niet-bgt:lichtmast'),$);
#771=IFCPROPERTYSET('0DpSaa$mLB2uINxBFcS9xy',#5,'CPset_BGT',$,(#762,#763,#764,#765,#766,#767,#768,#769,#770));
#772=IFCPROPERTYSINGLEVALUE('objectBegintijd',$,IFCLABEL('1394751600000'),$);
#773=IFCPROPERTYSINGLEVALUE('identificatie',$,IFCIDENTIFIER('NL.IMGeo.G0772.0aed32bcd50f4a17b95e8516d6d6dadb'),$);
#774=IFCPROPERTYSINGLEVALUE('tijdstipRegistratie',$,IFCLABEL('1452169524000'),$);
#775=IFCPROPERTYSINGLEVALUE('LV-publicatiedatum',$,IFCLABEL('1459857343000'),$);
#776=IFCPROPERTYSINGLEVALUE('bronhouder',$,IFCLABEL('G0772'),$);
#777=IFCPROPERTYSINGLEVALUE('inOnderzoek',$,IFCBOOLEAN(.T.),$);
#778=IFCPROPERTYSINGLEVALUE('relatieveHoogteligging',$,IFCREAL(0.),$);
#779=IFCPROPERTYSINGLEVALUE('bgt-status',$,IFCLABEL('bestaand'),$);
#780=IFCPROPERTYSINGLEVALUE('plus-type',$,IFCLABEL('niet-bgt:lichtmast'),$);
#781=IFCPROPERTYSET('2mDI_7AFP0LRBzwg836Sk9',#5,'CPset_BGT',$,(#772,#773,#774,#775,#776,#777,#778,#779,#780));
#782=IFCPROPERTYSINGLEVALUE('objectBegintijd',$,IFCLABEL('1394751600000'),$);
#783=IFCPROPERTYSINGLEVALUE('identificatie',$,IFCIDENTIFIER('NL.IMGeo.G0772.2198522396f64dd29aa9ac9e809f4a52'),$);
#784=IFCPROPERTYSINGLEVALUE('tijdstipRegistratie',$,IFCLABEL('1452169524000'),$);
#785=IFCPROPERTYSINGLEVALUE('LV-publicatiedatum',$,IFCLABEL('1459857343000'),$);
#786=IFCPROPERTYSINGLEVALUE('bronhouder',$,IFCLABEL('G0772'),$);
#787=IFCPROPERTYSINGLEVALUE('inOnderzoek',$,IFCBOOLEAN(.T.),$);
#788=IFCPROPERTYSINGLEVALUE('relatieveHoogteligging',$,IFCREAL(0.),$);
#789=IFCPROPERTYSINGLEVALUE('bgt-status',$,IFCLABEL('bestaand'),$);
#790=IFCPROPERTYSINGLEVALUE('plus-type',$,IFCLABEL('niet-bgt:lichtmast'),$);
#791=IFCPROPERTYSET('0eTfTErG155AzBQq8tib2w',#5,'CPset_BGT',$,(#782,#783,#784,#785,#786,#787,#788,#789,#790));
#792=IFCPROPERTYSINGLEVALUE('objectBegintijd',$,IFCLABEL('1394751600000'),$);
#793=IFCPROPERTYSINGLEVALUE('identificatie',$,IFCIDENTIFIER('NL.IMGeo.G0772.33224a4a72934c5f9ee209072b40c0f5'),$);
#794=IFCPROPERTYSINGLEVALUE('tijdstipRegistratie',$,IFCLABEL('1452169524000'),$);
#795=IFCPROPERTYSINGLEVALUE('LV-publicatiedatum',$,IFCLABEL('1459857343000'),$);
#796=IFCPROPERTYSINGLEVALUE('bronhouder',$,IFCLABEL('G0772'),$);
#797=IFCPROPERTYSINGLEVALUE('inOnderzoek',$,IFCBOOLEAN(.T.),$);
#798=IFCPROPERTYSINGLEVALUE('relatieveHoogteligging',$,IFCREAL(0.),$);
#799=IFCPROPERTYSINGLEVALUE('bgt-status',$,IFCLABEL('bestaand'),$);
#800=IFCPROPERTYSINGLEVALUE('plus-type',$,IFCLABEL('niet-bgt:lichtmast'),$);
#801=IFCPROPERTYSET('0YpxMAQhn0c9prOaV7Obbr',#5,'CPset_BGT',$,(#792,#793,#794,#795,#796,#797,#798,#799,#800));
#802=IFCPROPERTYSINGLEVALUE('objectBegintijd',$,IFCLABEL('1394751600000'),$);
#803=IFCPROPERTYSINGLEVALUE('identificatie',$,IFCIDENTIFIER('NL.IMGeo.G0772.3fbb3ba0df2044b8825e3369d956de38'),$);
#804=IFCPROPERTYSINGLEVALUE('tijdstipRegistratie',$,IFCLABEL('1452169524000'),$);
#805=IFCPROPERTYSINGLEVALUE('LV-publicatiedatum',$,IFCLABEL('1459857343000'),$);
#806=IFCPROPERTYSINGLEVALUE('bronhouder',$,IFCLABEL('G0772'),$);
#807=IFCPROPERTYSINGLEVALUE('inOnderzoek',$,IFCBOOLEAN(.T.),$);
#808=IFCPROPERTYSINGLEVALUE('relatieveHoogteligging',$,IFCREAL(0.),$);
#809=IFCPROPERTYSINGLEVALUE('bgt-status',$,IFCLABEL('bestaand'),$);
#810=IFCPROPERTYSINGLEVALUE('plus-type',$,IFCLABEL('niet-bgt:lichtmast'),$);
#811=IFCPROPERTYSET('0QbSfqe7z8ig0dE5nKey1Z',#5,'CPset_BGT',$,(#802,#803,#804,#805,#806,#807,#808,#809,#810));
#812=IFCPROPERTYSINGLEVALUE('objectBegintijd',$,IFCLABEL('1394751600000'),$);
#813=IFCPROPERTYSINGLEVALUE('identificatie',$,IFCIDENTIFIER('NL.IMGeo.G0772.43c570513dca4b7e8f8c178fee501396'),$);
#814=IFCPROPERTYSINGLEVALUE('tijdstipRegistratie',$,IFCLABEL('1452169524000'),$);
#815=IFCPROPERTYSINGLEVALUE('LV-publicatiedatum',$,IFCLABEL('1459857343000'),$);
#816=IFCPROPERTYSINGLEVALUE('bronhouder',$,IFCLABEL('G0772'),$);
#817=IFCPROPERTYSINGLEVALUE('inOnderzoek',$,IFCBOOLEAN(.T.),$);
#818=IFCPROPERTYSINGLEVALUE('relatieveHoogteligging',$,IFCREAL(0.),$);
#819=IFCPROPERTYSINGLEVALUE('bgt-status',$,IFCLABEL('bestaand'),$);
#820=IFCPROPERTYSINGLEVALUE('plus-type',$,IFCLABEL('niet-bgt:lichtmast'),$);
#821=IFCPROPERTYSET('0T8PbOC9j6Lg2Kuo0zG6Pa',#5,'CPset_BGT',$,(#812,#813,#814,#815,#816,#817,#818,#819,#820));
#822=IFCPROPERTYSINGLEVALUE('objectBegintijd',$,IFCLABEL('1394751600000'),$);
#823=IFCPROPERTYSINGLEVALUE('identificatie',$,IFCIDENTIFIER('NL.IMGeo.G0772.4f32fbdaebe14093bb71cb15b5fcb6c3'),$);
#824=IFCPROPERTYSINGLEVALUE('tijdstipRegistratie',$,IFCLABEL('1452169524000'),$);
#825=IFCPROPERTYSINGLEVALUE('LV-publicatiedatum',$,IFCLABEL('1459857343000'),$);
#826=IFCPROPERTYSINGLEVALUE('bronhouder',$,IFCLABEL('G0772'),$);
#827=IFCPROPERTYSINGLEVALUE('inOnderzoek',$,IFCBOOLEAN(.T.),$);
#828=IFCPROPERTYSINGLEVALUE('relatieveHoogteligging',$,IFCREAL(0.),$);
#829=IFCPROPERTYSINGLEVALUE('bgt-status',$,IFCLABEL('bestaand'),$);
#830=IFCPROPERTYSINGLEVALUE('plus-type',$,IFCLABEL('niet-bgt:lichtmast'),$);
#831=IFCPROPERTYSET('2w9aixfxHBFvzxHDanqqOl',#5,'CPset_BGT',$,(#822,#823,#824,#825,#826,#827,#828,#829,#830));
#832=IFCPROPERTYSINGLEVALUE('objectBegintijd',$,IFCLABEL('1394751600000'),$);
#833=IFCPROPERTYSINGLEVALUE('identificatie',$,IFCIDENTIFIER('NL.IMGeo.G0772.4fcaf430931a4dc895ae917c2b1ae735'),$);
#834=IFCPROPERTYSINGLEVALUE('tijdstipRegistratie',$,IFCLABEL('1452169524000'),$);
#835=IFCPROPERTYSINGLEVALUE('LV-publicatiedatum',$,IFCLABEL('1459857343000'),$);
#836=IFCPROPERTYSINGLEVALUE('bronhouder',$,IFCLABEL('G0772'),$);
#837=IFCPROPERTYSINGLEVALUE('inOnderzoek',$,IFCBOOLEAN(.T.),$);
#838=IFCPROPERTYSINGLEVALUE('relatieveHoogteligging',$,IFCREAL(0.),$);
#839=IFCPROPERTYSINGLEVALUE('bgt-status',$,IFCLABEL('bestaand'),$);
#840=IFCPROPERTYSINGLEVALUE('plus-type',$,IFCLABEL('niet-bgt:lichtmast'),$);
#841=IFCPROPERTYSET('0g14D4hfP6l96RTqqAYR1Q',#5,'CPset_BGT',$,(#832,#833,#834,#835,#836,#837,#838,#839,#840));
#842=IFCPROPERTYSINGLEVALUE('objectBegintijd',$,IFCLABEL('1349906400000'),$);
#843=IFCPROPERTYSINGLEVALUE('identificatie',$,IFCIDENTIFIER('NL.IMGeo.G0772.6de0b62038a24b6e8bea987dcf2fdd0a'),$);
#844=IFCPROPERTYSINGLEVALUE('tijdstipRegistratie',$,IFCLABEL('1452169524000'),$);
#845=IFCPROPERTYSINGLEVALUE('LV-publicatiedatum',$,IFCLABEL('1459857343000'),$);
#846=IFCPROPERTYSINGLEVALUE('bronhouder',$,IFCLABEL('G0772'),$);
#847=IFCPROPERTYSINGLEVALUE('inOnderzoek',$,IFCBOOLEAN(.T.),$);
#848=IFCPROPERTYSINGLEVALUE('relatieveHoogteligging',$,IFCREAL(0.),$);
#849=IFCPROPERTYSINGLEVALUE('bgt-status',$,IFCLABEL('bestaand'),$);
#850=IFCPROPERTYSINGLEVALUE('plus-type',$,IFCLABEL('niet-bgt:lichtmast'),$);
#851=IFCPROPERTYSET('046AX87u10ZPDiBfR0gihv',#5,'CPset_BGT',$,(#842,#843,#844,#845,#846,#847,#848,#849,#850));
#852=IFCPROPERTYSINGLEVALUE('objectBegintijd',$,IFCLABEL('1394751600000'),$);
#853=IFCPROPERTYSINGLEVALUE('identificatie',$,IFCIDENTIFIER('NL.IMGeo.G0772.71be9b035d2d4f90a59a322da9c59155'),$);
#854=IFCPROPERTYSINGLEVALUE('tijdstipRegistratie',$,IFCLABEL('1452169524000'),$);
#855=IFCPROPERTYSINGLEVALUE('LV-publicatiedatum',$,IFCLABEL('1459857343000'),$);
#856=IFCPROPERTYSINGLEVALUE('bronhouder',$,IFCLABEL('G0772'),$);
#857=IFCPROPERTYSINGLEVALUE('inOnderzoek',$,IFCBOOLEAN(.T.),$);
#858=IFCPROPERTYSINGLEVALUE('relatieveHoogteligging',$,IFCREAL(0.),$);
#859=IFCPROPERTYSINGLEVALUE('bgt-status',$,IFCLABEL('bestaand'),$);
#860=IFCPROPERTYSINGLEVALUE('plus-type',$,IFCLABEL('niet-bgt:lichtmast'),$);
#861=IFCPROPERTYSET('0exRccPZj9KPFURXxs263S',#5,'CPset_BGT',$,(#852,#853,#854,#855,#856,#857,#858,#859,#860));
#862=IFCPROPERTYSINGLEVALUE('objectBegintijd',$,IFCLABEL('1394751600000'),$);
#863=IFCPROPERTYSINGLEVALUE('identificatie',$,IFCIDENTIFIER('NL.IMGeo.G0772.82b8c18dd53b45cb8dd1035e415e1d99'),$);
#864=IFCPROPERTYSINGLEVALUE('tijdstipRegistratie',$,IFCLABEL('1452169524000'),$);
#865=IFCPROPERTYSINGLEVALUE('LV-publicatiedatum',$,IFCLABEL('1459857343000'),$);
#866=IFCPROPERTYSINGLEVALUE('bronhouder',$,IFCLABEL('G0772'),$);
#867=IFCPROPERTYSINGLEVALUE('inOnderzoek',$,IFCBOOLEAN(.T.),$);
#868=IFCPROPERTYSINGLEVALUE('relatieveHoogteligging',$,IFCREAL(0.),$);
#869=IFCPROPERTYSINGLEVALUE('bgt-status',$,IFCLABEL('bestaand'),$);
#870=IFCPROPERTYSINGLEVALUE('plus-type',$,IFCLABEL('niet-bgt:lichtmast'),$);
#871=IFCPROPERTYSET('0JgfZrgmH6duOmDym0Fe$P',#5,'CPset_BGT',$,(#862,#863,#864,#865,#866,#867,#868,#869,#870));
#872=IFCPROPERTYSINGLEVALUE('objectBegintijd',$,IFCLABEL('1394751600000'),$);
#873=IFCPROPERTYSINGLEVALUE('identificatie',$,IFCIDENTIFIER('NL.IMGeo.G0772.afa337b4730a43e4957f9dee28cc1e99'),$);
#874=IFCPROPERTYSINGLEVALUE('tijdstipRegistratie',$,IFCLABEL('1452169524000'),$);
#875=IFCPROPERTYSINGLEVALUE('LV-publicatiedatum',$,IFCLABEL('1459857343000'),$);
#876=IFCPROPERTYSINGLEVALUE('bronhouder',$,IFCLABEL('G0772'),$);
#877=IFCPROPERTYSINGLEVALUE('inOnderzoek',$,IFCBOOLEAN(.T.),$);
#878=IFCPROPERTYSINGLEVALUE('relatieveHoogteligging',$,IFCREAL(0.),$);
#879=IFCPROPERTYSINGLEVALUE('bgt-status',$,IFCLABEL('bestaand'),$);
#880=IFCPROPERTYSINGLEVALUE('plus-type',$,IFCLABEL('niet-bgt:lichtmast'),$);
#881=IFCPROPERTYSET('05Niyvn35Bp9KHC9WgcXBF',#5,'CPset_BGT',$,(#872,#873,#874,#875,#876,#877,#878,#879,#880));
#882=IFCPROPERTYSINGLEVALUE('objectBegintijd',$,IFCLABEL('1394751600000'),$);
#883=IFCPROPERTYSINGLEVALUE('identificatie',$,IFCIDENTIFIER('NL.IMGeo.G0772.e1fef43d3c8e4ec99af131cfabb52b38'),$);
#884=IFCPROPERTYSINGLEVALUE('tijdstipRegistratie',$,IFCLABEL('1452169524000'),$);
#885=IFCPROPERTYSINGLEVALUE('LV-publicatiedatum',$,IFCLABEL('1459857343000'),$);
#886=IFCPROPERTYSINGLEVALUE('bronhouder',$,IFCLABEL('G0772'),$);
#887=IFCPROPERTYSINGLEVALUE('inOnderzoek',$,IFCBOOLEAN(.T.),$);
#888=IFCPROPERTYSINGLEVALUE('relatieveHoogteligging',$,IFCREAL(0.),$);
#889=IFCPROPERTYSINGLEVALUE('bgt-status',$,IFCLABEL('bestaand'),$);
#890=IFCPROPERTYSINGLEVALUE('plus-type',$,IFCLABEL('niet-bgt:lichtmast'),$);
#891=IFCPROPERTYSET('0nPra8g8P1XQoF4ho$Uh7A',#5,'CPset_BGT',$,(#882,#883,#884,#885,#886,#887,#888,#889,#890));
#892=IFCPROPERTYSINGLEVALUE('objectBegintijd',$,IFCLABEL('1349906400000'),$);
#893=IFCPROPERTYSINGLEVALUE('identificatie',$,IFCIDENTIFIER('NL.IMGeo.G0772.f610af1e4f4d493996029f9e42494d35'),$);
#894=IFCPROPERTYSINGLEVALUE('tijdstipRegistratie',$,IFCLABEL('1452169524000'),$);
#895=IFCPROPERTYSINGLEVALUE('LV-publicatiedatum',$,IFCLABEL('1459857343000'),$);
#896=IFCPROPERTYSINGLEVALUE('bronhouder',$,IFCLABEL('G0772'),$);
#897=IFCPROPERTYSINGLEVALUE('inOnderzoek',$,IFCBOOLEAN(.T.),$);
#898=IFCPROPERTYSINGLEVALUE('relatieveHoogteligging',$,IFCREAL(0.),$);
#899=IFCPROPERTYSINGLEVALUE('bgt-status',$,IFCLABEL('bestaand'),$);
#900=IFCPROPERTYSINGLEVALUE('plus-type',$,IFCLABEL('niet-bgt:lichtmast'),$);
#901=IFCPROPERTYSET('0LTmHKmf1B6eO4VpJsjsLq',#5,'CPset_BGT',$,(#892,#893,#894,#895,#896,#897,#898,#899,#900));
#902=IFCPROPERTYSINGLEVALUE('objectBegintijd',$,IFCLABEL('1394751600000'),$);
#903=IFCPROPERTYSINGLEVALUE('identificatie',$,IFCIDENTIFIER('NL.IMGeo.G0772.ff73fb21cf814a8cb29273de55065721'),$);
#904=IFCPROPERTYSINGLEVALUE('tijdstipRegistratie',$,IFCLABEL('1452169524000'),$);
#905=IFCPROPERTYSINGLEVALUE('LV-publicatiedatum',$,IFCLABEL('1459857343000'),$);
#906=IFCPROPERTYSINGLEVALUE('bronhouder',$,IFCLABEL('G0772'),$);
#907=IFCPROPERTYSINGLEVALUE('inOnderzoek',$,IFCBOOLEAN(.T.),$);
#908=IFCPROPERTYSINGLEVALUE('relatieveHoogteligging',$,IFCREAL(0.),$);
#909=IFCPROPERTYSINGLEVALUE('bgt-status',$,IFCLABEL('bestaand'),$);
#910=IFCPROPERTYSINGLEVALUE('plus-type',$,IFCLABEL('niet-bgt:lichtmast'),$);
#911=IFCPROPERTYSET('24JWNpcR94mQiflFJtcG$F',#5,'CPset_BGT',$,(#902,#903,#904,#905,#906,#907,#908,#909,#910));
#912=IFCPROPERTYSINGLEVALUE('objectBegintijd',$,IFCLABEL('1395183600000'),$);
#913=IFCPROPERTYSINGLEVALUE('identificatie',$,IFCIDENTIFIER('NL.IMGeo.G0772.10e0e3feb1db4c1d99c2d702d79935f6'),$);
#914=IFCPROPERTYSINGLEVALUE('tijdstipRegistratie',$,IFCLABEL('1452169524000'),$);
#915=IFCPROPERTYSINGLEVALUE('LV-publicatiedatum',$,IFCLABEL('1459857343000'),$);
#916=IFCPROPERTYSINGLEVALUE('bronhouder',$,IFCLABEL('G0772'),$);
#917=IFCPROPERTYSINGLEVALUE('inOnderzoek',$,IFCBOOLEAN(.T.),$);
#918=IFCPROPERTYSINGLEVALUE('relatieveHoogteligging',$,IFCREAL(0.),$);
#919=IFCPROPERTYSINGLEVALUE('bgt-status',$,IFCLABEL('bestaand'),$);
#920=IFCPROPERTYSINGLEVALUE('plus-type',$,IFCLABEL('niet-bgt:lichtmast'),$);
#921=IFCPROPERTYSET('0LK2Iszzb94uuZdQyfM0ow',#5,'CPset_BGT',$,(#912,#913,#914,#915,#916,#917,#918,#919,#920));
#922=IFCPROPERTYSINGLEVALUE('objectBegintijd',$,IFCLABEL('1394751600000'),$);
#923=IFCPROPERTYSINGLEVALUE('identificatie',$,IFCIDENTIFIER('NL.IMGeo.G0772.15ad6482bd794cc6ac38c1a5319797f5'),$);
#924=IFCPROPERTYSINGLEVALUE('tijdstipRegistratie',$,IFCLABEL('1452169524000'),$);
#925=IFCPROPERTYSINGLEVALUE('LV-publicatiedatum',$,IFCLABEL('1459857343000'),$);
#926=IFCPROPERTYSINGLEVALUE('bronhouder',$,IFCLABEL('G0772'),$);
#927=IFCPROPERTYSINGLEVALUE('inOnderzoek',$,IFCBOOLEAN(.T.),$);
#928=IFCPROPERTYSINGLEVALUE('relatieveHoogteligging',$,IFCREAL(0.),$);
#929=IFCPROPERTYSINGLEVALUE('bgt-status',$,IFCLABEL('bestaand'),$);
#930=IFCPROPERTYSINGLEVALUE('plus-type',$,IFCLABEL('niet-bgt:lichtmast'),$);
#931=IFCPROPERTYSET('0V6aCLeaj7H89$3DMwpwK8',#5,'CPset_BGT',$,(#922,#923,#924,#925,#926,#927,#928,#929,#930));
#932=IFCPROPERTYSINGLEVALUE('objectBegintijd',$,IFCLABEL('1394751600000'),$);
#933=IFCPROPERTYSINGLEVALUE('identificatie',$,IFCIDENTIFIER('NL.IMGeo.G0772.367b710f700f40e1a74fdb61fb9d2ce0'),$);
#934=IFCPROPERTYSINGLEVALUE('tijdstipRegistratie',$,IFCLABEL('1452169524000'),$);
#935=IFCPROPERTYSINGLEVALUE('LV-publicatiedatum',$,IFCLABEL('1459857343000'),$);
#936=IFCPROPERTYSINGLEVALUE('bronhouder',$,IFCLABEL('G0772'),$);
#937=IFCPROPERTYSINGLEVALUE('inOnderzoek',$,IFCBOOLEAN(.T.),$);
#938=IFCPROPERTYSINGLEVALUE('relatieveHoogteligging',$,IFCREAL(0.),$);
#939=IFCPROPERTYSINGLEVALUE('bgt-status',$,IFCLABEL('bestaand'),$);
#940=IFCPROPERTYSINGLEVALUE('plus-type',$,IFCLABEL('niet-bgt:lichtmast'),$);
#941=IFCPROPERTYSET('2mRGusnAfA_ApP1amHIoei',#5,'CPset_BGT',$,(#932,#933,#934,#935,#936,#937,#938,#939,#940));
#942=IFCPROPERTYSINGLEVALUE('objectBegintijd',$,IFCLABEL('1394751600000'),$);
#943=IFCPROPERTYSINGLEVALUE('identificatie',$,IFCIDENTIFIER('NL.IMGeo.G0772.477514f67e404a39aada07c83c8ccec4'),$);
#944=IFCPROPERTYSINGLEVALUE('tijdstipRegistratie',$,IFCLABEL('1452169524000'),$);
#945=IFCPROPERTYSINGLEVALUE('LV-publicatiedatum',$,IFCLABEL('1459857343000'),$);
#946=IFCPROPERTYSINGLEVALUE('bronhouder',$,IFCLABEL('G0772'),$);
#947=IFCPROPERTYSINGLEVALUE('inOnderzoek',$,IFCBOOLEAN(.T.),$);
#948=IFCPROPERTYSINGLEVALUE('relatieveHoogteligging',$,IFCREAL(0.),$);
#949=IFCPROPERTYSINGLEVALUE('bgt-status',$,IFCLABEL('bestaand'),$);
#950=IFCPROPERTYSINGLEVALUE('plus-type',$,IFCLABEL('niet-bgt:lichtmast'),$);
#951=IFCPROPERTYSET('3nKMP_NhD5_BtqC$98Pymx',#5,'CPset_BGT',$,(#942,#943,#944,#945,#946,#947,#948,#949,#950));
#952=IFCPROPERTYSINGLEVALUE('objectBegintijd',$,IFCLABEL('1394751600000'),$);
#953=IFCPROPERTYSINGLEVALUE('identificatie',$,IFCIDENTIFIER('NL.IMGeo.G0772.547de97aa0184704a615a4b3ddaec4f3'),$);
#954=IFCPROPERTYSINGLEVALUE('tijdstipRegistratie',$,IFCLABEL('1452169524000'),$);
#955=IFCPROPERTYSINGLEVALUE('LV-publicatiedatum',$,IFCLABEL('1459857343000'),$);
#956=IFCPROPERTYSINGLEVALUE('bronhouder',$,IFCLABEL('G0772'),$);
#957=IFCPROPERTYSINGLEVALUE('inOnderzoek',$,IFCBOOLEAN(.T.),$);
#958=IFCPROPERTYSINGLEVALUE('relatieveHoogteligging',$,IFCREAL(0.),$);
#959=IFCPROPERTYSINGLEVALUE('bgt-status',$,IFCLABEL('bestaand'),$);
#960=IFCPROPERTYSINGLEVALUE('plus-type',$,IFCLABEL('niet-bgt:lichtmast'),$);
#961=IFCPROPERTYSET('1tntIQHnL8jwWsSj3H$F$9',#5,'CPset_BGT',$,(#952,#953,#954,#955,#956,#957,#958,#959,#960));
#962=IFCPROPERTYSINGLEVALUE('objectBegintijd',$,IFCLABEL('1428357600000'),$);
#963=IFCPROPERTYSINGLEVALUE('identificatie',$,IFCIDENTIFIER('NL.IMGeo.G0772.855e59975013451994cff3ce13c932cc'),$);
#964=IFCPROPERTYSINGLEVALUE('tijdstipRegistratie',$,IFCLABEL('1452169524000'),$);
#965=IFCPROPERTYSINGLEVALUE('LV-publicatiedatum',$,IFCLABEL('1459857343000'),$);
#966=IFCPROPERTYSINGLEVALUE('bronhouder',$,IFCLABEL('G0772'),$);
#967=IFCPROPERTYSINGLEVALUE('inOnderzoek',$,IFCBOOLEAN(.T.),$);
#968=IFCPROPERTYSINGLEVALUE('relatieveHoogteligging',$,IFCREAL(0.),$);
#969=IFCPROPERTYSINGLEVALUE('bgt-status',$,IFCLABEL('bestaand'),$);
#970=IFCPROPERTYSINGLEVALUE('plus-type',$,IFCLABEL('niet-bgt:lichtmast'),$);
#971=IFCPROPERTYSET('196q3tneHCkOeR8icOvHha',#5,'CPset_BGT',$,(#962,#963,#964,#965,#966,#967,#968,#969,#970));
#972=IFCPROPERTYSINGLEVALUE('objectBegintijd',$,IFCLABEL('1394751600000'),$);
#973=IFCPROPERTYSINGLEVALUE('identificatie',$,IFCIDENTIFIER('NL.IMGeo.G0772.fe20ec96f6004a6d9d5cda9a03221761'),$);
#974=IFCPROPERTYSINGLEVALUE('tijdstipRegistratie',$,IFCLABEL('1452169524000'),$);
#975=IFCPROPERTYSINGLEVALUE('LV-publicatiedatum',$,IFCLABEL('1459857343000'),$);
#976=IFCPROPERTYSINGLEVALUE('bronhouder',$,IFCLABEL('G0772'),$);
#977=IFCPROPERTYSINGLEVALUE('inOnderzoek',$,IFCBOOLEAN(.T.),$);
#978=IFCPROPERTYSINGLEVALUE('relatieveHoogteligging',$,IFCREAL(0.),$);
#979=IFCPROPERTYSINGLEVALUE('bgt-status',$,IFCLABEL('bestaand'),$);
#980=IFCPROPERTYSINGLEVALUE('plus-type',$,IFCLABEL('niet-bgt:lichtmast'),$);
#981=IFCPROPERTYSET('1hBFosySTAleFUSBj7ZPTR',#5,'CPset_BGT',$,(#972,#973,#974,#975,#976,#977,#978,#979,#980));
#982=IFCPROPERTYSINGLEVALUE('objectBegintijd',$,IFCLABEL('1444168800000'),$);
#983=IFCPROPERTYSINGLEVALUE('identificatie',$,IFCIDENTIFIER('NL.IMGeo.G0772.39c8f5b1d1164f1eb4deea59d39d32ee'),$);
#984=IFCPROPERTYSINGLEVALUE('tijdstipRegistratie',$,IFCLABEL('1473404117000'),$);
#985=IFCPROPERTYSINGLEVALUE('LV-publicatiedatum',$,IFCLABEL('1473439814000'),$);
#986=IFCPROPERTYSINGLEVALUE('bronhouder',$,IFCLABEL('G0772'),$);
#987=IFCPROPERTYSINGLEVALUE('inOnderzoek',$,IFCBOOLEAN(.T.),$);
#988=IFCPROPERTYSINGLEVALUE('relatieveHoogteligging',$,IFCREAL(0.),$);
#989=IFCPROPERTYSINGLEVALUE('bgt-status',$,IFCLABEL('bestaand'),$);
#990=IFCPROPERTYSINGLEVALUE('plus-type',$,IFCLABEL('niet-bgt:lichtmast'),$);
#991=IFCPROPERTYSET('07EPsMLYrCIAxUSixzY7od',#5,'CPset_BGT',$,(#982,#983,#984,#985,#986,#987,#988,#989,#990));
#992=IFCPROPERTYSINGLEVALUE('objectBegintijd',$,IFCLABEL('1444168800000'),$);
#993=IFCPROPERTYSINGLEVALUE('identificatie',$,IFCIDENTIFIER('NL.IMGeo.G0772.5b7800f41fbf4c7cb5623d5e6a6ae06d'),$);
#994=IFCPROPERTYSINGLEVALUE('tijdstipRegistratie',$,IFCLABEL('1473404117000'),$);
#995=IFCPROPERTYSINGLEVALUE('LV-publicatiedatum',$,IFCLABEL('1473439814000'),$);
#996=IFCPROPERTYSINGLEVALUE('bronhouder',$,IFCLABEL('G0772'),$);
#997=IFCPROPERTYSINGLEVALUE('inOnderzoek',$,IFCBOOLEAN(.T.),$);
#998=IFCPROPERTYSINGLEVALUE('relatieveHoogteligging',$,IFCREAL(0.),$);
#999=IFCPROPERTYSINGLEVALUE('bgt-status',$,IFCLABEL('bestaand'),$);
#1000=IFCPROPERTYSINGLEVALUE('plus-type',$,IFCLABEL('niet-bgt:lichtmast'),$);
#1001=IFCPROPERTYSET('05OaK0gYP4t8xMnO9skxS1',#5,'CPset_BGT',$,(#992,#993,#994,#995,#996,#997,#998,#999,#1000));
#1002=IFCPROPERTYSINGLEVALUE('objectBegintijd',$,IFCLABEL('1444168800000'),$);
#1003=IFCPROPERTYSINGLEVALUE('identificatie',$,IFCIDENTIFIER('NL.IMGeo.G0772.7a124355504b4f0590f4bf6336e1c755'),$);
#1004=IFCPROPERTYSINGLEVALUE('tijdstipRegistratie',$,IFCLABEL('1473404117000'),$);
#1005=IFCPROPERTYSINGLEVALUE('LV-publicatiedatum',$,IFCLABEL('1473439814000'),$);
#1006=IFCPROPERTYSINGLEVALUE('bronhouder',$,IFCLABEL('G0772'),$);
#1007=IFCPROPERTYSINGLEVALUE('inOnderzoek',$,IFCBOOLEAN(.T.),$);
#1008=IFCPROPERTYSINGLEVALUE('relatieveHoogteligging',$,IFCREAL(0.),$);
#1009=IFCPROPERTYSINGLEVALUE('bgt-status',$,IFCLABEL('bestaand'),$);
#1010=IFCPROPERTYSINGLEVALUE('plus-type',$,IFCLABEL('niet-bgt:lichtmast'),$);
#1011=IFCPROPERTYSET('2LerexwRfEGfp98Zhsal5X',#5,'CPset_BGT',$,(#1002,#1003,#1004,#1005,#1006,#1007,#1008,#1009,#1010));
#1012=IFCPROPERTYSINGLEVALUE('objectBegintijd',$,IFCLABEL('1444168800000'),$);
#1013=IFCPROPERTYSINGLEVALUE('identificatie',$,IFCIDENTIFIER('NL.IMGeo.G0772.7ccc060ac9dd4be2a0ffdba4deb95b6d'),$);
#1014=IFCPROPERTYSINGLEVALUE('tijdstipRegistratie',$,IFCLABEL('1473404117000'),$);
#1015=IFCPROPERTYSINGLEVALUE('LV-publicatiedatum',$,IFCLABEL('1473439814000'),$);
#1016=IFCPROPERTYSINGLEVALUE('bronhouder',$,IFCLABEL('G0772'),$);
#1017=IFCPROPERTYSINGLEVALUE('inOnderzoek',$,IFCBOOLEAN(.T.),$);
#1018=IFCPROPERTYSINGLEVALUE('relatieveHoogteligging',$,IFCREAL(0.),$);
#1019=IFCPROPERTYSINGLEVALUE('bgt-status',$,IFCLABEL('bestaand'),$);
#1020=IFCPROPERTYSINGLEVALUE('plus-type',$,IFCLABEL('niet-bgt:lichtmast'),$);
#1021=IFCPROPERTYSET('38siKVtA9ElwdzSbOaoTxD',#5,'CPset_BGT',$,(#1012,#1013,#1014,#1015,#1016,#1017,#1018,#1019,#1020));
#1022=IFCPROPERTYSINGLEVALUE('objectBegintijd',$,IFCLABEL('1526335200000'),$);
#1023=IFCPROPERTYSINGLEVALUE('identificatie',$,IFCIDENTIFIER('NL.IMGeo.G0772.477ffc0c67bf4d469ba3a7b3c5933e08'),$);
#1024=IFCPROPERTYSINGLEVALUE('tijdstipRegistratie',$,IFCLABEL('1642696262000'),$);
#1025=IFCPROPERTYSINGLEVALUE('LV-publicatiedatum',$,IFCLABEL('1642697340000'),$);
#1026=IFCPROPERTYSINGLEVALUE('bronhouder',$,IFCLABEL('G0772'),$);
#1027=IFCPROPERTYSINGLEVALUE('inOnderzoek',$,IFCBOOLEAN(.T.),$);
#1028=IFCPROPERTYSINGLEVALUE('relatieveHoogteligging',$,IFCREAL(0.),$);
#1029=IFCPROPERTYSINGLEVALUE('bgt-status',$,IFCLABEL('bestaand'),$);
#1030=IFCPROPERTYSINGLEVALUE('plus-type',$,IFCLABEL('niet-bgt:verkeersbordpaal'),$);
#1031=IFCPROPERTYSET('2Fl3FPmb9BJQLnKnZU1lYp',#5,'CPset_BGT',$,(#1022,#1023,#1024,#1025,#1026,#1027,#1028,#1029,#1030));
#1032=IFCPROPERTYSINGLEVALUE('objectBegintijd',$,IFCLABEL('1526335200000'),$);
#1033=IFCPROPERTYSINGLEVALUE('identificatie',$,IFCIDENTIFIER('NL.IMGeo.G0772.61a8805242e148a8894d0b8f79e2f025'),$);
#1034=IFCPROPERTYSINGLEVALUE('tijdstipRegistratie',$,IFCLABEL('1642696262000'),$);
#1035=IFCPROPERTYSINGLEVALUE('LV-publicatiedatum',$,IFCLABEL('1642697340000'),$);
#1036=IFCPROPERTYSINGLEVALUE('bronhouder',$,IFCLABEL('G0772'),$);
#1037=IFCPROPERTYSINGLEVALUE('inOnderzoek',$,IFCBOOLEAN(.T.),$);
#1038=IFCPROPERTYSINGLEVALUE('relatieveHoogteligging',$,IFCREAL(0.),$);
#1039=IFCPROPERTYSINGLEVALUE('bgt-status',$,IFCLABEL('bestaand'),$);
#1040=IFCPROPERTYSINGLEVALUE('plus-type',$,IFCLABEL('niet-bgt:verkeersbordpaal'),$);
#1041=IFCPROPERTYSET('23HnBYuXzABgTVT55dDzkU',#5,'CPset_BGT',$,(#1032,#1033,#1034,#1035,#1036,#1037,#1038,#1039,#1040));
#1042=IFCPROPERTYSINGLEVALUE('objectBegintijd',$,IFCLABEL('1526335200000'),$);
#1043=IFCPROPERTYSINGLEVALUE('identificatie',$,IFCIDENTIFIER('NL.IMGeo.G0772.620479f072694bd4901948b618a3a6b7'),$);
#1044=IFCPROPERTYSINGLEVALUE('tijdstipRegistratie',$,IFCLABEL('1642696262000'),$);
#1045=IFCPROPERTYSINGLEVALUE('LV-publicatiedatum',$,IFCLABEL('1642697340000'),$);
#1046=IFCPROPERTYSINGLEVALUE('bronhouder',$,IFCLABEL('G0772'),$);
#1047=IFCPROPERTYSINGLEVALUE('inOnderzoek',$,IFCBOOLEAN(.T.),$);
#1048=IFCPROPERTYSINGLEVALUE('relatieveHoogteligging',$,IFCREAL(0.),$);
#1049=IFCPROPERTYSINGLEVALUE('bgt-status',$,IFCLABEL('bestaand'),$);
#1050=IFCPROPERTYSINGLEVALUE('plus-type',$,IFCLABEL('niet-bgt:verkeersbordpaal'),$);
#1051=IFCPROPERTYSET('3Ft5UeJN57Zue12SHfAv4Z',#5,'CPset_BGT',$,(#1042,#1043,#1044,#1045,#1046,#1047,#1048,#1049,#1050));
#1052=IFCPROPERTYSINGLEVALUE('objectBegintijd',$,IFCLABEL('1526335200000'),$);
#1053=IFCPROPERTYSINGLEVALUE('identificatie',$,IFCIDENTIFIER('NL.IMGeo.G0772.743fe8b5495f4d9aa4ef0d3a3138202a'),$);
#1054=IFCPROPERTYSINGLEVALUE('tijdstipRegistratie',$,IFCLABEL('1642696262000'),$);
#1055=IFCPROPERTYSINGLEVALUE('LV-publicatiedatum',$,IFCLABEL('1642697340000'),$);
#1056=IFCPROPERTYSINGLEVALUE('bronhouder',$,IFCLABEL('G0772'),$);
#1057=IFCPROPERTYSINGLEVALUE('inOnderzoek',$,IFCBOOLEAN(.T.),$);
#1058=IFCPROPERTYSINGLEVALUE('relatieveHoogteligging',$,IFCREAL(0.),$);
#1059=IFCPROPERTYSINGLEVALUE('bgt-status',$,IFCLABEL('bestaand'),$);
#1060=IFCPROPERTYSINGLEVALUE('plus-type',$,IFCLABEL('niet-bgt:verkeersbordpaal'),$);
#1061=IFCPROPERTYSET('3Z7NI2jcDEF9wzCBJssHYx',#5,'CPset_BGT',$,(#1052,#1053,#1054,#1055,#1056,#1057,#1058,#1059,#1060));
#1062=IFCPROPERTYSINGLEVALUE('objectBegintijd',$,IFCLABEL('1526335200000'),$);
#1063=IFCPROPERTYSINGLEVALUE('identificatie',$,IFCIDENTIFIER('NL.IMGeo.G0772.77050946b2c74a988a6add185c113a0e'),$);
#1064=IFCPROPERTYSINGLEVALUE('tijdstipRegistratie',$,IFCLABEL('1642696262000'),$);
#1065=IFCPROPERTYSINGLEVALUE('LV-publicatiedatum',$,IFCLABEL('1642697340000'),$);
#1066=IFCPROPERTYSINGLEVALUE('bronhouder',$,IFCLABEL('G0772'),$);
#1067=IFCPROPERTYSINGLEVALUE('inOnderzoek',$,IFCBOOLEAN(.T.),$);
#1068=IFCPROPERTYSINGLEVALUE('relatieveHoogteligging',$,IFCREAL(0.),$);
#1069=IFCPROPERTYSINGLEVALUE('bgt-status',$,IFCLABEL('bestaand'),$);
#1070=IFCPROPERTYSINGLEVALUE('plus-type',$,IFCLABEL('niet-bgt:verkeersbordpaal'),$);
#1071=IFCPROPERTYSET('0VTO97Sw9DMONVgEa8ffpx',#5,'CPset_BGT',$,(#1062,#1063,#1064,#1065,#1066,#1067,#1068,#1069,#1070));
#1072=IFCPROPERTYSINGLEVALUE('objectBegintijd',$,IFCLABEL('1526335200000'),$);
#1073=IFCPROPERTYSINGLEVALUE('identificatie',$,IFCIDENTIFIER('NL.IMGeo.G0772.fa5e2db9c9bd4c05afbe424e3e8eaaa1'),$);
#1074=IFCPROPERTYSINGLEVALUE('tijdstipRegistratie',$,IFCLABEL('1642696262000'),$);
#1075=IFCPROPERTYSINGLEVALUE('LV-publicatiedatum',$,IFCLABEL('1642697340000'),$);
#1076=IFCPROPERTYSINGLEVALUE('bronhouder',$,IFCLABEL('G0772'),$);
#1077=IFCPROPERTYSINGLEVALUE('inOnderzoek',$,IFCBOOLEAN(.T.),$);
#1078=IFCPROPERTYSINGLEVALUE('relatieveHoogteligging',$,IFCREAL(0.),$);
#1079=IFCPROPERTYSINGLEVALUE('bgt-status',$,IFCLABEL('bestaand'),$);
#1080=IFCPROPERTYSINGLEVALUE('plus-type',$,IFCLABEL('niet-bgt:verkeersbordpaal'),$);
#1081=IFCPROPERTYSET('30cjUXbiHErhQ3_qIhRdFr',#5,'CPset_BGT',$,(#1072,#1073,#1074,#1075,#1076,#1077,#1078,#1079,#1080));
#1082=IFCPROPERTYSINGLEVALUE('objectBegintijd',$,IFCLABEL('1702249200000'),$);
#1083=IFCPROPERTYSINGLEVALUE('identificatie',$,IFCIDENTIFIER('NL.IMGeo.G0772.5d28ff4b5e7046619ffaeca74d8f31ef'),$);
#1084=IFCPROPERTYSINGLEVALUE('tijdstipRegistratie',$,IFCLABEL('1707123689000'),$);
#1085=IFCPROPERTYSINGLEVALUE('LV-publicatiedatum',$,IFCLABEL('1707124167000'),$);
#1086=IFCPROPERTYSINGLEVALUE('bronhouder',$,IFCLABEL('G0772'),$);
#1087=IFCPROPERTYSINGLEVALUE('inOnderzoek',$,IFCBOOLEAN(.T.),$);
#1088=IFCPROPERTYSINGLEVALUE('relatieveHoogteligging',$,IFCREAL(0.),$);
#1089=IFCPROPERTYSINGLEVALUE('bgt-status',$,IFCLABEL('bestaand'),$);
#1090=IFCPROPERTYSINGLEVALUE('plus-type',$,IFCLABEL('niet-bgt:lichtmast'),$);
#1091=IFCPROPERTYSET('3hSbmYzmH0mRM1zTDscas3',#5,'CPset_BGT',$,(#1082,#1083,#1084,#1085,#1086,#1087,#1088,#1089,#1090));
#1092=IFCPROPERTYSINGLEVALUE('objectBegintijd',$,IFCLABEL('1427238000000'),$);
#1093=IFCPROPERTYSINGLEVALUE('identificatie',$,IFCIDENTIFIER('NL.IMGeo.G0772.08e4c21fa0e24c2786d58cb36ab3e3a4'),$);
#1094=IFCPROPERTYSINGLEVALUE('tijdstipRegistratie',$,IFCLABEL('1452169524000'),$);
#1095=IFCPROPERTYSINGLEVALUE('LV-publicatiedatum',$,IFCLABEL('1459857343000'),$);
#1096=IFCPROPERTYSINGLEVALUE('bronhouder',$,IFCLABEL('G0772'),$);
#1097=IFCPROPERTYSINGLEVALUE('inOnderzoek',$,IFCBOOLEAN(.T.),$);
#1098=IFCPROPERTYSINGLEVALUE('relatieveHoogteligging',$,IFCREAL(0.),$);
#1099=IFCPROPERTYSINGLEVALUE('bgt-status',$,IFCLABEL('bestaand'),$);
#1100=IFCPROPERTYSINGLEVALUE('plus-type',$,IFCLABEL('niet-bgt:verkeersregelinstallatiepaal'),$);
#1101=IFCPROPERTYSET('2GUANSKo92LBhOgF$ZD2Py',#5,'CPset_BGT',$,(#1092,#1093,#1094,#1095,#1096,#1097,#1098,#1099,#1100));
#1102=IFCPROPERTYSINGLEVALUE('objectBegintijd',$,IFCLABEL('1319061600000'),$);
#1103=IFCPROPERTYSINGLEVALUE('identificatie',$,IFCIDENTIFIER('NL.IMGeo.G0772.102a4de7e5ac4078b48c8c3126310aae'),$);
#1104=IFCPROPERTYSINGLEVALUE('tijdstipRegistratie',$,IFCLABEL('1452169524000'),$);
#1105=IFCPROPERTYSINGLEVALUE('LV-publicatiedatum',$,IFCLABEL('1459857343000'),$);
#1106=IFCPROPERTYSINGLEVALUE('bronhouder',$,IFCLABEL('G0772'),$);
#1107=IFCPROPERTYSINGLEVALUE('inOnderzoek',$,IFCBOOLEAN(.T.),$);
#1108=IFCPROPERTYSINGLEVALUE('relatieveHoogteligging',$,IFCREAL(0.),$);
#1109=IFCPROPERTYSINGLEVALUE('bgt-status',$,IFCLABEL('bestaand'),$);
#1110=IFCPROPERTYSINGLEVALUE('plus-type',$,IFCLABEL('niet-bgt:lichtmast'),$);
#1111=IFCPROPERTYSET('35XjgVKg5DPPHNYadn8Lnt',#5,'CPset_BGT',$,(#1102,#1103,#1104,#1105,#1106,#1107,#1108,#1109,#1110));
#1112=IFCPROPERTYSINGLEVALUE('objectBegintijd',$,IFCLABEL('1319061600000'),$);
#1113=IFCPROPERTYSINGLEVALUE('identificatie',$,IFCIDENTIFIER('NL.IMGeo.G0772.202b5cf27df74720a788f9a01855b9be'),$);
#1114=IFCPROPERTYSINGLEVALUE('tijdstipRegistratie',$,IFCLABEL('1452169524000'),$);
#1115=IFCPROPERTYSINGLEVALUE('LV-publicatiedatum',$,IFCLABEL('1459857343000'),$);
#1116=IFCPROPERTYSINGLEVALUE('bronhouder',$,IFCLABEL('G0772'),$);
#1117=IFCPROPERTYSINGLEVALUE('inOnderzoek',$,IFCBOOLEAN(.T.),$);
#1118=IFCPROPERTYSINGLEVALUE('relatieveHoogteligging',$,IFCREAL(0.),$);
#1119=IFCPROPERTYSINGLEVALUE('bgt-status',$,IFCLABEL('bestaand'),$);
#1120=IFCPROPERTYSINGLEVALUE('plus-type',$,IFCLABEL('niet-bgt:verkeersregelinstallatiepaal'),$);
#1121=IFCPROPERTYSET('3$g_$YShz7QfAsUgzBJ9m$',#5,'CPset_BGT',$,(#1112,#1113,#1114,#1115,#1116,#1117,#1118,#1119,#1120));
#1122=IFCPROPERTYSINGLEVALUE('objectBegintijd',$,IFCLABEL('1319061600000'),$);
#1123=IFCPROPERTYSINGLEVALUE('identificatie',$,IFCIDENTIFIER('NL.IMGeo.G0772.20852c4f379e492db75c1fc85ffed3d6'),$);
#1124=IFCPROPERTYSINGLEVALUE('tijdstipRegistratie',$,IFCLABEL('1452169524000'),$);
#1125=IFCPROPERTYSINGLEVALUE('LV-publicatiedatum',$,IFCLABEL('1459857343000'),$);
#1126=IFCPROPERTYSINGLEVALUE('bronhouder',$,IFCLABEL('G0772'),$);
#1127=IFCPROPERTYSINGLEVALUE('inOnderzoek',$,IFCBOOLEAN(.T.),$);
#1128=IFCPROPERTYSINGLEVALUE('relatieveHoogteligging',$,IFCREAL(0.),$);
#1129=IFCPROPERTYSINGLEVALUE('bgt-status',$,IFCLABEL('bestaand'),$);
#1130=IFCPROPERTYSINGLEVALUE('plus-type',$,IFCLABEL('niet-bgt:lichtmast'),$);
#1131=IFCPROPERTYSET('3oCZlxCe93fvLFnbm8hqrd',#5,'CPset_BGT',$,(#1122,#1123,#1124,#1125,#1126,#1127,#1128,#1129,#1130));
#1132=IFCPROPERTYSINGLEVALUE('objectBegintijd',$,IFCLABEL('1319061600000'),$);
#1133=IFCPROPERTYSINGLEVALUE('identificatie',$,IFCIDENTIFIER('NL.IMGeo.G0772.25d54ae06f0048a38fcaf460128df6a0'),$);
#1134=IFCPROPERTYSINGLEVALUE('tijdstipRegistratie',$,IFCLABEL('1452169524000'),$);
#1135=IFCPROPERTYSINGLEVALUE('LV-publicatiedatum',$,IFCLABEL('1459857343000'),$);
#1136=IFCPROPERTYSINGLEVALUE('bronhouder',$,IFCLABEL('G0772'),$);
#1137=IFCPROPERTYSINGLEVALUE('inOnderzoek',$,IFCBOOLEAN(.T.),$);
#1138=IFCPROPERTYSINGLEVALUE('relatieveHoogteligging',$,IFCREAL(0.),$);
#1139=IFCPROPERTYSINGLEVALUE('bgt-status',$,IFCLABEL('bestaand'),$);
#1140=IFCPROPERTYSINGLEVALUE('plus-type',$,IFCLABEL('niet-bgt:verkeersregelinstallatiepaal'),$);
#1141=IFCPROPERTYSET('2XKLpMvpH3N8fAAe5DTVBt',#5,'CPset_BGT',$,(#1132,#1133,#1134,#1135,#1136,#1137,#1138,#1139,#1140));
#1142=IFCPROPERTYSINGLEVALUE('objectBegintijd',$,IFCLABEL('1318975200000'),$);
#1143=IFCPROPERTYSINGLEVALUE('identificatie',$,IFCIDENTIFIER('NL.IMGeo.G0772.271e9f0b8a3540ceb9da414cde116099'),$);
#1144=IFCPROPERTYSINGLEVALUE('tijdstipRegistratie',$,IFCLABEL('1452169524000'),$);
#1145=IFCPROPERTYSINGLEVALUE('LV-publicatiedatum',$,IFCLABEL('1459857343000'),$);
#1146=IFCPROPERTYSINGLEVALUE('bronhouder',$,IFCLABEL('G0772'),$);
#1147=IFCPROPERTYSINGLEVALUE('inOnderzoek',$,IFCBOOLEAN(.T.),$);
#1148=IFCPROPERTYSINGLEVALUE('relatieveHoogteligging',$,IFCREAL(0.),$);
#1149=IFCPROPERTYSINGLEVALUE('bgt-status',$,IFCLABEL('bestaand'),$);
#1150=IFCPROPERTYSINGLEVALUE('plus-type',$,IFCLABEL('niet-bgt:lichtmast'),$);
#1151=IFCPROPERTYSET('2Apuatz0r3cuOvlDsCeDXN',#5,'CPset_BGT',$,(#1142,#1143,#1144,#1145,#1146,#1147,#1148,#1149,#1150));
#1152=IFCPROPERTYSINGLEVALUE('objectBegintijd',$,IFCLABEL('1319061600000'),$);
#1153=IFCPROPERTYSINGLEVALUE('identificatie',$,IFCIDENTIFIER('NL.IMGeo.G0772.2cdaefc104d8457c817905b649715674'),$);
#1154=IFCPROPERTYSINGLEVALUE('tijdstipRegistratie',$,IFCLABEL('1452169524000'),$);
#1155=IFCPROPERTYSINGLEVALUE('LV-publicatiedatum',$,IFCLABEL('1459857343000'),$);
#1156=IFCPROPERTYSINGLEVALUE('bronhouder',$,IFCLABEL('G0772'),$);
#1157=IFCPROPERTYSINGLEVALUE('inOnderzoek',$,IFCBOOLEAN(.T.),$);
#1158=IFCPROPERTYSINGLEVALUE('relatieveHoogteligging',$,IFCREAL(0.),$);
#1159=IFCPROPERTYSINGLEVALUE('bgt-status',$,IFCLABEL('bestaand'),$);
#1160=IFCPROPERTYSINGLEVALUE('plus-type',$,IFCLABEL('niet-bgt:lichtmast'),$);
#1161=IFCPROPERTYSET('16frePmqfCEgqZHMFem2BN',#5,'CPset_BGT',$,(#1152,#1153,#1154,#1155,#1156,#1157,#1158,#1159,#1160));
#1162=IFCPROPERTYSINGLEVALUE('objectBegintijd',$,IFCLABEL('1427238000000'),$);
#1163=IFCPROPERTYSINGLEVALUE('identificatie',$,IFCIDENTIFIER('NL.IMGeo.G0772.30741dcb51554202b8b327bd4c84bf66'),$);
#1164=IFCPROPERTYSINGLEVALUE('tijdstipRegistratie',$,IFCLABEL('1452169524000'),$);
#1165=IFCPROPERTYSINGLEVALUE('LV-publicatiedatum',$,IFCLABEL('1459857343000'),$);
#1166=IFCPROPERTYSINGLEVALUE('bronhouder',$,IFCLABEL('G0772'),$);
#1167=IFCPROPERTYSINGLEVALUE('inOnderzoek',$,IFCBOOLEAN(.T.),$);
#1168=IFCPROPERTYSINGLEVALUE('relatieveHoogteligging',$,IFCREAL(0.),$);
#1169=IFCPROPERTYSINGLEVALUE('bgt-status',$,IFCLABEL('bestaand'),$);
#1170=IFCPROPERTYSINGLEVALUE('plus-type',$,IFCLABEL('niet-bgt:lichtmast'),$);
#1171=IFCPROPERTYSET('0$$7QNuk969AANDREdtvRZ',#5,'CPset_BGT',$,(#1162,#1163,#1164,#1165,#1166,#1167,#1168,#1169,#1170));
#1172=IFCPROPERTYSINGLEVALUE('objectBegintijd',$,IFCLABEL('1319061600000'),$);
#1173=IFCPROPERTYSINGLEVALUE('identificatie',$,IFCIDENTIFIER('NL.IMGeo.G0772.34ae6266df2a40aa996c893b9cc81f50'),$);
#1174=IFCPROPERTYSINGLEVALUE('tijdstipRegistratie',$,IFCLABEL('1452169524000'),$);
#1175=IFCPROPERTYSINGLEVALUE('LV-publicatiedatum',$,IFCLABEL('1459857343000'),$);
#1176=IFCPROPERTYSINGLEVALUE('bronhouder',$,IFCLABEL('G0772'),$);
#1177=IFCPROPERTYSINGLEVALUE('inOnderzoek',$,IFCBOOLEAN(.T.),$);
#1178=IFCPROPERTYSINGLEVALUE('relatieveHoogteligging',$,IFCREAL(0.),$);
#1179=IFCPROPERTYSINGLEVALUE('bgt-status',$,IFCLABEL('bestaand'),$);
#1180=IFCPROPERTYSINGLEVALUE('plus-type',$,IFCLABEL('niet-bgt:lichtmast'),$);
#1181=IFCPROPERTYSET('3JvdBaJ911n8SE9o0Su6_Q',#5,'CPset_BGT',$,(#1172,#1173,#1174,#1175,#1176,#1177,#1178,#1179,#1180));
#1182=IFCPROPERTYSINGLEVALUE('objectBegintijd',$,IFCLABEL('1427238000000'),$);
#1183=IFCPROPERTYSINGLEVALUE('identificatie',$,IFCIDENTIFIER('NL.IMGeo.G0772.37f020d865534d399781719a59785069'),$);
#1184=IFCPROPERTYSINGLEVALUE('tijdstipRegistratie',$,IFCLABEL('1452169524000'),$);
#1185=IFCPROPERTYSINGLEVALUE('LV-publicatiedatum',$,IFCLABEL('1459857343000'),$);
#1186=IFCPROPERTYSINGLEVALUE('bronhouder',$,IFCLABEL('G0772'),$);
#1187=IFCPROPERTYSINGLEVALUE('inOnderzoek',$,IFCBOOLEAN(.T.),$);
#1188=IFCPROPERTYSINGLEVALUE('relatieveHoogteligging',$,IFCREAL(0.),$);
#1189=IFCPROPERTYSINGLEVALUE('bgt-status',$,IFCLABEL('bestaand'),$);
#1190=IFCPROPERTYSINGLEVALUE('plus-type',$,IFCLABEL('niet-bgt:lichtmast'),$);
#1191=IFCPROPERTYSET('1c6TK0t$fBEfyZrevYBzOV',#5,'CPset_BGT',$,(#1182,#1183,#1184,#1185,#1186,#1187,#1188,#1189,#1190));
#1192=IFCPROPERTYSINGLEVALUE('objectBegintijd',$,IFCLABEL('1319061600000'),$);
#1193=IFCPROPERTYSINGLEVALUE('identificatie',$,IFCIDENTIFIER('NL.IMGeo.G0772.3d48bf7e69884b4ebe1702cfc39e7456'),$);
#1194=IFCPROPERTYSINGLEVALUE('tijdstipRegistratie',$,IFCLABEL('1452169524000'),$);
#1195=IFCPROPERTYSINGLEVALUE('LV-publicatiedatum',$,IFCLABEL('1459857343000'),$);
#1196=IFCPROPERTYSINGLEVALUE('bronhouder',$,IFCLABEL('G0772'),$);
#1197=IFCPROPERTYSINGLEVALUE('inOnderzoek',$,IFCBOOLEAN(.T.),$);
#1198=IFCPROPERTYSINGLEVALUE('relatieveHoogteligging',$,IFCREAL(0.),$);
#1199=IFCPROPERTYSINGLEVALUE('bgt-status',$,IFCLABEL('bestaand'),$);
#1200=IFCPROPERTYSINGLEVALUE('plus-type',$,IFCLABEL('niet-bgt:verkeersregelinstallatiepaal'),$);
#1201=IFCPROPERTYSET('1UN1GFpqzEqPZQDemqlEzC',#5,'CPset_BGT',$,(#1192,#1193,#1194,#1195,#1196,#1197,#1198,#1199,#1200));
#1202=IFCPROPERTYSINGLEVALUE('objectBegintijd',$,IFCLABEL('1319061600000'),$);
#1203=IFCPROPERTYSINGLEVALUE('identificatie',$,IFCIDENTIFIER('NL.IMGeo.G0772.3e085c8f8dd649ecb1b0453b0902caac'),$);
#1204=IFCPROPERTYSINGLEVALUE('tijdstipRegistratie',$,IFCLABEL('1452169524000'),$);
#1205=IFCPROPERTYSINGLEVALUE('LV-publicatiedatum',$,IFCLABEL('1459857343000'),$);
#1206=IFCPROPERTYSINGLEVALUE('bronhouder',$,IFCLABEL('G0772'),$);
#1207=IFCPROPERTYSINGLEVALUE('inOnderzoek',$,IFCBOOLEAN(.T.),$);
#1208=IFCPROPERTYSINGLEVALUE('relatieveHoogteligging',$,IFCREAL(0.),$);
#1209=IFCPROPERTYSINGLEVALUE('bgt-status',$,IFCLABEL('bestaand'),$);
#1210=IFCPROPERTYSINGLEVALUE('plus-type',$,IFCLABEL('niet-bgt:lichtmast'),$);
#1211=IFCPROPERTYSET('1D3oFiPMfAQuC8wzyUq6DD',#5,'CPset_BGT',$,(#1202,#1203,#1204,#1205,#1206,#1207,#1208,#1209,#1210));
#1212=IFCPROPERTYSINGLEVALUE('objectBegintijd',$,IFCLABEL('1159221600000'),$);
#1213=IFCPROPERTYSINGLEVALUE('identificatie',$,IFCIDENTIFIER('NL.IMGeo.G0772.5f2e26a92e5c48df83a35e389adf1d82'),$);
#1214=IFCPROPERTYSINGLEVALUE('tijdstipRegistratie',$,IFCLABEL('1452169524000'),$);
#1215=IFCPROPERTYSINGLEVALUE('LV-publicatiedatum',$,IFCLABEL('1459857343000'),$);
#1216=IFCPROPERTYSINGLEVALUE('bronhouder',$,IFCLABEL('G0772'),$);
#1217=IFCPROPERTYSINGLEVALUE('inOnderzoek',$,IFCBOOLEAN(.T.),$);
#1218=IFCPROPERTYSINGLEVALUE('relatieveHoogteligging',$,IFCREAL(0.),$);
#1219=IFCPROPERTYSINGLEVALUE('bgt-status',$,IFCLABEL('bestaand'),$);
#1220=IFCPROPERTYSINGLEVALUE('plus-type',$,IFCLABEL('niet-bgt:lichtmast'),$);
#1221=IFCPROPERTYSET('2e__QCSsTBSAx7$hZYYVu3',#5,'CPset_BGT',$,(#1212,#1213,#1214,#1215,#1216,#1217,#1218,#1219,#1220));
#1222=IFCPROPERTYSINGLEVALUE('objectBegintijd',$,IFCLABEL('1319061600000'),$);
#1223=IFCPROPERTYSINGLEVALUE('identificatie',$,IFCIDENTIFIER('NL.IMGeo.G0772.6a4cc39cea024544b95e67da80c573f2'),$);
#1224=IFCPROPERTYSINGLEVALUE('tijdstipRegistratie',$,IFCLABEL('1452169524000'),$);
#1225=IFCPROPERTYSINGLEVALUE('LV-publicatiedatum',$,IFCLABEL('1459857343000'),$);
#1226=IFCPROPERTYSINGLEVALUE('bronhouder',$,IFCLABEL('G0772'),$);
#1227=IFCPROPERTYSINGLEVALUE('inOnderzoek',$,IFCBOOLEAN(.T.),$);
#1228=IFCPROPERTYSINGLEVALUE('relatieveHoogteligging',$,IFCREAL(0.),$);
#1229=IFCPROPERTYSINGLEVALUE('bgt-status',$,IFCLABEL('bestaand'),$);
#1230=IFCPROPERTYSINGLEVALUE('plus-type',$,IFCLABEL('niet-bgt:verkeersregelinstallatiepaal'),$);
#1231=IFCPROPERTYSET('1EeM4zFiP9FgAhzDM6fuS$',#5,'CPset_BGT',$,(#1222,#1223,#1224,#1225,#1226,#1227,#1228,#1229,#1230));
#1232=IFCPROPERTYSINGLEVALUE('objectBegintijd',$,IFCLABEL('1394751600000'),$);
#1233=IFCPROPERTYSINGLEVALUE('identificatie',$,IFCIDENTIFIER('NL.IMGeo.G0772.7310d70673834a30a3220f69f5759663'),$);
#1234=IFCPROPERTYSINGLEVALUE('tijdstipRegistratie',$,IFCLABEL('1452169524000'),$);
#1235=IFCPROPERTYSINGLEVALUE('LV-publicatiedatum',$,IFCLABEL('1459857343000'),$);
#1236=IFCPROPERTYSINGLEVALUE('bronhouder',$,IFCLABEL('G0772'),$);
#1237=IFCPROPERTYSINGLEVALUE('inOnderzoek',$,IFCBOOLEAN(.T.),$);
#1238=IFCPROPERTYSINGLEVALUE('relatieveHoogteligging',$,IFCREAL(0.),$);
#1239=IFCPROPERTYSINGLEVALUE('bgt-status',$,IFCLABEL('bestaand'),$);
#1240=IFCPROPERTYSINGLEVALUE('plus-type',$,IFCLABEL('niet-bgt:lichtmast'),$);
#1241=IFCPROPERTYSET('01uNlHyi58wfGU1Dli8OEJ',#5,'CPset_BGT',$,(#1232,#1233,#1234,#1235,#1236,#1237,#1238,#1239,#1240));
#1242=IFCPROPERTYSINGLEVALUE('objectBegintijd',$,IFCLABEL('1394751600000'),$);
#1243=IFCPROPERTYSINGLEVALUE('identificatie',$,IFCIDENTIFIER('NL.IMGeo.G0772.74f9ca8a30c3466684e6cca3fb5f4840'),$);
#1244=IFCPROPERTYSINGLEVALUE('tijdstipRegistratie',$,IFCLABEL('1452169524000'),$);
#1245=IFCPROPERTYSINGLEVALUE('LV-publicatiedatum',$,IFCLABEL('1459857343000'),$);
#1246=IFCPROPERTYSINGLEVALUE('bronhouder',$,IFCLABEL('G0772'),$);
#1247=IFCPROPERTYSINGLEVALUE('inOnderzoek',$,IFCBOOLEAN(.T.),$);
#1248=IFCPROPERTYSINGLEVALUE('relatieveHoogteligging',$,IFCREAL(0.),$);
#1249=IFCPROPERTYSINGLEVALUE('bgt-status',$,IFCLABEL('bestaand'),$);
#1250=IFCPROPERTYSINGLEVALUE('plus-type',$,IFCLABEL('niet-bgt:lichtmast'),$);
#1251=IFCPROPERTYSET('2vKOemjzbCPgnUj6NRINdf',#5,'CPset_BGT',$,(#1242,#1243,#1244,#1245,#1246,#1247,#1248,#1249,#1250));
#1252=IFCPROPERTYSINGLEVALUE('objectBegintijd',$,IFCLABEL('1159221600000'),$);
#1253=IFCPROPERTYSINGLEVALUE('identificatie',$,IFCIDENTIFIER('NL.IMGeo.G0772.a1d46c2d0a8f4e69a7c5fa3fc6e2ca3a'),$);
#1254=IFCPROPERTYSINGLEVALUE('tijdstipRegistratie',$,IFCLABEL('1452169524000'),$);
#1255=IFCPROPERTYSINGLEVALUE('LV-publicatiedatum',$,IFCLABEL('1459857343000'),$);
#1256=IFCPROPERTYSINGLEVALUE('bronhouder',$,IFCLABEL('G0772'),$);
#1257=IFCPROPERTYSINGLEVALUE('inOnderzoek',$,IFCBOOLEAN(.T.),$);
#1258=IFCPROPERTYSINGLEVALUE('relatieveHoogteligging',$,IFCREAL(0.),$);
#1259=IFCPROPERTYSINGLEVALUE('bgt-status',$,IFCLABEL('bestaand'),$);
#1260=IFCPROPERTYSINGLEVALUE('plus-type',$,IFCLABEL('niet-bgt:lichtmast'),$);
#1261=IFCPROPERTYSET('29QjnfvDDFQ9RdKei19Nj3',#5,'CPset_BGT',$,(#1252,#1253,#1254,#1255,#1256,#1257,#1258,#1259,#1260));
#1262=IFCPROPERTYSINGLEVALUE('objectBegintijd',$,IFCLABEL('1159221600000'),$);
#1263=IFCPROPERTYSINGLEVALUE('identificatie',$,IFCIDENTIFIER('NL.IMGeo.G0772.a3467a43b2d9453fa1133ad6b863de79'),$);
#1264=IFCPROPERTYSINGLEVALUE('tijdstipRegistratie',$,IFCLABEL('1452169524000'),$);
#1265=IFCPROPERTYSINGLEVALUE('LV-publicatiedatum',$,IFCLABEL('1459857343000'),$);
#1266=IFCPROPERTYSINGLEVALUE('bronhouder',$,IFCLABEL('G0772'),$);
#1267=IFCPROPERTYSINGLEVALUE('inOnderzoek',$,IFCBOOLEAN(.T.),$);
#1268=IFCPROPERTYSINGLEVALUE('relatieveHoogteligging',$,IFCREAL(0.),$);
#1269=IFCPROPERTYSINGLEVALUE('bgt-status',$,IFCLABEL('bestaand'),$);
#1270=IFCPROPERTYSINGLEVALUE('plus-type',$,IFCLABEL('niet-bgt:lichtmast'),$);
#1271=IFCPROPERTYSET('2zZ6AbQNj5chZBq7xDob$W',#5,'CPset_BGT',$,(#1262,#1263,#1264,#1265,#1266,#1267,#1268,#1269,#1270));
#1272=IFCPROPERTYSINGLEVALUE('objectBegintijd',$,IFCLABEL('1159221600000'),$);
#1273=IFCPROPERTYSINGLEVALUE('identificatie',$,IFCIDENTIFIER('NL.IMGeo.G0772.b09524a5d78d41d89303df425ae1e16a'),$);
#1274=IFCPROPERTYSINGLEVALUE('tijdstipRegistratie',$,IFCLABEL('1452169524000'),$);
#1275=IFCPROPERTYSINGLEVALUE('LV-publicatiedatum',$,IFCLABEL('1459857343000'),$);
#1276=IFCPROPERTYSINGLEVALUE('bronhouder',$,IFCLABEL('G0772'),$);
#1277=IFCPROPERTYSINGLEVALUE('inOnderzoek',$,IFCBOOLEAN(.T.),$);
#1278=IFCPROPERTYSINGLEVALUE('relatieveHoogteligging',$,IFCREAL(0.),$);
#1279=IFCPROPERTYSINGLEVALUE('bgt-status',$,IFCLABEL('bestaand'),$);
#1280=IFCPROPERTYSINGLEVALUE('plus-type',$,IFCLABEL('niet-bgt:lichtmast'),$);
#1281=IFCPROPERTYSET('05g69_OWz7twMwVRGFu6HS',#5,'CPset_BGT',$,(#1272,#1273,#1274,#1275,#1276,#1277,#1278,#1279,#1280));
#1282=IFCPROPERTYSINGLEVALUE('objectBegintijd',$,IFCLABEL('1427238000000'),$);
#1283=IFCPROPERTYSINGLEVALUE('identificatie',$,IFCIDENTIFIER('NL.IMGeo.G0772.b0aeed860f6b413994061f5cc5afa3f4'),$);
#1284=IFCPROPERTYSINGLEVALUE('tijdstipRegistratie',$,IFCLABEL('1452169524000'),$);
#1285=IFCPROPERTYSINGLEVALUE('LV-publicatiedatum',$,IFCLABEL('1459857343000'),$);
#1286=IFCPROPERTYSINGLEVALUE('bronhouder',$,IFCLABEL('G0772'),$);
#1287=IFCPROPERTYSINGLEVALUE('inOnderzoek',$,IFCBOOLEAN(.T.),$);
#1288=IFCPROPERTYSINGLEVALUE('relatieveHoogteligging',$,IFCREAL(0.),$);
#1289=IFCPROPERTYSINGLEVALUE('bgt-status',$,IFCLABEL('bestaand'),$);
#1290=IFCPROPERTYSINGLEVALUE('plus-type',$,IFCLABEL('niet-bgt:verkeersregelinstallatiepaal'),$);
#1291=IFCPROPERTYSET('2$lK5vGXjDPhZW2O3IK_$J',#5,'CPset_BGT',$,(#1282,#1283,#1284,#1285,#1286,#1287,#1288,#1289,#1290));
#1292=IFCPROPERTYSINGLEVALUE('objectBegintijd',$,IFCLABEL('1319061600000'),$);
#1293=IFCPROPERTYSINGLEVALUE('identificatie',$,IFCIDENTIFIER('NL.IMGeo.G0772.b10857f750594115bc7445e92a0a2de5'),$);
#1294=IFCPROPERTYSINGLEVALUE('tijdstipRegistratie',$,IFCLABEL('1452169524000'),$);
#1295=IFCPROPERTYSINGLEVALUE('LV-publicatiedatum',$,IFCLABEL('1459857343000'),$);
#1296=IFCPROPERTYSINGLEVALUE('bronhouder',$,IFCLABEL('G0772'),$);
#1297=IFCPROPERTYSINGLEVALUE('inOnderzoek',$,IFCBOOLEAN(.T.),$);
#1298=IFCPROPERTYSINGLEVALUE('relatieveHoogteligging',$,IFCREAL(0.),$);
#1299=IFCPROPERTYSINGLEVALUE('bgt-status',$,IFCLABEL('bestaand'),$);
#1300=IFCPROPERTYSINGLEVALUE('plus-type',$,IFCLABEL('niet-bgt:verkeersregelinstallatiepaal'),$);
#1301=IFCPROPERTYSET('1zojOqZTvDZgpy9C7CDpVU',#5,'CPset_BGT',$,(#1292,#1293,#1294,#1295,#1296,#1297,#1298,#1299,#1300));
#1302=IFCPROPERTYSINGLEVALUE('objectBegintijd',$,IFCLABEL('1319061600000'),$);
#1303=IFCPROPERTYSINGLEVALUE('identificatie',$,IFCIDENTIFIER('NL.IMGeo.G0772.b4856c5913dd4d00897987990962a65e'),$);
#1304=IFCPROPERTYSINGLEVALUE('tijdstipRegistratie',$,IFCLABEL('1452169524000'),$);
#1305=IFCPROPERTYSINGLEVALUE('LV-publicatiedatum',$,IFCLABEL('1459857343000'),$);
#1306=IFCPROPERTYSINGLEVALUE('bronhouder',$,IFCLABEL('G0772'),$);
#1307=IFCPROPERTYSINGLEVALUE('inOnderzoek',$,IFCBOOLEAN(.T.),$);
#1308=IFCPROPERTYSINGLEVALUE('relatieveHoogteligging',$,IFCREAL(0.),$);
#1309=IFCPROPERTYSINGLEVALUE('bgt-status',$,IFCLABEL('bestaand'),$);
#1310=IFCPROPERTYSINGLEVALUE('plus-type',$,IFCLABEL('niet-bgt:lichtmast'),$);
#1311=IFCPROPERTYSET('3_op$r4av5fxEVKdq9Zem7',#5,'CPset_BGT',$,(#1302,#1303,#1304,#1305,#1306,#1307,#1308,#1309,#1310));
#1312=IFCPROPERTYSINGLEVALUE('objectBegintijd',$,IFCLABEL('1319061600000'),$);
#1313=IFCPROPERTYSINGLEVALUE('identificatie',$,IFCIDENTIFIER('NL.IMGeo.G0772.bfc0924d01ee490db4caca17a3f4028b'),$);
#1314=IFCPROPERTYSINGLEVALUE('tijdstipRegistratie',$,IFCLABEL('1452169524000'),$);
#1315=IFCPROPERTYSINGLEVALUE('LV-publicatiedatum',$,IFCLABEL('1459857343000'),$);
#1316=IFCPROPERTYSINGLEVALUE('bronhouder',$,IFCLABEL('G0772'),$);
#1317=IFCPROPERTYSINGLEVALUE('inOnderzoek',$,IFCBOOLEAN(.T.),$);
#1318=IFCPROPERTYSINGLEVALUE('relatieveHoogteligging',$,IFCREAL(0.),$);
#1319=IFCPROPERTYSINGLEVALUE('bgt-status',$,IFCLABEL('bestaand'),$);
#1320=IFCPROPERTYSINGLEVALUE('plus-type',$,IFCLABEL('niet-bgt:verkeersregelinstallatiepaal'),$);
#1321=IFCPROPERTYSET('2Sqht_la59ZeLmXGAnuSF1',#5,'CPset_BGT',$,(#1312,#1313,#1314,#1315,#1316,#1317,#1318,#1319,#1320));
#1322=IFCPROPERTYSINGLEVALUE('objectBegintijd',$,IFCLABEL('1319061600000'),$);
#1323=IFCPROPERTYSINGLEVALUE('identificatie',$,IFCIDENTIFIER('NL.IMGeo.G0772.c065ed77eb304703aee87287a7b70ea4'),$);
#1324=IFCPROPERTYSINGLEVALUE('tijdstipRegistratie',$,IFCLABEL('1452169524000'),$);
#1325=IFCPROPERTYSINGLEVALUE('LV-publicatiedatum',$,IFCLABEL('1459857343000'),$);
#1326=IFCPROPERTYSINGLEVALUE('bronhouder',$,IFCLABEL('G0772'),$);
#1327=IFCPROPERTYSINGLEVALUE('inOnderzoek',$,IFCBOOLEAN(.T.),$);
#1328=IFCPROPERTYSINGLEVALUE('relatieveHoogteligging',$,IFCREAL(0.),$);
#1329=IFCPROPERTYSINGLEVALUE('bgt-status',$,IFCLABEL('bestaand'),$);
#1330=IFCPROPERTYSINGLEVALUE('plus-type',$,IFCLABEL('niet-bgt:verkeersregelinstallatiepaal'),$);
#1331=IFCPROPERTYSET('1TaGuNrgv5wOvdLrkdT9$4',#5,'CPset_BGT',$,(#1322,#1323,#1324,#1325,#1326,#1327,#1328,#1329,#1330));
#1332=IFCPROPERTYSINGLEVALUE('objectBegintijd',$,IFCLABEL('1159221600000'),$);
#1333=IFCPROPERTYSINGLEVALUE('identificatie',$,IFCIDENTIFIER('NL.IMGeo.G0772.c67758cb78ad45c2afe4b761dd9616ab'),$);
#1334=IFCPROPERTYSINGLEVALUE('tijdstipRegistratie',$,IFCLABEL('1452169524000'),$);
#1335=IFCPROPERTYSINGLEVALUE('LV-publicatiedatum',$,IFCLABEL('1459857343000'),$);
#1336=IFCPROPERTYSINGLEVALUE('bronhouder',$,IFCLABEL('G0772'),$);
#1337=IFCPROPERTYSINGLEVALUE('inOnderzoek',$,IFCBOOLEAN(.T.),$);
#1338=IFCPROPERTYSINGLEVALUE('relatieveHoogteligging',$,IFCREAL(0.),$);
#1339=IFCPROPERTYSINGLEVALUE('bgt-status',$,IFCLABEL('bestaand'),$);
#1340=IFCPROPERTYSINGLEVALUE('plus-type',$,IFCLABEL('niet-bgt:lichtmast'),$);
#1341=IFCPROPERTYSET('1DUOxBbvH2G9ze3lNCetD0',#5,'CPset_BGT',$,(#1332,#1333,#1334,#1335,#1336,#1337,#1338,#1339,#1340));
#1342=IFCPROPERTYSINGLEVALUE('objectBegintijd',$,IFCLABEL('1319061600000'),$);
#1343=IFCPROPERTYSINGLEVALUE('identificatie',$,IFCIDENTIFIER('NL.IMGeo.G0772.d2123ac461e2423bad3b0139e04f1dd8'),$);
#1344=IFCPROPERTYSINGLEVALUE('tijdstipRegistratie',$,IFCLABEL('1452169524000'),$);
#1345=IFCPROPERTYSINGLEVALUE('LV-publicatiedatum',$,IFCLABEL('1459857343000'),$);
#1346=IFCPROPERTYSINGLEVALUE('bronhouder',$,IFCLABEL('G0772'),$);
#1347=IFCPROPERTYSINGLEVALUE('inOnderzoek',$,IFCBOOLEAN(.T.),$);
#1348=IFCPROPERTYSINGLEVALUE('relatieveHoogteligging',$,IFCREAL(0.),$);
#1349=IFCPROPERTYSINGLEVALUE('bgt-status',$,IFCLABEL('bestaand'),$);
#1350=IFCPROPERTYSINGLEVALUE('plus-type',$,IFCLABEL('niet-bgt:verkeersregelinstallatiepaal'),$);
#1351=IFCPROPERTYSET('3Ok9ia4if2jvL5XhRPC8DT',#5,'CPset_BGT',$,(#1342,#1343,#1344,#1345,#1346,#1347,#1348,#1349,#1350));
#1352=IFCPROPERTYSINGLEVALUE('objectBegintijd',$,IFCLABEL('1427238000000'),$);
#1353=IFCPROPERTYSINGLEVALUE('identificatie',$,IFCIDENTIFIER('NL.IMGeo.G0772.e8a27f067d3f41788064c8f281a76dc6'),$);
#1354=IFCPROPERTYSINGLEVALUE('tijdstipRegistratie',$,IFCLABEL('1452169524000'),$);
#1355=IFCPROPERTYSINGLEVALUE('LV-publicatiedatum',$,IFCLABEL('1459857343000'),$);
#1356=IFCPROPERTYSINGLEVALUE('bronhouder',$,IFCLABEL('G0772'),$);
#1357=IFCPROPERTYSINGLEVALUE('inOnderzoek',$,IFCBOOLEAN(.T.),$);
#1358=IFCPROPERTYSINGLEVALUE('relatieveHoogteligging',$,IFCREAL(0.),$);
#1359=IFCPROPERTYSINGLEVALUE('bgt-status',$,IFCLABEL('bestaand'),$);
#1360=IFCPROPERTYSINGLEVALUE('plus-type',$,IFCLABEL('niet-bgt:verkeersregelinstallatiepaal'),$);
#1361=IFCPROPERTYSET('3viCKdTTb86eP0zYgmuIWa',#5,'CPset_BGT',$,(#1352,#1353,#1354,#1355,#1356,#1357,#1358,#1359,#1360));
#1362=IFCPROPERTYSINGLEVALUE('objectBegintijd',$,IFCLABEL('1394751600000'),$);
#1363=IFCPROPERTYSINGLEVALUE('identificatie',$,IFCIDENTIFIER('NL.IMGeo.G0772.08b0a8cb1a9c4578860e6e5c1dad0f7b'),$);
#1364=IFCPROPERTYSINGLEVALUE('tijdstipRegistratie',$,IFCLABEL('1452169524000'),$);
#1365=IFCPROPERTYSINGLEVALUE('LV-publicatiedatum',$,IFCLABEL('1459857343000'),$);
#1366=IFCPROPERTYSINGLEVALUE('bronhouder',$,IFCLABEL('G0772'),$);
#1367=IFCPROPERTYSINGLEVALUE('inOnderzoek',$,IFCBOOLEAN(.T.),$);
#1368=IFCPROPERTYSINGLEVALUE('relatieveHoogteligging',$,IFCREAL(0.),$);
#1369=IFCPROPERTYSINGLEVALUE('bgt-status',$,IFCLABEL('bestaand'),$);
#1370=IFCPROPERTYSINGLEVALUE('plus-type',$,IFCLABEL('niet-bgt:lichtmast'),$);
#1371=IFCPROPERTYSET('2hrj9n5Nz5nx2m11p7Fc2O',#5,'CPset_BGT',$,(#1362,#1363,#1364,#1365,#1366,#1367,#1368,#1369,#1370));
#1372=IFCPROPERTYSINGLEVALUE('objectBegintijd',$,IFCLABEL('1159221600000'),$);
#1373=IFCPROPERTYSINGLEVALUE('identificatie',$,IFCIDENTIFIER('NL.IMGeo.G0772.38c04fa21e524b0e8ae347d9a6975235'),$);
#1374=IFCPROPERTYSINGLEVALUE('tijdstipRegistratie',$,IFCLABEL('1452169524000'),$);
#1375=IFCPROPERTYSINGLEVALUE('LV-publicatiedatum',$,IFCLABEL('1459857343000'),$);
#1376=IFCPROPERTYSINGLEVALUE('bronhouder',$,IFCLABEL('G0772'),$);
#1377=IFCPROPERTYSINGLEVALUE('inOnderzoek',$,IFCBOOLEAN(.T.),$);
#1378=IFCPROPERTYSINGLEVALUE('relatieveHoogteligging',$,IFCREAL(0.),$);
#1379=IFCPROPERTYSINGLEVALUE('bgt-status',$,IFCLABEL('bestaand'),$);
#1380=IFCPROPERTYSINGLEVALUE('plus-type',$,IFCLABEL('niet-bgt:lichtmast'),$);
#1381=IFCPROPERTYSET('1V7lhVRrzCx8HsuDdmNMYe',#5,'CPset_BGT',$,(#1372,#1373,#1374,#1375,#1376,#1377,#1378,#1379,#1380));
#1382=IFCPROPERTYSINGLEVALUE('objectBegintijd',$,IFCLABEL('1159221600000'),$);
#1383=IFCPROPERTYSINGLEVALUE('identificatie',$,IFCIDENTIFIER('NL.IMGeo.G0772.39d329adb9b746f8811ffc77baae867a'),$);
#1384=IFCPROPERTYSINGLEVALUE('tijdstipRegistratie',$,IFCLABEL('1452169524000'),$);
#1385=IFCPROPERTYSINGLEVALUE('LV-publicatiedatum',$,IFCLABEL('1459857343000'),$);
#1386=IFCPROPERTYSINGLEVALUE('bronhouder',$,IFCLABEL('G0772'),$);
#1387=IFCPROPERTYSINGLEVALUE('inOnderzoek',$,IFCBOOLEAN(.T.),$);
#1388=IFCPROPERTYSINGLEVALUE('relatieveHoogteligging',$,IFCREAL(0.),$);
#1389=IFCPROPERTYSINGLEVALUE('bgt-status',$,IFCLABEL('bestaand'),$);
#1390=IFCPROPERTYSINGLEVALUE('plus-type',$,IFCLABEL('niet-bgt:lichtmast'),$);
#1391=IFCPROPERTYSET('0Pxr83Ppn0RumJV2l5zovS',#5,'CPset_BGT',$,(#1382,#1383,#1384,#1385,#1386,#1387,#1388,#1389,#1390));
#1392=IFCPROPERTYSINGLEVALUE('objectBegintijd',$,IFCLABEL('1319061600000'),$);
#1393=IFCPROPERTYSINGLEVALUE('identificatie',$,IFCIDENTIFIER('NL.IMGeo.G0772.3b63787c3abe4e95aaaebec0afa8a810'),$);
#1394=IFCPROPERTYSINGLEVALUE('tijdstipRegistratie',$,IFCLABEL('1452169524000'),$);
#1395=IFCPROPERTYSINGLEVALUE('LV-publicatiedatum',$,IFCLABEL('1459857343000'),$);
#1396=IFCPROPERTYSINGLEVALUE('bronhouder',$,IFCLABEL('G0772'),$);
#1397=IFCPROPERTYSINGLEVALUE('inOnderzoek',$,IFCBOOLEAN(.T.),$);
#1398=IFCPROPERTYSINGLEVALUE('relatieveHoogteligging',$,IFCREAL(0.),$);
#1399=IFCPROPERTYSINGLEVALUE('bgt-status',$,IFCLABEL('bestaand'),$);
#1400=IFCPROPERTYSINGLEVALUE('plus-type',$,IFCLABEL('niet-bgt:verkeersregelinstallatiepaal'),$);
#1401=IFCPROPERTYSET('13Rs32vev2qugp1StMbxGR',#5,'CPset_BGT',$,(#1392,#1393,#1394,#1395,#1396,#1397,#1398,#1399,#1400));
#1402=IFCPROPERTYSINGLEVALUE('objectBegintijd',$,IFCLABEL('1159221600000'),$);
#1403=IFCPROPERTYSINGLEVALUE('identificatie',$,IFCIDENTIFIER('NL.IMGeo.G0772.434a62084bc2414d8d4ea409e53c296b'),$);
#1404=IFCPROPERTYSINGLEVALUE('tijdstipRegistratie',$,IFCLABEL('1452169524000'),$);
#1405=IFCPROPERTYSINGLEVALUE('LV-publicatiedatum',$,IFCLABEL('1459857343000'),$);
#1406=IFCPROPERTYSINGLEVALUE('bronhouder',$,IFCLABEL('G0772'),$);
#1407=IFCPROPERTYSINGLEVALUE('inOnderzoek',$,IFCBOOLEAN(.T.),$);
#1408=IFCPROPERTYSINGLEVALUE('relatieveHoogteligging',$,IFCREAL(0.),$);
#1409=IFCPROPERTYSINGLEVALUE('bgt-status',$,IFCLABEL('bestaand'),$);
#1410=IFCPROPERTYSINGLEVALUE('plus-type',$,IFCLABEL('niet-bgt:lichtmast'),$);
#1411=IFCPROPERTYSET('2xUt9aNvL4mgLALjg4RAVd',#5,'CPset_BGT',$,(#1402,#1403,#1404,#1405,#1406,#1407,#1408,#1409,#1410));
#1412=IFCPROPERTYSINGLEVALUE('objectBegintijd',$,IFCLABEL('1319061600000'),$);
#1413=IFCPROPERTYSINGLEVALUE('identificatie',$,IFCIDENTIFIER('NL.IMGeo.G0772.6d4a5d3788be4c418d968b27e6ec8f5b'),$);
#1414=IFCPROPERTYSINGLEVALUE('tijdstipRegistratie',$,IFCLABEL('1452169524000'),$);
#1415=IFCPROPERTYSINGLEVALUE('LV-publicatiedatum',$,IFCLABEL('1459857343000'),$);
#1416=IFCPROPERTYSINGLEVALUE('bronhouder',$,IFCLABEL('G0772'),$);
#1417=IFCPROPERTYSINGLEVALUE('inOnderzoek',$,IFCBOOLEAN(.T.),$);
#1418=IFCPROPERTYSINGLEVALUE('relatieveHoogteligging',$,IFCREAL(0.),$);
#1419=IFCPROPERTYSINGLEVALUE('bgt-status',$,IFCLABEL('bestaand'),$);
#1420=IFCPROPERTYSINGLEVALUE('plus-type',$,IFCLABEL('niet-bgt:verkeersregelinstallatiepaal'),$);
#1421=IFCPROPERTYSET('1EPqKqyWr3c8OFxlWY_G3D',#5,'CPset_BGT',$,(#1412,#1413,#1414,#1415,#1416,#1417,#1418,#1419,#1420));
#1422=IFCPROPERTYSINGLEVALUE('objectBegintijd',$,IFCLABEL('1319061600000'),$);
#1423=IFCPROPERTYSINGLEVALUE('identificatie',$,IFCIDENTIFIER('NL.IMGeo.G0772.705a5ce9a02e4c7491584e1ec8a06d89'),$);
#1424=IFCPROPERTYSINGLEVALUE('tijdstipRegistratie',$,IFCLABEL('1452169524000'),$);
#1425=IFCPROPERTYSINGLEVALUE('LV-publicatiedatum',$,IFCLABEL('1459857343000'),$);
#1426=IFCPROPERTYSINGLEVALUE('bronhouder',$,IFCLABEL('G0772'),$);
#1427=IFCPROPERTYSINGLEVALUE('inOnderzoek',$,IFCBOOLEAN(.T.),$);
#1428=IFCPROPERTYSINGLEVALUE('relatieveHoogteligging',$,IFCREAL(0.),$);
#1429=IFCPROPERTYSINGLEVALUE('bgt-status',$,IFCLABEL('bestaand'),$);
#1430=IFCPROPERTYSINGLEVALUE('plus-type',$,IFCLABEL('niet-bgt:verkeersregelinstallatiepaal'),$);
#1431=IFCPROPERTYSET('1etJqFshLDNhGlG__8EF5E',#5,'CPset_BGT',$,(#1422,#1423,#1424,#1425,#1426,#1427,#1428,#1429,#1430));
#1432=IFCPROPERTYSINGLEVALUE('objectBegintijd',$,IFCLABEL('1319061600000'),$);
#1433=IFCPROPERTYSINGLEVALUE('identificatie',$,IFCIDENTIFIER('NL.IMGeo.G0772.775f69466a36447cba68dd90da96f353'),$);
#1434=IFCPROPERTYSINGLEVALUE('tijdstipRegistratie',$,IFCLABEL('1452169524000'),$);
#1435=IFCPROPERTYSINGLEVALUE('LV-publicatiedatum',$,IFCLABEL('1459857343000'),$);
#1436=IFCPROPERTYSINGLEVALUE('bronhouder',$,IFCLABEL('G0772'),$);
#1437=IFCPROPERTYSINGLEVALUE('inOnderzoek',$,IFCBOOLEAN(.T.),$);
#1438=IFCPROPERTYSINGLEVALUE('relatieveHoogteligging',$,IFCREAL(0.),$);
#1439=IFCPROPERTYSINGLEVALUE('bgt-status',$,IFCLABEL('bestaand'),$);
#1440=IFCPROPERTYSINGLEVALUE('plus-type',$,IFCLABEL('niet-bgt:poller'),$);
#1441=IFCPROPERTYSET('2xrgktEu18kfKIAQ7yKrDK',#5,'CPset_BGT',$,(#1432,#1433,#1434,#1435,#1436,#1437,#1438,#1439,#1440));
#1442=IFCPROPERTYSINGLEVALUE('objectBegintijd',$,IFCLABEL('1394751600000'),$);
#1443=IFCPROPERTYSINGLEVALUE('identificatie',$,IFCIDENTIFIER('NL.IMGeo.G0772.893c1edcec5f4870979037d65f697b38'),$);
#1444=IFCPROPERTYSINGLEVALUE('tijdstipRegistratie',$,IFCLABEL('1452169524000'),$);
#1445=IFCPROPERTYSINGLEVALUE('LV-publicatiedatum',$,IFCLABEL('1459857343000'),$);
#1446=IFCPROPERTYSINGLEVALUE('bronhouder',$,IFCLABEL('G0772'),$);
#1447=IFCPROPERTYSINGLEVALUE('inOnderzoek',$,IFCBOOLEAN(.T.),$);
#1448=IFCPROPERTYSINGLEVALUE('relatieveHoogteligging',$,IFCREAL(0.),$);
#1449=IFCPROPERTYSINGLEVALUE('bgt-status',$,IFCLABEL('bestaand'),$);
#1450=IFCPROPERTYSINGLEVALUE('plus-type',$,IFCLABEL('niet-bgt:lichtmast'),$);
#1451=IFCPROPERTYSET('0A4eRrVPb7oeYDyFzWrtbI',#5,'CPset_BGT',$,(#1442,#1443,#1444,#1445,#1446,#1447,#1448,#1449,#1450));
#1452=IFCPROPERTYSINGLEVALUE('objectBegintijd',$,IFCLABEL('1319061600000'),$);
#1453=IFCPROPERTYSINGLEVALUE('identificatie',$,IFCIDENTIFIER('NL.IMGeo.G0772.cc76a3c1d9c543afb2b93da78448d605'),$);
#1454=IFCPROPERTYSINGLEVALUE('tijdstipRegistratie',$,IFCLABEL('1452169524000'),$);
#1455=IFCPROPERTYSINGLEVALUE('LV-publicatiedatum',$,IFCLABEL('1459857343000'),$);
#1456=IFCPROPERTYSINGLEVALUE('bronhouder',$,IFCLABEL('G0772'),$);
#1457=IFCPROPERTYSINGLEVALUE('inOnderzoek',$,IFCBOOLEAN(.T.),$);
#1458=IFCPROPERTYSINGLEVALUE('relatieveHoogteligging',$,IFCREAL(0.),$);
#1459=IFCPROPERTYSINGLEVALUE('bgt-status',$,IFCLABEL('bestaand'),$);
#1460=IFCPROPERTYSINGLEVALUE('plus-type',$,IFCLABEL('niet-bgt:lichtmast'),$);
#1461=IFCPROPERTYSET('2AaBT0qjfEc8mG46LwxnQZ',#5,'CPset_BGT',$,(#1452,#1453,#1454,#1455,#1456,#1457,#1458,#1459,#1460));
#1462=IFCPROPERTYSINGLEVALUE('objectBegintijd',$,IFCLABEL('1159221600000'),$);
#1463=IFCPROPERTYSINGLEVALUE('identificatie',$,IFCIDENTIFIER('NL.IMGeo.G0772.d870fdbe4d214d25b6535cf5a596893d'),$);
#1464=IFCPROPERTYSINGLEVALUE('tijdstipRegistratie',$,IFCLABEL('1452169524000'),$);
#1465=IFCPROPERTYSINGLEVALUE('LV-publicatiedatum',$,IFCLABEL('1459857343000'),$);
#1466=IFCPROPERTYSINGLEVALUE('bronhouder',$,IFCLABEL('G0772'),$);
#1467=IFCPROPERTYSINGLEVALUE('inOnderzoek',$,IFCBOOLEAN(.T.),$);
#1468=IFCPROPERTYSINGLEVALUE('relatieveHoogteligging',$,IFCREAL(0.),$);
#1469=IFCPROPERTYSINGLEVALUE('bgt-status',$,IFCLABEL('bestaand'),$);
#1470=IFCPROPERTYSINGLEVALUE('plus-type',$,IFCLABEL('niet-bgt:lichtmast'),$);
#1471=IFCPROPERTYSET('2dWth_Uq16xBdhD4F_9W5T',#5,'CPset_BGT',$,(#1462,#1463,#1464,#1465,#1466,#1467,#1468,#1469,#1470));
#1472=IFCPROPERTYSINGLEVALUE('objectBegintijd',$,IFCLABEL('1319061600000'),$);
#1473=IFCPROPERTYSINGLEVALUE('identificatie',$,IFCIDENTIFIER('NL.IMGeo.G0772.fa67497c1c4f407eb89c79a680b99551'),$);
#1474=IFCPROPERTYSINGLEVALUE('tijdstipRegistratie',$,IFCLABEL('1452169524000'),$);
#1475=IFCPROPERTYSINGLEVALUE('LV-publicatiedatum',$,IFCLABEL('1459857343000'),$);
#1476=IFCPROPERTYSINGLEVALUE('bronhouder',$,IFCLABEL('G0772'),$);
#1477=IFCPROPERTYSINGLEVALUE('inOnderzoek',$,IFCBOOLEAN(.T.),$);
#1478=IFCPROPERTYSINGLEVALUE('relatieveHoogteligging',$,IFCREAL(0.),$);
#1479=IFCPROPERTYSINGLEVALUE('bgt-status',$,IFCLABEL('bestaand'),$);
#1480=IFCPROPERTYSINGLEVALUE('plus-type',$,IFCLABEL('niet-bgt:verkeersregelinstallatiepaal'),$);
#1481=IFCPROPERTYSET('1bkXGmwv53seiZMPvIWw2L',#5,'CPset_BGT',$,(#1472,#1473,#1474,#1475,#1476,#1477,#1478,#1479,#1480));
#1482=IFCPROPERTYSINGLEVALUE('objectBegintijd',$,IFCLABEL('1458860400000'),$);
#1483=IFCPROPERTYSINGLEVALUE('identificatie',$,IFCIDENTIFIER('NL.IMGeo.G0772.2e496a24f38f4065b2bb57ab378d85d4'),$);
#1484=IFCPROPERTYSINGLEVALUE('tijdstipRegistratie',$,IFCLABEL('1467345758000'),$);
#1485=IFCPROPERTYSINGLEVALUE('LV-publicatiedatum',$,IFCLABEL('1467355332000'),$);
#1486=IFCPROPERTYSINGLEVALUE('bronhouder',$,IFCLABEL('G0772'),$);
#1487=IFCPROPERTYSINGLEVALUE('inOnderzoek',$,IFCBOOLEAN(.T.),$);
#1488=IFCPROPERTYSINGLEVALUE('relatieveHoogteligging',$,IFCREAL(0.),$);
#1489=IFCPROPERTYSINGLEVALUE('bgt-status',$,IFCLABEL('bestaand'),$);
#1490=IFCPROPERTYSINGLEVALUE('plus-type',$,IFCLABEL('niet-bgt:lichtmast'),$);
#1491=IFCPROPERTYSET('25Bnk5JXLE7B7plEhPCrXG',#5,'CPset_BGT',$,(#1482,#1483,#1484,#1485,#1486,#1487,#1488,#1489,#1490));
#1492=IFCPROPERTYSINGLEVALUE('objectBegintijd',$,IFCLABEL('1444168800000'),$);
#1493=IFCPROPERTYSINGLEVALUE('identificatie',$,IFCIDENTIFIER('NL.IMGeo.G0772.06574aa8cd1b4071a56047d763f3f982'),$);
#1494=IFCPROPERTYSINGLEVALUE('tijdstipRegistratie',$,IFCLABEL('1473404117000'),$);
#1495=IFCPROPERTYSINGLEVALUE('LV-publicatiedatum',$,IFCLABEL('1473439814000'),$);
#1496=IFCPROPERTYSINGLEVALUE('bronhouder',$,IFCLABEL('G0772'),$);
#1497=IFCPROPERTYSINGLEVALUE('inOnderzoek',$,IFCBOOLEAN(.T.),$);
#1498=IFCPROPERTYSINGLEVALUE('relatieveHoogteligging',$,IFCREAL(0.),$);
#1499=IFCPROPERTYSINGLEVALUE('bgt-status',$,IFCLABEL('bestaand'),$);
#1500=IFCPROPERTYSINGLEVALUE('plus-type',$,IFCLABEL('niet-bgt:lichtmast'),$);
#1501=IFCPROPERTYSET('1qRTswqsf6wuqDnSWF4vcV',#5,'CPset_BGT',$,(#1492,#1493,#1494,#1495,#1496,#1497,#1498,#1499,#1500));
#1502=IFCPROPERTYSINGLEVALUE('objectBegintijd',$,IFCLABEL('1444168800000'),$);
#1503=IFCPROPERTYSINGLEVALUE('identificatie',$,IFCIDENTIFIER('NL.IMGeo.G0772.2263a7afadc3485dbb2de843fcb97115'),$);
#1504=IFCPROPERTYSINGLEVALUE('tijdstipRegistratie',$,IFCLABEL('1473404117000'),$);
#1505=IFCPROPERTYSINGLEVALUE('LV-publicatiedatum',$,IFCLABEL('1473439814000'),$);
#1506=IFCPROPERTYSINGLEVALUE('bronhouder',$,IFCLABEL('G0772'),$);
#1507=IFCPROPERTYSINGLEVALUE('inOnderzoek',$,IFCBOOLEAN(.T.),$);
#1508=IFCPROPERTYSINGLEVALUE('relatieveHoogteligging',$,IFCREAL(0.),$);
#1509=IFCPROPERTYSINGLEVALUE('bgt-status',$,IFCLABEL('bestaand'),$);
#1510=IFCPROPERTYSINGLEVALUE('plus-type',$,IFCLABEL('niet-bgt:lichtmast'),$);
#1511=IFCPROPERTYSET('0NfFvH09TFLBr6a$57TJxf',#5,'CPset_BGT',$,(#1502,#1503,#1504,#1505,#1506,#1507,#1508,#1509,#1510));
#1512=IFCPROPERTYSINGLEVALUE('objectBegintijd',$,IFCLABEL('1444168800000'),$);
#1513=IFCPROPERTYSINGLEVALUE('identificatie',$,IFCIDENTIFIER('NL.IMGeo.G0772.2eeb9234fa194c8a9b040ca11ee89399'),$);
#1514=IFCPROPERTYSINGLEVALUE('tijdstipRegistratie',$,IFCLABEL('1473404117000'),$);
#1515=IFCPROPERTYSINGLEVALUE('LV-publicatiedatum',$,IFCLABEL('1473439814000'),$);
#1516=IFCPROPERTYSINGLEVALUE('bronhouder',$,IFCLABEL('G0772'),$);
#1517=IFCPROPERTYSINGLEVALUE('inOnderzoek',$,IFCBOOLEAN(.T.),$);
#1518=IFCPROPERTYSINGLEVALUE('relatieveHoogteligging',$,IFCREAL(0.),$);
#1519=IFCPROPERTYSINGLEVALUE('bgt-status',$,IFCLABEL('bestaand'),$);
#1520=IFCPROPERTYSINGLEVALUE('plus-type',$,IFCLABEL('niet-bgt:lichtmast'),$);
#1521=IFCPROPERTYSET('1DQeZV0Lv2S9Eeh$qRPdx6',#5,'CPset_BGT',$,(#1512,#1513,#1514,#1515,#1516,#1517,#1518,#1519,#1520));
#1522=IFCPROPERTYSINGLEVALUE('objectBegintijd',$,IFCLABEL('1444168800000'),$);
#1523=IFCPROPERTYSINGLEVALUE('identificatie',$,IFCIDENTIFIER('NL.IMGeo.G0772.34a3db98ecad49359d64a5fa657d9c61'),$);
#1524=IFCPROPERTYSINGLEVALUE('tijdstipRegistratie',$,IFCLABEL('1473404117000'),$);
#1525=IFCPROPERTYSINGLEVALUE('LV-publicatiedatum',$,IFCLABEL('1473439814000'),$);
#1526=IFCPROPERTYSINGLEVALUE('bronhouder',$,IFCLABEL('G0772'),$);
#1527=IFCPROPERTYSINGLEVALUE('inOnderzoek',$,IFCBOOLEAN(.T.),$);
#1528=IFCPROPERTYSINGLEVALUE('relatieveHoogteligging',$,IFCREAL(0.),$);
#1529=IFCPROPERTYSINGLEVALUE('bgt-status',$,IFCLABEL('bestaand'),$);
#1530=IFCPROPERTYSINGLEVALUE('plus-type',$,IFCLABEL('niet-bgt:lichtmast'),$);
#1531=IFCPROPERTYSET('1puV8n1KzBs8y0D09ZspvX',#5,'CPset_BGT',$,(#1522,#1523,#1524,#1525,#1526,#1527,#1528,#1529,#1530));
#1532=IFCPROPERTYSINGLEVALUE('objectBegintijd',$,IFCLABEL('1444168800000'),$);
#1533=IFCPROPERTYSINGLEVALUE('identificatie',$,IFCIDENTIFIER('NL.IMGeo.G0772.35836e25eda949fea711b6b774852625'),$);
#1534=IFCPROPERTYSINGLEVALUE('tijdstipRegistratie',$,IFCLABEL('1473404117000'),$);
#1535=IFCPROPERTYSINGLEVALUE('LV-publicatiedatum',$,IFCLABEL('1473439814000'),$);
#1536=IFCPROPERTYSINGLEVALUE('bronhouder',$,IFCLABEL('G0772'),$);
#1537=IFCPROPERTYSINGLEVALUE('inOnderzoek',$,IFCBOOLEAN(.T.),$);
#1538=IFCPROPERTYSINGLEVALUE('relatieveHoogteligging',$,IFCREAL(0.),$);
#1539=IFCPROPERTYSINGLEVALUE('bgt-status',$,IFCLABEL('bestaand'),$);
#1540=IFCPROPERTYSINGLEVALUE('plus-type',$,IFCLABEL('niet-bgt:lichtmast'),$);
#1541=IFCPROPERTYSET('0v$bSYf8P6kPuMMsBFPHwM',#5,'CPset_BGT',$,(#1532,#1533,#1534,#1535,#1536,#1537,#1538,#1539,#1540));
#1542=IFCPROPERTYSINGLEVALUE('objectBegintijd',$,IFCLABEL('1444168800000'),$);
#1543=IFCPROPERTYSINGLEVALUE('identificatie',$,IFCIDENTIFIER('NL.IMGeo.G0772.368adf71669b474cb91a628956e9cd39'),$);
#1544=IFCPROPERTYSINGLEVALUE('tijdstipRegistratie',$,IFCLABEL('1473404117000'),$);
#1545=IFCPROPERTYSINGLEVALUE('LV-publicatiedatum',$,IFCLABEL('1473439814000'),$);
#1546=IFCPROPERTYSINGLEVALUE('bronhouder',$,IFCLABEL('G0772'),$);
#1547=IFCPROPERTYSINGLEVALUE('inOnderzoek',$,IFCBOOLEAN(.T.),$);
#1548=IFCPROPERTYSINGLEVALUE('relatieveHoogteligging',$,IFCREAL(0.),$);
#1549=IFCPROPERTYSINGLEVALUE('bgt-status',$,IFCLABEL('bestaand'),$);
#1550=IFCPROPERTYSINGLEVALUE('plus-type',$,IFCLABEL('niet-bgt:lichtmast'),$);
#1551=IFCPROPERTYSET('2yk$XTin9D0BY08YD8EL27',#5,'CPset_BGT',$,(#1542,#1543,#1544,#1545,#1546,#1547,#1548,#1549,#1550));
#1552=IFCPROPERTYSINGLEVALUE('objectBegintijd',$,IFCLABEL('1444168800000'),$);
#1553=IFCPROPERTYSINGLEVALUE('identificatie',$,IFCIDENTIFIER('NL.IMGeo.G0772.5358c091b99a4e39adb004ef64066b8f'),$);
#1554=IFCPROPERTYSINGLEVALUE('tijdstipRegistratie',$,IFCLABEL('1473404117000'),$);
#1555=IFCPROPERTYSINGLEVALUE('LV-publicatiedatum',$,IFCLABEL('1473439814000'),$);
#1556=IFCPROPERTYSINGLEVALUE('bronhouder',$,IFCLABEL('G0772'),$);
#1557=IFCPROPERTYSINGLEVALUE('inOnderzoek',$,IFCBOOLEAN(.T.),$);
#1558=IFCPROPERTYSINGLEVALUE('relatieveHoogteligging',$,IFCREAL(0.),$);
#1559=IFCPROPERTYSINGLEVALUE('bgt-status',$,IFCLABEL('bestaand'),$);
#1560=IFCPROPERTYSINGLEVALUE('plus-type',$,IFCLABEL('niet-bgt:lichtmast'),$);
#1561=IFCPROPERTYSET('1K23zh3uP9T9qNb9vLQb3Y',#5,'CPset_BGT',$,(#1552,#1553,#1554,#1555,#1556,#1557,#1558,#1559,#1560));
#1562=IFCPROPERTYSINGLEVALUE('objectBegintijd',$,IFCLABEL('1444168800000'),$);
#1563=IFCPROPERTYSINGLEVALUE('identificatie',$,IFCIDENTIFIER('NL.IMGeo.G0772.9018ba0f4afa442d9a122338a82557c9'),$);
#1564=IFCPROPERTYSINGLEVALUE('tijdstipRegistratie',$,IFCLABEL('1473404117000'),$);
#1565=IFCPROPERTYSINGLEVALUE('LV-publicatiedatum',$,IFCLABEL('1473439814000'),$);
#1566=IFCPROPERTYSINGLEVALUE('bronhouder',$,IFCLABEL('G0772'),$);
#1567=IFCPROPERTYSINGLEVALUE('inOnderzoek',$,IFCBOOLEAN(.T.),$);
#1568=IFCPROPERTYSINGLEVALUE('relatieveHoogteligging',$,IFCREAL(0.),$);
#1569=IFCPROPERTYSINGLEVALUE('bgt-status',$,IFCLABEL('bestaand'),$);
#1570=IFCPROPERTYSINGLEVALUE('plus-type',$,IFCLABEL('niet-bgt:lichtmast'),$);
#1571=IFCPROPERTYSET('1C7AQ1_ufDtxhwjnxI7LKH',#5,'CPset_BGT',$,(#1562,#1563,#1564,#1565,#1566,#1567,#1568,#1569,#1570));
#1572=IFCPROPERTYSINGLEVALUE('objectBegintijd',$,IFCLABEL('1444168800000'),$);
#1573=IFCPROPERTYSINGLEVALUE('identificatie',$,IFCIDENTIFIER('NL.IMGeo.G0772.98256855cf50410c804157e6547ad6fe'),$);
#1574=IFCPROPERTYSINGLEVALUE('tijdstipRegistratie',$,IFCLABEL('1473404117000'),$);
#1575=IFCPROPERTYSINGLEVALUE('LV-publicatiedatum',$,IFCLABEL('1473439814000'),$);
#1576=IFCPROPERTYSINGLEVALUE('bronhouder',$,IFCLABEL('G0772'),$);
#1577=IFCPROPERTYSINGLEVALUE('inOnderzoek',$,IFCBOOLEAN(.T.),$);
#1578=IFCPROPERTYSINGLEVALUE('relatieveHoogteligging',$,IFCREAL(0.),$);
#1579=IFCPROPERTYSINGLEVALUE('bgt-status',$,IFCLABEL('bestaand'),$);
#1580=IFCPROPERTYSINGLEVALUE('plus-type',$,IFCLABEL('niet-bgt:lichtmast'),$);
#1581=IFCPROPERTYSET('3UpHvF$on6bhfWjvKrpAJg',#5,'CPset_BGT',$,(#1572,#1573,#1574,#1575,#1576,#1577,#1578,#1579,#1580));
#1582=IFCPROPERTYSINGLEVALUE('objectBegintijd',$,IFCLABEL('1444168800000'),$);
#1583=IFCPROPERTYSINGLEVALUE('identificatie',$,IFCIDENTIFIER('NL.IMGeo.G0772.9b9fd450c8db42538931d2730588dc86'),$);
#1584=IFCPROPERTYSINGLEVALUE('tijdstipRegistratie',$,IFCLABEL('1473404117000'),$);
#1585=IFCPROPERTYSINGLEVALUE('LV-publicatiedatum',$,IFCLABEL('1473439814000'),$);
#1586=IFCPROPERTYSINGLEVALUE('bronhouder',$,IFCLABEL('G0772'),$);
#1587=IFCPROPERTYSINGLEVALUE('inOnderzoek',$,IFCBOOLEAN(.T.),$);
#1588=IFCPROPERTYSINGLEVALUE('relatieveHoogteligging',$,IFCREAL(0.),$);
#1589=IFCPROPERTYSINGLEVALUE('bgt-status',$,IFCLABEL('bestaand'),$);
#1590=IFCPROPERTYSINGLEVALUE('plus-type',$,IFCLABEL('niet-bgt:lichtmast'),$);
#1591=IFCPROPERTYSET('3D6iP$7Hr3Kx$OrRQTA61D',#5,'CPset_BGT',$,(#1582,#1583,#1584,#1585,#1586,#1587,#1588,#1589,#1590));
#1592=IFCPROPERTYSINGLEVALUE('objectBegintijd',$,IFCLABEL('1444168800000'),$);
#1593=IFCPROPERTYSINGLEVALUE('identificatie',$,IFCIDENTIFIER('NL.IMGeo.G0772.c19f52511f904458a7d9dba708cf8393'),$);
#1594=IFCPROPERTYSINGLEVALUE('tijdstipRegistratie',$,IFCLABEL('1473404117000'),$);
#1595=IFCPROPERTYSINGLEVALUE('LV-publicatiedatum',$,IFCLABEL('1473439814000'),$);
#1596=IFCPROPERTYSINGLEVALUE('bronhouder',$,IFCLABEL('G0772'),$);
#1597=IFCPROPERTYSINGLEVALUE('inOnderzoek',$,IFCBOOLEAN(.T.),$);
#1598=IFCPROPERTYSINGLEVALUE('relatieveHoogteligging',$,IFCREAL(0.),$);
#1599=IFCPROPERTYSINGLEVALUE('bgt-status',$,IFCLABEL('bestaand'),$);
#1600=IFCPROPERTYSINGLEVALUE('plus-type',$,IFCLABEL('niet-bgt:lichtmast'),$);
#1601=IFCPROPERTYSET('09PiIlRX54EOlY_k_pCiUn',#5,'CPset_BGT',$,(#1592,#1593,#1594,#1595,#1596,#1597,#1598,#1599,#1600));
#1602=IFCPROPERTYSINGLEVALUE('objectBegintijd',$,IFCLABEL('1444168800000'),$);
#1603=IFCPROPERTYSINGLEVALUE('identificatie',$,IFCIDENTIFIER('NL.IMGeo.G0772.ca43aa6274a941b78853e60ffca9dd0c'),$);
#1604=IFCPROPERTYSINGLEVALUE('tijdstipRegistratie',$,IFCLABEL('1473404117000'),$);
#1605=IFCPROPERTYSINGLEVALUE('LV-publicatiedatum',$,IFCLABEL('1473439814000'),$);
#1606=IFCPROPERTYSINGLEVALUE('bronhouder',$,IFCLABEL('G0772'),$);
#1607=IFCPROPERTYSINGLEVALUE('inOnderzoek',$,IFCBOOLEAN(.T.),$);
#1608=IFCPROPERTYSINGLEVALUE('relatieveHoogteligging',$,IFCREAL(0.),$);
#1609=IFCPROPERTYSINGLEVALUE('bgt-status',$,IFCLABEL('bestaand'),$);
#1610=IFCPROPERTYSINGLEVALUE('plus-type',$,IFCLABEL('niet-bgt:lichtmast'),$);
#1611=IFCPROPERTYSET('3XcESVTkb4BhJEcxv0ZSWe',#5,'CPset_BGT',$,(#1602,#1603,#1604,#1605,#1606,#1607,#1608,#1609,#1610));
#1612=IFCPROPERTYSINGLEVALUE('objectBegintijd',$,IFCLABEL('1444168800000'),$);
#1613=IFCPROPERTYSINGLEVALUE('identificatie',$,IFCIDENTIFIER('NL.IMGeo.G0772.e71faa9461974f3f936e53a025d9748e'),$);
#1614=IFCPROPERTYSINGLEVALUE('tijdstipRegistratie',$,IFCLABEL('1473404117000'),$);
#1615=IFCPROPERTYSINGLEVALUE('LV-publicatiedatum',$,IFCLABEL('1473439814000'),$);
#1616=IFCPROPERTYSINGLEVALUE('bronhouder',$,IFCLABEL('G0772'),$);
#1617=IFCPROPERTYSINGLEVALUE('inOnderzoek',$,IFCBOOLEAN(.T.),$);
#1618=IFCPROPERTYSINGLEVALUE('relatieveHoogteligging',$,IFCREAL(0.),$);
#1619=IFCPROPERTYSINGLEVALUE('bgt-status',$,IFCLABEL('bestaand'),$);
#1620=IFCPROPERTYSINGLEVALUE('plus-type',$,IFCLABEL('niet-bgt:lichtmast'),$);
#1621=IFCPROPERTYSET('3Y_RRaDKHFtuuwPcI5d7Jj',#5,'CPset_BGT',$,(#1612,#1613,#1614,#1615,#1616,#1617,#1618,#1619,#1620));
#1622=IFCPROPERTYSINGLEVALUE('objectBegintijd',$,IFCLABEL('1319061600000'),$);
#1623=IFCPROPERTYSINGLEVALUE('identificatie',$,IFCIDENTIFIER('NL.IMGeo.G0772.2e93c03292ea465f829711629b3f9c3c'),$);
#1624=IFCPROPERTYSINGLEVALUE('tijdstipRegistratie',$,IFCLABEL('1542707742000'),$);
#1625=IFCPROPERTYSINGLEVALUE('LV-publicatiedatum',$,IFCLABEL('1542797645000'),$);
#1626=IFCPROPERTYSINGLEVALUE('bronhouder',$,IFCLABEL('G0772'),$);
#1627=IFCPROPERTYSINGLEVALUE('inOnderzoek',$,IFCBOOLEAN(.T.),$);
#1628=IFCPROPERTYSINGLEVALUE('relatieveHoogteligging',$,IFCREAL(0.),$);
#1629=IFCPROPERTYSINGLEVALUE('bgt-status',$,IFCLABEL('bestaand'),$);
#1630=IFCPROPERTYSINGLEVALUE('plus-type',$,IFCLABEL('niet-bgt:drukknoppaal'),$);
#1631=IFCPROPERTYSET('0F2HWhQoXBjxr3TpRysr3A',#5,'CPset_BGT',$,(#1622,#1623,#1624,#1625,#1626,#1627,#1628,#1629,#1630));
#1632=IFCPROPERTYSINGLEVALUE('objectBegintijd',$,IFCLABEL('1319061600000'),$);
#1633=IFCPROPERTYSINGLEVALUE('identificatie',$,IFCIDENTIFIER('NL.IMGeo.G0772.67bc1f0bd448408799b1245071cdc456'),$);
#1634=IFCPROPERTYSINGLEVALUE('tijdstipRegistratie',$,IFCLABEL('1542707742000'),$);
#1635=IFCPROPERTYSINGLEVALUE('LV-publicatiedatum',$,IFCLABEL('1542797645000'),$);
#1636=IFCPROPERTYSINGLEVALUE('bronhouder',$,IFCLABEL('G0772'),$);
#1637=IFCPROPERTYSINGLEVALUE('inOnderzoek',$,IFCBOOLEAN(.T.),$);
#1638=IFCPROPERTYSINGLEVALUE('relatieveHoogteligging',$,IFCREAL(0.),$);
#1639=IFCPROPERTYSINGLEVALUE('bgt-status',$,IFCLABEL('bestaand'),$);
#1640=IFCPROPERTYSINGLEVALUE('plus-type',$,IFCLABEL('niet-bgt:drukknoppaal'),$);
#1641=IFCPROPERTYSET('1Z7GqeTCH06wn0z_EFktkp',#5,'CPset_BGT',$,(#1632,#1633,#1634,#1635,#1636,#1637,#1638,#1639,#1640));
#1642=IFCPROPERTYSINGLEVALUE('objectBegintijd',$,IFCLABEL('1319061600000'),$);
#1643=IFCPROPERTYSINGLEVALUE('identificatie',$,IFCIDENTIFIER('NL.IMGeo.G0772.6d83d091bd5c49f3b2cedf2727fd5db7'),$);
#1644=IFCPROPERTYSINGLEVALUE('tijdstipRegistratie',$,IFCLABEL('1542707742000'),$);
#1645=IFCPROPERTYSINGLEVALUE('LV-publicatiedatum',$,IFCLABEL('1542797645000'),$);
#1646=IFCPROPERTYSINGLEVALUE('bronhouder',$,IFCLABEL('G0772'),$);
#1647=IFCPROPERTYSINGLEVALUE('inOnderzoek',$,IFCBOOLEAN(.T.),$);
#1648=IFCPROPERTYSINGLEVALUE('relatieveHoogteligging',$,IFCREAL(0.),$);
#1649=IFCPROPERTYSINGLEVALUE('bgt-status',$,IFCLABEL('bestaand'),$);
#1650=IFCPROPERTYSINGLEVALUE('plus-type',$,IFCLABEL('niet-bgt:drukknoppaal'),$);
#1651=IFCPROPERTYSET('2eo6ovNwv1UO7dolEVYSAG',#5,'CPset_BGT',$,(#1642,#1643,#1644,#1645,#1646,#1647,#1648,#1649,#1650));
#1652=IFCPROPERTYSINGLEVALUE('objectBegintijd',$,IFCLABEL('1319061600000'),$);
#1653=IFCPROPERTYSINGLEVALUE('identificatie',$,IFCIDENTIFIER('NL.IMGeo.G0772.9c2cd7a3d1034ade9d7f16f07c5e9801'),$);
#1654=IFCPROPERTYSINGLEVALUE('tijdstipRegistratie',$,IFCLABEL('1542707742000'),$);
#1655=IFCPROPERTYSINGLEVALUE('LV-publicatiedatum',$,IFCLABEL('1542797645000'),$);
#1656=IFCPROPERTYSINGLEVALUE('bronhouder',$,IFCLABEL('G0772'),$);
#1657=IFCPROPERTYSINGLEVALUE('inOnderzoek',$,IFCBOOLEAN(.T.),$);
#1658=IFCPROPERTYSINGLEVALUE('relatieveHoogteligging',$,IFCREAL(0.),$);
#1659=IFCPROPERTYSINGLEVALUE('bgt-status',$,IFCLABEL('bestaand'),$);
#1660=IFCPROPERTYSINGLEVALUE('plus-type',$,IFCLABEL('niet-bgt:drukknoppaal'),$);
#1661=IFCPROPERTYSET('165yQCtWrAfhOyk1sILWc_',#5,'CPset_BGT',$,(#1652,#1653,#1654,#1655,#1656,#1657,#1658,#1659,#1660));
#1662=IFCPROPERTYSINGLEVALUE('objectBegintijd',$,IFCLABEL('1319061600000'),$);
#1663=IFCPROPERTYSINGLEVALUE('identificatie',$,IFCIDENTIFIER('NL.IMGeo.G0772.e7ca9f467284423da5c0a528431ab797'),$);
#1664=IFCPROPERTYSINGLEVALUE('tijdstipRegistratie',$,IFCLABEL('1542707742000'),$);
#1665=IFCPROPERTYSINGLEVALUE('LV-publicatiedatum',$,IFCLABEL('1542797645000'),$);
#1666=IFCPROPERTYSINGLEVALUE('bronhouder',$,IFCLABEL('G0772'),$);
#1667=IFCPROPERTYSINGLEVALUE('inOnderzoek',$,IFCBOOLEAN(.T.),$);
#1668=IFCPROPERTYSINGLEVALUE('relatieveHoogteligging',$,IFCREAL(0.),$);
#1669=IFCPROPERTYSINGLEVALUE('bgt-status',$,IFCLABEL('bestaand'),$);
#1670=IFCPROPERTYSINGLEVALUE('plus-type',$,IFCLABEL('niet-bgt:drukknoppaal'),$);
#1671=IFCPROPERTYSET('2QuRRYjUb1O9HOM9gAyjzj',#5,'CPset_BGT',$,(#1662,#1663,#1664,#1665,#1666,#1667,#1668,#1669,#1670));
#1672=IFCPROPERTYSINGLEVALUE('objectBegintijd',$,IFCLABEL('1526335200000'),$);
#1673=IFCPROPERTYSINGLEVALUE('identificatie',$,IFCIDENTIFIER('NL.IMGeo.G0772.1e4e21aee8034f44b763dd564a9f3bb8'),$);
#1674=IFCPROPERTYSINGLEVALUE('tijdstipRegistratie',$,IFCLABEL('1642696262000'),$);
#1675=IFCPROPERTYSINGLEVALUE('LV-publicatiedatum',$,IFCLABEL('1642697340000'),$);
#1676=IFCPROPERTYSINGLEVALUE('bronhouder',$,IFCLABEL('G0772'),$);
#1677=IFCPROPERTYSINGLEVALUE('inOnderzoek',$,IFCBOOLEAN(.T.),$);
#1678=IFCPROPERTYSINGLEVALUE('relatieveHoogteligging',$,IFCREAL(0.),$);
#1679=IFCPROPERTYSINGLEVALUE('bgt-status',$,IFCLABEL('bestaand'),$);
#1680=IFCPROPERTYSINGLEVALUE('plus-type',$,IFCLABEL('niet-bgt:verkeersbordpaal'),$);
#1681=IFCPROPERTYSET('0861Jdtf9F3evp8njfy4LA',#5,'CPset_BGT',$,(#1672,#1673,#1674,#1675,#1676,#1677,#1678,#1679,#1680));
#1682=IFCPROPERTYSINGLEVALUE('objectBegintijd',$,IFCLABEL('1526335200000'),$);
#1683=IFCPROPERTYSINGLEVALUE('identificatie',$,IFCIDENTIFIER('NL.IMGeo.G0772.2bbe6d2809994688a505b934a78fdf02'),$);
#1684=IFCPROPERTYSINGLEVALUE('tijdstipRegistratie',$,IFCLABEL('1642696262000'),$);
#1685=IFCPROPERTYSINGLEVALUE('LV-publicatiedatum',$,IFCLABEL('1642697340000'),$);
#1686=IFCPROPERTYSINGLEVALUE('bronhouder',$,IFCLABEL('G0772'),$);
#1687=IFCPROPERTYSINGLEVALUE('inOnderzoek',$,IFCBOOLEAN(.T.),$);
#1688=IFCPROPERTYSINGLEVALUE('relatieveHoogteligging',$,IFCREAL(0.),$);
#1689=IFCPROPERTYSINGLEVALUE('bgt-status',$,IFCLABEL('bestaand'),$);
#1690=IFCPROPERTYSINGLEVALUE('plus-type',$,IFCLABEL('niet-bgt:vlaggenmast'),$);
#1691=IFCPROPERTYSET('3yVf2rBoj00ARzCvpdgwN0',#5,'CPset_BGT',$,(#1682,#1683,#1684,#1685,#1686,#1687,#1688,#1689,#1690));
#1692=IFCPROPERTYSINGLEVALUE('objectBegintijd',$,IFCLABEL('1526335200000'),$);
#1693=IFCPROPERTYSINGLEVALUE('identificatie',$,IFCIDENTIFIER('NL.IMGeo.G0772.36528b1b040c400f93c39682c2ecb308'),$);
#1694=IFCPROPERTYSINGLEVALUE('tijdstipRegistratie',$,IFCLABEL('1642696262000'),$);
#1695=IFCPROPERTYSINGLEVALUE('LV-publicatiedatum',$,IFCLABEL('1642697340000'),$);
#1696=IFCPROPERTYSINGLEVALUE('bronhouder',$,IFCLABEL('G0772'),$);
#1697=IFCPROPERTYSINGLEVALUE('inOnderzoek',$,IFCBOOLEAN(.T.),$);
#1698=IFCPROPERTYSINGLEVALUE('relatieveHoogteligging',$,IFCREAL(0.),$);
#1699=IFCPROPERTYSINGLEVALUE('bgt-status',$,IFCLABEL('bestaand'),$);
#1700=IFCPROPERTYSINGLEVALUE('plus-type',$,IFCLABEL('niet-bgt:vlaggenmast'),$);
#1701=IFCPROPERTYSET('0$gsdql498qg$WmGM92c1t',#5,'CPset_BGT',$,(#1692,#1693,#1694,#1695,#1696,#1697,#1698,#1699,#1700));
#1702=IFCPROPERTYSINGLEVALUE('objectBegintijd',$,IFCLABEL('1526335200000'),$);
#1703=IFCPROPERTYSINGLEVALUE('identificatie',$,IFCIDENTIFIER('NL.IMGeo.G0772.9a1b2a3e7c114f6c8092b9f16ea7f06b'),$);
#1704=IFCPROPERTYSINGLEVALUE('tijdstipRegistratie',$,IFCLABEL('1642696262000'),$);
#1705=IFCPROPERTYSINGLEVALUE('LV-publicatiedatum',$,IFCLABEL('1642697340000'),$);
#1706=IFCPROPERTYSINGLEVALUE('bronhouder',$,IFCLABEL('G0772'),$);
#1707=IFCPROPERTYSINGLEVALUE('inOnderzoek',$,IFCBOOLEAN(.T.),$);
#1708=IFCPROPERTYSINGLEVALUE('relatieveHoogteligging',$,IFCREAL(0.),$);
#1709=IFCPROPERTYSINGLEVALUE('bgt-status',$,IFCLABEL('bestaand'),$);
#1710=IFCPROPERTYSINGLEVALUE('plus-type',$,IFCLABEL('niet-bgt:afsluitpaal'),$);
#1711=IFCPROPERTYSET('1jc36cCFX8191p8IJvS4OY',#5,'CPset_BGT',$,(#1702,#1703,#1704,#1705,#1706,#1707,#1708,#1709,#1710));
#1712=IFCPROPERTYSINGLEVALUE('objectBegintijd',$,IFCLABEL('1526335200000'),$);
#1713=IFCPROPERTYSINGLEVALUE('identificatie',$,IFCIDENTIFIER('NL.IMGeo.G0772.d3cbfa54f9d64ecaa1c28a9b5226d710'),$);
#1714=IFCPROPERTYSINGLEVALUE('tijdstipRegistratie',$,IFCLABEL('1642696262000'),$);
#1715=IFCPROPERTYSINGLEVALUE('LV-publicatiedatum',$,IFCLABEL('1642697340000'),$);
#1716=IFCPROPERTYSINGLEVALUE('bronhouder',$,IFCLABEL('G0772'),$);
#1717=IFCPROPERTYSINGLEVALUE('inOnderzoek',$,IFCBOOLEAN(.T.),$);
#1718=IFCPROPERTYSINGLEVALUE('relatieveHoogteligging',$,IFCREAL(0.),$);
#1719=IFCPROPERTYSINGLEVALUE('bgt-status',$,IFCLABEL('bestaand'),$);
#1720=IFCPROPERTYSINGLEVALUE('plus-type',$,IFCLABEL('niet-bgt:verkeersbordpaal'),$);
#1721=IFCPROPERTYSET('1zd9yf0uP5$AntLxRTty1_',#5,'CPset_BGT',$,(#1712,#1713,#1714,#1715,#1716,#1717,#1718,#1719,#1720));
#1722=IFCPROPERTYSINGLEVALUE('objectBegintijd',$,IFCLABEL('1706655600000'),$);
#1723=IFCPROPERTYSINGLEVALUE('identificatie',$,IFCIDENTIFIER('NL.IMGeo.G0772.69a135ce93c243b38a90922e3fdd4b35'),$);
#1724=IFCPROPERTYSINGLEVALUE('tijdstipRegistratie',$,IFCLABEL('1706788865000'),$);
#1725=IFCPROPERTYSINGLEVALUE('LV-publicatiedatum',$,IFCLABEL('1706789359000'),$);
#1726=IFCPROPERTYSINGLEVALUE('bronhouder',$,IFCLABEL('G0772'),$);
#1727=IFCPROPERTYSINGLEVALUE('inOnderzoek',$,IFCBOOLEAN(.T.),$);
#1728=IFCPROPERTYSINGLEVALUE('relatieveHoogteligging',$,IFCREAL(0.),$);
#1729=IFCPROPERTYSINGLEVALUE('bgt-status',$,IFCLABEL('bestaand'),$);
#1730=IFCPROPERTYSINGLEVALUE('plus-type',$,IFCLABEL('niet-bgt'),$);
#1731=IFCPROPERTYSET('1_lY4fRcz3NAKg2X4nRgDH',#5,'CPset_BGT',$,(#1722,#1723,#1724,#1725,#1726,#1727,#1728,#1729,#1730));
#1732=IFCPROPERTYSINGLEVALUE('objectBegintijd',$,IFCLABEL('1702249200000'),$);
#1733=IFCPROPERTYSINGLEVALUE('identificatie',$,IFCIDENTIFIER('NL.IMGeo.G0772.205976dd953f4fe3bf412a12a3ed2068'),$);
#1734=IFCPROPERTYSINGLEVALUE('tijdstipRegistratie',$,IFCLABEL('1707123689000'),$);
#1735=IFCPROPERTYSINGLEVALUE('LV-publicatiedatum',$,IFCLABEL('1707124167000'),$);
#1736=IFCPROPERTYSINGLEVALUE('bronhouder',$,IFCLABEL('G0772'),$);
#1737=IFCPROPERTYSINGLEVALUE('inOnderzoek',$,IFCBOOLEAN(.T.),$);
#1738=IFCPROPERTYSINGLEVALUE('relatieveHoogteligging',$,IFCREAL(0.),$);
#1739=IFCPROPERTYSINGLEVALUE('bgt-status',$,IFCLABEL('bestaand'),$);
#1740=IFCPROPERTYSINGLEVALUE('plus-type',$,IFCLABEL('niet-bgt:lichtmast'),$);
#1741=IFCPROPERTYSET('111QYmozzEPe7hzmQPMWY$',#5,'CPset_BGT',$,(#1732,#1733,#1734,#1735,#1736,#1737,#1738,#1739,#1740));
#1742=IFCPROPERTYSINGLEVALUE('objectBegintijd',$,IFCLABEL('1703804400000'),$);
#1743=IFCPROPERTYSINGLEVALUE('identificatie',$,IFCIDENTIFIER('NL.IMGeo.G0772.76ae19043ee94e43ba8c82cd0091030a'),$);
#1744=IFCPROPERTYSINGLEVALUE('tijdstipRegistratie',$,IFCLABEL('1707123689000'),$);
#1745=IFCPROPERTYSINGLEVALUE('LV-publicatiedatum',$,IFCLABEL('1707124167000'),$);
#1746=IFCPROPERTYSINGLEVALUE('bronhouder',$,IFCLABEL('G0772'),$);
#1747=IFCPROPERTYSINGLEVALUE('inOnderzoek',$,IFCBOOLEAN(.T.),$);
#1748=IFCPROPERTYSINGLEVALUE('relatieveHoogteligging',$,IFCREAL(0.),$);
#1749=IFCPROPERTYSINGLEVALUE('bgt-status',$,IFCLABEL('bestaand'),$);
#1750=IFCPROPERTYSINGLEVALUE('plus-type',$,IFCLABEL('niet-bgt:lichtmast'),$);
#1751=IFCPROPERTYSET('32yJvDelfDzBCTwdq9TOu$',#5,'CPset_BGT',$,(#1742,#1743,#1744,#1745,#1746,#1747,#1748,#1749,#1750));
#1752=IFCPROPERTYSINGLEVALUE('objectBegintijd',$,IFCLABEL('1703804400000'),$);
#1753=IFCPROPERTYSINGLEVALUE('identificatie',$,IFCIDENTIFIER('NL.IMGeo.G0772.c2314e011242470c9acd74219f9e9a10'),$);
#1754=IFCPROPERTYSINGLEVALUE('tijdstipRegistratie',$,IFCLABEL('1707123689000'),$);
#1755=IFCPROPERTYSINGLEVALUE('LV-publicatiedatum',$,IFCLABEL('1707124167000'),$);
#1756=IFCPROPERTYSINGLEVALUE('bronhouder',$,IFCLABEL('G0772'),$);
#1757=IFCPROPERTYSINGLEVALUE('inOnderzoek',$,IFCBOOLEAN(.T.),$);
#1758=IFCPROPERTYSINGLEVALUE('relatieveHoogteligging',$,IFCREAL(0.),$);
#1759=IFCPROPERTYSINGLEVALUE('bgt-status',$,IFCLABEL('bestaand'),$);
#1760=IFCPROPERTYSINGLEVALUE('plus-type',$,IFCLABEL('niet-bgt:lichtmast'),$);
#1761=IFCPROPERTYSET('2G5GT4ysz4ew0JIC9bS$Z0',#5,'CPset_BGT',$,(#1752,#1753,#1754,#1755,#1756,#1757,#1758,#1759,#1760));
#1762=IFCPROPERTYSINGLEVALUE('objectBegintijd',$,IFCLABEL('1739487600000'),$);
#1763=IFCPROPERTYSINGLEVALUE('identificatie',$,IFCIDENTIFIER('NL.IMGeo.G0772.052bb9f762a043ddb7ad128f5e8bb3cc'),$);
#1764=IFCPROPERTYSINGLEVALUE('tijdstipRegistratie',$,IFCLABEL('1740476235000'),$);
#1765=IFCPROPERTYSINGLEVALUE('LV-publicatiedatum',$,IFCLABEL('1740476700000'),$);
#1766=IFCPROPERTYSINGLEVALUE('bronhouder',$,IFCLABEL('G0772'),$);
#1767=IFCPROPERTYSINGLEVALUE('inOnderzoek',$,IFCBOOLEAN(.T.),$);
#1768=IFCPROPERTYSINGLEVALUE('relatieveHoogteligging',$,IFCREAL(0.),$);
#1769=IFCPROPERTYSINGLEVALUE('bgt-status',$,IFCLABEL('bestaand'),$);
#1770=IFCPROPERTYSINGLEVALUE('plus-type',$,IFCLABEL('niet-bgt:verkeersregelinstallatiepaal'),$);
#1771=IFCPROPERTYSET('0CX3NpREfAkwu0IwgwnnCe',#5,'CPset_BGT',$,(#1762,#1763,#1764,#1765,#1766,#1767,#1768,#1769,#1770));
#1772=IFCPROPERTYSINGLEVALUE('objectBegintijd',$,IFCLABEL('1739487600000'),$);
#1773=IFCPROPERTYSINGLEVALUE('identificatie',$,IFCIDENTIFIER('NL.IMGeo.G0772.0d395343bfe340c082ae9ddc54fd9005'),$);
#1774=IFCPROPERTYSINGLEVALUE('tijdstipRegistratie',$,IFCLABEL('1740476235000'),$);
#1775=IFCPROPERTYSINGLEVALUE('LV-publicatiedatum',$,IFCLABEL('1740476700000'),$);
#1776=IFCPROPERTYSINGLEVALUE('bronhouder',$,IFCLABEL('G0772'),$);
#1777=IFCPROPERTYSINGLEVALUE('inOnderzoek',$,IFCBOOLEAN(.T.),$);
#1778=IFCPROPERTYSINGLEVALUE('relatieveHoogteligging',$,IFCREAL(0.),$);
#1779=IFCPROPERTYSINGLEVALUE('bgt-status',$,IFCLABEL('bestaand'),$);
#1780=IFCPROPERTYSINGLEVALUE('plus-type',$,IFCLABEL('niet-bgt:verkeersregelinstallatiepaal'),$);
#1781=IFCPROPERTYSET('0RZNNB1G1FdQpjDllZ3DYD',#5,'CPset_BGT',$,(#1772,#1773,#1774,#1775,#1776,#1777,#1778,#1779,#1780));
#1782=IFCPROPERTYSINGLEVALUE('objectBegintijd',$,IFCLABEL('1739487600000'),$);
#1783=IFCPROPERTYSINGLEVALUE('identificatie',$,IFCIDENTIFIER('NL.IMGeo.G0772.262fdf2ca3974ec98e49de948e4c9919'),$);
#1784=IFCPROPERTYSINGLEVALUE('tijdstipRegistratie',$,IFCLABEL('1740476235000'),$);
#1785=IFCPROPERTYSINGLEVALUE('LV-publicatiedatum',$,IFCLABEL('1740476700000'),$);
#1786=IFCPROPERTYSINGLEVALUE('bronhouder',$,IFCLABEL('G0772'),$);
#1787=IFCPROPERTYSINGLEVALUE('inOnderzoek',$,IFCBOOLEAN(.T.),$);
#1788=IFCPROPERTYSINGLEVALUE('relatieveHoogteligging',$,IFCREAL(0.),$);
#1789=IFCPROPERTYSINGLEVALUE('bgt-status',$,IFCLABEL('bestaand'),$);
#1790=IFCPROPERTYSINGLEVALUE('plus-type',$,IFCLABEL('niet-bgt:lichtmast'),$);
#1791=IFCPROPERTYSET('3p4V0thLfAiQIwEdXOwozJ',#5,'CPset_BGT',$,(#1782,#1783,#1784,#1785,#1786,#1787,#1788,#1789,#1790));
#1792=IFCPROPERTYSINGLEVALUE('objectBegintijd',$,IFCLABEL('1739487600000'),$);
#1793=IFCPROPERTYSINGLEVALUE('identificatie',$,IFCIDENTIFIER('NL.IMGeo.G0772.463ad2d17795499693033ec919ff925b'),$);
#1794=IFCPROPERTYSINGLEVALUE('tijdstipRegistratie',$,IFCLABEL('1740476235000'),$);
#1795=IFCPROPERTYSINGLEVALUE('LV-publicatiedatum',$,IFCLABEL('1740476700000'),$);
#1796=IFCPROPERTYSINGLEVALUE('bronhouder',$,IFCLABEL('G0772'),$);
#1797=IFCPROPERTYSINGLEVALUE('inOnderzoek',$,IFCBOOLEAN(.T.),$);
#1798=IFCPROPERTYSINGLEVALUE('relatieveHoogteligging',$,IFCREAL(0.),$);
#1799=IFCPROPERTYSINGLEVALUE('bgt-status',$,IFCLABEL('bestaand'),$);
#1800=IFCPROPERTYSINGLEVALUE('plus-type',$,IFCLABEL('niet-bgt:afsluitpaal'),$);
#1801=IFCPROPERTYSET('1kh1AJp0PDkfYa8Umu7kNb',#5,'CPset_BGT',$,(#1792,#1793,#1794,#1795,#1796,#1797,#1798,#1799,#1800));
#1802=IFCPROPERTYSINGLEVALUE('objectBegintijd',$,IFCLABEL('1739487600000'),$);
#1803=IFCPROPERTYSINGLEVALUE('identificatie',$,IFCIDENTIFIER('NL.IMGeo.G0772.4e60d819328248ccb87f39a4fc98c037'),$);
#1804=IFCPROPERTYSINGLEVALUE('tijdstipRegistratie',$,IFCLABEL('1740476235000'),$);
#1805=IFCPROPERTYSINGLEVALUE('LV-publicatiedatum',$,IFCLABEL('1740476700000'),$);
#1806=IFCPROPERTYSINGLEVALUE('bronhouder',$,IFCLABEL('G0772'),$);
#1807=IFCPROPERTYSINGLEVALUE('inOnderzoek',$,IFCBOOLEAN(.T.),$);
#1808=IFCPROPERTYSINGLEVALUE('relatieveHoogteligging',$,IFCREAL(0.),$);
#1809=IFCPROPERTYSINGLEVALUE('bgt-status',$,IFCLABEL('bestaand'),$);
#1810=IFCPROPERTYSINGLEVALUE('plus-type',$,IFCLABEL('niet-bgt:drukknoppaal'),$);
#1811=IFCPROPERTYSET('2DLzZ2zcz9C9hvwiJPjOEL',#5,'CPset_BGT',$,(#1802,#1803,#1804,#1805,#1806,#1807,#1808,#1809,#1810));
#1812=IFCPROPERTYSINGLEVALUE('objectBegintijd',$,IFCLABEL('1739487600000'),$);
#1813=IFCPROPERTYSINGLEVALUE('identificatie',$,IFCIDENTIFIER('NL.IMGeo.G0772.73473da465fc43b7a1f5f87d72f17beb'),$);
#1814=IFCPROPERTYSINGLEVALUE('tijdstipRegistratie',$,IFCLABEL('1740476235000'),$);
#1815=IFCPROPERTYSINGLEVALUE('LV-publicatiedatum',$,IFCLABEL('1740476700000'),$);
#1816=IFCPROPERTYSINGLEVALUE('bronhouder',$,IFCLABEL('G0772'),$);
#1817=IFCPROPERTYSINGLEVALUE('inOnderzoek',$,IFCBOOLEAN(.T.),$);
#1818=IFCPROPERTYSINGLEVALUE('relatieveHoogteligging',$,IFCREAL(0.),$);
#1819=IFCPROPERTYSINGLEVALUE('bgt-status',$,IFCLABEL('bestaand'),$);
#1820=IFCPROPERTYSINGLEVALUE('plus-type',$,IFCLABEL('niet-bgt:verkeersregelinstallatiepaal'),$);
#1821=IFCPROPERTYSET('2AIcnxC$n3NPNHErnRrKXE',#5,'CPset_BGT',$,(#1812,#1813,#1814,#1815,#1816,#1817,#1818,#1819,#1820));
#1822=IFCPROPERTYSINGLEVALUE('objectBegintijd',$,IFCLABEL('1739487600000'),$);
#1823=IFCPROPERTYSINGLEVALUE('identificatie',$,IFCIDENTIFIER('NL.IMGeo.G0772.83890ad8eb4b47ff98f1eb1082093190'),$);
#1824=IFCPROPERTYSINGLEVALUE('tijdstipRegistratie',$,IFCLABEL('1740476235000'),$);
#1825=IFCPROPERTYSINGLEVALUE('LV-publicatiedatum',$,IFCLABEL('1740476700000'),$);
#1826=IFCPROPERTYSINGLEVALUE('bronhouder',$,IFCLABEL('G0772'),$);
#1827=IFCPROPERTYSINGLEVALUE('inOnderzoek',$,IFCBOOLEAN(.T.),$);
#1828=IFCPROPERTYSINGLEVALUE('relatieveHoogteligging',$,IFCREAL(0.),$);
#1829=IFCPROPERTYSINGLEVALUE('bgt-status',$,IFCLABEL('bestaand'),$);
#1830=IFCPROPERTYSINGLEVALUE('plus-type',$,IFCLABEL('niet-bgt:lichtmast'),$);
#1831=IFCPROPERTYSET('0BISTBGaz4T8SpDGTPxxuA',#5,'CPset_BGT',$,(#1822,#1823,#1824,#1825,#1826,#1827,#1828,#1829,#1830));
#1832=IFCPROPERTYSINGLEVALUE('objectBegintijd',$,IFCLABEL('1739487600000'),$);
#1833=IFCPROPERTYSINGLEVALUE('identificatie',$,IFCIDENTIFIER('NL.IMGeo.G0772.8c788e53c395461c965a56f7a6f8d7c3'),$);
#1834=IFCPROPERTYSINGLEVALUE('tijdstipRegistratie',$,IFCLABEL('1740476235000'),$);
#1835=IFCPROPERTYSINGLEVALUE('LV-publicatiedatum',$,IFCLABEL('1740476700000'),$);
#1836=IFCPROPERTYSINGLEVALUE('bronhouder',$,IFCLABEL('G0772'),$);
#1837=IFCPROPERTYSINGLEVALUE('inOnderzoek',$,IFCBOOLEAN(.T.),$);
#1838=IFCPROPERTYSINGLEVALUE('relatieveHoogteligging',$,IFCREAL(0.),$);
#1839=IFCPROPERTYSINGLEVALUE('bgt-status',$,IFCLABEL('bestaand'),$);
#1840=IFCPROPERTYSINGLEVALUE('plus-type',$,IFCLABEL('niet-bgt:verkeersregelinstallatiepaal'),$);
#1841=IFCPROPERTYSET('2mJnPA6vf2eQqvmrLgyfzE',#5,'CPset_BGT',$,(#1832,#1833,#1834,#1835,#1836,#1837,#1838,#1839,#1840));
#1842=IFCPROPERTYSINGLEVALUE('objectBegintijd',$,IFCLABEL('1739487600000'),$);
#1843=IFCPROPERTYSINGLEVALUE('identificatie',$,IFCIDENTIFIER('NL.IMGeo.G0772.8fbf9e04c18c4c82b219c5e7585ecac2'),$);
#1844=IFCPROPERTYSINGLEVALUE('tijdstipRegistratie',$,IFCLABEL('1740476235000'),$);
#1845=IFCPROPERTYSINGLEVALUE('LV-publicatiedatum',$,IFCLABEL('1740476700000'),$);
#1846=IFCPROPERTYSINGLEVALUE('bronhouder',$,IFCLABEL('G0772'),$);
#1847=IFCPROPERTYSINGLEVALUE('inOnderzoek',$,IFCBOOLEAN(.T.),$);
#1848=IFCPROPERTYSINGLEVALUE('relatieveHoogteligging',$,IFCREAL(0.),$);
#1849=IFCPROPERTYSINGLEVALUE('bgt-status',$,IFCLABEL('bestaand'),$);
#1850=IFCPROPERTYSINGLEVALUE('plus-type',$,IFCLABEL('niet-bgt:drukknoppaal'),$);
#1851=IFCPROPERTYSET('1p$RMEGMf3Zfqr7l$iO385',#5,'CPset_BGT',$,(#1842,#1843,#1844,#1845,#1846,#1847,#1848,#1849,#1850));
#1852=IFCPROPERTYSINGLEVALUE('objectBegintijd',$,IFCLABEL('1739487600000'),$);
#1853=IFCPROPERTYSINGLEVALUE('identificatie',$,IFCIDENTIFIER('NL.IMGeo.G0772.a110b809147245f0a44162aeca189dc4'),$);
#1854=IFCPROPERTYSINGLEVALUE('tijdstipRegistratie',$,IFCLABEL('1740476235000'),$);
#1855=IFCPROPERTYSINGLEVALUE('LV-publicatiedatum',$,IFCLABEL('1740476700000'),$);
#1856=IFCPROPERTYSINGLEVALUE('bronhouder',$,IFCLABEL('G0772'),$);
#1857=IFCPROPERTYSINGLEVALUE('inOnderzoek',$,IFCBOOLEAN(.T.),$);
#1858=IFCPROPERTYSINGLEVALUE('relatieveHoogteligging',$,IFCREAL(0.),$);
#1859=IFCPROPERTYSINGLEVALUE('bgt-status',$,IFCLABEL('bestaand'),$);
#1860=IFCPROPERTYSINGLEVALUE('plus-type',$,IFCLABEL('niet-bgt:verkeersregelinstallatiepaal'),$);
#1861=IFCPROPERTYSET('0InIkX_Rj9_ApN2H45Scwr',#5,'CPset_BGT',$,(#1852,#1853,#1854,#1855,#1856,#1857,#1858,#1859,#1860));
#1862=IFCPROPERTYSINGLEVALUE('objectBegintijd',$,IFCLABEL('1739487600000'),$);
#1863=IFCPROPERTYSINGLEVALUE('identificatie',$,IFCIDENTIFIER('NL.IMGeo.G0772.c75b27bb06a346e993ff4e6c98ac39b5'),$);
#1864=IFCPROPERTYSINGLEVALUE('tijdstipRegistratie',$,IFCLABEL('1740476235000'),$);
#1865=IFCPROPERTYSINGLEVALUE('LV-publicatiedatum',$,IFCLABEL('1740476700000'),$);
#1866=IFCPROPERTYSINGLEVALUE('bronhouder',$,IFCLABEL('G0772'),$);
#1867=IFCPROPERTYSINGLEVALUE('inOnderzoek',$,IFCBOOLEAN(.T.),$);
#1868=IFCPROPERTYSINGLEVALUE('relatieveHoogteligging',$,IFCREAL(0.),$);
#1869=IFCPROPERTYSINGLEVALUE('bgt-status',$,IFCLABEL('bestaand'),$);
#1870=IFCPROPERTYSINGLEVALUE('plus-type',$,IFCLABEL('niet-bgt:verkeersregelinstallatiepaal'),$);
#1871=IFCPROPERTYSET('2DE2VsKEXFTfNcZd1jc2in',#5,'CPset_BGT',$,(#1862,#1863,#1864,#1865,#1866,#1867,#1868,#1869,#1870));
#1872=IFCPROPERTYSINGLEVALUE('objectBegintijd',$,IFCLABEL('1739487600000'),$);
#1873=IFCPROPERTYSINGLEVALUE('identificatie',$,IFCIDENTIFIER('NL.IMGeo.G0772.dfa8f3fa5599443380b8495b691d43d4'),$);
#1874=IFCPROPERTYSINGLEVALUE('tijdstipRegistratie',$,IFCLABEL('1740476235000'),$);
#1875=IFCPROPERTYSINGLEVALUE('LV-publicatiedatum',$,IFCLABEL('1740476700000'),$);
#1876=IFCPROPERTYSINGLEVALUE('bronhouder',$,IFCLABEL('G0772'),$);
#1877=IFCPROPERTYSINGLEVALUE('inOnderzoek',$,IFCBOOLEAN(.T.),$);
#1878=IFCPROPERTYSINGLEVALUE('relatieveHoogteligging',$,IFCREAL(0.),$);
#1879=IFCPROPERTYSINGLEVALUE('bgt-status',$,IFCLABEL('bestaand'),$);
#1880=IFCPROPERTYSINGLEVALUE('plus-type',$,IFCLABEL('niet-bgt:lichtmast'),$);
#1881=IFCPROPERTYSET('2owk9g9v54sfMq$mgtFp22',#5,'CPset_BGT',$,(#1872,#1873,#1874,#1875,#1876,#1877,#1878,#1879,#1880));
#1882=IFCPROPERTYSINGLEVALUE('objectBegintijd',$,IFCLABEL('1739487600000'),$);
#1883=IFCPROPERTYSINGLEVALUE('identificatie',$,IFCIDENTIFIER('NL.IMGeo.G0772.f07af5cb77b149469af85315159a36cd'),$);
#1884=IFCPROPERTYSINGLEVALUE('tijdstipRegistratie',$,IFCLABEL('1740476235000'),$);
#1885=IFCPROPERTYSINGLEVALUE('LV-publicatiedatum',$,IFCLABEL('1740476700000'),$);
#1886=IFCPROPERTYSINGLEVALUE('bronhouder',$,IFCLABEL('G0772'),$);
#1887=IFCPROPERTYSINGLEVALUE('inOnderzoek',$,IFCBOOLEAN(.T.),$);
#1888=IFCPROPERTYSINGLEVALUE('relatieveHoogteligging',$,IFCREAL(0.),$);
#1889=IFCPROPERTYSINGLEVALUE('bgt-status',$,IFCLABEL('bestaand'),$);
#1890=IFCPROPERTYSINGLEVALUE('plus-type',$,IFCLABEL('niet-bgt:lichtmast'),$);
#1891=IFCPROPERTYSET('3mh5rIaVD0Hudg26Pw_FbQ',#5,'CPset_BGT',$,(#1882,#1883,#1884,#1885,#1886,#1887,#1888,#1889,#1890));
#1892=IFCPROPERTYSINGLEVALUE('objectBegintijd',$,IFCLABEL('1428357600000'),$);
#1893=IFCPROPERTYSINGLEVALUE('identificatie',$,IFCIDENTIFIER('NL.IMGeo.G0772.016cae7c4f4d410894526824bb156377'),$);
#1894=IFCPROPERTYSINGLEVALUE('tijdstipRegistratie',$,IFCLABEL('1452169524000'),$);
#1895=IFCPROPERTYSINGLEVALUE('LV-publicatiedatum',$,IFCLABEL('1459857343000'),$);
#1896=IFCPROPERTYSINGLEVALUE('bronhouder',$,IFCLABEL('G0772'),$);
#1897=IFCPROPERTYSINGLEVALUE('inOnderzoek',$,IFCBOOLEAN(.T.),$);
#1898=IFCPROPERTYSINGLEVALUE('relatieveHoogteligging',$,IFCREAL(0.),$);
#1899=IFCPROPERTYSINGLEVALUE('bgt-status',$,IFCLABEL('bestaand'),$);
#1900=IFCPROPERTYSINGLEVALUE('plus-type',$,IFCLABEL('niet-bgt:lichtmast'),$);
#1901=IFCPROPERTYSET('2Jicjhrk51Z98vTzYd0DM2',#5,'CPset_BGT',$,(#1892,#1893,#1894,#1895,#1896,#1897,#1898,#1899,#1900));
#1902=IFCPROPERTYSINGLEVALUE('objectBegintijd',$,IFCLABEL('1428357600000'),$);
#1903=IFCPROPERTYSINGLEVALUE('identificatie',$,IFCIDENTIFIER('NL.IMGeo.G0772.08e3c2c406ea41319bbef4c6d4ec7dd9'),$);
#1904=IFCPROPERTYSINGLEVALUE('tijdstipRegistratie',$,IFCLABEL('1452169524000'),$);
#1905=IFCPROPERTYSINGLEVALUE('LV-publicatiedatum',$,IFCLABEL('1459857343000'),$);
#1906=IFCPROPERTYSINGLEVALUE('bronhouder',$,IFCLABEL('G0772'),$);
#1907=IFCPROPERTYSINGLEVALUE('inOnderzoek',$,IFCBOOLEAN(.T.),$);
#1908=IFCPROPERTYSINGLEVALUE('relatieveHoogteligging',$,IFCREAL(0.),$);
#1909=IFCPROPERTYSINGLEVALUE('bgt-status',$,IFCLABEL('bestaand'),$);
#1910=IFCPROPERTYSINGLEVALUE('plus-type',$,IFCLABEL('niet-bgt:lichtmast'),$);
#1911=IFCPROPERTYSET('29_KYaEPLF_93JD$JjzF1l',#5,'CPset_BGT',$,(#1902,#1903,#1904,#1905,#1906,#1907,#1908,#1909,#1910));
#1912=IFCPROPERTYSINGLEVALUE('objectBegintijd',$,IFCLABEL('1349906400000'),$);
#1913=IFCPROPERTYSINGLEVALUE('identificatie',$,IFCIDENTIFIER('NL.IMGeo.G0772.0a619b70aae249cda9eb875c4b800c2b'),$);
#1914=IFCPROPERTYSINGLEVALUE('tijdstipRegistratie',$,IFCLABEL('1452169524000'),$);
#1915=IFCPROPERTYSINGLEVALUE('LV-publicatiedatum',$,IFCLABEL('1459857343000'),$);
#1916=IFCPROPERTYSINGLEVALUE('bronhouder',$,IFCLABEL('G0772'),$);
#1917=IFCPROPERTYSINGLEVALUE('inOnderzoek',$,IFCBOOLEAN(.T.),$);
#1918=IFCPROPERTYSINGLEVALUE('relatieveHoogteligging',$,IFCREAL(0.),$);
#1919=IFCPROPERTYSINGLEVALUE('bgt-status',$,IFCLABEL('bestaand'),$);
#1920=IFCPROPERTYSINGLEVALUE('plus-type',$,IFCLABEL('niet-bgt:lichtmast'),$);
#1921=IFCPROPERTYSET('2OcdT4xDr3ce6_qHSNsdQZ',#5,'CPset_BGT',$,(#1912,#1913,#1914,#1915,#1916,#1917,#1918,#1919,#1920));
#1922=IFCPROPERTYSINGLEVALUE('objectBegintijd',$,IFCLABEL('1428357600000'),$);
#1923=IFCPROPERTYSINGLEVALUE('identificatie',$,IFCIDENTIFIER('NL.IMGeo.G0772.0ccbd87dd8ed436d86eb02a59ada8e11'),$);
#1924=IFCPROPERTYSINGLEVALUE('tijdstipRegistratie',$,IFCLABEL('1452169524000'),$);
#1925=IFCPROPERTYSINGLEVALUE('LV-publicatiedatum',$,IFCLABEL('1459857343000'),$);
#1926=IFCPROPERTYSINGLEVALUE('bronhouder',$,IFCLABEL('G0772'),$);
#1927=IFCPROPERTYSINGLEVALUE('inOnderzoek',$,IFCBOOLEAN(.T.),$);
#1928=IFCPROPERTYSINGLEVALUE('relatieveHoogteligging',$,IFCREAL(0.),$);
#1929=IFCPROPERTYSINGLEVALUE('bgt-status',$,IFCLABEL('bestaand'),$);
#1930=IFCPROPERTYSINGLEVALUE('plus-type',$,IFCLABEL('niet-bgt:lichtmast'),$);
#1931=IFCPROPERTYSET('33FUtzaZv4AwrR3WXrROGs',#5,'CPset_BGT',$,(#1922,#1923,#1924,#1925,#1926,#1927,#1928,#1929,#1930));
#1932=IFCPROPERTYSINGLEVALUE('objectBegintijd',$,IFCLABEL('1428357600000'),$);
#1933=IFCPROPERTYSINGLEVALUE('identificatie',$,IFCIDENTIFIER('NL.IMGeo.G0772.0ce26fa582554d9caca6d9ae5d7a6cd7'),$);
#1934=IFCPROPERTYSINGLEVALUE('tijdstipRegistratie',$,IFCLABEL('1452169524000'),$);
#1935=IFCPROPERTYSINGLEVALUE('LV-publicatiedatum',$,IFCLABEL('1459857343000'),$);
#1936=IFCPROPERTYSINGLEVALUE('bronhouder',$,IFCLABEL('G0772'),$);
#1937=IFCPROPERTYSINGLEVALUE('inOnderzoek',$,IFCBOOLEAN(.T.),$);
#1938=IFCPROPERTYSINGLEVALUE('relatieveHoogteligging',$,IFCREAL(0.),$);
#1939=IFCPROPERTYSINGLEVALUE('bgt-status',$,IFCLABEL('bestaand'),$);
#1940=IFCPROPERTYSINGLEVALUE('plus-type',$,IFCLABEL('niet-bgt:lichtmast'),$);
#1941=IFCPROPERTYSET('1eVl90WS9CQAF6X6iwuh_V',#5,'CPset_BGT',$,(#1932,#1933,#1934,#1935,#1936,#1937,#1938,#1939,#1940));
#1942=IFCPROPERTYSINGLEVALUE('objectBegintijd',$,IFCLABEL('1428357600000'),$);
#1943=IFCPROPERTYSINGLEVALUE('identificatie',$,IFCIDENTIFIER('NL.IMGeo.G0772.0fba8ca654db4d51ad1a9389a6badd90'),$);
#1944=IFCPROPERTYSINGLEVALUE('tijdstipRegistratie',$,IFCLABEL('1452169524000'),$);
#1945=IFCPROPERTYSINGLEVALUE('LV-publicatiedatum',$,IFCLABEL('1459857343000'),$);
#1946=IFCPROPERTYSINGLEVALUE('bronhouder',$,IFCLABEL('G0772'),$);
#1947=IFCPROPERTYSINGLEVALUE('inOnderzoek',$,IFCBOOLEAN(.T.),$);
#1948=IFCPROPERTYSINGLEVALUE('relatieveHoogteligging',$,IFCREAL(0.),$);
#1949=IFCPROPERTYSINGLEVALUE('bgt-status',$,IFCLABEL('bestaand'),$);
#1950=IFCPROPERTYSINGLEVALUE('plus-type',$,IFCLABEL('niet-bgt:lichtmast'),$);
#1951=IFCPROPERTYSET('0xqdBY40f4mPcCcs8Piouo',#5,'CPset_BGT',$,(#1942,#1943,#1944,#1945,#1946,#1947,#1948,#1949,#1950));
#1952=IFCPROPERTYSINGLEVALUE('objectBegintijd',$,IFCLABEL('1317679200000'),$);
#1953=IFCPROPERTYSINGLEVALUE('identificatie',$,IFCIDENTIFIER('NL.IMGeo.G0772.1322a3cb4eac41f5b67aa36ec23c3680'),$);
#1954=IFCPROPERTYSINGLEVALUE('tijdstipRegistratie',$,IFCLABEL('1452169524000'),$);
#1955=IFCPROPERTYSINGLEVALUE('LV-publicatiedatum',$,IFCLABEL('1459857343000'),$);
#1956=IFCPROPERTYSINGLEVALUE('bronhouder',$,IFCLABEL('G0772'),$);
#1957=IFCPROPERTYSINGLEVALUE('inOnderzoek',$,IFCBOOLEAN(.T.),$);
#1958=IFCPROPERTYSINGLEVALUE('relatieveHoogteligging',$,IFCREAL(0.),$);
#1959=IFCPROPERTYSINGLEVALUE('bgt-status',$,IFCLABEL('bestaand'),$);
#1960=IFCPROPERTYSINGLEVALUE('plus-type',$,IFCLABEL('niet-bgt:lichtmast'),$);
#1961=IFCPROPERTYSET('3UnPMv$Hz1sPZAX84J$63z',#5,'CPset_BGT',$,(#1952,#1953,#1954,#1955,#1956,#1957,#1958,#1959,#1960));
#1962=IFCPROPERTYSINGLEVALUE('objectBegintijd',$,IFCLABEL('1428357600000'),$);
#1963=IFCPROPERTYSINGLEVALUE('identificatie',$,IFCIDENTIFIER('NL.IMGeo.G0772.1542faa475464ba2b02400c21f30bac8'),$);
#1964=IFCPROPERTYSINGLEVALUE('tijdstipRegistratie',$,IFCLABEL('1452169524000'),$);
#1965=IFCPROPERTYSINGLEVALUE('LV-publicatiedatum',$,IFCLABEL('1459857343000'),$);
#1966=IFCPROPERTYSINGLEVALUE('bronhouder',$,IFCLABEL('G0772'),$);
#1967=IFCPROPERTYSINGLEVALUE('inOnderzoek',$,IFCBOOLEAN(.T.),$);
#1968=IFCPROPERTYSINGLEVALUE('relatieveHoogteligging',$,IFCREAL(0.),$);
#1969=IFCPROPERTYSINGLEVALUE('bgt-status',$,IFCLABEL('bestaand'),$);
#1970=IFCPROPERTYSINGLEVALUE('plus-type',$,IFCLABEL('niet-bgt:lichtmast'),$);
#1971=IFCPROPERTYSET('1JydIN18z2LAnw3JBdOTFe',#5,'CPset_BGT',$,(#1962,#1963,#1964,#1965,#1966,#1967,#1968,#1969,#1970));
#1972=IFCPROPERTYSINGLEVALUE('objectBegintijd',$,IFCLABEL('1317679200000'),$);
#1973=IFCPROPERTYSINGLEVALUE('identificatie',$,IFCIDENTIFIER('NL.IMGeo.G0772.157461bfee4344aa9aa94c1400eb4ca6'),$);
#1974=IFCPROPERTYSINGLEVALUE('tijdstipRegistratie',$,IFCLABEL('1452169524000'),$);
#1975=IFCPROPERTYSINGLEVALUE('LV-publicatiedatum',$,IFCLABEL('1459857343000'),$);
#1976=IFCPROPERTYSINGLEVALUE('bronhouder',$,IFCLABEL('G0772'),$);
#1977=IFCPROPERTYSINGLEVALUE('inOnderzoek',$,IFCBOOLEAN(.T.),$);
#1978=IFCPROPERTYSINGLEVALUE('relatieveHoogteligging',$,IFCREAL(0.),$);
#1979=IFCPROPERTYSINGLEVALUE('bgt-status',$,IFCLABEL('bestaand'),$);
#1980=IFCPROPERTYSINGLEVALUE('plus-type',$,IFCLABEL('niet-bgt:lichtmast'),$);
#1981=IFCPROPERTYSET('0Cw$bOsLr6uB$A$M6t2TeF',#5,'CPset_BGT',$,(#1972,#1973,#1974,#1975,#1976,#1977,#1978,#1979,#1980));
#1982=IFCPROPERTYSINGLEVALUE('objectBegintijd',$,IFCLABEL('1349906400000'),$);
#1983=IFCPROPERTYSINGLEVALUE('identificatie',$,IFCIDENTIFIER('NL.IMGeo.G0772.16ee64fcbad64d00acfa7a8ad96e66cf'),$);
#1984=IFCPROPERTYSINGLEVALUE('tijdstipRegistratie',$,IFCLABEL('1452169524000'),$);
#1985=IFCPROPERTYSINGLEVALUE('LV-publicatiedatum',$,IFCLABEL('1459857343000'),$);
#1986=IFCPROPERTYSINGLEVALUE('bronhouder',$,IFCLABEL('G0772'),$);
#1987=IFCPROPERTYSINGLEVALUE('inOnderzoek',$,IFCBOOLEAN(.T.),$);
#1988=IFCPROPERTYSINGLEVALUE('relatieveHoogteligging',$,IFCREAL(0.),$);
#1989=IFCPROPERTYSINGLEVALUE('bgt-status',$,IFCLABEL('bestaand'),$);
#1990=IFCPROPERTYSINGLEVALUE('plus-type',$,IFCLABEL('niet-bgt:lichtmast'),$);
#1991=IFCPROPERTYSET('1xPtG41750Y9JcZRz3fHcb',#5,'CPset_BGT',$,(#1982,#1983,#1984,#1985,#1986,#1987,#1988,#1989,#1990));
#1992=IFCPROPERTYSINGLEVALUE('objectBegintijd',$,IFCLABEL('1317679200000'),$);
#1993=IFCPROPERTYSINGLEVALUE('identificatie',$,IFCIDENTIFIER('NL.IMGeo.G0772.1f550c903e8b42b187f477b1c4533705'),$);
#1994=IFCPROPERTYSINGLEVALUE('tijdstipRegistratie',$,IFCLABEL('1452169524000'),$);
#1995=IFCPROPERTYSINGLEVALUE('LV-publicatiedatum',$,IFCLABEL('1459857343000'),$);
#1996=IFCPROPERTYSINGLEVALUE('bronhouder',$,IFCLABEL('G0772'),$);
#1997=IFCPROPERTYSINGLEVALUE('inOnderzoek',$,IFCBOOLEAN(.T.),$);
#1998=IFCPROPERTYSINGLEVALUE('relatieveHoogteligging',$,IFCREAL(0.),$);
#1999=IFCPROPERTYSINGLEVALUE('bgt-status',$,IFCLABEL('bestaand'),$);
#2000=IFCPROPERTYSINGLEVALUE('plus-type',$,IFCLABEL('niet-bgt:lichtmast'),$);
#2001=IFCPROPERTYSET('3yWHymKi9DvxCeG$zQjaz3',#5,'CPset_BGT',$,(#1992,#1993,#1994,#1995,#1996,#1997,#1998,#1999,#2000));
#2002=IFCPROPERTYSINGLEVALUE('objectBegintijd',$,IFCLABEL('1349906400000'),$);
#2003=IFCPROPERTYSINGLEVALUE('identificatie',$,IFCIDENTIFIER('NL.IMGeo.G0772.1fc3d553b8064764a4b798f4623eb6c7'),$);
#2004=IFCPROPERTYSINGLEVALUE('tijdstipRegistratie',$,IFCLABEL('1452169524000'),$);
#2005=IFCPROPERTYSINGLEVALUE('LV-publicatiedatum',$,IFCLABEL('1459857343000'),$);
#2006=IFCPROPERTYSINGLEVALUE('bronhouder',$,IFCLABEL('G0772'),$);
#2007=IFCPROPERTYSINGLEVALUE('inOnderzoek',$,IFCBOOLEAN(.T.),$);
#2008=IFCPROPERTYSINGLEVALUE('relatieveHoogteligging',$,IFCREAL(0.),$);
#2009=IFCPROPERTYSINGLEVALUE('bgt-status',$,IFCLABEL('bestaand'),$);
#2010=IFCPROPERTYSINGLEVALUE('plus-type',$,IFCLABEL('niet-bgt:lichtmast'),$);
#2011=IFCPROPERTYSET('12OamNM796TgSfRHs6CI6Q',#5,'CPset_BGT',$,(#2002,#2003,#2004,#2005,#2006,#2007,#2008,#2009,#2010));
#2012=IFCPROPERTYSINGLEVALUE('objectBegintijd',$,IFCLABEL('1428357600000'),$);
#2013=IFCPROPERTYSINGLEVALUE('identificatie',$,IFCIDENTIFIER('NL.IMGeo.G0772.20ddeaadc6894c09874e1096d048adc0'),$);
#2014=IFCPROPERTYSINGLEVALUE('tijdstipRegistratie',$,IFCLABEL('1452169524000'),$);
#2015=IFCPROPERTYSINGLEVALUE('LV-publicatiedatum',$,IFCLABEL('1459857343000'),$);
#2016=IFCPROPERTYSINGLEVALUE('bronhouder',$,IFCLABEL('G0772'),$);
#2017=IFCPROPERTYSINGLEVALUE('inOnderzoek',$,IFCBOOLEAN(.T.),$);
#2018=IFCPROPERTYSINGLEVALUE('relatieveHoogteligging',$,IFCREAL(0.),$);
#2019=IFCPROPERTYSINGLEVALUE('bgt-status',$,IFCLABEL('bestaand'),$);
#2020=IFCPROPERTYSINGLEVALUE('plus-type',$,IFCLABEL('niet-bgt:lichtmast'),$);
#2021=IFCPROPERTYSET('38O0uc4d5BP9A$TOsoFmRn',#5,'CPset_BGT',$,(#2012,#2013,#2014,#2015,#2016,#2017,#2018,#2019,#2020));
#2022=IFCPROPERTYSINGLEVALUE('objectBegintijd',$,IFCLABEL('1428357600000'),$);
#2023=IFCPROPERTYSINGLEVALUE('identificatie',$,IFCIDENTIFIER('NL.IMGeo.G0772.224b1912531b42a1a3b652f7b7290a9e'),$);
#2024=IFCPROPERTYSINGLEVALUE('tijdstipRegistratie',$,IFCLABEL('1452169524000'),$);
#2025=IFCPROPERTYSINGLEVALUE('LV-publicatiedatum',$,IFCLABEL('1459857343000'),$);
#2026=IFCPROPERTYSINGLEVALUE('bronhouder',$,IFCLABEL('G0772'),$);
#2027=IFCPROPERTYSINGLEVALUE('inOnderzoek',$,IFCBOOLEAN(.T.),$);
#2028=IFCPROPERTYSINGLEVALUE('relatieveHoogteligging',$,IFCREAL(0.),$);
#2029=IFCPROPERTYSINGLEVALUE('bgt-status',$,IFCLABEL('bestaand'),$);
#2030=IFCPROPERTYSINGLEVALUE('plus-type',$,IFCLABEL('niet-bgt:lichtmast'),$);
#2031=IFCPROPERTYSET('0$62CAdm9C6eIrUj2N6Aot',#5,'CPset_BGT',$,(#2022,#2023,#2024,#2025,#2026,#2027,#2028,#2029,#2030));
#2032=IFCPROPERTYSINGLEVALUE('objectBegintijd',$,IFCLABEL('1349906400000'),$);
#2033=IFCPROPERTYSINGLEVALUE('identificatie',$,IFCIDENTIFIER('NL.IMGeo.G0772.231e8fd59b5c4ddba7dc8755a3be242e'),$);
#2034=IFCPROPERTYSINGLEVALUE('tijdstipRegistratie',$,IFCLABEL('1452169524000'),$);
#2035=IFCPROPERTYSINGLEVALUE('LV-publicatiedatum',$,IFCLABEL('1459857343000'),$);
#2036=IFCPROPERTYSINGLEVALUE('bronhouder',$,IFCLABEL('G0772'),$);
#2037=IFCPROPERTYSINGLEVALUE('inOnderzoek',$,IFCBOOLEAN(.T.),$);
#2038=IFCPROPERTYSINGLEVALUE('relatieveHoogteligging',$,IFCREAL(0.),$);
#2039=IFCPROPERTYSINGLEVALUE('bgt-status',$,IFCLABEL('bestaand'),$);
#2040=IFCPROPERTYSINGLEVALUE('plus-type',$,IFCLABEL('niet-bgt:lichtmast'),$);
#2041=IFCPROPERTYSET('2JV4r2GtX2vQteupEP07GA',#5,'CPset_BGT',$,(#2032,#2033,#2034,#2035,#2036,#2037,#2038,#2039,#2040));
#2042=IFCPROPERTYSINGLEVALUE('objectBegintijd',$,IFCLABEL('1409781600000'),$);
#2043=IFCPROPERTYSINGLEVALUE('identificatie',$,IFCIDENTIFIER('NL.IMGeo.G0772.273d35393a614eddbc255ed5b1abd8a1'),$);
#2044=IFCPROPERTYSINGLEVALUE('tijdstipRegistratie',$,IFCLABEL('1452169524000'),$);
#2045=IFCPROPERTYSINGLEVALUE('LV-publicatiedatum',$,IFCLABEL('1459857343000'),$);
#2046=IFCPROPERTYSINGLEVALUE('bronhouder',$,IFCLABEL('G0772'),$);
#2047=IFCPROPERTYSINGLEVALUE('inOnderzoek',$,IFCBOOLEAN(.T.),$);
#2048=IFCPROPERTYSINGLEVALUE('relatieveHoogteligging',$,IFCREAL(0.),$);
#2049=IFCPROPERTYSINGLEVALUE('bgt-status',$,IFCLABEL('bestaand'),$);
#2050=IFCPROPERTYSINGLEVALUE('plus-type',$,IFCLABEL('niet-bgt'),$);
#2051=IFCPROPERTYSET('2dj$H8k01DkBfZgEi9dRIB',#5,'CPset_BGT',$,(#2042,#2043,#2044,#2045,#2046,#2047,#2048,#2049,#2050));
#2052=IFCPROPERTYSINGLEVALUE('objectBegintijd',$,IFCLABEL('1409781600000'),$);
#2053=IFCPROPERTYSINGLEVALUE('identificatie',$,IFCIDENTIFIER('NL.IMGeo.G0772.29d31261919b4e81ab66e284f81ecd52'),$);
#2054=IFCPROPERTYSINGLEVALUE('tijdstipRegistratie',$,IFCLABEL('1452169524000'),$);
#2055=IFCPROPERTYSINGLEVALUE('LV-publicatiedatum',$,IFCLABEL('1459857343000'),$);
#2056=IFCPROPERTYSINGLEVALUE('bronhouder',$,IFCLABEL('G0772'),$);
#2057=IFCPROPERTYSINGLEVALUE('inOnderzoek',$,IFCBOOLEAN(.T.),$);
#2058=IFCPROPERTYSINGLEVALUE('relatieveHoogteligging',$,IFCREAL(0.),$);
#2059=IFCPROPERTYSINGLEVALUE('bgt-status',$,IFCLABEL('bestaand'),$);
#2060=IFCPROPERTYSINGLEVALUE('plus-type',$,IFCLABEL('niet-bgt'),$);
#2061=IFCPROPERTYSET('3wF$2Xi_j4tgYNR$BuKwXz',#5,'CPset_BGT',$,(#2052,#2053,#2054,#2055,#2056,#2057,#2058,#2059,#2060));
#2062=IFCPROPERTYSINGLEVALUE('objectBegintijd',$,IFCLABEL('1361746800000'),$);
#2063=IFCPROPERTYSINGLEVALUE('identificatie',$,IFCIDENTIFIER('NL.IMGeo.G0772.2c88076546a242ce8f2d14fe47a2d8e8'),$);
#2064=IFCPROPERTYSINGLEVALUE('tijdstipRegistratie',$,IFCLABEL('1452169524000'),$);
#2065=IFCPROPERTYSINGLEVALUE('LV-publicatiedatum',$,IFCLABEL('1459857343000'),$);
#2066=IFCPROPERTYSINGLEVALUE('bronhouder',$,IFCLABEL('G0772'),$);
#2067=IFCPROPERTYSINGLEVALUE('inOnderzoek',$,IFCBOOLEAN(.T.),$);
#2068=IFCPROPERTYSINGLEVALUE('relatieveHoogteligging',$,IFCREAL(0.),$);
#2069=IFCPROPERTYSINGLEVALUE('bgt-status',$,IFCLABEL('bestaand'),$);
#2070=IFCPROPERTYSINGLEVALUE('plus-type',$,IFCLABEL('niet-bgt:lichtmast'),$);
#2071=IFCPROPERTYSET('1ShL2qYerFt8WqNdZjifQ1',#5,'CPset_BGT',$,(#2062,#2063,#2064,#2065,#2066,#2067,#2068,#2069,#2070));
#2072=IFCPROPERTYSINGLEVALUE('objectBegintijd',$,IFCLABEL('1349906400000'),$);
#2073=IFCPROPERTYSINGLEVALUE('identificatie',$,IFCIDENTIFIER('NL.IMGeo.G0772.2f80f6897490485ca329479223fbc6ef'),$);
#2074=IFCPROPERTYSINGLEVALUE('tijdstipRegistratie',$,IFCLABEL('1452169524000'),$);
#2075=IFCPROPERTYSINGLEVALUE('LV-publicatiedatum',$,IFCLABEL('1459857343000'),$);
#2076=IFCPROPERTYSINGLEVALUE('bronhouder',$,IFCLABEL('G0772'),$);
#2077=IFCPROPERTYSINGLEVALUE('inOnderzoek',$,IFCBOOLEAN(.T.),$);
#2078=IFCPROPERTYSINGLEVALUE('relatieveHoogteligging',$,IFCREAL(0.),$);
#2079=IFCPROPERTYSINGLEVALUE('bgt-status',$,IFCLABEL('bestaand'),$);
#2080=IFCPROPERTYSINGLEVALUE('plus-type',$,IFCLABEL('niet-bgt:lichtmast'),$);
#2081=IFCPROPERTYSET('1JwTStT8nDPAmtn46r_jOX',#5,'CPset_BGT',$,(#2072,#2073,#2074,#2075,#2076,#2077,#2078,#2079,#2080));
#2082=IFCPROPERTYSINGLEVALUE('objectBegintijd',$,IFCLABEL('1349906400000'),$);
#2083=IFCPROPERTYSINGLEVALUE('identificatie',$,IFCIDENTIFIER('NL.IMGeo.G0772.3877e7722e524a4781a0645970340eae'),$);
#2084=IFCPROPERTYSINGLEVALUE('tijdstipRegistratie',$,IFCLABEL('1452169524000'),$);
#2085=IFCPROPERTYSINGLEVALUE('LV-publicatiedatum',$,IFCLABEL('1459857343000'),$);
#2086=IFCPROPERTYSINGLEVALUE('bronhouder',$,IFCLABEL('G0772'),$);
#2087=IFCPROPERTYSINGLEVALUE('inOnderzoek',$,IFCBOOLEAN(.T.),$);
#2088=IFCPROPERTYSINGLEVALUE('relatieveHoogteligging',$,IFCREAL(0.),$);
#2089=IFCPROPERTYSINGLEVALUE('bgt-status',$,IFCLABEL('bestaand'),$);
#2090=IFCPROPERTYSINGLEVALUE('plus-type',$,IFCLABEL('niet-bgt:lichtmast'),$);
#2091=IFCPROPERTYSET('3tXoM2wiP0VehS99AXSVuE',#5,'CPset_BGT',$,(#2082,#2083,#2084,#2085,#2086,#2087,#2088,#2089,#2090));
#2092=IFCPROPERTYSINGLEVALUE('objectBegintijd',$,IFCLABEL('1275602400000'),$);
#2093=IFCPROPERTYSINGLEVALUE('identificatie',$,IFCIDENTIFIER('NL.IMGeo.G0772.38efc3068dc949a0bea81ce2aa39c649'),$);
#2094=IFCPROPERTYSINGLEVALUE('tijdstipRegistratie',$,IFCLABEL('1452169524000'),$);
#2095=IFCPROPERTYSINGLEVALUE('LV-publicatiedatum',$,IFCLABEL('1459857343000'),$);
#2096=IFCPROPERTYSINGLEVALUE('bronhouder',$,IFCLABEL('G0772'),$);
#2097=IFCPROPERTYSINGLEVALUE('inOnderzoek',$,IFCBOOLEAN(.T.),$);
#2098=IFCPROPERTYSINGLEVALUE('relatieveHoogteligging',$,IFCREAL(0.),$);
#2099=IFCPROPERTYSINGLEVALUE('bgt-status',$,IFCLABEL('bestaand'),$);
#2100=IFCPROPERTYSINGLEVALUE('plus-type',$,IFCLABEL('niet-bgt:lichtmast'),$);
#2101=IFCPROPERTYSET('36tjt9T195CeFVzyK7ctZ$',#5,'CPset_BGT',$,(#2092,#2093,#2094,#2095,#2096,#2097,#2098,#2099,#2100));
#2102=IFCPROPERTYSINGLEVALUE('objectBegintijd',$,IFCLABEL('1361746800000'),$);
#2103=IFCPROPERTYSINGLEVALUE('identificatie',$,IFCIDENTIFIER('NL.IMGeo.G0772.3a92054fc0ad4bf4b87dfdc29a8478ea'),$);
#2104=IFCPROPERTYSINGLEVALUE('tijdstipRegistratie',$,IFCLABEL('1452169524000'),$);
#2105=IFCPROPERTYSINGLEVALUE('LV-publicatiedatum',$,IFCLABEL('1459857343000'),$);
#2106=IFCPROPERTYSINGLEVALUE('bronhouder',$,IFCLABEL('G0772'),$);
#2107=IFCPROPERTYSINGLEVALUE('inOnderzoek',$,IFCBOOLEAN(.T.),$);
#2108=IFCPROPERTYSINGLEVALUE('relatieveHoogteligging',$,IFCREAL(0.),$);
#2109=IFCPROPERTYSINGLEVALUE('bgt-status',$,IFCLABEL('bestaand'),$);
#2110=IFCPROPERTYSINGLEVALUE('plus-type',$,IFCLABEL('niet-bgt:lichtmast'),$);
#2111=IFCPROPERTYSET('1ePE4pryLF9R8JCpG1$pkS',#5,'CPset_BGT',$,(#2102,#2103,#2104,#2105,#2106,#2107,#2108,#2109,#2110));
#2112=IFCPROPERTYSINGLEVALUE('objectBegintijd',$,IFCLABEL('1317679200000'),$);
#2113=IFCPROPERTYSINGLEVALUE('identificatie',$,IFCIDENTIFIER('NL.IMGeo.G0772.3afb432846e8431d82b0542b170bca04'),$);
#2114=IFCPROPERTYSINGLEVALUE('tijdstipRegistratie',$,IFCLABEL('1452169524000'),$);
#2115=IFCPROPERTYSINGLEVALUE('LV-publicatiedatum',$,IFCLABEL('1459857343000'),$);
#2116=IFCPROPERTYSINGLEVALUE('bronhouder',$,IFCLABEL('G0772'),$);
#2117=IFCPROPERTYSINGLEVALUE('inOnderzoek',$,IFCBOOLEAN(.T.),$);
#2118=IFCPROPERTYSINGLEVALUE('relatieveHoogteligging',$,IFCREAL(0.),$);
#2119=IFCPROPERTYSINGLEVALUE('bgt-status',$,IFCLABEL('bestaand'),$);
#2120=IFCPROPERTYSINGLEVALUE('plus-type',$,IFCLABEL('niet-bgt:lichtmast'),$);
#2121=IFCPROPERTYSET('2GLmMq5On2PPBUPJGKdmpJ',#5,'CPset_BGT',$,(#2112,#2113,#2114,#2115,#2116,#2117,#2118,#2119,#2120));
#2122=IFCPROPERTYSINGLEVALUE('objectBegintijd',$,IFCLABEL('1428357600000'),$);
#2123=IFCPROPERTYSINGLEVALUE('identificatie',$,IFCIDENTIFIER('NL.IMGeo.G0772.3d96bb4e295a4440bf2456db03604bf9'),$);
#2124=IFCPROPERTYSINGLEVALUE('tijdstipRegistratie',$,IFCLABEL('1452169524000'),$);
#2125=IFCPROPERTYSINGLEVALUE('LV-publicatiedatum',$,IFCLABEL('1459857343000'),$);
#2126=IFCPROPERTYSINGLEVALUE('bronhouder',$,IFCLABEL('G0772'),$);
#2127=IFCPROPERTYSINGLEVALUE('inOnderzoek',$,IFCBOOLEAN(.T.),$);
#2128=IFCPROPERTYSINGLEVALUE('relatieveHoogteligging',$,IFCREAL(0.),$);
#2129=IFCPROPERTYSINGLEVALUE('bgt-status',$,IFCLABEL('bestaand'),$);
#2130=IFCPROPERTYSINGLEVALUE('plus-type',$,IFCLABEL('niet-bgt:lichtmast'),$);
#2131=IFCPROPERTYSET('2bWGi7gYT0XhFQju6oz6Dp',#5,'CPset_BGT',$,(#2122,#2123,#2124,#2125,#2126,#2127,#2128,#2129,#2130));
#2132=IFCPROPERTYSINGLEVALUE('objectBegintijd',$,IFCLABEL('1349906400000'),$);
#2133=IFCPROPERTYSINGLEVALUE('identificatie',$,IFCIDENTIFIER('NL.IMGeo.G0772.473cc52ebee24f7899ac1d425a4a8d83'),$);
#2134=IFCPROPERTYSINGLEVALUE('tijdstipRegistratie',$,IFCLABEL('1452169524000'),$);
#2135=IFCPROPERTYSINGLEVALUE('LV-publicatiedatum',$,IFCLABEL('1459857343000'),$);
#2136=IFCPROPERTYSINGLEVALUE('bronhouder',$,IFCLABEL('G0772'),$);
#2137=IFCPROPERTYSINGLEVALUE('inOnderzoek',$,IFCBOOLEAN(.T.),$);
#2138=IFCPROPERTYSINGLEVALUE('relatieveHoogteligging',$,IFCREAL(0.),$);
#2139=IFCPROPERTYSINGLEVALUE('bgt-status',$,IFCLABEL('bestaand'),$);
#2140=IFCPROPERTYSINGLEVALUE('plus-type',$,IFCLABEL('niet-bgt:lichtmast'),$);
#2141=IFCPROPERTYSET('0DBZPCSlPA_9eSnrdICIIC',#5,'CPset_BGT',$,(#2132,#2133,#2134,#2135,#2136,#2137,#2138,#2139,#2140));
#2142=IFCPROPERTYSINGLEVALUE('objectBegintijd',$,IFCLABEL('1428357600000'),$);
#2143=IFCPROPERTYSINGLEVALUE('identificatie',$,IFCIDENTIFIER('NL.IMGeo.G0772.4b9aba087c8545119623baa28df21245'),$);
#2144=IFCPROPERTYSINGLEVALUE('tijdstipRegistratie',$,IFCLABEL('1452169524000'),$);
#2145=IFCPROPERTYSINGLEVALUE('LV-publicatiedatum',$,IFCLABEL('1459857343000'),$);
#2146=IFCPROPERTYSINGLEVALUE('bronhouder',$,IFCLABEL('G0772'),$);
#2147=IFCPROPERTYSINGLEVALUE('inOnderzoek',$,IFCBOOLEAN(.T.),$);
#2148=IFCPROPERTYSINGLEVALUE('relatieveHoogteligging',$,IFCREAL(0.),$);
#2149=IFCPROPERTYSINGLEVALUE('bgt-status',$,IFCLABEL('bestaand'),$);
#2150=IFCPROPERTYSINGLEVALUE('plus-type',$,IFCLABEL('niet-bgt:lichtmast'),$);
#2151=IFCPROPERTYSET('1Bl_P6pMrECuImlUhLDcY4',#5,'CPset_BGT',$,(#2142,#2143,#2144,#2145,#2146,#2147,#2148,#2149,#2150));
#2152=IFCPROPERTYSINGLEVALUE('objectBegintijd',$,IFCLABEL('1317679200000'),$);
#2153=IFCPROPERTYSINGLEVALUE('identificatie',$,IFCIDENTIFIER('NL.IMGeo.G0772.4e29618e3fca435ab6bc6fa51762f835'),$);
#2154=IFCPROPERTYSINGLEVALUE('tijdstipRegistratie',$,IFCLABEL('1452169524000'),$);
#2155=IFCPROPERTYSINGLEVALUE('LV-publicatiedatum',$,IFCLABEL('1459857343000'),$);
#2156=IFCPROPERTYSINGLEVALUE('bronhouder',$,IFCLABEL('G0772'),$);
#2157=IFCPROPERTYSINGLEVALUE('inOnderzoek',$,IFCBOOLEAN(.T.),$);
#2158=IFCPROPERTYSINGLEVALUE('relatieveHoogteligging',$,IFCREAL(0.),$);
#2159=IFCPROPERTYSINGLEVALUE('bgt-status',$,IFCLABEL('bestaand'),$);
#2160=IFCPROPERTYSINGLEVALUE('plus-type',$,IFCLABEL('niet-bgt:verkeersregelinstallatiepaal'),$);
#2161=IFCPROPERTYSET('0OtaByRhb7Hhcy5tZYGU0Z',#5,'CPset_BGT',$,(#2152,#2153,#2154,#2155,#2156,#2157,#2158,#2159,#2160));
#2162=IFCPROPERTYSINGLEVALUE('objectBegintijd',$,IFCLABEL('1428357600000'),$);
#2163=IFCPROPERTYSINGLEVALUE('identificatie',$,IFCIDENTIFIER('NL.IMGeo.G0772.51e58eee50a846dc934c5cad4cb7b738'),$);
#2164=IFCPROPERTYSINGLEVALUE('tijdstipRegistratie',$,IFCLABEL('1452169524000'),$);
#2165=IFCPROPERTYSINGLEVALUE('LV-publicatiedatum',$,IFCLABEL('1459857343000'),$);
#2166=IFCPROPERTYSINGLEVALUE('bronhouder',$,IFCLABEL('G0772'),$);
#2167=IFCPROPERTYSINGLEVALUE('inOnderzoek',$,IFCBOOLEAN(.T.),$);
#2168=IFCPROPERTYSINGLEVALUE('relatieveHoogteligging',$,IFCREAL(0.),$);
#2169=IFCPROPERTYSINGLEVALUE('bgt-status',$,IFCLABEL('bestaand'),$);
#2170=IFCPROPERTYSINGLEVALUE('plus-type',$,IFCLABEL('niet-bgt:lichtmast'),$);
#2171=IFCPROPERTYSET('0eDr$HCIr0BAFPD8$tPX3i',#5,'CPset_BGT',$,(#2162,#2163,#2164,#2165,#2166,#2167,#2168,#2169,#2170));
#2172=IFCPROPERTYSINGLEVALUE('objectBegintijd',$,IFCLABEL('1349906400000'),$);
#2173=IFCPROPERTYSINGLEVALUE('identificatie',$,IFCIDENTIFIER('NL.IMGeo.G0772.56b8a87e1b5a41bbbb465158f692fc10'),$);
#2174=IFCPROPERTYSINGLEVALUE('tijdstipRegistratie',$,IFCLABEL('1452169524000'),$);
#2175=IFCPROPERTYSINGLEVALUE('LV-publicatiedatum',$,IFCLABEL('1459857343000'),$);
#2176=IFCPROPERTYSINGLEVALUE('bronhouder',$,IFCLABEL('G0772'),$);
#2177=IFCPROPERTYSINGLEVALUE('inOnderzoek',$,IFCBOOLEAN(.T.),$);
#2178=IFCPROPERTYSINGLEVALUE('relatieveHoogteligging',$,IFCREAL(0.),$);
#2179=IFCPROPERTYSINGLEVALUE('bgt-status',$,IFCLABEL('bestaand'),$);
#2180=IFCPROPERTYSINGLEVALUE('plus-type',$,IFCLABEL('niet-bgt:lichtmast'),$);
#2181=IFCPROPERTYSET('1fgqy7Bt5C7QjeZfHEc58m',#5,'CPset_BGT',$,(#2172,#2173,#2174,#2175,#2176,#2177,#2178,#2179,#2180));
#2182=IFCPROPERTYSINGLEVALUE('objectBegintijd',$,IFCLABEL('1428357600000'),$);
#2183=IFCPROPERTYSINGLEVALUE('identificatie',$,IFCIDENTIFIER('NL.IMGeo.G0772.5b96d7e95819421ab50f6c6e734687a4'),$);
#2184=IFCPROPERTYSINGLEVALUE('tijdstipRegistratie',$,IFCLABEL('1452169524000'),$);
#2185=IFCPROPERTYSINGLEVALUE('LV-publicatiedatum',$,IFCLABEL('1459857343000'),$);
#2186=IFCPROPERTYSINGLEVALUE('bronhouder',$,IFCLABEL('G0772'),$);
#2187=IFCPROPERTYSINGLEVALUE('inOnderzoek',$,IFCBOOLEAN(.T.),$);
#2188=IFCPROPERTYSINGLEVALUE('relatieveHoogteligging',$,IFCREAL(0.),$);
#2189=IFCPROPERTYSINGLEVALUE('bgt-status',$,IFCLABEL('bestaand'),$);
#2190=IFCPROPERTYSINGLEVALUE('plus-type',$,IFCLABEL('niet-bgt:lichtmast'),$);
#2191=IFCPROPERTYSET('2DOa_2TZj1bwmCvxdSZqy3',#5,'CPset_BGT',$,(#2182,#2183,#2184,#2185,#2186,#2187,#2188,#2189,#2190));
#2192=IFCPROPERTYSINGLEVALUE('objectBegintijd',$,IFCLABEL('1428357600000'),$);
#2193=IFCPROPERTYSINGLEVALUE('identificatie',$,IFCIDENTIFIER('NL.IMGeo.G0772.5d5a7ae46a464290afe9d1edc35cd53e'),$);
#2194=IFCPROPERTYSINGLEVALUE('tijdstipRegistratie',$,IFCLABEL('1452169524000'),$);
#2195=IFCPROPERTYSINGLEVALUE('LV-publicatiedatum',$,IFCLABEL('1459857343000'),$);
#2196=IFCPROPERTYSINGLEVALUE('bronhouder',$,IFCLABEL('G0772'),$);
#2197=IFCPROPERTYSINGLEVALUE('inOnderzoek',$,IFCBOOLEAN(.T.),$);
#2198=IFCPROPERTYSINGLEVALUE('relatieveHoogteligging',$,IFCREAL(0.),$);
#2199=IFCPROPERTYSINGLEVALUE('bgt-status',$,IFCLABEL('bestaand'),$);
#2200=IFCPROPERTYSINGLEVALUE('plus-type',$,IFCLABEL('niet-bgt:lichtmast'),$);
#2201=IFCPROPERTYSET('2zcf8inDzAWQlQ7xdrU77H',#5,'CPset_BGT',$,(#2192,#2193,#2194,#2195,#2196,#2197,#2198,#2199,#2200));
#2202=IFCPROPERTYSINGLEVALUE('objectBegintijd',$,IFCLABEL('1428357600000'),$);
#2203=IFCPROPERTYSINGLEVALUE('identificatie',$,IFCIDENTIFIER('NL.IMGeo.G0772.6082b5620aca4f15b09f2c3dfa83d7f3'),$);
#2204=IFCPROPERTYSINGLEVALUE('tijdstipRegistratie',$,IFCLABEL('1452169524000'),$);
#2205=IFCPROPERTYSINGLEVALUE('LV-publicatiedatum',$,IFCLABEL('1459857343000'),$);
#2206=IFCPROPERTYSINGLEVALUE('bronhouder',$,IFCLABEL('G0772'),$);
#2207=IFCPROPERTYSINGLEVALUE('inOnderzoek',$,IFCBOOLEAN(.T.),$);
#2208=IFCPROPERTYSINGLEVALUE('relatieveHoogteligging',$,IFCREAL(0.),$);
#2209=IFCPROPERTYSINGLEVALUE('bgt-status',$,IFCLABEL('bestaand'),$);
#2210=IFCPROPERTYSINGLEVALUE('plus-type',$,IFCLABEL('niet-bgt:lichtmast'),$);
#2211=IFCPROPERTYSET('3xtz_ampbA0xUam5Z5c_O$',#5,'CPset_BGT',$,(#2202,#2203,#2204,#2205,#2206,#2207,#2208,#2209,#2210));
#2212=IFCPROPERTYSINGLEVALUE('objectBegintijd',$,IFCLABEL('1317679200000'),$);
#2213=IFCPROPERTYSINGLEVALUE('identificatie',$,IFCIDENTIFIER('NL.IMGeo.G0772.65f319dd061f4a5e95fb2353b67b20da'),$);
#2214=IFCPROPERTYSINGLEVALUE('tijdstipRegistratie',$,IFCLABEL('1452169524000'),$);
#2215=IFCPROPERTYSINGLEVALUE('LV-publicatiedatum',$,IFCLABEL('1459857343000'),$);
#2216=IFCPROPERTYSINGLEVALUE('bronhouder',$,IFCLABEL('G0772'),$);
#2217=IFCPROPERTYSINGLEVALUE('inOnderzoek',$,IFCBOOLEAN(.T.),$);
#2218=IFCPROPERTYSINGLEVALUE('relatieveHoogteligging',$,IFCREAL(0.),$);
#2219=IFCPROPERTYSINGLEVALUE('bgt-status',$,IFCLABEL('bestaand'),$);
#2220=IFCPROPERTYSINGLEVALUE('plus-type',$,IFCLABEL('niet-bgt:verkeersregelinstallatiepaal'),$);
#2221=IFCPROPERTYSET('23TIsmFyf6awlqjJt1OuvM',#5,'CPset_BGT',$,(#2212,#2213,#2214,#2215,#2216,#2217,#2218,#2219,#2220));
#2222=IFCPROPERTYSINGLEVALUE('objectBegintijd',$,IFCLABEL('1349906400000'),$);
#2223=IFCPROPERTYSINGLEVALUE('identificatie',$,IFCIDENTIFIER('NL.IMGeo.G0772.6b661be6225e47fe9ed9a8105e1321e6'),$);
#2224=IFCPROPERTYSINGLEVALUE('tijdstipRegistratie',$,IFCLABEL('1452169524000'),$);
#2225=IFCPROPERTYSINGLEVALUE('LV-publicatiedatum',$,IFCLABEL('1459857343000'),$);
#2226=IFCPROPERTYSINGLEVALUE('bronhouder',$,IFCLABEL('G0772'),$);
#2227=IFCPROPERTYSINGLEVALUE('inOnderzoek',$,IFCBOOLEAN(.T.),$);
#2228=IFCPROPERTYSINGLEVALUE('relatieveHoogteligging',$,IFCREAL(0.),$);
#2229=IFCPROPERTYSINGLEVALUE('bgt-status',$,IFCLABEL('bestaand'),$);
#2230=IFCPROPERTYSINGLEVALUE('plus-type',$,IFCLABEL('niet-bgt:lichtmast'),$);
#2231=IFCPROPERTYSET('3GpkXdqDb2AA5fxPuegCOw',#5,'CPset_BGT',$,(#2222,#2223,#2224,#2225,#2226,#2227,#2228,#2229,#2230));
#2232=IFCPROPERTYSINGLEVALUE('objectBegintijd',$,IFCLABEL('1349906400000'),$);
#2233=IFCPROPERTYSINGLEVALUE('identificatie',$,IFCIDENTIFIER('NL.IMGeo.G0772.75e39e9da89f4530943a3f7e7372026f'),$);
#2234=IFCPROPERTYSINGLEVALUE('tijdstipRegistratie',$,IFCLABEL('1452169524000'),$);
#2235=IFCPROPERTYSINGLEVALUE('LV-publicatiedatum',$,IFCLABEL('1459857343000'),$);
#2236=IFCPROPERTYSINGLEVALUE('bronhouder',$,IFCLABEL('G0772'),$);
#2237=IFCPROPERTYSINGLEVALUE('inOnderzoek',$,IFCBOOLEAN(.T.),$);
#2238=IFCPROPERTYSINGLEVALUE('relatieveHoogteligging',$,IFCREAL(0.),$);
#2239=IFCPROPERTYSINGLEVALUE('bgt-status',$,IFCLABEL('bestaand'),$);
#2240=IFCPROPERTYSINGLEVALUE('plus-type',$,IFCLABEL('niet-bgt:lichtmast'),$);
#2241=IFCPROPERTYSET('1WcnKKHMvAZRyrLWUfLV9k',#5,'CPset_BGT',$,(#2232,#2233,#2234,#2235,#2236,#2237,#2238,#2239,#2240));
#2242=IFCPROPERTYSINGLEVALUE('objectBegintijd',$,IFCLABEL('1349906400000'),$);
#2243=IFCPROPERTYSINGLEVALUE('identificatie',$,IFCIDENTIFIER('NL.IMGeo.G0772.78b2eaf308ee491082ebe3652686b9c2'),$);
#2244=IFCPROPERTYSINGLEVALUE('tijdstipRegistratie',$,IFCLABEL('1452169524000'),$);
#2245=IFCPROPERTYSINGLEVALUE('LV-publicatiedatum',$,IFCLABEL('1459857343000'),$);
#2246=IFCPROPERTYSINGLEVALUE('bronhouder',$,IFCLABEL('G0772'),$);
#2247=IFCPROPERTYSINGLEVALUE('inOnderzoek',$,IFCBOOLEAN(.T.),$);
#2248=IFCPROPERTYSINGLEVALUE('relatieveHoogteligging',$,IFCREAL(0.),$);
#2249=IFCPROPERTYSINGLEVALUE('bgt-status',$,IFCLABEL('bestaand'),$);
#2250=IFCPROPERTYSINGLEVALUE('plus-type',$,IFCLABEL('niet-bgt:lichtmast'),$);
#2251=IFCPROPERTYSET('2Jmj$w9vzDkA0iJnNAjJmN',#5,'CPset_BGT',$,(#2242,#2243,#2244,#2245,#2246,#2247,#2248,#2249,#2250));
#2252=IFCPROPERTYSINGLEVALUE('objectBegintijd',$,IFCLABEL('1394492400000'),$);
#2253=IFCPROPERTYSINGLEVALUE('identificatie',$,IFCIDENTIFIER('NL.IMGeo.G0772.7a2ef93381ce4ad4a73a9a81f98ec39f'),$);
#2254=IFCPROPERTYSINGLEVALUE('tijdstipRegistratie',$,IFCLABEL('1452169524000'),$);
#2255=IFCPROPERTYSINGLEVALUE('LV-publicatiedatum',$,IFCLABEL('1459857343000'),$);
#2256=IFCPROPERTYSINGLEVALUE('bronhouder',$,IFCLABEL('G0772'),$);
#2257=IFCPROPERTYSINGLEVALUE('inOnderzoek',$,IFCBOOLEAN(.T.),$);
#2258=IFCPROPERTYSINGLEVALUE('relatieveHoogteligging',$,IFCREAL(0.),$);
#2259=IFCPROPERTYSINGLEVALUE('bgt-status',$,IFCLABEL('bestaand'),$);
#2260=IFCPROPERTYSINGLEVALUE('plus-type',$,IFCLABEL('niet-bgt:lichtmast'),$);
#2261=IFCPROPERTYSET('24th_gRcb7ARm1hJ5lhum0',#5,'CPset_BGT',$,(#2252,#2253,#2254,#2255,#2256,#2257,#2258,#2259,#2260));
#2262=IFCPROPERTYSINGLEVALUE('objectBegintijd',$,IFCLABEL('1317679200000'),$);
#2263=IFCPROPERTYSINGLEVALUE('identificatie',$,IFCIDENTIFIER('NL.IMGeo.G0772.7ab5ccffbab14c4cbd94481a252b3fcb'),$);
#2264=IFCPROPERTYSINGLEVALUE('tijdstipRegistratie',$,IFCLABEL('1452169524000'),$);
#2265=IFCPROPERTYSINGLEVALUE('LV-publicatiedatum',$,IFCLABEL('1459857343000'),$);
#2266=IFCPROPERTYSINGLEVALUE('bronhouder',$,IFCLABEL('G0772'),$);
#2267=IFCPROPERTYSINGLEVALUE('inOnderzoek',$,IFCBOOLEAN(.T.),$);
#2268=IFCPROPERTYSINGLEVALUE('relatieveHoogteligging',$,IFCREAL(0.),$);
#2269=IFCPROPERTYSINGLEVALUE('bgt-status',$,IFCLABEL('bestaand'),$);
#2270=IFCPROPERTYSINGLEVALUE('plus-type',$,IFCLABEL('niet-bgt:lichtmast'),$);
#2271=IFCPROPERTYSET('2ttYuOvCv38AKAXKP1tQmQ',#5,'CPset_BGT',$,(#2262,#2263,#2264,#2265,#2266,#2267,#2268,#2269,#2270));
#2272=IFCPROPERTYSINGLEVALUE('objectBegintijd',$,IFCLABEL('1394492400000'),$);
#2273=IFCPROPERTYSINGLEVALUE('identificatie',$,IFCIDENTIFIER('NL.IMGeo.G0772.7c01ffc60f8443078733b945eb302bb5'),$);
#2274=IFCPROPERTYSINGLEVALUE('tijdstipRegistratie',$,IFCLABEL('1452169524000'),$);
#2275=IFCPROPERTYSINGLEVALUE('LV-publicatiedatum',$,IFCLABEL('1459857343000'),$);
#2276=IFCPROPERTYSINGLEVALUE('bronhouder',$,IFCLABEL('G0772'),$);
#2277=IFCPROPERTYSINGLEVALUE('inOnderzoek',$,IFCBOOLEAN(.T.),$);
#2278=IFCPROPERTYSINGLEVALUE('relatieveHoogteligging',$,IFCREAL(0.),$);
#2279=IFCPROPERTYSINGLEVALUE('bgt-status',$,IFCLABEL('bestaand'),$);
#2280=IFCPROPERTYSINGLEVALUE('plus-type',$,IFCLABEL('niet-bgt:lichtmast'),$);
#2281=IFCPROPERTYSET('3HFsm6QMz7zha2YssdQiSx',#5,'CPset_BGT',$,(#2272,#2273,#2274,#2275,#2276,#2277,#2278,#2279,#2280));
#2282=IFCPROPERTYSINGLEVALUE('objectBegintijd',$,IFCLABEL('1428357600000'),$);
#2283=IFCPROPERTYSINGLEVALUE('identificatie',$,IFCIDENTIFIER('NL.IMGeo.G0772.8632221ce5a445dd804f665983e8d9d6'),$);
#2284=IFCPROPERTYSINGLEVALUE('tijdstipRegistratie',$,IFCLABEL('1452169524000'),$);
#2285=IFCPROPERTYSINGLEVALUE('LV-publicatiedatum',$,IFCLABEL('1459857343000'),$);
#2286=IFCPROPERTYSINGLEVALUE('bronhouder',$,IFCLABEL('G0772'),$);
#2287=IFCPROPERTYSINGLEVALUE('inOnderzoek',$,IFCBOOLEAN(.T.),$);
#2288=IFCPROPERTYSINGLEVALUE('relatieveHoogteligging',$,IFCREAL(0.),$);
#2289=IFCPROPERTYSINGLEVALUE('bgt-status',$,IFCLABEL('bestaand'),$);
#2290=IFCPROPERTYSINGLEVALUE('plus-type',$,IFCLABEL('niet-bgt:lichtmast'),$);
#2291=IFCPROPERTYSET('2Mru7ZrAH1q9UewjPux7MY',#5,'CPset_BGT',$,(#2282,#2283,#2284,#2285,#2286,#2287,#2288,#2289,#2290));
#2292=IFCPROPERTYSINGLEVALUE('objectBegintijd',$,IFCLABEL('1428357600000'),$);
#2293=IFCPROPERTYSINGLEVALUE('identificatie',$,IFCIDENTIFIER('NL.IMGeo.G0772.871504c0382748d29bc99aa687047bc6'),$);
#2294=IFCPROPERTYSINGLEVALUE('tijdstipRegistratie',$,IFCLABEL('1452169524000'),$);
#2295=IFCPROPERTYSINGLEVALUE('LV-publicatiedatum',$,IFCLABEL('1459857343000'),$);
#2296=IFCPROPERTYSINGLEVALUE('bronhouder',$,IFCLABEL('G0772'),$);
#2297=IFCPROPERTYSINGLEVALUE('inOnderzoek',$,IFCBOOLEAN(.T.),$);
#2298=IFCPROPERTYSINGLEVALUE('relatieveHoogteligging',$,IFCREAL(0.),$);
#2299=IFCPROPERTYSINGLEVALUE('bgt-status',$,IFCLABEL('bestaand'),$);
#2300=IFCPROPERTYSINGLEVALUE('plus-type',$,IFCLABEL('niet-bgt:lichtmast'),$);
#2301=IFCPROPERTYSET('3$pKeKUOT88vHkHfIepcew',#5,'CPset_BGT',$,(#2292,#2293,#2294,#2295,#2296,#2297,#2298,#2299,#2300));
#2302=IFCPROPERTYSINGLEVALUE('objectBegintijd',$,IFCLABEL('1275602400000'),$);
#2303=IFCPROPERTYSINGLEVALUE('identificatie',$,IFCIDENTIFIER('NL.IMGeo.G0772.874f32c7c0ae43e0adb567732426668d'),$);
#2304=IFCPROPERTYSINGLEVALUE('tijdstipRegistratie',$,IFCLABEL('1452169524000'),$);
#2305=IFCPROPERTYSINGLEVALUE('LV-publicatiedatum',$,IFCLABEL('1459857343000'),$);
#2306=IFCPROPERTYSINGLEVALUE('bronhouder',$,IFCLABEL('G0772'),$);
#2307=IFCPROPERTYSINGLEVALUE('inOnderzoek',$,IFCBOOLEAN(.T.),$);
#2308=IFCPROPERTYSINGLEVALUE('relatieveHoogteligging',$,IFCREAL(0.),$);
#2309=IFCPROPERTYSINGLEVALUE('bgt-status',$,IFCLABEL('bestaand'),$);
#2310=IFCPROPERTYSINGLEVALUE('plus-type',$,IFCLABEL('niet-bgt:lichtmast'),$);
#2311=IFCPROPERTYSET('17NGjFLVj8kRa1KHL1V9me',#5,'CPset_BGT',$,(#2302,#2303,#2304,#2305,#2306,#2307,#2308,#2309,#2310));
#2312=IFCPROPERTYSINGLEVALUE('objectBegintijd',$,IFCLABEL('1394492400000'),$);
#2313=IFCPROPERTYSINGLEVALUE('identificatie',$,IFCIDENTIFIER('NL.IMGeo.G0772.88b4744251c440eb8efa6c5dbc1385f4'),$);
#2314=IFCPROPERTYSINGLEVALUE('tijdstipRegistratie',$,IFCLABEL('1452169524000'),$);
#2315=IFCPROPERTYSINGLEVALUE('LV-publicatiedatum',$,IFCLABEL('1459857343000'),$);
#2316=IFCPROPERTYSINGLEVALUE('bronhouder',$,IFCLABEL('G0772'),$);
#2317=IFCPROPERTYSINGLEVALUE('inOnderzoek',$,IFCBOOLEAN(.T.),$);
#2318=IFCPROPERTYSINGLEVALUE('relatieveHoogteligging',$,IFCREAL(0.),$);
#2319=IFCPROPERTYSINGLEVALUE('bgt-status',$,IFCLABEL('bestaand'),$);
#2320=IFCPROPERTYSINGLEVALUE('plus-type',$,IFCLABEL('niet-bgt:lichtmast'),$);
#2321=IFCPROPERTYSET('05hGAMcarDBg_9hz6jqSXD',#5,'CPset_BGT',$,(#2312,#2313,#2314,#2315,#2316,#2317,#2318,#2319,#2320));
#2322=IFCPROPERTYSINGLEVALUE('objectBegintijd',$,IFCLABEL('1428357600000'),$);
#2323=IFCPROPERTYSINGLEVALUE('identificatie',$,IFCIDENTIFIER('NL.IMGeo.G0772.8a2fcf2c2b76442ab3fc400725df93aa'),$);
#2324=IFCPROPERTYSINGLEVALUE('tijdstipRegistratie',$,IFCLABEL('1452169524000'),$);
#2325=IFCPROPERTYSINGLEVALUE('LV-publicatiedatum',$,IFCLABEL('1459857343000'),$);
#2326=IFCPROPERTYSINGLEVALUE('bronhouder',$,IFCLABEL('G0772'),$);
#2327=IFCPROPERTYSINGLEVALUE('inOnderzoek',$,IFCBOOLEAN(.T.),$);
#2328=IFCPROPERTYSINGLEVALUE('relatieveHoogteligging',$,IFCREAL(0.),$);
#2329=IFCPROPERTYSINGLEVALUE('bgt-status',$,IFCLABEL('bestaand'),$);
#2330=IFCPROPERTYSINGLEVALUE('plus-type',$,IFCLABEL('niet-bgt:lichtmast'),$);
#2331=IFCPROPERTYSET('1pv_L8p0z17Ps0Mu7F28Xu',#5,'CPset_BGT',$,(#2322,#2323,#2324,#2325,#2326,#2327,#2328,#2329,#2330));
#2332=IFCPROPERTYSINGLEVALUE('objectBegintijd',$,IFCLABEL('1428357600000'),$);
#2333=IFCPROPERTYSINGLEVALUE('identificatie',$,IFCIDENTIFIER('NL.IMGeo.G0772.8ba02cebdfd54524969e909bd375d18c'),$);
#2334=IFCPROPERTYSINGLEVALUE('tijdstipRegistratie',$,IFCLABEL('1452169524000'),$);
#2335=IFCPROPERTYSINGLEVALUE('LV-publicatiedatum',$,IFCLABEL('1459857343000'),$);
#2336=IFCPROPERTYSINGLEVALUE('bronhouder',$,IFCLABEL('G0772'),$);
#2337=IFCPROPERTYSINGLEVALUE('inOnderzoek',$,IFCBOOLEAN(.T.),$);
#2338=IFCPROPERTYSINGLEVALUE('relatieveHoogteligging',$,IFCREAL(0.),$);
#2339=IFCPROPERTYSINGLEVALUE('bgt-status',$,IFCLABEL('bestaand'),$);
#2340=IFCPROPERTYSINGLEVALUE('plus-type',$,IFCLABEL('niet-bgt:lichtmast'),$);
#2341=IFCPROPERTYSET('22qufMm6nCtxzR9f5to48Z',#5,'CPset_BGT',$,(#2332,#2333,#2334,#2335,#2336,#2337,#2338,#2339,#2340));
#2342=IFCPROPERTYSINGLEVALUE('objectBegintijd',$,IFCLABEL('1317679200000'),$);
#2343=IFCPROPERTYSINGLEVALUE('identificatie',$,IFCIDENTIFIER('NL.IMGeo.G0772.8e79ca9eadf54248b0ceb75718e2f0da'),$);
#2344=IFCPROPERTYSINGLEVALUE('tijdstipRegistratie',$,IFCLABEL('1452169524000'),$);
#2345=IFCPROPERTYSINGLEVALUE('LV-publicatiedatum',$,IFCLABEL('1459857343000'),$);
#2346=IFCPROPERTYSINGLEVALUE('bronhouder',$,IFCLABEL('G0772'),$);
#2347=IFCPROPERTYSINGLEVALUE('inOnderzoek',$,IFCBOOLEAN(.T.),$);
#2348=IFCPROPERTYSINGLEVALUE('relatieveHoogteligging',$,IFCREAL(0.),$);
#2349=IFCPROPERTYSINGLEVALUE('bgt-status',$,IFCLABEL('bestaand'),$);
#2350=IFCPROPERTYSINGLEVALUE('plus-type',$,IFCLABEL('niet-bgt:lichtmast'),$);
#2351=IFCPROPERTYSET('1ad7q2SKnDKuXhcHx9XzoK',#5,'CPset_BGT',$,(#2342,#2343,#2344,#2345,#2346,#2347,#2348,#2349,#2350));
#2352=IFCPROPERTYSINGLEVALUE('objectBegintijd',$,IFCLABEL('1317679200000'),$);
#2353=IFCPROPERTYSINGLEVALUE('identificatie',$,IFCIDENTIFIER('NL.IMGeo.G0772.953dd8a6074348959bb910c4de0dc1bc'),$);
#2354=IFCPROPERTYSINGLEVALUE('tijdstipRegistratie',$,IFCLABEL('1452169524000'),$);
#2355=IFCPROPERTYSINGLEVALUE('LV-publicatiedatum',$,IFCLABEL('1459857343000'),$);
#2356=IFCPROPERTYSINGLEVALUE('bronhouder',$,IFCLABEL('G0772'),$);
#2357=IFCPROPERTYSINGLEVALUE('inOnderzoek',$,IFCBOOLEAN(.T.),$);
#2358=IFCPROPERTYSINGLEVALUE('relatieveHoogteligging',$,IFCREAL(0.),$);
#2359=IFCPROPERTYSINGLEVALUE('bgt-status',$,IFCLABEL('bestaand'),$);
#2360=IFCPROPERTYSINGLEVALUE('plus-type',$,IFCLABEL('niet-bgt:verkeersregelinstallatiepaal'),$);
#2361=IFCPROPERTYSET('3wZw3VtrD0aAfyX2WkfYKG',#5,'CPset_BGT',$,(#2352,#2353,#2354,#2355,#2356,#2357,#2358,#2359,#2360));
#2362=IFCPROPERTYSINGLEVALUE('objectBegintijd',$,IFCLABEL('1428357600000'),$);
#2363=IFCPROPERTYSINGLEVALUE('identificatie',$,IFCIDENTIFIER('NL.IMGeo.G0772.992d9832e5604747b39f699cb7c08c75'),$);
#2364=IFCPROPERTYSINGLEVALUE('tijdstipRegistratie',$,IFCLABEL('1452169524000'),$);
#2365=IFCPROPERTYSINGLEVALUE('LV-publicatiedatum',$,IFCLABEL('1459857343000'),$);
#2366=IFCPROPERTYSINGLEVALUE('bronhouder',$,IFCLABEL('G0772'),$);
#2367=IFCPROPERTYSINGLEVALUE('inOnderzoek',$,IFCBOOLEAN(.T.),$);
#2368=IFCPROPERTYSINGLEVALUE('relatieveHoogteligging',$,IFCREAL(0.),$);
#2369=IFCPROPERTYSINGLEVALUE('bgt-status',$,IFCLABEL('bestaand'),$);
#2370=IFCPROPERTYSINGLEVALUE('plus-type',$,IFCLABEL('niet-bgt:lichtmast'),$);
#2371=IFCPROPERTYSET('3K7Fdv9JjB3A6iP0JCow6B',#5,'CPset_BGT',$,(#2362,#2363,#2364,#2365,#2366,#2367,#2368,#2369,#2370));
#2372=IFCPROPERTYSINGLEVALUE('objectBegintijd',$,IFCLABEL('1409781600000'),$);
#2373=IFCPROPERTYSINGLEVALUE('identificatie',$,IFCIDENTIFIER('NL.IMGeo.G0772.9b359ae87da94d5480bd2d4abeed5ace'),$);
#2374=IFCPROPERTYSINGLEVALUE('tijdstipRegistratie',$,IFCLABEL('1452169524000'),$);
#2375=IFCPROPERTYSINGLEVALUE('LV-publicatiedatum',$,IFCLABEL('1459857343000'),$);
#2376=IFCPROPERTYSINGLEVALUE('bronhouder',$,IFCLABEL('G0772'),$);
#2377=IFCPROPERTYSINGLEVALUE('inOnderzoek',$,IFCBOOLEAN(.T.),$);
#2378=IFCPROPERTYSINGLEVALUE('relatieveHoogteligging',$,IFCREAL(0.),$);
#2379=IFCPROPERTYSINGLEVALUE('bgt-status',$,IFCLABEL('bestaand'),$);
#2380=IFCPROPERTYSINGLEVALUE('plus-type',$,IFCLABEL('niet-bgt'),$);
#2381=IFCPROPERTYSET('3sYXH63Zb6_xj5tA9YcymI',#5,'CPset_BGT',$,(#2372,#2373,#2374,#2375,#2376,#2377,#2378,#2379,#2380));
#2382=IFCPROPERTYSINGLEVALUE('objectBegintijd',$,IFCLABEL('1317679200000'),$);
#2383=IFCPROPERTYSINGLEVALUE('identificatie',$,IFCIDENTIFIER('NL.IMGeo.G0772.a0c8320a113f455696841a80c9c71e1b'),$);
#2384=IFCPROPERTYSINGLEVALUE('tijdstipRegistratie',$,IFCLABEL('1452169524000'),$);
#2385=IFCPROPERTYSINGLEVALUE('LV-publicatiedatum',$,IFCLABEL('1459857343000'),$);
#2386=IFCPROPERTYSINGLEVALUE('bronhouder',$,IFCLABEL('G0772'),$);
#2387=IFCPROPERTYSINGLEVALUE('inOnderzoek',$,IFCBOOLEAN(.T.),$);
#2388=IFCPROPERTYSINGLEVALUE('relatieveHoogteligging',$,IFCREAL(0.),$);
#2389=IFCPROPERTYSINGLEVALUE('bgt-status',$,IFCLABEL('bestaand'),$);
#2390=IFCPROPERTYSINGLEVALUE('plus-type',$,IFCLABEL('niet-bgt:verkeersregelinstallatiepaal'),$);
#2391=IFCPROPERTYSET('11upHFXF19Fhdk3pWgONWB',#5,'CPset_BGT',$,(#2382,#2383,#2384,#2385,#2386,#2387,#2388,#2389,#2390));
#2392=IFCPROPERTYSINGLEVALUE('objectBegintijd',$,IFCLABEL('1349906400000'),$);
#2393=IFCPROPERTYSINGLEVALUE('identificatie',$,IFCIDENTIFIER('NL.IMGeo.G0772.a97c2c7b4f794caba75e460fd79d9584'),$);
#2394=IFCPROPERTYSINGLEVALUE('tijdstipRegistratie',$,IFCLABEL('1452169524000'),$);
#2395=IFCPROPERTYSINGLEVALUE('LV-publicatiedatum',$,IFCLABEL('1459857343000'),$);
#2396=IFCPROPERTYSINGLEVALUE('bronhouder',$,IFCLABEL('G0772'),$);
#2397=IFCPROPERTYSINGLEVALUE('inOnderzoek',$,IFCBOOLEAN(.T.),$);
#2398=IFCPROPERTYSINGLEVALUE('relatieveHoogteligging',$,IFCREAL(0.),$);
#2399=IFCPROPERTYSINGLEVALUE('bgt-status',$,IFCLABEL('bestaand'),$);
#2400=IFCPROPERTYSINGLEVALUE('plus-type',$,IFCLABEL('niet-bgt:lichtmast'),$);
#2401=IFCPROPERTYSET('2IWttESq93FAaj8WP9NanR',#5,'CPset_BGT',$,(#2392,#2393,#2394,#2395,#2396,#2397,#2398,#2399,#2400));
#2402=IFCPROPERTYSINGLEVALUE('objectBegintijd',$,IFCLABEL('1428357600000'),$);
#2403=IFCPROPERTYSINGLEVALUE('identificatie',$,IFCIDENTIFIER('NL.IMGeo.G0772.b0d9f6b2d11e41129e81a781ff327c99'),$);
#2404=IFCPROPERTYSINGLEVALUE('tijdstipRegistratie',$,IFCLABEL('1452169524000'),$);
#2405=IFCPROPERTYSINGLEVALUE('LV-publicatiedatum',$,IFCLABEL('1459857343000'),$);
#2406=IFCPROPERTYSINGLEVALUE('bronhouder',$,IFCLABEL('G0772'),$);
#2407=IFCPROPERTYSINGLEVALUE('inOnderzoek',$,IFCBOOLEAN(.T.),$);
#2408=IFCPROPERTYSINGLEVALUE('relatieveHoogteligging',$,IFCREAL(0.),$);
#2409=IFCPROPERTYSINGLEVALUE('bgt-status',$,IFCLABEL('bestaand'),$);
#2410=IFCPROPERTYSINGLEVALUE('plus-type',$,IFCLABEL('niet-bgt:lichtmast'),$);
#2411=IFCPROPERTYSET('0C18TBdvTEcRVm23ut8XAF',#5,'CPset_BGT',$,(#2402,#2403,#2404,#2405,#2406,#2407,#2408,#2409,#2410));
#2412=IFCPROPERTYSINGLEVALUE('objectBegintijd',$,IFCLABEL('1394492400000'),$);
#2413=IFCPROPERTYSINGLEVALUE('identificatie',$,IFCIDENTIFIER('NL.IMGeo.G0772.b6a784648d8048858da15fcd210e9867'),$);
#2414=IFCPROPERTYSINGLEVALUE('tijdstipRegistratie',$,IFCLABEL('1452169524000'),$);
#2415=IFCPROPERTYSINGLEVALUE('LV-publicatiedatum',$,IFCLABEL('1459857343000'),$);
#2416=IFCPROPERTYSINGLEVALUE('bronhouder',$,IFCLABEL('G0772'),$);
#2417=IFCPROPERTYSINGLEVALUE('inOnderzoek',$,IFCBOOLEAN(.T.),$);
#2418=IFCPROPERTYSINGLEVALUE('relatieveHoogteligging',$,IFCREAL(0.),$);
#2419=IFCPROPERTYSINGLEVALUE('bgt-status',$,IFCLABEL('bestaand'),$);
#2420=IFCPROPERTYSINGLEVALUE('plus-type',$,IFCLABEL('niet-bgt:lichtmast'),$);
#2421=IFCPROPERTYSET('1ECtbsjnL5OPLkFlQCkRid',#5,'CPset_BGT',$,(#2412,#2413,#2414,#2415,#2416,#2417,#2418,#2419,#2420));
#2422=IFCPROPERTYSINGLEVALUE('objectBegintijd',$,IFCLABEL('1275602400000'),$);
#2423=IFCPROPERTYSINGLEVALUE('identificatie',$,IFCIDENTIFIER('NL.IMGeo.G0772.b78a5fec07164013918a77bc4608ee56'),$);
#2424=IFCPROPERTYSINGLEVALUE('tijdstipRegistratie',$,IFCLABEL('1452169524000'),$);
#2425=IFCPROPERTYSINGLEVALUE('LV-publicatiedatum',$,IFCLABEL('1459857343000'),$);
#2426=IFCPROPERTYSINGLEVALUE('bronhouder',$,IFCLABEL('G0772'),$);
#2427=IFCPROPERTYSINGLEVALUE('inOnderzoek',$,IFCBOOLEAN(.T.),$);
#2428=IFCPROPERTYSINGLEVALUE('relatieveHoogteligging',$,IFCREAL(0.),$);
#2429=IFCPROPERTYSINGLEVALUE('bgt-status',$,IFCLABEL('bestaand'),$);
#2430=IFCPROPERTYSINGLEVALUE('plus-type',$,IFCLABEL('niet-bgt:lichtmast'),$);
#2431=IFCPROPERTYSET('1U22YReWP6cxKhJAPJ$xED',#5,'CPset_BGT',$,(#2422,#2423,#2424,#2425,#2426,#2427,#2428,#2429,#2430));
#2432=IFCPROPERTYSINGLEVALUE('objectBegintijd',$,IFCLABEL('1428357600000'),$);
#2433=IFCPROPERTYSINGLEVALUE('identificatie',$,IFCIDENTIFIER('NL.IMGeo.G0772.b9b2f7ebe8a647f9b32fbcfafaa56730'),$);
#2434=IFCPROPERTYSINGLEVALUE('tijdstipRegistratie',$,IFCLABEL('1452169524000'),$);
#2435=IFCPROPERTYSINGLEVALUE('LV-publicatiedatum',$,IFCLABEL('1459857343000'),$);
#2436=IFCPROPERTYSINGLEVALUE('bronhouder',$,IFCLABEL('G0772'),$);
#2437=IFCPROPERTYSINGLEVALUE('inOnderzoek',$,IFCBOOLEAN(.T.),$);
#2438=IFCPROPERTYSINGLEVALUE('relatieveHoogteligging',$,IFCREAL(0.),$);
#2439=IFCPROPERTYSINGLEVALUE('bgt-status',$,IFCLABEL('bestaand'),$);
#2440=IFCPROPERTYSINGLEVALUE('plus-type',$,IFCLABEL('niet-bgt:lichtmast'),$);
#2441=IFCPROPERTYSET('2pUT4oBwr3T98a7G1aw91r',#5,'CPset_BGT',$,(#2432,#2433,#2434,#2435,#2436,#2437,#2438,#2439,#2440));
#2442=IFCPROPERTYSINGLEVALUE('objectBegintijd',$,IFCLABEL('1428357600000'),$);
#2443=IFCPROPERTYSINGLEVALUE('identificatie',$,IFCIDENTIFIER('NL.IMGeo.G0772.baef46fa84f4488aa452d1db579256a2'),$);
#2444=IFCPROPERTYSINGLEVALUE('tijdstipRegistratie',$,IFCLABEL('1452169524000'),$);
#2445=IFCPROPERTYSINGLEVALUE('LV-publicatiedatum',$,IFCLABEL('1459857343000'),$);
#2446=IFCPROPERTYSINGLEVALUE('bronhouder',$,IFCLABEL('G0772'),$);
#2447=IFCPROPERTYSINGLEVALUE('inOnderzoek',$,IFCBOOLEAN(.T.),$);
#2448=IFCPROPERTYSINGLEVALUE('relatieveHoogteligging',$,IFCREAL(0.),$);
#2449=IFCPROPERTYSINGLEVALUE('bgt-status',$,IFCLABEL('bestaand'),$);
#2450=IFCPROPERTYSINGLEVALUE('plus-type',$,IFCLABEL('niet-bgt:lichtmast'),$);
#2451=IFCPROPERTYSET('0KYUVNuuPEk9n3b6yhnCc9',#5,'CPset_BGT',$,(#2442,#2443,#2444,#2445,#2446,#2447,#2448,#2449,#2450));
#2452=IFCPROPERTYSINGLEVALUE('objectBegintijd',$,IFCLABEL('1349906400000'),$);
#2453=IFCPROPERTYSINGLEVALUE('identificatie',$,IFCIDENTIFIER('NL.IMGeo.G0772.bc728686366b464c9dcac06af87873cd'),$);
#2454=IFCPROPERTYSINGLEVALUE('tijdstipRegistratie',$,IFCLABEL('1452169524000'),$);
#2455=IFCPROPERTYSINGLEVALUE('LV-publicatiedatum',$,IFCLABEL('1459857343000'),$);
#2456=IFCPROPERTYSINGLEVALUE('bronhouder',$,IFCLABEL('G0772'),$);
#2457=IFCPROPERTYSINGLEVALUE('inOnderzoek',$,IFCBOOLEAN(.T.),$);
#2458=IFCPROPERTYSINGLEVALUE('relatieveHoogteligging',$,IFCREAL(0.),$);
#2459=IFCPROPERTYSINGLEVALUE('bgt-status',$,IFCLABEL('bestaand'),$);
#2460=IFCPROPERTYSINGLEVALUE('plus-type',$,IFCLABEL('niet-bgt:lichtmast'),$);
#2461=IFCPROPERTYSET('2V3mHHy7fFcg2B0qPcKCQV',#5,'CPset_BGT',$,(#2452,#2453,#2454,#2455,#2456,#2457,#2458,#2459,#2460));
#2462=IFCPROPERTYSINGLEVALUE('objectBegintijd',$,IFCLABEL('1428357600000'),$);
#2463=IFCPROPERTYSINGLEVALUE('identificatie',$,IFCIDENTIFIER('NL.IMGeo.G0772.c0bac602439e448ca9ccfc3d83d6cbc3'),$);
#2464=IFCPROPERTYSINGLEVALUE('tijdstipRegistratie',$,IFCLABEL('1452169524000'),$);
#2465=IFCPROPERTYSINGLEVALUE('LV-publicatiedatum',$,IFCLABEL('1459857343000'),$);
#2466=IFCPROPERTYSINGLEVALUE('bronhouder',$,IFCLABEL('G0772'),$);
#2467=IFCPROPERTYSINGLEVALUE('inOnderzoek',$,IFCBOOLEAN(.T.),$);
#2468=IFCPROPERTYSINGLEVALUE('relatieveHoogteligging',$,IFCREAL(0.),$);
#2469=IFCPROPERTYSINGLEVALUE('bgt-status',$,IFCLABEL('bestaand'),$);
#2470=IFCPROPERTYSINGLEVALUE('plus-type',$,IFCLABEL('niet-bgt:lichtmast'),$);
#2471=IFCPROPERTYSET('13J9vOdR1FuOm5mV8K9Y1s',#5,'CPset_BGT',$,(#2462,#2463,#2464,#2465,#2466,#2467,#2468,#2469,#2470));
#2472=IFCPROPERTYSINGLEVALUE('objectBegintijd',$,IFCLABEL('1317679200000'),$);
#2473=IFCPROPERTYSINGLEVALUE('identificatie',$,IFCIDENTIFIER('NL.IMGeo.G0772.c20db4f299d24fb4bf336e0e97b46e0b'),$);
#2474=IFCPROPERTYSINGLEVALUE('tijdstipRegistratie',$,IFCLABEL('1452169524000'),$);
#2475=IFCPROPERTYSINGLEVALUE('LV-publicatiedatum',$,IFCLABEL('1459857343000'),$);
#2476=IFCPROPERTYSINGLEVALUE('bronhouder',$,IFCLABEL('G0772'),$);
#2477=IFCPROPERTYSINGLEVALUE('inOnderzoek',$,IFCBOOLEAN(.T.),$);
#2478=IFCPROPERTYSINGLEVALUE('relatieveHoogteligging',$,IFCREAL(0.),$);
#2479=IFCPROPERTYSINGLEVALUE('bgt-status',$,IFCLABEL('bestaand'),$);
#2480=IFCPROPERTYSINGLEVALUE('plus-type',$,IFCLABEL('niet-bgt:lichtmast'),$);
#2481=IFCPROPERTYSET('3q5o6qGsvD7gjaaagzKck7',#5,'CPset_BGT',$,(#2472,#2473,#2474,#2475,#2476,#2477,#2478,#2479,#2480));
#2482=IFCPROPERTYSINGLEVALUE('objectBegintijd',$,IFCLABEL('1317679200000'),$);
#2483=IFCPROPERTYSINGLEVALUE('identificatie',$,IFCIDENTIFIER('NL.IMGeo.G0772.c223729fe2bb42fb9def0a675d09a812'),$);
#2484=IFCPROPERTYSINGLEVALUE('tijdstipRegistratie',$,IFCLABEL('1452169524000'),$);
#2485=IFCPROPERTYSINGLEVALUE('LV-publicatiedatum',$,IFCLABEL('1459857343000'),$);
#2486=IFCPROPERTYSINGLEVALUE('bronhouder',$,IFCLABEL('G0772'),$);
#2487=IFCPROPERTYSINGLEVALUE('inOnderzoek',$,IFCBOOLEAN(.T.),$);
#2488=IFCPROPERTYSINGLEVALUE('relatieveHoogteligging',$,IFCREAL(0.),$);
#2489=IFCPROPERTYSINGLEVALUE('bgt-status',$,IFCLABEL('bestaand'),$);
#2490=IFCPROPERTYSINGLEVALUE('plus-type',$,IFCLABEL('niet-bgt:verkeersregelinstallatiepaal'),$);
#2491=IFCPROPERTYSET('0yZq3OfVv2t8BiIXjdyfKR',#5,'CPset_BGT',$,(#2482,#2483,#2484,#2485,#2486,#2487,#2488,#2489,#2490));
#2492=IFCPROPERTYSINGLEVALUE('objectBegintijd',$,IFCLABEL('1361746800000'),$);
#2493=IFCPROPERTYSINGLEVALUE('identificatie',$,IFCIDENTIFIER('NL.IMGeo.G0772.c25186a81018406fb9baaf61f5b16ef7'),$);
#2494=IFCPROPERTYSINGLEVALUE('tijdstipRegistratie',$,IFCLABEL('1452169524000'),$);
#2495=IFCPROPERTYSINGLEVALUE('LV-publicatiedatum',$,IFCLABEL('1459857343000'),$);
#2496=IFCPROPERTYSINGLEVALUE('bronhouder',$,IFCLABEL('G0772'),$);
#2497=IFCPROPERTYSINGLEVALUE('inOnderzoek',$,IFCBOOLEAN(.T.),$);
#2498=IFCPROPERTYSINGLEVALUE('relatieveHoogteligging',$,IFCREAL(0.),$);
#2499=IFCPROPERTYSINGLEVALUE('bgt-status',$,IFCLABEL('bestaand'),$);
#2500=IFCPROPERTYSINGLEVALUE('plus-type',$,IFCLABEL('niet-bgt:lichtmast'),$);
#2501=IFCPROPERTYSET('2CGs$n5xX0a8_SpBSlzsdn',#5,'CPset_BGT',$,(#2492,#2493,#2494,#2495,#2496,#2497,#2498,#2499,#2500));
#2502=IFCPROPERTYSINGLEVALUE('objectBegintijd',$,IFCLABEL('1428357600000'),$);
#2503=IFCPROPERTYSINGLEVALUE('identificatie',$,IFCIDENTIFIER('NL.IMGeo.G0772.c77c21a2596d418fae331a0ffe8ae4b4'),$);
#2504=IFCPROPERTYSINGLEVALUE('tijdstipRegistratie',$,IFCLABEL('1452169524000'),$);
#2505=IFCPROPERTYSINGLEVALUE('LV-publicatiedatum',$,IFCLABEL('1459857343000'),$);
#2506=IFCPROPERTYSINGLEVALUE('bronhouder',$,IFCLABEL('G0772'),$);
#2507=IFCPROPERTYSINGLEVALUE('inOnderzoek',$,IFCBOOLEAN(.T.),$);
#2508=IFCPROPERTYSINGLEVALUE('relatieveHoogteligging',$,IFCREAL(0.),$);
#2509=IFCPROPERTYSINGLEVALUE('bgt-status',$,IFCLABEL('bestaand'),$);
#2510=IFCPROPERTYSINGLEVALUE('plus-type',$,IFCLABEL('niet-bgt:lichtmast'),$);
#2511=IFCPROPERTYSET('3KfrhmTMr26uXfZGZGb10u',#5,'CPset_BGT',$,(#2502,#2503,#2504,#2505,#2506,#2507,#2508,#2509,#2510));
#2512=IFCPROPERTYSINGLEVALUE('objectBegintijd',$,IFCLABEL('1428357600000'),$);
#2513=IFCPROPERTYSINGLEVALUE('identificatie',$,IFCIDENTIFIER('NL.IMGeo.G0772.c86001419c5446f390db991b569eb616'),$);
#2514=IFCPROPERTYSINGLEVALUE('tijdstipRegistratie',$,IFCLABEL('1452169524000'),$);
#2515=IFCPROPERTYSINGLEVALUE('LV-publicatiedatum',$,IFCLABEL('1459857343000'),$);
#2516=IFCPROPERTYSINGLEVALUE('bronhouder',$,IFCLABEL('G0772'),$);
#2517=IFCPROPERTYSINGLEVALUE('inOnderzoek',$,IFCBOOLEAN(.T.),$);
#2518=IFCPROPERTYSINGLEVALUE('relatieveHoogteligging',$,IFCREAL(0.),$);
#2519=IFCPROPERTYSINGLEVALUE('bgt-status',$,IFCLABEL('bestaand'),$);
#2520=IFCPROPERTYSINGLEVALUE('plus-type',$,IFCLABEL('niet-bgt:lichtmast'),$);
#2521=IFCPROPERTYSET('29q0my6mr2$wNZvDf8X1Oi',#5,'CPset_BGT',$,(#2512,#2513,#2514,#2515,#2516,#2517,#2518,#2519,#2520));
#2522=IFCPROPERTYSINGLEVALUE('objectBegintijd',$,IFCLABEL('1428357600000'),$);
#2523=IFCPROPERTYSINGLEVALUE('identificatie',$,IFCIDENTIFIER('NL.IMGeo.G0772.cf7e05f96edc427fa881ab779f27dd0c'),$);
#2524=IFCPROPERTYSINGLEVALUE('tijdstipRegistratie',$,IFCLABEL('1452169524000'),$);
#2525=IFCPROPERTYSINGLEVALUE('LV-publicatiedatum',$,IFCLABEL('1459857343000'),$);
#2526=IFCPROPERTYSINGLEVALUE('bronhouder',$,IFCLABEL('G0772'),$);
#2527=IFCPROPERTYSINGLEVALUE('inOnderzoek',$,IFCBOOLEAN(.T.),$);
#2528=IFCPROPERTYSINGLEVALUE('relatieveHoogteligging',$,IFCREAL(0.),$);
#2529=IFCPROPERTYSINGLEVALUE('bgt-status',$,IFCLABEL('bestaand'),$);
#2530=IFCPROPERTYSINGLEVALUE('plus-type',$,IFCLABEL('niet-bgt:lichtmast'),$);
#2531=IFCPROPERTYSET('1U0EySHlj7de3hia303UkC',#5,'CPset_BGT',$,(#2522,#2523,#2524,#2525,#2526,#2527,#2528,#2529,#2530));
#2532=IFCPROPERTYSINGLEVALUE('objectBegintijd',$,IFCLABEL('1428357600000'),$);
#2533=IFCPROPERTYSINGLEVALUE('identificatie',$,IFCIDENTIFIER('NL.IMGeo.G0772.d6fb82ffdaae4dae840b5b41533e3b69'),$);
#2534=IFCPROPERTYSINGLEVALUE('tijdstipRegistratie',$,IFCLABEL('1452169524000'),$);
#2535=IFCPROPERTYSINGLEVALUE('LV-publicatiedatum',$,IFCLABEL('1459857343000'),$);
#2536=IFCPROPERTYSINGLEVALUE('bronhouder',$,IFCLABEL('G0772'),$);
#2537=IFCPROPERTYSINGLEVALUE('inOnderzoek',$,IFCBOOLEAN(.T.),$);
#2538=IFCPROPERTYSINGLEVALUE('relatieveHoogteligging',$,IFCREAL(0.),$);
#2539=IFCPROPERTYSINGLEVALUE('bgt-status',$,IFCLABEL('bestaand'),$);
#2540=IFCPROPERTYSINGLEVALUE('plus-type',$,IFCLABEL('niet-bgt:lichtmast'),$);
#2541=IFCPROPERTYSET('2hkEVYVh98wwYzFwCgaRjQ',#5,'CPset_BGT',$,(#2532,#2533,#2534,#2535,#2536,#2537,#2538,#2539,#2540));
#2542=IFCPROPERTYSINGLEVALUE('objectBegintijd',$,IFCLABEL('1317679200000'),$);
#2543=IFCPROPERTYSINGLEVALUE('identificatie',$,IFCIDENTIFIER('NL.IMGeo.G0772.d734fdc24364431c9d297a8e0c8a3d10'),$);
#2544=IFCPROPERTYSINGLEVALUE('tijdstipRegistratie',$,IFCLABEL('1452169524000'),$);
#2545=IFCPROPERTYSINGLEVALUE('LV-publicatiedatum',$,IFCLABEL('1459857343000'),$);
#2546=IFCPROPERTYSINGLEVALUE('bronhouder',$,IFCLABEL('G0772'),$);
#2547=IFCPROPERTYSINGLEVALUE('inOnderzoek',$,IFCBOOLEAN(.T.),$);
#2548=IFCPROPERTYSINGLEVALUE('relatieveHoogteligging',$,IFCREAL(0.),$);
#2549=IFCPROPERTYSINGLEVALUE('bgt-status',$,IFCLABEL('bestaand'),$);
#2550=IFCPROPERTYSINGLEVALUE('plus-type',$,IFCLABEL('niet-bgt:lichtmast'),$);
#2551=IFCPROPERTYSET('2bKyvVJ0P7k8CurmleEIwn',#5,'CPset_BGT',$,(#2542,#2543,#2544,#2545,#2546,#2547,#2548,#2549,#2550));
#2552=IFCPROPERTYSINGLEVALUE('objectBegintijd',$,IFCLABEL('1428357600000'),$);
#2553=IFCPROPERTYSINGLEVALUE('identificatie',$,IFCIDENTIFIER('NL.IMGeo.G0772.d809f2d6d5b84587824a6118e0aef684'),$);
#2554=IFCPROPERTYSINGLEVALUE('tijdstipRegistratie',$,IFCLABEL('1452169524000'),$);
#2555=IFCPROPERTYSINGLEVALUE('LV-publicatiedatum',$,IFCLABEL('1459857343000'),$);
#2556=IFCPROPERTYSINGLEVALUE('bronhouder',$,IFCLABEL('G0772'),$);
#2557=IFCPROPERTYSINGLEVALUE('inOnderzoek',$,IFCBOOLEAN(.T.),$);
#2558=IFCPROPERTYSINGLEVALUE('relatieveHoogteligging',$,IFCREAL(0.),$);
#2559=IFCPROPERTYSINGLEVALUE('bgt-status',$,IFCLABEL('bestaand'),$);
#2560=IFCPROPERTYSINGLEVALUE('plus-type',$,IFCLABEL('niet-bgt:lichtmast'),$);
#2561=IFCPROPERTYSET('1baRL_wt531BSTTnY0I78W',#5,'CPset_BGT',$,(#2552,#2553,#2554,#2555,#2556,#2557,#2558,#2559,#2560));
#2562=IFCPROPERTYSINGLEVALUE('objectBegintijd',$,IFCLABEL('1317679200000'),$);
#2563=IFCPROPERTYSINGLEVALUE('identificatie',$,IFCIDENTIFIER('NL.IMGeo.G0772.d818d9aeb4d74948bf6867acc7d70d9f'),$);
#2564=IFCPROPERTYSINGLEVALUE('tijdstipRegistratie',$,IFCLABEL('1452169524000'),$);
#2565=IFCPROPERTYSINGLEVALUE('LV-publicatiedatum',$,IFCLABEL('1459857343000'),$);
#2566=IFCPROPERTYSINGLEVALUE('bronhouder',$,IFCLABEL('G0772'),$);
#2567=IFCPROPERTYSINGLEVALUE('inOnderzoek',$,IFCBOOLEAN(.T.),$);
#2568=IFCPROPERTYSINGLEVALUE('relatieveHoogteligging',$,IFCREAL(0.),$);
#2569=IFCPROPERTYSINGLEVALUE('bgt-status',$,IFCLABEL('bestaand'),$);
#2570=IFCPROPERTYSINGLEVALUE('plus-type',$,IFCLABEL('niet-bgt:lichtmast'),$);
#2571=IFCPROPERTYSET('04hbFSYjzEwPd9sh3dRy5r',#5,'CPset_BGT',$,(#2562,#2563,#2564,#2565,#2566,#2567,#2568,#2569,#2570));
#2572=IFCPROPERTYSINGLEVALUE('objectBegintijd',$,IFCLABEL('1428357600000'),$);
#2573=IFCPROPERTYSINGLEVALUE('identificatie',$,IFCIDENTIFIER('NL.IMGeo.G0772.daac3b04b1ff41b4ba8dbca426489f6a'),$);
#2574=IFCPROPERTYSINGLEVALUE('tijdstipRegistratie',$,IFCLABEL('1452169524000'),$);
#2575=IFCPROPERTYSINGLEVALUE('LV-publicatiedatum',$,IFCLABEL('1459857343000'),$);
#2576=IFCPROPERTYSINGLEVALUE('bronhouder',$,IFCLABEL('G0772'),$);
#2577=IFCPROPERTYSINGLEVALUE('inOnderzoek',$,IFCBOOLEAN(.T.),$);
#2578=IFCPROPERTYSINGLEVALUE('relatieveHoogteligging',$,IFCREAL(0.),$);
#2579=IFCPROPERTYSINGLEVALUE('bgt-status',$,IFCLABEL('bestaand'),$);
#2580=IFCPROPERTYSINGLEVALUE('plus-type',$,IFCLABEL('niet-bgt:lichtmast'),$);
#2581=IFCPROPERTYSET('1Kn8DOfnjCp8DKUi10gyei',#5,'CPset_BGT',$,(#2572,#2573,#2574,#2575,#2576,#2577,#2578,#2579,#2580));
#2582=IFCPROPERTYSINGLEVALUE('objectBegintijd',$,IFCLABEL('1428357600000'),$);
#2583=IFCPROPERTYSINGLEVALUE('identificatie',$,IFCIDENTIFIER('NL.IMGeo.G0772.dd081476d31047809ae2c8b96323fd12'),$);
#2584=IFCPROPERTYSINGLEVALUE('tijdstipRegistratie',$,IFCLABEL('1452169524000'),$);
#2585=IFCPROPERTYSINGLEVALUE('LV-publicatiedatum',$,IFCLABEL('1459857343000'),$);
#2586=IFCPROPERTYSINGLEVALUE('bronhouder',$,IFCLABEL('G0772'),$);
#2587=IFCPROPERTYSINGLEVALUE('inOnderzoek',$,IFCBOOLEAN(.T.),$);
#2588=IFCPROPERTYSINGLEVALUE('relatieveHoogteligging',$,IFCREAL(0.),$);
#2589=IFCPROPERTYSINGLEVALUE('bgt-status',$,IFCLABEL('bestaand'),$);
#2590=IFCPROPERTYSINGLEVALUE('plus-type',$,IFCLABEL('niet-bgt:lichtmast'),$);
#2591=IFCPROPERTYSET('1aHw25gFXEDfaF6YfP2S35',#5,'CPset_BGT',$,(#2582,#2583,#2584,#2585,#2586,#2587,#2588,#2589,#2590));
#2592=IFCPROPERTYSINGLEVALUE('objectBegintijd',$,IFCLABEL('1317679200000'),$);
#2593=IFCPROPERTYSINGLEVALUE('identificatie',$,IFCIDENTIFIER('NL.IMGeo.G0772.e06ce04d64f746ce802f5cf5c5171f92'),$);
#2594=IFCPROPERTYSINGLEVALUE('tijdstipRegistratie',$,IFCLABEL('1452169524000'),$);
#2595=IFCPROPERTYSINGLEVALUE('LV-publicatiedatum',$,IFCLABEL('1459857343000'),$);
#2596=IFCPROPERTYSINGLEVALUE('bronhouder',$,IFCLABEL('G0772'),$);
#2597=IFCPROPERTYSINGLEVALUE('inOnderzoek',$,IFCBOOLEAN(.T.),$);
#2598=IFCPROPERTYSINGLEVALUE('relatieveHoogteligging',$,IFCREAL(0.),$);
#2599=IFCPROPERTYSINGLEVALUE('bgt-status',$,IFCLABEL('bestaand'),$);
#2600=IFCPROPERTYSINGLEVALUE('plus-type',$,IFCLABEL('niet-bgt:lichtmast'),$);
#2601=IFCPROPERTYSET('1cLBfe6QrEN8k9_kFv6SVm',#5,'CPset_BGT',$,(#2592,#2593,#2594,#2595,#2596,#2597,#2598,#2599,#2600));
#2602=IFCPROPERTYSINGLEVALUE('objectBegintijd',$,IFCLABEL('1428357600000'),$);
#2603=IFCPROPERTYSINGLEVALUE('identificatie',$,IFCIDENTIFIER('NL.IMGeo.G0772.e41fd140295f4150b1c912fef8218987'),$);
#2604=IFCPROPERTYSINGLEVALUE('tijdstipRegistratie',$,IFCLABEL('1452169524000'),$);
#2605=IFCPROPERTYSINGLEVALUE('LV-publicatiedatum',$,IFCLABEL('1459857343000'),$);
#2606=IFCPROPERTYSINGLEVALUE('bronhouder',$,IFCLABEL('G0772'),$);
#2607=IFCPROPERTYSINGLEVALUE('inOnderzoek',$,IFCBOOLEAN(.T.),$);
#2608=IFCPROPERTYSINGLEVALUE('relatieveHoogteligging',$,IFCREAL(0.),$);
#2609=IFCPROPERTYSINGLEVALUE('bgt-status',$,IFCLABEL('bestaand'),$);
#2610=IFCPROPERTYSINGLEVALUE('plus-type',$,IFCLABEL('niet-bgt:lichtmast'),$);
#2611=IFCPROPERTYSET('2I8SUK5ZT6g9nidvxLNCoz',#5,'CPset_BGT',$,(#2602,#2603,#2604,#2605,#2606,#2607,#2608,#2609,#2610));
#2612=IFCPROPERTYSINGLEVALUE('objectBegintijd',$,IFCLABEL('1349906400000'),$);
#2613=IFCPROPERTYSINGLEVALUE('identificatie',$,IFCIDENTIFIER('NL.IMGeo.G0772.e79ef1b7f7de427abf840914d51a8255'),$);
#2614=IFCPROPERTYSINGLEVALUE('tijdstipRegistratie',$,IFCLABEL('1452169524000'),$);
#2615=IFCPROPERTYSINGLEVALUE('LV-publicatiedatum',$,IFCLABEL('1459857343000'),$);
#2616=IFCPROPERTYSINGLEVALUE('bronhouder',$,IFCLABEL('G0772'),$);
#2617=IFCPROPERTYSINGLEVALUE('inOnderzoek',$,IFCBOOLEAN(.T.),$);
#2618=IFCPROPERTYSINGLEVALUE('relatieveHoogteligging',$,IFCREAL(0.),$);
#2619=IFCPROPERTYSINGLEVALUE('bgt-status',$,IFCLABEL('bestaand'),$);
#2620=IFCPROPERTYSINGLEVALUE('plus-type',$,IFCLABEL('niet-bgt:verkeersregelinstallatiepaal'),$);
#2621=IFCPROPERTYSET('0jViukOej1O94nU6WlVGMk',#5,'CPset_BGT',$,(#2612,#2613,#2614,#2615,#2616,#2617,#2618,#2619,#2620));
#2622=IFCPROPERTYSINGLEVALUE('objectBegintijd',$,IFCLABEL('1428357600000'),$);
#2623=IFCPROPERTYSINGLEVALUE('identificatie',$,IFCIDENTIFIER('NL.IMGeo.G0772.e86a720a3a74437799e88eb285ffecdb'),$);
#2624=IFCPROPERTYSINGLEVALUE('tijdstipRegistratie',$,IFCLABEL('1452169524000'),$);
#2625=IFCPROPERTYSINGLEVALUE('LV-publicatiedatum',$,IFCLABEL('1459857343000'),$);
#2626=IFCPROPERTYSINGLEVALUE('bronhouder',$,IFCLABEL('G0772'),$);
#2627=IFCPROPERTYSINGLEVALUE('inOnderzoek',$,IFCBOOLEAN(.T.),$);
#2628=IFCPROPERTYSINGLEVALUE('relatieveHoogteligging',$,IFCREAL(0.),$);
#2629=IFCPROPERTYSINGLEVALUE('bgt-status',$,IFCLABEL('bestaand'),$);
#2630=IFCPROPERTYSINGLEVALUE('plus-type',$,IFCLABEL('niet-bgt:lichtmast'),$);
#2631=IFCPROPERTYSET('2TAtHJ_lj2MhsLA5lH$T$x',#5,'CPset_BGT',$,(#2622,#2623,#2624,#2625,#2626,#2627,#2628,#2629,#2630));
#2632=IFCPROPERTYSINGLEVALUE('objectBegintijd',$,IFCLABEL('1349906400000'),$);
#2633=IFCPROPERTYSINGLEVALUE('identificatie',$,IFCIDENTIFIER('NL.IMGeo.G0772.eade32604b0c4e7993da7fdd070e447b'),$);
#2634=IFCPROPERTYSINGLEVALUE('tijdstipRegistratie',$,IFCLABEL('1452169524000'),$);
#2635=IFCPROPERTYSINGLEVALUE('LV-publicatiedatum',$,IFCLABEL('1459857343000'),$);
#2636=IFCPROPERTYSINGLEVALUE('bronhouder',$,IFCLABEL('G0772'),$);
#2637=IFCPROPERTYSINGLEVALUE('inOnderzoek',$,IFCBOOLEAN(.T.),$);
#2638=IFCPROPERTYSINGLEVALUE('relatieveHoogteligging',$,IFCREAL(0.),$);
#2639=IFCPROPERTYSINGLEVALUE('bgt-status',$,IFCLABEL('bestaand'),$);
#2640=IFCPROPERTYSINGLEVALUE('plus-type',$,IFCLABEL('niet-bgt:lichtmast'),$);
#2641=IFCPROPERTYSET('05X7JKKer57ASPLfVS5Gaw',#5,'CPset_BGT',$,(#2632,#2633,#2634,#2635,#2636,#2637,#2638,#2639,#2640));
#2642=IFCPROPERTYSINGLEVALUE('objectBegintijd',$,IFCLABEL('1317679200000'),$);
#2643=IFCPROPERTYSINGLEVALUE('identificatie',$,IFCIDENTIFIER('NL.IMGeo.G0772.ed72863dfc294a9a927bbc1b758a485e'),$);
#2644=IFCPROPERTYSINGLEVALUE('tijdstipRegistratie',$,IFCLABEL('1452169524000'),$);
#2645=IFCPROPERTYSINGLEVALUE('LV-publicatiedatum',$,IFCLABEL('1459857343000'),$);
#2646=IFCPROPERTYSINGLEVALUE('bronhouder',$,IFCLABEL('G0772'),$);
#2647=IFCPROPERTYSINGLEVALUE('inOnderzoek',$,IFCBOOLEAN(.T.),$);
#2648=IFCPROPERTYSINGLEVALUE('relatieveHoogteligging',$,IFCREAL(0.),$);
#2649=IFCPROPERTYSINGLEVALUE('bgt-status',$,IFCLABEL('bestaand'),$);
#2650=IFCPROPERTYSINGLEVALUE('plus-type',$,IFCLABEL('niet-bgt:lichtmast'),$);
#2651=IFCPROPERTYSET('29309vrqP10e3va8meRxJI',#5,'CPset_BGT',$,(#2642,#2643,#2644,#2645,#2646,#2647,#2648,#2649,#2650));
#2652=IFCPROPERTYSINGLEVALUE('objectBegintijd',$,IFCLABEL('1428357600000'),$);
#2653=IFCPROPERTYSINGLEVALUE('identificatie',$,IFCIDENTIFIER('NL.IMGeo.G0772.f1a445929fa44f519ed3004df676b414'),$);
#2654=IFCPROPERTYSINGLEVALUE('tijdstipRegistratie',$,IFCLABEL('1452169524000'),$);
#2655=IFCPROPERTYSINGLEVALUE('LV-publicatiedatum',$,IFCLABEL('1459857343000'),$);
#2656=IFCPROPERTYSINGLEVALUE('bronhouder',$,IFCLABEL('G0772'),$);
#2657=IFCPROPERTYSINGLEVALUE('inOnderzoek',$,IFCBOOLEAN(.T.),$);
#2658=IFCPROPERTYSINGLEVALUE('relatieveHoogteligging',$,IFCREAL(0.),$);
#2659=IFCPROPERTYSINGLEVALUE('bgt-status',$,IFCLABEL('bestaand'),$);
#2660=IFCPROPERTYSINGLEVALUE('plus-type',$,IFCLABEL('niet-bgt:lichtmast'),$);
#2661=IFCPROPERTYSET('2ipzPwNNz5Pum9s_8Yv8HC',#5,'CPset_BGT',$,(#2652,#2653,#2654,#2655,#2656,#2657,#2658,#2659,#2660));
#2662=IFCPROPERTYSINGLEVALUE('objectBegintijd',$,IFCLABEL('1428357600000'),$);
#2663=IFCPROPERTYSINGLEVALUE('identificatie',$,IFCIDENTIFIER('NL.IMGeo.G0772.01afb079719041d3a42a2adb407109a4'),$);
#2664=IFCPROPERTYSINGLEVALUE('tijdstipRegistratie',$,IFCLABEL('1452169524000'),$);
#2665=IFCPROPERTYSINGLEVALUE('LV-publicatiedatum',$,IFCLABEL('1459857343000'),$);
#2666=IFCPROPERTYSINGLEVALUE('bronhouder',$,IFCLABEL('G0772'),$);
#2667=IFCPROPERTYSINGLEVALUE('inOnderzoek',$,IFCBOOLEAN(.T.),$);
#2668=IFCPROPERTYSINGLEVALUE('relatieveHoogteligging',$,IFCREAL(0.),$);
#2669=IFCPROPERTYSINGLEVALUE('bgt-status',$,IFCLABEL('bestaand'),$);
#2670=IFCPROPERTYSINGLEVALUE('plus-type',$,IFCLABEL('niet-bgt:lichtmast'),$);
#2671=IFCPROPERTYSET('0WON49jwPBof4Fuzer5Hlu',#5,'CPset_BGT',$,(#2662,#2663,#2664,#2665,#2666,#2667,#2668,#2669,#2670));
#2672=IFCPROPERTYSINGLEVALUE('objectBegintijd',$,IFCLABEL('1394492400000'),$);
#2673=IFCPROPERTYSINGLEVALUE('identificatie',$,IFCIDENTIFIER('NL.IMGeo.G0772.068ae0116e0c4fd08b66dbb8b9d3a9d9'),$);
#2674=IFCPROPERTYSINGLEVALUE('tijdstipRegistratie',$,IFCLABEL('1452169524000'),$);
#2675=IFCPROPERTYSINGLEVALUE('LV-publicatiedatum',$,IFCLABEL('1459857343000'),$);
#2676=IFCPROPERTYSINGLEVALUE('bronhouder',$,IFCLABEL('G0772'),$);
#2677=IFCPROPERTYSINGLEVALUE('inOnderzoek',$,IFCBOOLEAN(.T.),$);
#2678=IFCPROPERTYSINGLEVALUE('relatieveHoogteligging',$,IFCREAL(0.),$);
#2679=IFCPROPERTYSINGLEVALUE('bgt-status',$,IFCLABEL('bestaand'),$);
#2680=IFCPROPERTYSINGLEVALUE('plus-type',$,IFCLABEL('niet-bgt:lichtmast'),$);
#2681=IFCPROPERTYSET('1AluG3G0r06hkK3Tqb86Uc',#5,'CPset_BGT',$,(#2672,#2673,#2674,#2675,#2676,#2677,#2678,#2679,#2680));
#2682=IFCPROPERTYSINGLEVALUE('objectBegintijd',$,IFCLABEL('1428357600000'),$);
#2683=IFCPROPERTYSINGLEVALUE('identificatie',$,IFCIDENTIFIER('NL.IMGeo.G0772.08b76f7c11e5430bbe765a4fa5627b34'),$);
#2684=IFCPROPERTYSINGLEVALUE('tijdstipRegistratie',$,IFCLABEL('1452169524000'),$);
#2685=IFCPROPERTYSINGLEVALUE('LV-publicatiedatum',$,IFCLABEL('1459857343000'),$);
#2686=IFCPROPERTYSINGLEVALUE('bronhouder',$,IFCLABEL('G0772'),$);
#2687=IFCPROPERTYSINGLEVALUE('inOnderzoek',$,IFCBOOLEAN(.T.),$);
#2688=IFCPROPERTYSINGLEVALUE('relatieveHoogteligging',$,IFCREAL(0.),$);
#2689=IFCPROPERTYSINGLEVALUE('bgt-status',$,IFCLABEL('bestaand'),$);
#2690=IFCPROPERTYSINGLEVALUE('plus-type',$,IFCLABEL('niet-bgt:lichtmast'),$);
#2691=IFCPROPERTYSET('212EcQ1sDDTuQvlQYNSE2Q',#5,'CPset_BGT',$,(#2682,#2683,#2684,#2685,#2686,#2687,#2688,#2689,#2690));
#2692=IFCPROPERTYSINGLEVALUE('objectBegintijd',$,IFCLABEL('1428357600000'),$);
#2693=IFCPROPERTYSINGLEVALUE('identificatie',$,IFCIDENTIFIER('NL.IMGeo.G0772.0dc43fd8d0b249a89aeafd4cf96918d3'),$);
#2694=IFCPROPERTYSINGLEVALUE('tijdstipRegistratie',$,IFCLABEL('1452169524000'),$);
#2695=IFCPROPERTYSINGLEVALUE('LV-publicatiedatum',$,IFCLABEL('1459857343000'),$);
#2696=IFCPROPERTYSINGLEVALUE('bronhouder',$,IFCLABEL('G0772'),$);
#2697=IFCPROPERTYSINGLEVALUE('inOnderzoek',$,IFCBOOLEAN(.T.),$);
#2698=IFCPROPERTYSINGLEVALUE('relatieveHoogteligging',$,IFCREAL(0.),$);
#2699=IFCPROPERTYSINGLEVALUE('bgt-status',$,IFCLABEL('bestaand'),$);
#2700=IFCPROPERTYSINGLEVALUE('plus-type',$,IFCLABEL('niet-bgt:lichtmast'),$);
#2701=IFCPROPERTYSET('3YR8lbDQzER9_Gryk2yW9T',#5,'CPset_BGT',$,(#2692,#2693,#2694,#2695,#2696,#2697,#2698,#2699,#2700));
#2702=IFCPROPERTYSINGLEVALUE('objectBegintijd',$,IFCLABEL('1428357600000'),$);
#2703=IFCPROPERTYSINGLEVALUE('identificatie',$,IFCIDENTIFIER('NL.IMGeo.G0772.1dd1719594e74020a063cecfc1e3c8b6'),$);
#2704=IFCPROPERTYSINGLEVALUE('tijdstipRegistratie',$,IFCLABEL('1452169524000'),$);
#2705=IFCPROPERTYSINGLEVALUE('LV-publicatiedatum',$,IFCLABEL('1459857343000'),$);
#2706=IFCPROPERTYSINGLEVALUE('bronhouder',$,IFCLABEL('G0772'),$);
#2707=IFCPROPERTYSINGLEVALUE('inOnderzoek',$,IFCBOOLEAN(.T.),$);
#2708=IFCPROPERTYSINGLEVALUE('relatieveHoogteligging',$,IFCREAL(0.),$);
#2709=IFCPROPERTYSINGLEVALUE('bgt-status',$,IFCLABEL('bestaand'),$);
#2710=IFCPROPERTYSINGLEVALUE('plus-type',$,IFCLABEL('niet-bgt:lichtmast'),$);
#2711=IFCPROPERTYSET('2um2EMrxzAOv7a2YvtvIK6',#5,'CPset_BGT',$,(#2702,#2703,#2704,#2705,#2706,#2707,#2708,#2709,#2710));
#2712=IFCPROPERTYSINGLEVALUE('objectBegintijd',$,IFCLABEL('1428357600000'),$);
#2713=IFCPROPERTYSINGLEVALUE('identificatie',$,IFCIDENTIFIER('NL.IMGeo.G0772.228baec2e9d14264a680ee6e594d0a94'),$);
#2714=IFCPROPERTYSINGLEVALUE('tijdstipRegistratie',$,IFCLABEL('1452169524000'),$);
#2715=IFCPROPERTYSINGLEVALUE('LV-publicatiedatum',$,IFCLABEL('1459857343000'),$);
#2716=IFCPROPERTYSINGLEVALUE('bronhouder',$,IFCLABEL('G0772'),$);
#2717=IFCPROPERTYSINGLEVALUE('inOnderzoek',$,IFCBOOLEAN(.T.),$);
#2718=IFCPROPERTYSINGLEVALUE('relatieveHoogteligging',$,IFCREAL(0.),$);
#2719=IFCPROPERTYSINGLEVALUE('bgt-status',$,IFCLABEL('bestaand'),$);
#2720=IFCPROPERTYSINGLEVALUE('plus-type',$,IFCLABEL('niet-bgt:lichtmast'),$);
#2721=IFCPROPERTYSET('2Di1g7pUDEVhF8KKbsqq7I',#5,'CPset_BGT',$,(#2712,#2713,#2714,#2715,#2716,#2717,#2718,#2719,#2720));
#2722=IFCPROPERTYSINGLEVALUE('objectBegintijd',$,IFCLABEL('1428357600000'),$);
#2723=IFCPROPERTYSINGLEVALUE('identificatie',$,IFCIDENTIFIER('NL.IMGeo.G0772.2be2d5bbfdb34c8b8d136a2bdef5e2a9'),$);
#2724=IFCPROPERTYSINGLEVALUE('tijdstipRegistratie',$,IFCLABEL('1452169524000'),$);
#2725=IFCPROPERTYSINGLEVALUE('LV-publicatiedatum',$,IFCLABEL('1459857343000'),$);
#2726=IFCPROPERTYSINGLEVALUE('bronhouder',$,IFCLABEL('G0772'),$);
#2727=IFCPROPERTYSINGLEVALUE('inOnderzoek',$,IFCBOOLEAN(.T.),$);
#2728=IFCPROPERTYSINGLEVALUE('relatieveHoogteligging',$,IFCREAL(0.),$);
#2729=IFCPROPERTYSINGLEVALUE('bgt-status',$,IFCLABEL('bestaand'),$);
#2730=IFCPROPERTYSINGLEVALUE('plus-type',$,IFCLABEL('niet-bgt:lichtmast'),$);
#2731=IFCPROPERTYSET('2MGKPzi3n7GAwi1yCE_HjW',#5,'CPset_BGT',$,(#2722,#2723,#2724,#2725,#2726,#2727,#2728,#2729,#2730));
#2732=IFCPROPERTYSINGLEVALUE('objectBegintijd',$,IFCLABEL('1428357600000'),$);
#2733=IFCPROPERTYSINGLEVALUE('identificatie',$,IFCIDENTIFIER('NL.IMGeo.G0772.2f592b4a30854bbf86c894b6cecfa682'),$);
#2734=IFCPROPERTYSINGLEVALUE('tijdstipRegistratie',$,IFCLABEL('1452169524000'),$);
#2735=IFCPROPERTYSINGLEVALUE('LV-publicatiedatum',$,IFCLABEL('1459857343000'),$);
#2736=IFCPROPERTYSINGLEVALUE('bronhouder',$,IFCLABEL('G0772'),$);
#2737=IFCPROPERTYSINGLEVALUE('inOnderzoek',$,IFCBOOLEAN(.T.),$);
#2738=IFCPROPERTYSINGLEVALUE('relatieveHoogteligging',$,IFCREAL(0.),$);
#2739=IFCPROPERTYSINGLEVALUE('bgt-status',$,IFCLABEL('bestaand'),$);
#2740=IFCPROPERTYSINGLEVALUE('plus-type',$,IFCLABEL('niet-bgt:lichtmast'),$);
#2741=IFCPROPERTYSET('30qBaqKZf1lPUboFbhc8O6',#5,'CPset_BGT',$,(#2732,#2733,#2734,#2735,#2736,#2737,#2738,#2739,#2740));
#2742=IFCPROPERTYSINGLEVALUE('objectBegintijd',$,IFCLABEL('1349906400000'),$);
#2743=IFCPROPERTYSINGLEVALUE('identificatie',$,IFCIDENTIFIER('NL.IMGeo.G0772.315b53d056fd4b939755da220d61e059'),$);
#2744=IFCPROPERTYSINGLEVALUE('tijdstipRegistratie',$,IFCLABEL('1452169524000'),$);
#2745=IFCPROPERTYSINGLEVALUE('LV-publicatiedatum',$,IFCLABEL('1459857343000'),$);
#2746=IFCPROPERTYSINGLEVALUE('bronhouder',$,IFCLABEL('G0772'),$);
#2747=IFCPROPERTYSINGLEVALUE('inOnderzoek',$,IFCBOOLEAN(.T.),$);
#2748=IFCPROPERTYSINGLEVALUE('relatieveHoogteligging',$,IFCREAL(0.),$);
#2749=IFCPROPERTYSINGLEVALUE('bgt-status',$,IFCLABEL('bestaand'),$);
#2750=IFCPROPERTYSINGLEVALUE('plus-type',$,IFCLABEL('niet-bgt:lichtmast'),$);
#2751=IFCPROPERTYSET('1W5FToZFz8ZQZ23pKPFN7E',#5,'CPset_BGT',$,(#2742,#2743,#2744,#2745,#2746,#2747,#2748,#2749,#2750));
#2752=IFCPROPERTYSINGLEVALUE('objectBegintijd',$,IFCLABEL('1428357600000'),$);
#2753=IFCPROPERTYSINGLEVALUE('identificatie',$,IFCIDENTIFIER('NL.IMGeo.G0772.42e02378bf0e443bbab37473473aa4b1'),$);
#2754=IFCPROPERTYSINGLEVALUE('tijdstipRegistratie',$,IFCLABEL('1452169524000'),$);
#2755=IFCPROPERTYSINGLEVALUE('LV-publicatiedatum',$,IFCLABEL('1459857343000'),$);
#2756=IFCPROPERTYSINGLEVALUE('bronhouder',$,IFCLABEL('G0772'),$);
#2757=IFCPROPERTYSINGLEVALUE('inOnderzoek',$,IFCBOOLEAN(.T.),$);
#2758=IFCPROPERTYSINGLEVALUE('relatieveHoogteligging',$,IFCREAL(0.),$);
#2759=IFCPROPERTYSINGLEVALUE('bgt-status',$,IFCLABEL('bestaand'),$);
#2760=IFCPROPERTYSINGLEVALUE('plus-type',$,IFCLABEL('niet-bgt:lichtmast'),$);
#2761=IFCPROPERTYSET('2cTlKAhLz5wPUV5Lfah2ae',#5,'CPset_BGT',$,(#2752,#2753,#2754,#2755,#2756,#2757,#2758,#2759,#2760));
#2762=IFCPROPERTYSINGLEVALUE('objectBegintijd',$,IFCLABEL('1361746800000'),$);
#2763=IFCPROPERTYSINGLEVALUE('identificatie',$,IFCIDENTIFIER('NL.IMGeo.G0772.51b2fa3facfa4a1e8be2fc9d562ab3c3'),$);
#2764=IFCPROPERTYSINGLEVALUE('tijdstipRegistratie',$,IFCLABEL('1452169524000'),$);
#2765=IFCPROPERTYSINGLEVALUE('LV-publicatiedatum',$,IFCLABEL('1459857343000'),$);
#2766=IFCPROPERTYSINGLEVALUE('bronhouder',$,IFCLABEL('G0772'),$);
#2767=IFCPROPERTYSINGLEVALUE('inOnderzoek',$,IFCBOOLEAN(.T.),$);
#2768=IFCPROPERTYSINGLEVALUE('relatieveHoogteligging',$,IFCREAL(0.),$);
#2769=IFCPROPERTYSINGLEVALUE('bgt-status',$,IFCLABEL('bestaand'),$);
#2770=IFCPROPERTYSINGLEVALUE('plus-type',$,IFCLABEL('niet-bgt:verkeersregelinstallatiepaal'),$);
#2771=IFCPROPERTYSET('0AABZ8ZujESBw6LWdOmSue',#5,'CPset_BGT',$,(#2762,#2763,#2764,#2765,#2766,#2767,#2768,#2769,#2770));
#2772=IFCPROPERTYSINGLEVALUE('objectBegintijd',$,IFCLABEL('1317679200000'),$);
#2773=IFCPROPERTYSINGLEVALUE('identificatie',$,IFCIDENTIFIER('NL.IMGeo.G0772.55621d32fbe446c5b0dd46053e5dcf43'),$);
#2774=IFCPROPERTYSINGLEVALUE('tijdstipRegistratie',$,IFCLABEL('1452169524000'),$);
#2775=IFCPROPERTYSINGLEVALUE('LV-publicatiedatum',$,IFCLABEL('1459857343000'),$);
#2776=IFCPROPERTYSINGLEVALUE('bronhouder',$,IFCLABEL('G0772'),$);
#2777=IFCPROPERTYSINGLEVALUE('inOnderzoek',$,IFCBOOLEAN(.T.),$);
#2778=IFCPROPERTYSINGLEVALUE('relatieveHoogteligging',$,IFCREAL(0.),$);
#2779=IFCPROPERTYSINGLEVALUE('bgt-status',$,IFCLABEL('bestaand'),$);
#2780=IFCPROPERTYSINGLEVALUE('plus-type',$,IFCLABEL('niet-bgt:lichtmast'),$);
#2781=IFCPROPERTYSET('3N4o1flbn79xN0uXPldYi0',#5,'CPset_BGT',$,(#2772,#2773,#2774,#2775,#2776,#2777,#2778,#2779,#2780));
#2782=IFCPROPERTYSINGLEVALUE('objectBegintijd',$,IFCLABEL('1361746800000'),$);
#2783=IFCPROPERTYSINGLEVALUE('identificatie',$,IFCIDENTIFIER('NL.IMGeo.G0772.563f76f862414ba2ae1c767162f08034'),$);
#2784=IFCPROPERTYSINGLEVALUE('tijdstipRegistratie',$,IFCLABEL('1452169524000'),$);
#2785=IFCPROPERTYSINGLEVALUE('LV-publicatiedatum',$,IFCLABEL('1459857343000'),$);
#2786=IFCPROPERTYSINGLEVALUE('bronhouder',$,IFCLABEL('G0772'),$);
#2787=IFCPROPERTYSINGLEVALUE('inOnderzoek',$,IFCBOOLEAN(.T.),$);
#2788=IFCPROPERTYSINGLEVALUE('relatieveHoogteligging',$,IFCREAL(0.),$);
#2789=IFCPROPERTYSINGLEVALUE('bgt-status',$,IFCLABEL('bestaand'),$);
#2790=IFCPROPERTYSINGLEVALUE('plus-type',$,IFCLABEL('niet-bgt:lichtmast'),$);
#2791=IFCPROPERTYSET('3f$slDMN95FQPRd7UV9e4p',#5,'CPset_BGT',$,(#2782,#2783,#2784,#2785,#2786,#2787,#2788,#2789,#2790));
#2792=IFCPROPERTYSINGLEVALUE('objectBegintijd',$,IFCLABEL('1428357600000'),$);
#2793=IFCPROPERTYSINGLEVALUE('identificatie',$,IFCIDENTIFIER('NL.IMGeo.G0772.593b714160694ab2b11790413dc771b1'),$);
#2794=IFCPROPERTYSINGLEVALUE('tijdstipRegistratie',$,IFCLABEL('1452169524000'),$);
#2795=IFCPROPERTYSINGLEVALUE('LV-publicatiedatum',$,IFCLABEL('1459857343000'),$);
#2796=IFCPROPERTYSINGLEVALUE('bronhouder',$,IFCLABEL('G0772'),$);
#2797=IFCPROPERTYSINGLEVALUE('inOnderzoek',$,IFCBOOLEAN(.T.),$);
#2798=IFCPROPERTYSINGLEVALUE('relatieveHoogteligging',$,IFCREAL(0.),$);
#2799=IFCPROPERTYSINGLEVALUE('bgt-status',$,IFCLABEL('bestaand'),$);
#2800=IFCPROPERTYSINGLEVALUE('plus-type',$,IFCLABEL('niet-bgt:lichtmast'),$);
#2801=IFCPROPERTYSET('0AhKVIBeLEIOw8mCdL9Jzh',#5,'CPset_BGT',$,(#2792,#2793,#2794,#2795,#2796,#2797,#2798,#2799,#2800));
#2802=IFCPROPERTYSINGLEVALUE('objectBegintijd',$,IFCLABEL('1317679200000'),$);
#2803=IFCPROPERTYSINGLEVALUE('identificatie',$,IFCIDENTIFIER('NL.IMGeo.G0772.61b69d9669c74a3a83c950829bb01721'),$);
#2804=IFCPROPERTYSINGLEVALUE('tijdstipRegistratie',$,IFCLABEL('1452169524000'),$);
#2805=IFCPROPERTYSINGLEVALUE('LV-publicatiedatum',$,IFCLABEL('1459857343000'),$);
#2806=IFCPROPERTYSINGLEVALUE('bronhouder',$,IFCLABEL('G0772'),$);
#2807=IFCPROPERTYSINGLEVALUE('inOnderzoek',$,IFCBOOLEAN(.T.),$);
#2808=IFCPROPERTYSINGLEVALUE('relatieveHoogteligging',$,IFCREAL(0.),$);
#2809=IFCPROPERTYSINGLEVALUE('bgt-status',$,IFCLABEL('bestaand'),$);
#2810=IFCPROPERTYSINGLEVALUE('plus-type',$,IFCLABEL('niet-bgt:lichtmast'),$);
#2811=IFCPROPERTYSET('3PHLwejG16pRmDXpaggvyI',#5,'CPset_BGT',$,(#2802,#2803,#2804,#2805,#2806,#2807,#2808,#2809,#2810));
#2812=IFCPROPERTYSINGLEVALUE('objectBegintijd',$,IFCLABEL('1428357600000'),$);
#2813=IFCPROPERTYSINGLEVALUE('identificatie',$,IFCIDENTIFIER('NL.IMGeo.G0772.62151d708aac4b96aef10e1a139bbcea'),$);
#2814=IFCPROPERTYSINGLEVALUE('tijdstipRegistratie',$,IFCLABEL('1452169524000'),$);
#2815=IFCPROPERTYSINGLEVALUE('LV-publicatiedatum',$,IFCLABEL('1459857343000'),$);
#2816=IFCPROPERTYSINGLEVALUE('bronhouder',$,IFCLABEL('G0772'),$);
#2817=IFCPROPERTYSINGLEVALUE('inOnderzoek',$,IFCBOOLEAN(.T.),$);
#2818=IFCPROPERTYSINGLEVALUE('relatieveHoogteligging',$,IFCREAL(0.),$);
#2819=IFCPROPERTYSINGLEVALUE('bgt-status',$,IFCLABEL('bestaand'),$);
#2820=IFCPROPERTYSINGLEVALUE('plus-type',$,IFCLABEL('niet-bgt:lichtmast'),$);
#2821=IFCPROPERTYSET('2nNtJ5jEj2Rf7kY1gOFVUC',#5,'CPset_BGT',$,(#2812,#2813,#2814,#2815,#2816,#2817,#2818,#2819,#2820));
#2822=IFCPROPERTYSINGLEVALUE('objectBegintijd',$,IFCLABEL('1428357600000'),$);
#2823=IFCPROPERTYSINGLEVALUE('identificatie',$,IFCIDENTIFIER('NL.IMGeo.G0772.64e42de62ff4439285bed10825691393'),$);
#2824=IFCPROPERTYSINGLEVALUE('tijdstipRegistratie',$,IFCLABEL('1452169524000'),$);
#2825=IFCPROPERTYSINGLEVALUE('LV-publicatiedatum',$,IFCLABEL('1459857343000'),$);
#2826=IFCPROPERTYSINGLEVALUE('bronhouder',$,IFCLABEL('G0772'),$);
#2827=IFCPROPERTYSINGLEVALUE('inOnderzoek',$,IFCBOOLEAN(.T.),$);
#2828=IFCPROPERTYSINGLEVALUE('relatieveHoogteligging',$,IFCREAL(0.),$);
#2829=IFCPROPERTYSINGLEVALUE('bgt-status',$,IFCLABEL('bestaand'),$);
#2830=IFCPROPERTYSINGLEVALUE('plus-type',$,IFCLABEL('niet-bgt:lichtmast'),$);
#2831=IFCPROPERTYSET('3baHUZR615Rvx6EjKyUvsa',#5,'CPset_BGT',$,(#2822,#2823,#2824,#2825,#2826,#2827,#2828,#2829,#2830));
#2832=IFCPROPERTYSINGLEVALUE('objectBegintijd',$,IFCLABEL('1428357600000'),$);
#2833=IFCPROPERTYSINGLEVALUE('identificatie',$,IFCIDENTIFIER('NL.IMGeo.G0772.6526d8cfe11046d89c75fac6e916b090'),$);
#2834=IFCPROPERTYSINGLEVALUE('tijdstipRegistratie',$,IFCLABEL('1452169524000'),$);
#2835=IFCPROPERTYSINGLEVALUE('LV-publicatiedatum',$,IFCLABEL('1459857343000'),$);
#2836=IFCPROPERTYSINGLEVALUE('bronhouder',$,IFCLABEL('G0772'),$);
#2837=IFCPROPERTYSINGLEVALUE('inOnderzoek',$,IFCBOOLEAN(.T.),$);
#2838=IFCPROPERTYSINGLEVALUE('relatieveHoogteligging',$,IFCREAL(0.),$);
#2839=IFCPROPERTYSINGLEVALUE('bgt-status',$,IFCLABEL('bestaand'),$);
#2840=IFCPROPERTYSINGLEVALUE('plus-type',$,IFCLABEL('niet-bgt:lichtmast'),$);
#2841=IFCPROPERTYSET('3pAejlDjT3zhP_V$1dF0io',#5,'CPset_BGT',$,(#2832,#2833,#2834,#2835,#2836,#2837,#2838,#2839,#2840));
#2842=IFCPROPERTYSINGLEVALUE('objectBegintijd',$,IFCLABEL('1275602400000'),$);
#2843=IFCPROPERTYSINGLEVALUE('identificatie',$,IFCIDENTIFIER('NL.IMGeo.G0772.708246fa1b1943aeab007e23a2d0e076'),$);
#2844=IFCPROPERTYSINGLEVALUE('tijdstipRegistratie',$,IFCLABEL('1452169524000'),$);
#2845=IFCPROPERTYSINGLEVALUE('LV-publicatiedatum',$,IFCLABEL('1459857343000'),$);
#2846=IFCPROPERTYSINGLEVALUE('bronhouder',$,IFCLABEL('G0772'),$);
#2847=IFCPROPERTYSINGLEVALUE('inOnderzoek',$,IFCBOOLEAN(.T.),$);
#2848=IFCPROPERTYSINGLEVALUE('relatieveHoogteligging',$,IFCREAL(0.),$);
#2849=IFCPROPERTYSINGLEVALUE('bgt-status',$,IFCLABEL('bestaand'),$);
#2850=IFCPROPERTYSINGLEVALUE('plus-type',$,IFCLABEL('niet-bgt:lichtmast'),$);
#2851=IFCPROPERTYSET('3gciBkusT0BvP6hggdeFcQ',#5,'CPset_BGT',$,(#2842,#2843,#2844,#2845,#2846,#2847,#2848,#2849,#2850));
#2852=IFCPROPERTYSINGLEVALUE('objectBegintijd',$,IFCLABEL('1428357600000'),$);
#2853=IFCPROPERTYSINGLEVALUE('identificatie',$,IFCIDENTIFIER('NL.IMGeo.G0772.7751c2ad1dc64d3e88369bd9623f9378'),$);
#2854=IFCPROPERTYSINGLEVALUE('tijdstipRegistratie',$,IFCLABEL('1452169524000'),$);
#2855=IFCPROPERTYSINGLEVALUE('LV-publicatiedatum',$,IFCLABEL('1459857343000'),$);
#2856=IFCPROPERTYSINGLEVALUE('bronhouder',$,IFCLABEL('G0772'),$);
#2857=IFCPROPERTYSINGLEVALUE('inOnderzoek',$,IFCBOOLEAN(.T.),$);
#2858=IFCPROPERTYSINGLEVALUE('relatieveHoogteligging',$,IFCREAL(0.),$);
#2859=IFCPROPERTYSINGLEVALUE('bgt-status',$,IFCLABEL('bestaand'),$);
#2860=IFCPROPERTYSINGLEVALUE('plus-type',$,IFCLABEL('niet-bgt:lichtmast'),$);
#2861=IFCPROPERTYSET('2sb$IPhrXC0OprnNLuemsN',#5,'CPset_BGT',$,(#2852,#2853,#2854,#2855,#2856,#2857,#2858,#2859,#2860));
#2862=IFCPROPERTYSINGLEVALUE('objectBegintijd',$,IFCLABEL('1275602400000'),$);
#2863=IFCPROPERTYSINGLEVALUE('identificatie',$,IFCIDENTIFIER('NL.IMGeo.G0772.7f5aeec042024c38a1cc7898ee3c1f95'),$);
#2864=IFCPROPERTYSINGLEVALUE('tijdstipRegistratie',$,IFCLABEL('1452169524000'),$);
#2865=IFCPROPERTYSINGLEVALUE('LV-publicatiedatum',$,IFCLABEL('1459857343000'),$);
#2866=IFCPROPERTYSINGLEVALUE('bronhouder',$,IFCLABEL('G0772'),$);
#2867=IFCPROPERTYSINGLEVALUE('inOnderzoek',$,IFCBOOLEAN(.T.),$);
#2868=IFCPROPERTYSINGLEVALUE('relatieveHoogteligging',$,IFCREAL(0.),$);
#2869=IFCPROPERTYSINGLEVALUE('bgt-status',$,IFCLABEL('bestaand'),$);
#2870=IFCPROPERTYSINGLEVALUE('plus-type',$,IFCLABEL('niet-bgt:lichtmast'),$);
#2871=IFCPROPERTYSET('30Wixlk2n25O_CvSd85c2x',#5,'CPset_BGT',$,(#2862,#2863,#2864,#2865,#2866,#2867,#2868,#2869,#2870));
#2872=IFCPROPERTYSINGLEVALUE('objectBegintijd',$,IFCLABEL('1349906400000'),$);
#2873=IFCPROPERTYSINGLEVALUE('identificatie',$,IFCIDENTIFIER('NL.IMGeo.G0772.8294ab03a04d4af0a5b3a5c390fca915'),$);
#2874=IFCPROPERTYSINGLEVALUE('tijdstipRegistratie',$,IFCLABEL('1452169524000'),$);
#2875=IFCPROPERTYSINGLEVALUE('LV-publicatiedatum',$,IFCLABEL('1459857343000'),$);
#2876=IFCPROPERTYSINGLEVALUE('bronhouder',$,IFCLABEL('G0772'),$);
#2877=IFCPROPERTYSINGLEVALUE('inOnderzoek',$,IFCBOOLEAN(.T.),$);
#2878=IFCPROPERTYSINGLEVALUE('relatieveHoogteligging',$,IFCREAL(0.),$);
#2879=IFCPROPERTYSINGLEVALUE('bgt-status',$,IFCLABEL('bestaand'),$);
#2880=IFCPROPERTYSINGLEVALUE('plus-type',$,IFCLABEL('niet-bgt:lichtmast'),$);
#2881=IFCPROPERTYSET('14jkRv0o5E8xJ3ROlU4SK0',#5,'CPset_BGT',$,(#2872,#2873,#2874,#2875,#2876,#2877,#2878,#2879,#2880));
#2882=IFCPROPERTYSINGLEVALUE('objectBegintijd',$,IFCLABEL('1275602400000'),$);
#2883=IFCPROPERTYSINGLEVALUE('identificatie',$,IFCIDENTIFIER('NL.IMGeo.G0772.88748130a1824483ab859303bb75aa51'),$);
#2884=IFCPROPERTYSINGLEVALUE('tijdstipRegistratie',$,IFCLABEL('1452169524000'),$);
#2885=IFCPROPERTYSINGLEVALUE('LV-publicatiedatum',$,IFCLABEL('1459857343000'),$);
#2886=IFCPROPERTYSINGLEVALUE('bronhouder',$,IFCLABEL('G0772'),$);
#2887=IFCPROPERTYSINGLEVALUE('inOnderzoek',$,IFCBOOLEAN(.T.),$);
#2888=IFCPROPERTYSINGLEVALUE('relatieveHoogteligging',$,IFCREAL(0.),$);
#2889=IFCPROPERTYSINGLEVALUE('bgt-status',$,IFCLABEL('bestaand'),$);
#2890=IFCPROPERTYSINGLEVALUE('plus-type',$,IFCLABEL('niet-bgt:lichtmast'),$);
#2891=IFCPROPERTYSET('2EOSuxFyvDxRgh35Pn2hDX',#5,'CPset_BGT',$,(#2882,#2883,#2884,#2885,#2886,#2887,#2888,#2889,#2890));
#2892=IFCPROPERTYSINGLEVALUE('objectBegintijd',$,IFCLABEL('1317679200000'),$);
#2893=IFCPROPERTYSINGLEVALUE('identificatie',$,IFCIDENTIFIER('NL.IMGeo.G0772.8aef5f12d3024ce396dfd470d8dece74'),$);
#2894=IFCPROPERTYSINGLEVALUE('tijdstipRegistratie',$,IFCLABEL('1452169524000'),$);
#2895=IFCPROPERTYSINGLEVALUE('LV-publicatiedatum',$,IFCLABEL('1459857343000'),$);
#2896=IFCPROPERTYSINGLEVALUE('bronhouder',$,IFCLABEL('G0772'),$);
#2897=IFCPROPERTYSINGLEVALUE('inOnderzoek',$,IFCBOOLEAN(.T.),$);
#2898=IFCPROPERTYSINGLEVALUE('relatieveHoogteligging',$,IFCREAL(0.),$);
#2899=IFCPROPERTYSINGLEVALUE('bgt-status',$,IFCLABEL('bestaand'),$);
#2900=IFCPROPERTYSINGLEVALUE('plus-type',$,IFCLABEL('niet-bgt:lichtmast'),$);
#2901=IFCPROPERTYSET('062BpLWB56dgA2RpMh_NJ0',#5,'CPset_BGT',$,(#2892,#2893,#2894,#2895,#2896,#2897,#2898,#2899,#2900));
#2902=IFCPROPERTYSINGLEVALUE('objectBegintijd',$,IFCLABEL('1428357600000'),$);
#2903=IFCPROPERTYSINGLEVALUE('identificatie',$,IFCIDENTIFIER('NL.IMGeo.G0772.8ba9070474c348199dfb9a36f830f82a'),$);
#2904=IFCPROPERTYSINGLEVALUE('tijdstipRegistratie',$,IFCLABEL('1452169524000'),$);
#2905=IFCPROPERTYSINGLEVALUE('LV-publicatiedatum',$,IFCLABEL('1459857343000'),$);
#2906=IFCPROPERTYSINGLEVALUE('bronhouder',$,IFCLABEL('G0772'),$);
#2907=IFCPROPERTYSINGLEVALUE('inOnderzoek',$,IFCBOOLEAN(.T.),$);
#2908=IFCPROPERTYSINGLEVALUE('relatieveHoogteligging',$,IFCREAL(0.),$);
#2909=IFCPROPERTYSINGLEVALUE('bgt-status',$,IFCLABEL('bestaand'),$);
#2910=IFCPROPERTYSINGLEVALUE('plus-type',$,IFCLABEL('niet-bgt:lichtmast'),$);
#2911=IFCPROPERTYSET('04cS3t9f96dRYAfaDpXHSH',#5,'CPset_BGT',$,(#2902,#2903,#2904,#2905,#2906,#2907,#2908,#2909,#2910));
#2912=IFCPROPERTYSINGLEVALUE('objectBegintijd',$,IFCLABEL('1428357600000'),$);
#2913=IFCPROPERTYSINGLEVALUE('identificatie',$,IFCIDENTIFIER('NL.IMGeo.G0772.8dcbbfe7e27e493994fa197d0a45020d'),$);
#2914=IFCPROPERTYSINGLEVALUE('tijdstipRegistratie',$,IFCLABEL('1452169524000'),$);
#2915=IFCPROPERTYSINGLEVALUE('LV-publicatiedatum',$,IFCLABEL('1459857343000'),$);
#2916=IFCPROPERTYSINGLEVALUE('bronhouder',$,IFCLABEL('G0772'),$);
#2917=IFCPROPERTYSINGLEVALUE('inOnderzoek',$,IFCBOOLEAN(.T.),$);
#2918=IFCPROPERTYSINGLEVALUE('relatieveHoogteligging',$,IFCREAL(0.),$);
#2919=IFCPROPERTYSINGLEVALUE('bgt-status',$,IFCLABEL('bestaand'),$);
#2920=IFCPROPERTYSINGLEVALUE('plus-type',$,IFCLABEL('niet-bgt:lichtmast'),$);
#2921=IFCPROPERTYSET('31mNpCmi1DBep_yInVXNmz',#5,'CPset_BGT',$,(#2912,#2913,#2914,#2915,#2916,#2917,#2918,#2919,#2920));
#2922=IFCPROPERTYSINGLEVALUE('objectBegintijd',$,IFCLABEL('1428357600000'),$);
#2923=IFCPROPERTYSINGLEVALUE('identificatie',$,IFCIDENTIFIER('NL.IMGeo.G0772.d2ba9e0c817a488d869a547215c8ae45'),$);
#2924=IFCPROPERTYSINGLEVALUE('tijdstipRegistratie',$,IFCLABEL('1452169524000'),$);
#2925=IFCPROPERTYSINGLEVALUE('LV-publicatiedatum',$,IFCLABEL('1459857343000'),$);
#2926=IFCPROPERTYSINGLEVALUE('bronhouder',$,IFCLABEL('G0772'),$);
#2927=IFCPROPERTYSINGLEVALUE('inOnderzoek',$,IFCBOOLEAN(.T.),$);
#2928=IFCPROPERTYSINGLEVALUE('relatieveHoogteligging',$,IFCREAL(0.),$);
#2929=IFCPROPERTYSINGLEVALUE('bgt-status',$,IFCLABEL('bestaand'),$);
#2930=IFCPROPERTYSINGLEVALUE('plus-type',$,IFCLABEL('niet-bgt:lichtmast'),$);
#2931=IFCPROPERTYSET('0rrHX6lIv6bPwPx3keWGwL',#5,'CPset_BGT',$,(#2922,#2923,#2924,#2925,#2926,#2927,#2928,#2929,#2930));
#2932=IFCPROPERTYSINGLEVALUE('objectBegintijd',$,IFCLABEL('1361746800000'),$);
#2933=IFCPROPERTYSINGLEVALUE('identificatie',$,IFCIDENTIFIER('NL.IMGeo.G0772.edbb5446280d4e0fb1c9ba550dae0b1a'),$);
#2934=IFCPROPERTYSINGLEVALUE('tijdstipRegistratie',$,IFCLABEL('1452169524000'),$);
#2935=IFCPROPERTYSINGLEVALUE('LV-publicatiedatum',$,IFCLABEL('1459857343000'),$);
#2936=IFCPROPERTYSINGLEVALUE('bronhouder',$,IFCLABEL('G0772'),$);
#2937=IFCPROPERTYSINGLEVALUE('inOnderzoek',$,IFCBOOLEAN(.T.),$);
#2938=IFCPROPERTYSINGLEVALUE('relatieveHoogteligging',$,IFCREAL(0.),$);
#2939=IFCPROPERTYSINGLEVALUE('bgt-status',$,IFCLABEL('bestaand'),$);
#2940=IFCPROPERTYSINGLEVALUE('plus-type',$,IFCLABEL('niet-bgt:verkeersregelinstallatiepaal'),$);
#2941=IFCPROPERTYSET('1DCxoWtcnBr94Tiqc7tYxg',#5,'CPset_BGT',$,(#2932,#2933,#2934,#2935,#2936,#2937,#2938,#2939,#2940));
#2942=IFCPROPERTYSINGLEVALUE('objectBegintijd',$,IFCLABEL('1428357600000'),$);
#2943=IFCPROPERTYSINGLEVALUE('identificatie',$,IFCIDENTIFIER('NL.IMGeo.G0772.f48d7f46812e48d1a75ba3cde2de6aaf'),$);
#2944=IFCPROPERTYSINGLEVALUE('tijdstipRegistratie',$,IFCLABEL('1452169524000'),$);
#2945=IFCPROPERTYSINGLEVALUE('LV-publicatiedatum',$,IFCLABEL('1459857343000'),$);
#2946=IFCPROPERTYSINGLEVALUE('bronhouder',$,IFCLABEL('G0772'),$);
#2947=IFCPROPERTYSINGLEVALUE('inOnderzoek',$,IFCBOOLEAN(.T.),$);
#2948=IFCPROPERTYSINGLEVALUE('relatieveHoogteligging',$,IFCREAL(0.),$);
#2949=IFCPROPERTYSINGLEVALUE('bgt-status',$,IFCLABEL('bestaand'),$);
#2950=IFCPROPERTYSINGLEVALUE('plus-type',$,IFCLABEL('niet-bgt:lichtmast'),$);
#2951=IFCPROPERTYSET('1nAusMIdv0yQvLVXAG52fv',#5,'CPset_BGT',$,(#2942,#2943,#2944,#2945,#2946,#2947,#2948,#2949,#2950));
#2952=IFCPROPERTYSINGLEVALUE('objectBegintijd',$,IFCLABEL('1444168800000'),$);
#2953=IFCPROPERTYSINGLEVALUE('identificatie',$,IFCIDENTIFIER('NL.IMGeo.G0772.3aa5fff274044f4e90be21a5fa8de035'),$);
#2954=IFCPROPERTYSINGLEVALUE('tijdstipRegistratie',$,IFCLABEL('1467345758000'),$);
#2955=IFCPROPERTYSINGLEVALUE('LV-publicatiedatum',$,IFCLABEL('1467355332000'),$);
#2956=IFCPROPERTYSINGLEVALUE('bronhouder',$,IFCLABEL('G0772'),$);
#2957=IFCPROPERTYSINGLEVALUE('inOnderzoek',$,IFCBOOLEAN(.T.),$);
#2958=IFCPROPERTYSINGLEVALUE('relatieveHoogteligging',$,IFCREAL(0.),$);
#2959=IFCPROPERTYSINGLEVALUE('bgt-status',$,IFCLABEL('bestaand'),$);
#2960=IFCPROPERTYSINGLEVALUE('plus-type',$,IFCLABEL('niet-bgt:lichtmast'),$);
#2961=IFCPROPERTYSET('2g4yykwNDDle$dtX02_RcD',#5,'CPset_BGT',$,(#2952,#2953,#2954,#2955,#2956,#2957,#2958,#2959,#2960));
#2962=IFCPROPERTYSINGLEVALUE('objectBegintijd',$,IFCLABEL('1444168800000'),$);
#2963=IFCPROPERTYSINGLEVALUE('identificatie',$,IFCIDENTIFIER('NL.IMGeo.G0772.436612a2d9ea425282a181a6da038034'),$);
#2964=IFCPROPERTYSINGLEVALUE('tijdstipRegistratie',$,IFCLABEL('1467345758000'),$);
#2965=IFCPROPERTYSINGLEVALUE('LV-publicatiedatum',$,IFCLABEL('1467355332000'),$);
#2966=IFCPROPERTYSINGLEVALUE('bronhouder',$,IFCLABEL('G0772'),$);
#2967=IFCPROPERTYSINGLEVALUE('inOnderzoek',$,IFCBOOLEAN(.T.),$);
#2968=IFCPROPERTYSINGLEVALUE('relatieveHoogteligging',$,IFCREAL(0.),$);
#2969=IFCPROPERTYSINGLEVALUE('bgt-status',$,IFCLABEL('bestaand'),$);
#2970=IFCPROPERTYSINGLEVALUE('plus-type',$,IFCLABEL('niet-bgt:lichtmast'),$);
#2971=IFCPROPERTYSET('1FkyyUI8v11A7Y5hHsEJ8U',#5,'CPset_BGT',$,(#2962,#2963,#2964,#2965,#2966,#2967,#2968,#2969,#2970));
#2972=IFCPROPERTYSINGLEVALUE('objectBegintijd',$,IFCLABEL('1444168800000'),$);
#2973=IFCPROPERTYSINGLEVALUE('identificatie',$,IFCIDENTIFIER('NL.IMGeo.G0772.929952fab8f748d8839e3fa16b7107d8'),$);
#2974=IFCPROPERTYSINGLEVALUE('tijdstipRegistratie',$,IFCLABEL('1467345758000'),$);
#2975=IFCPROPERTYSINGLEVALUE('LV-publicatiedatum',$,IFCLABEL('1467355332000'),$);
#2976=IFCPROPERTYSINGLEVALUE('bronhouder',$,IFCLABEL('G0772'),$);
#2977=IFCPROPERTYSINGLEVALUE('inOnderzoek',$,IFCBOOLEAN(.T.),$);
#2978=IFCPROPERTYSINGLEVALUE('relatieveHoogteligging',$,IFCREAL(0.),$);
#2979=IFCPROPERTYSINGLEVALUE('bgt-status',$,IFCLABEL('bestaand'),$);
#2980=IFCPROPERTYSINGLEVALUE('plus-type',$,IFCLABEL('niet-bgt:lichtmast'),$);
#2981=IFCPROPERTYSET('3Wt4L$vjvCBBYcyb4BsXJr',#5,'CPset_BGT',$,(#2972,#2973,#2974,#2975,#2976,#2977,#2978,#2979,#2980));
#2982=IFCPROPERTYSINGLEVALUE('objectBegintijd',$,IFCLABEL('1444168800000'),$);
#2983=IFCPROPERTYSINGLEVALUE('identificatie',$,IFCIDENTIFIER('NL.IMGeo.G0772.8587dbdaff1a483394e6c9f564779cc6'),$);
#2984=IFCPROPERTYSINGLEVALUE('tijdstipRegistratie',$,IFCLABEL('1467345758000'),$);
#2985=IFCPROPERTYSINGLEVALUE('LV-publicatiedatum',$,IFCLABEL('1467355332000'),$);
#2986=IFCPROPERTYSINGLEVALUE('bronhouder',$,IFCLABEL('G0772'),$);
#2987=IFCPROPERTYSINGLEVALUE('inOnderzoek',$,IFCBOOLEAN(.T.),$);
#2988=IFCPROPERTYSINGLEVALUE('relatieveHoogteligging',$,IFCREAL(0.),$);
#2989=IFCPROPERTYSINGLEVALUE('bgt-status',$,IFCLABEL('bestaand'),$);
#2990=IFCPROPERTYSINGLEVALUE('plus-type',$,IFCLABEL('niet-bgt:lichtmast'),$);
#2991=IFCPROPERTYSET('0GiZA$dhj5Ie_fh6hT$_it',#5,'CPset_BGT',$,(#2982,#2983,#2984,#2985,#2986,#2987,#2988,#2989,#2990));
#2992=IFCPROPERTYSINGLEVALUE('objectBegintijd',$,IFCLABEL('1458860400000'),$);
#2993=IFCPROPERTYSINGLEVALUE('identificatie',$,IFCIDENTIFIER('NL.IMGeo.G0772.b60236a9f4ea4b4086205763568a925e'),$);
#2994=IFCPROPERTYSINGLEVALUE('tijdstipRegistratie',$,IFCLABEL('1467345758000'),$);
#2995=IFCPROPERTYSINGLEVALUE('LV-publicatiedatum',$,IFCLABEL('1467355332000'),$);
#2996=IFCPROPERTYSINGLEVALUE('bronhouder',$,IFCLABEL('G0772'),$);
#2997=IFCPROPERTYSINGLEVALUE('inOnderzoek',$,IFCBOOLEAN(.T.),$);
#2998=IFCPROPERTYSINGLEVALUE('relatieveHoogteligging',$,IFCREAL(0.),$);
#2999=IFCPROPERTYSINGLEVALUE('bgt-status',$,IFCLABEL('bestaand'),$);
#3000=IFCPROPERTYSINGLEVALUE('plus-type',$,IFCLABEL('niet-bgt:lichtmast'),$);
#3001=IFCPROPERTYSET('33EGnqI1LF1fAQcGeANYcK',#5,'CPset_BGT',$,(#2992,#2993,#2994,#2995,#2996,#2997,#2998,#2999,#3000));
#3002=IFCPROPERTYSINGLEVALUE('objectBegintijd',$,IFCLABEL('1444168800000'),$);
#3003=IFCPROPERTYSINGLEVALUE('identificatie',$,IFCIDENTIFIER('NL.IMGeo.G0772.d5e3ae6616184157a1c987c83b563261'),$);
#3004=IFCPROPERTYSINGLEVALUE('tijdstipRegistratie',$,IFCLABEL('1467345758000'),$);
#3005=IFCPROPERTYSINGLEVALUE('LV-publicatiedatum',$,IFCLABEL('1467355332000'),$);
#3006=IFCPROPERTYSINGLEVALUE('bronhouder',$,IFCLABEL('G0772'),$);
#3007=IFCPROPERTYSINGLEVALUE('inOnderzoek',$,IFCBOOLEAN(.T.),$);
#3008=IFCPROPERTYSINGLEVALUE('relatieveHoogteligging',$,IFCREAL(0.),$);
#3009=IFCPROPERTYSINGLEVALUE('bgt-status',$,IFCLABEL('bestaand'),$);
#3010=IFCPROPERTYSINGLEVALUE('plus-type',$,IFCLABEL('niet-bgt:lichtmast'),$);
#3011=IFCPROPERTYSET('1PDBMZIIvEZ84sx8JjeLjA',#5,'CPset_BGT',$,(#3002,#3003,#3004,#3005,#3006,#3007,#3008,#3009,#3010));
#3012=IFCPROPERTYSINGLEVALUE('objectBegintijd',$,IFCLABEL('1557439200000'),$);
#3013=IFCPROPERTYSINGLEVALUE('identificatie',$,IFCIDENTIFIER('NL.IMGeo.G0772.2b08747930df4ff9ad6ec2c71eed7e02'),$);
#3014=IFCPROPERTYSINGLEVALUE('tijdstipRegistratie',$,IFCLABEL('1557748466000'),$);
#3015=IFCPROPERTYSINGLEVALUE('LV-publicatiedatum',$,IFCLABEL('1557754075000'),$);
#3016=IFCPROPERTYSINGLEVALUE('bronhouder',$,IFCLABEL('G0772'),$);
#3017=IFCPROPERTYSINGLEVALUE('inOnderzoek',$,IFCBOOLEAN(.T.),$);
#3018=IFCPROPERTYSINGLEVALUE('relatieveHoogteligging',$,IFCREAL(0.),$);
#3019=IFCPROPERTYSINGLEVALUE('bgt-status',$,IFCLABEL('bestaand'),$);
#3020=IFCPROPERTYSINGLEVALUE('plus-type',$,IFCLABEL('niet-bgt:lichtmast'),$);
#3021=IFCPROPERTYSET('0ZO7F6kKX5mPZYZTGZ8A3r',#5,'CPset_BGT',$,(#3012,#3013,#3014,#3015,#3016,#3017,#3018,#3019,#3020));
#3022=IFCPROPERTYSINGLEVALUE('objectBegintijd',$,IFCLABEL('1557439200000'),$);
#3023=IFCPROPERTYSINGLEVALUE('identificatie',$,IFCIDENTIFIER('NL.IMGeo.G0772.4282e5e095464f83a62384d7e0d713c9'),$);
#3024=IFCPROPERTYSINGLEVALUE('tijdstipRegistratie',$,IFCLABEL('1557748466000'),$);
#3025=IFCPROPERTYSINGLEVALUE('LV-publicatiedatum',$,IFCLABEL('1557754075000'),$);
#3026=IFCPROPERTYSINGLEVALUE('bronhouder',$,IFCLABEL('G0772'),$);
#3027=IFCPROPERTYSINGLEVALUE('inOnderzoek',$,IFCBOOLEAN(.T.),$);
#3028=IFCPROPERTYSINGLEVALUE('relatieveHoogteligging',$,IFCREAL(0.),$);
#3029=IFCPROPERTYSINGLEVALUE('bgt-status',$,IFCLABEL('bestaand'),$);
#3030=IFCPROPERTYSINGLEVALUE('plus-type',$,IFCLABEL('niet-bgt:lichtmast'),$);
#3031=IFCPROPERTYSET('3iPvLI1KL1qhzFqfQ8O74v',#5,'CPset_BGT',$,(#3022,#3023,#3024,#3025,#3026,#3027,#3028,#3029,#3030));
#3032=IFCPROPERTYSINGLEVALUE('objectBegintijd',$,IFCLABEL('1557439200000'),$);
#3033=IFCPROPERTYSINGLEVALUE('identificatie',$,IFCIDENTIFIER('NL.IMGeo.G0772.64896c57abf64cccbc5657e623ac4b8a'),$);
#3034=IFCPROPERTYSINGLEVALUE('tijdstipRegistratie',$,IFCLABEL('1557748466000'),$);
#3035=IFCPROPERTYSINGLEVALUE('LV-publicatiedatum',$,IFCLABEL('1557754075000'),$);
#3036=IFCPROPERTYSINGLEVALUE('bronhouder',$,IFCLABEL('G0772'),$);
#3037=IFCPROPERTYSINGLEVALUE('inOnderzoek',$,IFCBOOLEAN(.T.),$);
#3038=IFCPROPERTYSINGLEVALUE('relatieveHoogteligging',$,IFCREAL(0.),$);
#3039=IFCPROPERTYSINGLEVALUE('bgt-status',$,IFCLABEL('bestaand'),$);
#3040=IFCPROPERTYSINGLEVALUE('plus-type',$,IFCLABEL('niet-bgt:lichtmast'),$);
#3041=IFCPROPERTYSET('2UGezxuQz4wh$SOb1rKmc2',#5,'CPset_BGT',$,(#3032,#3033,#3034,#3035,#3036,#3037,#3038,#3039,#3040));
#3042=IFCPROPERTYSINGLEVALUE('objectBegintijd',$,IFCLABEL('1557439200000'),$);
#3043=IFCPROPERTYSINGLEVALUE('identificatie',$,IFCIDENTIFIER('NL.IMGeo.G0772.85039cf544784b39add2508d57895cd4'),$);
#3044=IFCPROPERTYSINGLEVALUE('tijdstipRegistratie',$,IFCLABEL('1557748466000'),$);
#3045=IFCPROPERTYSINGLEVALUE('LV-publicatiedatum',$,IFCLABEL('1557754075000'),$);
#3046=IFCPROPERTYSINGLEVALUE('bronhouder',$,IFCLABEL('G0772'),$);
#3047=IFCPROPERTYSINGLEVALUE('inOnderzoek',$,IFCBOOLEAN(.T.),$);
#3048=IFCPROPERTYSINGLEVALUE('relatieveHoogteligging',$,IFCREAL(0.),$);
#3049=IFCPROPERTYSINGLEVALUE('bgt-status',$,IFCLABEL('bestaand'),$);
#3050=IFCPROPERTYSINGLEVALUE('plus-type',$,IFCLABEL('niet-bgt:lichtmast'),$);
#3051=IFCPROPERTYSET('29Lrp9MyP85BfIkwl4ECuY',#5,'CPset_BGT',$,(#3042,#3043,#3044,#3045,#3046,#3047,#3048,#3049,#3050));
#3052=IFCPROPERTYSINGLEVALUE('objectBegintijd',$,IFCLABEL('1557439200000'),$);
#3053=IFCPROPERTYSINGLEVALUE('identificatie',$,IFCIDENTIFIER('NL.IMGeo.G0772.c0b83ee3d4c04672a16f4f075ac83deb'),$);
#3054=IFCPROPERTYSINGLEVALUE('tijdstipRegistratie',$,IFCLABEL('1557748466000'),$);
#3055=IFCPROPERTYSINGLEVALUE('LV-publicatiedatum',$,IFCLABEL('1557754075000'),$);
#3056=IFCPROPERTYSINGLEVALUE('bronhouder',$,IFCLABEL('G0772'),$);
#3057=IFCPROPERTYSINGLEVALUE('inOnderzoek',$,IFCBOOLEAN(.T.),$);
#3058=IFCPROPERTYSINGLEVALUE('relatieveHoogteligging',$,IFCREAL(0.),$);
#3059=IFCPROPERTYSINGLEVALUE('bgt-status',$,IFCLABEL('bestaand'),$);
#3060=IFCPROPERTYSINGLEVALUE('plus-type',$,IFCLABEL('niet-bgt:lichtmast'),$);
#3061=IFCPROPERTYSET('0zZ4yE8M143hD7tFkGW8qL',#5,'CPset_BGT',$,(#3052,#3053,#3054,#3055,#3056,#3057,#3058,#3059,#3060));
#3062=IFCPROPERTYSINGLEVALUE('objectBegintijd',$,IFCLABEL('1557439200000'),$);
#3063=IFCPROPERTYSINGLEVALUE('identificatie',$,IFCIDENTIFIER('NL.IMGeo.G0772.f5d4e0e2543743709749de9883694bb8'),$);
#3064=IFCPROPERTYSINGLEVALUE('tijdstipRegistratie',$,IFCLABEL('1557748466000'),$);
#3065=IFCPROPERTYSINGLEVALUE('LV-publicatiedatum',$,IFCLABEL('1557754075000'),$);
#3066=IFCPROPERTYSINGLEVALUE('bronhouder',$,IFCLABEL('G0772'),$);
#3067=IFCPROPERTYSINGLEVALUE('inOnderzoek',$,IFCBOOLEAN(.T.),$);
#3068=IFCPROPERTYSINGLEVALUE('relatieveHoogteligging',$,IFCREAL(0.),$);
#3069=IFCPROPERTYSINGLEVALUE('bgt-status',$,IFCLABEL('bestaand'),$);
#3070=IFCPROPERTYSINGLEVALUE('plus-type',$,IFCLABEL('niet-bgt:lichtmast'),$);
#3071=IFCPROPERTYSET('0je_wpdn190RQ6ckNYwDSu',#5,'CPset_BGT',$,(#3062,#3063,#3064,#3065,#3066,#3067,#3068,#3069,#3070));
#3072=IFCPROPERTYSINGLEVALUE('objectBegintijd',$,IFCLABEL('1526335200000'),$);
#3073=IFCPROPERTYSINGLEVALUE('identificatie',$,IFCIDENTIFIER('NL.IMGeo.G0772.000a2e163ac5465e9f847fcf9c82e142'),$);
#3074=IFCPROPERTYSINGLEVALUE('tijdstipRegistratie',$,IFCLABEL('1642696262000'),$);
#3075=IFCPROPERTYSINGLEVALUE('LV-publicatiedatum',$,IFCLABEL('1642697340000'),$);
#3076=IFCPROPERTYSINGLEVALUE('bronhouder',$,IFCLABEL('G0772'),$);
#3077=IFCPROPERTYSINGLEVALUE('inOnderzoek',$,IFCBOOLEAN(.T.),$);
#3078=IFCPROPERTYSINGLEVALUE('relatieveHoogteligging',$,IFCREAL(0.),$);
#3079=IFCPROPERTYSINGLEVALUE('bgt-status',$,IFCLABEL('bestaand'),$);
#3080=IFCPROPERTYSINGLEVALUE('plus-type',$,IFCLABEL('niet-bgt:afsluitpaal'),$);
#3081=IFCPROPERTYSET('3DFhoRvDX0tQiGZW615EsJ',#5,'CPset_BGT',$,(#3072,#3073,#3074,#3075,#3076,#3077,#3078,#3079,#3080));
#3082=IFCPROPERTYSINGLEVALUE('objectBegintijd',$,IFCLABEL('1526335200000'),$);
#3083=IFCPROPERTYSINGLEVALUE('identificatie',$,IFCIDENTIFIER('NL.IMGeo.G0772.372bf2c7aabd40c68bb2c19b644c4d1f'),$);
#3084=IFCPROPERTYSINGLEVALUE('tijdstipRegistratie',$,IFCLABEL('1642696262000'),$);
#3085=IFCPROPERTYSINGLEVALUE('LV-publicatiedatum',$,IFCLABEL('1642697340000'),$);
#3086=IFCPROPERTYSINGLEVALUE('bronhouder',$,IFCLABEL('G0772'),$);
#3087=IFCPROPERTYSINGLEVALUE('inOnderzoek',$,IFCBOOLEAN(.T.),$);
#3088=IFCPROPERTYSINGLEVALUE('relatieveHoogteligging',$,IFCREAL(0.),$);
#3089=IFCPROPERTYSINGLEVALUE('bgt-status',$,IFCLABEL('bestaand'),$);
#3090=IFCPROPERTYSINGLEVALUE('plus-type',$,IFCLABEL('niet-bgt:verkeersbordpaal'),$);
#3091=IFCPROPERTYSET('1oSkyRrBLCoB2VLj0UIJBs',#5,'CPset_BGT',$,(#3082,#3083,#3084,#3085,#3086,#3087,#3088,#3089,#3090));
#3092=IFCPROPERTYSINGLEVALUE('objectBegintijd',$,IFCLABEL('1526335200000'),$);
#3093=IFCPROPERTYSINGLEVALUE('identificatie',$,IFCIDENTIFIER('NL.IMGeo.G0772.42ce99a56d8a451eb40a247bb34f5ba6'),$);
#3094=IFCPROPERTYSINGLEVALUE('tijdstipRegistratie',$,IFCLABEL('1642696262000'),$);
#3095=IFCPROPERTYSINGLEVALUE('LV-publicatiedatum',$,IFCLABEL('1642697340000'),$);
#3096=IFCPROPERTYSINGLEVALUE('bronhouder',$,IFCLABEL('G0772'),$);
#3097=IFCPROPERTYSINGLEVALUE('inOnderzoek',$,IFCBOOLEAN(.T.),$);
#3098=IFCPROPERTYSINGLEVALUE('relatieveHoogteligging',$,IFCREAL(0.),$);
#3099=IFCPROPERTYSINGLEVALUE('bgt-status',$,IFCLABEL('bestaand'),$);
#3100=IFCPROPERTYSINGLEVALUE('plus-type',$,IFCLABEL('niet-bgt:afsluitpaal'),$);
#3101=IFCPROPERTYSET('3yuUXheDH7lvZKhXG9IYc3',#5,'CPset_BGT',$,(#3092,#3093,#3094,#3095,#3096,#3097,#3098,#3099,#3100));
#3102=IFCPROPERTYSINGLEVALUE('objectBegintijd',$,IFCLABEL('1526940000000'),$);
#3103=IFCPROPERTYSINGLEVALUE('identificatie',$,IFCIDENTIFIER('NL.IMGeo.G0772.639048644bd8492199e5000495ceb9dd'),$);
#3104=IFCPROPERTYSINGLEVALUE('tijdstipRegistratie',$,IFCLABEL('1642696262000'),$);
#3105=IFCPROPERTYSINGLEVALUE('LV-publicatiedatum',$,IFCLABEL('1642697340000'),$);
#3106=IFCPROPERTYSINGLEVALUE('bronhouder',$,IFCLABEL('G0772'),$);
#3107=IFCPROPERTYSINGLEVALUE('inOnderzoek',$,IFCBOOLEAN(.T.),$);
#3108=IFCPROPERTYSINGLEVALUE('relatieveHoogteligging',$,IFCREAL(0.),$);
#3109=IFCPROPERTYSINGLEVALUE('bgt-status',$,IFCLABEL('bestaand'),$);
#3110=IFCPROPERTYSINGLEVALUE('plus-type',$,IFCLABEL('niet-bgt:verkeersbordpaal'),$);
#3111=IFCPROPERTYSET('2mhkGNwQz9ee_joQlHD1WO',#5,'CPset_BGT',$,(#3102,#3103,#3104,#3105,#3106,#3107,#3108,#3109,#3110));
#3112=IFCPROPERTYSINGLEVALUE('objectBegintijd',$,IFCLABEL('1526940000000'),$);
#3113=IFCPROPERTYSINGLEVALUE('identificatie',$,IFCIDENTIFIER('NL.IMGeo.G0772.651108c595a94679a7bdc1449ec3c899'),$);
#3114=IFCPROPERTYSINGLEVALUE('tijdstipRegistratie',$,IFCLABEL('1642696262000'),$);
#3115=IFCPROPERTYSINGLEVALUE('LV-publicatiedatum',$,IFCLABEL('1642697340000'),$);
#3116=IFCPROPERTYSINGLEVALUE('bronhouder',$,IFCLABEL('G0772'),$);
#3117=IFCPROPERTYSINGLEVALUE('inOnderzoek',$,IFCBOOLEAN(.T.),$);
#3118=IFCPROPERTYSINGLEVALUE('relatieveHoogteligging',$,IFCREAL(0.),$);
#3119=IFCPROPERTYSINGLEVALUE('bgt-status',$,IFCLABEL('bestaand'),$);
#3120=IFCPROPERTYSINGLEVALUE('plus-type',$,IFCLABEL('niet-bgt:verkeersbordpaal'),$);
#3121=IFCPROPERTYSET('0ePNg_VPb7A9t7SNJqA7s8',#5,'CPset_BGT',$,(#3112,#3113,#3114,#3115,#3116,#3117,#3118,#3119,#3120));
#3122=IFCPROPERTYSINGLEVALUE('objectBegintijd',$,IFCLABEL('1526940000000'),$);
#3123=IFCPROPERTYSINGLEVALUE('identificatie',$,IFCIDENTIFIER('NL.IMGeo.G0772.6a55368fdf104465b5fdc3082d0ba94a'),$);
#3124=IFCPROPERTYSINGLEVALUE('tijdstipRegistratie',$,IFCLABEL('1642696262000'),$);
#3125=IFCPROPERTYSINGLEVALUE('LV-publicatiedatum',$,IFCLABEL('1642697340000'),$);
#3126=IFCPROPERTYSINGLEVALUE('bronhouder',$,IFCLABEL('G0772'),$);
#3127=IFCPROPERTYSINGLEVALUE('inOnderzoek',$,IFCBOOLEAN(.T.),$);
#3128=IFCPROPERTYSINGLEVALUE('relatieveHoogteligging',$,IFCREAL(0.),$);
#3129=IFCPROPERTYSINGLEVALUE('bgt-status',$,IFCLABEL('bestaand'),$);
#3130=IFCPROPERTYSINGLEVALUE('plus-type',$,IFCLABEL('niet-bgt:verkeersbordpaal'),$);
#3131=IFCPROPERTYSET('2YKPr9heD2eersuJtSt_w$',#5,'CPset_BGT',$,(#3122,#3123,#3124,#3125,#3126,#3127,#3128,#3129,#3130));
#3132=IFCPROPERTYSINGLEVALUE('objectBegintijd',$,IFCLABEL('1526335200000'),$);
#3133=IFCPROPERTYSINGLEVALUE('identificatie',$,IFCIDENTIFIER('NL.IMGeo.G0772.79dc5432c2e247ffb1ebc221e4121b22'),$);
#3134=IFCPROPERTYSINGLEVALUE('tijdstipRegistratie',$,IFCLABEL('1642696262000'),$);
#3135=IFCPROPERTYSINGLEVALUE('LV-publicatiedatum',$,IFCLABEL('1642697340000'),$);
#3136=IFCPROPERTYSINGLEVALUE('bronhouder',$,IFCLABEL('G0772'),$);
#3137=IFCPROPERTYSINGLEVALUE('inOnderzoek',$,IFCBOOLEAN(.T.),$);
#3138=IFCPROPERTYSINGLEVALUE('relatieveHoogteligging',$,IFCREAL(0.),$);
#3139=IFCPROPERTYSINGLEVALUE('bgt-status',$,IFCLABEL('bestaand'),$);
#3140=IFCPROPERTYSINGLEVALUE('plus-type',$,IFCLABEL('niet-bgt:afsluitpaal'),$);
#3141=IFCPROPERTYSET('3Ty1d7rlP5h8gI5fbG$Ap9',#5,'CPset_BGT',$,(#3132,#3133,#3134,#3135,#3136,#3137,#3138,#3139,#3140));
#3142=IFCPROPERTYSINGLEVALUE('objectBegintijd',$,IFCLABEL('1526940000000'),$);
#3143=IFCPROPERTYSINGLEVALUE('identificatie',$,IFCIDENTIFIER('NL.IMGeo.G0772.7adbeeae66cd4e67af22148753e99b58'),$);
#3144=IFCPROPERTYSINGLEVALUE('tijdstipRegistratie',$,IFCLABEL('1642696262000'),$);
#3145=IFCPROPERTYSINGLEVALUE('LV-publicatiedatum',$,IFCLABEL('1642697340000'),$);
#3146=IFCPROPERTYSINGLEVALUE('bronhouder',$,IFCLABEL('G0772'),$);
#3147=IFCPROPERTYSINGLEVALUE('inOnderzoek',$,IFCBOOLEAN(.T.),$);
#3148=IFCPROPERTYSINGLEVALUE('relatieveHoogteligging',$,IFCREAL(0.),$);
#3149=IFCPROPERTYSINGLEVALUE('bgt-status',$,IFCLABEL('bestaand'),$);
#3150=IFCPROPERTYSINGLEVALUE('plus-type',$,IFCLABEL('niet-bgt:afsluitpaal'),$);
#3151=IFCPROPERTYSET('1wC1yUUCH5GBGK$BI4Rk4U',#5,'CPset_BGT',$,(#3142,#3143,#3144,#3145,#3146,#3147,#3148,#3149,#3150));
#3152=IFCPROPERTYSINGLEVALUE('objectBegintijd',$,IFCLABEL('1526335200000'),$);
#3153=IFCPROPERTYSINGLEVALUE('identificatie',$,IFCIDENTIFIER('NL.IMGeo.G0772.7cf222a0e46c4439901467204c5be306'),$);
#3154=IFCPROPERTYSINGLEVALUE('tijdstipRegistratie',$,IFCLABEL('1642696262000'),$);
#3155=IFCPROPERTYSINGLEVALUE('LV-publicatiedatum',$,IFCLABEL('1642697340000'),$);
#3156=IFCPROPERTYSINGLEVALUE('bronhouder',$,IFCLABEL('G0772'),$);
#3157=IFCPROPERTYSINGLEVALUE('inOnderzoek',$,IFCBOOLEAN(.T.),$);
#3158=IFCPROPERTYSINGLEVALUE('relatieveHoogteligging',$,IFCREAL(0.),$);
#3159=IFCPROPERTYSINGLEVALUE('bgt-status',$,IFCLABEL('bestaand'),$);
#3160=IFCPROPERTYSINGLEVALUE('plus-type',$,IFCLABEL('niet-bgt:afsluitpaal'),$);
#3161=IFCPROPERTYSET('2MS_1U_jz89e4Cfp0nWacb',#5,'CPset_BGT',$,(#3152,#3153,#3154,#3155,#3156,#3157,#3158,#3159,#3160));
#3162=IFCPROPERTYSINGLEVALUE('objectBegintijd',$,IFCLABEL('1526335200000'),$);
#3163=IFCPROPERTYSINGLEVALUE('identificatie',$,IFCIDENTIFIER('NL.IMGeo.G0772.8057b21226de448bbfe43686ed63f330'),$);
#3164=IFCPROPERTYSINGLEVALUE('tijdstipRegistratie',$,IFCLABEL('1642696262000'),$);
#3165=IFCPROPERTYSINGLEVALUE('LV-publicatiedatum',$,IFCLABEL('1642697340000'),$);
#3166=IFCPROPERTYSINGLEVALUE('bronhouder',$,IFCLABEL('G0772'),$);
#3167=IFCPROPERTYSINGLEVALUE('inOnderzoek',$,IFCBOOLEAN(.T.),$);
#3168=IFCPROPERTYSINGLEVALUE('relatieveHoogteligging',$,IFCREAL(0.),$);
#3169=IFCPROPERTYSINGLEVALUE('bgt-status',$,IFCLABEL('bestaand'),$);
#3170=IFCPROPERTYSINGLEVALUE('plus-type',$,IFCLABEL('niet-bgt:afsluitpaal'),$);
#3171=IFCPROPERTYSET('2WPulEwKnFngBpbd$eSVsa',#5,'CPset_BGT',$,(#3162,#3163,#3164,#3165,#3166,#3167,#3168,#3169,#3170));
#3172=IFCPROPERTYSINGLEVALUE('objectBegintijd',$,IFCLABEL('1526940000000'),$);
#3173=IFCPROPERTYSINGLEVALUE('identificatie',$,IFCIDENTIFIER('NL.IMGeo.G0772.caec4c5626e642acb5ebb40c4008c897'),$);
#3174=IFCPROPERTYSINGLEVALUE('tijdstipRegistratie',$,IFCLABEL('1642696262000'),$);
#3175=IFCPROPERTYSINGLEVALUE('LV-publicatiedatum',$,IFCLABEL('1642697340000'),$);
#3176=IFCPROPERTYSINGLEVALUE('bronhouder',$,IFCLABEL('G0772'),$);
#3177=IFCPROPERTYSINGLEVALUE('inOnderzoek',$,IFCBOOLEAN(.T.),$);
#3178=IFCPROPERTYSINGLEVALUE('relatieveHoogteligging',$,IFCREAL(0.),$);
#3179=IFCPROPERTYSINGLEVALUE('bgt-status',$,IFCLABEL('bestaand'),$);
#3180=IFCPROPERTYSINGLEVALUE('plus-type',$,IFCLABEL('niet-bgt:verkeersbordpaal'),$);
#3181=IFCPROPERTYSET('1duCcTcaHC0Qs2EvlSOCUe',#5,'CPset_BGT',$,(#3172,#3173,#3174,#3175,#3176,#3177,#3178,#3179,#3180));
#3182=IFCPROPERTYSINGLEVALUE('objectBegintijd',$,IFCLABEL('1526335200000'),$);
#3183=IFCPROPERTYSINGLEVALUE('identificatie',$,IFCIDENTIFIER('NL.IMGeo.G0772.cfd6fd8f835244f896124f6792770763'),$);
#3184=IFCPROPERTYSINGLEVALUE('tijdstipRegistratie',$,IFCLABEL('1642696262000'),$);
#3185=IFCPROPERTYSINGLEVALUE('LV-publicatiedatum',$,IFCLABEL('1642697340000'),$);
#3186=IFCPROPERTYSINGLEVALUE('bronhouder',$,IFCLABEL('G0772'),$);
#3187=IFCPROPERTYSINGLEVALUE('inOnderzoek',$,IFCBOOLEAN(.T.),$);
#3188=IFCPROPERTYSINGLEVALUE('relatieveHoogteligging',$,IFCREAL(0.),$);
#3189=IFCPROPERTYSINGLEVALUE('bgt-status',$,IFCLABEL('bestaand'),$);
#3190=IFCPROPERTYSINGLEVALUE('plus-type',$,IFCLABEL('niet-bgt:afsluitpaal'),$);
#3191=IFCPROPERTYSET('2gNo4oJQPCyPnDvy0P4xVG',#5,'CPset_BGT',$,(#3182,#3183,#3184,#3185,#3186,#3187,#3188,#3189,#3190));
#3192=IFCPROPERTYSINGLEVALUE('objectBegintijd',$,IFCLABEL('1526940000000'),$);
#3193=IFCPROPERTYSINGLEVALUE('identificatie',$,IFCIDENTIFIER('NL.IMGeo.G0772.da7cdd27188f48549f45f0dc8641b77e'),$);
#3194=IFCPROPERTYSINGLEVALUE('tijdstipRegistratie',$,IFCLABEL('1642696262000'),$);
#3195=IFCPROPERTYSINGLEVALUE('LV-publicatiedatum',$,IFCLABEL('1642697340000'),$);
#3196=IFCPROPERTYSINGLEVALUE('bronhouder',$,IFCLABEL('G0772'),$);
#3197=IFCPROPERTYSINGLEVALUE('inOnderzoek',$,IFCBOOLEAN(.T.),$);
#3198=IFCPROPERTYSINGLEVALUE('relatieveHoogteligging',$,IFCREAL(0.),$);
#3199=IFCPROPERTYSINGLEVALUE('bgt-status',$,IFCLABEL('bestaand'),$);
#3200=IFCPROPERTYSINGLEVALUE('plus-type',$,IFCLABEL('niet-bgt:verkeersbordpaal'),$);
#3201=IFCPROPERTYSET('0223aNrr51ShUu2uq$mbCy',#5,'CPset_BGT',$,(#3192,#3193,#3194,#3195,#3196,#3197,#3198,#3199,#3200));
#3202=IFCPROPERTYSINGLEVALUE('objectBegintijd',$,IFCLABEL('1526940000000'),$);
#3203=IFCPROPERTYSINGLEVALUE('identificatie',$,IFCIDENTIFIER('NL.IMGeo.G0772.dbd96380c2ac434985992243b19b5983'),$);
#3204=IFCPROPERTYSINGLEVALUE('tijdstipRegistratie',$,IFCLABEL('1642696262000'),$);
#3205=IFCPROPERTYSINGLEVALUE('LV-publicatiedatum',$,IFCLABEL('1642697340000'),$);
#3206=IFCPROPERTYSINGLEVALUE('bronhouder',$,IFCLABEL('G0772'),$);
#3207=IFCPROPERTYSINGLEVALUE('inOnderzoek',$,IFCBOOLEAN(.T.),$);
#3208=IFCPROPERTYSINGLEVALUE('relatieveHoogteligging',$,IFCREAL(0.),$);
#3209=IFCPROPERTYSINGLEVALUE('bgt-status',$,IFCLABEL('bestaand'),$);
#3210=IFCPROPERTYSINGLEVALUE('plus-type',$,IFCLABEL('niet-bgt:afsluitpaal'),$);
#3211=IFCPROPERTYSET('08XEdIx1LA$O_NL4cD2P7t',#5,'CPset_BGT',$,(#3202,#3203,#3204,#3205,#3206,#3207,#3208,#3209,#3210));
#3212=IFCPROPERTYSINGLEVALUE('objectBegintijd',$,IFCLABEL('1526940000000'),$);
#3213=IFCPROPERTYSINGLEVALUE('identificatie',$,IFCIDENTIFIER('NL.IMGeo.G0772.de5256031be34ababdf3cbf2034cf8b1'),$);
#3214=IFCPROPERTYSINGLEVALUE('tijdstipRegistratie',$,IFCLABEL('1642696262000'),$);
#3215=IFCPROPERTYSINGLEVALUE('LV-publicatiedatum',$,IFCLABEL('1642697340000'),$);
#3216=IFCPROPERTYSINGLEVALUE('bronhouder',$,IFCLABEL('G0772'),$);
#3217=IFCPROPERTYSINGLEVALUE('inOnderzoek',$,IFCBOOLEAN(.T.),$);
#3218=IFCPROPERTYSINGLEVALUE('relatieveHoogteligging',$,IFCREAL(0.),$);
#3219=IFCPROPERTYSINGLEVALUE('bgt-status',$,IFCLABEL('bestaand'),$);
#3220=IFCPROPERTYSINGLEVALUE('plus-type',$,IFCLABEL('niet-bgt:verkeersbordpaal'),$);
#3221=IFCPROPERTYSET('06PDEe_bP7tQE9yt357nH4',#5,'CPset_BGT',$,(#3212,#3213,#3214,#3215,#3216,#3217,#3218,#3219,#3220));
#3222=IFCPROPERTYSINGLEVALUE('objectBegintijd',$,IFCLABEL('1526940000000'),$);
#3223=IFCPROPERTYSINGLEVALUE('identificatie',$,IFCIDENTIFIER('NL.IMGeo.G0772.f3e9103ebb1c4f30a8ba7336b9a74676'),$);
#3224=IFCPROPERTYSINGLEVALUE('tijdstipRegistratie',$,IFCLABEL('1642696262000'),$);
#3225=IFCPROPERTYSINGLEVALUE('LV-publicatiedatum',$,IFCLABEL('1642697340000'),$);
#3226=IFCPROPERTYSINGLEVALUE('bronhouder',$,IFCLABEL('G0772'),$);
#3227=IFCPROPERTYSINGLEVALUE('inOnderzoek',$,IFCBOOLEAN(.T.),$);
#3228=IFCPROPERTYSINGLEVALUE('relatieveHoogteligging',$,IFCREAL(0.),$);
#3229=IFCPROPERTYSINGLEVALUE('bgt-status',$,IFCLABEL('bestaand'),$);
#3230=IFCPROPERTYSINGLEVALUE('plus-type',$,IFCLABEL('niet-bgt:verkeersbordpaal'),$);
#3231=IFCPROPERTYSET('0HKy9XizfAW93Tne8SPuwy',#5,'CPset_BGT',$,(#3222,#3223,#3224,#3225,#3226,#3227,#3228,#3229,#3230));
#3232=IFCPROPERTYSINGLEVALUE('objectBegintijd',$,IFCLABEL('1702249200000'),$);
#3233=IFCPROPERTYSINGLEVALUE('identificatie',$,IFCIDENTIFIER('NL.IMGeo.G0772.00cad336d6304f6ea228e660bd0b10b8'),$);
#3234=IFCPROPERTYSINGLEVALUE('tijdstipRegistratie',$,IFCLABEL('1707123689000'),$);
#3235=IFCPROPERTYSINGLEVALUE('LV-publicatiedatum',$,IFCLABEL('1707124167000'),$);
#3236=IFCPROPERTYSINGLEVALUE('bronhouder',$,IFCLABEL('G0772'),$);
#3237=IFCPROPERTYSINGLEVALUE('inOnderzoek',$,IFCBOOLEAN(.T.),$);
#3238=IFCPROPERTYSINGLEVALUE('relatieveHoogteligging',$,IFCREAL(0.),$);
#3239=IFCPROPERTYSINGLEVALUE('bgt-status',$,IFCLABEL('bestaand'),$);
#3240=IFCPROPERTYSINGLEVALUE('plus-type',$,IFCLABEL('niet-bgt:lichtmast'),$);
#3241=IFCPROPERTYSET('0LuTv3yEH4JBiczTXag4YX',#5,'CPset_BGT',$,(#3232,#3233,#3234,#3235,#3236,#3237,#3238,#3239,#3240));
#3242=IFCPROPERTYSINGLEVALUE('objectBegintijd',$,IFCLABEL('1702249200000'),$);
#3243=IFCPROPERTYSINGLEVALUE('identificatie',$,IFCIDENTIFIER('NL.IMGeo.G0772.4ef53068eaf84e2f9800f0d166caeee2'),$);
#3244=IFCPROPERTYSINGLEVALUE('tijdstipRegistratie',$,IFCLABEL('1707123689000'),$);
#3245=IFCPROPERTYSINGLEVALUE('LV-publicatiedatum',$,IFCLABEL('1707124167000'),$);
#3246=IFCPROPERTYSINGLEVALUE('bronhouder',$,IFCLABEL('G0772'),$);
#3247=IFCPROPERTYSINGLEVALUE('inOnderzoek',$,IFCBOOLEAN(.T.),$);
#3248=IFCPROPERTYSINGLEVALUE('relatieveHoogteligging',$,IFCREAL(0.),$);
#3249=IFCPROPERTYSINGLEVALUE('bgt-status',$,IFCLABEL('bestaand'),$);
#3250=IFCPROPERTYSINGLEVALUE('plus-type',$,IFCLABEL('niet-bgt:lichtmast'),$);
#3251=IFCPROPERTYSET('0xCbntPc9AfxWJku$fOFWW',#5,'CPset_BGT',$,(#3242,#3243,#3244,#3245,#3246,#3247,#3248,#3249,#3250));
#3252=IFCPROPERTYSINGLEVALUE('objectBegintijd',$,IFCLABEL('1702249200000'),$);
#3253=IFCPROPERTYSINGLEVALUE('identificatie',$,IFCIDENTIFIER('NL.IMGeo.G0772.da79442c1887462691f28ee07af6259a'),$);
#3254=IFCPROPERTYSINGLEVALUE('tijdstipRegistratie',$,IFCLABEL('1707123689000'),$);
#3255=IFCPROPERTYSINGLEVALUE('LV-publicatiedatum',$,IFCLABEL('1707124167000'),$);
#3256=IFCPROPERTYSINGLEVALUE('bronhouder',$,IFCLABEL('G0772'),$);
#3257=IFCPROPERTYSINGLEVALUE('inOnderzoek',$,IFCBOOLEAN(.T.),$);
#3258=IFCPROPERTYSINGLEVALUE('relatieveHoogteligging',$,IFCREAL(0.),$);
#3259=IFCPROPERTYSINGLEVALUE('bgt-status',$,IFCLABEL('bestaand'),$);
#3260=IFCPROPERTYSINGLEVALUE('plus-type',$,IFCLABEL('niet-bgt:lichtmast'),$);
#3261=IFCPROPERTYSET('15jDl_zozF_BeimafeQtJx',#5,'CPset_BGT',$,(#3252,#3253,#3254,#3255,#3256,#3257,#3258,#3259,#3260));
#3262=IFCPROPERTYSINGLEVALUE('objectBegintijd',$,IFCLABEL('1762383600000'),$);
#3263=IFCPROPERTYSINGLEVALUE('identificatie',$,IFCIDENTIFIER('NL.IMGeo.G0772.1e0aa3b8a1234148bbea63820d7a26b0'),$);
#3264=IFCPROPERTYSINGLEVALUE('tijdstipRegistratie',$,IFCLABEL('1762523443000'),$);
#3265=IFCPROPERTYSINGLEVALUE('LV-publicatiedatum',$,IFCLABEL('1762523792000'),$);
#3266=IFCPROPERTYSINGLEVALUE('bronhouder',$,IFCLABEL('G0772'),$);
#3267=IFCPROPERTYSINGLEVALUE('inOnderzoek',$,IFCBOOLEAN(.T.),$);
#3268=IFCPROPERTYSINGLEVALUE('relatieveHoogteligging',$,IFCREAL(0.),$);
#3269=IFCPROPERTYSINGLEVALUE('bgt-status',$,IFCLABEL('bestaand'),$);
#3270=IFCPROPERTYSINGLEVALUE('plus-type',$,IFCLABEL('niet-bgt:verkeersregelinstallatiepaal'),$);
#3271=IFCPROPERTYSET('0w$h9WCJ1E8f1tPwlQLjbr',#5,'CPset_BGT',$,(#3262,#3263,#3264,#3265,#3266,#3267,#3268,#3269,#3270));
#3272=IFCPROPERTYSINGLEVALUE('objectBegintijd',$,IFCLABEL('1762383600000'),$);
#3273=IFCPROPERTYSINGLEVALUE('identificatie',$,IFCIDENTIFIER('NL.IMGeo.G0772.2c8515337417462f85a68c493075fccb'),$);
#3274=IFCPROPERTYSINGLEVALUE('tijdstipRegistratie',$,IFCLABEL('1762523443000'),$);
#3275=IFCPROPERTYSINGLEVALUE('LV-publicatiedatum',$,IFCLABEL('1762523792000'),$);
#3276=IFCPROPERTYSINGLEVALUE('bronhouder',$,IFCLABEL('G0772'),$);
#3277=IFCPROPERTYSINGLEVALUE('inOnderzoek',$,IFCBOOLEAN(.T.),$);
#3278=IFCPROPERTYSINGLEVALUE('relatieveHoogteligging',$,IFCREAL(0.),$);
#3279=IFCPROPERTYSINGLEVALUE('bgt-status',$,IFCLABEL('bestaand'),$);
#3280=IFCPROPERTYSINGLEVALUE('plus-type',$,IFCLABEL('niet-bgt:verkeersregelinstallatiepaal'),$);
#3281=IFCPROPERTYSET('0Egto8kQfETvBi2W8f7hOz',#5,'CPset_BGT',$,(#3272,#3273,#3274,#3275,#3276,#3277,#3278,#3279,#3280));
#3282=IFCPROPERTYSINGLEVALUE('objectBegintijd',$,IFCLABEL('1762383600000'),$);
#3283=IFCPROPERTYSINGLEVALUE('identificatie',$,IFCIDENTIFIER('NL.IMGeo.G0772.2f7d2fcf0b944a948434682481bfa90e'),$);
#3284=IFCPROPERTYSINGLEVALUE('tijdstipRegistratie',$,IFCLABEL('1762523443000'),$);
#3285=IFCPROPERTYSINGLEVALUE('LV-publicatiedatum',$,IFCLABEL('1762523792000'),$);
#3286=IFCPROPERTYSINGLEVALUE('bronhouder',$,IFCLABEL('G0772'),$);
#3287=IFCPROPERTYSINGLEVALUE('inOnderzoek',$,IFCBOOLEAN(.T.),$);
#3288=IFCPROPERTYSINGLEVALUE('relatieveHoogteligging',$,IFCREAL(0.),$);
#3289=IFCPROPERTYSINGLEVALUE('bgt-status',$,IFCLABEL('bestaand'),$);
#3290=IFCPROPERTYSINGLEVALUE('plus-type',$,IFCLABEL('niet-bgt:verkeersregelinstallatiepaal'),$);
#3291=IFCPROPERTYSET('27HbVruKP5HuLlCxwma4EV',#5,'CPset_BGT',$,(#3282,#3283,#3284,#3285,#3286,#3287,#3288,#3289,#3290));
#3292=IFCPROPERTYSINGLEVALUE('objectBegintijd',$,IFCLABEL('1762383600000'),$);
#3293=IFCPROPERTYSINGLEVALUE('identificatie',$,IFCIDENTIFIER('NL.IMGeo.G0772.3fd39fc382c04339bdf69a6c81c1f8b7'),$);
#3294=IFCPROPERTYSINGLEVALUE('tijdstipRegistratie',$,IFCLABEL('1762523443000'),$);
#3295=IFCPROPERTYSINGLEVALUE('LV-publicatiedatum',$,IFCLABEL('1762523792000'),$);
#3296=IFCPROPERTYSINGLEVALUE('bronhouder',$,IFCLABEL('G0772'),$);
#3297=IFCPROPERTYSINGLEVALUE('inOnderzoek',$,IFCBOOLEAN(.T.),$);
#3298=IFCPROPERTYSINGLEVALUE('relatieveHoogteligging',$,IFCREAL(0.),$);
#3299=IFCPROPERTYSINGLEVALUE('bgt-status',$,IFCLABEL('bestaand'),$);
#3300=IFCPROPERTYSINGLEVALUE('plus-type',$,IFCLABEL('niet-bgt:verkeersregelinstallatiepaal'),$);
#3301=IFCPROPERTYSET('36OZBcnej908bQKrHzDmWV',#5,'CPset_BGT',$,(#3292,#3293,#3294,#3295,#3296,#3297,#3298,#3299,#3300));
#3302=IFCPROPERTYSINGLEVALUE('objectBegintijd',$,IFCLABEL('1762383600000'),$);
#3303=IFCPROPERTYSINGLEVALUE('identificatie',$,IFCIDENTIFIER('NL.IMGeo.G0772.76eb2f97e6354676841381fc640d7346'),$);
#3304=IFCPROPERTYSINGLEVALUE('tijdstipRegistratie',$,IFCLABEL('1762523443000'),$);
#3305=IFCPROPERTYSINGLEVALUE('LV-publicatiedatum',$,IFCLABEL('1762523792000'),$);
#3306=IFCPROPERTYSINGLEVALUE('bronhouder',$,IFCLABEL('G0772'),$);
#3307=IFCPROPERTYSINGLEVALUE('inOnderzoek',$,IFCBOOLEAN(.T.),$);
#3308=IFCPROPERTYSINGLEVALUE('relatieveHoogteligging',$,IFCREAL(0.),$);
#3309=IFCPROPERTYSINGLEVALUE('bgt-status',$,IFCLABEL('bestaand'),$);
#3310=IFCPROPERTYSINGLEVALUE('plus-type',$,IFCLABEL('niet-bgt:verkeersregelinstallatiepaal'),$);
#3311=IFCPROPERTYSET('2p5DQvCBX71fdeGoxDRQLj',#5,'CPset_BGT',$,(#3302,#3303,#3304,#3305,#3306,#3307,#3308,#3309,#3310));
#3312=IFCPROPERTYSINGLEVALUE('objectBegintijd',$,IFCLABEL('1762383600000'),$);
#3313=IFCPROPERTYSINGLEVALUE('identificatie',$,IFCIDENTIFIER('NL.IMGeo.G0772.8c8e99cd4a0f4099824465ab3809f77f'),$);
#3314=IFCPROPERTYSINGLEVALUE('tijdstipRegistratie',$,IFCLABEL('1762523443000'),$);
#3315=IFCPROPERTYSINGLEVALUE('LV-publicatiedatum',$,IFCLABEL('1762523792000'),$);
#3316=IFCPROPERTYSINGLEVALUE('bronhouder',$,IFCLABEL('G0772'),$);
#3317=IFCPROPERTYSINGLEVALUE('inOnderzoek',$,IFCBOOLEAN(.T.),$);
#3318=IFCPROPERTYSINGLEVALUE('relatieveHoogteligging',$,IFCREAL(0.),$);
#3319=IFCPROPERTYSINGLEVALUE('bgt-status',$,IFCLABEL('bestaand'),$);
#3320=IFCPROPERTYSINGLEVALUE('plus-type',$,IFCLABEL('niet-bgt:verkeersregelinstallatiepaal'),$);
#3321=IFCPROPERTYSET('29MO0zwyjAeQfawiZog6D4',#5,'CPset_BGT',$,(#3312,#3313,#3314,#3315,#3316,#3317,#3318,#3319,#3320));
#3322=IFCPROPERTYSINGLEVALUE('objectBegintijd',$,IFCLABEL('1762383600000'),$);
#3323=IFCPROPERTYSINGLEVALUE('identificatie',$,IFCIDENTIFIER('NL.IMGeo.G0772.b9d80685e84441fdbf33d9108b97f0f9'),$);
#3324=IFCPROPERTYSINGLEVALUE('tijdstipRegistratie',$,IFCLABEL('1762523443000'),$);
#3325=IFCPROPERTYSINGLEVALUE('LV-publicatiedatum',$,IFCLABEL('1762523792000'),$);
#3326=IFCPROPERTYSINGLEVALUE('bronhouder',$,IFCLABEL('G0772'),$);
#3327=IFCPROPERTYSINGLEVALUE('inOnderzoek',$,IFCBOOLEAN(.T.),$);
#3328=IFCPROPERTYSINGLEVALUE('relatieveHoogteligging',$,IFCREAL(0.),$);
#3329=IFCPROPERTYSINGLEVALUE('bgt-status',$,IFCLABEL('bestaand'),$);
#3330=IFCPROPERTYSINGLEVALUE('plus-type',$,IFCLABEL('niet-bgt:verkeersregelinstallatiepaal'),$);
#3331=IFCPROPERTYSET('0fUtIJLXH9y8HHr3j9Hha2',#5,'CPset_BGT',$,(#3322,#3323,#3324,#3325,#3326,#3327,#3328,#3329,#3330));
#3332=IFCPROPERTYSINGLEVALUE('objectBegintijd',$,IFCLABEL('1762383600000'),$);
#3333=IFCPROPERTYSINGLEVALUE('identificatie',$,IFCIDENTIFIER('NL.IMGeo.G0772.c56659b34c7e4589a97bdfc901dfa94f'),$);
#3334=IFCPROPERTYSINGLEVALUE('tijdstipRegistratie',$,IFCLABEL('1762523443000'),$);
#3335=IFCPROPERTYSINGLEVALUE('LV-publicatiedatum',$,IFCLABEL('1762523792000'),$);
#3336=IFCPROPERTYSINGLEVALUE('bronhouder',$,IFCLABEL('G0772'),$);
#3337=IFCPROPERTYSINGLEVALUE('inOnderzoek',$,IFCBOOLEAN(.T.),$);
#3338=IFCPROPERTYSINGLEVALUE('relatieveHoogteligging',$,IFCREAL(0.),$);
#3339=IFCPROPERTYSINGLEVALUE('bgt-status',$,IFCLABEL('bestaand'),$);
#3340=IFCPROPERTYSINGLEVALUE('plus-type',$,IFCLABEL('niet-bgt:verkeersregelinstallatiepaal'),$);
#3341=IFCPROPERTYSET('2Jot9I_3LCVOHLDtSSQ94o',#5,'CPset_BGT',$,(#3332,#3333,#3334,#3335,#3336,#3337,#3338,#3339,#3340));
#3342=IFCPROPERTYSINGLEVALUE('objectBegintijd',$,IFCLABEL('1762383600000'),$);
#3343=IFCPROPERTYSINGLEVALUE('identificatie',$,IFCIDENTIFIER('NL.IMGeo.G0772.c6e5291ce6cf45a9a16042795790df14'),$);
#3344=IFCPROPERTYSINGLEVALUE('tijdstipRegistratie',$,IFCLABEL('1762523443000'),$);
#3345=IFCPROPERTYSINGLEVALUE('LV-publicatiedatum',$,IFCLABEL('1762523792000'),$);
#3346=IFCPROPERTYSINGLEVALUE('bronhouder',$,IFCLABEL('G0772'),$);
#3347=IFCPROPERTYSINGLEVALUE('inOnderzoek',$,IFCBOOLEAN(.T.),$);
#3348=IFCPROPERTYSINGLEVALUE('relatieveHoogteligging',$,IFCREAL(0.),$);
#3349=IFCPROPERTYSINGLEVALUE('bgt-status',$,IFCLABEL('bestaand'),$);
#3350=IFCPROPERTYSINGLEVALUE('plus-type',$,IFCLABEL('niet-bgt:verkeersregelinstallatiepaal'),$);
#3351=IFCPROPERTYSET('3ohQbnHm15MvqCQiOyJXW3',#5,'CPset_BGT',$,(#3342,#3343,#3344,#3345,#3346,#3347,#3348,#3349,#3350));
#3352=IFCPROPERTYSINGLEVALUE('objectBegintijd',$,IFCLABEL('1762383600000'),$);
#3353=IFCPROPERTYSINGLEVALUE('identificatie',$,IFCIDENTIFIER('NL.IMGeo.G0772.cc9481eea19b48c58cc31f3c44c69ffa'),$);
#3354=IFCPROPERTYSINGLEVALUE('tijdstipRegistratie',$,IFCLABEL('1762523443000'),$);
#3355=IFCPROPERTYSINGLEVALUE('LV-publicatiedatum',$,IFCLABEL('1762523792000'),$);
#3356=IFCPROPERTYSINGLEVALUE('bronhouder',$,IFCLABEL('G0772'),$);
#3357=IFCPROPERTYSINGLEVALUE('inOnderzoek',$,IFCBOOLEAN(.T.),$);
#3358=IFCPROPERTYSINGLEVALUE('relatieveHoogteligging',$,IFCREAL(0.),$);
#3359=IFCPROPERTYSINGLEVALUE('bgt-status',$,IFCLABEL('bestaand'),$);
#3360=IFCPROPERTYSINGLEVALUE('plus-type',$,IFCLABEL('niet-bgt:verkeersregelinstallatiepaal'),$);
#3361=IFCPROPERTYSET('0x$VbZp3zCeAYelhQn4zvV',#5,'CPset_BGT',$,(#3352,#3353,#3354,#3355,#3356,#3357,#3358,#3359,#3360));
#3362=IFCPROPERTYSINGLEVALUE('objectBegintijd',$,IFCLABEL('1762383600000'),$);
#3363=IFCPROPERTYSINGLEVALUE('identificatie',$,IFCIDENTIFIER('NL.IMGeo.G0772.d5541c62c7094fd4904674307b83f86e'),$);
#3364=IFCPROPERTYSINGLEVALUE('tijdstipRegistratie',$,IFCLABEL('1762523443000'),$);
#3365=IFCPROPERTYSINGLEVALUE('LV-publicatiedatum',$,IFCLABEL('1762523792000'),$);
#3366=IFCPROPERTYSINGLEVALUE('bronhouder',$,IFCLABEL('G0772'),$);
#3367=IFCPROPERTYSINGLEVALUE('inOnderzoek',$,IFCBOOLEAN(.T.),$);
#3368=IFCPROPERTYSINGLEVALUE('relatieveHoogteligging',$,IFCREAL(0.),$);
#3369=IFCPROPERTYSINGLEVALUE('bgt-status',$,IFCLABEL('bestaand'),$);
#3370=IFCPROPERTYSINGLEVALUE('plus-type',$,IFCLABEL('niet-bgt:lichtmast'),$);
#3371=IFCPROPERTYSET('0lstEMfQ961vVHaaP1hRSL',#5,'CPset_BGT',$,(#3362,#3363,#3364,#3365,#3366,#3367,#3368,#3369,#3370));
#3372=IFCPROPERTYSINGLEVALUE('objectBegintijd',$,IFCLABEL('1762383600000'),$);
#3373=IFCPROPERTYSINGLEVALUE('identificatie',$,IFCIDENTIFIER('NL.IMGeo.G0772.eee676c805bd4fec9f58f6f736c64921'),$);
#3374=IFCPROPERTYSINGLEVALUE('tijdstipRegistratie',$,IFCLABEL('1762523443000'),$);
#3375=IFCPROPERTYSINGLEVALUE('LV-publicatiedatum',$,IFCLABEL('1762523792000'),$);
#3376=IFCPROPERTYSINGLEVALUE('bronhouder',$,IFCLABEL('G0772'),$);
#3377=IFCPROPERTYSINGLEVALUE('inOnderzoek',$,IFCBOOLEAN(.T.),$);
#3378=IFCPROPERTYSINGLEVALUE('relatieveHoogteligging',$,IFCREAL(0.),$);
#3379=IFCPROPERTYSINGLEVALUE('bgt-status',$,IFCLABEL('bestaand'),$);
#3380=IFCPROPERTYSINGLEVALUE('plus-type',$,IFCLABEL('niet-bgt:verkeersregelinstallatiepaal'),$);
#3381=IFCPROPERTYSET('3gbPeF5wv1YwcdrxiLg6Z0',#5,'CPset_BGT',$,(#3372,#3373,#3374,#3375,#3376,#3377,#3378,#3379,#3380));
#3382=IFCPROPERTYSINGLEVALUE('objectBegintijd',$,IFCLABEL('1762383600000'),$);
#3383=IFCPROPERTYSINGLEVALUE('identificatie',$,IFCIDENTIFIER('NL.IMGeo.G0772.f7910bf1a6ed4f838373099babeec77b'),$);
#3384=IFCPROPERTYSINGLEVALUE('tijdstipRegistratie',$,IFCLABEL('1762523443000'),$);
#3385=IFCPROPERTYSINGLEVALUE('LV-publicatiedatum',$,IFCLABEL('1762523792000'),$);
#3386=IFCPROPERTYSINGLEVALUE('bronhouder',$,IFCLABEL('G0772'),$);
#3387=IFCPROPERTYSINGLEVALUE('inOnderzoek',$,IFCBOOLEAN(.T.),$);
#3388=IFCPROPERTYSINGLEVALUE('relatieveHoogteligging',$,IFCREAL(0.),$);
#3389=IFCPROPERTYSINGLEVALUE('bgt-status',$,IFCLABEL('bestaand'),$);
#3390=IFCPROPERTYSINGLEVALUE('plus-type',$,IFCLABEL('niet-bgt:verkeersregelinstallatiepaal'),$);
#3391=IFCPROPERTYSET('1LHHtuMUv3Su6uJO1spT_V',#5,'CPset_BGT',$,(#3382,#3383,#3384,#3385,#3386,#3387,#3388,#3389,#3390));
#3392=IFCPROPERTYSINGLEVALUE('objectBegintijd',$,IFCLABEL('1361746800000'),$);
#3393=IFCPROPERTYSINGLEVALUE('identificatie',$,IFCIDENTIFIER('NL.IMGeo.G0772.7aa8135efb0b4505ac3b37574d983f52'),$);
#3394=IFCPROPERTYSINGLEVALUE('tijdstipRegistratie',$,IFCLABEL('1762869707000'),$);
#3395=IFCPROPERTYSINGLEVALUE('LV-publicatiedatum',$,IFCLABEL('1762869976000'),$);
#3396=IFCPROPERTYSINGLEVALUE('bronhouder',$,IFCLABEL('G0772'),$);
#3397=IFCPROPERTYSINGLEVALUE('inOnderzoek',$,IFCBOOLEAN(.T.),$);
#3398=IFCPROPERTYSINGLEVALUE('relatieveHoogteligging',$,IFCREAL(0.),$);
#3399=IFCPROPERTYSINGLEVALUE('bgt-status',$,IFCLABEL('bestaand'),$);
#3400=IFCPROPERTYSINGLEVALUE('plus-type',$,IFCLABEL('niet-bgt:lichtmast'),$);
#3401=IFCPROPERTYSET('2tgQXF3_X5qeGOa1EM9QcS',#5,'CPset_BGT',$,(#3392,#3393,#3394,#3395,#3396,#3397,#3398,#3399,#3400));
#3402=IFCPROPERTYSINGLEVALUE('objectBegintijd',$,IFCLABEL('1317679200000'),$);
#3403=IFCPROPERTYSINGLEVALUE('identificatie',$,IFCIDENTIFIER('NL.IMGeo.G0772.185ed4fc455246ed865c805c380530b0'),$);
#3404=IFCPROPERTYSINGLEVALUE('tijdstipRegistratie',$,IFCLABEL('1452169524000'),$);
#3405=IFCPROPERTYSINGLEVALUE('LV-publicatiedatum',$,IFCLABEL('1459857343000'),$);
#3406=IFCPROPERTYSINGLEVALUE('bronhouder',$,IFCLABEL('G0772'),$);
#3407=IFCPROPERTYSINGLEVALUE('inOnderzoek',$,IFCBOOLEAN(.T.),$);
#3408=IFCPROPERTYSINGLEVALUE('relatieveHoogteligging',$,IFCREAL(0.),$);
#3409=IFCPROPERTYSINGLEVALUE('bgt-status',$,IFCLABEL('bestaand'),$);
#3410=IFCPROPERTYSINGLEVALUE('plus-type',$,IFCLABEL('niet-bgt:lichtmast'),$);
#3411=IFCPROPERTYSET('1a6eWNBVP5Og2bBVCTH7cI',#5,'CPset_BGT',$,(#3402,#3403,#3404,#3405,#3406,#3407,#3408,#3409,#3410));
#3412=IFCPROPERTYSINGLEVALUE('objectBegintijd',$,IFCLABEL('1317679200000'),$);
#3413=IFCPROPERTYSINGLEVALUE('identificatie',$,IFCIDENTIFIER('NL.IMGeo.G0772.2160cb475b8a4e88ad8682a4dd173767'),$);
#3414=IFCPROPERTYSINGLEVALUE('tijdstipRegistratie',$,IFCLABEL('1452169524000'),$);
#3415=IFCPROPERTYSINGLEVALUE('LV-publicatiedatum',$,IFCLABEL('1459857343000'),$);
#3416=IFCPROPERTYSINGLEVALUE('bronhouder',$,IFCLABEL('G0772'),$);
#3417=IFCPROPERTYSINGLEVALUE('inOnderzoek',$,IFCBOOLEAN(.T.),$);
#3418=IFCPROPERTYSINGLEVALUE('relatieveHoogteligging',$,IFCREAL(0.),$);
#3419=IFCPROPERTYSINGLEVALUE('bgt-status',$,IFCLABEL('bestaand'),$);
#3420=IFCPROPERTYSINGLEVALUE('plus-type',$,IFCLABEL('niet-bgt:verkeersregelinstallatiepaal'),$);
#3421=IFCPROPERTYSET('29$EmMQBD7cR7pyIi5z5Dw',#5,'CPset_BGT',$,(#3412,#3413,#3414,#3415,#3416,#3417,#3418,#3419,#3420));
#3422=IFCPROPERTYSINGLEVALUE('objectBegintijd',$,IFCLABEL('1317679200000'),$);
#3423=IFCPROPERTYSINGLEVALUE('identificatie',$,IFCIDENTIFIER('NL.IMGeo.G0772.2322920b208e4de89dd6fe52c1b465f1'),$);
#3424=IFCPROPERTYSINGLEVALUE('tijdstipRegistratie',$,IFCLABEL('1452169524000'),$);
#3425=IFCPROPERTYSINGLEVALUE('LV-publicatiedatum',$,IFCLABEL('1459857343000'),$);
#3426=IFCPROPERTYSINGLEVALUE('bronhouder',$,IFCLABEL('G0772'),$);
#3427=IFCPROPERTYSINGLEVALUE('inOnderzoek',$,IFCBOOLEAN(.T.),$);
#3428=IFCPROPERTYSINGLEVALUE('relatieveHoogteligging',$,IFCREAL(0.),$);
#3429=IFCPROPERTYSINGLEVALUE('bgt-status',$,IFCLABEL('bestaand'),$);
#3430=IFCPROPERTYSINGLEVALUE('plus-type',$,IFCLABEL('niet-bgt:verkeersregelinstallatiepaal'),$);
#3431=IFCPROPERTYSET('1sSY6851nCS9Cu2uYzjtjj',#5,'CPset_BGT',$,(#3422,#3423,#3424,#3425,#3426,#3427,#3428,#3429,#3430));
#3432=IFCPROPERTYSINGLEVALUE('objectBegintijd',$,IFCLABEL('1317679200000'),$);
#3433=IFCPROPERTYSINGLEVALUE('identificatie',$,IFCIDENTIFIER('NL.IMGeo.G0772.23fa4152c7e24f4dad65ba5a80d416d4'),$);
#3434=IFCPROPERTYSINGLEVALUE('tijdstipRegistratie',$,IFCLABEL('1452169524000'),$);
#3435=IFCPROPERTYSINGLEVALUE('LV-publicatiedatum',$,IFCLABEL('1459857343000'),$);
#3436=IFCPROPERTYSINGLEVALUE('bronhouder',$,IFCLABEL('G0772'),$);
#3437=IFCPROPERTYSINGLEVALUE('inOnderzoek',$,IFCBOOLEAN(.T.),$);
#3438=IFCPROPERTYSINGLEVALUE('relatieveHoogteligging',$,IFCREAL(0.),$);
#3439=IFCPROPERTYSINGLEVALUE('bgt-status',$,IFCLABEL('bestaand'),$);
#3440=IFCPROPERTYSINGLEVALUE('plus-type',$,IFCLABEL('niet-bgt:verkeersregelinstallatiepaal'),$);
#3441=IFCPROPERTYSET('2xWSP6VqTFLhNsj0tKS3ab',#5,'CPset_BGT',$,(#3432,#3433,#3434,#3435,#3436,#3437,#3438,#3439,#3440));
#3442=IFCPROPERTYSINGLEVALUE('objectBegintijd',$,IFCLABEL('1275602400000'),$);
#3443=IFCPROPERTYSINGLEVALUE('identificatie',$,IFCIDENTIFIER('NL.IMGeo.G0772.2b0806ee69ca48bea67898e5c91760fe'),$);
#3444=IFCPROPERTYSINGLEVALUE('tijdstipRegistratie',$,IFCLABEL('1452169524000'),$);
#3445=IFCPROPERTYSINGLEVALUE('LV-publicatiedatum',$,IFCLABEL('1459857343000'),$);
#3446=IFCPROPERTYSINGLEVALUE('bronhouder',$,IFCLABEL('G0772'),$);
#3447=IFCPROPERTYSINGLEVALUE('inOnderzoek',$,IFCBOOLEAN(.T.),$);
#3448=IFCPROPERTYSINGLEVALUE('relatieveHoogteligging',$,IFCREAL(0.),$);
#3449=IFCPROPERTYSINGLEVALUE('bgt-status',$,IFCLABEL('bestaand'),$);
#3450=IFCPROPERTYSINGLEVALUE('plus-type',$,IFCLABEL('niet-bgt:lichtmast'),$);
#3451=IFCPROPERTYSET('1mYlS9b3H4JQSYBvKB2oJo',#5,'CPset_BGT',$,(#3442,#3443,#3444,#3445,#3446,#3447,#3448,#3449,#3450));
#3452=IFCPROPERTYSINGLEVALUE('objectBegintijd',$,IFCLABEL('1275602400000'),$);
#3453=IFCPROPERTYSINGLEVALUE('identificatie',$,IFCIDENTIFIER('NL.IMGeo.G0772.2b44c0f28b4d4aa3a20dab61cb02655d'),$);
#3454=IFCPROPERTYSINGLEVALUE('tijdstipRegistratie',$,IFCLABEL('1452169524000'),$);
#3455=IFCPROPERTYSINGLEVALUE('LV-publicatiedatum',$,IFCLABEL('1459857343000'),$);
#3456=IFCPROPERTYSINGLEVALUE('bronhouder',$,IFCLABEL('G0772'),$);
#3457=IFCPROPERTYSINGLEVALUE('inOnderzoek',$,IFCBOOLEAN(.T.),$);
#3458=IFCPROPERTYSINGLEVALUE('relatieveHoogteligging',$,IFCREAL(0.),$);
#3459=IFCPROPERTYSINGLEVALUE('bgt-status',$,IFCLABEL('bestaand'),$);
#3460=IFCPROPERTYSINGLEVALUE('plus-type',$,IFCLABEL('niet-bgt:lichtmast'),$);
#3461=IFCPROPERTYSET('1LRPJJptHBphWsdbpiRQOF',#5,'CPset_BGT',$,(#3452,#3453,#3454,#3455,#3456,#3457,#3458,#3459,#3460));
#3462=IFCPROPERTYSINGLEVALUE('objectBegintijd',$,IFCLABEL('1317679200000'),$);
#3463=IFCPROPERTYSINGLEVALUE('identificatie',$,IFCIDENTIFIER('NL.IMGeo.G0772.300e3e87f5db44d593f18ae4e15c4790'),$);
#3464=IFCPROPERTYSINGLEVALUE('tijdstipRegistratie',$,IFCLABEL('1452169524000'),$);
#3465=IFCPROPERTYSINGLEVALUE('LV-publicatiedatum',$,IFCLABEL('1459857343000'),$);
#3466=IFCPROPERTYSINGLEVALUE('bronhouder',$,IFCLABEL('G0772'),$);
#3467=IFCPROPERTYSINGLEVALUE('inOnderzoek',$,IFCBOOLEAN(.T.),$);
#3468=IFCPROPERTYSINGLEVALUE('relatieveHoogteligging',$,IFCREAL(0.),$);
#3469=IFCPROPERTYSINGLEVALUE('bgt-status',$,IFCLABEL('bestaand'),$);
#3470=IFCPROPERTYSINGLEVALUE('plus-type',$,IFCLABEL('niet-bgt:lichtmast'),$);
#3471=IFCPROPERTYSET('0GD_roLrT36gt6CQ6WmY4z',#5,'CPset_BGT',$,(#3462,#3463,#3464,#3465,#3466,#3467,#3468,#3469,#3470));
#3472=IFCPROPERTYSINGLEVALUE('objectBegintijd',$,IFCLABEL('1275602400000'),$);
#3473=IFCPROPERTYSINGLEVALUE('identificatie',$,IFCIDENTIFIER('NL.IMGeo.G0772.380278d3cdae401e9a39db8d265aa0d0'),$);
#3474=IFCPROPERTYSINGLEVALUE('tijdstipRegistratie',$,IFCLABEL('1452169524000'),$);
#3475=IFCPROPERTYSINGLEVALUE('LV-publicatiedatum',$,IFCLABEL('1459857343000'),$);
#3476=IFCPROPERTYSINGLEVALUE('bronhouder',$,IFCLABEL('G0772'),$);
#3477=IFCPROPERTYSINGLEVALUE('inOnderzoek',$,IFCBOOLEAN(.T.),$);
#3478=IFCPROPERTYSINGLEVALUE('relatieveHoogteligging',$,IFCREAL(0.),$);
#3479=IFCPROPERTYSINGLEVALUE('bgt-status',$,IFCLABEL('bestaand'),$);
#3480=IFCPROPERTYSINGLEVALUE('plus-type',$,IFCLABEL('niet-bgt:lichtmast'),$);
#3481=IFCPROPERTYSET('3pIimt6mn22ufSyAExTvBh',#5,'CPset_BGT',$,(#3472,#3473,#3474,#3475,#3476,#3477,#3478,#3479,#3480));
#3482=IFCPROPERTYSINGLEVALUE('objectBegintijd',$,IFCLABEL('1317679200000'),$);
#3483=IFCPROPERTYSINGLEVALUE('identificatie',$,IFCIDENTIFIER('NL.IMGeo.G0772.461c52b43ee242c99939928bc9d830c1'),$);
#3484=IFCPROPERTYSINGLEVALUE('tijdstipRegistratie',$,IFCLABEL('1452169524000'),$);
#3485=IFCPROPERTYSINGLEVALUE('LV-publicatiedatum',$,IFCLABEL('1459857343000'),$);
#3486=IFCPROPERTYSINGLEVALUE('bronhouder',$,IFCLABEL('G0772'),$);
#3487=IFCPROPERTYSINGLEVALUE('inOnderzoek',$,IFCBOOLEAN(.T.),$);
#3488=IFCPROPERTYSINGLEVALUE('relatieveHoogteligging',$,IFCREAL(0.),$);
#3489=IFCPROPERTYSINGLEVALUE('bgt-status',$,IFCLABEL('bestaand'),$);
#3490=IFCPROPERTYSINGLEVALUE('plus-type',$,IFCLABEL('niet-bgt:lichtmast'),$);
#3491=IFCPROPERTYSET('19Z4Ge9ID97BcoKpyo$jm0',#5,'CPset_BGT',$,(#3482,#3483,#3484,#3485,#3486,#3487,#3488,#3489,#3490));
#3492=IFCPROPERTYSINGLEVALUE('objectBegintijd',$,IFCLABEL('1317679200000'),$);
#3493=IFCPROPERTYSINGLEVALUE('identificatie',$,IFCIDENTIFIER('NL.IMGeo.G0772.4a50f4a06e53451e919e5f102f94dc79'),$);
#3494=IFCPROPERTYSINGLEVALUE('tijdstipRegistratie',$,IFCLABEL('1452169524000'),$);
#3495=IFCPROPERTYSINGLEVALUE('LV-publicatiedatum',$,IFCLABEL('1459857343000'),$);
#3496=IFCPROPERTYSINGLEVALUE('bronhouder',$,IFCLABEL('G0772'),$);
#3497=IFCPROPERTYSINGLEVALUE('inOnderzoek',$,IFCBOOLEAN(.T.),$);
#3498=IFCPROPERTYSINGLEVALUE('relatieveHoogteligging',$,IFCREAL(0.),$);
#3499=IFCPROPERTYSINGLEVALUE('bgt-status',$,IFCLABEL('bestaand'),$);
#3500=IFCPROPERTYSINGLEVALUE('plus-type',$,IFCLABEL('niet-bgt:lichtmast'),$);
#3501=IFCPROPERTYSET('10wmcc$oX1V8PYq3q3KQMo',#5,'CPset_BGT',$,(#3492,#3493,#3494,#3495,#3496,#3497,#3498,#3499,#3500));
#3502=IFCPROPERTYSINGLEVALUE('objectBegintijd',$,IFCLABEL('1361746800000'),$);
#3503=IFCPROPERTYSINGLEVALUE('identificatie',$,IFCIDENTIFIER('NL.IMGeo.G0772.4aac06447dc048bfaefc64299b4b49eb'),$);
#3504=IFCPROPERTYSINGLEVALUE('tijdstipRegistratie',$,IFCLABEL('1452169524000'),$);
#3505=IFCPROPERTYSINGLEVALUE('LV-publicatiedatum',$,IFCLABEL('1459857343000'),$);
#3506=IFCPROPERTYSINGLEVALUE('bronhouder',$,IFCLABEL('G0772'),$);
#3507=IFCPROPERTYSINGLEVALUE('inOnderzoek',$,IFCBOOLEAN(.T.),$);
#3508=IFCPROPERTYSINGLEVALUE('relatieveHoogteligging',$,IFCREAL(0.),$);
#3509=IFCPROPERTYSINGLEVALUE('bgt-status',$,IFCLABEL('bestaand'),$);
#3510=IFCPROPERTYSINGLEVALUE('plus-type',$,IFCLABEL('niet-bgt:lichtmast'),$);
#3511=IFCPROPERTYSET('38$daJClT27P8zk_A0fl_y',#5,'CPset_BGT',$,(#3502,#3503,#3504,#3505,#3506,#3507,#3508,#3509,#3510));
#3512=IFCPROPERTYSINGLEVALUE('objectBegintijd',$,IFCLABEL('1318975200000'),$);
#3513=IFCPROPERTYSINGLEVALUE('identificatie',$,IFCIDENTIFIER('NL.IMGeo.G0772.4d766da481394f0c9f9e251d2de56fab'),$);
#3514=IFCPROPERTYSINGLEVALUE('tijdstipRegistratie',$,IFCLABEL('1452169524000'),$);
#3515=IFCPROPERTYSINGLEVALUE('LV-publicatiedatum',$,IFCLABEL('1459857343000'),$);
#3516=IFCPROPERTYSINGLEVALUE('bronhouder',$,IFCLABEL('G0772'),$);
#3517=IFCPROPERTYSINGLEVALUE('inOnderzoek',$,IFCBOOLEAN(.T.),$);
#3518=IFCPROPERTYSINGLEVALUE('relatieveHoogteligging',$,IFCREAL(0.),$);
#3519=IFCPROPERTYSINGLEVALUE('bgt-status',$,IFCLABEL('bestaand'),$);
#3520=IFCPROPERTYSINGLEVALUE('plus-type',$,IFCLABEL('niet-bgt:lichtmast'),$);
#3521=IFCPROPERTYSET('1zhsO4ObbBg9aNZJG4skwu',#5,'CPset_BGT',$,(#3512,#3513,#3514,#3515,#3516,#3517,#3518,#3519,#3520));
#3522=IFCPROPERTYSINGLEVALUE('objectBegintijd',$,IFCLABEL('1317679200000'),$);
#3523=IFCPROPERTYSINGLEVALUE('identificatie',$,IFCIDENTIFIER('NL.IMGeo.G0772.4fba3c2c01ee465fa712ee16ab802284'),$);
#3524=IFCPROPERTYSINGLEVALUE('tijdstipRegistratie',$,IFCLABEL('1452169524000'),$);
#3525=IFCPROPERTYSINGLEVALUE('LV-publicatiedatum',$,IFCLABEL('1459857343000'),$);
#3526=IFCPROPERTYSINGLEVALUE('bronhouder',$,IFCLABEL('G0772'),$);
#3527=IFCPROPERTYSINGLEVALUE('inOnderzoek',$,IFCBOOLEAN(.T.),$);
#3528=IFCPROPERTYSINGLEVALUE('relatieveHoogteligging',$,IFCREAL(0.),$);
#3529=IFCPROPERTYSINGLEVALUE('bgt-status',$,IFCLABEL('bestaand'),$);
#3530=IFCPROPERTYSINGLEVALUE('plus-type',$,IFCLABEL('niet-bgt:verkeersregelinstallatiepaal'),$);
#3531=IFCPROPERTYSET('1HUifbCNf5FRpOZF1OV3ga',#5,'CPset_BGT',$,(#3522,#3523,#3524,#3525,#3526,#3527,#3528,#3529,#3530));
#3532=IFCPROPERTYSINGLEVALUE('objectBegintijd',$,IFCLABEL('1361746800000'),$);
#3533=IFCPROPERTYSINGLEVALUE('identificatie',$,IFCIDENTIFIER('NL.IMGeo.G0772.52a99f32f074400a94829fc77c031003'),$);
#3534=IFCPROPERTYSINGLEVALUE('tijdstipRegistratie',$,IFCLABEL('1452169524000'),$);
#3535=IFCPROPERTYSINGLEVALUE('LV-publicatiedatum',$,IFCLABEL('1459857343000'),$);
#3536=IFCPROPERTYSINGLEVALUE('bronhouder',$,IFCLABEL('G0772'),$);
#3537=IFCPROPERTYSINGLEVALUE('inOnderzoek',$,IFCBOOLEAN(.T.),$);
#3538=IFCPROPERTYSINGLEVALUE('relatieveHoogteligging',$,IFCREAL(0.),$);
#3539=IFCPROPERTYSINGLEVALUE('bgt-status',$,IFCLABEL('bestaand'),$);
#3540=IFCPROPERTYSINGLEVALUE('plus-type',$,IFCLABEL('niet-bgt:lichtmast'),$);
#3541=IFCPROPERTYSET('33E_1s9jn7kACGnxQePx_a',#5,'CPset_BGT',$,(#3532,#3533,#3534,#3535,#3536,#3537,#3538,#3539,#3540));
#3542=IFCPROPERTYSINGLEVALUE('objectBegintijd',$,IFCLABEL('1318975200000'),$);
#3543=IFCPROPERTYSINGLEVALUE('identificatie',$,IFCIDENTIFIER('NL.IMGeo.G0772.53dd88f0290e42d69702bcba03870380'),$);
#3544=IFCPROPERTYSINGLEVALUE('tijdstipRegistratie',$,IFCLABEL('1452169524000'),$);
#3545=IFCPROPERTYSINGLEVALUE('LV-publicatiedatum',$,IFCLABEL('1459857343000'),$);
#3546=IFCPROPERTYSINGLEVALUE('bronhouder',$,IFCLABEL('G0772'),$);
#3547=IFCPROPERTYSINGLEVALUE('inOnderzoek',$,IFCBOOLEAN(.T.),$);
#3548=IFCPROPERTYSINGLEVALUE('relatieveHoogteligging',$,IFCREAL(0.),$);
#3549=IFCPROPERTYSINGLEVALUE('bgt-status',$,IFCLABEL('bestaand'),$);
#3550=IFCPROPERTYSINGLEVALUE('plus-type',$,IFCLABEL('niet-bgt:verkeersregelinstallatiepaal'),$);
#3551=IFCPROPERTYSET('04QWZgJ5b5Dgm3tWrwXNAk',#5,'CPset_BGT',$,(#3542,#3543,#3544,#3545,#3546,#3547,#3548,#3549,#3550));
#3552=IFCPROPERTYSINGLEVALUE('objectBegintijd',$,IFCLABEL('1318975200000'),$);
#3553=IFCPROPERTYSINGLEVALUE('identificatie',$,IFCIDENTIFIER('NL.IMGeo.G0772.5437445176354038ac3a57c39c06ac8b'),$);
#3554=IFCPROPERTYSINGLEVALUE('tijdstipRegistratie',$,IFCLABEL('1452169524000'),$);
#3555=IFCPROPERTYSINGLEVALUE('LV-publicatiedatum',$,IFCLABEL('1459857343000'),$);
#3556=IFCPROPERTYSINGLEVALUE('bronhouder',$,IFCLABEL('G0772'),$);
#3557=IFCPROPERTYSINGLEVALUE('inOnderzoek',$,IFCBOOLEAN(.T.),$);
#3558=IFCPROPERTYSINGLEVALUE('relatieveHoogteligging',$,IFCREAL(0.),$);
#3559=IFCPROPERTYSINGLEVALUE('bgt-status',$,IFCLABEL('bestaand'),$);
#3560=IFCPROPERTYSINGLEVALUE('plus-type',$,IFCLABEL('niet-bgt:lichtmast'),$);
#3561=IFCPROPERTYSET('2TaUOLUED8aBD9yKHHGAD9',#5,'CPset_BGT',$,(#3552,#3553,#3554,#3555,#3556,#3557,#3558,#3559,#3560));
#3562=IFCPROPERTYSINGLEVALUE('objectBegintijd',$,IFCLABEL('1318975200000'),$);
#3563=IFCPROPERTYSINGLEVALUE('identificatie',$,IFCIDENTIFIER('NL.IMGeo.G0772.54fe868a5fab42229668e5dccd4f3a87'),$);
#3564=IFCPROPERTYSINGLEVALUE('tijdstipRegistratie',$,IFCLABEL('1452169524000'),$);
#3565=IFCPROPERTYSINGLEVALUE('LV-publicatiedatum',$,IFCLABEL('1459857343000'),$);
#3566=IFCPROPERTYSINGLEVALUE('bronhouder',$,IFCLABEL('G0772'),$);
#3567=IFCPROPERTYSINGLEVALUE('inOnderzoek',$,IFCBOOLEAN(.T.),$);
#3568=IFCPROPERTYSINGLEVALUE('relatieveHoogteligging',$,IFCREAL(0.),$);
#3569=IFCPROPERTYSINGLEVALUE('bgt-status',$,IFCLABEL('bestaand'),$);
#3570=IFCPROPERTYSINGLEVALUE('plus-type',$,IFCLABEL('niet-bgt:lichtmast'),$);
#3571=IFCPROPERTYSET('2eZFbXMJv0gwUm21d_b3W8',#5,'CPset_BGT',$,(#3562,#3563,#3564,#3565,#3566,#3567,#3568,#3569,#3570));
#3572=IFCPROPERTYSINGLEVALUE('objectBegintijd',$,IFCLABEL('1317679200000'),$);
#3573=IFCPROPERTYSINGLEVALUE('identificatie',$,IFCIDENTIFIER('NL.IMGeo.G0772.5a75b07d81c04d398eaa2fa4d54ee077'),$);
#3574=IFCPROPERTYSINGLEVALUE('tijdstipRegistratie',$,IFCLABEL('1452169524000'),$);
#3575=IFCPROPERTYSINGLEVALUE('LV-publicatiedatum',$,IFCLABEL('1459857343000'),$);
#3576=IFCPROPERTYSINGLEVALUE('bronhouder',$,IFCLABEL('G0772'),$);
#3577=IFCPROPERTYSINGLEVALUE('inOnderzoek',$,IFCBOOLEAN(.T.),$);
#3578=IFCPROPERTYSINGLEVALUE('relatieveHoogteligging',$,IFCREAL(0.),$);
#3579=IFCPROPERTYSINGLEVALUE('bgt-status',$,IFCLABEL('bestaand'),$);
#3580=IFCPROPERTYSINGLEVALUE('plus-type',$,IFCLABEL('niet-bgt:lichtmast'),$);
#3581=IFCPROPERTYSET('3wULD8IaP8HOotrl00ER_o',#5,'CPset_BGT',$,(#3572,#3573,#3574,#3575,#3576,#3577,#3578,#3579,#3580));
#3582=IFCPROPERTYSINGLEVALUE('objectBegintijd',$,IFCLABEL('1275602400000'),$);
#3583=IFCPROPERTYSINGLEVALUE('identificatie',$,IFCIDENTIFIER('NL.IMGeo.G0772.5bcb16b5bbf34ad7aa328d616a4ffeea'),$);
#3584=IFCPROPERTYSINGLEVALUE('tijdstipRegistratie',$,IFCLABEL('1452169524000'),$);
#3585=IFCPROPERTYSINGLEVALUE('LV-publicatiedatum',$,IFCLABEL('1459857343000'),$);
#3586=IFCPROPERTYSINGLEVALUE('bronhouder',$,IFCLABEL('G0772'),$);
#3587=IFCPROPERTYSINGLEVALUE('inOnderzoek',$,IFCBOOLEAN(.T.),$);
#3588=IFCPROPERTYSINGLEVALUE('relatieveHoogteligging',$,IFCREAL(0.),$);
#3589=IFCPROPERTYSINGLEVALUE('bgt-status',$,IFCLABEL('bestaand'),$);
#3590=IFCPROPERTYSINGLEVALUE('plus-type',$,IFCLABEL('niet-bgt:lichtmast'),$);
#3591=IFCPROPERTYSET('2ZHyaSjZv55hTm7JdZWVKi',#5,'CPset_BGT',$,(#3582,#3583,#3584,#3585,#3586,#3587,#3588,#3589,#3590));
#3592=IFCPROPERTYSINGLEVALUE('objectBegintijd',$,IFCLABEL('1275602400000'),$);
#3593=IFCPROPERTYSINGLEVALUE('identificatie',$,IFCIDENTIFIER('NL.IMGeo.G0772.631f66f1c3084c7f9e8f4d7177d9cff3'),$);
#3594=IFCPROPERTYSINGLEVALUE('tijdstipRegistratie',$,IFCLABEL('1452169524000'),$);
#3595=IFCPROPERTYSINGLEVALUE('LV-publicatiedatum',$,IFCLABEL('1459857343000'),$);
#3596=IFCPROPERTYSINGLEVALUE('bronhouder',$,IFCLABEL('G0772'),$);
#3597=IFCPROPERTYSINGLEVALUE('inOnderzoek',$,IFCBOOLEAN(.T.),$);
#3598=IFCPROPERTYSINGLEVALUE('relatieveHoogteligging',$,IFCREAL(0.),$);
#3599=IFCPROPERTYSINGLEVALUE('bgt-status',$,IFCLABEL('bestaand'),$);
#3600=IFCPROPERTYSINGLEVALUE('plus-type',$,IFCLABEL('niet-bgt:lichtmast'),$);
#3601=IFCPROPERTYSET('2CXb$e0Zn9P8PJ6C2R42v6',#5,'CPset_BGT',$,(#3592,#3593,#3594,#3595,#3596,#3597,#3598,#3599,#3600));
#3602=IFCPROPERTYSINGLEVALUE('objectBegintijd',$,IFCLABEL('1318975200000'),$);
#3603=IFCPROPERTYSINGLEVALUE('identificatie',$,IFCIDENTIFIER('NL.IMGeo.G0772.67a21ef8e43b4145b7fb082bf413f83c'),$);
#3604=IFCPROPERTYSINGLEVALUE('tijdstipRegistratie',$,IFCLABEL('1452169524000'),$);
#3605=IFCPROPERTYSINGLEVALUE('LV-publicatiedatum',$,IFCLABEL('1459857343000'),$);
#3606=IFCPROPERTYSINGLEVALUE('bronhouder',$,IFCLABEL('G0772'),$);
#3607=IFCPROPERTYSINGLEVALUE('inOnderzoek',$,IFCBOOLEAN(.T.),$);
#3608=IFCPROPERTYSINGLEVALUE('relatieveHoogteligging',$,IFCREAL(0.),$);
#3609=IFCPROPERTYSINGLEVALUE('bgt-status',$,IFCLABEL('bestaand'),$);
#3610=IFCPROPERTYSINGLEVALUE('plus-type',$,IFCLABEL('niet-bgt:lichtmast'),$);
#3611=IFCPROPERTYSET('1pWFC9V1f3yfrO1JJFNhcp',#5,'CPset_BGT',$,(#3602,#3603,#3604,#3605,#3606,#3607,#3608,#3609,#3610));
#3612=IFCPROPERTYSINGLEVALUE('objectBegintijd',$,IFCLABEL('1275602400000'),$);
#3613=IFCPROPERTYSINGLEVALUE('identificatie',$,IFCIDENTIFIER('NL.IMGeo.G0772.67c55954927c40c5954ddf387401c498'),$);
#3614=IFCPROPERTYSINGLEVALUE('tijdstipRegistratie',$,IFCLABEL('1452169524000'),$);
#3615=IFCPROPERTYSINGLEVALUE('LV-publicatiedatum',$,IFCLABEL('1459857343000'),$);
#3616=IFCPROPERTYSINGLEVALUE('bronhouder',$,IFCLABEL('G0772'),$);
#3617=IFCPROPERTYSINGLEVALUE('inOnderzoek',$,IFCBOOLEAN(.T.),$);
#3618=IFCPROPERTYSINGLEVALUE('relatieveHoogteligging',$,IFCREAL(0.),$);
#3619=IFCPROPERTYSINGLEVALUE('bgt-status',$,IFCLABEL('bestaand'),$);
#3620=IFCPROPERTYSINGLEVALUE('plus-type',$,IFCLABEL('niet-bgt:lichtmast'),$);
#3621=IFCPROPERTYSET('3mExNtCsD7ewkajHGSod1Z',#5,'CPset_BGT',$,(#3612,#3613,#3614,#3615,#3616,#3617,#3618,#3619,#3620));
#3622=IFCPROPERTYSINGLEVALUE('objectBegintijd',$,IFCLABEL('1317679200000'),$);
#3623=IFCPROPERTYSINGLEVALUE('identificatie',$,IFCIDENTIFIER('NL.IMGeo.G0772.6e9b429f367c4d619edb791ebd22b9cd'),$);
#3624=IFCPROPERTYSINGLEVALUE('tijdstipRegistratie',$,IFCLABEL('1452169524000'),$);
#3625=IFCPROPERTYSINGLEVALUE('LV-publicatiedatum',$,IFCLABEL('1459857343000'),$);
#3626=IFCPROPERTYSINGLEVALUE('bronhouder',$,IFCLABEL('G0772'),$);
#3627=IFCPROPERTYSINGLEVALUE('inOnderzoek',$,IFCBOOLEAN(.T.),$);
#3628=IFCPROPERTYSINGLEVALUE('relatieveHoogteligging',$,IFCREAL(0.),$);
#3629=IFCPROPERTYSINGLEVALUE('bgt-status',$,IFCLABEL('bestaand'),$);
#3630=IFCPROPERTYSINGLEVALUE('plus-type',$,IFCLABEL('niet-bgt:lichtmast'),$);
#3631=IFCPROPERTYSET('3w_nqEHqbBd96hHbmAoX5t',#5,'CPset_BGT',$,(#3622,#3623,#3624,#3625,#3626,#3627,#3628,#3629,#3630));
#3632=IFCPROPERTYSINGLEVALUE('objectBegintijd',$,IFCLABEL('1317679200000'),$);
#3633=IFCPROPERTYSINGLEVALUE('identificatie',$,IFCIDENTIFIER('NL.IMGeo.G0772.6f821e51ef3242b5be6de2e17182a079'),$);
#3634=IFCPROPERTYSINGLEVALUE('tijdstipRegistratie',$,IFCLABEL('1452169524000'),$);
#3635=IFCPROPERTYSINGLEVALUE('LV-publicatiedatum',$,IFCLABEL('1459857343000'),$);
#3636=IFCPROPERTYSINGLEVALUE('bronhouder',$,IFCLABEL('G0772'),$);
#3637=IFCPROPERTYSINGLEVALUE('inOnderzoek',$,IFCBOOLEAN(.T.),$);
#3638=IFCPROPERTYSINGLEVALUE('relatieveHoogteligging',$,IFCREAL(0.),$);
#3639=IFCPROPERTYSINGLEVALUE('bgt-status',$,IFCLABEL('bestaand'),$);
#3640=IFCPROPERTYSINGLEVALUE('plus-type',$,IFCLABEL('niet-bgt:lichtmast'),$);
#3641=IFCPROPERTYSET('0iw$krsSX6cQszaDWTV78h',#5,'CPset_BGT',$,(#3632,#3633,#3634,#3635,#3636,#3637,#3638,#3639,#3640));
#3642=IFCPROPERTYSINGLEVALUE('objectBegintijd',$,IFCLABEL('1317679200000'),$);
#3643=IFCPROPERTYSINGLEVALUE('identificatie',$,IFCIDENTIFIER('NL.IMGeo.G0772.72fc1eee9c30456588bd7fd5ecad6306'),$);
#3644=IFCPROPERTYSINGLEVALUE('tijdstipRegistratie',$,IFCLABEL('1452169524000'),$);
#3645=IFCPROPERTYSINGLEVALUE('LV-publicatiedatum',$,IFCLABEL('1459857343000'),$);
#3646=IFCPROPERTYSINGLEVALUE('bronhouder',$,IFCLABEL('G0772'),$);
#3647=IFCPROPERTYSINGLEVALUE('inOnderzoek',$,IFCBOOLEAN(.T.),$);
#3648=IFCPROPERTYSINGLEVALUE('relatieveHoogteligging',$,IFCREAL(0.),$);
#3649=IFCPROPERTYSINGLEVALUE('bgt-status',$,IFCLABEL('bestaand'),$);
#3650=IFCPROPERTYSINGLEVALUE('plus-type',$,IFCLABEL('niet-bgt:verkeersregelinstallatiepaal'),$);
#3651=IFCPROPERTYSET('3OiGc0Io9DIOz_Qe9EHQ93',#5,'CPset_BGT',$,(#3642,#3643,#3644,#3645,#3646,#3647,#3648,#3649,#3650));
#3652=IFCPROPERTYSINGLEVALUE('objectBegintijd',$,IFCLABEL('1319061600000'),$);
#3653=IFCPROPERTYSINGLEVALUE('identificatie',$,IFCIDENTIFIER('NL.IMGeo.G0772.7b3a5d598077495182b00efa59027e98'),$);
#3654=IFCPROPERTYSINGLEVALUE('tijdstipRegistratie',$,IFCLABEL('1452169524000'),$);
#3655=IFCPROPERTYSINGLEVALUE('LV-publicatiedatum',$,IFCLABEL('1459857343000'),$);
#3656=IFCPROPERTYSINGLEVALUE('bronhouder',$,IFCLABEL('G0772'),$);
#3657=IFCPROPERTYSINGLEVALUE('inOnderzoek',$,IFCBOOLEAN(.T.),$);
#3658=IFCPROPERTYSINGLEVALUE('relatieveHoogteligging',$,IFCREAL(0.),$);
#3659=IFCPROPERTYSINGLEVALUE('bgt-status',$,IFCLABEL('bestaand'),$);
#3660=IFCPROPERTYSINGLEVALUE('plus-type',$,IFCLABEL('niet-bgt:verkeersregelinstallatiepaal'),$);
#3661=IFCPROPERTYSET('2N$iVIKqrDNQoiLqS3sEww',#5,'CPset_BGT',$,(#3652,#3653,#3654,#3655,#3656,#3657,#3658,#3659,#3660));
#3662=IFCPROPERTYSINGLEVALUE('objectBegintijd',$,IFCLABEL('1317679200000'),$);
#3663=IFCPROPERTYSINGLEVALUE('identificatie',$,IFCIDENTIFIER('NL.IMGeo.G0772.7c85ff76af264a50a2c1e3ab1a8ebfd9'),$);
#3664=IFCPROPERTYSINGLEVALUE('tijdstipRegistratie',$,IFCLABEL('1452169524000'),$);
#3665=IFCPROPERTYSINGLEVALUE('LV-publicatiedatum',$,IFCLABEL('1459857343000'),$);
#3666=IFCPROPERTYSINGLEVALUE('bronhouder',$,IFCLABEL('G0772'),$);
#3667=IFCPROPERTYSINGLEVALUE('inOnderzoek',$,IFCBOOLEAN(.T.),$);
#3668=IFCPROPERTYSINGLEVALUE('relatieveHoogteligging',$,IFCREAL(0.),$);
#3669=IFCPROPERTYSINGLEVALUE('bgt-status',$,IFCLABEL('bestaand'),$);
#3670=IFCPROPERTYSINGLEVALUE('plus-type',$,IFCLABEL('niet-bgt:verkeersregelinstallatiepaal'),$);
#3671=IFCPROPERTYSET('0JDCgoal15vOto1ED9ZaWv',#5,'CPset_BGT',$,(#3662,#3663,#3664,#3665,#3666,#3667,#3668,#3669,#3670));
#3672=IFCPROPERTYSINGLEVALUE('objectBegintijd',$,IFCLABEL('1317679200000'),$);
#3673=IFCPROPERTYSINGLEVALUE('identificatie',$,IFCIDENTIFIER('NL.IMGeo.G0772.7eff7a0faf704ce6929cb92f575ed691'),$);
#3674=IFCPROPERTYSINGLEVALUE('tijdstipRegistratie',$,IFCLABEL('1452169524000'),$);
#3675=IFCPROPERTYSINGLEVALUE('LV-publicatiedatum',$,IFCLABEL('1459857343000'),$);
#3676=IFCPROPERTYSINGLEVALUE('bronhouder',$,IFCLABEL('G0772'),$);
#3677=IFCPROPERTYSINGLEVALUE('inOnderzoek',$,IFCBOOLEAN(.T.),$);
#3678=IFCPROPERTYSINGLEVALUE('relatieveHoogteligging',$,IFCREAL(0.),$);
#3679=IFCPROPERTYSINGLEVALUE('bgt-status',$,IFCLABEL('bestaand'),$);
#3680=IFCPROPERTYSINGLEVALUE('plus-type',$,IFCLABEL('niet-bgt:lichtmast'),$);
#3681=IFCPROPERTYSET('1YU9TF1H1CNuNyRqVuJ1uo',#5,'CPset_BGT',$,(#3672,#3673,#3674,#3675,#3676,#3677,#3678,#3679,#3680));
#3682=IFCPROPERTYSINGLEVALUE('objectBegintijd',$,IFCLABEL('1275602400000'),$);
#3683=IFCPROPERTYSINGLEVALUE('identificatie',$,IFCIDENTIFIER('NL.IMGeo.G0772.9b20350e29f449c1871858a367d91ea4'),$);
#3684=IFCPROPERTYSINGLEVALUE('tijdstipRegistratie',$,IFCLABEL('1452169524000'),$);
#3685=IFCPROPERTYSINGLEVALUE('LV-publicatiedatum',$,IFCLABEL('1459857343000'),$);
#3686=IFCPROPERTYSINGLEVALUE('bronhouder',$,IFCLABEL('G0772'),$);
#3687=IFCPROPERTYSINGLEVALUE('inOnderzoek',$,IFCBOOLEAN(.T.),$);
#3688=IFCPROPERTYSINGLEVALUE('relatieveHoogteligging',$,IFCREAL(0.),$);
#3689=IFCPROPERTYSINGLEVALUE('bgt-status',$,IFCLABEL('bestaand'),$);
#3690=IFCPROPERTYSINGLEVALUE('plus-type',$,IFCLABEL('niet-bgt:lichtmast'),$);
#3691=IFCPROPERTYSET('1x6b9eVr17O9iots_LIRdA',#5,'CPset_BGT',$,(#3682,#3683,#3684,#3685,#3686,#3687,#3688,#3689,#3690));
#3692=IFCPROPERTYSINGLEVALUE('objectBegintijd',$,IFCLABEL('1317679200000'),$);
#3693=IFCPROPERTYSINGLEVALUE('identificatie',$,IFCIDENTIFIER('NL.IMGeo.G0772.9fdb294ee4c44311a23e2f53a695742b'),$);
#3694=IFCPROPERTYSINGLEVALUE('tijdstipRegistratie',$,IFCLABEL('1452169524000'),$);
#3695=IFCPROPERTYSINGLEVALUE('LV-publicatiedatum',$,IFCLABEL('1459857343000'),$);
#3696=IFCPROPERTYSINGLEVALUE('bronhouder',$,IFCLABEL('G0772'),$);
#3697=IFCPROPERTYSINGLEVALUE('inOnderzoek',$,IFCBOOLEAN(.T.),$);
#3698=IFCPROPERTYSINGLEVALUE('relatieveHoogteligging',$,IFCREAL(0.),$);
#3699=IFCPROPERTYSINGLEVALUE('bgt-status',$,IFCLABEL('bestaand'),$);
#3700=IFCPROPERTYSINGLEVALUE('plus-type',$,IFCLABEL('niet-bgt:lichtmast'),$);
#3701=IFCPROPERTYSET('3jAAOmncHCYwo9E0l76$1g',#5,'CPset_BGT',$,(#3692,#3693,#3694,#3695,#3696,#3697,#3698,#3699,#3700));
#3702=IFCPROPERTYSINGLEVALUE('objectBegintijd',$,IFCLABEL('1317679200000'),$);
#3703=IFCPROPERTYSINGLEVALUE('identificatie',$,IFCIDENTIFIER('NL.IMGeo.G0772.a073f62139304e4c99f62fb92df1c50f'),$);
#3704=IFCPROPERTYSINGLEVALUE('tijdstipRegistratie',$,IFCLABEL('1452169524000'),$);
#3705=IFCPROPERTYSINGLEVALUE('LV-publicatiedatum',$,IFCLABEL('1459857343000'),$);
#3706=IFCPROPERTYSINGLEVALUE('bronhouder',$,IFCLABEL('G0772'),$);
#3707=IFCPROPERTYSINGLEVALUE('inOnderzoek',$,IFCBOOLEAN(.T.),$);
#3708=IFCPROPERTYSINGLEVALUE('relatieveHoogteligging',$,IFCREAL(0.),$);
#3709=IFCPROPERTYSINGLEVALUE('bgt-status',$,IFCLABEL('bestaand'),$);
#3710=IFCPROPERTYSINGLEVALUE('plus-type',$,IFCLABEL('niet-bgt:lichtmast'),$);
#3711=IFCPROPERTYSET('3B6l7cNqr0HAJ8U3twNAYG',#5,'CPset_BGT',$,(#3702,#3703,#3704,#3705,#3706,#3707,#3708,#3709,#3710));
#3712=IFCPROPERTYSINGLEVALUE('objectBegintijd',$,IFCLABEL('1317679200000'),$);
#3713=IFCPROPERTYSINGLEVALUE('identificatie',$,IFCIDENTIFIER('NL.IMGeo.G0772.a428021753b444de866a2c0007bd226a'),$);
#3714=IFCPROPERTYSINGLEVALUE('tijdstipRegistratie',$,IFCLABEL('1452169524000'),$);
#3715=IFCPROPERTYSINGLEVALUE('LV-publicatiedatum',$,IFCLABEL('1459857343000'),$);
#3716=IFCPROPERTYSINGLEVALUE('bronhouder',$,IFCLABEL('G0772'),$);
#3717=IFCPROPERTYSINGLEVALUE('inOnderzoek',$,IFCBOOLEAN(.T.),$);
#3718=IFCPROPERTYSINGLEVALUE('relatieveHoogteligging',$,IFCREAL(0.),$);
#3719=IFCPROPERTYSINGLEVALUE('bgt-status',$,IFCLABEL('bestaand'),$);
#3720=IFCPROPERTYSINGLEVALUE('plus-type',$,IFCLABEL('niet-bgt:lichtmast'),$);
#3721=IFCPROPERTYSET('3e1ZRl95nEAROk$VPQTSP9',#5,'CPset_BGT',$,(#3712,#3713,#3714,#3715,#3716,#3717,#3718,#3719,#3720));
#3722=IFCPROPERTYSINGLEVALUE('objectBegintijd',$,IFCLABEL('1159221600000'),$);
#3723=IFCPROPERTYSINGLEVALUE('identificatie',$,IFCIDENTIFIER('NL.IMGeo.G0772.a628d240b8b941b88d9d2bf0d224ac2e'),$);
#3724=IFCPROPERTYSINGLEVALUE('tijdstipRegistratie',$,IFCLABEL('1452169524000'),$);
#3725=IFCPROPERTYSINGLEVALUE('LV-publicatiedatum',$,IFCLABEL('1459857343000'),$);
#3726=IFCPROPERTYSINGLEVALUE('bronhouder',$,IFCLABEL('G0772'),$);
#3727=IFCPROPERTYSINGLEVALUE('inOnderzoek',$,IFCBOOLEAN(.T.),$);
#3728=IFCPROPERTYSINGLEVALUE('relatieveHoogteligging',$,IFCREAL(0.),$);
#3729=IFCPROPERTYSINGLEVALUE('bgt-status',$,IFCLABEL('bestaand'),$);
#3730=IFCPROPERTYSINGLEVALUE('plus-type',$,IFCLABEL('niet-bgt:lichtmast'),$);
#3731=IFCPROPERTYSET('0FTPBI8M15TuT7sYUlhFFF',#5,'CPset_BGT',$,(#3722,#3723,#3724,#3725,#3726,#3727,#3728,#3729,#3730));
#3732=IFCPROPERTYSINGLEVALUE('objectBegintijd',$,IFCLABEL('1317679200000'),$);
#3733=IFCPROPERTYSINGLEVALUE('identificatie',$,IFCIDENTIFIER('NL.IMGeo.G0772.a9dd485f96594db09bb11481f84ca58d'),$);
#3734=IFCPROPERTYSINGLEVALUE('tijdstipRegistratie',$,IFCLABEL('1452169524000'),$);
#3735=IFCPROPERTYSINGLEVALUE('LV-publicatiedatum',$,IFCLABEL('1459857343000'),$);
#3736=IFCPROPERTYSINGLEVALUE('bronhouder',$,IFCLABEL('G0772'),$);
#3737=IFCPROPERTYSINGLEVALUE('inOnderzoek',$,IFCBOOLEAN(.T.),$);
#3738=IFCPROPERTYSINGLEVALUE('relatieveHoogteligging',$,IFCREAL(0.),$);
#3739=IFCPROPERTYSINGLEVALUE('bgt-status',$,IFCLABEL('bestaand'),$);
#3740=IFCPROPERTYSINGLEVALUE('plus-type',$,IFCLABEL('niet-bgt:verkeersregelinstallatiepaal'),$);
#3741=IFCPROPERTYSET('1ysMqpEdz0vf_MDdb9XsdI',#5,'CPset_BGT',$,(#3732,#3733,#3734,#3735,#3736,#3737,#3738,#3739,#3740));
#3742=IFCPROPERTYSINGLEVALUE('objectBegintijd',$,IFCLABEL('1317679200000'),$);
#3743=IFCPROPERTYSINGLEVALUE('identificatie',$,IFCIDENTIFIER('NL.IMGeo.G0772.a9eda6c73a7c489281a12fdfe25c26df'),$);
#3744=IFCPROPERTYSINGLEVALUE('tijdstipRegistratie',$,IFCLABEL('1452169524000'),$);
#3745=IFCPROPERTYSINGLEVALUE('LV-publicatiedatum',$,IFCLABEL('1459857343000'),$);
#3746=IFCPROPERTYSINGLEVALUE('bronhouder',$,IFCLABEL('G0772'),$);
#3747=IFCPROPERTYSINGLEVALUE('inOnderzoek',$,IFCBOOLEAN(.T.),$);
#3748=IFCPROPERTYSINGLEVALUE('relatieveHoogteligging',$,IFCREAL(0.),$);
#3749=IFCPROPERTYSINGLEVALUE('bgt-status',$,IFCLABEL('bestaand'),$);
#3750=IFCPROPERTYSINGLEVALUE('plus-type',$,IFCLABEL('niet-bgt:verkeersregelinstallatiepaal'),$);
#3751=IFCPROPERTYSET('1Y6flgWm14KwzcJGLqcdSJ',#5,'CPset_BGT',$,(#3742,#3743,#3744,#3745,#3746,#3747,#3748,#3749,#3750));
#3752=IFCPROPERTYSINGLEVALUE('objectBegintijd',$,IFCLABEL('1318975200000'),$);
#3753=IFCPROPERTYSINGLEVALUE('identificatie',$,IFCIDENTIFIER('NL.IMGeo.G0772.ac2f9b366e0944ae930a5cba5621432e'),$);
#3754=IFCPROPERTYSINGLEVALUE('tijdstipRegistratie',$,IFCLABEL('1452169524000'),$);
#3755=IFCPROPERTYSINGLEVALUE('LV-publicatiedatum',$,IFCLABEL('1459857343000'),$);
#3756=IFCPROPERTYSINGLEVALUE('bronhouder',$,IFCLABEL('G0772'),$);
#3757=IFCPROPERTYSINGLEVALUE('inOnderzoek',$,IFCBOOLEAN(.T.),$);
#3758=IFCPROPERTYSINGLEVALUE('relatieveHoogteligging',$,IFCREAL(0.),$);
#3759=IFCPROPERTYSINGLEVALUE('bgt-status',$,IFCLABEL('bestaand'),$);
#3760=IFCPROPERTYSINGLEVALUE('plus-type',$,IFCLABEL('niet-bgt:lichtmast'),$);
#3761=IFCPROPERTYSET('3FyvvIniT7tvOLun1n3sU_',#5,'CPset_BGT',$,(#3752,#3753,#3754,#3755,#3756,#3757,#3758,#3759,#3760));
#3762=IFCPROPERTYSINGLEVALUE('objectBegintijd',$,IFCLABEL('1428357600000'),$);
#3763=IFCPROPERTYSINGLEVALUE('identificatie',$,IFCIDENTIFIER('NL.IMGeo.G0772.afaf4dab51374eb1ba22460052bdfbd5'),$);
#3764=IFCPROPERTYSINGLEVALUE('tijdstipRegistratie',$,IFCLABEL('1452169524000'),$);
#3765=IFCPROPERTYSINGLEVALUE('LV-publicatiedatum',$,IFCLABEL('1459857343000'),$);
#3766=IFCPROPERTYSINGLEVALUE('bronhouder',$,IFCLABEL('G0772'),$);
#3767=IFCPROPERTYSINGLEVALUE('inOnderzoek',$,IFCBOOLEAN(.T.),$);
#3768=IFCPROPERTYSINGLEVALUE('relatieveHoogteligging',$,IFCREAL(0.),$);
#3769=IFCPROPERTYSINGLEVALUE('bgt-status',$,IFCLABEL('bestaand'),$);
#3770=IFCPROPERTYSINGLEVALUE('plus-type',$,IFCLABEL('niet-bgt:lichtmast'),$);
#3771=IFCPROPERTYSET('2_UdCpMGf8yh3AQJj$5d5X',#5,'CPset_BGT',$,(#3762,#3763,#3764,#3765,#3766,#3767,#3768,#3769,#3770));
#3772=IFCPROPERTYSINGLEVALUE('objectBegintijd',$,IFCLABEL('1317679200000'),$);
#3773=IFCPROPERTYSINGLEVALUE('identificatie',$,IFCIDENTIFIER('NL.IMGeo.G0772.b69e48577e9f4a409b0f78803b75b104'),$);
#3774=IFCPROPERTYSINGLEVALUE('tijdstipRegistratie',$,IFCLABEL('1452169524000'),$);
#3775=IFCPROPERTYSINGLEVALUE('LV-publicatiedatum',$,IFCLABEL('1459857343000'),$);
#3776=IFCPROPERTYSINGLEVALUE('bronhouder',$,IFCLABEL('G0772'),$);
#3777=IFCPROPERTYSINGLEVALUE('inOnderzoek',$,IFCBOOLEAN(.T.),$);
#3778=IFCPROPERTYSINGLEVALUE('relatieveHoogteligging',$,IFCREAL(0.),$);
#3779=IFCPROPERTYSINGLEVALUE('bgt-status',$,IFCLABEL('bestaand'),$);
#3780=IFCPROPERTYSINGLEVALUE('plus-type',$,IFCLABEL('niet-bgt:verkeersregelinstallatiepaal'),$);
#3781=IFCPROPERTYSET('1WbFzMVdD4gPG_0X91eta2',#5,'CPset_BGT',$,(#3772,#3773,#3774,#3775,#3776,#3777,#3778,#3779,#3780));
#3782=IFCPROPERTYSINGLEVALUE('objectBegintijd',$,IFCLABEL('1318975200000'),$);
#3783=IFCPROPERTYSINGLEVALUE('identificatie',$,IFCIDENTIFIER('NL.IMGeo.G0772.befd0da2c0c64b4f838f48b532a302eb'),$);
#3784=IFCPROPERTYSINGLEVALUE('tijdstipRegistratie',$,IFCLABEL('1452169524000'),$);
#3785=IFCPROPERTYSINGLEVALUE('LV-publicatiedatum',$,IFCLABEL('1459857343000'),$);
#3786=IFCPROPERTYSINGLEVALUE('bronhouder',$,IFCLABEL('G0772'),$);
#3787=IFCPROPERTYSINGLEVALUE('inOnderzoek',$,IFCBOOLEAN(.T.),$);
#3788=IFCPROPERTYSINGLEVALUE('relatieveHoogteligging',$,IFCREAL(0.),$);
#3789=IFCPROPERTYSINGLEVALUE('bgt-status',$,IFCLABEL('bestaand'),$);
#3790=IFCPROPERTYSINGLEVALUE('plus-type',$,IFCLABEL('niet-bgt:lichtmast'),$);
#3791=IFCPROPERTYSET('0vKrDO6Z9A1PBHZdXmxlPj',#5,'CPset_BGT',$,(#3782,#3783,#3784,#3785,#3786,#3787,#3788,#3789,#3790));
#3792=IFCPROPERTYSINGLEVALUE('objectBegintijd',$,IFCLABEL('1318975200000'),$);
#3793=IFCPROPERTYSINGLEVALUE('identificatie',$,IFCIDENTIFIER('NL.IMGeo.G0772.c83bd461faff40eaa189dea4d2cf203d'),$);
#3794=IFCPROPERTYSINGLEVALUE('tijdstipRegistratie',$,IFCLABEL('1452169524000'),$);
#3795=IFCPROPERTYSINGLEVALUE('LV-publicatiedatum',$,IFCLABEL('1459857343000'),$);
#3796=IFCPROPERTYSINGLEVALUE('bronhouder',$,IFCLABEL('G0772'),$);
#3797=IFCPROPERTYSINGLEVALUE('inOnderzoek',$,IFCBOOLEAN(.T.),$);
#3798=IFCPROPERTYSINGLEVALUE('relatieveHoogteligging',$,IFCREAL(0.),$);
#3799=IFCPROPERTYSINGLEVALUE('bgt-status',$,IFCLABEL('bestaand'),$);
#3800=IFCPROPERTYSINGLEVALUE('plus-type',$,IFCLABEL('niet-bgt:lichtmast'),$);
#3801=IFCPROPERTYSET('0U1h68hj51a8BukulJD4hL',#5,'CPset_BGT',$,(#3792,#3793,#3794,#3795,#3796,#3797,#3798,#3799,#3800));
#3802=IFCPROPERTYSINGLEVALUE('objectBegintijd',$,IFCLABEL('1319061600000'),$);
#3803=IFCPROPERTYSINGLEVALUE('identificatie',$,IFCIDENTIFIER('NL.IMGeo.G0772.cc7a0f65530547a8b6efb6fee0b5822b'),$);
#3804=IFCPROPERTYSINGLEVALUE('tijdstipRegistratie',$,IFCLABEL('1452169524000'),$);
#3805=IFCPROPERTYSINGLEVALUE('LV-publicatiedatum',$,IFCLABEL('1459857343000'),$);
#3806=IFCPROPERTYSINGLEVALUE('bronhouder',$,IFCLABEL('G0772'),$);
#3807=IFCPROPERTYSINGLEVALUE('inOnderzoek',$,IFCBOOLEAN(.T.),$);
#3808=IFCPROPERTYSINGLEVALUE('relatieveHoogteligging',$,IFCREAL(0.),$);
#3809=IFCPROPERTYSINGLEVALUE('bgt-status',$,IFCLABEL('bestaand'),$);
#3810=IFCPROPERTYSINGLEVALUE('plus-type',$,IFCLABEL('niet-bgt:verkeersregelinstallatiepaal'),$);
#3811=IFCPROPERTYSET('0wu9zmGXHEXwi2ILzRshoT',#5,'CPset_BGT',$,(#3802,#3803,#3804,#3805,#3806,#3807,#3808,#3809,#3810));
#3812=IFCPROPERTYSINGLEVALUE('objectBegintijd',$,IFCLABEL('1275602400000'),$);
#3813=IFCPROPERTYSINGLEVALUE('identificatie',$,IFCIDENTIFIER('NL.IMGeo.G0772.d7cfbc8c2d194568a6ca6ce0c178eabc'),$);
#3814=IFCPROPERTYSINGLEVALUE('tijdstipRegistratie',$,IFCLABEL('1452169524000'),$);
#3815=IFCPROPERTYSINGLEVALUE('LV-publicatiedatum',$,IFCLABEL('1459857343000'),$);
#3816=IFCPROPERTYSINGLEVALUE('bronhouder',$,IFCLABEL('G0772'),$);
#3817=IFCPROPERTYSINGLEVALUE('inOnderzoek',$,IFCBOOLEAN(.T.),$);
#3818=IFCPROPERTYSINGLEVALUE('relatieveHoogteligging',$,IFCREAL(0.),$);
#3819=IFCPROPERTYSINGLEVALUE('bgt-status',$,IFCLABEL('bestaand'),$);
#3820=IFCPROPERTYSINGLEVALUE('plus-type',$,IFCLABEL('niet-bgt:verkeersregelinstallatiepaal'),$);
#3821=IFCPROPERTYSET('0XpFf0PFP4I8wfKpvsgitu',#5,'CPset_BGT',$,(#3812,#3813,#3814,#3815,#3816,#3817,#3818,#3819,#3820));
#3822=IFCPROPERTYSINGLEVALUE('objectBegintijd',$,IFCLABEL('1318975200000'),$);
#3823=IFCPROPERTYSINGLEVALUE('identificatie',$,IFCIDENTIFIER('NL.IMGeo.G0772.dcda5d5650d348f8bfbdfb5dd49a7f75'),$);
#3824=IFCPROPERTYSINGLEVALUE('tijdstipRegistratie',$,IFCLABEL('1452169524000'),$);
#3825=IFCPROPERTYSINGLEVALUE('LV-publicatiedatum',$,IFCLABEL('1459857343000'),$);
#3826=IFCPROPERTYSINGLEVALUE('bronhouder',$,IFCLABEL('G0772'),$);
#3827=IFCPROPERTYSINGLEVALUE('inOnderzoek',$,IFCBOOLEAN(.T.),$);
#3828=IFCPROPERTYSINGLEVALUE('relatieveHoogteligging',$,IFCREAL(0.),$);
#3829=IFCPROPERTYSINGLEVALUE('bgt-status',$,IFCLABEL('bestaand'),$);
#3830=IFCPROPERTYSINGLEVALUE('plus-type',$,IFCLABEL('niet-bgt:verkeersregelinstallatiepaal'),$);
#3831=IFCPROPERTYSET('1Khpp3OtvD1O8jtHDmjxDg',#5,'CPset_BGT',$,(#3822,#3823,#3824,#3825,#3826,#3827,#3828,#3829,#3830));
#3832=IFCPROPERTYSINGLEVALUE('objectBegintijd',$,IFCLABEL('1317679200000'),$);
#3833=IFCPROPERTYSINGLEVALUE('identificatie',$,IFCIDENTIFIER('NL.IMGeo.G0772.e1171eb9c4e14500b5ae0d579675871e'),$);
#3834=IFCPROPERTYSINGLEVALUE('tijdstipRegistratie',$,IFCLABEL('1452169524000'),$);
#3835=IFCPROPERTYSINGLEVALUE('LV-publicatiedatum',$,IFCLABEL('1459857343000'),$);
#3836=IFCPROPERTYSINGLEVALUE('bronhouder',$,IFCLABEL('G0772'),$);
#3837=IFCPROPERTYSINGLEVALUE('inOnderzoek',$,IFCBOOLEAN(.T.),$);
#3838=IFCPROPERTYSINGLEVALUE('relatieveHoogteligging',$,IFCREAL(0.),$);
#3839=IFCPROPERTYSINGLEVALUE('bgt-status',$,IFCLABEL('bestaand'),$);
#3840=IFCPROPERTYSINGLEVALUE('plus-type',$,IFCLABEL('niet-bgt:lichtmast'),$);
#3841=IFCPROPERTYSET('0bTwEpKi5BivnsC6AuGsWm',#5,'CPset_BGT',$,(#3832,#3833,#3834,#3835,#3836,#3837,#3838,#3839,#3840));
#3842=IFCPROPERTYSINGLEVALUE('objectBegintijd',$,IFCLABEL('1361746800000'),$);
#3843=IFCPROPERTYSINGLEVALUE('identificatie',$,IFCIDENTIFIER('NL.IMGeo.G0772.e213ea2663404564b612c6d98aca2e12'),$);
#3844=IFCPROPERTYSINGLEVALUE('tijdstipRegistratie',$,IFCLABEL('1452169524000'),$);
#3845=IFCPROPERTYSINGLEVALUE('LV-publicatiedatum',$,IFCLABEL('1459857343000'),$);
#3846=IFCPROPERTYSINGLEVALUE('bronhouder',$,IFCLABEL('G0772'),$);
#3847=IFCPROPERTYSINGLEVALUE('inOnderzoek',$,IFCBOOLEAN(.T.),$);
#3848=IFCPROPERTYSINGLEVALUE('relatieveHoogteligging',$,IFCREAL(0.),$);
#3849=IFCPROPERTYSINGLEVALUE('bgt-status',$,IFCLABEL('bestaand'),$);
#3850=IFCPROPERTYSINGLEVALUE('plus-type',$,IFCLABEL('niet-bgt:lichtmast'),$);
#3851=IFCPROPERTYSET('0slUddZnH84OBUa3JYRAvU',#5,'CPset_BGT',$,(#3842,#3843,#3844,#3845,#3846,#3847,#3848,#3849,#3850));
#3852=IFCPROPERTYSINGLEVALUE('objectBegintijd',$,IFCLABEL('1317679200000'),$);
#3853=IFCPROPERTYSINGLEVALUE('identificatie',$,IFCIDENTIFIER('NL.IMGeo.G0772.e4913ec340c24713ad890466df38b224'),$);
#3854=IFCPROPERTYSINGLEVALUE('tijdstipRegistratie',$,IFCLABEL('1452169524000'),$);
#3855=IFCPROPERTYSINGLEVALUE('LV-publicatiedatum',$,IFCLABEL('1459857343000'),$);
#3856=IFCPROPERTYSINGLEVALUE('bronhouder',$,IFCLABEL('G0772'),$);
#3857=IFCPROPERTYSINGLEVALUE('inOnderzoek',$,IFCBOOLEAN(.T.),$);
#3858=IFCPROPERTYSINGLEVALUE('relatieveHoogteligging',$,IFCREAL(0.),$);
#3859=IFCPROPERTYSINGLEVALUE('bgt-status',$,IFCLABEL('bestaand'),$);
#3860=IFCPROPERTYSINGLEVALUE('plus-type',$,IFCLABEL('niet-bgt:lichtmast'),$);
#3861=IFCPROPERTYSET('2PmEiPFdj7bwTuXOU1kn$L',#5,'CPset_BGT',$,(#3852,#3853,#3854,#3855,#3856,#3857,#3858,#3859,#3860));
#3862=IFCPROPERTYSINGLEVALUE('objectBegintijd',$,IFCLABEL('1319061600000'),$);
#3863=IFCPROPERTYSINGLEVALUE('identificatie',$,IFCIDENTIFIER('NL.IMGeo.G0772.ee08ca9e0b8b44928e540045824fbd8f'),$);
#3864=IFCPROPERTYSINGLEVALUE('tijdstipRegistratie',$,IFCLABEL('1452169524000'),$);
#3865=IFCPROPERTYSINGLEVALUE('LV-publicatiedatum',$,IFCLABEL('1459857343000'),$);
#3866=IFCPROPERTYSINGLEVALUE('bronhouder',$,IFCLABEL('G0772'),$);
#3867=IFCPROPERTYSINGLEVALUE('inOnderzoek',$,IFCBOOLEAN(.T.),$);
#3868=IFCPROPERTYSINGLEVALUE('relatieveHoogteligging',$,IFCREAL(0.),$);
#3869=IFCPROPERTYSINGLEVALUE('bgt-status',$,IFCLABEL('bestaand'),$);
#3870=IFCPROPERTYSINGLEVALUE('plus-type',$,IFCLABEL('niet-bgt:lichtmast'),$);
#3871=IFCPROPERTYSET('0fD5T7xarBGRYieBja9m0m',#5,'CPset_BGT',$,(#3862,#3863,#3864,#3865,#3866,#3867,#3868,#3869,#3870));
#3872=IFCPROPERTYSINGLEVALUE('objectBegintijd',$,IFCLABEL('1317679200000'),$);
#3873=IFCPROPERTYSINGLEVALUE('identificatie',$,IFCIDENTIFIER('NL.IMGeo.G0772.1163f5c60bcf42b297c8dfdcaf3b4a7e'),$);
#3874=IFCPROPERTYSINGLEVALUE('tijdstipRegistratie',$,IFCLABEL('1452169524000'),$);
#3875=IFCPROPERTYSINGLEVALUE('LV-publicatiedatum',$,IFCLABEL('1459857343000'),$);
#3876=IFCPROPERTYSINGLEVALUE('bronhouder',$,IFCLABEL('G0772'),$);
#3877=IFCPROPERTYSINGLEVALUE('inOnderzoek',$,IFCBOOLEAN(.T.),$);
#3878=IFCPROPERTYSINGLEVALUE('relatieveHoogteligging',$,IFCREAL(0.),$);
#3879=IFCPROPERTYSINGLEVALUE('bgt-status',$,IFCLABEL('bestaand'),$);
#3880=IFCPROPERTYSINGLEVALUE('plus-type',$,IFCLABEL('niet-bgt:verkeersregelinstallatiepaal'),$);
#3881=IFCPROPERTYSET('0lz9FCzVv9qhoXzTfZyYVw',#5,'CPset_BGT',$,(#3872,#3873,#3874,#3875,#3876,#3877,#3878,#3879,#3880));
#3882=IFCPROPERTYSINGLEVALUE('objectBegintijd',$,IFCLABEL('1361746800000'),$);
#3883=IFCPROPERTYSINGLEVALUE('identificatie',$,IFCIDENTIFIER('NL.IMGeo.G0772.123e91b8019644109f9b691b90cfe7c0'),$);
#3884=IFCPROPERTYSINGLEVALUE('tijdstipRegistratie',$,IFCLABEL('1452169524000'),$);
#3885=IFCPROPERTYSINGLEVALUE('LV-publicatiedatum',$,IFCLABEL('1459857343000'),$);
#3886=IFCPROPERTYSINGLEVALUE('bronhouder',$,IFCLABEL('G0772'),$);
#3887=IFCPROPERTYSINGLEVALUE('inOnderzoek',$,IFCBOOLEAN(.T.),$);
#3888=IFCPROPERTYSINGLEVALUE('relatieveHoogteligging',$,IFCREAL(0.),$);
#3889=IFCPROPERTYSINGLEVALUE('bgt-status',$,IFCLABEL('bestaand'),$);
#3890=IFCPROPERTYSINGLEVALUE('plus-type',$,IFCLABEL('niet-bgt:lichtmast'),$);
#3891=IFCPROPERTYSET('2ahJm7BDnBAQtztwYf2ddI',#5,'CPset_BGT',$,(#3882,#3883,#3884,#3885,#3886,#3887,#3888,#3889,#3890));
#3892=IFCPROPERTYSINGLEVALUE('objectBegintijd',$,IFCLABEL('1275602400000'),$);
#3893=IFCPROPERTYSINGLEVALUE('identificatie',$,IFCIDENTIFIER('NL.IMGeo.G0772.266f1a1380cc4610a6adad1232618c8a'),$);
#3894=IFCPROPERTYSINGLEVALUE('tijdstipRegistratie',$,IFCLABEL('1452169524000'),$);
#3895=IFCPROPERTYSINGLEVALUE('LV-publicatiedatum',$,IFCLABEL('1459857343000'),$);
#3896=IFCPROPERTYSINGLEVALUE('bronhouder',$,IFCLABEL('G0772'),$);
#3897=IFCPROPERTYSINGLEVALUE('inOnderzoek',$,IFCBOOLEAN(.T.),$);
#3898=IFCPROPERTYSINGLEVALUE('relatieveHoogteligging',$,IFCREAL(0.),$);
#3899=IFCPROPERTYSINGLEVALUE('bgt-status',$,IFCLABEL('bestaand'),$);
#3900=IFCPROPERTYSINGLEVALUE('plus-type',$,IFCLABEL('niet-bgt:verkeersregelinstallatiepaal'),$);
#3901=IFCPROPERTYSET('395CnRy6D7fg9wt_gSjGtj',#5,'CPset_BGT',$,(#3892,#3893,#3894,#3895,#3896,#3897,#3898,#3899,#3900));
#3902=IFCPROPERTYSINGLEVALUE('objectBegintijd',$,IFCLABEL('1317679200000'),$);
#3903=IFCPROPERTYSINGLEVALUE('identificatie',$,IFCIDENTIFIER('NL.IMGeo.G0772.2a4c9965c6e0497984978bdb308bba1b'),$);
#3904=IFCPROPERTYSINGLEVALUE('tijdstipRegistratie',$,IFCLABEL('1452169524000'),$);
#3905=IFCPROPERTYSINGLEVALUE('LV-publicatiedatum',$,IFCLABEL('1459857343000'),$);
#3906=IFCPROPERTYSINGLEVALUE('bronhouder',$,IFCLABEL('G0772'),$);
#3907=IFCPROPERTYSINGLEVALUE('inOnderzoek',$,IFCBOOLEAN(.T.),$);
#3908=IFCPROPERTYSINGLEVALUE('relatieveHoogteligging',$,IFCREAL(0.),$);
#3909=IFCPROPERTYSINGLEVALUE('bgt-status',$,IFCLABEL('bestaand'),$);
#3910=IFCPROPERTYSINGLEVALUE('plus-type',$,IFCLABEL('niet-bgt:lichtmast'),$);
#3911=IFCPROPERTYSET('3nTehlxcf2JRKEvxky_nb9',#5,'CPset_BGT',$,(#3902,#3903,#3904,#3905,#3906,#3907,#3908,#3909,#3910));
#3912=IFCPROPERTYSINGLEVALUE('objectBegintijd',$,IFCLABEL('1361746800000'),$);
#3913=IFCPROPERTYSINGLEVALUE('identificatie',$,IFCIDENTIFIER('NL.IMGeo.G0772.31ae60503f0641c99aaafe4dbafc2be8'),$);
#3914=IFCPROPERTYSINGLEVALUE('tijdstipRegistratie',$,IFCLABEL('1452169524000'),$);
#3915=IFCPROPERTYSINGLEVALUE('LV-publicatiedatum',$,IFCLABEL('1459857343000'),$);
#3916=IFCPROPERTYSINGLEVALUE('bronhouder',$,IFCLABEL('G0772'),$);
#3917=IFCPROPERTYSINGLEVALUE('inOnderzoek',$,IFCBOOLEAN(.T.),$);
#3918=IFCPROPERTYSINGLEVALUE('relatieveHoogteligging',$,IFCREAL(0.),$);
#3919=IFCPROPERTYSINGLEVALUE('bgt-status',$,IFCLABEL('bestaand'),$);
#3920=IFCPROPERTYSINGLEVALUE('plus-type',$,IFCLABEL('niet-bgt:lichtmast'),$);
#3921=IFCPROPERTYSET('3BIG4k1UDBJx_0MdYFVZNZ',#5,'CPset_BGT',$,(#3912,#3913,#3914,#3915,#3916,#3917,#3918,#3919,#3920));
#3922=IFCPROPERTYSINGLEVALUE('objectBegintijd',$,IFCLABEL('1275602400000'),$);
#3923=IFCPROPERTYSINGLEVALUE('identificatie',$,IFCIDENTIFIER('NL.IMGeo.G0772.4c284748bf8241a6bb7f14a8a342c6ac'),$);
#3924=IFCPROPERTYSINGLEVALUE('tijdstipRegistratie',$,IFCLABEL('1452169524000'),$);
#3925=IFCPROPERTYSINGLEVALUE('LV-publicatiedatum',$,IFCLABEL('1459857343000'),$);
#3926=IFCPROPERTYSINGLEVALUE('bronhouder',$,IFCLABEL('G0772'),$);
#3927=IFCPROPERTYSINGLEVALUE('inOnderzoek',$,IFCBOOLEAN(.T.),$);
#3928=IFCPROPERTYSINGLEVALUE('relatieveHoogteligging',$,IFCREAL(0.),$);
#3929=IFCPROPERTYSINGLEVALUE('bgt-status',$,IFCLABEL('bestaand'),$);
#3930=IFCPROPERTYSINGLEVALUE('plus-type',$,IFCLABEL('niet-bgt:verkeersregelinstallatiepaal'),$);
#3931=IFCPROPERTYSET('0B_7tNEWPEmPxZkpb3RXK$',#5,'CPset_BGT',$,(#3922,#3923,#3924,#3925,#3926,#3927,#3928,#3929,#3930));
#3932=IFCPROPERTYSINGLEVALUE('objectBegintijd',$,IFCLABEL('1275602400000'),$);
#3933=IFCPROPERTYSINGLEVALUE('identificatie',$,IFCIDENTIFIER('NL.IMGeo.G0772.51aa70b4c187490897ffabcf425fd74c'),$);
#3934=IFCPROPERTYSINGLEVALUE('tijdstipRegistratie',$,IFCLABEL('1452169524000'),$);
#3935=IFCPROPERTYSINGLEVALUE('LV-publicatiedatum',$,IFCLABEL('1459857343000'),$);
#3936=IFCPROPERTYSINGLEVALUE('bronhouder',$,IFCLABEL('G0772'),$);
#3937=IFCPROPERTYSINGLEVALUE('inOnderzoek',$,IFCBOOLEAN(.T.),$);
#3938=IFCPROPERTYSINGLEVALUE('relatieveHoogteligging',$,IFCREAL(0.),$);
#3939=IFCPROPERTYSINGLEVALUE('bgt-status',$,IFCLABEL('bestaand'),$);
#3940=IFCPROPERTYSINGLEVALUE('plus-type',$,IFCLABEL('niet-bgt:lichtmast'),$);
#3941=IFCPROPERTYSET('38loGdNvT4CudWbxo6wYYW',#5,'CPset_BGT',$,(#3932,#3933,#3934,#3935,#3936,#3937,#3938,#3939,#3940));
#3942=IFCPROPERTYSINGLEVALUE('objectBegintijd',$,IFCLABEL('1318975200000'),$);
#3943=IFCPROPERTYSINGLEVALUE('identificatie',$,IFCIDENTIFIER('NL.IMGeo.G0772.55b2855999334da39cb775b1b980cfb7'),$);
#3944=IFCPROPERTYSINGLEVALUE('tijdstipRegistratie',$,IFCLABEL('1452169524000'),$);
#3945=IFCPROPERTYSINGLEVALUE('LV-publicatiedatum',$,IFCLABEL('1459857343000'),$);
#3946=IFCPROPERTYSINGLEVALUE('bronhouder',$,IFCLABEL('G0772'),$);
#3947=IFCPROPERTYSINGLEVALUE('inOnderzoek',$,IFCBOOLEAN(.T.),$);
#3948=IFCPROPERTYSINGLEVALUE('relatieveHoogteligging',$,IFCREAL(0.),$);
#3949=IFCPROPERTYSINGLEVALUE('bgt-status',$,IFCLABEL('bestaand'),$);
#3950=IFCPROPERTYSINGLEVALUE('plus-type',$,IFCLABEL('niet-bgt:verkeersregelinstallatiepaal'),$);
#3951=IFCPROPERTYSET('2wmP_uCg52mOtftJS6pu0w',#5,'CPset_BGT',$,(#3942,#3943,#3944,#3945,#3946,#3947,#3948,#3949,#3950));
#3952=IFCPROPERTYSINGLEVALUE('objectBegintijd',$,IFCLABEL('1317679200000'),$);
#3953=IFCPROPERTYSINGLEVALUE('identificatie',$,IFCIDENTIFIER('NL.IMGeo.G0772.7172adf2796f41588fea6416af6d2c90'),$);
#3954=IFCPROPERTYSINGLEVALUE('tijdstipRegistratie',$,IFCLABEL('1452169524000'),$);
#3955=IFCPROPERTYSINGLEVALUE('LV-publicatiedatum',$,IFCLABEL('1459857343000'),$);
#3956=IFCPROPERTYSINGLEVALUE('bronhouder',$,IFCLABEL('G0772'),$);
#3957=IFCPROPERTYSINGLEVALUE('inOnderzoek',$,IFCBOOLEAN(.T.),$);
#3958=IFCPROPERTYSINGLEVALUE('relatieveHoogteligging',$,IFCREAL(0.),$);
#3959=IFCPROPERTYSINGLEVALUE('bgt-status',$,IFCLABEL('bestaand'),$);
#3960=IFCPROPERTYSINGLEVALUE('plus-type',$,IFCLABEL('niet-bgt:lichtmast'),$);
#3961=IFCPROPERTYSET('0ijMLa3bb6xw$wagNNOF3q',#5,'CPset_BGT',$,(#3952,#3953,#3954,#3955,#3956,#3957,#3958,#3959,#3960));
#3962=IFCPROPERTYSINGLEVALUE('objectBegintijd',$,IFCLABEL('1317679200000'),$);
#3963=IFCPROPERTYSINGLEVALUE('identificatie',$,IFCIDENTIFIER('NL.IMGeo.G0772.804674224d5244d9a92fa0490f98c3b8'),$);
#3964=IFCPROPERTYSINGLEVALUE('tijdstipRegistratie',$,IFCLABEL('1452169524000'),$);
#3965=IFCPROPERTYSINGLEVALUE('LV-publicatiedatum',$,IFCLABEL('1459857343000'),$);
#3966=IFCPROPERTYSINGLEVALUE('bronhouder',$,IFCLABEL('G0772'),$);
#3967=IFCPROPERTYSINGLEVALUE('inOnderzoek',$,IFCBOOLEAN(.T.),$);
#3968=IFCPROPERTYSINGLEVALUE('relatieveHoogteligging',$,IFCREAL(0.),$);
#3969=IFCPROPERTYSINGLEVALUE('bgt-status',$,IFCLABEL('bestaand'),$);
#3970=IFCPROPERTYSINGLEVALUE('plus-type',$,IFCLABEL('niet-bgt:verkeersregelinstallatiepaal'),$);
#3971=IFCPROPERTYSET('13Fmp8baT8Whg$tbCsGl_e',#5,'CPset_BGT',$,(#3962,#3963,#3964,#3965,#3966,#3967,#3968,#3969,#3970));
#3972=IFCPROPERTYSINGLEVALUE('objectBegintijd',$,IFCLABEL('1275602400000'),$);
#3973=IFCPROPERTYSINGLEVALUE('identificatie',$,IFCIDENTIFIER('NL.IMGeo.G0772.930bf946bcdd43269bc1a94c3da9a260'),$);
#3974=IFCPROPERTYSINGLEVALUE('tijdstipRegistratie',$,IFCLABEL('1452169524000'),$);
#3975=IFCPROPERTYSINGLEVALUE('LV-publicatiedatum',$,IFCLABEL('1459857343000'),$);
#3976=IFCPROPERTYSINGLEVALUE('bronhouder',$,IFCLABEL('G0772'),$);
#3977=IFCPROPERTYSINGLEVALUE('inOnderzoek',$,IFCBOOLEAN(.T.),$);
#3978=IFCPROPERTYSINGLEVALUE('relatieveHoogteligging',$,IFCREAL(0.),$);
#3979=IFCPROPERTYSINGLEVALUE('bgt-status',$,IFCLABEL('bestaand'),$);
#3980=IFCPROPERTYSINGLEVALUE('plus-type',$,IFCLABEL('niet-bgt:lichtmast'),$);
#3981=IFCPROPERTYSET('2q189j0216PwchVgSBOah7',#5,'CPset_BGT',$,(#3972,#3973,#3974,#3975,#3976,#3977,#3978,#3979,#3980));
#3982=IFCPROPERTYSINGLEVALUE('objectBegintijd',$,IFCLABEL('1319061600000'),$);
#3983=IFCPROPERTYSINGLEVALUE('identificatie',$,IFCIDENTIFIER('NL.IMGeo.G0772.aa7bfaae969e4376a84339b743cee652'),$);
#3984=IFCPROPERTYSINGLEVALUE('tijdstipRegistratie',$,IFCLABEL('1452169524000'),$);
#3985=IFCPROPERTYSINGLEVALUE('LV-publicatiedatum',$,IFCLABEL('1459857343000'),$);
#3986=IFCPROPERTYSINGLEVALUE('bronhouder',$,IFCLABEL('G0772'),$);
#3987=IFCPROPERTYSINGLEVALUE('inOnderzoek',$,IFCBOOLEAN(.T.),$);
#3988=IFCPROPERTYSINGLEVALUE('relatieveHoogteligging',$,IFCREAL(0.),$);
#3989=IFCPROPERTYSINGLEVALUE('bgt-status',$,IFCLABEL('bestaand'),$);
#3990=IFCPROPERTYSINGLEVALUE('plus-type',$,IFCLABEL('niet-bgt:verkeersregelinstallatiepaal'),$);
#3991=IFCPROPERTYSET('0tAEUUKZ53FQW9EtHIArYX',#5,'CPset_BGT',$,(#3982,#3983,#3984,#3985,#3986,#3987,#3988,#3989,#3990));
#3992=IFCPROPERTYSINGLEVALUE('objectBegintijd',$,IFCLABEL('1317679200000'),$);
#3993=IFCPROPERTYSINGLEVALUE('identificatie',$,IFCIDENTIFIER('NL.IMGeo.G0772.b9405397113c4bb098910a127f7a973b'),$);
#3994=IFCPROPERTYSINGLEVALUE('tijdstipRegistratie',$,IFCLABEL('1452169524000'),$);
#3995=IFCPROPERTYSINGLEVALUE('LV-publicatiedatum',$,IFCLABEL('1459857343000'),$);
#3996=IFCPROPERTYSINGLEVALUE('bronhouder',$,IFCLABEL('G0772'),$);
#3997=IFCPROPERTYSINGLEVALUE('inOnderzoek',$,IFCBOOLEAN(.T.),$);
#3998=IFCPROPERTYSINGLEVALUE('relatieveHoogteligging',$,IFCREAL(0.),$);
#3999=IFCPROPERTYSINGLEVALUE('bgt-status',$,IFCLABEL('bestaand'),$);
#4000=IFCPROPERTYSINGLEVALUE('plus-type',$,IFCLABEL('niet-bgt:verkeersregelinstallatiepaal'),$);
#4001=IFCPROPERTYSET('2IuTBu2cf7gxT54X0Y$Xeg',#5,'CPset_BGT',$,(#3992,#3993,#3994,#3995,#3996,#3997,#3998,#3999,#4000));
#4002=IFCPROPERTYSINGLEVALUE('objectBegintijd',$,IFCLABEL('1319061600000'),$);
#4003=IFCPROPERTYSINGLEVALUE('identificatie',$,IFCIDENTIFIER('NL.IMGeo.G0772.c92567d795c4460b963757c74ee083ca'),$);
#4004=IFCPROPERTYSINGLEVALUE('tijdstipRegistratie',$,IFCLABEL('1452169524000'),$);
#4005=IFCPROPERTYSINGLEVALUE('LV-publicatiedatum',$,IFCLABEL('1459857343000'),$);
#4006=IFCPROPERTYSINGLEVALUE('bronhouder',$,IFCLABEL('G0772'),$);
#4007=IFCPROPERTYSINGLEVALUE('inOnderzoek',$,IFCBOOLEAN(.T.),$);
#4008=IFCPROPERTYSINGLEVALUE('relatieveHoogteligging',$,IFCREAL(0.),$);
#4009=IFCPROPERTYSINGLEVALUE('bgt-status',$,IFCLABEL('bestaand'),$);
#4010=IFCPROPERTYSINGLEVALUE('plus-type',$,IFCLABEL('niet-bgt:verkeersregelinstallatiepaal'),$);
#4011=IFCPROPERTYSET('3a35SY9vX57B2$CTJpqhJY',#5,'CPset_BGT',$,(#4002,#4003,#4004,#4005,#4006,#4007,#4008,#4009,#4010));
#4012=IFCPROPERTYSINGLEVALUE('objectBegintijd',$,IFCLABEL('1318975200000'),$);
#4013=IFCPROPERTYSINGLEVALUE('identificatie',$,IFCIDENTIFIER('NL.IMGeo.G0772.de07a9dae3c64506b244d32b61a174d9'),$);
#4014=IFCPROPERTYSINGLEVALUE('tijdstipRegistratie',$,IFCLABEL('1452169524000'),$);
#4015=IFCPROPERTYSINGLEVALUE('LV-publicatiedatum',$,IFCLABEL('1459857343000'),$);
#4016=IFCPROPERTYSINGLEVALUE('bronhouder',$,IFCLABEL('G0772'),$);
#4017=IFCPROPERTYSINGLEVALUE('inOnderzoek',$,IFCBOOLEAN(.T.),$);
#4018=IFCPROPERTYSINGLEVALUE('relatieveHoogteligging',$,IFCREAL(0.),$);
#4019=IFCPROPERTYSINGLEVALUE('bgt-status',$,IFCLABEL('bestaand'),$);
#4020=IFCPROPERTYSINGLEVALUE('plus-type',$,IFCLABEL('niet-bgt:verkeersregelinstallatiepaal'),$);
#4021=IFCPROPERTYSET('0UdjvmKAL3XgMUNqPA8tg2',#5,'CPset_BGT',$,(#4012,#4013,#4014,#4015,#4016,#4017,#4018,#4019,#4020));
#4022=IFCPROPERTYSINGLEVALUE('objectBegintijd',$,IFCLABEL('1317679200000'),$);
#4023=IFCPROPERTYSINGLEVALUE('identificatie',$,IFCIDENTIFIER('NL.IMGeo.G0772.e5630e573d67451ea46b6c73f47d4a55'),$);
#4024=IFCPROPERTYSINGLEVALUE('tijdstipRegistratie',$,IFCLABEL('1452169524000'),$);
#4025=IFCPROPERTYSINGLEVALUE('LV-publicatiedatum',$,IFCLABEL('1459857343000'),$);
#4026=IFCPROPERTYSINGLEVALUE('bronhouder',$,IFCLABEL('G0772'),$);
#4027=IFCPROPERTYSINGLEVALUE('inOnderzoek',$,IFCBOOLEAN(.T.),$);
#4028=IFCPROPERTYSINGLEVALUE('relatieveHoogteligging',$,IFCREAL(0.),$);
#4029=IFCPROPERTYSINGLEVALUE('bgt-status',$,IFCLABEL('bestaand'),$);
#4030=IFCPROPERTYSINGLEVALUE('plus-type',$,IFCLABEL('niet-bgt:lichtmast'),$);
#4031=IFCPROPERTYSET('2WwX1qiC595fBd_mqtn36O',#5,'CPset_BGT',$,(#4022,#4023,#4024,#4025,#4026,#4027,#4028,#4029,#4030));
#4032=IFCPROPERTYSINGLEVALUE('objectBegintijd',$,IFCLABEL('1317679200000'),$);
#4033=IFCPROPERTYSINGLEVALUE('identificatie',$,IFCIDENTIFIER('NL.IMGeo.G0772.ed66da1a6598454a985de4c0e1510f29'),$);
#4034=IFCPROPERTYSINGLEVALUE('tijdstipRegistratie',$,IFCLABEL('1452169524000'),$);
#4035=IFCPROPERTYSINGLEVALUE('LV-publicatiedatum',$,IFCLABEL('1459857343000'),$);
#4036=IFCPROPERTYSINGLEVALUE('bronhouder',$,IFCLABEL('G0772'),$);
#4037=IFCPROPERTYSINGLEVALUE('inOnderzoek',$,IFCBOOLEAN(.T.),$);
#4038=IFCPROPERTYSINGLEVALUE('relatieveHoogteligging',$,IFCREAL(0.),$);
#4039=IFCPROPERTYSINGLEVALUE('bgt-status',$,IFCLABEL('bestaand'),$);
#4040=IFCPROPERTYSINGLEVALUE('plus-type',$,IFCLABEL('niet-bgt:verkeersregelinstallatiepaal'),$);
#4041=IFCPROPERTYSET('3S0C3ca7jBDwQU5xWm5ukU',#5,'CPset_BGT',$,(#4032,#4033,#4034,#4035,#4036,#4037,#4038,#4039,#4040));
#4042=IFCPROPERTYSINGLEVALUE('objectBegintijd',$,IFCLABEL('1275602400000'),$);
#4043=IFCPROPERTYSINGLEVALUE('identificatie',$,IFCIDENTIFIER('NL.IMGeo.G0772.f22658aa59d44c7493691e6c2e1f2b40'),$);
#4044=IFCPROPERTYSINGLEVALUE('tijdstipRegistratie',$,IFCLABEL('1452169524000'),$);
#4045=IFCPROPERTYSINGLEVALUE('LV-publicatiedatum',$,IFCLABEL('1459857343000'),$);
#4046=IFCPROPERTYSINGLEVALUE('bronhouder',$,IFCLABEL('G0772'),$);
#4047=IFCPROPERTYSINGLEVALUE('inOnderzoek',$,IFCBOOLEAN(.T.),$);
#4048=IFCPROPERTYSINGLEVALUE('relatieveHoogteligging',$,IFCREAL(0.),$);
#4049=IFCPROPERTYSINGLEVALUE('bgt-status',$,IFCLABEL('bestaand'),$);
#4050=IFCPROPERTYSINGLEVALUE('plus-type',$,IFCLABEL('niet-bgt:lichtmast'),$);
#4051=IFCPROPERTYSET('3OLGcfdwD1QgCngQD5UFrk',#5,'CPset_BGT',$,(#4042,#4043,#4044,#4045,#4046,#4047,#4048,#4049,#4050));
#4052=IFCPROPERTYSINGLEVALUE('objectBegintijd',$,IFCLABEL('1159221600000'),$);
#4053=IFCPROPERTYSINGLEVALUE('identificatie',$,IFCIDENTIFIER('NL.IMGeo.G0772.181479bf95c4453284aa7a58961b42d0'),$);
#4054=IFCPROPERTYSINGLEVALUE('tijdstipRegistratie',$,IFCLABEL('1452338115000'),$);
#4055=IFCPROPERTYSINGLEVALUE('LV-publicatiedatum',$,IFCLABEL('1460548866000'),$);
#4056=IFCPROPERTYSINGLEVALUE('bronhouder',$,IFCLABEL('G0772'),$);
#4057=IFCPROPERTYSINGLEVALUE('inOnderzoek',$,IFCBOOLEAN(.T.),$);
#4058=IFCPROPERTYSINGLEVALUE('relatieveHoogteligging',$,IFCREAL(0.),$);
#4059=IFCPROPERTYSINGLEVALUE('bgt-status',$,IFCLABEL('bestaand'),$);
#4060=IFCPROPERTYSINGLEVALUE('plus-type',$,IFCLABEL('niet-bgt:lichtmast'),$);
#4061=IFCPROPERTYSET('0VongHCq5CGhfbfpihQsM_',#5,'CPset_BGT',$,(#4052,#4053,#4054,#4055,#4056,#4057,#4058,#4059,#4060));
#4062=IFCPROPERTYSINGLEVALUE('objectBegintijd',$,IFCLABEL('1159221600000'),$);
#4063=IFCPROPERTYSINGLEVALUE('identificatie',$,IFCIDENTIFIER('NL.IMGeo.G0772.21c53cc4e4a04333aa0a6c9a1e327499'),$);
#4064=IFCPROPERTYSINGLEVALUE('tijdstipRegistratie',$,IFCLABEL('1452338115000'),$);
#4065=IFCPROPERTYSINGLEVALUE('LV-publicatiedatum',$,IFCLABEL('1460548866000'),$);
#4066=IFCPROPERTYSINGLEVALUE('bronhouder',$,IFCLABEL('G0772'),$);
#4067=IFCPROPERTYSINGLEVALUE('inOnderzoek',$,IFCBOOLEAN(.T.),$);
#4068=IFCPROPERTYSINGLEVALUE('relatieveHoogteligging',$,IFCREAL(0.),$);
#4069=IFCPROPERTYSINGLEVALUE('bgt-status',$,IFCLABEL('bestaand'),$);
#4070=IFCPROPERTYSINGLEVALUE('plus-type',$,IFCLABEL('niet-bgt:lichtmast'),$);
#4071=IFCPROPERTYSET('0uXgELEzn13R3KbSSwbVcL',#5,'CPset_BGT',$,(#4062,#4063,#4064,#4065,#4066,#4067,#4068,#4069,#4070));
#4072=IFCPROPERTYSINGLEVALUE('objectBegintijd',$,IFCLABEL('1159221600000'),$);
#4073=IFCPROPERTYSINGLEVALUE('identificatie',$,IFCIDENTIFIER('NL.IMGeo.G0772.2ec42a01030d4ad4845bbd5fa419ca41'),$);
#4074=IFCPROPERTYSINGLEVALUE('tijdstipRegistratie',$,IFCLABEL('1452338115000'),$);
#4075=IFCPROPERTYSINGLEVALUE('LV-publicatiedatum',$,IFCLABEL('1460548866000'),$);
#4076=IFCPROPERTYSINGLEVALUE('bronhouder',$,IFCLABEL('G0772'),$);
#4077=IFCPROPERTYSINGLEVALUE('inOnderzoek',$,IFCBOOLEAN(.T.),$);
#4078=IFCPROPERTYSINGLEVALUE('relatieveHoogteligging',$,IFCREAL(0.),$);
#4079=IFCPROPERTYSINGLEVALUE('bgt-status',$,IFCLABEL('bestaand'),$);
#4080=IFCPROPERTYSINGLEVALUE('plus-type',$,IFCLABEL('niet-bgt:lichtmast'),$);
#4081=IFCPROPERTYSET('2lAa7QLDv85h4A6I3J90Sb',#5,'CPset_BGT',$,(#4072,#4073,#4074,#4075,#4076,#4077,#4078,#4079,#4080));
#4082=IFCPROPERTYSINGLEVALUE('objectBegintijd',$,IFCLABEL('1159221600000'),$);
#4083=IFCPROPERTYSINGLEVALUE('identificatie',$,IFCIDENTIFIER('NL.IMGeo.G0772.5ce7d37f1bfd4a00a8a1d3995ece2cd0'),$);
#4084=IFCPROPERTYSINGLEVALUE('tijdstipRegistratie',$,IFCLABEL('1452338115000'),$);
#4085=IFCPROPERTYSINGLEVALUE('LV-publicatiedatum',$,IFCLABEL('1460548866000'),$);
#4086=IFCPROPERTYSINGLEVALUE('bronhouder',$,IFCLABEL('G0772'),$);
#4087=IFCPROPERTYSINGLEVALUE('inOnderzoek',$,IFCBOOLEAN(.T.),$);
#4088=IFCPROPERTYSINGLEVALUE('relatieveHoogteligging',$,IFCREAL(0.),$);
#4089=IFCPROPERTYSINGLEVALUE('bgt-status',$,IFCLABEL('bestaand'),$);
#4090=IFCPROPERTYSINGLEVALUE('plus-type',$,IFCLABEL('niet-bgt:lichtmast'),$);
#4091=IFCPROPERTYSET('1nuVvwtUf949Wp3ZvQATkD',#5,'CPset_BGT',$,(#4082,#4083,#4084,#4085,#4086,#4087,#4088,#4089,#4090));
#4092=IFCPROPERTYSINGLEVALUE('objectBegintijd',$,IFCLABEL('1159221600000'),$);
#4093=IFCPROPERTYSINGLEVALUE('identificatie',$,IFCIDENTIFIER('NL.IMGeo.G0772.71c47c164112403888c426143c85703f'),$);
#4094=IFCPROPERTYSINGLEVALUE('tijdstipRegistratie',$,IFCLABEL('1452338115000'),$);
#4095=IFCPROPERTYSINGLEVALUE('LV-publicatiedatum',$,IFCLABEL('1460548866000'),$);
#4096=IFCPROPERTYSINGLEVALUE('bronhouder',$,IFCLABEL('G0772'),$);
#4097=IFCPROPERTYSINGLEVALUE('inOnderzoek',$,IFCBOOLEAN(.T.),$);
#4098=IFCPROPERTYSINGLEVALUE('relatieveHoogteligging',$,IFCREAL(0.),$);
#4099=IFCPROPERTYSINGLEVALUE('bgt-status',$,IFCLABEL('bestaand'),$);
#4100=IFCPROPERTYSINGLEVALUE('plus-type',$,IFCLABEL('niet-bgt:lichtmast'),$);
#4101=IFCPROPERTYSET('3GvqrB4yb6shXwfkSACY84',#5,'CPset_BGT',$,(#4092,#4093,#4094,#4095,#4096,#4097,#4098,#4099,#4100));
#4102=IFCPROPERTYSINGLEVALUE('objectBegintijd',$,IFCLABEL('1159221600000'),$);
#4103=IFCPROPERTYSINGLEVALUE('identificatie',$,IFCIDENTIFIER('NL.IMGeo.G0772.74a628d125c341089245c0e70e1f8858'),$);
#4104=IFCPROPERTYSINGLEVALUE('tijdstipRegistratie',$,IFCLABEL('1452338115000'),$);
#4105=IFCPROPERTYSINGLEVALUE('LV-publicatiedatum',$,IFCLABEL('1460548866000'),$);
#4106=IFCPROPERTYSINGLEVALUE('bronhouder',$,IFCLABEL('G0772'),$);
#4107=IFCPROPERTYSINGLEVALUE('inOnderzoek',$,IFCBOOLEAN(.T.),$);
#4108=IFCPROPERTYSINGLEVALUE('relatieveHoogteligging',$,IFCREAL(0.),$);
#4109=IFCPROPERTYSINGLEVALUE('bgt-status',$,IFCLABEL('bestaand'),$);
#4110=IFCPROPERTYSINGLEVALUE('plus-type',$,IFCLABEL('niet-bgt:lichtmast'),$);
#4111=IFCPROPERTYSET('3IJpTmKYXD1RaQYQoXCFtk',#5,'CPset_BGT',$,(#4102,#4103,#4104,#4105,#4106,#4107,#4108,#4109,#4110));
#4112=IFCPROPERTYSINGLEVALUE('objectBegintijd',$,IFCLABEL('1159221600000'),$);
#4113=IFCPROPERTYSINGLEVALUE('identificatie',$,IFCIDENTIFIER('NL.IMGeo.G0772.793af1e2662446ac90e355289687cc56'),$);
#4114=IFCPROPERTYSINGLEVALUE('tijdstipRegistratie',$,IFCLABEL('1452338115000'),$);
#4115=IFCPROPERTYSINGLEVALUE('LV-publicatiedatum',$,IFCLABEL('1460548866000'),$);
#4116=IFCPROPERTYSINGLEVALUE('bronhouder',$,IFCLABEL('G0772'),$);
#4117=IFCPROPERTYSINGLEVALUE('inOnderzoek',$,IFCBOOLEAN(.T.),$);
#4118=IFCPROPERTYSINGLEVALUE('relatieveHoogteligging',$,IFCREAL(0.),$);
#4119=IFCPROPERTYSINGLEVALUE('bgt-status',$,IFCLABEL('bestaand'),$);
#4120=IFCPROPERTYSINGLEVALUE('plus-type',$,IFCLABEL('niet-bgt:lichtmast'),$);
#4121=IFCPROPERTYSET('1GkGxX7Of5nPE6tLKFfWLi',#5,'CPset_BGT',$,(#4112,#4113,#4114,#4115,#4116,#4117,#4118,#4119,#4120));
#4122=IFCPROPERTYSINGLEVALUE('objectBegintijd',$,IFCLABEL('1159221600000'),$);
#4123=IFCPROPERTYSINGLEVALUE('identificatie',$,IFCIDENTIFIER('NL.IMGeo.G0772.8ca8893105074b02b0784d7c7878b556'),$);
#4124=IFCPROPERTYSINGLEVALUE('tijdstipRegistratie',$,IFCLABEL('1452338115000'),$);
#4125=IFCPROPERTYSINGLEVALUE('LV-publicatiedatum',$,IFCLABEL('1460548866000'),$);
#4126=IFCPROPERTYSINGLEVALUE('bronhouder',$,IFCLABEL('G0772'),$);
#4127=IFCPROPERTYSINGLEVALUE('inOnderzoek',$,IFCBOOLEAN(.T.),$);
#4128=IFCPROPERTYSINGLEVALUE('relatieveHoogteligging',$,IFCREAL(0.),$);
#4129=IFCPROPERTYSINGLEVALUE('bgt-status',$,IFCLABEL('bestaand'),$);
#4130=IFCPROPERTYSINGLEVALUE('plus-type',$,IFCLABEL('niet-bgt:lichtmast'),$);
#4131=IFCPROPERTYSET('3Sld_kTR99Nfaybh6dh0Nz',#5,'CPset_BGT',$,(#4122,#4123,#4124,#4125,#4126,#4127,#4128,#4129,#4130));
#4132=IFCPROPERTYSINGLEVALUE('objectBegintijd',$,IFCLABEL('1159221600000'),$);
#4133=IFCPROPERTYSINGLEVALUE('identificatie',$,IFCIDENTIFIER('NL.IMGeo.G0772.9b1176e0b5764f819a4c9354f1641c1f'),$);
#4134=IFCPROPERTYSINGLEVALUE('tijdstipRegistratie',$,IFCLABEL('1452338115000'),$);
#4135=IFCPROPERTYSINGLEVALUE('LV-publicatiedatum',$,IFCLABEL('1460548866000'),$);
#4136=IFCPROPERTYSINGLEVALUE('bronhouder',$,IFCLABEL('G0772'),$);
#4137=IFCPROPERTYSINGLEVALUE('inOnderzoek',$,IFCBOOLEAN(.T.),$);
#4138=IFCPROPERTYSINGLEVALUE('relatieveHoogteligging',$,IFCREAL(0.),$);
#4139=IFCPROPERTYSINGLEVALUE('bgt-status',$,IFCLABEL('bestaand'),$);
#4140=IFCPROPERTYSINGLEVALUE('plus-type',$,IFCLABEL('niet-bgt:lichtmast'),$);
#4141=IFCPROPERTYSET('0jEWftRr17e9LRbyWRE8ls',#5,'CPset_BGT',$,(#4132,#4133,#4134,#4135,#4136,#4137,#4138,#4139,#4140));
#4142=IFCPROPERTYSINGLEVALUE('objectBegintijd',$,IFCLABEL('1159221600000'),$);
#4143=IFCPROPERTYSINGLEVALUE('identificatie',$,IFCIDENTIFIER('NL.IMGeo.G0772.a88edf89b8ae4feeb42ba2a5ca808d94'),$);
#4144=IFCPROPERTYSINGLEVALUE('tijdstipRegistratie',$,IFCLABEL('1452338115000'),$);
#4145=IFCPROPERTYSINGLEVALUE('LV-publicatiedatum',$,IFCLABEL('1460548866000'),$);
#4146=IFCPROPERTYSINGLEVALUE('bronhouder',$,IFCLABEL('G0772'),$);
#4147=IFCPROPERTYSINGLEVALUE('inOnderzoek',$,IFCBOOLEAN(.T.),$);
#4148=IFCPROPERTYSINGLEVALUE('relatieveHoogteligging',$,IFCREAL(0.),$);
#4149=IFCPROPERTYSINGLEVALUE('bgt-status',$,IFCLABEL('bestaand'),$);
#4150=IFCPROPERTYSINGLEVALUE('plus-type',$,IFCLABEL('niet-bgt:lichtmast'),$);
#4151=IFCPROPERTYSET('0V$Ud1Q5b6XeBW9pOSgxxH',#5,'CPset_BGT',$,(#4142,#4143,#4144,#4145,#4146,#4147,#4148,#4149,#4150));
#4152=IFCPROPERTYSINGLEVALUE('objectBegintijd',$,IFCLABEL('1159221600000'),$);
#4153=IFCPROPERTYSINGLEVALUE('identificatie',$,IFCIDENTIFIER('NL.IMGeo.G0772.b0dab2be2e8243d29cd1faa5c8bb26cf'),$);
#4154=IFCPROPERTYSINGLEVALUE('tijdstipRegistratie',$,IFCLABEL('1452338115000'),$);
#4155=IFCPROPERTYSINGLEVALUE('LV-publicatiedatum',$,IFCLABEL('1460548866000'),$);
#4156=IFCPROPERTYSINGLEVALUE('bronhouder',$,IFCLABEL('G0772'),$);
#4157=IFCPROPERTYSINGLEVALUE('inOnderzoek',$,IFCBOOLEAN(.T.),$);
#4158=IFCPROPERTYSINGLEVALUE('relatieveHoogteligging',$,IFCREAL(0.),$);
#4159=IFCPROPERTYSINGLEVALUE('bgt-status',$,IFCLABEL('bestaand'),$);
#4160=IFCPROPERTYSINGLEVALUE('plus-type',$,IFCLABEL('niet-bgt:lichtmast'),$);
#4161=IFCPROPERTYSET('3iuqKHMJHDrhqIpaRFUEks',#5,'CPset_BGT',$,(#4152,#4153,#4154,#4155,#4156,#4157,#4158,#4159,#4160));
#4162=IFCPROPERTYSINGLEVALUE('objectBegintijd',$,IFCLABEL('1159221600000'),$);
#4163=IFCPROPERTYSINGLEVALUE('identificatie',$,IFCIDENTIFIER('NL.IMGeo.G0772.b80f444ff8e842529102c5035b68a470'),$);
#4164=IFCPROPERTYSINGLEVALUE('tijdstipRegistratie',$,IFCLABEL('1452338115000'),$);
#4165=IFCPROPERTYSINGLEVALUE('LV-publicatiedatum',$,IFCLABEL('1460548866000'),$);
#4166=IFCPROPERTYSINGLEVALUE('bronhouder',$,IFCLABEL('G0772'),$);
#4167=IFCPROPERTYSINGLEVALUE('inOnderzoek',$,IFCBOOLEAN(.T.),$);
#4168=IFCPROPERTYSINGLEVALUE('relatieveHoogteligging',$,IFCREAL(0.),$);
#4169=IFCPROPERTYSINGLEVALUE('bgt-status',$,IFCLABEL('bestaand'),$);
#4170=IFCPROPERTYSINGLEVALUE('plus-type',$,IFCLABEL('niet-bgt:lichtmast'),$);
#4171=IFCPROPERTYSET('07jkVXOnf2DRKQ$GyNqZqZ',#5,'CPset_BGT',$,(#4162,#4163,#4164,#4165,#4166,#4167,#4168,#4169,#4170));
#4172=IFCPROPERTYSINGLEVALUE('objectBegintijd',$,IFCLABEL('1389826800000'),$);
#4173=IFCPROPERTYSINGLEVALUE('identificatie',$,IFCIDENTIFIER('NL.IMGeo.G0772.c3a62af72e9843fbbcf2a9fa856d5aaf'),$);
#4174=IFCPROPERTYSINGLEVALUE('tijdstipRegistratie',$,IFCLABEL('1452338115000'),$);
#4175=IFCPROPERTYSINGLEVALUE('LV-publicatiedatum',$,IFCLABEL('1460548866000'),$);
#4176=IFCPROPERTYSINGLEVALUE('bronhouder',$,IFCLABEL('G0772'),$);
#4177=IFCPROPERTYSINGLEVALUE('inOnderzoek',$,IFCBOOLEAN(.T.),$);
#4178=IFCPROPERTYSINGLEVALUE('relatieveHoogteligging',$,IFCREAL(0.),$);
#4179=IFCPROPERTYSINGLEVALUE('bgt-status',$,IFCLABEL('bestaand'),$);
#4180=IFCPROPERTYSINGLEVALUE('plus-type',$,IFCLABEL('niet-bgt:lichtmast'),$);
#4181=IFCPROPERTYSET('2vAZfPYU53qhfC6CcgpZCI',#5,'CPset_BGT',$,(#4172,#4173,#4174,#4175,#4176,#4177,#4178,#4179,#4180));
#4182=IFCPROPERTYSINGLEVALUE('objectBegintijd',$,IFCLABEL('1159221600000'),$);
#4183=IFCPROPERTYSINGLEVALUE('identificatie',$,IFCIDENTIFIER('NL.IMGeo.G0772.cd79033b39844bbc85c6d24a47b3cefa'),$);
#4184=IFCPROPERTYSINGLEVALUE('tijdstipRegistratie',$,IFCLABEL('1452338115000'),$);
#4185=IFCPROPERTYSINGLEVALUE('LV-publicatiedatum',$,IFCLABEL('1460548866000'),$);
#4186=IFCPROPERTYSINGLEVALUE('bronhouder',$,IFCLABEL('G0772'),$);
#4187=IFCPROPERTYSINGLEVALUE('inOnderzoek',$,IFCBOOLEAN(.T.),$);
#4188=IFCPROPERTYSINGLEVALUE('relatieveHoogteligging',$,IFCREAL(0.),$);
#4189=IFCPROPERTYSINGLEVALUE('bgt-status',$,IFCLABEL('bestaand'),$);
#4190=IFCPROPERTYSINGLEVALUE('plus-type',$,IFCLABEL('niet-bgt:lichtmast'),$);
#4191=IFCPROPERTYSET('3Fknr5gCfE9eSBfR4YMonS',#5,'CPset_BGT',$,(#4182,#4183,#4184,#4185,#4186,#4187,#4188,#4189,#4190));
#4192=IFCPROPERTYSINGLEVALUE('objectBegintijd',$,IFCLABEL('1159221600000'),$);
#4193=IFCPROPERTYSINGLEVALUE('identificatie',$,IFCIDENTIFIER('NL.IMGeo.G0772.d8142cae0d124e7dbcd6416ee1db9e70'),$);
#4194=IFCPROPERTYSINGLEVALUE('tijdstipRegistratie',$,IFCLABEL('1452338115000'),$);
#4195=IFCPROPERTYSINGLEVALUE('LV-publicatiedatum',$,IFCLABEL('1460548866000'),$);
#4196=IFCPROPERTYSINGLEVALUE('bronhouder',$,IFCLABEL('G0772'),$);
#4197=IFCPROPERTYSINGLEVALUE('inOnderzoek',$,IFCBOOLEAN(.T.),$);
#4198=IFCPROPERTYSINGLEVALUE('relatieveHoogteligging',$,IFCREAL(0.),$);
#4199=IFCPROPERTYSINGLEVALUE('bgt-status',$,IFCLABEL('bestaand'),$);
#4200=IFCPROPERTYSINGLEVALUE('plus-type',$,IFCLABEL('niet-bgt:lichtmast'),$);
#4201=IFCPROPERTYSET('0tGx3QciP3T82jo5GUNEbx',#5,'CPset_BGT',$,(#4192,#4193,#4194,#4195,#4196,#4197,#4198,#4199,#4200));
#4202=IFCPROPERTYSINGLEVALUE('objectBegintijd',$,IFCLABEL('1159221600000'),$);
#4203=IFCPROPERTYSINGLEVALUE('identificatie',$,IFCIDENTIFIER('NL.IMGeo.G0772.dfccbe96706f4f9f90458181b189479d'),$);
#4204=IFCPROPERTYSINGLEVALUE('tijdstipRegistratie',$,IFCLABEL('1452338115000'),$);
#4205=IFCPROPERTYSINGLEVALUE('LV-publicatiedatum',$,IFCLABEL('1460548866000'),$);
#4206=IFCPROPERTYSINGLEVALUE('bronhouder',$,IFCLABEL('G0772'),$);
#4207=IFCPROPERTYSINGLEVALUE('inOnderzoek',$,IFCBOOLEAN(.T.),$);
#4208=IFCPROPERTYSINGLEVALUE('relatieveHoogteligging',$,IFCREAL(0.),$);
#4209=IFCPROPERTYSINGLEVALUE('bgt-status',$,IFCLABEL('bestaand'),$);
#4210=IFCPROPERTYSINGLEVALUE('plus-type',$,IFCLABEL('niet-bgt:lichtmast'),$);
#4211=IFCPROPERTYSET('1Z7jMlfHv2cvSm0u74$k0Z',#5,'CPset_BGT',$,(#4202,#4203,#4204,#4205,#4206,#4207,#4208,#4209,#4210));
#4212=IFCPROPERTYSINGLEVALUE('objectBegintijd',$,IFCLABEL('1159221600000'),$);
#4213=IFCPROPERTYSINGLEVALUE('identificatie',$,IFCIDENTIFIER('NL.IMGeo.G0772.f61cd1557c4d4cfe85cf14a7dc84fac0'),$);
#4214=IFCPROPERTYSINGLEVALUE('tijdstipRegistratie',$,IFCLABEL('1452338115000'),$);
#4215=IFCPROPERTYSINGLEVALUE('LV-publicatiedatum',$,IFCLABEL('1460548866000'),$);
#4216=IFCPROPERTYSINGLEVALUE('bronhouder',$,IFCLABEL('G0772'),$);
#4217=IFCPROPERTYSINGLEVALUE('inOnderzoek',$,IFCBOOLEAN(.T.),$);
#4218=IFCPROPERTYSINGLEVALUE('relatieveHoogteligging',$,IFCREAL(0.),$);
#4219=IFCPROPERTYSINGLEVALUE('bgt-status',$,IFCLABEL('bestaand'),$);
#4220=IFCPROPERTYSINGLEVALUE('plus-type',$,IFCLABEL('niet-bgt:lichtmast'),$);
#4221=IFCPROPERTYSET('3kjBTQ9ov6eAEY7FKRuB_B',#5,'CPset_BGT',$,(#4212,#4213,#4214,#4215,#4216,#4217,#4218,#4219,#4220));
#4222=IFCPROPERTYSINGLEVALUE('objectBegintijd',$,IFCLABEL('1444168800000'),$);
#4223=IFCPROPERTYSINGLEVALUE('identificatie',$,IFCIDENTIFIER('NL.IMGeo.G0772.2b8370bf56d541a99f6ee15d23000339'),$);
#4224=IFCPROPERTYSINGLEVALUE('tijdstipRegistratie',$,IFCLABEL('1467345758000'),$);
#4225=IFCPROPERTYSINGLEVALUE('LV-publicatiedatum',$,IFCLABEL('1467355332000'),$);
#4226=IFCPROPERTYSINGLEVALUE('bronhouder',$,IFCLABEL('G0772'),$);
#4227=IFCPROPERTYSINGLEVALUE('inOnderzoek',$,IFCBOOLEAN(.T.),$);
#4228=IFCPROPERTYSINGLEVALUE('relatieveHoogteligging',$,IFCREAL(0.),$);
#4229=IFCPROPERTYSINGLEVALUE('bgt-status',$,IFCLABEL('bestaand'),$);
#4230=IFCPROPERTYSINGLEVALUE('plus-type',$,IFCLABEL('niet-bgt:lichtmast'),$);
#4231=IFCPROPERTYSET('19sKH44Un76fQdeXHS1cCf',#5,'CPset_BGT',$,(#4222,#4223,#4224,#4225,#4226,#4227,#4228,#4229,#4230));
#4232=IFCPROPERTYSINGLEVALUE('objectBegintijd',$,IFCLABEL('1444168800000'),$);
#4233=IFCPROPERTYSINGLEVALUE('identificatie',$,IFCIDENTIFIER('NL.IMGeo.G0772.9cc1b07287874d16b5d97c9a21d91893'),$);
#4234=IFCPROPERTYSINGLEVALUE('tijdstipRegistratie',$,IFCLABEL('1467345758000'),$);
#4235=IFCPROPERTYSINGLEVALUE('LV-publicatiedatum',$,IFCLABEL('1467355332000'),$);
#4236=IFCPROPERTYSINGLEVALUE('bronhouder',$,IFCLABEL('G0772'),$);
#4237=IFCPROPERTYSINGLEVALUE('inOnderzoek',$,IFCBOOLEAN(.T.),$);
#4238=IFCPROPERTYSINGLEVALUE('relatieveHoogteligging',$,IFCREAL(0.),$);
#4239=IFCPROPERTYSINGLEVALUE('bgt-status',$,IFCLABEL('bestaand'),$);
#4240=IFCPROPERTYSINGLEVALUE('plus-type',$,IFCLABEL('niet-bgt:verkeersregelinstallatiepaal'),$);
#4241=IFCPROPERTYSET('309KG_OFvE2vWXVZQTuPht',#5,'CPset_BGT',$,(#4232,#4233,#4234,#4235,#4236,#4237,#4238,#4239,#4240));
#4242=IFCPROPERTYSINGLEVALUE('objectBegintijd',$,IFCLABEL('1444168800000'),$);
#4243=IFCPROPERTYSINGLEVALUE('identificatie',$,IFCIDENTIFIER('NL.IMGeo.G0772.c14111d355064085add1786c7a4e7552'),$);
#4244=IFCPROPERTYSINGLEVALUE('tijdstipRegistratie',$,IFCLABEL('1473404117000'),$);
#4245=IFCPROPERTYSINGLEVALUE('LV-publicatiedatum',$,IFCLABEL('1473439814000'),$);
#4246=IFCPROPERTYSINGLEVALUE('bronhouder',$,IFCLABEL('G0772'),$);
#4247=IFCPROPERTYSINGLEVALUE('inOnderzoek',$,IFCBOOLEAN(.T.),$);
#4248=IFCPROPERTYSINGLEVALUE('relatieveHoogteligging',$,IFCREAL(0.),$);
#4249=IFCPROPERTYSINGLEVALUE('bgt-status',$,IFCLABEL('bestaand'),$);
#4250=IFCPROPERTYSINGLEVALUE('plus-type',$,IFCLABEL('niet-bgt:lichtmast'),$);
#4251=IFCPROPERTYSET('2BDkRSQNHFqxCLIU3FxDry',#5,'CPset_BGT',$,(#4242,#4243,#4244,#4245,#4246,#4247,#4248,#4249,#4250));
#4252=IFCPROPERTYSINGLEVALUE('objectBegintijd',$,IFCLABEL('1319061600000'),$);
#4253=IFCPROPERTYSINGLEVALUE('identificatie',$,IFCIDENTIFIER('NL.IMGeo.G0772.9b92ab25ffbc4e1da11c849aabf36712'),$);
#4254=IFCPROPERTYSINGLEVALUE('tijdstipRegistratie',$,IFCLABEL('1542707742000'),$);
#4255=IFCPROPERTYSINGLEVALUE('LV-publicatiedatum',$,IFCLABEL('1542797645000'),$);
#4256=IFCPROPERTYSINGLEVALUE('bronhouder',$,IFCLABEL('G0772'),$);
#4257=IFCPROPERTYSINGLEVALUE('inOnderzoek',$,IFCBOOLEAN(.T.),$);
#4258=IFCPROPERTYSINGLEVALUE('relatieveHoogteligging',$,IFCREAL(0.),$);
#4259=IFCPROPERTYSINGLEVALUE('bgt-status',$,IFCLABEL('bestaand'),$);
#4260=IFCPROPERTYSINGLEVALUE('plus-type',$,IFCLABEL('niet-bgt:drukknoppaal'),$);
#4261=IFCPROPERTYSET('2eZvTQlVLAsBES$SxwDumK',#5,'CPset_BGT',$,(#4252,#4253,#4254,#4255,#4256,#4257,#4258,#4259,#4260));
#4262=IFCPROPERTYSINGLEVALUE('objectBegintijd',$,IFCLABEL('1319061600000'),$);
#4263=IFCPROPERTYSINGLEVALUE('identificatie',$,IFCIDENTIFIER('NL.IMGeo.G0772.dc4318f97e37410bac2ec1da3b7f1c1a'),$);
#4264=IFCPROPERTYSINGLEVALUE('tijdstipRegistratie',$,IFCLABEL('1542707742000'),$);
#4265=IFCPROPERTYSINGLEVALUE('LV-publicatiedatum',$,IFCLABEL('1542797645000'),$);
#4266=IFCPROPERTYSINGLEVALUE('bronhouder',$,IFCLABEL('G0772'),$);
#4267=IFCPROPERTYSINGLEVALUE('inOnderzoek',$,IFCBOOLEAN(.T.),$);
#4268=IFCPROPERTYSINGLEVALUE('relatieveHoogteligging',$,IFCREAL(0.),$);
#4269=IFCPROPERTYSINGLEVALUE('bgt-status',$,IFCLABEL('bestaand'),$);
#4270=IFCPROPERTYSINGLEVALUE('plus-type',$,IFCLABEL('niet-bgt:drukknoppaal'),$);
#4271=IFCPROPERTYSET('1j$X5uTiXAPPo_6LgZg6oA',#5,'CPset_BGT',$,(#4262,#4263,#4264,#4265,#4266,#4267,#4268,#4269,#4270));
#4272=IFCPROPERTYSINGLEVALUE('objectBegintijd',$,IFCLABEL('1549321200000'),$);
#4273=IFCPROPERTYSINGLEVALUE('identificatie',$,IFCIDENTIFIER('NL.IMGeo.G0772.451837bbfa0e47598fed5792922a635d'),$);
#4274=IFCPROPERTYSINGLEVALUE('tijdstipRegistratie',$,IFCLABEL('1550241454000'),$);
#4275=IFCPROPERTYSINGLEVALUE('LV-publicatiedatum',$,IFCLABEL('1550244074000'),$);
#4276=IFCPROPERTYSINGLEVALUE('bronhouder',$,IFCLABEL('G0772'),$);
#4277=IFCPROPERTYSINGLEVALUE('inOnderzoek',$,IFCBOOLEAN(.T.),$);
#4278=IFCPROPERTYSINGLEVALUE('relatieveHoogteligging',$,IFCREAL(0.),$);
#4279=IFCPROPERTYSINGLEVALUE('bgt-status',$,IFCLABEL('bestaand'),$);
#4280=IFCPROPERTYSINGLEVALUE('plus-type',$,IFCLABEL('niet-bgt:lichtmast'),$);
#4281=IFCPROPERTYSET('2ir4VQrUz18v$Ebi66Pi0R',#5,'CPset_BGT',$,(#4272,#4273,#4274,#4275,#4276,#4277,#4278,#4279,#4280));
#4282=IFCPROPERTYSINGLEVALUE('objectBegintijd',$,IFCLABEL('1557439200000'),$);
#4283=IFCPROPERTYSINGLEVALUE('identificatie',$,IFCIDENTIFIER('NL.IMGeo.G0772.3718cf53467a4601b081c507f1ad3577'),$);
#4284=IFCPROPERTYSINGLEVALUE('tijdstipRegistratie',$,IFCLABEL('1557748466000'),$);
#4285=IFCPROPERTYSINGLEVALUE('LV-publicatiedatum',$,IFCLABEL('1557754075000'),$);
#4286=IFCPROPERTYSINGLEVALUE('bronhouder',$,IFCLABEL('G0772'),$);
#4287=IFCPROPERTYSINGLEVALUE('inOnderzoek',$,IFCBOOLEAN(.T.),$);
#4288=IFCPROPERTYSINGLEVALUE('relatieveHoogteligging',$,IFCREAL(0.),$);
#4289=IFCPROPERTYSINGLEVALUE('bgt-status',$,IFCLABEL('bestaand'),$);
#4290=IFCPROPERTYSINGLEVALUE('plus-type',$,IFCLABEL('niet-bgt:lichtmast'),$);
#4291=IFCPROPERTYSET('02uSyEm6n2IgjwxBy$k_zW',#5,'CPset_BGT',$,(#4282,#4283,#4284,#4285,#4286,#4287,#4288,#4289,#4290));
#4292=IFCPROPERTYSINGLEVALUE('objectBegintijd',$,IFCLABEL('1557439200000'),$);
#4293=IFCPROPERTYSINGLEVALUE('identificatie',$,IFCIDENTIFIER('NL.IMGeo.G0772.7e88a6f7710544e5b01e24ae90a63b41'),$);
#4294=IFCPROPERTYSINGLEVALUE('tijdstipRegistratie',$,IFCLABEL('1557748466000'),$);
#4295=IFCPROPERTYSINGLEVALUE('LV-publicatiedatum',$,IFCLABEL('1557754075000'),$);
#4296=IFCPROPERTYSINGLEVALUE('bronhouder',$,IFCLABEL('G0772'),$);
#4297=IFCPROPERTYSINGLEVALUE('inOnderzoek',$,IFCBOOLEAN(.T.),$);
#4298=IFCPROPERTYSINGLEVALUE('relatieveHoogteligging',$,IFCREAL(0.),$);
#4299=IFCPROPERTYSINGLEVALUE('bgt-status',$,IFCLABEL('bestaand'),$);
#4300=IFCPROPERTYSINGLEVALUE('plus-type',$,IFCLABEL('niet-bgt:lichtmast'),$);
#4301=IFCPROPERTYSET('1KS9qEZVLEs9vnRf96PGbw',#5,'CPset_BGT',$,(#4292,#4293,#4294,#4295,#4296,#4297,#4298,#4299,#4300));
#4302=IFCPROPERTYSINGLEVALUE('objectBegintijd',$,IFCLABEL('1557439200000'),$);
#4303=IFCPROPERTYSINGLEVALUE('identificatie',$,IFCIDENTIFIER('NL.IMGeo.G0772.cd1b2de694fe4b799ba034d218095275'),$);
#4304=IFCPROPERTYSINGLEVALUE('tijdstipRegistratie',$,IFCLABEL('1557748466000'),$);
#4305=IFCPROPERTYSINGLEVALUE('LV-publicatiedatum',$,IFCLABEL('1557754075000'),$);
#4306=IFCPROPERTYSINGLEVALUE('bronhouder',$,IFCLABEL('G0772'),$);
#4307=IFCPROPERTYSINGLEVALUE('inOnderzoek',$,IFCBOOLEAN(.T.),$);
#4308=IFCPROPERTYSINGLEVALUE('relatieveHoogteligging',$,IFCREAL(0.),$);
#4309=IFCPROPERTYSINGLEVALUE('bgt-status',$,IFCLABEL('bestaand'),$);
#4310=IFCPROPERTYSINGLEVALUE('plus-type',$,IFCLABEL('niet-bgt:lichtmast'),$);
#4311=IFCPROPERTYSET('0aYfuglsDBGAEOOeNkhVRw',#5,'CPset_BGT',$,(#4302,#4303,#4304,#4305,#4306,#4307,#4308,#4309,#4310));
#4312=IFCPROPERTYSINGLEVALUE('objectBegintijd',$,IFCLABEL('1585692000000'),$);
#4313=IFCPROPERTYSINGLEVALUE('identificatie',$,IFCIDENTIFIER('NL.IMGeo.G0772.2cfd74fbd8234524950326854558384d'),$);
#4314=IFCPROPERTYSINGLEVALUE('tijdstipRegistratie',$,IFCLABEL('1586158442000'),$);
#4315=IFCPROPERTYSINGLEVALUE('LV-publicatiedatum',$,IFCLABEL('1586165281000'),$);
#4316=IFCPROPERTYSINGLEVALUE('bronhouder',$,IFCLABEL('G0772'),$);
#4317=IFCPROPERTYSINGLEVALUE('inOnderzoek',$,IFCBOOLEAN(.T.),$);
#4318=IFCPROPERTYSINGLEVALUE('relatieveHoogteligging',$,IFCREAL(0.),$);
#4319=IFCPROPERTYSINGLEVALUE('bgt-status',$,IFCLABEL('bestaand'),$);
#4320=IFCPROPERTYSINGLEVALUE('plus-type',$,IFCLABEL('niet-bgt:lichtmast'),$);
#4321=IFCPROPERTYSET('0fGGe_unL6yQlpI$lVI_05',#5,'CPset_BGT',$,(#4312,#4313,#4314,#4315,#4316,#4317,#4318,#4319,#4320));
#4322=IFCPROPERTYSINGLEVALUE('objectBegintijd',$,IFCLABEL('1585692000000'),$);
#4323=IFCPROPERTYSINGLEVALUE('identificatie',$,IFCIDENTIFIER('NL.IMGeo.G0772.b66c8de568f74ba5bff3b94184781719'),$);
#4324=IFCPROPERTYSINGLEVALUE('tijdstipRegistratie',$,IFCLABEL('1586158442000'),$);
#4325=IFCPROPERTYSINGLEVALUE('LV-publicatiedatum',$,IFCLABEL('1586165281000'),$);
#4326=IFCPROPERTYSINGLEVALUE('bronhouder',$,IFCLABEL('G0772'),$);
#4327=IFCPROPERTYSINGLEVALUE('inOnderzoek',$,IFCBOOLEAN(.T.),$);
#4328=IFCPROPERTYSINGLEVALUE('relatieveHoogteligging',$,IFCREAL(0.),$);
#4329=IFCPROPERTYSINGLEVALUE('bgt-status',$,IFCLABEL('bestaand'),$);
#4330=IFCPROPERTYSINGLEVALUE('plus-type',$,IFCLABEL('niet-bgt:lichtmast'),$);
#4331=IFCPROPERTYSET('1dcNYQ4P160AKDdEES_6sN',#5,'CPset_BGT',$,(#4322,#4323,#4324,#4325,#4326,#4327,#4328,#4329,#4330));
#4332=IFCPROPERTYSINGLEVALUE('objectBegintijd',$,IFCLABEL('1585692000000'),$);
#4333=IFCPROPERTYSINGLEVALUE('identificatie',$,IFCIDENTIFIER('NL.IMGeo.G0772.dd51ff80bca74c539bf96ca3662093d4'),$);
#4334=IFCPROPERTYSINGLEVALUE('tijdstipRegistratie',$,IFCLABEL('1586158442000'),$);
#4335=IFCPROPERTYSINGLEVALUE('LV-publicatiedatum',$,IFCLABEL('1586165281000'),$);
#4336=IFCPROPERTYSINGLEVALUE('bronhouder',$,IFCLABEL('G0772'),$);
#4337=IFCPROPERTYSINGLEVALUE('inOnderzoek',$,IFCBOOLEAN(.T.),$);
#4338=IFCPROPERTYSINGLEVALUE('relatieveHoogteligging',$,IFCREAL(0.),$);
#4339=IFCPROPERTYSINGLEVALUE('bgt-status',$,IFCLABEL('bestaand'),$);
#4340=IFCPROPERTYSINGLEVALUE('plus-type',$,IFCLABEL('niet-bgt:lichtmast'),$);
#4341=IFCPROPERTYSET('2q1D2UIAD1AwbPxwsHxaPn',#5,'CPset_BGT',$,(#4332,#4333,#4334,#4335,#4336,#4337,#4338,#4339,#4340));
#4342=IFCPROPERTYSINGLEVALUE('objectBegintijd',$,IFCLABEL('1593640800000'),$);
#4343=IFCPROPERTYSINGLEVALUE('identificatie',$,IFCIDENTIFIER('NL.IMGeo.G0772.453ad619a64f47dbaa029d69f367cb7c'),$);
#4344=IFCPROPERTYSINGLEVALUE('tijdstipRegistratie',$,IFCLABEL('1595598903000'),$);
#4345=IFCPROPERTYSINGLEVALUE('LV-publicatiedatum',$,IFCLABEL('1595605877000'),$);
#4346=IFCPROPERTYSINGLEVALUE('bronhouder',$,IFCLABEL('G0772'),$);
#4347=IFCPROPERTYSINGLEVALUE('inOnderzoek',$,IFCBOOLEAN(.T.),$);
#4348=IFCPROPERTYSINGLEVALUE('relatieveHoogteligging',$,IFCREAL(0.),$);
#4349=IFCPROPERTYSINGLEVALUE('bgt-status',$,IFCLABEL('bestaand'),$);
#4350=IFCPROPERTYSINGLEVALUE('plus-type',$,IFCLABEL('niet-bgt:lichtmast'),$);
#4351=IFCPROPERTYSET('17db3L2bPDNB3_diBNK8Xn',#5,'CPset_BGT',$,(#4342,#4343,#4344,#4345,#4346,#4347,#4348,#4349,#4350));
#4352=IFCPROPERTYSINGLEVALUE('objectBegintijd',$,IFCLABEL('1639090800000'),$);
#4353=IFCPROPERTYSINGLEVALUE('identificatie',$,IFCIDENTIFIER('NL.IMGeo.G0772.e06d4b7405ef4a36b6dc0315fef5ba0d'),$);
#4354=IFCPROPERTYSINGLEVALUE('tijdstipRegistratie',$,IFCLABEL('1639486083000'),$);
#4355=IFCPROPERTYSINGLEVALUE('LV-publicatiedatum',$,IFCLABEL('1639488656000'),$);
#4356=IFCPROPERTYSINGLEVALUE('bronhouder',$,IFCLABEL('G0772'),$);
#4357=IFCPROPERTYSINGLEVALUE('inOnderzoek',$,IFCBOOLEAN(.T.),$);
#4358=IFCPROPERTYSINGLEVALUE('relatieveHoogteligging',$,IFCREAL(0.),$);
#4359=IFCPROPERTYSINGLEVALUE('bgt-status',$,IFCLABEL('bestaand'),$);
#4360=IFCPROPERTYSINGLEVALUE('plus-type',$,IFCLABEL('niet-bgt'),$);
#4361=IFCPROPERTYSET('0TC0lPUwnCz8qEUOdw9E94',#5,'CPset_BGT',$,(#4352,#4353,#4354,#4355,#4356,#4357,#4358,#4359,#4360));
#4362=IFCPROPERTYSINGLEVALUE('objectBegintijd',$,IFCLABEL('1521500400000'),$);
#4363=IFCPROPERTYSINGLEVALUE('identificatie',$,IFCIDENTIFIER('NL.IMGeo.G0772.918e8e5b91054ef0900ef90ab03499b3'),$);
#4364=IFCPROPERTYSINGLEVALUE('tijdstipRegistratie',$,IFCLABEL('1642173747000'),$);
#4365=IFCPROPERTYSINGLEVALUE('LV-publicatiedatum',$,IFCLABEL('1642176267000'),$);
#4366=IFCPROPERTYSINGLEVALUE('bronhouder',$,IFCLABEL('G0772'),$);
#4367=IFCPROPERTYSINGLEVALUE('inOnderzoek',$,IFCBOOLEAN(.T.),$);
#4368=IFCPROPERTYSINGLEVALUE('relatieveHoogteligging',$,IFCREAL(0.),$);
#4369=IFCPROPERTYSINGLEVALUE('bgt-status',$,IFCLABEL('bestaand'),$);
#4370=IFCPROPERTYSINGLEVALUE('plus-type',$,IFCLABEL('niet-bgt:verkeersbordpaal'),$);
#4371=IFCPROPERTYSET('3sMUF7OjrEQBF9cmx47Zlx',#5,'CPset_BGT',$,(#4362,#4363,#4364,#4365,#4366,#4367,#4368,#4369,#4370));
#4372=IFCPROPERTYSINGLEVALUE('objectBegintijd',$,IFCLABEL('1526940000000'),$);
#4373=IFCPROPERTYSINGLEVALUE('identificatie',$,IFCIDENTIFIER('NL.IMGeo.G0772.2080d88493994cdcaf594c20c913dbb8'),$);
#4374=IFCPROPERTYSINGLEVALUE('tijdstipRegistratie',$,IFCLABEL('1642696262000'),$);
#4375=IFCPROPERTYSINGLEVALUE('LV-publicatiedatum',$,IFCLABEL('1642697340000'),$);
#4376=IFCPROPERTYSINGLEVALUE('bronhouder',$,IFCLABEL('G0772'),$);
#4377=IFCPROPERTYSINGLEVALUE('inOnderzoek',$,IFCBOOLEAN(.T.),$);
#4378=IFCPROPERTYSINGLEVALUE('relatieveHoogteligging',$,IFCREAL(0.),$);
#4379=IFCPROPERTYSINGLEVALUE('bgt-status',$,IFCLABEL('bestaand'),$);
#4380=IFCPROPERTYSINGLEVALUE('plus-type',$,IFCLABEL('niet-bgt:verkeersbordpaal'),$);
#4381=IFCPROPERTYSET('0MBcjxb_P9je7tWSmr59zI',#5,'CPset_BGT',$,(#4372,#4373,#4374,#4375,#4376,#4377,#4378,#4379,#4380));
#4382=IFCPROPERTYSINGLEVALUE('objectBegintijd',$,IFCLABEL('1526940000000'),$);
#4383=IFCPROPERTYSINGLEVALUE('identificatie',$,IFCIDENTIFIER('NL.IMGeo.G0772.64340fc3e2254d7986a40ef636efae0c'),$);
#4384=IFCPROPERTYSINGLEVALUE('tijdstipRegistratie',$,IFCLABEL('1642696262000'),$);
#4385=IFCPROPERTYSINGLEVALUE('LV-publicatiedatum',$,IFCLABEL('1642697340000'),$);
#4386=IFCPROPERTYSINGLEVALUE('bronhouder',$,IFCLABEL('G0772'),$);
#4387=IFCPROPERTYSINGLEVALUE('inOnderzoek',$,IFCBOOLEAN(.T.),$);
#4388=IFCPROPERTYSINGLEVALUE('relatieveHoogteligging',$,IFCREAL(0.),$);
#4389=IFCPROPERTYSINGLEVALUE('bgt-status',$,IFCLABEL('bestaand'),$);
#4390=IFCPROPERTYSINGLEVALUE('plus-type',$,IFCLABEL('niet-bgt:verkeersbordpaal'),$);
#4391=IFCPROPERTYSET('16kJ2vxrD9DQ_PJ_8P8UBy',#5,'CPset_BGT',$,(#4382,#4383,#4384,#4385,#4386,#4387,#4388,#4389,#4390));
#4392=IFCPROPERTYSINGLEVALUE('objectBegintijd',$,IFCLABEL('1526940000000'),$);
#4393=IFCPROPERTYSINGLEVALUE('identificatie',$,IFCIDENTIFIER('NL.IMGeo.G0772.729d201e393043aeabafe0e3799eae4e'),$);
#4394=IFCPROPERTYSINGLEVALUE('tijdstipRegistratie',$,IFCLABEL('1642696262000'),$);
#4395=IFCPROPERTYSINGLEVALUE('LV-publicatiedatum',$,IFCLABEL('1642697340000'),$);
#4396=IFCPROPERTYSINGLEVALUE('bronhouder',$,IFCLABEL('G0772'),$);
#4397=IFCPROPERTYSINGLEVALUE('inOnderzoek',$,IFCBOOLEAN(.T.),$);
#4398=IFCPROPERTYSINGLEVALUE('relatieveHoogteligging',$,IFCREAL(0.),$);
#4399=IFCPROPERTYSINGLEVALUE('bgt-status',$,IFCLABEL('bestaand'),$);
#4400=IFCPROPERTYSINGLEVALUE('plus-type',$,IFCLABEL('niet-bgt:verkeersbordpaal'),$);
#4401=IFCPROPERTYSET('235k$diAPDFPlTMD5EyMO4',#5,'CPset_BGT',$,(#4392,#4393,#4394,#4395,#4396,#4397,#4398,#4399,#4400));
#4402=IFCPROPERTYSINGLEVALUE('objectBegintijd',$,IFCLABEL('1526940000000'),$);
#4403=IFCPROPERTYSINGLEVALUE('identificatie',$,IFCIDENTIFIER('NL.IMGeo.G0772.84da8e27fc794867b39c999fb49ce9c2'),$);
#4404=IFCPROPERTYSINGLEVALUE('tijdstipRegistratie',$,IFCLABEL('1642696262000'),$);
#4405=IFCPROPERTYSINGLEVALUE('LV-publicatiedatum',$,IFCLABEL('1642697340000'),$);
#4406=IFCPROPERTYSINGLEVALUE('bronhouder',$,IFCLABEL('G0772'),$);
#4407=IFCPROPERTYSINGLEVALUE('inOnderzoek',$,IFCBOOLEAN(.T.),$);
#4408=IFCPROPERTYSINGLEVALUE('relatieveHoogteligging',$,IFCREAL(0.),$);
#4409=IFCPROPERTYSINGLEVALUE('bgt-status',$,IFCLABEL('bestaand'),$);
#4410=IFCPROPERTYSINGLEVALUE('plus-type',$,IFCLABEL('niet-bgt:verkeersbordpaal'),$);
#4411=IFCPROPERTYSET('2En2e4rC55pPYhvFakICEf',#5,'CPset_BGT',$,(#4402,#4403,#4404,#4405,#4406,#4407,#4408,#4409,#4410));
#4412=IFCPROPERTYSINGLEVALUE('objectBegintijd',$,IFCLABEL('1526335200000'),$);
#4413=IFCPROPERTYSINGLEVALUE('identificatie',$,IFCIDENTIFIER('NL.IMGeo.G0772.88cd95f443ee4bda849fe2ea47b2fae0'),$);
#4414=IFCPROPERTYSINGLEVALUE('tijdstipRegistratie',$,IFCLABEL('1642696262000'),$);
#4415=IFCPROPERTYSINGLEVALUE('LV-publicatiedatum',$,IFCLABEL('1642697340000'),$);
#4416=IFCPROPERTYSINGLEVALUE('bronhouder',$,IFCLABEL('G0772'),$);
#4417=IFCPROPERTYSINGLEVALUE('inOnderzoek',$,IFCBOOLEAN(.T.),$);
#4418=IFCPROPERTYSINGLEVALUE('relatieveHoogteligging',$,IFCREAL(0.),$);
#4419=IFCPROPERTYSINGLEVALUE('bgt-status',$,IFCLABEL('bestaand'),$);
#4420=IFCPROPERTYSINGLEVALUE('plus-type',$,IFCLABEL('niet-bgt:afsluitpaal'),$);
#4421=IFCPROPERTYSET('0opZrSDDPEWw3Is5CExT1f',#5,'CPset_BGT',$,(#4412,#4413,#4414,#4415,#4416,#4417,#4418,#4419,#4420));
#4422=IFCPROPERTYSINGLEVALUE('objectBegintijd',$,IFCLABEL('1526940000000'),$);
#4423=IFCPROPERTYSINGLEVALUE('identificatie',$,IFCIDENTIFIER('NL.IMGeo.G0772.9e8a3bbbd61e4fedb076a5452953624d'),$);
#4424=IFCPROPERTYSINGLEVALUE('tijdstipRegistratie',$,IFCLABEL('1642696262000'),$);
#4425=IFCPROPERTYSINGLEVALUE('LV-publicatiedatum',$,IFCLABEL('1642697340000'),$);
#4426=IFCPROPERTYSINGLEVALUE('bronhouder',$,IFCLABEL('G0772'),$);
#4427=IFCPROPERTYSINGLEVALUE('inOnderzoek',$,IFCBOOLEAN(.T.),$);
#4428=IFCPROPERTYSINGLEVALUE('relatieveHoogteligging',$,IFCREAL(0.),$);
#4429=IFCPROPERTYSINGLEVALUE('bgt-status',$,IFCLABEL('bestaand'),$);
#4430=IFCPROPERTYSINGLEVALUE('plus-type',$,IFCLABEL('niet-bgt:verkeersbordpaal'),$);
#4431=IFCPROPERTYSET('2FNCf6kbP3hPW1lgX64zSa',#5,'CPset_BGT',$,(#4422,#4423,#4424,#4425,#4426,#4427,#4428,#4429,#4430));
#4432=IFCPROPERTYSINGLEVALUE('objectBegintijd',$,IFCLABEL('1526940000000'),$);
#4433=IFCPROPERTYSINGLEVALUE('identificatie',$,IFCIDENTIFIER('NL.IMGeo.G0772.cf77feb92372418d890dd3bef38476ce'),$);
#4434=IFCPROPERTYSINGLEVALUE('tijdstipRegistratie',$,IFCLABEL('1642696262000'),$);
#4435=IFCPROPERTYSINGLEVALUE('LV-publicatiedatum',$,IFCLABEL('1642697340000'),$);
#4436=IFCPROPERTYSINGLEVALUE('bronhouder',$,IFCLABEL('G0772'),$);
#4437=IFCPROPERTYSINGLEVALUE('inOnderzoek',$,IFCBOOLEAN(.T.),$);
#4438=IFCPROPERTYSINGLEVALUE('relatieveHoogteligging',$,IFCREAL(0.),$);
#4439=IFCPROPERTYSINGLEVALUE('bgt-status',$,IFCLABEL('bestaand'),$);
#4440=IFCPROPERTYSINGLEVALUE('plus-type',$,IFCLABEL('niet-bgt:verkeersbordpaal'),$);
#4441=IFCPROPERTYSET('0eDovF3bT5XAuQQtnMlMyw',#5,'CPset_BGT',$,(#4432,#4433,#4434,#4435,#4436,#4437,#4438,#4439,#4440));
#4442=IFCPROPERTYSINGLEVALUE('objectBegintijd',$,IFCLABEL('1651788000000'),$);
#4443=IFCPROPERTYSINGLEVALUE('identificatie',$,IFCIDENTIFIER('NL.IMGeo.G0772.05a48226263449b49469c094c2c75221'),$);
#4444=IFCPROPERTYSINGLEVALUE('tijdstipRegistratie',$,IFCLABEL('1652171106000'),$);
#4445=IFCPROPERTYSINGLEVALUE('LV-publicatiedatum',$,IFCLABEL('1652175363000'),$);
#4446=IFCPROPERTYSINGLEVALUE('bronhouder',$,IFCLABEL('G0772'),$);
#4447=IFCPROPERTYSINGLEVALUE('inOnderzoek',$,IFCBOOLEAN(.T.),$);
#4448=IFCPROPERTYSINGLEVALUE('relatieveHoogteligging',$,IFCREAL(0.),$);
#4449=IFCPROPERTYSINGLEVALUE('bgt-status',$,IFCLABEL('bestaand'),$);
#4450=IFCPROPERTYSINGLEVALUE('plus-type',$,IFCLABEL('niet-bgt:lichtmast'),$);
#4451=IFCPROPERTYSET('2Ri6jwxdr5_u_OOMMKG213',#5,'CPset_BGT',$,(#4442,#4443,#4444,#4445,#4446,#4447,#4448,#4449,#4450));
#4452=IFCPROPERTYSINGLEVALUE('objectBegintijd',$,IFCLABEL('1651788000000'),$);
#4453=IFCPROPERTYSINGLEVALUE('identificatie',$,IFCIDENTIFIER('NL.IMGeo.G0772.0b208aaa1dd545f1b6c9242fac92a13d'),$);
#4454=IFCPROPERTYSINGLEVALUE('tijdstipRegistratie',$,IFCLABEL('1652171106000'),$);
#4455=IFCPROPERTYSINGLEVALUE('LV-publicatiedatum',$,IFCLABEL('1652175363000'),$);
#4456=IFCPROPERTYSINGLEVALUE('bronhouder',$,IFCLABEL('G0772'),$);
#4457=IFCPROPERTYSINGLEVALUE('inOnderzoek',$,IFCBOOLEAN(.T.),$);
#4458=IFCPROPERTYSINGLEVALUE('relatieveHoogteligging',$,IFCREAL(0.),$);
#4459=IFCPROPERTYSINGLEVALUE('bgt-status',$,IFCLABEL('bestaand'),$);
#4460=IFCPROPERTYSINGLEVALUE('plus-type',$,IFCLABEL('niet-bgt:lichtmast'),$);
#4461=IFCPROPERTYSET('0wQTOCxHD2sOuWIr4X044y',#5,'CPset_BGT',$,(#4452,#4453,#4454,#4455,#4456,#4457,#4458,#4459,#4460));
#4462=IFCPROPERTYSINGLEVALUE('objectBegintijd',$,IFCLABEL('1651788000000'),$);
#4463=IFCPROPERTYSINGLEVALUE('identificatie',$,IFCIDENTIFIER('NL.IMGeo.G0772.5f1425c44beb49478c2862029856a3ba'),$);
#4464=IFCPROPERTYSINGLEVALUE('tijdstipRegistratie',$,IFCLABEL('1652171106000'),$);
#4465=IFCPROPERTYSINGLEVALUE('LV-publicatiedatum',$,IFCLABEL('1652175363000'),$);
#4466=IFCPROPERTYSINGLEVALUE('bronhouder',$,IFCLABEL('G0772'),$);
#4467=IFCPROPERTYSINGLEVALUE('inOnderzoek',$,IFCBOOLEAN(.T.),$);
#4468=IFCPROPERTYSINGLEVALUE('relatieveHoogteligging',$,IFCREAL(0.),$);
#4469=IFCPROPERTYSINGLEVALUE('bgt-status',$,IFCLABEL('bestaand'),$);
#4470=IFCPROPERTYSINGLEVALUE('plus-type',$,IFCLABEL('niet-bgt:lichtmast'),$);
#4471=IFCPROPERTYSET('3hIHfWEWLD9gdHKMq6Fflm',#5,'CPset_BGT',$,(#4462,#4463,#4464,#4465,#4466,#4467,#4468,#4469,#4470));
#4472=IFCPROPERTYSINGLEVALUE('objectBegintijd',$,IFCLABEL('1651788000000'),$);
#4473=IFCPROPERTYSINGLEVALUE('identificatie',$,IFCIDENTIFIER('NL.IMGeo.G0772.fb1dd4a8398943aa97c462fdff557311'),$);
#4474=IFCPROPERTYSINGLEVALUE('tijdstipRegistratie',$,IFCLABEL('1652171106000'),$);
#4475=IFCPROPERTYSINGLEVALUE('LV-publicatiedatum',$,IFCLABEL('1652175363000'),$);
#4476=IFCPROPERTYSINGLEVALUE('bronhouder',$,IFCLABEL('G0772'),$);
#4477=IFCPROPERTYSINGLEVALUE('inOnderzoek',$,IFCBOOLEAN(.T.),$);
#4478=IFCPROPERTYSINGLEVALUE('relatieveHoogteligging',$,IFCREAL(0.),$);
#4479=IFCPROPERTYSINGLEVALUE('bgt-status',$,IFCLABEL('bestaand'),$);
#4480=IFCPROPERTYSINGLEVALUE('plus-type',$,IFCLABEL('niet-bgt:lichtmast'),$);
#4481=IFCPROPERTYSET('0ry4JYQ_j1ZvwLcdqUSdwz',#5,'CPset_BGT',$,(#4472,#4473,#4474,#4475,#4476,#4477,#4478,#4479,#4480));
#4482=IFCPROPERTYSINGLEVALUE('objectBegintijd',$,IFCLABEL('1702249200000'),$);
#4483=IFCPROPERTYSINGLEVALUE('identificatie',$,IFCIDENTIFIER('NL.IMGeo.G0772.7b5dc5f4adae48c5a7e6cce0d5614b5d'),$);
#4484=IFCPROPERTYSINGLEVALUE('tijdstipRegistratie',$,IFCLABEL('1707123689000'),$);
#4485=IFCPROPERTYSINGLEVALUE('LV-publicatiedatum',$,IFCLABEL('1707124167000'),$);
#4486=IFCPROPERTYSINGLEVALUE('bronhouder',$,IFCLABEL('G0772'),$);
#4487=IFCPROPERTYSINGLEVALUE('inOnderzoek',$,IFCBOOLEAN(.T.),$);
#4488=IFCPROPERTYSINGLEVALUE('relatieveHoogteligging',$,IFCREAL(0.),$);
#4489=IFCPROPERTYSINGLEVALUE('bgt-status',$,IFCLABEL('bestaand'),$);
#4490=IFCPROPERTYSINGLEVALUE('plus-type',$,IFCLABEL('niet-bgt:lichtmast'),$);
#4491=IFCPROPERTYSET('1qZQgrhfDFQPqAc0ND81jW',#5,'CPset_BGT',$,(#4482,#4483,#4484,#4485,#4486,#4487,#4488,#4489,#4490));
#4492=IFCPROPERTYSINGLEVALUE('objectBegintijd',$,IFCLABEL('1699916400000'),$);
#4493=IFCPROPERTYSINGLEVALUE('identificatie',$,IFCIDENTIFIER('NL.IMGeo.G0772.b01160aae5a8430c8d0952917b753260'),$);
#4494=IFCPROPERTYSINGLEVALUE('tijdstipRegistratie',$,IFCLABEL('1707123689000'),$);
#4495=IFCPROPERTYSINGLEVALUE('LV-publicatiedatum',$,IFCLABEL('1707124167000'),$);
#4496=IFCPROPERTYSINGLEVALUE('bronhouder',$,IFCLABEL('G0772'),$);
#4497=IFCPROPERTYSINGLEVALUE('inOnderzoek',$,IFCBOOLEAN(.T.),$);
#4498=IFCPROPERTYSINGLEVALUE('relatieveHoogteligging',$,IFCREAL(0.),$);
#4499=IFCPROPERTYSINGLEVALUE('bgt-status',$,IFCLABEL('bestaand'),$);
#4500=IFCPROPERTYSINGLEVALUE('plus-type',$,IFCLABEL('niet-bgt:lichtmast'),$);
#4501=IFCPROPERTYSET('1BgHxmktz9LfBR_hMoO_RU',#5,'CPset_BGT',$,(#4492,#4493,#4494,#4495,#4496,#4497,#4498,#4499,#4500));
#4502=IFCPROPERTYSINGLEVALUE('objectBegintijd',$,IFCLABEL('1699916400000'),$);
#4503=IFCPROPERTYSINGLEVALUE('identificatie',$,IFCIDENTIFIER('NL.IMGeo.G0772.e22946ab91af415e8d4a1575362e906a'),$);
#4504=IFCPROPERTYSINGLEVALUE('tijdstipRegistratie',$,IFCLABEL('1707123689000'),$);
#4505=IFCPROPERTYSINGLEVALUE('LV-publicatiedatum',$,IFCLABEL('1707124167000'),$);
#4506=IFCPROPERTYSINGLEVALUE('bronhouder',$,IFCLABEL('G0772'),$);
#4507=IFCPROPERTYSINGLEVALUE('inOnderzoek',$,IFCBOOLEAN(.T.),$);
#4508=IFCPROPERTYSINGLEVALUE('relatieveHoogteligging',$,IFCREAL(0.),$);
#4509=IFCPROPERTYSINGLEVALUE('bgt-status',$,IFCLABEL('bestaand'),$);
#4510=IFCPROPERTYSINGLEVALUE('plus-type',$,IFCLABEL('niet-bgt:lichtmast'),$);
#4511=IFCPROPERTYSET('2IB5EtgyTCphTsIpcp_Tij',#5,'CPset_BGT',$,(#4502,#4503,#4504,#4505,#4506,#4507,#4508,#4509,#4510));
#4512=IFCPROPERTYSINGLEVALUE('objectBegintijd',$,IFCLABEL('1699916400000'),$);
#4513=IFCPROPERTYSINGLEVALUE('identificatie',$,IFCIDENTIFIER('NL.IMGeo.G0772.f46a3b7e8bca40c082623e605abbd69d'),$);
#4514=IFCPROPERTYSINGLEVALUE('tijdstipRegistratie',$,IFCLABEL('1707123689000'),$);
#4515=IFCPROPERTYSINGLEVALUE('LV-publicatiedatum',$,IFCLABEL('1707124167000'),$);
#4516=IFCPROPERTYSINGLEVALUE('bronhouder',$,IFCLABEL('G0772'),$);
#4517=IFCPROPERTYSINGLEVALUE('inOnderzoek',$,IFCBOOLEAN(.T.),$);
#4518=IFCPROPERTYSINGLEVALUE('relatieveHoogteligging',$,IFCREAL(0.),$);
#4519=IFCPROPERTYSINGLEVALUE('bgt-status',$,IFCLABEL('bestaand'),$);
#4520=IFCPROPERTYSINGLEVALUE('plus-type',$,IFCLABEL('niet-bgt:lichtmast'),$);
#4521=IFCPROPERTYSET('0HJw9jV0P38usc7EZAUbPg',#5,'CPset_BGT',$,(#4512,#4513,#4514,#4515,#4516,#4517,#4518,#4519,#4520));
#4522=IFCPROPERTYSINGLEVALUE('objectBegintijd',$,IFCLABEL('1699916400000'),$);
#4523=IFCPROPERTYSINGLEVALUE('identificatie',$,IFCIDENTIFIER('NL.IMGeo.G0772.fc99eca0704646388268f4a64089a5f5'),$);
#4524=IFCPROPERTYSINGLEVALUE('tijdstipRegistratie',$,IFCLABEL('1707123689000'),$);
#4525=IFCPROPERTYSINGLEVALUE('LV-publicatiedatum',$,IFCLABEL('1707124167000'),$);
#4526=IFCPROPERTYSINGLEVALUE('bronhouder',$,IFCLABEL('G0772'),$);
#4527=IFCPROPERTYSINGLEVALUE('inOnderzoek',$,IFCBOOLEAN(.T.),$);
#4528=IFCPROPERTYSINGLEVALUE('relatieveHoogteligging',$,IFCREAL(0.),$);
#4529=IFCPROPERTYSINGLEVALUE('bgt-status',$,IFCLABEL('bestaand'),$);
#4530=IFCPROPERTYSINGLEVALUE('plus-type',$,IFCLABEL('niet-bgt:lichtmast'),$);
#4531=IFCPROPERTYSET('126UvyTovEjAA2hwXu2lgp',#5,'CPset_BGT',$,(#4522,#4523,#4524,#4525,#4526,#4527,#4528,#4529,#4530));
#4532=IFCPROPERTYSINGLEVALUE('objectBegintijd',$,IFCLABEL('1707433200000'),$);
#4533=IFCPROPERTYSINGLEVALUE('identificatie',$,IFCIDENTIFIER('NL.IMGeo.G0772.6625efa09aa341f5883c11c0f5590adb'),$);
#4534=IFCPROPERTYSINGLEVALUE('tijdstipRegistratie',$,IFCLABEL('1707495506000'),$);
#4535=IFCPROPERTYSINGLEVALUE('LV-publicatiedatum',$,IFCLABEL('1707496337000'),$);
#4536=IFCPROPERTYSINGLEVALUE('bronhouder',$,IFCLABEL('G0772'),$);
#4537=IFCPROPERTYSINGLEVALUE('inOnderzoek',$,IFCBOOLEAN(.T.),$);
#4538=IFCPROPERTYSINGLEVALUE('relatieveHoogteligging',$,IFCREAL(0.),$);
#4539=IFCPROPERTYSINGLEVALUE('bgt-status',$,IFCLABEL('bestaand'),$);
#4540=IFCPROPERTYSINGLEVALUE('plus-type',$,IFCLABEL('niet-bgt'),$);
#4541=IFCPROPERTYSET('2qs6j5ubT0ZeMutLzDq3Me',#5,'CPset_BGT',$,(#4532,#4533,#4534,#4535,#4536,#4537,#4538,#4539,#4540));
#4542=IFCPROPERTYSINGLEVALUE('objectBegintijd',$,IFCLABEL('1739487600000'),$);
#4543=IFCPROPERTYSINGLEVALUE('identificatie',$,IFCIDENTIFIER('NL.IMGeo.G0772.3963e57e89a748b59cb5f100bc40a2aa'),$);
#4544=IFCPROPERTYSINGLEVALUE('tijdstipRegistratie',$,IFCLABEL('1740476235000'),$);
#4545=IFCPROPERTYSINGLEVALUE('LV-publicatiedatum',$,IFCLABEL('1740476700000'),$);
#4546=IFCPROPERTYSINGLEVALUE('bronhouder',$,IFCLABEL('G0772'),$);
#4547=IFCPROPERTYSINGLEVALUE('inOnderzoek',$,IFCBOOLEAN(.T.),$);
#4548=IFCPROPERTYSINGLEVALUE('relatieveHoogteligging',$,IFCREAL(0.),$);
#4549=IFCPROPERTYSINGLEVALUE('bgt-status',$,IFCLABEL('bestaand'),$);
#4550=IFCPROPERTYSINGLEVALUE('plus-type',$,IFCLABEL('niet-bgt:verkeersregelinstallatiepaal'),$);
#4551=IFCPROPERTYSET('0QIp84VFjD9xtfE5oKFALY',#5,'CPset_BGT',$,(#4542,#4543,#4544,#4545,#4546,#4547,#4548,#4549,#4550));
#4552=IFCPROPERTYSINGLEVALUE('objectBegintijd',$,IFCLABEL('1739487600000'),$);
#4553=IFCPROPERTYSINGLEVALUE('identificatie',$,IFCIDENTIFIER('NL.IMGeo.G0772.5252dd72574b4659aca25ca191c72de1'),$);
#4554=IFCPROPERTYSINGLEVALUE('tijdstipRegistratie',$,IFCLABEL('1740476235000'),$);
#4555=IFCPROPERTYSINGLEVALUE('LV-publicatiedatum',$,IFCLABEL('1740476700000'),$);
#4556=IFCPROPERTYSINGLEVALUE('bronhouder',$,IFCLABEL('G0772'),$);
#4557=IFCPROPERTYSINGLEVALUE('inOnderzoek',$,IFCBOOLEAN(.T.),$);
#4558=IFCPROPERTYSINGLEVALUE('relatieveHoogteligging',$,IFCREAL(0.),$);
#4559=IFCPROPERTYSINGLEVALUE('bgt-status',$,IFCLABEL('bestaand'),$);
#4560=IFCPROPERTYSINGLEVALUE('plus-type',$,IFCLABEL('niet-bgt:drukknoppaal'),$);
#4561=IFCPROPERTYSET('20gLmLLmPDdOBlYSD0na2U',#5,'CPset_BGT',$,(#4552,#4553,#4554,#4555,#4556,#4557,#4558,#4559,#4560));
#4562=IFCPROPERTYSINGLEVALUE('objectBegintijd',$,IFCLABEL('1739487600000'),$);
#4563=IFCPROPERTYSINGLEVALUE('identificatie',$,IFCIDENTIFIER('NL.IMGeo.G0772.9f7f2316cb16476ea61c99b89adcd654'),$);
#4564=IFCPROPERTYSINGLEVALUE('tijdstipRegistratie',$,IFCLABEL('1740476235000'),$);
#4565=IFCPROPERTYSINGLEVALUE('LV-publicatiedatum',$,IFCLABEL('1740476700000'),$);
#4566=IFCPROPERTYSINGLEVALUE('bronhouder',$,IFCLABEL('G0772'),$);
#4567=IFCPROPERTYSINGLEVALUE('inOnderzoek',$,IFCBOOLEAN(.T.),$);
#4568=IFCPROPERTYSINGLEVALUE('relatieveHoogteligging',$,IFCREAL(0.),$);
#4569=IFCPROPERTYSINGLEVALUE('bgt-status',$,IFCLABEL('bestaand'),$);
#4570=IFCPROPERTYSINGLEVALUE('plus-type',$,IFCLABEL('niet-bgt:lichtmast'),$);
#4571=IFCPROPERTYSET('1NGf6NIkn9B9QnrLeksj66',#5,'CPset_BGT',$,(#4562,#4563,#4564,#4565,#4566,#4567,#4568,#4569,#4570));
#4572=IFCPROPERTYSINGLEVALUE('objectBegintijd',$,IFCLABEL('1739487600000'),$);
#4573=IFCPROPERTYSINGLEVALUE('identificatie',$,IFCIDENTIFIER('NL.IMGeo.G0772.e02f6d384cfb42c6ab808a85f2e55865'),$);
#4574=IFCPROPERTYSINGLEVALUE('tijdstipRegistratie',$,IFCLABEL('1740476235000'),$);
#4575=IFCPROPERTYSINGLEVALUE('LV-publicatiedatum',$,IFCLABEL('1740476700000'),$);
#4576=IFCPROPERTYSINGLEVALUE('bronhouder',$,IFCLABEL('G0772'),$);
#4577=IFCPROPERTYSINGLEVALUE('inOnderzoek',$,IFCBOOLEAN(.T.),$);
#4578=IFCPROPERTYSINGLEVALUE('relatieveHoogteligging',$,IFCREAL(0.),$);
#4579=IFCPROPERTYSINGLEVALUE('bgt-status',$,IFCLABEL('bestaand'),$);
#4580=IFCPROPERTYSINGLEVALUE('plus-type',$,IFCLABEL('niet-bgt:verkeersregelinstallatiepaal'),$);
#4581=IFCPROPERTYSET('2yev7JgRv40AfUYH_Zaj$N',#5,'CPset_BGT',$,(#4572,#4573,#4574,#4575,#4576,#4577,#4578,#4579,#4580));
#4582=IFCPROPERTYSINGLEVALUE('objectBegintijd',$,IFCLABEL('1739487600000'),$);
#4583=IFCPROPERTYSINGLEVALUE('identificatie',$,IFCIDENTIFIER('NL.IMGeo.G0772.eb4086529d6e4f3c8d37ba0551eb1d24'),$);
#4584=IFCPROPERTYSINGLEVALUE('tijdstipRegistratie',$,IFCLABEL('1740476235000'),$);
#4585=IFCPROPERTYSINGLEVALUE('LV-publicatiedatum',$,IFCLABEL('1740476700000'),$);
#4586=IFCPROPERTYSINGLEVALUE('bronhouder',$,IFCLABEL('G0772'),$);
#4587=IFCPROPERTYSINGLEVALUE('inOnderzoek',$,IFCBOOLEAN(.T.),$);
#4588=IFCPROPERTYSINGLEVALUE('relatieveHoogteligging',$,IFCREAL(0.),$);
#4589=IFCPROPERTYSINGLEVALUE('bgt-status',$,IFCLABEL('bestaand'),$);
#4590=IFCPROPERTYSINGLEVALUE('plus-type',$,IFCLABEL('niet-bgt:drukknoppaal'),$);
#4591=IFCPROPERTYSET('1qau$3ujDDC9NlkQ1$jHLv',#5,'CPset_BGT',$,(#4582,#4583,#4584,#4585,#4586,#4587,#4588,#4589,#4590));
#4592=IFCPROPERTYSINGLEVALUE('objectBegintijd',$,IFCLABEL('1752184800000'),$);
#4593=IFCPROPERTYSINGLEVALUE('identificatie',$,IFCIDENTIFIER('NL.IMGeo.G0772.c82e9793a2cf4c6cbf7f2b24e8367bf3'),$);
#4594=IFCPROPERTYSINGLEVALUE('tijdstipRegistratie',$,IFCLABEL('1752499607000'),$);
#4595=IFCPROPERTYSINGLEVALUE('LV-publicatiedatum',$,IFCLABEL('1752503577000'),$);
#4596=IFCPROPERTYSINGLEVALUE('bronhouder',$,IFCLABEL('G0772'),$);
#4597=IFCPROPERTYSINGLEVALUE('inOnderzoek',$,IFCBOOLEAN(.T.),$);
#4598=IFCPROPERTYSINGLEVALUE('relatieveHoogteligging',$,IFCREAL(0.),$);
#4599=IFCPROPERTYSINGLEVALUE('bgt-status',$,IFCLABEL('bestaand'),$);
#4600=IFCPROPERTYSINGLEVALUE('plus-type',$,IFCLABEL('niet-bgt:lichtmast'),$);
#4601=IFCPROPERTYSET('3Gqml4aHTFyhD7Jcwhxdm0',#5,'CPset_BGT',$,(#4592,#4593,#4594,#4595,#4596,#4597,#4598,#4599,#4600));
#4602=IFCPROPERTYSINGLEVALUE('objectBegintijd',$,IFCLABEL('1755640800000'),$);
#4603=IFCPROPERTYSINGLEVALUE('identificatie',$,IFCIDENTIFIER('NL.IMGeo.G0772.617365642936421abaf7af5b17caa36c'),$);
#4604=IFCPROPERTYSINGLEVALUE('tijdstipRegistratie',$,IFCLABEL('1758113024000'),$);
#4605=IFCPROPERTYSINGLEVALUE('LV-publicatiedatum',$,IFCLABEL('1758116926000'),$);
#4606=IFCPROPERTYSINGLEVALUE('bronhouder',$,IFCLABEL('G0772'),$);
#4607=IFCPROPERTYSINGLEVALUE('inOnderzoek',$,IFCBOOLEAN(.T.),$);
#4608=IFCPROPERTYSINGLEVALUE('relatieveHoogteligging',$,IFCREAL(0.),$);
#4609=IFCPROPERTYSINGLEVALUE('bgt-status',$,IFCLABEL('bestaand'),$);
#4610=IFCPROPERTYSINGLEVALUE('plus-type',$,IFCLABEL('niet-bgt:verkeersregelinstallatiepaal'),$);
#4611=IFCPROPERTYSET('2l9s7iKunDofJVfqgk12uJ',#5,'CPset_BGT',$,(#4602,#4603,#4604,#4605,#4606,#4607,#4608,#4609,#4610));
#4612=IFCPROPERTYSINGLEVALUE('objectBegintijd',$,IFCLABEL('1762383600000'),$);
#4613=IFCPROPERTYSINGLEVALUE('identificatie',$,IFCIDENTIFIER('NL.IMGeo.G0772.5186defdb587464aa029d4b09ec620c7'),$);
#4614=IFCPROPERTYSINGLEVALUE('tijdstipRegistratie',$,IFCLABEL('1762523443000'),$);
#4615=IFCPROPERTYSINGLEVALUE('LV-publicatiedatum',$,IFCLABEL('1762523792000'),$);
#4616=IFCPROPERTYSINGLEVALUE('bronhouder',$,IFCLABEL('G0772'),$);
#4617=IFCPROPERTYSINGLEVALUE('inOnderzoek',$,IFCBOOLEAN(.T.),$);
#4618=IFCPROPERTYSINGLEVALUE('relatieveHoogteligging',$,IFCREAL(0.),$);
#4619=IFCPROPERTYSINGLEVALUE('bgt-status',$,IFCLABEL('bestaand'),$);
#4620=IFCPROPERTYSINGLEVALUE('plus-type',$,IFCLABEL('niet-bgt:verkeersregelinstallatiepaal'),$);
#4621=IFCPROPERTYSET('2DEUoy2kT7We1_wpVE$MTQ',#5,'CPset_BGT',$,(#4612,#4613,#4614,#4615,#4616,#4617,#4618,#4619,#4620));
#4622=IFCPROPERTYSINGLEVALUE('objectBegintijd',$,IFCLABEL('1762383600000'),$);
#4623=IFCPROPERTYSINGLEVALUE('identificatie',$,IFCIDENTIFIER('NL.IMGeo.G0772.89f327065c7a46869254175c7cd26a79'),$);
#4624=IFCPROPERTYSINGLEVALUE('tijdstipRegistratie',$,IFCLABEL('1762523443000'),$);
#4625=IFCPROPERTYSINGLEVALUE('LV-publicatiedatum',$,IFCLABEL('1762523792000'),$);
#4626=IFCPROPERTYSINGLEVALUE('bronhouder',$,IFCLABEL('G0772'),$);
#4627=IFCPROPERTYSINGLEVALUE('inOnderzoek',$,IFCBOOLEAN(.T.),$);
#4628=IFCPROPERTYSINGLEVALUE('relatieveHoogteligging',$,IFCREAL(0.),$);
#4629=IFCPROPERTYSINGLEVALUE('bgt-status',$,IFCLABEL('bestaand'),$);
#4630=IFCPROPERTYSINGLEVALUE('plus-type',$,IFCLABEL('niet-bgt:verkeersregelinstallatiepaal'),$);
#4631=IFCPROPERTYSET('2KnOLgDNH7wxsxlErIvbWA',#5,'CPset_BGT',$,(#4622,#4623,#4624,#4625,#4626,#4627,#4628,#4629,#4630));
#4632=IFCPROPERTYSINGLEVALUE('objectBegintijd',$,IFCLABEL('1762383600000'),$);
#4633=IFCPROPERTYSINGLEVALUE('identificatie',$,IFCIDENTIFIER('NL.IMGeo.G0772.f0284a36812b40c9a97bff4b7d10ec9e'),$);
#4634=IFCPROPERTYSINGLEVALUE('tijdstipRegistratie',$,IFCLABEL('1762523443000'),$);
#4635=IFCPROPERTYSINGLEVALUE('LV-publicatiedatum',$,IFCLABEL('1762523792000'),$);
#4636=IFCPROPERTYSINGLEVALUE('bronhouder',$,IFCLABEL('G0772'),$);
#4637=IFCPROPERTYSINGLEVALUE('inOnderzoek',$,IFCBOOLEAN(.T.),$);
#4638=IFCPROPERTYSINGLEVALUE('relatieveHoogteligging',$,IFCREAL(0.),$);
#4639=IFCPROPERTYSINGLEVALUE('bgt-status',$,IFCLABEL('bestaand'),$);
#4640=IFCPROPERTYSINGLEVALUE('plus-type',$,IFCLABEL('niet-bgt:verkeersregelinstallatiepaal'),$);
#4641=IFCPROPERTYSET('1Z2qdWX5P7F8z_5wC6_W8K',#5,'CPset_BGT',$,(#4632,#4633,#4634,#4635,#4636,#4637,#4638,#4639,#4640));
#4642=IFCPROPERTYSINGLEVALUE('objectBegintijd',$,IFCLABEL('1765407600000'),$);
#4643=IFCPROPERTYSINGLEVALUE('identificatie',$,IFCIDENTIFIER('NL.IMGeo.G0772.0025ea0103cf45ddb93f50cc251a369c'),$);
#4644=IFCPROPERTYSINGLEVALUE('tijdstipRegistratie',$,IFCLABEL('1765973879000'),$);
#4645=IFCPROPERTYSINGLEVALUE('LV-publicatiedatum',$,IFCLABEL('1765974140000'),$);
#4646=IFCPROPERTYSINGLEVALUE('bronhouder',$,IFCLABEL('G0772'),$);
#4647=IFCPROPERTYSINGLEVALUE('inOnderzoek',$,IFCBOOLEAN(.T.),$);
#4648=IFCPROPERTYSINGLEVALUE('relatieveHoogteligging',$,IFCREAL(0.),$);
#4649=IFCPROPERTYSINGLEVALUE('bgt-status',$,IFCLABEL('bestaand'),$);
#4650=IFCPROPERTYSINGLEVALUE('plus-type',$,IFCLABEL('niet-bgt:afsluitpaal'),$);
#4651=IFCPROPERTYSET('2QjpODX2r5UB1gwN4wWtI8',#5,'CPset_BGT',$,(#4642,#4643,#4644,#4645,#4646,#4647,#4648,#4649,#4650));
#4652=IFCPROPERTYSINGLEVALUE('objectBegintijd',$,IFCLABEL('1765407600000'),$);
#4653=IFCPROPERTYSINGLEVALUE('identificatie',$,IFCIDENTIFIER('NL.IMGeo.G0772.420cb4a7a9234f23b5f1c4a906c1740a'),$);
#4654=IFCPROPERTYSINGLEVALUE('tijdstipRegistratie',$,IFCLABEL('1765973879000'),$);
#4655=IFCPROPERTYSINGLEVALUE('LV-publicatiedatum',$,IFCLABEL('1765974140000'),$);
#4656=IFCPROPERTYSINGLEVALUE('bronhouder',$,IFCLABEL('G0772'),$);
#4657=IFCPROPERTYSINGLEVALUE('inOnderzoek',$,IFCBOOLEAN(.T.),$);
#4658=IFCPROPERTYSINGLEVALUE('relatieveHoogteligging',$,IFCREAL(0.),$);
#4659=IFCPROPERTYSINGLEVALUE('bgt-status',$,IFCLABEL('bestaand'),$);
#4660=IFCPROPERTYSINGLEVALUE('plus-type',$,IFCLABEL('niet-bgt:afsluitpaal'),$);
#4661=IFCPROPERTYSET('0S9nLcqhT7Cek0WJZVNADR',#5,'CPset_BGT',$,(#4652,#4653,#4654,#4655,#4656,#4657,#4658,#4659,#4660));
#4662=IFCPROPERTYSINGLEVALUE('objectBegintijd',$,IFCLABEL('1765407600000'),$);
#4663=IFCPROPERTYSINGLEVALUE('identificatie',$,IFCIDENTIFIER('NL.IMGeo.G0772.79d2b41627fe45bfbdbf7052137529f9'),$);
#4664=IFCPROPERTYSINGLEVALUE('tijdstipRegistratie',$,IFCLABEL('1765973879000'),$);
#4665=IFCPROPERTYSINGLEVALUE('LV-publicatiedatum',$,IFCLABEL('1765974140000'),$);
#4666=IFCPROPERTYSINGLEVALUE('bronhouder',$,IFCLABEL('G0772'),$);
#4667=IFCPROPERTYSINGLEVALUE('inOnderzoek',$,IFCBOOLEAN(.T.),$);
#4668=IFCPROPERTYSINGLEVALUE('relatieveHoogteligging',$,IFCREAL(0.),$);
#4669=IFCPROPERTYSINGLEVALUE('bgt-status',$,IFCLABEL('bestaand'),$);
#4670=IFCPROPERTYSINGLEVALUE('plus-type',$,IFCLABEL('niet-bgt:afsluitpaal'),$);
#4671=IFCPROPERTYSET('3EDeCTr2nAaP0Oo14_nI5H',#5,'CPset_BGT',$,(#4662,#4663,#4664,#4665,#4666,#4667,#4668,#4669,#4670));
#4672=IFCPROPERTYSINGLEVALUE('objectBegintijd',$,IFCLABEL('1765407600000'),$);
#4673=IFCPROPERTYSINGLEVALUE('identificatie',$,IFCIDENTIFIER('NL.IMGeo.G0772.84882d7816d1413ba38338b82a120ec7'),$);
#4674=IFCPROPERTYSINGLEVALUE('tijdstipRegistratie',$,IFCLABEL('1765973879000'),$);
#4675=IFCPROPERTYSINGLEVALUE('LV-publicatiedatum',$,IFCLABEL('1765974140000'),$);
#4676=IFCPROPERTYSINGLEVALUE('bronhouder',$,IFCLABEL('G0772'),$);
#4677=IFCPROPERTYSINGLEVALUE('inOnderzoek',$,IFCBOOLEAN(.T.),$);
#4678=IFCPROPERTYSINGLEVALUE('relatieveHoogteligging',$,IFCREAL(0.),$);
#4679=IFCPROPERTYSINGLEVALUE('bgt-status',$,IFCLABEL('bestaand'),$);
#4680=IFCPROPERTYSINGLEVALUE('plus-type',$,IFCLABEL('niet-bgt:afsluitpaal'),$);
#4681=IFCPROPERTYSET('1i6tbaOrfBnhirdWJOJmgG',#5,'CPset_BGT',$,(#4672,#4673,#4674,#4675,#4676,#4677,#4678,#4679,#4680));
#4682=IFCCARTESIANPOINT((-9.21551372445538,-299.278304758889,0.));
#4683=IFCAXIS2PLACEMENT3D(#4682,$,$);
#4684=IFCLOCALPLACEMENT(#27,#4683);
#4685=IFCPRODUCTDEFINITIONSHAPE($,$,(#370));
#4686=IFCBUILDINGELEMENTPROXY('3E0Hgw50j8PwXhkLDlEAbF',#5,'NL.IMGeo.G0772.087f6122fa8b4204a35f59d62823c59d',$,$,#4684,#4685,$,$);
#4687=IFCRELDEFINESBYPROPERTIES('3pz$gOhDLCpP$En61Gbe0j',#5,$,$,(#4686),#771);
#4688=IFCCARTESIANPOINT((89.6868436077784,-248.088862652774,0.));
#4689=IFCAXIS2PLACEMENT3D(#4688,$,$);
#4690=IFCLOCALPLACEMENT(#27,#4689);
#4691=IFCPRODUCTDEFINITIONSHAPE($,$,(#371));
#4692=IFCBUILDINGELEMENTPROXY('1nnZYPiRnFxvuAQdUs$qsr',#5,'NL.IMGeo.G0772.0aed32bcd50f4a17b95e8516d6d6dadb',$,$,#4690,#4691,$,$);
#4693=IFCRELDEFINESBYPROPERTIES('3osXrIoSr0WO3acehBjGTC',#5,$,$,(#4692),#781);
#4694=IFCCARTESIANPOINT((-12.7894257878361,-290.138112060551,0.));
#4695=IFCAXIS2PLACEMENT3D(#4694,$,$);
#4696=IFCLOCALPLACEMENT(#27,#4695);
#4697=IFCPRODUCTDEFINITIONSHAPE($,$,(#372));
#4698=IFCBUILDINGELEMENTPROXY('0YJPg6cZjEnwnxNKkHP4Oa',#5,'NL.IMGeo.G0772.2198522396f64dd29aa9ac9e809f4a52',$,$,#4696,#4697,$,$);
#4699=IFCRELDEFINESBYPROPERTIES('3hYeEb5MX2hOWrv5B_1P0p',#5,$,$,(#4698),#791);
#4700=IFCCARTESIANPOINT((51.0996301777777,-266.172698631592,0.));
#4701=IFCAXIS2PLACEMENT3D(#4700,$,$);
#4702=IFCLOCALPLACEMENT(#27,#4701);
#4703=IFCPRODUCTDEFINITIONSHAPE($,$,(#373));
#4704=IFCBUILDINGELEMENTPROXY('2p8Ff4fWnAquJ93Rfoy5fN',#5,'NL.IMGeo.G0772.33224a4a72934c5f9ee209072b40c0f5',$,$,#4702,#4703,$,$);
#4705=IFCRELDEFINESBYPROPERTIES('1QUdc8x7D0cQE2wizfIdTS',#5,$,$,(#4704),#801);
#4706=IFCCARTESIANPOINT((74.490536399273,-271.135112070478,0.));
#4707=IFCAXIS2PLACEMENT3D(#4706,$,$);
#4708=IFCLOCALPLACEMENT(#27,#4707);
#4709=IFCPRODUCTDEFINITIONSHAPE($,$,(#374));
#4710=IFCBUILDINGELEMENTPROXY('3gmprN$Q55NvCqOwlSyaBC',#5,'NL.IMGeo.G0772.3fbb3ba0df2044b8825e3369d956de38',$,$,#4708,#4709,$,$);
#4711=IFCRELDEFINESBYPROPERTIES('0IFJmFKpv3DeVGorDxbrah',#5,$,$,(#4710),#811);
#4712=IFCCARTESIANPOINT((12.7176577291975,-290.91400538676,0.));
#4713=IFCAXIS2PLACEMENT3D(#4712,$,$);
#4714=IFCLOCALPLACEMENT(#27,#4713);
#4715=IFCPRODUCTDEFINITIONSHAPE($,$,(#375));
#4716=IFCBUILDINGELEMENTPROXY('2Ykx3y$a90Kh0QmfSL9vIH',#5,'NL.IMGeo.G0772.43c570513dca4b7e8f8c178fee501396',$,$,#4714,#4715,$,$);
#4717=IFCRELDEFINESBYPROPERTIES('2X8mtW8uH5RvQ23XM8gVCS',#5,$,$,(#4716),#821);
#4718=IFCCARTESIANPOINT((23.6971641105774,-260.942709775467,0.));
#4719=IFCAXIS2PLACEMENT3D(#4718,$,$);
#4720=IFCLOCALPLACEMENT(#27,#4719);
#4721=IFCPRODUCTDEFINITIONSHAPE($,$,(#376));
#4722=IFCBUILDINGELEMENTPROXY('1LC5f8Y9XATAYehc_bAkOi',#5,'NL.IMGeo.G0772.4f32fbdaebe14093bb71cb15b5fcb6c3',$,$,#4720,#4721,$,$);
#4723=IFCRELDEFINESBYPROPERTIES('0OFARGQ7n649aHnm1NKmRT',#5,$,$,(#4722),#831);
#4724=IFCCARTESIANPOINT((68.0584018643131,-257.149685393961,0.));
#4725=IFCAXIS2PLACEMENT3D(#4724,$,$);
#4726=IFCLOCALPLACEMENT(#27,#4725);
#4727=IFCPRODUCTDEFINITIONSHAPE($,$,(#377));
#4728=IFCBUILDINGELEMENTPROXY('1gbvSkkO1FLAMKQdBp9GbA',#5,'NL.IMGeo.G0772.4fcaf430931a4dc895ae917c2b1ae735',$,$,#4726,#4727,$,$);
#4729=IFCRELDEFINESBYPROPERTIES('3yJMhRYTPFtPe8wICqWaje',#5,$,$,(#4728),#841);
#4730=IFCCARTESIANPOINT((42.9998443508812,-198.71401498327,0.));
#4731=IFCAXIS2PLACEMENT3D(#4730,$,$);
#4732=IFCLOCALPLACEMENT(#27,#4731);
#4733=IFCPRODUCTDEFINITIONSHAPE($,$,(#378));
#4734=IFCBUILDINGELEMENTPROXY('32FYQItSTBRxZQwVa49HHe',#5,'NL.IMGeo.G0772.6de0b62038a24b6e8bea987dcf2fdd0a',$,$,#4732,#4733,$,$);
#4735=IFCRELDEFINESBYPROPERTIES('154HhWuNHFcwsCzlQOTaML',#5,$,$,(#4734),#851);
#4736=IFCCARTESIANPOINT((124.127233792795,-239.727970002801,0.));
#4737=IFCAXIS2PLACEMENT3D(#4736,$,$);
#4738=IFCLOCALPLACEMENT(#27,#4737);
#4739=IFCPRODUCTDEFINITIONSHAPE($,$,(#379));
#4740=IFCBUILDINGELEMENTPROXY('327WLpH7PFIORv2DsE_aD_',#5,'NL.IMGeo.G0772.71be9b035d2d4f90a59a322da9c59155',$,$,#4738,#4739,$,$);
#4741=IFCRELDEFINESBYPROPERTIES('1xAsxhnvjFQP2NDAAAp6j3',#5,$,$,(#4740),#861);
#4742=IFCCARTESIANPOINT((115.368975837628,-248.95911671326,0.));
#4743=IFCAXIS2PLACEMENT3D(#4742,$,$);
#4744=IFCLOCALPLACEMENT(#27,#4743);
#4745=IFCPRODUCTDEFINITIONSHAPE($,$,(#380));
#4746=IFCBUILDINGELEMENTPROXY('1qNLIemKXEhBcngOXgbBVl',#5,'NL.IMGeo.G0772.82b8c18dd53b45cb8dd1035e415e1d99',$,$,#4744,#4745,$,$);
#4747=IFCRELDEFINESBYPROPERTIES('2Gd8_iDTbCXxyj1Yv0Cu9$',#5,$,$,(#4746),#871);
#4748=IFCCARTESIANPOINT((-8.93831961750402,-274.208655909577,0.));
#4749=IFCAXIS2PLACEMENT3D(#4748,$,$);
#4750=IFCLOCALPLACEMENT(#27,#4749);
#4751=IFCPRODUCTDEFINITIONSHAPE($,$,(#381));
#4752=IFCBUILDINGELEMENTPROXY('2AV6sg_Y1EOwH7q1_8kDoX',#5,'NL.IMGeo.G0772.afa337b4730a43e4957f9dee28cc1e99',$,$,#4750,#4751,$,$);
#4753=IFCRELDEFINESBYPROPERTIES('1DTbepAcn8FxeK3Sb$ycBB',#5,$,$,(#4752),#881);
#4754=IFCCARTESIANPOINT((34.110907782102,-281.988185862836,0.));
#4755=IFCAXIS2PLACEMENT3D(#4754,$,$);
#4756=IFCLOCALPLACEMENT(#27,#4755);
#4757=IFCPRODUCTDEFINITIONSHAPE($,$,(#382));
#4758=IFCBUILDINGELEMENTPROXY('0RWpS45P5EU88jlLJgJaVq',#5,'NL.IMGeo.G0772.e1fef43d3c8e4ec99af131cfabb52b38',$,$,#4756,#4757,$,$);
#4759=IFCRELDEFINESBYPROPERTIES('2yudsapqH9gO_Di_UxFq8x',#5,$,$,(#4758),#891);
#4760=IFCCARTESIANPOINT((10.5294176619791,-237.183516366,0.));
#4761=IFCAXIS2PLACEMENT3D(#4760,$,$);
#4762=IFCLOCALPLACEMENT(#27,#4761);
#4763=IFCPRODUCTDEFINITIONSHAPE($,$,(#383));
#4764=IFCBUILDINGELEMENTPROXY('0PVMvy1d59KeWTZVJRg6L0',#5,'NL.IMGeo.G0772.f610af1e4f4d493996029f9e42494d35',$,$,#4762,#4763,$,$);
#4765=IFCRELDEFINESBYPROPERTIES('0t_g4Afe5D8eh2aQOUy61r',#5,$,$,(#4764),#901);
#4766=IFCCARTESIANPOINT((54.1267485953867,-273.808139619825,0.));
#4767=IFCAXIS2PLACEMENT3D(#4766,$,$);
#4768=IFCLOCALPLACEMENT(#27,#4767);
#4769=IFCPRODUCTDEFINITIONSHAPE($,$,(#384));
#4770=IFCBUILDINGELEMENTPROXY('0UhIeb4H9CowtrJbXdS3T5',#5,'NL.IMGeo.G0772.ff73fb21cf814a8cb29273de55065721',$,$,#4768,#4769,$,$);
#4771=IFCRELDEFINESBYPROPERTIES('2Jr8Rogx525BUQoONl1UU5',#5,$,$,(#4770),#911);
#4772=IFCCARTESIANPOINT((39.6693247781077,-225.605785013817,0.));
#4773=IFCAXIS2PLACEMENT3D(#4772,$,$);
#4774=IFCLOCALPLACEMENT(#27,#4773);
#4775=IFCPRODUCTDEFINITIONSHAPE($,$,(#385));
#4776=IFCBUILDINGELEMENTPROXY('18z1WOyI1BEvsMSbMK9aIw',#5,'NL.IMGeo.G0772.10e0e3feb1db4c1d99c2d702d79935f6',$,$,#4774,#4775,$,$);
#4777=IFCRELDEFINESBYPROPERTIES('07QAZliAr248f$NvrtG3dY',#5,$,$,(#4776),#921);
#4778=IFCCARTESIANPOINT((30.1959499959194,-272.558991754544,0.));
#4779=IFCAXIS2PLACEMENT3D(#4778,$,$);
#4780=IFCLOCALPLACEMENT(#27,#4779);
#4781=IFCPRODUCTDEFINITIONSHAPE($,$,(#386));
#4782=IFCBUILDINGELEMENTPROXY('3ruzPj$hT2IxVm5DquNoq4',#5,'NL.IMGeo.G0772.15ad6482bd794cc6ac38c1a5319797f5',$,$,#4780,#4781,$,$);
#4783=IFCRELDEFINESBYPROPERTIES('1w4yG6XWD1Jwho36aSLGRi',#5,$,$,(#4782),#931);
#4784=IFCCARTESIANPOINT((93.7080696996127,-257.56063665339,0.));
#4785=IFCAXIS2PLACEMENT3D(#4784,$,$);
#4786=IFCLOCALPLACEMENT(#27,#4785);
#4787=IFCPRODUCTDEFINITIONSHAPE($,$,(#387));
#4788=IFCBUILDINGELEMENTPROXY('3UjMRcUXT7ZAMVy_SA737T',#5,'NL.IMGeo.G0772.367b710f700f40e1a74fdb61fb9d2ce0',$,$,#4786,#4787,$,$);
#4789=IFCRELDEFINESBYPROPERTIES('0GbYXZjJHA6uTSGPo5In7g',#5,$,$,(#4788),#941);
#4790=IFCCARTESIANPOINT((8.17399758764077,-281.558746036142,0.));
#4791=IFCAXIS2PLACEMENT3D(#4790,$,$);
#4792=IFCLOCALPLACEMENT(#27,#4791);
#4793=IFCPRODUCTDEFINITIONSHAPE($,$,(#388));
#4794=IFCBUILDINGELEMENTPROXY('0HOwmieFX9jgYF_gbOAEL0',#5,'NL.IMGeo.G0772.477514f67e404a39aada07c83c8ccec4',$,$,#4792,#4793,$,$);
#4795=IFCRELDEFINESBYPROPERTIES('1p3OGx9j94Bhfqa$gnu0ks',#5,$,$,(#4794),#951);
#4796=IFCCARTESIANPOINT((111.596245208319,-239.826935122954,0.));
#4797=IFCAXIS2PLACEMENT3D(#4796,$,$);
#4798=IFCLOCALPLACEMENT(#27,#4797);
#4799=IFCPRODUCTDEFINITIONSHAPE($,$,(#389));
#4800=IFCBUILDINGELEMENTPROXY('0nqhR6xoXFUAr3oQG4UeRv',#5,'NL.IMGeo.G0772.547de97aa0184704a615a4b3ddaec4f3',$,$,#4798,#4799,$,$);
#4801=IFCRELDEFINESBYPROPERTIES('1JBe7rhK19FuxEJW84MAd0',#5,$,$,(#4800),#961);
#4802=IFCCARTESIANPOINT((36.6055379421159,-210.816232240875,0.));
#4803=IFCAXIS2PLACEMENT3D(#4802,$,$);
#4804=IFCLOCALPLACEMENT(#27,#4803);
#4805=IFCPRODUCTDEFINITIONSHAPE($,$,(#390));
#4806=IFCBUILDINGELEMENTPROXY('2yQvUZAQL5meO4XGT8Z1ob',#5,'NL.IMGeo.G0772.855e59975013451994cff3ce13c932cc',$,$,#4804,#4805,$,$);
#4807=IFCRELDEFINESBYPROPERTIES('01wwbvLe57RBF3ht0VDZ3s',#5,$,$,(#4806),#971);
#4808=IFCCARTESIANPOINT((133.098597123928,-230.731785201409,0.));
#4809=IFCAXIS2PLACEMENT3D(#4808,$,$);
#4810=IFCLOCALPLACEMENT(#27,#4809);
#4811=IFCPRODUCTDEFINITIONSHAPE($,$,(#391));
#4812=IFCBUILDINGELEMENTPROXY('17xrjfourF$R85eesuf8LD',#5,'NL.IMGeo.G0772.fe20ec96f6004a6d9d5cda9a03221761',$,$,#4810,#4811,$,$);
#4813=IFCRELDEFINESBYPROPERTIES('1T2A9i9an9Lh0DzWhNtuOb',#5,$,$,(#4812),#981);
#4814=IFCCARTESIANPOINT((126.692079316563,-201.517638789373,0.));
#4815=IFCAXIS2PLACEMENT3D(#4814,$,$);
#4816=IFCLOCALPLACEMENT(#27,#4815);
#4817=IFCPRODUCTDEFINITIONSHAPE($,$,(#392));
#4818=IFCBUILDINGELEMENTPROXY('1GkS4BMor1pAPkqlNV0pKR',#5,'NL.IMGeo.G0772.39c8f5b1d1164f1eb4deea59d39d32ee',$,$,#4816,#4817,$,$);
#4819=IFCRELDEFINESBYPROPERTIES('2JfAp7XtP1kQ5o5xrWGjN8',#5,$,$,(#4818),#991);
#4820=IFCCARTESIANPOINT((107.334053954197,-197.193662486214,0.));
#4821=IFCAXIS2PLACEMENT3D(#4820,$,$);
#4822=IFCLOCALPLACEMENT(#27,#4821);
#4823=IFCPRODUCTDEFINITIONSHAPE($,$,(#393));
#4824=IFCBUILDINGELEMENTPROXY('2ltkpt$YH94vVoElMp6$bz',#5,'NL.IMGeo.G0772.5b7800f41fbf4c7cb5623d5e6a6ae06d',$,$,#4822,#4823,$,$);
#4825=IFCRELDEFINESBYPROPERTIES('24I4z2oAD1ORBC5Ib4gLgl',#5,$,$,(#4824),#1001);
#4826=IFCCARTESIANPOINT((98.6545160345268,-213.119014837139,0.));
#4827=IFCAXIS2PLACEMENT3D(#4826,$,$);
#4828=IFCLOCALPLACEMENT(#27,#4827);
#4829=IFCPRODUCTDEFINITIONSHAPE($,$,(#394));
#4830=IFCBUILDINGELEMENTPROXY('2naQzfMq19iQfCCoFAl0BQ',#5,'NL.IMGeo.G0772.7a124355504b4f0590f4bf6336e1c755',$,$,#4828,#4829,$,$);
#4831=IFCRELDEFINESBYPROPERTIES('0SxvKJgq18xRet$Cp0JYsx',#5,$,$,(#4830),#1011);
#4832=IFCCARTESIANPOINT((67.8894684064726,-225.23211458273,0.));
#4833=IFCAXIS2PLACEMENT3D(#4832,$,$);
#4834=IFCLOCALPLACEMENT(#27,#4833);
#4835=IFCPRODUCTDEFINITIONSHAPE($,$,(#395));
#4836=IFCBUILDINGELEMENTPROXY('0GK0TB$tPF9wPpYjwS8XSE',#5,'NL.IMGeo.G0772.7ccc060ac9dd4be2a0ffdba4deb95b6d',$,$,#4834,#4835,$,$);
#4837=IFCRELDEFINESBYPROPERTIES('2YG9CBISTEJxgIUNiQnVic',#5,$,$,(#4836),#1021);
#4838=IFCCARTESIANPOINT((80.41316722802,-245.111491932883,0.));
#4839=IFCAXIS2PLACEMENT3D(#4838,$,$);
#4840=IFCLOCALPLACEMENT(#27,#4839);
#4841=IFCPRODUCTDEFINITIONSHAPE($,$,(#396));
#4842=IFCBUILDINGELEMENTPROXY('1CQhSWEY9FZ9AoG6gNmf9C',#5,'NL.IMGeo.G0772.477ffc0c67bf4d469ba3a7b3c5933e08',$,$,#4840,#4841,$,$);
#4843=IFCRELDEFINESBYPROPERTIES('3hi102SXnBU9n1FCd$1Ld7',#5,$,$,(#4842),#1031);
#4844=IFCCARTESIANPOINT((118.190095572616,-231.22723499022,0.));
#4845=IFCAXIS2PLACEMENT3D(#4844,$,$);
#4846=IFCLOCALPLACEMENT(#27,#4845);
#4847=IFCPRODUCTDEFINITIONSHAPE($,$,(#397));
#4848=IFCBUILDINGELEMENTPROXY('1qLY0Fd25FDwbyK99MLqv6',#5,'NL.IMGeo.G0772.61a8805242e148a8894d0b8f79e2f025',$,$,#4846,#4847,$,$);
#4849=IFCRELDEFINESBYPROPERTIES('3IvpgPcjr47e817DugzmqH',#5,$,$,(#4848),#1041);
#4850=IFCCARTESIANPOINT((67.6450232765346,-257.429254961724,0.));
#4851=IFCAXIS2PLACEMENT3D(#4850,$,$);
#4852=IFCLOCALPLACEMENT(#27,#4851);
#4853=IFCPRODUCTDEFINITIONSHAPE($,$,(#398));
#4854=IFCBUILDINGELEMENTPROXY('2SeAgDVV5BRvDwkLr4$MIm',#5,'NL.IMGeo.G0772.620479f072694bd4901948b618a3a6b7',$,$,#4852,#4853,$,$);
#4855=IFCRELDEFINESBYPROPERTIES('3aEIjJWPP48xuC5O8YCdEj',#5,$,$,(#4854),#1051);
#4856=IFCCARTESIANPOINT((-7.6535309504834,-288.068641302118,0.));
#4857=IFCAXIS2PLACEMENT3D(#4856,$,$);
#4858=IFCLOCALPLACEMENT(#27,#4857);
#4859=IFCPRODUCTDEFINITIONSHAPE($,$,(#399));
#4860=IFCBUILDINGELEMENTPROXY('3AWMy$ZQf8BBi3TvuEntzS',#5,'NL.IMGeo.G0772.743fe8b5495f4d9aa4ef0d3a3138202a',$,$,#4858,#4859,$,$);
#4861=IFCRELDEFINESBYPROPERTIES('06_BWj$bT7JRLFhQo9GWHl',#5,$,$,(#4860),#1061);
#4862=IFCCARTESIANPOINT((59.7778459426772,-268.511377989256,0.));
#4863=IFCAXIS2PLACEMENT3D(#4862,$,$);
#4864=IFCLOCALPLACEMENT(#27,#4863);
#4865=IFCPRODUCTDEFINITIONSHAPE($,$,(#400));
#4866=IFCBUILDINGELEMENTPROXY('107GLFiMzCUfUhH9N8ckCY',#5,'NL.IMGeo.G0772.77050946b2c74a988a6add185c113a0e',$,$,#4864,#4865,$,$);
#4867=IFCRELDEFINESBYPROPERTIES('0RJI9ZTtv5jAsgZgbf6Tg2',#5,$,$,(#4866),#1071);
#4868=IFCCARTESIANPOINT((-37.6045600101061,-293.116801290715,0.));
#4869=IFCAXIS2PLACEMENT3D(#4868,$,$);
#4870=IFCLOCALPLACEMENT(#27,#4869);
#4871=IFCPRODUCTDEFINITIONSHAPE($,$,(#401));
#4872=IFCBUILDINGELEMENTPROXY('1r6znhMQPA0h0r4LNqrJjk',#5,'NL.IMGeo.G0772.fa5e2db9c9bd4c05afbe424e3e8eaaa1',$,$,#4870,#4871,$,$);
#4873=IFCRELDEFINESBYPROPERTIES('1b$Fxg12rFxf9uB75p1lMu',#5,$,$,(#4872),#1081);
#4874=IFCCARTESIANPOINT((51.8201730485889,-245.787915508554,0.));
#4875=IFCAXIS2PLACEMENT3D(#4874,$,$);
#4876=IFCLOCALPLACEMENT(#27,#4875);
#4877=IFCPRODUCTDEFINITIONSHAPE($,$,(#402));
#4878=IFCBUILDINGELEMENTPROXY('25gq$EVHj5wfSqXSuSlxzw',#5,'NL.IMGeo.G0772.5d28ff4b5e7046619ffaeca74d8f31ef',$,$,#4876,#4877,$,$);
#4879=IFCRELDEFINESBYPROPERTIES('1u6Upz3Gz7tOMIDBTpHdh9',#5,$,$,(#4878),#1091);
#4880=IFCCARTESIANPOINT((268.828718879522,35.7147331474698,0.));
#4881=IFCAXIS2PLACEMENT3D(#4880,$,$);
#4882=IFCLOCALPLACEMENT(#27,#4881);
#4883=IFCPRODUCTDEFINITIONSHAPE($,$,(#403));
#4884=IFCBUILDINGELEMENTPROXY('2TVAUOIiPByOBGKuk_b2KR',#5,'NL.IMGeo.G0772.08e4c21fa0e24c2786d58cb36ab3e3a4',$,$,#4882,#4883,$,$);
#4885=IFCRELDEFINESBYPROPERTIES('27M9EveFL3cwuCA$f6w5jX',#5,$,$,(#4884),#1101);
#4886=IFCCARTESIANPOINT((286.719981771777,85.9091342308093,0.));
#4887=IFCAXIS2PLACEMENT3D(#4886,$,$);
#4888=IFCLOCALPLACEMENT(#27,#4887);
#4889=IFCPRODUCTDEFINITIONSHAPE($,$,(#404));
#4890=IFCBUILDINGELEMENTPROXY('2mV4jWiovDOQZk0AXFSkJG',#5,'NL.IMGeo.G0772.102a4de7e5ac4078b48c8c3126310aae',$,$,#4888,#4889,$,$);
#4891=IFCRELDEFINESBYPROPERTIES('3xaXhgYzb1mw1S4RPgH6Pr',#5,$,$,(#4890),#1111);
#4892=IFCCARTESIANPOINT((266.760882992152,24.9760395703488,0.));
#4893=IFCAXIS2PLACEMENT3D(#4892,$,$);
#4894=IFCLOCALPLACEMENT(#27,#4893);
#4895=IFCPRODUCTDEFINITIONSHAPE($,$,(#405));
#4896=IFCBUILDINGELEMENTPROXY('06zWCxvUX5LRkXVFm0Qebb',#5,'NL.IMGeo.G0772.202b5cf27df74720a788f9a01855b9be',$,$,#4894,#4895,$,$);
#4897=IFCRELDEFINESBYPROPERTIES('0CxEQI5wf7SBG6Nk$uj1qm',#5,$,$,(#4896),#1121);
#4898=IFCCARTESIANPOINT((256.542084890156,37.4234792409115,0.));
#4899=IFCAXIS2PLACEMENT3D(#4898,$,$);
#4900=IFCLOCALPLACEMENT(#27,#4899);
#4901=IFCPRODUCTDEFINITIONSHAPE($,$,(#406));
#4902=IFCBUILDINGELEMENTPROXY('36ZzASDML7yOO8tpZmxwql',#5,'NL.IMGeo.G0772.20852c4f379e492db75c1fc85ffed3d6',$,$,#4900,#4901,$,$);
#4903=IFCRELDEFINESBYPROPERTIES('33HsNHgpP2yA1H3l80Zcav',#5,$,$,(#4902),#1131);
#4904=IFCCARTESIANPOINT((259.951554991101,49.099896997679,0.));
#4905=IFCAXIS2PLACEMENT3D(#4904,$,$);
#4906=IFCLOCALPLACEMENT(#27,#4905);
#4907=IFCPRODUCTDEFINITIONSHAPE($,$,(#407));
#4908=IFCBUILDINGELEMENTPROXY('02R046Fn52NxWSMK28BWEG',#5,'NL.IMGeo.G0772.25d54ae06f0048a38fcaf460128df6a0',$,$,#4906,#4907,$,$);
#4909=IFCRELDEFINESBYPROPERTIES('1igxSuKkHDNxSqeS51nP$G',#5,$,$,(#4908),#1141);
#4910=IFCCARTESIANPOINT((261.026965987141,-56.1823771760683,0.));
#4911=IFCAXIS2PLACEMENT3D(#4910,$,$);
#4912=IFCLOCALPLACEMENT(#27,#4911);
#4913=IFCPRODUCTDEFINITIONSHAPE($,$,(#408));
#4914=IFCBUILDINGELEMENTPROXY('0Ii0XcL_D7rOO2mf2RLj9J',#5,'NL.IMGeo.G0772.271e9f0b8a3540ceb9da414cde116099',$,$,#4912,#4913,$,$);
#4915=IFCRELDEFINESBYPROPERTIES('2cUUkzjrv4H9yllM5MPvxe',#5,$,$,(#4914),#1151);
#4916=IFCCARTESIANPOINT((275.778858858917,59.6899605137878,0.));
#4917=IFCAXIS2PLACEMENT3D(#4916,$,$);
#4918=IFCLOCALPLACEMENT(#27,#4917);
#4919=IFCPRODUCTDEFINITIONSHAPE($,$,(#409));
#4920=IFCBUILDINGELEMENTPROXY('1$mUG8UO11hx5uVTIBB6us',#5,'NL.IMGeo.G0772.2cdaefc104d8457c817905b649715674',$,$,#4918,#4919,$,$);
#4921=IFCRELDEFINESBYPROPERTIES('3LeKqTrtv8dw6G7tl33yxF',#5,$,$,(#4920),#1161);
#4922=IFCCARTESIANPOINT((267.91175632627,-9.82089298946084,0.));
#4923=IFCAXIS2PLACEMENT3D(#4922,$,$);
#4924=IFCLOCALPLACEMENT(#27,#4923);
#4925=IFCPRODUCTDEFINITIONSHAPE($,$,(#410));
#4926=IFCBUILDINGELEMENTPROXY('0G9HThbUD19QXJtPKOiXMK',#5,'NL.IMGeo.G0772.30741dcb51554202b8b327bd4c84bf66',$,$,#4924,#4925,$,$);
#4927=IFCRELDEFINESBYPROPERTIES('3656O1VoL8ZO3yJwJnrkI9',#5,$,$,(#4926),#1171);
#4928=IFCCARTESIANPOINT((297.709803654143,70.5518795610406,0.));
#4929=IFCAXIS2PLACEMENT3D(#4928,$,$);
#4930=IFCLOCALPLACEMENT(#27,#4929);
#4931=IFCPRODUCTDEFINITIONSHAPE($,$,(#411));
#4932=IFCBUILDINGELEMENTPROXY('2jxveNNDb3BgibK7qz$zIp',#5,'NL.IMGeo.G0772.34ae6266df2a40aa996c893b9cc81f50',$,$,#4930,#4931,$,$);
#4933=IFCRELDEFINESBYPROPERTIES('0MO7SR4GH17u63RYOrHaHf',#5,$,$,(#4932),#1181);
#4934=IFCCARTESIANPOINT((279.40660686433,48.7885152238305,0.));
#4935=IFCAXIS2PLACEMENT3D(#4934,$,$);
#4936=IFCLOCALPLACEMENT(#27,#4935);
#4937=IFCPRODUCTDEFINITIONSHAPE($,$,(#412));
#4938=IFCBUILDINGELEMENTPROXY('3HLG8bPrHAzeaZmucB3sSR',#5,'NL.IMGeo.G0772.37f020d865534d399781719a59785069',$,$,#4936,#4937,$,$);
#4939=IFCRELDEFINESBYPROPERTIES('1wbUqmR1j1hw4Tp2VhXpb7',#5,$,$,(#4938),#1191);
#4940=IFCCARTESIANPOINT((266.904014652682,26.4170098433387,0.));
#4941=IFCAXIS2PLACEMENT3D(#4940,$,$);
#4942=IFCLOCALPLACEMENT(#27,#4941);
#4943=IFCPRODUCTDEFINITIONSHAPE($,$,(#413));
#4944=IFCBUILDINGELEMENTPROXY('1nlYbRU1vCCQWzjLNraOYB',#5,'NL.IMGeo.G0772.3d48bf7e69884b4ebe1702cfc39e7456',$,$,#4942,#4943,$,$);
#4945=IFCRELDEFINESBYPROPERTIES('3VGQHgqX9C3Og_K6v9oKGI',#5,$,$,(#4944),#1201);
#4946=IFCCARTESIANPOINT((267.604953693604,77.749023289769,0.));
#4947=IFCAXIS2PLACEMENT3D(#4946,$,$);
#4948=IFCLOCALPLACEMENT(#27,#4947);
#4949=IFCPRODUCTDEFINITIONSHAPE($,$,(#414));
#4950=IFCBUILDINGELEMENTPROXY('3MyCfakh5AWwvvWRlduT92',#5,'NL.IMGeo.G0772.3e085c8f8dd649ecb1b0453b0902caac',$,$,#4948,#4949,$,$);
#4951=IFCRELDEFINESBYPROPERTIES('0sWYdr1Dv4qhebR5IKwZuq',#5,$,$,(#4950),#1211);
#4952=IFCCARTESIANPOINT((274.954981819115,1.31527042784728,0.));
#4953=IFCAXIS2PLACEMENT3D(#4952,$,$);
#4954=IFCLOCALPLACEMENT(#27,#4953);
#4955=IFCPRODUCTDEFINITIONSHAPE($,$,(#415));
#4956=IFCBUILDINGELEMENTPROXY('3LoIxzKq52HPTNFrXW27YZ',#5,'NL.IMGeo.G0772.5f2e26a92e5c48df83a35e389adf1d82',$,$,#4954,#4955,$,$);
#4957=IFCRELDEFINESBYPROPERTIES('3Hho$8xnr8ivcm6IcOPvMb',#5,$,$,(#4956),#1221);
#4958=IFCCARTESIANPOINT((264.596481001354,42.2292459107121,0.));
#4959=IFCAXIS2PLACEMENT3D(#4958,$,$);
#4960=IFCLOCALPLACEMENT(#27,#4959);
#4961=IFCPRODUCTDEFINITIONSHAPE($,$,(#416));
#4962=IFCBUILDINGELEMENTPROXY('2LtqxUuwPD3gcb0JklaL68',#5,'NL.IMGeo.G0772.6a4cc39cea024544b95e67da80c573f2',$,$,#4960,#4961,$,$);
#4963=IFCRELDEFINESBYPROPERTIES('3UTeR$Ah17jfBnrI8$LAwy',#5,$,$,(#4962),#1231);
#4964=IFCCARTESIANPOINT((256.523651079304,-50.4873332919669,0.));
#4965=IFCAXIS2PLACEMENT3D(#4964,$,$);
#4966=IFCLOCALPLACEMENT(#27,#4965);
#4967=IFCPRODUCTDEFINITIONSHAPE($,$,(#417));
#4968=IFCBUILDINGELEMENTPROXY('35bqdRSZD3UAJLwgPpQ1Ir',#5,'NL.IMGeo.G0772.7310d70673834a30a3220f69f5759663',$,$,#4966,#4967,$,$);
#4969=IFCRELDEFINESBYPROPERTIES('2Z4$ddp_X7KfYGeQlY6d1O',#5,$,$,(#4968),#1241);
#4970=IFCCARTESIANPOINT((262.296200045705,-72.5018794020871,0.));
#4971=IFCAXIS2PLACEMENT3D(#4970,$,$);
#4972=IFCLOCALPLACEMENT(#27,#4971);
#4973=IFCPRODUCTDEFINITIONSHAPE($,$,(#418));
#4974=IFCBUILDINGELEMENTPROXY('0KrKgeizf8zQ6pQGTIjrkb',#5,'NL.IMGeo.G0772.74f9ca8a30c3466684e6cca3fb5f4840',$,$,#4972,#4973,$,$);
#4975=IFCRELDEFINESBYPROPERTIES('27MQxOPx5CGxNl6DVlHe_p',#5,$,$,(#4974),#1251);
#4976=IFCCARTESIANPOINT((325.478958261112,37.690570694569,0.));
#4977=IFCAXIS2PLACEMENT3D(#4976,$,$);
#4978=IFCLOCALPLACEMENT(#27,#4977);
#4979=IFCPRODUCTDEFINITIONSHAPE($,$,(#419));
#4980=IFCBUILDINGELEMENTPROXY('3WRWX20Z57qvA_iB3MD_tA',#5,'NL.IMGeo.G0772.a1d46c2d0a8f4e69a7c5fa3fc6e2ca3a',$,$,#4978,#4979,$,$);
#4981=IFCRELDEFINESBYPROPERTIES('3b3ucByST5aPwq76cWdYKp',#5,$,$,(#4980),#1261);
#4982=IFCCARTESIANPOINT((325.729961942096,52.8182918101666,0.));
#4983=IFCAXIS2PLACEMENT3D(#4982,$,$);
#4984=IFCLOCALPLACEMENT(#27,#4983);
#4985=IFCPRODUCTDEFINITIONSHAPE($,$,(#420));
#4986=IFCBUILDINGELEMENTPROXY('0VNLo6OmX9Zx$4zp8VPFON',#5,'NL.IMGeo.G0772.a3467a43b2d9453fa1133ad6b863de79',$,$,#4984,#4985,$,$);
#4987=IFCRELDEFINESBYPROPERTIES('1MP_grYCP3VfKZ07tnMw0Y',#5,$,$,(#4986),#1271);
#4988=IFCCARTESIANPOINT((278.516543415113,-16.9005080073257,0.));
#4989=IFCAXIS2PLACEMENT3D(#4988,$,$);
#4990=IFCLOCALPLACEMENT(#27,#4989);
#4991=IFCPRODUCTDEFINITIONSHAPE($,$,(#421));
#4992=IFCBUILDINGELEMENTPROXY('1LvEKrtZ1EAeAJ11K45v8u',#5,'NL.IMGeo.G0772.b09524a5d78d41d89303df425ae1e16a',$,$,#4990,#4991,$,$);
#4993=IFCRELDEFINESBYPROPERTIES('1UlxD992f3A82EdBw45i9C',#5,$,$,(#4992),#1281);
#4994=IFCCARTESIANPOINT((259.442701073218,12.9028574959375,0.));
#4995=IFCAXIS2PLACEMENT3D(#4994,$,$);
#4996=IFCLOCALPLACEMENT(#27,#4995);
#4997=IFCPRODUCTDEFINITIONSHAPE($,$,(#422));
#4998=IFCBUILDINGELEMENTPROXY('2clwGEgfX6$g_OThyCYjTB',#5,'NL.IMGeo.G0772.b0aeed860f6b413994061f5cc5afa3f4',$,$,#4996,#4997,$,$);
#4999=IFCRELDEFINESBYPROPERTIES('36XJxdrg13twl3RhwT5z2o',#5,$,$,(#4998),#1291);
#5000=IFCCARTESIANPOINT((260.948640135903,20.6620032955543,0.));
#5001=IFCAXIS2PLACEMENT3D(#5000,$,$);
#5002=IFCLOCALPLACEMENT(#27,#5001);
#5003=IFCPRODUCTDEFINITIONSHAPE($,$,(#423));
#5004=IFCBUILDINGELEMENTPROXY('2FEQzm8w5Fa842iQhIp3M3',#5,'NL.IMGeo.G0772.b10857f750594115bc7445e92a0a2de5',$,$,#5002,#5003,$,$);
#5005=IFCRELDEFINESBYPROPERTIES('1mU$oIYxPFAgmiQCkI_U4E',#5,$,$,(#5004),#1301);
#5006=IFCCARTESIANPOINT((276.262624013325,30.5618432338233,0.));
#5007=IFCAXIS2PLACEMENT3D(#5006,$,$);
#5008=IFCLOCALPLACEMENT(#27,#5007);
#5009=IFCPRODUCTDEFINITIONSHAPE($,$,(#424));
#5010=IFCBUILDINGELEMENTPROXY('1NSbT$_Pz5YOE_q3yUtTH4',#5,'NL.IMGeo.G0772.b4856c5913dd4d00897987990962a65e',$,$,#5008,#5009,$,$);
#5011=IFCRELDEFINESBYPROPERTIES('11p7dQFHnFbe$PgKhcVDkm',#5,$,$,(#5010),#1311);
#5012=IFCCARTESIANPOINT((264.726926233358,55.0324768326827,0.));
#5013=IFCAXIS2PLACEMENT3D(#5012,$,$);
#5014=IFCLOCALPLACEMENT(#27,#5013);
#5015=IFCPRODUCTDEFINITIONSHAPE($,$,(#425));
#5016=IFCBUILDINGELEMENTPROXY('3dTdlSylT8TuGWfowNoxtZ',#5,'NL.IMGeo.G0772.bfc0924d01ee490db4caca17a3f4028b',$,$,#5014,#5015,$,$);
#5017=IFCRELDEFINESBYPROPERTIES('3TQCGQHhr7_gQnQqTX6Sq4',#5,$,$,(#5016),#1321);
#5018=IFCCARTESIANPOINT((260.442518129159,35.5858379406272,0.));
#5019=IFCAXIS2PLACEMENT3D(#5018,$,$);
#5020=IFCLOCALPLACEMENT(#27,#5019);
#5021=IFCPRODUCTDEFINITIONSHAPE($,$,(#426));
#5022=IFCBUILDINGELEMENTPROXY('3tloKr1Yb2fBjpeWFnarjg',#5,'NL.IMGeo.G0772.c065ed77eb304703aee87287a7b70ea4',$,$,#5020,#5021,$,$);
#5023=IFCRELDEFINESBYPROPERTIES('21uuKs8gj4UhA5kTcGVlHg',#5,$,$,(#5022),#1331);
#5024=IFCCARTESIANPOINT((310.58721542664,41.9870992180659,0.));
#5025=IFCAXIS2PLACEMENT3D(#5024,$,$);
#5026=IFCLOCALPLACEMENT(#27,#5025);
#5027=IFCPRODUCTDEFINITIONSHAPE($,$,(#427));
#5028=IFCBUILDINGELEMENTPROXY('1nNZnYfZzDkumgOCHVYQt7',#5,'NL.IMGeo.G0772.c67758cb78ad45c2afe4b761dd9616ab',$,$,#5026,#5027,$,$);
#5029=IFCRELDEFINESBYPROPERTIES('1$mDqEAhf7pAXJKJz1vM2F',#5,$,$,(#5028),#1341);
#5030=IFCCARTESIANPOINT((258.24269360688,50.0388894202188,0.));
#5031=IFCAXIS2PLACEMENT3D(#5030,$,$);
#5032=IFCLOCALPLACEMENT(#27,#5031);
#5033=IFCPRODUCTDEFINITIONSHAPE($,$,(#428));
#5034=IFCBUILDINGELEMENTPROXY('2ZF4PH0YL1KPIyUoM1L2I3',#5,'NL.IMGeo.G0772.d2123ac461e2423bad3b0139e04f1dd8',$,$,#5032,#5033,$,$);
#5035=IFCRELDEFINESBYPROPERTIES('0JJ36tBaT3_xkuCPR3kk88',#5,$,$,(#5034),#1351);
#5036=IFCCARTESIANPOINT((268.288738322299,43.9558103827294,0.));
#5037=IFCAXIS2PLACEMENT3D(#5036,$,$);
#5038=IFCLOCALPLACEMENT(#27,#5037);
#5039=IFCPRODUCTDEFINITIONSHAPE($,$,(#429));
#5040=IFCBUILDINGELEMENTPROXY('3R7OVJ$1H3pBdPicx4D4oM',#5,'NL.IMGeo.G0772.e8a27f067d3f41788064c8f281a76dc6',$,$,#5038,#5039,$,$);
#5041=IFCRELDEFINESBYPROPERTIES('2WUiRBnsvClwwGVWv2wz4e',#5,$,$,(#5040),#1361);
#5042=IFCCARTESIANPOINT((274.259670736297,-48.7527409116738,0.));
#5043=IFCAXIS2PLACEMENT3D(#5042,$,$);
#5044=IFCLOCALPLACEMENT(#27,#5043);
#5045=IFCPRODUCTDEFINITIONSHAPE($,$,(#430));
#5046=IFCBUILDINGELEMENTPROXY('1ylI34MWz8l84N8aI_cEQH',#5,'NL.IMGeo.G0772.08b0a8cb1a9c4578860e6e5c1dad0f7b',$,$,#5044,#5045,$,$);
#5047=IFCRELDEFINESBYPROPERTIES('2ALAhdLVX4Gg7ZPw8xJMwy',#5,$,$,(#5046),#1371);
#5048=IFCCARTESIANPOINT((309.044886794494,21.2247486673295,0.));
#5049=IFCAXIS2PLACEMENT3D(#5048,$,$);
#5050=IFCLOCALPLACEMENT(#27,#5049);
#5051=IFCPRODUCTDEFINITIONSHAPE($,$,(#431));
#5052=IFCBUILDINGELEMENTPROXY('0f4DrITLn4rfIUDC65_QLd',#5,'NL.IMGeo.G0772.38c04fa21e524b0e8ae347d9a6975235',$,$,#5050,#5051,$,$);
#5053=IFCRELDEFINESBYPROPERTIES('2xvN0sjf16Se5PQYdYztSr',#5,$,$,(#5052),#1381);
#5054=IFCCARTESIANPOINT((282.170942476019,14.3184717567055,0.));
#5055=IFCAXIS2PLACEMENT3D(#5054,$,$);
#5056=IFCLOCALPLACEMENT(#27,#5055);
#5057=IFCPRODUCTDEFINITIONSHAPE($,$,(#432));
#5058=IFCBUILDINGELEMENTPROXY('3gH5inz0b8PhTlr9ScfZ_5',#5,'NL.IMGeo.G0772.39d329adb9b746f8811ffc77baae867a',$,$,#5056,#5057,$,$);
#5059=IFCRELDEFINESBYPROPERTIES('3UOL5zQk93xRpfEHGsAeHO',#5,$,$,(#5058),#1391);
#5060=IFCCARTESIANPOINT((267.732782838604,53.6229215592612,0.));
#5061=IFCAXIS2PLACEMENT3D(#5060,$,$);
#5062=IFCLOCALPLACEMENT(#27,#5061);
#5063=IFCPRODUCTDEFINITIONSHAPE($,$,(#433));
#5064=IFCBUILDINGELEMENTPROXY('1WECai3ln3QAjczXHROKg7',#5,'NL.IMGeo.G0772.3b63787c3abe4e95aaaebec0afa8a810',$,$,#5062,#5063,$,$);
#5065=IFCRELDEFINESBYPROPERTIES('35i0wCCuDF78GA1bdsf7oH',#5,$,$,(#5064),#1401);
#5066=IFCCARTESIANPOINT((293.206986043253,2.13808985048672,0.));
#5067=IFCAXIS2PLACEMENT3D(#5066,$,$);
#5068=IFCLOCALPLACEMENT(#27,#5067);
#5069=IFCPRODUCTDEFINITIONSHAPE($,$,(#434));
#5070=IFCBUILDINGELEMENTPROXY('2pTgtcGbD209ssi1EXCAtD',#5,'NL.IMGeo.G0772.434a62084bc2414d8d4ea409e53c296b',$,$,#5068,#5069,$,$);
#5071=IFCRELDEFINESBYPROPERTIES('36VHXYT$rCE8M5O_uxZQnV',#5,$,$,(#5070),#1411);
#5072=IFCCARTESIANPOINT((266.830284253869,70.0606569965021,0.));
#5073=IFCAXIS2PLACEMENT3D(#5072,$,$);
#5074=IFCLOCALPLACEMENT(#27,#5073);
#5075=IFCPRODUCTDEFINITIONSHAPE($,$,(#435));
#5076=IFCBUILDINGELEMENTPROXY('3gqA5$CNP6m8K5G3ExE7bX',#5,'NL.IMGeo.G0772.6d4a5d3788be4c418d968b27e6ec8f5b',$,$,#5074,#5075,$,$);
#5077=IFCRELDEFINESBYPROPERTIES('21E66m$nz7EBX_y7NH9HxA',#5,$,$,(#5076),#1421);
#5078=IFCCARTESIANPOINT((269.112894033256,28.034859614505,0.));
#5079=IFCAXIS2PLACEMENT3D(#5078,$,$);
#5080=IFCLOCALPLACEMENT(#27,#5079);
#5081=IFCPRODUCTDEFINITIONSHAPE($,$,(#436));
#5082=IFCBUILDINGELEMENTPROXY('30lKmrzX12BxtT7M6dm3R8',#5,'NL.IMGeo.G0772.705a5ce9a02e4c7491584e1ec8a06d89',$,$,#5080,#5081,$,$);
#5083=IFCRELDEFINESBYPROPERTIES('0rvh3Hgjf44f8F83O2lfQZ',#5,$,$,(#5082),#1431);
#5084=IFCCARTESIANPOINT((270.467720105633,-9.63066376320785,0.));
#5085=IFCAXIS2PLACEMENT3D(#5084,$,$);
#5086=IFCLOCALPLACEMENT(#27,#5085);
#5087=IFCPRODUCTDEFINITIONSHAPE($,$,(#437));
#5088=IFCBUILDINGELEMENTPROXY('0SDMAAF4v5shC829uEtIYq',#5,'NL.IMGeo.G0772.775f69466a36447cba68dd90da96f353',$,$,#5086,#5087,$,$);
#5089=IFCRELDEFINESBYPROPERTIES('3ItUgWfN51nultqUUGTcZA',#5,$,$,(#5088),#1441);
#5090=IFCCARTESIANPOINT((267.709906288859,-25.5100416776841,0.));
#5091=IFCAXIS2PLACEMENT3D(#5090,$,$);
#5092=IFCLOCALPLACEMENT(#27,#5091);
#5093=IFCPRODUCTDEFINITIONSHAPE($,$,(#438));
#5094=IFCBUILDINGELEMENTPROXY('1GBKyGl3L9QgrWZvluHfWJ',#5,'NL.IMGeo.G0772.893c1edcec5f4870979037d65f697b38',$,$,#5092,#5093,$,$);
#5095=IFCRELDEFINESBYPROPERTIES('2xibm6apX3S8J$dwL0Yvsr',#5,$,$,(#5094),#1451);
#5096=IFCCARTESIANPOINT((298.943849585048,41.473599580233,0.));
#5097=IFCAXIS2PLACEMENT3D(#5096,$,$);
#5098=IFCLOCALPLACEMENT(#27,#5097);
#5099=IFCPRODUCTDEFINITIONSHAPE($,$,(#439));
#5100=IFCBUILDINGELEMENTPROXY('1bISeaupT6xO1$F26uo6Op',#5,'NL.IMGeo.G0772.cc76a3c1d9c543afb2b93da78448d605',$,$,#5098,#5099,$,$);
#5101=IFCRELDEFINESBYPROPERTIES('0A$m9ufezBwAVMKNZ0yd3G',#5,$,$,(#5100),#1461);
#5102=IFCCARTESIANPOINT((297.147311264154,28.7376800194033,0.));
#5103=IFCAXIS2PLACEMENT3D(#5102,$,$);
#5104=IFCLOCALPLACEMENT(#27,#5103);
#5105=IFCPRODUCTDEFINITIONSHAPE($,$,(#440));
#5106=IFCBUILDINGELEMENTPROXY('1luCWvJNXCoutpOLdsn4r5',#5,'NL.IMGeo.G0772.d870fdbe4d214d25b6535cf5a596893d',$,$,#5104,#5105,$,$);
#5107=IFCRELDEFINESBYPROPERTIES('2VzpIKCfX0Xxpg$aZtA4en',#5,$,$,(#5106),#1471);
#5108=IFCCARTESIANPOINT((267.458279708837,56.6226712207426,0.));
#5109=IFCAXIS2PLACEMENT3D(#5108,$,$);
#5110=IFCLOCALPLACEMENT(#27,#5109);
#5111=IFCPRODUCTDEFINITIONSHAPE($,$,(#441));
#5112=IFCBUILDINGELEMENTPROXY('1dsuXMK_vEmhbn9khINnE2',#5,'NL.IMGeo.G0772.fa67497c1c4f407eb89c79a680b99551',$,$,#5110,#5111,$,$);
#5113=IFCRELDEFINESBYPROPERTIES('2e1ckfxLjEXeORPvE7ujFN',#5,$,$,(#5112),#1481);
#5114=IFCCARTESIANPOINT((302.661922170169,60.8855386191863,0.));
#5115=IFCAXIS2PLACEMENT3D(#5114,$,$);
#5116=IFCLOCALPLACEMENT(#27,#5115);
#5117=IFCPRODUCTDEFINITIONSHAPE($,$,(#442));
#5118=IFCBUILDINGELEMENTPROXY('2FilML7DDCAfywo1sIX7KX',#5,'NL.IMGeo.G0772.2e496a24f38f4065b2bb57ab378d85d4',$,$,#5116,#5117,$,$);
#5119=IFCRELDEFINESBYPROPERTIES('3Ptm1xYXTF$8HEW9ti6pLO',#5,$,$,(#5118),#1491);
#5120=IFCCARTESIANPOINT((169.243852317071,-184.524669169099,0.));
#5121=IFCAXIS2PLACEMENT3D(#5120,$,$);
#5122=IFCLOCALPLACEMENT(#27,#5121);
#5123=IFCPRODUCTDEFINITIONSHAPE($,$,(#443));
#5124=IFCBUILDINGELEMENTPROXY('1LB3cvsurDr8LGOVd03tJx',#5,'NL.IMGeo.G0772.06574aa8cd1b4071a56047d763f3f982',$,$,#5122,#5123,$,$);
#5125=IFCRELDEFINESBYPROPERTIES('3WeE_OVhzAgOH_0lmLrhVb',#5,$,$,(#5124),#1501);
#5126=IFCCARTESIANPOINT((153.698520989303,-190.469729295874,0.));
#5127=IFCAXIS2PLACEMENT3D(#5126,$,$);
#5128=IFCLOCALPLACEMENT(#27,#5127);
#5129=IFCPRODUCTDEFINITIONSHAPE($,$,(#444));
#5130=IFCBUILDINGELEMENTPROXY('2aSssIakrFQhN34oogDY_s',#5,'NL.IMGeo.G0772.2263a7afadc3485dbb2de843fcb97115',$,$,#5128,#5129,$,$);
#5131=IFCRELDEFINESBYPROPERTIES('3o7y74RHr6FeuK1UQLyVsQ',#5,$,$,(#5130),#1511);
#5132=IFCCARTESIANPOINT((165.248407666717,-174.850904284336,0.));
#5133=IFCAXIS2PLACEMENT3D(#5132,$,$);
#5134=IFCLOCALPLACEMENT(#27,#5133);
#5135=IFCPRODUCTDEFINITIONSHAPE($,$,(#445));
#5136=IFCBUILDINGELEMENTPROXY('1X1JxOsH156hpy$NyoB$fI',#5,'NL.IMGeo.G0772.2eeb9234fa194c8a9b040ca11ee89399',$,$,#5134,#5135,$,$);
#5137=IFCRELDEFINESBYPROPERTIES('2fBl7hRf5FlA_vZu_q6j_L',#5,$,$,(#5136),#1521);
#5138=IFCCARTESIANPOINT((247.837222514267,-43.877477334172,0.));
#5139=IFCAXIS2PLACEMENT3D(#5138,$,$);
#5140=IFCLOCALPLACEMENT(#27,#5139);
#5141=IFCPRODUCTDEFINITIONSHAPE($,$,(#446));
#5142=IFCBUILDINGELEMENTPROXY('1I4jVyCRvC69HWATU51mYz',#5,'NL.IMGeo.G0772.34a3db98ecad49359d64a5fa657d9c61',$,$,#5140,#5141,$,$);
#5143=IFCRELDEFINESBYPROPERTIES('3uY56H0OnCwOYquUm48zlp',#5,$,$,(#5142),#1531);
#5144=IFCCARTESIANPOINT((229.813896363688,-23.811981091334,0.));
#5145=IFCAXIS2PLACEMENT3D(#5144,$,$);
#5146=IFCLOCALPLACEMENT(#27,#5145);
#5147=IFCPRODUCTDEFINITIONSHAPE($,$,(#447));
#5148=IFCBUILDINGELEMENTPROXY('17Ko9Qc7P0_eSf5nwanl63',#5,'NL.IMGeo.G0772.35836e25eda949fea711b6b774852625',$,$,#5146,#5147,$,$);
#5149=IFCRELDEFINESBYPROPERTIES('1uMmTJpWnBa8DvZaO7VHB9',#5,$,$,(#5148),#1541);
#5150=IFCCARTESIANPOINT((229.285863822937,-51.618912001315,0.));
#5151=IFCAXIS2PLACEMENT3D(#5150,$,$);
#5152=IFCLOCALPLACEMENT(#27,#5151);
#5153=IFCPRODUCTDEFINITIONSHAPE($,$,(#448));
#5154=IFCBUILDINGELEMENTPROXY('3ZtAAmEcLA6PJdt62y0DLH',#5,'NL.IMGeo.G0772.368adf71669b474cb91a628956e9cd39',$,$,#5152,#5153,$,$);
#5155=IFCRELDEFINESBYPROPERTIES('29QTz9CxL6xfu7oKI_kK_C',#5,$,$,(#5154),#1551);
#5156=IFCCARTESIANPOINT((195.887177730474,-26.2057143218699,0.));
#5157=IFCAXIS2PLACEMENT3D(#5156,$,$);
#5158=IFCLOCALPLACEMENT(#27,#5157);
#5159=IFCPRODUCTDEFINITIONSHAPE($,$,(#449));
#5160=IFCBUILDINGELEMENTPROXY('1a2URL_QP9v9sGE8V2t5mb',#5,'NL.IMGeo.G0772.5358c091b99a4e39adb004ef64066b8f',$,$,#5158,#5159,$,$);
#5161=IFCRELDEFINESBYPROPERTIES('1$5jgPuFX8f9rG2I_sA45W',#5,$,$,(#5160),#1561);
#5162=IFCCARTESIANPOINT((211.71226969565,2.93568650743691,0.));
#5163=IFCAXIS2PLACEMENT3D(#5162,$,$);
#5164=IFCLOCALPLACEMENT(#27,#5163);
#5165=IFCPRODUCTDEFINITIONSHAPE($,$,(#450));
#5166=IFCBUILDINGELEMENTPROXY('1ba8kb5dD1vvn_Mk5X7qli',#5,'NL.IMGeo.G0772.9018ba0f4afa442d9a122338a82557c9',$,$,#5164,#5165,$,$);
#5167=IFCRELDEFINESBYPROPERTIES('0N8YkBbv59xg_gdeDqkcQz',#5,$,$,(#5166),#1571);
#5168=IFCCARTESIANPOINT((239.23237847563,-28.5285704000853,0.));
#5169=IFCAXIS2PLACEMENT3D(#5168,$,$);
#5170=IFCLOCALPLACEMENT(#27,#5169);
#5171=IFCPRODUCTDEFINITIONSHAPE($,$,(#451));
#5172=IFCBUILDINGELEMENTPROXY('0gleRIjsj0uP0vXX2b8AN2',#5,'NL.IMGeo.G0772.98256855cf50410c804157e6547ad6fe',$,$,#5170,#5171,$,$);
#5173=IFCRELDEFINESBYPROPERTIES('19jGePF759ovcZlC$0HJKA',#5,$,$,(#5172),#1581);
#5174=IFCCARTESIANPOINT((222.64036790785,-35.3531261598109,0.));
#5175=IFCAXIS2PLACEMENT3D(#5174,$,$);
#5176=IFCLOCALPLACEMENT(#27,#5175);
#5177=IFCPRODUCTDEFINITIONSHAPE($,$,(#452));
#5178=IFCBUILDINGELEMENTPROXY('3Ds_4d9yvFceFNuQUGG4Rp',#5,'NL.IMGeo.G0772.9b9fd450c8db42538931d2730588dc86',$,$,#5176,#5177,$,$);
#5179=IFCRELDEFINESBYPROPERTIES('0jpjff2En1_BJn7qzhtoUB',#5,$,$,(#5178),#1591);
#5180=IFCCARTESIANPOINT((225.406614883977,-13.2010415024706,0.));
#5181=IFCAXIS2PLACEMENT3D(#5180,$,$);
#5182=IFCLOCALPLACEMENT(#27,#5181);
#5183=IFCPRODUCTDEFINITIONSHAPE($,$,(#453));
#5184=IFCBUILDINGELEMENTPROXY('0aCmvWv313OhKmvlpwD8ST',#5,'NL.IMGeo.G0772.c19f52511f904458a7d9dba708cf8393',$,$,#5182,#5183,$,$);
#5185=IFCRELDEFINESBYPROPERTIES('0xl1IMF_rBIRtYSpeDP76c',#5,$,$,(#5184),#1601);
#5186=IFCCARTESIANPOINT((202.614717112825,-43.3757152205217,0.));
#5187=IFCAXIS2PLACEMENT3D(#5186,$,$);
#5188=IFCLOCALPLACEMENT(#27,#5187);
#5189=IFCPRODUCTDEFINITIONSHAPE($,$,(#454));
#5190=IFCBUILDINGELEMENTPROXY('3AvEDdg$jFqOJaxLVokbWH',#5,'NL.IMGeo.G0772.ca43aa6274a941b78853e60ffca9dd0c',$,$,#5188,#5189,$,$);
#5191=IFCRELDEFINESBYPROPERTIES('3cOQgfj1TA5B7fPReU6guV',#5,$,$,(#5190),#1611);
#5192=IFCCARTESIANPOINT((172.588537409058,-171.847957504157,0.));
#5193=IFCAXIS2PLACEMENT3D(#5192,$,$);
#5194=IFCLOCALPLACEMENT(#27,#5193);
#5195=IFCPRODUCTDEFINITIONSHAPE($,$,(#455));
#5196=IFCBUILDINGELEMENTPROXY('0577H8T7LEIPjrmXD$tEkg',#5,'NL.IMGeo.G0772.e71faa9461974f3f936e53a025d9748e',$,$,#5194,#5195,$,$);
#5197=IFCRELDEFINESBYPROPERTIES('0zong_Zgn7Qh06OzuZSlIm',#5,$,$,(#5196),#1621);
#5198=IFCCARTESIANPOINT((260.62666058974,37.013612976938,0.));
#5199=IFCAXIS2PLACEMENT3D(#5198,$,$);
#5200=IFCLOCALPLACEMENT(#27,#5199);
#5201=IFCPRODUCTDEFINITIONSHAPE($,$,(#456));
#5202=IFCBUILDINGELEMENTPROXY('0TREN0ItD7hxnN46vjWgA2',#5,'NL.IMGeo.G0772.2e93c03292ea465f829711629b3f9c3c',$,$,#5200,#5201,$,$);
#5203=IFCRELDEFINESBYPROPERTIES('3rb$1hxc57_BDfCKKciV6r',#5,$,$,(#5202),#1631);
#5204=IFCCARTESIANPOINT((260.178058940481,50.6211359535228,0.));
#5205=IFCAXIS2PLACEMENT3D(#5204,$,$);
#5206=IFCLOCALPLACEMENT(#27,#5205);
#5207=IFCPRODUCTDEFINITIONSHAPE($,$,(#457));
#5208=IFCBUILDINGELEMENTPROXY('0YgTQiQePCc8zoJ$JMQrEM',#5,'NL.IMGeo.G0772.67bc1f0bd448408799b1245071cdc456',$,$,#5206,#5207,$,$);
#5209=IFCRELDEFINESBYPROPERTIES('1v7jGkN512khDoyd7sXdjo',#5,$,$,(#5208),#1641);
#5210=IFCCARTESIANPOINT((261.711179511709,20.8536140997894,0.));
#5211=IFCAXIS2PLACEMENT3D(#5210,$,$);
#5212=IFCLOCALPLACEMENT(#27,#5211);
#5213=IFCPRODUCTDEFINITIONSHAPE($,$,(#458));
#5214=IFCBUILDINGELEMENTPROXY('0DInFGubbDiubTjaL_EoDq',#5,'NL.IMGeo.G0772.6d83d091bd5c49f3b2cedf2727fd5db7',$,$,#5212,#5213,$,$);
#5215=IFCRELDEFINESBYPROPERTIES('1qjdO0bI950xuUCkebxFFV',#5,$,$,(#5214),#1651);
#5216=IFCCARTESIANPOINT((264.419527902064,40.6643639341346,0.));
#5217=IFCAXIS2PLACEMENT3D(#5216,$,$);
#5218=IFCLOCALPLACEMENT(#27,#5217);
#5219=IFCPRODUCTDEFINITIONSHAPE($,$,(#459));
#5220=IFCBUILDINGELEMENTPROXY('3vgR0LGfL1Qf37BqQMHETi',#5,'NL.IMGeo.G0772.9c2cd7a3d1034ade9d7f16f07c5e9801',$,$,#5218,#5219,$,$);
#5221=IFCRELDEFINESBYPROPERTIES('272VNreCrDveNhHhlUq_TC',#5,$,$,(#5220),#1661);
#5222=IFCCARTESIANPOINT((264.425538844254,53.809600861161,0.));
#5223=IFCAXIS2PLACEMENT3D(#5222,$,$);
#5224=IFCLOCALPLACEMENT(#27,#5223);
#5225=IFCPRODUCTDEFINITIONSHAPE($,$,(#460));
#5226=IFCBUILDINGELEMENTPROXY('1e4vsmIwvCcAqKm7xo5ohN',#5,'NL.IMGeo.G0772.e7ca9f467284423da5c0a528431ab797',$,$,#5224,#5225,$,$);
#5227=IFCRELDEFINESBYPROPERTIES('25HrGEpjn08wbmZkk1SHpl',#5,$,$,(#5226),#1671);
#5228=IFCCARTESIANPOINT((264.996812754689,-12.3302961006411,0.));
#5229=IFCAXIS2PLACEMENT3D(#5228,$,$);
#5230=IFCLOCALPLACEMENT(#27,#5229);
#5231=IFCPRODUCTDEFINITIONSHAPE($,$,(#461));
#5232=IFCBUILDINGELEMENTPROXY('3iRr34yz57Zx74jbixSf5N',#5,'NL.IMGeo.G0772.1e4e21aee8034f44b763dd564a9f3bb8',$,$,#5230,#5231,$,$);
#5233=IFCRELDEFINESBYPROPERTIES('1QexrDSA53Gfej_9JUp6d$',#5,$,$,(#5232),#1681);
#5234=IFCCARTESIANPOINT((212.971790263022,-14.1730670398683,0.));
#5235=IFCAXIS2PLACEMENT3D(#5234,$,$);
#5236=IFCLOCALPLACEMENT(#27,#5235);
#5237=IFCPRODUCTDEFINITIONSHAPE($,$,(#462));
#5238=IFCBUILDINGELEMENTPROXY('2hAhezoY17CwZKfXAUB7Fq',#5,'NL.IMGeo.G0772.2bbe6d2809994688a505b934a78fdf02',$,$,#5236,#5237,$,$);
#5239=IFCRELDEFINESBYPROPERTIES('3cfF7gm$9FT8cflHjpK6SN',#5,$,$,(#5238),#1691);
#5240=IFCCARTESIANPOINT((211.08794216704,-9.59218051523203,0.));
#5241=IFCAXIS2PLACEMENT3D(#5240,$,$);
#5242=IFCLOCALPLACEMENT(#27,#5241);
#5243=IFCPRODUCTDEFINITIONSHAPE($,$,(#463));
#5244=IFCBUILDINGELEMENTPROXY('0mZhYJgUvBLxlp6M_gPn5p',#5,'NL.IMGeo.G0772.36528b1b040c400f93c39682c2ecb308',$,$,#5242,#5243,$,$);
#5245=IFCRELDEFINESBYPROPERTIES('1txzGdgr15cer9nMDi8tV0',#5,$,$,(#5244),#1701);
#5246=IFCCARTESIANPOINT((270.704817960563,-6.44439484679606,0.));
#5247=IFCAXIS2PLACEMENT3D(#5246,$,$);
#5248=IFCLOCALPLACEMENT(#27,#5247);
#5249=IFCPRODUCTDEFINITIONSHAPE($,$,(#464));
#5250=IFCBUILDINGELEMENTPROXY('2JW5TR3yrDXRzsC$6XLEjy',#5,'NL.IMGeo.G0772.9a1b2a3e7c114f6c8092b9f16ea7f06b',$,$,#5248,#5249,$,$);
#5251=IFCRELDEFINESBYPROPERTIES('1pRjytxP92nBUs$e$qvr_P',#5,$,$,(#5250),#1711);
#5252=IFCCARTESIANPOINT((260.204024207051,5.76137676107464,0.));
#5253=IFCAXIS2PLACEMENT3D(#5252,$,$);
#5254=IFCLOCALPLACEMENT(#27,#5253);
#5255=IFCPRODUCTDEFINITIONSHAPE($,$,(#465));
#5256=IFCBUILDINGELEMENTPROXY('1sB7MJwNb9eBYpADyHotRt',#5,'NL.IMGeo.G0772.d3cbfa54f9d64ecaa1c28a9b5226d710',$,$,#5254,#5255,$,$);
#5257=IFCRELDEFINESBYPROPERTIES('1P_mAeNWv6d8cRI8dZVqfs',#5,$,$,(#5256),#1721);
#5258=IFCCARTESIANPOINT((275.65588228163,-18.0589564868133,0.));
#5259=IFCAXIS2PLACEMENT3D(#5258,$,$);
#5260=IFCLOCALPLACEMENT(#27,#5259);
#5261=IFCPRODUCTDEFINITIONSHAPE($,$,(#466));
#5262=IFCBUILDINGELEMENTPROXY('1bJM2_C$11r961vwjrLSCv',#5,'NL.IMGeo.G0772.69a135ce93c243b38a90922e3fdd4b35',$,$,#5260,#5261,$,$);
#5263=IFCRELDEFINESBYPROPERTIES('38628OcmjEtOd8uukU9sla',#5,$,$,(#5262),#1731);
#5264=IFCCARTESIANPOINT((258.24269360688,50.0388894202188,0.));
#5265=IFCAXIS2PLACEMENT3D(#5264,$,$);
#5266=IFCLOCALPLACEMENT(#27,#5265);
#5267=IFCPRODUCTDEFINITIONSHAPE($,$,(#467));
#5268=IFCBUILDINGELEMENTPROXY('3CgIlysGzFlwm8nREQfz42',#5,'NL.IMGeo.G0772.205976dd953f4fe3bf412a12a3ed2068',$,$,#5266,#5267,$,$);
#5269=IFCRELDEFINESBYPROPERTIES('2NN$mr0HHDWgC8aWmryYyo',#5,$,$,(#5268),#1741);
#5270=IFCCARTESIANPOINT((122.86835470263,-174.835132027918,0.));
#5271=IFCAXIS2PLACEMENT3D(#5270,$,$);
#5272=IFCLOCALPLACEMENT(#27,#5271);
#5273=IFCPRODUCTDEFINITIONSHAPE($,$,(#468));
#5274=IFCBUILDINGELEMENTPROXY('14h8DhdSjAQhPl4o3h$NHc',#5,'NL.IMGeo.G0772.76ae19043ee94e43ba8c82cd0091030a',$,$,#5272,#5273,$,$);
#5275=IFCRELDEFINESBYPROPERTIES('12CSujGYTCpe3FpzVOFYxJ',#5,$,$,(#5274),#1751);
#5276=IFCCARTESIANPOINT((144.235547354067,-166.191583671141,0.));
#5277=IFCAXIS2PLACEMENT3D(#5276,$,$);
#5278=IFCLOCALPLACEMENT(#27,#5277);
#5279=IFCPRODUCTDEFINITIONSHAPE($,$,(#469));
#5280=IFCBUILDINGELEMENTPROXY('0KgduDQJ92ZvytsXgCqXoE',#5,'NL.IMGeo.G0772.c2314e011242470c9acd74219f9e9a10',$,$,#5278,#5279,$,$);
#5281=IFCRELDEFINESBYPROPERTIES('2VdlJIikf0JeQAhEEymEgA',#5,$,$,(#5280),#1761);
#5282=IFCCARTESIANPOINT((229.868447561777,12.4809022354311,0.));
#5283=IFCAXIS2PLACEMENT3D(#5282,$,$);
#5284=IFCLOCALPLACEMENT(#27,#5283);
#5285=IFCPRODUCTDEFINITIONSHAPE($,$,(#470));
#5286=IFCBUILDINGELEMENTPROXY('285PEctVnC3gAL39NYvHLz',#5,'NL.IMGeo.G0772.052bb9f762a043ddb7ad128f5e8bb3cc',$,$,#5284,#5285,$,$);
#5287=IFCRELDEFINESBYPROPERTIES('3M97FOICL9fOZDghJHBZUS',#5,$,$,(#5286),#1771);
#5288=IFCCARTESIANPOINT((247.474539950752,10.9845998627716,0.));
#5289=IFCAXIS2PLACEMENT3D(#5288,$,$);
#5290=IFCLOCALPLACEMENT(#27,#5289);
#5291=IFCPRODUCTDEFINITIONSHAPE($,$,(#471));
#5292=IFCBUILDINGELEMENTPROXY('0ix6Wroxn8lumNlW4Vy9gc',#5,'NL.IMGeo.G0772.0d395343bfe340c082ae9ddc54fd9005',$,$,#5290,#5291,$,$);
#5293=IFCRELDEFINESBYPROPERTIES('1V9m7b5K16CA$TZkyrqL3B',#5,$,$,(#5292),#1781);
#5294=IFCCARTESIANPOINT((233.799537654762,25.8561188572785,0.));
#5295=IFCAXIS2PLACEMENT3D(#5294,$,$);
#5296=IFCLOCALPLACEMENT(#27,#5295);
#5297=IFCPRODUCTDEFINITIONSHAPE($,$,(#472));
#5298=IFCBUILDINGELEMENTPROXY('1v8iwXSAvDqvqLFtoLzIz1',#5,'NL.IMGeo.G0772.262fdf2ca3974ec98e49de948e4c9919',$,$,#5296,#5297,$,$);
#5299=IFCRELDEFINESBYPROPERTIES('28Hom2pvf6ygsr1GknatGg',#5,$,$,(#5298),#1791);
#5300=IFCCARTESIANPOINT((186.981085993873,-19.6995747614419,0.));
#5301=IFCAXIS2PLACEMENT3D(#5300,$,$);
#5302=IFCLOCALPLACEMENT(#27,#5301);
#5303=IFCPRODUCTDEFINITIONSHAPE($,$,(#473));
#5304=IFCBUILDINGELEMENTPROXY('3sU42oe$zF4hysNjk2Prgh',#5,'NL.IMGeo.G0772.463ad2d17795499693033ec919ff925b',$,$,#5302,#5303,$,$);
#5305=IFCRELDEFINESBYPROPERTIES('0uEIB$ZhH3P9pgkITepAMm',#5,$,$,(#5304),#1801);
#5306=IFCCARTESIANPOINT((229.031395018857,23.5157785392366,0.));
#5307=IFCAXIS2PLACEMENT3D(#5306,$,$);
#5308=IFCLOCALPLACEMENT(#27,#5307);
#5309=IFCPRODUCTDEFINITIONSHAPE($,$,(#474));
#5310=IFCBUILDINGELEMENTPROXY('3_HE8su9bADupOdGqrVxG5',#5,'NL.IMGeo.G0772.4e60d819328248ccb87f39a4fc98c037',$,$,#5308,#5309,$,$);
#5311=IFCRELDEFINESBYPROPERTIES('2KvwfJb9D5HxdwDbYWpj$R',#5,$,$,(#5310),#1811);
#5312=IFCCARTESIANPOINT((239.163518022688,7.84576576214749,0.));
#5313=IFCAXIS2PLACEMENT3D(#5312,$,$);
#5314=IFCLOCALPLACEMENT(#27,#5313);
#5315=IFCPRODUCTDEFINITIONSHAPE($,$,(#475));
#5316=IFCBUILDINGELEMENTPROXY('3UXMi68V9BG9k43mM5UEpA',#5,'NL.IMGeo.G0772.73473da465fc43b7a1f5f87d72f17beb',$,$,#5314,#5315,$,$);
#5317=IFCRELDEFINESBYPROPERTIES('1ET2QSFrT47ALdC$VxECux',#5,$,$,(#5316),#1821);
#5318=IFCCARTESIANPOINT((246.730787947046,-29.4510417539859,0.));
#5319=IFCAXIS2PLACEMENT3D(#5318,$,$);
#5320=IFCLOCALPLACEMENT(#27,#5319);
#5321=IFCPRODUCTDEFINITIONSHAPE($,$,(#476));
#5322=IFCBUILDINGELEMENTPROXY('1gWh76bSP79eXk9Z8rz6g9',#5,'NL.IMGeo.G0772.83890ad8eb4b47ff98f1eb1082093190',$,$,#5320,#5321,$,$);
#5323=IFCRELDEFINESBYPROPERTIES('1X8s8y4JH2ORTlMGAE1okx',#5,$,$,(#5322),#1831);
#5324=IFCCARTESIANPOINT((247.248201159644,17.2842719773762,0.));
#5325=IFCAXIS2PLACEMENT3D(#5324,$,$);
#5326=IFCLOCALPLACEMENT(#27,#5325);
#5327=IFCPRODUCTDEFINITIONSHAPE($,$,(#477));
#5328=IFCBUILDINGELEMENTPROXY('3BZAkszX14of2iXWmdxjCE',#5,'NL.IMGeo.G0772.8c788e53c395461c965a56f7a6f8d7c3',$,$,#5326,#5327,$,$);
#5329=IFCRELDEFINESBYPROPERTIES('285gwVXjn6beJEAlBLPHhb',#5,$,$,(#5328),#1841);
#5330=IFCCARTESIANPOINT((237.750742119242,7.54481851350283,0.));
#5331=IFCAXIS2PLACEMENT3D(#5330,$,$);
#5332=IFCLOCALPLACEMENT(#27,#5331);
#5333=IFCPRODUCTDEFINITIONSHAPE($,$,(#478));
#5334=IFCBUILDINGELEMENTPROXY('0t_xV$Txz7YgdsQ$sBmlsM',#5,'NL.IMGeo.G0772.8fbf9e04c18c4c82b219c5e7585ecac2',$,$,#5332,#5333,$,$);
#5335=IFCRELDEFINESBYPROPERTIES('2zRRuejAn6EPa_opHJXcKJ',#5,$,$,(#5334),#1851);
#5336=IFCCARTESIANPOINT((228.939251342934,22.3260396842961,0.));
#5337=IFCAXIS2PLACEMENT3D(#5336,$,$);
#5338=IFCLOCALPLACEMENT(#27,#5337);
#5339=IFCPRODUCTDEFINITIONSHAPE($,$,(#479));
#5340=IFCBUILDINGELEMENTPROXY('3MzhKinXDBJxofUoa41RSC',#5,'NL.IMGeo.G0772.a110b809147245f0a44162aeca189dc4',$,$,#5338,#5339,$,$);
#5341=IFCRELDEFINESBYPROPERTIES('0CMPJgoED0$AllDug5OJEr',#5,$,$,(#5340),#1861);
#5342=IFCCARTESIANPOINT((228.749526524916,23.8401643467369,0.));
#5343=IFCAXIS2PLACEMENT3D(#5342,$,$);
#5344=IFCLOCALPLACEMENT(#27,#5343);
#5345=IFCPRODUCTDEFINITIONSHAPE($,$,(#480));
#5346=IFCBUILDINGELEMENTPROXY('368LNDYVz0BuL1a2qPWL0c',#5,'NL.IMGeo.G0772.c75b27bb06a346e993ff4e6c98ac39b5',$,$,#5344,#5345,$,$);
#5347=IFCRELDEFINESBYPROPERTIES('1jou39M9T83fYRb_bO6XiF',#5,$,$,(#5346),#1871);
#5348=IFCCARTESIANPOINT((248.720134425006,-2.43518010590924,0.));
#5349=IFCAXIS2PLACEMENT3D(#5348,$,$);
#5350=IFCLOCALPLACEMENT(#27,#5349);
#5351=IFCPRODUCTDEFINITIONSHAPE($,$,(#481));
#5352=IFCBUILDINGELEMENTPROXY('2clzN4DVHFbf7UgQYVUY3D',#5,'NL.IMGeo.G0772.dfa8f3fa5599443380b8495b691d43d4',$,$,#5350,#5351,$,$);
#5353=IFCRELDEFINESBYPROPERTIES('2lbKfUUhn3WPLCxuZLp2PN',#5,$,$,(#5352),#1881);
#5354=IFCCARTESIANPOINT((246.898595075443,19.6995658695814,0.));
#5355=IFCAXIS2PLACEMENT3D(#5354,$,$);
#5356=IFCLOCALPLACEMENT(#27,#5355);
#5357=IFCPRODUCTDEFINITIONSHAPE($,$,(#482));
#5358=IFCBUILDINGELEMENTPROXY('3MRdoZMdXCoxaeYNrjUVkp',#5,'NL.IMGeo.G0772.f07af5cb77b149469af85315159a36cd',$,$,#5356,#5357,$,$);
#5359=IFCRELDEFINESBYPROPERTIES('2XMUg6qLTCBuVagnmYL0NE',#5,$,$,(#5358),#1891);
#5360=IFCCARTESIANPOINT((-233.90437140633,-6.28332200559089,0.));
#5361=IFCAXIS2PLACEMENT3D(#5360,$,$);
#5362=IFCLOCALPLACEMENT(#27,#5361);
#5363=IFCPRODUCTDEFINITIONSHAPE($,$,(#483));
#5364=IFCBUILDINGELEMENTPROXY('3AJ6u7a$PAieH3m0MREKgX',#5,'NL.IMGeo.G0772.016cae7c4f4d410894526824bb156377',$,$,#5362,#5363,$,$);
#5365=IFCRELDEFINESBYPROPERTIES('0Y6AOph4r2Mej8_hauKBUE',#5,$,$,(#5364),#1901);
#5366=IFCCARTESIANPOINT((-42.6865718824265,-152.130272560753,0.));
#5367=IFCAXIS2PLACEMENT3D(#5366,$,$);
#5368=IFCLOCALPLACEMENT(#27,#5367);
#5369=IFCPRODUCTDEFINITIONSHAPE($,$,(#484));
#5370=IFCBUILDINGELEMENTPROXY('3v045h0WbEffvqgJLc$zQw',#5,'NL.IMGeo.G0772.08e3c2c406ea41319bbef4c6d4ec7dd9',$,$,#5368,#5369,$,$);
#5371=IFCRELDEFINESBYPROPERTIES('29BcrAkIHFChSaOOt_96ko',#5,$,$,(#5370),#1911);
#5372=IFCCARTESIANPOINT((3.68457903913804,-176.836308831407,0.));
#5373=IFCAXIS2PLACEMENT3D(#5372,$,$);
#5374=IFCLOCALPLACEMENT(#27,#5373);
#5375=IFCPRODUCTDEFINITIONSHAPE($,$,(#485));
#5376=IFCBUILDINGELEMENTPROXY('1f0Ez0jjP7OPEyHcTNn4B3',#5,'NL.IMGeo.G0772.0a619b70aae249cda9eb875c4b800c2b',$,$,#5374,#5375,$,$);
#5377=IFCRELDEFINESBYPROPERTIES('0VcZ1$sfXBIPa7HH1wlLB_',#5,$,$,(#5376),#1921);
#5378=IFCCARTESIANPOINT((27.7451657933125,-148.782555730548,0.));
#5379=IFCAXIS2PLACEMENT3D(#5378,$,$);
#5380=IFCLOCALPLACEMENT(#27,#5379);
#5381=IFCPRODUCTDEFINITIONSHAPE($,$,(#486));
#5382=IFCBUILDINGELEMENTPROXY('2oO2XjsSj4$R4qmDfL5PK_',#5,'NL.IMGeo.G0772.0ccbd87dd8ed436d86eb02a59ada8e11',$,$,#5380,#5381,$,$);
#5383=IFCRELDEFINESBYPROPERTIES('0xTTV0YdTBcgKYh1SN8B6m',#5,$,$,(#5382),#1931);
#5384=IFCCARTESIANPOINT((-81.1099441596598,-206.972277564579,0.));
#5385=IFCAXIS2PLACEMENT3D(#5384,$,$);
#5386=IFCLOCALPLACEMENT(#27,#5385);
#5387=IFCPRODUCTDEFINITIONSHAPE($,$,(#487));
#5388=IFCBUILDINGELEMENTPROXY('3E0F5Ufkv20O5CZGw3_Cpu',#5,'NL.IMGeo.G0772.0ce26fa582554d9caca6d9ae5d7a6cd7',$,$,#5386,#5387,$,$);
#5389=IFCRELDEFINESBYPROPERTIES('3ANXKDjKr6OPqyH0vfiA_K',#5,$,$,(#5388),#1941);
#5390=IFCCARTESIANPOINT((-63.8798553062952,-126.100388010149,0.));
#5391=IFCAXIS2PLACEMENT3D(#5390,$,$);
#5392=IFCLOCALPLACEMENT(#27,#5391);
#5393=IFCPRODUCTDEFINITIONSHAPE($,$,(#488));
#5394=IFCBUILDINGELEMENTPROXY('0y4uFAw0z2qv8k$nOmm1mt',#5,'NL.IMGeo.G0772.0fba8ca654db4d51ad1a9389a6badd90',$,$,#5392,#5393,$,$);
#5395=IFCRELDEFINESBYPROPERTIES('1KnIkLkD1Dqg7S883WHg_N',#5,$,$,(#5394),#1951);
#5396=IFCCARTESIANPOINT((-113.600047879474,-6.3154119051178,0.));
#5397=IFCAXIS2PLACEMENT3D(#5396,$,$);
#5398=IFCLOCALPLACEMENT(#27,#5397);
#5399=IFCPRODUCTDEFINITIONSHAPE($,$,(#489));
#5400=IFCBUILDINGELEMENTPROXY('0lxGZcY9f7XPsCtGZ4NMQ6',#5,'NL.IMGeo.G0772.1322a3cb4eac41f5b67aa36ec23c3680',$,$,#5398,#5399,$,$);
#5401=IFCRELDEFINESBYPROPERTIES('1fwR24kGrFyeCszres7EGF',#5,$,$,(#5400),#1961);
#5402=IFCCARTESIANPOINT((-2.50322934557335,-115.816636229923,0.));
#5403=IFCAXIS2PLACEMENT3D(#5402,$,$);
#5404=IFCLOCALPLACEMENT(#27,#5403);
#5405=IFCPRODUCTDEFINITIONSHAPE($,$,(#490));
#5406=IFCBUILDINGELEMENTPROXY('0EPCeGvR1Ds8Qbkj$ilxYq',#5,'NL.IMGeo.G0772.1542faa475464ba2b02400c21f30bac8',$,$,#5404,#5405,$,$);
#5407=IFCRELDEFINESBYPROPERTIES('08GseMrZLCqeAH9iAKYq_c',#5,$,$,(#5406),#1971);
#5408=IFCCARTESIANPOINT((-169.209012642299,-148.797746466356,0.));
#5409=IFCAXIS2PLACEMENT3D(#5408,$,$);
#5410=IFCLOCALPLACEMENT(#27,#5409);
#5411=IFCPRODUCTDEFINITIONSHAPE($,$,(#491));
#5412=IFCBUILDINGELEMENTPROXY('1kLfF7NXDB0u17HHvmBG3R',#5,'NL.IMGeo.G0772.157461bfee4344aa9aa94c1400eb4ca6',$,$,#5410,#5411,$,$);
#5413=IFCRELDEFINESBYPROPERTIES('2oc03Yl2906Q4xnxmGjg8h',#5,$,$,(#5412),#1981);
#5414=IFCCARTESIANPOINT((-1.66494607154164,-117.173287309823,0.));
#5415=IFCAXIS2PLACEMENT3D(#5414,$,$);
#5416=IFCLOCALPLACEMENT(#27,#5415);
#5417=IFCPRODUCTDEFINITIONSHAPE($,$,(#492));
#5418=IFCBUILDINGELEMENTPROXY('1$J_qbyIz6FPVDU2uR6dOz',#5,'NL.IMGeo.G0772.16ee64fcbad64d00acfa7a8ad96e66cf',$,$,#5416,#5417,$,$);
#5419=IFCRELDEFINESBYPROPERTIES('2Vy0xrokD8mQlPQQoSyO8N',#5,$,$,(#5418),#1991);
#5420=IFCCARTESIANPOINT((-121.364051624871,-123.141811729118,0.));
#5421=IFCAXIS2PLACEMENT3D(#5420,$,$);
#5422=IFCLOCALPLACEMENT(#27,#5421);
#5423=IFCPRODUCTDEFINITIONSHAPE($,$,(#493));
#5424=IFCBUILDINGELEMENTPROXY('0qGQgPHDn33viQUefvi8du',#5,'NL.IMGeo.G0772.1f550c903e8b42b187f477b1c4533705',$,$,#5422,#5423,$,$);
#5425=IFCRELDEFINESBYPROPERTIES('2Jo1RZfnv4lAJeFh5mX686',#5,$,$,(#5424),#2001);
#5426=IFCCARTESIANPOINT((-12.4895347341371,-227.566231999604,0.));
#5427=IFCAXIS2PLACEMENT3D(#5426,$,$);
#5428=IFCLOCALPLACEMENT(#27,#5427);
#5429=IFCPRODUCTDEFINITIONSHAPE($,$,(#494));
#5430=IFCBUILDINGELEMENTPROXY('22IfquJ$fE78c$Ghxz9QWf',#5,'NL.IMGeo.G0772.1fc3d553b8064764a4b798f4623eb6c7',$,$,#5428,#5429,$,$);
#5431=IFCRELDEFINESBYPROPERTIES('1ADRt3NAv0h8iDu7tIGxlk',#5,$,$,(#5430),#2011);
#5432=IFCCARTESIANPOINT((28.9743196890922,-192.387337185151,0.));
#5433=IFCAXIS2PLACEMENT3D(#5432,$,$);
#5434=IFCLOCALPLACEMENT(#27,#5433);
#5435=IFCPRODUCTDEFINITIONSHAPE($,$,(#495));
#5436=IFCBUILDINGELEMENTPROXY('2QV8Q3vAvDTu_Xy2IE4EmX',#5,'NL.IMGeo.G0772.20ddeaadc6894c09874e1096d048adc0',$,$,#5434,#5435,$,$);
#5437=IFCRELDEFINESBYPROPERTIES('1JYVPfSmbF$xfVp526XAAt',#5,$,$,(#5436),#2021);
#5438=IFCCARTESIANPOINT((-92.9186806900252,-117.37492605485,0.));
#5439=IFCAXIS2PLACEMENT3D(#5438,$,$);
#5440=IFCLOCALPLACEMENT(#27,#5439);
#5441=IFCPRODUCTDEFINITIONSHAPE($,$,(#496));
#5442=IFCBUILDINGELEMENTPROXY('37KaDGm5LDNueiCvtQjtIq',#5,'NL.IMGeo.G0772.224b1912531b42a1a3b652f7b7290a9e',$,$,#5440,#5441,$,$);
#5443=IFCRELDEFINESBYPROPERTIES('0NmUUXcQnAqRS2T6$lv6pd',#5,$,$,(#5442),#2031);
#5444=IFCCARTESIANPOINT((12.5180964846804,-152.451326269598,0.));
#5445=IFCAXIS2PLACEMENT3D(#5444,$,$);
#5446=IFCLOCALPLACEMENT(#27,#5445);
#5447=IFCPRODUCTDEFINITIONSHAPE($,$,(#497));
#5448=IFCBUILDINGELEMENTPROXY('3WTS4Es59FNQ9oFCYOHelZ',#5,'NL.IMGeo.G0772.231e8fd59b5c4ddba7dc8755a3be242e',$,$,#5446,#5447,$,$);
#5449=IFCRELDEFINESBYPROPERTIES('3IMamvlS91aemHMvfU7Esh',#5,$,$,(#5448),#2041);
#5450=IFCCARTESIANPOINT((37.2550020127965,-140.551858975145,0.));
#5451=IFCAXIS2PLACEMENT3D(#5450,$,$);
#5452=IFCLOCALPLACEMENT(#27,#5451);
#5453=IFCPRODUCTDEFINITIONSHAPE($,$,(#498));
#5454=IFCBUILDINGELEMENTPROXY('1ix4f4xNf8phsCMQw663cm',#5,'NL.IMGeo.G0772.273d35393a614eddbc255ed5b1abd8a1',$,$,#5452,#5453,$,$);
#5455=IFCRELDEFINESBYPROPERTIES('0cC586UprDeQw3GrE77kLg',#5,$,$,(#5454),#2051);
#5456=IFCCARTESIANPOINT((34.7204045363469,-141.650578972476,0.));
#5457=IFCAXIS2PLACEMENT3D(#5456,$,$);
#5458=IFCLOCALPLACEMENT(#27,#5457);
#5459=IFCPRODUCTDEFINITIONSHAPE($,$,(#499));
#5460=IFCBUILDINGELEMENTPROXY('2P_imXYK170P5XWmw4F45Y',#5,'NL.IMGeo.G0772.29d31261919b4e81ab66e284f81ecd52',$,$,#5458,#5459,$,$);
#5461=IFCRELDEFINESBYPROPERTIES('3bLHlcwvr7RP$9B3Sr$2nw',#5,$,$,(#5460),#2061);
#5462=IFCCARTESIANPOINT((-261.423247277417,-66.9339289175696,0.));
#5463=IFCAXIS2PLACEMENT3D(#5462,$,$);
#5464=IFCLOCALPLACEMENT(#27,#5463);
#5465=IFCPRODUCTDEFINITIONSHAPE($,$,(#500));
#5466=IFCBUILDINGELEMENTPROXY('1o5BGQyV9EWhMYnAxUOn55',#5,'NL.IMGeo.G0772.2c88076546a242ce8f2d14fe47a2d8e8',$,$,#5464,#5465,$,$);
#5467=IFCRELDEFINESBYPROPERTIES('1pgGlAEtv4BPClafg2qisD',#5,$,$,(#5466),#2071);
#5468=IFCCARTESIANPOINT((-20.1491834938352,-209.09171122429,0.));
#5469=IFCAXIS2PLACEMENT3D(#5468,$,$);
#5470=IFCLOCALPLACEMENT(#27,#5469);
#5471=IFCPRODUCTDEFINITIONSHAPE($,$,(#501));
#5472=IFCBUILDINGELEMENTPROXY('1yFcgL245Bau5mYOAsP7rv',#5,'NL.IMGeo.G0772.2f80f6897490485ca329479223fbc6ef',$,$,#5470,#5471,$,$);
#5473=IFCRELDEFINESBYPROPERTIES('0IYoS7ykz6v89nUa4IRtyh',#5,$,$,(#5472),#2081);
#5474=IFCCARTESIANPOINT((15.1735778375587,-204.713259679906,0.));
#5475=IFCAXIS2PLACEMENT3D(#5474,$,$);
#5476=IFCLOCALPLACEMENT(#27,#5475);
#5477=IFCPRODUCTDEFINITIONSHAPE($,$,(#502));
#5478=IFCBUILDINGELEMENTPROXY('3rPfTWAj9EdPkYF6eYvlVO',#5,'NL.IMGeo.G0772.3877e7722e524a4781a0645970340eae',$,$,#5476,#5477,$,$);
#5479=IFCRELDEFINESBYPROPERTIES('1rRwMusXbB6g7IkJ4ETkkc',#5,$,$,(#5478),#2091);
#5480=IFCCARTESIANPOINT((-113.58537568539,-6.29769957269309,0.));
#5481=IFCAXIS2PLACEMENT3D(#5480,$,$);
#5482=IFCLOCALPLACEMENT(#27,#5481);
#5483=IFCPRODUCTDEFINITIONSHAPE($,$,(#503));
#5484=IFCBUILDINGELEMENTPROXY('1a3cArVDTCeQwL$97SxrID',#5,'NL.IMGeo.G0772.38efc3068dc949a0bea81ce2aa39c649',$,$,#5482,#5483,$,$);
#5485=IFCRELDEFINESBYPROPERTIES('1hD2YEJTL44vjiRm9cmrAY',#5,$,$,(#5484),#2101);
#5486=IFCCARTESIANPOINT((-247.033476782206,-56.0633394626784,0.));
#5487=IFCAXIS2PLACEMENT3D(#5486,$,$);
#5488=IFCLOCALPLACEMENT(#27,#5487);
#5489=IFCPRODUCTDEFINITIONSHAPE($,$,(#504));
#5490=IFCBUILDINGELEMENTPROXY('2Na0WToArAtuh8rKHBX35h',#5,'NL.IMGeo.G0772.3a92054fc0ad4bf4b87dfdc29a8478ea',$,$,#5488,#5489,$,$);
#5491=IFCRELDEFINESBYPROPERTIES('2mmH8QfVj8IPQx9F_XkV5w',#5,$,$,(#5490),#2111);
#5492=IFCCARTESIANPOINT((-163.292988276429,-48.7212630663998,0.));
#5493=IFCAXIS2PLACEMENT3D(#5492,$,$);
#5494=IFCLOCALPLACEMENT(#27,#5493);
#5495=IFCPRODUCTDEFINITIONSHAPE($,$,(#505));
#5496=IFCBUILDINGELEMENTPROXY('2HddZtOUfE$RPK_gRvdNXI',#5,'NL.IMGeo.G0772.3afb432846e8431d82b0542b170bca04',$,$,#5494,#5495,$,$);
#5497=IFCRELDEFINESBYPROPERTIES('2EZnGYDSf9FAwtMWFi596l',#5,$,$,(#5496),#2121);
#5498=IFCCARTESIANPOINT((-12.1145599262964,-93.9451345789712,0.));
#5499=IFCAXIS2PLACEMENT3D(#5498,$,$);
#5500=IFCLOCALPLACEMENT(#27,#5499);
#5501=IFCPRODUCTDEFINITIONSHAPE($,$,(#506));
#5502=IFCBUILDINGELEMENTPROXY('3Ch$$f6HTD9BCCC_ui17Yd',#5,'NL.IMGeo.G0772.3d96bb4e295a4440bf2456db03604bf9',$,$,#5500,#5501,$,$);
#5503=IFCRELDEFINESBYPROPERTIES('0MORWKPhr3kwjjGnK44E59',#5,$,$,(#5502),#2131);
#5504=IFCCARTESIANPOINT((-24.505361742602,-89.99194266001,0.));
#5505=IFCAXIS2PLACEMENT3D(#5504,$,$);
#5506=IFCLOCALPLACEMENT(#27,#5505);
#5507=IFCPRODUCTDEFINITIONSHAPE($,$,(#507));
#5508=IFCBUILDINGELEMENTPROXY('3hxGlnB0r2HOiCrMA0yklb',#5,'NL.IMGeo.G0772.473cc52ebee24f7899ac1d425a4a8d83',$,$,#5506,#5507,$,$);
#5509=IFCRELDEFINESBYPROPERTIES('0F2gSD6g556vVjpwTAoerx',#5,$,$,(#5508),#2141);
#5510=IFCCARTESIANPOINT((-70.8422760631365,-109.08382680628,0.));
#5511=IFCAXIS2PLACEMENT3D(#5510,$,$);
#5512=IFCLOCALPLACEMENT(#27,#5511);
#5513=IFCPRODUCTDEFINITIONSHAPE($,$,(#508));
#5514=IFCBUILDINGELEMENTPROXY('2xPby8NMr6Rekp07spyTBN',#5,'NL.IMGeo.G0772.4b9aba087c8545119623baa28df21245',$,$,#5512,#5513,$,$);
#5515=IFCRELDEFINESBYPROPERTIES('1hawIOYtDAT8K_nuUqq$QC',#5,$,$,(#5514),#2151);
#5516=IFCCARTESIANPOINT((-152.099001474533,-49.306750452437,0.));
#5517=IFCAXIS2PLACEMENT3D(#5516,$,$);
#5518=IFCLOCALPLACEMENT(#27,#5517);
#5519=IFCPRODUCTDEFINITIONSHAPE($,$,(#509));
#5520=IFCBUILDINGELEMENTPROXY('2vJRF34$r30h65FYEkWiwJ',#5,'NL.IMGeo.G0772.4e29618e3fca435ab6bc6fa51762f835',$,$,#5518,#5519,$,$);
#5521=IFCRELDEFINESBYPROPERTIES('0idmkEWbr5xxpluhYwpZc0',#5,$,$,(#5520),#2161);
#5522=IFCCARTESIANPOINT((-33.4482330105675,-163.333128084545,0.));
#5523=IFCAXIS2PLACEMENT3D(#5522,$,$);
#5524=IFCLOCALPLACEMENT(#27,#5523);
#5525=IFCPRODUCTDEFINITIONSHAPE($,$,(#510));
#5526=IFCBUILDINGELEMENTPROXY('1RP3QlHo96bejue0izUx2q',#5,'NL.IMGeo.G0772.51e58eee50a846dc934c5cad4cb7b738',$,$,#5524,#5525,$,$);
#5527=IFCRELDEFINESBYPROPERTIES('0yGQr6Rkr44ACIthVH1dP9',#5,$,$,(#5526),#2171);
#5528=IFCCARTESIANPOINT((-0.240049526590155,-211.251769944385,0.));
#5529=IFCAXIS2PLACEMENT3D(#5528,$,$);
#5530=IFCLOCALPLACEMENT(#27,#5529);
#5531=IFCPRODUCTDEFINITIONSHAPE($,$,(#511));
#5532=IFCBUILDINGELEMENTPROXY('1UciupsyL8xPmBhyPgu86z',#5,'NL.IMGeo.G0772.56b8a87e1b5a41bbbb465158f692fc10',$,$,#5530,#5531,$,$);
#5533=IFCRELDEFINESBYPROPERTIES('0kdmNT1urEARiR2ir$jVid',#5,$,$,(#5532),#2181);
#5534=IFCCARTESIANPOINT((-155.987723189843,-192.192219123768,0.));
#5535=IFCAXIS2PLACEMENT3D(#5534,$,$);
#5536=IFCLOCALPLACEMENT(#27,#5535);
#5537=IFCPRODUCTDEFINITIONSHAPE($,$,(#512));
#5538=IFCBUILDINGELEMENTPROXY('1Y_0XJkif5VOpAQ3ZbjjNM',#5,'NL.IMGeo.G0772.5b96d7e95819421ab50f6c6e734687a4',$,$,#5536,#5537,$,$);
#5539=IFCRELDEFINESBYPROPERTIES('1t$ZBct8H6qQUtxp_SLQsM',#5,$,$,(#5538),#2191);
#5540=IFCCARTESIANPOINT((1.39549591008108,-159.026634510199,0.));
#5541=IFCAXIS2PLACEMENT3D(#5540,$,$);
#5542=IFCLOCALPLACEMENT(#27,#5541);
#5543=IFCPRODUCTDEFINITIONSHAPE($,$,(#513));
#5544=IFCBUILDINGELEMENTPROXY('0B1049HtTA9PLuYe4wChF_',#5,'NL.IMGeo.G0772.5d5a7ae46a464290afe9d1edc35cd53e',$,$,#5542,#5543,$,$);
#5545=IFCRELDEFINESBYPROPERTIES('0TJnjIyL13EQ37Qx71CyDa',#5,$,$,(#5544),#2201);
#5546=IFCCARTESIANPOINT((-125.767137525254,-170.837058667967,0.));
#5547=IFCAXIS2PLACEMENT3D(#5546,$,$);
#5548=IFCLOCALPLACEMENT(#27,#5547);
#5549=IFCPRODUCTDEFINITIONSHAPE($,$,(#514));
#5550=IFCBUILDINGELEMENTPROXY('0KDaWCkN51dubhmIw9XO8i',#5,'NL.IMGeo.G0772.6082b5620aca4f15b09f2c3dfa83d7f3',$,$,#5548,#5549,$,$);
#5551=IFCRELDEFINESBYPROPERTIES('3oJMawEhD5gfjP334a0MP_',#5,$,$,(#5550),#2211);
#5552=IFCCARTESIANPOINT((-161.505259076628,-53.140721099684,0.));
#5553=IFCAXIS2PLACEMENT3D(#5552,$,$);
#5554=IFCLOCALPLACEMENT(#27,#5553);
#5555=IFCPRODUCTDEFINITIONSHAPE($,$,(#515));
#5556=IFCBUILDINGELEMENTPROXY('2uOjX0DPnAkPWtetsFbjnP',#5,'NL.IMGeo.G0772.65f319dd061f4a5e95fb2353b67b20da',$,$,#5554,#5555,$,$);
#5557=IFCRELDEFINESBYPROPERTIES('118piEiVH7th2JDbzF5cHP',#5,$,$,(#5556),#2221);
#5558=IFCCARTESIANPOINT((-11.7628056294052,-182.780696680595,0.));
#5559=IFCAXIS2PLACEMENT3D(#5558,$,$);
#5560=IFCLOCALPLACEMENT(#27,#5559);
#5561=IFCPRODUCTDEFINITIONSHAPE($,$,(#516));
#5562=IFCBUILDINGELEMENTPROXY('30WGSyKC9CjAAm6G5e7znO',#5,'NL.IMGeo.G0772.6b661be6225e47fe9ed9a8105e1321e6',$,$,#5560,#5561,$,$);
#5563=IFCRELDEFINESBYPROPERTIES('3qBGMvMNvEsehjN1Xgljh4',#5,$,$,(#5562),#2231);
#5564=IFCCARTESIANPOINT((-28.0372776566364,-231.821205091896,0.));
#5565=IFCAXIS2PLACEMENT3D(#5564,$,$);
#5566=IFCLOCALPLACEMENT(#27,#5565);
#5567=IFCPRODUCTDEFINITIONSHAPE($,$,(#517));
#5568=IFCBUILDINGELEMENTPROXY('1TBJymgWz26gOs4F2ktHxk',#5,'NL.IMGeo.G0772.75e39e9da89f4530943a3f7e7372026f',$,$,#5566,#5567,$,$);
#5569=IFCRELDEFINESBYPROPERTIES('3wHSBvHJH3yfMTmJ0$30$P',#5,$,$,(#5568),#2241);
#5570=IFCCARTESIANPOINT((35.2050085488299,-179.941820790351,0.));
#5571=IFCAXIS2PLACEMENT3D(#5570,$,$);
#5572=IFCLOCALPLACEMENT(#27,#5571);
#5573=IFCPRODUCTDEFINITIONSHAPE($,$,(#518));
#5574=IFCBUILDINGELEMENTPROXY('2O5QEIiTf43gN82AnjOAUN',#5,'NL.IMGeo.G0772.78b2eaf308ee491082ebe3652686b9c2',$,$,#5572,#5573,$,$);
#5575=IFCRELDEFINESBYPROPERTIES('3wHql9ahDEkxaxSaoHDyBC',#5,$,$,(#5574),#2251);
#5576=IFCCARTESIANPOINT((-170.358942316641,-158.102280992258,0.));
#5577=IFCAXIS2PLACEMENT3D(#5576,$,$);
#5578=IFCLOCALPLACEMENT(#27,#5577);
#5579=IFCPRODUCTDEFINITIONSHAPE($,$,(#519));
#5580=IFCBUILDINGELEMENTPROXY('0hKGNd5Lv1$R8ElgYy5us$',#5,'NL.IMGeo.G0772.7a2ef93381ce4ad4a73a9a81f98ec39f',$,$,#5578,#5579,$,$);
#5581=IFCRELDEFINESBYPROPERTIES('3nw53QddL1IBSR_6I0tMUh',#5,$,$,(#5580),#2261);
#5582=IFCCARTESIANPOINT((-133.256408048066,-16.0021693566232,0.));
#5583=IFCAXIS2PLACEMENT3D(#5582,$,$);
#5584=IFCLOCALPLACEMENT(#27,#5583);
#5585=IFCPRODUCTDEFINITIONSHAPE($,$,(#520));
#5586=IFCBUILDINGELEMENTPROXY('0O2SjnhxLFxOxM$TL5Comq',#5,'NL.IMGeo.G0772.7ab5ccffbab14c4cbd94481a252b3fcb',$,$,#5584,#5585,$,$);
#5587=IFCRELDEFINESBYPROPERTIES('2qtav2xh903wDAdpRQJODK',#5,$,$,(#5586),#2271);
#5588=IFCCARTESIANPOINT((-162.603480443591,-146.170574151445,0.));
#5589=IFCAXIS2PLACEMENT3D(#5588,$,$);
#5590=IFCLOCALPLACEMENT(#27,#5589);
#5591=IFCPRODUCTDEFINITIONSHAPE($,$,(#521));
#5592=IFCBUILDINGELEMENTPROXY('2FlWwH1bHA9vs1zDmUhVZ5',#5,'NL.IMGeo.G0772.7c01ffc60f8443078733b945eb302bb5',$,$,#5590,#5591,$,$);
#5593=IFCRELDEFINESBYPROPERTIES('2Az_9namr4FuXSlxNJGuIP',#5,$,$,(#5592),#2281);
#5594=IFCCARTESIANPOINT((-133.059865385905,-182.553453563654,0.));
#5595=IFCAXIS2PLACEMENT3D(#5594,$,$);
#5596=IFCLOCALPLACEMENT(#27,#5595);
#5597=IFCPRODUCTDEFINITIONSHAPE($,$,(#522));
#5598=IFCBUILDINGELEMENTPROXY('1iNkkNYbD2nRCmbOOAsp8s',#5,'NL.IMGeo.G0772.8632221ce5a445dd804f665983e8d9d6',$,$,#5596,#5597,$,$);
#5599=IFCRELDEFINESBYPROPERTIES('18YzuKOFD4kv4uvsYPXoeT',#5,$,$,(#5598),#2291);
#5600=IFCCARTESIANPOINT((-273.508435902506,-6.40112005412811,0.));
#5601=IFCAXIS2PLACEMENT3D(#5600,$,$);
#5602=IFCLOCALPLACEMENT(#27,#5601);
#5603=IFCPRODUCTDEFINITIONSHAPE($,$,(#523));
#5604=IFCBUILDINGELEMENTPROXY('2Cgp12YEf9vvIFM_l07QwB',#5,'NL.IMGeo.G0772.871504c0382748d29bc99aa687047bc6',$,$,#5602,#5603,$,$);
#5605=IFCRELDEFINESBYPROPERTIES('0BDbl_EXr879PPQZTlhScN',#5,$,$,(#5604),#2301);
#5606=IFCCARTESIANPOINT((-148.36148243997,-85.0724864082877,0.));
#5607=IFCAXIS2PLACEMENT3D(#5606,$,$);
#5608=IFCLOCALPLACEMENT(#27,#5607);
#5609=IFCPRODUCTDEFINITIONSHAPE($,$,(#524));
#5610=IFCBUILDINGELEMENTPROXY('33bWJcYknBjRhLUQYiTzQ6',#5,'NL.IMGeo.G0772.874f32c7c0ae43e0adb567732426668d',$,$,#5608,#5609,$,$);
#5611=IFCRELDEFINESBYPROPERTIES('0IZWt5$XP02B5lTOhZsi9N',#5,$,$,(#5610),#2311);
#5612=IFCCARTESIANPOINT((-145.115214281454,-139.126230062626,0.));
#5613=IFCAXIS2PLACEMENT3D(#5612,$,$);
#5614=IFCLOCALPLACEMENT(#27,#5613);
#5615=IFCPRODUCTDEFINITIONSHAPE($,$,(#525));
#5616=IFCBUILDINGELEMENTPROXY('2Al1ptzyb8e8_QMRcrYLA6',#5,'NL.IMGeo.G0772.88b4744251c440eb8efa6c5dbc1385f4',$,$,#5614,#5615,$,$);
#5617=IFCRELDEFINESBYPROPERTIES('3urshsWHf6QvQrk5PqcyWV',#5,$,$,(#5616),#2321);
#5618=IFCCARTESIANPOINT((-272.946646323981,-15.3965296873939,0.));
#5619=IFCAXIS2PLACEMENT3D(#5618,$,$);
#5620=IFCLOCALPLACEMENT(#27,#5619);
#5621=IFCPRODUCTDEFINITIONSHAPE($,$,(#526));
#5622=IFCBUILDINGELEMENTPROXY('3yjJ$7ijrAsRLSFyLwr8f1',#5,'NL.IMGeo.G0772.8a2fcf2c2b76442ab3fc400725df93aa',$,$,#5620,#5621,$,$);
#5623=IFCRELDEFINESBYPROPERTIES('3o$tkylnfFtOkMPlaMzmpR',#5,$,$,(#5622),#2331);
#5624=IFCCARTESIANPOINT((-169.773982005776,-6.11730895086657,0.));
#5625=IFCAXIS2PLACEMENT3D(#5624,$,$);
#5626=IFCLOCALPLACEMENT(#27,#5625);
#5627=IFCPRODUCTDEFINITIONSHAPE($,$,(#527));
#5628=IFCBUILDINGELEMENTPROXY('2NChsnZqT0DA3Ywjm3BYVK',#5,'NL.IMGeo.G0772.8ba02cebdfd54524969e909bd375d18c',$,$,#5626,#5627,$,$);
#5629=IFCRELDEFINESBYPROPERTIES('20$xWd7018ZPb$aq$ViPhi',#5,$,$,(#5628),#2341);
#5630=IFCCARTESIANPOINT((-163.997723067965,-30.1762178555364,0.));
#5631=IFCAXIS2PLACEMENT3D(#5630,$,$);
#5632=IFCLOCALPLACEMENT(#27,#5631);
#5633=IFCPRODUCTDEFINITIONSHAPE($,$,(#528));
#5634=IFCBUILDINGELEMENTPROXY('1j6Uo4OPX6leHCuVE5LZvw',#5,'NL.IMGeo.G0772.8e79ca9eadf54248b0ceb75718e2f0da',$,$,#5632,#5633,$,$);
#5635=IFCRELDEFINESBYPROPERTIES('0bSvscDf93ihBmy7jwqVJN',#5,$,$,(#5634),#2351);
#5636=IFCCARTESIANPOINT((-212.550687818934,80.5870896559791,0.));
#5637=IFCAXIS2PLACEMENT3D(#5636,$,$);
#5638=IFCLOCALPLACEMENT(#27,#5637);
#5639=IFCPRODUCTDEFINITIONSHAPE($,$,(#529));
#5640=IFCBUILDINGELEMENTPROXY('327_Jp_ob5L8XsTewk1btd',#5,'NL.IMGeo.G0772.953dd8a6074348959bb910c4de0dc1bc',$,$,#5638,#5639,$,$);
#5641=IFCRELDEFINESBYPROPERTIES('1455XSB0b8beGEBYH31Z_7',#5,$,$,(#5640),#2361);
#5642=IFCCARTESIANPOINT((-209.819849863037,-15.4795572151197,0.));
#5643=IFCAXIS2PLACEMENT3D(#5642,$,$);
#5644=IFCLOCALPLACEMENT(#27,#5643);
#5645=IFCPRODUCTDEFINITIONSHAPE($,$,(#530));
#5646=IFCBUILDINGELEMENTPROXY('2l$_$4FsbD2AV5ReEKSDkw',#5,'NL.IMGeo.G0772.992d9832e5604747b39f699cb7c08c75',$,$,#5644,#5645,$,$);
#5647=IFCRELDEFINESBYPROPERTIES('3H$3q4xeT6QAEDhasciuAX',#5,$,$,(#5646),#2371);
#5648=IFCCARTESIANPOINT((-217.259104017052,17.8208103899378,0.));
#5649=IFCAXIS2PLACEMENT3D(#5648,$,$);
#5650=IFCLOCALPLACEMENT(#27,#5649);
#5651=IFCPRODUCTDEFINITIONSHAPE($,$,(#531));
#5652=IFCBUILDINGELEMENTPROXY('1SPpv1qiXE0hfdsWNH5a3w',#5,'NL.IMGeo.G0772.9b359ae87da94d5480bd2d4abeed5ace',$,$,#5650,#5651,$,$);
#5653=IFCRELDEFINESBYPROPERTIES('1VHDRJPX58yfZDrhgK988l',#5,$,$,(#5652),#2381);
#5654=IFCCARTESIANPOINT((-131.701047737413,-123.264922930801,0.));
#5655=IFCAXIS2PLACEMENT3D(#5654,$,$);
#5656=IFCLOCALPLACEMENT(#27,#5655);
#5657=IFCPRODUCTDEFINITIONSHAPE($,$,(#532));
#5658=IFCBUILDINGELEMENTPROXY('3drCdV4KDFcPgKNK5tPgop',#5,'NL.IMGeo.G0772.a0c8320a113f455696841a80c9c71e1b',$,$,#5656,#5657,$,$);
#5659=IFCRELDEFINESBYPROPERTIES('36u0eRm6r3IxGXRwLv6Bi8',#5,$,$,(#5658),#2391);
#5660=IFCCARTESIANPOINT((5.82788370916387,-135.565458657395,0.));
#5661=IFCAXIS2PLACEMENT3D(#5660,$,$);
#5662=IFCLOCALPLACEMENT(#27,#5661);
#5663=IFCPRODUCTDEFINITIONSHAPE($,$,(#533));
#5664=IFCBUILDINGELEMENTPROXY('0byqg$QQj4pQr34ees2YaX',#5,'NL.IMGeo.G0772.a97c2c7b4f794caba75e460fd79d9584',$,$,#5662,#5663,$,$);
#5665=IFCRELDEFINESBYPROPERTIES('1gbOXlNe5AQhwvrRnpnl6E',#5,$,$,(#5664),#2401);
#5666=IFCCARTESIANPOINT((-284.708185375872,-58.5610546949902,0.));
#5667=IFCAXIS2PLACEMENT3D(#5666,$,$);
#5668=IFCLOCALPLACEMENT(#27,#5667);
#5669=IFCPRODUCTDEFINITIONSHAPE($,$,(#534));
#5670=IFCBUILDINGELEMENTPROXY('0GaohP83z1Z8jbB2xK5ZoC',#5,'NL.IMGeo.G0772.b0d9f6b2d11e41129e81a781ff327c99',$,$,#5668,#5669,$,$);
#5671=IFCRELDEFINESBYPROPERTIES('0kTludJmDBjRZ_oCrfrls7',#5,$,$,(#5670),#2411);
#5672=IFCCARTESIANPOINT((-184.294415069831,-154.966671299597,0.));
#5673=IFCAXIS2PLACEMENT3D(#5672,$,$);
#5674=IFCLOCALPLACEMENT(#27,#5673);
#5675=IFCPRODUCTDEFINITIONSHAPE($,$,(#535));
#5676=IFCBUILDINGELEMENTPROXY('34dsTiy0P5nRa7vQmNcqYj',#5,'NL.IMGeo.G0772.b6a784648d8048858da15fcd210e9867',$,$,#5674,#5675,$,$);
#5677=IFCRELDEFINESBYPROPERTIES('0UwsAd3y5F1PGVpopS5HYr',#5,$,$,(#5676),#2421);
#5678=IFCCARTESIANPOINT((-156.809862512426,-64.4149432060658,0.));
#5679=IFCAXIS2PLACEMENT3D(#5678,$,$);
#5680=IFCLOCALPLACEMENT(#27,#5679);
#5681=IFCPRODUCTDEFINITIONSHAPE($,$,(#536));
#5682=IFCBUILDINGELEMENTPROXY('2$O$0MfMTAJuFSZv_9P8nn',#5,'NL.IMGeo.G0772.b78a5fec07164013918a77bc4608ee56',$,$,#5680,#5681,$,$);
#5683=IFCRELDEFINESBYPROPERTIES('0iyyAT3pbE6e9bl0pTfsmJ',#5,$,$,(#5682),#2431);
#5684=IFCCARTESIANPOINT((-58.9793901634694,-198.024827155576,0.));
#5685=IFCAXIS2PLACEMENT3D(#5684,$,$);
#5686=IFCLOCALPLACEMENT(#27,#5685);
#5687=IFCPRODUCTDEFINITIONSHAPE($,$,(#537));
#5688=IFCBUILDINGELEMENTPROXY('0PeUgbzf1BnAQAmTjd4Yh7',#5,'NL.IMGeo.G0772.b9b2f7ebe8a647f9b32fbcfafaa56730',$,$,#5686,#5687,$,$);
#5689=IFCRELDEFINESBYPROPERTIES('33I74b6If7duwDOrJ4xRtp',#5,$,$,(#5688),#2441);
#5690=IFCCARTESIANPOINT((21.5947576166654,-174.414923417964,0.));
#5691=IFCAXIS2PLACEMENT3D(#5690,$,$);
#5692=IFCLOCALPLACEMENT(#27,#5691);
#5693=IFCPRODUCTDEFINITIONSHAPE($,$,(#538));
#5694=IFCBUILDINGELEMENTPROXY('03oIfmRnj1SxXggKWFrXzW',#5,'NL.IMGeo.G0772.baef46fa84f4488aa452d1db579256a2',$,$,#5692,#5693,$,$);
#5695=IFCRELDEFINESBYPROPERTIES('1Gqbzsolv0phnj5MCh0lDg',#5,$,$,(#5694),#2451);
#5696=IFCCARTESIANPOINT((-17.5651738362503,-249.115524811787,0.));
#5697=IFCAXIS2PLACEMENT3D(#5696,$,$);
#5698=IFCLOCALPLACEMENT(#27,#5697);
#5699=IFCPRODUCTDEFINITIONSHAPE($,$,(#539));
#5700=IFCBUILDINGELEMENTPROXY('0wTNN6$Yr1sfnvg5sYClVe',#5,'NL.IMGeo.G0772.bc728686366b464c9dcac06af87873cd',$,$,#5698,#5699,$,$);
#5701=IFCRELDEFINESBYPROPERTIES('2EJhKgnpb8dwUINNW9_K63',#5,$,$,(#5700),#2461);
#5702=IFCCARTESIANPOINT((-56.3415363859385,-111.908563044504,0.));
#5703=IFCAXIS2PLACEMENT3D(#5702,$,$);
#5704=IFCLOCALPLACEMENT(#27,#5703);
#5705=IFCPRODUCTDEFINITIONSHAPE($,$,(#540));
#5706=IFCBUILDINGELEMENTPROXY('1mIzya1r5DuQ5cb5mx_Czg',#5,'NL.IMGeo.G0772.c0bac602439e448ca9ccfc3d83d6cbc3',$,$,#5704,#5705,$,$);
#5707=IFCRELDEFINESBYPROPERTIES('2JN29R1UP6efLdmNH85Ij8',#5,$,$,(#5706),#2471);
#5708=IFCCARTESIANPOINT((-122.013506317599,-150.063849051774,0.));
#5709=IFCAXIS2PLACEMENT3D(#5708,$,$);
#5710=IFCLOCALPLACEMENT(#27,#5709);
#5711=IFCPRODUCTDEFINITIONSHAPE($,$,(#541));
#5712=IFCBUILDINGELEMENTPROXY('18nu$MfPj5WAF_dCC2hvJq',#5,'NL.IMGeo.G0772.c20db4f299d24fb4bf336e0e97b46e0b',$,$,#5710,#5711,$,$);
#5713=IFCRELDEFINESBYPROPERTIES('1GFzmStr13wu9gZSS5COTJ',#5,$,$,(#5712),#2481);
#5714=IFCCARTESIANPOINT((-123.816633990005,-120.347952437412,0.));
#5715=IFCAXIS2PLACEMENT3D(#5714,$,$);
#5716=IFCLOCALPLACEMENT(#27,#5715);
#5717=IFCPRODUCTDEFINITIONSHAPE($,$,(#542));
#5718=IFCBUILDINGELEMENTPROXY('1yaSG06c13YAAgpOENwfjI',#5,'NL.IMGeo.G0772.c223729fe2bb42fb9def0a675d09a812',$,$,#5716,#5717,$,$);
#5719=IFCRELDEFINESBYPROPERTIES('3j0$WJQaLE9hJFrIU_DOas',#5,$,$,(#5718),#2491);
#5720=IFCCARTESIANPOINT((-276.52128831044,-78.294296735723,0.));
#5721=IFCAXIS2PLACEMENT3D(#5720,$,$);
#5722=IFCLOCALPLACEMENT(#27,#5721);
#5723=IFCPRODUCTDEFINITIONSHAPE($,$,(#543));
#5724=IFCBUILDINGELEMENTPROXY('1qG2WXebLBYQl_9nq3Up46',#5,'NL.IMGeo.G0772.c25186a81018406fb9baaf61f5b16ef7',$,$,#5722,#5723,$,$);
#5725=IFCRELDEFINESBYPROPERTIES('3Y51KItC9EVviRwbz_5E3p',#5,$,$,(#5724),#2501);
#5726=IFCCARTESIANPOINT((10.8861115947948,-148.223210102879,0.));
#5727=IFCAXIS2PLACEMENT3D(#5726,$,$);
#5728=IFCLOCALPLACEMENT(#27,#5727);
#5729=IFCPRODUCTDEFINITIONSHAPE($,$,(#544));
#5730=IFCBUILDINGELEMENTPROXY('2VUqqupSj30f4KrKx_b_Uf',#5,'NL.IMGeo.G0772.c77c21a2596d418fae331a0ffe8ae4b4',$,$,#5728,#5729,$,$);
#5731=IFCRELDEFINESBYPROPERTIES('2FJ0YB1_L0iBxvefR6X_z8',#5,$,$,(#5730),#2511);
#5732=IFCCARTESIANPOINT((-47.6873361671169,-99.7305568213342,0.));
#5733=IFCAXIS2PLACEMENT3D(#5732,$,$);
#5734=IFCLOCALPLACEMENT(#27,#5733);
#5735=IFCPRODUCTDEFINITIONSHAPE($,$,(#545));
#5736=IFCBUILDINGELEMENTPROXY('0v6YPXAL16ifsvlWLBegqB',#5,'NL.IMGeo.G0772.c86001419c5446f390db991b569eb616',$,$,#5734,#5735,$,$);
#5737=IFCRELDEFINESBYPROPERTIES('3W0U04pmn9ugafFa8b0srx',#5,$,$,(#5736),#2521);
#5738=IFCCARTESIANPOINT((-43.1054528707464,-212.859659909154,0.));
#5739=IFCAXIS2PLACEMENT3D(#5738,$,$);
#5740=IFCLOCALPLACEMENT(#27,#5739);
#5741=IFCPRODUCTDEFINITIONSHAPE($,$,(#546));
#5742=IFCBUILDINGELEMENTPROXY('2AEsh54GjCjPLnfd0OP0Ao',#5,'NL.IMGeo.G0772.cf7e05f96edc427fa881ab779f27dd0c',$,$,#5740,#5741,$,$);
#5743=IFCRELDEFINESBYPROPERTIES('0gGZK1hT9BDQxxxOP8BLry',#5,$,$,(#5742),#2531);
#5744=IFCCARTESIANPOINT((-41.4918456130254,-117.013003459317,0.));
#5745=IFCAXIS2PLACEMENT3D(#5744,$,$);
#5746=IFCLOCALPLACEMENT(#27,#5745);
#5747=IFCPRODUCTDEFINITIONSHAPE($,$,(#547));
#5748=IFCBUILDINGELEMENTPROXY('0isbSU_V952vtBavafjlGa',#5,'NL.IMGeo.G0772.d6fb82ffdaae4dae840b5b41533e3b69',$,$,#5746,#5747,$,$);
#5749=IFCRELDEFINESBYPROPERTIES('3UV$e3b_T9ZOwJOiaLni9S',#5,$,$,(#5748),#2541);
#5750=IFCCARTESIANPOINT((-113.819561537472,-15.3479463641997,0.));
#5751=IFCAXIS2PLACEMENT3D(#5750,$,$);
#5752=IFCLOCALPLACEMENT(#27,#5751);
#5753=IFCPRODUCTDEFINITIONSHAPE($,$,(#548));
#5754=IFCBUILDINGELEMENTPROXY('34T0JFu1vCIv01e6_9Apki',#5,'NL.IMGeo.G0772.d734fdc24364431c9d297a8e0c8a3d10',$,$,#5752,#5753,$,$);
#5755=IFCRELDEFINESBYPROPERTIES('091yZNofj4hvtvWoWHoAbY',#5,$,$,(#5754),#2551);
#5756=IFCCARTESIANPOINT((-175.924844367662,-171.380261499842,0.));
#5757=IFCAXIS2PLACEMENT3D(#5756,$,$);
#5758=IFCLOCALPLACEMENT(#27,#5757);
#5759=IFCPRODUCTDEFINITIONSHAPE($,$,(#549));
#5760=IFCBUILDINGELEMENTPROXY('2tk5Jwrvz47As5hg82LL78',#5,'NL.IMGeo.G0772.d809f2d6d5b84587824a6118e0aef684',$,$,#5758,#5759,$,$);
#5761=IFCRELDEFINESBYPROPERTIES('3wtQiu6VbCt87zadfomrvE',#5,$,$,(#5760),#2561);
#5762=IFCCARTESIANPOINT((-152.549030169292,-46.0940787956933,0.));
#5763=IFCAXIS2PLACEMENT3D(#5762,$,$);
#5764=IFCLOCALPLACEMENT(#27,#5763);
#5765=IFCPRODUCTDEFINITIONSHAPE($,$,(#550));
#5766=IFCBUILDINGELEMENTPROXY('1cbu2zcB96Vups09skE7kp',#5,'NL.IMGeo.G0772.d818d9aeb4d74948bf6867acc7d70d9f',$,$,#5764,#5765,$,$);
#5767=IFCRELDEFINESBYPROPERTIES('1kXHvZP0bBc962Txh_S0_u',#5,$,$,(#5766),#2571);
#5768=IFCCARTESIANPOINT((-169.426545423485,-15.2805661131279,0.));
#5769=IFCAXIS2PLACEMENT3D(#5768,$,$);
#5770=IFCLOCALPLACEMENT(#27,#5769);
#5771=IFCPRODUCTDEFINITIONSHAPE($,$,(#551));
#5772=IFCBUILDINGELEMENTPROXY('06xsSycUr3su4nYzHdbAk5',#5,'NL.IMGeo.G0772.daac3b04b1ff41b4ba8dbca426489f6a',$,$,#5770,#5771,$,$);
#5773=IFCRELDEFINESBYPROPERTIES('3ZtBsQzRj0jBbgdTyv8maU',#5,$,$,(#5772),#2581);
#5774=IFCCARTESIANPOINT((-19.0001709453936,-107.910205502296,0.));
#5775=IFCAXIS2PLACEMENT3D(#5774,$,$);
#5776=IFCLOCALPLACEMENT(#27,#5775);
#5777=IFCPRODUCTDEFINITIONSHAPE($,$,(#552));
#5778=IFCBUILDINGELEMENTPROXY('28s4DSDvL4c8ew4ARJ_bDl',#5,'NL.IMGeo.G0772.dd081476d31047809ae2c8b96323fd12',$,$,#5776,#5777,$,$);
#5779=IFCRELDEFINESBYPROPERTIES('37_0h7yUX8aBoeXyuujkaI',#5,$,$,(#5778),#2591);
#5780=IFCCARTESIANPOINT((-151.784314402496,-33.7604156417656,0.));
#5781=IFCAXIS2PLACEMENT3D(#5780,$,$);
#5782=IFCLOCALPLACEMENT(#27,#5781);
#5783=IFCPRODUCTDEFINITIONSHAPE($,$,(#553));
#5784=IFCBUILDINGELEMENTPROXY('3$Zt5lnTHCcepHNm8HJzYi',#5,'NL.IMGeo.G0772.e06ce04d64f746ce802f5cf5c5171f92',$,$,#5782,#5783,$,$);
#5785=IFCRELDEFINESBYPROPERTIES('04s2ycEDXEGPrfueVKH0Q1',#5,$,$,(#5784),#2601);
#5786=IFCCARTESIANPOINT((-251.67156032566,-5.95340246363776,0.));
#5787=IFCAXIS2PLACEMENT3D(#5786,$,$);
#5788=IFCLOCALPLACEMENT(#27,#5787);
#5789=IFCPRODUCTDEFINITIONSHAPE($,$,(#554));
#5790=IFCBUILDINGELEMENTPROXY('3LJ2QmX8j5yhye059yGZJx',#5,'NL.IMGeo.G0772.e41fd140295f4150b1c912fef8218987',$,$,#5788,#5789,$,$);
#5791=IFCRELDEFINESBYPROPERTIES('1v3WclnrX4Uht49vCoIEJG',#5,$,$,(#5790),#2611);
#5792=IFCCARTESIANPOINT((-122.092299954267,-147.000273108075,0.));
#5793=IFCAXIS2PLACEMENT3D(#5792,$,$);
#5794=IFCLOCALPLACEMENT(#27,#5793);
#5795=IFCPRODUCTDEFINITIONSHAPE($,$,(#555));
#5796=IFCBUILDINGELEMENTPROXY('0$2wlrObz8aR50IQ16UEQd',#5,'NL.IMGeo.G0772.e79ef1b7f7de427abf840914d51a8255',$,$,#5794,#5795,$,$);
#5797=IFCRELDEFINESBYPROPERTIES('0uLEOe8i55P8vbeu784EFK',#5,$,$,(#5796),#2621);
#5798=IFCCARTESIANPOINT((-19.7151759928965,-170.606991016248,0.));
#5799=IFCAXIS2PLACEMENT3D(#5798,$,$);
#5800=IFCLOCALPLACEMENT(#27,#5799);
#5801=IFCPRODUCTDEFINITIONSHAPE($,$,(#556));
#5802=IFCBUILDINGELEMENTPROXY('2LKg67t3v3KwxVjy35usar',#5,'NL.IMGeo.G0772.e86a720a3a74437799e88eb285ffecdb',$,$,#5800,#5801,$,$);
#5803=IFCRELDEFINESBYPROPERTIES('2vWHrt_cn4MeJKLja$4smW',#5,$,$,(#5802),#2631);
#5804=IFCCARTESIANPOINT((-59.3500525456329,-221.962644002517,0.));
#5805=IFCAXIS2PLACEMENT3D(#5804,$,$);
#5806=IFCLOCALPLACEMENT(#27,#5805);
#5807=IFCPRODUCTDEFINITIONSHAPE($,$,(#557));
#5808=IFCBUILDINGELEMENTPROXY('2yoPkb93PB2BNaF7wfTu2t',#5,'NL.IMGeo.G0772.eade32604b0c4e7993da7fdd070e447b',$,$,#5806,#5807,$,$);
#5809=IFCRELDEFINESBYPROPERTIES('25Wn924Pb74xlnmUnsXvEh',#5,$,$,(#5808),#2641);
#5810=IFCCARTESIANPOINT((-102.38053768492,-132.252288966614,0.));
#5811=IFCAXIS2PLACEMENT3D(#5810,$,$);
#5812=IFCLOCALPLACEMENT(#27,#5811);
#5813=IFCPRODUCTDEFINITIONSHAPE($,$,(#558));
#5814=IFCBUILDINGELEMENTPROXY('0TWSuHudP5qh8MqOeqlaLJ',#5,'NL.IMGeo.G0772.ed72863dfc294a9a927bbc1b758a485e',$,$,#5812,#5813,$,$);
#5815=IFCRELDEFINESBYPROPERTIES('2rN2JkMsX7DxZB$zmftJJQ',#5,$,$,(#5814),#2651);
#5816=IFCCARTESIANPOINT((-147.830727277178,-179.915294358972,0.));
#5817=IFCAXIS2PLACEMENT3D(#5816,$,$);
#5818=IFCLOCALPLACEMENT(#27,#5817);
#5819=IFCPRODUCTDEFINITIONSHAPE($,$,(#559));
#5820=IFCBUILDINGELEMENTPROXY('2F2r1O4kfElACy_QSt9pvt',#5,'NL.IMGeo.G0772.f1a445929fa44f519ed3004df676b414',$,$,#5818,#5819,$,$);
#5821=IFCRELDEFINESBYPROPERTIES('3ooWQKy2z9efrQua9f_Af5',#5,$,$,(#5820),#2661);
#5822=IFCCARTESIANPOINT((-332.162237504235,-15.5031419540755,0.));
#5823=IFCAXIS2PLACEMENT3D(#5822,$,$);
#5824=IFCLOCALPLACEMENT(#27,#5823);
#5825=IFCPRODUCTDEFINITIONSHAPE($,$,(#560));
#5826=IFCBUILDINGELEMENTPROXY('0huZsfBwn6if5$T$rpezuw',#5,'NL.IMGeo.G0772.01afb079719041d3a42a2adb407109a4',$,$,#5824,#5825,$,$);
#5827=IFCRELDEFINESBYPROPERTIES('0BKUfu99P1sf6UVUupi1Wl',#5,$,$,(#5826),#2671);
#5828=IFCCARTESIANPOINT((-148.067638017965,-149.089314629149,0.));
#5829=IFCAXIS2PLACEMENT3D(#5828,$,$);
#5830=IFCLOCALPLACEMENT(#27,#5829);
#5831=IFCPRODUCTDEFINITIONSHAPE($,$,(#561));
#5832=IFCBUILDINGELEMENTPROXY('3wuo$VLIb1nQw2vCkSaKuF',#5,'NL.IMGeo.G0772.068ae0116e0c4fd08b66dbb8b9d3a9d9',$,$,#5830,#5831,$,$);
#5833=IFCRELDEFINESBYPROPERTIES('01wQ78jVD8igB8f7oVIRCg',#5,$,$,(#5832),#2681);
#5834=IFCCARTESIANPOINT((-32.8229987559898,-102.327981185925,0.));
#5835=IFCAXIS2PLACEMENT3D(#5834,$,$);
#5836=IFCLOCALPLACEMENT(#27,#5835);
#5837=IFCPRODUCTDEFINITIONSHAPE($,$,(#562));
#5838=IFCBUILDINGELEMENTPROXY('1bw29Ri8fEVvXt3tM9TGDC',#5,'NL.IMGeo.G0772.08b76f7c11e5430bbe765a4fa5627b34',$,$,#5836,#5837,$,$);
#5839=IFCRELDEFINESBYPROPERTIES('2KyOgSXEP4TR1_MMTS45xU',#5,$,$,(#5838),#2691);
#5840=IFCCARTESIANPOINT((-116.695473674481,-127.737552139733,0.));
#5841=IFCAXIS2PLACEMENT3D(#5840,$,$);
#5842=IFCLOCALPLACEMENT(#27,#5841);
#5843=IFCPRODUCTDEFINITIONSHAPE($,$,(#563));
#5844=IFCBUILDINGELEMENTPROXY('1fhJSrcpHDy9udOJT3RAvY',#5,'NL.IMGeo.G0772.0dc43fd8d0b249a89aeafd4cf96918d3',$,$,#5842,#5843,$,$);
#5845=IFCRELDEFINESBYPROPERTIES('1hw_ipvrX7nAVeJ5ADOXhd',#5,$,$,(#5844),#2701);
#5846=IFCCARTESIANPOINT((4.4975649685075,-132.341676864424,0.));
#5847=IFCAXIS2PLACEMENT3D(#5846,$,$);
#5848=IFCLOCALPLACEMENT(#27,#5847);
#5849=IFCPRODUCTDEFINITIONSHAPE($,$,(#564));
#5850=IFCBUILDINGELEMENTPROXY('3OFM2CAmn9QhtJ4UGsml_K',#5,'NL.IMGeo.G0772.1dd1719594e74020a063cecfc1e3c8b6',$,$,#5848,#5849,$,$);
#5851=IFCRELDEFINESBYPROPERTIES('00lvnbAvPC19fZf6huVhpP',#5,$,$,(#5850),#2711);
#5852=IFCCARTESIANPOINT((-189.055715327704,-6.13908281596377,0.));
#5853=IFCAXIS2PLACEMENT3D(#5852,$,$);
#5854=IFCLOCALPLACEMENT(#27,#5853);
#5855=IFCPRODUCTDEFINITIONSHAPE($,$,(#565));
#5856=IFCBUILDINGELEMENTPROXY('3RO0w3KQj9JRj08g0im_RB',#5,'NL.IMGeo.G0772.228baec2e9d14264a680ee6e594d0a94',$,$,#5854,#5855,$,$);
#5857=IFCRELDEFINESBYPROPERTIES('0HhZ$dEFnF8BCKegwZZKma',#5,$,$,(#5856),#2721);
#5858=IFCCARTESIANPOINT((-43.9709116532758,-191.777897765161,0.));
#5859=IFCAXIS2PLACEMENT3D(#5858,$,$);
#5860=IFCLOCALPLACEMENT(#27,#5859);
#5861=IFCPRODUCTDEFINITIONSHAPE($,$,(#566));
#5862=IFCBUILDINGELEMENTPROXY('2pDjMTgh51vPIV7TJg3Gv3',#5,'NL.IMGeo.G0772.2be2d5bbfdb34c8b8d136a2bdef5e2a9',$,$,#5860,#5861,$,$);
#5863=IFCRELDEFINESBYPROPERTIES('355rDb_FL24BvJRnkXfgd1',#5,$,$,(#5862),#2731);
#5864=IFCCARTESIANPOINT((-111.059891868324,-197.808919378498,0.));
#5865=IFCAXIS2PLACEMENT3D(#5864,$,$);
#5866=IFCLOCALPLACEMENT(#27,#5865);
#5867=IFCPRODUCTDEFINITIONSHAPE($,$,(#567));
#5868=IFCBUILDINGELEMENTPROXY('1nHodVFTD6kRcC6HH5li0L',#5,'NL.IMGeo.G0772.2f592b4a30854bbf86c894b6cecfa682',$,$,#5866,#5867,$,$);
#5869=IFCRELDEFINESBYPROPERTIES('0$plu_baT5ewZ0QidudUc$',#5,$,$,(#5868),#2741);
#5870=IFCCARTESIANPOINT((-50.3843026390532,-243.350014893163,0.));
#5871=IFCAXIS2PLACEMENT3D(#5870,$,$);
#5872=IFCLOCALPLACEMENT(#27,#5871);
#5873=IFCPRODUCTDEFINITIONSHAPE($,$,(#568));
#5874=IFCBUILDINGELEMENTPROXY('2o0b0wGaL3aQ7sTDlmCjWl',#5,'NL.IMGeo.G0772.315b53d056fd4b939755da220d61e059',$,$,#5872,#5873,$,$);
#5875=IFCRELDEFINESBYPROPERTIES('3kW8Q0lBfEjRIQcA$LBK4c',#5,$,$,(#5874),#2751);
#5876=IFCCARTESIANPOINT((-252.214862359164,-15.4708710294217,0.));
#5877=IFCAXIS2PLACEMENT3D(#5876,$,$);
#5878=IFCLOCALPLACEMENT(#27,#5877);
#5879=IFCPRODUCTDEFINITIONSHAPE($,$,(#569));
#5880=IFCBUILDINGELEMENTPROXY('2NPHjbucb3jxx3LYC79TBP',#5,'NL.IMGeo.G0772.42e02378bf0e443bbab37473473aa4b1',$,$,#5878,#5879,$,$);
#5881=IFCRELDEFINESBYPROPERTIES('1Y8CKL1mrEHB6$4ZGkEwLu',#5,$,$,(#5880),#2761);
#5882=IFCCARTESIANPOINT((-116.603517112701,-138.060427756107,0.));
#5883=IFCAXIS2PLACEMENT3D(#5882,$,$);
#5884=IFCLOCALPLACEMENT(#27,#5883);
#5885=IFCPRODUCTDEFINITIONSHAPE($,$,(#570));
#5886=IFCBUILDINGELEMENTPROXY('0Pghks5nf61ee7oZhp27If',#5,'NL.IMGeo.G0772.51b2fa3facfa4a1e8be2fc9d562ab3c3',$,$,#5884,#5885,$,$);
#5887=IFCRELDEFINESBYPROPERTIES('0pyuuTiKL8afFTZxP5JPP7',#5,$,$,(#5886),#2771);
#5888=IFCCARTESIANPOINT((-135.404371727112,-6.33820552018005,0.));
#5889=IFCAXIS2PLACEMENT3D(#5888,$,$);
#5890=IFCLOCALPLACEMENT(#27,#5889);
#5891=IFCPRODUCTDEFINITIONSHAPE($,$,(#571));
#5892=IFCBUILDINGELEMENTPROXY('3h2tnqY0X929OKIYvlqbLw',#5,'NL.IMGeo.G0772.55621d32fbe446c5b0dd46053e5dcf43',$,$,#5890,#5891,$,$);
#5893=IFCRELDEFINESBYPROPERTIES('1wthxRDTXE6xBAT9ITEOr7',#5,$,$,(#5892),#2781);
#5894=IFCCARTESIANPOINT((-232.756698924204,-45.388723638549,0.));
#5895=IFCAXIS2PLACEMENT3D(#5894,$,$);
#5896=IFCLOCALPLACEMENT(#27,#5895);
#5897=IFCPRODUCTDEFINITIONSHAPE($,$,(#572));
#5898=IFCBUILDINGELEMENTPROXY('0qxbgjE_HD3hV6hwxtPjz_',#5,'NL.IMGeo.G0772.563f76f862414ba2ae1c767162f08034',$,$,#5896,#5897,$,$);
#5899=IFCRELDEFINESBYPROPERTIES('2D$r8h1XDA2ePH0zuN6Ch3',#5,$,$,(#5898),#2791);
#5900=IFCCARTESIANPOINT((-97.840600003954,-230.340830044763,0.));
#5901=IFCAXIS2PLACEMENT3D(#5900,$,$);
#5902=IFCLOCALPLACEMENT(#27,#5901);
#5903=IFCPRODUCTDEFINITIONSHAPE($,$,(#573));
#5904=IFCBUILDINGELEMENTPROXY('0CWP_EaOfERAxKTYrZIf7P',#5,'NL.IMGeo.G0772.593b714160694ab2b11790413dc771b1',$,$,#5902,#5903,$,$);
#5905=IFCRELDEFINESBYPROPERTIES('2zXq_He7b7bQNdUk81ZLmt',#5,$,$,(#5904),#2801);
#5906=IFCCARTESIANPOINT((-131.344259758684,-127.16389347933,0.));
#5907=IFCAXIS2PLACEMENT3D(#5906,$,$);
#5908=IFCLOCALPLACEMENT(#27,#5907);
#5909=IFCPRODUCTDEFINITIONSHAPE($,$,(#574));
#5910=IFCBUILDINGELEMENTPROXY('28hiJksx5469zhkfsCRP9y',#5,'NL.IMGeo.G0772.61b69d9669c74a3a83c950829bb01721',$,$,#5908,#5909,$,$);
#5911=IFCRELDEFINESBYPROPERTIES('3bhmuAry9FuRd2n$Pncxgx',#5,$,$,(#5910),#2811);
#5912=IFCCARTESIANPOINT((-133.091552567756,-154.02706255595,0.));
#5913=IFCAXIS2PLACEMENT3D(#5912,$,$);
#5914=IFCLOCALPLACEMENT(#27,#5913);
#5915=IFCPRODUCTDEFINITIONSHAPE($,$,(#575));
#5916=IFCBUILDINGELEMENTPROXY('0xStnXWQz6neAx08CN0ILl',#5,'NL.IMGeo.G0772.62151d708aac4b96aef10e1a139bbcea',$,$,#5914,#5915,$,$);
#5917=IFCRELDEFINESBYPROPERTIES('0y1p38Gur2ovCferrzMbfZ',#5,$,$,(#5916),#2821);
#5918=IFCCARTESIANPOINT((-104.784481437149,-213.794111680065,0.));
#5919=IFCAXIS2PLACEMENT3D(#5918,$,$);
#5920=IFCLOCALPLACEMENT(#27,#5919);
#5921=IFCPRODUCTDEFINITIONSHAPE($,$,(#576));
#5922=IFCBUILDINGELEMENTPROXY('17Iwd3Nor9lQlqdlz596Ag',#5,'NL.IMGeo.G0772.64e42de62ff4439285bed10825691393',$,$,#5920,#5921,$,$);
#5923=IFCRELDEFINESBYPROPERTIES('2msWCSbV5DMAPCpbzVXEWK',#5,$,$,(#5922),#2831);
#5924=IFCCARTESIANPOINT((-188.777869743586,-15.4537569289678,0.));
#5925=IFCAXIS2PLACEMENT3D(#5924,$,$);
#5926=IFCLOCALPLACEMENT(#27,#5925);
#5927=IFCPRODUCTDEFINITIONSHAPE($,$,(#577));
#5928=IFCBUILDINGELEMENTPROXY('3JeMJGp1r2qhdF02_4_fMF',#5,'NL.IMGeo.G0772.6526d8cfe11046d89c75fac6e916b090',$,$,#5926,#5927,$,$);
#5929=IFCRELDEFINESBYPROPERTIES('0P7ItXnDPFxfhl4XD4Y5Ej',#5,$,$,(#5928),#2841);
#5930=IFCCARTESIANPOINT((-113.744120266492,-15.3571991812787,0.));
#5931=IFCAXIS2PLACEMENT3D(#5930,$,$);
#5932=IFCLOCALPLACEMENT(#27,#5931);
#5933=IFCPRODUCTDEFINITIONSHAPE($,$,(#578));
#5934=IFCBUILDINGELEMENTPROXY('0j8rgOe$X3UhnsLfrN$3Q9',#5,'NL.IMGeo.G0772.708246fa1b1943aeab007e23a2d0e076',$,$,#5932,#5933,$,$);
#5935=IFCRELDEFINESBYPROPERTIES('1dK50e$prB_xy6QbxRe5oj',#5,$,$,(#5934),#2851);
#5936=IFCCARTESIANPOINT((-109.977893520641,-144.612328016141,0.));
#5937=IFCAXIS2PLACEMENT3D(#5936,$,$);
#5938=IFCLOCALPLACEMENT(#27,#5937);
#5939=IFCPRODUCTDEFINITIONSHAPE($,$,(#579));
#5940=IFCBUILDINGELEMENTPROXY('0ECe5bbmD0cPaCuzQE8cCW',#5,'NL.IMGeo.G0772.7751c2ad1dc64d3e88369bd9623f9378',$,$,#5938,#5939,$,$);
#5941=IFCRELDEFINESBYPROPERTIES('1EAU0V3PTBXQtXPSSMCwme',#5,$,$,(#5940),#2861);
#5942=IFCCARTESIANPOINT((-146.767074827716,-60.2953688930138,0.));
#5943=IFCAXIS2PLACEMENT3D(#5942,$,$);
#5944=IFCLOCALPLACEMENT(#27,#5943);
#5945=IFCPRODUCTDEFINITIONSHAPE($,$,(#580));
#5946=IFCBUILDINGELEMENTPROXY('2cFI$Bf45ChR2DfDKgm5s5',#5,'NL.IMGeo.G0772.7f5aeec042024c38a1cc7898ee3c1f95',$,$,#5944,#5945,$,$);
#5947=IFCRELDEFINESBYPROPERTIES('3OwhD07cT62gtP_LvMJmcU',#5,$,$,(#5946),#2871);
#5948=IFCCARTESIANPOINT((-42.494056263502,-258.90946916159,0.));
#5949=IFCAXIS2PLACEMENT3D(#5948,$,$);
#5950=IFCLOCALPLACEMENT(#27,#5949);
#5951=IFCPRODUCTDEFINITIONSHAPE($,$,(#581));
#5952=IFCBUILDINGELEMENTPROXY('1wpNkevOzA$Ay1O4g0Uf_n',#5,'NL.IMGeo.G0772.8294ab03a04d4af0a5b3a5c390fca915',$,$,#5950,#5951,$,$);
#5953=IFCRELDEFINESBYPROPERTIES('29LJHnhQv3KhqiSDRl9BIY',#5,$,$,(#5952),#2881);
#5954=IFCCARTESIANPOINT((-138.321648669982,-80.9063151598675,0.));
#5955=IFCAXIS2PLACEMENT3D(#5954,$,$);
#5956=IFCLOCALPLACEMENT(#27,#5955);
#5957=IFCPRODUCTDEFINITIONSHAPE($,$,(#582));
#5958=IFCBUILDINGELEMENTPROXY('0AWHQIANL19OOg2wmFqiIg',#5,'NL.IMGeo.G0772.88748130a1824483ab859303bb75aa51',$,$,#5956,#5957,$,$);
#5959=IFCRELDEFINESBYPROPERTIES('2rS88HDfH1bQOLSJ1vKjq6',#5,$,$,(#5958),#2891);
#5960=IFCCARTESIANPOINT((-152.47301751122,-12.7004119848716,0.));
#5961=IFCAXIS2PLACEMENT3D(#5960,$,$);
#5962=IFCLOCALPLACEMENT(#27,#5961);
#5963=IFCPRODUCTDEFINITIONSHAPE($,$,(#583));
#5964=IFCBUILDINGELEMENTPROXY('2FZ03eLY51Tf5gIiitAKto',#5,'NL.IMGeo.G0772.8aef5f12d3024ce396dfd470d8dece74',$,$,#5962,#5963,$,$);
#5965=IFCRELDEFINESBYPROPERTIES('3W7ifsTfb1KBxxgqPwIMOv',#5,$,$,(#5964),#2901);
#5966=IFCCARTESIANPOINT((-233.697340351384,-15.2900183556485,0.));
#5967=IFCAXIS2PLACEMENT3D(#5966,$,$);
#5968=IFCLOCALPLACEMENT(#27,#5967);
#5969=IFCPRODUCTDEFINITIONSHAPE($,$,(#584));
#5970=IFCBUILDINGELEMENTPROXY('1WJ80gfYfDF9MA5gAwvpXH',#5,'NL.IMGeo.G0772.8ba9070474c348199dfb9a36f830f82a',$,$,#5968,#5969,$,$);
#5971=IFCRELDEFINESBYPROPERTIES('0$N$icDp9CzPiXtvnUHDez',#5,$,$,(#5970),#2911);
#5972=IFCCARTESIANPOINT((-294.117118488066,-15.3548481652397,0.));
#5973=IFCAXIS2PLACEMENT3D(#5972,$,$);
#5974=IFCLOCALPLACEMENT(#27,#5973);
#5975=IFCPRODUCTDEFINITIONSHAPE($,$,(#585));
#5976=IFCBUILDINGELEMENTPROXY('0hTLASzZfFmu$KwKiOCFyl',#5,'NL.IMGeo.G0772.8dcbbfe7e27e493994fa197d0a45020d',$,$,#5974,#5975,$,$);
#5977=IFCRELDEFINESBYPROPERTIES('3s8joS6dr5KvGuPG6S1v0t',#5,$,$,(#5976),#2921);
#5978=IFCCARTESIANPOINT((-50.7740411979903,-133.683130097168,0.));
#5979=IFCAXIS2PLACEMENT3D(#5978,$,$);
#5980=IFCLOCALPLACEMENT(#27,#5979);
#5981=IFCPRODUCTDEFINITIONSHAPE($,$,(#586));
#5982=IFCBUILDINGELEMENTPROXY('3Ly8gBcPX1wQ80dJdn28Xp',#5,'NL.IMGeo.G0772.d2ba9e0c817a488d869a547215c8ae45',$,$,#5980,#5981,$,$);
#5983=IFCRELDEFINESBYPROPERTIES('0sk$sC2891o8ikWbfDpBcf',#5,$,$,(#5982),#2931);
#5984=IFCCARTESIANPOINT((-114.299419072777,-144.000987765263,0.));
#5985=IFCAXIS2PLACEMENT3D(#5984,$,$);
#5986=IFCLOCALPLACEMENT(#27,#5985);
#5987=IFCPRODUCTDEFINITIONSHAPE($,$,(#587));
#5988=IFCBUILDINGELEMENTPROXY('3VCnbIo3b8LudHd7_uH9bw',#5,'NL.IMGeo.G0772.edbb5446280d4e0fb1c9ba550dae0b1a',$,$,#5986,#5987,$,$);
#5989=IFCRELDEFINESBYPROPERTIES('1rB2Cc7XT9Vgwl73$jOaaD',#5,$,$,(#5988),#2941);
#5990=IFCCARTESIANPOINT((-209.753281758487,-6.29305958613986,0.));
#5991=IFCAXIS2PLACEMENT3D(#5990,$,$);
#5992=IFCLOCALPLACEMENT(#27,#5991);
#5993=IFCPRODUCTDEFINITIONSHAPE($,$,(#588));
#5994=IFCBUILDINGELEMENTPROXY('1vukVP17zA9PH5Z5PkGHYe',#5,'NL.IMGeo.G0772.f48d7f46812e48d1a75ba3cde2de6aaf',$,$,#5992,#5993,$,$);
#5995=IFCRELDEFINESBYPROPERTIES('2nFiKehe58RhTblXRri0xr',#5,$,$,(#5994),#2951);
#5996=IFCCARTESIANPOINT((-85.761464766023,-134.756717108074,0.));
#5997=IFCAXIS2PLACEMENT3D(#5996,$,$);
#5998=IFCLOCALPLACEMENT(#27,#5997);
#5999=IFCPRODUCTDEFINITIONSHAPE($,$,(#589));
#6000=IFCBUILDINGELEMENTPROXY('3fRV6lGjL9exOR5nk0fSZo',#5,'NL.IMGeo.G0772.3aa5fff274044f4e90be21a5fa8de035',$,$,#5998,#5999,$,$);
#6001=IFCRELDEFINESBYPROPERTIES('3YqNSan1f0w9erIspF4rnh',#5,$,$,(#6000),#2961);
#6002=IFCCARTESIANPOINT((-117.718106390268,-181.876708471624,0.));
#6003=IFCAXIS2PLACEMENT3D(#6002,$,$);
#6004=IFCLOCALPLACEMENT(#27,#6003);
#6005=IFCPRODUCTDEFINITIONSHAPE($,$,(#590));
#6006=IFCBUILDINGELEMENTPROXY('3W1NTSayLBbu7dz8$OPTTb',#5,'NL.IMGeo.G0772.436612a2d9ea425282a181a6da038034',$,$,#6004,#6005,$,$);
#6007=IFCRELDEFINESBYPROPERTIES('0cniRl8ibBhgPuOup5nrkf',#5,$,$,(#6006),#2971);
#6008=IFCCARTESIANPOINT((-294.033516462165,-6.38762854592642,0.));
#6009=IFCAXIS2PLACEMENT3D(#6008,$,$);
#6010=IFCLOCALPLACEMENT(#27,#6009);
#6011=IFCPRODUCTDEFINITIONSHAPE($,$,(#591));
#6012=IFCBUILDINGELEMENTPROXY('0Ei0Kwj$f13uS7FGDc4f8A',#5,'NL.IMGeo.G0772.929952fab8f748d8839e3fa16b7107d8',$,$,#6010,#6011,$,$);
#6013=IFCRELDEFINESBYPROPERTIES('33z9M5DMb4RvYQoS$4aGsL',#5,$,$,(#6012),#2981);
#6014=IFCCARTESIANPOINT((-118.046109367628,-156.949809365498,0.));
#6015=IFCAXIS2PLACEMENT3D(#6014,$,$);
#6016=IFCLOCALPLACEMENT(#27,#6015);
#6017=IFCPRODUCTDEFINITIONSHAPE($,$,(#592));
#6018=IFCBUILDINGELEMENTPROXY('1xqVaaEsr5UejEk6rICZvx',#5,'NL.IMGeo.G0772.8587dbdaff1a483394e6c9f564779cc6',$,$,#6016,#6017,$,$);
#6019=IFCRELDEFINESBYPROPERTIES('2lp0WLsKzD$RTjrqjAZKMz',#5,$,$,(#6018),#2991);
#6020=IFCCARTESIANPOINT((-78.553784599324,-120.984419274551,0.));
#6021=IFCAXIS2PLACEMENT3D(#6020,$,$);
#6022=IFCLOCALPLACEMENT(#27,#6021);
#6023=IFCPRODUCTDEFINITIONSHAPE($,$,(#593));
#6024=IFCBUILDINGELEMENTPROXY('2FIqRXBbj589mteiu3wkwe',#5,'NL.IMGeo.G0772.b60236a9f4ea4b4086205763568a925e',$,$,#6022,#6023,$,$);
#6025=IFCRELDEFINESBYPROPERTIES('2c85o1X0vCkhVAhZ9g$$Ga',#5,$,$,(#6024),#3001);
#6026=IFCCARTESIANPOINT((-91.5754138277553,-246.54998989898,0.));
#6027=IFCAXIS2PLACEMENT3D(#6026,$,$);
#6028=IFCLOCALPLACEMENT(#27,#6027);
#6029=IFCPRODUCTDEFINITIONSHAPE($,$,(#594));
#6030=IFCBUILDINGELEMENTPROXY('1lLogOJEr1bxQTZjP3A4yA',#5,'NL.IMGeo.G0772.d5e3ae6616184157a1c987c83b563261',$,$,#6028,#6029,$,$);
#6031=IFCRELDEFINESBYPROPERTIES('08z9bPocH7hg3k4MYRErLi',#5,$,$,(#6030),#3011);
#6032=IFCCARTESIANPOINT((-226.624987229297,24.1559476145194,0.));
#6033=IFCAXIS2PLACEMENT3D(#6032,$,$);
#6034=IFCLOCALPLACEMENT(#27,#6033);
#6035=IFCPRODUCTDEFINITIONSHAPE($,$,(#595));
#6036=IFCBUILDINGELEMENTPROXY('3ESk_vkgj639ifoIR4EMb8',#5,'NL.IMGeo.G0772.2b08747930df4ff9ad6ec2c71eed7e02',$,$,#6034,#6035,$,$);
#6037=IFCRELDEFINESBYPROPERTIES('0PClgISUXDIvEWIPPUjKb9',#5,$,$,(#6036),#3021);
#6038=IFCCARTESIANPOINT((-226.712263715017,9.03933530166978,0.));
#6039=IFCAXIS2PLACEMENT3D(#6038,$,$);
#6040=IFCLOCALPLACEMENT(#27,#6039);
#6041=IFCPRODUCTDEFINITIONSHAPE($,$,(#596));
#6042=IFCBUILDINGELEMENTPROXY('3mJwWVFwzCGws1wn9wJGyh',#5,'NL.IMGeo.G0772.4282e5e095464f83a62384d7e0d713c9',$,$,#6040,#6041,$,$);
#6043=IFCRELDEFINESBYPROPERTIES('2tSIlNM217MfYD40qjdfDz',#5,$,$,(#6042),#3031);
#6044=IFCCARTESIANPOINT((-226.811396437901,56.8346495563746,0.));
#6045=IFCAXIS2PLACEMENT3D(#6044,$,$);
#6046=IFCLOCALPLACEMENT(#27,#6045);
#6047=IFCPRODUCTDEFINITIONSHAPE($,$,(#597));
#6048=IFCBUILDINGELEMENTPROXY('3GRL9prOr8ogFZ9G48MEPR',#5,'NL.IMGeo.G0772.64896c57abf64cccbc5657e623ac4b8a',$,$,#6046,#6047,$,$);
#6049=IFCRELDEFINESBYPROPERTIES('3KiPQ$zj1CLB$n7wkX$9cO',#5,$,$,(#6048),#3041);
#6050=IFCCARTESIANPOINT((-231.313367990515,79.3938919447828,0.));
#6051=IFCAXIS2PLACEMENT3D(#6050,$,$);
#6052=IFCLOCALPLACEMENT(#27,#6051);
#6053=IFCPRODUCTDEFINITIONSHAPE($,$,(#598));
#6054=IFCBUILDINGELEMENTPROXY('0MsQrFcs94zvpbRFA_owMA',#5,'NL.IMGeo.G0772.85039cf544784b39add2508d57895cd4',$,$,#6052,#6053,$,$);
#6055=IFCRELDEFINESBYPROPERTIES('1ijfzYqX99WuKalHHLhVrI',#5,$,$,(#6054),#3051);
#6056=IFCCARTESIANPOINT((-226.798910590442,72.9143954842002,0.));
#6057=IFCAXIS2PLACEMENT3D(#6056,$,$);
#6058=IFCLOCALPLACEMENT(#27,#6057);
#6059=IFCPRODUCTDEFINITIONSHAPE($,$,(#599));
#6060=IFCBUILDINGELEMENTPROXY('0kyatEMNz9lgaSikrKDT2s',#5,'NL.IMGeo.G0772.c0b83ee3d4c04672a16f4f075ac83deb',$,$,#6058,#6059,$,$);
#6061=IFCRELDEFINESBYPROPERTIES('1caJz8HdfBdO9iQkYfJiOF',#5,$,$,(#6060),#3061);
#6062=IFCCARTESIANPOINT((-226.791750740696,40.6698532680166,0.));
#6063=IFCAXIS2PLACEMENT3D(#6062,$,$);
#6064=IFCLOCALPLACEMENT(#27,#6063);
#6065=IFCPRODUCTDEFINITIONSHAPE($,$,(#600));
#6066=IFCBUILDINGELEMENTPROXY('2ExO5CctD0C9gJRJBWx4M1',#5,'NL.IMGeo.G0772.f5d4e0e2543743709749de9883694bb8',$,$,#6064,#6065,$,$);
#6067=IFCRELDEFINESBYPROPERTIES('3vk_KWjFP2Q9T4FoeNmDCi',#5,$,$,(#6066),#3071);
#6068=IFCCARTESIANPOINT((-15.9469986819604,-185.546323824441,0.));
#6069=IFCAXIS2PLACEMENT3D(#6068,$,$);
#6070=IFCLOCALPLACEMENT(#27,#6069);
#6071=IFCPRODUCTDEFINITIONSHAPE($,$,(#601));
#6072=IFCBUILDINGELEMENTPROXY('2G38tuslXFTuVvkPwnqbLX',#5,'NL.IMGeo.G0772.000a2e163ac5465e9f847fcf9c82e142',$,$,#6070,#6071,$,$);
#6073=IFCRELDEFINESBYPROPERTIES('3skGHuwzr3lv9Lz5NGjJBB',#5,$,$,(#6072),#3081);
#6074=IFCCARTESIANPOINT((-39.930174355366,-291.22151927551,0.));
#6075=IFCAXIS2PLACEMENT3D(#6074,$,$);
#6076=IFCLOCALPLACEMENT(#27,#6075);
#6077=IFCPRODUCTDEFINITIONSHAPE($,$,(#602));
#6078=IFCBUILDINGELEMENTPROXY('3eer8TxfX3aOk96V5kY87J',#5,'NL.IMGeo.G0772.372bf2c7aabd40c68bb2c19b644c4d1f',$,$,#6076,#6077,$,$);
#6079=IFCRELDEFINESBYPROPERTIES('2QM97mI5f4mhI3BfPcHdKE',#5,$,$,(#6078),#3091);
#6080=IFCCARTESIANPOINT((-0.012153776740888,-177.433340227348,0.));
#6081=IFCAXIS2PLACEMENT3D(#6080,$,$);
#6082=IFCLOCALPLACEMENT(#27,#6081);
#6083=IFCPRODUCTDEFINITIONSHAPE($,$,(#603));
#6084=IFCBUILDINGELEMENTPROXY('2pXjbEhoT4rgfXcMIxCv0d',#5,'NL.IMGeo.G0772.42ce99a56d8a451eb40a247bb34f5ba6',$,$,#6082,#6083,$,$);
#6085=IFCRELDEFINESBYPROPERTIES('1JpkzoVJj6ix_d42JRfzrV',#5,$,$,(#6084),#3101);
#6086=IFCCARTESIANPOINT((-133.671430840361,-142.713076247426,0.));
#6087=IFCAXIS2PLACEMENT3D(#6086,$,$);
#6088=IFCLOCALPLACEMENT(#27,#6087);
#6089=IFCPRODUCTDEFINITIONSHAPE($,$,(#604));
#6090=IFCBUILDINGELEMENTPROXY('2jCoTGfUj4BAtMcAUciiGy',#5,'NL.IMGeo.G0772.639048644bd8492199e5000495ceb9dd',$,$,#6088,#6089,$,$);
#6091=IFCRELDEFINESBYPROPERTIES('1THC1Yhpn45wq4iFzA6zB2',#5,$,$,(#6090),#3111);
#6092=IFCCARTESIANPOINT((-104.9340712915,-191.584794358816,0.));
#6093=IFCAXIS2PLACEMENT3D(#6092,$,$);
#6094=IFCLOCALPLACEMENT(#27,#6093);
#6095=IFCPRODUCTDEFINITIONSHAPE($,$,(#605));
#6096=IFCBUILDINGELEMENTPROXY('0oDFsR6CX4J9Ihur92DTfS',#5,'NL.IMGeo.G0772.651108c595a94679a7bdc1449ec3c899',$,$,#6094,#6095,$,$);
#6097=IFCRELDEFINESBYPROPERTIES('3DI64ROkz0LuPeqNyJiUzK',#5,$,$,(#6096),#3121);
#6098=IFCCARTESIANPOINT((-232.923773151764,-15.6698061749921,0.));
#6099=IFCAXIS2PLACEMENT3D(#6098,$,$);
#6100=IFCLOCALPLACEMENT(#27,#6099);
#6101=IFCPRODUCTDEFINITIONSHAPE($,$,(#606));
#6102=IFCBUILDINGELEMENTPROXY('3Mh7HSpKz6XOWmj1Q4$SIY',#5,'NL.IMGeo.G0772.6a55368fdf104465b5fdc3082d0ba94a',$,$,#6100,#6101,$,$);
#6103=IFCRELDEFINESBYPROPERTIES('0gu4pe$Lj7M8yg5hGpFmS9',#5,$,$,(#6102),#3131);
#6104=IFCCARTESIANPOINT((-31.2294989808288,-194.397060438758,0.));
#6105=IFCAXIS2PLACEMENT3D(#6104,$,$);
#6106=IFCLOCALPLACEMENT(#27,#6105);
#6107=IFCPRODUCTDEFINITIONSHAPE($,$,(#607));
#6108=IFCBUILDINGELEMENTPROXY('29ZZ2KFiTBbAaZiyIOnGQP',#5,'NL.IMGeo.G0772.79dc5432c2e247ffb1ebc221e4121b22',$,$,#6106,#6107,$,$);
#6109=IFCRELDEFINESBYPROPERTIES('0RoRPfaFLE8RV2jopEpA7U',#5,$,$,(#6108),#3141);
#6110=IFCCARTESIANPOINT((-94.0519401377824,-137.176304492343,0.));
#6111=IFCAXIS2PLACEMENT3D(#6110,$,$);
#6112=IFCLOCALPLACEMENT(#27,#6111);
#6113=IFCPRODUCTDEFINITIONSHAPE($,$,(#608));
#6114=IFCBUILDINGELEMENTPROXY('0W2sLGvh57H81boujYt3fc',#5,'NL.IMGeo.G0772.7adbeeae66cd4e67af22148753e99b58',$,$,#6112,#6113,$,$);
#6115=IFCRELDEFINESBYPROPERTIES('0ulXiuy7T3_RCC8cD3HksY',#5,$,$,(#6114),#3151);
#6116=IFCCARTESIANPOINT((-21.7718400097219,-190.626445132715,0.));
#6117=IFCAXIS2PLACEMENT3D(#6116,$,$);
#6118=IFCLOCALPLACEMENT(#27,#6117);
#6119=IFCPRODUCTDEFINITIONSHAPE($,$,(#609));
#6120=IFCBUILDINGELEMENTPROXY('0_u21w7qL4dx_rZdVRuvfE',#5,'NL.IMGeo.G0772.7cf222a0e46c4439901467204c5be306',$,$,#6118,#6119,$,$);
#6121=IFCRELDEFINESBYPROPERTIES('3OyO4d0Iz6QRyb3x4_cJxB',#5,$,$,(#6120),#3161);
#6122=IFCCARTESIANPOINT((-35.8457296356792,-196.191898465273,0.));
#6123=IFCAXIS2PLACEMENT3D(#6122,$,$);
#6124=IFCLOCALPLACEMENT(#27,#6123);
#6125=IFCPRODUCTDEFINITIONSHAPE($,$,(#610));
#6126=IFCBUILDINGELEMENTPROXY('2hu0Cpa4LCOOayJz3bwXys',#5,'NL.IMGeo.G0772.8057b21226de448bbfe43686ed63f330',$,$,#6124,#6125,$,$);
#6127=IFCRELDEFINESBYPROPERTIES('3i2o5F$rLB0g4vKdvO_1Qm',#5,$,$,(#6126),#3171);
#6128=IFCCARTESIANPOINT((-43.5948635391251,-108.743235046451,0.));
#6129=IFCAXIS2PLACEMENT3D(#6128,$,$);
#6130=IFCLOCALPLACEMENT(#27,#6129);
#6131=IFCPRODUCTDEFINITIONSHAPE($,$,(#611));
#6132=IFCBUILDINGELEMENTPROXY('137j7heSrClgTgXoqr79ha',#5,'NL.IMGeo.G0772.caec4c5626e642acb5ebb40c4008c897',$,$,#6130,#6131,$,$);
#6133=IFCRELDEFINESBYPROPERTIES('13PmqLXf94EfEGycaN1t7w',#5,$,$,(#6132),#3181);
#6134=IFCCARTESIANPOINT((-6.5578903365822,-181.802029835235,0.));
#6135=IFCAXIS2PLACEMENT3D(#6134,$,$);
#6136=IFCLOCALPLACEMENT(#27,#6135);
#6137=IFCPRODUCTDEFINITIONSHAPE($,$,(#612));
#6138=IFCBUILDINGELEMENTPROXY('3941dVNTHEShm$8D2vREDP',#5,'NL.IMGeo.G0772.cfd6fd8f835244f896124f6792770763',$,$,#6136,#6137,$,$);
#6139=IFCRELDEFINESBYPROPERTIES('0ice$E0InAxvODQQaBhthV',#5,$,$,(#6138),#3191);
#6140=IFCCARTESIANPOINT((-13.4171859944181,-97.0006111909752,0.));
#6141=IFCAXIS2PLACEMENT3D(#6140,$,$);
#6142=IFCLOCALPLACEMENT(#27,#6141);
#6143=IFCPRODUCTDEFINITIONSHAPE($,$,(#613));
#6144=IFCBUILDINGELEMENTPROXY('1EjND7O7n2SQ2nvhH_3sfN',#5,'NL.IMGeo.G0772.da7cdd27188f48549f45f0dc8641b77e',$,$,#6142,#6143,$,$);
#6145=IFCRELDEFINESBYPROPERTIES('0viEWPPgz3vQ_sahaGp_57',#5,$,$,(#6144),#3201);
#6146=IFCCARTESIANPOINT((-94.4972093329125,-137.71383527643,0.));
#6147=IFCAXIS2PLACEMENT3D(#6146,$,$);
#6148=IFCLOCALPLACEMENT(#27,#6147);
#6149=IFCPRODUCTDEFINITIONSHAPE($,$,(#614));
#6150=IFCBUILDINGELEMENTPROXY('20JmwZ3PX45PqiA00lZlLL',#5,'NL.IMGeo.G0772.dbd96380c2ac434985992243b19b5983',$,$,#6148,#6149,$,$);
#6151=IFCRELDEFINESBYPROPERTIES('1wFFVusrH4MgoREa60nhjS',#5,$,$,(#6150),#3211);
#6152=IFCCARTESIANPOINT((-134.181138460961,-145.370968484087,0.));
#6153=IFCAXIS2PLACEMENT3D(#6152,$,$);
#6154=IFCLOCALPLACEMENT(#27,#6153);
#6155=IFCPRODUCTDEFINITIONSHAPE($,$,(#615));
#6156=IFCBUILDINGELEMENTPROXY('2hB7MIATz8DAf5OXOeJFwR',#5,'NL.IMGeo.G0772.de5256031be34ababdf3cbf2034cf8b1',$,$,#6154,#6155,$,$);
#6157=IFCRELDEFINESBYPROPERTIES('2c9ubWDcP0KPFhGd0bpNp$',#5,$,$,(#6156),#3221);
#6158=IFCCARTESIANPOINT((-213.807220159943,-5.98258827149402,0.));
#6159=IFCAXIS2PLACEMENT3D(#6158,$,$);
#6160=IFCLOCALPLACEMENT(#27,#6159);
#6161=IFCPRODUCTDEFINITIONSHAPE($,$,(#616));
#6162=IFCBUILDINGELEMENTPROXY('2hRclLpoH5EuxWQa2XjRB_',#5,'NL.IMGeo.G0772.f3e9103ebb1c4f30a8ba7336b9a74676',$,$,#6160,#6161,$,$);
#6163=IFCRELDEFINESBYPROPERTIES('3nQC4fzZP988_zkAjdAqB6',#5,$,$,(#6162),#3231);
#6164=IFCCARTESIANPOINT((-124.783665757335,-139.726062215224,0.));
#6165=IFCAXIS2PLACEMENT3D(#6164,$,$);
#6166=IFCLOCALPLACEMENT(#27,#6165);
#6167=IFCPRODUCTDEFINITIONSHAPE($,$,(#617));
#6168=IFCBUILDINGELEMENTPROXY('12CZA_FyLBjObPqh3P1twq',#5,'NL.IMGeo.G0772.00cad336d6304f6ea228e660bd0b10b8',$,$,#6166,#6167,$,$);
#6169=IFCRELDEFINESBYPROPERTIES('07M4q9x_n7oe4K87SjRCXJ',#5,$,$,(#6168),#3241);
#6170=IFCCARTESIANPOINT((-103.018438278727,-161.665388613415,0.));
#6171=IFCAXIS2PLACEMENT3D(#6170,$,$);
#6172=IFCLOCALPLACEMENT(#27,#6171);
#6173=IFCPRODUCTDEFINITIONSHAPE($,$,(#618));
#6174=IFCBUILDINGELEMENTPROXY('2vakMLqqvFn87aCN90QQEm',#5,'NL.IMGeo.G0772.4ef53068eaf84e2f9800f0d166caeee2',$,$,#6172,#6173,$,$);
#6175=IFCRELDEFINESBYPROPERTIES('2CcIn2wAPAnQvZJs7z0RKh',#5,$,$,(#6174),#3251);
#6176=IFCCARTESIANPOINT((-155.213250286644,-162.894847625226,0.));
#6177=IFCAXIS2PLACEMENT3D(#6176,$,$);
#6178=IFCLOCALPLACEMENT(#27,#6177);
#6179=IFCPRODUCTDEFINITIONSHAPE($,$,(#619));
#6180=IFCBUILDINGELEMENTPROXY('3ERfsrulb1KewoT$2wfljW',#5,'NL.IMGeo.G0772.da79442c1887462691f28ee07af6259a',$,$,#6178,#6179,$,$);
#6181=IFCRELDEFINESBYPROPERTIES('3Wrgbwib5C$QHnaUs7W66M',#5,$,$,(#6180),#3261);
#6182=IFCCARTESIANPOINT((-147.331486271083,-25.2544640998822,0.));
#6183=IFCAXIS2PLACEMENT3D(#6182,$,$);
#6184=IFCLOCALPLACEMENT(#27,#6183);
#6185=IFCPRODUCTDEFINITIONSHAPE($,$,(#620));
#6186=IFCBUILDINGELEMENTPROXY('3VMpmEDUr7tx11_RxMM8m8',#5,'NL.IMGeo.G0772.1e0aa3b8a1234148bbea63820d7a26b0',$,$,#6184,#6185,$,$);
#6187=IFCRELDEFINESBYPROPERTIES('0i6FORvEPEF87m87oaNwnv',#5,$,$,(#6186),#3271);
#6188=IFCCARTESIANPOINT((-95.1384321585065,-212.476651504112,0.));
#6189=IFCAXIS2PLACEMENT3D(#6188,$,$);
#6190=IFCLOCALPLACEMENT(#27,#6189);
#6191=IFCPRODUCTDEFINITIONSHAPE($,$,(#621));
#6192=IFCBUILDINGELEMENTPROXY('17PGYrsi55Ye0MVDF9BeEk',#5,'NL.IMGeo.G0772.2c8515337417462f85a68c493075fccb',$,$,#6190,#6191,$,$);
#6193=IFCRELDEFINESBYPROPERTIES('3iZUkLdJP34hZc3tyewWTn',#5,$,$,(#6192),#3281);
#6194=IFCCARTESIANPOINT((-128.073118929082,-132.095362192893,0.));
#6195=IFCAXIS2PLACEMENT3D(#6194,$,$);
#6196=IFCLOCALPLACEMENT(#27,#6195);
#6197=IFCPRODUCTDEFINITIONSHAPE($,$,(#622));
#6198=IFCBUILDINGELEMENTPROXY('0xqp3W5Y52zerUU_8pOsBO',#5,'NL.IMGeo.G0772.2f7d2fcf0b944a948434682481bfa90e',$,$,#6196,#6197,$,$);
#6199=IFCRELDEFINESBYPROPERTIES('0KA9fkM6L4_wa5B2dxEUDI',#5,$,$,(#6198),#3291);
#6200=IFCCARTESIANPOINT((-120.571986124502,-129.112811833213,0.));
#6201=IFCAXIS2PLACEMENT3D(#6200,$,$);
#6202=IFCLOCALPLACEMENT(#27,#6201);
#6203=IFCPRODUCTDEFINITIONSHAPE($,$,(#623));
#6204=IFCBUILDINGELEMENTPROXY('2qxj1gxzHF8OG9Q$5qsELM',#5,'NL.IMGeo.G0772.3fd39fc382c04339bdf69a6c81c1f8b7',$,$,#6202,#6203,$,$);
#6205=IFCRELDEFINESBYPROPERTIES('1Qy6om2lP0GPis5mphbMbE',#5,$,$,(#6204),#3301);
#6206=IFCCARTESIANPOINT((-87.9019382789265,-209.194375871157,0.));
#6207=IFCAXIS2PLACEMENT3D(#6206,$,$);
#6208=IFCLOCALPLACEMENT(#27,#6207);
#6209=IFCPRODUCTDEFINITIONSHAPE($,$,(#624));
#6210=IFCBUILDINGELEMENTPROXY('32Hu9_P353VBzMegva8kQs',#5,'NL.IMGeo.G0772.76eb2f97e6354676841381fc640d7346',$,$,#6208,#6209,$,$);
#6211=IFCRELDEFINESBYPROPERTIES('0Ix5g6W9XBbOSwqvmnSdNs',#5,$,$,(#6210),#3311);
#6212=IFCCARTESIANPOINT((-98.5275557952409,-204.608863315836,0.));
#6213=IFCAXIS2PLACEMENT3D(#6212,$,$);
#6214=IFCLOCALPLACEMENT(#27,#6213);
#6215=IFCPRODUCTDEFINITIONSHAPE($,$,(#625));
#6216=IFCBUILDINGELEMENTPROXY('0QMh3TiGj2vxMI$KJA$eGE',#5,'NL.IMGeo.G0772.8c8e99cd4a0f4099824465ab3809f77f',$,$,#6214,#6215,$,$);
#6217=IFCRELDEFINESBYPROPERTIES('0edY_uEdr4MR2KQ4VY3ojm',#5,$,$,(#6216),#3321);
#6218=IFCCARTESIANPOINT((-162.342830605689,-25.4790331733529,0.));
#6219=IFCAXIS2PLACEMENT3D(#6218,$,$);
#6220=IFCLOCALPLACEMENT(#27,#6219);
#6221=IFCPRODUCTDEFINITIONSHAPE($,$,(#626));
#6222=IFCBUILDINGELEMENTPROXY('3Lpwwa9FnF4Pl6fA$47E1U',#5,'NL.IMGeo.G0772.b9d80685e84441fdbf33d9108b97f0f9',$,$,#6220,#6221,$,$);
#6223=IFCRELDEFINESBYPROPERTIES('2xXXYon0n1vuZyxZmXYjKc',#5,$,$,(#6222),#3331);
#6224=IFCCARTESIANPOINT((-152.067293758999,-12.2560807605041,0.));
#6225=IFCAXIS2PLACEMENT3D(#6224,$,$);
#6226=IFCLOCALPLACEMENT(#27,#6225);
#6227=IFCPRODUCTDEFINITIONSHAPE($,$,(#627));
#6228=IFCBUILDINGELEMENTPROXY('29sWbn6M99fxxUjbuBqIXb',#5,'NL.IMGeo.G0772.c56659b34c7e4589a97bdfc901dfa94f',$,$,#6226,#6227,$,$);
#6229=IFCRELDEFINESBYPROPERTIES('29q39CPZ945xil6vgjQbPy',#5,$,$,(#6228),#3341);
#6230=IFCCARTESIANPOINT((-160.62592202393,-16.3584848388564,0.));
#6231=IFCAXIS2PLACEMENT3D(#6230,$,$);
#6232=IFCLOCALPLACEMENT(#27,#6231);
#6233=IFCPRODUCTDEFINITIONSHAPE($,$,(#628));
#6234=IFCBUILDINGELEMENTPROXY('1JKNTQmMX8EhTAGihLl8Mz',#5,'NL.IMGeo.G0772.c6e5291ce6cf45a9a16042795790df14',$,$,#6232,#6233,$,$);
#6235=IFCRELDEFINESBYPROPERTIES('22tlVG381CBwiBjEWLO9OQ',#5,$,$,(#6234),#3351);
#6236=IFCCARTESIANPOINT((-161.362958896236,-23.2599503824022,0.));
#6237=IFCAXIS2PLACEMENT3D(#6236,$,$);
#6238=IFCLOCALPLACEMENT(#27,#6237);
#6239=IFCPRODUCTDEFINITIONSHAPE($,$,(#629));
#6240=IFCBUILDINGELEMENTPROXY('1AJNgRavT6C8SD41hY0LNg',#5,'NL.IMGeo.G0772.cc9481eea19b48c58cc31f3c44c69ffa',$,$,#6238,#6239,$,$);
#6241=IFCRELDEFINESBYPROPERTIES('2v_lYKV3z0MhrvuO2xJ3aC',#5,$,$,(#6240),#3361);
#6242=IFCCARTESIANPOINT((-147.505812172079,-26.1891380966408,0.));
#6243=IFCAXIS2PLACEMENT3D(#6242,$,$);
#6244=IFCLOCALPLACEMENT(#27,#6243);
#6245=IFCPRODUCTDEFINITIONSHAPE($,$,(#630));
#6246=IFCBUILDINGELEMENTPROXY('160X78lurDHwC4O$Hfcgp_',#5,'NL.IMGeo.G0772.d5541c62c7094fd4904674307b83f86e',$,$,#6244,#6245,$,$);
#6247=IFCRELDEFINESBYPROPERTIES('36_AkedJn1o8TLl8famkv2',#5,$,$,(#6246),#3371);
#6248=IFCCARTESIANPOINT((-117.745656704792,-136.130038636795,0.));
#6249=IFCAXIS2PLACEMENT3D(#6248,$,$);
#6250=IFCLOCALPLACEMENT(#27,#6249);
#6251=IFCPRODUCTDEFINITIONSHAPE($,$,(#631));
#6252=IFCBUILDINGELEMENTPROXY('3dIVSkpt55AQeoux9pUX2f',#5,'NL.IMGeo.G0772.eee676c805bd4fec9f58f6f736c64921',$,$,#6250,#6251,$,$);
#6253=IFCRELDEFINESBYPROPERTIES('1t8h2JazD8HxSIpJuTGKpe',#5,$,$,(#6252),#3381);
#6254=IFCCARTESIANPOINT((-90.8944717341801,-202.086219322635,0.));
#6255=IFCAXIS2PLACEMENT3D(#6254,$,$);
#6256=IFCLOCALPLACEMENT(#27,#6255);
#6257=IFCPRODUCTDEFINITIONSHAPE($,$,(#632));
#6258=IFCBUILDINGELEMENTPROXY('2as804Gc91We_0r02GKXfy',#5,'NL.IMGeo.G0772.f7910bf1a6ed4f838373099babeec77b',$,$,#6256,#6257,$,$);
#6259=IFCRELDEFINESBYPROPERTIES('2lc63hQhPEq986Tv55$Xfo',#5,$,$,(#6258),#3391);
#6260=IFCCARTESIANPOINT((-241.733505099401,-23.202687762503,0.));
#6261=IFCAXIS2PLACEMENT3D(#6260,$,$);
#6262=IFCLOCALPLACEMENT(#27,#6261);
#6263=IFCPRODUCTDEFINITIONSHAPE($,$,(#633));
#6264=IFCBUILDINGELEMENTPROXY('1aAYx4ueL0iuMOwguEMdNp',#5,'NL.IMGeo.G0772.7aa8135efb0b4505ac3b37574d983f52',$,$,#6262,#6263,$,$);
#6265=IFCRELDEFINESBYPROPERTIES('3FGpkkWKn4jxa2cx$4m1kr',#5,$,$,(#6264),#3401);
#6266=IFCCARTESIANPOINT((8.27739455775009,-86.3973829719471,0.));
#6267=IFCAXIS2PLACEMENT3D(#6266,$,$);
#6268=IFCLOCALPLACEMENT(#27,#6267);
#6269=IFCPRODUCTDEFINITIONSHAPE($,$,(#634));
#6270=IFCBUILDINGELEMENTPROXY('0wQWoFKmL9ExHsO_$fV7Zm',#5,'NL.IMGeo.G0772.185ed4fc455246ed865c805c380530b0',$,$,#6268,#6269,$,$);
#6271=IFCRELDEFINESBYPROPERTIES('1HDF9EFKjEJxPYz2bWY2Jp',#5,$,$,(#6270),#3411);
#6272=IFCCARTESIANPOINT((-194.139056110551,84.2941658400814,0.));
#6273=IFCAXIS2PLACEMENT3D(#6272,$,$);
#6274=IFCLOCALPLACEMENT(#27,#6273);
#6275=IFCPRODUCTDEFINITIONSHAPE($,$,(#635));
#6276=IFCBUILDINGELEMENTPROXY('3AISdb8vL3zRyCX$Vkpc1E',#5,'NL.IMGeo.G0772.2160cb475b8a4e88ad8682a4dd173767',$,$,#6274,#6275,$,$);
#6277=IFCRELDEFINESBYPROPERTIES('188vEzuBj9UOpSe8Zz9ge$',#5,$,$,(#6276),#3421);
#6278=IFCCARTESIANPOINT((84.1323112972896,1.28265260875924,0.));
#6279=IFCAXIS2PLACEMENT3D(#6278,$,$);
#6280=IFCLOCALPLACEMENT(#27,#6279);
#6281=IFCPRODUCTDEFINITIONSHAPE($,$,(#636));
#6282=IFCBUILDINGELEMENTPROXY('1wn6$AIB1Dl9aC16CK_hWe',#5,'NL.IMGeo.G0772.2322920b208e4de89dd6fe52c1b465f1',$,$,#6280,#6281,$,$);
#6283=IFCRELDEFINESBYPROPERTIES('2IRZ67eiv1oRFlKT6iHOMA',#5,$,$,(#6282),#3431);
#6284=IFCCARTESIANPOINT((79.9677995869715,-7.73741724767024,0.));
#6285=IFCAXIS2PLACEMENT3D(#6284,$,$);
#6286=IFCLOCALPLACEMENT(#27,#6285);
#6287=IFCPRODUCTDEFINITIONSHAPE($,$,(#637));
#6288=IFCBUILDINGELEMENTPROXY('2v_5S9EQ9A1BuAaFTaMM7h',#5,'NL.IMGeo.G0772.23fa4152c7e24f4dad65ba5a80d416d4',$,$,#6286,#6287,$,$);
#6289=IFCRELDEFINESBYPROPERTIES('2kon9mpPj29gpCMkmixgUk',#5,$,$,(#6288),#3441);
#6290=IFCCARTESIANPOINT((69.5123266146984,-0.273762785771396,0.));
#6291=IFCAXIS2PLACEMENT3D(#6290,$,$);
#6292=IFCLOCALPLACEMENT(#27,#6291);
#6293=IFCPRODUCTDEFINITIONSHAPE($,$,(#638));
#6294=IFCBUILDINGELEMENTPROXY('3P4AH50xL7_Qu3PKWPvfc$',#5,'NL.IMGeo.G0772.2b0806ee69ca48bea67898e5c91760fe',$,$,#6292,#6293,$,$);
#6295=IFCRELDEFINESBYPROPERTIES('102fKJxIj5gh6wumlsiBSn',#5,$,$,(#6294),#3451);
#6296=IFCCARTESIANPOINT((-64.974948577903,-6.29462952283211,0.));
#6297=IFCAXIS2PLACEMENT3D(#6296,$,$);
#6298=IFCLOCALPLACEMENT(#27,#6297);
#6299=IFCPRODUCTDEFINITIONSHAPE($,$,(#639));
#6300=IFCBUILDINGELEMENTPROXY('0Fb3xf57X7sgTstvSAHJN0',#5,'NL.IMGeo.G0772.2b44c0f28b4d4aa3a20dab61cb02655d',$,$,#6298,#6299,$,$);
#6301=IFCRELDEFINESBYPROPERTIES('3TYtJvsOv4tAoS5$PjWsSn',#5,$,$,(#6300),#3461);
#6302=IFCCARTESIANPOINT((140.872395073005,8.5807584678405,0.));
#6303=IFCAXIS2PLACEMENT3D(#6302,$,$);
#6304=IFCLOCALPLACEMENT(#27,#6303);
#6305=IFCPRODUCTDEFINITIONSHAPE($,$,(#640));
#6306=IFCBUILDINGELEMENTPROXY('3hSZu$Wcr6R8ZunChJi2zI',#5,'NL.IMGeo.G0772.300e3e87f5db44d593f18ae4e15c4790',$,$,#6304,#6305,$,$);
#6307=IFCRELDEFINESBYPROPERTIES('0W5AHVXgvDPgy3EqKxgfQz',#5,$,$,(#6306),#3471);
#6308=IFCCARTESIANPOINT((96.0755523701373,-6.52002114307834,0.));
#6309=IFCAXIS2PLACEMENT3D(#6308,$,$);
#6310=IFCLOCALPLACEMENT(#27,#6309);
#6311=IFCPRODUCTDEFINITIONSHAPE($,$,(#641));
#6312=IFCBUILDINGELEMENTPROXY('2G2bSwqK9BIe1GVUEIEo4f',#5,'NL.IMGeo.G0772.380278d3cdae401e9a39db8d265aa0d0',$,$,#6310,#6311,$,$);
#6313=IFCRELDEFINESBYPROPERTIES('0JjRlya2X7su$2h0xzxVAK',#5,$,$,(#6312),#3481);
#6314=IFCCARTESIANPOINT((67.2437274186814,-62.2783393562422,0.));
#6315=IFCAXIS2PLACEMENT3D(#6314,$,$);
#6316=IFCLOCALPLACEMENT(#27,#6315);
#6317=IFCPRODUCTDEFINITIONSHAPE($,$,(#642));
#6318=IFCBUILDINGELEMENTPROXY('2UAOrfZ0935hNDbefzfgjI',#5,'NL.IMGeo.G0772.461c52b43ee242c99939928bc9d830c1',$,$,#6316,#6317,$,$);
#6319=IFCRELDEFINESBYPROPERTIES('2VNhD1GiLEEu6l8VFBMzEt',#5,$,$,(#6318),#3491);
#6320=IFCCARTESIANPOINT((203.593528716126,24.2654997955542,0.));
#6321=IFCAXIS2PLACEMENT3D(#6320,$,$);
#6322=IFCLOCALPLACEMENT(#27,#6321);
#6323=IFCPRODUCTDEFINITIONSHAPE($,$,(#643));
#6324=IFCBUILDINGELEMENTPROXY('0iD2_lRP934wQPDzirlH47',#5,'NL.IMGeo.G0772.4a50f4a06e53451e919e5f102f94dc79',$,$,#6322,#6323,$,$);
#6325=IFCRELDEFINESBYPROPERTIES('2Ek9sGuhb0Ig1LF$AitZNu',#5,$,$,(#6324),#3501);
#6326=IFCCARTESIANPOINT((96.5230350679194,-54.7804948273697,0.));
#6327=IFCAXIS2PLACEMENT3D(#6326,$,$);
#6328=IFCLOCALPLACEMENT(#27,#6327);
#6329=IFCPRODUCTDEFINITIONSHAPE($,$,(#644));
#6330=IFCBUILDINGELEMENTPROXY('0daylhwIXB$g5Dx7rcKbvT',#5,'NL.IMGeo.G0772.4aac06447dc048bfaefc64299b4b49eb',$,$,#6328,#6329,$,$);
#6331=IFCRELDEFINESBYPROPERTIES('0eITN_Txj7ePRKL2XQt7xO',#5,$,$,(#6330),#3511);
#6332=IFCCARTESIANPOINT((237.303546048322,86.7373445855337,0.));
#6333=IFCAXIS2PLACEMENT3D(#6332,$,$);
#6334=IFCLOCALPLACEMENT(#27,#6333);
#6335=IFCPRODUCTDEFINITIONSHAPE($,$,(#645));
#6336=IFCBUILDINGELEMENTPROXY('0fjBsWaczF_A9El4J4Wz6i',#5,'NL.IMGeo.G0772.4d766da481394f0c9f9e251d2de56fab',$,$,#6334,#6335,$,$);
#6337=IFCRELDEFINESBYPROPERTIES('3k4zJ6xcPAsgCysYMpmSTD',#5,$,$,(#6336),#3521);
#6338=IFCCARTESIANPOINT((-34.4313548616483,-14.9576633964316,0.));
#6339=IFCAXIS2PLACEMENT3D(#6338,$,$);
#6340=IFCLOCALPLACEMENT(#27,#6339);
#6341=IFCPRODUCTDEFINITIONSHAPE($,$,(#646));
#6342=IFCBUILDINGELEMENTPROXY('3I2TeqRJrABvGM5qOUoSf2',#5,'NL.IMGeo.G0772.4fba3c2c01ee465fa712ee16ab802284',$,$,#6340,#6341,$,$);
#6343=IFCRELDEFINESBYPROPERTIES('2shQPPHOPACx5C6zblA1M$',#5,$,$,(#6342),#3531);
#6344=IFCCARTESIANPOINT((-68.9017203784315,54.107768775837,0.));
#6345=IFCAXIS2PLACEMENT3D(#6344,$,$);
#6346=IFCLOCALPLACEMENT(#27,#6345);
#6347=IFCPRODUCTDEFINITIONSHAPE($,$,(#647));
#6348=IFCBUILDINGELEMENTPROXY('2_Rq6h1mX8VA7o1CCao0Rx',#5,'NL.IMGeo.G0772.52a99f32f074400a94829fc77c031003',$,$,#6346,#6347,$,$);
#6349=IFCRELDEFINESBYPROPERTIES('2eDzZ$qpfBjf8Tewyi248x',#5,$,$,(#6348),#3541);
#6350=IFCCARTESIANPOINT((163.858739338932,12.875669676112,0.));
#6351=IFCAXIS2PLACEMENT3D(#6350,$,$);
#6352=IFCLOCALPLACEMENT(#27,#6351);
#6353=IFCPRODUCTDEFINITIONSHAPE($,$,(#648));
#6354=IFCBUILDINGELEMENTPROXY('0m3N9GxOz0CfboaBBua3B7',#5,'NL.IMGeo.G0772.53dd88f0290e42d69702bcba03870380',$,$,#6352,#6353,$,$);
#6355=IFCRELDEFINESBYPROPERTIES('3fIZHcdyv8gfeV7Ctmee54',#5,$,$,(#6354),#3551);
#6356=IFCCARTESIANPOINT((167.747262250894,4.59809451410547,0.));
#6357=IFCAXIS2PLACEMENT3D(#6356,$,$);
#6358=IFCLOCALPLACEMENT(#27,#6357);
#6359=IFCPRODUCTDEFINITIONSHAPE($,$,(#649));
#6360=IFCBUILDINGELEMENTPROXY('0dS_tQh7f9MetTK1j3ZfCU',#5,'NL.IMGeo.G0772.5437445176354038ac3a57c39c06ac8b',$,$,#6358,#6359,$,$);
#6361=IFCRELDEFINESBYPROPERTIES('1BYq3zLBr7g9p4Zt1CKjJe',#5,$,$,(#6360),#3561);
#6362=IFCCARTESIANPOINT((207.901223110064,25.1784045050736,0.));
#6363=IFCAXIS2PLACEMENT3D(#6362,$,$);
#6364=IFCLOCALPLACEMENT(#27,#6363);
#6365=IFCPRODUCTDEFINITIONSHAPE($,$,(#650));
#6366=IFCBUILDINGELEMENTPROXY('3oNnsHIxPDqAgsl2NuEIdu',#5,'NL.IMGeo.G0772.54fe868a5fab42229668e5dccd4f3a87',$,$,#6364,#6365,$,$);
#6367=IFCRELDEFINESBYPROPERTIES('1NxqsutCP1vRtDhLhqB$yr',#5,$,$,(#6366),#3571);
#6368=IFCCARTESIANPOINT((96.037093255989,-6.50374550063862,0.));
#6369=IFCAXIS2PLACEMENT3D(#6368,$,$);
#6370=IFCLOCALPLACEMENT(#27,#6369);
#6371=IFCPRODUCTDEFINITIONSHAPE($,$,(#651));
#6372=IFCBUILDINGELEMENTPROXY('1ZqQtCMFbCZh1oog07Qt4e',#5,'NL.IMGeo.G0772.5a75b07d81c04d398eaa2fa4d54ee077',$,$,#6370,#6371,$,$);
#6373=IFCRELDEFINESBYPROPERTIES('2yrfBKmp9DW8zJBAxFfa3A',#5,$,$,(#6372),#3581);
#6374=IFCCARTESIANPOINT((70.4485469921492,-9.11186515021836,0.));
#6375=IFCAXIS2PLACEMENT3D(#6374,$,$);
#6376=IFCLOCALPLACEMENT(#27,#6375);
#6377=IFCPRODUCTDEFINITIONSHAPE($,$,(#652));
#6378=IFCBUILDINGELEMENTPROXY('0u6CO3o9XFceg3VFl3jtDw',#5,'NL.IMGeo.G0772.5bcb16b5bbf34ad7aa328d616a4ffeea',$,$,#6376,#6377,$,$);
#6379=IFCRELDEFINESBYPROPERTIES('2KneUvq$L7qx_nG$gLkJqu',#5,$,$,(#6378),#3591);
#6380=IFCCARTESIANPOINT((-89.7280168133148,-6.3030517930747,0.));
#6381=IFCAXIS2PLACEMENT3D(#6380,$,$);
#6382=IFCLOCALPLACEMENT(#27,#6381);
#6383=IFCPRODUCTDEFINITIONSHAPE($,$,(#653));
#6384=IFCBUILDINGELEMENTPROXY('2kHPYjhuL5duQJ8TR2NE33',#5,'NL.IMGeo.G0772.631f66f1c3084c7f9e8f4d7177d9cff3',$,$,#6382,#6383,$,$);
#6385=IFCRELDEFINESBYPROPERTIES('0BPa3dyqP9Vfh5XRwrbGsD',#5,$,$,(#6384),#3601);
#6386=IFCCARTESIANPOINT((185.277071355173,18.8031823620549,0.));
#6387=IFCAXIS2PLACEMENT3D(#6386,$,$);
#6388=IFCLOCALPLACEMENT(#27,#6387);
#6389=IFCPRODUCTDEFINITIONSHAPE($,$,(#654));
#6390=IFCBUILDINGELEMENTPROXY('0EG7UMzf10Xu6iNpxdek7k',#5,'NL.IMGeo.G0772.67a21ef8e43b4145b7fb082bf413f83c',$,$,#6388,#6389,$,$);
#6391=IFCRELDEFINESBYPROPERTIES('12dL8W5VDF3x2kJNYlh31p',#5,$,$,(#6390),#3611);
#6392=IFCCARTESIANPOINT((-89.7056148935517,-15.3100352588808,0.));
#6393=IFCAXIS2PLACEMENT3D(#6392,$,$);
#6394=IFCLOCALPLACEMENT(#27,#6393);
#6395=IFCPRODUCTDEFINITIONSHAPE($,$,(#655));
#6396=IFCBUILDINGELEMENTPROXY('0R2jt6zZn1ZRb33t4H2epl',#5,'NL.IMGeo.G0772.67c55954927c40c5954ddf387401c498',$,$,#6394,#6395,$,$);
#6397=IFCRELDEFINESBYPROPERTIES('3bRxa734bEU8XZo$aUzpyg',#5,$,$,(#6396),#3621);
#6398=IFCCARTESIANPOINT((-42.2745647835836,-6.24666505405912,0.));
#6399=IFCAXIS2PLACEMENT3D(#6398,$,$);
#6400=IFCLOCALPLACEMENT(#27,#6399);
#6401=IFCPRODUCTDEFINITIONSHAPE($,$,(#656));
#6402=IFCBUILDINGELEMENTPROXY('111CQc18P08AmZTluhh2Gi',#5,'NL.IMGeo.G0772.6e9b429f367c4d619edb791ebd22b9cd',$,$,#6400,#6401,$,$);
#6403=IFCRELDEFINESBYPROPERTIES('2Tr0c4SLD67h5Iuu9lmEnQ',#5,$,$,(#6402),#3631);
#6404=IFCCARTESIANPOINT((47.7803662547667,-11.7498041291256,0.));
#6405=IFCAXIS2PLACEMENT3D(#6404,$,$);
#6406=IFCLOCALPLACEMENT(#27,#6405);
#6407=IFCPRODUCTDEFINITIONSHAPE($,$,(#657));
#6408=IFCBUILDINGELEMENTPROXY('3_nk9vrHzDF9irJ5v_UR1E',#5,'NL.IMGeo.G0772.6f821e51ef3242b5be6de2e17182a079',$,$,#6406,#6407,$,$);
#6409=IFCRELDEFINESBYPROPERTIES('3GxkeIN1P7EOFi5WHRlhJy',#5,$,$,(#6408),#3641);
#6410=IFCCARTESIANPOINT((147.590986665367,0.675391935335938,0.));
#6411=IFCAXIS2PLACEMENT3D(#6410,$,$);
#6412=IFCLOCALPLACEMENT(#27,#6411);
#6413=IFCPRODUCTDEFINITIONSHAPE($,$,(#658));
#6414=IFCBUILDINGELEMENTPROXY('0tx5v06KHDCQBqAPFjtp5p',#5,'NL.IMGeo.G0772.72fc1eee9c30456588bd7fd5ecad6306',$,$,#6412,#6413,$,$);
#6415=IFCRELDEFINESBYPROPERTIES('1r0eBLtlX0EfQKsbYkZu02',#5,$,$,(#6414),#3651);
#6416=IFCCARTESIANPOINT((248.155929207191,59.0825862829806,0.));
#6417=IFCAXIS2PLACEMENT3D(#6416,$,$);
#6418=IFCLOCALPLACEMENT(#27,#6417);
#6419=IFCPRODUCTDEFINITIONSHAPE($,$,(#659));
#6420=IFCBUILDINGELEMENTPROXY('2XyHCXQabBqQhkURuctPmR',#5,'NL.IMGeo.G0772.7b3a5d598077495182b00efa59027e98',$,$,#6418,#6419,$,$);
#6421=IFCRELDEFINESBYPROPERTIES('0tAHIWCnbFWhiHux6R91C1',#5,$,$,(#6420),#3661);
#6422=IFCCARTESIANPOINT((-197.879925199668,84.4245132927317,0.));
#6423=IFCAXIS2PLACEMENT3D(#6422,$,$);
#6424=IFCLOCALPLACEMENT(#27,#6423);
#6425=IFCPRODUCTDEFINITIONSHAPE($,$,(#660));
#6426=IFCBUILDINGELEMENTPROXY('1wCdjnJOz6TQqeZhR7dsaG',#5,'NL.IMGeo.G0772.7c85ff76af264a50a2c1e3ab1a8ebfd9',$,$,#6424,#6425,$,$);
#6427=IFCRELDEFINESBYPROPERTIES('1qZrK51lX6QfTRciXST_79',#5,$,$,(#6426),#3671);
#6428=IFCCARTESIANPOINT((95.5459978490544,2.44219359493582,0.));
#6429=IFCAXIS2PLACEMENT3D(#6428,$,$);
#6430=IFCLOCALPLACEMENT(#27,#6429);
#6431=IFCPRODUCTDEFINITIONSHAPE($,$,(#661));
#6432=IFCBUILDINGELEMENTPROXY('37ZDT$cQD9X8PuDLpsc_gB',#5,'NL.IMGeo.G0772.7eff7a0faf704ce6929cb92f575ed691',$,$,#6430,#6431,$,$);
#6433=IFCRELDEFINESBYPROPERTIES('1NNL6ibOD0nRpbxyRML8xS',#5,$,$,(#6432),#3681);
#6434=IFCCARTESIANPOINT((120.07249266727,-3.96472617454128,0.));
#6435=IFCAXIS2PLACEMENT3D(#6434,$,$);
#6436=IFCLOCALPLACEMENT(#27,#6435);
#6437=IFCPRODUCTDEFINITIONSHAPE($,$,(#662));
#6438=IFCBUILDINGELEMENTPROXY('3H9NpaRrX8ZwQrEdOeOelf',#5,'NL.IMGeo.G0772.9b20350e29f449c1871858a367d91ea4',$,$,#6436,#6437,$,$);
#6439=IFCRELDEFINESBYPROPERTIES('3JZFvzDsD4zuz3jKxuoRH7',#5,$,$,(#6438),#3691);
#6440=IFCCARTESIANPOINT((46.697017129598,-2.12368010781938,0.));
#6441=IFCAXIS2PLACEMENT3D(#6440,$,$);
#6442=IFCLOCALPLACEMENT(#27,#6441);
#6443=IFCPRODUCTDEFINITIONSHAPE($,$,(#663));
#6444=IFCBUILDINGELEMENTPROXY('0m4_0asHz0ghu5Yu9ZbPQ2',#5,'NL.IMGeo.G0772.9fdb294ee4c44311a23e2f53a695742b',$,$,#6442,#6443,$,$);
#6445=IFCRELDEFINESBYPROPERTIES('3Nv5kUZI52cw1GcbyGmzIc',#5,$,$,(#6444),#3701);
#6446=IFCCARTESIANPOINT((-18.54826777571,-15.8863235176541,0.));
#6447=IFCAXIS2PLACEMENT3D(#6446,$,$);
#6448=IFCLOCALPLACEMENT(#27,#6447);
#6449=IFCPRODUCTDEFINITIONSHAPE($,$,(#664));
#6450=IFCBUILDINGELEMENTPROXY('3VY5VRZ1z7hgOdMZW4nTnE',#5,'NL.IMGeo.G0772.a073f62139304e4c99f62fb92df1c50f',$,$,#6448,#6449,$,$);
#6451=IFCRELDEFINESBYPROPERTIES('1vNiG3wbv4pfb4dhOXvZ$I',#5,$,$,(#6450),#3711);
#6452=IFCCARTESIANPOINT((-42.1383546134166,-15.4219389894861,0.));
#6453=IFCAXIS2PLACEMENT3D(#6452,$,$);
#6454=IFCLOCALPLACEMENT(#27,#6453);
#6455=IFCPRODUCTDEFINITIONSHAPE($,$,(#665));
#6456=IFCBUILDINGELEMENTPROXY('3967guWUbDsgocc5C_jcfd',#5,'NL.IMGeo.G0772.a428021753b444de866a2c0007bd226a',$,$,#6454,#6455,$,$);
#6457=IFCRELDEFINESBYPROPERTIES('1HYFbm0E58n8lLuTKqovoy',#5,$,$,(#6456),#3721);
#6458=IFCCARTESIANPOINT((253.841478270188,99.0176723834011,0.));
#6459=IFCAXIS2PLACEMENT3D(#6458,$,$);
#6460=IFCLOCALPLACEMENT(#27,#6459);
#6461=IFCPRODUCTDEFINITIONSHAPE($,$,(#666));
#6462=IFCBUILDINGELEMENTPROXY('2L_vUaxiP8KPQGmGGukzaT',#5,'NL.IMGeo.G0772.a628d240b8b941b88d9d2bf0d224ac2e',$,$,#6460,#6461,$,$);
#6463=IFCRELDEFINESBYPROPERTIES('0AIjvYrRjCixeMX35ZNQvI',#5,$,$,(#6462),#3731);
#6464=IFCCARTESIANPOINT((-37.9322401377431,-6.3986738367239,0.));
#6465=IFCAXIS2PLACEMENT3D(#6464,$,$);
#6466=IFCLOCALPLACEMENT(#27,#6465);
#6467=IFCPRODUCTDEFINITIONSHAPE($,$,(#667));
#6468=IFCBUILDINGELEMENTPROXY('15YKZUIuX8hRngqkAsnuZT',#5,'NL.IMGeo.G0772.a9dd485f96594db09bb11481f84ca58d',$,$,#6466,#6467,$,$);
#6469=IFCRELDEFINESBYPROPERTIES('0EoWD$tDD9WOiRuKY6P7i0',#5,$,$,(#6468),#3741);
#6470=IFCCARTESIANPOINT((-197.212752574298,84.2172629896668,0.));
#6471=IFCAXIS2PLACEMENT3D(#6470,$,$);
#6472=IFCLOCALPLACEMENT(#27,#6471);
#6473=IFCPRODUCTDEFINITIONSHAPE($,$,(#668));
#6474=IFCBUILDINGELEMENTPROXY('1b_dfQpifDMPboQOaiJw_r',#5,'NL.IMGeo.G0772.a9eda6c73a7c489281a12fdfe25c26df',$,$,#6472,#6473,$,$);
#6475=IFCRELDEFINESBYPROPERTIES('1WRZySqPn4S9e0amo7cy49',#5,$,$,(#6474),#3751);
#6476=IFCCARTESIANPOINT((187.356754901906,9.41263363766484,0.));
#6477=IFCAXIS2PLACEMENT3D(#6476,$,$);
#6478=IFCLOCALPLACEMENT(#27,#6477);
#6479=IFCPRODUCTDEFINITIONSHAPE($,$,(#669));
#6480=IFCBUILDINGELEMENTPROXY('3y8eJfmbX1WONcUO2bHXQa',#5,'NL.IMGeo.G0772.ac2f9b366e0944ae930a5cba5621432e',$,$,#6478,#6479,$,$);
#6481=IFCRELDEFINESBYPROPERTIES('3R87HvbMb9BRJOYxAtwlM7',#5,$,$,(#6480),#3761);
#6482=IFCCARTESIANPOINT((158.151606902829,-25.1197127979831,0.));
#6483=IFCAXIS2PLACEMENT3D(#6482,$,$);
#6484=IFCLOCALPLACEMENT(#27,#6483);
#6485=IFCPRODUCTDEFINITIONSHAPE($,$,(#670));
#6486=IFCBUILDINGELEMENTPROXY('2E0xqw9CTEyuhW7Q4jrAxZ',#5,'NL.IMGeo.G0772.afaf4dab51374eb1ba22460052bdfbd5',$,$,#6484,#6485,$,$);
#6487=IFCRELDEFINESBYPROPERTIES('2CGSjjhtr4wesulTMHMrM_',#5,$,$,(#6486),#3771);
#6488=IFCCARTESIANPOINT((-200.160278675641,84.1656986402231,0.));
#6489=IFCAXIS2PLACEMENT3D(#6488,$,$);
#6490=IFCLOCALPLACEMENT(#27,#6489);
#6491=IFCPRODUCTDEFINITIONSHAPE($,$,(#671));
#6492=IFCBUILDINGELEMENTPROXY('2NfuangCnAPwvFbAx2q9l1',#5,'NL.IMGeo.G0772.b69e48577e9f4a409b0f78803b75b104',$,$,#6490,#6491,$,$);
#6493=IFCRELDEFINESBYPROPERTIES('1YOg_ea7j65vY_TRsQhoUS',#5,$,$,(#6492),#3781);
#6494=IFCCARTESIANPOINT((165.734737929481,13.530466811324,0.));
#6495=IFCAXIS2PLACEMENT3D(#6494,$,$);
#6496=IFCLOCALPLACEMENT(#27,#6495);
#6497=IFCPRODUCTDEFINITIONSHAPE($,$,(#672));
#6498=IFCBUILDINGELEMENTPROXY('1w$HX1b$DCVhwZaGarXd6i',#5,'NL.IMGeo.G0772.befd0da2c0c64b4f838f48b532a302eb',$,$,#6496,#6497,$,$);
#6499=IFCRELDEFINESBYPROPERTIES('38CiuW0qLEWxi72MdUtPE6',#5,$,$,(#6498),#3791);
#6500=IFCCARTESIANPOINT((210.035721948021,15.8697049336042,0.));
#6501=IFCAXIS2PLACEMENT3D(#6500,$,$);
#6502=IFCLOCALPLACEMENT(#27,#6501);
#6503=IFCPRODUCTDEFINITIONSHAPE($,$,(#673));
#6504=IFCBUILDINGELEMENTPROXY('3dRE_9pEb1ggGEQDbdGcik',#5,'NL.IMGeo.G0772.c83bd461faff40eaa189dea4d2cf203d',$,$,#6502,#6503,$,$);
#6505=IFCRELDEFINESBYPROPERTIES('0iqqR0xS13LBFdlg3mBs_F',#5,$,$,(#6504),#3801);
#6506=IFCCARTESIANPOINT((247.837923681276,68.6434862659662,0.));
#6507=IFCAXIS2PLACEMENT3D(#6506,$,$);
#6508=IFCLOCALPLACEMENT(#27,#6507);
#6509=IFCPRODUCTDEFINITIONSHAPE($,$,(#674));
#6510=IFCBUILDINGELEMENTPROXY('0fKEn3qDLFB9snyJbJlItk',#5,'NL.IMGeo.G0772.cc7a0f65530547a8b6efb6fee0b5822b',$,$,#6508,#6509,$,$);
#6511=IFCRELDEFINESBYPROPERTIES('3ZTVJ5pQX0eR8_4d63I6UX',#5,$,$,(#6510),#3811);
#6512=IFCCARTESIANPOINT((-21.5070576157013,-15.5909395594499,0.));
#6513=IFCAXIS2PLACEMENT3D(#6512,$,$);
#6514=IFCLOCALPLACEMENT(#27,#6513);
#6515=IFCPRODUCTDEFINITIONSHAPE($,$,(#675));
#6516=IFCBUILDINGELEMENTPROXY('3CffJysCj63flvOybXnmCa',#5,'NL.IMGeo.G0772.d7cfbc8c2d194568a6ca6ce0c178eabc',$,$,#6514,#6515,$,$);
#6517=IFCRELDEFINESBYPROPERTIES('23q6ekrpz8cBC4RpNQnt_F',#5,$,$,(#6516),#3821);
#6518=IFCCARTESIANPOINT((176.527488207706,7.05868634284707,0.));
#6519=IFCAXIS2PLACEMENT3D(#6518,$,$);
#6520=IFCLOCALPLACEMENT(#27,#6519);
#6521=IFCPRODUCTDEFINITIONSHAPE($,$,(#676));
#6522=IFCBUILDINGELEMENTPROXY('35lyMZHsP7aeCtDlzQ_Rix',#5,'NL.IMGeo.G0772.dcda5d5650d348f8bfbdfb5dd49a7f75',$,$,#6520,#6521,$,$);
#6523=IFCRELDEFINESBYPROPERTIES('1dIq1Rt4n0af79LUilpcp_',#5,$,$,(#6522),#3831);
#6524=IFCCARTESIANPOINT((-18.6254543195537,-5.4484268311644,0.));
#6525=IFCAXIS2PLACEMENT3D(#6524,$,$);
#6526=IFCLOCALPLACEMENT(#27,#6525);
#6527=IFCPRODUCTDEFINITIONSHAPE($,$,(#677));
#6528=IFCBUILDINGELEMENTPROXY('3FNBUus711TwMy8ESbYxVr',#5,'NL.IMGeo.G0772.e1171eb9c4e14500b5ae0d579675871e',$,$,#6526,#6527,$,$);
#6529=IFCRELDEFINESBYPROPERTIES('0v57KSFVz2vxcrbKbGyjw0',#5,$,$,(#6528),#3841);
#6530=IFCCARTESIANPOINT((-68.9072177122289,29.1247043564799,0.));
#6531=IFCAXIS2PLACEMENT3D(#6530,$,$);
#6532=IFCLOCALPLACEMENT(#27,#6531);
#6533=IFCPRODUCTDEFINITIONSHAPE($,$,(#678));
#6534=IFCBUILDINGELEMENTPROXY('0Xlwo2ImLFdQCy3Gk5RN2P',#5,'NL.IMGeo.G0772.e213ea2663404564b612c6d98aca2e12',$,$,#6532,#6533,$,$);
#6535=IFCRELDEFINESBYPROPERTIES('26Jc90UwH53wDgCW6ztJh0',#5,$,$,(#6534),#3851);
#6536=IFCCARTESIANPOINT((27.3192180679471,-14.36166015052,0.));
#6537=IFCAXIS2PLACEMENT3D(#6536,$,$);
#6538=IFCLOCALPLACEMENT(#27,#6537);
#6539=IFCPRODUCTDEFINITIONSHAPE($,$,(#679));
#6540=IFCBUILDINGELEMENTPROXY('2JPsObis11PAhvdz0xt0pN',#5,'NL.IMGeo.G0772.e4913ec340c24713ad890466df38b224',$,$,#6538,#6539,$,$);
#6541=IFCRELDEFINESBYPROPERTIES('1B5ZzBtdP5BBVncrtMkQ6H',#5,$,$,(#6540),#3861);
#6542=IFCCARTESIANPOINT((252.22143148561,86.4368132547825,0.));
#6543=IFCAXIS2PLACEMENT3D(#6542,$,$);
#6544=IFCLOCALPLACEMENT(#27,#6543);
#6545=IFCPRODUCTDEFINITIONSHAPE($,$,(#680));
#6546=IFCBUILDINGELEMENTPROXY('2MNW7M695CGRvXSK$CMKYS',#5,'NL.IMGeo.G0772.ee08ca9e0b8b44928e540045824fbd8f',$,$,#6544,#6545,$,$);
#6547=IFCRELDEFINESBYPROPERTIES('2lxIROV1HBuvYvNd0NSMJU',#5,$,$,(#6546),#3871);
#6548=IFCCARTESIANPOINT((-197.911285842856,80.6354092416004,0.));
#6549=IFCAXIS2PLACEMENT3D(#6548,$,$);
#6550=IFCLOCALPLACEMENT(#27,#6549);
#6551=IFCPRODUCTDEFINITIONSHAPE($,$,(#681));
#6552=IFCBUILDINGELEMENTPROXY('1sCflQDFT1lP$tsLdjVYhC',#5,'NL.IMGeo.G0772.1163f5c60bcf42b297c8dfdcaf3b4a7e',$,$,#6550,#6551,$,$);
#6553=IFCRELDEFINESBYPROPERTIES('2MHDD$A5P0IwH3hHxLmTiG',#5,$,$,(#6552),#3881);
#6554=IFCCARTESIANPOINT((-11.482067020348,75.1761233684374,0.));
#6555=IFCAXIS2PLACEMENT3D(#6554,$,$);
#6556=IFCLOCALPLACEMENT(#27,#6555);
#6557=IFCPRODUCTDEFINITIONSHAPE($,$,(#682));
#6558=IFCBUILDINGELEMENTPROXY('0zBHKtDer7Bfp4BD4r$XXo',#5,'NL.IMGeo.G0772.123e91b8019644109f9b691b90cfe7c0',$,$,#6556,#6557,$,$);
#6559=IFCRELDEFINESBYPROPERTIES('0wpdSz1355uv_n_2WcejLh',#5,$,$,(#6558),#3891);
#6560=IFCCARTESIANPOINT((-37.8855335116386,-15.0063650771626,0.));
#6561=IFCAXIS2PLACEMENT3D(#6560,$,$);
#6562=IFCLOCALPLACEMENT(#27,#6561);
#6563=IFCPRODUCTDEFINITIONSHAPE($,$,(#683));
#6564=IFCBUILDINGELEMENTPROXY('0rVRYbr79Cbeaiqj3glsFR',#5,'NL.IMGeo.G0772.266f1a1380cc4610a6adad1232618c8a',$,$,#6562,#6563,$,$);
#6565=IFCRELDEFINESBYPROPERTIES('0aM1MCwwv7c8KRGfJiaNXe',#5,$,$,(#6564),#3901);
#6566=IFCCARTESIANPOINT((37.5277255581168,-74.4903985775309,0.));
#6567=IFCAXIS2PLACEMENT3D(#6566,$,$);
#6568=IFCLOCALPLACEMENT(#27,#6567);
#6569=IFCPRODUCTDEFINITIONSHAPE($,$,(#684));
#6570=IFCBUILDINGELEMENTPROXY('1Z39t0UAzEEe2FVC5$BKRB',#5,'NL.IMGeo.G0772.2a4c9965c6e0497984978bdb308bba1b',$,$,#6568,#6569,$,$);
#6571=IFCRELDEFINESBYPROPERTIES('3qKhrU_nb9PPfcsEyQV2q3',#5,$,$,(#6570),#3911);
#6572=IFCCARTESIANPOINT((127.001007761661,-42.0530198037741,0.));
#6573=IFCAXIS2PLACEMENT3D(#6572,$,$);
#6574=IFCLOCALPLACEMENT(#27,#6573);
#6575=IFCPRODUCTDEFINITIONSHAPE($,$,(#685));
#6576=IFCBUILDINGELEMENTPROXY('34V$rPfQv39h0g__Fd8zvM',#5,'NL.IMGeo.G0772.31ae60503f0641c99aaafe4dbafc2be8',$,$,#6574,#6575,$,$);
#6577=IFCRELDEFINESBYPROPERTIES('33t7xWIBTDkvdz3KEE_ePL',#5,$,$,(#6576),#3921);
#6578=IFCCARTESIANPOINT((-35.4750788981037,-5.87468562833965,0.));
#6579=IFCAXIS2PLACEMENT3D(#6578,$,$);
#6580=IFCLOCALPLACEMENT(#27,#6579);
#6581=IFCPRODUCTDEFINITIONSHAPE($,$,(#686));
#6582=IFCBUILDINGELEMENTPROXY('06f_RaMc90FPWWimn7lKRx',#5,'NL.IMGeo.G0772.4c284748bf8241a6bb7f14a8a342c6ac',$,$,#6580,#6581,$,$);
#6583=IFCRELDEFINESBYPROPERTIES('1JogVzVbH5HxHrQ4D258L8',#5,$,$,(#6582),#3931);
#6584=IFCCARTESIANPOINT((-65.000890821917,-15.4070019910578,0.));
#6585=IFCAXIS2PLACEMENT3D(#6584,$,$);
#6586=IFCLOCALPLACEMENT(#27,#6585);
#6587=IFCPRODUCTDEFINITIONSHAPE($,$,(#687));
#6588=IFCBUILDINGELEMENTPROXY('2vGIKJ6I95jhxO_eQBQVFv',#5,'NL.IMGeo.G0772.51aa70b4c187490897ffabcf425fd74c',$,$,#6586,#6587,$,$);
#6589=IFCRELDEFINESBYPROPERTIES('2D6XPh17T27x$M7JacZCN_',#5,$,$,(#6588),#3941);
#6590=IFCCARTESIANPOINT((174.64397260602,15.4868426642497,0.));
#6591=IFCAXIS2PLACEMENT3D(#6590,$,$);
#6592=IFCLOCALPLACEMENT(#27,#6591);
#6593=IFCPRODUCTDEFINITIONSHAPE($,$,(#688));
#6594=IFCBUILDINGELEMENTPROXY('2YUiYICrbCGxTi5x609OIc',#5,'NL.IMGeo.G0772.55b2855999334da39cb775b1b980cfb7',$,$,#6592,#6593,$,$);
#6595=IFCRELDEFINESBYPROPERTIES('0oyarIwaTApeJlc9IUahbK',#5,$,$,(#6594),#3951);
#6596=IFCCARTESIANPOINT((142.631687766028,-0.491151431400795,0.));
#6597=IFCAXIS2PLACEMENT3D(#6596,$,$);
#6598=IFCLOCALPLACEMENT(#27,#6597);
#6599=IFCPRODUCTDEFINITIONSHAPE($,$,(#689));
#6600=IFCBUILDINGELEMENTPROXY('20ufc5EpD66AuBDhnFq39B',#5,'NL.IMGeo.G0772.7172adf2796f41588fea6416af6d2c90',$,$,#6598,#6599,$,$);
#6601=IFCRELDEFINESBYPROPERTIES('21BwHnyjLC0euRXrN3fuYY',#5,$,$,(#6600),#3961);
#6602=IFCCARTESIANPOINT((-212.603268673847,84.0977214016602,0.));
#6603=IFCAXIS2PLACEMENT3D(#6602,$,$);
#6604=IFCLOCALPLACEMENT(#27,#6603);
#6605=IFCPRODUCTDEFINITIONSHAPE($,$,(#690));
#6606=IFCBUILDINGELEMENTPROXY('3JP6o40XDDXg4LlRMqTh5q',#5,'NL.IMGeo.G0772.804674224d5244d9a92fa0490f98c3b8',$,$,#6604,#6605,$,$);
#6607=IFCRELDEFINESBYPROPERTIES('2dICBGCffE49_6KX$D8gJq',#5,$,$,(#6606),#3971);
#6608=IFCCARTESIANPOINT((118.77731289799,5.02788559097098,0.));
#6609=IFCAXIS2PLACEMENT3D(#6608,$,$);
#6610=IFCLOCALPLACEMENT(#27,#6609);
#6611=IFCPRODUCTDEFINITIONSHAPE($,$,(#691));
#6612=IFCBUILDINGELEMENTPROXY('1RNh$lAx1AvA3nwkofCyBS',#5,'NL.IMGeo.G0772.930bf946bcdd43269bc1a94c3da9a260',$,$,#6610,#6611,$,$);
#6613=IFCRELDEFINESBYPROPERTIES('3KRMvDEYb65fFMQ46weoHp',#5,$,$,(#6612),#3981);
#6614=IFCCARTESIANPOINT((255.910108081618,74.4097140629892,0.));
#6615=IFCAXIS2PLACEMENT3D(#6614,$,$);
#6616=IFCLOCALPLACEMENT(#27,#6615);
#6617=IFCPRODUCTDEFINITIONSHAPE($,$,(#692));
#6618=IFCBUILDINGELEMENTPROXY('33$kkR$hf0cws1sU9N5qHu',#5,'NL.IMGeo.G0772.aa7bfaae969e4376a84339b743cee652',$,$,#6616,#6617,$,$);
#6619=IFCRELDEFINESBYPROPERTIES('3v9Z8ZpuDB0RzJjJS5U6DZ',#5,$,$,(#6618),#3991);
#6620=IFCCARTESIANPOINT((-200.095370731404,80.4254040049273,0.));
#6621=IFCAXIS2PLACEMENT3D(#6620,$,$);
#6622=IFCLOCALPLACEMENT(#27,#6621);
#6623=IFCPRODUCTDEFINITIONSHAPE($,$,(#693));
#6624=IFCBUILDINGELEMENTPROXY('0bat$fJfn0eREZ9xWwTvFQ',#5,'NL.IMGeo.G0772.b9405397113c4bb098910a127f7a973b',$,$,#6622,#6623,$,$);
#6625=IFCRELDEFINESBYPROPERTIES('1lTDIFPHj8W9MQ3uDX1NoX',#5,$,$,(#6624),#4001);
#6626=IFCCARTESIANPOINT((259.785809185152,70.4902393587981,0.));
#6627=IFCAXIS2PLACEMENT3D(#6626,$,$);
#6628=IFCLOCALPLACEMENT(#27,#6627);
#6629=IFCPRODUCTDEFINITIONSHAPE($,$,(#694));
#6630=IFCBUILDINGELEMENTPROXY('1eWE9pUrHAPACtQpCLK7Wj',#5,'NL.IMGeo.G0772.c92567d795c4460b963757c74ee083ca',$,$,#6628,#6629,$,$);
#6631=IFCRELDEFINESBYPROPERTIES('14uy89Var8kvG30ycKnOxp',#5,$,$,(#6630),#4011);
#6632=IFCCARTESIANPOINT((235.64884967808,60.0831489510019,0.));
#6633=IFCAXIS2PLACEMENT3D(#6632,$,$);
#6634=IFCLOCALPLACEMENT(#27,#6633);
#6635=IFCPRODUCTDEFINITIONSHAPE($,$,(#695));
#6636=IFCBUILDINGELEMENTPROXY('3I8h56BJ1Cmf8DTbko4hH8',#5,'NL.IMGeo.G0772.de07a9dae3c64506b244d32b61a174d9',$,$,#6634,#6635,$,$);
#6637=IFCRELDEFINESBYPROPERTIES('2UyO0V5qL8YBIIM1dojuYq',#5,$,$,(#6636),#4021);
#6638=IFCCARTESIANPOINT((-89.6544376169622,-15.3407417137059,0.));
#6639=IFCAXIS2PLACEMENT3D(#6638,$,$);
#6640=IFCLOCALPLACEMENT(#27,#6639);
#6641=IFCPRODUCTDEFINITIONSHAPE($,$,(#696));
#6642=IFCBUILDINGELEMENTPROXY('264nVP4gf0bhdbRkNgvJSy',#5,'NL.IMGeo.G0772.e5630e573d67451ea46b6c73f47d4a55',$,$,#6640,#6641,$,$);
#6643=IFCRELDEFINESBYPROPERTIES('3NDK4rUgL6neYj4tUd_pnv',#5,$,$,(#6642),#4031);
#6644=IFCCARTESIANPOINT((-197.183568233188,80.4338426754694,0.));
#6645=IFCAXIS2PLACEMENT3D(#6644,$,$);
#6646=IFCLOCALPLACEMENT(#27,#6645);
#6647=IFCPRODUCTDEFINITIONSHAPE($,$,(#697));
#6648=IFCBUILDINGELEMENTPROXY('3TainSx116IOODDWf2aTJn',#5,'NL.IMGeo.G0772.ed66da1a6598454a985de4c0e1510f29',$,$,#6646,#6647,$,$);
#6649=IFCRELDEFINESBYPROPERTIES('1ECv7VVbn418FWerdo9QtW',#5,$,$,(#6648),#4041);
#6650=IFCCARTESIANPOINT((25.6953402877261,-2.66202370513929,0.));
#6651=IFCAXIS2PLACEMENT3D(#6650,$,$);
#6652=IFCLOCALPLACEMENT(#27,#6651);
#6653=IFCPRODUCTDEFINITIONSHAPE($,$,(#698));
#6654=IFCBUILDINGELEMENTPROXY('22u29getD5SRWDK7SK86gp',#5,'NL.IMGeo.G0772.f22658aa59d44c7493691e6c2e1f2b40',$,$,#6652,#6653,$,$);
#6655=IFCRELDEFINESBYPROPERTIES('0jMuEQmdz1XeJpd63s_9pJ',#5,$,$,(#6654),#4051);
#6656=IFCCARTESIANPOINT((-7.98627529366058,245.299119736417,0.));
#6657=IFCAXIS2PLACEMENT3D(#6656,$,$);
#6658=IFCLOCALPLACEMENT(#27,#6657);
#6659=IFCPRODUCTDEFINITIONSHAPE($,$,(#699));
#6660=IFCBUILDINGELEMENTPROXY('0u8TkdAynCZfwtaccyuSCw',#5,'NL.IMGeo.G0772.181479bf95c4453284aa7a58961b42d0',$,$,#6658,#6659,$,$);
#6661=IFCRELDEFINESBYPROPERTIES('3HXaKBJmX7mP$2ifs8bbZH',#5,$,$,(#6660),#4061);
#6662=IFCCARTESIANPOINT((118.25105798617,212.623544111964,0.));
#6663=IFCAXIS2PLACEMENT3D(#6662,$,$);
#6664=IFCLOCALPLACEMENT(#27,#6663);
#6665=IFCPRODUCTDEFINITIONSHAPE($,$,(#700));
#6666=IFCBUILDINGELEMENTPROXY('3JcoaAJpD32eZxHhBC99wD',#5,'NL.IMGeo.G0772.21c53cc4e4a04333aa0a6c9a1e327499',$,$,#6664,#6665,$,$);
#6667=IFCRELDEFINESBYPROPERTIES('3C9LhGNFfBMROMwSnyMAs8',#5,$,$,(#6666),#4071);
#6668=IFCCARTESIANPOINT((65.9390177167661,269.648468029976,0.));
#6669=IFCAXIS2PLACEMENT3D(#6668,$,$);
#6670=IFCLOCALPLACEMENT(#27,#6669);
#6671=IFCPRODUCTDEFINITIONSHAPE($,$,(#701));
#6672=IFCBUILDINGELEMENTPROXY('1DF$PfdST3IwRoN5AZY5i6',#5,'NL.IMGeo.G0772.2ec42a01030d4ad4845bbd5fa419ca41',$,$,#6670,#6671,$,$);
#6673=IFCRELDEFINESBYPROPERTIES('1am_FyAJ1FBBuZu8s0Wy_1',#5,$,$,(#6672),#4081);
#6674=IFCCARTESIANPOINT((-43.6788898384839,324.07067478617,0.));
#6675=IFCAXIS2PLACEMENT3D(#6674,$,$);
#6676=IFCLOCALPLACEMENT(#27,#6675);
#6677=IFCPRODUCTDEFINITIONSHAPE($,$,(#702));
#6678=IFCBUILDINGELEMENTPROXY('2Lj9yfcMX0QATWTMBP4EFd',#5,'NL.IMGeo.G0772.5ce7d37f1bfd4a00a8a1d3995ece2cd0',$,$,#6676,#6677,$,$);
#6679=IFCRELDEFINESBYPROPERTIES('1_AruPxFfEeBm_2uYV2x8A',#5,$,$,(#6678),#4091);
#6680=IFCCARTESIANPOINT((69.907837534236,238.386617168901,0.));
#6681=IFCAXIS2PLACEMENT3D(#6680,$,$);
#6682=IFCLOCALPLACEMENT(#27,#6681);
#6683=IFCPRODUCTDEFINITIONSHAPE($,$,(#703));
#6684=IFCBUILDINGELEMENTPROXY('0Zj_Vtit12PPaBoGpPBKm_',#5,'NL.IMGeo.G0772.71c47c164112403888c426143c85703f',$,$,#6682,#6683,$,$);
#6685=IFCRELDEFINESBYPROPERTIES('1qLhLSzwH49OUC$3JCRhml',#5,$,$,(#6684),#4101);
#6686=IFCCARTESIANPOINT((93.9973104914243,236.211329223355,0.));
#6687=IFCAXIS2PLACEMENT3D(#6686,$,$);
#6688=IFCLOCALPLACEMENT(#27,#6687);
#6689=IFCPRODUCTDEFINITIONSHAPE($,$,(#704));
#6690=IFCBUILDINGELEMENTPROXY('1mzNtrESD9kf_4pdQWSo6M',#5,'NL.IMGeo.G0772.74a628d125c341089245c0e70e1f8858',$,$,#6688,#6689,$,$);
#6691=IFCRELDEFINESBYPROPERTIES('0dsnfUxWn8DRv8aNeQMfDU',#5,$,$,(#6690),#4111);
#6692=IFCCARTESIANPOINT((-34.4566167388984,279.160893180349,0.));
#6693=IFCAXIS2PLACEMENT3D(#6692,$,$);
#6694=IFCLOCALPLACEMENT(#27,#6693);
#6695=IFCPRODUCTDEFINITIONSHAPE($,$,(#705));
#6696=IFCBUILDINGELEMENTPROXY('1pyGNPKrf7cBf06ODbEBX3',#5,'NL.IMGeo.G0772.793af1e2662446ac90e355289687cc56',$,$,#6694,#6695,$,$);
#6697=IFCRELDEFINESBYPROPERTIES('1terrg4Z1EsPNHuF1ZQEuh',#5,$,$,(#6696),#4121);
#6698=IFCCARTESIANPOINT((-32.7151342021243,247.506712562754,0.));
#6699=IFCAXIS2PLACEMENT3D(#6698,$,$);
#6700=IFCLOCALPLACEMENT(#27,#6699);
#6701=IFCPRODUCTDEFINITIONSHAPE($,$,(#706));
#6702=IFCBUILDINGELEMENTPROXY('2yOMViNBT4p9XmXoegfblP',#5,'NL.IMGeo.G0772.8ca8893105074b02b0784d7c7878b556',$,$,#6700,#6701,$,$);
#6703=IFCRELDEFINESBYPROPERTIES('19KwYuRjz5mRBtYjPgzJjR',#5,$,$,(#6702),#4131);
#6704=IFCCARTESIANPOINT((44.4986508089059,240.616279465205,0.));
#6705=IFCAXIS2PLACEMENT3D(#6704,$,$);
#6706=IFCLOCALPLACEMENT(#27,#6705);
#6707=IFCPRODUCTDEFINITIONSHAPE($,$,(#707));
#6708=IFCBUILDINGELEMENTPROXY('29u50z9FPDIP9O5kZL6L0c',#5,'NL.IMGeo.G0772.9b1176e0b5764f819a4c9354f1641c1f',$,$,#6706,#6707,$,$);
#6709=IFCRELDEFINESBYPROPERTIES('3DW8htQQ184Rn0s3d_sCKG',#5,$,$,(#6708),#4141);
#6710=IFCCARTESIANPOINT((-81.0291851575312,248.863119683112,0.));
#6711=IFCAXIS2PLACEMENT3D(#6710,$,$);
#6712=IFCLOCALPLACEMENT(#27,#6711);
#6713=IFCPRODUCTDEFINITIONSHAPE($,$,(#708));
#6714=IFCBUILDINGELEMENTPROXY('2S8UISl95FUvVpZ84ec4Sw',#5,'NL.IMGeo.G0772.a88edf89b8ae4feeb42ba2a5ca808d94',$,$,#6712,#6713,$,$);
#6715=IFCRELDEFINESBYPROPERTIES('1FGHWD63r7U86WV$rkXq2_',#5,$,$,(#6714),#4151);
#6716=IFCCARTESIANPOINT((17.7610494182736,242.985435407318,0.));
#6717=IFCAXIS2PLACEMENT3D(#6716,$,$);
#6718=IFCLOCALPLACEMENT(#27,#6717);
#6719=IFCPRODUCTDEFINITIONSHAPE($,$,(#709));
#6720=IFCBUILDINGELEMENTPROXY('0uHZDawLr1kPMHNbGZu$mQ',#5,'NL.IMGeo.G0772.b0dab2be2e8243d29cd1faa5c8bb26cf',$,$,#6718,#6719,$,$);
#6721=IFCRELDEFINESBYPROPERTIES('3mSyZeJobFMwLgpJGziI9$',#5,$,$,(#6720),#4161);
#6722=IFCCARTESIANPOINT((-56.3500864804082,249.250955322233,0.));
#6723=IFCAXIS2PLACEMENT3D(#6722,$,$);
#6724=IFCLOCALPLACEMENT(#27,#6723);
#6725=IFCPRODUCTDEFINITIONSHAPE($,$,(#710));
#6726=IFCBUILDINGELEMENTPROXY('2TAh7SDQj13xgFJrqMrDSs',#5,'NL.IMGeo.G0772.b80f444ff8e842529102c5035b68a470',$,$,#6724,#6725,$,$);
#6727=IFCRELDEFINESBYPROPERTIES('1VCa8Og2LDKA3K8bJ0qH7q',#5,$,$,(#6726),#4171);
#6728=IFCCARTESIANPOINT((32.1759126325778,286.279018113215,0.));
#6729=IFCAXIS2PLACEMENT3D(#6728,$,$);
#6730=IFCLOCALPLACEMENT(#27,#6729);
#6731=IFCPRODUCTDEFINITIONSHAPE($,$,(#711));
#6732=IFCBUILDINGELEMENTPROXY('1Rki6pHyv999Hxzwpyy7Ae',#5,'NL.IMGeo.G0772.c3a62af72e9843fbbcf2a9fa856d5aaf',$,$,#6730,#6731,$,$);
#6733=IFCRELDEFINESBYPROPERTIES('3Sew9avg9DN8$PyNQhzgp$',#5,$,$,(#6732),#4181);
#6734=IFCCARTESIANPOINT((13.3700302918151,301.728511127178,0.));
#6735=IFCAXIS2PLACEMENT3D(#6734,$,$);
#6736=IFCLOCALPLACEMENT(#27,#6735);
#6737=IFCPRODUCTDEFINITIONSHAPE($,$,(#712));
#6738=IFCBUILDINGELEMENTPROXY('29bsdSDen3JPoh2hObawBE',#5,'NL.IMGeo.G0772.cd79033b39844bbc85c6d24a47b3cefa',$,$,#6736,#6737,$,$);
#6739=IFCRELDEFINESBYPROPERTIES('0eMnpFBIHBBO8T90IuDmio',#5,$,$,(#6738),#4191);
#6740=IFCCARTESIANPOINT((16.7218175882008,277.523676694429,0.));
#6741=IFCAXIS2PLACEMENT3D(#6740,$,$);
#6742=IFCLOCALPLACEMENT(#27,#6741);
#6743=IFCPRODUCTDEFINITIONSHAPE($,$,(#713));
#6744=IFCBUILDINGELEMENTPROXY('0ZArpzBAf0nPjyl_gfOlwa',#5,'NL.IMGeo.G0772.d8142cae0d124e7dbcd6416ee1db9e70',$,$,#6742,#6743,$,$);
#6745=IFCRELDEFINESBYPROPERTIES('0vgoQOChT7GPNoiHXs3PFP',#5,$,$,(#6744),#4201);
#6746=IFCCARTESIANPOINT((-39.240571454051,302.257575329219,0.));
#6747=IFCAXIS2PLACEMENT3D(#6746,$,$);
#6748=IFCLOCALPLACEMENT(#27,#6747);
#6749=IFCPRODUCTDEFINITIONSHAPE($,$,(#714));
#6750=IFCBUILDINGELEMENTPROXY('0T45KLu2P4y9P6TLu5FbQ6',#5,'NL.IMGeo.G0772.dfccbe96706f4f9f90458181b189479d',$,$,#6748,#6749,$,$);
#6751=IFCRELDEFINESBYPROPERTIES('3luCCItSP5QfAQXnl_XprO',#5,$,$,(#6750),#4211);
#6752=IFCCARTESIANPOINT((-108.289784429333,246.128573222435,0.));
#6753=IFCAXIS2PLACEMENT3D(#6752,$,$);
#6754=IFCLOCALPLACEMENT(#27,#6753);
#6755=IFCPRODUCTDEFINITIONSHAPE($,$,(#715));
#6756=IFCBUILDINGELEMENTPROXY('1dCSicRTv6HB3GNmIZlumv',#5,'NL.IMGeo.G0772.f61cd1557c4d4cfe85cf14a7dc84fac0',$,$,#6754,#6755,$,$);
#6757=IFCRELDEFINESBYPROPERTIES('2hrLWKBoL3ug$1LDCQadII',#5,$,$,(#6756),#4221);
#6758=IFCCARTESIANPOINT((-31.3097698859347,6.44299068796681,0.));
#6759=IFCAXIS2PLACEMENT3D(#6758,$,$);
#6760=IFCLOCALPLACEMENT(#27,#6759);
#6761=IFCPRODUCTDEFINITIONSHAPE($,$,(#716));
#6762=IFCBUILDINGELEMENTPROXY('2uJCVWE_L8Wxv7S2JZK3uj',#5,'NL.IMGeo.G0772.2b8370bf56d541a99f6ee15d23000339',$,$,#6760,#6761,$,$);
#6763=IFCRELDEFINESBYPROPERTIES('3bEomKAyr6zvYp9YVQ1eEZ',#5,$,$,(#6762),#4231);
#6764=IFCCARTESIANPOINT((2.93593735600007,-76.9565090737888,0.));
#6765=IFCAXIS2PLACEMENT3D(#6764,$,$);
#6766=IFCLOCALPLACEMENT(#27,#6765);
#6767=IFCPRODUCTDEFINITIONSHAPE($,$,(#717));
#6768=IFCBUILDINGELEMENTPROXY('3RkB7A62z6ahqzMyFYL5F_',#5,'NL.IMGeo.G0772.9cc1b07287874d16b5d97c9a21d91893',$,$,#6766,#6767,$,$);
#6769=IFCRELDEFINESBYPROPERTIES('2AbFB3LB1DofZzseg6cAtB',#5,$,$,(#6768),#4241);
#6770=IFCCARTESIANPOINT((188.804392794409,-3.39798998233164,0.));
#6771=IFCAXIS2PLACEMENT3D(#6770,$,$);
#6772=IFCLOCALPLACEMENT(#27,#6771);
#6773=IFCPRODUCTDEFINITIONSHAPE($,$,(#718));
#6774=IFCBUILDINGELEMENTPROXY('0SYyNptNX3QA1jTHrjwFFM',#5,'NL.IMGeo.G0772.c14111d355064085add1786c7a4e7552',$,$,#6772,#6773,$,$);
#6775=IFCRELDEFINESBYPROPERTIES('068t5$oOP9th2fq$6UhUEb',#5,$,$,(#6774),#4251);
#6776=IFCCARTESIANPOINT((260.126977043255,71.3347537118825,0.));
#6777=IFCAXIS2PLACEMENT3D(#6776,$,$);
#6778=IFCLOCALPLACEMENT(#27,#6777);
#6779=IFCPRODUCTDEFINITIONSHAPE($,$,(#719));
#6780=IFCBUILDINGELEMENTPROXY('12jqQ4Oef98Q_rlNRGy0Jp',#5,'NL.IMGeo.G0772.9b92ab25ffbc4e1da11c849aabf36712',$,$,#6778,#6779,$,$);
#6781=IFCRELDEFINESBYPROPERTIES('1Xcp0zv6X1phhhonIMt76X',#5,$,$,(#6780),#4261);
#6782=IFCCARTESIANPOINT((257.019331849733,74.9634103987482,0.));
#6783=IFCAXIS2PLACEMENT3D(#6782,$,$);
#6784=IFCLOCALPLACEMENT(#27,#6783);
#6785=IFCPRODUCTDEFINITIONSHAPE($,$,(#720));
#6786=IFCBUILDINGELEMENTPROXY('32s$Z_imv60uPQOyauwra_',#5,'NL.IMGeo.G0772.dc4318f97e37410bac2ec1da3b7f1c1a',$,$,#6784,#6785,$,$);
#6787=IFCRELDEFINESBYPROPERTIES('3VKlafQxT6Pg8GhqEDPudw',#5,$,$,(#6786),#4271);
#6788=IFCCARTESIANPOINT((5.05894178480958,-86.5361696729087,0.));
#6789=IFCAXIS2PLACEMENT3D(#6788,$,$);
#6790=IFCLOCALPLACEMENT(#27,#6789);
#6791=IFCPRODUCTDEFINITIONSHAPE($,$,(#721));
#6792=IFCBUILDINGELEMENTPROXY('1eOX8VnEb3MOHSA$plwA3P',#5,'NL.IMGeo.G0772.451837bbfa0e47598fed5792922a635d',$,$,#6790,#6791,$,$);
#6793=IFCRELDEFINESBYPROPERTIES('0A7LMX$PPAsvzOspVgIUZD',#5,$,$,(#6792),#4281);
#6794=IFCCARTESIANPOINT((-194.505178907741,91.409537305939,0.));
#6795=IFCAXIS2PLACEMENT3D(#6794,$,$);
#6796=IFCLOCALPLACEMENT(#27,#6795);
#6797=IFCPRODUCTDEFINITIONSHAPE($,$,(#722));
#6798=IFCBUILDINGELEMENTPROXY('0xGsjEVk18Y9x40D3S2LGh',#5,'NL.IMGeo.G0772.3718cf53467a4601b081c507f1ad3577',$,$,#6796,#6797,$,$);
#6799=IFCRELDEFINESBYPROPERTIES('0oIkx77AbAchnMRhN0pQhw',#5,$,$,(#6798),#4291);
#6800=IFCCARTESIANPOINT((-215.48567740529,91.2886580516933,0.));
#6801=IFCAXIS2PLACEMENT3D(#6800,$,$);
#6802=IFCLOCALPLACEMENT(#27,#6801);
#6803=IFCPRODUCTDEFINITIONSHAPE($,$,(#723));
#6804=IFCBUILDINGELEMENTPROXY('3i_9Dg5qj6du8gDAMxtZO8',#5,'NL.IMGeo.G0772.7e88a6f7710544e5b01e24ae90a63b41',$,$,#6802,#6803,$,$);
#6805=IFCRELDEFINESBYPROPERTIES('13VZNMBPT0v8fartmd8rOn',#5,$,$,(#6804),#4301);
#6806=IFCCARTESIANPOINT((-173.642287744588,91.4668200595188,0.));
#6807=IFCAXIS2PLACEMENT3D(#6806,$,$);
#6808=IFCLOCALPLACEMENT(#27,#6807);
#6809=IFCPRODUCTDEFINITIONSHAPE($,$,(#724));
#6810=IFCBUILDINGELEMENTPROXY('2s50XOvi9AYA9BQIEVDddp',#5,'NL.IMGeo.G0772.cd1b2de694fe4b799ba034d218095275',$,$,#6808,#6809,$,$);
#6811=IFCRELDEFINESBYPROPERTIES('2NeZFS2TnA5xg_ORbMAa5E',#5,$,$,(#6810),#4311);
#6812=IFCCARTESIANPOINT((-98.4861552553193,267.041473954276,0.));
#6813=IFCAXIS2PLACEMENT3D(#6812,$,$);
#6814=IFCLOCALPLACEMENT(#27,#6813);
#6815=IFCPRODUCTDEFINITIONSHAPE($,$,(#725));
#6816=IFCBUILDINGELEMENTPROXY('3xjU6ELPf8xek8E0aS4t3Y',#5,'NL.IMGeo.G0772.2cfd74fbd8234524950326854558384d',$,$,#6814,#6815,$,$);
#6817=IFCRELDEFINESBYPROPERTIES('15NRid9kz7Nu1IW9c1Cglg',#5,$,$,(#6816),#4321);
#6818=IFCCARTESIANPOINT((-21.9423531375069,264.882101511874,0.));
#6819=IFCAXIS2PLACEMENT3D(#6818,$,$);
#6820=IFCLOCALPLACEMENT(#27,#6819);
#6821=IFCPRODUCTDEFINITIONSHAPE($,$,(#726));
#6822=IFCBUILDINGELEMENTPROXY('0Dgmq8Jkn27fvRrXewG3PB',#5,'NL.IMGeo.G0772.b66c8de568f74ba5bff3b94184781719',$,$,#6820,#6821,$,$);
#6823=IFCRELDEFINESBYPROPERTIES('3_87ttvgD7yQNQOBxxh_Y9',#5,$,$,(#6822),#4331);
#6824=IFCCARTESIANPOINT((3.41630014404655,262.812465372961,0.));
#6825=IFCAXIS2PLACEMENT3D(#6824,$,$);
#6826=IFCLOCALPLACEMENT(#27,#6825);
#6827=IFCPRODUCTDEFINITIONSHAPE($,$,(#727));
#6828=IFCBUILDINGELEMENTPROXY('0XcSIuKffDM9JejYsH3zZP',#5,'NL.IMGeo.G0772.dd51ff80bca74c539bf96ca3662093d4',$,$,#6826,#6827,$,$);
#6829=IFCRELDEFINESBYPROPERTIES('1aVXDm3sfFbu4gEXL0_Pim',#5,$,$,(#6828),#4341);
#6830=IFCCARTESIANPOINT((24.7673837336188,262.352376736875,0.));
#6831=IFCAXIS2PLACEMENT3D(#6830,$,$);
#6832=IFCLOCALPLACEMENT(#27,#6831);
#6833=IFCPRODUCTDEFINITIONSHAPE($,$,(#728));
#6834=IFCBUILDINGELEMENTPROXY('17ZWdbGebFX9hAOFi9IuGF',#5,'NL.IMGeo.G0772.453ad619a64f47dbaa029d69f367cb7c',$,$,#6832,#6833,$,$);
#6835=IFCRELDEFINESBYPROPERTIES('2j3907ngrFLgGx$5FHR9uf',#5,$,$,(#6834),#4351);
#6836=IFCCARTESIANPOINT((120.947941034363,-28.5724818250746,0.));
#6837=IFCAXIS2PLACEMENT3D(#6836,$,$);
#6838=IFCLOCALPLACEMENT(#27,#6837);
#6839=IFCPRODUCTDEFINITIONSHAPE($,$,(#729));
#6840=IFCBUILDINGELEMENTPROXY('3afprC6uT15humR9aIEy8V',#5,'NL.IMGeo.G0772.e06d4b7405ef4a36b6dc0315fef5ba0d',$,$,#6838,#6839,$,$);
#6841=IFCRELDEFINESBYPROPERTIES('0ubjS_7ifF6gNF58ibgHLn',#5,$,$,(#6840),#4361);
#6842=IFCCARTESIANPOINT((65.9059417567041,241.244546346832,0.));
#6843=IFCAXIS2PLACEMENT3D(#6842,$,$);
#6844=IFCLOCALPLACEMENT(#27,#6843);
#6845=IFCPRODUCTDEFINITIONSHAPE($,$,(#730));
#6846=IFCBUILDINGELEMENTPROXY('0qZDOeR850Sxw$JeOWqAE4',#5,'NL.IMGeo.G0772.918e8e5b91054ef0900ef90ab03499b3',$,$,#6844,#6845,$,$);
#6847=IFCRELDEFINESBYPROPERTIES('2CzIsUq41BjeEB0jRqM3fa',#5,$,$,(#6846),#4371);
#6848=IFCCARTESIANPOINT((-35.1458499452274,-6.84731366444612,0.));
#6849=IFCAXIS2PLACEMENT3D(#6848,$,$);
#6850=IFCLOCALPLACEMENT(#27,#6849);
#6851=IFCPRODUCTDEFINITIONSHAPE($,$,(#731));
#6852=IFCBUILDINGELEMENTPROXY('24yAMzx_vBbBzSDC79c4NP',#5,'NL.IMGeo.G0772.2080d88493994cdcaf594c20c913dbb8',$,$,#6850,#6851,$,$);
#6853=IFCRELDEFINESBYPROPERTIES('0pAlZtIlz7WODxJmi5Vvm9',#5,$,$,(#6852),#4381);
#6854=IFCCARTESIANPOINT((-37.0245032456296,-16.174094018701,0.));
#6855=IFCAXIS2PLACEMENT3D(#6854,$,$);
#6856=IFCLOCALPLACEMENT(#27,#6855);
#6857=IFCPRODUCTDEFINITIONSHAPE($,$,(#732));
#6858=IFCBUILDINGELEMENTPROXY('37ZwBmKwH1EhKGvZ0Yvmhu',#5,'NL.IMGeo.G0772.64340fc3e2254d7986a40ef636efae0c',$,$,#6856,#6857,$,$);
#6859=IFCRELDEFINESBYPROPERTIES('26W$ymYP539PyHcVJXVnhb',#5,$,$,(#6858),#4391);
#6860=IFCCARTESIANPOINT((-20.738944149256,-15.8142816796317,0.));
#6861=IFCAXIS2PLACEMENT3D(#6860,$,$);
#6862=IFCLOCALPLACEMENT(#27,#6861);
#6863=IFCPRODUCTDEFINITIONSHAPE($,$,(#733));
#6864=IFCBUILDINGELEMENTPROXY('0cp4bvcNX7A936jUJGO4LH',#5,'NL.IMGeo.G0772.729d201e393043aeabafe0e3799eae4e',$,$,#6862,#6863,$,$);
#6865=IFCRELDEFINESBYPROPERTIES('3eTu97dbbEChjRYRZRnbIL',#5,$,$,(#6864),#4401);
#6866=IFCCARTESIANPOINT((-47.6760445168184,-15.2237685230211,0.));
#6867=IFCAXIS2PLACEMENT3D(#6866,$,$);
#6868=IFCLOCALPLACEMENT(#27,#6867);
#6869=IFCPRODUCTDEFINITIONSHAPE($,$,(#734));
#6870=IFCBUILDINGELEMENTPROXY('1O36IhsIfDXeL2xboSJ778',#5,'NL.IMGeo.G0772.84da8e27fc794867b39c999fb49ce9c2',$,$,#6868,#6869,$,$);
#6871=IFCRELDEFINESBYPROPERTIES('3JFmQsovD2fPH7OhKkYYkv',#5,$,$,(#6870),#4411);
#6872=IFCCARTESIANPOINT((152.728752955358,-12.3832667840761,0.));
#6873=IFCAXIS2PLACEMENT3D(#6872,$,$);
#6874=IFCLOCALPLACEMENT(#27,#6873);
#6875=IFCPRODUCTDEFINITIONSHAPE($,$,(#735));
#6876=IFCBUILDINGELEMENTPROXY('3MFPQXyQ55VwJv_KAZpNOI',#5,'NL.IMGeo.G0772.88cd95f443ee4bda849fe2ea47b2fae0',$,$,#6874,#6875,$,$);
#6877=IFCRELDEFINESBYPROPERTIES('0WIDDGxUvCD8mB5lA_nzDD',#5,$,$,(#6876),#4421);
#6878=IFCCARTESIANPOINT((-34.5149057756935,-6.40385627647629,0.));
#6879=IFCAXIS2PLACEMENT3D(#6878,$,$);
#6880=IFCLOCALPLACEMENT(#27,#6879);
#6881=IFCPRODUCTDEFINITIONSHAPE($,$,(#736));
#6882=IFCBUILDINGELEMENTPROXY('0DGaFa0E5AoOn9UMUSyHpl',#5,'NL.IMGeo.G0772.9e8a3bbbd61e4fedb076a5452953624d',$,$,#6880,#6881,$,$);
#6883=IFCRELDEFINESBYPROPERTIES('3W5ugKjgL8pxyq8_jqDXmz',#5,$,$,(#6882),#4431);
#6884=IFCCARTESIANPOINT((-8.16036714654183,-8.86863083991921,0.));
#6885=IFCAXIS2PLACEMENT3D(#6884,$,$);
#6886=IFCLOCALPLACEMENT(#27,#6885);
#6887=IFCPRODUCTDEFINITIONSHAPE($,$,(#737));
#6888=IFCBUILDINGELEMENTPROXY('0yEY_ncv1Fbu5B3ARuS5LV',#5,'NL.IMGeo.G0772.cf77feb92372418d890dd3bef38476ce',$,$,#6886,#6887,$,$);
#6889=IFCRELDEFINESBYPROPERTIES('0Ul0pENxX3NhaAoiBOqMuc',#5,$,$,(#6888),#4441);
#6890=IFCCARTESIANPOINT((-5.34149998149951,63.070964863,0.));
#6891=IFCAXIS2PLACEMENT3D(#6890,$,$);
#6892=IFCLOCALPLACEMENT(#27,#6891);
#6893=IFCPRODUCTDEFINITIONSHAPE($,$,(#738));
#6894=IFCBUILDINGELEMENTPROXY('1imMGT5$L4fwoTH0MbRUh_',#5,'NL.IMGeo.G0772.05a48226263449b49469c094c2c75221',$,$,#6892,#6893,$,$);
#6895=IFCRELDEFINESBYPROPERTIES('0dBzVZ9MP3mhOk0x$zAyyr',#5,$,$,(#6894),#4451);
#6896=IFCCARTESIANPOINT((-5.76067453020369,19.9797574919648,0.));
#6897=IFCAXIS2PLACEMENT3D(#6896,$,$);
#6898=IFCLOCALPLACEMENT(#27,#6897);
#6899=IFCPRODUCTDEFINITIONSHAPE($,$,(#739));
#6900=IFCBUILDINGELEMENTPROXY('1437u_T_TE_vrYzcW4qHaO',#5,'NL.IMGeo.G0772.0b208aaa1dd545f1b6c9242fac92a13d',$,$,#6898,#6899,$,$);
#6901=IFCRELDEFINESBYPROPERTIES('3tTcscTbTDJulBiLIPEvj8',#5,$,$,(#6900),#4461);
#6902=IFCCARTESIANPOINT((-5.45788089596317,42.3103768298752,0.));
#6903=IFCAXIS2PLACEMENT3D(#6902,$,$);
#6904=IFCLOCALPLACEMENT(#27,#6903);
#6905=IFCPRODUCTDEFINITIONSHAPE($,$,(#740));
#6906=IFCBUILDINGELEMENTPROXY('2plSSKLjv00wKa3TggI0W6',#5,'NL.IMGeo.G0772.5f1425c44beb49478c2862029856a3ba',$,$,#6904,#6905,$,$);
#6907=IFCRELDEFINESBYPROPERTIES('08ht5$kNjF9RBRSPdZ_Iy_',#5,$,$,(#6906),#4471);
#6908=IFCCARTESIANPOINT((-5.77299050820875,6.40992988372454,0.));
#6909=IFCAXIS2PLACEMENT3D(#6908,$,$);
#6910=IFCLOCALPLACEMENT(#27,#6909);
#6911=IFCPRODUCTDEFINITIONSHAPE($,$,(#741));
#6912=IFCBUILDINGELEMENTPROXY('2XSKOBXFr28uaduc3IXTay',#5,'NL.IMGeo.G0772.fb1dd4a8398943aa97c462fdff557311',$,$,#6910,#6911,$,$);
#6913=IFCRELDEFINESBYPROPERTIES('0papTKh316thHexLm1Xd6G',#5,$,$,(#6912),#4481);
#6914=IFCCARTESIANPOINT((173.087173027539,-9.71358400018653,0.));
#6915=IFCAXIS2PLACEMENT3D(#6914,$,$);
#6916=IFCLOCALPLACEMENT(#27,#6915);
#6917=IFCPRODUCTDEFINITIONSHAPE($,$,(#742));
#6918=IFCBUILDINGELEMENTPROXY('07_pP6qUzE$uvDxald0kdr',#5,'NL.IMGeo.G0772.7b5dc5f4adae48c5a7e6cce0d5614b5d',$,$,#6916,#6917,$,$);
#6919=IFCRELDEFINESBYPROPERTIES('2iU59QEa170x5L4wkgdiEs',#5,$,$,(#6918),#4491);
#6920=IFCCARTESIANPOINT((-47.1154515798844,267.290174353402,0.));
#6921=IFCAXIS2PLACEMENT3D(#6920,$,$);
#6922=IFCLOCALPLACEMENT(#27,#6921);
#6923=IFCPRODUCTDEFINITIONSHAPE($,$,(#743));
#6924=IFCBUILDINGELEMENTPROXY('26Imrj7C1ECR80r21lcnnN',#5,'NL.IMGeo.G0772.b01160aae5a8430c8d0952917b753260',$,$,#6922,#6923,$,$);
#6925=IFCRELDEFINESBYPROPERTIES('0zF9SUM9bDkfNCwmjkvlNI',#5,$,$,(#6924),#4501);
#6926=IFCCARTESIANPOINT((-73.8864746249747,267.571709641954,0.));
#6927=IFCAXIS2PLACEMENT3D(#6926,$,$);
#6928=IFCLOCALPLACEMENT(#27,#6927);
#6929=IFCPRODUCTDEFINITIONSHAPE($,$,(#744));
#6930=IFCBUILDINGELEMENTPROXY('1SWKxiyw18fumCe6rSSyv6',#5,'NL.IMGeo.G0772.e22946ab91af415e8d4a1575362e906a',$,$,#6928,#6929,$,$);
#6931=IFCRELDEFINESBYPROPERTIES('3T8dpu9Ar3c8K5lMWjmKaN',#5,$,$,(#6930),#4511);
#6932=IFCCARTESIANPOINT((80.1987244083139,255.879407093511,0.));
#6933=IFCAXIS2PLACEMENT3D(#6932,$,$);
#6934=IFCLOCALPLACEMENT(#27,#6933);
#6935=IFCPRODUCTDEFINITIONSHAPE($,$,(#745));
#6936=IFCBUILDINGELEMENTPROXY('3BUAosotXCexFKdgJAupOm',#5,'NL.IMGeo.G0772.f46a3b7e8bca40c082623e605abbd69d',$,$,#6934,#6935,$,$);
#6937=IFCRELDEFINESBYPROPERTIES('0AqaavTsb0ABrx1vJKZk9E',#5,$,$,(#6936),#4521);
#6938=IFCCARTESIANPOINT((53.2125697765441,258.346676675195,0.));
#6939=IFCAXIS2PLACEMENT3D(#6938,$,$);
#6940=IFCLOCALPLACEMENT(#27,#6939);
#6941=IFCPRODUCTDEFINITIONSHAPE($,$,(#746));
#6942=IFCBUILDINGELEMENTPROXY('1znU_d6VLC5hjbRCCijiv3',#5,'NL.IMGeo.G0772.fc99eca0704646388268f4a64089a5f5',$,$,#6940,#6941,$,$);
#6943=IFCRELDEFINESBYPROPERTIES('1blbghBjHBtA0Q1y0o4SIi',#5,$,$,(#6942),#4531);
#6944=IFCCARTESIANPOINT((-91.8012267435261,266.008545693301,0.));
#6945=IFCAXIS2PLACEMENT3D(#6944,$,$);
#6946=IFCLOCALPLACEMENT(#27,#6945);
#6947=IFCPRODUCTDEFINITIONSHAPE($,$,(#747));
#6948=IFCBUILDINGELEMENTPROXY('1NRkYt0jf9r8ujLiDz3W2n',#5,'NL.IMGeo.G0772.6625efa09aa341f5883c11c0f5590adb',$,$,#6946,#6947,$,$);
#6949=IFCRELDEFINESBYPROPERTIES('375rZ_nCn2puwiEnFUKj44',#5,$,$,(#6948),#4541);
#6950=IFCCARTESIANPOINT((227.056815314427,43.5736911921413,0.));
#6951=IFCAXIS2PLACEMENT3D(#6950,$,$);
#6952=IFCLOCALPLACEMENT(#27,#6951);
#6953=IFCPRODUCTDEFINITIONSHAPE($,$,(#748));
#6954=IFCBUILDINGELEMENTPROXY('1q8QL9EaLAFw9de8vyE5hL',#5,'NL.IMGeo.G0772.3963e57e89a748b59cb5f100bc40a2aa',$,$,#6952,#6953,$,$);
#6955=IFCRELDEFINESBYPROPERTIES('3Xq0__FMH5aw77EqLI8QmF',#5,$,$,(#6954),#4551);
#6956=IFCCARTESIANPOINT((228.026828019094,34.5647582723759,0.));
#6957=IFCAXIS2PLACEMENT3D(#6956,$,$);
#6958=IFCLOCALPLACEMENT(#27,#6957);
#6959=IFCPRODUCTDEFINITIONSHAPE($,$,(#749));
#6960=IFCBUILDINGELEMENTPROXY('1NFwiReMT5IwzZk1wLWjjb',#5,'NL.IMGeo.G0772.5252dd72574b4659aca25ca191c72de1',$,$,#6958,#6959,$,$);
#6961=IFCRELDEFINESBYPROPERTIES('3CbN3GeG1DFAIyDNO2isq8',#5,$,$,(#6960),#4561);
#6962=IFCCARTESIANPOINT((232.589365845401,37.6805285757873,0.));
#6963=IFCAXIS2PLACEMENT3D(#6962,$,$);
#6964=IFCLOCALPLACEMENT(#27,#6963);
#6965=IFCPRODUCTDEFINITIONSHAPE($,$,(#750));
#6966=IFCBUILDINGELEMENTPROXY('1YDNKfm7D98wcOk3kMyJrZ',#5,'NL.IMGeo.G0772.9f7f2316cb16476ea61c99b89adcd654',$,$,#6964,#6965,$,$);
#6967=IFCRELDEFINESBYPROPERTIES('3rNH3HIRrBxQ65ZAYkM9cD',#5,$,$,(#6966),#4571);
#6968=IFCCARTESIANPOINT((228.047653557674,33.2307975169388,0.));
#6969=IFCAXIS2PLACEMENT3D(#6968,$,$);
#6970=IFCLOCALPLACEMENT(#27,#6969);
#6971=IFCPRODUCTDEFINITIONSHAPE($,$,(#751));
#6972=IFCBUILDINGELEMENTPROXY('2dsCq4yObAchwE$iYylbof',#5,'NL.IMGeo.G0772.e02f6d384cfb42c6ab808a85f2e55865',$,$,#6970,#6971,$,$);
#6973=IFCRELDEFINESBYPROPERTIES('2rVQ5xVqrFIeSTCKNQzaN4',#5,$,$,(#6972),#4581);
#6974=IFCCARTESIANPOINT((227.196963726456,44.5925132681732,0.));
#6975=IFCAXIS2PLACEMENT3D(#6974,$,$);
#6976=IFCLOCALPLACEMENT(#27,#6975);
#6977=IFCPRODUCTDEFINITIONSHAPE($,$,(#752));
#6978=IFCBUILDINGELEMENTPROXY('3DPVxwPz55yw6LbkHbOszV',#5,'NL.IMGeo.G0772.eb4086529d6e4f3c8d37ba0551eb1d24',$,$,#6976,#6977,$,$);
#6979=IFCRELDEFINESBYPROPERTIES('3rzkpEZ4T8vvRWM1FwNVr0',#5,$,$,(#6978),#4591);
#6980=IFCCARTESIANPOINT((114.912510905036,209.088595259818,0.));
#6981=IFCAXIS2PLACEMENT3D(#6980,$,$);
#6982=IFCLOCALPLACEMENT(#27,#6981);
#6983=IFCPRODUCTDEFINITIONSHAPE($,$,(#753));
#6984=IFCBUILDINGELEMENTPROXY('2yJjm0NHD3ExK9fQXaUu02',#5,'NL.IMGeo.G0772.c82e9793a2cf4c6cbf7f2b24e8367bf3',$,$,#6982,#6983,$,$);
#6985=IFCRELDEFINESBYPROPERTIES('3hFkyjScH6xQTosa2D7Yza',#5,$,$,(#6984),#4601);
#6986=IFCCARTESIANPOINT((227.616544992808,37.149779324187,0.));
#6987=IFCAXIS2PLACEMENT3D(#6986,$,$);
#6988=IFCLOCALPLACEMENT(#27,#6987);
#6989=IFCPRODUCTDEFINITIONSHAPE($,$,(#754));
#6990=IFCBUILDINGELEMENTPROXY('2g1yqREBTCmOaw4g8knpQH',#5,'NL.IMGeo.G0772.617365642936421abaf7af5b17caa36c',$,$,#6988,#6989,$,$);
#6991=IFCRELDEFINESBYPROPERTIES('1xg3kvYC50r8UDoaNoFU2p',#5,$,$,(#6990),#4611);
#6992=IFCCARTESIANPOINT((-21.2715895650035,-6.06259721686365,0.));
#6993=IFCAXIS2PLACEMENT3D(#6992,$,$);
#6994=IFCLOCALPLACEMENT(#27,#6993);
#6995=IFCPRODUCTDEFINITIONSHAPE($,$,(#755));
#6996=IFCBUILDINGELEMENTPROXY('2O2HxQ3YX9zvkfZ6ADXWDg',#5,'NL.IMGeo.G0772.5186defdb587464aa029d4b09ec620c7',$,$,#6994,#6995,$,$);
#6997=IFCRELDEFINESBYPROPERTIES('1N9V01Mo12mfNtIuPv7$6W',#5,$,$,(#6996),#4621);
#6998=IFCCARTESIANPOINT((166.325084283453,4.35947383439634,0.));
#6999=IFCAXIS2PLACEMENT3D(#6998,$,$);
#7000=IFCLOCALPLACEMENT(#27,#6999);
#7001=IFCPRODUCTDEFINITIONSHAPE($,$,(#756));
#7002=IFCBUILDINGELEMENTPROXY('08LdGZWTDEw88Kfhtp$PXZ',#5,'NL.IMGeo.G0772.89f327065c7a46869254175c7cd26a79',$,$,#7000,#7001,$,$);
#7003=IFCRELDEFINESBYPROPERTIES('25TeRWms56sRKkqCZJttdn',#5,$,$,(#7002),#4631);
#7004=IFCCARTESIANPOINT((145.910341028852,8.90952821326209,0.));
#7005=IFCAXIS2PLACEMENT3D(#7004,$,$);
#7006=IFCLOCALPLACEMENT(#27,#7005);
#7007=IFCPRODUCTDEFINITIONSHAPE($,$,(#757));
#7008=IFCBUILDINGELEMENTPROXY('2mCVokihf5RemPTtOqrZDe',#5,'NL.IMGeo.G0772.f0284a36812b40c9a97bff4b7d10ec9e',$,$,#7006,#7007,$,$);
#7009=IFCRELDEFINESBYPROPERTIES('2$2rnFZXv6zR_xHqd5tgK8',#5,$,$,(#7008),#4641);
#7010=IFCCARTESIANPOINT((-29.3237073280616,-44.8917445360566,0.));
#7011=IFCAXIS2PLACEMENT3D(#7010,$,$);
#7012=IFCLOCALPLACEMENT(#27,#7011);
#7013=IFCPRODUCTDEFINITIONSHAPE($,$,(#758));
#7014=IFCBUILDINGELEMENTPROXY('0aJGSBfQj54PO05rSlJIaj',#5,'NL.IMGeo.G0772.0025ea0103cf45ddb93f50cc251a369c',$,$,#7012,#7013,$,$);
#7015=IFCRELDEFINESBYPROPERTIES('1Ixot1fTXEquvf$Uic3hO_',#5,$,$,(#7014),#4651);
#7016=IFCCARTESIANPOINT((-31.2531292760978,-40.2263593486859,0.));
#7017=IFCAXIS2PLACEMENT3D(#7016,$,$);
#7018=IFCLOCALPLACEMENT(#27,#7017);
#7019=IFCPRODUCTDEFINITIONSHAPE($,$,(#759));
#7020=IFCBUILDINGELEMENTPROXY('3qqbcl_Iz4QPl2r2Y4R_rG',#5,'NL.IMGeo.G0772.420cb4a7a9234f23b5f1c4a906c1740a',$,$,#7018,#7019,$,$);
#7021=IFCRELDEFINESBYPROPERTIES('13txe7KwHC49ytHuScc64t',#5,$,$,(#7020),#4661);
#7022=IFCCARTESIANPOINT((-30.7133006768709,-41.4526501312503,0.));
#7023=IFCAXIS2PLACEMENT3D(#7022,$,$);
#7024=IFCLOCALPLACEMENT(#27,#7023);
#7025=IFCPRODUCTDEFINITIONSHAPE($,$,(#760));
#7026=IFCBUILDINGELEMENTPROXY('2S$$_utaj3DvFlCqFfsQ6C',#5,'NL.IMGeo.G0772.79d2b41627fe45bfbdbf7052137529f9',$,$,#7024,#7025,$,$);
#7027=IFCRELDEFINESBYPROPERTIES('0tBfYvH5P3M8qdzNO8$i7F',#5,$,$,(#7026),#4671);
#7028=IFCCARTESIANPOINT((-32.4016929282516,-37.4180364439962,0.));
#7029=IFCAXIS2PLACEMENT3D(#7028,$,$);
#7030=IFCLOCALPLACEMENT(#27,#7029);
#7031=IFCPRODUCTDEFINITIONSHAPE($,$,(#761));
#7032=IFCBUILDINGELEMENTPROXY('0671SzWf91IucjtG$4G8fA',#5,'NL.IMGeo.G0772.84882d7816d1413ba38338b82a120ec7',$,$,#7030,#7031,$,$);
#7033=IFCRELDEFINESBYPROPERTIES('3gGnuHd0L7uw64kUUwnG9W',#5,$,$,(#7032),#4681);
#7034=IFCRELCONTAINEDINSPATIALSTRUCTURE('1xbiw$ODP579695TYVNOeE',#5,'StoreyContainer',$,(#4686,#4692,#4698,#4704,#4710,#4716,#4722,#4728,#4734,#4740,#4746,#4752,#4758,#4764,#4770,#4776,#4782,#4788,#4794,#4800,#4806,#4812,#4818,#4824,#4830,#4836,#4842,#4848,#4854,#4860,#4866,#4872,#4878,#4884,#4890,#4896,#4902,#4908,#4914,#4920,#4926,#4932,#4938,#4944,#4950,#4956,#4962,#4968,#4974,#4980,#4986,#4992,#4998,#5004,#5010,#5016,#5022,#5028,#5034,#5040,#5046,#5052,#5058,#5064,#5070,#5076,#5082,#5088,#5094,#5100,#5106,#5112,#5118,#5124,#5130,#5136,#5142,#5148,#5154,#5160,#5166,#5172,#5178,#5184,#5190,#5196,#5202,#5208,#5214,#5220,#5226,#5232,#5238,#5244,#5250,#5256,#5262,#5268,#5274,#5280,#5286,#5292,#5298,#5304,#5310,#5316,#5322,#5328,#5334,#5340,#5346,#5352,#5358,#5364,#5370,#5376,#5382,#5388,#5394,#5400,#5406,#5412,#5418,#5424,#5430,#5436,#5442,#5448,#5454,#5460,#5466,#5472,#5478,#5484,#5490,#5496,#5502,#5508,#5514,#5520,#5526,#5532,#5538,#5544,#5550,#5556,#5562,#5568,#5574,#5580,#5586,#5592,#5598,#5604,#5610,#5616,#5622,#5628,#5634,#5640,#5646,#5652,#5658,#5664,#5670,#5676,#5682,#5688,#5694,#5700,#5706,#5712,#5718,#5724,#5730,#5736,#5742,#5748,#5754,#5760,#5766,#5772,#5778,#5784,#5790,#5796,#5802,#5808,#5814,#5820,#5826,#5832,#5838,#5844,#5850,#5856,#5862,#5868,#5874,#5880,#5886,#5892,#5898,#5904,#5910,#5916,#5922,#5928,#5934,#5940,#5946,#5952,#5958,#5964,#5970,#5976,#5982,#5988,#5994,#6000,#6006,#6012,#6018,#6024,#6030,#6036,#6042,#6048,#6054,#6060,#6066,#6072,#6078,#6084,#6090,#6096,#6102,#6108,#6114,#6120,#6126,#6132,#6138,#6144,#6150,#6156,#6162,#6168,#6174,#6180,#6186,#6192,#6198,#6204,#6210,#6216,#6222,#6228,#6234,#6240,#6246,#6252,#6258,#6264,#6270,#6276,#6282,#6288,#6294,#6300,#6306,#6312,#6318,#6324,#6330,#6336,#6342,#6348,#6354,#6360,#6366,#6372,#6378,#6384,#6390,#6396,#6402,#6408,#6414,#6420,#6426,#6432,#6438,#6444,#6450,#6456,#6462,#6468,#6474,#6480,#6486,#6492,#6498,#6504,#6510,#6516,#6522,#6528,#6534,#6540,#6546,#6552,#6558,#6564,#6570,#6576,#6582,#6588,#6594,#6600,#6606,#6612,#6618,#6624,#6630,#6636,#6642,#6648,#6654,#6660,#6666,#6672,#6678,#6684,#6690,#6696,#6702,#6708,#6714,#6720,#6726,#6732,#6738,#6744,#6750,#6756,#6762,#6768,#6774,#6780,#6786,#6792,#6798,#6804,#6810,#6816,#6822,#6828,#6834,#6840,#6846,#6852,#6858,#6864,#6870,#6876,#6882,#6888,#6894,#6900,#6906,#6912,#6918,#6924,#6930,#6936,#6942,#6948,#6954,#6960,#6966,#6972,#6978,#6984,#6990,#6996,#7002,#7008,#7014,#7020,#7026,#7032),#28);
#7035=IFCCLASSIFICATION($,$,$,'3D-omgeving.nl',$,'https://3D-omgeving.nl',$);
#7036=IFCCLASSIFICATIONREFERENCE('https://3D-omgeving.nl/documentation/bgt-paal','BGT-Paal','Basisregistratie Grootschalige Topografie - Paal',#7035,$,$);
#7037=IFCRELASSOCIATESCLASSIFICATION('155ytqpcn1W9yUKS8rlbRa',#5,$,$,(#4686,#4692,#4698,#4704,#4710,#4716,#4722,#4728,#4734,#4740,#4746,#4752,#4758,#4764,#4770,#4776,#4782,#4788,#4794,#4800,#4806,#4812,#4818,#4824,#4830,#4836,#4842,#4848,#4854,#4860,#4866,#4872,#4878,#4884,#4890,#4896,#4902,#4908,#4914,#4920,#4926,#4932,#4938,#4944,#4950,#4956,#4962,#4968,#4974,#4980,#4986,#4992,#4998,#5004,#5010,#5016,#5022,#5028,#5034,#5040,#5046,#5052,#5058,#5064,#5070,#5076,#5082,#5088,#5094,#5100,#5106,#5112,#5118,#5124,#5130,#5136,#5142,#5148,#5154,#5160,#5166,#5172,#5178,#5184,#5190,#5196,#5202,#5208,#5214,#5220,#5226,#5232,#5238,#5244,#5250,#5256,#5262,#5268,#5274,#5280,#5286,#5292,#5298,#5304,#5310,#5316,#5322,#5328,#5334,#5340,#5346,#5352,#5358,#5364,#5370,#5376,#5382,#5388,#5394,#5400,#5406,#5412,#5418,#5424,#5430,#5436,#5442,#5448,#5454,#5460,#5466,#5472,#5478,#5484,#5490,#5496,#5502,#5508,#5514,#5520,#5526,#5532,#5538,#5544,#5550,#5556,#5562,#5568,#5574,#5580,#5586,#5592,#5598,#5604,#5610,#5616,#5622,#5628,#5634,#5640,#5646,#5652,#5658,#5664,#5670,#5676,#5682,#5688,#5694,#5700,#5706,#5712,#5718,#5724,#5730,#5736,#5742,#5748,#5754,#5760,#5766,#5772,#5778,#5784,#5790,#5796,#5802,#5808,#5814,#5820,#5826,#5832,#5838,#5844,#5850,#5856,#5862,#5868,#5874,#5880,#5886,#5892,#5898,#5904,#5910,#5916,#5922,#5928,#5934,#5940,#5946,#5952,#5958,#5964,#5970,#5976,#5982,#5988,#5994,#6000,#6006,#6012,#6018,#6024,#6030,#6036,#6042,#6048,#6054,#6060,#6066,#6072,#6078,#6084,#6090,#6096,#6102,#6108,#6114,#6120,#6126,#6132,#6138,#6144,#6150,#6156,#6162,#6168,#6174,#6180,#6186,#6192,#6198,#6204,#6210,#6216,#6222,#6228,#6234,#6240,#6246,#6252,#6258,#6264,#6270,#6276,#6282,#6288,#6294,#6300,#6306,#6312,#6318,#6324,#6330,#6336,#6342,#6348,#6354,#6360,#6366,#6372,#6378,#6384,#6390,#6396,#6402,#6408,#6414,#6420,#6426,#6432,#6438,#6444,#6450,#6456,#6462,#6468,#6474,#6480,#6486,#6492,#6498,#6504,#6510,#6516,#6522,#6528,#6534,#6540,#6546,#6552,#6558,#6564,#6570,#6576,#6582,#6588,#6594,#6600,#6606,#6612,#6618,#6624,#6630,#6636,#6642,#6648,#6654,#6660,#6666,#6672,#6678,#6684,#6690,#6696,#6702,#6708,#6714,#6720,#6726,#6732,#6738,#6744,#6750,#6756,#6762,#6768,#6774,#6780,#6786,#6792,#6798,#6804,#6810,#6816,#6822,#6828,#6834,#6840,#6846,#6852,#6858,#6864,#6870,#6876,#6882,#6888,#6894,#6900,#6906,#6912,#6918,#6924,#6930,#6936,#6942,#6948,#6954,#6960,#6966,#6972,#6978,#6984,#6990,#6996,#7002,#7008,#7014,#7020,#7026,#7032),#7036);
#7038=IFCCLASSIFICATION($,$,$,'BGT Object',$,'https://docs.geostandaarden.nl/imgeo/catalogus/bgt/',$);
#7039=IFCCLASSIFICATIONREFERENCE($,'BGT-Paal','BGT-Paal',#7038,$,$);
#7040=IFCRELASSOCIATESCLASSIFICATION('2PzPGuxsT9J8eBNMapBGOg',#5,$,$,(#4686,#4692,#4698,#4704,#4710,#4716,#4722,#4728,#4734,#4740,#4746,#4752,#4758,#4764,#4770,#4776,#4782,#4788,#4794,#4800,#4806,#4812,#4818,#4824,#4830,#4836,#4842,#4848,#4854,#4860,#4866,#4872,#4878,#4884,#4890,#4896,#4902,#4908,#4914,#4920,#4926,#4932,#4938,#4944,#4950,#4956,#4962,#4968,#4974,#4980,#4986,#4992,#4998,#5004,#5010,#5016,#5022,#5028,#5034,#5040,#5046,#5052,#5058,#5064,#5070,#5076,#5082,#5088,#5094,#5100,#5106,#5112,#5118,#5124,#5130,#5136,#5142,#5148,#5154,#5160,#5166,#5172,#5178,#5184,#5190,#5196,#5202,#5208,#5214,#5220,#5226,#5232,#5238,#5244,#5250,#5256,#5262,#5268,#5274,#5280,#5286,#5292,#5298,#5304,#5310,#5316,#5322,#5328,#5334,#5340,#5346,#5352,#5358,#5364,#5370,#5376,#5382,#5388,#5394,#5400,#5406,#5412,#5418,#5424,#5430,#5436,#5442,#5448,#5454,#5460,#5466,#5472,#5478,#5484,#5490,#5496,#5502,#5508,#5514,#5520,#5526,#5532,#5538,#5544,#5550,#5556,#5562,#5568,#5574,#5580,#5586,#5592,#5598,#5604,#5610,#5616,#5622,#5628,#5634,#5640,#5646,#5652,#5658,#5664,#5670,#5676,#5682,#5688,#5694,#5700,#5706,#5712,#5718,#5724,#5730,#5736,#5742,#5748,#5754,#5760,#5766,#5772,#5778,#5784,#5790,#5796,#5802,#5808,#5814,#5820,#5826,#5832,#5838,#5844,#5850,#5856,#5862,#5868,#5874,#5880,#5886,#5892,#5898,#5904,#5910,#5916,#5922,#5928,#5934,#5940,#5946,#5952,#5958,#5964,#5970,#5976,#5982,#5988,#5994,#6000,#6006,#6012,#6018,#6024,#6030,#6036,#6042,#6048,#6054,#6060,#6066,#6072,#6078,#6084,#6090,#6096,#6102,#6108,#6114,#6120,#6126,#6132,#6138,#6144,#6150,#6156,#6162,#6168,#6174,#6180,#6186,#6192,#6198,#6204,#6210,#6216,#6222,#6228,#6234,#6240,#6246,#6252,#6258,#6264,#6270,#6276,#6282,#6288,#6294,#6300,#6306,#6312,#6318,#6324,#6330,#6336,#6342,#6348,#6354,#6360,#6366,#6372,#6378,#6384,#6390,#6396,#6402,#6408,#6414,#6420,#6426,#6432,#6438,#6444,#6450,#6456,#6462,#6468,#6474,#6480,#6486,#6492,#6498,#6504,#6510,#6516,#6522,#6528,#6534,#6540,#6546,#6552,#6558,#6564,#6570,#6576,#6582,#6588,#6594,#6600,#6606,#6612,#6618,#6624,#6630,#6636,#6642,#6648,#6654,#6660,#6666,#6672,#6678,#6684,#6690,#6696,#6702,#6708,#6714,#6720,#6726,#6732,#6738,#6744,#6750,#6756,#6762,#6768,#6774,#6780,#6786,#6792,#6798,#6804,#6810,#6816,#6822,#6828,#6834,#6840,#6846,#6852,#6858,#6864,#6870,#6876,#6882,#6888,#6894,#6900,#6906,#6912,#6918,#6924,#6930,#6936,#6942,#6948,#6954,#6960,#6966,#6972,#6978,#6984,#6990,#6996,#7002,#7008,#7014,#7020,#7026,#7032),#7039);
#7041=IFCCLASSIFICATION($,$,$,'BGT Type',$,'https://docs.geostandaarden.nl/imgeo/catalogus/imgeo/',$);
#7042=IFCCLASSIFICATIONREFERENCE($,'niet-bgt:lichtmast','niet-bgt:lichtmast',#7041,$,$);
#7043=IFCCLASSIFICATIONREFERENCE($,'niet-bgt:verkeersbordpaal','niet-bgt:verkeersbordpaal',#7041,$,$);
#7044=IFCCLASSIFICATIONREFERENCE($,'niet-bgt:verkeersregelinstallatiepaal','niet-bgt:verkeersregelinstallatiepaal',#7041,$,$);
#7045=IFCCLASSIFICATIONREFERENCE($,'niet-bgt:poller','niet-bgt:poller',#7041,$,$);
#7046=IFCCLASSIFICATIONREFERENCE($,'niet-bgt:drukknoppaal','niet-bgt:drukknoppaal',#7041,$,$);
#7047=IFCCLASSIFICATIONREFERENCE($,'niet-bgt:vlaggenmast','niet-bgt:vlaggenmast',#7041,$,$);
#7048=IFCCLASSIFICATIONREFERENCE($,'niet-bgt:afsluitpaal','niet-bgt:afsluitpaal',#7041,$,$);
#7049=IFCCLASSIFICATIONREFERENCE($,'niet-bgt','niet-bgt',#7041,$,$);
#7050=IFCRELASSOCIATESCLASSIFICATION('2Uh5vLETn4J9JkHVbawbZX',#5,$,$,(#4686,#4692,#4698,#4704,#4710,#4716,#4722,#4728,#4734,#4740,#4746,#4752,#4758,#4764,#4770,#4776,#4782,#4788,#4794,#4800,#4806,#4812,#4818,#4824,#4830,#4836,#4878,#4890,#4902,#4914,#4920,#4926,#4932,#4938,#4950,#4956,#4968,#4974,#4980,#4986,#4992,#5010,#5028,#5046,#5052,#5058,#5070,#5094,#5100,#5106,#5118,#5124,#5130,#5136,#5142,#5148,#5154,#5160,#5166,#5172,#5178,#5184,#5190,#5196,#5268,#5274,#5280,#5298,#5322,#5352,#5358,#5364,#5370,#5376,#5382,#5388,#5394,#5400,#5406,#5412,#5418,#5424,#5430,#5436,#5442,#5448,#5466,#5472,#5478,#5484,#5490,#5496,#5502,#5508,#5514,#5526,#5532,#5538,#5544,#5550,#5562,#5568,#5574,#5580,#5586,#5592,#5598,#5604,#5610,#5616,#5622,#5628,#5634,#5646,#5664,#5670,#5676,#5682,#5688,#5694,#5700,#5706,#5712,#5724,#5730,#5736,#5742,#5748,#5754,#5760,#5766,#5772,#5778,#5784,#5790,#5802,#5808,#5814,#5820,#5826,#5832,#5838,#5844,#5850,#5856,#5862,#5868,#5874,#5880,#5892,#5898,#5904,#5910,#5916,#5922,#5928,#5934,#5940,#5946,#5952,#5958,#5964,#5970,#5976,#5982,#5994,#6000,#6006,#6012,#6018,#6024,#6030,#6036,#6042,#6048,#6054,#6060,#6066,#6168,#6174,#6180,#6246,#6264,#6270,#6294,#6300,#6306,#6312,#6318,#6324,#6330,#6336,#6348,#6360,#6366,#6372,#6378,#6384,#6390,#6396,#6402,#6408,#6432,#6438,#6444,#6450,#6456,#6462,#6480,#6486,#6498,#6504,#6528,#6534,#6540,#6546,#6558,#6570,#6576,#6588,#6600,#6612,#6642,#6654,#6660,#6666,#6672,#6678,#6684,#6690,#6696,#6702,#6708,#6714,#6720,#6726,#6732,#6738,#6744,#6750,#6756,#6762,#6774,#6792,#6798,#6804,#6810,#6816,#6822,#6828,#6834,#6894,#6900,#6906,#6912,#6918,#6924,#6930,#6936,#6942,#6966,#6984),#7042);
#7051=IFCRELASSOCIATESCLASSIFICATION('1KW$Psj7vCwhZeVT$X_z_K',#5,$,$,(#4842,#4848,#4854,#4860,#4866,#4872,#5232,#5256,#6078,#6090,#6096,#6102,#6132,#6144,#6156,#6162,#6846,#6852,#6858,#6864,#6870,#6882,#6888),#7043);
#7052=IFCRELASSOCIATESCLASSIFICATION('00Raee1pP5LQ5O4JUHd0ZW',#5,$,$,(#4884,#4896,#4908,#4944,#4962,#4998,#5004,#5016,#5022,#5034,#5040,#5064,#5076,#5082,#5112,#5286,#5292,#5316,#5328,#5340,#5346,#5520,#5556,#5640,#5658,#5718,#5796,#5886,#5988,#6186,#6192,#6198,#6204,#6210,#6216,#6222,#6228,#6234,#6240,#6252,#6258,#6276,#6282,#6288,#6342,#6354,#6414,#6420,#6426,#6468,#6474,#6492,#6510,#6516,#6522,#6552,#6564,#6582,#6594,#6606,#6618,#6624,#6630,#6636,#6648,#6768,#6954,#6972,#6990,#6996,#7002,#7008),#7044);
#7053=IFCRELASSOCIATESCLASSIFICATION('3KDq9hSCHEwgpR35S$Dfmv',#5,$,$,(#5088),#7045);
#7054=IFCRELASSOCIATESCLASSIFICATION('05hPU6P9f1cucaKmHG5txS',#5,$,$,(#5202,#5208,#5214,#5220,#5226,#5310,#5334,#6780,#6786,#6960,#6978),#7046);
#7055=IFCRELASSOCIATESCLASSIFICATION('1rh2Q5aev5NhFNhgsIp35_',#5,$,$,(#5238,#5244),#7047);
#7056=IFCRELASSOCIATESCLASSIFICATION('0mknn25zn9LhZ1dqNbftxE',#5,$,$,(#5250,#5304,#6072,#6084,#6108,#6114,#6120,#6126,#6138,#6150,#6876,#7014,#7020,#7026,#7032),#7048);
#7057=IFCRELASSOCIATESCLASSIFICATION('0S2L9o1gv7zfEmpVFbs3wv',#5,$,$,(#5262,#5454,#5460,#5652,#6840,#6948),#7049);
ENDSEC;
END-ISO-10303-21;
