ISO-10303-21;
HEADER;
FILE_DESCRIPTION(('ViewDefinition [ReferenceView_V1.2]','Order ID: 000000'),'2;1');
FILE_NAME('','2026-03-07T14:24:00',('3D-omgeving.nl'),('On-Track B.V.'),'OnTrack IFC Toolkit','OnTrack - 3Domgeving - 0.1.0-dev+local','none');
FILE_SCHEMA(('IFC4'));
ENDSEC;
DATA;
#1=IFCPERSON($,'On-Track B.V.','3D-omgeving',$,$,$,$,$);
#2=IFCORGANIZATION($,'On-Track B.V.',$,$,$);
#3=IFCPERSONANDORGANIZATION(#1,#2,$);
#4=IFCAPPLICATION(#2,'0.1.0','3D-omgeving.nl','3Domgeving');
#5=IFCOWNERHISTORY(#3,#4,$,.NOCHANGE.,1772889840,#3,#4,1772889840);
#6=IFCCARTESIANPOINT((0.,0.,0.));
#7=IFCDIRECTION((0.,0.,1.));
#8=IFCDIRECTION((1.,0.,0.));
#9=IFCAXIS2PLACEMENT3D(#6,#7,#8);
#10=IFCGEOMETRICREPRESENTATIONCONTEXT($,'Model',3,1.E-05,#9,$);
#11=IFCSIUNIT(*,.LENGTHUNIT.,$,.METRE.);
#12=IFCSIUNIT(*,.AREAUNIT.,$,.SQUARE_METRE.);
#13=IFCSIUNIT(*,.VOLUMEUNIT.,$,.CUBIC_METRE.);
#14=IFCUNITASSIGNMENT((#11,#12,#13));
#15=IFCPROJECT('1lH5g5lNT1PvLCI2lxDbdh',#5,'S1 DEMO','3D-omgeving.nl - ID: 000000',$,$,$,(#10),#14);
#16=IFCGEOMETRICREPRESENTATIONSUBCONTEXT('Body','Model',*,*,*,*,#10,$,.MODEL_VIEW.,$);
#17=IFCCARTESIANPOINT((0.,0.,0.));
#18=IFCAXIS2PLACEMENT3D(#17,$,$);
#19=IFCLOCALPLACEMENT($,#18);
#20=IFCSITE('0xhka3bBb3x9eoay9dYOry',#5,'Locatie',$,$,#19,$,$,.ELEMENT.,$,$,$,$,$);
#21=IFCCARTESIANPOINT((0.,0.,0.));
#22=IFCAXIS2PLACEMENT3D(#21,$,$);
#23=IFCLOCALPLACEMENT(#19,#22);
#24=IFCBUILDING('3ugdHwXXz8ZuooKtVzF7EQ',#5,'Gebouw',$,$,#23,$,$,.ELEMENT.,$,$,$);
#25=IFCCARTESIANPOINT((0.,0.,0.));
#26=IFCAXIS2PLACEMENT3D(#25,$,$);
#27=IFCLOCALPLACEMENT(#23,#26);
#28=IFCBUILDINGSTOREY('0u2_BgcNnEwO25JTyOqHnv',#5,'Ground Level',$,$,#27,$,$,.ELEMENT.,0.);
#29=IFCRELAGGREGATES('0FNEIkTxT1vv$EAF$KfnjE',#5,'ProjectContainer',$,#15,(#20));
#30=IFCRELAGGREGATES('0rmUE10fr4EfTCrkHbKfYA',#5,'SiteContainer',$,#20,(#24));
#31=IFCRELAGGREGATES('19G9IeTaHDx9Cujtnw9Prw',#5,'BuildingContainer',$,#24,(#28));
#32=IFCPROJECTEDCRS('EPSG:28992','Amersfoort / RD New','Amersfoort',$,$,$,#11);
#33=IFCMAPCONVERSION(#10,#32,160071.588418626,384156.389179893,18.753,0.637921483011472,-0.770101409888622,$);
#34=IFCCARTESIANPOINTLIST3D(((-0.16399,0.,0.025),(-0.,0.081995,0.025),(-0.,0.2497,0.025),(-0.4994,0.,0.025),(-0.16399,0.,-0.),(-0.4994,0.,-0.),(-0.,0.2497,-0.),(-0.,0.081995,-0.)));
#35=IFCINDEXEDPOLYGONALFACE((1,2,3,4));
#36=IFCINDEXEDPOLYGONALFACE((5,6,7,8));
#37=IFCINDEXEDPOLYGONALFACE((1,4,6,5));
#38=IFCINDEXEDPOLYGONALFACE((4,3,7,6));
#39=IFCINDEXEDPOLYGONALFACE((3,2,8,7));
#40=IFCINDEXEDPOLYGONALFACE((2,1,5,8));
#41=IFCPOLYGONALFACESET(#34,.F.,(#35,#36,#37,#38,#39,#40),$);
#42=IFCCOLOURRGB($,0.345098039215686,0.619607843137255,0.650980392156863);
#43=IFCSURFACESTYLERENDERING(#42,0.,$,$,$,$,$,$,.NOTDEFINED.);
#44=IFCSURFACESTYLE($,.BOTH.,(#43));
#45=IFCSTYLEDITEM(#41,(#44),$);
#46=IFCCARTESIANPOINTLIST3D(((0.16399,-0.,0.025),(-0.,-0.081995,0.025),(-0.,-0.2497,0.025),(0.4994,0.,0.025),(0.16399,-0.,-0.),(0.4994,0.,-0.),(-0.,-0.2497,-0.),(-0.,-0.081995,-0.)));
#47=IFCINDEXEDPOLYGONALFACE((1,2,3,4));
#48=IFCINDEXEDPOLYGONALFACE((5,6,7,8));
#49=IFCINDEXEDPOLYGONALFACE((1,4,6,5));
#50=IFCINDEXEDPOLYGONALFACE((4,3,7,6));
#51=IFCINDEXEDPOLYGONALFACE((3,2,8,7));
#52=IFCINDEXEDPOLYGONALFACE((2,1,5,8));
#53=IFCPOLYGONALFACESET(#46,.F.,(#47,#48,#49,#50,#51,#52),$);
#54=IFCCOLOURRGB($,0.0470588235294118,0.149019607843137,0.349019607843137);
#55=IFCSURFACESTYLERENDERING(#54,0.,$,$,$,$,$,$,.NOTDEFINED.);
#56=IFCSURFACESTYLE($,.BOTH.,(#55));
#57=IFCSTYLEDITEM(#53,(#56),$);
#58=IFCCARTESIANPOINTLIST3D(((-0.,-0.081995,0.025),(-0.,-0.2497,0.025),(-0.,-0.2497,0.),(-0.,-0.081995,0.),(-0.4994,-0.,0.025),(-0.16399,-0.,0.025),(-0.16399,-0.,0.),(-0.4994,-0.,0.)));
#59=IFCINDEXEDPOLYGONALFACE((1,2,3,4));
#60=IFCINDEXEDPOLYGONALFACE((5,6,7,8));
#61=IFCINDEXEDPOLYGONALFACE((6,1,4,7));
#62=IFCINDEXEDPOLYGONALFACE((3,8,7,4));
#63=IFCINDEXEDPOLYGONALFACE((2,5,8,3));
#64=IFCINDEXEDPOLYGONALFACE((2,1,6,5));
#65=IFCPOLYGONALFACESET(#58,.F.,(#59,#60,#61,#62,#63,#64),$);
#66=IFCCOLOURRGB($,0.949019607843137,0.56078431372549,0.219607843137255);
#67=IFCSURFACESTYLERENDERING(#66,0.,$,$,$,$,$,$,.NOTDEFINED.);
#68=IFCSURFACESTYLE($,.BOTH.,(#67));
#69=IFCSTYLEDITEM(#65,(#68),$);
#70=IFCCARTESIANPOINTLIST3D(((-0.08398,-0.572234,0.025),(-0.08398,-0.546188,0.025),(-0.08398,-0.546188,0.),(-0.08398,-0.572234,0.),(0.038255,-0.396435,0.025),(-0.071423,-0.396435,0.025),(-0.071423,-0.396435,0.),(0.038255,-0.396435,0.),(0.018733,-0.420323,0.025),(0.018733,-0.420323,0.),(-0.071423,-0.371321,0.025),(-0.071423,-0.371321,0.),(-0.053176,-0.54712,0.025),(0.072983,-0.54712,0.025),(0.072983,-0.54712,0.),(-0.053176,-0.54712,0.),(0.069844,-0.371321,0.),(0.069844,-0.396435,0.),(-0.042581,-0.534171,0.),(0.072983,-0.572234,0.),(0.072983,-0.572234,0.025),(-0.042581,-0.534171,0.025),(0.069844,-0.396435,0.025),(0.069844,-0.371321,0.025)));
#71=IFCINDEXEDPOLYGONALFACE((1,2,3,4));
#72=IFCINDEXEDPOLYGONALFACE((5,6,7,8));
#73=IFCINDEXEDPOLYGONALFACE((2,9,10,3));
#74=IFCINDEXEDPOLYGONALFACE((6,11,12,7));
#75=IFCINDEXEDPOLYGONALFACE((13,14,15,16));
#76=IFCINDEXEDPOLYGONALFACE((4,3,10,8,7,12,17,18,19,16,15,20));
#77=IFCINDEXEDPOLYGONALFACE((14,21,20,15));
#78=IFCINDEXEDPOLYGONALFACE((22,13,16,19));
#79=IFCINDEXEDPOLYGONALFACE((1,21,14,13,22,23,24,11,6,5,9,2));
#80=IFCINDEXEDPOLYGONALFACE((9,5,8,10));
#81=IFCINDEXEDPOLYGONALFACE((23,22,19,18));
#82=IFCINDEXEDPOLYGONALFACE((24,23,18,17));
#83=IFCINDEXEDPOLYGONALFACE((21,1,4,20));
#84=IFCINDEXEDPOLYGONALFACE((11,24,17,12));
#85=IFCPOLYGONALFACESET(#70,.F.,(#71,#72,#73,#74,#75,#76,#77,#78,#79,#80,#81,#82,#83,#84),$);
#86=IFCCOLOURRGB($,0.0470588235294118,0.149019607843137,0.349019607843137);
#87=IFCSURFACESTYLERENDERING(#86,0.,$,$,$,$,$,$,.NOTDEFINED.);
#88=IFCSURFACESTYLE($,.BOTH.,(#87));
#89=IFCSTYLEDITEM(#85,(#88),$);
#90=IFCCARTESIANPOINTLIST3D(((0.74589,-0.104677,0.025),(0.719132,-0.101261,0.025),(0.719132,-0.101261,0.),(0.74589,-0.104677,0.),(0.771096,-0.101586,0.025),(0.771096,-0.101586,0.),(0.794524,-0.092316,0.025),(0.794524,-0.092316,0.),(0.838565,-0.030279,0.025),(0.82935,-0.05592,0.025),(0.82935,-0.05592,0.),(0.838565,-0.030279,0.),(0.8145,-0.077036,0.025),(0.8145,-0.077036,0.),(0.650142,-0.00373,0.025),(0.653012,-0.029426,0.025),(0.66162,-0.053737,0.025),(0.675796,-0.074866,0.025),(0.695367,-0.091016,0.025),(0.841637,-0.001424,0.025),(0.838719,0.02705,0.025),(0.829963,0.052336,0.025),(0.81564,0.073415,0.025),(0.79602,0.089271,0.025),(0.772389,0.099204,0.025),(0.746037,0.102515,0.025),(0.725843,0.100752,0.025),(0.707593,0.095464,0.025),(0.691287,0.08665,0.025),(0.676924,0.07431,0.025),(0.665207,0.058856,0.025),(0.656838,0.040698,0.025),(0.651816,0.019836,0.025),(0.675256,-0.003975,0.025),(0.680492,0.033604,0.025),(0.687038,0.047689,0.025),(0.696201,0.058639,0.025),(0.719169,0.07271,0.025),(0.746184,0.077401,0.025),(0.765626,0.074966,0.025),(0.783046,0.067664,0.025),(0.797485,0.055935,0.025),(0.807988,0.04022,0.025),(0.814389,0.021004,0.025),(0.816523,-0.001228,0.025),(0.811538,-0.034472,0.025),(0.805307,-0.047885,0.025),(0.796584,-0.059157,0.025),(0.773904,-0.074461,0.025),(0.745742,-0.079562,0.025),(0.717986,-0.07451,0.025),(0.695343,-0.059353,0.025),(0.680278,-0.035404,0.025),(0.650142,-0.00373,0.),(0.651816,0.019836,0.),(0.656838,0.040698,0.),(0.665207,0.058856,0.),(0.676924,0.07431,0.),(0.691287,0.08665,0.),(0.707593,0.095464,0.),(0.725843,0.100752,0.),(0.746037,0.102515,0.),(0.772389,0.099204,0.),(0.79602,0.089271,0.),(0.81564,0.073415,0.),(0.829963,0.052336,0.),(0.838719,0.02705,0.),(0.841637,-0.001424,0.),(0.695367,-0.091016,0.),(0.675796,-0.074866,0.),(0.66162,-0.053737,0.),(0.653012,-0.029426,0.),(0.675256,-0.003975,0.),(0.680278,-0.035404,0.),(0.695343,-0.059353,0.),(0.717986,-0.07451,0.),(0.745742,-0.079562,0.),(0.773904,-0.074461,0.),(0.796584,-0.059157,0.),(0.805307,-0.047885,0.),(0.811538,-0.034472,0.),(0.816523,-0.001228,0.),(0.814389,0.021004,0.),(0.807988,0.04022,0.),(0.797485,0.055935,0.),(0.783046,0.067664,0.),(0.765626,0.074966,0.),(0.746184,0.077401,0.),(0.719169,0.07271,0.),(0.696201,0.058639,0.),(0.687038,0.047689,0.),(0.680492,0.033604,0.)));
#91=IFCINDEXEDPOLYGONALFACE((1,2,3,4));
#92=IFCINDEXEDPOLYGONALFACE((5,1,4,6));
#93=IFCINDEXEDPOLYGONALFACE((7,5,6,8));
#94=IFCINDEXEDPOLYGONALFACE((9,10,11,12));
#95=IFCINDEXEDPOLYGONALFACE((10,13,14,11));
#96=IFCINDEXEDPOLYGONALFACE((15,16,17,18,19,2,1,5,7,13,10,9,20,21,22,23,24,25,26,27,28,29,30,31,32,33,34,35,36,37,38,39,40,41,42,43,44,45,46,47,48,49,50,51,52,53));
#97=IFCINDEXEDPOLYGONALFACE((54,55,56,57,58,59,60,61,62,63,64,65,66,67,68,12,11,14,8,6,4,3,69,70,71,72,73,74,75,76,77,78,79,80,81,82,83,84,85,86,87,88,89,90,91,92));
#98=IFCINDEXEDPOLYGONALFACE((18,17,71,70));
#99=IFCINDEXEDPOLYGONALFACE((23,22,66,65));
#100=IFCINDEXEDPOLYGONALFACE((24,23,65,64));
#101=IFCINDEXEDPOLYGONALFACE((17,16,72,71));
#102=IFCINDEXEDPOLYGONALFACE((16,15,54,72));
#103=IFCINDEXEDPOLYGONALFACE((26,25,63,62));
#104=IFCINDEXEDPOLYGONALFACE((28,27,61,60));
#105=IFCINDEXEDPOLYGONALFACE((27,26,62,61));
#106=IFCINDEXEDPOLYGONALFACE((38,37,90,89));
#107=IFCINDEXEDPOLYGONALFACE((29,28,60,59));
#108=IFCINDEXEDPOLYGONALFACE((39,38,89,88));
#109=IFCINDEXEDPOLYGONALFACE((40,39,88,87));
#110=IFCINDEXEDPOLYGONALFACE((25,24,64,63));
#111=IFCINDEXEDPOLYGONALFACE((36,35,92,91));
#112=IFCINDEXEDPOLYGONALFACE((37,36,91,90));
#113=IFCINDEXEDPOLYGONALFACE((35,34,73,92));
#114=IFCINDEXEDPOLYGONALFACE((48,47,80,79));
#115=IFCINDEXEDPOLYGONALFACE((47,46,81,80));
#116=IFCINDEXEDPOLYGONALFACE((46,45,82,81));
#117=IFCINDEXEDPOLYGONALFACE((45,44,83,82));
#118=IFCINDEXEDPOLYGONALFACE((44,43,84,83));
#119=IFCINDEXEDPOLYGONALFACE((43,42,85,84));
#120=IFCINDEXEDPOLYGONALFACE((42,41,86,85));
#121=IFCINDEXEDPOLYGONALFACE((41,40,87,86));
#122=IFCINDEXEDPOLYGONALFACE((34,53,74,73));
#123=IFCINDEXEDPOLYGONALFACE((53,52,75,74));
#124=IFCINDEXEDPOLYGONALFACE((52,51,76,75));
#125=IFCINDEXEDPOLYGONALFACE((51,50,77,76));
#126=IFCINDEXEDPOLYGONALFACE((50,49,78,77));
#127=IFCINDEXEDPOLYGONALFACE((49,48,79,78));
#128=IFCINDEXEDPOLYGONALFACE((15,33,55,54));
#129=IFCINDEXEDPOLYGONALFACE((33,32,56,55));
#130=IFCINDEXEDPOLYGONALFACE((19,18,70,69));
#131=IFCINDEXEDPOLYGONALFACE((2,19,69,3));
#132=IFCINDEXEDPOLYGONALFACE((32,31,57,56));
#133=IFCINDEXEDPOLYGONALFACE((13,7,8,14));
#134=IFCINDEXEDPOLYGONALFACE((30,29,59,58));
#135=IFCINDEXEDPOLYGONALFACE((31,30,58,57));
#136=IFCINDEXEDPOLYGONALFACE((20,9,12,68));
#137=IFCINDEXEDPOLYGONALFACE((22,21,67,66));
#138=IFCINDEXEDPOLYGONALFACE((21,20,68,67));
#139=IFCPOLYGONALFACESET(#90,.F.,(#91,#92,#93,#94,#95,#96,#97,#98,#99,#100,#101,#102,#103,#104,#105,#106,#107,#108,#109,#110,#111,#112,#113,#114,#115,#116,#117,#118,#119,#120,#121,#122,#123,#124,#125,#126,#127,#128,#129,#130,#131,#132,#133,#134,#135,#136,#137,#138),$);
#140=IFCCOLOURRGB($,0.0470588235294118,0.149019607843137,0.349019607843137);
#141=IFCSURFACESTYLERENDERING(#140,0.,$,$,$,$,$,$,.NOTDEFINED.);
#142=IFCSURFACESTYLE($,.BOTH.,(#141));
#143=IFCSTYLEDITEM(#139,(#142),$);
#144=IFCCARTESIANPOINTLIST3D(((-0.078481,0.400613,0.025),(-0.053367,0.400613,0.025),(-0.053367,0.559832,0.025),(0.051602,0.400613,0.025),(0.078481,0.400613,0.025),(0.078481,0.601526,0.025),(0.053367,0.601526,0.025),(0.053367,0.442355,0.025),(-0.051602,0.601526,0.025),(-0.078481,0.601526,0.025),(0.053367,0.442355,0.),(-0.051602,0.601526,0.),(0.078481,0.601526,0.),(0.053367,0.601526,0.),(-0.078481,0.400613,0.),(-0.053367,0.400613,0.),(-0.053367,0.559832,0.),(0.051602,0.400613,0.),(0.078481,0.400613,0.),(-0.078481,0.601526,0.)));
#145=IFCINDEXEDPOLYGONALFACE((1,2,3,4,5,6,7,8,9,10));
#146=IFCINDEXEDPOLYGONALFACE((9,8,11,12));
#147=IFCINDEXEDPOLYGONALFACE((7,6,13,14));
#148=IFCINDEXEDPOLYGONALFACE((2,1,15,16));
#149=IFCINDEXEDPOLYGONALFACE((3,2,16,17));
#150=IFCINDEXEDPOLYGONALFACE((5,4,18,19));
#151=IFCINDEXEDPOLYGONALFACE((6,5,19,13));
#152=IFCINDEXEDPOLYGONALFACE((15,20,12,11,14,13,19,18,17,16));
#153=IFCINDEXEDPOLYGONALFACE((8,7,14,11));
#154=IFCINDEXEDPOLYGONALFACE((4,3,17,18));
#155=IFCINDEXEDPOLYGONALFACE((1,10,20,15));
#156=IFCINDEXEDPOLYGONALFACE((10,9,12,20));
#157=IFCPOLYGONALFACESET(#144,.F.,(#145,#146,#147,#148,#149,#150,#151,#152,#153,#154,#155,#156),$);
#158=IFCCOLOURRGB($,0.0470588235294118,0.149019607843137,0.349019607843137);
#159=IFCSURFACESTYLERENDERING(#158,0.,$,$,$,$,$,$,.NOTDEFINED.);
#160=IFCSURFACESTYLE($,.BOTH.,(#159));
#161=IFCSTYLEDITEM(#157,(#160),$);
#162=IFCCARTESIANPOINTLIST3D(((-0.839722,-0.090671,0.),(-0.894512,0.110242,0.),(-0.868613,0.110242,0.),(-0.836828,-0.021803,0.),(-0.827018,-0.062564,0.),(-0.816521,-0.026512,0.),(-0.776691,0.110242,0.),(-0.739364,0.110242,0.),(-0.710424,0.01111,0.),(-0.68889,-0.062564,0.),(-0.679374,-0.02298,0.),(-0.647344,0.110242,0.),(-0.621396,0.110242,0.),(-0.676137,-0.090671,0.),(-0.703017,-0.090671,0.),(-0.751234,0.06433,0.),(-0.757954,0.085962,0.),(-0.765508,0.059916,0.),(-0.809408,-0.090671,0.),(-0.839722,-0.090671,0.025),(-0.809408,-0.090671,0.025),(-0.765508,0.059916,0.025),(-0.757954,0.085962,0.025),(-0.751234,0.06433,0.025),(-0.703017,-0.090671,0.025),(-0.676137,-0.090671,0.025),(-0.621396,0.110242,0.025),(-0.647344,0.110242,0.025),(-0.679374,-0.02298,0.025),(-0.68889,-0.062564,0.025),(-0.710424,0.01111,0.025),(-0.739364,0.110242,0.025),(-0.776691,0.110242,0.025),(-0.816521,-0.026512,0.025),(-0.827018,-0.062564,0.025),(-0.836828,-0.021803,0.025),(-0.868613,0.110242,0.025),(-0.894512,0.110242,0.025)));
#163=IFCINDEXEDPOLYGONALFACE((1,2,3,4,5,6,7,8,9,10,11,12,13,14,15,16,17,18,19));
#164=IFCINDEXEDPOLYGONALFACE((20,21,22,23,24,25,26,27,28,29,30,31,32,33,34,35,36,37,38));
#165=IFCINDEXEDPOLYGONALFACE((28,27,13,12));
#166=IFCINDEXEDPOLYGONALFACE((27,26,14,13));
#167=IFCINDEXEDPOLYGONALFACE((26,25,15,14));
#168=IFCINDEXEDPOLYGONALFACE((25,24,16,15));
#169=IFCINDEXEDPOLYGONALFACE((24,23,17,16));
#170=IFCINDEXEDPOLYGONALFACE((23,22,18,17));
#171=IFCINDEXEDPOLYGONALFACE((22,21,19,18));
#172=IFCINDEXEDPOLYGONALFACE((21,20,1,19));
#173=IFCINDEXEDPOLYGONALFACE((36,35,5,4));
#174=IFCINDEXEDPOLYGONALFACE((35,34,6,5));
#175=IFCINDEXEDPOLYGONALFACE((34,33,7,6));
#176=IFCINDEXEDPOLYGONALFACE((33,32,8,7));
#177=IFCINDEXEDPOLYGONALFACE((32,31,9,8));
#178=IFCINDEXEDPOLYGONALFACE((31,30,10,9));
#179=IFCINDEXEDPOLYGONALFACE((30,29,11,10));
#180=IFCINDEXEDPOLYGONALFACE((29,28,12,11));
#181=IFCINDEXEDPOLYGONALFACE((20,38,2,1));
#182=IFCINDEXEDPOLYGONALFACE((38,37,3,2));
#183=IFCINDEXEDPOLYGONALFACE((37,36,4,3));
#184=IFCPOLYGONALFACESET(#162,.F.,(#163,#164,#165,#166,#167,#168,#169,#170,#171,#172,#173,#174,#175,#176,#177,#178,#179,#180,#181,#182,#183),$);
#185=IFCCOLOURRGB($,0.0470588235294118,0.149019607843137,0.349019607843137);
#186=IFCSURFACESTYLERENDERING(#185,0.,$,$,$,$,$,$,.NOTDEFINED.);
#187=IFCSURFACESTYLE($,.BOTH.,(#186));
#188=IFCSTYLEDITEM(#184,(#187),$);
#189=IFCCARTESIANPOINTLIST3D(((0.4994,0.,0.),(0.,0.,0.),(0.,0.2497,0.),(0.078958,0.002,0.172828),(0.078958,0.002,0.126567),(0.105,0.002,0.141603),(0.131042,0.002,0.126567),(0.18,0.002,0.098301),(0.18,0.002,0.138413),(0.179204,0.002,0.145132),(0.17686,0.002,0.151478),(0.173097,0.002,0.157101),(0.168125,0.002,0.16169),(0.105,0.002,0.198135),(0.084688,0.002,0.186407),(0.082257,0.002,0.183514),(0.080449,0.002,0.180197),(0.079335,0.002,0.176587),(0.131042,0.002,0.080307),(0.105,0.002,0.111532),(0.03,0.002,0.154833),(0.03,0.002,0.114722),(0.030796,0.002,0.108003),(0.03314,0.002,0.101656),(0.036903,0.002,0.096033),(0.041875,0.002,0.091445),(0.105,0.002,0.055),(0.125313,0.002,0.066727),(0.127743,0.002,0.06962),(0.129551,0.002,0.072938),(0.130665,0.002,0.076548),(0.105,0.,0.141603),(0.078958,0.,0.126567),(0.105,0.,0.111532),(0.131042,0.,0.126567),(0.,0.,0.3),(0.4994,0.,0.025),(0.082257,0.,0.183514),(0.084688,0.,0.186407),(0.105,0.,0.198135),(0.168125,0.,0.16169),(0.173097,0.,0.157101),(0.17686,0.,0.151478),(0.179204,0.,0.145132),(0.18,0.,0.138413),(0.18,0.,0.098301),(0.131042,0.,0.080307),(0.130665,0.,0.076548),(0.129551,0.,0.072938),(0.127743,0.,0.06962),(0.125313,0.,0.066727),(0.105,0.,0.055),(0.041875,0.,0.091445),(0.036903,0.,0.096033),(0.03314,0.,0.101656),(0.030796,0.,0.108003),(0.03,0.,0.114722),(0.03,0.,0.154833),(0.078958,0.,0.172828),(0.079335,0.,0.176587),(0.080449,0.,0.180197),(0.,0.2497,0.025)));
#190=IFCINDEXEDPOLYGONALFACE((1,2,3));
#191=IFCINDEXEDPOLYGONALFACE((4,5,6,7,8,9,10,11,12,13,14,15,16,17,18));
#192=IFCINDEXEDPOLYGONALFACE((19,7,20,5,21,22,23,24,25,26,27,28,29,30,31));
#193=IFCINDEXEDPOLYGONALFACE((32,33,34,35));
#194=IFCINDEXEDPOLYGONALFACE((36,2,1,37,38,39,40,41,42,43,44,45,46,35,47,48,49,50,51,52,53,54,55,56,57,58,33,59,60,61));
#195=IFCINDEXEDPOLYGONALFACE((56,23,22,57));
#196=IFCINDEXEDPOLYGONALFACE((32,35,7,6));
#197=IFCINDEXEDPOLYGONALFACE((26,53,52,27));
#198=IFCINDEXEDPOLYGONALFACE((36,37,62));
#199=IFCINDEXEDPOLYGONALFACE((62,37,1,3));
#200=IFCINDEXEDPOLYGONALFACE((8,46,45,9));
#201=IFCINDEXEDPOLYGONALFACE((19,47,35,7));
#202=IFCINDEXEDPOLYGONALFACE((36,62,3,2));
#203=IFCINDEXEDPOLYGONALFACE((21,58,57,22));
#204=IFCINDEXEDPOLYGONALFACE((13,41,40,14));
#205=IFCINDEXEDPOLYGONALFACE((34,33,5,20));
#206=IFCINDEXEDPOLYGONALFACE((14,40,39,15));
#207=IFCINDEXEDPOLYGONALFACE((7,35,34,20));
#208=IFCINDEXEDPOLYGONALFACE((54,53,26,25));
#209=IFCINDEXEDPOLYGONALFACE((54,25,24,55));
#210=IFCINDEXEDPOLYGONALFACE((55,24,23,56));
#211=IFCINDEXEDPOLYGONALFACE((38,16,15,39));
#212=IFCINDEXEDPOLYGONALFACE((48,47,19,31));
#213=IFCINDEXEDPOLYGONALFACE((48,31,30,49));
#214=IFCINDEXEDPOLYGONALFACE((49,30,29,50));
#215=IFCINDEXEDPOLYGONALFACE((50,29,28,51));
#216=IFCINDEXEDPOLYGONALFACE((5,33,32,6));
#217=IFCINDEXEDPOLYGONALFACE((27,52,51,28));
#218=IFCINDEXEDPOLYGONALFACE((4,59,33,5));
#219=IFCINDEXEDPOLYGONALFACE((42,41,13,12));
#220=IFCINDEXEDPOLYGONALFACE((42,12,11,43));
#221=IFCINDEXEDPOLYGONALFACE((43,11,10,44));
#222=IFCINDEXEDPOLYGONALFACE((44,10,9,45));
#223=IFCINDEXEDPOLYGONALFACE((60,59,4,18));
#224=IFCINDEXEDPOLYGONALFACE((60,18,17,61));
#225=IFCINDEXEDPOLYGONALFACE((61,17,16,38));
#226=IFCINDEXEDPOLYGONALFACE((8,7,35,46));
#227=IFCINDEXEDPOLYGONALFACE((21,5,33,58));
#228=IFCPOLYGONALFACESET(#189,.F.,(#190,#191,#192,#193,#194,#195,#196,#197,#198,#199,#200,#201,#202,#203,#204,#205,#206,#207,#208,#209,#210,#211,#212,#213,#214,#215,#216,#217,#218,#219,#220,#221,#222,#223,#224,#225,#226,#227),$);
#229=IFCCOLOURRGB($,0.0470588235294118,0.149019607843137,0.349019607843137);
#230=IFCSURFACESTYLERENDERING(#229,0.,$,$,$,$,$,$,.NOTDEFINED.);
#231=IFCSURFACESTYLE($,.BOTH.,(#230));
#232=IFCSTYLEDITEM(#228,(#231),$);
#233=IFCCARTESIANPOINTLIST3D(((0.03,0.001,0.154833),(0.105,0.001,0.198135),(0.105,0.002,0.198135),(0.03,0.002,0.154833),(0.18,0.001,0.098301),(0.105,0.001,0.055),(0.105,0.002,0.055),(0.18,0.002,0.098301),(0.18,0.001,0.154833),(0.18,0.002,0.154833),(0.03,0.001,0.098301),(0.03,0.002,0.098301)));
#234=IFCINDEXEDPOLYGONALFACE((1,2,3,4));
#235=IFCINDEXEDPOLYGONALFACE((5,6,7,8));
#236=IFCINDEXEDPOLYGONALFACE((2,9,10,3));
#237=IFCINDEXEDPOLYGONALFACE((11,1,4,12));
#238=IFCINDEXEDPOLYGONALFACE((4,3,10,8,7,12));
#239=IFCINDEXEDPOLYGONALFACE((9,5,8,10));
#240=IFCINDEXEDPOLYGONALFACE((1,11,6,5,9,2));
#241=IFCINDEXEDPOLYGONALFACE((6,11,12,7));
#242=IFCPOLYGONALFACESET(#233,.F.,(#234,#235,#236,#237,#238,#239,#240,#241),$);
#243=IFCCOLOURRGB($,1.,1.,1.);
#244=IFCSURFACESTYLERENDERING(#243,0.,$,$,$,$,$,$,.NOTDEFINED.);
#245=IFCSURFACESTYLE($,.BOTH.,(#244));
#246=IFCSTYLEDITEM(#242,(#245),$);
#247=IFCSHAPEREPRESENTATION(#10,'Body','Tessellation',(#41,#53,#65,#85,#139,#157,#184,#228,#242));
#248=IFCPRODUCTDEFINITIONSHAPE($,$,(#247));
#249=IFCCARTESIANPOINT((-0.,-0.,0.));
#250=IFCDIRECTION((0.,0.,1.));
#251=IFCDIRECTION((0.637921483011472,0.770101409888622,0.));
#252=IFCAXIS2PLACEMENT3D(#249,#250,#251);
#253=IFCLOCALPLACEMENT(#27,#252);
#254=IFCGEOGRAPHICELEMENT('2TZhl$J0nCT8JtVAG05G1F',#5,'GEO-Nulpunt',$,$,#253,#248,$,.NOTDEFINED.);
#255=IFCRELCONTAINEDINSPATIALSTRUCTURE('2bIFoXOTz7yxa1$CdW1Qfp',#5,'GEO-Nulpunt-Relation',$,(#254),#28);
#256=IFCPROPERTYSINGLEVALUE('RD-X',$,IFCTEXT('160071.588'),$);
#257=IFCPROPERTYSINGLEVALUE('RD-Y',$,IFCTEXT('384156.389'),$);
#258=IFCPROPERTYSINGLEVALUE('Latitude',$,IFCTEXT('51.44647491'),$);
#259=IFCPROPERTYSINGLEVALUE('Longitude',$,IFCTEXT('5.46015425'),$);
#260=IFCPROPERTYSINGLEVALUE('NAP',$,IFCREAL(18.753),$);
#261=IFCPROPERTYSET('3OLXTZ1gPBkg6xIW4zuouZ',#5,'CPset_GEO-Nulpunt',$,(#256,#257,#258,#259,#260));
#262=IFCRELDEFINESBYPROPERTIES('1E493IoprDV8dUMsOvnpJa',#5,$,$,(#254),#261);
#263=IFCCARTESIANPOINT((0.,0.,-0.1));
#264=IFCDIRECTION((0.,0.,1.));
#265=IFCDIRECTION((1.,0.,0.));
#266=IFCAXIS2PLACEMENT3D(#263,#264,#265);
#267=IFCDIRECTION((0.,0.,1.));
#268=IFCCARTESIANPOINT((27.2747771231516,-297.191489272693));
#269=IFCCARTESIANPOINT((94.227585702698,-269.812802795263));
#270=IFCCARTESIANPOINT((104.671302803705,-265.538418974786));
#271=IFCCARTESIANPOINT((33.044853204774,-352.006160366756));
#272=IFCCARTESIANPOINT((-13.1526852812094,-313.737950642651));
#273=IFCPOLYLINE((#268,#269,#270,#271,#272,#268));
#274=IFCARBITRARYCLOSEDPROFILEDEF(.AREA.,$,#273);
#275=IFCEXTRUDEDAREASOLID(#274,#266,#267,0.1);
#276=IFCSHAPEREPRESENTATION(#10,'Body','SweptSolid',(#275));
#277=IFCCARTESIANPOINT((-79.4448098852881,-210.804532496026));
#278=IFCCARTESIANPOINT((-26.4724099470477,-189.170020650665));
#279=IFCCARTESIANPOINT((-13.2657682879362,-181.977202284324));
#280=IFCCARTESIANPOINT((18.7268159634259,-260.312024186715));
#281=IFCCARTESIANPOINT((-45.8236712225189,-286.674600887054));
#282=IFCCARTESIANPOINT((-49.8060816742654,-283.375729921856));
#283=IFCPOLYLINE((#277,#278,#279,#280,#281,#282,#277));
#284=IFCARBITRARYCLOSEDPROFILEDEF(.AREA.,$,#283);
#285=IFCEXTRUDEDAREASOLID(#284,#266,#267,0.1);
#286=IFCSHAPEREPRESENTATION(#10,'Body','SweptSolid',(#285));
#287=IFCCARTESIANPOINT((35.1464441737917,-253.60308124224));
#288=IFCCARTESIANPOINT((2.42777073846082,-173.487730340625));
#289=IFCCARTESIANPOINT((16.0641412510886,-166.045767209842));
#290=IFCCARTESIANPOINT((26.0468650703551,-190.209070570185));
#291=IFCCARTESIANPOINT((36.4590632026375,-215.429339778551));
#292=IFCCARTESIANPOINT((36.8398086396919,-216.330371360236));
#293=IFCCARTESIANPOINT((37.249704595306,-215.998572766199));
#294=IFCCARTESIANPOINT((37.6303137134237,-215.634722938761));
#295=IFCCARTESIANPOINT((37.9803601618332,-215.240362085227));
#296=IFCCARTESIANPOINT((38.3102920605743,-214.798174404132));
#297=IFCCARTESIANPOINT((38.6007074026566,-214.328446900647));
#298=IFCCARTESIANPOINT((38.849186686537,-213.835668000858));
#299=IFCCARTESIANPOINT((39.0811778380594,-213.265602998843));
#300=IFCCARTESIANPOINT((39.2595951831318,-212.677130184078));
#301=IFCCARTESIANPOINT((39.3840651644859,-212.073835710529));
#302=IFCCARTESIANPOINT((39.4524326297687,-211.463024046388));
#303=IFCCARTESIANPOINT((39.4649619440897,-210.847511237429));
#304=IFCCARTESIANPOINT((39.420135881548,-210.233831661579));
#305=IFCCARTESIANPOINT((39.3936773613386,-209.596411119797));
#306=IFCCARTESIANPOINT((41.4086319912749,-214.567682168388));
#307=IFCCARTESIANPOINT((43.7864529624931,-220.499190695293));
#308=IFCCARTESIANPOINT((44.2423168636742,-222.170146445336));
#309=IFCCARTESIANPOINT((44.0582166703534,-222.002062776592));
#310=IFCCARTESIANPOINT((43.8607201248815,-221.850151238614));
#311=IFCCARTESIANPOINT((43.6513674332236,-221.715687676973));
#312=IFCCARTESIANPOINT((43.4310608722444,-221.600718030299));
#313=IFCCARTESIANPOINT((43.201208467799,-221.505110118364));
#314=IFCCARTESIANPOINT((42.9639883460768,-221.429369686521));
#315=IFCCARTESIANPOINT((42.7209407050686,-221.374772578536));
#316=IFCCARTESIANPOINT((42.4748815933417,-221.34105443157));
#317=IFCCARTESIANPOINT((42.2259431904822,-221.329623266181));
#318=IFCCARTESIANPOINT((41.9775794637681,-221.339444627578));
#319=IFCCARTESIANPOINT((41.7311984355911,-221.370386327966));
#320=IFCCARTESIANPOINT((41.4875702069548,-221.423086298222));
#321=IFCCARTESIANPOINT((37.7298142230429,-222.951257409353));
#322=IFCCARTESIANPOINT((42.6071838326461,-234.976139763545));
#323=IFCCARTESIANPOINT((44.5460927353997,-240.733656353434));
#324=IFCCARTESIANPOINT((47.6340375631989,-248.502589467156));
#325=IFCPOLYLINE((#287,#288,#289,#290,#291,#292,#293,#294,#295,#296,#297,#298,#299,#300,#301,#302,#303,#304,#305,#306,#307,#308,#309,#310,#311,#312,#313,#314,#315,#316,#317,#318,#319,#320,#321,#322,#323,#324,#287));
#326=IFCARBITRARYCLOSEDPROFILEDEF(.AREA.,$,#325);
#327=IFCEXTRUDEDAREASOLID(#326,#266,#267,0.1);
#328=IFCSHAPEREPRESENTATION(#10,'Body','SweptSolid',(#327));
#329=IFCCARTESIANPOINT((42.6071838326461,-234.976139763545));
#330=IFCCARTESIANPOINT((37.7298142230429,-222.951257409353));
#331=IFCCARTESIANPOINT((41.4875702069548,-221.423086298222));
#332=IFCCARTESIANPOINT((41.7311984355911,-221.370386327966));
#333=IFCCARTESIANPOINT((41.9775794637681,-221.339444627578));
#334=IFCCARTESIANPOINT((42.2259431904822,-221.329623266181));
#335=IFCCARTESIANPOINT((42.4748815933417,-221.34105443157));
#336=IFCCARTESIANPOINT((42.7209407050686,-221.374772578536));
#337=IFCCARTESIANPOINT((42.9639883460768,-221.429369686521));
#338=IFCCARTESIANPOINT((43.201208467799,-221.505110118364));
#339=IFCCARTESIANPOINT((43.4310608722444,-221.600718030299));
#340=IFCCARTESIANPOINT((43.6513674332236,-221.715687676973));
#341=IFCCARTESIANPOINT((43.8607201248815,-221.850151238614));
#342=IFCCARTESIANPOINT((44.0582166703534,-222.002062776592));
#343=IFCCARTESIANPOINT((44.2423168636742,-222.170146445336));
#344=IFCCARTESIANPOINT((43.7864529624931,-220.499190695293));
#345=IFCCARTESIANPOINT((41.4086319912749,-214.567682168388));
#346=IFCCARTESIANPOINT((39.3936773613386,-209.596411119797));
#347=IFCCARTESIANPOINT((39.420135881548,-210.233831661579));
#348=IFCCARTESIANPOINT((39.4649619440897,-210.847511237429));
#349=IFCCARTESIANPOINT((39.4524326297687,-211.463024046388));
#350=IFCCARTESIANPOINT((39.3840651644859,-212.073835710529));
#351=IFCCARTESIANPOINT((39.2595951831318,-212.677130184078));
#352=IFCCARTESIANPOINT((39.0811778380594,-213.265602998843));
#353=IFCCARTESIANPOINT((38.849186686537,-213.835668000858));
#354=IFCCARTESIANPOINT((38.6007074026566,-214.328446900647));
#355=IFCCARTESIANPOINT((38.3102920605743,-214.798174404132));
#356=IFCCARTESIANPOINT((37.9803601618332,-215.240362085227));
#357=IFCCARTESIANPOINT((37.6303137134237,-215.634722938761));
#358=IFCCARTESIANPOINT((37.249704595306,-215.998572766199));
#359=IFCCARTESIANPOINT((36.8398086396919,-216.330371360236));
#360=IFCCARTESIANPOINT((36.4590632026375,-215.429339778551));
#361=IFCCARTESIANPOINT((26.0468650703551,-190.209070570185));
#362=IFCCARTESIANPOINT((16.0641412510886,-166.045767209842));
#363=IFCCARTESIANPOINT((58.9596409059886,-142.637110878306));
#364=IFCCARTESIANPOINT((94.3958931484958,-229.405613993236));
#365=IFCCARTESIANPOINT((47.6340375631989,-248.502589467156));
#366=IFCCARTESIANPOINT((44.5460927353997,-240.733656353434));
#367=IFCPOLYLINE((#329,#330,#331,#332,#333,#334,#335,#336,#337,#338,#339,#340,#341,#342,#343,#344,#345,#346,#347,#348,#349,#350,#351,#352,#353,#354,#355,#356,#357,#358,#359,#360,#361,#362,#363,#364,#365,#366,#329));
#368=IFCARBITRARYCLOSEDPROFILEDEF(.AREA.,$,#367);
#369=IFCEXTRUDEDAREASOLID(#368,#266,#267,0.1);
#370=IFCSHAPEREPRESENTATION(#10,'Body','SweptSolid',(#369));
#371=IFCCARTESIANPOINT((13.9578819822927,-274.786474458582));
#372=IFCCARTESIANPOINT((-35.6946957034233,-295.065042719187));
#373=IFCCARTESIANPOINT((-45.8236712225189,-286.674600887054));
#374=IFCCARTESIANPOINT((18.7268159634259,-260.312024186715));
#375=IFCCARTESIANPOINT((-13.2657682879362,-181.977202284324));
#376=IFCCARTESIANPOINT((-26.4724099470477,-189.170020650665));
#377=IFCCARTESIANPOINT((-79.4448098852881,-210.804532496026));
#378=IFCCARTESIANPOINT((-49.8060816742654,-283.375729921856));
#379=IFCCARTESIANPOINT((-62.9709373988153,-272.47048526234));
#380=IFCCARTESIANPOINT((-118.638485665491,-135.251511773036));
#381=IFCCARTESIANPOINT((-19.5656448511581,-94.7902088058763));
#382=IFCCARTESIANPOINT((1.57937276663142,-86.571630159393));
#383=IFCCARTESIANPOINT((187.231190993072,-10.7508148199413));
#384=IFCCARTESIANPOINT((201.170549232658,-4.50126916309819));
#385=IFCCARTESIANPOINT((229.056530050497,3.57030904799467));
#386=IFCCARTESIANPOINT((235.127271330013,5.49387872265652));
#387=IFCCARTESIANPOINT((240.472662641347,7.51057422137819));
#388=IFCCARTESIANPOINT((240.598436462489,7.54013679234777));
#389=IFCCARTESIANPOINT((240.726612501865,7.53654473403003));
#390=IFCCARTESIANPOINT((240.850788569165,7.49990724981762));
#391=IFCCARTESIANPOINT((240.961482055165,7.43288522580406));
#392=IFCCARTESIANPOINT((241.051124134712,7.34044985816581));
#393=IFCCARTESIANPOINT((242.885847252939,3.26772741653258));
#394=IFCCARTESIANPOINT((244.317835560796,-0.872631323931273));
#395=IFCCARTESIANPOINT((245.382295311458,-5.12277513771551));
#396=IFCCARTESIANPOINT((248.392672301066,-17.512551380787));
#397=IFCCARTESIANPOINT((252.305988726817,-29.6478214858216));
#398=IFCCARTESIANPOINT((257.09836575712,-41.463356615277));
#399=IFCCARTESIANPOINT((258.937767040625,-45.4724306875723));
#400=IFCCARTESIANPOINT((265.750325315545,-60.2495459266356));
#401=IFCCARTESIANPOINT((267.38093698275,-64.2285052867956));
#402=IFCCARTESIANPOINT((268.489736713964,-67.7761390081723));
#403=IFCCARTESIANPOINT((236.287054950837,-106.651347459992));
#404=IFCCARTESIANPOINT((219.227719887916,-64.8804042853881));
#405=IFCCARTESIANPOINT((162.90437928625,-87.8827398337307));
#406=IFCCARTESIANPOINT((192.092081847572,-159.353148529131));
#407=IFCCARTESIANPOINT((192.906494277908,-159.020536812663));
#408=IFCCARTESIANPOINT((139.472413469659,-223.52637657884));
#409=IFCPOLYLINE((#371,#372,#373,#374,#375,#376,#377,#378,#379,#380,#381,#382,#383,#384,#385,#386,#387,#388,#389,#390,#391,#392,#393,#394,#395,#396,#397,#398,#399,#400,#401,#402,#403,#404,#405,#406,#407,#408,#371));
#410=IFCCARTESIANPOINT((94.3958931484958,-229.405613993236));
#411=IFCCARTESIANPOINT((58.9596409059886,-142.637110878306));
#412=IFCCARTESIANPOINT((16.0641412510886,-166.045767209842));
#413=IFCCARTESIANPOINT((2.42777073846082,-173.487730340625));
#414=IFCCARTESIANPOINT((35.1464441737917,-253.60308124224));
#415=IFCCARTESIANPOINT((47.6340375631989,-248.502589467156));
#416=IFCPOLYLINE((#410,#411,#412,#413,#414,#415,#410));
#417=IFCCARTESIANPOINT((33.3397147544019,-137.103422420798));
#418=IFCCARTESIANPOINT((33.3727715596324,-137.198328939092));
#419=IFCCARTESIANPOINT((35.0211072484672,-136.5393361795));
#420=IFCCARTESIANPOINT((34.9847286563308,-136.446872141736));
#421=IFCCARTESIANPOINT((38.3991625269118,-135.074508362799));
#422=IFCCARTESIANPOINT((38.4369491395773,-135.166840220918));
#423=IFCCARTESIANPOINT((40.0820262891066,-134.488267322595));
#424=IFCCARTESIANPOINT((40.0428316506732,-134.396067644644));
#425=IFCCARTESIANPOINT((45.6111219162995,-132.113422798167));
#426=IFCCARTESIANPOINT((40.850749942736,-120.426983276324));
#427=IFCCARTESIANPOINT((35.512703151413,-122.590003958379));
#428=IFCCARTESIANPOINT((35.3175403357309,-122.099810653483));
#429=IFCCARTESIANPOINT((34.9942351660284,-122.226750673086));
#430=IFCCARTESIANPOINT((33.4288004710106,-118.336841649318));
#431=IFCCARTESIANPOINT((33.7540194014437,-118.207591324113));
#432=IFCCARTESIANPOINT((33.0734638045542,-116.541393835621));
#433=IFCCARTESIANPOINT((32.7492793341808,-116.674098127405));
#434=IFCCARTESIANPOINT((31.1620863692369,-112.786941903178));
#435=IFCCARTESIANPOINT((31.4856329221511,-112.655007713882));
#436=IFCCARTESIANPOINT((30.8050773224386,-110.988810222945));
#437=IFCCARTESIANPOINT((30.480892852036,-111.121514514729));
#438=IFCCARTESIANPOINT((28.8936998900317,-107.234358292888));
#439=IFCCARTESIANPOINT((29.2172464400064,-107.102424101147));
#440=IFCCARTESIANPOINT((28.5374609433056,-105.436864533054));
#441=IFCCARTESIANPOINT((28.2139143903914,-105.568798722408));
#442=IFCCARTESIANPOINT((26.625313407887,-101.681774680212));
#443=IFCCARTESIANPOINT((26.9494978782895,-101.549070388428));
#444=IFCCARTESIANPOINT((26.2690744611609,-99.8842809203779));
#445=IFCCARTESIANPOINT((25.9455279110989,-100.016215112119));
#446=IFCCARTESIANPOINT((24.3569269257423,-96.1291910675936));
#447=IFCCARTESIANPOINT((24.6818814990984,-95.9971246985369));
#448=IFCCARTESIANPOINT((24.001325899415,-94.3309272076003));
#449=IFCCARTESIANPOINT((23.6771414290124,-94.4636314994423));
#450=IFCCARTESIANPOINT((22.0899484693364,-90.5764752746909));
#451=IFCCARTESIANPOINT((22.4134950169537,-90.4445410858607));
#452=IFCCARTESIANPOINT((21.7320371370006,-88.7762976487866));
#453=IFCCARTESIANPOINT((21.4120767361892,-88.9086054033833));
#454=IFCCARTESIANPOINT((20.0222706714994,-85.5277686556219));
#455=IFCCARTESIANPOINT((20.1435101102397,-85.4801661489182));
#456=IFCCARTESIANPOINT((19.4757588985667,-83.8141870616237));
#457=IFCCARTESIANPOINT((12.7494354467199,-86.5542596570449));
#458=IFCCARTESIANPOINT((12.7851761155471,-86.6474937925232));
#459=IFCCARTESIANPOINT((2.27309137946577,-90.9275993392221));
#460=IFCCARTESIANPOINT((6.5546279262926,-101.447362113919));
#461=IFCCARTESIANPOINT((6.46152596804313,-101.484510806156));
#462=IFCCARTESIANPOINT((18.4355492276372,-130.934511007799));
#463=IFCCARTESIANPOINT((18.5265822629735,-130.8904543799));
#464=IFCCARTESIANPOINT((22.8124118142587,-141.433251259557));
#465=IFCPOLYLINE((#417,#418,#419,#420,#421,#422,#423,#424,#425,#426,#427,#428,#429,#430,#431,#432,#433,#434,#435,#436,#437,#438,#439,#440,#441,#442,#443,#444,#445,#446,#447,#448,#449,#450,#451,#452,#453,#454,#455,#456,#457,#458,#459,#460,#461,#462,#463,#464,#417));
#466=IFCARBITRARYPROFILEDEFWITHVOIDS(.AREA.,$,#409,(#416,#465));
#467=IFCEXTRUDEDAREASOLID(#466,#266,#267,0.1);
#468=IFCSHAPEREPRESENTATION(#10,'Body','SweptSolid',(#467));
#469=IFCCARTESIANPOINT((67.4819313346816,-259.527628144308));
#470=IFCCARTESIANPOINT((131.134128827689,-233.592387725716));
#471=IFCCARTESIANPOINT((104.671302803705,-265.538418974786));
#472=IFCCARTESIANPOINT((94.227585702698,-269.812802795263));
#473=IFCCARTESIANPOINT((27.2747771231516,-297.191489272693));
#474=IFCCARTESIANPOINT((-13.1526852812094,-313.737950642651));
#475=IFCCARTESIANPOINT((-30.3588809219364,-299.48502018553));
#476=IFCPOLYLINE((#469,#470,#471,#472,#473,#474,#475,#469));
#477=IFCARBITRARYCLOSEDPROFILEDEF(.AREA.,$,#476);
#478=IFCEXTRUDEDAREASOLID(#477,#266,#267,0.1);
#479=IFCSHAPEREPRESENTATION(#10,'Body','SweptSolid',(#478));
#480=IFCCARTESIANPOINT((67.4819313346816,-259.527628144308));
#481=IFCCARTESIANPOINT((-30.3588809219364,-299.48502018553));
#482=IFCCARTESIANPOINT((-35.6946957034233,-295.065042719187));
#483=IFCCARTESIANPOINT((13.9578819822927,-274.786474458582));
#484=IFCCARTESIANPOINT((139.472413469659,-223.52637657884));
#485=IFCCARTESIANPOINT((131.134128827689,-233.592387725716));
#486=IFCPOLYLINE((#480,#481,#482,#483,#484,#485,#480));
#487=IFCARBITRARYCLOSEDPROFILEDEF(.AREA.,$,#486);
#488=IFCEXTRUDEDAREASOLID(#487,#266,#267,0.1);
#489=IFCCARTESIANPOINT((267.38093698275,-64.2285052867956));
#490=IFCCARTESIANPOINT((265.750325315545,-60.2495459266356));
#491=IFCCARTESIANPOINT((258.937767040625,-45.4724306875723));
#492=IFCCARTESIANPOINT((257.09836575712,-41.463356615277));
#493=IFCCARTESIANPOINT((252.305988726817,-29.6478214858216));
#494=IFCCARTESIANPOINT((248.392672301066,-17.512551380787));
#495=IFCCARTESIANPOINT((245.382295311458,-5.12277513771551));
#496=IFCCARTESIANPOINT((244.317835560796,-0.872631323931273));
#497=IFCCARTESIANPOINT((242.885847252939,3.26772741653258));
#498=IFCCARTESIANPOINT((241.051124134712,7.34044985816581));
#499=IFCCARTESIANPOINT((240.961482055165,7.43288522580406));
#500=IFCCARTESIANPOINT((240.850788569165,7.49990724981762));
#501=IFCCARTESIANPOINT((240.726612501865,7.53654473403003));
#502=IFCCARTESIANPOINT((240.598436462489,7.54013679234777));
#503=IFCCARTESIANPOINT((240.472662641347,7.51057422137819));
#504=IFCCARTESIANPOINT((235.127271330013,5.49387872265652));
#505=IFCCARTESIANPOINT((229.056530050497,3.57030904799467));
#506=IFCCARTESIANPOINT((201.170549232658,-4.50126916309819));
#507=IFCCARTESIANPOINT((187.231190993072,-10.7508148199413));
#508=IFCCARTESIANPOINT((1.57937276663142,-86.571630159393));
#509=IFCCARTESIANPOINT((-19.5656448511581,-94.7902088058763));
#510=IFCCARTESIANPOINT((-118.638485665491,-135.251511773036));
#511=IFCCARTESIANPOINT((-62.9709373988153,-272.47048526234));
#512=IFCCARTESIANPOINT((-94.3466879183834,-246.480057190114));
#513=IFCCARTESIANPOINT((-105.290359617764,-219.450885432772));
#514=IFCCARTESIANPOINT((-111.83651347406,-222.067512019537));
#515=IFCCARTESIANPOINT((-135.806524041662,-189.299120263546));
#516=IFCCARTESIANPOINT((-154.327249587135,-196.794537386799));
#517=IFCCARTESIANPOINT((-207.179031816398,-153.014215903764));
#518=IFCCARTESIANPOINT((-133.730129083007,-123.19688697916));
#519=IFCCARTESIANPOINT((-145.675055472704,-94.0190087591764));
#520=IFCCARTESIANPOINT((-134.564836521604,-89.4150012792088));
#521=IFCCARTESIANPOINT((-122.597450923378,-118.741336847248));
#522=IFCCARTESIANPOINT((-31.36714557503,-81.4615345437196));
#523=IFCCARTESIANPOINT((-31.0824960575555,-82.2089478485868));
#524=IFCCARTESIANPOINT((-28.4054871552798,-81.1217163511319));
#525=IFCCARTESIANPOINT((-28.7123776984226,-80.3870441842591));
#526=IFCCARTESIANPOINT((-16.9833182423026,-75.6645739359665));
#527=IFCCARTESIANPOINT((-20.5981148369319,-66.6411436260678));
#528=IFCCARTESIANPOINT((-20.4034627846559,-66.5660531594767));
#529=IFCCARTESIANPOINT((-21.5294061570312,-63.7868562374497));
#530=IFCCARTESIANPOINT((-21.7139376901905,-63.8638374908478));
#531=IFCCARTESIANPOINT((-22.0858844023023,-62.9506164643099));
#532=IFCCARTESIANPOINT((-9.30668649580912,-57.7410751424613));
#533=IFCCARTESIANPOINT((-21.3702483230445,-28.1467841034173));
#534=IFCCARTESIANPOINT((-33.9127316296508,-33.2602411116823));
#535=IFCCARTESIANPOINT((-36.0082422781561,-28.1949715075898));
#536=IFCCARTESIANPOINT((-111.887069629476,-28.1940182951512));
#537=IFCCARTESIANPOINT((-120.823639329028,-31.8262285053497));
#538=IFCCARTESIANPOINT((-148.979079769138,-43.268928862235));
#539=IFCCARTESIANPOINT((-135.131869030069,-77.2013861660962));
#540=IFCCARTESIANPOINT((-153.557419321354,-84.8379721520469));
#541=IFCCARTESIANPOINT((-176.611604201287,-28.211975564016));
#542=IFCCARTESIANPOINT((-215.871306429995,-28.2228735196986));
#543=IFCCARTESIANPOINT((-234.451112695242,-35.7823226483306));
#544=IFCCARTESIANPOINT((-230.741053528298,-44.9807559391484));
#545=IFCCARTESIANPOINT((-270.743954556092,-75.2576646074303));
#546=IFCCARTESIANPOINT((-255.418896789692,-113.054223870335));
#547=IFCCARTESIANPOINT((-265.312645078375,-104.858634952048));
#548=IFCCARTESIANPOINT((-286.224831857515,-53.3675810538116));
#549=IFCCARTESIANPOINT((-257.696034898661,-41.4459465566906));
#550=IFCCARTESIANPOINT((-259.318721458665,-37.5060152962105));
#551=IFCCARTESIANPOINT((-256.451727066713,-36.3242453707498));
#552=IFCCARTESIANPOINT((-257.445994921465,-33.9112322272849));
#553=IFCCARTESIANPOINT((-250.385481368838,-31.0012950476375));
#554=IFCCARTESIANPOINT((-251.346278592653,-28.6497694361024));
#555=IFCCARTESIANPOINT((-272.7289483856,-28.5946280958015));
#556=IFCCARTESIANPOINT((-286.049528473319,-34.0517221111804));
#557=IFCCARTESIANPOINT((-287.423932507256,-30.6836437952006));
#558=IFCCARTESIANPOINT((-294.268748286966,-33.4476238899515));
#559=IFCCARTESIANPOINT((-295.988375045679,-28.9365467670723));
#560=IFCCARTESIANPOINT((-295.844771822478,4.24400853645056));
#561=IFCCARTESIANPOINT((-295.845127205248,4.9740769379423));
#562=IFCCARTESIANPOINT((-234.720728592802,4.98502742726123));
#563=IFCCARTESIANPOINT((-234.712328986818,7.48293443996226));
#564=IFCCARTESIANPOINT((-231.104118454357,7.48714815237326));
#565=IFCCARTESIANPOINT((-231.122160658095,14.707638129883));
#566=IFCCARTESIANPOINT((-230.12678629611,14.7037805991713));
#567=IFCCARTESIANPOINT((-230.09152794609,14.9485638677725));
#568=IFCCARTESIANPOINT((-231.09904579373,14.9455996867036));
#569=IFCCARTESIANPOINT((-231.099439445679,17.2118611136684));
#570=IFCCARTESIANPOINT((-230.087300988816,17.2109977651853));
#571=IFCCARTESIANPOINT((-230.11040380827,17.4041382822325));
#572=IFCCARTESIANPOINT((-231.111145902862,17.4046510469052));
#573=IFCCARTESIANPOINT((-231.102759100293,36.8795535526006));
#574=IFCCARTESIANPOINT((-230.09713203946,36.8723972145235));
#575=IFCCARTESIANPOINT((-230.095815704932,37.0777731322451));
#576=IFCCARTESIANPOINT((-231.102189889149,37.0777571747894));
#577=IFCCARTESIANPOINT((-231.102899989695,39.0599026030977));
#578=IFCCARTESIANPOINT((-230.090255792602,39.0612173804548));
#579=IFCCARTESIANPOINT((-230.088939460489,39.2665932953241));
#580=IFCCARTESIANPOINT((-231.102991680935,39.2651463405928));
#581=IFCCARTESIANPOINT((-231.106418226002,65.2359933090047));
#582=IFCCARTESIANPOINT((-230.106446234393,65.2361184671172));
#583=IFCCARTESIANPOINT((-230.077613053698,65.4888211522484));
#584=IFCCARTESIANPOINT((-231.106515605497,65.4866903184447));
#585=IFCCARTESIANPOINT((-231.106794141961,67.8879035355058));
#586=IFCCARTESIANPOINT((-230.076483567274,67.8901665518642));
#587=IFCCARTESIANPOINT((-230.098304855317,68.0393940000213));
#588=IFCCARTESIANPOINT((-231.103535378934,68.0423262685072));
#589=IFCCARTESIANPOINT((-231.107652957697,74.9253505355446));
#590=IFCCARTESIANPOINT((-235.010893084749,74.9317921949551));
#591=IFCCARTESIANPOINT((-235.01604765738,75.3347108348389));
#592=IFCCARTESIANPOINT((-243.150976501143,75.3586633583182));
#593=IFCCARTESIANPOINT((-243.395893147885,92.4554215554963));
#594=IFCCARTESIANPOINT((-248.046727201465,92.4544592738966));
#595=IFCCARTESIANPOINT((-245.389672324032,95.6620667330571));
#596=IFCCARTESIANPOINT((-227.71731463258,95.6722679455997));
#597=IFCCARTESIANPOINT((-168.901883603045,95.7065141025232));
#598=IFCCARTESIANPOINT((-167.461459116108,95.7053743521683));
#599=IFCCARTESIANPOINT((-155.692492567905,95.6980031186249));
#600=IFCCARTESIANPOINT((-42.2442970903649,95.7459953687503));
#601=IFCCARTESIANPOINT((25.0464710259403,95.8145232380484));
#602=IFCCARTESIANPOINT((164.480541048077,95.1535859575379));
#603=IFCCARTESIANPOINT((164.498602184904,93.7582871379564));
#604=IFCCARTESIANPOINT((164.520928995131,93.437234939076));
#605=IFCCARTESIANPOINT((169.844369859231,93.4710781589965));
#606=IFCCARTESIANPOINT((179.98955294161,93.5115530379117));
#607=IFCCARTESIANPOINT((199.158569807507,93.5916364286677));
#608=IFCCARTESIANPOINT((199.164562039572,78.5860509011545));
#609=IFCCARTESIANPOINT((211.364211147709,78.5907019083388));
#610=IFCCARTESIANPOINT((211.358081047161,93.6431487335358));
#611=IFCCARTESIANPOINT((231.38608948249,93.7271677448298));
#612=IFCCARTESIANPOINT((234.723888549488,96.558932808286));
#613=IFCCARTESIANPOINT((242.671970443946,47.4585783583461));
#614=IFCCARTESIANPOINT((247.32567784292,27.0278925758903));
#615=IFCCARTESIANPOINT((248.911888340925,18.8615943779587));
#616=IFCCARTESIANPOINT((250.093414665869,14.2495770819369));
#617=IFCCARTESIANPOINT((257.161544562463,-26.6423255976406));
#618=IFCCARTESIANPOINT((262.286719667871,-25.7599214303191));
#619=IFCCARTESIANPOINT((269.434708949557,-66.6353646803764));
#620=IFCCARTESIANPOINT((268.489736713964,-67.7761390081723));
#621=IFCPOLYLINE((#489,#490,#491,#492,#493,#494,#495,#496,#497,#498,#499,#500,#501,#502,#503,#504,#505,#506,#507,#508,#509,#510,#511,#512,#513,#514,#515,#516,#517,#518,#519,#520,#521,#522,#523,#524,#525,#526,#527,#528,#529,#530,#531,#532,#533,#534,#535,#536,#537,#538,#539,#540,#541,#542,#543,#544,#545,#546,#547,#548,#549,#550,#551,#552,#553,#554,#555,#556,#557,#558,#559,#560,#561,#562,#563,#564,#565,#566,#567,#568,#569,#570,#571,#572,#573,#574,#575,#576,#577,#578,#579,#580,#581,#582,#583,#584,#585,#586,#587,#588,#589,#590,#591,#592,#593,#594,#595,#596,#597,#598,#599,#600,#601,#602,#603,#604,#605,#606,#607,#608,#609,#610,#611,#612,#613,#614,#615,#616,#617,#618,#619,#620,#489));
#622=IFCCARTESIANPOINT((6.38525499132811,18.3551021433668));
#623=IFCCARTESIANPOINT((9.63512085509137,18.3484026991646));
#624=IFCCARTESIANPOINT((9.63619016067241,9.62918462656671));
#625=IFCCARTESIANPOINT((32.1546803326055,9.61746065522311));
#626=IFCCARTESIANPOINT((35.5542222727963,9.91529047721997));
#627=IFCCARTESIANPOINT((43.244343258295,10.5896258397261));
#628=IFCCARTESIANPOINT((54.3619022866187,11.56725066941));
#629=IFCCARTESIANPOINT((88.0914414882136,14.919020054047));
#630=IFCCARTESIANPOINT((98.5133282266906,15.9989486786653));
#631=IFCCARTESIANPOINT((108.934577044798,17.0781072032987));
#632=IFCCARTESIANPOINT((139.917237587797,21.4184384851833));
#633=IFCCARTESIANPOINT((139.903580388898,55.6538156456081));
#634=IFCCARTESIANPOINT((140.019466138707,57.695201323193));
#635=IFCCARTESIANPOINT((140.017393392773,86.2087476814631));
#636=IFCCARTESIANPOINT((9.68300545561942,86.1088985478855));
#637=IFCCARTESIANPOINT((9.68932218107511,68.6864793637651));
#638=IFCCARTESIANPOINT((8.66783330510953,68.6885955787147));
#639=IFCCARTESIANPOINT((8.66928910528077,61.1000772182015));
#640=IFCCARTESIANPOINT((9.69218600410386,61.0980931858066));
#641=IFCCARTESIANPOINT((9.69437697317335,57.6551730317879));
#642=IFCCARTESIANPOINT((9.59835301045678,55.6518729031668));
#643=IFCCARTESIANPOINT((9.6307578945416,44.5940152500989));
#644=IFCCARTESIANPOINT((6.38120234987582,44.5822782113682));
#645=IFCPOLYLINE((#622,#623,#624,#625,#626,#627,#628,#629,#630,#631,#632,#633,#634,#635,#636,#637,#638,#639,#640,#641,#642,#643,#644,#622));
#646=IFCCARTESIANPOINT((195.595174582239,35.0528088756837));
#647=IFCCARTESIANPOINT((208.533149919269,39.0400598368724));
#648=IFCCARTESIANPOINT((215.51162938014,41.1972796651535));
#649=IFCCARTESIANPOINT((215.446088179393,71.0904987176182));
#650=IFCCARTESIANPOINT((213.361817980884,71.0730993695324));
#651=IFCCARTESIANPOINT((213.361732201622,71.4068927069311));
#652=IFCCARTESIANPOINT((158.366151946335,71.4222960249172));
#653=IFCCARTESIANPOINT((158.377174616006,30.8146160534816));
#654=IFCCARTESIANPOINT((180.939003177831,30.8254261426046));
#655=IFCCARTESIANPOINT((192.397593971953,34.0864496048889));
#656=IFCPOLYLINE((#646,#647,#648,#649,#650,#651,#652,#653,#654,#655,#646));
#657=IFCCARTESIANPOINT((-212.75804683243,71.2964674896211));
#658=IFCCARTESIANPOINT((-212.856694659189,71.2730024861521));
#659=IFCCARTESIANPOINT((-212.947727694554,71.2289458582527));
#660=IFCCARTESIANPOINT((-213.026921874523,71.164694147883));
#661=IFCCARTESIANPOINT((-213.089811741054,71.0856380624464));
#662=IFCCARTESIANPOINT((-213.134483533533,70.9940879075439));
#663=IFCCARTESIANPOINT((-213.157879824896,70.8953022099449));
#664=IFCCARTESIANPOINT((-213.158989132295,70.7936372241238));
#665=IFCCARTESIANPOINT((-213.11113946556,7.70256414671894));
#666=IFCCARTESIANPOINT((-213.120214145369,7.61009442067007));
#667=IFCCARTESIANPOINT((-213.105990357493,7.51910165051231));
#668=IFCCARTESIANPOINT((-213.070272667712,7.43367772811325));
#669=IFCCARTESIANPOINT((-213.013721970259,7.36086276685819));
#670=IFCCARTESIANPOINT((-212.940826697188,7.30307627300499));
#671=IFCCARTESIANPOINT((-212.856339634367,7.26555379410274));
#672=IFCCARTESIANPOINT((-212.764749209047,7.25071484211367));
#673=IFCCARTESIANPOINT((-212.672457619017,7.25866861717077));
#674=IFCCARTESIANPOINT((-176.937777679821,7.23410039447481));
#675=IFCCARTESIANPOINT((-176.81472799278,7.23215774219716));
#676=IFCCARTESIANPOINT((-176.693683978519,7.25914564775303));
#677=IFCCARTESIANPOINT((-176.583863884123,7.3149089536746));
#678=IFCCARTESIANPOINT((-176.490503254259,7.39469487161841));
#679=IFCCARTESIANPOINT((-176.417561801587,7.49529082042864));
#680=IFCCARTESIANPOINT((-176.372958941647,7.61027162038954));
#681=IFCCARTESIANPOINT((-176.356033778313,7.73259716603206));
#682=IFCCARTESIANPOINT((-176.368941455003,7.85496297682403));
#683=IFCCARTESIANPOINT((-176.354596952908,70.7828432718525));
#684=IFCCARTESIANPOINT((-176.349660121225,70.8891288663726));
#685=IFCCARTESIANPOINT((-176.3707056157,70.9922651226516));
#686=IFCCARTESIANPOINT((-176.415928886185,71.0881601475412));
#687=IFCCARTESIANPOINT((-176.482623079413,71.1706761115929));
#688=IFCCARTESIANPOINT((-176.566673336929,71.2338073584833));
#689=IFCCARTESIANPOINT((-176.664999247791,71.275002207607));
#690=IFCCARTESIANPOINT((-176.769526233285,71.2914675869979));
#691=IFCCARTESIANPOINT((-176.8744900288,71.2823241926963));
#692=IFCCARTESIANPOINT((-212.655876106379,71.2975363081205));
#693=IFCPOLYLINE((#657,#658,#659,#660,#661,#662,#663,#664,#665,#666,#667,#668,#669,#670,#671,#672,#673,#674,#675,#676,#677,#678,#679,#680,#681,#682,#683,#684,#685,#686,#687,#688,#689,#690,#691,#692,#657));
#694=IFCCARTESIANPOINT((-15.9166508112685,55.725329564244));
#695=IFCCARTESIANPOINT((-15.8642412015179,57.6258153529488));
#696=IFCCARTESIANPOINT((-15.8894529033278,85.03919599863));
#697=IFCCARTESIANPOINT((-153.845864411298,84.9240924820188));
#698=IFCCARTESIANPOINT((-153.29768122948,77.9422875429154));
#699=IFCCARTESIANPOINT((-151.819745866378,77.9425385246286));
#700=IFCCARTESIANPOINT((-151.886583397456,55.7917377550039));
#701=IFCCARTESIANPOINT((-153.303709417087,55.7943544665468));
#702=IFCCARTESIANPOINT((-153.299249079631,6.79841073398711));
#703=IFCCARTESIANPOINT((-122.342576422874,6.78552083612885));
#704=IFCCARTESIANPOINT((-99.9695953754708,6.75019399280427));
#705=IFCCARTESIANPOINT((-89.3407881617604,6.73805993009591));
#706=IFCCARTESIANPOINT((-79.7855493827665,6.76079447567463));
#707=IFCCARTESIANPOINT((-69.1800176600809,6.73937324102735));
#708=IFCCARTESIANPOINT((-46.8351909345947,7.0039552761009));
#709=IFCCARTESIANPOINT((-15.8384327385284,6.98772630043095));
#710=IFCCARTESIANPOINT((-15.8301635824319,19.8441174198524));
#711=IFCCARTESIANPOINT((-12.6804684600502,19.8528718713205));
#712=IFCCARTESIANPOINT((-12.6575389330101,54.9695102995611));
#713=IFCCARTESIANPOINT((-15.8072340548097,54.9607558428543));
#714=IFCCARTESIANPOINT((-15.8069860946562,55.616308237717));
#715=IFCCARTESIANPOINT((-15.9156911958416,55.6167566427612));
#716=IFCPOLYLINE((#694,#695,#696,#697,#698,#699,#700,#701,#702,#703,#704,#705,#706,#707,#708,#709,#710,#711,#712,#713,#714,#715,#694));
#717=IFCARBITRARYPROFILEDEFWITHVOIDS(.AREA.,$,#621,(#645,#656,#693,#716));
#718=IFCEXTRUDEDAREASOLID(#717,#266,#267,0.1);
#719=IFCCARTESIANPOINT((-349.685235980258,-30.2439620741643));
#720=IFCCARTESIANPOINT((-320.503728739102,4.98407220205991));
#721=IFCCARTESIANPOINT((-310.479167138838,4.97455538919894));
#722=IFCCARTESIANPOINT((-310.485984051629,4.24523411109112));
#723=IFCCARTESIANPOINT((-310.066345893574,-26.151666731399));
#724=IFCCARTESIANPOINT((-321.077962886164,-26.1470607916126));
#725=IFCCARTESIANPOINT((-321.086239242664,-26.6414376742323));
#726=IFCCARTESIANPOINT((-321.000924523658,-26.6121221747017));
#727=IFCCARTESIANPOINT((-318.820300711202,-31.9712433515233));
#728=IFCCARTESIANPOINT((-341.937541528227,-41.3856079568504));
#729=IFCCARTESIANPOINT((-346.793599330966,-37.3630421553389));
#730=IFCPOLYLINE((#719,#720,#721,#722,#723,#724,#725,#726,#727,#728,#729,#719));
#731=IFCARBITRARYCLOSEDPROFILEDEF(.AREA.,$,#730);
#732=IFCEXTRUDEDAREASOLID(#731,#266,#267,0.1);
#733=IFCSHAPEREPRESENTATION(#10,'Body','SweptSolid',(#488,#718,#732));
#734=IFCCARTESIANPOINT((266.229958182143,94.9832978977938));
#735=IFCCARTESIANPOINT((260.972777596529,97.1033673036727));
#736=IFCCARTESIANPOINT((259.381924085348,101.23378387955));
#737=IFCCARTESIANPOINT((233.946137417428,101.363682037394));
#738=IFCCARTESIANPOINT((233.884338678123,100.652636387094));
#739=IFCCARTESIANPOINT((233.747604410193,99.9530216812855));
#740=IFCCARTESIANPOINT((233.538221938215,99.2707343642251));
#741=IFCCARTESIANPOINT((233.258214230969,98.6144869375275));
#742=IFCCARTESIANPOINT((232.910374355357,97.9923539793235));
#743=IFCCARTESIANPOINT((232.497759733029,97.409594015975));
#744=IFCCARTESIANPOINT((232.026749587938,96.8739080608357));
#745=IFCCARTESIANPOINT((231.501809364418,96.3906868281192));
#746=IFCCARTESIANPOINT((230.929450456082,95.9662233043928));
#747=IFCCARTESIANPOINT((230.314270500618,95.6045001767925));
#748=IFCCARTESIANPOINT((229.664453265927,95.3091265753028));
#749=IFCCARTESIANPOINT((228.987412436574,95.0843495416921));
#750=IFCCARTESIANPOINT((228.290826045355,94.9316000807448));
#751=IFCCARTESIANPOINT((227.581469845405,94.8543551382027));
#752=IFCCARTESIANPOINT((164.480541048077,95.1535859575379));
#753=IFCCARTESIANPOINT((25.0464710259403,95.8145232380484));
#754=IFCCARTESIANPOINT((19.8470694678836,96.6609182000393));
#755=IFCCARTESIANPOINT((-78.7719510366151,96.8715291787521));
#756=IFCCARTESIANPOINT((-180.491638842534,96.9899215034675));
#757=IFCCARTESIANPOINT((-244.342628535611,96.9260622547008));
#758=IFCCARTESIANPOINT((-213.911217005225,133.662986074574));
#759=IFCCARTESIANPOINT((118.436118196143,131.661409669498));
#760=IFCCARTESIANPOINT((187.339140794007,131.335844287474));
#761=IFCCARTESIANPOINT((217.282136790134,132.891119439097));
#762=IFCCARTESIANPOINT((218.382618948468,133.152096484264));
#763=IFCCARTESIANPOINT((227.576433094393,133.514475307893));
#764=IFCCARTESIANPOINT((230.175647489872,132.495006063895));
#765=IFCCARTESIANPOINT((232.489866138436,131.122083252762));
#766=IFCCARTESIANPOINT((234.151043368649,129.374650221958));
#767=IFCCARTESIANPOINT((234.57259884596,124.26373983518));
#768=IFCCARTESIANPOINT((234.880651232728,124.265670442546));
#769=IFCCARTESIANPOINT((241.841243739444,124.300326275988));
#770=IFCCARTESIANPOINT((276.913485934987,95.2478710192372));
#771=IFCPOLYLINE((#734,#735,#736,#737,#738,#739,#740,#741,#742,#743,#744,#745,#746,#747,#748,#749,#750,#751,#752,#753,#754,#755,#756,#757,#758,#759,#760,#761,#762,#763,#764,#765,#766,#767,#768,#769,#770,#734));
#772=IFCARBITRARYCLOSEDPROFILEDEF(.AREA.,$,#771);
#773=IFCEXTRUDEDAREASOLID(#772,#266,#267,0.1);
#774=IFCSHAPEREPRESENTATION(#10,'Body','SweptSolid',(#773));
#775=IFCCARTESIANPOINT((262.286719667871,-25.7599214303191));
#776=IFCCARTESIANPOINT((257.161544562463,-26.6423255976406));
#777=IFCCARTESIANPOINT((250.093414665869,14.2495770819369));
#778=IFCCARTESIANPOINT((248.911888340925,18.8615943779587));
#779=IFCCARTESIANPOINT((247.32567784292,27.0278925758903));
#780=IFCCARTESIANPOINT((242.671970443946,47.4585783583461));
#781=IFCCARTESIANPOINT((263.011525588343,52.1449232618324));
#782=IFCCARTESIANPOINT((267.028573745483,29.2965540839359));
#783=IFCCARTESIANPOINT((276.890746714111,-22.7398290375713));
#784=IFCCARTESIANPOINT((278.320080398349,-30.9826430134126));
#785=IFCCARTESIANPOINT((279.417956250079,-37.4952380103059));
#786=IFCCARTESIANPOINT((280.2469881711,-42.2788382302388));
#787=IFCCARTESIANPOINT((281.871480586327,-51.6216433572699));
#788=IFCCARTESIANPOINT((269.434708949557,-66.6353646803764));
#789=IFCPOLYLINE((#775,#776,#777,#778,#779,#780,#781,#782,#783,#784,#785,#786,#787,#788,#775));
#790=IFCARBITRARYCLOSEDPROFILEDEF(.AREA.,$,#789);
#791=IFCEXTRUDEDAREASOLID(#790,#266,#267,0.1);
#792=IFCSHAPEREPRESENTATION(#10,'Body','SweptSolid',(#791));
#793=IFCCARTESIANPOINT((324.33146236022,53.0612895821105));
#794=IFCCARTESIANPOINT((323.896602134017,53.3812561186496));
#795=IFCCARTESIANPOINT((307.791911309439,37.7190698250197));
#796=IFCCARTESIANPOINT((274.736426133779,31.3858832988772));
#797=IFCCARTESIANPOINT((274.626544123195,32.3521146085695));
#798=IFCCARTESIANPOINT((267.028573745483,29.2965540839359));
#799=IFCCARTESIANPOINT((263.011525588343,52.1449232618324));
#800=IFCCARTESIANPOINT((264.787044010474,53.5296222667675));
#801=IFCCARTESIANPOINT((266.413754504087,54.8804656933644));
#802=IFCCARTESIANPOINT((268.779757328652,56.186366392998));
#803=IFCCARTESIANPOINT((270.786156261514,56.9954481711611));
#804=IFCCARTESIANPOINT((279.244152221625,59.7034846008755));
#805=IFCCARTESIANPOINT((307.355248391192,66.5043133969302));
#806=IFCCARTESIANPOINT((310.720824495686,67.2432117959834));
#807=IFCCARTESIANPOINT((326.022350845247,54.5680338831153));
#808=IFCPOLYLINE((#793,#794,#795,#796,#797,#798,#799,#800,#801,#802,#803,#804,#805,#806,#807,#793));
#809=IFCARBITRARYCLOSEDPROFILEDEF(.AREA.,$,#808);
#810=IFCEXTRUDEDAREASOLID(#809,#266,#267,0.1);
#811=IFCSHAPEREPRESENTATION(#10,'Body','SweptSolid',(#810));
#812=IFCCARTESIANPOINT((334.701595411025,43.8361011022353));
#813=IFCCARTESIANPOINT((330.522900269862,39.5063848393038));
#814=IFCCARTESIANPOINT((323.802226776461,32.7569646578631));
#815=IFCCARTESIANPOINT((313.965566177067,22.8102449364378));
#816=IFCCARTESIANPOINT((305.090488720918,13.9005126062548));
#817=IFCCARTESIANPOINT((296.101323503273,2.2947444866877));
#818=IFCCARTESIANPOINT((287.670758873428,-8.8232220565551));
#819=IFCCARTESIANPOINT((276.890746714111,-22.7398290375713));
#820=IFCCARTESIANPOINT((267.028573745483,29.2965540839359));
#821=IFCCARTESIANPOINT((274.626544123195,32.3521146085695));
#822=IFCCARTESIANPOINT((274.736426133779,31.3858832988772));
#823=IFCCARTESIANPOINT((307.791911309439,37.7190698250197));
#824=IFCCARTESIANPOINT((323.896602134017,53.3812561186496));
#825=IFCCARTESIANPOINT((324.33146236022,53.0612895821105));
#826=IFCCARTESIANPOINT((326.022350845247,54.5680338831153));
#827=IFCCARTESIANPOINT((336.831707230565,45.6139915100066));
#828=IFCPOLYLINE((#812,#813,#814,#815,#816,#817,#818,#819,#820,#821,#822,#823,#824,#825,#826,#827,#812));
#829=IFCARBITRARYCLOSEDPROFILEDEF(.AREA.,$,#828);
#830=IFCEXTRUDEDAREASOLID(#829,#266,#267,0.1);
#831=IFCSHAPEREPRESENTATION(#10,'Body','SweptSolid',(#830));
#832=IFCCARTESIANPOINT((272.531594151398,93.9328531777137));
#833=IFCCARTESIANPOINT((261.500776268716,93.8923334525898));
#834=IFCCARTESIANPOINT((258.278505433671,96.6615217204671));
#835=IFCCARTESIANPOINT((234.723888549488,96.558932808286));
#836=IFCCARTESIANPOINT((233.946137417428,101.363682037394));
#837=IFCCARTESIANPOINT((259.381924085348,101.23378387955));
#838=IFCCARTESIANPOINT((260.972777596529,97.1033673036727));
#839=IFCCARTESIANPOINT((266.229958182143,94.9832978977938));
#840=IFCCARTESIANPOINT((276.913485934987,95.2478710192372));
#841=IFCCARTESIANPOINT((278.478323774849,93.951621379063));
#842=IFCPOLYLINE((#832,#833,#834,#835,#836,#837,#838,#839,#840,#841,#832));
#843=IFCARBITRARYCLOSEDPROFILEDEF(.AREA.,$,#842);
#844=IFCEXTRUDEDAREASOLID(#843,#266,#267,0.1);
#845=IFCSHAPEREPRESENTATION(#10,'Body','SweptSolid',(#844));
#846=IFCCARTESIANPOINT((307.355248391192,66.5043133969302));
#847=IFCCARTESIANPOINT((279.244152221625,59.7034846008755));
#848=IFCCARTESIANPOINT((270.786156261514,56.9954481711611));
#849=IFCCARTESIANPOINT((268.779757328652,56.186366392998));
#850=IFCCARTESIANPOINT((266.413754504087,54.8804656933644));
#851=IFCCARTESIANPOINT((264.787044010474,53.5296222667675));
#852=IFCCARTESIANPOINT((263.011525588343,52.1449232618324));
#853=IFCCARTESIANPOINT((242.671970443946,47.4585783583461));
#854=IFCCARTESIANPOINT((234.723888549488,96.558932808286));
#855=IFCCARTESIANPOINT((258.278505433671,96.6615217204671));
#856=IFCCARTESIANPOINT((261.500776268716,93.8923334525898));
#857=IFCCARTESIANPOINT((272.531594151398,93.9328531777137));
#858=IFCCARTESIANPOINT((278.478323774849,93.951621379063));
#859=IFCCARTESIANPOINT((310.720824495686,67.2432117959834));
#860=IFCPOLYLINE((#846,#847,#848,#849,#850,#851,#852,#853,#854,#855,#856,#857,#858,#859,#846));
#861=IFCARBITRARYCLOSEDPROFILEDEF(.AREA.,$,#860);
#862=IFCEXTRUDEDAREASOLID(#861,#266,#267,0.1);
#863=IFCSHAPEREPRESENTATION(#10,'Body','SweptSolid',(#862));
#864=IFCCARTESIANPOINT((280.2469881711,-42.2788382302388));
#865=IFCCARTESIANPOINT((279.417956250079,-37.4952380103059));
#866=IFCCARTESIANPOINT((278.320080398349,-30.9826430134126));
#867=IFCCARTESIANPOINT((276.890746714111,-22.7398290375713));
#868=IFCCARTESIANPOINT((287.670758873428,-8.8232220565551));
#869=IFCCARTESIANPOINT((296.101323503273,2.2947444866877));
#870=IFCCARTESIANPOINT((305.090488720918,13.9005126062548));
#871=IFCCARTESIANPOINT((313.965566177067,22.8102449364378));
#872=IFCCARTESIANPOINT((323.802226776461,32.7569646578631));
#873=IFCCARTESIANPOINT((330.522900269862,39.5063848393038));
#874=IFCCARTESIANPOINT((334.701595411025,43.8361011022353));
#875=IFCCARTESIANPOINT((336.831707230565,45.6139915100066));
#876=IFCCARTESIANPOINT((352.005594710499,33.0445445775404));
#877=IFCCARTESIANPOINT((281.871480586327,-51.6216433572699));
#878=IFCPOLYLINE((#864,#865,#866,#867,#868,#869,#870,#871,#872,#873,#874,#875,#876,#877,#864));
#879=IFCARBITRARYCLOSEDPROFILEDEF(.AREA.,$,#878);
#880=IFCEXTRUDEDAREASOLID(#879,#266,#267,0.1);
#881=IFCSHAPEREPRESENTATION(#10,'Body','SweptSolid',(#880));
#882=IFCCARTESIANPOINT((192.092081847572,-159.353148529131));
#883=IFCCARTESIANPOINT((162.90437928625,-87.8827398337307));
#884=IFCCARTESIANPOINT((219.227719887916,-64.8804042853881));
#885=IFCCARTESIANPOINT((236.287054950837,-106.651347459992));
#886=IFCCARTESIANPOINT((223.502050255105,-122.085457148787));
#887=IFCCARTESIANPOINT((222.690839303978,-120.094169288815));
#888=IFCCARTESIANPOINT((222.48776209497,-120.177863050601));
#889=IFCCARTESIANPOINT((203.148463789228,-72.8244192232378));
#890=IFCCARTESIANPOINT((164.728595481633,-88.5147432209342));
#891=IFCCARTESIANPOINT((188.869701766554,-147.625309358991));
#892=IFCCARTESIANPOINT((209.235065440735,-139.308619266667));
#893=IFCCARTESIANPOINT((192.906494277908,-159.020536812663));
#894=IFCPOLYLINE((#882,#883,#884,#885,#886,#887,#888,#889,#890,#891,#892,#893,#882));
#895=IFCARBITRARYCLOSEDPROFILEDEF(.AREA.,$,#894);
#896=IFCEXTRUDEDAREASOLID(#895,#266,#267,0.1);
#897=IFCSHAPEREPRESENTATION(#10,'Body','SweptSolid',(#896));
#898=IFCCARTESIANPOINT((188.869701766554,-147.625309358991));
#899=IFCCARTESIANPOINT((164.728595481633,-88.5147432209342));
#900=IFCCARTESIANPOINT((203.148463789228,-72.8244192232378));
#901=IFCCARTESIANPOINT((222.48776209497,-120.177863050601));
#902=IFCCARTESIANPOINT((222.690839303978,-120.094169288815));
#903=IFCCARTESIANPOINT((223.502050255105,-122.085457148787));
#904=IFCCARTESIANPOINT((209.235065440735,-139.308619266667));
#905=IFCPOLYLINE((#898,#899,#900,#901,#902,#903,#904,#898));
#906=IFCARBITRARYCLOSEDPROFILEDEF(.AREA.,$,#905);
#907=IFCEXTRUDEDAREASOLID(#906,#266,#267,0.1);
#908=IFCSHAPEREPRESENTATION(#10,'Body','SweptSolid',(#907));
#909=IFCCARTESIANPOINT((-100.407884322543,269.831901588535));
#910=IFCCARTESIANPOINT((-94.3360068462498,270.411849774944));
#911=IFCCARTESIANPOINT((-85.1484276892443,271.19622163946));
#912=IFCCARTESIANPOINT((-76.2797460265865,271.617565423541));
#913=IFCCARTESIANPOINT((-69.1790642644046,271.754329958872));
#914=IFCCARTESIANPOINT((-57.4717749843549,271.647420221299));
#915=IFCCARTESIANPOINT((-49.4964300261636,271.379086877976));
#916=IFCCARTESIANPOINT((-45.5209384555055,271.185539022379));
#917=IFCCARTESIANPOINT((-43.9820042334904,271.080722696148));
#918=IFCCARTESIANPOINT((-42.2441825103015,270.960486827476));
#919=IFCCARTESIANPOINT((-21.3794721648155,268.963286268467));
#920=IFCCARTESIANPOINT((11.990719953581,265.8993229841));
#921=IFCCARTESIANPOINT((25.3711010586412,264.825915575202));
#922=IFCCARTESIANPOINT((26.0437105733727,264.772582263162));
#923=IFCCARTESIANPOINT((26.8541568620712,264.695967550972));
#924=IFCCARTESIANPOINT((39.0318796150677,263.579970429826));
#925=IFCCARTESIANPOINT((59.8354302570515,261.742508687137));
#926=IFCCARTESIANPOINT((75.4599348287447,260.360603507899));
#927=IFCCARTESIANPOINT((77.8489645954978,260.14503006509));
#928=IFCCARTESIANPOINT((113.76005337949,230.397707544384));
#929=IFCCARTESIANPOINT((32.2031948096992,237.57711547357));
#930=IFCCARTESIANPOINT((24.6680040729407,238.293722459988));
#931=IFCCARTESIANPOINT((-20.2190022734285,242.393683340633));
#932=IFCCARTESIANPOINT((-33.0760240679665,243.573749239556));
#933=IFCCARTESIANPOINT((-43.7733864866605,244.47502962529));
#934=IFCCARTESIANPOINT((-53.0874504546518,244.947229126235));
#935=IFCCARTESIANPOINT((-59.6016760148632,245.099890095356));
#936=IFCCARTESIANPOINT((-65.1618715285149,245.114132595481));
#937=IFCCARTESIANPOINT((-72.2308066818514,244.979638098564));
#938=IFCCARTESIANPOINT((-80.5006188295956,244.632269338414));
#939=IFCCARTESIANPOINT((-83.9741537506052,244.373657357646));
#940=IFCCARTESIANPOINT((-90.6916871920112,243.824715231371));
#941=IFCCARTESIANPOINT((-100.263375171606,242.865082385018));
#942=IFCCARTESIANPOINT((-109.406415605074,241.477657204028));
#943=IFCCARTESIANPOINT((-121.44563899684,239.385827816266));
#944=IFCCARTESIANPOINT((-127.510321963549,237.966498119815));
#945=IFCCARTESIANPOINT((-101.163441310928,269.772559644829));
#946=IFCPOLYLINE((#909,#910,#911,#912,#913,#914,#915,#916,#917,#918,#919,#920,#921,#922,#923,#924,#925,#926,#927,#928,#929,#930,#931,#932,#933,#934,#935,#936,#937,#938,#939,#940,#941,#942,#943,#944,#945,#909));
#947=IFCARBITRARYCLOSEDPROFILEDEF(.AREA.,$,#946);
#948=IFCEXTRUDEDAREASOLID(#947,#266,#267,0.1);
#949=IFCSHAPEREPRESENTATION(#10,'Body','SweptSolid',(#948));
#950=IFCCARTESIANPOINT((-180.491638842534,96.9899215034675));
#951=IFCCARTESIANPOINT((-78.7719510366151,96.8715291787521));
#952=IFCCARTESIANPOINT((19.8470694678836,96.6609182000393));
#953=IFCCARTESIANPOINT((25.0464710259403,95.8145232380484));
#954=IFCCARTESIANPOINT((-42.2442970903649,95.7459953687503));
#955=IFCCARTESIANPOINT((-155.692492567905,95.6980031186249));
#956=IFCCARTESIANPOINT((-167.461459116108,95.7053743521683));
#957=IFCCARTESIANPOINT((-168.901883603045,95.7065141025232));
#958=IFCCARTESIANPOINT((-227.71731463258,95.6722679455997));
#959=IFCCARTESIANPOINT((-245.389672324032,95.6620667330571));
#960=IFCCARTESIANPOINT((-244.342628535611,96.9260622547008));
#961=IFCPOLYLINE((#950,#951,#952,#953,#954,#955,#956,#957,#958,#959,#960,#950));
#962=IFCARBITRARYCLOSEDPROFILEDEF(.AREA.,$,#961);
#963=IFCEXTRUDEDAREASOLID(#962,#266,#267,0.1);
#964=IFCSHAPEREPRESENTATION(#10,'Body','SweptSolid',(#963));
#965=IFCCARTESIANPOINT((-135.806524041662,-189.299120263546));
#966=IFCCARTESIANPOINT((-111.83651347406,-222.067512019537));
#967=IFCCARTESIANPOINT((-105.290359617764,-219.450885432772));
#968=IFCCARTESIANPOINT((-94.3466879183834,-246.480057190114));
#969=IFCCARTESIANPOINT((-154.327249587135,-196.794537386799));
#970=IFCPOLYLINE((#965,#966,#967,#968,#969,#965));
#971=IFCARBITRARYCLOSEDPROFILEDEF(.AREA.,$,#970);
#972=IFCEXTRUDEDAREASOLID(#971,#266,#267,0.1);
#973=IFCSHAPEREPRESENTATION(#10,'Body','SweptSolid',(#972));
#974=IFCCARTESIANPOINT((-229.159737330658,-127.947433772904));
#975=IFCCARTESIANPOINT((-229.317596297216,-127.559560667956));
#976=IFCCARTESIANPOINT((-228.374191846844,-127.176257858693));
#977=IFCCARTESIANPOINT((-228.216332880344,-127.564130963583));
#978=IFCCARTESIANPOINT((-222.499125479837,-125.241228350846));
#979=IFCCARTESIANPOINT((-222.656346526026,-124.852585145796));
#980=IFCCARTESIANPOINT((-221.712942075654,-124.469282336533));
#981=IFCCARTESIANPOINT((-221.555721029552,-124.857925541583));
#982=IFCCARTESIANPOINT((-215.838513631461,-122.535022931697));
#983=IFCCARTESIANPOINT((-215.995734675234,-122.146379723796));
#984=IFCCARTESIANPOINT((-215.052330227714,-121.763076912146));
#985=IFCCARTESIANPOINT((-214.89370115826,-122.151587939879));
#986=IFCCARTESIANPOINT((-209.176493757812,-119.828685327142));
#987=IFCCARTESIANPOINT((-209.335122827295,-119.440174299409));
#988=IFCCARTESIANPOINT((-208.391718376923,-119.056871490146));
#989=IFCCARTESIANPOINT((-208.23308930744,-119.445382517821));
#990=IFCCARTESIANPOINT((-202.51588190702,-117.122479905083));
#991=IFCCARTESIANPOINT((-202.674510976503,-116.73396887735));
#992=IFCCARTESIANPOINT((-201.729698505631,-116.350533888384));
#993=IFCCARTESIANPOINT((-201.572477456648,-116.73917709582));
#994=IFCCARTESIANPOINT((-195.855270058586,-114.416274485935));
#995=IFCCARTESIANPOINT((-196.012491105212,-114.027631275647));
#996=IFCCARTESIANPOINT((-195.069086654898,-113.644328466384));
#997=IFCCARTESIANPOINT((-194.911865611066,-114.032971674285));
#998=IFCCARTESIANPOINT((-189.194658210647,-111.710069061548));
#999=IFCCARTESIANPOINT((-189.35187925442,-111.321425853646));
#1000=IFCCARTESIANPOINT((-188.408474804106,-110.938123044383));
#1001=IFCCARTESIANPOINT((-188.250615837518,-111.325996149273));
#1002=IFCCARTESIANPOINT((-182.53340843707,-109.003093536536));
#1003=IFCCARTESIANPOINT((-182.691267403658,-108.615220431646));
#1004=IFCCARTESIANPOINT((-181.747225032916,-108.231147522281));
#1005=IFCCARTESIANPOINT((-181.589233886654,-108.620428647671));
#1006=IFCCARTESIANPOINT((-175.872026488563,-106.297526037786));
#1007=IFCCARTESIANPOINT((-176.030017632467,-105.908244909486));
#1008=IFCCARTESIANPOINT((-175.086613184976,-105.524942097836));
#1009=IFCCARTESIANPOINT((-174.928622038249,-105.914223228523));
#1010=IFCCARTESIANPOINT((-169.21141463783,-103.591320615786));
#1011=IFCCARTESIANPOINT((-169.369405784528,-103.202039485099));
#1012=IFCCARTESIANPOINT((-168.426001334185,-102.818736675836));
#1013=IFCCARTESIANPOINT((-168.267372264672,-103.207247703511));
#1014=IFCCARTESIANPOINT((-162.550164864253,-100.884345090773));
#1015=IFCCARTESIANPOINT((-162.708023830783,-100.496471985884));
#1016=IFCCARTESIANPOINT((-161.764619383262,-100.113169174176));
#1017=IFCCARTESIANPOINT((-161.606760413881,-100.50104228151));
#1018=IFCCARTESIANPOINT((-155.889553015848,-98.1781396716251));
#1019=IFCCARTESIANPOINT((-156.047411982814,-97.7902665614383));
#1020=IFCCARTESIANPOINT((-155.103369612072,-97.4061936520739));
#1021=IFCCARTESIANPOINT((-154.946148568328,-97.7948368599755));
#1022=IFCCARTESIANPOINT((-149.228941167908,-95.4719342472381));
#1023=IFCCARTESIANPOINT((-149.386162211624,-95.0832910393365));
#1024=IFCCARTESIANPOINT((-148.442757761339,-94.6999882300734));
#1025=IFCCARTESIANPOINT((-148.28375513127,-95.0849131114082));
#1026=IFCCARTESIANPOINT((-145.675055472704,-94.0190087591764));
#1027=IFCCARTESIANPOINT((-133.730129083007,-123.19688697916));
#1028=IFCCARTESIANPOINT((-207.179031816398,-153.014215903764));
#1029=IFCCARTESIANPOINT((-234.714978223114,-130.204529358132));
#1030=IFCPOLYLINE((#974,#975,#976,#977,#978,#979,#980,#981,#982,#983,#984,#985,#986,#987,#988,#989,#990,#991,#992,#993,#994,#995,#996,#997,#998,#999,#1000,#1001,#1002,#1003,#1004,#1005,#1006,#1007,#1008,#1009,#1010,#1011,#1012,#1013,#1014,#1015,#1016,#1017,#1018,#1019,#1020,#1021,#1022,#1023,#1024,#1025,#1026,#1027,#1028,#1029,#974));
#1031=IFCARBITRARYCLOSEDPROFILEDEF(.AREA.,$,#1030);
#1032=IFCEXTRUDEDAREASOLID(#1031,#266,#267,0.1);
#1033=IFCCARTESIANPOINT((-235.034803697636,-129.882463280694));
#1034=IFCCARTESIANPOINT((-234.999723927671,-129.968657303078));
#1035=IFCCARTESIANPOINT((-235.081117721653,-129.901233910408));
#1036=IFCPOLYLINE((#1033,#1034,#1035,#1033));
#1037=IFCARBITRARYCLOSEDPROFILEDEF(.AREA.,$,#1036);
#1038=IFCEXTRUDEDAREASOLID(#1037,#266,#267,0.1);
#1039=IFCSHAPEREPRESENTATION(#10,'Body','SweptSolid',(#1032,#1038));
#1040=IFCCARTESIANPOINT((-270.743954556092,-75.2576646074303));
#1041=IFCCARTESIANPOINT((-230.741053528298,-44.9807559391484));
#1042=IFCCARTESIANPOINT((-234.451112695242,-35.7823226483306));
#1043=IFCCARTESIANPOINT((-215.871306429995,-28.2228735196986));
#1044=IFCCARTESIANPOINT((-176.611604201287,-28.211975564016));
#1045=IFCCARTESIANPOINT((-153.557419321354,-84.8379721520469));
#1046=IFCCARTESIANPOINT((-149.386162211624,-95.0832910393365));
#1047=IFCCARTESIANPOINT((-149.228941167908,-95.4719342472381));
#1048=IFCCARTESIANPOINT((-154.946148568328,-97.7948368599755));
#1049=IFCCARTESIANPOINT((-155.103369612072,-97.4061936520739));
#1050=IFCCARTESIANPOINT((-156.047411982814,-97.7902665614383));
#1051=IFCCARTESIANPOINT((-155.889553015848,-98.1781396716251));
#1052=IFCCARTESIANPOINT((-161.606760413881,-100.50104228151));
#1053=IFCCARTESIANPOINT((-161.764619383262,-100.113169174176));
#1054=IFCCARTESIANPOINT((-162.708023830783,-100.496471985884));
#1055=IFCCARTESIANPOINT((-162.550164864253,-100.884345090773));
#1056=IFCCARTESIANPOINT((-168.267372264672,-103.207247703511));
#1057=IFCCARTESIANPOINT((-168.426001334185,-102.818736675836));
#1058=IFCCARTESIANPOINT((-169.369405784528,-103.202039485099));
#1059=IFCCARTESIANPOINT((-169.21141463783,-103.591320615786));
#1060=IFCCARTESIANPOINT((-174.928622038249,-105.914223228523));
#1061=IFCCARTESIANPOINT((-175.086613184976,-105.524942097836));
#1062=IFCCARTESIANPOINT((-176.030017632467,-105.908244909486));
#1063=IFCCARTESIANPOINT((-175.872026488563,-106.297526037786));
#1064=IFCCARTESIANPOINT((-181.589233886654,-108.620428647671));
#1065=IFCCARTESIANPOINT((-181.747225032916,-108.231147522281));
#1066=IFCCARTESIANPOINT((-182.691267403658,-108.615220431646));
#1067=IFCCARTESIANPOINT((-182.53340843707,-109.003093536536));
#1068=IFCCARTESIANPOINT((-188.250615837518,-111.325996149273));
#1069=IFCCARTESIANPOINT((-188.408474804106,-110.938123044383));
#1070=IFCCARTESIANPOINT((-189.35187925442,-111.321425853646));
#1071=IFCCARTESIANPOINT((-189.194658210647,-111.710069061548));
#1072=IFCCARTESIANPOINT((-194.911865611066,-114.032971674285));
#1073=IFCCARTESIANPOINT((-195.069086654898,-113.644328466384));
#1074=IFCCARTESIANPOINT((-196.012491105212,-114.027631275647));
#1075=IFCCARTESIANPOINT((-195.855270058586,-114.416274485935));
#1076=IFCCARTESIANPOINT((-201.572477456648,-116.73917709582));
#1077=IFCCARTESIANPOINT((-201.729698505631,-116.350533888384));
#1078=IFCCARTESIANPOINT((-202.674510976503,-116.73396887735));
#1079=IFCCARTESIANPOINT((-202.51588190702,-117.122479905083));
#1080=IFCCARTESIANPOINT((-208.23308930744,-119.445382517821));
#1081=IFCCARTESIANPOINT((-208.391718376923,-119.056871490146));
#1082=IFCCARTESIANPOINT((-209.335122827295,-119.440174299409));
#1083=IFCCARTESIANPOINT((-209.176493757812,-119.828685327142));
#1084=IFCCARTESIANPOINT((-214.89370115826,-122.151587939879));
#1085=IFCCARTESIANPOINT((-215.052330227714,-121.763076912146));
#1086=IFCCARTESIANPOINT((-215.995734675234,-122.146379723796));
#1087=IFCCARTESIANPOINT((-215.838513631461,-122.535022931697));
#1088=IFCCARTESIANPOINT((-221.555721029552,-124.857925541583));
#1089=IFCCARTESIANPOINT((-221.712942075654,-124.469282336533));
#1090=IFCCARTESIANPOINT((-222.656346526026,-124.852585145796));
#1091=IFCCARTESIANPOINT((-222.499125479837,-125.241228350846));
#1092=IFCCARTESIANPOINT((-228.216332880344,-127.564130963583));
#1093=IFCCARTESIANPOINT((-228.374191846844,-127.176257858693));
#1094=IFCCARTESIANPOINT((-229.317596297216,-127.559560667956));
#1095=IFCCARTESIANPOINT((-229.159737330658,-127.947433772904));
#1096=IFCCARTESIANPOINT((-234.714978223114,-130.204529358132));
#1097=IFCCARTESIANPOINT((-234.999723927671,-129.968657303078));
#1098=IFCCARTESIANPOINT((-235.034803697636,-129.882463280694));
#1099=IFCCARTESIANPOINT((-235.081117721653,-129.901233910408));
#1100=IFCCARTESIANPOINT((-255.418896789692,-113.054223870335));
#1101=IFCPOLYLINE((#1040,#1041,#1042,#1043,#1044,#1045,#1046,#1047,#1048,#1049,#1050,#1051,#1052,#1053,#1054,#1055,#1056,#1057,#1058,#1059,#1060,#1061,#1062,#1063,#1064,#1065,#1066,#1067,#1068,#1069,#1070,#1071,#1072,#1073,#1074,#1075,#1076,#1077,#1078,#1079,#1080,#1081,#1082,#1083,#1084,#1085,#1086,#1087,#1088,#1089,#1090,#1091,#1092,#1093,#1094,#1095,#1096,#1097,#1098,#1099,#1100,#1040));
#1102=IFCARBITRARYCLOSEDPROFILEDEF(.AREA.,$,#1101);
#1103=IFCEXTRUDEDAREASOLID(#1102,#266,#267,0.1);
#1104=IFCSHAPEREPRESENTATION(#10,'Body','SweptSolid',(#1103));
#1105=IFCCARTESIANPOINT((-256.451727066713,-36.3242453707498));
#1106=IFCCARTESIANPOINT((-259.318721458665,-37.5060152962105));
#1107=IFCCARTESIANPOINT((-257.696034898661,-41.4459465566906));
#1108=IFCCARTESIANPOINT((-286.224831857515,-53.3675810538116));
#1109=IFCCARTESIANPOINT((-287.703767990024,-53.985103451123));
#1110=IFCCARTESIANPOINT((-293.452229722781,-39.8531111030607));
#1111=IFCCARTESIANPOINT((-291.97366714789,-39.239174854476));
#1112=IFCCARTESIANPOINT((-288.941376423143,-46.8918856784003));
#1113=IFCCARTESIANPOINT((-260.31235139296,-35.0922320526442));
#1114=IFCCARTESIANPOINT((-257.445994921465,-33.9112322272849));
#1115=IFCPOLYLINE((#1105,#1106,#1107,#1108,#1109,#1110,#1111,#1112,#1113,#1114,#1105));
#1116=IFCARBITRARYCLOSEDPROFILEDEF(.AREA.,$,#1115);
#1117=IFCEXTRUDEDAREASOLID(#1116,#266,#267,0.1);
#1118=IFCSHAPEREPRESENTATION(#10,'Body','SweptSolid',(#1117));
#1119=IFCCARTESIANPOINT((-294.268748286966,-33.4476238899515));
#1120=IFCCARTESIANPOINT((-287.423932507256,-30.6836437952006));
#1121=IFCCARTESIANPOINT((-286.049528473319,-34.0517221111804));
#1122=IFCCARTESIANPOINT((-272.7289483856,-28.5946280958015));
#1123=IFCCARTESIANPOINT((-251.346278592653,-28.6497694361024));
#1124=IFCCARTESIANPOINT((-250.385481368838,-31.0012950476375));
#1125=IFCCARTESIANPOINT((-257.445994921465,-33.9112322272849));
#1126=IFCCARTESIANPOINT((-260.31235139296,-35.0922320526442));
#1127=IFCCARTESIANPOINT((-288.941376423143,-46.8918856784003));
#1128=IFCCARTESIANPOINT((-291.97366714789,-39.239174854476));
#1129=IFCPOLYLINE((#1119,#1120,#1121,#1122,#1123,#1124,#1125,#1126,#1127,#1128,#1119));
#1130=IFCARBITRARYCLOSEDPROFILEDEF(.AREA.,$,#1129);
#1131=IFCEXTRUDEDAREASOLID(#1130,#266,#267,0.1);
#1132=IFCSHAPEREPRESENTATION(#10,'Body','SweptSolid',(#1131));
#1133=IFCCARTESIANPOINT((-22.0858844023023,-62.9506164643099));
#1134=IFCCARTESIANPOINT((-21.7139376901905,-63.8638374908478));
#1135=IFCCARTESIANPOINT((-21.5294061570312,-63.7868562374497));
#1136=IFCCARTESIANPOINT((-20.4034627846559,-66.5660531594767));
#1137=IFCCARTESIANPOINT((-20.5981148369319,-66.6411436260678));
#1138=IFCCARTESIANPOINT((-16.9833182423026,-75.6645739359665));
#1139=IFCCARTESIANPOINT((-28.7123776984226,-80.3870441842591));
#1140=IFCCARTESIANPOINT((-28.4054871552798,-81.1217163511319));
#1141=IFCCARTESIANPOINT((-31.0824960575555,-82.2089478485868));
#1142=IFCCARTESIANPOINT((-31.36714557503,-81.4615345437196));
#1143=IFCCARTESIANPOINT((-122.597450923378,-118.741336847248));
#1144=IFCCARTESIANPOINT((-134.564836521604,-89.4150012792088));
#1145=IFCCARTESIANPOINT((-130.777293651161,-87.8712500014226));
#1146=IFCCARTESIANPOINT((-32.4118381612352,-47.7654115260229));
#1147=IFCCARTESIANPOINT((-28.8651017825759,-46.3195491276565));
#1148=IFCPOLYLINE((#1133,#1134,#1135,#1136,#1137,#1138,#1139,#1140,#1141,#1142,#1143,#1144,#1145,#1146,#1147,#1133));
#1149=IFCARBITRARYCLOSEDPROFILEDEF(.AREA.,$,#1148);
#1150=IFCEXTRUDEDAREASOLID(#1149,#266,#267,0.1);
#1151=IFCSHAPEREPRESENTATION(#10,'Body','SweptSolid',(#1150));
#1152=IFCCARTESIANPOINT((33.4288004710106,-118.336841649318));
#1153=IFCCARTESIANPOINT((34.9942351660284,-122.226750673086));
#1154=IFCCARTESIANPOINT((35.3175403357309,-122.099810653483));
#1155=IFCCARTESIANPOINT((35.512703151413,-122.590003958379));
#1156=IFCCARTESIANPOINT((40.850749942736,-120.426983276324));
#1157=IFCCARTESIANPOINT((45.6111219162995,-132.113422798167));
#1158=IFCCARTESIANPOINT((40.0428316506732,-134.396067644644));
#1159=IFCCARTESIANPOINT((40.0820262891066,-134.488267322595));
#1160=IFCCARTESIANPOINT((38.4369491395773,-135.166840220918));
#1161=IFCCARTESIANPOINT((38.3991625269118,-135.074508362799));
#1162=IFCCARTESIANPOINT((34.9847286563308,-136.446872141736));
#1163=IFCCARTESIANPOINT((35.0211072484672,-136.5393361795));
#1164=IFCCARTESIANPOINT((33.3727715596324,-137.198328939092));
#1165=IFCCARTESIANPOINT((33.3397147544019,-137.103422420798));
#1166=IFCCARTESIANPOINT((22.8124118142587,-141.433251259557));
#1167=IFCCARTESIANPOINT((18.5265822629735,-130.8904543799));
#1168=IFCCARTESIANPOINT((18.4355492276372,-130.934511007799));
#1169=IFCCARTESIANPOINT((6.46152596804313,-101.484510806156));
#1170=IFCCARTESIANPOINT((6.5546279262926,-101.447362113919));
#1171=IFCCARTESIANPOINT((2.27309137946577,-90.9275993392221));
#1172=IFCCARTESIANPOINT((12.7851761155471,-86.6474937925232));
#1173=IFCCARTESIANPOINT((12.7494354467199,-86.5542596570449));
#1174=IFCCARTESIANPOINT((19.4757588985667,-83.8141870616237));
#1175=IFCCARTESIANPOINT((20.1435101102397,-85.4801661489182));
#1176=IFCCARTESIANPOINT((20.0222706714994,-85.5277686556219));
#1177=IFCCARTESIANPOINT((21.4120767361892,-88.9086054033833));
#1178=IFCCARTESIANPOINT((21.7320371370006,-88.7762976487866));
#1179=IFCCARTESIANPOINT((22.4134950169537,-90.4445410858607));
#1180=IFCCARTESIANPOINT((22.0899484693364,-90.5764752746909));
#1181=IFCCARTESIANPOINT((23.6771414290124,-94.4636314994423));
#1182=IFCCARTESIANPOINT((24.001325899415,-94.3309272076003));
#1183=IFCCARTESIANPOINT((24.6818814990984,-95.9971246985369));
#1184=IFCCARTESIANPOINT((24.3569269257423,-96.1291910675936));
#1185=IFCCARTESIANPOINT((25.9455279110989,-100.016215112119));
#1186=IFCCARTESIANPOINT((26.2690744611609,-99.8842809203779));
#1187=IFCCARTESIANPOINT((26.9494978782895,-101.549070388428));
#1188=IFCCARTESIANPOINT((26.625313407887,-101.681774680212));
#1189=IFCCARTESIANPOINT((28.2139143903914,-105.568798722408));
#1190=IFCCARTESIANPOINT((28.5374609433056,-105.436864533054));
#1191=IFCCARTESIANPOINT((29.2172464400064,-107.102424101147));
#1192=IFCCARTESIANPOINT((28.8936998900317,-107.234358292888));
#1193=IFCCARTESIANPOINT((30.480892852036,-111.121514514729));
#1194=IFCCARTESIANPOINT((30.8050773224386,-110.988810222945));
#1195=IFCCARTESIANPOINT((31.4856329221511,-112.655007713882));
#1196=IFCCARTESIANPOINT((31.1620863692369,-112.786941903178));
#1197=IFCCARTESIANPOINT((32.7492793341808,-116.674098127405));
#1198=IFCCARTESIANPOINT((33.0734638045542,-116.541393835621));
#1199=IFCCARTESIANPOINT((33.7540194014437,-118.207591324113));
#1200=IFCPOLYLINE((#1152,#1153,#1154,#1155,#1156,#1157,#1158,#1159,#1160,#1161,#1162,#1163,#1164,#1165,#1166,#1167,#1168,#1169,#1170,#1171,#1172,#1173,#1174,#1175,#1176,#1177,#1178,#1179,#1180,#1181,#1182,#1183,#1184,#1185,#1186,#1187,#1188,#1189,#1190,#1191,#1192,#1193,#1194,#1195,#1196,#1197,#1198,#1199,#1152));
#1201=IFCARBITRARYCLOSEDPROFILEDEF(.AREA.,$,#1200);
#1202=IFCEXTRUDEDAREASOLID(#1201,#266,#267,0.1);
#1203=IFCSHAPEREPRESENTATION(#10,'Body','SweptSolid',(#1202));
#1204=IFCCARTESIANPOINT((-296.146285169321,-59.6042814770481));
#1205=IFCCARTESIANPOINT((-300.024538091558,-51.2923620716319));
#1206=IFCCARTESIANPOINT((-310.048398535437,-26.6379001056193));
#1207=IFCCARTESIANPOINT((-310.066345893574,-26.151666731399));
#1208=IFCCARTESIANPOINT((-310.485984051629,4.24523411109112));
#1209=IFCCARTESIANPOINT((-295.844771822478,4.24400853645056));
#1210=IFCCARTESIANPOINT((-295.988375045679,-28.9365467670723));
#1211=IFCCARTESIANPOINT((-294.268748286966,-33.4476238899515));
#1212=IFCCARTESIANPOINT((-291.97366714789,-39.239174854476));
#1213=IFCCARTESIANPOINT((-293.452229722781,-39.8531111030607));
#1214=IFCCARTESIANPOINT((-287.703767990024,-53.985103451123));
#1215=IFCCARTESIANPOINT((-286.224831857515,-53.3675810538116));
#1216=IFCCARTESIANPOINT((-265.312645078375,-104.858634952048));
#1217=IFCCARTESIANPOINT((-284.101858595881,-89.2943952326896));
#1218=IFCPOLYLINE((#1204,#1205,#1206,#1207,#1208,#1209,#1210,#1211,#1212,#1213,#1214,#1215,#1216,#1217,#1204));
#1219=IFCARBITRARYCLOSEDPROFILEDEF(.AREA.,$,#1218);
#1220=IFCEXTRUDEDAREASOLID(#1219,#266,#267,0.1);
#1221=IFCSHAPEREPRESENTATION(#10,'Body','SweptSolid',(#1220));
#1222=IFCCARTESIANPOINT((-300.024538091558,-51.2923620716319));
#1223=IFCCARTESIANPOINT((-296.146285169321,-59.6042814770481));
#1224=IFCCARTESIANPOINT((-296.345270494203,-59.6861706763157));
#1225=IFCCARTESIANPOINT((-296.260783652222,-59.8976960293367));
#1226=IFCCARTESIANPOINT((-296.4591310572,-59.9788151232642));
#1227=IFCPOLYLINE((#1222,#1223,#1224,#1225,#1226,#1222));
#1228=IFCARBITRARYCLOSEDPROFILEDEF(.AREA.,$,#1227);
#1229=IFCEXTRUDEDAREASOLID(#1228,#266,#267,0.1);
#1230=IFCSHAPEREPRESENTATION(#10,'Body','SweptSolid',(#1229));
#1231=IFCCARTESIANPOINT((-346.793599330966,-37.3630421553389));
#1232=IFCCARTESIANPOINT((-352.005851739581,-33.0454188610311));
#1233=IFCCARTESIANPOINT((-349.685235980258,-30.2439620741643));
#1234=IFCPOLYLINE((#1231,#1232,#1233,#1231));
#1235=IFCARBITRARYCLOSEDPROFILEDEF(.AREA.,$,#1234);
#1236=IFCEXTRUDEDAREASOLID(#1235,#266,#267,0.1);
#1237=IFCSHAPEREPRESENTATION(#10,'Body','SweptSolid',(#1236));
#1238=IFCCARTESIANPOINT((-130.777293651161,-87.8712500014226));
#1239=IFCCARTESIANPOINT((-134.564836521604,-89.4150012792088));
#1240=IFCCARTESIANPOINT((-145.675055472704,-94.0190087591764));
#1241=IFCCARTESIANPOINT((-148.28375513127,-95.0849131114082));
#1242=IFCCARTESIANPOINT((-148.442757761339,-94.6999882300734));
#1243=IFCCARTESIANPOINT((-149.386162211624,-95.0832910393365));
#1244=IFCCARTESIANPOINT((-153.557419321354,-84.8379721520469));
#1245=IFCCARTESIANPOINT((-135.131869030069,-77.2013861660962));
#1246=IFCCARTESIANPOINT((-134.999934838386,-77.5249327161));
#1247=IFCPOLYLINE((#1238,#1239,#1240,#1241,#1242,#1243,#1244,#1245,#1246,#1238));
#1248=IFCARBITRARYCLOSEDPROFILEDEF(.AREA.,$,#1247);
#1249=IFCEXTRUDEDAREASOLID(#1248,#266,#267,0.1);
#1250=IFCSHAPEREPRESENTATION(#10,'Body','SweptSolid',(#1249));
#1251=IFCCARTESIANPOINT((-109.775993483519,-67.2728986075963));
#1252=IFCCARTESIANPOINT((-134.999934838386,-77.5249327161));
#1253=IFCCARTESIANPOINT((-135.131869030069,-77.2013861660962));
#1254=IFCCARTESIANPOINT((-148.979079769138,-43.268928862235));
#1255=IFCCARTESIANPOINT((-120.823639329028,-31.8262285053497));
#1256=IFCCARTESIANPOINT((-120.63598209896,-32.289427992655));
#1257=IFCCARTESIANPOINT((-107.79729210923,-64.0126216433127));
#1258=IFCCARTESIANPOINT((-106.943734189175,-66.1220878970344));
#1259=IFCPOLYLINE((#1251,#1252,#1253,#1254,#1255,#1256,#1257,#1258,#1251));
#1260=IFCARBITRARYCLOSEDPROFILEDEF(.AREA.,$,#1259);
#1261=IFCEXTRUDEDAREASOLID(#1260,#266,#267,0.1);
#1262=IFCSHAPEREPRESENTATION(#10,'Body','SweptSolid',(#1261));
#1263=IFCCARTESIANPOINT((-107.79729210923,-64.0126216433127));
#1264=IFCCARTESIANPOINT((-120.63598209896,-32.289427992655));
#1265=IFCCARTESIANPOINT((-120.823639329028,-31.8262285053497));
#1266=IFCCARTESIANPOINT((-111.887069629476,-28.1940182951512));
#1267=IFCCARTESIANPOINT((-36.0082422781561,-28.1949715075898));
#1268=IFCCARTESIANPOINT((-33.9127316296508,-33.2602411116823));
#1269=IFCCARTESIANPOINT((-33.0125021481363,-35.4356373701594));
#1270=IFCCARTESIANPOINT((-36.707379865722,-36.9678487236961));
#1271=IFCCARTESIANPOINT((-32.4118381612352,-47.7654115260229));
#1272=IFCCARTESIANPOINT((-130.777293651161,-87.8712500014226));
#1273=IFCCARTESIANPOINT((-134.999934838386,-77.5249327161));
#1274=IFCCARTESIANPOINT((-109.775993483519,-67.2728986075963));
#1275=IFCCARTESIANPOINT((-106.943734189175,-66.1220878970344));
#1276=IFCPOLYLINE((#1263,#1264,#1265,#1266,#1267,#1268,#1269,#1270,#1271,#1272,#1273,#1274,#1275,#1263));
#1277=IFCARBITRARYCLOSEDPROFILEDEF(.AREA.,$,#1276);
#1278=IFCEXTRUDEDAREASOLID(#1277,#266,#267,0.1);
#1279=IFCSHAPEREPRESENTATION(#10,'Body','SweptSolid',(#1278));
#1280=IFCCARTESIANPOINT((-176.368941455003,7.85496297682403));
#1281=IFCCARTESIANPOINT((-176.356033778313,7.73259716603206));
#1282=IFCCARTESIANPOINT((-176.372958941647,7.61027162038954));
#1283=IFCCARTESIANPOINT((-176.417561801587,7.49529082042864));
#1284=IFCCARTESIANPOINT((-176.490503254259,7.39469487161841));
#1285=IFCCARTESIANPOINT((-176.583863884123,7.3149089536746));
#1286=IFCCARTESIANPOINT((-176.693683978519,7.25914564775303));
#1287=IFCCARTESIANPOINT((-176.81472799278,7.23215774219716));
#1288=IFCCARTESIANPOINT((-176.937777679821,7.23410039447481));
#1289=IFCCARTESIANPOINT((-212.672457619017,7.25866861717077));
#1290=IFCCARTESIANPOINT((-212.764749209047,7.25071484211367));
#1291=IFCCARTESIANPOINT((-212.856339634367,7.26555379410274));
#1292=IFCCARTESIANPOINT((-212.940826697188,7.30307627300499));
#1293=IFCCARTESIANPOINT((-213.013721970259,7.36086276685819));
#1294=IFCCARTESIANPOINT((-213.070272667712,7.43367772811325));
#1295=IFCCARTESIANPOINT((-213.105990357493,7.51910165051231));
#1296=IFCCARTESIANPOINT((-213.120214145369,7.61009442067007));
#1297=IFCCARTESIANPOINT((-213.11113946556,7.70256414671894));
#1298=IFCCARTESIANPOINT((-213.158989132295,70.7936372241238));
#1299=IFCCARTESIANPOINT((-213.157879824896,70.8953022099449));
#1300=IFCCARTESIANPOINT((-213.134483533533,70.9940879075439));
#1301=IFCCARTESIANPOINT((-213.089811741054,71.0856380624464));
#1302=IFCCARTESIANPOINT((-213.026921874523,71.164694147883));
#1303=IFCCARTESIANPOINT((-212.947727694554,71.2289458582527));
#1304=IFCCARTESIANPOINT((-212.856694659189,71.2730024861521));
#1305=IFCCARTESIANPOINT((-212.75804683243,71.2964674896211));
#1306=IFCCARTESIANPOINT((-212.655876106379,71.2975363081205));
#1307=IFCCARTESIANPOINT((-176.8744900288,71.2823241926963));
#1308=IFCCARTESIANPOINT((-176.769526233285,71.2914675869979));
#1309=IFCCARTESIANPOINT((-176.664999247791,71.275002207607));
#1310=IFCCARTESIANPOINT((-176.566673336929,71.2338073584833));
#1311=IFCCARTESIANPOINT((-176.482623079413,71.1706761115929));
#1312=IFCCARTESIANPOINT((-176.415928886185,71.0881601475412));
#1313=IFCCARTESIANPOINT((-176.3707056157,70.9922651226516));
#1314=IFCCARTESIANPOINT((-176.349660121225,70.8891288663726));
#1315=IFCCARTESIANPOINT((-176.354596952908,70.7828432718525));
#1316=IFCPOLYLINE((#1280,#1281,#1282,#1283,#1284,#1285,#1286,#1287,#1288,#1289,#1290,#1291,#1292,#1293,#1294,#1295,#1296,#1297,#1298,#1299,#1300,#1301,#1302,#1303,#1304,#1305,#1306,#1307,#1308,#1309,#1310,#1311,#1312,#1313,#1314,#1315,#1280));
#1317=IFCARBITRARYCLOSEDPROFILEDEF(.AREA.,$,#1316);
#1318=IFCEXTRUDEDAREASOLID(#1317,#266,#267,0.1);
#1319=IFCSHAPEREPRESENTATION(#10,'Body','SweptSolid',(#1318));
#1320=IFCCARTESIANPOINT((-12.6804684600502,19.8528718713205));
#1321=IFCCARTESIANPOINT((-15.8301635824319,19.8441174198524));
#1322=IFCCARTESIANPOINT((-15.8384327385284,6.98772630043095));
#1323=IFCCARTESIANPOINT((-46.8351909345947,7.0039552761009));
#1324=IFCCARTESIANPOINT((-69.1800176600809,6.73937324102735));
#1325=IFCCARTESIANPOINT((-79.7855493827665,6.76079447567463));
#1326=IFCCARTESIANPOINT((-89.3407881617604,6.73805993009591));
#1327=IFCCARTESIANPOINT((-99.9695953754708,6.75019399280427));
#1328=IFCCARTESIANPOINT((-122.342576422874,6.78552083612885));
#1329=IFCCARTESIANPOINT((-153.299249079631,6.79841073398711));
#1330=IFCCARTESIANPOINT((-153.303709417087,55.7943544665468));
#1331=IFCCARTESIANPOINT((-151.886583397456,55.7917377550039));
#1332=IFCCARTESIANPOINT((-151.819745866378,77.9425385246286));
#1333=IFCCARTESIANPOINT((-153.29768122948,77.9422875429154));
#1334=IFCCARTESIANPOINT((-153.845864411298,84.9240924820188));
#1335=IFCCARTESIANPOINT((-15.8894529033278,85.03919599863));
#1336=IFCCARTESIANPOINT((-15.8642412015179,57.6258153529488));
#1337=IFCCARTESIANPOINT((-15.9166508112685,55.725329564244));
#1338=IFCCARTESIANPOINT((-15.9156911958416,55.6167566427612));
#1339=IFCCARTESIANPOINT((-15.8069860946562,55.616308237717));
#1340=IFCCARTESIANPOINT((-15.8072340548097,54.9607558428543));
#1341=IFCCARTESIANPOINT((-12.6575389330101,54.9695102995611));
#1342=IFCPOLYLINE((#1320,#1321,#1322,#1323,#1324,#1325,#1326,#1327,#1328,#1329,#1330,#1331,#1332,#1333,#1334,#1335,#1336,#1337,#1338,#1339,#1340,#1341,#1320));
#1343=IFCARBITRARYCLOSEDPROFILEDEF(.AREA.,$,#1342);
#1344=IFCEXTRUDEDAREASOLID(#1343,#266,#267,0.1);
#1345=IFCSHAPEREPRESENTATION(#10,'Body','SweptSolid',(#1344));
#1346=IFCCARTESIANPOINT((-318.820300711202,-31.9712433515233));
#1347=IFCCARTESIANPOINT((-321.000924523658,-26.6121221747017));
#1348=IFCCARTESIANPOINT((-321.086239242664,-26.6414376742323));
#1349=IFCCARTESIANPOINT((-321.077962886164,-26.1470607916126));
#1350=IFCCARTESIANPOINT((-310.066345893574,-26.151666731399));
#1351=IFCCARTESIANPOINT((-310.048398535437,-26.6379001056193));
#1352=IFCCARTESIANPOINT((-300.024538091558,-51.2923620716319));
#1353=IFCCARTESIANPOINT((-313.089288911229,-56.6224585089949));
#1354=IFCCARTESIANPOINT((-309.549777983921,-65.2978484959458));
#1355=IFCCARTESIANPOINT((-309.53133581797,-65.3429914492881));
#1356=IFCCARTESIANPOINT((-307.751895072201,-69.7036424454418));
#1357=IFCCARTESIANPOINT((-341.937541528227,-41.3856079568504));
#1358=IFCPOLYLINE((#1346,#1347,#1348,#1349,#1350,#1351,#1352,#1353,#1354,#1355,#1356,#1357,#1346));
#1359=IFCARBITRARYCLOSEDPROFILEDEF(.AREA.,$,#1358);
#1360=IFCEXTRUDEDAREASOLID(#1359,#266,#267,0.1);
#1361=IFCSHAPEREPRESENTATION(#10,'Body','SweptSolid',(#1360));
#1362=IFCCARTESIANPOINT((-296.440688888397,-60.023958078993));
#1363=IFCCARTESIANPOINT((-296.4591310572,-59.9788151232642));
#1364=IFCCARTESIANPOINT((-296.260783652222,-59.8976960293367));
#1365=IFCCARTESIANPOINT((-296.345270494203,-59.6861706763157));
#1366=IFCCARTESIANPOINT((-296.146285169321,-59.6042814770481));
#1367=IFCCARTESIANPOINT((-284.101858595881,-89.2943952326896));
#1368=IFCCARTESIANPOINT((-284.592680617905,-88.8878177246661));
#1369=IFCPOLYLINE((#1362,#1363,#1364,#1365,#1366,#1367,#1368,#1362));
#1370=IFCARBITRARYCLOSEDPROFILEDEF(.AREA.,$,#1369);
#1371=IFCEXTRUDEDAREASOLID(#1370,#266,#267,0.1);
#1372=IFCSHAPEREPRESENTATION(#10,'Body','SweptSolid',(#1371));
#1373=IFCCARTESIANPOINT((-309.53133581797,-65.3429914492881));
#1374=IFCCARTESIANPOINT((-309.549777983921,-65.2978484959458));
#1375=IFCCARTESIANPOINT((-313.089288911229,-56.6224585089949));
#1376=IFCCARTESIANPOINT((-300.024538091558,-51.2923620716319));
#1377=IFCCARTESIANPOINT((-296.4591310572,-59.9788151232642));
#1378=IFCCARTESIANPOINT((-296.440688888397,-60.023958078993));
#1379=IFCPOLYLINE((#1373,#1374,#1375,#1376,#1377,#1378,#1373));
#1380=IFCARBITRARYCLOSEDPROFILEDEF(.AREA.,$,#1379);
#1381=IFCEXTRUDEDAREASOLID(#1380,#266,#267,0.1);
#1382=IFCSHAPEREPRESENTATION(#10,'Body','SweptSolid',(#1381));
#1383=IFCCARTESIANPOINT((-309.53133581797,-65.3429914492881));
#1384=IFCCARTESIANPOINT((-296.440688888397,-60.023958078993));
#1385=IFCCARTESIANPOINT((-284.592680617905,-88.8878177246661));
#1386=IFCCARTESIANPOINT((-307.751895072201,-69.7036424454418));
#1387=IFCPOLYLINE((#1383,#1384,#1385,#1386,#1383));
#1388=IFCARBITRARYCLOSEDPROFILEDEF(.AREA.,$,#1387);
#1389=IFCEXTRUDEDAREASOLID(#1388,#266,#267,0.1);
#1390=IFCSHAPEREPRESENTATION(#10,'Body','SweptSolid',(#1389));
#1391=IFCCARTESIANPOINT((-261.764450645103,75.4131172664347));
#1392=IFCCARTESIANPOINT((-246.116220625496,75.367224474554));
#1393=IFCCARTESIANPOINT((-243.150976501143,75.3586633583182));
#1394=IFCCARTESIANPOINT((-235.01604765738,75.3347108348389));
#1395=IFCCARTESIANPOINT((-235.010893084749,74.9317921949551));
#1396=IFCCARTESIANPOINT((-231.107652957697,74.9253505355446));
#1397=IFCCARTESIANPOINT((-231.103535378934,68.0423262685072));
#1398=IFCCARTESIANPOINT((-230.098304855317,68.0393940000213));
#1399=IFCCARTESIANPOINT((-230.076483567274,67.8901665518642));
#1400=IFCCARTESIANPOINT((-231.106794141961,67.8879035355058));
#1401=IFCCARTESIANPOINT((-231.106515605497,65.4866903184447));
#1402=IFCCARTESIANPOINT((-230.077613053698,65.4888211522484));
#1403=IFCCARTESIANPOINT((-230.106446234393,65.2361184671172));
#1404=IFCCARTESIANPOINT((-231.106418226002,65.2359933090047));
#1405=IFCCARTESIANPOINT((-231.102991680935,39.2651463405928));
#1406=IFCCARTESIANPOINT((-230.088939460489,39.2665932953241));
#1407=IFCCARTESIANPOINT((-230.090255792602,39.0612173804548));
#1408=IFCCARTESIANPOINT((-231.102899989695,39.0599026030977));
#1409=IFCCARTESIANPOINT((-231.102189889149,37.0777571747894));
#1410=IFCCARTESIANPOINT((-230.095815704932,37.0777731322451));
#1411=IFCCARTESIANPOINT((-230.09713203946,36.8723972145235));
#1412=IFCCARTESIANPOINT((-231.102759100293,36.8795535526006));
#1413=IFCCARTESIANPOINT((-231.111145902862,17.4046510469052));
#1414=IFCCARTESIANPOINT((-230.11040380827,17.4041382822325));
#1415=IFCCARTESIANPOINT((-230.087300988816,17.2109977651853));
#1416=IFCCARTESIANPOINT((-231.099439445679,17.2118611136684));
#1417=IFCCARTESIANPOINT((-231.09904579373,14.9455996867036));
#1418=IFCCARTESIANPOINT((-230.09152794609,14.9485638677725));
#1419=IFCCARTESIANPOINT((-230.12678629611,14.7037805991713));
#1420=IFCCARTESIANPOINT((-231.122160658095,14.707638129883));
#1421=IFCCARTESIANPOINT((-231.104118454357,7.48714815237326));
#1422=IFCCARTESIANPOINT((-234.712328986818,7.48293443996226));
#1423=IFCCARTESIANPOINT((-234.720728592802,4.98502742726123));
#1424=IFCCARTESIANPOINT((-295.845127205248,4.9740769379423));
#1425=IFCCARTESIANPOINT((-295.844771822478,4.24400853645056));
#1426=IFCCARTESIANPOINT((-310.485984051629,4.24523411109112));
#1427=IFCCARTESIANPOINT((-310.479167138838,4.97455538919894));
#1428=IFCCARTESIANPOINT((-320.503728739102,4.98407220205991));
#1429=IFCCARTESIANPOINT((-261.760911653895,75.8986400021822));
#1430=IFCPOLYLINE((#1391,#1392,#1393,#1394,#1395,#1396,#1397,#1398,#1399,#1400,#1401,#1402,#1403,#1404,#1405,#1406,#1407,#1408,#1409,#1410,#1411,#1412,#1413,#1414,#1415,#1416,#1417,#1418,#1419,#1420,#1421,#1422,#1423,#1424,#1425,#1426,#1427,#1428,#1429,#1391));
#1431=IFCARBITRARYCLOSEDPROFILEDEF(.AREA.,$,#1430);
#1432=IFCEXTRUDEDAREASOLID(#1431,#266,#267,0.1);
#1433=IFCSHAPEREPRESENTATION(#10,'Body','SweptSolid',(#1432));
#1434=IFCCARTESIANPOINT((-243.395893147885,92.4554215554963));
#1435=IFCCARTESIANPOINT((-243.150976501143,75.3586633583182));
#1436=IFCCARTESIANPOINT((-246.116220625496,75.367224474554));
#1437=IFCCARTESIANPOINT((-261.764450645103,75.4131172664347));
#1438=IFCCARTESIANPOINT((-261.760911653895,75.8986400021822));
#1439=IFCCARTESIANPOINT((-248.046727201465,92.4544592738966));
#1440=IFCPOLYLINE((#1434,#1435,#1436,#1437,#1438,#1439,#1434));
#1441=IFCARBITRARYCLOSEDPROFILEDEF(.AREA.,$,#1440);
#1442=IFCEXTRUDEDAREASOLID(#1441,#266,#267,0.1);
#1443=IFCSHAPEREPRESENTATION(#10,'Body','SweptSolid',(#1442));
#1444=IFCCARTESIANPOINT((75.4599348287447,260.360603507899));
#1445=IFCCARTESIANPOINT((75.0447923884203,260.462964417122));
#1446=IFCCARTESIANPOINT((74.6525002316048,260.632100055285));
#1447=IFCCARTESIANPOINT((74.2920352164365,260.863171414763));
#1448=IFCCARTESIANPOINT((73.9740465798823,261.148655608122));
#1449=IFCCARTESIANPOINT((73.7068732591288,261.48294353293));
#1450=IFCCARTESIANPOINT((73.4978427042079,261.856069821282));
#1451=IFCCARTESIANPOINT((73.3514663234237,262.257804756227));
#1452=IFCCARTESIANPOINT((73.2736635490728,262.67805078777));
#1453=IFCCARTESIANPOINT((73.2640837917279,263.105411558354));
#1454=IFCCARTESIANPOINT((73.2994203137059,263.913692215341));
#1455=IFCCARTESIANPOINT((77.8489645954978,260.14503006509));
#1456=IFCPOLYLINE((#1444,#1445,#1446,#1447,#1448,#1449,#1450,#1451,#1452,#1453,#1454,#1455,#1444));
#1457=IFCARBITRARYCLOSEDPROFILEDEF(.AREA.,$,#1456);
#1458=IFCEXTRUDEDAREASOLID(#1457,#266,#267,0.1);
#1459=IFCSHAPEREPRESENTATION(#10,'Body','SweptSolid',(#1458));
#1460=IFCCARTESIANPOINT((73.2640837917279,263.105411558354));
#1461=IFCCARTESIANPOINT((73.2736635490728,262.67805078777));
#1462=IFCCARTESIANPOINT((73.3514663234237,262.257804756227));
#1463=IFCCARTESIANPOINT((73.4978427042079,261.856069821282));
#1464=IFCCARTESIANPOINT((73.7068732591288,261.48294353293));
#1465=IFCCARTESIANPOINT((73.9740465798823,261.148655608122));
#1466=IFCCARTESIANPOINT((74.2920352164365,260.863171414763));
#1467=IFCCARTESIANPOINT((74.6525002316048,260.632100055285));
#1468=IFCCARTESIANPOINT((75.0447923884203,260.462964417122));
#1469=IFCCARTESIANPOINT((75.4599348287447,260.360603507899));
#1470=IFCCARTESIANPOINT((59.8354302570515,261.742508687137));
#1471=IFCCARTESIANPOINT((60.2872850265994,261.869442794763));
#1472=IFCCARTESIANPOINT((60.7126862986479,262.066335552139));
#1473=IFCCARTESIANPOINT((61.1012721708976,262.330083576438));
#1474=IFCCARTESIANPOINT((61.4418014407565,262.651819207415));
#1475=IFCCARTESIANPOINT((61.7271247918543,263.024479355197));
#1476=IFCCARTESIANPOINT((61.9489492423309,263.438052698562));
#1477=IFCCARTESIANPOINT((62.1019300433109,263.881384263921));
#1478=IFCCARTESIANPOINT((62.1813603547344,264.344089163758));
#1479=IFCCARTESIANPOINT((62.5493105617061,272.818657025753));
#1480=IFCCARTESIANPOINT((73.2994203137059,263.913692215341));
#1481=IFCPOLYLINE((#1460,#1461,#1462,#1463,#1464,#1465,#1466,#1467,#1468,#1469,#1470,#1471,#1472,#1473,#1474,#1475,#1476,#1477,#1478,#1479,#1480,#1460));
#1482=IFCARBITRARYCLOSEDPROFILEDEF(.AREA.,$,#1481);
#1483=IFCEXTRUDEDAREASOLID(#1482,#266,#267,0.1);
#1484=IFCSHAPEREPRESENTATION(#10,'Body','SweptSolid',(#1483));
#1485=IFCCARTESIANPOINT((25.4796146480658,285.867010480317));
#1486=IFCCARTESIANPOINT((25.1250228824501,285.929601854645));
#1487=IFCCARTESIANPOINT((24.7861320814991,286.051904865308));
#1488=IFCCARTESIANPOINT((24.4738328697567,286.231390805566));
#1489=IFCCARTESIANPOINT((24.1965963626571,286.461042539042));
#1490=IFCCARTESIANPOINT((23.962761495437,286.735250955273));
#1491=IFCCARTESIANPOINT((23.7801614613563,287.046228809806));
#1492=IFCCARTESIANPOINT((23.6526697429072,287.382976285124));
#1493=IFCCARTESIANPOINT((23.5860735946335,287.736803859822));
#1494=IFCCARTESIANPOINT((23.5844874328759,287.753700134403));
#1495=IFCCARTESIANPOINT((23.5827690937731,287.772004432394));
#1496=IFCCARTESIANPOINT((22.886982005497,292.482887291408));
#1497=IFCCARTESIANPOINT((19.6291972488107,308.371977645613));
#1498=IFCCARTESIANPOINT((46.4456460760848,286.158294375695));
#1499=IFCPOLYLINE((#1485,#1486,#1487,#1488,#1489,#1490,#1491,#1492,#1493,#1494,#1495,#1496,#1497,#1498,#1485));
#1500=IFCARBITRARYCLOSEDPROFILEDEF(.AREA.,$,#1499);
#1501=IFCEXTRUDEDAREASOLID(#1500,#266,#267,0.1);
#1502=IFCSHAPEREPRESENTATION(#10,'Body','SweptSolid',(#1501));
#1503=IFCCARTESIANPOINT((25.3686917305167,281.790612426063));
#1504=IFCCARTESIANPOINT((25.0972076721373,281.762285653967));
#1505=IFCCARTESIANPOINT((24.8420565921406,281.665891018871));
#1506=IFCCARTESIANPOINT((24.6188359399384,281.509284695087));
#1507=IFCCARTESIANPOINT((24.4430109934474,281.301730875217));
#1508=IFCCARTESIANPOINT((24.3240183898306,281.056189106253));
#1509=IFCCARTESIANPOINT((24.2702603173675,280.78907289746));
#1510=IFCCARTESIANPOINT((23.5860735946335,287.736803859822));
#1511=IFCCARTESIANPOINT((23.6526697429072,287.382976285124));
#1512=IFCCARTESIANPOINT((23.7801614613563,287.046228809806));
#1513=IFCCARTESIANPOINT((23.962761495437,286.735250955273));
#1514=IFCCARTESIANPOINT((24.1965963626571,286.461042539042));
#1515=IFCCARTESIANPOINT((24.4738328697567,286.231390805566));
#1516=IFCCARTESIANPOINT((24.7861320814991,286.051904865308));
#1517=IFCCARTESIANPOINT((25.1250228824501,285.929601854645));
#1518=IFCCARTESIANPOINT((25.4796146480658,285.867010480317));
#1519=IFCCARTESIANPOINT((46.4456460760848,286.158294375695));
#1520=IFCCARTESIANPOINT((51.6034560274275,281.885769054992));
#1521=IFCPOLYLINE((#1503,#1504,#1505,#1506,#1507,#1508,#1509,#1510,#1511,#1512,#1513,#1514,#1515,#1516,#1517,#1518,#1519,#1520,#1503));
#1522=IFCARBITRARYCLOSEDPROFILEDEF(.AREA.,$,#1521);
#1523=IFCEXTRUDEDAREASOLID(#1522,#266,#267,0.1);
#1524=IFCSHAPEREPRESENTATION(#10,'Body','SweptSolid',(#1523));
#1525=IFCCARTESIANPOINT((62.1813603547344,264.344089163758));
#1526=IFCCARTESIANPOINT((62.1019300433109,263.881384263921));
#1527=IFCCARTESIANPOINT((61.9489492423309,263.438052698562));
#1528=IFCCARTESIANPOINT((61.7271247918543,263.024479355197));
#1529=IFCCARTESIANPOINT((61.4418014407565,262.651819207415));
#1530=IFCCARTESIANPOINT((61.1012721708976,262.330083576438));
#1531=IFCCARTESIANPOINT((60.7126862986479,262.066335552139));
#1532=IFCCARTESIANPOINT((60.2872850265994,261.869442794763));
#1533=IFCCARTESIANPOINT((59.8354302570515,261.742508687137));
#1534=IFCCARTESIANPOINT((39.0318796150677,263.579970429826));
#1535=IFCCARTESIANPOINT((26.8541568620712,264.695967550972));
#1536=IFCCARTESIANPOINT((26.0437105733727,264.772582263162));
#1537=IFCCARTESIANPOINT((25.3711010586412,264.825915575202));
#1538=IFCCARTESIANPOINT((25.0810082980897,264.942856544396));
#1539=IFCCARTESIANPOINT((24.8198174327554,265.115066677157));
#1540=IFCCARTESIANPOINT((24.5986834336363,265.337201221962));
#1541=IFCCARTESIANPOINT((24.4264739691862,265.598018974299));
#1542=IFCCARTESIANPOINT((24.3097463808372,265.888192493818));
#1543=IFCCARTESIANPOINT((24.511253348348,273.947461438947));
#1544=IFCCARTESIANPOINT((24.4751433376223,277.343164028542));
#1545=IFCCARTESIANPOINT((24.2702603173675,280.78907289746));
#1546=IFCCARTESIANPOINT((24.3240183898306,281.056189106253));
#1547=IFCCARTESIANPOINT((24.4430109934474,281.301730875217));
#1548=IFCCARTESIANPOINT((24.6188359399384,281.509284695087));
#1549=IFCCARTESIANPOINT((24.8420565921406,281.665891018871));
#1550=IFCCARTESIANPOINT((25.0972076721373,281.762285653967));
#1551=IFCCARTESIANPOINT((25.3686917305167,281.790612426063));
#1552=IFCCARTESIANPOINT((51.6034560274275,281.885769054992));
#1553=IFCCARTESIANPOINT((62.5493105617061,272.818657025753));
#1554=IFCPOLYLINE((#1525,#1526,#1527,#1528,#1529,#1530,#1531,#1532,#1533,#1534,#1535,#1536,#1537,#1538,#1539,#1540,#1541,#1542,#1543,#1544,#1545,#1546,#1547,#1548,#1549,#1550,#1551,#1552,#1553,#1525));
#1555=IFCARBITRARYCLOSEDPROFILEDEF(.AREA.,$,#1554);
#1556=IFCEXTRUDEDAREASOLID(#1555,#266,#267,0.1);
#1557=IFCSHAPEREPRESENTATION(#10,'Body','SweptSolid',(#1556));
#1558=IFCCARTESIANPOINT((22.886982005497,292.482887291408));
#1559=IFCCARTESIANPOINT((23.5827690937731,287.772004432394));
#1560=IFCCARTESIANPOINT((23.5844874328759,287.753700134403));
#1561=IFCCARTESIANPOINT((23.5860735946335,287.736803859822));
#1562=IFCCARTESIANPOINT((24.2702603173675,280.78907289746));
#1563=IFCCARTESIANPOINT((24.4751433376223,277.343164028542));
#1564=IFCCARTESIANPOINT((24.511253348348,273.947461438947));
#1565=IFCCARTESIANPOINT((24.3097463808372,265.888192493818));
#1566=IFCCARTESIANPOINT((24.4264739691862,265.598018974299));
#1567=IFCCARTESIANPOINT((24.5986834336363,265.337201221962));
#1568=IFCCARTESIANPOINT((24.8198174327554,265.115066677157));
#1569=IFCCARTESIANPOINT((25.0810082980897,264.942856544396));
#1570=IFCCARTESIANPOINT((25.3711010586412,264.825915575202));
#1571=IFCCARTESIANPOINT((11.990719953581,265.8993229841));
#1572=IFCCARTESIANPOINT((12.3800700196589,266.03388348344));
#1573=IFCCARTESIANPOINT((12.7363000333426,266.241327876516));
#1574=IFCCARTESIANPOINT((13.046760770696,266.512656333856));
#1575=IFCCARTESIANPOINT((13.2989351806755,266.837460991635));
#1576=IFCCARTESIANPOINT((13.4845302862523,267.205730533984));
#1577=IFCCARTESIANPOINT((13.5964197505382,267.602591653063));
#1578=IFCCARTESIANPOINT((13.6310633801622,268.012797482661));
#1579=IFCCARTESIANPOINT((14.3954952750937,278.571604889759));
#1580=IFCCARTESIANPOINT((5.93405409451225,319.716491392639));
#1581=IFCCARTESIANPOINT((19.6291972488107,308.371977645613));
#1582=IFCPOLYLINE((#1558,#1559,#1560,#1561,#1562,#1563,#1564,#1565,#1566,#1567,#1568,#1569,#1570,#1571,#1572,#1573,#1574,#1575,#1576,#1577,#1578,#1579,#1580,#1581,#1558));
#1583=IFCARBITRARYCLOSEDPROFILEDEF(.AREA.,$,#1582);
#1584=IFCEXTRUDEDAREASOLID(#1583,#266,#267,0.1);
#1585=IFCSHAPEREPRESENTATION(#10,'Body','SweptSolid',(#1584));
#1586=IFCCARTESIANPOINT((14.3954952750937,278.571604889759));
#1587=IFCCARTESIANPOINT((13.6310633801622,268.012797482661));
#1588=IFCCARTESIANPOINT((13.5964197505382,267.602591653063));
#1589=IFCCARTESIANPOINT((13.4845302862523,267.205730533984));
#1590=IFCCARTESIANPOINT((13.2989351806755,266.837460991635));
#1591=IFCCARTESIANPOINT((13.046760770696,266.512656333856));
#1592=IFCCARTESIANPOINT((12.7363000333426,266.241327876516));
#1593=IFCCARTESIANPOINT((12.3800700196589,266.03388348344));
#1594=IFCCARTESIANPOINT((11.990719953581,265.8993229841));
#1595=IFCCARTESIANPOINT((-21.3794721648155,268.963286268467));
#1596=IFCCARTESIANPOINT((-23.048788996035,269.299466755299));
#1597=IFCCARTESIANPOINT((-23.5129305842274,269.432028377254));
#1598=IFCCARTESIANPOINT((-23.9484805986576,269.638295642915));
#1599=IFCCARTESIANPOINT((-24.3450541573402,269.913561716792));
#1600=IFCCARTESIANPOINT((-24.6899560786842,270.251206007379));
#1601=IFCCARTESIANPOINT((-24.9757267223031,270.639855127316));
#1602=IFCCARTESIANPOINT((-25.1923547801271,271.071216096054));
#1603=IFCCARTESIANPOINT((-25.3357023988792,271.531473045645));
#1604=IFCCARTESIANPOINT((-39.4704791483528,340.059951331408));
#1605=IFCCARTESIANPOINT((-39.5146848003496,340.462755082408));
#1606=IFCCARTESIANPOINT((-39.4895007923187,340.867811577686));
#1607=IFCCARTESIANPOINT((-39.3973236464954,341.262822178018));
#1608=IFCCARTESIANPOINT((-39.2385039543442,341.63639051764));
#1609=IFCCARTESIANPOINT((-39.0191565642599,341.977999538358));
#1610=IFCCARTESIANPOINT((-38.7446262348967,342.27649426047));
#1611=IFCCARTESIANPOINT((-38.4242404052929,342.525317326945));
#1612=IFCCARTESIANPOINT((-38.0656541297503,342.715227525041));
#1613=IFCCARTESIANPOINT((-37.6806373361906,342.842989291647));
#1614=IFCCARTESIANPOINT((-37.2792875643645,342.902683195367));
#1615=IFCCARTESIANPOINT((-25.2289937695896,345.530725016084));
#1616=IFCCARTESIANPOINT((5.93405409451225,319.716491392639));
#1617=IFCPOLYLINE((#1586,#1587,#1588,#1589,#1590,#1591,#1592,#1593,#1594,#1595,#1596,#1597,#1598,#1599,#1600,#1601,#1602,#1603,#1604,#1605,#1606,#1607,#1608,#1609,#1610,#1611,#1612,#1613,#1614,#1615,#1616,#1586));
#1618=IFCARBITRARYCLOSEDPROFILEDEF(.AREA.,$,#1617);
#1619=IFCEXTRUDEDAREASOLID(#1618,#266,#267,0.1);
#1620=IFCSHAPEREPRESENTATION(#10,'Body','SweptSolid',(#1619));
#1621=IFCCARTESIANPOINT((-37.2792875643645,342.902683195367));
#1622=IFCCARTESIANPOINT((-37.6806373361906,342.842989291647));
#1623=IFCCARTESIANPOINT((-38.0656541297503,342.715227525041));
#1624=IFCCARTESIANPOINT((-38.4242404052929,342.525317326945));
#1625=IFCCARTESIANPOINT((-38.7446262348967,342.27649426047));
#1626=IFCCARTESIANPOINT((-39.0191565642599,341.977999538358));
#1627=IFCCARTESIANPOINT((-39.2385039543442,341.63639051764));
#1628=IFCCARTESIANPOINT((-39.3973236464954,341.262822178018));
#1629=IFCCARTESIANPOINT((-39.4895007923187,340.867811577686));
#1630=IFCCARTESIANPOINT((-39.5146848003496,340.462755082408));
#1631=IFCCARTESIANPOINT((-39.4704791483528,340.059951331408));
#1632=IFCCARTESIANPOINT((-25.3357023988792,271.531473045645));
#1633=IFCCARTESIANPOINT((-25.1923547801271,271.071216096054));
#1634=IFCCARTESIANPOINT((-24.9757267223031,270.639855127316));
#1635=IFCCARTESIANPOINT((-24.6899560786842,270.251206007379));
#1636=IFCCARTESIANPOINT((-24.3450541573402,269.913561716792));
#1637=IFCCARTESIANPOINT((-23.9484805986576,269.638295642915));
#1638=IFCCARTESIANPOINT((-23.5129305842274,269.432028377254));
#1639=IFCCARTESIANPOINT((-23.048788996035,269.299466755299));
#1640=IFCCARTESIANPOINT((-21.3794721648155,268.963286268467));
#1641=IFCCARTESIANPOINT((-42.2441825103015,270.960486827476));
#1642=IFCCARTESIANPOINT((-40.7247704288166,271.267893603886));
#1643=IFCCARTESIANPOINT((-40.4116144484433,271.449987897708));
#1644=IFCCARTESIANPOINT((-40.1344578115095,271.682679103862));
#1645=IFCCARTESIANPOINT((-39.8996797257278,271.958266204863));
#1646=IFCCARTESIANPOINT((-39.7151996133907,272.270324036304));
#1647=IFCCARTESIANPOINT((-39.5871323329338,272.608335533703));
#1648=IFCCARTESIANPOINT((-39.5175008455117,272.963588198822));
#1649=IFCCARTESIANPOINT((-39.5081959382223,273.32596151263));
#1650=IFCCARTESIANPOINT((-39.5609762174718,273.683926930127));
#1651=IFCCARTESIANPOINT((-39.5942167594621,278.41084316239));
#1652=IFCCARTESIANPOINT((-39.7653010072245,286.732004813559));
#1653=IFCCARTESIANPOINT((-41.8985854724015,297.412244948733));
#1654=IFCCARTESIANPOINT((-49.1559150384564,332.556256970973));
#1655=IFCCARTESIANPOINT((-33.0451102338557,352.005286083266));
#1656=IFCCARTESIANPOINT((-25.2289937695896,345.530725016084));
#1657=IFCPOLYLINE((#1621,#1622,#1623,#1624,#1625,#1626,#1627,#1628,#1629,#1630,#1631,#1632,#1633,#1634,#1635,#1636,#1637,#1638,#1639,#1640,#1641,#1642,#1643,#1644,#1645,#1646,#1647,#1648,#1649,#1650,#1651,#1652,#1653,#1654,#1655,#1656,#1621));
#1658=IFCARBITRARYCLOSEDPROFILEDEF(.AREA.,$,#1657);
#1659=IFCEXTRUDEDAREASOLID(#1658,#266,#267,0.1);
#1660=IFCSHAPEREPRESENTATION(#10,'Body','SweptSolid',(#1659));
#1661=IFCCARTESIANPOINT((-65.9755566682143,301.126323558332));
#1662=IFCCARTESIANPOINT((-77.0384280698199,298.896373790165));
#1663=IFCCARTESIANPOINT((-67.7874993224686,310.064132614469));
#1664=IFCPOLYLINE((#1661,#1662,#1663,#1661));
#1665=IFCARBITRARYCLOSEDPROFILEDEF(.AREA.,$,#1664);
#1666=IFCEXTRUDEDAREASOLID(#1665,#266,#267,0.1);
#1667=IFCSHAPEREPRESENTATION(#10,'Body','SweptSolid',(#1666));
#1668=IFCCARTESIANPOINT((-65.9755566682143,301.126323558332));
#1669=IFCCARTESIANPOINT((-67.7874993224686,310.064132614469));
#1670=IFCCARTESIANPOINT((-49.1559150384564,332.556256970973));
#1671=IFCCARTESIANPOINT((-41.8985854724015,297.412244948733));
#1672=IFCCARTESIANPOINT((-39.7653010072245,286.732004813559));
#1673=IFCCARTESIANPOINT((-39.5942167594621,278.41084316239));
#1674=IFCCARTESIANPOINT((-39.5609762174718,273.683926930127));
#1675=IFCCARTESIANPOINT((-39.5081959382223,273.32596151263));
#1676=IFCCARTESIANPOINT((-39.5175008455117,272.963588198822));
#1677=IFCCARTESIANPOINT((-39.5871323329338,272.608335533703));
#1678=IFCCARTESIANPOINT((-39.7151996133907,272.270324036304));
#1679=IFCCARTESIANPOINT((-39.8996797257278,271.958266204863));
#1680=IFCCARTESIANPOINT((-40.1344578115095,271.682679103862));
#1681=IFCCARTESIANPOINT((-40.4116144484433,271.449987897708));
#1682=IFCCARTESIANPOINT((-40.7247704288166,271.267893603886));
#1683=IFCCARTESIANPOINT((-42.2441825103015,270.960486827476));
#1684=IFCCARTESIANPOINT((-43.9820042334904,271.080722696148));
#1685=IFCCARTESIANPOINT((-45.5209384555055,271.185539022379));
#1686=IFCCARTESIANPOINT((-49.4964300261636,271.379086877976));
#1687=IFCCARTESIANPOINT((-57.4717749843549,271.647420221299));
#1688=IFCCARTESIANPOINT((-69.1790642644046,271.754329958872));
#1689=IFCCARTESIANPOINT((-76.2797460265865,271.617565423541));
#1690=IFCCARTESIANPOINT((-85.1484276892443,271.19622163946));
#1691=IFCCARTESIANPOINT((-94.3360068462498,270.411849774944));
#1692=IFCCARTESIANPOINT((-100.407884322543,269.831901588535));
#1693=IFCCARTESIANPOINT((-101.163441310928,269.772559644829));
#1694=IFCCARTESIANPOINT((-77.0384280698199,298.896373790165));
#1695=IFCPOLYLINE((#1668,#1669,#1670,#1671,#1672,#1673,#1674,#1675,#1676,#1677,#1678,#1679,#1680,#1681,#1682,#1683,#1684,#1685,#1686,#1687,#1688,#1689,#1690,#1691,#1692,#1693,#1694,#1668));
#1696=IFCARBITRARYCLOSEDPROFILEDEF(.AREA.,$,#1695);
#1697=IFCEXTRUDEDAREASOLID(#1696,#266,#267,0.1);
#1698=IFCSHAPEREPRESENTATION(#10,'Body','SweptSolid',(#1697));
#1699=IFCCARTESIANPOINT((234.94619282955,126.185144407908));
#1700=IFCCARTESIANPOINT((234.880651232728,124.265670442546));
#1701=IFCCARTESIANPOINT((234.57259884596,124.26373983518));
#1702=IFCCARTESIANPOINT((234.151043368649,129.374650221958));
#1703=IFCCARTESIANPOINT((232.489866138436,131.122083252762));
#1704=IFCCARTESIANPOINT((230.175647489872,132.495006063895));
#1705=IFCCARTESIANPOINT((227.576433094393,133.514475307893));
#1706=IFCCARTESIANPOINT((218.382618948468,133.152096484264));
#1707=IFCCARTESIANPOINT((217.282136790134,132.891119439097));
#1708=IFCCARTESIANPOINT((187.339140794007,131.335844287474));
#1709=IFCCARTESIANPOINT((118.436118196143,131.661409669498));
#1710=IFCCARTESIANPOINT((-213.911217005225,133.662986074574));
#1711=IFCCARTESIANPOINT((-127.510321963549,237.966498119815));
#1712=IFCCARTESIANPOINT((-121.44563899684,239.385827816266));
#1713=IFCCARTESIANPOINT((-109.406415605074,241.477657204028));
#1714=IFCCARTESIANPOINT((-100.263375171606,242.865082385018));
#1715=IFCCARTESIANPOINT((-90.6916871920112,243.824715231371));
#1716=IFCCARTESIANPOINT((-83.9741537506052,244.373657357646));
#1717=IFCCARTESIANPOINT((-80.5006188295956,244.632269338414));
#1718=IFCCARTESIANPOINT((-72.2308066818514,244.979638098564));
#1719=IFCCARTESIANPOINT((-65.1618715285149,245.114132595481));
#1720=IFCCARTESIANPOINT((-59.6016760148632,245.099890095356));
#1721=IFCCARTESIANPOINT((-53.0874504546518,244.947229126235));
#1722=IFCCARTESIANPOINT((-43.7733864866605,244.47502962529));
#1723=IFCCARTESIANPOINT((-33.0760240679665,243.573749239556));
#1724=IFCCARTESIANPOINT((-20.2190022734285,242.393683340633));
#1725=IFCCARTESIANPOINT((24.6680040729407,238.293722459988));
#1726=IFCCARTESIANPOINT((32.2031948096992,237.57711547357));
#1727=IFCCARTESIANPOINT((113.76005337949,230.397707544384));
#1728=IFCCARTESIANPOINT((235.008571906452,129.960240791959));
#1729=IFCPOLYLINE((#1699,#1700,#1701,#1702,#1703,#1704,#1705,#1706,#1707,#1708,#1709,#1710,#1711,#1712,#1713,#1714,#1715,#1716,#1717,#1718,#1719,#1720,#1721,#1722,#1723,#1724,#1725,#1726,#1727,#1728,#1699));
#1730=IFCARBITRARYCLOSEDPROFILEDEF(.AREA.,$,#1729);
#1731=IFCEXTRUDEDAREASOLID(#1730,#266,#267,0.1);
#1732=IFCSHAPEREPRESENTATION(#10,'Body','SweptSolid',(#1731));
#1733=IFCCARTESIANPOINT((234.880651232728,124.265670442546));
#1734=IFCCARTESIANPOINT((234.94619282955,126.185144407908));
#1735=IFCCARTESIANPOINT((235.008571906452,129.960240791959));
#1736=IFCCARTESIANPOINT((241.841243739444,124.300326275988));
#1737=IFCPOLYLINE((#1733,#1734,#1735,#1736,#1733));
#1738=IFCARBITRARYCLOSEDPROFILEDEF(.AREA.,$,#1737);
#1739=IFCEXTRUDEDAREASOLID(#1738,#266,#267,0.1);
#1740=IFCSHAPEREPRESENTATION(#10,'Body','SweptSolid',(#1739));
#1741=IFCCARTESIANPOINT((228.290826045355,94.9316000807448));
#1742=IFCCARTESIANPOINT((228.987412436574,95.0843495416921));
#1743=IFCCARTESIANPOINT((229.664453265927,95.3091265753028));
#1744=IFCCARTESIANPOINT((230.314270500618,95.6045001767925));
#1745=IFCCARTESIANPOINT((230.929450456082,95.9662233043928));
#1746=IFCCARTESIANPOINT((231.501809364418,96.3906868281192));
#1747=IFCCARTESIANPOINT((232.026749587938,96.8739080608357));
#1748=IFCCARTESIANPOINT((232.497759733029,97.409594015975));
#1749=IFCCARTESIANPOINT((232.910374355357,97.9923539793235));
#1750=IFCCARTESIANPOINT((233.258214230969,98.6144869375275));
#1751=IFCCARTESIANPOINT((233.538221938215,99.2707343642251));
#1752=IFCCARTESIANPOINT((233.747604410193,99.9530216812855));
#1753=IFCCARTESIANPOINT((233.884338678123,100.652636387094));
#1754=IFCCARTESIANPOINT((233.946137417428,101.363682037394));
#1755=IFCCARTESIANPOINT((234.723888549488,96.558932808286));
#1756=IFCCARTESIANPOINT((231.38608948249,93.7271677448298));
#1757=IFCCARTESIANPOINT((211.358081047161,93.6431487335358));
#1758=IFCCARTESIANPOINT((199.158569807507,93.5916364286677));
#1759=IFCCARTESIANPOINT((179.98955294161,93.5115530379117));
#1760=IFCCARTESIANPOINT((169.844369859231,93.4710781589965));
#1761=IFCCARTESIANPOINT((164.520928995131,93.437234939076));
#1762=IFCCARTESIANPOINT((164.498602184904,93.7582871379564));
#1763=IFCCARTESIANPOINT((164.480541048077,95.1535859575379));
#1764=IFCCARTESIANPOINT((227.581469845405,94.8543551382027));
#1765=IFCPOLYLINE((#1741,#1742,#1743,#1744,#1745,#1746,#1747,#1748,#1749,#1750,#1751,#1752,#1753,#1754,#1755,#1756,#1757,#1758,#1759,#1760,#1761,#1762,#1763,#1764,#1741));
#1766=IFCARBITRARYCLOSEDPROFILEDEF(.AREA.,$,#1765);
#1767=IFCEXTRUDEDAREASOLID(#1766,#266,#267,0.1);
#1768=IFCSHAPEREPRESENTATION(#10,'Body','SweptSolid',(#1767));
#1769=IFCCARTESIANPOINT((-21.3702483230445,-28.1467841034173));
#1770=IFCCARTESIANPOINT((-9.30668649580912,-57.7410751424613));
#1771=IFCCARTESIANPOINT((-22.0858844023023,-62.9506164643099));
#1772=IFCCARTESIANPOINT((-28.8651017825759,-46.3195491276565));
#1773=IFCCARTESIANPOINT((-32.4118381612352,-47.7654115260229));
#1774=IFCCARTESIANPOINT((-36.707379865722,-36.9678487236961));
#1775=IFCCARTESIANPOINT((-33.0125021481363,-35.4356373701594));
#1776=IFCCARTESIANPOINT((-33.9127316296508,-33.2602411116823));
#1777=IFCPOLYLINE((#1769,#1770,#1771,#1772,#1773,#1774,#1775,#1776,#1769));
#1778=IFCARBITRARYCLOSEDPROFILEDEF(.AREA.,$,#1777);
#1779=IFCEXTRUDEDAREASOLID(#1778,#266,#267,0.1);
#1780=IFCSHAPEREPRESENTATION(#10,'Body','SweptSolid',(#1779));
#1781=IFCCARTESIANPOINT((211.358081047161,93.6431487335358));
#1782=IFCCARTESIANPOINT((211.364211147709,78.5907019083388));
#1783=IFCCARTESIANPOINT((199.164562039572,78.5860509011545));
#1784=IFCCARTESIANPOINT((199.158569807507,93.5916364286677));
#1785=IFCPOLYLINE((#1781,#1782,#1783,#1784,#1781));
#1786=IFCARBITRARYCLOSEDPROFILEDEF(.AREA.,$,#1785);
#1787=IFCEXTRUDEDAREASOLID(#1786,#266,#267,0.1);
#1788=IFCSHAPEREPRESENTATION(#10,'Body','SweptSolid',(#1787));
#1789=IFCCARTESIANPOINT((9.63619016067241,9.62918462656671));
#1790=IFCCARTESIANPOINT((9.63512085509137,18.3484026991646));
#1791=IFCCARTESIANPOINT((6.38525499132811,18.3551021433668));
#1792=IFCCARTESIANPOINT((6.38120234987582,44.5822782113682));
#1793=IFCCARTESIANPOINT((9.6307578945416,44.5940152500989));
#1794=IFCCARTESIANPOINT((9.59835301045678,55.6518729031668));
#1795=IFCCARTESIANPOINT((32.12865337517,55.6732173400815));
#1796=IFCCARTESIANPOINT((32.1286131076049,55.6433844972053));
#1797=IFCCARTESIANPOINT((35.5287006114377,55.6252195368288));
#1798=IFCCARTESIANPOINT((35.5479842122295,21.4358243652387));
#1799=IFCCARTESIANPOINT((32.1486265432613,21.4235185652506));
#1800=IFCCARTESIANPOINT((32.1546803326055,9.61746065522311));
#1801=IFCPOLYLINE((#1789,#1790,#1791,#1792,#1793,#1794,#1795,#1796,#1797,#1798,#1799,#1800,#1789));
#1802=IFCARBITRARYCLOSEDPROFILEDEF(.AREA.,$,#1801);
#1803=IFCEXTRUDEDAREASOLID(#1802,#266,#267,0.1);
#1804=IFCSHAPEREPRESENTATION(#10,'Body','SweptSolid',(#1803));
#1805=IFCCARTESIANPOINT((54.3748261409637,55.6117818976636));
#1806=IFCCARTESIANPOINT((54.3754353963595,55.6658154856996));
#1807=IFCCARTESIANPOINT((65.3966441859666,55.6649508487317));
#1808=IFCCARTESIANPOINT((76.9915848856908,55.6653900548699));
#1809=IFCCARTESIANPOINT((88.0915337591141,55.6655253014178));
#1810=IFCCARTESIANPOINT((88.0914414882136,14.919020054047));
#1811=IFCCARTESIANPOINT((54.3619022866187,11.56725066941));
#1812=IFCCARTESIANPOINT((54.3672633510141,28.8501434053178));
#1813=IFCCARTESIANPOINT((51.3665772732638,28.850405853882));
#1814=IFCCARTESIANPOINT((51.3755480865657,55.6121765235439));
#1815=IFCPOLYLINE((#1805,#1806,#1807,#1808,#1809,#1810,#1811,#1812,#1813,#1814,#1805));
#1816=IFCARBITRARYCLOSEDPROFILEDEF(.AREA.,$,#1815);
#1817=IFCEXTRUDEDAREASOLID(#1816,#266,#267,0.1);
#1818=IFCSHAPEREPRESENTATION(#10,'Body','SweptSolid',(#1817));
#1819=IFCCARTESIANPOINT((98.5127090608294,57.6835821137065));
#1820=IFCCARTESIANPOINT((43.2443689039792,57.6691184565425));
#1821=IFCCARTESIANPOINT((9.69437697317335,57.6551730317879));
#1822=IFCCARTESIANPOINT((9.69218600410386,61.0980931858066));
#1823=IFCCARTESIANPOINT((8.66928910528077,61.1000772182015));
#1824=IFCCARTESIANPOINT((8.66783330510953,68.6885955787147));
#1825=IFCCARTESIANPOINT((9.68932218107511,68.6864793637651));
#1826=IFCCARTESIANPOINT((9.68300545561942,86.1088985478855));
#1827=IFCCARTESIANPOINT((140.017393392773,86.2087476814631));
#1828=IFCCARTESIANPOINT((140.019466138707,57.695201323193));
#1829=IFCPOLYLINE((#1819,#1820,#1821,#1822,#1823,#1824,#1825,#1826,#1827,#1828,#1819));
#1830=IFCARBITRARYCLOSEDPROFILEDEF(.AREA.,$,#1829);
#1831=IFCEXTRUDEDAREASOLID(#1830,#266,#267,0.1);
#1832=IFCSHAPEREPRESENTATION(#10,'Body','SweptSolid',(#1831));
#1833=IFCCARTESIANPOINT((98.5133282266906,15.9989486786653));
#1834=IFCCARTESIANPOINT((98.5127090608294,57.6835821137065));
#1835=IFCCARTESIANPOINT((140.019466138707,57.695201323193));
#1836=IFCCARTESIANPOINT((139.903580388898,55.6538156456081));
#1837=IFCCARTESIANPOINT((139.037922269345,55.6528052748181));
#1838=IFCCARTESIANPOINT((139.038243961986,55.5434622503817));
#1839=IFCCARTESIANPOINT((109.798652158643,55.5662693349295));
#1840=IFCCARTESIANPOINT((109.798968386371,55.6763824594091));
#1841=IFCCARTESIANPOINT((108.931373524101,55.6808719986002));
#1842=IFCCARTESIANPOINT((108.931643575168,55.6326026779716));
#1843=IFCCARTESIANPOINT((105.831867174624,55.6292446241132));
#1844=IFCCARTESIANPOINT((105.833308441419,32.1610115010408));
#1845=IFCCARTESIANPOINT((108.933590582135,32.1665476807975));
#1846=IFCCARTESIANPOINT((108.934577044798,17.0781072032987));
#1847=IFCPOLYLINE((#1833,#1834,#1835,#1836,#1837,#1838,#1839,#1840,#1841,#1842,#1843,#1844,#1845,#1846,#1833));
#1848=IFCARBITRARYCLOSEDPROFILEDEF(.AREA.,$,#1847);
#1849=IFCEXTRUDEDAREASOLID(#1848,#266,#267,0.1);
#1850=IFCSHAPEREPRESENTATION(#10,'Body','SweptSolid',(#1849));
#1851=IFCCARTESIANPOINT((108.931373524101,55.6808719986002));
#1852=IFCCARTESIANPOINT((109.798968386371,55.6763824594091));
#1853=IFCCARTESIANPOINT((109.798652158643,55.5662693349295));
#1854=IFCCARTESIANPOINT((139.038243961986,55.5434622503817));
#1855=IFCCARTESIANPOINT((139.037922269345,55.6528052748181));
#1856=IFCCARTESIANPOINT((139.903580388898,55.6538156456081));
#1857=IFCCARTESIANPOINT((139.917237587797,21.4184384851833));
#1858=IFCCARTESIANPOINT((108.934577044798,17.0781072032987));
#1859=IFCCARTESIANPOINT((108.933590582135,32.1665476807975));
#1860=IFCCARTESIANPOINT((105.833308441419,32.1610115010408));
#1861=IFCCARTESIANPOINT((105.831867174624,55.6292446241132));
#1862=IFCCARTESIANPOINT((108.931643575168,55.6326026779716));
#1863=IFCPOLYLINE((#1851,#1852,#1853,#1854,#1855,#1856,#1857,#1858,#1859,#1860,#1861,#1862,#1851));
#1864=IFCARBITRARYCLOSEDPROFILEDEF(.AREA.,$,#1863);
#1865=IFCEXTRUDEDAREASOLID(#1864,#266,#267,0.1);
#1866=IFCSHAPEREPRESENTATION(#10,'Body','SweptSolid',(#1865));
#1867=IFCCARTESIANPOINT((43.244343258295,10.5896258397261));
#1868=IFCCARTESIANPOINT((35.5542222727963,9.91529047721997));
#1869=IFCCARTESIANPOINT((32.1546803326055,9.61746065522311));
#1870=IFCCARTESIANPOINT((32.1486265432613,21.4235185652506));
#1871=IFCCARTESIANPOINT((35.5479842122295,21.4358243652387));
#1872=IFCCARTESIANPOINT((35.5287006114377,55.6252195368288));
#1873=IFCCARTESIANPOINT((32.1286131076049,55.6433844972053));
#1874=IFCCARTESIANPOINT((32.12865337517,55.6732173400815));
#1875=IFCCARTESIANPOINT((9.59835301045678,55.6518729031668));
#1876=IFCCARTESIANPOINT((9.69437697317335,57.6551730317879));
#1877=IFCCARTESIANPOINT((43.2443689039792,57.6691184565425));
#1878=IFCCARTESIANPOINT((98.5127090608294,57.6835821137065));
#1879=IFCCARTESIANPOINT((98.5133282266906,15.9989486786653));
#1880=IFCCARTESIANPOINT((88.0914414882136,14.919020054047));
#1881=IFCCARTESIANPOINT((88.0915337591141,55.6655253014178));
#1882=IFCCARTESIANPOINT((76.9915848856908,55.6653900548699));
#1883=IFCCARTESIANPOINT((65.3966441859666,55.6649508487317));
#1884=IFCCARTESIANPOINT((54.3754353963595,55.6658154856996));
#1885=IFCCARTESIANPOINT((54.3748261409637,55.6117818976636));
#1886=IFCCARTESIANPOINT((51.3755480865657,55.6121765235439));
#1887=IFCCARTESIANPOINT((51.3665772732638,28.850405853882));
#1888=IFCCARTESIANPOINT((54.3672633510141,28.8501434053178));
#1889=IFCCARTESIANPOINT((54.3619022866187,11.56725066941));
#1890=IFCPOLYLINE((#1867,#1868,#1869,#1870,#1871,#1872,#1873,#1874,#1875,#1876,#1877,#1878,#1879,#1880,#1881,#1882,#1883,#1884,#1885,#1886,#1887,#1888,#1889,#1867));
#1891=IFCARBITRARYCLOSEDPROFILEDEF(.AREA.,$,#1890);
#1892=IFCEXTRUDEDAREASOLID(#1891,#266,#267,0.1);
#1893=IFCSHAPEREPRESENTATION(#10,'Body','SweptSolid',(#1892));
#1894=IFCCARTESIANPOINT((215.446088179393,71.0904987176182));
#1895=IFCCARTESIANPOINT((215.51162938014,41.1972796651535));
#1896=IFCCARTESIANPOINT((208.533149919269,39.0400598368724));
#1897=IFCCARTESIANPOINT((195.595174582239,35.0528088756837));
#1898=IFCCARTESIANPOINT((192.397593971953,34.0864496048889));
#1899=IFCCARTESIANPOINT((180.939003177831,30.8254261426046));
#1900=IFCCARTESIANPOINT((158.377174616006,30.8146160534816));
#1901=IFCCARTESIANPOINT((158.366151946335,71.4222960249172));
#1902=IFCCARTESIANPOINT((213.361732201622,71.4068927069311));
#1903=IFCCARTESIANPOINT((213.361817980884,71.0730993695324));
#1904=IFCPOLYLINE((#1894,#1895,#1896,#1897,#1898,#1899,#1900,#1901,#1902,#1903,#1894));
#1905=IFCARBITRARYCLOSEDPROFILEDEF(.AREA.,$,#1904);
#1906=IFCEXTRUDEDAREASOLID(#1905,#266,#267,0.1);
#1907=IFCSHAPEREPRESENTATION(#10,'Body','SweptSolid',(#1906));
#1908=IFCCOLOURRGB($,1.,1.,1.);
#1909=IFCSURFACESTYLERENDERING(#1908,0.,$,$,$,$,$,$,.NOTDEFINED.);
#1910=IFCSURFACESTYLE($,.BOTH.,(#1909));
#1911=IFCSTYLEDITEM(#275,(#1910),$);
#1912=IFCSTYLEDITEM(#285,(#1910),$);
#1913=IFCSTYLEDITEM(#327,(#1910),$);
#1914=IFCSTYLEDITEM(#369,(#1910),$);
#1915=IFCSTYLEDITEM(#467,(#1910),$);
#1916=IFCSTYLEDITEM(#478,(#1910),$);
#1917=IFCSTYLEDITEM(#488,(#1910),$);
#1918=IFCSTYLEDITEM(#718,(#1910),$);
#1919=IFCSTYLEDITEM(#732,(#1910),$);
#1920=IFCSTYLEDITEM(#773,(#1910),$);
#1921=IFCSTYLEDITEM(#791,(#1910),$);
#1922=IFCSTYLEDITEM(#810,(#1910),$);
#1923=IFCSTYLEDITEM(#830,(#1910),$);
#1924=IFCSTYLEDITEM(#844,(#1910),$);
#1925=IFCSTYLEDITEM(#862,(#1910),$);
#1926=IFCSTYLEDITEM(#880,(#1910),$);
#1927=IFCSTYLEDITEM(#896,(#1910),$);
#1928=IFCSTYLEDITEM(#907,(#1910),$);
#1929=IFCSTYLEDITEM(#948,(#1910),$);
#1930=IFCSTYLEDITEM(#963,(#1910),$);
#1931=IFCSTYLEDITEM(#972,(#1910),$);
#1932=IFCSTYLEDITEM(#1032,(#1910),$);
#1933=IFCSTYLEDITEM(#1038,(#1910),$);
#1934=IFCSTYLEDITEM(#1103,(#1910),$);
#1935=IFCSTYLEDITEM(#1117,(#1910),$);
#1936=IFCSTYLEDITEM(#1131,(#1910),$);
#1937=IFCSTYLEDITEM(#1150,(#1910),$);
#1938=IFCSTYLEDITEM(#1202,(#1910),$);
#1939=IFCSTYLEDITEM(#1220,(#1910),$);
#1940=IFCSTYLEDITEM(#1229,(#1910),$);
#1941=IFCSTYLEDITEM(#1236,(#1910),$);
#1942=IFCSTYLEDITEM(#1249,(#1910),$);
#1943=IFCSTYLEDITEM(#1261,(#1910),$);
#1944=IFCSTYLEDITEM(#1278,(#1910),$);
#1945=IFCSTYLEDITEM(#1318,(#1910),$);
#1946=IFCSTYLEDITEM(#1344,(#1910),$);
#1947=IFCSTYLEDITEM(#1360,(#1910),$);
#1948=IFCSTYLEDITEM(#1371,(#1910),$);
#1949=IFCSTYLEDITEM(#1381,(#1910),$);
#1950=IFCSTYLEDITEM(#1389,(#1910),$);
#1951=IFCSTYLEDITEM(#1432,(#1910),$);
#1952=IFCSTYLEDITEM(#1442,(#1910),$);
#1953=IFCSTYLEDITEM(#1458,(#1910),$);
#1954=IFCSTYLEDITEM(#1483,(#1910),$);
#1955=IFCSTYLEDITEM(#1501,(#1910),$);
#1956=IFCSTYLEDITEM(#1523,(#1910),$);
#1957=IFCSTYLEDITEM(#1556,(#1910),$);
#1958=IFCSTYLEDITEM(#1584,(#1910),$);
#1959=IFCSTYLEDITEM(#1619,(#1910),$);
#1960=IFCSTYLEDITEM(#1659,(#1910),$);
#1961=IFCSTYLEDITEM(#1666,(#1910),$);
#1962=IFCSTYLEDITEM(#1697,(#1910),$);
#1963=IFCSTYLEDITEM(#1731,(#1910),$);
#1964=IFCSTYLEDITEM(#1739,(#1910),$);
#1965=IFCSTYLEDITEM(#1767,(#1910),$);
#1966=IFCSTYLEDITEM(#1779,(#1910),$);
#1967=IFCSTYLEDITEM(#1787,(#1910),$);
#1968=IFCSTYLEDITEM(#1803,(#1910),$);
#1969=IFCSTYLEDITEM(#1817,(#1910),$);
#1970=IFCSTYLEDITEM(#1831,(#1910),$);
#1971=IFCSTYLEDITEM(#1849,(#1910),$);
#1972=IFCSTYLEDITEM(#1865,(#1910),$);
#1973=IFCSTYLEDITEM(#1892,(#1910),$);
#1974=IFCSTYLEDITEM(#1906,(#1910),$);
#1975=IFCPROPERTYSINGLEVALUE('identificatie',$,IFCIDENTIFIER('NL.IMKAD.KadastraalObject.45150097670000'),$);
#1976=IFCPROPERTYSINGLEVALUE('sectie',$,IFCIDENTIFIER('C'),$);
#1977=IFCPROPERTYSINGLEVALUE('perceelnummer',$,IFCIDENTIFIER('976'),$);
#1978=IFCPROPERTYSET('2p2jx_LPnDWBcbpSU6ZvXJ',#5,'CPset_BRK',$,(#1975,#1976,#1977));
#1979=IFCPROPERTYSINGLEVALUE('identificatie',$,IFCIDENTIFIER('NL.IMKAD.KadastraalObject.45150669770000'),$);
#1980=IFCPROPERTYSINGLEVALUE('sectie',$,IFCIDENTIFIER('C'),$);
#1981=IFCPROPERTYSINGLEVALUE('perceelnummer',$,IFCIDENTIFIER('6697'),$);
#1982=IFCPROPERTYSET('3HSRkdXqzE7gEAN47GcLMB',#5,'CPset_BRK',$,(#1979,#1980,#1981));
#1983=IFCPROPERTYSINGLEVALUE('identificatie',$,IFCIDENTIFIER('NL.IMKAD.KadastraalObject.45150669870000'),$);
#1984=IFCPROPERTYSINGLEVALUE('sectie',$,IFCIDENTIFIER('C'),$);
#1985=IFCPROPERTYSINGLEVALUE('perceelnummer',$,IFCIDENTIFIER('6698'),$);
#1986=IFCPROPERTYSET('3Nu3HRVNT94gTC9kyj8E7K',#5,'CPset_BRK',$,(#1983,#1984,#1985));
#1987=IFCPROPERTYSINGLEVALUE('identificatie',$,IFCIDENTIFIER('NL.IMKAD.KadastraalObject.45150669970000'),$);
#1988=IFCPROPERTYSINGLEVALUE('sectie',$,IFCIDENTIFIER('C'),$);
#1989=IFCPROPERTYSINGLEVALUE('perceelnummer',$,IFCIDENTIFIER('6699'),$);
#1990=IFCPROPERTYSET('3sHKJRJmf8JOBYa1snFKo6',#5,'CPset_BRK',$,(#1987,#1988,#1989));
#1991=IFCPROPERTYSINGLEVALUE('identificatie',$,IFCIDENTIFIER('NL.IMKAD.KadastraalObject.45150672170000'),$);
#1992=IFCPROPERTYSINGLEVALUE('sectie',$,IFCIDENTIFIER('C'),$);
#1993=IFCPROPERTYSINGLEVALUE('perceelnummer',$,IFCIDENTIFIER('6721'),$);
#1994=IFCPROPERTYSET('07Xx2LJBr94An_OPTxX0wz',#5,'CPset_BRK',$,(#1991,#1992,#1993));
#1995=IFCPROPERTYSINGLEVALUE('identificatie',$,IFCIDENTIFIER('NL.IMKAD.KadastraalObject.45150672270000'),$);
#1996=IFCPROPERTYSINGLEVALUE('sectie',$,IFCIDENTIFIER('C'),$);
#1997=IFCPROPERTYSINGLEVALUE('perceelnummer',$,IFCIDENTIFIER('6722'),$);
#1998=IFCPROPERTYSET('3SJdtKVpXC99mVJaS765ZZ',#5,'CPset_BRK',$,(#1995,#1996,#1997));
#1999=IFCPROPERTYSINGLEVALUE('identificatie',$,IFCIDENTIFIER('NL.IMKAD.KadastraalObject.45150673170000'),$);
#2000=IFCPROPERTYSINGLEVALUE('sectie',$,IFCIDENTIFIER('C'),$);
#2001=IFCPROPERTYSINGLEVALUE('perceelnummer',$,IFCIDENTIFIER('6731'),$);
#2002=IFCPROPERTYSET('0lcaJgs3PFOP5azt2yNdSD',#5,'CPset_BRK',$,(#1999,#2000,#2001));
#2003=IFCPROPERTYSINGLEVALUE('identificatie',$,IFCIDENTIFIER('NL.IMKAD.KadastraalObject.46460693170000'),$);
#2004=IFCPROPERTYSINGLEVALUE('sectie',$,IFCIDENTIFIER('G'),$);
#2005=IFCPROPERTYSINGLEVALUE('perceelnummer',$,IFCIDENTIFIER('6931'),$);
#2006=IFCPROPERTYSET('10kbVHao53Fgtk0X7ctGa4',#5,'CPset_BRK',$,(#2003,#2004,#2005));
#2007=IFCPROPERTYSINGLEVALUE('identificatie',$,IFCIDENTIFIER('NL.IMKAD.KadastraalObject.45150381970000'),$);
#2008=IFCPROPERTYSINGLEVALUE('sectie',$,IFCIDENTIFIER('C'),$);
#2009=IFCPROPERTYSINGLEVALUE('perceelnummer',$,IFCIDENTIFIER('3819'),$);
#2010=IFCPROPERTYSET('2qhgL_vFj6x9WG7prIWCAK',#5,'CPset_BRK',$,(#2007,#2008,#2009));
#2011=IFCPROPERTYSINGLEVALUE('identificatie',$,IFCIDENTIFIER('NL.IMKAD.KadastraalObject.45150382170000'),$);
#2012=IFCPROPERTYSINGLEVALUE('sectie',$,IFCIDENTIFIER('C'),$);
#2013=IFCPROPERTYSINGLEVALUE('perceelnummer',$,IFCIDENTIFIER('3821'),$);
#2014=IFCPROPERTYSET('1ARgkdsiDB08yCyh5bhC7S',#5,'CPset_BRK',$,(#2011,#2012,#2013));
#2015=IFCPROPERTYSINGLEVALUE('identificatie',$,IFCIDENTIFIER('NL.IMKAD.KadastraalObject.45150382270000'),$);
#2016=IFCPROPERTYSINGLEVALUE('sectie',$,IFCIDENTIFIER('C'),$);
#2017=IFCPROPERTYSINGLEVALUE('perceelnummer',$,IFCIDENTIFIER('3822'),$);
#2018=IFCPROPERTYSET('1vzl9e4qT06PGVYjN7rjtV',#5,'CPset_BRK',$,(#2015,#2016,#2017));
#2019=IFCPROPERTYSINGLEVALUE('identificatie',$,IFCIDENTIFIER('NL.IMKAD.KadastraalObject.45150507270000'),$);
#2020=IFCPROPERTYSINGLEVALUE('sectie',$,IFCIDENTIFIER('C'),$);
#2021=IFCPROPERTYSINGLEVALUE('perceelnummer',$,IFCIDENTIFIER('5072'),$);
#2022=IFCPROPERTYSET('1p_UVZwtD5_xvbEtnxP95o',#5,'CPset_BRK',$,(#2019,#2020,#2021));
#2023=IFCPROPERTYSINGLEVALUE('identificatie',$,IFCIDENTIFIER('NL.IMKAD.KadastraalObject.45150507370000'),$);
#2024=IFCPROPERTYSINGLEVALUE('sectie',$,IFCIDENTIFIER('C'),$);
#2025=IFCPROPERTYSINGLEVALUE('perceelnummer',$,IFCIDENTIFIER('5073'),$);
#2026=IFCPROPERTYSET('1J4e3Hdw51l8ftaIZZd2$m',#5,'CPset_BRK',$,(#2023,#2024,#2025));
#2027=IFCPROPERTYSINGLEVALUE('identificatie',$,IFCIDENTIFIER('NL.IMKAD.KadastraalObject.45150647070000'),$);
#2028=IFCPROPERTYSINGLEVALUE('sectie',$,IFCIDENTIFIER('C'),$);
#2029=IFCPROPERTYSINGLEVALUE('perceelnummer',$,IFCIDENTIFIER('6470'),$);
#2030=IFCPROPERTYSET('2UDzvmu8DAJQLkfSvGRpS1',#5,'CPset_BRK',$,(#2027,#2028,#2029));
#2031=IFCPROPERTYSINGLEVALUE('identificatie',$,IFCIDENTIFIER('NL.IMKAD.KadastraalObject.45150671870000'),$);
#2032=IFCPROPERTYSINGLEVALUE('sectie',$,IFCIDENTIFIER('C'),$);
#2033=IFCPROPERTYSINGLEVALUE('perceelnummer',$,IFCIDENTIFIER('6718'),$);
#2034=IFCPROPERTYSET('152YCOGFv0pvJOgRveRmtE',#5,'CPset_BRK',$,(#2031,#2032,#2033));
#2035=IFCPROPERTYSINGLEVALUE('identificatie',$,IFCIDENTIFIER('NL.IMKAD.KadastraalObject.45150671970000'),$);
#2036=IFCPROPERTYSINGLEVALUE('sectie',$,IFCIDENTIFIER('C'),$);
#2037=IFCPROPERTYSINGLEVALUE('perceelnummer',$,IFCIDENTIFIER('6719'),$);
#2038=IFCPROPERTYSET('09z5fd8zfF_xU$wbTRo3nP',#5,'CPset_BRK',$,(#2035,#2036,#2037));
#2039=IFCPROPERTYSINGLEVALUE('identificatie',$,IFCIDENTIFIER('NL.IMKAD.KadastraalObject.46460551470000'),$);
#2040=IFCPROPERTYSINGLEVALUE('sectie',$,IFCIDENTIFIER('G'),$);
#2041=IFCPROPERTYSINGLEVALUE('perceelnummer',$,IFCIDENTIFIER('5514'),$);
#2042=IFCPROPERTYSET('1KZAObH5n3aOLS_qPP8fUw',#5,'CPset_BRK',$,(#2039,#2040,#2041));
#2043=IFCPROPERTYSINGLEVALUE('identificatie',$,IFCIDENTIFIER('NL.IMKAD.KadastraalObject.45150506970000'),$);
#2044=IFCPROPERTYSINGLEVALUE('sectie',$,IFCIDENTIFIER('C'),$);
#2045=IFCPROPERTYSINGLEVALUE('perceelnummer',$,IFCIDENTIFIER('5069'),$);
#2046=IFCPROPERTYSET('1noZFbME5Fgu1S09KHyQfT',#5,'CPset_BRK',$,(#2043,#2044,#2045));
#2047=IFCPROPERTYSINGLEVALUE('identificatie',$,IFCIDENTIFIER('NL.IMKAD.KadastraalObject.45150541870000'),$);
#2048=IFCPROPERTYSINGLEVALUE('sectie',$,IFCIDENTIFIER('C'),$);
#2049=IFCPROPERTYSINGLEVALUE('perceelnummer',$,IFCIDENTIFIER('5418'),$);
#2050=IFCPROPERTYSET('3fB1LMbIjAxuWYVud$e3IE',#5,'CPset_BRK',$,(#2047,#2048,#2049));
#2051=IFCPROPERTYSINGLEVALUE('identificatie',$,IFCIDENTIFIER('NL.IMKAD.KadastraalObject.45150573470000'),$);
#2052=IFCPROPERTYSINGLEVALUE('sectie',$,IFCIDENTIFIER('C'),$);
#2053=IFCPROPERTYSINGLEVALUE('perceelnummer',$,IFCIDENTIFIER('5734'),$);
#2054=IFCPROPERTYSET('3M4zJd5az5GweawCXqfnfs',#5,'CPset_BRK',$,(#2051,#2052,#2053));
#2055=IFCPROPERTYSINGLEVALUE('identificatie',$,IFCIDENTIFIER('NL.IMKAD.KadastraalObject.45150573570000'),$);
#2056=IFCPROPERTYSINGLEVALUE('sectie',$,IFCIDENTIFIER('C'),$);
#2057=IFCPROPERTYSINGLEVALUE('perceelnummer',$,IFCIDENTIFIER('5735'),$);
#2058=IFCPROPERTYSET('3A2_PxQnf9hvxFh_vzfTmP',#5,'CPset_BRK',$,(#2055,#2056,#2057));
#2059=IFCPROPERTYSINGLEVALUE('identificatie',$,IFCIDENTIFIER('NL.IMKAD.KadastraalObject.45150573670000'),$);
#2060=IFCPROPERTYSINGLEVALUE('sectie',$,IFCIDENTIFIER('C'),$);
#2061=IFCPROPERTYSINGLEVALUE('perceelnummer',$,IFCIDENTIFIER('5736'),$);
#2062=IFCPROPERTYSET('0d3onBsaHBX8m4ZM0NW$qc',#5,'CPset_BRK',$,(#2059,#2060,#2061));
#2063=IFCPROPERTYSINGLEVALUE('identificatie',$,IFCIDENTIFIER('NL.IMKAD.KadastraalObject.45150573770000'),$);
#2064=IFCPROPERTYSINGLEVALUE('sectie',$,IFCIDENTIFIER('C'),$);
#2065=IFCPROPERTYSINGLEVALUE('perceelnummer',$,IFCIDENTIFIER('5737'),$);
#2066=IFCPROPERTYSET('3ODdNVgvrCdO4P3pZFYdxL',#5,'CPset_BRK',$,(#2063,#2064,#2065));
#2067=IFCPROPERTYSINGLEVALUE('identificatie',$,IFCIDENTIFIER('NL.IMKAD.KadastraalObject.45150573870000'),$);
#2068=IFCPROPERTYSINGLEVALUE('sectie',$,IFCIDENTIFIER('C'),$);
#2069=IFCPROPERTYSINGLEVALUE('perceelnummer',$,IFCIDENTIFIER('5738'),$);
#2070=IFCPROPERTYSET('04nzbc8Rb0veI5mFso0aby',#5,'CPset_BRK',$,(#2067,#2068,#2069));
#2071=IFCPROPERTYSINGLEVALUE('identificatie',$,IFCIDENTIFIER('NL.IMKAD.KadastraalObject.45150574070000'),$);
#2072=IFCPROPERTYSINGLEVALUE('sectie',$,IFCIDENTIFIER('C'),$);
#2073=IFCPROPERTYSINGLEVALUE('perceelnummer',$,IFCIDENTIFIER('5740'),$);
#2074=IFCPROPERTYSET('3TIweyN8H9y8hq7IDsxcLm',#5,'CPset_BRK',$,(#2071,#2072,#2073));
#2075=IFCPROPERTYSINGLEVALUE('identificatie',$,IFCIDENTIFIER('NL.IMKAD.KadastraalObject.45150599570000'),$);
#2076=IFCPROPERTYSINGLEVALUE('sectie',$,IFCIDENTIFIER('C'),$);
#2077=IFCPROPERTYSINGLEVALUE('perceelnummer',$,IFCIDENTIFIER('5995'),$);
#2078=IFCPROPERTYSET('3GdC2G5LH0QAg1ia0PW1Gs',#5,'CPset_BRK',$,(#2075,#2076,#2077));
#2079=IFCPROPERTYSINGLEVALUE('identificatie',$,IFCIDENTIFIER('NL.IMKAD.KadastraalObject.45150599770000'),$);
#2080=IFCPROPERTYSINGLEVALUE('sectie',$,IFCIDENTIFIER('C'),$);
#2081=IFCPROPERTYSINGLEVALUE('perceelnummer',$,IFCIDENTIFIER('5997'),$);
#2082=IFCPROPERTYSET('3YYiZf4Fb9aQVLBZJHTeGG',#5,'CPset_BRK',$,(#2079,#2080,#2081));
#2083=IFCPROPERTYSINGLEVALUE('identificatie',$,IFCIDENTIFIER('NL.IMKAD.KadastraalObject.45150647770000'),$);
#2084=IFCPROPERTYSINGLEVALUE('sectie',$,IFCIDENTIFIER('C'),$);
#2085=IFCPROPERTYSINGLEVALUE('perceelnummer',$,IFCIDENTIFIER('6477'),$);
#2086=IFCPROPERTYSET('1ahacdSGz0ZvPmfE8hCIiN',#5,'CPset_BRK',$,(#2083,#2084,#2085));
#2087=IFCPROPERTYSINGLEVALUE('identificatie',$,IFCIDENTIFIER('NL.IMKAD.KadastraalObject.45150577170000'),$);
#2088=IFCPROPERTYSINGLEVALUE('sectie',$,IFCIDENTIFIER('C'),$);
#2089=IFCPROPERTYSINGLEVALUE('perceelnummer',$,IFCIDENTIFIER('5771'),$);
#2090=IFCPROPERTYSET('0X72y7YzrE0PbmlhCj2e63',#5,'CPset_BRK',$,(#2087,#2088,#2089));
#2091=IFCPROPERTYSINGLEVALUE('identificatie',$,IFCIDENTIFIER('NL.IMKAD.KadastraalObject.45150670970000'),$);
#2092=IFCPROPERTYSINGLEVALUE('sectie',$,IFCIDENTIFIER('C'),$);
#2093=IFCPROPERTYSINGLEVALUE('perceelnummer',$,IFCIDENTIFIER('6709'),$);
#2094=IFCPROPERTYSET('2qb3odIdjD1PTvJ4F7HSXS',#5,'CPset_BRK',$,(#2091,#2092,#2093));
#2095=IFCPROPERTYSINGLEVALUE('identificatie',$,IFCIDENTIFIER('NL.IMKAD.KadastraalObject.45150671070000'),$);
#2096=IFCPROPERTYSINGLEVALUE('sectie',$,IFCIDENTIFIER('C'),$);
#2097=IFCPROPERTYSINGLEVALUE('perceelnummer',$,IFCIDENTIFIER('6710'),$);
#2098=IFCPROPERTYSET('0$ooGQVKr9pQidJ6h79QIu',#5,'CPset_BRK',$,(#2095,#2096,#2097));
#2099=IFCPROPERTYSINGLEVALUE('identificatie',$,IFCIDENTIFIER('NL.IMKAD.KadastraalObject.45150644770000'),$);
#2100=IFCPROPERTYSINGLEVALUE('sectie',$,IFCIDENTIFIER('C'),$);
#2101=IFCPROPERTYSINGLEVALUE('perceelnummer',$,IFCIDENTIFIER('6447'),$);
#2102=IFCPROPERTYSET('2O3HUofSHEsvLa7Iyfcbc1',#5,'CPset_BRK',$,(#2099,#2100,#2101));
#2103=IFCPROPERTYSINGLEVALUE('identificatie',$,IFCIDENTIFIER('NL.IMKAD.KadastraalObject.45150589270000'),$);
#2104=IFCPROPERTYSINGLEVALUE('sectie',$,IFCIDENTIFIER('C'),$);
#2105=IFCPROPERTYSINGLEVALUE('perceelnummer',$,IFCIDENTIFIER('5892'),$);
#2106=IFCPROPERTYSET('1RSVpYFJ5CwgaVrgbWQKtU',#5,'CPset_BRK',$,(#2103,#2104,#2105));
#2107=IFCPROPERTYSINGLEVALUE('identificatie',$,IFCIDENTIFIER('NL.IMKAD.KadastraalObject.45150573370000'),$);
#2108=IFCPROPERTYSINGLEVALUE('sectie',$,IFCIDENTIFIER('C'),$);
#2109=IFCPROPERTYSINGLEVALUE('perceelnummer',$,IFCIDENTIFIER('5733'),$);
#2110=IFCPROPERTYSET('3UcehdbsXAKPLbZH9iXX_E',#5,'CPset_BRK',$,(#2107,#2108,#2109));
#2111=IFCPROPERTYSINGLEVALUE('identificatie',$,IFCIDENTIFIER('NL.IMKAD.KadastraalObject.45150599670000'),$);
#2112=IFCPROPERTYSINGLEVALUE('sectie',$,IFCIDENTIFIER('C'),$);
#2113=IFCPROPERTYSINGLEVALUE('perceelnummer',$,IFCIDENTIFIER('5996'),$);
#2114=IFCPROPERTYSET('1S2kL46P11Qx0$4QzUvDZe',#5,'CPset_BRK',$,(#2111,#2112,#2113));
#2115=IFCPROPERTYSINGLEVALUE('identificatie',$,IFCIDENTIFIER('NL.IMKAD.KadastraalObject.45150600170000'),$);
#2116=IFCPROPERTYSINGLEVALUE('sectie',$,IFCIDENTIFIER('C'),$);
#2117=IFCPROPERTYSINGLEVALUE('perceelnummer',$,IFCIDENTIFIER('6001'),$);
#2118=IFCPROPERTYSET('0ROF7WDJvEkwV5UhRg4Ef_',#5,'CPset_BRK',$,(#2115,#2116,#2117));
#2119=IFCPROPERTYSINGLEVALUE('identificatie',$,IFCIDENTIFIER('NL.IMKAD.KadastraalObject.45150600370000'),$);
#2120=IFCPROPERTYSINGLEVALUE('sectie',$,IFCIDENTIFIER('C'),$);
#2121=IFCPROPERTYSINGLEVALUE('perceelnummer',$,IFCIDENTIFIER('6003'),$);
#2122=IFCPROPERTYSET('2FCNMKyOz6ivwV9orvnJ8f',#5,'CPset_BRK',$,(#2119,#2120,#2121));
#2123=IFCPROPERTYSINGLEVALUE('identificatie',$,IFCIDENTIFIER('NL.IMKAD.KadastraalObject.45150574170000'),$);
#2124=IFCPROPERTYSINGLEVALUE('sectie',$,IFCIDENTIFIER('C'),$);
#2125=IFCPROPERTYSINGLEVALUE('perceelnummer',$,IFCIDENTIFIER('5741'),$);
#2126=IFCPROPERTYSET('1IE8m5nsbCsOEIRVnmyjZF',#5,'CPset_BRK',$,(#2123,#2124,#2125));
#2127=IFCPROPERTYSINGLEVALUE('identificatie',$,IFCIDENTIFIER('NL.IMKAD.KadastraalObject.45150599470000'),$);
#2128=IFCPROPERTYSINGLEVALUE('sectie',$,IFCIDENTIFIER('C'),$);
#2129=IFCPROPERTYSINGLEVALUE('perceelnummer',$,IFCIDENTIFIER('5994'),$);
#2130=IFCPROPERTYSET('0uwcjJ20T5Ke1ysPbHNDy$',#5,'CPset_BRK',$,(#2127,#2128,#2129));
#2131=IFCPROPERTYSINGLEVALUE('identificatie',$,IFCIDENTIFIER('NL.IMKAD.KadastraalObject.46460286670000'),$);
#2132=IFCPROPERTYSINGLEVALUE('sectie',$,IFCIDENTIFIER('G'),$);
#2133=IFCPROPERTYSINGLEVALUE('perceelnummer',$,IFCIDENTIFIER('2866'),$);
#2134=IFCPROPERTYSET('3taw_vA6T4uvhOOZMOXJDk',#5,'CPset_BRK',$,(#2131,#2132,#2133));
#2135=IFCPROPERTYSINGLEVALUE('identificatie',$,IFCIDENTIFIER('NL.IMKAD.KadastraalObject.46460286770000'),$);
#2136=IFCPROPERTYSINGLEVALUE('sectie',$,IFCIDENTIFIER('G'),$);
#2137=IFCPROPERTYSINGLEVALUE('perceelnummer',$,IFCIDENTIFIER('2867'),$);
#2138=IFCPROPERTYSET('2oimlq0AXFfeNwaM4C24$G',#5,'CPset_BRK',$,(#2135,#2136,#2137));
#2139=IFCPROPERTYSINGLEVALUE('identificatie',$,IFCIDENTIFIER('NL.IMKAD.KadastraalObject.46460286970000'),$);
#2140=IFCPROPERTYSINGLEVALUE('sectie',$,IFCIDENTIFIER('G'),$);
#2141=IFCPROPERTYSINGLEVALUE('perceelnummer',$,IFCIDENTIFIER('2869'),$);
#2142=IFCPROPERTYSET('351MR9ytb1L8do2XKa0FaE',#5,'CPset_BRK',$,(#2139,#2140,#2141));
#2143=IFCPROPERTYSINGLEVALUE('identificatie',$,IFCIDENTIFIER('NL.IMKAD.KadastraalObject.46460287070000'),$);
#2144=IFCPROPERTYSINGLEVALUE('sectie',$,IFCIDENTIFIER('G'),$);
#2145=IFCPROPERTYSINGLEVALUE('perceelnummer',$,IFCIDENTIFIER('2870'),$);
#2146=IFCPROPERTYSET('0lz6rioz9AGhavNszlqmSf',#5,'CPset_BRK',$,(#2143,#2144,#2145));
#2147=IFCPROPERTYSINGLEVALUE('identificatie',$,IFCIDENTIFIER('NL.IMKAD.KadastraalObject.46460287170000'),$);
#2148=IFCPROPERTYSINGLEVALUE('sectie',$,IFCIDENTIFIER('G'),$);
#2149=IFCPROPERTYSINGLEVALUE('perceelnummer',$,IFCIDENTIFIER('2871'),$);
#2150=IFCPROPERTYSET('1XHSxJ0TzBde$To24r$3TX',#5,'CPset_BRK',$,(#2147,#2148,#2149));
#2151=IFCPROPERTYSINGLEVALUE('identificatie',$,IFCIDENTIFIER('NL.IMKAD.KadastraalObject.46460287270000'),$);
#2152=IFCPROPERTYSINGLEVALUE('sectie',$,IFCIDENTIFIER('G'),$);
#2153=IFCPROPERTYSINGLEVALUE('perceelnummer',$,IFCIDENTIFIER('2872'),$);
#2154=IFCPROPERTYSET('2rBwljyEn0dgWiJ1cK5Zbz',#5,'CPset_BRK',$,(#2151,#2152,#2153));
#2155=IFCPROPERTYSINGLEVALUE('identificatie',$,IFCIDENTIFIER('NL.IMKAD.KadastraalObject.46460287370000'),$);
#2156=IFCPROPERTYSINGLEVALUE('sectie',$,IFCIDENTIFIER('G'),$);
#2157=IFCPROPERTYSINGLEVALUE('perceelnummer',$,IFCIDENTIFIER('2873'),$);
#2158=IFCPROPERTYSET('1FibxyrS94cxNMeBc4pDFq',#5,'CPset_BRK',$,(#2155,#2156,#2157));
#2159=IFCPROPERTYSINGLEVALUE('identificatie',$,IFCIDENTIFIER('NL.IMKAD.KadastraalObject.46460287470000'),$);
#2160=IFCPROPERTYSINGLEVALUE('sectie',$,IFCIDENTIFIER('G'),$);
#2161=IFCPROPERTYSINGLEVALUE('perceelnummer',$,IFCIDENTIFIER('2874'),$);
#2162=IFCPROPERTYSET('17GwRGeV57C8h$yGdLVxHs',#5,'CPset_BRK',$,(#2159,#2160,#2161));
#2163=IFCPROPERTYSINGLEVALUE('identificatie',$,IFCIDENTIFIER('NL.IMKAD.KadastraalObject.46460582470000'),$);
#2164=IFCPROPERTYSINGLEVALUE('sectie',$,IFCIDENTIFIER('G'),$);
#2165=IFCPROPERTYSINGLEVALUE('perceelnummer',$,IFCIDENTIFIER('5824'),$);
#2166=IFCPROPERTYSET('15RUc4Je131OICCj71yRe0',#5,'CPset_BRK',$,(#2163,#2164,#2165));
#2167=IFCPROPERTYSINGLEVALUE('identificatie',$,IFCIDENTIFIER('NL.IMKAD.KadastraalObject.46460582570000'),$);
#2168=IFCPROPERTYSINGLEVALUE('sectie',$,IFCIDENTIFIER('G'),$);
#2169=IFCPROPERTYSINGLEVALUE('perceelnummer',$,IFCIDENTIFIER('5825'),$);
#2170=IFCPROPERTYSET('1BfGdEURbC3hRNqw5rzvDY',#5,'CPset_BRK',$,(#2167,#2168,#2169));
#2171=IFCPROPERTYSINGLEVALUE('identificatie',$,IFCIDENTIFIER('NL.IMKAD.KadastraalObject.46460693270000'),$);
#2172=IFCPROPERTYSINGLEVALUE('sectie',$,IFCIDENTIFIER('G'),$);
#2173=IFCPROPERTYSINGLEVALUE('perceelnummer',$,IFCIDENTIFIER('6932'),$);
#2174=IFCPROPERTYSET('1GuNwOcxH5Ex9LGU3_0OlX',#5,'CPset_BRK',$,(#2171,#2172,#2173));
#2175=IFCPROPERTYSINGLEVALUE('identificatie',$,IFCIDENTIFIER('NL.IMKAD.KadastraalObject.46460693370000'),$);
#2176=IFCPROPERTYSINGLEVALUE('sectie',$,IFCIDENTIFIER('G'),$);
#2177=IFCPROPERTYSINGLEVALUE('perceelnummer',$,IFCIDENTIFIER('6933'),$);
#2178=IFCPROPERTYSET('2keGJaCC51FO4xwJnTkLsT',#5,'CPset_BRK',$,(#2175,#2176,#2177));
#2179=IFCPROPERTYSINGLEVALUE('identificatie',$,IFCIDENTIFIER('NL.IMKAD.KadastraalObject.45150507170000'),$);
#2180=IFCPROPERTYSINGLEVALUE('sectie',$,IFCIDENTIFIER('C'),$);
#2181=IFCPROPERTYSINGLEVALUE('perceelnummer',$,IFCIDENTIFIER('5071'),$);
#2182=IFCPROPERTYSET('1Ruj2ApR51k9eZ75s3joh0',#5,'CPset_BRK',$,(#2179,#2180,#2181));
#2183=IFCPROPERTYSINGLEVALUE('identificatie',$,IFCIDENTIFIER('NL.IMKAD.KadastraalObject.45150577270000'),$);
#2184=IFCPROPERTYSINGLEVALUE('sectie',$,IFCIDENTIFIER('C'),$);
#2185=IFCPROPERTYSINGLEVALUE('perceelnummer',$,IFCIDENTIFIER('5772'),$);
#2186=IFCPROPERTYSET('2TyIIkhob8IP4JYLK9Q5q2',#5,'CPset_BRK',$,(#2183,#2184,#2185));
#2187=IFCPROPERTYSINGLEVALUE('identificatie',$,IFCIDENTIFIER('NL.IMKAD.KadastraalObject.45150645470000'),$);
#2188=IFCPROPERTYSINGLEVALUE('sectie',$,IFCIDENTIFIER('C'),$);
#2189=IFCPROPERTYSINGLEVALUE('perceelnummer',$,IFCIDENTIFIER('6454'),$);
#2190=IFCPROPERTYSET('3CQchrhPPC_8tg18_1QMZ$',#5,'CPset_BRK',$,(#2187,#2188,#2189));
#2191=IFCPROPERTYSINGLEVALUE('identificatie',$,IFCIDENTIFIER('NL.IMKAD.KadastraalObject.45150623070000'),$);
#2192=IFCPROPERTYSINGLEVALUE('sectie',$,IFCIDENTIFIER('C'),$);
#2193=IFCPROPERTYSINGLEVALUE('perceelnummer',$,IFCIDENTIFIER('6230'),$);
#2194=IFCPROPERTYSET('2i7uY0mnb5avKLcVVk6RFi',#5,'CPset_BRK',$,(#2191,#2192,#2193));
#2195=IFCPROPERTYSINGLEVALUE('identificatie',$,IFCIDENTIFIER('NL.IMKAD.KadastraalObject.45150633570000'),$);
#2196=IFCPROPERTYSINGLEVALUE('sectie',$,IFCIDENTIFIER('C'),$);
#2197=IFCPROPERTYSINGLEVALUE('perceelnummer',$,IFCIDENTIFIER('6335'),$);
#2198=IFCPROPERTYSET('26YCQYFAL4H9o8baqsyMpi',#5,'CPset_BRK',$,(#2195,#2196,#2197));
#2199=IFCPROPERTYSINGLEVALUE('identificatie',$,IFCIDENTIFIER('NL.IMKAD.KadastraalObject.45150637870000'),$);
#2200=IFCPROPERTYSINGLEVALUE('sectie',$,IFCIDENTIFIER('C'),$);
#2201=IFCPROPERTYSINGLEVALUE('perceelnummer',$,IFCIDENTIFIER('6378'),$);
#2202=IFCPROPERTYSET('0NVFO1nyLAP9pA$2uM_8cQ',#5,'CPset_BRK',$,(#2199,#2200,#2201));
#2203=IFCPROPERTYSINGLEVALUE('identificatie',$,IFCIDENTIFIER('NL.IMKAD.KadastraalObject.45150640370000'),$);
#2204=IFCPROPERTYSINGLEVALUE('sectie',$,IFCIDENTIFIER('C'),$);
#2205=IFCPROPERTYSINGLEVALUE('perceelnummer',$,IFCIDENTIFIER('6403'),$);
#2206=IFCPROPERTYSET('3FLvkswXfFrR0Ll3RI6Abt',#5,'CPset_BRK',$,(#2203,#2204,#2205));
#2207=IFCPROPERTYSINGLEVALUE('identificatie',$,IFCIDENTIFIER('NL.IMKAD.KadastraalObject.45150640470000'),$);
#2208=IFCPROPERTYSINGLEVALUE('sectie',$,IFCIDENTIFIER('C'),$);
#2209=IFCPROPERTYSINGLEVALUE('perceelnummer',$,IFCIDENTIFIER('6404'),$);
#2210=IFCPROPERTYSET('3jhzmUXfTFZeBbVUHhxIWx',#5,'CPset_BRK',$,(#2207,#2208,#2209));
#2211=IFCPROPERTYSINGLEVALUE('identificatie',$,IFCIDENTIFIER('NL.IMKAD.KadastraalObject.45150672970000'),$);
#2212=IFCPROPERTYSINGLEVALUE('sectie',$,IFCIDENTIFIER('C'),$);
#2213=IFCPROPERTYSINGLEVALUE('perceelnummer',$,IFCIDENTIFIER('6729'),$);
#2214=IFCPROPERTYSET('3eI_VzdXXAwus3UfhIrM2y',#5,'CPset_BRK',$,(#2211,#2212,#2213));
#2215=IFCPROPERTYSINGLEVALUE('identificatie',$,IFCIDENTIFIER('NL.IMKAD.KadastraalObject.45150673070000'),$);
#2216=IFCPROPERTYSINGLEVALUE('sectie',$,IFCIDENTIFIER('C'),$);
#2217=IFCPROPERTYSINGLEVALUE('perceelnummer',$,IFCIDENTIFIER('6730'),$);
#2218=IFCPROPERTYSET('0a5WZkRuz1oh9uo0LZbBmZ',#5,'CPset_BRK',$,(#2215,#2216,#2217));
#2219=IFCCARTESIANPOINT((0.,0.,0.));
#2220=IFCAXIS2PLACEMENT3D(#2219,$,$);
#2221=IFCLOCALPLACEMENT(#27,#2220);
#2222=IFCPRODUCTDEFINITIONSHAPE($,$,(#276));
#2223=IFCSLAB('1KMP4$ASP7Zu6$lasNxwil',#5,'C976','BRK-Perceel',$,#2221,#2222,$,$);
#2224=IFCRELDEFINESBYPROPERTIES('0QVtvk$zHDgQZF0ewA7wo$',#5,$,$,(#2223),#1978);
#2225=IFCCARTESIANPOINT((0.,0.,0.));
#2226=IFCAXIS2PLACEMENT3D(#2225,$,$);
#2227=IFCLOCALPLACEMENT(#27,#2226);
#2228=IFCPRODUCTDEFINITIONSHAPE($,$,(#286));
#2229=IFCSLAB('3IoOovFrL90u4riDo$5oYf',#5,'C6697','BRK-Perceel',$,#2227,#2228,$,$);
#2230=IFCRELDEFINESBYPROPERTIES('1lEpPrMZ1F8wYtZfEBNK04',#5,$,$,(#2229),#1982);
#2231=IFCCARTESIANPOINT((0.,0.,0.));
#2232=IFCAXIS2PLACEMENT3D(#2231,$,$);
#2233=IFCLOCALPLACEMENT(#27,#2232);
#2234=IFCPRODUCTDEFINITIONSHAPE($,$,(#328));
#2235=IFCSLAB('3IzSMoZfz4ZOBasj1a3zPa',#5,'C6698','BRK-Perceel',$,#2233,#2234,$,$);
#2236=IFCRELDEFINESBYPROPERTIES('1mrB3crhr4VPaCAGhZb0iL',#5,$,$,(#2235),#1986);
#2237=IFCCARTESIANPOINT((0.,0.,0.));
#2238=IFCAXIS2PLACEMENT3D(#2237,$,$);
#2239=IFCLOCALPLACEMENT(#27,#2238);
#2240=IFCPRODUCTDEFINITIONSHAPE($,$,(#370));
#2241=IFCSLAB('0DtWWRpsbA9wfPebgipSqL',#5,'C6699','BRK-Perceel',$,#2239,#2240,$,$);
#2242=IFCRELDEFINESBYPROPERTIES('3TUb1vBXj0o8CJ5aWCEdQw',#5,$,$,(#2241),#1990);
#2243=IFCCARTESIANPOINT((0.,0.,0.));
#2244=IFCAXIS2PLACEMENT3D(#2243,$,$);
#2245=IFCLOCALPLACEMENT(#27,#2244);
#2246=IFCPRODUCTDEFINITIONSHAPE($,$,(#468));
#2247=IFCSLAB('2mbztQHxbAj962oX81HwFd',#5,'C6721','BRK-Perceel',$,#2245,#2246,$,$);
#2248=IFCRELDEFINESBYPROPERTIES('3bq36yKjz3FBUJoVkxqLG0',#5,$,$,(#2247),#1994);
#2249=IFCCARTESIANPOINT((0.,0.,0.));
#2250=IFCAXIS2PLACEMENT3D(#2249,$,$);
#2251=IFCLOCALPLACEMENT(#27,#2250);
#2252=IFCPRODUCTDEFINITIONSHAPE($,$,(#479));
#2253=IFCSLAB('0HTAAXdyH4bRLOKp6QOZUk',#5,'C6722','BRK-Perceel',$,#2251,#2252,$,$);
#2254=IFCRELDEFINESBYPROPERTIES('2FGoXUOWn0cg_Jj23Zsg1m',#5,$,$,(#2253),#1998);
#2255=IFCCARTESIANPOINT((0.,0.,0.));
#2256=IFCAXIS2PLACEMENT3D(#2255,$,$);
#2257=IFCLOCALPLACEMENT(#27,#2256);
#2258=IFCPRODUCTDEFINITIONSHAPE($,$,(#733));
#2259=IFCSLAB('1coY51Hq52qe8ZyVcCzHgD',#5,'C6731','BRK-Perceel',$,#2257,#2258,$,$);
#2260=IFCRELDEFINESBYPROPERTIES('2Go0pY37jCXv_qvvMeI8Bq',#5,$,$,(#2259),#2002);
#2261=IFCCARTESIANPOINT((0.,0.,0.));
#2262=IFCAXIS2PLACEMENT3D(#2261,$,$);
#2263=IFCLOCALPLACEMENT(#27,#2262);
#2264=IFCPRODUCTDEFINITIONSHAPE($,$,(#774));
#2265=IFCSLAB('0cMvpkHqn8OAZ5W_wAq8OG',#5,'G6931','BRK-Perceel',$,#2263,#2264,$,$);
#2266=IFCRELDEFINESBYPROPERTIES('0LcoIbYWn1yRxmmgf8Wwom',#5,$,$,(#2265),#2006);
#2267=IFCCARTESIANPOINT((0.,0.,0.));
#2268=IFCAXIS2PLACEMENT3D(#2267,$,$);
#2269=IFCLOCALPLACEMENT(#27,#2268);
#2270=IFCPRODUCTDEFINITIONSHAPE($,$,(#792));
#2271=IFCSLAB('1on3UQzyXDb8I774s5U8Si',#5,'C3819','BRK-Perceel',$,#2269,#2270,$,$);
#2272=IFCRELDEFINESBYPROPERTIES('2rcO_MilPFnQFInAl5uAo_',#5,$,$,(#2271),#2010);
#2273=IFCCARTESIANPOINT((0.,0.,0.));
#2274=IFCAXIS2PLACEMENT3D(#2273,$,$);
#2275=IFCLOCALPLACEMENT(#27,#2274);
#2276=IFCPRODUCTDEFINITIONSHAPE($,$,(#811));
#2277=IFCSLAB('2u3FhnJwL5ZB0gJrxJN8Oa',#5,'C3821','BRK-Perceel',$,#2275,#2276,$,$);
#2278=IFCRELDEFINESBYPROPERTIES('1DLxJhy4jFM9yxPZbPB7A6',#5,$,$,(#2277),#2014);
#2279=IFCCARTESIANPOINT((0.,0.,0.));
#2280=IFCAXIS2PLACEMENT3D(#2279,$,$);
#2281=IFCLOCALPLACEMENT(#27,#2280);
#2282=IFCPRODUCTDEFINITIONSHAPE($,$,(#831));
#2283=IFCSLAB('2zyw9GQ0n91eKbJ_o4umtV',#5,'C3822','BRK-Perceel',$,#2281,#2282,$,$);
#2284=IFCRELDEFINESBYPROPERTIES('3qRI1n1xvBmv$6fbStG670',#5,$,$,(#2283),#2018);
#2285=IFCCARTESIANPOINT((0.,0.,0.));
#2286=IFCAXIS2PLACEMENT3D(#2285,$,$);
#2287=IFCLOCALPLACEMENT(#27,#2286);
#2288=IFCPRODUCTDEFINITIONSHAPE($,$,(#845));
#2289=IFCSLAB('0i8d0iwBzDmgji3nbcKv0a',#5,'C5072','BRK-Perceel',$,#2287,#2288,$,$);
#2290=IFCRELDEFINESBYPROPERTIES('3pAaPZcKX3$uP67BiefQ_3',#5,$,$,(#2289),#2022);
#2291=IFCCARTESIANPOINT((0.,0.,0.));
#2292=IFCAXIS2PLACEMENT3D(#2291,$,$);
#2293=IFCLOCALPLACEMENT(#27,#2292);
#2294=IFCPRODUCTDEFINITIONSHAPE($,$,(#863));
#2295=IFCSLAB('2KHfQvzKHAuwHyifm7983s',#5,'C5073','BRK-Perceel',$,#2293,#2294,$,$);
#2296=IFCRELDEFINESBYPROPERTIES('1aksxIyxH1dAnK2Lf_ljB0',#5,$,$,(#2295),#2026);
#2297=IFCCARTESIANPOINT((0.,0.,0.));
#2298=IFCAXIS2PLACEMENT3D(#2297,$,$);
#2299=IFCLOCALPLACEMENT(#27,#2298);
#2300=IFCPRODUCTDEFINITIONSHAPE($,$,(#881));
#2301=IFCSLAB('10X_9yz6D9POju03hXRM6V',#5,'C6470','BRK-Perceel',$,#2299,#2300,$,$);
#2302=IFCRELDEFINESBYPROPERTIES('1IsRhXKZbCzBPiLiCTNMH9',#5,$,$,(#2301),#2030);
#2303=IFCCARTESIANPOINT((0.,0.,0.));
#2304=IFCAXIS2PLACEMENT3D(#2303,$,$);
#2305=IFCLOCALPLACEMENT(#27,#2304);
#2306=IFCPRODUCTDEFINITIONSHAPE($,$,(#897));
#2307=IFCSLAB('3mm9Cgr41FNAdf6xTUEVl3',#5,'C6718','BRK-Perceel',$,#2305,#2306,$,$);
#2308=IFCRELDEFINESBYPROPERTIES('0ogh_GLqTCDggJ39MXRD1R',#5,$,$,(#2307),#2034);
#2309=IFCCARTESIANPOINT((0.,0.,0.));
#2310=IFCAXIS2PLACEMENT3D(#2309,$,$);
#2311=IFCLOCALPLACEMENT(#27,#2310);
#2312=IFCPRODUCTDEFINITIONSHAPE($,$,(#908));
#2313=IFCSLAB('2NbeQPi890nejzU8hkl91s',#5,'C6719','BRK-Perceel',$,#2311,#2312,$,$);
#2314=IFCRELDEFINESBYPROPERTIES('2XKuVmR$5Dbw__oa9kU5N$',#5,$,$,(#2313),#2038);
#2315=IFCCARTESIANPOINT((0.,0.,0.));
#2316=IFCAXIS2PLACEMENT3D(#2315,$,$);
#2317=IFCLOCALPLACEMENT(#27,#2316);
#2318=IFCPRODUCTDEFINITIONSHAPE($,$,(#949));
#2319=IFCSLAB('2quY7Cdff7hOZuztB_C1Em',#5,'G5514','BRK-Perceel',$,#2317,#2318,$,$);
#2320=IFCRELDEFINESBYPROPERTIES('27jflInrn8TeGxYD0pcLVx',#5,$,$,(#2319),#2042);
#2321=IFCCARTESIANPOINT((0.,0.,0.));
#2322=IFCAXIS2PLACEMENT3D(#2321,$,$);
#2323=IFCLOCALPLACEMENT(#27,#2322);
#2324=IFCPRODUCTDEFINITIONSHAPE($,$,(#964));
#2325=IFCSLAB('0s_07A7gv6PP4Z7E$2pOCn',#5,'C5069','BRK-Perceel',$,#2323,#2324,$,$);
#2326=IFCRELDEFINESBYPROPERTIES('3m_rm_mKTCduetgk0XpgLZ',#5,$,$,(#2325),#2046);
#2327=IFCCARTESIANPOINT((0.,0.,0.));
#2328=IFCAXIS2PLACEMENT3D(#2327,$,$);
#2329=IFCLOCALPLACEMENT(#27,#2328);
#2330=IFCPRODUCTDEFINITIONSHAPE($,$,(#973));
#2331=IFCSLAB('2HZO5w1PD8ZgLkDparuHWB',#5,'C5418','BRK-Perceel',$,#2329,#2330,$,$);
#2332=IFCRELDEFINESBYPROPERTIES('1Lst6fU0z3w95uESTU8e$t',#5,$,$,(#2331),#2050);
#2333=IFCCARTESIANPOINT((0.,0.,0.));
#2334=IFCAXIS2PLACEMENT3D(#2333,$,$);
#2335=IFCLOCALPLACEMENT(#27,#2334);
#2336=IFCPRODUCTDEFINITIONSHAPE($,$,(#1039));
#2337=IFCSLAB('3bvIocUzL3svr335Jwax29',#5,'C5734','BRK-Perceel',$,#2335,#2336,$,$);
#2338=IFCRELDEFINESBYPROPERTIES('3sHa8qaDX9DQBJukq5XJLE',#5,$,$,(#2337),#2054);
#2339=IFCCARTESIANPOINT((0.,0.,0.));
#2340=IFCAXIS2PLACEMENT3D(#2339,$,$);
#2341=IFCLOCALPLACEMENT(#27,#2340);
#2342=IFCPRODUCTDEFINITIONSHAPE($,$,(#1104));
#2343=IFCSLAB('1wwDKbyxjFDAuN1_e2P3YM',#5,'C5735','BRK-Perceel',$,#2341,#2342,$,$);
#2344=IFCRELDEFINESBYPROPERTIES('0HAZa4S8H5FhEGX8ffrQWS',#5,$,$,(#2343),#2058);
#2345=IFCCARTESIANPOINT((0.,0.,0.));
#2346=IFCAXIS2PLACEMENT3D(#2345,$,$);
#2347=IFCLOCALPLACEMENT(#27,#2346);
#2348=IFCPRODUCTDEFINITIONSHAPE($,$,(#1118));
#2349=IFCSLAB('1vDuTXueLCFgELwNXh$2YF',#5,'C5736','BRK-Perceel',$,#2347,#2348,$,$);
#2350=IFCRELDEFINESBYPROPERTIES('2IRver6$fEwBI9ntkJBwfh',#5,$,$,(#2349),#2062);
#2351=IFCCARTESIANPOINT((0.,0.,0.));
#2352=IFCAXIS2PLACEMENT3D(#2351,$,$);
#2353=IFCLOCALPLACEMENT(#27,#2352);
#2354=IFCPRODUCTDEFINITIONSHAPE($,$,(#1132));
#2355=IFCSLAB('2O3tBgsc9D6Pr3XFw6qz26',#5,'C5737','BRK-Perceel',$,#2353,#2354,$,$);
#2356=IFCRELDEFINESBYPROPERTIES('2T_HgF4mTBLPUC9ccVaYBq',#5,$,$,(#2355),#2066);
#2357=IFCCARTESIANPOINT((0.,0.,0.));
#2358=IFCAXIS2PLACEMENT3D(#2357,$,$);
#2359=IFCLOCALPLACEMENT(#27,#2358);
#2360=IFCPRODUCTDEFINITIONSHAPE($,$,(#1151));
#2361=IFCSLAB('0KpIFuspHDBgQ8q3M0pL7m',#5,'C5738','BRK-Perceel',$,#2359,#2360,$,$);
#2362=IFCRELDEFINESBYPROPERTIES('0agUAAbDn9sBM1kp68CuhF',#5,$,$,(#2361),#2070);
#2363=IFCCARTESIANPOINT((0.,0.,0.));
#2364=IFCAXIS2PLACEMENT3D(#2363,$,$);
#2365=IFCLOCALPLACEMENT(#27,#2364);
#2366=IFCPRODUCTDEFINITIONSHAPE($,$,(#1203));
#2367=IFCSLAB('1iimPc_7rE4BC_m4OW8Yhp',#5,'C5740','BRK-Perceel',$,#2365,#2366,$,$);
#2368=IFCRELDEFINESBYPROPERTIES('2ex82aX0f38v06Um_Sg1o0',#5,$,$,(#2367),#2074);
#2369=IFCCARTESIANPOINT((0.,0.,0.));
#2370=IFCAXIS2PLACEMENT3D(#2369,$,$);
#2371=IFCLOCALPLACEMENT(#27,#2370);
#2372=IFCPRODUCTDEFINITIONSHAPE($,$,(#1221));
#2373=IFCSLAB('19jyZZy7z3CgqmMrMJnNQM',#5,'C5995','BRK-Perceel',$,#2371,#2372,$,$);
#2374=IFCRELDEFINESBYPROPERTIES('28DCSOY9r27BzNocWhuhO5',#5,$,$,(#2373),#2078);
#2375=IFCCARTESIANPOINT((0.,0.,0.));
#2376=IFCAXIS2PLACEMENT3D(#2375,$,$);
#2377=IFCLOCALPLACEMENT(#27,#2376);
#2378=IFCPRODUCTDEFINITIONSHAPE($,$,(#1230));
#2379=IFCSLAB('3Vb1Fd5tD0AwYU3d447JLZ',#5,'C5997','BRK-Perceel',$,#2377,#2378,$,$);
#2380=IFCRELDEFINESBYPROPERTIES('15d8lxBh9EvAhGhYn_z0DY',#5,$,$,(#2379),#2082);
#2381=IFCCARTESIANPOINT((0.,0.,0.));
#2382=IFCAXIS2PLACEMENT3D(#2381,$,$);
#2383=IFCLOCALPLACEMENT(#27,#2382);
#2384=IFCPRODUCTDEFINITIONSHAPE($,$,(#1237));
#2385=IFCSLAB('1jU2uZzir7xOvaWbR4FNtb',#5,'C6477','BRK-Perceel',$,#2383,#2384,$,$);
#2386=IFCRELDEFINESBYPROPERTIES('0gWE3Q2aj6lR7kAVBa7k$A',#5,$,$,(#2385),#2086);
#2387=IFCCARTESIANPOINT((0.,0.,0.));
#2388=IFCAXIS2PLACEMENT3D(#2387,$,$);
#2389=IFCLOCALPLACEMENT(#27,#2388);
#2390=IFCPRODUCTDEFINITIONSHAPE($,$,(#1250));
#2391=IFCSLAB('3Q5T9CDhf3rQUug6CJs8Rn',#5,'C5771','BRK-Perceel',$,#2389,#2390,$,$);
#2392=IFCRELDEFINESBYPROPERTIES('1i3ML4OYzBrwoHL3qBoaLg',#5,$,$,(#2391),#2090);
#2393=IFCCARTESIANPOINT((0.,0.,0.));
#2394=IFCAXIS2PLACEMENT3D(#2393,$,$);
#2395=IFCLOCALPLACEMENT(#27,#2394);
#2396=IFCPRODUCTDEFINITIONSHAPE($,$,(#1262));
#2397=IFCSLAB('37VK$$3T92mfaeSIascXgB',#5,'C6709','BRK-Perceel',$,#2395,#2396,$,$);
#2398=IFCRELDEFINESBYPROPERTIES('0Hds5fGvTEsOZnDkWRnJYP',#5,$,$,(#2397),#2094);
#2399=IFCCARTESIANPOINT((0.,0.,0.));
#2400=IFCAXIS2PLACEMENT3D(#2399,$,$);
#2401=IFCLOCALPLACEMENT(#27,#2400);
#2402=IFCPRODUCTDEFINITIONSHAPE($,$,(#1279));
#2403=IFCSLAB('0BvMaz2Tb8UBoUx3n4$8fN',#5,'C6710','BRK-Perceel',$,#2401,#2402,$,$);
#2404=IFCRELDEFINESBYPROPERTIES('2W4NWOv4T29vilyynt8jiz',#5,$,$,(#2403),#2098);
#2405=IFCCARTESIANPOINT((0.,0.,0.));
#2406=IFCAXIS2PLACEMENT3D(#2405,$,$);
#2407=IFCLOCALPLACEMENT(#27,#2406);
#2408=IFCPRODUCTDEFINITIONSHAPE($,$,(#1319));
#2409=IFCSLAB('19fmQTSc1BWQXRI8qM6PYJ',#5,'C6447','BRK-Perceel',$,#2407,#2408,$,$);
#2410=IFCRELDEFINESBYPROPERTIES('1JneAkho1DYRheoqiqYK$S',#5,$,$,(#2409),#2102);
#2411=IFCCARTESIANPOINT((0.,0.,0.));
#2412=IFCAXIS2PLACEMENT3D(#2411,$,$);
#2413=IFCLOCALPLACEMENT(#27,#2412);
#2414=IFCPRODUCTDEFINITIONSHAPE($,$,(#1345));
#2415=IFCSLAB('3_Ny9yD_59BAMkDnbWQTCH',#5,'C5892','BRK-Perceel',$,#2413,#2414,$,$);
#2416=IFCRELDEFINESBYPROPERTIES('3_wrB7Epj2svBEWYpTp$DL',#5,$,$,(#2415),#2106);
#2417=IFCCARTESIANPOINT((0.,0.,0.));
#2418=IFCAXIS2PLACEMENT3D(#2417,$,$);
#2419=IFCLOCALPLACEMENT(#27,#2418);
#2420=IFCPRODUCTDEFINITIONSHAPE($,$,(#1361));
#2421=IFCSLAB('2BsxcjYlP6Gh6I_xNUj_Ao',#5,'C5733','BRK-Perceel',$,#2419,#2420,$,$);
#2422=IFCRELDEFINESBYPROPERTIES('0PXCTMNVLA8Q0Gzrxzml5s',#5,$,$,(#2421),#2110);
#2423=IFCCARTESIANPOINT((0.,0.,0.));
#2424=IFCAXIS2PLACEMENT3D(#2423,$,$);
#2425=IFCLOCALPLACEMENT(#27,#2424);
#2426=IFCPRODUCTDEFINITIONSHAPE($,$,(#1372));
#2427=IFCSLAB('0br0cmgiTFlQUelIHSePWT',#5,'C5996','BRK-Perceel',$,#2425,#2426,$,$);
#2428=IFCRELDEFINESBYPROPERTIES('1E809rFbb6lOE$7Dzg0oL$',#5,$,$,(#2427),#2114);
#2429=IFCCARTESIANPOINT((0.,0.,0.));
#2430=IFCAXIS2PLACEMENT3D(#2429,$,$);
#2431=IFCLOCALPLACEMENT(#27,#2430);
#2432=IFCPRODUCTDEFINITIONSHAPE($,$,(#1382));
#2433=IFCSLAB('1CiyxTgAX2ZQrRoWTIXGx2',#5,'C6001','BRK-Perceel',$,#2431,#2432,$,$);
#2434=IFCRELDEFINESBYPROPERTIES('3nyRdp$Zv2tB1P65stW0Ux',#5,$,$,(#2433),#2118);
#2435=IFCCARTESIANPOINT((0.,0.,0.));
#2436=IFCAXIS2PLACEMENT3D(#2435,$,$);
#2437=IFCLOCALPLACEMENT(#27,#2436);
#2438=IFCPRODUCTDEFINITIONSHAPE($,$,(#1390));
#2439=IFCSLAB('08rtikXlnET9lU2Q$ylskQ',#5,'C6003','BRK-Perceel',$,#2437,#2438,$,$);
#2440=IFCRELDEFINESBYPROPERTIES('3pa9puDV58wPn6g9ALMeGg',#5,$,$,(#2439),#2122);
#2441=IFCCARTESIANPOINT((0.,0.,0.));
#2442=IFCAXIS2PLACEMENT3D(#2441,$,$);
#2443=IFCLOCALPLACEMENT(#27,#2442);
#2444=IFCPRODUCTDEFINITIONSHAPE($,$,(#1433));
#2445=IFCSLAB('2D7_iIyU57C94R_yQ$6qod',#5,'C5741','BRK-Perceel',$,#2443,#2444,$,$);
#2446=IFCRELDEFINESBYPROPERTIES('13XvU2GsHB4OU$QnlmiWbK',#5,$,$,(#2445),#2126);
#2447=IFCCARTESIANPOINT((0.,0.,0.));
#2448=IFCAXIS2PLACEMENT3D(#2447,$,$);
#2449=IFCLOCALPLACEMENT(#27,#2448);
#2450=IFCPRODUCTDEFINITIONSHAPE($,$,(#1443));
#2451=IFCSLAB('2zI4ZdXJjF8AAOvhFcKqQz',#5,'C5994','BRK-Perceel',$,#2449,#2450,$,$);
#2452=IFCRELDEFINESBYPROPERTIES('3_W7fp0tz18wZlqe0md1Ur',#5,$,$,(#2451),#2130);
#2453=IFCCARTESIANPOINT((0.,0.,0.));
#2454=IFCAXIS2PLACEMENT3D(#2453,$,$);
#2455=IFCLOCALPLACEMENT(#27,#2454);
#2456=IFCPRODUCTDEFINITIONSHAPE($,$,(#1459));
#2457=IFCSLAB('3HSJQQlID46gPE313Ph_Aw',#5,'G2866','BRK-Perceel',$,#2455,#2456,$,$);
#2458=IFCRELDEFINESBYPROPERTIES('2Uk3HpRAz8XBy3TqQoHiz5',#5,$,$,(#2457),#2134);
#2459=IFCCARTESIANPOINT((0.,0.,0.));
#2460=IFCAXIS2PLACEMENT3D(#2459,$,$);
#2461=IFCLOCALPLACEMENT(#27,#2460);
#2462=IFCPRODUCTDEFINITIONSHAPE($,$,(#1484));
#2463=IFCSLAB('27bnE0Nw137gKZzWSJrzpT',#5,'G2867','BRK-Perceel',$,#2461,#2462,$,$);
#2464=IFCRELDEFINESBYPROPERTIES('1u_P5zWlj9JRRry9F_VQ5c',#5,$,$,(#2463),#2138);
#2465=IFCCARTESIANPOINT((0.,0.,0.));
#2466=IFCAXIS2PLACEMENT3D(#2465,$,$);
#2467=IFCLOCALPLACEMENT(#27,#2466);
#2468=IFCPRODUCTDEFINITIONSHAPE($,$,(#1502));
#2469=IFCSLAB('2XZhGQbTn8eAz0tsr_DT6C',#5,'G2869','BRK-Perceel',$,#2467,#2468,$,$);
#2470=IFCRELDEFINESBYPROPERTIES('0nGd6KVCjAzfEJiUoOmwPB',#5,$,$,(#2469),#2142);
#2471=IFCCARTESIANPOINT((0.,0.,0.));
#2472=IFCAXIS2PLACEMENT3D(#2471,$,$);
#2473=IFCLOCALPLACEMENT(#27,#2472);
#2474=IFCPRODUCTDEFINITIONSHAPE($,$,(#1524));
#2475=IFCSLAB('27CYZVQEj1DuFbm_NWwmU8',#5,'G2870','BRK-Perceel',$,#2473,#2474,$,$);
#2476=IFCRELDEFINESBYPROPERTIES('0D_uWGHkDA_fTkDS3u3Tc$',#5,$,$,(#2475),#2146);
#2477=IFCCARTESIANPOINT((0.,0.,0.));
#2478=IFCAXIS2PLACEMENT3D(#2477,$,$);
#2479=IFCLOCALPLACEMENT(#27,#2478);
#2480=IFCPRODUCTDEFINITIONSHAPE($,$,(#1557));
#2481=IFCSLAB('3Xo$gGxeDE3xIIZvgfJVRQ',#5,'G2871','BRK-Perceel',$,#2479,#2480,$,$);
#2482=IFCRELDEFINESBYPROPERTIES('2K8p_kRgn5gA9llfCcgPsL',#5,$,$,(#2481),#2150);
#2483=IFCCARTESIANPOINT((0.,0.,0.));
#2484=IFCAXIS2PLACEMENT3D(#2483,$,$);
#2485=IFCLOCALPLACEMENT(#27,#2484);
#2486=IFCPRODUCTDEFINITIONSHAPE($,$,(#1585));
#2487=IFCSLAB('34XEvp7pr5vgtRDf2Hjoza',#5,'G2872','BRK-Perceel',$,#2485,#2486,$,$);
#2488=IFCRELDEFINESBYPROPERTIES('3ScxXaEoL57O1Ub4GDSXEs',#5,$,$,(#2487),#2154);
#2489=IFCCARTESIANPOINT((0.,0.,0.));
#2490=IFCAXIS2PLACEMENT3D(#2489,$,$);
#2491=IFCLOCALPLACEMENT(#27,#2490);
#2492=IFCPRODUCTDEFINITIONSHAPE($,$,(#1620));
#2493=IFCSLAB('2NZTugu7T7VwP7XkMwhsYS',#5,'G2873','BRK-Perceel',$,#2491,#2492,$,$);
#2494=IFCRELDEFINESBYPROPERTIES('2d8tX9SNn5RPzB1gcqvlsE',#5,$,$,(#2493),#2158);
#2495=IFCCARTESIANPOINT((0.,0.,0.));
#2496=IFCAXIS2PLACEMENT3D(#2495,$,$);
#2497=IFCLOCALPLACEMENT(#27,#2496);
#2498=IFCPRODUCTDEFINITIONSHAPE($,$,(#1660));
#2499=IFCSLAB('0YTOeLUaf6FO3MRFG5wslW',#5,'G2874','BRK-Perceel',$,#2497,#2498,$,$);
#2500=IFCRELDEFINESBYPROPERTIES('161_zECkP7s9c4jDe1v1gh',#5,$,$,(#2499),#2162);
#2501=IFCCARTESIANPOINT((0.,0.,0.));
#2502=IFCAXIS2PLACEMENT3D(#2501,$,$);
#2503=IFCLOCALPLACEMENT(#27,#2502);
#2504=IFCPRODUCTDEFINITIONSHAPE($,$,(#1667));
#2505=IFCSLAB('0hL5B4jkb7kff3zHJm9gzI',#5,'G5824','BRK-Perceel',$,#2503,#2504,$,$);
#2506=IFCRELDEFINESBYPROPERTIES('3RaFcVfr5FFxx5QwdjXWTy',#5,$,$,(#2505),#2166);
#2507=IFCCARTESIANPOINT((0.,0.,0.));
#2508=IFCAXIS2PLACEMENT3D(#2507,$,$);
#2509=IFCLOCALPLACEMENT(#27,#2508);
#2510=IFCPRODUCTDEFINITIONSHAPE($,$,(#1698));
#2511=IFCSLAB('1cRa9m4Nb48x6TIlAHJinc',#5,'G5825','BRK-Perceel',$,#2509,#2510,$,$);
#2512=IFCRELDEFINESBYPROPERTIES('3bmy1MGbv00hkLpPcreP$3',#5,$,$,(#2511),#2170);
#2513=IFCCARTESIANPOINT((0.,0.,0.));
#2514=IFCAXIS2PLACEMENT3D(#2513,$,$);
#2515=IFCLOCALPLACEMENT(#27,#2514);
#2516=IFCPRODUCTDEFINITIONSHAPE($,$,(#1732));
#2517=IFCSLAB('3S9KUsTlbFvv7uwl_1pup4',#5,'G6932','BRK-Perceel',$,#2515,#2516,$,$);
#2518=IFCRELDEFINESBYPROPERTIES('3v1gpgORz4TgxJSB10yBmo',#5,$,$,(#2517),#2174);
#2519=IFCCARTESIANPOINT((0.,0.,0.));
#2520=IFCAXIS2PLACEMENT3D(#2519,$,$);
#2521=IFCLOCALPLACEMENT(#27,#2520);
#2522=IFCPRODUCTDEFINITIONSHAPE($,$,(#1740));
#2523=IFCSLAB('0uM7c6dmD2B9dBWWYB725C',#5,'G6933','BRK-Perceel',$,#2521,#2522,$,$);
#2524=IFCRELDEFINESBYPROPERTIES('3gv817NH96iwGmU9vyC4Wm',#5,$,$,(#2523),#2178);
#2525=IFCCARTESIANPOINT((0.,0.,0.));
#2526=IFCAXIS2PLACEMENT3D(#2525,$,$);
#2527=IFCLOCALPLACEMENT(#27,#2526);
#2528=IFCPRODUCTDEFINITIONSHAPE($,$,(#1768));
#2529=IFCSLAB('0mvjg9ajD7Lf2pQ5ap$CZa',#5,'C5071','BRK-Perceel',$,#2527,#2528,$,$);
#2530=IFCRELDEFINESBYPROPERTIES('13JfDqE_b6n9iKMTJKmsXo',#5,$,$,(#2529),#2182);
#2531=IFCCARTESIANPOINT((0.,0.,0.));
#2532=IFCAXIS2PLACEMENT3D(#2531,$,$);
#2533=IFCLOCALPLACEMENT(#27,#2532);
#2534=IFCPRODUCTDEFINITIONSHAPE($,$,(#1780));
#2535=IFCSLAB('3yeaygmVL6DxV1smvpPOpw',#5,'C5772','BRK-Perceel',$,#2533,#2534,$,$);
#2536=IFCRELDEFINESBYPROPERTIES('1r6_sM2dHCterqoPD3yqKI',#5,$,$,(#2535),#2186);
#2537=IFCCARTESIANPOINT((0.,0.,0.));
#2538=IFCAXIS2PLACEMENT3D(#2537,$,$);
#2539=IFCLOCALPLACEMENT(#27,#2538);
#2540=IFCPRODUCTDEFINITIONSHAPE($,$,(#1788));
#2541=IFCSLAB('1PXnurTDTBow8R6S$8kDEh',#5,'C6454','BRK-Perceel',$,#2539,#2540,$,$);
#2542=IFCRELDEFINESBYPROPERTIES('3d58RKfPD4u9NnjWZQwCrz',#5,$,$,(#2541),#2190);
#2543=IFCCARTESIANPOINT((0.,0.,0.));
#2544=IFCAXIS2PLACEMENT3D(#2543,$,$);
#2545=IFCLOCALPLACEMENT(#27,#2544);
#2546=IFCPRODUCTDEFINITIONSHAPE($,$,(#1804));
#2547=IFCSLAB('2UslMcerPEbRVcixJX0RNl',#5,'C6230','BRK-Perceel',$,#2545,#2546,$,$);
#2548=IFCRELDEFINESBYPROPERTIES('21qdBxkvz9Qve2QSzf$uJ9',#5,$,$,(#2547),#2194);
#2549=IFCCARTESIANPOINT((0.,0.,0.));
#2550=IFCAXIS2PLACEMENT3D(#2549,$,$);
#2551=IFCLOCALPLACEMENT(#27,#2550);
#2552=IFCPRODUCTDEFINITIONSHAPE($,$,(#1818));
#2553=IFCSLAB('3Qyxz2MczDIO5CwO8yylu9',#5,'C6335','BRK-Perceel',$,#2551,#2552,$,$);
#2554=IFCRELDEFINESBYPROPERTIES('1cRYenHG95V8h4muR_hI7S',#5,$,$,(#2553),#2198);
#2555=IFCCARTESIANPOINT((0.,0.,0.));
#2556=IFCAXIS2PLACEMENT3D(#2555,$,$);
#2557=IFCLOCALPLACEMENT(#27,#2556);
#2558=IFCPRODUCTDEFINITIONSHAPE($,$,(#1832));
#2559=IFCSLAB('0QOmxf5rP1mAxuXfAcLMWk',#5,'C6378','BRK-Perceel',$,#2557,#2558,$,$);
#2560=IFCRELDEFINESBYPROPERTIES('1IjeARig10TAs0cQx9WfdB',#5,$,$,(#2559),#2202);
#2561=IFCCARTESIANPOINT((0.,0.,0.));
#2562=IFCAXIS2PLACEMENT3D(#2561,$,$);
#2563=IFCLOCALPLACEMENT(#27,#2562);
#2564=IFCPRODUCTDEFINITIONSHAPE($,$,(#1850));
#2565=IFCSLAB('1JDZVrn0T1O9g1z$5m9Kol',#5,'C6403','BRK-Perceel',$,#2563,#2564,$,$);
#2566=IFCRELDEFINESBYPROPERTIES('0uX_2OOLj22PzwOngJxyDg',#5,$,$,(#2565),#2206);
#2567=IFCCARTESIANPOINT((0.,0.,0.));
#2568=IFCAXIS2PLACEMENT3D(#2567,$,$);
#2569=IFCLOCALPLACEMENT(#27,#2568);
#2570=IFCPRODUCTDEFINITIONSHAPE($,$,(#1866));
#2571=IFCSLAB('2pC11324j7bghWdY$91JmY',#5,'C6404','BRK-Perceel',$,#2569,#2570,$,$);
#2572=IFCRELDEFINESBYPROPERTIES('0JiyOQZOv7zevKsgSD$9Dy',#5,$,$,(#2571),#2210);
#2573=IFCCARTESIANPOINT((0.,0.,0.));
#2574=IFCAXIS2PLACEMENT3D(#2573,$,$);
#2575=IFCLOCALPLACEMENT(#27,#2574);
#2576=IFCPRODUCTDEFINITIONSHAPE($,$,(#1893));
#2577=IFCSLAB('0aAVi_Z_nC7vBZRa0xkTSr',#5,'C6729','BRK-Perceel',$,#2575,#2576,$,$);
#2578=IFCRELDEFINESBYPROPERTIES('3BffBHCxXCu8P8ZcLHLxLY',#5,$,$,(#2577),#2214);
#2579=IFCCARTESIANPOINT((0.,0.,0.));
#2580=IFCAXIS2PLACEMENT3D(#2579,$,$);
#2581=IFCLOCALPLACEMENT(#27,#2580);
#2582=IFCPRODUCTDEFINITIONSHAPE($,$,(#1907));
#2583=IFCSLAB('0fwVgSn$52zfRk2gPoVynO',#5,'C6730','BRK-Perceel',$,#2581,#2582,$,$);
#2584=IFCRELDEFINESBYPROPERTIES('3rR6I7s1bFqRT2bcStd4QP',#5,$,$,(#2583),#2218);
#2585=IFCRELCONTAINEDINSPATIALSTRUCTURE('0dKs7s0U15eAo6T1A5eIX8',#5,'StoreyContainer',$,(#2223,#2229,#2235,#2241,#2247,#2253,#2259,#2265,#2271,#2277,#2283,#2289,#2295,#2301,#2307,#2313,#2319,#2325,#2331,#2337,#2343,#2349,#2355,#2361,#2367,#2373,#2379,#2385,#2391,#2397,#2403,#2409,#2415,#2421,#2427,#2433,#2439,#2445,#2451,#2457,#2463,#2469,#2475,#2481,#2487,#2493,#2499,#2505,#2511,#2517,#2523,#2529,#2535,#2541,#2547,#2553,#2559,#2565,#2571,#2577,#2583),#28);
#2586=IFCCLASSIFICATION($,$,$,'3D-omgeving.nl',$,'https://3D-omgeving.nl',$);
#2587=IFCCLASSIFICATIONREFERENCE('https://3D-omgeving.nl/documentation/brk-perceel','BRK-Perceel','Basisregistratie Kadaster - Perceel',#2586,$,$);
#2588=IFCRELASSOCIATESCLASSIFICATION('2n3KQ7eE9F99LX_xsShu6L',#5,$,$,(#2223,#2229,#2235,#2241,#2247,#2253,#2259,#2265,#2271,#2277,#2283,#2289,#2295,#2301,#2307,#2313,#2319,#2325,#2331,#2337,#2343,#2349,#2355,#2361,#2367,#2373,#2379,#2385,#2391,#2397,#2403,#2409,#2415,#2421,#2427,#2433,#2439,#2445,#2451,#2457,#2463,#2469,#2475,#2481,#2487,#2493,#2499,#2505,#2511,#2517,#2523,#2529,#2535,#2541,#2547,#2553,#2559,#2565,#2571,#2577,#2583),#2587);
#2589=IFCPRESENTATIONLAYERASSIGNMENT('BRK-Perceel',$,(#276,#286,#328,#370,#468,#479,#733,#774,#792,#811,#831,#845,#863,#881,#897,#908,#949,#964,#973,#1039,#1104,#1118,#1132,#1151,#1203,#1221,#1230,#1237,#1250,#1262,#1279,#1319,#1345,#1361,#1372,#1382,#1390,#1433,#1443,#1459,#1484,#1502,#1524,#1557,#1585,#1620,#1660,#1667,#1698,#1732,#1740,#1768,#1780,#1788,#1804,#1818,#1832,#1850,#1866,#1893,#1907),$);
ENDSEC;
END-ISO-10303-21;
