ISO-10303-21;
HEADER;
FILE_DESCRIPTION(('ViewDefinition [CoordinationView_V2.0]'),'2;1');
FILE_NAME('3D-omgeving.nl-DSO-Enkelbestemming.ifc','2025-12-18T11:10:48',('3D-omgeving.nl'),('On-Track B.V.'),'3D-omgeving.nl','OnTrack - 3Domgeving - 1.1.0','none');
FILE_SCHEMA(('IFC2X3'));
ENDSEC;
DATA;
#1=IFCPERSON($,$,'3D-omgeving.nl',$,$,$,$,$);
#2=IFCORGANIZATION($,'On-Track B.V.',$,$,$);
#3=IFCPERSONANDORGANIZATION(#1,#2,$);
#4=IFCAPPLICATION(#2,'OnTrack - 3Domgeving - 1.1.0','3D-omgeving.nl','');
#5=IFCOWNERHISTORY(#3,#4,$,.ADDED.,$,#3,#4,1766056248);
#6=IFCDIRECTION((1.,0.,0.));
#7=IFCDIRECTION((0.,0.,1.));
#8=IFCCARTESIANPOINT((0.,0.,0.));
#9=IFCAXIS2PLACEMENT3D(#8,#7,#6);
#10=IFCDIRECTION((0.,1.,0.));
#11=IFCGEOMETRICREPRESENTATIONCONTEXT($,'Model',3,1.E-05,#9,#10);
#12=IFCDIMENSIONALEXPONENTS(0,0,0,0,0,0,0);
#13=IFCSIUNIT(*,.LENGTHUNIT.,$,.METRE.);
#14=IFCSIUNIT(*,.AREAUNIT.,$,.SQUARE_METRE.);
#15=IFCSIUNIT(*,.VOLUMEUNIT.,$,.CUBIC_METRE.);
#16=IFCSIUNIT(*,.PLANEANGLEUNIT.,$,.RADIAN.);
#17=IFCMEASUREWITHUNIT(IFCPLANEANGLEMEASURE(0.0174532925199433),#16);
#18=IFCCONVERSIONBASEDUNIT(#12,.PLANEANGLEUNIT.,'DEGREE',#17);
#19=IFCUNITASSIGNMENT((#13,#14,#15,#18));
#20=IFCPROJECT('3$SLyltP1EORk63XhcCjak',#5,'3D-omgeving.nl-DSO-Enkelbestemming.ifc',$,$,$,$,(#11),#19);
#21=IFCCARTESIANPOINT((0.,0.,0.));
#22=IFCDIRECTION((0.,0.,1.));
#23=IFCDIRECTION((1.,0.,0.));
#24=IFCAXIS2PLACEMENT3D(#21,#22,#23);
#25=IFCLOCALPLACEMENT($,#24);
#26=IFCSITE('3o1hIrKNH2Jxp3PKQF0WwO',#5,'Site',$,$,#25,$,$,.ELEMENT.,$,$,$,$,$);
#27=IFCCARTESIANPOINT((0.,0.,0.));
#28=IFCDIRECTION((0.,0.,1.));
#29=IFCDIRECTION((1.,0.,0.));
#30=IFCAXIS2PLACEMENT3D(#27,#28,#29);
#31=IFCLOCALPLACEMENT(#25,#30);
#32=IFCBUILDING('0A_zkKA6b2PBLx0aOXp6qX',#5,'Building',$,$,#31,$,$,.ELEMENT.,$,$,$);
#33=IFCCARTESIANPOINT((0.,0.,0.));
#34=IFCDIRECTION((0.,0.,1.));
#35=IFCDIRECTION((1.,0.,0.));
#36=IFCAXIS2PLACEMENT3D(#33,#34,#35);
#37=IFCLOCALPLACEMENT(#31,#36);
#38=IFCBUILDINGSTOREY('0VZUdiiALBX8zAq3fh1Hvp',#5,'Storey',$,$,#37,$,$,.ELEMENT.,0.);
#39=IFCRELAGGREGATES('2WX5YJCZX9ZwFVPgN8yw45',#5,'Building Container',$,#32,(#38));
#40=IFCRELAGGREGATES('2H3Mh2AJj6A94nqRjOgVxt',#5,'Site Container',$,#26,(#32));
#41=IFCRELAGGREGATES('2A$tGB7490kwmxUGfS65h_',#5,'Project Container',$,#20,(#26));
#42=IFCCARTESIANPOINT((-0.163989797234535,3.60955709766131E-15,0.025000000372529));
#43=IFCCARTESIANPOINT((-3.49224636838827E-14,0.0819948986172674,0.025000000372529));
#44=IFCCARTESIANPOINT((-3.07940352633606E-14,0.249699994921684,0.025000000372529));
#45=IFCCARTESIANPOINT((-0.499399989843369,1.08286712929839E-14,0.025000000372529));
#46=IFCPOLYLOOP((#42,#43,#44,#45));
#47=IFCFACEBOUND(#46,.T.);
#48=IFCFACE((#47));
#49=IFCCARTESIANPOINT((-0.163989797234535,3.60955709766131E-15,-4.00741339852274E-32));
#50=IFCCARTESIANPOINT((-0.499399989843369,1.08286712929839E-14,-1.6029653594091E-31));
#51=IFCCARTESIANPOINT((-3.07940352633606E-14,0.249699994921684,-8.01482679704548E-32));
#52=IFCCARTESIANPOINT((-3.49224636838827E-14,0.0819948986172674,-1.20222401955682E-31));
#53=IFCPOLYLOOP((#49,#50,#51,#52));
#54=IFCFACEBOUND(#53,.T.);
#55=IFCFACE((#54));
#56=IFCCARTESIANPOINT((-0.163989797234535,3.60955709766131E-15,0.025000000372529));
#57=IFCCARTESIANPOINT((-0.499399989843369,1.08286712929839E-14,0.025000000372529));
#58=IFCCARTESIANPOINT((-0.499399989843369,1.08286712929839E-14,-1.6029653594091E-31));
#59=IFCCARTESIANPOINT((-0.163989797234535,3.60955709766131E-15,-4.00741339852274E-32));
#60=IFCPOLYLOOP((#56,#57,#58,#59));
#61=IFCFACEBOUND(#60,.T.);
#62=IFCFACE((#61));
#63=IFCCARTESIANPOINT((-0.499399989843369,1.08286712929839E-14,0.025000000372529));
#64=IFCCARTESIANPOINT((-3.07940352633606E-14,0.249699994921684,0.025000000372529));
#65=IFCCARTESIANPOINT((-3.07940352633606E-14,0.249699994921684,-8.01482679704548E-32));
#66=IFCCARTESIANPOINT((-0.499399989843369,1.08286712929839E-14,-1.6029653594091E-31));
#67=IFCPOLYLOOP((#63,#64,#65,#66));
#68=IFCFACEBOUND(#67,.T.);
#69=IFCFACE((#68));
#70=IFCCARTESIANPOINT((-3.07940352633606E-14,0.249699994921684,0.025000000372529));
#71=IFCCARTESIANPOINT((-3.49224636838827E-14,0.0819948986172674,0.025000000372529));
#72=IFCCARTESIANPOINT((-3.49224636838827E-14,0.0819948986172674,-1.20222401955682E-31));
#73=IFCCARTESIANPOINT((-3.07940352633606E-14,0.249699994921684,-8.01482679704548E-32));
#74=IFCPOLYLOOP((#70,#71,#72,#73));
#75=IFCFACEBOUND(#74,.T.);
#76=IFCFACE((#75));
#77=IFCCARTESIANPOINT((-3.49224636838827E-14,0.0819948986172674,0.025000000372529));
#78=IFCCARTESIANPOINT((-0.163989797234535,3.60955709766131E-15,0.025000000372529));
#79=IFCCARTESIANPOINT((-0.163989797234535,3.60955709766131E-15,-4.00741339852274E-32));
#80=IFCCARTESIANPOINT((-3.49224636838827E-14,0.0819948986172674,-1.20222401955682E-31));
#81=IFCPOLYLOOP((#77,#78,#79,#80));
#82=IFCFACEBOUND(#81,.T.);
#83=IFCFACE((#82));
#84=IFCCLOSEDSHELL((#48,#55,#62,#69,#76,#83));
#85=IFCFACETEDBREP(#84);
#86=IFCCARTESIANPOINT((0.163989797234464,-7.14860482562451E-16,0.025000000372529));
#87=IFCCARTESIANPOINT((-3.36583769022504E-14,-0.0819948986172689,0.025000000372529));
#88=IFCCARTESIANPOINT((-3.3351143936189E-14,-0.249699994921685,0.025000000372529));
#89=IFCCARTESIANPOINT((0.499399989843298,9.37348095282042E-16,0.025000000372529));
#90=IFCPOLYLOOP((#86,#87,#88,#89));
#91=IFCFACEBOUND(#90,.T.);
#92=IFCFACE((#91));
#93=IFCCARTESIANPOINT((0.163989797234464,-7.15985144223407E-16,-1.35706275413179E-17));
#94=IFCCARTESIANPOINT((0.499399989843298,9.36223433621086E-16,-5.8462899550157E-18));
#95=IFCCARTESIANPOINT((-3.33505681980427E-14,-0.249699994921685,-6.11411448598479E-18));
#96=IFCCARTESIANPOINT((-3.36578011641042E-14,-0.0819948986172689,-1.36585740599824E-17));
#97=IFCPOLYLOOP((#93,#94,#95,#96));
#98=IFCFACEBOUND(#97,.T.);
#99=IFCFACE((#98));
#100=IFCCARTESIANPOINT((0.163989797234464,-7.14860482562451E-16,0.025000000372529));
#101=IFCCARTESIANPOINT((0.499399989843298,9.37348095282042E-16,0.025000000372529));
#102=IFCCARTESIANPOINT((0.499399989843298,9.36223433621086E-16,-5.8462899550157E-18));
#103=IFCCARTESIANPOINT((0.163989797234464,-7.15985144223407E-16,-1.35706275413179E-17));
#104=IFCPOLYLOOP((#100,#101,#102,#103));
#105=IFCFACEBOUND(#104,.T.);
#106=IFCFACE((#105));
#107=IFCCARTESIANPOINT((0.499399989843298,9.37348095282042E-16,0.025000000372529));
#108=IFCCARTESIANPOINT((-3.3351143936189E-14,-0.249699994921685,0.025000000372529));
#109=IFCCARTESIANPOINT((-3.33505681980427E-14,-0.249699994921685,-6.11411448598479E-18));
#110=IFCCARTESIANPOINT((0.499399989843298,9.36223433621086E-16,-5.8462899550157E-18));
#111=IFCPOLYLOOP((#107,#108,#109,#110));
#112=IFCFACEBOUND(#111,.T.);
#113=IFCFACE((#112));
#114=IFCCARTESIANPOINT((-3.3351143936189E-14,-0.249699994921685,0.025000000372529));
#115=IFCCARTESIANPOINT((-3.36583769022504E-14,-0.0819948986172689,0.025000000372529));
#116=IFCCARTESIANPOINT((-3.36578011641042E-14,-0.0819948986172689,-1.36585740599824E-17));
#117=IFCCARTESIANPOINT((-3.33505681980427E-14,-0.249699994921685,-6.11411448598479E-18));
#118=IFCPOLYLOOP((#114,#115,#116,#117));
#119=IFCFACEBOUND(#118,.T.);
#120=IFCFACE((#119));
#121=IFCCARTESIANPOINT((-3.36583769022504E-14,-0.0819948986172689,0.025000000372529));
#122=IFCCARTESIANPOINT((0.163989797234464,-7.14860482562451E-16,0.025000000372529));
#123=IFCCARTESIANPOINT((0.163989797234464,-7.15985144223407E-16,-1.35706275413179E-17));
#124=IFCCARTESIANPOINT((-3.36578011641042E-14,-0.0819948986172689,-1.36585740599824E-17));
#125=IFCPOLYLOOP((#121,#122,#123,#124));
#126=IFCFACEBOUND(#125,.T.);
#127=IFCFACE((#126));
#128=IFCCLOSEDSHELL((#92,#99,#106,#113,#120,#127));
#129=IFCFACETEDBREP(#128);
#130=IFCCARTESIANPOINT((-3.34786420808086E-14,-0.0819948986172674,0.025000000372529));
#131=IFCCARTESIANPOINT((-3.3207925298484E-14,-0.249699994921684,0.025000000372529));
#132=IFCCARTESIANPOINT((-3.3207925298484E-14,-0.249699994921684,0.));
#133=IFCCARTESIANPOINT((-3.34786420808086E-14,-0.0819948986172674,0.));
#134=IFCPOLYLOOP((#130,#131,#132,#133));
#135=IFCFACEBOUND(#134,.T.);
#136=IFCFACE((#135));
#137=IFCCARTESIANPOINT((-0.499399989843369,-2.16573425859679E-15,0.025000000372529));
#138=IFCCARTESIANPOINT((-0.163989797234535,-1.44382283906452E-15,0.025000000372529));
#139=IFCCARTESIANPOINT((-0.163989797234535,-1.44382283906452E-15,0.));
#140=IFCCARTESIANPOINT((-0.499399989843369,-2.16573425859679E-15,0.));
#141=IFCPOLYLOOP((#137,#138,#139,#140));
#142=IFCFACEBOUND(#141,.T.);
#143=IFCFACE((#142));
#144=IFCCARTESIANPOINT((-0.163989797234535,-1.44382283906452E-15,0.025000000372529));
#145=IFCCARTESIANPOINT((-3.34786420808086E-14,-0.0819948986172674,0.025000000372529));
#146=IFCCARTESIANPOINT((-3.34786420808086E-14,-0.0819948986172674,0.));
#147=IFCCARTESIANPOINT((-0.163989797234535,-1.44382283906452E-15,0.));
#148=IFCPOLYLOOP((#144,#145,#146,#147));
#149=IFCFACEBOUND(#148,.T.);
#150=IFCFACE((#149));
#151=IFCCARTESIANPOINT((-3.3207925298484E-14,-0.249699994921684,0.));
#152=IFCCARTESIANPOINT((-0.499399989843369,-2.16573425859679E-15,0.));
#153=IFCCARTESIANPOINT((-0.163989797234535,-1.44382283906452E-15,0.));
#154=IFCCARTESIANPOINT((-3.34786420808086E-14,-0.0819948986172674,0.));
#155=IFCPOLYLOOP((#151,#152,#153,#154));
#156=IFCFACEBOUND(#155,.T.);
#157=IFCFACE((#156));
#158=IFCCARTESIANPOINT((-3.3207925298484E-14,-0.249699994921684,0.025000000372529));
#159=IFCCARTESIANPOINT((-0.499399989843369,-2.16573425859679E-15,0.025000000372529));
#160=IFCCARTESIANPOINT((-0.499399989843369,-2.16573425859679E-15,0.));
#161=IFCCARTESIANPOINT((-3.3207925298484E-14,-0.249699994921684,0.));
#162=IFCPOLYLOOP((#158,#159,#160,#161));
#163=IFCFACEBOUND(#162,.T.);
#164=IFCFACE((#163));
#165=IFCCARTESIANPOINT((-3.3207925298484E-14,-0.249699994921684,0.025000000372529));
#166=IFCCARTESIANPOINT((-3.34786420808086E-14,-0.0819948986172674,0.025000000372529));
#167=IFCCARTESIANPOINT((-0.163989797234535,-1.44382283906452E-15,0.025000000372529));
#168=IFCCARTESIANPOINT((-0.499399989843369,-2.16573425859679E-15,0.025000000372529));
#169=IFCPOLYLOOP((#165,#166,#167,#168));
#170=IFCFACEBOUND(#169,.T.);
#171=IFCFACE((#170));
#172=IFCCLOSEDSHELL((#136,#143,#150,#157,#164,#171));
#173=IFCFACETEDBREP(#172);
#174=IFCCARTESIANPOINT((-0.083979956805706,-0.572234034538269,0.025000000372529));
#175=IFCCARTESIANPOINT((-0.083979956805706,-0.546187996864319,0.025000000372529));
#176=IFCCARTESIANPOINT((-0.083979956805706,-0.546187996864319,0.));
#177=IFCCARTESIANPOINT((-0.083979956805706,-0.572234034538269,0.));
#178=IFCPOLYLOOP((#174,#175,#176,#177));
#179=IFCFACEBOUND(#178,.T.);
#180=IFCFACE((#179));
#181=IFCCARTESIANPOINT((0.0382549688220024,-0.396435499191284,0.025000000372529));
#182=IFCCARTESIANPOINT((-0.0714229121804237,-0.396435499191284,0.025000000372529));
#183=IFCCARTESIANPOINT((-0.0714229121804237,-0.396435499191284,0.));
#184=IFCCARTESIANPOINT((0.0382549688220024,-0.396435499191284,0.));
#185=IFCPOLYLOOP((#181,#182,#183,#184));
#186=IFCFACEBOUND(#185,.T.);
#187=IFCFACE((#186));
#188=IFCCARTESIANPOINT((-0.083979956805706,-0.546187996864319,0.025000000372529));
#189=IFCCARTESIANPOINT((0.0187326986342669,-0.420323312282563,0.025000000372529));
#190=IFCCARTESIANPOINT((0.0187326986342669,-0.420323312282563,0.));
#191=IFCCARTESIANPOINT((-0.083979956805706,-0.546187996864319,0.));
#192=IFCPOLYLOOP((#188,#189,#190,#191));
#193=IFCFACEBOUND(#192,.T.);
#194=IFCFACE((#193));
#195=IFCCARTESIANPOINT((-0.0714229121804237,-0.396435499191284,0.025000000372529));
#196=IFCCARTESIANPOINT((-0.0714229121804237,-0.371321439743042,0.025000000372529));
#197=IFCCARTESIANPOINT((-0.0714229121804237,-0.371321439743042,0.));
#198=IFCCARTESIANPOINT((-0.0714229121804237,-0.396435499191284,0.));
#199=IFCPOLYLOOP((#195,#196,#197,#198));
#200=IFCFACEBOUND(#199,.T.);
#201=IFCFACE((#200));
#202=IFCCARTESIANPOINT((-0.0531759671866894,-0.547119975090027,0.025000000372529));
#203=IFCCARTESIANPOINT((0.0729830339550972,-0.547119975090027,0.025000000372529));
#204=IFCCARTESIANPOINT((0.0729830339550972,-0.547119975090027,0.));
#205=IFCCARTESIANPOINT((-0.0531759671866894,-0.547119975090027,0.));
#206=IFCPOLYLOOP((#202,#203,#204,#205));
#207=IFCFACEBOUND(#206,.T.);
#208=IFCFACE((#207));
#209=IFCCARTESIANPOINT((-0.083979956805706,-0.572234034538269,0.));
#210=IFCCARTESIANPOINT((-0.083979956805706,-0.546187996864319,0.));
#211=IFCCARTESIANPOINT((0.0187326986342669,-0.420323312282563,0.));
#212=IFCCARTESIANPOINT((0.0382549688220024,-0.396435499191284,0.));
#213=IFCCARTESIANPOINT((-0.0714229121804237,-0.396435499191284,0.));
#214=IFCCARTESIANPOINT((-0.0714229121804237,-0.371321439743042,0.));
#215=IFCCARTESIANPOINT((0.0698437690734863,-0.371321439743042,0.));
#216=IFCCARTESIANPOINT((0.0698437690734863,-0.396435499191284,0.));
#217=IFCCARTESIANPOINT((-0.0425809659063816,-0.534170508384705,0.));
#218=IFCCARTESIANPOINT((-0.0531759671866894,-0.547119975090027,0.));
#219=IFCCARTESIANPOINT((0.0729830339550972,-0.547119975090027,0.));
#220=IFCCARTESIANPOINT((0.0729830339550972,-0.572234034538269,0.));
#221=IFCPOLYLOOP((#209,#210,#211,#212,#213,#214,#215,#216,#217,#218,#219,#220));
#222=IFCFACEBOUND(#221,.T.);
#223=IFCFACE((#222));
#224=IFCCARTESIANPOINT((0.0729830339550972,-0.547119975090027,0.025000000372529));
#225=IFCCARTESIANPOINT((0.0729830339550972,-0.572234034538269,0.025000000372529));
#226=IFCCARTESIANPOINT((0.0729830339550972,-0.572234034538269,0.));
#227=IFCCARTESIANPOINT((0.0729830339550972,-0.547119975090027,0.));
#228=IFCPOLYLOOP((#224,#225,#226,#227));
#229=IFCFACEBOUND(#228,.T.);
#230=IFCFACE((#229));
#231=IFCCARTESIANPOINT((-0.0425809659063816,-0.534170508384705,0.025000000372529));
#232=IFCCARTESIANPOINT((-0.0531759671866894,-0.547119975090027,0.025000000372529));
#233=IFCCARTESIANPOINT((-0.0531759671866894,-0.547119975090027,0.));
#234=IFCCARTESIANPOINT((-0.0425809659063816,-0.534170508384705,0.));
#235=IFCPOLYLOOP((#231,#232,#233,#234));
#236=IFCFACEBOUND(#235,.T.);
#237=IFCFACE((#236));
#238=IFCCARTESIANPOINT((-0.083979956805706,-0.572234034538269,0.025000000372529));
#239=IFCCARTESIANPOINT((0.0729830339550972,-0.572234034538269,0.025000000372529));
#240=IFCCARTESIANPOINT((0.0729830339550972,-0.547119975090027,0.025000000372529));
#241=IFCCARTESIANPOINT((-0.0531759671866894,-0.547119975090027,0.025000000372529));
#242=IFCCARTESIANPOINT((-0.0425809659063816,-0.534170508384705,0.025000000372529));
#243=IFCCARTESIANPOINT((0.0698437690734863,-0.396435499191284,0.025000000372529));
#244=IFCCARTESIANPOINT((0.0698437690734863,-0.371321439743042,0.025000000372529));
#245=IFCCARTESIANPOINT((-0.0714229121804237,-0.371321439743042,0.025000000372529));
#246=IFCCARTESIANPOINT((-0.0714229121804237,-0.396435499191284,0.025000000372529));
#247=IFCCARTESIANPOINT((0.0382549688220024,-0.396435499191284,0.025000000372529));
#248=IFCCARTESIANPOINT((0.0187326986342669,-0.420323312282563,0.025000000372529));
#249=IFCCARTESIANPOINT((-0.083979956805706,-0.546187996864319,0.025000000372529));
#250=IFCPOLYLOOP((#238,#239,#240,#241,#242,#243,#244,#245,#246,#247,#248,#249));
#251=IFCFACEBOUND(#250,.T.);
#252=IFCFACE((#251));
#253=IFCCARTESIANPOINT((0.0187326986342669,-0.420323312282563,0.025000000372529));
#254=IFCCARTESIANPOINT((0.0382549688220024,-0.396435499191284,0.025000000372529));
#255=IFCCARTESIANPOINT((0.0382549688220024,-0.396435499191284,0.));
#256=IFCCARTESIANPOINT((0.0187326986342669,-0.420323312282563,0.));
#257=IFCPOLYLOOP((#253,#254,#255,#256));
#258=IFCFACEBOUND(#257,.T.);
#259=IFCFACE((#258));
#260=IFCCARTESIANPOINT((0.0698437690734863,-0.396435499191284,0.025000000372529));
#261=IFCCARTESIANPOINT((-0.0425809659063816,-0.534170508384705,0.025000000372529));
#262=IFCCARTESIANPOINT((-0.0425809659063816,-0.534170508384705,0.));
#263=IFCCARTESIANPOINT((0.0698437690734863,-0.396435499191284,0.));
#264=IFCPOLYLOOP((#260,#261,#262,#263));
#265=IFCFACEBOUND(#264,.T.);
#266=IFCFACE((#265));
#267=IFCCARTESIANPOINT((0.0698437690734863,-0.371321439743042,0.025000000372529));
#268=IFCCARTESIANPOINT((0.0698437690734863,-0.396435499191284,0.025000000372529));
#269=IFCCARTESIANPOINT((0.0698437690734863,-0.396435499191284,0.));
#270=IFCCARTESIANPOINT((0.0698437690734863,-0.371321439743042,0.));
#271=IFCPOLYLOOP((#267,#268,#269,#270));
#272=IFCFACEBOUND(#271,.T.);
#273=IFCFACE((#272));
#274=IFCCARTESIANPOINT((0.0729830339550972,-0.572234034538269,0.025000000372529));
#275=IFCCARTESIANPOINT((-0.083979956805706,-0.572234034538269,0.025000000372529));
#276=IFCCARTESIANPOINT((-0.083979956805706,-0.572234034538269,0.));
#277=IFCCARTESIANPOINT((0.0729830339550972,-0.572234034538269,0.));
#278=IFCPOLYLOOP((#274,#275,#276,#277));
#279=IFCFACEBOUND(#278,.T.);
#280=IFCFACE((#279));
#281=IFCCARTESIANPOINT((-0.0714229121804237,-0.371321439743042,0.025000000372529));
#282=IFCCARTESIANPOINT((0.0698437690734863,-0.371321439743042,0.025000000372529));
#283=IFCCARTESIANPOINT((0.0698437690734863,-0.371321439743042,0.));
#284=IFCCARTESIANPOINT((-0.0714229121804237,-0.371321439743042,0.));
#285=IFCPOLYLOOP((#281,#282,#283,#284));
#286=IFCFACEBOUND(#285,.T.);
#287=IFCFACE((#286));
#288=IFCCLOSEDSHELL((#180,#187,#194,#201,#208,#223,#230,#237,#252,#259,#266,#273,#280,#287));
#289=IFCFACETEDBREP(#288);
#290=IFCCARTESIANPOINT((0.745889663696289,-0.104676522314549,0.025000000372529));
#291=IFCCARTESIANPOINT((0.719132363796234,-0.101261354982853,0.025000000372529));
#292=IFCCARTESIANPOINT((0.719132363796234,-0.101261354982853,0.));
#293=IFCCARTESIANPOINT((0.745889663696289,-0.104676522314549,0.));
#294=IFCPOLYLOOP((#290,#291,#292,#293));
#295=IFCFACEBOUND(#294,.T.);
#296=IFCFACE((#295));
#297=IFCCARTESIANPOINT((0.77109569311142,-0.101586312055588,0.025000000372529));
#298=IFCCARTESIANPOINT((0.745889663696289,-0.104676522314549,0.025000000372529));
#299=IFCCARTESIANPOINT((0.745889663696289,-0.104676522314549,0.));
#300=IFCCARTESIANPOINT((0.77109569311142,-0.101586312055588,0.));
#301=IFCPOLYLOOP((#297,#298,#299,#300));
#302=IFCFACEBOUND(#301,.T.);
#303=IFCFACE((#302));
#304=IFCCARTESIANPOINT((0.794523656368256,-0.0923156887292863,0.025000000372529));
#305=IFCCARTESIANPOINT((0.77109569311142,-0.101586312055588,0.025000000372529));
#306=IFCCARTESIANPOINT((0.77109569311142,-0.101586312055588,0.));
#307=IFCCARTESIANPOINT((0.794523656368256,-0.0923156887292863,0.));
#308=IFCPOLYLOOP((#304,#305,#306,#307));
#309=IFCFACEBOUND(#308,.T.);
#310=IFCFACE((#309));
#311=IFCCARTESIANPOINT((0.838565230369568,-0.0302785206586121,0.025000000372529));
#312=IFCCARTESIANPOINT((0.829349815845489,-0.0559198968112466,0.025000000372529));
#313=IFCCARTESIANPOINT((0.829349815845489,-0.0559198968112466,0.));
#314=IFCCARTESIANPOINT((0.838565230369568,-0.0302785206586121,0.));
#315=IFCPOLYLOOP((#311,#312,#313,#314));
#316=IFCFACEBOUND(#315,.T.);
#317=IFCFACE((#316));
#318=IFCCARTESIANPOINT((0.829349815845489,-0.0559198968112466,0.025000000372529));
#319=IFCCARTESIANPOINT((0.814499616622925,-0.0770363211631774,0.025000000372529));
#320=IFCCARTESIANPOINT((0.814499616622925,-0.0770363211631774,0.));
#321=IFCCARTESIANPOINT((0.829349815845489,-0.0559198968112466,0.));
#322=IFCPOLYLOOP((#318,#319,#320,#321));
#323=IFCFACEBOUND(#322,.T.);
#324=IFCFACE((#323));
#325=IFCCARTESIANPOINT((0.650142252445221,-0.00372970383614336,0.025000000372529));
#326=IFCCARTESIANPOINT((0.653011679649353,-0.0294262617826464,0.025000000372529));
#327=IFCCARTESIANPOINT((0.661620140075684,-0.0537371300160888,0.025000000372529));
#328=IFCCARTESIANPOINT((0.67579585313797,-0.0748658180236818,0.025000000372529));
#329=IFCCARTESIANPOINT((0.695367157459259,-0.091015838086605,0.025000000372529));
#330=IFCCARTESIANPOINT((0.719132363796234,-0.101261354982853,0.025000000372529));
#331=IFCCARTESIANPOINT((0.745889663696289,-0.104676522314549,0.025000000372529));
#332=IFCCARTESIANPOINT((0.77109569311142,-0.101586312055588,0.025000000372529));
#333=IFCCARTESIANPOINT((0.794523656368256,-0.0923156887292863,0.025000000372529));
#334=IFCCARTESIANPOINT((0.814499616622925,-0.0770363211631774,0.025000000372529));
#335=IFCCARTESIANPOINT((0.829349815845489,-0.0559198968112466,0.025000000372529));
#336=IFCCARTESIANPOINT((0.838565230369568,-0.0302785206586121,0.025000000372529));
#337=IFCCARTESIANPOINT((0.841637074947357,-0.00142431003041575,0.025000000372529));
#338=IFCCARTESIANPOINT((0.83871853351593,0.0270497556775809,0.025000000372529));
#339=IFCCARTESIANPOINT((0.829962968826294,0.0523355118930338,0.025000000372529));
#340=IFCCARTESIANPOINT((0.815640091896057,0.0734151527285577,0.025000000372529));
#341=IFCCARTESIANPOINT((0.796019673347473,0.0892708674073216,0.025000000372529));
#342=IFCCARTESIANPOINT((0.77238941192627,0.0992036759853361,0.025000000372529));
#343=IFCCARTESIANPOINT((0.74603682756424,0.102514617145061,0.025000000372529));
#344=IFCCARTESIANPOINT((0.725843131542206,0.100751847028732,0.025000000372529));
#345=IFCCARTESIANPOINT((0.707593142986298,0.0954635441303251,0.025000000372529));
#346=IFCCARTESIANPOINT((0.691286742687225,0.0866497084498407,0.025000000372529));
#347=IFCCARTESIANPOINT((0.676924049854279,0.0743103325366972,0.025000000372529));
#348=IFCCARTESIANPOINT((0.665206968784332,0.0588562190532682,0.025000000372529));
#349=IFCCARTESIANPOINT((0.656837701797485,0.0406981781125066,0.025000000372529));
#350=IFCCARTESIANPOINT((0.651816070079803,0.0198362041264772,0.025000000372529));
#351=IFCCARTESIANPOINT((0.675256311893463,-0.00397495832294255,0.025000000372529));
#352=IFCCARTESIANPOINT((0.680492460727692,0.0336041860282421,0.025000000372529));
#353=IFCCARTESIANPOINT((0.687037706375122,0.0476894676685332,0.025000000372529));
#354=IFCCARTESIANPOINT((0.696201026439667,0.0586385577917101,0.025000000372529));
#355=IFCCARTESIANPOINT((0.719169139862061,0.0727100446820262,0.025000000372529));
#356=IFCCARTESIANPOINT((0.746183931827545,0.0774005353450775,0.025000000372529));
#357=IFCCARTESIANPOINT((0.765626490116119,0.074966385960579,0.025000000372529));
#358=IFCCARTESIANPOINT((0.783045709133148,0.0676639303565028,0.025000000372529));
#359=IFCCARTESIANPOINT((0.797485113143921,0.0559346228837969,0.025000000372529));
#360=IFCCARTESIANPOINT((0.807988107204437,0.0402199327945712,0.025000000372529));
#361=IFCCARTESIANPOINT((0.814389288425445,0.0210042297840115,0.025000000372529));
#362=IFCCARTESIANPOINT((0.816523015499115,-0.00122810632456125,0.025000000372529));
#363=IFCCARTESIANPOINT((0.81153815984726,-0.0344723761081697,0.025000000372529));
#364=IFCCARTESIANPOINT((0.80530720949173,-0.0478847399353985,0.025000000372529));
#365=IFCCARTESIANPOINT((0.796583771705627,-0.0591572560369969,0.025000000372529));
#366=IFCCARTESIANPOINT((0.773903846740723,-0.07446114718914,0.025000000372529));
#367=IFCCARTESIANPOINT((0.745742499828339,-0.079562447965145,0.025000000372529));
#368=IFCCARTESIANPOINT((0.717985808849335,-0.0745102018117905,0.025000000372529));
#369=IFCCARTESIANPOINT((0.695342659950256,-0.0593534633517263,0.025000000372529));
#370=IFCCARTESIANPOINT((0.6802778840065,-0.0354043431580064,0.025000000372529));
#371=IFCPOLYLOOP((#325,#326,#327,#328,#329,#330,#331,#332,#333,#334,#335,#336,#337,#338,#339,#340,#341,#342,#343,#344,#345,#346,#347,#348,#349,#350,#351,#352,#353,#354,#355,#356,#357,#358,#359,#360,#361,#362,#363,#364,#365,#366,#367,#368,#369,#370));
#372=IFCFACEBOUND(#371,.T.);
#373=IFCFACE((#372));
#374=IFCCARTESIANPOINT((0.650142252445221,-0.00372970383614336,0.));
#375=IFCCARTESIANPOINT((0.651816070079803,0.0198362041264772,0.));
#376=IFCCARTESIANPOINT((0.656837701797485,0.0406981781125066,0.));
#377=IFCCARTESIANPOINT((0.665206968784332,0.0588562190532682,0.));
#378=IFCCARTESIANPOINT((0.676924049854279,0.0743103325366972,0.));
#379=IFCCARTESIANPOINT((0.691286742687225,0.0866497084498407,0.));
#380=IFCCARTESIANPOINT((0.707593142986298,0.0954635441303251,0.));
#381=IFCCARTESIANPOINT((0.725843131542206,0.100751847028732,0.));
#382=IFCCARTESIANPOINT((0.74603682756424,0.102514617145061,0.));
#383=IFCCARTESIANPOINT((0.77238941192627,0.0992036759853361,0.));
#384=IFCCARTESIANPOINT((0.796019673347473,0.0892708674073216,0.));
#385=IFCCARTESIANPOINT((0.815640091896057,0.0734151527285577,0.));
#386=IFCCARTESIANPOINT((0.829962968826294,0.0523355118930338,0.));
#387=IFCCARTESIANPOINT((0.83871853351593,0.0270497556775809,0.));
#388=IFCCARTESIANPOINT((0.841637074947357,-0.00142431003041575,0.));
#389=IFCCARTESIANPOINT((0.838565230369568,-0.0302785206586121,0.));
#390=IFCCARTESIANPOINT((0.829349815845489,-0.0559198968112466,0.));
#391=IFCCARTESIANPOINT((0.814499616622925,-0.0770363211631774,0.));
#392=IFCCARTESIANPOINT((0.794523656368256,-0.0923156887292863,0.));
#393=IFCCARTESIANPOINT((0.77109569311142,-0.101586312055588,0.));
#394=IFCCARTESIANPOINT((0.745889663696289,-0.104676522314549,0.));
#395=IFCCARTESIANPOINT((0.719132363796234,-0.101261354982853,0.));
#396=IFCCARTESIANPOINT((0.695367157459259,-0.091015838086605,0.));
#397=IFCCARTESIANPOINT((0.67579585313797,-0.0748658180236818,0.));
#398=IFCCARTESIANPOINT((0.661620140075684,-0.0537371300160888,0.));
#399=IFCCARTESIANPOINT((0.653011679649353,-0.0294262617826464,0.));
#400=IFCCARTESIANPOINT((0.675256311893463,-0.00397495832294255,0.));
#401=IFCCARTESIANPOINT((0.6802778840065,-0.0354043431580064,0.));
#402=IFCCARTESIANPOINT((0.695342659950256,-0.0593534633517263,0.));
#403=IFCCARTESIANPOINT((0.717985808849335,-0.0745102018117905,0.));
#404=IFCCARTESIANPOINT((0.745742499828339,-0.079562447965145,0.));
#405=IFCCARTESIANPOINT((0.773903846740723,-0.07446114718914,0.));
#406=IFCCARTESIANPOINT((0.796583771705627,-0.0591572560369969,0.));
#407=IFCCARTESIANPOINT((0.80530720949173,-0.0478847399353985,0.));
#408=IFCCARTESIANPOINT((0.81153815984726,-0.0344723761081697,0.));
#409=IFCCARTESIANPOINT((0.816523015499115,-0.00122810632456125,0.));
#410=IFCCARTESIANPOINT((0.814389288425445,0.0210042297840115,0.));
#411=IFCCARTESIANPOINT((0.807988107204437,0.0402199327945712,0.));
#412=IFCCARTESIANPOINT((0.797485113143921,0.0559346228837969,0.));
#413=IFCCARTESIANPOINT((0.783045709133148,0.0676639303565028,0.));
#414=IFCCARTESIANPOINT((0.765626490116119,0.074966385960579,0.));
#415=IFCCARTESIANPOINT((0.746183931827545,0.0774005353450775,0.));
#416=IFCCARTESIANPOINT((0.719169139862061,0.0727100446820262,0.));
#417=IFCCARTESIANPOINT((0.696201026439667,0.0586385577917101,0.));
#418=IFCCARTESIANPOINT((0.687037706375122,0.0476894676685332,0.));
#419=IFCCARTESIANPOINT((0.680492460727692,0.0336041860282421,0.));
#420=IFCPOLYLOOP((#374,#375,#376,#377,#378,#379,#380,#381,#382,#383,#384,#385,#386,#387,#388,#389,#390,#391,#392,#393,#394,#395,#396,#397,#398,#399,#400,#401,#402,#403,#404,#405,#406,#407,#408,#409,#410,#411,#412,#413,#414,#415,#416,#417,#418,#419));
#421=IFCFACEBOUND(#420,.T.);
#422=IFCFACE((#421));
#423=IFCCARTESIANPOINT((0.67579585313797,-0.0748658180236818,0.025000000372529));
#424=IFCCARTESIANPOINT((0.661620140075684,-0.0537371300160888,0.025000000372529));
#425=IFCCARTESIANPOINT((0.661620140075684,-0.0537371300160888,0.));
#426=IFCCARTESIANPOINT((0.67579585313797,-0.0748658180236818,0.));
#427=IFCPOLYLOOP((#423,#424,#425,#426));
#428=IFCFACEBOUND(#427,.T.);
#429=IFCFACE((#428));
#430=IFCCARTESIANPOINT((0.815640091896057,0.0734151527285577,0.025000000372529));
#431=IFCCARTESIANPOINT((0.829962968826294,0.0523355118930338,0.025000000372529));
#432=IFCCARTESIANPOINT((0.829962968826294,0.0523355118930338,0.));
#433=IFCCARTESIANPOINT((0.815640091896057,0.0734151527285577,0.));
#434=IFCPOLYLOOP((#430,#431,#432,#433));
#435=IFCFACEBOUND(#434,.T.);
#436=IFCFACE((#435));
#437=IFCCARTESIANPOINT((0.796019673347473,0.0892708674073216,0.025000000372529));
#438=IFCCARTESIANPOINT((0.815640091896057,0.0734151527285577,0.025000000372529));
#439=IFCCARTESIANPOINT((0.815640091896057,0.0734151527285577,0.));
#440=IFCCARTESIANPOINT((0.796019673347473,0.0892708674073216,0.));
#441=IFCPOLYLOOP((#437,#438,#439,#440));
#442=IFCFACEBOUND(#441,.T.);
#443=IFCFACE((#442));
#444=IFCCARTESIANPOINT((0.661620140075684,-0.0537371300160888,0.025000000372529));
#445=IFCCARTESIANPOINT((0.653011679649353,-0.0294262617826464,0.025000000372529));
#446=IFCCARTESIANPOINT((0.653011679649353,-0.0294262617826464,0.));
#447=IFCCARTESIANPOINT((0.661620140075684,-0.0537371300160888,0.));
#448=IFCPOLYLOOP((#444,#445,#446,#447));
#449=IFCFACEBOUND(#448,.T.);
#450=IFCFACE((#449));
#451=IFCCARTESIANPOINT((0.653011679649353,-0.0294262617826464,0.025000000372529));
#452=IFCCARTESIANPOINT((0.650142252445221,-0.00372970383614336,0.025000000372529));
#453=IFCCARTESIANPOINT((0.650142252445221,-0.00372970383614336,0.));
#454=IFCCARTESIANPOINT((0.653011679649353,-0.0294262617826464,0.));
#455=IFCPOLYLOOP((#451,#452,#453,#454));
#456=IFCFACEBOUND(#455,.T.);
#457=IFCFACE((#456));
#458=IFCCARTESIANPOINT((0.74603682756424,0.102514617145061,0.025000000372529));
#459=IFCCARTESIANPOINT((0.77238941192627,0.0992036759853361,0.025000000372529));
#460=IFCCARTESIANPOINT((0.77238941192627,0.0992036759853361,0.));
#461=IFCCARTESIANPOINT((0.74603682756424,0.102514617145061,0.));
#462=IFCPOLYLOOP((#458,#459,#460,#461));
#463=IFCFACEBOUND(#462,.T.);
#464=IFCFACE((#463));
#465=IFCCARTESIANPOINT((0.707593142986298,0.0954635441303251,0.025000000372529));
#466=IFCCARTESIANPOINT((0.725843131542206,0.100751847028732,0.025000000372529));
#467=IFCCARTESIANPOINT((0.725843131542206,0.100751847028732,0.));
#468=IFCCARTESIANPOINT((0.707593142986298,0.0954635441303251,0.));
#469=IFCPOLYLOOP((#465,#466,#467,#468));
#470=IFCFACEBOUND(#469,.T.);
#471=IFCFACE((#470));
#472=IFCCARTESIANPOINT((0.725843131542206,0.100751847028732,0.025000000372529));
#473=IFCCARTESIANPOINT((0.74603682756424,0.102514617145061,0.025000000372529));
#474=IFCCARTESIANPOINT((0.74603682756424,0.102514617145061,0.));
#475=IFCCARTESIANPOINT((0.725843131542206,0.100751847028732,0.));
#476=IFCPOLYLOOP((#472,#473,#474,#475));
#477=IFCFACEBOUND(#476,.T.);
#478=IFCFACE((#477));
#479=IFCCARTESIANPOINT((0.719169139862061,0.0727100446820262,0.025000000372529));
#480=IFCCARTESIANPOINT((0.696201026439667,0.0586385577917101,0.025000000372529));
#481=IFCCARTESIANPOINT((0.696201026439667,0.0586385577917101,0.));
#482=IFCCARTESIANPOINT((0.719169139862061,0.0727100446820262,0.));
#483=IFCPOLYLOOP((#479,#480,#481,#482));
#484=IFCFACEBOUND(#483,.T.);
#485=IFCFACE((#484));
#486=IFCCARTESIANPOINT((0.691286742687225,0.0866497084498407,0.025000000372529));
#487=IFCCARTESIANPOINT((0.707593142986298,0.0954635441303251,0.025000000372529));
#488=IFCCARTESIANPOINT((0.707593142986298,0.0954635441303251,0.));
#489=IFCCARTESIANPOINT((0.691286742687225,0.0866497084498407,0.));
#490=IFCPOLYLOOP((#486,#487,#488,#489));
#491=IFCFACEBOUND(#490,.T.);
#492=IFCFACE((#491));
#493=IFCCARTESIANPOINT((0.746183931827545,0.0774005353450775,0.025000000372529));
#494=IFCCARTESIANPOINT((0.719169139862061,0.0727100446820262,0.025000000372529));
#495=IFCCARTESIANPOINT((0.719169139862061,0.0727100446820262,0.));
#496=IFCCARTESIANPOINT((0.746183931827545,0.0774005353450775,0.));
#497=IFCPOLYLOOP((#493,#494,#495,#496));
#498=IFCFACEBOUND(#497,.T.);
#499=IFCFACE((#498));
#500=IFCCARTESIANPOINT((0.765626490116119,0.074966385960579,0.025000000372529));
#501=IFCCARTESIANPOINT((0.746183931827545,0.0774005353450775,0.025000000372529));
#502=IFCCARTESIANPOINT((0.746183931827545,0.0774005353450775,0.));
#503=IFCCARTESIANPOINT((0.765626490116119,0.074966385960579,0.));
#504=IFCPOLYLOOP((#500,#501,#502,#503));
#505=IFCFACEBOUND(#504,.T.);
#506=IFCFACE((#505));
#507=IFCCARTESIANPOINT((0.77238941192627,0.0992036759853361,0.025000000372529));
#508=IFCCARTESIANPOINT((0.796019673347473,0.0892708674073216,0.025000000372529));
#509=IFCCARTESIANPOINT((0.796019673347473,0.0892708674073216,0.));
#510=IFCCARTESIANPOINT((0.77238941192627,0.0992036759853361,0.));
#511=IFCPOLYLOOP((#507,#508,#509,#510));
#512=IFCFACEBOUND(#511,.T.);
#513=IFCFACE((#512));
#514=IFCCARTESIANPOINT((0.687037706375122,0.0476894676685332,0.025000000372529));
#515=IFCCARTESIANPOINT((0.680492460727692,0.0336041860282421,0.025000000372529));
#516=IFCCARTESIANPOINT((0.680492460727692,0.0336041860282421,0.));
#517=IFCCARTESIANPOINT((0.687037706375122,0.0476894676685332,0.));
#518=IFCPOLYLOOP((#514,#515,#516,#517));
#519=IFCFACEBOUND(#518,.T.);
#520=IFCFACE((#519));
#521=IFCCARTESIANPOINT((0.696201026439667,0.0586385577917101,0.025000000372529));
#522=IFCCARTESIANPOINT((0.687037706375122,0.0476894676685332,0.025000000372529));
#523=IFCCARTESIANPOINT((0.687037706375122,0.0476894676685332,0.));
#524=IFCCARTESIANPOINT((0.696201026439667,0.0586385577917101,0.));
#525=IFCPOLYLOOP((#521,#522,#523,#524));
#526=IFCFACEBOUND(#525,.T.);
#527=IFCFACE((#526));
#528=IFCCARTESIANPOINT((0.680492460727692,0.0336041860282421,0.025000000372529));
#529=IFCCARTESIANPOINT((0.675256311893463,-0.00397495832294255,0.025000000372529));
#530=IFCCARTESIANPOINT((0.675256311893463,-0.00397495832294255,0.));
#531=IFCCARTESIANPOINT((0.680492460727692,0.0336041860282421,0.));
#532=IFCPOLYLOOP((#528,#529,#530,#531));
#533=IFCFACEBOUND(#532,.T.);
#534=IFCFACE((#533));
#535=IFCCARTESIANPOINT((0.796583771705627,-0.0591572560369969,0.025000000372529));
#536=IFCCARTESIANPOINT((0.80530720949173,-0.0478847399353985,0.025000000372529));
#537=IFCCARTESIANPOINT((0.80530720949173,-0.0478847399353985,0.));
#538=IFCCARTESIANPOINT((0.796583771705627,-0.0591572560369969,0.));
#539=IFCPOLYLOOP((#535,#536,#537,#538));
#540=IFCFACEBOUND(#539,.T.);
#541=IFCFACE((#540));
#542=IFCCARTESIANPOINT((0.80530720949173,-0.0478847399353985,0.025000000372529));
#543=IFCCARTESIANPOINT((0.81153815984726,-0.0344723761081697,0.025000000372529));
#544=IFCCARTESIANPOINT((0.81153815984726,-0.0344723761081697,0.));
#545=IFCCARTESIANPOINT((0.80530720949173,-0.0478847399353985,0.));
#546=IFCPOLYLOOP((#542,#543,#544,#545));
#547=IFCFACEBOUND(#546,.T.);
#548=IFCFACE((#547));
#549=IFCCARTESIANPOINT((0.81153815984726,-0.0344723761081697,0.025000000372529));
#550=IFCCARTESIANPOINT((0.816523015499115,-0.00122810632456125,0.025000000372529));
#551=IFCCARTESIANPOINT((0.816523015499115,-0.00122810632456125,0.));
#552=IFCCARTESIANPOINT((0.81153815984726,-0.0344723761081697,0.));
#553=IFCPOLYLOOP((#549,#550,#551,#552));
#554=IFCFACEBOUND(#553,.T.);
#555=IFCFACE((#554));
#556=IFCCARTESIANPOINT((0.816523015499115,-0.00122810632456125,0.025000000372529));
#557=IFCCARTESIANPOINT((0.814389288425445,0.0210042297840115,0.025000000372529));
#558=IFCCARTESIANPOINT((0.814389288425445,0.0210042297840115,0.));
#559=IFCCARTESIANPOINT((0.816523015499115,-0.00122810632456125,0.));
#560=IFCPOLYLOOP((#556,#557,#558,#559));
#561=IFCFACEBOUND(#560,.T.);
#562=IFCFACE((#561));
#563=IFCCARTESIANPOINT((0.814389288425445,0.0210042297840115,0.025000000372529));
#564=IFCCARTESIANPOINT((0.807988107204437,0.0402199327945712,0.025000000372529));
#565=IFCCARTESIANPOINT((0.807988107204437,0.0402199327945712,0.));
#566=IFCCARTESIANPOINT((0.814389288425445,0.0210042297840115,0.));
#567=IFCPOLYLOOP((#563,#564,#565,#566));
#568=IFCFACEBOUND(#567,.T.);
#569=IFCFACE((#568));
#570=IFCCARTESIANPOINT((0.807988107204437,0.0402199327945712,0.025000000372529));
#571=IFCCARTESIANPOINT((0.797485113143921,0.0559346228837969,0.025000000372529));
#572=IFCCARTESIANPOINT((0.797485113143921,0.0559346228837969,0.));
#573=IFCCARTESIANPOINT((0.807988107204437,0.0402199327945712,0.));
#574=IFCPOLYLOOP((#570,#571,#572,#573));
#575=IFCFACEBOUND(#574,.T.);
#576=IFCFACE((#575));
#577=IFCCARTESIANPOINT((0.797485113143921,0.0559346228837969,0.025000000372529));
#578=IFCCARTESIANPOINT((0.783045709133148,0.0676639303565028,0.025000000372529));
#579=IFCCARTESIANPOINT((0.783045709133148,0.0676639303565028,0.));
#580=IFCCARTESIANPOINT((0.797485113143921,0.0559346228837969,0.));
#581=IFCPOLYLOOP((#577,#578,#579,#580));
#582=IFCFACEBOUND(#581,.T.);
#583=IFCFACE((#582));
#584=IFCCARTESIANPOINT((0.783045709133148,0.0676639303565028,0.025000000372529));
#585=IFCCARTESIANPOINT((0.765626490116119,0.074966385960579,0.025000000372529));
#586=IFCCARTESIANPOINT((0.765626490116119,0.074966385960579,0.));
#587=IFCCARTESIANPOINT((0.783045709133148,0.0676639303565028,0.));
#588=IFCPOLYLOOP((#584,#585,#586,#587));
#589=IFCFACEBOUND(#588,.T.);
#590=IFCFACE((#589));
#591=IFCCARTESIANPOINT((0.675256311893463,-0.00397495832294255,0.025000000372529));
#592=IFCCARTESIANPOINT((0.6802778840065,-0.0354043431580064,0.025000000372529));
#593=IFCCARTESIANPOINT((0.6802778840065,-0.0354043431580064,0.));
#594=IFCCARTESIANPOINT((0.675256311893463,-0.00397495832294255,0.));
#595=IFCPOLYLOOP((#591,#592,#593,#594));
#596=IFCFACEBOUND(#595,.T.);
#597=IFCFACE((#596));
#598=IFCCARTESIANPOINT((0.6802778840065,-0.0354043431580064,0.025000000372529));
#599=IFCCARTESIANPOINT((0.695342659950256,-0.0593534633517263,0.025000000372529));
#600=IFCCARTESIANPOINT((0.695342659950256,-0.0593534633517263,0.));
#601=IFCCARTESIANPOINT((0.6802778840065,-0.0354043431580064,0.));
#602=IFCPOLYLOOP((#598,#599,#600,#601));
#603=IFCFACEBOUND(#602,.T.);
#604=IFCFACE((#603));
#605=IFCCARTESIANPOINT((0.695342659950256,-0.0593534633517263,0.025000000372529));
#606=IFCCARTESIANPOINT((0.717985808849335,-0.0745102018117905,0.025000000372529));
#607=IFCCARTESIANPOINT((0.717985808849335,-0.0745102018117905,0.));
#608=IFCCARTESIANPOINT((0.695342659950256,-0.0593534633517263,0.));
#609=IFCPOLYLOOP((#605,#606,#607,#608));
#610=IFCFACEBOUND(#609,.T.);
#611=IFCFACE((#610));
#612=IFCCARTESIANPOINT((0.717985808849335,-0.0745102018117905,0.025000000372529));
#613=IFCCARTESIANPOINT((0.745742499828339,-0.079562447965145,0.025000000372529));
#614=IFCCARTESIANPOINT((0.745742499828339,-0.079562447965145,0.));
#615=IFCCARTESIANPOINT((0.717985808849335,-0.0745102018117905,0.));
#616=IFCPOLYLOOP((#612,#613,#614,#615));
#617=IFCFACEBOUND(#616,.T.);
#618=IFCFACE((#617));
#619=IFCCARTESIANPOINT((0.745742499828339,-0.079562447965145,0.025000000372529));
#620=IFCCARTESIANPOINT((0.773903846740723,-0.07446114718914,0.025000000372529));
#621=IFCCARTESIANPOINT((0.773903846740723,-0.07446114718914,0.));
#622=IFCCARTESIANPOINT((0.745742499828339,-0.079562447965145,0.));
#623=IFCPOLYLOOP((#619,#620,#621,#622));
#624=IFCFACEBOUND(#623,.T.);
#625=IFCFACE((#624));
#626=IFCCARTESIANPOINT((0.773903846740723,-0.07446114718914,0.025000000372529));
#627=IFCCARTESIANPOINT((0.796583771705627,-0.0591572560369969,0.025000000372529));
#628=IFCCARTESIANPOINT((0.796583771705627,-0.0591572560369969,0.));
#629=IFCCARTESIANPOINT((0.773903846740723,-0.07446114718914,0.));
#630=IFCPOLYLOOP((#626,#627,#628,#629));
#631=IFCFACEBOUND(#630,.T.);
#632=IFCFACE((#631));
#633=IFCCARTESIANPOINT((0.650142252445221,-0.00372970383614336,0.025000000372529));
#634=IFCCARTESIANPOINT((0.651816070079803,0.0198362041264772,0.025000000372529));
#635=IFCCARTESIANPOINT((0.651816070079803,0.0198362041264772,0.));
#636=IFCCARTESIANPOINT((0.650142252445221,-0.00372970383614336,0.));
#637=IFCPOLYLOOP((#633,#634,#635,#636));
#638=IFCFACEBOUND(#637,.T.);
#639=IFCFACE((#638));
#640=IFCCARTESIANPOINT((0.651816070079803,0.0198362041264772,0.025000000372529));
#641=IFCCARTESIANPOINT((0.656837701797485,0.0406981781125066,0.025000000372529));
#642=IFCCARTESIANPOINT((0.656837701797485,0.0406981781125066,0.));
#643=IFCCARTESIANPOINT((0.651816070079803,0.0198362041264772,0.));
#644=IFCPOLYLOOP((#640,#641,#642,#643));
#645=IFCFACEBOUND(#644,.T.);
#646=IFCFACE((#645));
#647=IFCCARTESIANPOINT((0.695367157459259,-0.091015838086605,0.025000000372529));
#648=IFCCARTESIANPOINT((0.67579585313797,-0.0748658180236818,0.025000000372529));
#649=IFCCARTESIANPOINT((0.67579585313797,-0.0748658180236818,0.));
#650=IFCCARTESIANPOINT((0.695367157459259,-0.091015838086605,0.));
#651=IFCPOLYLOOP((#647,#648,#649,#650));
#652=IFCFACEBOUND(#651,.T.);
#653=IFCFACE((#652));
#654=IFCCARTESIANPOINT((0.719132363796234,-0.101261354982853,0.025000000372529));
#655=IFCCARTESIANPOINT((0.695367157459259,-0.091015838086605,0.025000000372529));
#656=IFCCARTESIANPOINT((0.695367157459259,-0.091015838086605,0.));
#657=IFCCARTESIANPOINT((0.719132363796234,-0.101261354982853,0.));
#658=IFCPOLYLOOP((#654,#655,#656,#657));
#659=IFCFACEBOUND(#658,.T.);
#660=IFCFACE((#659));
#661=IFCCARTESIANPOINT((0.656837701797485,0.0406981781125066,0.025000000372529));
#662=IFCCARTESIANPOINT((0.665206968784332,0.0588562190532682,0.025000000372529));
#663=IFCCARTESIANPOINT((0.665206968784332,0.0588562190532682,0.));
#664=IFCCARTESIANPOINT((0.656837701797485,0.0406981781125066,0.));
#665=IFCPOLYLOOP((#661,#662,#663,#664));
#666=IFCFACEBOUND(#665,.T.);
#667=IFCFACE((#666));
#668=IFCCARTESIANPOINT((0.814499616622925,-0.0770363211631774,0.025000000372529));
#669=IFCCARTESIANPOINT((0.794523656368256,-0.0923156887292863,0.025000000372529));
#670=IFCCARTESIANPOINT((0.794523656368256,-0.0923156887292863,0.));
#671=IFCCARTESIANPOINT((0.814499616622925,-0.0770363211631774,0.));
#672=IFCPOLYLOOP((#668,#669,#670,#671));
#673=IFCFACEBOUND(#672,.T.);
#674=IFCFACE((#673));
#675=IFCCARTESIANPOINT((0.676924049854279,0.0743103325366972,0.025000000372529));
#676=IFCCARTESIANPOINT((0.691286742687225,0.0866497084498407,0.025000000372529));
#677=IFCCARTESIANPOINT((0.691286742687225,0.0866497084498407,0.));
#678=IFCCARTESIANPOINT((0.676924049854279,0.0743103325366972,0.));
#679=IFCPOLYLOOP((#675,#676,#677,#678));
#680=IFCFACEBOUND(#679,.T.);
#681=IFCFACE((#680));
#682=IFCCARTESIANPOINT((0.665206968784332,0.0588562190532682,0.025000000372529));
#683=IFCCARTESIANPOINT((0.676924049854279,0.0743103325366972,0.025000000372529));
#684=IFCCARTESIANPOINT((0.676924049854279,0.0743103325366972,0.));
#685=IFCCARTESIANPOINT((0.665206968784332,0.0588562190532682,0.));
#686=IFCPOLYLOOP((#682,#683,#684,#685));
#687=IFCFACEBOUND(#686,.T.);
#688=IFCFACE((#687));
#689=IFCCARTESIANPOINT((0.841637074947357,-0.00142431003041575,0.025000000372529));
#690=IFCCARTESIANPOINT((0.838565230369568,-0.0302785206586121,0.025000000372529));
#691=IFCCARTESIANPOINT((0.838565230369568,-0.0302785206586121,0.));
#692=IFCCARTESIANPOINT((0.841637074947357,-0.00142431003041575,0.));
#693=IFCPOLYLOOP((#689,#690,#691,#692));
#694=IFCFACEBOUND(#693,.T.);
#695=IFCFACE((#694));
#696=IFCCARTESIANPOINT((0.829962968826294,0.0523355118930338,0.025000000372529));
#697=IFCCARTESIANPOINT((0.83871853351593,0.0270497556775809,0.025000000372529));
#698=IFCCARTESIANPOINT((0.83871853351593,0.0270497556775809,0.));
#699=IFCCARTESIANPOINT((0.829962968826294,0.0523355118930338,0.));
#700=IFCPOLYLOOP((#696,#697,#698,#699));
#701=IFCFACEBOUND(#700,.T.);
#702=IFCFACE((#701));
#703=IFCCARTESIANPOINT((0.83871853351593,0.0270497556775809,0.025000000372529));
#704=IFCCARTESIANPOINT((0.841637074947357,-0.00142431003041575,0.025000000372529));
#705=IFCCARTESIANPOINT((0.841637074947357,-0.00142431003041575,0.));
#706=IFCCARTESIANPOINT((0.83871853351593,0.0270497556775809,0.));
#707=IFCPOLYLOOP((#703,#704,#705,#706));
#708=IFCFACEBOUND(#707,.T.);
#709=IFCFACE((#708));
#710=IFCCLOSEDSHELL((#296,#303,#310,#317,#324,#373,#422,#429,#436,#443,#450,#457,#464,#471,#478,#485,#492,#499,#506,#513,#520,#527,#534,#541,#548,#555,#562,#569,#576,#583,#590,#597,#604,#611,#618,#625,#632,#639,#646,#653,#660,#667,#674,#681,#688,#695,#702,#709));
#711=IFCFACETEDBREP(#710);
#712=IFCCARTESIANPOINT((-0.0784814953804016,0.400612980127335,0.025000000372529));
#713=IFCCARTESIANPOINT((-0.0533674135804176,0.400612980127335,0.025000000372529));
#714=IFCCARTESIANPOINT((-0.0533674135804176,0.559832274913788,0.025000000372529));
#715=IFCCARTESIANPOINT((0.0516015812754631,0.400612980127335,0.025000000372529));
#716=IFCCARTESIANPOINT((0.0784814953804016,0.400612980127335,0.025000000372529));
#717=IFCCARTESIANPOINT((0.0784814953804016,0.601525604724884,0.025000000372529));
#718=IFCCARTESIANPOINT((0.0533674135804176,0.601525604724884,0.025000000372529));
#719=IFCCARTESIANPOINT((0.0533674135804176,0.442355304956436,0.025000000372529));
#720=IFCCARTESIANPOINT((-0.0516015812754631,0.601525604724884,0.025000000372529));
#721=IFCCARTESIANPOINT((-0.0784814953804016,0.601525604724884,0.025000000372529));
#722=IFCPOLYLOOP((#712,#713,#714,#715,#716,#717,#718,#719,#720,#721));
#723=IFCFACEBOUND(#722,.T.);
#724=IFCFACE((#723));
#725=IFCCARTESIANPOINT((-0.0516015812754631,0.601525604724884,0.025000000372529));
#726=IFCCARTESIANPOINT((0.0533674135804176,0.442355304956436,0.025000000372529));
#727=IFCCARTESIANPOINT((0.0533674135804176,0.442355304956436,0.));
#728=IFCCARTESIANPOINT((-0.0516015812754631,0.601525604724884,0.));
#729=IFCPOLYLOOP((#725,#726,#727,#728));
#730=IFCFACEBOUND(#729,.T.);
#731=IFCFACE((#730));
#732=IFCCARTESIANPOINT((0.0533674135804176,0.601525604724884,0.025000000372529));
#733=IFCCARTESIANPOINT((0.0784814953804016,0.601525604724884,0.025000000372529));
#734=IFCCARTESIANPOINT((0.0784814953804016,0.601525604724884,0.));
#735=IFCCARTESIANPOINT((0.0533674135804176,0.601525604724884,0.));
#736=IFCPOLYLOOP((#732,#733,#734,#735));
#737=IFCFACEBOUND(#736,.T.);
#738=IFCFACE((#737));
#739=IFCCARTESIANPOINT((-0.0533674135804176,0.400612980127335,0.025000000372529));
#740=IFCCARTESIANPOINT((-0.0784814953804016,0.400612980127335,0.025000000372529));
#741=IFCCARTESIANPOINT((-0.0784814953804016,0.400612980127335,0.));
#742=IFCCARTESIANPOINT((-0.0533674135804176,0.400612980127335,0.));
#743=IFCPOLYLOOP((#739,#740,#741,#742));
#744=IFCFACEBOUND(#743,.T.);
#745=IFCFACE((#744));
#746=IFCCARTESIANPOINT((-0.0533674135804176,0.559832274913788,0.025000000372529));
#747=IFCCARTESIANPOINT((-0.0533674135804176,0.400612980127335,0.025000000372529));
#748=IFCCARTESIANPOINT((-0.0533674135804176,0.400612980127335,0.));
#749=IFCCARTESIANPOINT((-0.0533674135804176,0.559832274913788,0.));
#750=IFCPOLYLOOP((#746,#747,#748,#749));
#751=IFCFACEBOUND(#750,.T.);
#752=IFCFACE((#751));
#753=IFCCARTESIANPOINT((0.0784814953804016,0.400612980127335,0.025000000372529));
#754=IFCCARTESIANPOINT((0.0516015812754631,0.400612980127335,0.025000000372529));
#755=IFCCARTESIANPOINT((0.0516015812754631,0.400612980127335,0.));
#756=IFCCARTESIANPOINT((0.0784814953804016,0.400612980127335,0.));
#757=IFCPOLYLOOP((#753,#754,#755,#756));
#758=IFCFACEBOUND(#757,.T.);
#759=IFCFACE((#758));
#760=IFCCARTESIANPOINT((0.0784814953804016,0.601525604724884,0.025000000372529));
#761=IFCCARTESIANPOINT((0.0784814953804016,0.400612980127335,0.025000000372529));
#762=IFCCARTESIANPOINT((0.0784814953804016,0.400612980127335,0.));
#763=IFCCARTESIANPOINT((0.0784814953804016,0.601525604724884,0.));
#764=IFCPOLYLOOP((#760,#761,#762,#763));
#765=IFCFACEBOUND(#764,.T.);
#766=IFCFACE((#765));
#767=IFCCARTESIANPOINT((-0.0784814953804016,0.400612980127335,0.));
#768=IFCCARTESIANPOINT((-0.0784814953804016,0.601525604724884,0.));
#769=IFCCARTESIANPOINT((-0.0516015812754631,0.601525604724884,0.));
#770=IFCCARTESIANPOINT((0.0533674135804176,0.442355304956436,0.));
#771=IFCCARTESIANPOINT((0.0533674135804176,0.601525604724884,0.));
#772=IFCCARTESIANPOINT((0.0784814953804016,0.601525604724884,0.));
#773=IFCCARTESIANPOINT((0.0784814953804016,0.400612980127335,0.));
#774=IFCCARTESIANPOINT((0.0516015812754631,0.400612980127335,0.));
#775=IFCCARTESIANPOINT((-0.0533674135804176,0.559832274913788,0.));
#776=IFCCARTESIANPOINT((-0.0533674135804176,0.400612980127335,0.));
#777=IFCPOLYLOOP((#767,#768,#769,#770,#771,#772,#773,#774,#775,#776));
#778=IFCFACEBOUND(#777,.T.);
#779=IFCFACE((#778));
#780=IFCCARTESIANPOINT((0.0533674135804176,0.442355304956436,0.025000000372529));
#781=IFCCARTESIANPOINT((0.0533674135804176,0.601525604724884,0.025000000372529));
#782=IFCCARTESIANPOINT((0.0533674135804176,0.601525604724884,0.));
#783=IFCCARTESIANPOINT((0.0533674135804176,0.442355304956436,0.));
#784=IFCPOLYLOOP((#780,#781,#782,#783));
#785=IFCFACEBOUND(#784,.T.);
#786=IFCFACE((#785));
#787=IFCCARTESIANPOINT((0.0516015812754631,0.400612980127335,0.025000000372529));
#788=IFCCARTESIANPOINT((-0.0533674135804176,0.559832274913788,0.025000000372529));
#789=IFCCARTESIANPOINT((-0.0533674135804176,0.559832274913788,0.));
#790=IFCCARTESIANPOINT((0.0516015812754631,0.400612980127335,0.));
#791=IFCPOLYLOOP((#787,#788,#789,#790));
#792=IFCFACEBOUND(#791,.T.);
#793=IFCFACE((#792));
#794=IFCCARTESIANPOINT((-0.0784814953804016,0.400612980127335,0.025000000372529));
#795=IFCCARTESIANPOINT((-0.0784814953804016,0.601525604724884,0.025000000372529));
#796=IFCCARTESIANPOINT((-0.0784814953804016,0.601525604724884,0.));
#797=IFCCARTESIANPOINT((-0.0784814953804016,0.400612980127335,0.));
#798=IFCPOLYLOOP((#794,#795,#796,#797));
#799=IFCFACEBOUND(#798,.T.);
#800=IFCFACE((#799));
#801=IFCCARTESIANPOINT((-0.0784814953804016,0.601525604724884,0.025000000372529));
#802=IFCCARTESIANPOINT((-0.0516015812754631,0.601525604724884,0.025000000372529));
#803=IFCCARTESIANPOINT((-0.0516015812754631,0.601525604724884,0.));
#804=IFCCARTESIANPOINT((-0.0784814953804016,0.601525604724884,0.));
#805=IFCPOLYLOOP((#801,#802,#803,#804));
#806=IFCFACEBOUND(#805,.T.);
#807=IFCFACE((#806));
#808=IFCCLOSEDSHELL((#724,#731,#738,#745,#752,#759,#766,#779,#786,#793,#800,#807));
#809=IFCFACETEDBREP(#808);
#810=IFCCARTESIANPOINT((-0.839721858501434,-0.0906706377863882,0.));
#811=IFCCARTESIANPOINT((-0.894511759281158,0.110241986811161,0.));
#812=IFCCARTESIANPOINT((-0.868612825870514,0.110241986811161,0.));
#813=IFCCARTESIANPOINT((-0.836827874183655,-0.0218031257390972,0.));
#814=IFCCARTESIANPOINT((-0.827017664909363,-0.0625644475221637,0.));
#815=IFCCARTESIANPOINT((-0.816520750522613,-0.026512015610933,0.));
#816=IFCCARTESIANPOINT((-0.776691436767578,0.110241986811161,0.));
#817=IFCCARTESIANPOINT((-0.739363670349121,0.110241986811161,0.));
#818=IFCCARTESIANPOINT((-0.710423588752747,0.0111100496724247,0.));
#819=IFCCARTESIANPOINT((-0.688890218734741,-0.0625644475221637,0.));
#820=IFCCARTESIANPOINT((-0.67937433719635,-0.0229803491383793,0.));
#821=IFCCARTESIANPOINT((-0.64734411239624,0.110241986811161,0.));
#822=IFCCARTESIANPOINT((-0.62139618396759,0.110241986811161,0.));
#823=IFCCARTESIANPOINT((-0.67613697052002,-0.0906706377863882,0.));
#824=IFCCARTESIANPOINT((-0.703016877174377,-0.0906706377863882,0.));
#825=IFCCARTESIANPOINT((-0.751233994960785,0.06433030962944,0.));
#826=IFCCARTESIANPOINT((-0.757953941822052,0.0859617739915848,0.));
#827=IFCCARTESIANPOINT((-0.765507817268372,0.0599157288670539,0.));
#828=IFCCARTESIANPOINT((-0.809408366680145,-0.0906706377863882,0.));
#829=IFCPOLYLOOP((#810,#811,#812,#813,#814,#815,#816,#817,#818,#819,#820,#821,#822,#823,#824,#825,#826,#827,#828));
#830=IFCFACEBOUND(#829,.T.);
#831=IFCFACE((#830));
#832=IFCCARTESIANPOINT((-0.839721858501434,-0.0906706377863882,0.025000000372529));
#833=IFCCARTESIANPOINT((-0.809408366680145,-0.0906706377863882,0.025000000372529));
#834=IFCCARTESIANPOINT((-0.765507817268372,0.0599157288670539,0.025000000372529));
#835=IFCCARTESIANPOINT((-0.757953941822052,0.0859617739915848,0.025000000372529));
#836=IFCCARTESIANPOINT((-0.751233994960785,0.06433030962944,0.025000000372529));
#837=IFCCARTESIANPOINT((-0.703016877174377,-0.0906706377863882,0.025000000372529));
#838=IFCCARTESIANPOINT((-0.67613697052002,-0.0906706377863882,0.025000000372529));
#839=IFCCARTESIANPOINT((-0.62139618396759,0.110241986811161,0.025000000372529));
#840=IFCCARTESIANPOINT((-0.64734411239624,0.110241986811161,0.025000000372529));
#841=IFCCARTESIANPOINT((-0.67937433719635,-0.0229803491383793,0.025000000372529));
#842=IFCCARTESIANPOINT((-0.688890218734741,-0.0625644475221637,0.025000000372529));
#843=IFCCARTESIANPOINT((-0.710423588752747,0.0111100496724247,0.025000000372529));
#844=IFCCARTESIANPOINT((-0.739363670349121,0.110241986811161,0.025000000372529));
#845=IFCCARTESIANPOINT((-0.776691436767578,0.110241986811161,0.025000000372529));
#846=IFCCARTESIANPOINT((-0.816520750522613,-0.026512015610933,0.025000000372529));
#847=IFCCARTESIANPOINT((-0.827017664909363,-0.0625644475221637,0.025000000372529));
#848=IFCCARTESIANPOINT((-0.836827874183655,-0.0218031257390972,0.025000000372529));
#849=IFCCARTESIANPOINT((-0.868612825870514,0.110241986811161,0.025000000372529));
#850=IFCCARTESIANPOINT((-0.894511759281158,0.110241986811161,0.025000000372529));
#851=IFCPOLYLOOP((#832,#833,#834,#835,#836,#837,#838,#839,#840,#841,#842,#843,#844,#845,#846,#847,#848,#849,#850));
#852=IFCFACEBOUND(#851,.T.);
#853=IFCFACE((#852));
#854=IFCCARTESIANPOINT((-0.64734411239624,0.110241986811161,0.025000000372529));
#855=IFCCARTESIANPOINT((-0.62139618396759,0.110241986811161,0.025000000372529));
#856=IFCCARTESIANPOINT((-0.62139618396759,0.110241986811161,0.));
#857=IFCCARTESIANPOINT((-0.64734411239624,0.110241986811161,0.));
#858=IFCPOLYLOOP((#854,#855,#856,#857));
#859=IFCFACEBOUND(#858,.T.);
#860=IFCFACE((#859));
#861=IFCCARTESIANPOINT((-0.62139618396759,0.110241986811161,0.025000000372529));
#862=IFCCARTESIANPOINT((-0.67613697052002,-0.0906706377863882,0.025000000372529));
#863=IFCCARTESIANPOINT((-0.67613697052002,-0.0906706377863882,0.));
#864=IFCCARTESIANPOINT((-0.62139618396759,0.110241986811161,0.));
#865=IFCPOLYLOOP((#861,#862,#863,#864));
#866=IFCFACEBOUND(#865,.T.);
#867=IFCFACE((#866));
#868=IFCCARTESIANPOINT((-0.67613697052002,-0.0906706377863882,0.025000000372529));
#869=IFCCARTESIANPOINT((-0.703016877174377,-0.0906706377863882,0.025000000372529));
#870=IFCCARTESIANPOINT((-0.703016877174377,-0.0906706377863882,0.));
#871=IFCCARTESIANPOINT((-0.67613697052002,-0.0906706377863882,0.));
#872=IFCPOLYLOOP((#868,#869,#870,#871));
#873=IFCFACEBOUND(#872,.T.);
#874=IFCFACE((#873));
#875=IFCCARTESIANPOINT((-0.703016877174377,-0.0906706377863882,0.025000000372529));
#876=IFCCARTESIANPOINT((-0.751233994960785,0.06433030962944,0.025000000372529));
#877=IFCCARTESIANPOINT((-0.751233994960785,0.06433030962944,0.));
#878=IFCCARTESIANPOINT((-0.703016877174377,-0.0906706377863882,0.));
#879=IFCPOLYLOOP((#875,#876,#877,#878));
#880=IFCFACEBOUND(#879,.T.);
#881=IFCFACE((#880));
#882=IFCCARTESIANPOINT((-0.751233994960785,0.06433030962944,0.025000000372529));
#883=IFCCARTESIANPOINT((-0.757953941822052,0.0859617739915848,0.025000000372529));
#884=IFCCARTESIANPOINT((-0.757953941822052,0.0859617739915848,0.));
#885=IFCCARTESIANPOINT((-0.751233994960785,0.06433030962944,0.));
#886=IFCPOLYLOOP((#882,#883,#884,#885));
#887=IFCFACEBOUND(#886,.T.);
#888=IFCFACE((#887));
#889=IFCCARTESIANPOINT((-0.757953941822052,0.0859617739915848,0.025000000372529));
#890=IFCCARTESIANPOINT((-0.765507817268372,0.0599157288670539,0.025000000372529));
#891=IFCCARTESIANPOINT((-0.765507817268372,0.0599157288670539,0.));
#892=IFCCARTESIANPOINT((-0.757953941822052,0.0859617739915848,0.));
#893=IFCPOLYLOOP((#889,#890,#891,#892));
#894=IFCFACEBOUND(#893,.T.);
#895=IFCFACE((#894));
#896=IFCCARTESIANPOINT((-0.765507817268372,0.0599157288670539,0.025000000372529));
#897=IFCCARTESIANPOINT((-0.809408366680145,-0.0906706377863882,0.025000000372529));
#898=IFCCARTESIANPOINT((-0.809408366680145,-0.0906706377863882,0.));
#899=IFCCARTESIANPOINT((-0.765507817268372,0.0599157288670539,0.));
#900=IFCPOLYLOOP((#896,#897,#898,#899));
#901=IFCFACEBOUND(#900,.T.);
#902=IFCFACE((#901));
#903=IFCCARTESIANPOINT((-0.809408366680145,-0.0906706377863882,0.025000000372529));
#904=IFCCARTESIANPOINT((-0.839721858501434,-0.0906706377863882,0.025000000372529));
#905=IFCCARTESIANPOINT((-0.839721858501434,-0.0906706377863882,0.));
#906=IFCCARTESIANPOINT((-0.809408366680145,-0.0906706377863882,0.));
#907=IFCPOLYLOOP((#903,#904,#905,#906));
#908=IFCFACEBOUND(#907,.T.);
#909=IFCFACE((#908));
#910=IFCCARTESIANPOINT((-0.836827874183655,-0.0218031257390972,0.025000000372529));
#911=IFCCARTESIANPOINT((-0.827017664909363,-0.0625644475221637,0.025000000372529));
#912=IFCCARTESIANPOINT((-0.827017664909363,-0.0625644475221637,0.));
#913=IFCCARTESIANPOINT((-0.836827874183655,-0.0218031257390972,0.));
#914=IFCPOLYLOOP((#910,#911,#912,#913));
#915=IFCFACEBOUND(#914,.T.);
#916=IFCFACE((#915));
#917=IFCCARTESIANPOINT((-0.827017664909363,-0.0625644475221637,0.025000000372529));
#918=IFCCARTESIANPOINT((-0.816520750522613,-0.026512015610933,0.025000000372529));
#919=IFCCARTESIANPOINT((-0.816520750522613,-0.026512015610933,0.));
#920=IFCCARTESIANPOINT((-0.827017664909363,-0.0625644475221637,0.));
#921=IFCPOLYLOOP((#917,#918,#919,#920));
#922=IFCFACEBOUND(#921,.T.);
#923=IFCFACE((#922));
#924=IFCCARTESIANPOINT((-0.816520750522613,-0.026512015610933,0.025000000372529));
#925=IFCCARTESIANPOINT((-0.776691436767578,0.110241986811161,0.025000000372529));
#926=IFCCARTESIANPOINT((-0.776691436767578,0.110241986811161,0.));
#927=IFCCARTESIANPOINT((-0.816520750522613,-0.026512015610933,0.));
#928=IFCPOLYLOOP((#924,#925,#926,#927));
#929=IFCFACEBOUND(#928,.T.);
#930=IFCFACE((#929));
#931=IFCCARTESIANPOINT((-0.776691436767578,0.110241986811161,0.025000000372529));
#932=IFCCARTESIANPOINT((-0.739363670349121,0.110241986811161,0.025000000372529));
#933=IFCCARTESIANPOINT((-0.739363670349121,0.110241986811161,0.));
#934=IFCCARTESIANPOINT((-0.776691436767578,0.110241986811161,0.));
#935=IFCPOLYLOOP((#931,#932,#933,#934));
#936=IFCFACEBOUND(#935,.T.);
#937=IFCFACE((#936));
#938=IFCCARTESIANPOINT((-0.739363670349121,0.110241986811161,0.025000000372529));
#939=IFCCARTESIANPOINT((-0.710423588752747,0.0111100496724247,0.025000000372529));
#940=IFCCARTESIANPOINT((-0.710423588752747,0.0111100496724247,0.));
#941=IFCCARTESIANPOINT((-0.739363670349121,0.110241986811161,0.));
#942=IFCPOLYLOOP((#938,#939,#940,#941));
#943=IFCFACEBOUND(#942,.T.);
#944=IFCFACE((#943));
#945=IFCCARTESIANPOINT((-0.710423588752747,0.0111100496724247,0.025000000372529));
#946=IFCCARTESIANPOINT((-0.688890218734741,-0.0625644475221637,0.025000000372529));
#947=IFCCARTESIANPOINT((-0.688890218734741,-0.0625644475221637,0.));
#948=IFCCARTESIANPOINT((-0.710423588752747,0.0111100496724247,0.));
#949=IFCPOLYLOOP((#945,#946,#947,#948));
#950=IFCFACEBOUND(#949,.T.);
#951=IFCFACE((#950));
#952=IFCCARTESIANPOINT((-0.688890218734741,-0.0625644475221637,0.025000000372529));
#953=IFCCARTESIANPOINT((-0.67937433719635,-0.0229803491383793,0.025000000372529));
#954=IFCCARTESIANPOINT((-0.67937433719635,-0.0229803491383793,0.));
#955=IFCCARTESIANPOINT((-0.688890218734741,-0.0625644475221637,0.));
#956=IFCPOLYLOOP((#952,#953,#954,#955));
#957=IFCFACEBOUND(#956,.T.);
#958=IFCFACE((#957));
#959=IFCCARTESIANPOINT((-0.67937433719635,-0.0229803491383793,0.025000000372529));
#960=IFCCARTESIANPOINT((-0.64734411239624,0.110241986811161,0.025000000372529));
#961=IFCCARTESIANPOINT((-0.64734411239624,0.110241986811161,0.));
#962=IFCCARTESIANPOINT((-0.67937433719635,-0.0229803491383793,0.));
#963=IFCPOLYLOOP((#959,#960,#961,#962));
#964=IFCFACEBOUND(#963,.T.);
#965=IFCFACE((#964));
#966=IFCCARTESIANPOINT((-0.839721858501434,-0.0906706377863882,0.025000000372529));
#967=IFCCARTESIANPOINT((-0.894511759281158,0.110241986811161,0.025000000372529));
#968=IFCCARTESIANPOINT((-0.894511759281158,0.110241986811161,0.));
#969=IFCCARTESIANPOINT((-0.839721858501434,-0.0906706377863882,0.));
#970=IFCPOLYLOOP((#966,#967,#968,#969));
#971=IFCFACEBOUND(#970,.T.);
#972=IFCFACE((#971));
#973=IFCCARTESIANPOINT((-0.894511759281158,0.110241986811161,0.025000000372529));
#974=IFCCARTESIANPOINT((-0.868612825870514,0.110241986811161,0.025000000372529));
#975=IFCCARTESIANPOINT((-0.868612825870514,0.110241986811161,0.));
#976=IFCCARTESIANPOINT((-0.894511759281158,0.110241986811161,0.));
#977=IFCPOLYLOOP((#973,#974,#975,#976));
#978=IFCFACEBOUND(#977,.T.);
#979=IFCFACE((#978));
#980=IFCCARTESIANPOINT((-0.868612825870514,0.110241986811161,0.025000000372529));
#981=IFCCARTESIANPOINT((-0.836827874183655,-0.0218031257390972,0.025000000372529));
#982=IFCCARTESIANPOINT((-0.836827874183655,-0.0218031257390972,0.));
#983=IFCCARTESIANPOINT((-0.868612825870514,0.110241986811161,0.));
#984=IFCPOLYLOOP((#980,#981,#982,#983));
#985=IFCFACEBOUND(#984,.T.);
#986=IFCFACE((#985));
#987=IFCCLOSEDSHELL((#831,#853,#860,#867,#874,#881,#888,#895,#902,#909,#916,#923,#930,#937,#944,#951,#958,#965,#972,#979,#986));
#988=IFCFACETEDBREP(#987);
#989=IFCCARTESIANPOINT((0.499399989843403,1.44382283906452E-15,0.));
#990=IFCCARTESIANPOINT((4.06077759309077E-16,0.,0.));
#991=IFCCARTESIANPOINT((0.,0.249699994921685,0.));
#992=IFCPOLYLOOP((#989,#990,#991));
#993=IFCFACEBOUND(#992,.T.);
#994=IFCFACE((#993));
#995=IFCCARTESIANPOINT((0.0789583325386393,0.00200000009499587,0.172827646136284));
#996=IFCCARTESIANPOINT((0.0789583325386393,0.00200000009499587,0.126567378640175));
#997=IFCCARTESIANPOINT((0.104999996721779,0.00200000009499587,0.141602545976639));
#998=IFCCARTESIANPOINT((0.131041660904919,0.00200000009499587,0.126567378640175));
#999=IFCCARTESIANPOINT((0.180000007152592,0.00200000009499587,0.0983012691140175));
#1000=IFCCARTESIANPOINT((0.180000007152592,0.00200000009499587,0.138412982225418));
#1001=IFCCARTESIANPOINT((0.179203912615811,0.00200000009499587,0.145131692290306));
#1002=IFCCARTESIANPOINT((0.176859751343762,0.00200000009499587,0.151478335261345));
#1003=IFCCARTESIANPOINT((0.173097327351605,0.00200000009499587,0.157101407647133));
#1004=IFCCARTESIANPOINT((0.168125003576313,0.00200000009499587,0.161689519882202));
#1005=IFCCARTESIANPOINT((0.104999996721779,0.00200000009499587,0.198134750127792));
#1006=IFCCARTESIANPOINT((0.0846875011921275,0.00200000009499587,0.186407327651978));
#1007=IFCCARTESIANPOINT((0.0822574198246348,0.00200000009499587,0.183514386415482));
#1008=IFCCARTESIANPOINT((0.080449245870148,0.00200000009499587,0.180197030305862));
#1009=IFCCARTESIANPOINT((0.0793348029256213,0.00200000009499587,0.176586985588074));
#1010=IFCPOLYLOOP((#995,#996,#997,#998,#999,#1000,#1001,#1002,#1003,#1004,#1005,#1006,#1007,#1008,#1009));
#1011=IFCFACEBOUND(#1010,.T.);
#1012=IFCFACE((#1011));
#1013=IFCCARTESIANPOINT((0.131041660904919,0.00200000009499587,0.0803071036934853));
#1014=IFCCARTESIANPOINT((0.131041660904919,0.00200000009499587,0.126567378640175));
#1015=IFCCARTESIANPOINT((0.104999996721779,0.00200000009499587,0.111532211303711));
#1016=IFCCARTESIANPOINT((0.0789583325386393,0.00200000009499587,0.126567378640175));
#1017=IFCCARTESIANPOINT((0.0299999993294823,0.00200000009499587,0.154833480715752));
#1018=IFCCARTESIANPOINT((0.0299999993294823,0.00200000009499587,0.114721767604351));
#1019=IFCCARTESIANPOINT((0.0307960845530379,0.00200000009499587,0.108003057539463));
#1020=IFCCARTESIANPOINT((0.0331402495503771,0.00200000009499587,0.101656422019005));
#1021=IFCCARTESIANPOINT((0.0369026735425341,0.00200000009499587,0.0960333496332169));
#1022=IFCCARTESIANPOINT((0.0418750010431159,0.00200000009499587,0.0914452373981476));
#1023=IFCCARTESIANPOINT((0.104999996721779,0.00200000009499587,0.0549999997019768));
#1024=IFCCARTESIANPOINT((0.125312507152592,0.00200000009499587,0.0667274296283722));
#1025=IFCCARTESIANPOINT((0.127742573618923,0.00200000009499587,0.0696203634142876));
#1026=IFCCARTESIANPOINT((0.129550755023991,0.00200000009499587,0.0729377269744873));
#1027=IFCCARTESIANPOINT((0.130665197968518,0.00200000009499587,0.0765477642416954));
#1028=IFCPOLYLOOP((#1013,#1014,#1015,#1016,#1017,#1018,#1019,#1020,#1021,#1022,#1023,#1024,#1025,#1026,#1027));
#1029=IFCFACEBOUND(#1028,.T.);
#1030=IFCFACE((#1029));
#1031=IFCCARTESIANPOINT((0.104999996721779,0.,0.141602545976639));
#1032=IFCCARTESIANPOINT((0.0789583325386393,0.,0.126567378640175));
#1033=IFCCARTESIANPOINT((0.104999996721779,0.,0.111532211303711));
#1034=IFCCARTESIANPOINT((0.131041660904919,0.,0.126567378640175));
#1035=IFCPOLYLOOP((#1031,#1032,#1033,#1034));
#1036=IFCFACEBOUND(#1035,.T.);
#1037=IFCFACE((#1036));
#1038=IFCCARTESIANPOINT((4.06077759309077E-16,0.,0.300000011920929));
#1039=IFCCARTESIANPOINT((4.06077759309077E-16,0.,0.));
#1040=IFCCARTESIANPOINT((0.499399989843403,1.44382283906452E-15,0.));
#1041=IFCCARTESIANPOINT((0.499399989843403,1.44382283906452E-15,0.025000000372529));
#1042=IFCCARTESIANPOINT((0.0822574198246348,0.,0.183514386415482));
#1043=IFCCARTESIANPOINT((0.0846875011921275,0.,0.186407327651978));
#1044=IFCCARTESIANPOINT((0.104999996721779,0.,0.198134750127792));
#1045=IFCCARTESIANPOINT((0.168125003576313,0.,0.161689519882202));
#1046=IFCCARTESIANPOINT((0.173097327351605,0.,0.157101407647133));
#1047=IFCCARTESIANPOINT((0.176859751343762,0.,0.151478335261345));
#1048=IFCCARTESIANPOINT((0.179203912615811,0.,0.145131692290306));
#1049=IFCCARTESIANPOINT((0.180000007152592,0.,0.138412982225418));
#1050=IFCCARTESIANPOINT((0.180000007152592,0.,0.0983012691140175));
#1051=IFCCARTESIANPOINT((0.131041660904919,0.,0.126567378640175));
#1052=IFCCARTESIANPOINT((0.131041660904919,0.,0.0803071036934853));
#1053=IFCCARTESIANPOINT((0.130665197968518,0.,0.0765477642416954));
#1054=IFCCARTESIANPOINT((0.129550755023991,0.,0.0729377269744873));
#1055=IFCCARTESIANPOINT((0.127742573618923,0.,0.0696203634142876));
#1056=IFCCARTESIANPOINT((0.125312507152592,0.,0.0667274296283722));
#1057=IFCCARTESIANPOINT((0.104999996721779,0.,0.0549999997019768));
#1058=IFCCARTESIANPOINT((0.0418750010431159,0.,0.0914452373981476));
#1059=IFCCARTESIANPOINT((0.0369026735425341,0.,0.0960333496332169));
#1060=IFCCARTESIANPOINT((0.0331402495503771,0.,0.101656422019005));
#1061=IFCCARTESIANPOINT((0.0307960845530379,0.,0.108003057539463));
#1062=IFCCARTESIANPOINT((0.0299999993294823,0.,0.114721767604351));
#1063=IFCCARTESIANPOINT((0.0299999993294823,0.,0.154833480715752));
#1064=IFCCARTESIANPOINT((0.0789583325386393,0.,0.126567378640175));
#1065=IFCCARTESIANPOINT((0.0789583325386393,0.,0.172827646136284));
#1066=IFCCARTESIANPOINT((0.0793348029256213,0.,0.176586985588074));
#1067=IFCCARTESIANPOINT((0.080449245870148,0.,0.180197030305862));
#1068=IFCPOLYLOOP((#1038,#1039,#1040,#1041,#1042,#1043,#1044,#1045,#1046,#1047,#1048,#1049,#1050,#1051,#1052,#1053,#1054,#1055,#1056,#1057,#1058,#1059,#1060,#1061,#1062,#1063,#1064,#1065,#1066,#1067));
#1069=IFCFACEBOUND(#1068,.T.);
#1070=IFCFACE((#1069));
#1071=IFCCARTESIANPOINT((0.0307960845530379,0.,0.108003057539463));
#1072=IFCCARTESIANPOINT((0.0307960845530379,0.00200000009499587,0.108003057539463));
#1073=IFCCARTESIANPOINT((0.0299999993294823,0.00200000009499587,0.114721767604351));
#1074=IFCCARTESIANPOINT((0.0299999993294823,0.,0.114721767604351));
#1075=IFCPOLYLOOP((#1071,#1072,#1073,#1074));
#1076=IFCFACEBOUND(#1075,.T.);
#1077=IFCFACE((#1076));
#1078=IFCCARTESIANPOINT((0.104999996721779,0.,0.141602545976639));
#1079=IFCCARTESIANPOINT((0.131041660904919,0.,0.126567378640175));
#1080=IFCCARTESIANPOINT((0.131041660904919,0.00200000009499587,0.126567378640175));
#1081=IFCCARTESIANPOINT((0.104999996721779,0.00200000009499587,0.141602545976639));
#1082=IFCPOLYLOOP((#1078,#1079,#1080,#1081));
#1083=IFCFACEBOUND(#1082,.T.);
#1084=IFCFACE((#1083));
#1085=IFCCARTESIANPOINT((0.0418750010431159,0.00200000009499587,0.0914452373981476));
#1086=IFCCARTESIANPOINT((0.0418750010431159,0.,0.0914452373981476));
#1087=IFCCARTESIANPOINT((0.104999996721779,0.,0.0549999997019768));
#1088=IFCCARTESIANPOINT((0.104999996721779,0.00200000009499587,0.0549999997019768));
#1089=IFCPOLYLOOP((#1085,#1086,#1087,#1088));
#1090=IFCFACEBOUND(#1089,.T.);
#1091=IFCFACE((#1090));
#1092=IFCCARTESIANPOINT((4.06077759309077E-16,0.,0.300000011920929));
#1093=IFCCARTESIANPOINT((0.499399989843403,1.44382283906452E-15,0.025000000372529));
#1094=IFCCARTESIANPOINT((0.,0.249699994921685,0.025000000372529));
#1095=IFCPOLYLOOP((#1092,#1093,#1094));
#1096=IFCFACEBOUND(#1095,.T.);
#1097=IFCFACE((#1096));
#1098=IFCCARTESIANPOINT((0.,0.249699994921685,0.025000000372529));
#1099=IFCCARTESIANPOINT((0.499399989843403,1.44382283906452E-15,0.025000000372529));
#1100=IFCCARTESIANPOINT((0.499399989843403,1.44382283906452E-15,0.));
#1101=IFCCARTESIANPOINT((0.,0.249699994921685,0.));
#1102=IFCPOLYLOOP((#1098,#1099,#1100,#1101));
#1103=IFCFACEBOUND(#1102,.T.);
#1104=IFCFACE((#1103));
#1105=IFCCARTESIANPOINT((0.180000007152592,0.00200000009499587,0.0983012691140175));
#1106=IFCCARTESIANPOINT((0.180000007152592,0.,0.0983012691140175));
#1107=IFCCARTESIANPOINT((0.180000007152592,0.,0.138412982225418));
#1108=IFCCARTESIANPOINT((0.180000007152592,0.00200000009499587,0.138412982225418));
#1109=IFCPOLYLOOP((#1105,#1106,#1107,#1108));
#1110=IFCFACEBOUND(#1109,.T.);
#1111=IFCFACE((#1110));
#1112=IFCCARTESIANPOINT((0.131041660904919,0.00200000009499587,0.0803071036934853));
#1113=IFCCARTESIANPOINT((0.131041660904919,0.,0.0803071036934853));
#1114=IFCCARTESIANPOINT((0.131041660904919,0.,0.126567378640175));
#1115=IFCCARTESIANPOINT((0.131041660904919,0.00200000009499587,0.126567378640175));
#1116=IFCPOLYLOOP((#1112,#1113,#1114,#1115));
#1117=IFCFACEBOUND(#1116,.T.);
#1118=IFCFACE((#1117));
#1119=IFCCARTESIANPOINT((4.06077759309077E-16,0.,0.300000011920929));
#1120=IFCCARTESIANPOINT((0.,0.249699994921685,0.025000000372529));
#1121=IFCCARTESIANPOINT((0.,0.249699994921685,0.));
#1122=IFCCARTESIANPOINT((4.06077759309077E-16,0.,0.));
#1123=IFCPOLYLOOP((#1119,#1120,#1121,#1122));
#1124=IFCFACEBOUND(#1123,.T.);
#1125=IFCFACE((#1124));
#1126=IFCCARTESIANPOINT((0.0299999993294823,0.00200000009499587,0.154833480715752));
#1127=IFCCARTESIANPOINT((0.0299999993294823,0.,0.154833480715752));
#1128=IFCCARTESIANPOINT((0.0299999993294823,0.,0.114721767604351));
#1129=IFCCARTESIANPOINT((0.0299999993294823,0.00200000009499587,0.114721767604351));
#1130=IFCPOLYLOOP((#1126,#1127,#1128,#1129));
#1131=IFCFACEBOUND(#1130,.T.);
#1132=IFCFACE((#1131));
#1133=IFCCARTESIANPOINT((0.168125003576313,0.00200000009499587,0.161689519882202));
#1134=IFCCARTESIANPOINT((0.168125003576313,0.,0.161689519882202));
#1135=IFCCARTESIANPOINT((0.104999996721779,0.,0.198134750127792));
#1136=IFCCARTESIANPOINT((0.104999996721779,0.00200000009499587,0.198134750127792));
#1137=IFCPOLYLOOP((#1133,#1134,#1135,#1136));
#1138=IFCFACEBOUND(#1137,.T.);
#1139=IFCFACE((#1138));
#1140=IFCCARTESIANPOINT((0.104999996721779,0.,0.111532211303711));
#1141=IFCCARTESIANPOINT((0.0789583325386393,0.,0.126567378640175));
#1142=IFCCARTESIANPOINT((0.0789583325386393,0.00200000009499587,0.126567378640175));
#1143=IFCCARTESIANPOINT((0.104999996721779,0.00200000009499587,0.111532211303711));
#1144=IFCPOLYLOOP((#1140,#1141,#1142,#1143));
#1145=IFCFACEBOUND(#1144,.T.);
#1146=IFCFACE((#1145));
#1147=IFCCARTESIANPOINT((0.104999996721779,0.00200000009499587,0.198134750127792));
#1148=IFCCARTESIANPOINT((0.104999996721779,0.,0.198134750127792));
#1149=IFCCARTESIANPOINT((0.0846875011921275,0.,0.186407327651978));
#1150=IFCCARTESIANPOINT((0.0846875011921275,0.00200000009499587,0.186407327651978));
#1151=IFCPOLYLOOP((#1147,#1148,#1149,#1150));
#1152=IFCFACEBOUND(#1151,.T.);
#1153=IFCFACE((#1152));
#1154=IFCCARTESIANPOINT((0.131041660904919,0.00200000009499587,0.126567378640175));
#1155=IFCCARTESIANPOINT((0.131041660904919,0.,0.126567378640175));
#1156=IFCCARTESIANPOINT((0.104999996721779,0.,0.111532211303711));
#1157=IFCCARTESIANPOINT((0.104999996721779,0.00200000009499587,0.111532211303711));
#1158=IFCPOLYLOOP((#1154,#1155,#1156,#1157));
#1159=IFCFACEBOUND(#1158,.T.);
#1160=IFCFACE((#1159));
#1161=IFCCARTESIANPOINT((0.0369026735425341,0.,0.0960333496332169));
#1162=IFCCARTESIANPOINT((0.0418750010431159,0.,0.0914452373981476));
#1163=IFCCARTESIANPOINT((0.0418750010431159,0.00200000009499587,0.0914452373981476));
#1164=IFCCARTESIANPOINT((0.0369026735425341,0.00200000009499587,0.0960333496332169));
#1165=IFCPOLYLOOP((#1161,#1162,#1163,#1164));
#1166=IFCFACEBOUND(#1165,.T.);
#1167=IFCFACE((#1166));
#1168=IFCCARTESIANPOINT((0.0369026735425341,0.,0.0960333496332169));
#1169=IFCCARTESIANPOINT((0.0369026735425341,0.00200000009499587,0.0960333496332169));
#1170=IFCCARTESIANPOINT((0.0331402495503771,0.00200000009499587,0.101656422019005));
#1171=IFCCARTESIANPOINT((0.0331402495503771,0.,0.101656422019005));
#1172=IFCPOLYLOOP((#1168,#1169,#1170,#1171));
#1173=IFCFACEBOUND(#1172,.T.);
#1174=IFCFACE((#1173));
#1175=IFCCARTESIANPOINT((0.0331402495503771,0.,0.101656422019005));
#1176=IFCCARTESIANPOINT((0.0331402495503771,0.00200000009499587,0.101656422019005));
#1177=IFCCARTESIANPOINT((0.0307960845530379,0.00200000009499587,0.108003057539463));
#1178=IFCCARTESIANPOINT((0.0307960845530379,0.,0.108003057539463));
#1179=IFCPOLYLOOP((#1175,#1176,#1177,#1178));
#1180=IFCFACEBOUND(#1179,.T.);
#1181=IFCFACE((#1180));
#1182=IFCCARTESIANPOINT((0.0822574198246348,0.,0.183514386415482));
#1183=IFCCARTESIANPOINT((0.0822574198246348,0.00200000009499587,0.183514386415482));
#1184=IFCCARTESIANPOINT((0.0846875011921275,0.00200000009499587,0.186407327651978));
#1185=IFCCARTESIANPOINT((0.0846875011921275,0.,0.186407327651978));
#1186=IFCPOLYLOOP((#1182,#1183,#1184,#1185));
#1187=IFCFACEBOUND(#1186,.T.);
#1188=IFCFACE((#1187));
#1189=IFCCARTESIANPOINT((0.130665197968518,0.,0.0765477642416954));
#1190=IFCCARTESIANPOINT((0.131041660904919,0.,0.0803071036934853));
#1191=IFCCARTESIANPOINT((0.131041660904919,0.00200000009499587,0.0803071036934853));
#1192=IFCCARTESIANPOINT((0.130665197968518,0.00200000009499587,0.0765477642416954));
#1193=IFCPOLYLOOP((#1189,#1190,#1191,#1192));
#1194=IFCFACEBOUND(#1193,.T.);
#1195=IFCFACE((#1194));
#1196=IFCCARTESIANPOINT((0.130665197968518,0.,0.0765477642416954));
#1197=IFCCARTESIANPOINT((0.130665197968518,0.00200000009499587,0.0765477642416954));
#1198=IFCCARTESIANPOINT((0.129550755023991,0.00200000009499587,0.0729377269744873));
#1199=IFCCARTESIANPOINT((0.129550755023991,0.,0.0729377269744873));
#1200=IFCPOLYLOOP((#1196,#1197,#1198,#1199));
#1201=IFCFACEBOUND(#1200,.T.);
#1202=IFCFACE((#1201));
#1203=IFCCARTESIANPOINT((0.129550755023991,0.,0.0729377269744873));
#1204=IFCCARTESIANPOINT((0.129550755023991,0.00200000009499587,0.0729377269744873));
#1205=IFCCARTESIANPOINT((0.127742573618923,0.00200000009499587,0.0696203634142876));
#1206=IFCCARTESIANPOINT((0.127742573618923,0.,0.0696203634142876));
#1207=IFCPOLYLOOP((#1203,#1204,#1205,#1206));
#1208=IFCFACEBOUND(#1207,.T.);
#1209=IFCFACE((#1208));
#1210=IFCCARTESIANPOINT((0.127742573618923,0.,0.0696203634142876));
#1211=IFCCARTESIANPOINT((0.127742573618923,0.00200000009499587,0.0696203634142876));
#1212=IFCCARTESIANPOINT((0.125312507152592,0.00200000009499587,0.0667274296283722));
#1213=IFCCARTESIANPOINT((0.125312507152592,0.,0.0667274296283722));
#1214=IFCPOLYLOOP((#1210,#1211,#1212,#1213));
#1215=IFCFACEBOUND(#1214,.T.);
#1216=IFCFACE((#1215));
#1217=IFCCARTESIANPOINT((0.0789583325386393,0.00200000009499587,0.126567378640175));
#1218=IFCCARTESIANPOINT((0.0789583325386393,0.,0.126567378640175));
#1219=IFCCARTESIANPOINT((0.104999996721779,0.,0.141602545976639));
#1220=IFCCARTESIANPOINT((0.104999996721779,0.00200000009499587,0.141602545976639));
#1221=IFCPOLYLOOP((#1217,#1218,#1219,#1220));
#1222=IFCFACEBOUND(#1221,.T.);
#1223=IFCFACE((#1222));
#1224=IFCCARTESIANPOINT((0.104999996721779,0.00200000009499587,0.0549999997019768));
#1225=IFCCARTESIANPOINT((0.104999996721779,0.,0.0549999997019768));
#1226=IFCCARTESIANPOINT((0.125312507152592,0.,0.0667274296283722));
#1227=IFCCARTESIANPOINT((0.125312507152592,0.00200000009499587,0.0667274296283722));
#1228=IFCPOLYLOOP((#1224,#1225,#1226,#1227));
#1229=IFCFACEBOUND(#1228,.T.);
#1230=IFCFACE((#1229));
#1231=IFCCARTESIANPOINT((0.0789583325386393,0.00200000009499587,0.172827646136284));
#1232=IFCCARTESIANPOINT((0.0789583325386393,0.,0.172827646136284));
#1233=IFCCARTESIANPOINT((0.0789583325386393,0.,0.126567378640175));
#1234=IFCCARTESIANPOINT((0.0789583325386393,0.00200000009499587,0.126567378640175));
#1235=IFCPOLYLOOP((#1231,#1232,#1233,#1234));
#1236=IFCFACEBOUND(#1235,.T.);
#1237=IFCFACE((#1236));
#1238=IFCCARTESIANPOINT((0.173097327351605,0.,0.157101407647133));
#1239=IFCCARTESIANPOINT((0.168125003576313,0.,0.161689519882202));
#1240=IFCCARTESIANPOINT((0.168125003576313,0.00200000009499587,0.161689519882202));
#1241=IFCCARTESIANPOINT((0.173097327351605,0.00200000009499587,0.157101407647133));
#1242=IFCPOLYLOOP((#1238,#1239,#1240,#1241));
#1243=IFCFACEBOUND(#1242,.T.);
#1244=IFCFACE((#1243));
#1245=IFCCARTESIANPOINT((0.173097327351605,0.,0.157101407647133));
#1246=IFCCARTESIANPOINT((0.173097327351605,0.00200000009499587,0.157101407647133));
#1247=IFCCARTESIANPOINT((0.176859751343762,0.00200000009499587,0.151478335261345));
#1248=IFCCARTESIANPOINT((0.176859751343762,0.,0.151478335261345));
#1249=IFCPOLYLOOP((#1245,#1246,#1247,#1248));
#1250=IFCFACEBOUND(#1249,.T.);
#1251=IFCFACE((#1250));
#1252=IFCCARTESIANPOINT((0.176859751343762,0.,0.151478335261345));
#1253=IFCCARTESIANPOINT((0.176859751343762,0.00200000009499587,0.151478335261345));
#1254=IFCCARTESIANPOINT((0.179203912615811,0.00200000009499587,0.145131692290306));
#1255=IFCCARTESIANPOINT((0.179203912615811,0.,0.145131692290306));
#1256=IFCPOLYLOOP((#1252,#1253,#1254,#1255));
#1257=IFCFACEBOUND(#1256,.T.);
#1258=IFCFACE((#1257));
#1259=IFCCARTESIANPOINT((0.179203912615811,0.,0.145131692290306));
#1260=IFCCARTESIANPOINT((0.179203912615811,0.00200000009499587,0.145131692290306));
#1261=IFCCARTESIANPOINT((0.180000007152592,0.00200000009499587,0.138412982225418));
#1262=IFCCARTESIANPOINT((0.180000007152592,0.,0.138412982225418));
#1263=IFCPOLYLOOP((#1259,#1260,#1261,#1262));
#1264=IFCFACEBOUND(#1263,.T.);
#1265=IFCFACE((#1264));
#1266=IFCCARTESIANPOINT((0.0793348029256213,0.,0.176586985588074));
#1267=IFCCARTESIANPOINT((0.0789583325386393,0.,0.172827646136284));
#1268=IFCCARTESIANPOINT((0.0789583325386393,0.00200000009499587,0.172827646136284));
#1269=IFCCARTESIANPOINT((0.0793348029256213,0.00200000009499587,0.176586985588074));
#1270=IFCPOLYLOOP((#1266,#1267,#1268,#1269));
#1271=IFCFACEBOUND(#1270,.T.);
#1272=IFCFACE((#1271));
#1273=IFCCARTESIANPOINT((0.0793348029256213,0.,0.176586985588074));
#1274=IFCCARTESIANPOINT((0.0793348029256213,0.00200000009499587,0.176586985588074));
#1275=IFCCARTESIANPOINT((0.080449245870148,0.00200000009499587,0.180197030305862));
#1276=IFCCARTESIANPOINT((0.080449245870148,0.,0.180197030305862));
#1277=IFCPOLYLOOP((#1273,#1274,#1275,#1276));
#1278=IFCFACEBOUND(#1277,.T.);
#1279=IFCFACE((#1278));
#1280=IFCCARTESIANPOINT((0.080449245870148,0.,0.180197030305862));
#1281=IFCCARTESIANPOINT((0.080449245870148,0.00200000009499587,0.180197030305862));
#1282=IFCCARTESIANPOINT((0.0822574198246348,0.00200000009499587,0.183514386415482));
#1283=IFCCARTESIANPOINT((0.0822574198246348,0.,0.183514386415482));
#1284=IFCPOLYLOOP((#1280,#1281,#1282,#1283));
#1285=IFCFACEBOUND(#1284,.T.);
#1286=IFCFACE((#1285));
#1287=IFCCARTESIANPOINT((0.180000007152592,0.00200000009499587,0.0983012691140175));
#1288=IFCCARTESIANPOINT((0.131041660904919,0.00200000009499587,0.126567378640175));
#1289=IFCCARTESIANPOINT((0.131041660904919,0.,0.126567378640175));
#1290=IFCCARTESIANPOINT((0.180000007152592,0.,0.0983012691140175));
#1291=IFCPOLYLOOP((#1287,#1288,#1289,#1290));
#1292=IFCFACEBOUND(#1291,.T.);
#1293=IFCFACE((#1292));
#1294=IFCCARTESIANPOINT((0.0299999993294823,0.00200000009499587,0.154833480715752));
#1295=IFCCARTESIANPOINT((0.0789583325386393,0.00200000009499587,0.126567378640175));
#1296=IFCCARTESIANPOINT((0.0789583325386393,0.,0.126567378640175));
#1297=IFCCARTESIANPOINT((0.0299999993294823,0.,0.154833480715752));
#1298=IFCPOLYLOOP((#1294,#1295,#1296,#1297));
#1299=IFCFACEBOUND(#1298,.T.);
#1300=IFCFACE((#1299));
#1301=IFCCLOSEDSHELL((#994,#1012,#1030,#1037,#1070,#1077,#1084,#1091,#1097,#1104,#1111,#1118,#1125,#1132,#1139,#1146,#1153,#1160,#1167,#1174,#1181,#1188,#1195,#1202,#1209,#1216,#1223,#1230,#1237,#1244,#1251,#1258,#1265,#1272,#1279,#1286,#1293,#1300));
#1302=IFCFACETEDBREP(#1301);
#1303=IFCCARTESIANPOINT((0.0299999993294477,0.00100000004749721,0.154833480715752));
#1304=IFCCARTESIANPOINT((0.104999996721745,0.00100000004749721,0.198134750127792));
#1305=IFCCARTESIANPOINT((0.104999996721745,0.00200000009499515,0.198134750127792));
#1306=IFCCARTESIANPOINT((0.0299999993294477,0.00200000009499515,0.154833480715752));
#1307=IFCPOLYLOOP((#1303,#1304,#1305,#1306));
#1308=IFCFACEBOUND(#1307,.T.);
#1309=IFCFACE((#1308));
#1310=IFCCARTESIANPOINT((0.180000007152557,0.00100000004749721,0.0983012691140175));
#1311=IFCCARTESIANPOINT((0.104999996721745,0.00100000004749721,0.0549999997019768));
#1312=IFCCARTESIANPOINT((0.104999996721745,0.00200000009499515,0.0549999997019768));
#1313=IFCCARTESIANPOINT((0.180000007152557,0.00200000009499515,0.0983012691140175));
#1314=IFCPOLYLOOP((#1310,#1311,#1312,#1313));
#1315=IFCFACEBOUND(#1314,.T.);
#1316=IFCFACE((#1315));
#1317=IFCCARTESIANPOINT((0.104999996721745,0.00100000004749721,0.198134750127792));
#1318=IFCCARTESIANPOINT((0.180000007152557,0.00100000004749721,0.154833480715752));
#1319=IFCCARTESIANPOINT((0.180000007152557,0.00200000009499515,0.154833480715752));
#1320=IFCCARTESIANPOINT((0.104999996721745,0.00200000009499515,0.198134750127792));
#1321=IFCPOLYLOOP((#1317,#1318,#1319,#1320));
#1322=IFCFACEBOUND(#1321,.T.);
#1323=IFCFACE((#1322));
#1324=IFCCARTESIANPOINT((0.0299999993294477,0.00100000004749721,0.0983012691140175));
#1325=IFCCARTESIANPOINT((0.0299999993294477,0.00100000004749721,0.154833480715752));
#1326=IFCCARTESIANPOINT((0.0299999993294477,0.00200000009499515,0.154833480715752));
#1327=IFCCARTESIANPOINT((0.0299999993294477,0.00200000009499515,0.0983012691140175));
#1328=IFCPOLYLOOP((#1324,#1325,#1326,#1327));
#1329=IFCFACEBOUND(#1328,.T.);
#1330=IFCFACE((#1329));
#1331=IFCCARTESIANPOINT((0.0299999993294477,0.00200000009499515,0.154833480715752));
#1332=IFCCARTESIANPOINT((0.104999996721745,0.00200000009499515,0.198134750127792));
#1333=IFCCARTESIANPOINT((0.180000007152557,0.00200000009499515,0.154833480715752));
#1334=IFCCARTESIANPOINT((0.180000007152557,0.00200000009499515,0.0983012691140175));
#1335=IFCCARTESIANPOINT((0.104999996721745,0.00200000009499515,0.0549999997019768));
#1336=IFCCARTESIANPOINT((0.0299999993294477,0.00200000009499515,0.0983012691140175));
#1337=IFCPOLYLOOP((#1331,#1332,#1333,#1334,#1335,#1336));
#1338=IFCFACEBOUND(#1337,.T.);
#1339=IFCFACE((#1338));
#1340=IFCCARTESIANPOINT((0.180000007152557,0.00100000004749721,0.154833480715752));
#1341=IFCCARTESIANPOINT((0.180000007152557,0.00100000004749721,0.0983012691140175));
#1342=IFCCARTESIANPOINT((0.180000007152557,0.00200000009499515,0.0983012691140175));
#1343=IFCCARTESIANPOINT((0.180000007152557,0.00200000009499515,0.154833480715752));
#1344=IFCPOLYLOOP((#1340,#1341,#1342,#1343));
#1345=IFCFACEBOUND(#1344,.T.);
#1346=IFCFACE((#1345));
#1347=IFCCARTESIANPOINT((0.0299999993294477,0.00100000004749721,0.154833480715752));
#1348=IFCCARTESIANPOINT((0.0299999993294477,0.00100000004749721,0.0983012691140175));
#1349=IFCCARTESIANPOINT((0.104999996721745,0.00100000004749721,0.0549999997019768));
#1350=IFCCARTESIANPOINT((0.180000007152557,0.00100000004749721,0.0983012691140175));
#1351=IFCCARTESIANPOINT((0.180000007152557,0.00100000004749721,0.154833480715752));
#1352=IFCCARTESIANPOINT((0.104999996721745,0.00100000004749721,0.198134750127792));
#1353=IFCPOLYLOOP((#1347,#1348,#1349,#1350,#1351,#1352));
#1354=IFCFACEBOUND(#1353,.T.);
#1355=IFCFACE((#1354));
#1356=IFCCARTESIANPOINT((0.104999996721745,0.00100000004749721,0.0549999997019768));
#1357=IFCCARTESIANPOINT((0.0299999993294477,0.00100000004749721,0.0983012691140175));
#1358=IFCCARTESIANPOINT((0.0299999993294477,0.00200000009499515,0.0983012691140175));
#1359=IFCCARTESIANPOINT((0.104999996721745,0.00200000009499515,0.0549999997019768));
#1360=IFCPOLYLOOP((#1356,#1357,#1358,#1359));
#1361=IFCFACEBOUND(#1360,.T.);
#1362=IFCFACE((#1361));
#1363=IFCCLOSEDSHELL((#1309,#1316,#1323,#1330,#1339,#1346,#1355,#1362));
#1364=IFCFACETEDBREP(#1363);
#1365=IFCCOLOURRGB($,0.345098039215686,0.619607843137255,0.650980392156863);
#1366=IFCSURFACESTYLERENDERING(#1365,0.,$,$,$,$,$,$,.NOTDEFINED.);
#1367=IFCSURFACESTYLE($,.BOTH.,(#1366));
#1368=IFCPRESENTATIONSTYLEASSIGNMENT((#1367));
#1369=IFCSTYLEDITEM(#85,(#1368),$);
#1370=IFCCOLOURRGB($,0.0470588235294118,0.149019607843137,0.349019607843137);
#1371=IFCSURFACESTYLERENDERING(#1370,0.,$,$,$,$,$,$,.NOTDEFINED.);
#1372=IFCSURFACESTYLE($,.BOTH.,(#1371));
#1373=IFCPRESENTATIONSTYLEASSIGNMENT((#1372));
#1374=IFCSTYLEDITEM(#129,(#1373),$);
#1375=IFCCOLOURRGB($,0.949019607843137,0.56078431372549,0.219607843137255);
#1376=IFCSURFACESTYLERENDERING(#1375,0.,$,$,$,$,$,$,.NOTDEFINED.);
#1377=IFCSURFACESTYLE($,.BOTH.,(#1376));
#1378=IFCPRESENTATIONSTYLEASSIGNMENT((#1377));
#1379=IFCSTYLEDITEM(#173,(#1378),$);
#1380=IFCSTYLEDITEM(#289,(#1373),$);
#1381=IFCSTYLEDITEM(#711,(#1373),$);
#1382=IFCSTYLEDITEM(#809,(#1373),$);
#1383=IFCSTYLEDITEM(#988,(#1373),$);
#1384=IFCSTYLEDITEM(#1302,(#1373),$);
#1385=IFCCOLOURRGB($,1.,1.,1.);
#1386=IFCSURFACESTYLERENDERING(#1385,0.,$,$,$,$,$,$,.NOTDEFINED.);
#1387=IFCSURFACESTYLE($,.BOTH.,(#1386));
#1388=IFCPRESENTATIONSTYLEASSIGNMENT((#1387));
#1389=IFCSTYLEDITEM(#1364,(#1388),$);
#1390=IFCSHAPEREPRESENTATION(#11,'Body','Brep',(#85,#129,#173,#289,#711,#809,#988,#1302,#1364));
#1391=IFCCARTESIANPOINT((-0.,-0.,0.));
#1392=IFCDIRECTION((0.,0.,1.));
#1393=IFCDIRECTION((0.637921483011472,0.770101409888622,0.));
#1394=IFCAXIS2PLACEMENT3D(#1391,#1392,#1393);
#1395=IFCLOCALPLACEMENT(#37,#1394);
#1396=IFCPRODUCTDEFINITIONSHAPE($,$,(#1390));
#1397=IFCBUILDINGELEMENTPROXY('015d8lIpL7c9RAzxbOHobh',#5,'GEO-Nulpunt',$,'nulpunt:nulpunt',#1395,#1396,$,$);
#1398=IFCPROPERTYSINGLEVALUE('RD-Y',$,IFCTEXT('384156.389'),$);
#1399=IFCPROPERTYSINGLEVALUE('RD-X',$,IFCTEXT('160071.588'),$);
#1400=IFCPROPERTYSINGLEVALUE('Latitude',$,IFCTEXT('51.44647491'),$);
#1401=IFCPROPERTYSINGLEVALUE('Longitude',$,IFCTEXT('5.46015425'),$);
#1402=IFCPROPERTYSET('1mAFcWxzvAYeAdL87_SLaX',#5,'CPset_GEO-Nulpunt',$,(#1398,#1399,#1400,#1401));
#1403=IFCRELDEFINESBYPROPERTIES('375H8lcGT9Pu66rvSBO_Fl',#5,$,$,(#1397),#1402);
#1404=IFCCARTESIANPOINT((0.,0.,-0.1));
#1405=IFCDIRECTION((0.,0.,1.));
#1406=IFCDIRECTION((1.,0.,0.));
#1407=IFCAXIS2PLACEMENT3D(#1404,#1405,#1406);
#1408=IFCLOCALPLACEMENT(#37,#1407);
#1409=IFCCARTESIANPOINT((0.,0.,0.));
#1410=IFCDIRECTION((0.,0.,1.));
#1411=IFCDIRECTION((1.,0.,0.));
#1412=IFCAXIS2PLACEMENT3D(#1409,#1410,#1411);
#1413=IFCDIRECTION((0.,0.,1.));
#1414=IFCCARTESIANPOINT((38.030449109996,-288.963157955557));
#1415=IFCCARTESIANPOINT((44.0593888842559,-286.488070827676));
#1416=IFCCARTESIANPOINT((97.8853464290733,-264.390639941965));
#1417=IFCCARTESIANPOINT((109.584652377293,-259.607003377925));
#1418=IFCCARTESIANPOINT((104.877789762948,-265.289147077361));
#1419=IFCCARTESIANPOINT((104.77941230571,-265.329381012882));
#1420=IFCCARTESIANPOINT((99.5294573279971,-267.477077233663));
#1421=IFCCARTESIANPOINT((93.8279970186995,-269.809131976974));
#1422=IFCCARTESIANPOINT((45.3532374491042,-289.641449129093));
#1423=IFCCARTESIANPOINT((27.0002279565379,-297.149795197416));
#1424=IFCCARTESIANPOINT((21.8577075429785,-299.247568299063));
#1425=IFCCARTESIANPOINT((16.6058992948674,-301.391098351043));
#1426=IFCCARTESIANPOINT((11.3533603795804,-303.534107663261));
#1427=IFCCARTESIANPOINT((6.10139975920902,-305.676235162653));
#1428=IFCCARTESIANPOINT((0.850210392236477,-307.818993436231));
#1429=IFCCARTESIANPOINT((-4.40294996739249,-309.962731224892));
#1430=IFCCARTESIANPOINT((-9.65557633261778,-312.105640778842));
#1431=IFCCARTESIANPOINT((-13.3188109883049,-313.600338691729));
#1432=IFCCARTESIANPOINT((-16.2974737156474,-311.132932555338));
#1433=IFCCARTESIANPOINT((38.030449109996,-288.963157955557));
#1434=IFCPOLYLINE((#1414,#1415,#1416,#1417,#1418,#1419,#1420,#1421,#1422,#1423,#1424,#1425,#1426,#1427,#1428,#1429,#1430,#1431,#1432,#1433));
#1435=IFCARBITRARYCLOSEDPROFILEDEF(.AREA.,$,#1434);
#1436=IFCEXTRUDEDAREASOLID(#1435,#1412,#1413,0.1);
#1437=IFCSHAPEREPRESENTATION(#11,'Body','SweptSolid',(#1436));
#1438=IFCPRODUCTDEFINITIONSHAPE($,$,(#1437));
#1439=IFCSLAB('3xDw0Qvhb9eum4fhWivw1f',#5,'NL.IMRO.0772.EP13253985103-00',$,$,#1408,#1438,$,.NOTDEFINED.);
#1440=IFCCOLOURRGB($,0.803921568627451,0.803921568627451,0.803921568627451);
#1441=IFCSURFACESTYLERENDERING(#1440,0.00392156862745097,$,$,$,$,$,$,.NOTDEFINED.);
#1442=IFCSURFACESTYLE($,.BOTH.,(#1441));
#1443=IFCPRESENTATIONSTYLEASSIGNMENT((#1442));
#1444=IFCSTYLEDITEM(#1436,(#1443),$);
#1445=IFCPROPERTYSINGLEVALUE('plan_id',$,IFCTEXT('NL.IMRO.0772.80190-0301'),$);
#1446=IFCPROPERTYSINGLEVALUE('plan_naam',$,IFCTEXT('Philipsdorp 2013'),$);
#1447=IFCPROPERTYSINGLEVALUE('id',$,IFCTEXT('NL.IMRO.0772.EP13253985103-00'),$);
#1448=IFCPROPERTYSINGLEVALUE('naam',$,IFCTEXT('Verkeer - Verblijfsgebied'),$);
#1449=IFCPROPERTYSINGLEVALUE('bestemmingshoofdgroep',$,IFCTEXT('verkeer'),$);
#1450=IFCPROPERTYSINGLEVALUE('verwijzing_naar_tekst',$,IFCTEXT('https://ruimtelijkeplannen.nl/documents/NL.IMRO.0772.80190-0301/r_NL.IMRO.0772.80190-0301_2.11.html'),$);
#1451=IFCPROPERTYSINGLEVALUE('plan_dossierstatus',$,IFCTEXT('geheel onherroepelijk in werking'),$);
#1452=IFCPROPERTYSINGLEVALUE('plan_besluitnummer',$,IFCTEXT('13R5357'),$);
#1453=IFCPROPERTYSINGLEVALUE('type_planobject',$,IFCTEXT('enkelbestemming'),$);
#1454=IFCPROPERTYSET('0qF9wySZjDBgWVwMpNj3L4',#5,'CPset_DSO-Enkelbestemming',$,(#1445,#1446,#1447,#1448,#1449,#1450,#1451,#1452,#1453));
#1455=IFCRELDEFINESBYPROPERTIES('29qjgW$vb61PeF9GiVxA6V',#5,$,$,(#1439),#1454);
#1456=IFCCARTESIANPOINT((0.,0.,-0.1));
#1457=IFCDIRECTION((0.,0.,1.));
#1458=IFCDIRECTION((1.,0.,0.));
#1459=IFCAXIS2PLACEMENT3D(#1456,#1457,#1458);
#1460=IFCLOCALPLACEMENT(#37,#1459);
#1461=IFCCARTESIANPOINT((0.,0.,0.));
#1462=IFCDIRECTION((0.,0.,1.));
#1463=IFCDIRECTION((1.,0.,0.));
#1464=IFCAXIS2PLACEMENT3D(#1461,#1462,#1463);
#1465=IFCDIRECTION((0.,0.,1.));
#1466=IFCCARTESIANPOINT((-9.65557633261778,-312.105640778842));
#1467=IFCCARTESIANPOINT((-4.40294996739249,-309.962731224892));
#1468=IFCCARTESIANPOINT((0.850210392236477,-307.818993436231));
#1469=IFCCARTESIANPOINT((6.10139975920902,-305.676235162653));
#1470=IFCCARTESIANPOINT((11.3533603795804,-303.534107663261));
#1471=IFCCARTESIANPOINT((16.6058992948674,-301.391098351043));
#1472=IFCCARTESIANPOINT((21.8577075429785,-299.247568299063));
#1473=IFCCARTESIANPOINT((27.0002279565379,-297.149795197416));
#1474=IFCCARTESIANPOINT((45.3532374491042,-289.641449129093));
#1475=IFCCARTESIANPOINT((93.8279970186995,-269.809131976974));
#1476=IFCCARTESIANPOINT((99.5294573279971,-267.477077233663));
#1477=IFCCARTESIANPOINT((104.77941230571,-265.329381012882));
#1478=IFCCARTESIANPOINT((104.877789762948,-265.289147077361));
#1479=IFCCARTESIANPOINT((33.044853204774,-352.006160366756));
#1480=IFCCARTESIANPOINT((-13.3188109883049,-313.600338691729));
#1481=IFCCARTESIANPOINT((-9.65557633261778,-312.105640778842));
#1482=IFCPOLYLINE((#1466,#1467,#1468,#1469,#1470,#1471,#1472,#1473,#1474,#1475,#1476,#1477,#1478,#1479,#1480,#1481));
#1483=IFCARBITRARYCLOSEDPROFILEDEF(.AREA.,$,#1482);
#1484=IFCEXTRUDEDAREASOLID(#1483,#1464,#1465,0.1);
#1485=IFCSHAPEREPRESENTATION(#11,'Body','SweptSolid',(#1484));
#1486=IFCPRODUCTDEFINITIONSHAPE($,$,(#1485));
#1487=IFCSLAB('1vKfGEt8r0YPq$$3haNGtP',#5,'NL.IMRO.0772.EP4234368960-00',$,$,#1460,#1486,$,.NOTDEFINED.);
#1488=IFCCOLOURRGB($,1.,1.,0.);
#1489=IFCSURFACESTYLERENDERING(#1488,0.00392156862745097,$,$,$,$,$,$,.NOTDEFINED.);
#1490=IFCSURFACESTYLE($,.BOTH.,(#1489));
#1491=IFCPRESENTATIONSTYLEASSIGNMENT((#1490));
#1492=IFCSTYLEDITEM(#1484,(#1491),$);
#1493=IFCPROPERTYSINGLEVALUE('plan_id',$,IFCTEXT('NL.IMRO.0772.80190-0301'),$);
#1494=IFCPROPERTYSINGLEVALUE('plan_naam',$,IFCTEXT('Philipsdorp 2013'),$);
#1495=IFCPROPERTYSINGLEVALUE('id',$,IFCTEXT('NL.IMRO.0772.EP4234368960-00'),$);
#1496=IFCPROPERTYSINGLEVALUE('naam',$,IFCTEXT('Wonen'),$);
#1497=IFCPROPERTYSINGLEVALUE('bestemmingshoofdgroep',$,IFCTEXT('wonen'),$);
#1498=IFCPROPERTYSINGLEVALUE('verwijzing_naar_tekst',$,IFCTEXT('https://ruimtelijkeplannen.nl/documents/NL.IMRO.0772.80190-0301/r_NL.IMRO.0772.80190-0301_2.12.html'),$);
#1499=IFCPROPERTYSINGLEVALUE('plan_dossierstatus',$,IFCTEXT('geheel onherroepelijk in werking'),$);
#1500=IFCPROPERTYSINGLEVALUE('plan_besluitnummer',$,IFCTEXT('13R5357'),$);
#1501=IFCPROPERTYSINGLEVALUE('type_planobject',$,IFCTEXT('enkelbestemming'),$);
#1502=IFCPROPERTYSET('08gYs0u4HDexCe$VXU6btV',#5,'CPset_DSO-Enkelbestemming',$,(#1493,#1494,#1495,#1496,#1497,#1498,#1499,#1500,#1501));
#1503=IFCRELDEFINESBYPROPERTIES('1UZ18rrez0kvGwOQMlTDfJ',#5,$,$,(#1487),#1502);
#1504=IFCCARTESIANPOINT((0.,0.,-0.1));
#1505=IFCDIRECTION((0.,0.,1.));
#1506=IFCDIRECTION((1.,0.,0.));
#1507=IFCAXIS2PLACEMENT3D(#1504,#1505,#1506);
#1508=IFCLOCALPLACEMENT(#37,#1507);
#1509=IFCCARTESIANPOINT((0.,0.,0.));
#1510=IFCDIRECTION((0.,0.,1.));
#1511=IFCDIRECTION((1.,0.,0.));
#1512=IFCAXIS2PLACEMENT3D(#1509,#1510,#1511);
#1513=IFCDIRECTION((0.,0.,1.));
#1514=IFCCARTESIANPOINT((118.358041377418,-221.404091534088));
#1515=IFCCARTESIANPOINT((116.689183839189,-222.086366263044));
#1516=IFCCARTESIANPOINT((112.538735143811,-223.781346428616));
#1517=IFCCARTESIANPOINT((64.0753189061361,-243.576350228104));
#1518=IFCCARTESIANPOINT((60.5145260326099,-245.031366937736));
#1519=IFCCARTESIANPOINT((23.9380437710497,-154.91471528844));
#1520=IFCCARTESIANPOINT((20.6690957165847,-146.859485792229));
#1521=IFCCARTESIANPOINT((20.0187169927231,-145.257268975314));
#1522=IFCCARTESIANPOINT((18.3419394485536,-141.127084263426));
#1523=IFCCARTESIANPOINT((-0.43378350691637,-94.867732841929));
#1524=IFCCARTESIANPOINT((-1.95907558195177,-91.1097072308767));
#1525=IFCCARTESIANPOINT((-1.95809176872717,-91.0617229955387));
#1526=IFCCARTESIANPOINT((-1.95658779531368,-91.0138079824974));
#1527=IFCCARTESIANPOINT((-1.95447507870267,-90.9658550253371));
#1528=IFCCARTESIANPOINT((-1.95184220545343,-90.917971287563));
#1529=IFCCARTESIANPOINT((-1.94860058577615,-90.8700496085803));
#1530=IFCCARTESIANPOINT((-1.94488310519955,-90.8222507283208));
#1531=IFCCARTESIANPOINT((-1.94060117300251,-90.7744674870628));
#1532=IFCCARTESIANPOINT((-1.93566904641921,-90.7267707685241));
#1533=IFCCARTESIANPOINT((-1.93030250447919,-90.6790723867598));
#1534=IFCCARTESIANPOINT((-1.92433006589999,-90.6315141053055));
#1535=IFCCARTESIANPOINT((-1.91787892158027,-90.5839005769813));
#1536=IFCCARTESIANPOINT((-1.91082187221036,-90.5364271560102));
#1537=IFCCARTESIANPOINT((-1.90320321999025,-90.4891474164906));
#1538=IFCCARTESIANPOINT((-1.89510585757671,-90.441812433477));
#1539=IFCCARTESIANPOINT((-1.88640259695239,-90.3946175522869));
#1540=IFCCARTESIANPOINT((-1.8772234787466,-90.3475454669097));
#1541=IFCCARTESIANPOINT((-1.86739415780175,-90.3005599108874));
#1542=IFCCARTESIANPOINT((-1.85708897773293,-90.2536971520167));
#1543=IFCCARTESIANPOINT((-1.84622219513403,-90.2070280744229));
#1544=IFCCARTESIANPOINT((-1.8349209955486,-90.1603573348839));
#1545=IFCCARTESIANPOINT((-1.82292815344408,-90.1138975817012));
#1546=IFCCARTESIANPOINT((-1.8104594477918,-90.0675606293371));
#1547=IFCCARTESIANPOINT((-1.79751488100737,-90.0213464756962));
#1548=IFCCARTESIANPOINT((-1.78400870924816,-89.9753260051948));
#1549=IFCCARTESIANPOINT((-1.76994092957466,-89.929499220103));
#1550=IFCCARTESIANPOINT((-1.7553529922443,-89.8837416549213));
#1551=IFCCARTESIANPOINT((-1.74024774835561,-89.8382313501206));
#1552=IFCCARTESIANPOINT((-1.72466663867817,-89.7928438478848));
#1553=IFCCARTESIANPOINT((-1.70852392361849,-89.7476500289631));
#1554=IFCCARTESIANPOINT((-1.69186389719835,-89.7027034743223));
#1555=IFCCARTESIANPOINT((-1.67464226353331,-89.6579506045673));
#1556=IFCCARTESIANPOINT((-1.65694476899807,-89.6133205332444));
#1557=IFCCARTESIANPOINT((-1.63872996170539,-89.568937727192));
#1558=IFCCARTESIANPOINT((-1.62008358890307,-89.524731299316));
#1559=IFCCARTESIANPOINT((-1.60078986297594,-89.4807894424885));
#1560=IFCCARTESIANPOINT((-1.58110886535724,-89.437077544746));
#1561=IFCCARTESIANPOINT((-1.5608662579034,-89.3935593339847));
#1562=IFCCARTESIANPOINT((-1.54010634377482,-89.3502883834299));
#1563=IFCCARTESIANPOINT((-1.51887341175461,-89.3073182784137));
#1564=IFCCARTESIANPOINT((-1.4971646143531,-89.2644709753222));
#1565=IFCCARTESIANPOINT((-1.47498280511354,-89.2219245127053));
#1566=IFCCARTESIANPOINT((-1.45219793482102,-89.1796962033841));
#1567=IFCCARTESIANPOINT((-1.42902579161455,-89.1376978541375));
#1568=IFCCARTESIANPOINT((-1.40538063432905,-89.0960003470536));
#1569=IFCCARTESIANPOINT((-1.38121816431521,-89.0545501052984));
#1570=IFCCARTESIANPOINT((-1.35666842022329,-89.0133298242581));
#1571=IFCCARTESIANPOINT((-1.33151562054991,-88.9724276921479));
#1572=IFCCARTESIANPOINT((-1.30593409776338,-88.9318799855537));
#1573=IFCCARTESIANPOINT((-1.27992100882693,-88.8915086573106));
#1574=IFCCARTESIANPOINT((-1.25339345089742,-88.8515626406879));
#1575=IFCCARTESIANPOINT((-1.22647862383747,-88.8118465807638));
#1576=IFCCARTESIANPOINT((-1.19900502919336,-88.7725022554514));
#1577=IFCCARTESIANPOINT((-1.17118845702498,-88.7334414697252));
#1578=IFCCARTESIANPOINT((-1.14289887165069,-88.6946815252304));
#1579=IFCCARTESIANPOINT((-1.11418055891409,-88.6562760098022));
#1580=IFCCARTESIANPOINT((-1.0849034874409,-88.618242221477));
#1581=IFCCARTESIANPOINT((-1.05528343669721,-88.5804919739603));
#1582=IFCCARTESIANPOINT((-1.02523466336424,-88.543096151494));
#1583=IFCCARTESIANPOINT((-0.994757164706243,-88.5060547561734));
#1584=IFCCARTESIANPOINT((-0.963850947504397,-88.4693677824689));
#1585=IFCCARTESIANPOINT((-0.932516005152138,-88.4330352356774));
#1586=IFCCARTESIANPOINT((-0.90075233989046,-88.3970571141108));
#1587=IFCCARTESIANPOINT((-0.868604246235918,-88.3614869980374));
#1588=IFCCARTESIANPOINT((-0.836027429730166,-88.3262713070726));
#1589=IFCCARTESIANPOINT((-0.803021892643301,-88.2914100391208));
#1590=IFCCARTESIANPOINT((-0.769631922623375,-88.2569567806204));
#1591=IFCCARTESIANPOINT((-0.735857524996391,-88.2229115268565));
#1592=IFCCARTESIANPOINT((-0.701740151300328,-88.1891498112236));
#1593=IFCCARTESIANPOINT((-0.667152601439739,-88.15586698876));
#1594=IFCCARTESIANPOINT((-0.632224921399029,-88.1230457490892));
#1595=IFCCARTESIANPOINT((-0.59695426034159,-88.0905080516241));
#1596=IFCCARTESIANPOINT((-0.561299173539737,-88.058378357382));
#1597=IFCCARTESIANPOINT((-0.52521820567199,-88.0267811361118));
#1598=IFCCARTESIANPOINT((-0.488838555349503,-87.9955210341723));
#1599=IFCCARTESIANPOINT((-0.452074475673726,-87.964668938308));
#1600=IFCCARTESIANPOINT((-0.41497026316938,-87.9342784273904));
#1601=IFCCARTESIANPOINT((-0.377481619274477,-87.9042959242361));
#1602=IFCCARTESIANPOINT((-0.339652844471857,-87.874775004515));
#1603=IFCCARTESIANPOINT((-0.301569676987128,-87.8456447881181));
#1604=IFCCARTESIANPOINT((-0.263060634519206,-87.8170470398618));
#1605=IFCCARTESIANPOINT((-0.224252906482434,-87.7887864130898));
#1606=IFCCARTESIANPOINT((-0.185149340337375,-87.7610409515328));
#1607=IFCCARTESIANPOINT((-0.145661343209213,-87.7337034973316));
#1608=IFCCARTESIANPOINT((-0.105877509136917,-87.7068812072393));
#1609=IFCCARTESIANPOINT((-0.0658392824116163,-87.680449620646));
#1610=IFCCARTESIANPOINT((-0.0255052187712863,-87.6545331980451));
#1611=IFCCARTESIANPOINT((0.01516898124828,-87.6290783631266));
#1612=IFCCARTESIANPOINT((0.0560975688567851,-87.6040142274578));
#1613=IFCCARTESIANPOINT((0.0973634448891971,-87.5795897225034));
#1614=IFCCARTESIANPOINT((0.138797967782011,-87.5554850348854));
#1615=IFCCARTESIANPOINT((0.180658369790763,-87.5319128183764));
#1616=IFCCARTESIANPOINT((0.222684573353035,-87.5088384644478));
#1617=IFCCARTESIANPOINT((0.265050906076794,-87.4862256920896));
#1618=IFCCARTESIANPOINT((0.307583044515923,-87.464110785746));
#1619=IFCCARTESIANPOINT((0.350411022373009,-87.4425110454322));
#1620=IFCCARTESIANPOINT((0.393534837174229,-87.4214264691109));
#1621=IFCCARTESIANPOINT((0.436868747783592,-87.4007861744612));
#1622=IFCCARTESIANPOINT((0.480368456977885,-87.3806437400053));
#1623=IFCCARTESIANPOINT((0.524164008355001,-87.3610164737911));
#1624=IFCCARTESIANPOINT((0.734833084075944,-87.2745020955917));
#1625=IFCCARTESIANPOINT((1.89230444739223,-86.8036268253345));
#1626=IFCCARTESIANPOINT((-1.63601142683183,-78.1115376356174));
#1627=IFCCARTESIANPOINT((-1.59748111240333,-78.1550261523225));
#1628=IFCCARTESIANPOINT((-1.55842210983974,-78.1980497490731));
#1629=IFCCARTESIANPOINT((-1.51879012075369,-78.2405548489187));
#1630=IFCCARTESIANPOINT((-1.47862944775261,-78.2825950254337));
#1631=IFCCARTESIANPOINT((-1.43798153233365,-78.3240458204527));
#1632=IFCCARTESIANPOINT((-1.39671918615932,-78.3651025785948));
#1633=IFCCARTESIANPOINT((-1.35509963650838,-78.4055526509765));
#1634=IFCCARTESIANPOINT((-1.31282136336085,-78.4455551045248));
#1635=IFCCARTESIANPOINT((-1.27014159382088,-78.4848972906475));
#1636=IFCCARTESIANPOINT((-1.22697743197205,-78.5238281358615));
#1637=IFCCARTESIANPOINT((-1.18332603012095,-78.5621695973678));
#1638=IFCCARTESIANPOINT((-1.1391016470152,-78.5999925572542));
#1639=IFCCARTESIANPOINT((-1.09452006188803,-78.6372088298667));
#1640=IFCCARTESIANPOINT((-1.04949553278857,-78.6738892977592));
#1641=IFCCARTESIANPOINT((-1.00389802179416,-78.710051264381));
#1642=IFCCARTESIANPOINT((-0.957899014523719,-78.7455529631698));
#1643=IFCCARTESIANPOINT((-0.911501360300463,-78.7805724354694));
#1644=IFCCARTESIANPOINT((-0.864657914295094,-78.814878060075));
#1645=IFCCARTESIANPOINT((-0.817415822210023,-78.8487014574348));
#1646=IFCCARTESIANPOINT((-0.769686491315952,-78.8819354699226));
#1647=IFCCARTESIANPOINT((-0.72155566434958,-78.9145092141698));
#1648=IFCCARTESIANPOINT((-0.673067638621433,-78.9464762678836));
#1649=IFCCARTESIANPOINT((-0.624136666767299,-78.9779075185652));
#1650=IFCCARTESIANPOINT((-0.574804203119129,-79.0086784973391));
#1651=IFCCARTESIANPOINT((-0.525200284522725,-79.0387719015707));
#1652=IFCCARTESIANPOINT((-0.475153420557035,-79.0683295018971));
#1653=IFCCARTESIANPOINT((-0.424705065815942,-79.0972268293845));
#1654=IFCCARTESIANPOINT((-0.373943800892448,-79.1255710516707));
#1655=IFCCARTESIANPOINT((-0.3228224995255,-79.1531305323006));
#1656=IFCCARTESIANPOINT((-0.271302541281329,-79.1802077942411));
#1657=IFCCARTESIANPOINT((-0.219552578259027,-79.206483016198));
#1658=IFCCARTESIANPOINT((-0.167403967905557,-79.2322760115494));
#1659=IFCCARTESIANPOINT((-0.115025353850797,-79.2572669659858));
#1660=IFCCARTESIANPOINT((-0.062289539113408,-79.2816512311692));
#1661=IFCCARTESIANPOINT((-0.00915223025367595,-79.3053752262495));
#1662=IFCCARTESIANPOINT((0.0442122388340067,-79.3284752265899));
#1663=IFCCARTESIANPOINT((0.0977624192310032,-79.3508267680299));
#1664=IFCCARTESIANPOINT((0.151669797982322,-79.3725716183544));
#1665=IFCCARTESIANPOINT((0.205848631361732,-79.3936388936127));
#1666=IFCCARTESIANPOINT((0.260298921930371,-79.4140285956091));
#1667=IFCCARTESIANPOINT((0.314934920548694,-79.4336698359111));
#1668=IFCCARTESIANPOINT((0.369928118016105,-79.4527043854469));
#1669=IFCCARTESIANPOINT((0.425062734779203,-79.4710440583876));
#1670=IFCCARTESIANPOINT((0.480427352566039,-79.4885816878523));
#1671=IFCCARTESIANPOINT((0.535974840226118,-79.5055489063379));
#1672=IFCCARTESIANPOINT((0.591838073538383,-79.5217849660548));
#1673=IFCCARTESIANPOINT((0.647842725360533,-79.5373261484783));
#1674=IFCCARTESIANPOINT((0.703988791297888,-79.5521724498249));
#1675=IFCCARTESIANPOINT((0.760406312445411,-79.566341176338));
#1676=IFCCARTESIANPOINT((0.816923801583471,-79.5796905597672));
#1677=IFCCARTESIANPOINT((0.873668450774858,-79.5924159481074));
#1678=IFCCARTESIANPOINT((0.930554513906827,-79.604446455196));
#1679=IFCCARTESIANPOINT((0.987496246612864,-79.6157111964421));
#1680=IFCCARTESIANPOINT((1.04466514350497,-79.6263519459753));
#1681=IFCCARTESIANPOINT((1.10193400437129,-79.6361733489903));
#1682=IFCCARTESIANPOINT((1.15929998489446,-79.6453534512548));
#1683=IFCCARTESIANPOINT((1.21685167888063,-79.653785096074));
#1684=IFCCARTESIANPOINT((1.27441474757507,-79.6615045550279));
#1685=IFCCARTESIANPOINT((1.33211923029739,-79.6685291326721));
#1686=IFCCARTESIANPOINT((1.38987938864739,-79.6747879493632));
#1687=IFCCARTESIANPOINT((1.44778096143273,-79.6803518852103));
#1688=IFCCARTESIANPOINT((1.50560816130019,-79.6851327476907));
#1689=IFCCARTESIANPOINT((1.56366252948646,-79.6892896218342));
#1690=IFCCARTESIANPOINT((1.62168681868934,-79.6926098418189));
#1691=IFCCARTESIANPOINT((1.67967819006299,-79.6952714579529));
#1692=IFCCARTESIANPOINT((1.73781098032487,-79.6972381966771));
#1693=IFCCARTESIANPOINT((1.79591369154514,-79.6983682813589));
#1694=IFCCARTESIANPOINT((1.85398349107709,-79.6988397671375));
#1695=IFCCARTESIANPOINT((1.9121504088107,-79.6986699510016));
#1696=IFCCARTESIANPOINT((1.97020150607568,-79.6975925983279));
#1697=IFCCARTESIANPOINT((2.02830543500022,-79.6959275306435));
#1698=IFCCARTESIANPOINT((2.08642073822557,-79.6935502768029));
#1699=IFCCARTESIANPOINT((2.1443759293179,-79.6903190691955));
#1700=IFCCARTESIANPOINT((2.20242824006709,-79.686446560896));
#1701=IFCCARTESIANPOINT((2.26036188958096,-79.6818445647368));
#1702=IFCCARTESIANPOINT((2.3181768747454,-79.6765130783315));
#1703=IFCCARTESIANPOINT((2.3760032383143,-79.6704694090877));
#1704=IFCCARTESIANPOINT((2.43371093863971,-79.6636962504126));
#1705=IFCCARTESIANPOINT((2.49129997412092,-79.6561936011421));
#1706=IFCCARTESIANPOINT((2.5489003888506,-79.6479787694989));
#1707=IFCCARTESIANPOINT((2.60633784520905,-79.639088028518));
#1708=IFCCARTESIANPOINT((2.66357089453959,-79.629396914097));
#1709=IFCCARTESIANPOINT((2.72081531732692,-79.6189936126466));
#1710=IFCCARTESIANPOINT((2.77785249403678,-79.6079679879476));
#1711=IFCCARTESIANPOINT((2.83481529881828,-79.596159290697));
#1712=IFCCARTESIANPOINT((2.89148510733503,-79.5836573808338));
#1713=IFCCARTESIANPOINT((2.9481662940525,-79.5704432877828));
#1714=IFCCARTESIANPOINT((3.00455448485445,-79.556535982294));
#1715=IFCCARTESIANPOINT((3.06082400880405,-79.5418991846382));
#1716=IFCCARTESIANPOINT((3.11680053843884,-79.526569175825));
#1717=IFCCARTESIANPOINT((3.17274415088468,-79.5105805636267));
#1718=IFCCARTESIANPOINT((3.22839476531954,-79.4938987375353));
#1719=IFCCARTESIANPOINT((3.28384097249364,-79.4764165376546));
#1720=IFCCARTESIANPOINT((3.33907992663444,-79.4583120088209));
#1721=IFCCARTESIANPOINT((3.39402588838129,-79.4395142706344));
#1722=IFCCARTESIANPOINT((3.4488088892831,-79.4200406210148));
#1723=IFCCARTESIANPOINT((3.50329889348359,-79.399873758608));
#1724=IFCCARTESIANPOINT((3.55758164674626,-79.3790845687618));
#1725=IFCCARTESIANPOINT((3.61148565987241,-79.3575312822941));
#1726=IFCCARTESIANPOINT((28.5527991809649,-69.2336204481544));
#1727=IFCCARTESIANPOINT((90.6867493979225,-44.0104106154176));
#1728=IFCCARTESIANPOINT((161.785746958893,-15.148765007325));
#1729=IFCCARTESIANPOINT((170.230887002981,-11.7210848801769));
#1730=IFCCARTESIANPOINT((175.184752050351,-9.98253880796256));
#1731=IFCCARTESIANPOINT((176.536721220909,-15.653857651283));
#1732=IFCCARTESIANPOINT((180.072128383472,-14.2154945287621));
#1733=IFCCARTESIANPOINT((192.897403729497,-8.99733166495571));
#1734=IFCCARTESIANPOINT((193.833354425675,-8.68576539383503));
#1735=IFCCARTESIANPOINT((207.579807177477,-3.42302883113734));
#1736=IFCCARTESIANPOINT((232.346679249458,5.90260305837728));
#1737=IFCCARTESIANPOINT((241.624487213005,9.39501090731937));
#1738=IFCCARTESIANPOINT((246.386447845871,11.1885530028958));
#1739=IFCCARTESIANPOINT((260.520193180477,-69.1764387898729));
#1740=IFCCARTESIANPOINT((261.412692936574,-74.2502825109405));
#1741=IFCCARTESIANPOINT((261.712890026829,-75.9571759027313));
#1742=IFCCARTESIANPOINT((152.926277848484,-207.284816759173));
#1743=IFCCARTESIANPOINT((118.358041377418,-221.404091534088));
#1744=IFCPOLYLINE((#1514,#1515,#1516,#1517,#1518,#1519,#1520,#1521,#1522,#1523,#1524,#1525,#1526,#1527,#1528,#1529,#1530,#1531,#1532,#1533,#1534,#1535,#1536,#1537,#1538,#1539,#1540,#1541,#1542,#1543,#1544,#1545,#1546,#1547,#1548,#1549,#1550,#1551,#1552,#1553,#1554,#1555,#1556,#1557,#1558,#1559,#1560,#1561,#1562,#1563,#1564,#1565,#1566,#1567,#1568,#1569,#1570,#1571,#1572,#1573,#1574,#1575,#1576,#1577,#1578,#1579,#1580,#1581,#1582,#1583,#1584,#1585,#1586,#1587,#1588,#1589,#1590,#1591,#1592,#1593,#1594,#1595,#1596,#1597,#1598,#1599,#1600,#1601,#1602,#1603,#1604,#1605,#1606,#1607,#1608,#1609,#1610,#1611,#1612,#1613,#1614,#1615,#1616,#1617,#1618,#1619,#1620,#1621,#1622,#1623,#1624,#1625,#1626,#1627,#1628,#1629,#1630,#1631,#1632,#1633,#1634,#1635,#1636,#1637,#1638,#1639,#1640,#1641,#1642,#1643,#1644,#1645,#1646,#1647,#1648,#1649,#1650,#1651,#1652,#1653,#1654,#1655,#1656,#1657,#1658,#1659,#1660,#1661,#1662,#1663,#1664,#1665,#1666,#1667,#1668,#1669,#1670,#1671,#1672,#1673,#1674,#1675,#1676,#1677,#1678,#1679,#1680,#1681,#1682,#1683,#1684,#1685,#1686,#1687,#1688,#1689,#1690,#1691,#1692,#1693,#1694,#1695,#1696,#1697,#1698,#1699,#1700,#1701,#1702,#1703,#1704,#1705,#1706,#1707,#1708,#1709,#1710,#1711,#1712,#1713,#1714,#1715,#1716,#1717,#1718,#1719,#1720,#1721,#1722,#1723,#1724,#1725,#1726,#1727,#1728,#1729,#1730,#1731,#1732,#1733,#1734,#1735,#1736,#1737,#1738,#1739,#1740,#1741,#1742,#1743));
#1745=IFCARBITRARYCLOSEDPROFILEDEF(.AREA.,$,#1744);
#1746=IFCEXTRUDEDAREASOLID(#1745,#1512,#1513,0.1);
#1747=IFCSHAPEREPRESENTATION(#11,'Body','SweptSolid',(#1746));
#1748=IFCPRODUCTDEFINITIONSHAPE($,$,(#1747));
#1749=IFCSLAB('1_NiGNWyn9i8QLvCjv6VFp',#5,'NL.IMRO.0772.EP7392906789-00',$,$,#1508,#1748,$,.NOTDEFINED.);
#1750=IFCCOLOURRGB($,1.,0.745098039215686,0.529411764705882);
#1751=IFCSURFACESTYLERENDERING(#1750,0.00392156862745097,$,$,$,$,$,$,.NOTDEFINED.);
#1752=IFCSURFACESTYLE($,.BOTH.,(#1751));
#1753=IFCPRESENTATIONSTYLEASSIGNMENT((#1752));
#1754=IFCSTYLEDITEM(#1746,(#1753),$);
#1755=IFCPROPERTYSINGLEVALUE('plan_id',$,IFCTEXT('NL.IMRO.0772.80284-0301'),$);
#1756=IFCPROPERTYSINGLEVALUE('plan_naam',$,IFCTEXT('Strijp-S 2017'),$);
#1757=IFCPROPERTYSINGLEVALUE('id',$,IFCTEXT('NL.IMRO.0772.EP7392906789-00'),$);
#1758=IFCPROPERTYSINGLEVALUE('naam',$,IFCTEXT('Gemengd - Uit te werken'),$);
#1759=IFCPROPERTYSINGLEVALUE('bestemmingshoofdgroep',$,IFCTEXT('gemengd'),$);
#1760=IFCPROPERTYSINGLEVALUE('verwijzing_naar_tekst',$,IFCTEXT('https://www.ruimtelijkeplannen.nl/documents/NL.IMRO.0772.80284-0301/r_NL.IMRO.0772.80284-0301.html#_6_Gemengd-Uittewerken'),$);
#1761=IFCPROPERTYSINGLEVALUE('plan_dossierstatus',$,IFCTEXT('geheel onherroepelijk in werking'),$);
#1762=IFCPROPERTYSINGLEVALUE('plan_besluitnummer',$,IFCTEXT('17bst01754'),$);
#1763=IFCPROPERTYSINGLEVALUE('type_planobject',$,IFCTEXT('enkelbestemming'),$);
#1764=IFCPROPERTYSET('13tOOWCT55nxwoSzNKNITC',#5,'CPset_DSO-Enkelbestemming',$,(#1755,#1756,#1757,#1758,#1759,#1760,#1761,#1762,#1763));
#1765=IFCRELDEFINESBYPROPERTIES('25G328Qv1Bz81coWArlKCr',#5,$,$,(#1749),#1764);
#1766=IFCCARTESIANPOINT((0.,0.,-0.1));
#1767=IFCDIRECTION((0.,0.,1.));
#1768=IFCDIRECTION((1.,0.,0.));
#1769=IFCAXIS2PLACEMENT3D(#1766,#1767,#1768);
#1770=IFCLOCALPLACEMENT(#37,#1769);
#1771=IFCCARTESIANPOINT((0.,0.,0.));
#1772=IFCDIRECTION((0.,0.,1.));
#1773=IFCDIRECTION((1.,0.,0.));
#1774=IFCAXIS2PLACEMENT3D(#1771,#1772,#1773);
#1775=IFCDIRECTION((0.,0.,1.));
#1776=IFCCARTESIANPOINT((-86.3356777409499,-207.563705486187));
#1777=IFCCARTESIANPOINT((-88.4143631876505,-202.473352268746));
#1778=IFCCARTESIANPOINT((-110.531049476092,-148.313355596329));
#1779=IFCCARTESIANPOINT((-108.08948435224,-147.320665827312));
#1780=IFCCARTESIANPOINT((-87.6943490064004,-139.027619528468));
#1781=IFCCARTESIANPOINT((-67.2985998096119,-130.733714352071));
#1782=IFCCARTESIANPOINT((-64.3898460620258,-129.550228661916));
#1783=IFCCARTESIANPOINT((-49.9194751744217,-165.135077349027));
#1784=IFCCARTESIANPOINT((-42.7062241899548,-182.872368396202));
#1785=IFCCARTESIANPOINT((-27.2865366420883,-176.602473256935));
#1786=IFCCARTESIANPOINT((5.62219343936886,-158.644015550613));
#1787=IFCCARTESIANPOINT((12.4823292501096,-154.885038433189));
#1788=IFCCARTESIANPOINT((12.5453355894424,-154.848459745001));
#1789=IFCCARTESIANPOINT((12.6077474138001,-154.811028760916));
#1790=IFCCARTESIANPOINT((12.6697390600166,-154.772709207144));
#1791=IFCCARTESIANPOINT((12.7312633827387,-154.733732708613));
#1792=IFCCARTESIANPOINT((12.7921517402574,-154.693779446476));
#1793=IFCCARTESIANPOINT((12.8526170722616,-154.653115661291));
#1794=IFCCARTESIANPOINT((12.9124878881848,-154.611599579512));
#1795=IFCCARTESIANPOINT((12.9717641883472,-154.569231201254));
#1796=IFCCARTESIANPOINT((13.0304874258873,-154.526134996966));
#1797=IFCCARTESIANPOINT((13.0886575924524,-154.482310959662));
#1798=IFCCARTESIANPOINT((13.1462332477968,-154.437634630071));
#1799=IFCCARTESIANPOINT((13.2031700919324,-154.392159584851));
#1800=IFCCARTESIANPOINT((13.2595095709257,-154.346010288573));
#1801=IFCCARTESIANPOINT((13.3152959835425,-154.299133163237));
#1802=IFCCARTESIANPOINT((13.3703992928495,-154.251510905975));
#1803=IFCCARTESIANPOINT((13.424863788212,-154.203089931281));
#1804=IFCCARTESIANPOINT((13.4786008829251,-154.153977403825));
#1805=IFCCARTESIANPOINT((13.5317849110288,-154.10413704731));
#1806=IFCCARTESIANPOINT((13.5842415404913,-154.053605139896));
#1807=IFCCARTESIANPOINT((13.6360565090145,-154.002452562097));
#1808=IFCCARTESIANPOINT((13.6871883682907,-153.950554847775));
#1809=IFCCARTESIANPOINT((13.7375928310212,-153.897965584474));
#1810=IFCCARTESIANPOINT((13.787269888533,-153.844684764917));
#1811=IFCCARTESIANPOINT((13.8363052896166,-153.790783278935));
#1812=IFCCARTESIANPOINT((13.8845689920126,-153.736243819119));
#1813=IFCCARTESIANPOINT((13.9321052962623,-153.68101280916));
#1814=IFCCARTESIANPOINT((13.9788699005439,-153.625143824553));
#1815=IFCCARTESIANPOINT((14.024948549777,-153.568707751518));
#1816=IFCCARTESIANPOINT((14.0702112083964,-153.511687288643));
#1817=IFCCARTESIANPOINT((14.1147464631649,-153.453975271143));
#1818=IFCCARTESIANPOINT((14.158507175307,-153.395803329651));
#1819=IFCCARTESIANPOINT((14.2014961886744,-153.336993414501));
#1820=IFCCARTESIANPOINT((14.2436692073825,-153.277599106368));
#1821=IFCCARTESIANPOINT((14.2850262357097,-153.217620408628));
#1822=IFCCARTESIANPOINT((14.3256530146173,-153.157128204766));
#1823=IFCCARTESIANPOINT((14.3654195047275,-153.096105189528));
#1824=IFCCARTESIANPOINT((14.4043700004986,-153.034497781657));
#1825=IFCCARTESIANPOINT((14.4425016555761,-152.972484028607));
#1826=IFCCARTESIANPOINT((14.4798173173331,-152.90988588403));
#1827=IFCCARTESIANPOINT((14.5163141439261,-152.846881398931));
#1828=IFCCARTESIANPOINT((14.5518649319711,-152.783275212219));
#1829=IFCCARTESIANPOINT((14.5867269216978,-152.71927998832));
#1830=IFCCARTESIANPOINT((14.6205542869284,-152.654790228466));
#1831=IFCCARTESIANPOINT((14.6536071095907,-152.589840545203));
#1832=IFCCARTESIANPOINT((14.685796797392,-152.524538099009));
#1833=IFCCARTESIANPOINT((14.7171261948242,-152.458704840683));
#1834=IFCCARTESIANPOINT((14.7475481620932,-152.392572400044));
#1835=IFCCARTESIANPOINT((14.7770655431959,-152.325962728064));
#1836=IFCCARTESIANPOINT((14.8057197902526,-152.259000293736));
#1837=IFCCARTESIANPOINT((14.8334251568303,-152.191614209733));
#1838=IFCCARTESIANPOINT((14.8603531303525,-152.123946246575));
#1839=IFCCARTESIANPOINT((14.8862464835693,-152.055783751421));
#1840=IFCCARTESIANPOINT((14.9113181465655,-151.987392956682));
#1841=IFCCARTESIANPOINT((14.9353966351191,-151.918632094166));
#1842=IFCCARTESIANPOINT((14.9586534382834,-151.849642936199));
#1843=IFCCARTESIANPOINT((14.9809170662484,-151.780283709697));
#1844=IFCCARTESIANPOINT((15.0022732604702,-151.710625298496));
#1845=IFCCARTESIANPOINT((15.0226777300995,-151.640721287113));
#1846=IFCCARTESIANPOINT((15.042174767761,-151.570518092427));
#1847=IFCCARTESIANPOINT((15.0607200821105,-151.500069298607));
#1848=IFCCARTESIANPOINT((15.0783136660175,-151.42937489989));
#1849=IFCCARTESIANPOINT((15.0949555238185,-151.358434899885));
#1850=IFCCARTESIANPOINT((15.1107314011024,-151.28732018522));
#1851=IFCCARTESIANPOINT((15.1254255125823,-151.215942564188));
#1852=IFCCARTESIANPOINT((15.1392093448085,-151.144443806668));
#1853=IFCCARTESIANPOINT((15.1521271920064,-151.072770331346));
#1854=IFCCARTESIANPOINT((15.1639632770966,-151.000833952508));
#1855=IFCCARTESIANPOINT((15.1749748272996,-150.928847323288));
#1856=IFCCARTESIANPOINT((15.1848603148246,-150.856651367212));
#1857=IFCCARTESIANPOINT((15.1939212712168,-150.784405163897));
#1858=IFCCARTESIANPOINT((15.2019419083081,-150.712020518782));
#1859=IFCCARTESIANPOINT((15.209052266815,-150.639514738054));
#1860=IFCCARTESIANPOINT((15.215122309135,-150.56687051832));
#1861=IFCCARTESIANPOINT((15.2203235240013,-150.494229631149));
#1862=IFCCARTESIANPOINT((15.224440119986,-150.421503879828));
#1863=IFCCARTESIANPOINT((15.2276878938719,-150.348781465495));
#1864=IFCCARTESIANPOINT((15.229895345663,-150.275920607324));
#1865=IFCCARTESIANPOINT((15.2311896775791,-150.203116665012));
#1866=IFCCARTESIANPOINT((15.2313993931457,-150.130227860471));
#1867=IFCCARTESIANPOINT((15.2307402815786,-150.057342389075));
#1868=IFCCARTESIANPOINT((15.2291237476165,-149.98456740845));
#1869=IFCCARTESIANPOINT((15.2265083491511,-149.911778457754));
#1870=IFCCARTESIANPOINT((15.2228940784116,-149.838975530292));
#1871=IFCCARTESIANPOINT((15.2183223876928,-149.766283095756));
#1872=IFCCARTESIANPOINT((15.2127932789444,-149.693701155542));
#1873=IFCCARTESIANPOINT((15.206265302666,-149.621105242812));
#1874=IFCCARTESIANPOINT((15.1987799052149,-149.548619821726));
#1875=IFCCARTESIANPOINT((15.1903370874643,-149.476244893216));
#1876=IFCCARTESIANPOINT((15.1808925549849,-149.404034038831));
#1877=IFCCARTESIANPOINT((15.1706206424569,-149.331950982451));
#1878=IFCCARTESIANPOINT((15.1592612717941,-149.259961114964));
#1879=IFCCARTESIANPOINT((15.146985927393,-149.188206204504));
#1880=IFCCARTESIANPOINT((15.133753165981,-149.116561789357));
#1881=IFCCARTESIANPOINT((15.119518688618,-149.045081447111));
#1882=IFCCARTESIANPOINT((15.1043682394375,-148.973836063349));
#1883=IFCCARTESIANPOINT((15.0882160770125,-148.902754754818));
#1884=IFCCARTESIANPOINT((15.0712336862925,-148.831979290233));
#1885=IFCCARTESIANPOINT((15.0532495808147,-148.761367899308));
#1886=IFCCARTESIANPOINT((15.0343052119715,-148.691045050917));
#1887=IFCCARTESIANPOINT((14.3837400046468,-147.125023444474));
#1888=IFCCARTESIANPOINT((13.568005082634,-145.350745684758));
#1889=IFCCARTESIANPOINT((13.5117248063034,-145.227457855653));
#1890=IFCCARTESIANPOINT((11.0028055910079,-139.767829166551));
#1891=IFCCARTESIANPOINT((6.40092864041799,-128.51390012115));
#1892=IFCCARTESIANPOINT((0.814233300945489,-114.743153096933));
#1893=IFCCARTESIANPOINT((0.300138492806582,-113.405781482637));
#1894=IFCCARTESIANPOINT((-1.60392124863574,-108.965242104256));
#1895=IFCCARTESIANPOINT((-3.63333410091582,-103.846960364841));
#1896=IFCCARTESIANPOINT((-5.66360869738855,-98.7279727694695));
#1897=IFCCARTESIANPOINT((-7.1515752383566,-94.9749122186913));
#1898=IFCCARTESIANPOINT((-7.22418286919128,-94.7914050336112));
#1899=IFCCARTESIANPOINT((-7.26579694854445,-94.688090624637));
#1900=IFCCARTESIANPOINT((-7.41294453007868,-94.3169532672619));
#1901=IFCCARTESIANPOINT((-7.47994952998124,-94.1470977076679));
#1902=IFCCARTESIANPOINT((-7.49419654067606,-94.1470455165836));
#1903=IFCCARTESIANPOINT((-7.5128961490409,-94.1102995713591));
#1904=IFCCARTESIANPOINT((-7.53194726858055,-94.073804224201));
#1905=IFCCARTESIANPOINT((-7.55143564558239,-94.0374885886558));
#1906=IFCCARTESIANPOINT((-7.57131698584999,-94.0012990838732));
#1907=IFCCARTESIANPOINT((-7.59146409409004,-93.9654310615151));
#1908=IFCCARTESIANPOINT((-7.61200416355859,-93.929689171433));
#1909=IFCCARTESIANPOINT((-7.63289574501687,-93.894197878777));
#1910=IFCCARTESIANPOINT((-7.65418029105058,-93.8588327158359));
#1911=IFCCARTESIANPOINT((-7.67573060363065,-93.8237890363671));
#1912=IFCCARTESIANPOINT((-7.69771817457513,-93.7889250675798));
#1913=IFCCARTESIANPOINT((-7.72001295958762,-93.7542581185699));
#1914=IFCCARTESIANPOINT((-7.7426592593838,-93.7198417645996));
#1915=IFCCARTESIANPOINT((-7.76574281635112,-93.6856051224167));
#1916=IFCCARTESIANPOINT((-7.78909214146552,-93.6516899621347));
#1917=IFCCARTESIANPOINT((-7.81274868463515,-93.6179718183703));
#1918=IFCCARTESIANPOINT((-7.83675673938706,-93.5845042722649));
#1919=IFCCARTESIANPOINT((-7.86111630426603,-93.5512873251573));
#1920=IFCCARTESIANPOINT((-7.88578309258446,-93.518267389969));
#1921=IFCCARTESIANPOINT((-7.91084568327642,-93.4855516359094));
#1922=IFCCARTESIANPOINT((-7.93621549117961,-93.4530328990077));
#1923=IFCCARTESIANPOINT((-7.96185106801568,-93.4208356434829));
#1924=IFCCARTESIANPOINT((-7.98792390621384,-93.3888180958456));
#1925=IFCCARTESIANPOINT((-8.01426250915392,-93.357122033136));
#1926=IFCCARTESIANPOINT((-8.04082258153358,-93.3256938753766));
#1927=IFCCARTESIANPOINT((-8.06786420775461,-93.294499007694));
#1928=IFCCARTESIANPOINT((-8.09504156341427,-93.2636429265258));
#1929=IFCCARTESIANPOINT((-8.12265617810772,-93.2329665551661));
#1930=IFCCARTESIANPOINT((-8.1505365583871,-93.2026116678608));
#1931=IFCCARTESIANPOINT((-8.17872700089356,-93.1726318433066));
#1932=IFCCARTESIANPOINT((-8.20718036548351,-93.1427954555838));
#1933=IFCCARTESIANPOINT((-8.23602953695809,-93.1132632454392));
#1934=IFCCARTESIANPOINT((-8.26505873617134,-93.0841233987594));
#1935=IFCCARTESIANPOINT((-8.29443944021477,-93.0552341552102));
#1936=IFCCARTESIANPOINT((-8.32417166267987,-93.0265955036157));
#1937=IFCCARTESIANPOINT((-8.35403960934491,-92.9982956424938));
#1938=IFCCARTESIANPOINT((-8.38430336644524,-92.9702999556321));
#1939=IFCCARTESIANPOINT((-8.41483288872405,-92.9426257531159));
#1940=IFCCARTESIANPOINT((-8.44558388637961,-92.9152194505441));
#1941=IFCCARTESIANPOINT((-8.47673068879521,-92.888117326831));
#1942=IFCCARTESIANPOINT((-8.508013221086,-92.8613539889338));
#1943=IFCCARTESIANPOINT((-8.53956152059254,-92.8349121335777));
#1944=IFCCARTESIANPOINT((-8.57150562645984,-92.8087744557415));
#1945=IFCCARTESIANPOINT((-8.60358546097996,-92.7829755648854));
#1946=IFCCARTESIANPOINT((-8.63593106306507,-92.7574981560465));
#1947=IFCCARTESIANPOINT((-8.66867247247137,-92.7323249241454));
#1948=IFCCARTESIANPOINT((-8.70154961038497,-92.7074904790497));
#1949=IFCCARTESIANPOINT((-8.73469251630013,-92.6829775157967));
#1950=IFCCARTESIANPOINT((-8.76801544358023,-92.6588569211308));
#1951=IFCCARTESIANPOINT((-8.80168988698279,-92.6349869199912));
#1952=IFCCARTESIANPOINT((-8.83554434866528,-92.6115092902328));
#1953=IFCCARTESIANPOINT((-8.86957883575815,-92.5884240256855));
#1954=IFCCARTESIANPOINT((-8.90396483495715,-92.5655893580406));
#1955=IFCCARTESIANPOINT((-8.9385308570636,-92.5431470575859));
#1956=IFCCARTESIANPOINT((-8.97327690228121,-92.5210971244378));
#1957=IFCCARTESIANPOINT((-9.00824441897566,-92.499315094261));
#1958=IFCCARTESIANPOINT((-9.04352200144785,-92.4779081233428));
#1959=IFCCARTESIANPOINT((-9.07893531018635,-92.456839941151));
#1960=IFCCARTESIANPOINT((-9.11457293372951,-92.436217708746));
#1961=IFCCARTESIANPOINT((-9.15043203553068,-92.4158633736079));
#1962=IFCCARTESIANPOINT((-9.18647115820204,-92.3959014075226));
#1963=IFCCARTESIANPOINT((-9.22277604785631,-92.3762609236874));
#1964=IFCCARTESIANPOINT((-9.25917521459633,-92.3570836935542));
#1965=IFCCARTESIANPOINT((-9.29579585671308,-92.3381743628415));
#1966=IFCCARTESIANPOINT((-9.33264081538073,-92.3197109806351));
#1967=IFCCARTESIANPOINT((-9.36962150377803,-92.3015863840119));
#1968=IFCCARTESIANPOINT((-9.40686795706279,-92.2837832715013));
#1969=IFCCARTESIANPOINT((-9.44420869156602,-92.2664434090257));
#1970=IFCCARTESIANPOINT((-9.48177089815727,-92.2493714489392));
#1971=IFCCARTESIANPOINT((-9.51947167699109,-92.2328163220664));
#1972=IFCCARTESIANPOINT((-9.55730818613665,-92.2165999804274));
#1973=IFCCARTESIANPOINT((-9.59536616466357,-92.2006515431567));
#1974=IFCCARTESIANPOINT((-9.63356271976954,-92.1852199357236));
#1975=IFCCARTESIANPOINT((-9.67189500306267,-92.1701271150378));
#1976=IFCCARTESIANPOINT((-9.71040730716777,-92.1554266633466));
#1977=IFCCARTESIANPOINT((-9.74905533934361,-92.1410649985191));
#1978=IFCCARTESIANPOINT((-9.78779765180661,-92.1271665845416));
#1979=IFCCARTESIANPOINT((-9.82671998729347,-92.1136605374631));
#1980=IFCCARTESIANPOINT((-9.86577805114212,-92.1004932770738));
#1981=IFCCARTESIANPOINT((-9.90501613734523,-92.0877183841658));
#1982=IFCCARTESIANPOINT((-9.94430420643766,-92.075353163993));
#1983=IFCCARTESIANPOINT((-9.9837723011442,-92.0633803086821));
#1984=IFCCARTESIANPOINT((-10.0232903765864,-92.0518171277945));
#1985=IFCCARTESIANPOINT((-10.0629884770024,-92.0406463121762));
#1986=IFCCARTESIANPOINT((-10.1027365619666,-92.0298851678381));
#1987=IFCCARTESIANPOINT((-10.1426646678301,-92.0195163922035));
#1988=IFCCARTESIANPOINT((-10.1826427573978,-92.0095572884311));
#1989=IFCCARTESIANPOINT((-10.2226708333765,-92.0000078545418));
#1990=IFCCARTESIANPOINT((-10.262878927897,-91.9908507911023));
#1991=IFCCARTESIANPOINT((-10.3031370125536,-91.9821033944027));
#1992=IFCCARTESIANPOINT((-10.3434450767818,-91.9737656729994));
#1993=IFCCARTESIANPOINT((-10.3839331627532,-91.9658203194267));
#1994=IFCCARTESIANPOINT((-10.4244712329528,-91.9582846374833));
#1995=IFCCARTESIANPOINT((-10.4650592905527,-91.9511586242588));
#1996=IFCCARTESIANPOINT((-10.505697331595,-91.9444422833039));
#1997=IFCCARTESIANPOINT((-10.5463853524707,-91.9381356173544));
#1998=IFCCARTESIANPOINT((-10.5872533988149,-91.9322213162086));
#1999=IFCCARTESIANPOINT((-10.6280413907371,-91.9267339909566));
#2000=IFCCARTESIANPOINT((-10.668923659221,-91.921709919523));
#2001=IFCCARTESIANPOINT((-10.709897361492,-91.9169710542774));
#2002=IFCCARTESIANPOINT((-10.3725079425203,-91.7808871918241));
#2003=IFCCARTESIANPOINT((-8.68950796159334,-91.0973847647547));
#2004=IFCCARTESIANPOINT((1.89230444739223,-86.8036268253345));
#2005=IFCCARTESIANPOINT((-1.63601142683183,-78.1115376356174));
#2006=IFCCARTESIANPOINT((-1.59748111240333,-78.1550261523225));
#2007=IFCCARTESIANPOINT((-1.55842210983974,-78.1980497490731));
#2008=IFCCARTESIANPOINT((-1.51883441532846,-78.2406084293034));
#2009=IFCCARTESIANPOINT((-1.47867374229827,-78.2826486057602));
#2010=IFCCARTESIANPOINT((-1.43798437766964,-78.3242238652892));
#2011=IFCCARTESIANPOINT((-1.39680777527974,-78.3652097392478));
#2012=IFCCARTESIANPOINT((-1.35510248152423,-78.4057306959294));
#2013=IFCCARTESIANPOINT((-1.31290995056042,-78.4456622668076));
#2014=IFCCARTESIANPOINT((-1.27027447742876,-78.4850580315688));
#2015=IFCCARTESIANPOINT((-1.22711031563813,-78.523988876841));
#2016=IFCCARTESIANPOINT((-1.18337316843099,-78.5624012238695));
#2017=IFCCARTESIANPOINT((-1.13927882551798,-78.6002068784437));
#2018=IFCCARTESIANPOINT((-1.09469724001247,-78.6374231512309));
#2019=IFCCARTESIANPOINT((-1.04958696509129,-78.6741745051113));
#2020=IFCCARTESIANPOINT((-1.00407520012232,-78.7102655858616));
#2021=IFCCARTESIANPOINT((-0.958120487252017,-78.7458208648604));
#2022=IFCCARTESIANPOINT((-0.911722830875078,-78.7808403389063));
#2023=IFCCARTESIANPOINT((-0.864837936329423,-78.8152704276145));
#2024=IFCCARTESIANPOINT((-0.817551547399489,-78.8490402465104));
#2025=IFCCARTESIANPOINT((-0.76982221819344,-78.8822742576012));
#2026=IFCCARTESIANPOINT((-0.7217356878391,-78.9149015803123));
#2027=IFCCARTESIANPOINT((-0.673247660335619,-78.9468686357723));
#2028=IFCCARTESIANPOINT((-0.624316689063562,-78.9782998859882));
#2029=IFCCARTESIANPOINT((-0.57502851964091,-79.0091244453215));
#2030=IFCCARTESIANPOINT((-0.525338855601149,-79.0392887350172));
#2031=IFCCARTESIANPOINT((-0.475377738999669,-79.0687754483079));
#2032=IFCCARTESIANPOINT((-0.424929379543755,-79.0976727795787));
#2033=IFCCARTESIANPOINT((-0.374123825255083,-79.1259634172893));
#2034=IFCCARTESIANPOINT((-0.322961069789017,-79.1536473663873));
#2035=IFCCARTESIANPOINT((-0.271526855794946,-79.1806537437951));
#2036=IFCCARTESIANPOINT((-0.21973544586217,-79.2070534283412));
#2037=IFCCARTESIANPOINT((-0.167628286028048,-79.2327219581348));
#2038=IFCCARTESIANPOINT((-0.115163926646346,-79.2577837980352));
#2039=IFCCARTESIANPOINT((-0.0624281105410773,-79.2821680644411));
#2040=IFCCARTESIANPOINT((-0.00933509570313618,-79.3059456402552));
#2041=IFCCARTESIANPOINT((0.043943627999397,-79.3289747551316));
#2042=IFCCARTESIANPOINT((0.0975795538106468,-79.3513971820939));
#2043=IFCCARTESIANPOINT((0.151486932736589,-79.373142032593));
#2044=IFCCARTESIANPOINT((0.205665765941376,-79.3942093076184));
#2045=IFCCARTESIANPOINT((0.260116056510014,-79.4145990096149));
#2046=IFCCARTESIANPOINT((0.314752055623103,-79.4342402504408));
#2047=IFCCARTESIANPOINT((0.369745255040471,-79.4532748015481));
#2048=IFCCARTESIANPOINT((0.424879869649885,-79.4716144726845));
#2049=IFCCARTESIANPOINT((0.48028593880008,-79.4892765684053));
#2050=IFCCARTESIANPOINT((0.535877718852134,-79.5061902047019));
#2051=IFCCARTESIANPOINT((0.591655208059819,-79.522355380177));
#2052=IFCCARTESIANPOINT((0.647659859881969,-79.5378965625423));
#2053=IFCCARTESIANPOINT((0.703891669312725,-79.5528137478395));
#2054=IFCCARTESIANPOINT((0.760223449120531,-79.5669115922065));
#2055=IFCCARTESIANPOINT((0.816826681460952,-79.5803318593535));
#2056=IFCCARTESIANPOINT((0.873571326315869,-79.5930572440848));
#2057=IFCCARTESIANPOINT((0.930371648602886,-79.605016869551));
#2058=IFCCARTESIANPOINT((0.987399126490345,-79.6163524960284));
#2059=IFCCARTESIANPOINT((1.04448227613466,-79.6269223584677));
#2060=IFCCARTESIANPOINT((1.10183688209509,-79.6368146468303));
#2061=IFCCARTESIANPOINT((1.15924715940491,-79.6459411705728));
#2062=IFCCARTESIANPOINT((1.2167545571283,-79.6544263943215));
#2063=IFCCARTESIANPOINT((1.27436192205641,-79.6620922742295));
#2064=IFCCARTESIANPOINT((1.33206640498247,-79.6691168521647));
#2065=IFCCARTESIANPOINT((1.38982656117878,-79.6753756670514));
#2066=IFCCARTESIANPOINT((1.44764238889911,-79.6808687175508));
#2067=IFCCARTESIANPOINT((1.5055553354905,-79.6857204667176));
#2068=IFCCARTESIANPOINT((1.56352395415888,-79.6898064519628));
#2069=IFCCARTESIANPOINT((1.62163399180281,-79.6931975598563));
#2070=IFCCARTESIANPOINT((1.6796696599049,-79.6958055975265));
#2071=IFCCARTESIANPOINT((1.73771670201677,-79.6977014485165));
#2072=IFCCARTESIANPOINT((1.79586086663767,-79.6989560010261));
#2073=IFCCARTESIANPOINT((1.85397495847428,-79.6993739046156));
#2074=IFCCARTESIANPOINT((1.91205613085185,-79.6991332030157));
#2075=IFCCARTESIANPOINT((1.97019297568477,-79.6981267376686));
#2076=IFCCARTESIANPOINT((2.02829690268845,-79.6964616684709));
#2077=IFCCARTESIANPOINT((2.08637075510342,-79.6939599487232));
#2078=IFCCARTESIANPOINT((2.1444116915809,-79.69079962658));
#2079=IFCCARTESIANPOINT((2.20241970746429,-79.6869806984323));
#2080=IFCCARTESIANPOINT((2.26031190532376,-79.6822542357841));
#2081=IFCCARTESIANPOINT((2.31821263619349,-79.6769936350756));
#2082=IFCCARTESIANPOINT((2.3760390006064,-79.6709499664721));
#2083=IFCCARTESIANPOINT((2.43379099440062,-79.664123226481));
#2084=IFCCARTESIANPOINT((2.49138003090047,-79.6566205780837));
#2085=IFCCARTESIANPOINT((2.54889469943009,-79.6483348603942));
#2086=IFCCARTESIANPOINT((2.60633215631242,-79.6394441198208));
#2087=IFCCARTESIANPOINT((2.66369524513721,-79.6297703100718));
#2088=IFCCARTESIANPOINT((2.72080963212647,-79.619349706918));
#2089=IFCCARTESIANPOINT((2.77789109895821,-79.6082704981673));
#2090=IFCCARTESIANPOINT((2.83480960995075,-79.5965153819998));
#2091=IFCCARTESIANPOINT((2.89152371280943,-79.583959891519));
#2092=IFCCARTESIANPOINT((2.94811915626633,-79.5706749148085));
#2093=IFCCARTESIANPOINT((3.00450734220794,-79.5567676053033));
#2094=IFCCARTESIANPOINT((3.06077687127981,-79.5421308118966));
#2095=IFCCARTESIANPOINT((3.11688343909918,-79.5268181065912));
#2096=IFCCARTESIANPOINT((3.17274130680016,-79.5107586096274));
#2097=IFCCARTESIANPOINT((3.22843621610082,-79.4940232033259));
#2098=IFCCARTESIANPOINT((3.28383812683751,-79.4765945823165));
#2099=IFCCARTESIANPOINT((3.33907708289917,-79.4584900550544));
#2100=IFCCARTESIANPOINT((3.39406733677606,-79.4396387343877));
#2101=IFCCARTESIANPOINT((3.44876459465013,-79.4200942013413));
#2102=IFCCARTESIANPOINT((3.50325459902524,-79.3999273389927));
#2103=IFCCARTESIANPOINT((3.55758164674626,-79.3790845687618));
#2104=IFCCARTESIANPOINT((3.61148565987241,-79.3575312822941));
#2105=IFCCARTESIANPOINT((21.4355566578743,-72.1225643258658));
#2106=IFCCARTESIANPOINT((90.6867493979225,-44.0104106154176));
#2107=IFCCARTESIANPOINT((161.785746958893,-15.148765007325));
#2108=IFCCARTESIANPOINT((170.230887002981,-11.7210848801769));
#2109=IFCCARTESIANPOINT((175.184752050351,-9.98253880796256));
#2110=IFCCARTESIANPOINT((175.465197049838,-11.1615324594895));
#2111=IFCCARTESIANPOINT((194.294902424212,-3.51815763348714));
#2112=IFCCARTESIANPOINT((195.946469640912,-7.55343537620502));
#2113=IFCCARTESIANPOINT((196.060031124362,-7.83320703060599));
#2114=IFCCARTESIANPOINT((207.579807177477,-3.42302883113734));
#2115=IFCCARTESIANPOINT((230.055550638674,5.03980295709334));
#2116=IFCCARTESIANPOINT((231.727429978288,0.939676549751312));
#2117=IFCCARTESIANPOINT((238.065374242637,-14.607804530242));
#2118=IFCCARTESIANPOINT((244.404073675512,-30.1545268763439));
#2119=IFCCARTESIANPOINT((244.440145295492,-30.2460405933671));
#2120=IFCCARTESIANPOINT((244.476346953481,-30.3375716076116));
#2121=IFCCARTESIANPOINT((244.512592904182,-30.4290490393178));
#2122=IFCCARTESIANPOINT((244.548883147858,-30.5204728887766));
#2123=IFCCARTESIANPOINT((244.585347722837,-30.6118604514631));
#2124=IFCCARTESIANPOINT((244.621812299767,-30.7032480179914));
#2125=IFCCARTESIANPOINT((244.658321169525,-30.7945820019231));
#2126=IFCCARTESIANPOINT((244.694960077089,-30.8859332830179));
#2127=IFCCARTESIANPOINT((244.731687569205,-30.9771773963585));
#2128=IFCCARTESIANPOINT((244.76850081046,-31.0684923946392));
#2129=IFCCARTESIANPOINT((244.805272595666,-31.1596829278278));
#2130=IFCCARTESIANPOINT((244.842174420104,-31.2508907592273));
#2131=IFCCARTESIANPOINT((244.879206284852,-31.3421158901183));
#2132=IFCCARTESIANPOINT((244.91632673674,-31.4332338550012));
#2133=IFCCARTESIANPOINT((244.953447186708,-31.5243518204661));
#2134=IFCCARTESIANPOINT((244.990611929505,-31.6154162033927));
#2135=IFCCARTESIANPOINT((245.02790671066,-31.7064978840644));
#2136=IFCCARTESIANPOINT((245.06524578479,-31.797525982256));
#2137=IFCCARTESIANPOINT((245.102673444693,-31.8884469135664));
#2138=IFCCARTESIANPOINT((245.140186852223,-31.9794387288275));
#2139=IFCCARTESIANPOINT((245.177744550369,-32.0703769596876));
#2140=IFCCARTESIANPOINT((245.215432291239,-32.1613324918435));
#2141=IFCCARTESIANPOINT((245.253122868395,-32.252109973575));
#2142=IFCCARTESIANPOINT((245.290899191546,-32.3429583379184));
#2143=IFCCARTESIANPOINT((245.328805556026,-32.4338240024517));
#2144=IFCCARTESIANPOINT((245.36675621153,-32.5246360827005));
#2145=IFCCARTESIANPOINT((245.404795455368,-32.6153409983381));
#2146=IFCCARTESIANPOINT((245.442834695539,-32.7060459128115));
#2147=IFCCARTESIANPOINT((245.48100397471,-32.7967681254959));
#2148=IFCCARTESIANPOINT((245.519217548484,-32.8874367571552));
#2149=IFCCARTESIANPOINT((245.557519707218,-32.9779982210603));
#2150=IFCCARTESIANPOINT((245.595907614188,-33.0686305693816));
#2151=IFCCARTESIANPOINT((245.634339814103,-33.1592093353975));
#2152=IFCCARTESIANPOINT((245.672860596009,-33.249680931156));
#2153=IFCCARTESIANPOINT((245.711467128043,-33.3402234129026));
#2154=IFCCARTESIANPOINT((245.750117949588,-33.4307123093749));
#2155=IFCCARTESIANPOINT((245.788813063933,-33.5211476231343));
#2156=IFCCARTESIANPOINT((245.827682515344,-33.6115466549527));
#2157=IFCCARTESIANPOINT((245.866551963089,-33.7019456856069));
#2158=IFCCARTESIANPOINT((245.905465703952,-33.7922911339556));
#2159=IFCCARTESIANPOINT((245.944553777517,-33.8826002965798));
#2160=IFCCARTESIANPOINT((245.983641849249,-33.9729094597278));
#2161=IFCCARTESIANPOINT((246.022818510042,-34.0631114585558));
#2162=IFCCARTESIANPOINT((246.062080913252,-34.1533843369689));
#2163=IFCCARTESIANPOINT((246.10138761191,-34.2436036348226));
#2164=IFCCARTESIANPOINT((246.140782894247,-34.333715764049));
#2165=IFCCARTESIANPOINT((246.180263925722,-34.4238987783319));
#2166=IFCCARTESIANPOINT((246.219833542156,-34.5139746246859));
#2167=IFCCARTESIANPOINT((246.259403157514,-34.6040504723787));
#2168=IFCCARTESIANPOINT((246.299061358761,-34.6940191529575));
#2169=IFCCARTESIANPOINT((246.338805305917,-34.7840587160899));
#2170=IFCCARTESIANPOINT((246.378637840593,-34.8739911134471));
#2171=IFCCARTESIANPOINT((246.418556121323,-34.9639943934162));
#2172=IFCCARTESIANPOINT((246.45856298806,-35.0538905064459));
#2173=IFCCARTESIANPOINT((246.498569853575,-35.1437866204069));
#2174=IFCCARTESIANPOINT((246.538665303,-35.2335755656823));
#2175=IFCCARTESIANPOINT((246.578890794335,-35.323381811555));
#2176=IFCCARTESIANPOINT((246.619116285903,-35.4131880595232));
#2177=IFCCARTESIANPOINT((246.659430359927,-35.5028871375252));
#2178=IFCCARTESIANPOINT((246.699874479295,-35.5926035189768));
#2179=IFCCARTESIANPOINT((246.740318593394,-35.6823198978673));
#2180=IFCCARTESIANPOINT((246.780851296237,-35.7719291121466));
#2181=IFCCARTESIANPOINT((246.821514035924,-35.8615556225996));
#2182=IFCCARTESIANPOINT((246.86217677602,-35.951182135439));
#2183=IFCCARTESIANPOINT((246.902928102994,-36.0407014820375));
#2184=IFCCARTESIANPOINT((246.943809471239,-36.1302381284186));
#2185=IFCCARTESIANPOINT((246.984735129547,-36.2197211899911));
#2186=IFCCARTESIANPOINT((247.025705082662,-36.309150670364));
#2187=IFCCARTESIANPOINT((247.066675031238,-36.3985801491071));
#2188=IFCCARTESIANPOINT((247.107819316181,-36.4879733448615));
#2189=IFCCARTESIANPOINT((247.149007895641,-36.5773129593581));
#2190=IFCCARTESIANPOINT((247.190326510317,-36.6666698688059));
#2191=IFCCARTESIANPOINT((247.231603673572,-36.7559023163631));
#2192=IFCCARTESIANPOINT((247.273010878096,-36.8451520637609));
#2193=IFCCARTESIANPOINT((247.314548119146,-36.9344191072742));
#2194=IFCCARTESIANPOINT((247.356043904991,-37.0235616856371));
#2195=IFCCARTESIANPOINT((247.397669731203,-37.1127215633751));
#2196=IFCCARTESIANPOINT((247.439339852805,-37.2018278603209));
#2197=IFCCARTESIANPOINT((247.481140015007,-37.2909514567));
#2198=IFCCARTESIANPOINT((247.522984465817,-37.3800214667572));
#2199=IFCCARTESIANPOINT((247.564917505631,-37.4689843123197));
#2200=IFCCARTESIANPOINT((247.606850542128,-37.557947157009));
#2201=IFCCARTESIANPOINT((247.648913622339,-37.6469273035182));
#2202=IFCCARTESIANPOINT((247.691020994331,-37.7358538665576));
#2203=IFCCARTESIANPOINT((247.73325840375,-37.8247977261781));
#2204=IFCCARTESIANPOINT((247.775498651463,-37.9135635366547));
#2205=IFCCARTESIANPOINT((247.817824650643,-38.0024002342834));
#2206=IFCCARTESIANPOINT((247.860194937879,-38.0911833451246));
#2207=IFCCARTESIANPOINT((247.902739558514,-38.1799301705905));
#2208=IFCCARTESIANPOINT((247.945284179907,-38.2686769985012));
#2209=IFCCARTESIANPOINT((247.987917387974,-38.3573166598217));
#2210=IFCCARTESIANPOINT((248.030550595402,-38.4459563225391));
#2211=IFCCARTESIANPOINT((248.073358137306,-38.5345597007545));
#2212=IFCCARTESIANPOINT((248.116165676183,-38.6231630783295));
#2213=IFCCARTESIANPOINT((248.159147548082,-38.7117301703547));
#2214=IFCCARTESIANPOINT((248.202043674391,-38.8002263837843));
#2215=IFCCARTESIANPOINT((248.245114129764,-38.888686308288));
#2216=IFCCARTESIANPOINT((248.28822888236,-38.9770926535712));
#2217=IFCCARTESIANPOINT((248.331429379206,-39.0655698798364));
#2218=IFCCARTESIANPOINT((253.780620029196,-48.7306945145247));
#2219=IFCCARTESIANPOINT((259.309429641464,-62.29376833071));
#2220=IFCCARTESIANPOINT((260.520193180477,-69.1764387898729));
#2221=IFCCARTESIANPOINT((261.412692936574,-74.2502825109405));
#2222=IFCCARTESIANPOINT((261.712890026829,-75.9571759027313));
#2223=IFCCARTESIANPOINT((152.926277848484,-207.284816759173));
#2224=IFCCARTESIANPOINT((118.358041377418,-221.404091534088));
#2225=IFCCARTESIANPOINT((116.689183839189,-222.086366263044));
#2226=IFCCARTESIANPOINT((112.538735143811,-223.781346428616));
#2227=IFCCARTESIANPOINT((64.0753189061361,-243.576350228104));
#2228=IFCCARTESIANPOINT((60.5145260326099,-245.031366937736));
#2229=IFCCARTESIANPOINT((54.7909017255588,-247.368393256911));
#2230=IFCCARTESIANPOINT((7.30773013926228,-266.763852903445));
#2231=IFCCARTESIANPOINT((-44.3751332174579,-287.874512353912));
#2232=IFCCARTESIANPOINT((-58.2238379594928,-276.402794274443));
#2233=IFCCARTESIANPOINT((-86.3356777409499,-207.563705486187));
#2234=IFCPOLYLINE((#1776,#1777,#1778,#1779,#1780,#1781,#1782,#1783,#1784,#1785,#1786,#1787,#1788,#1789,#1790,#1791,#1792,#1793,#1794,#1795,#1796,#1797,#1798,#1799,#1800,#1801,#1802,#1803,#1804,#1805,#1806,#1807,#1808,#1809,#1810,#1811,#1812,#1813,#1814,#1815,#1816,#1817,#1818,#1819,#1820,#1821,#1822,#1823,#1824,#1825,#1826,#1827,#1828,#1829,#1830,#1831,#1832,#1833,#1834,#1835,#1836,#1837,#1838,#1839,#1840,#1841,#1842,#1843,#1844,#1845,#1846,#1847,#1848,#1849,#1850,#1851,#1852,#1853,#1854,#1855,#1856,#1857,#1858,#1859,#1860,#1861,#1862,#1863,#1864,#1865,#1866,#1867,#1868,#1869,#1870,#1871,#1872,#1873,#1874,#1875,#1876,#1877,#1878,#1879,#1880,#1881,#1882,#1883,#1884,#1885,#1886,#1887,#1888,#1889,#1890,#1891,#1892,#1893,#1894,#1895,#1896,#1897,#1898,#1899,#1900,#1901,#1902,#1903,#1904,#1905,#1906,#1907,#1908,#1909,#1910,#1911,#1912,#1913,#1914,#1915,#1916,#1917,#1918,#1919,#1920,#1921,#1922,#1923,#1924,#1925,#1926,#1927,#1928,#1929,#1930,#1931,#1932,#1933,#1934,#1935,#1936,#1937,#1938,#1939,#1940,#1941,#1942,#1943,#1944,#1945,#1946,#1947,#1948,#1949,#1950,#1951,#1952,#1953,#1954,#1955,#1956,#1957,#1958,#1959,#1960,#1961,#1962,#1963,#1964,#1965,#1966,#1967,#1968,#1969,#1970,#1971,#1972,#1973,#1974,#1975,#1976,#1977,#1978,#1979,#1980,#1981,#1982,#1983,#1984,#1985,#1986,#1987,#1988,#1989,#1990,#1991,#1992,#1993,#1994,#1995,#1996,#1997,#1998,#1999,#2000,#2001,#2002,#2003,#2004,#2005,#2006,#2007,#2008,#2009,#2010,#2011,#2012,#2013,#2014,#2015,#2016,#2017,#2018,#2019,#2020,#2021,#2022,#2023,#2024,#2025,#2026,#2027,#2028,#2029,#2030,#2031,#2032,#2033,#2034,#2035,#2036,#2037,#2038,#2039,#2040,#2041,#2042,#2043,#2044,#2045,#2046,#2047,#2048,#2049,#2050,#2051,#2052,#2053,#2054,#2055,#2056,#2057,#2058,#2059,#2060,#2061,#2062,#2063,#2064,#2065,#2066,#2067,#2068,#2069,#2070,#2071,#2072,#2073,#2074,#2075,#2076,#2077,#2078,#2079,#2080,#2081,#2082,#2083,#2084,#2085,#2086,#2087,#2088,#2089,#2090,#2091,#2092,#2093,#2094,#2095,#2096,#2097,#2098,#2099,#2100,#2101,#2102,#2103,#2104,#2105,#2106,#2107,#2108,#2109,#2110,#2111,#2112,#2113,#2114,#2115,#2116,#2117,#2118,#2119,#2120,#2121,#2122,#2123,#2124,#2125,#2126,#2127,#2128,#2129,#2130,#2131,#2132,#2133,#2134,#2135,#2136,#2137,#2138,#2139,#2140,#2141,#2142,#2143,#2144,#2145,#2146,#2147,#2148,#2149,#2150,#2151,#2152,#2153,#2154,#2155,#2156,#2157,#2158,#2159,#2160,#2161,#2162,#2163,#2164,#2165,#2166,#2167,#2168,#2169,#2170,#2171,#2172,#2173,#2174,#2175,#2176,#2177,#2178,#2179,#2180,#2181,#2182,#2183,#2184,#2185,#2186,#2187,#2188,#2189,#2190,#2191,#2192,#2193,#2194,#2195,#2196,#2197,#2198,#2199,#2200,#2201,#2202,#2203,#2204,#2205,#2206,#2207,#2208,#2209,#2210,#2211,#2212,#2213,#2214,#2215,#2216,#2217,#2218,#2219,#2220,#2221,#2222,#2223,#2224,#2225,#2226,#2227,#2228,#2229,#2230,#2231,#2232,#2233));
#2235=IFCARBITRARYCLOSEDPROFILEDEF(.AREA.,$,#2234);
#2236=IFCEXTRUDEDAREASOLID(#2235,#1774,#1775,0.1);
#2237=IFCSHAPEREPRESENTATION(#11,'Body','SweptSolid',(#2236));
#2238=IFCPRODUCTDEFINITIONSHAPE($,$,(#2237));
#2239=IFCSLAB('0fdWoe3eb0beMyi_qVLn2_',#5,'NL.IMRO.0772.EP1559995516-00',$,$,#1770,#2238,$,.NOTDEFINED.);
#2240=IFCSTYLEDITEM(#2236,(#1753),$);
#2241=IFCPROPERTYSINGLEVALUE('plan_id',$,IFCTEXT('NL.IMRO.0772.80419-0301'),$);
#2242=IFCPROPERTYSINGLEVALUE('plan_naam',$,IFCTEXT('Strijp-S fase 4'),$);
#2243=IFCPROPERTYSINGLEVALUE('id',$,IFCTEXT('NL.IMRO.0772.EP1559995516-00'),$);
#2244=IFCPROPERTYSINGLEVALUE('naam',$,IFCTEXT('Gemengd'),$);
#2245=IFCPROPERTYSINGLEVALUE('bestemmingshoofdgroep',$,IFCTEXT('gemengd'),$);
#2246=IFCPROPERTYSINGLEVALUE('verwijzing_naar_tekst',$,IFCTEXT('https://www.ruimtelijkeplannen.nl/documents/NL.IMRO.0772.80419-0301/pt_NL.IMRO.0772.80419-0301.xml#NL.IMRO.PT.s1342'),$);
#2247=IFCPROPERTYSINGLEVALUE('plan_dossierstatus',$,IFCTEXT('geheel onherroepelijk in werking'),$);
#2248=IFCPROPERTYSINGLEVALUE('plan_besluitnummer',$,IFCTEXT('23bst01470'),$);
#2249=IFCPROPERTYSINGLEVALUE('type_planobject',$,IFCTEXT('enkelbestemming'),$);
#2250=IFCPROPERTYSET('3qHHaA66TDGuY7p0O8m4s5',#5,'CPset_DSO-Enkelbestemming',$,(#2241,#2242,#2243,#2244,#2245,#2246,#2247,#2248,#2249));
#2251=IFCRELDEFINESBYPROPERTIES('0IYeToPKH0D8_stVmVWg0C',#5,$,$,(#2239),#2250);
#2252=IFCCARTESIANPOINT((0.,0.,-0.1));
#2253=IFCDIRECTION((0.,0.,1.));
#2254=IFCDIRECTION((1.,0.,0.));
#2255=IFCAXIS2PLACEMENT3D(#2252,#2253,#2254);
#2256=IFCLOCALPLACEMENT(#37,#2255);
#2257=IFCCARTESIANPOINT((0.,0.,0.));
#2258=IFCDIRECTION((0.,0.,1.));
#2259=IFCDIRECTION((1.,0.,0.));
#2260=IFCAXIS2PLACEMENT3D(#2257,#2258,#2259);
#2261=IFCDIRECTION((0.,0.,1.));
#2262=IFCCARTESIANPOINT((-86.3356777409499,-207.563705486187));
#2263=IFCCARTESIANPOINT((-88.4143631876505,-202.473352268746));
#2264=IFCCARTESIANPOINT((-110.531049476092,-148.313355596329));
#2265=IFCCARTESIANPOINT((-108.08948435224,-147.320665827312));
#2266=IFCCARTESIANPOINT((-87.6943490064004,-139.027619528468));
#2267=IFCCARTESIANPOINT((-67.2985998096119,-130.733714352071));
#2268=IFCCARTESIANPOINT((-64.3898460620258,-129.550228661916));
#2269=IFCCARTESIANPOINT((-49.9194751744217,-165.135077349027));
#2270=IFCCARTESIANPOINT((-42.7062241899548,-182.872368396202));
#2271=IFCCARTESIANPOINT((-27.2865366420883,-176.602473256935));
#2272=IFCCARTESIANPOINT((5.62219343936886,-158.644015550613));
#2273=IFCCARTESIANPOINT((12.4823292501096,-154.885038433189));
#2274=IFCCARTESIANPOINT((12.5453355894424,-154.848459745001));
#2275=IFCCARTESIANPOINT((12.6077474138001,-154.811028760916));
#2276=IFCCARTESIANPOINT((12.6697390600166,-154.772709207144));
#2277=IFCCARTESIANPOINT((12.7312633827387,-154.733732708613));
#2278=IFCCARTESIANPOINT((12.7921517402574,-154.693779446476));
#2279=IFCCARTESIANPOINT((12.8526170722616,-154.653115661291));
#2280=IFCCARTESIANPOINT((12.9124878881848,-154.611599579512));
#2281=IFCCARTESIANPOINT((12.9717641883472,-154.569231201254));
#2282=IFCCARTESIANPOINT((13.0304874258873,-154.526134996966));
#2283=IFCCARTESIANPOINT((13.0886575924524,-154.482310959662));
#2284=IFCCARTESIANPOINT((13.1462332477968,-154.437634630071));
#2285=IFCCARTESIANPOINT((13.2031700919324,-154.392159584851));
#2286=IFCCARTESIANPOINT((13.2595095709257,-154.346010288573));
#2287=IFCCARTESIANPOINT((13.3152959835425,-154.299133163237));
#2288=IFCCARTESIANPOINT((13.3703992928495,-154.251510905975));
#2289=IFCCARTESIANPOINT((13.424863788212,-154.203089931281));
#2290=IFCCARTESIANPOINT((13.4786008829251,-154.153977403825));
#2291=IFCCARTESIANPOINT((13.5317849110288,-154.10413704731));
#2292=IFCCARTESIANPOINT((13.5842415404913,-154.053605139896));
#2293=IFCCARTESIANPOINT((13.6360565090145,-154.002452562097));
#2294=IFCCARTESIANPOINT((13.6871883682907,-153.950554847775));
#2295=IFCCARTESIANPOINT((13.7375928310212,-153.897965584474));
#2296=IFCCARTESIANPOINT((13.787269888533,-153.844684764917));
#2297=IFCCARTESIANPOINT((13.8363052896166,-153.790783278935));
#2298=IFCCARTESIANPOINT((13.8845689920126,-153.736243819119));
#2299=IFCCARTESIANPOINT((13.9321052962623,-153.68101280916));
#2300=IFCCARTESIANPOINT((13.9788699005439,-153.625143824553));
#2301=IFCCARTESIANPOINT((14.024948549777,-153.568707751518));
#2302=IFCCARTESIANPOINT((14.0702112083964,-153.511687288643));
#2303=IFCCARTESIANPOINT((14.1147464631649,-153.453975271143));
#2304=IFCCARTESIANPOINT((14.158507175307,-153.395803329651));
#2305=IFCCARTESIANPOINT((14.2014961886744,-153.336993414501));
#2306=IFCCARTESIANPOINT((14.2436692073825,-153.277599106368));
#2307=IFCCARTESIANPOINT((14.2850262357097,-153.217620408628));
#2308=IFCCARTESIANPOINT((14.3256530146173,-153.157128204766));
#2309=IFCCARTESIANPOINT((14.3654195047275,-153.096105189528));
#2310=IFCCARTESIANPOINT((14.4043700004986,-153.034497781657));
#2311=IFCCARTESIANPOINT((14.4425016555761,-152.972484028607));
#2312=IFCCARTESIANPOINT((14.4798173173331,-152.90988588403));
#2313=IFCCARTESIANPOINT((14.5163141439261,-152.846881398931));
#2314=IFCCARTESIANPOINT((14.5518649319711,-152.783275212219));
#2315=IFCCARTESIANPOINT((14.5867269216978,-152.71927998832));
#2316=IFCCARTESIANPOINT((14.6205542869284,-152.654790228466));
#2317=IFCCARTESIANPOINT((14.6536071095907,-152.589840545203));
#2318=IFCCARTESIANPOINT((14.685796797392,-152.524538099009));
#2319=IFCCARTESIANPOINT((14.7171261948242,-152.458704840683));
#2320=IFCCARTESIANPOINT((14.7475481620932,-152.392572400044));
#2321=IFCCARTESIANPOINT((14.7770655431959,-152.325962728064));
#2322=IFCCARTESIANPOINT((14.8057197902526,-152.259000293736));
#2323=IFCCARTESIANPOINT((14.8334251568303,-152.191614209733));
#2324=IFCCARTESIANPOINT((14.8603531303525,-152.123946246575));
#2325=IFCCARTESIANPOINT((14.8862464835693,-152.055783751421));
#2326=IFCCARTESIANPOINT((14.9113181465655,-151.987392956682));
#2327=IFCCARTESIANPOINT((14.9353966351191,-151.918632094166));
#2328=IFCCARTESIANPOINT((14.9586534382834,-151.849642936199));
#2329=IFCCARTESIANPOINT((14.9809170662484,-151.780283709697));
#2330=IFCCARTESIANPOINT((15.0022732604702,-151.710625298496));
#2331=IFCCARTESIANPOINT((15.0226777300995,-151.640721287113));
#2332=IFCCARTESIANPOINT((15.042174767761,-151.570518092427));
#2333=IFCCARTESIANPOINT((15.0607200821105,-151.500069298607));
#2334=IFCCARTESIANPOINT((15.0783136660175,-151.42937489989));
#2335=IFCCARTESIANPOINT((15.0949555238185,-151.358434899885));
#2336=IFCCARTESIANPOINT((15.1107314011024,-151.28732018522));
#2337=IFCCARTESIANPOINT((15.1254255125823,-151.215942564188));
#2338=IFCCARTESIANPOINT((15.1392093448085,-151.144443806668));
#2339=IFCCARTESIANPOINT((15.1521271920064,-151.072770331346));
#2340=IFCCARTESIANPOINT((15.1639632770966,-151.000833952508));
#2341=IFCCARTESIANPOINT((15.1749748272996,-150.928847323288));
#2342=IFCCARTESIANPOINT((15.1848603148246,-150.856651367212));
#2343=IFCCARTESIANPOINT((15.1939212712168,-150.784405163897));
#2344=IFCCARTESIANPOINT((15.2019419083081,-150.712020518782));
#2345=IFCCARTESIANPOINT((15.209052266815,-150.639514738054));
#2346=IFCCARTESIANPOINT((15.215122309135,-150.56687051832));
#2347=IFCCARTESIANPOINT((15.2203235240013,-150.494229631149));
#2348=IFCCARTESIANPOINT((15.224440119986,-150.421503879828));
#2349=IFCCARTESIANPOINT((15.2276878938719,-150.348781465495));
#2350=IFCCARTESIANPOINT((15.229895345663,-150.275920607324));
#2351=IFCCARTESIANPOINT((15.2311896775791,-150.203116665012));
#2352=IFCCARTESIANPOINT((15.2313993931457,-150.130227860471));
#2353=IFCCARTESIANPOINT((15.2307402815786,-150.057342389075));
#2354=IFCCARTESIANPOINT((15.2291237476165,-149.98456740845));
#2355=IFCCARTESIANPOINT((15.2265083491511,-149.911778457754));
#2356=IFCCARTESIANPOINT((15.2228940784116,-149.838975530292));
#2357=IFCCARTESIANPOINT((15.2183223876928,-149.766283095756));
#2358=IFCCARTESIANPOINT((15.2127932789444,-149.693701155542));
#2359=IFCCARTESIANPOINT((15.206265302666,-149.621105242812));
#2360=IFCCARTESIANPOINT((15.1987799052149,-149.548619821726));
#2361=IFCCARTESIANPOINT((15.1903370874643,-149.476244893216));
#2362=IFCCARTESIANPOINT((15.1808925549849,-149.404034038831));
#2363=IFCCARTESIANPOINT((15.1706206424569,-149.331950982451));
#2364=IFCCARTESIANPOINT((15.1592612717941,-149.259961114964));
#2365=IFCCARTESIANPOINT((15.146985927393,-149.188206204504));
#2366=IFCCARTESIANPOINT((15.133753165981,-149.116561789357));
#2367=IFCCARTESIANPOINT((15.119518688618,-149.045081447111));
#2368=IFCCARTESIANPOINT((15.1043682394375,-148.973836063349));
#2369=IFCCARTESIANPOINT((15.0882160770125,-148.902754754818));
#2370=IFCCARTESIANPOINT((15.0712336862925,-148.831979290233));
#2371=IFCCARTESIANPOINT((15.0532495808147,-148.761367899308));
#2372=IFCCARTESIANPOINT((15.0343052119715,-148.691045050917));
#2373=IFCCARTESIANPOINT((14.3837400046468,-147.125023444474));
#2374=IFCCARTESIANPOINT((13.568005082634,-145.350745684758));
#2375=IFCCARTESIANPOINT((13.5117248063034,-145.227457855653));
#2376=IFCCARTESIANPOINT((11.0028055910079,-139.767829166551));
#2377=IFCCARTESIANPOINT((6.40092864041799,-128.51390012115));
#2378=IFCCARTESIANPOINT((0.814233300945489,-114.743153096933));
#2379=IFCCARTESIANPOINT((0.300138492806582,-113.405781482637));
#2380=IFCCARTESIANPOINT((-1.60392124863574,-108.965242104256));
#2381=IFCCARTESIANPOINT((-3.63333410091582,-103.846960364841));
#2382=IFCCARTESIANPOINT((-5.66360869738855,-98.7279727694695));
#2383=IFCCARTESIANPOINT((-7.1515752383566,-94.9749122186913));
#2384=IFCCARTESIANPOINT((-7.22418286919128,-94.7914050336112));
#2385=IFCCARTESIANPOINT((-7.26579694854445,-94.688090624637));
#2386=IFCCARTESIANPOINT((-7.41294453007868,-94.3169532672619));
#2387=IFCCARTESIANPOINT((-7.47994952998124,-94.1470977076679));
#2388=IFCCARTESIANPOINT((-7.49419654067606,-94.1470455165836));
#2389=IFCCARTESIANPOINT((-7.5128961490409,-94.1102995713591));
#2390=IFCCARTESIANPOINT((-7.53194726858055,-94.073804224201));
#2391=IFCCARTESIANPOINT((-7.55143564558239,-94.0374885886558));
#2392=IFCCARTESIANPOINT((-7.57131698584999,-94.0012990838732));
#2393=IFCCARTESIANPOINT((-7.59146409409004,-93.9654310615151));
#2394=IFCCARTESIANPOINT((-7.61200416355859,-93.929689171433));
#2395=IFCCARTESIANPOINT((-7.63289574501687,-93.894197878777));
#2396=IFCCARTESIANPOINT((-7.65418029105058,-93.8588327158359));
#2397=IFCCARTESIANPOINT((-7.67573060363065,-93.8237890363671));
#2398=IFCCARTESIANPOINT((-7.69771817457513,-93.7889250675798));
#2399=IFCCARTESIANPOINT((-7.72001295958762,-93.7542581185699));
#2400=IFCCARTESIANPOINT((-7.7426592593838,-93.7198417645996));
#2401=IFCCARTESIANPOINT((-7.76574281635112,-93.6856051224167));
#2402=IFCCARTESIANPOINT((-7.78909214146552,-93.6516899621347));
#2403=IFCCARTESIANPOINT((-7.81274868463515,-93.6179718183703));
#2404=IFCCARTESIANPOINT((-7.83675673938706,-93.5845042722649));
#2405=IFCCARTESIANPOINT((-7.86111630426603,-93.5512873251573));
#2406=IFCCARTESIANPOINT((-7.88578309258446,-93.518267389969));
#2407=IFCCARTESIANPOINT((-7.91084568327642,-93.4855516359094));
#2408=IFCCARTESIANPOINT((-7.93621549117961,-93.4530328990077));
#2409=IFCCARTESIANPOINT((-7.96185106801568,-93.4208356434829));
#2410=IFCCARTESIANPOINT((-7.98792390621384,-93.3888180958456));
#2411=IFCCARTESIANPOINT((-8.01426250915392,-93.357122033136));
#2412=IFCCARTESIANPOINT((-8.04082258153358,-93.3256938753766));
#2413=IFCCARTESIANPOINT((-8.06786420775461,-93.294499007694));
#2414=IFCCARTESIANPOINT((-8.09504156341427,-93.2636429265258));
#2415=IFCCARTESIANPOINT((-8.12265617810772,-93.2329665551661));
#2416=IFCCARTESIANPOINT((-8.1505365583871,-93.2026116678608));
#2417=IFCCARTESIANPOINT((-8.17872700089356,-93.1726318433066));
#2418=IFCCARTESIANPOINT((-8.20718036548351,-93.1427954555838));
#2419=IFCCARTESIANPOINT((-8.23602953695809,-93.1132632454392));
#2420=IFCCARTESIANPOINT((-8.26505873617134,-93.0841233987594));
#2421=IFCCARTESIANPOINT((-8.29443944021477,-93.0552341552102));
#2422=IFCCARTESIANPOINT((-8.32417166267987,-93.0265955036157));
#2423=IFCCARTESIANPOINT((-8.35403960934491,-92.9982956424938));
#2424=IFCCARTESIANPOINT((-8.38430336644524,-92.9702999556321));
#2425=IFCCARTESIANPOINT((-8.41483288872405,-92.9426257531159));
#2426=IFCCARTESIANPOINT((-8.44558388637961,-92.9152194505441));
#2427=IFCCARTESIANPOINT((-8.47673068879521,-92.888117326831));
#2428=IFCCARTESIANPOINT((-8.508013221086,-92.8613539889338));
#2429=IFCCARTESIANPOINT((-8.53956152059254,-92.8349121335777));
#2430=IFCCARTESIANPOINT((-8.57150562645984,-92.8087744557415));
#2431=IFCCARTESIANPOINT((-8.60358546097996,-92.7829755648854));
#2432=IFCCARTESIANPOINT((-8.63593106306507,-92.7574981560465));
#2433=IFCCARTESIANPOINT((-8.66867247247137,-92.7323249241454));
#2434=IFCCARTESIANPOINT((-8.70154961038497,-92.7074904790497));
#2435=IFCCARTESIANPOINT((-8.73469251630013,-92.6829775157967));
#2436=IFCCARTESIANPOINT((-8.76801544358023,-92.6588569211308));
#2437=IFCCARTESIANPOINT((-8.80168988698279,-92.6349869199912));
#2438=IFCCARTESIANPOINT((-8.83554434866528,-92.6115092902328));
#2439=IFCCARTESIANPOINT((-8.86957883575815,-92.5884240256855));
#2440=IFCCARTESIANPOINT((-8.90396483495715,-92.5655893580406));
#2441=IFCCARTESIANPOINT((-8.9385308570636,-92.5431470575859));
#2442=IFCCARTESIANPOINT((-8.97327690228121,-92.5210971244378));
#2443=IFCCARTESIANPOINT((-9.00824441897566,-92.499315094261));
#2444=IFCCARTESIANPOINT((-9.04352200144785,-92.4779081233428));
#2445=IFCCARTESIANPOINT((-9.07893531018635,-92.456839941151));
#2446=IFCCARTESIANPOINT((-9.11457293372951,-92.436217708746));
#2447=IFCCARTESIANPOINT((-9.15043203553068,-92.4158633736079));
#2448=IFCCARTESIANPOINT((-9.18647115820204,-92.3959014075226));
#2449=IFCCARTESIANPOINT((-9.22277604785631,-92.3762609236874));
#2450=IFCCARTESIANPOINT((-9.25917521459633,-92.3570836935542));
#2451=IFCCARTESIANPOINT((-9.29579585671308,-92.3381743628415));
#2452=IFCCARTESIANPOINT((-9.33264081538073,-92.3197109806351));
#2453=IFCCARTESIANPOINT((-9.36962150377803,-92.3015863840119));
#2454=IFCCARTESIANPOINT((-9.40686795706279,-92.2837832715013));
#2455=IFCCARTESIANPOINT((-9.44420869156602,-92.2664434090257));
#2456=IFCCARTESIANPOINT((-9.48177089815727,-92.2493714489392));
#2457=IFCCARTESIANPOINT((-9.51947167699109,-92.2328163220664));
#2458=IFCCARTESIANPOINT((-9.55730818613665,-92.2165999804274));
#2459=IFCCARTESIANPOINT((-9.59536616466357,-92.2006515431567));
#2460=IFCCARTESIANPOINT((-9.63356271976954,-92.1852199357236));
#2461=IFCCARTESIANPOINT((-9.67189500306267,-92.1701271150378));
#2462=IFCCARTESIANPOINT((-9.71040730716777,-92.1554266633466));
#2463=IFCCARTESIANPOINT((-9.74905533934361,-92.1410649985191));
#2464=IFCCARTESIANPOINT((-9.78779765180661,-92.1271665845416));
#2465=IFCCARTESIANPOINT((-9.82671998729347,-92.1136605374631));
#2466=IFCCARTESIANPOINT((-9.86577805114212,-92.1004932770738));
#2467=IFCCARTESIANPOINT((-9.90501613734523,-92.0877183841658));
#2468=IFCCARTESIANPOINT((-9.94430420643766,-92.075353163993));
#2469=IFCCARTESIANPOINT((-9.9837723011442,-92.0633803086821));
#2470=IFCCARTESIANPOINT((-10.0232903765864,-92.0518171277945));
#2471=IFCCARTESIANPOINT((-10.0629884770024,-92.0406463121762));
#2472=IFCCARTESIANPOINT((-10.1027365619666,-92.0298851678381));
#2473=IFCCARTESIANPOINT((-10.1426646678301,-92.0195163922035));
#2474=IFCCARTESIANPOINT((-10.1826427573978,-92.0095572884311));
#2475=IFCCARTESIANPOINT((-10.2226708333765,-92.0000078545418));
#2476=IFCCARTESIANPOINT((-10.262878927897,-91.9908507911023));
#2477=IFCCARTESIANPOINT((-10.3031370125536,-91.9821033944027));
#2478=IFCCARTESIANPOINT((-10.3434450767818,-91.9737656729994));
#2479=IFCCARTESIANPOINT((-10.3839331627532,-91.9658203194267));
#2480=IFCCARTESIANPOINT((-10.4244712329528,-91.9582846374833));
#2481=IFCCARTESIANPOINT((-10.4650592905527,-91.9511586242588));
#2482=IFCCARTESIANPOINT((-10.505697331595,-91.9444422833039));
#2483=IFCCARTESIANPOINT((-10.5463853524707,-91.9381356173544));
#2484=IFCCARTESIANPOINT((-10.5872533988149,-91.9322213162086));
#2485=IFCCARTESIANPOINT((-10.6280413907371,-91.9267339909566));
#2486=IFCCARTESIANPOINT((-10.668923659221,-91.921709919523));
#2487=IFCCARTESIANPOINT((-10.709897361492,-91.9169710542774));
#2488=IFCCARTESIANPOINT((-10.3725079425203,-91.7808871918241));
#2489=IFCCARTESIANPOINT((-8.68950796159334,-91.0973847647547));
#2490=IFCCARTESIANPOINT((1.89230444739223,-86.8036268253345));
#2491=IFCCARTESIANPOINT((-1.63601142683183,-78.1115376356174));
#2492=IFCCARTESIANPOINT((-1.59748111240333,-78.1550261523225));
#2493=IFCCARTESIANPOINT((-1.55842210983974,-78.1980497490731));
#2494=IFCCARTESIANPOINT((-1.51883441532846,-78.2406084293034));
#2495=IFCCARTESIANPOINT((-1.47867374229827,-78.2826486057602));
#2496=IFCCARTESIANPOINT((-1.43798437766964,-78.3242238652892));
#2497=IFCCARTESIANPOINT((-1.39680777527974,-78.3652097392478));
#2498=IFCCARTESIANPOINT((-1.35510248152423,-78.4057306959294));
#2499=IFCCARTESIANPOINT((-1.31290995056042,-78.4456622668076));
#2500=IFCCARTESIANPOINT((-1.27027447742876,-78.4850580315688));
#2501=IFCCARTESIANPOINT((-1.22711031563813,-78.523988876841));
#2502=IFCCARTESIANPOINT((-1.18337316843099,-78.5624012238695));
#2503=IFCCARTESIANPOINT((-1.13927882551798,-78.6002068784437));
#2504=IFCCARTESIANPOINT((-1.09469724001247,-78.6374231512309));
#2505=IFCCARTESIANPOINT((-1.04958696509129,-78.6741745051113));
#2506=IFCCARTESIANPOINT((-1.00407520012232,-78.7102655858616));
#2507=IFCCARTESIANPOINT((-0.958120487252017,-78.7458208648604));
#2508=IFCCARTESIANPOINT((-0.911722830875078,-78.7808403389063));
#2509=IFCCARTESIANPOINT((-0.864837936329423,-78.8152704276145));
#2510=IFCCARTESIANPOINT((-0.817551547399489,-78.8490402465104));
#2511=IFCCARTESIANPOINT((-0.76982221819344,-78.8822742576012));
#2512=IFCCARTESIANPOINT((-0.7217356878391,-78.9149015803123));
#2513=IFCCARTESIANPOINT((-0.673247660335619,-78.9468686357723));
#2514=IFCCARTESIANPOINT((-0.624316689063562,-78.9782998859882));
#2515=IFCCARTESIANPOINT((-0.57502851964091,-79.0091244453215));
#2516=IFCCARTESIANPOINT((-0.525338855601149,-79.0392887350172));
#2517=IFCCARTESIANPOINT((-0.475377738999669,-79.0687754483079));
#2518=IFCCARTESIANPOINT((-0.424929379543755,-79.0976727795787));
#2519=IFCCARTESIANPOINT((-0.374123825255083,-79.1259634172893));
#2520=IFCCARTESIANPOINT((-0.322961069789017,-79.1536473663873));
#2521=IFCCARTESIANPOINT((-0.271526855794946,-79.1806537437951));
#2522=IFCCARTESIANPOINT((-0.21973544586217,-79.2070534283412));
#2523=IFCCARTESIANPOINT((-0.167628286028048,-79.2327219581348));
#2524=IFCCARTESIANPOINT((-0.115163926646346,-79.2577837980352));
#2525=IFCCARTESIANPOINT((-0.0624281105410773,-79.2821680644411));
#2526=IFCCARTESIANPOINT((-0.00933509570313618,-79.3059456402552));
#2527=IFCCARTESIANPOINT((0.043943627999397,-79.3289747551316));
#2528=IFCCARTESIANPOINT((0.0975795538106468,-79.3513971820939));
#2529=IFCCARTESIANPOINT((0.151486932736589,-79.373142032593));
#2530=IFCCARTESIANPOINT((0.205665765941376,-79.3942093076184));
#2531=IFCCARTESIANPOINT((0.260116056510014,-79.4145990096149));
#2532=IFCCARTESIANPOINT((0.314752055623103,-79.4342402504408));
#2533=IFCCARTESIANPOINT((0.369745255040471,-79.4532748015481));
#2534=IFCCARTESIANPOINT((0.424879869649885,-79.4716144726845));
#2535=IFCCARTESIANPOINT((0.48028593880008,-79.4892765684053));
#2536=IFCCARTESIANPOINT((0.535877718852134,-79.5061902047019));
#2537=IFCCARTESIANPOINT((0.591655208059819,-79.522355380177));
#2538=IFCCARTESIANPOINT((0.647659859881969,-79.5378965625423));
#2539=IFCCARTESIANPOINT((0.703891669312725,-79.5528137478395));
#2540=IFCCARTESIANPOINT((0.760223449120531,-79.5669115922065));
#2541=IFCCARTESIANPOINT((0.816826681460952,-79.5803318593535));
#2542=IFCCARTESIANPOINT((0.873571326315869,-79.5930572440848));
#2543=IFCCARTESIANPOINT((0.930371648602886,-79.605016869551));
#2544=IFCCARTESIANPOINT((0.987399126490345,-79.6163524960284));
#2545=IFCCARTESIANPOINT((1.04448227613466,-79.6269223584677));
#2546=IFCCARTESIANPOINT((1.10183688209509,-79.6368146468303));
#2547=IFCCARTESIANPOINT((1.15924715940491,-79.6459411705728));
#2548=IFCCARTESIANPOINT((1.2167545571283,-79.6544263943215));
#2549=IFCCARTESIANPOINT((1.27436192205641,-79.6620922742295));
#2550=IFCCARTESIANPOINT((1.33206640498247,-79.6691168521647));
#2551=IFCCARTESIANPOINT((1.38982656117878,-79.6753756670514));
#2552=IFCCARTESIANPOINT((1.44764238889911,-79.6808687175508));
#2553=IFCCARTESIANPOINT((1.5055553354905,-79.6857204667176));
#2554=IFCCARTESIANPOINT((1.56352395415888,-79.6898064519628));
#2555=IFCCARTESIANPOINT((1.62163399180281,-79.6931975598563));
#2556=IFCCARTESIANPOINT((1.6796696599049,-79.6958055975265));
#2557=IFCCARTESIANPOINT((1.73771670201677,-79.6977014485165));
#2558=IFCCARTESIANPOINT((1.79586086663767,-79.6989560010261));
#2559=IFCCARTESIANPOINT((1.85397495847428,-79.6993739046156));
#2560=IFCCARTESIANPOINT((1.91205613085185,-79.6991332030157));
#2561=IFCCARTESIANPOINT((1.97019297568477,-79.6981267376686));
#2562=IFCCARTESIANPOINT((2.02829690268845,-79.6964616684709));
#2563=IFCCARTESIANPOINT((2.08637075510342,-79.6939599487232));
#2564=IFCCARTESIANPOINT((2.1444116915809,-79.69079962658));
#2565=IFCCARTESIANPOINT((2.20241970746429,-79.6869806984323));
#2566=IFCCARTESIANPOINT((2.26031190532376,-79.6822542357841));
#2567=IFCCARTESIANPOINT((2.31821263619349,-79.6769936350756));
#2568=IFCCARTESIANPOINT((2.3760390006064,-79.6709499664721));
#2569=IFCCARTESIANPOINT((2.43379099440062,-79.664123226481));
#2570=IFCCARTESIANPOINT((2.49138003090047,-79.6566205780837));
#2571=IFCCARTESIANPOINT((2.54889469943009,-79.6483348603942));
#2572=IFCCARTESIANPOINT((2.60633215631242,-79.6394441198208));
#2573=IFCCARTESIANPOINT((2.66369524513721,-79.6297703100718));
#2574=IFCCARTESIANPOINT((2.72080963212647,-79.619349706918));
#2575=IFCCARTESIANPOINT((2.77789109895821,-79.6082704981673));
#2576=IFCCARTESIANPOINT((2.83480960995075,-79.5965153819998));
#2577=IFCCARTESIANPOINT((2.89152371280943,-79.583959891519));
#2578=IFCCARTESIANPOINT((2.94811915626633,-79.5706749148085));
#2579=IFCCARTESIANPOINT((3.00450734220794,-79.5567676053033));
#2580=IFCCARTESIANPOINT((3.06077687127981,-79.5421308118966));
#2581=IFCCARTESIANPOINT((3.11688343909918,-79.5268181065912));
#2582=IFCCARTESIANPOINT((3.17274130680016,-79.5107586096274));
#2583=IFCCARTESIANPOINT((3.22843621610082,-79.4940232033259));
#2584=IFCCARTESIANPOINT((3.28383812683751,-79.4765945823165));
#2585=IFCCARTESIANPOINT((3.33907708289917,-79.4584900550544));
#2586=IFCCARTESIANPOINT((3.39406733677606,-79.4396387343877));
#2587=IFCCARTESIANPOINT((3.44876459465013,-79.4200942013413));
#2588=IFCCARTESIANPOINT((3.50325459902524,-79.3999273389927));
#2589=IFCCARTESIANPOINT((3.55758164674626,-79.3790845687618));
#2590=IFCCARTESIANPOINT((3.61148565987241,-79.3575312822941));
#2591=IFCCARTESIANPOINT((21.4355566578743,-72.1225643258658));
#2592=IFCCARTESIANPOINT((90.6867493979225,-44.0104106154176));
#2593=IFCCARTESIANPOINT((161.785746958893,-15.148765007325));
#2594=IFCCARTESIANPOINT((170.230887002981,-11.7210848801769));
#2595=IFCCARTESIANPOINT((175.184752050351,-9.98253880796256));
#2596=IFCCARTESIANPOINT((175.465197049838,-11.1615324594895));
#2597=IFCCARTESIANPOINT((194.294902424212,-3.51815763348714));
#2598=IFCCARTESIANPOINT((195.946469640912,-7.55343537620502));
#2599=IFCCARTESIANPOINT((196.060031124362,-7.83320703060599));
#2600=IFCCARTESIANPOINT((207.579807177477,-3.42302883113734));
#2601=IFCCARTESIANPOINT((230.055550638674,5.03980295709334));
#2602=IFCCARTESIANPOINT((231.727429978288,0.939676549751312));
#2603=IFCCARTESIANPOINT((238.065374242637,-14.607804530242));
#2604=IFCCARTESIANPOINT((244.404073675512,-30.1545268763439));
#2605=IFCCARTESIANPOINT((244.440145295492,-30.2460405933671));
#2606=IFCCARTESIANPOINT((244.476346953481,-30.3375716076116));
#2607=IFCCARTESIANPOINT((244.512592904182,-30.4290490393178));
#2608=IFCCARTESIANPOINT((244.548883147858,-30.5204728887766));
#2609=IFCCARTESIANPOINT((244.585347722837,-30.6118604514631));
#2610=IFCCARTESIANPOINT((244.621812299767,-30.7032480179914));
#2611=IFCCARTESIANPOINT((244.658321169525,-30.7945820019231));
#2612=IFCCARTESIANPOINT((244.694960077089,-30.8859332830179));
#2613=IFCCARTESIANPOINT((244.731687569205,-30.9771773963585));
#2614=IFCCARTESIANPOINT((244.76850081046,-31.0684923946392));
#2615=IFCCARTESIANPOINT((244.805272595666,-31.1596829278278));
#2616=IFCCARTESIANPOINT((244.842174420104,-31.2508907592273));
#2617=IFCCARTESIANPOINT((244.879206284852,-31.3421158901183));
#2618=IFCCARTESIANPOINT((244.91632673674,-31.4332338550012));
#2619=IFCCARTESIANPOINT((244.953447186708,-31.5243518204661));
#2620=IFCCARTESIANPOINT((244.990611929505,-31.6154162033927));
#2621=IFCCARTESIANPOINT((245.02790671066,-31.7064978840644));
#2622=IFCCARTESIANPOINT((245.06524578479,-31.797525982256));
#2623=IFCCARTESIANPOINT((245.102673444693,-31.8884469135664));
#2624=IFCCARTESIANPOINT((245.140186852223,-31.9794387288275));
#2625=IFCCARTESIANPOINT((245.177744550369,-32.0703769596876));
#2626=IFCCARTESIANPOINT((245.215432291239,-32.1613324918435));
#2627=IFCCARTESIANPOINT((245.253122868395,-32.252109973575));
#2628=IFCCARTESIANPOINT((245.290899191546,-32.3429583379184));
#2629=IFCCARTESIANPOINT((245.328805556026,-32.4338240024517));
#2630=IFCCARTESIANPOINT((245.36675621153,-32.5246360827005));
#2631=IFCCARTESIANPOINT((245.404795455368,-32.6153409983381));
#2632=IFCCARTESIANPOINT((245.442834695539,-32.7060459128115));
#2633=IFCCARTESIANPOINT((245.48100397471,-32.7967681254959));
#2634=IFCCARTESIANPOINT((245.519217548484,-32.8874367571552));
#2635=IFCCARTESIANPOINT((245.557519707218,-32.9779982210603));
#2636=IFCCARTESIANPOINT((245.595907614188,-33.0686305693816));
#2637=IFCCARTESIANPOINT((245.634339814103,-33.1592093353975));
#2638=IFCCARTESIANPOINT((245.672860596009,-33.249680931156));
#2639=IFCCARTESIANPOINT((245.711467128043,-33.3402234129026));
#2640=IFCCARTESIANPOINT((245.750117949588,-33.4307123093749));
#2641=IFCCARTESIANPOINT((245.788813063933,-33.5211476231343));
#2642=IFCCARTESIANPOINT((245.827682515344,-33.6115466549527));
#2643=IFCCARTESIANPOINT((245.866551963089,-33.7019456856069));
#2644=IFCCARTESIANPOINT((245.905465703952,-33.7922911339556));
#2645=IFCCARTESIANPOINT((245.944553777517,-33.8826002965798));
#2646=IFCCARTESIANPOINT((245.983641849249,-33.9729094597278));
#2647=IFCCARTESIANPOINT((246.022818510042,-34.0631114585558));
#2648=IFCCARTESIANPOINT((246.062080913252,-34.1533843369689));
#2649=IFCCARTESIANPOINT((246.10138761191,-34.2436036348226));
#2650=IFCCARTESIANPOINT((246.140782894247,-34.333715764049));
#2651=IFCCARTESIANPOINT((246.180263925722,-34.4238987783319));
#2652=IFCCARTESIANPOINT((246.219833542156,-34.5139746246859));
#2653=IFCCARTESIANPOINT((246.259403157514,-34.6040504723787));
#2654=IFCCARTESIANPOINT((246.299061358761,-34.6940191529575));
#2655=IFCCARTESIANPOINT((246.338805305917,-34.7840587160899));
#2656=IFCCARTESIANPOINT((246.378637840593,-34.8739911134471));
#2657=IFCCARTESIANPOINT((246.418556121323,-34.9639943934162));
#2658=IFCCARTESIANPOINT((246.45856298806,-35.0538905064459));
#2659=IFCCARTESIANPOINT((246.498569853575,-35.1437866204069));
#2660=IFCCARTESIANPOINT((246.538665303,-35.2335755656823));
#2661=IFCCARTESIANPOINT((246.578890794335,-35.323381811555));
#2662=IFCCARTESIANPOINT((246.619116285903,-35.4131880595232));
#2663=IFCCARTESIANPOINT((246.659430359927,-35.5028871375252));
#2664=IFCCARTESIANPOINT((246.699874479295,-35.5926035189768));
#2665=IFCCARTESIANPOINT((246.740318593394,-35.6823198978673));
#2666=IFCCARTESIANPOINT((246.780851296237,-35.7719291121466));
#2667=IFCCARTESIANPOINT((246.821514035924,-35.8615556225996));
#2668=IFCCARTESIANPOINT((246.86217677602,-35.951182135439));
#2669=IFCCARTESIANPOINT((246.902928102994,-36.0407014820375));
#2670=IFCCARTESIANPOINT((246.943809471239,-36.1302381284186));
#2671=IFCCARTESIANPOINT((246.984735129547,-36.2197211899911));
#2672=IFCCARTESIANPOINT((247.025705082662,-36.309150670364));
#2673=IFCCARTESIANPOINT((247.066675031238,-36.3985801491071));
#2674=IFCCARTESIANPOINT((247.107819316181,-36.4879733448615));
#2675=IFCCARTESIANPOINT((247.149007895641,-36.5773129593581));
#2676=IFCCARTESIANPOINT((247.190326510317,-36.6666698688059));
#2677=IFCCARTESIANPOINT((247.231603673572,-36.7559023163631));
#2678=IFCCARTESIANPOINT((247.273010878096,-36.8451520637609));
#2679=IFCCARTESIANPOINT((247.314548119146,-36.9344191072742));
#2680=IFCCARTESIANPOINT((247.356043904991,-37.0235616856371));
#2681=IFCCARTESIANPOINT((247.397669731203,-37.1127215633751));
#2682=IFCCARTESIANPOINT((247.439339852805,-37.2018278603209));
#2683=IFCCARTESIANPOINT((247.481140015007,-37.2909514567));
#2684=IFCCARTESIANPOINT((247.522984465817,-37.3800214667572));
#2685=IFCCARTESIANPOINT((247.564917505631,-37.4689843123197));
#2686=IFCCARTESIANPOINT((247.606850542128,-37.557947157009));
#2687=IFCCARTESIANPOINT((247.648913622339,-37.6469273035182));
#2688=IFCCARTESIANPOINT((247.691020994331,-37.7358538665576));
#2689=IFCCARTESIANPOINT((247.73325840375,-37.8247977261781));
#2690=IFCCARTESIANPOINT((247.775498651463,-37.9135635366547));
#2691=IFCCARTESIANPOINT((247.817824650643,-38.0024002342834));
#2692=IFCCARTESIANPOINT((247.860194937879,-38.0911833451246));
#2693=IFCCARTESIANPOINT((247.902739558514,-38.1799301705905));
#2694=IFCCARTESIANPOINT((247.945284179907,-38.2686769985012));
#2695=IFCCARTESIANPOINT((247.987917387974,-38.3573166598217));
#2696=IFCCARTESIANPOINT((248.030550595402,-38.4459563225391));
#2697=IFCCARTESIANPOINT((248.073358137306,-38.5345597007545));
#2698=IFCCARTESIANPOINT((248.116165676183,-38.6231630783295));
#2699=IFCCARTESIANPOINT((248.159147548082,-38.7117301703547));
#2700=IFCCARTESIANPOINT((248.202043674391,-38.8002263837843));
#2701=IFCCARTESIANPOINT((248.245114129764,-38.888686308288));
#2702=IFCCARTESIANPOINT((248.28822888236,-38.9770926535712));
#2703=IFCCARTESIANPOINT((248.331429379206,-39.0655698798364));
#2704=IFCCARTESIANPOINT((253.780620029196,-48.7306945145247));
#2705=IFCCARTESIANPOINT((259.309429641464,-62.29376833071));
#2706=IFCCARTESIANPOINT((260.520193180477,-69.1764387898729));
#2707=IFCCARTESIANPOINT((261.412692936574,-74.2502825109405));
#2708=IFCCARTESIANPOINT((261.712890026829,-75.9571759027313));
#2709=IFCCARTESIANPOINT((152.926277848484,-207.284816759173));
#2710=IFCCARTESIANPOINT((118.358041377418,-221.404091534088));
#2711=IFCCARTESIANPOINT((116.689183839189,-222.086366263044));
#2712=IFCCARTESIANPOINT((112.538735143811,-223.781346428616));
#2713=IFCCARTESIANPOINT((64.0753189061361,-243.576350228104));
#2714=IFCCARTESIANPOINT((60.5145260326099,-245.031366937736));
#2715=IFCCARTESIANPOINT((54.7909017255588,-247.368393256911));
#2716=IFCCARTESIANPOINT((7.30773013926228,-266.763852903445));
#2717=IFCCARTESIANPOINT((-44.3751332174579,-287.874512353912));
#2718=IFCCARTESIANPOINT((-58.2238379594928,-276.402794274443));
#2719=IFCCARTESIANPOINT((-86.3356777409499,-207.563705486187));
#2720=IFCPOLYLINE((#2262,#2263,#2264,#2265,#2266,#2267,#2268,#2269,#2270,#2271,#2272,#2273,#2274,#2275,#2276,#2277,#2278,#2279,#2280,#2281,#2282,#2283,#2284,#2285,#2286,#2287,#2288,#2289,#2290,#2291,#2292,#2293,#2294,#2295,#2296,#2297,#2298,#2299,#2300,#2301,#2302,#2303,#2304,#2305,#2306,#2307,#2308,#2309,#2310,#2311,#2312,#2313,#2314,#2315,#2316,#2317,#2318,#2319,#2320,#2321,#2322,#2323,#2324,#2325,#2326,#2327,#2328,#2329,#2330,#2331,#2332,#2333,#2334,#2335,#2336,#2337,#2338,#2339,#2340,#2341,#2342,#2343,#2344,#2345,#2346,#2347,#2348,#2349,#2350,#2351,#2352,#2353,#2354,#2355,#2356,#2357,#2358,#2359,#2360,#2361,#2362,#2363,#2364,#2365,#2366,#2367,#2368,#2369,#2370,#2371,#2372,#2373,#2374,#2375,#2376,#2377,#2378,#2379,#2380,#2381,#2382,#2383,#2384,#2385,#2386,#2387,#2388,#2389,#2390,#2391,#2392,#2393,#2394,#2395,#2396,#2397,#2398,#2399,#2400,#2401,#2402,#2403,#2404,#2405,#2406,#2407,#2408,#2409,#2410,#2411,#2412,#2413,#2414,#2415,#2416,#2417,#2418,#2419,#2420,#2421,#2422,#2423,#2424,#2425,#2426,#2427,#2428,#2429,#2430,#2431,#2432,#2433,#2434,#2435,#2436,#2437,#2438,#2439,#2440,#2441,#2442,#2443,#2444,#2445,#2446,#2447,#2448,#2449,#2450,#2451,#2452,#2453,#2454,#2455,#2456,#2457,#2458,#2459,#2460,#2461,#2462,#2463,#2464,#2465,#2466,#2467,#2468,#2469,#2470,#2471,#2472,#2473,#2474,#2475,#2476,#2477,#2478,#2479,#2480,#2481,#2482,#2483,#2484,#2485,#2486,#2487,#2488,#2489,#2490,#2491,#2492,#2493,#2494,#2495,#2496,#2497,#2498,#2499,#2500,#2501,#2502,#2503,#2504,#2505,#2506,#2507,#2508,#2509,#2510,#2511,#2512,#2513,#2514,#2515,#2516,#2517,#2518,#2519,#2520,#2521,#2522,#2523,#2524,#2525,#2526,#2527,#2528,#2529,#2530,#2531,#2532,#2533,#2534,#2535,#2536,#2537,#2538,#2539,#2540,#2541,#2542,#2543,#2544,#2545,#2546,#2547,#2548,#2549,#2550,#2551,#2552,#2553,#2554,#2555,#2556,#2557,#2558,#2559,#2560,#2561,#2562,#2563,#2564,#2565,#2566,#2567,#2568,#2569,#2570,#2571,#2572,#2573,#2574,#2575,#2576,#2577,#2578,#2579,#2580,#2581,#2582,#2583,#2584,#2585,#2586,#2587,#2588,#2589,#2590,#2591,#2592,#2593,#2594,#2595,#2596,#2597,#2598,#2599,#2600,#2601,#2602,#2603,#2604,#2605,#2606,#2607,#2608,#2609,#2610,#2611,#2612,#2613,#2614,#2615,#2616,#2617,#2618,#2619,#2620,#2621,#2622,#2623,#2624,#2625,#2626,#2627,#2628,#2629,#2630,#2631,#2632,#2633,#2634,#2635,#2636,#2637,#2638,#2639,#2640,#2641,#2642,#2643,#2644,#2645,#2646,#2647,#2648,#2649,#2650,#2651,#2652,#2653,#2654,#2655,#2656,#2657,#2658,#2659,#2660,#2661,#2662,#2663,#2664,#2665,#2666,#2667,#2668,#2669,#2670,#2671,#2672,#2673,#2674,#2675,#2676,#2677,#2678,#2679,#2680,#2681,#2682,#2683,#2684,#2685,#2686,#2687,#2688,#2689,#2690,#2691,#2692,#2693,#2694,#2695,#2696,#2697,#2698,#2699,#2700,#2701,#2702,#2703,#2704,#2705,#2706,#2707,#2708,#2709,#2710,#2711,#2712,#2713,#2714,#2715,#2716,#2717,#2718,#2719));
#2721=IFCARBITRARYCLOSEDPROFILEDEF(.AREA.,$,#2720);
#2722=IFCEXTRUDEDAREASOLID(#2721,#2260,#2261,0.1);
#2723=IFCSHAPEREPRESENTATION(#11,'Body','SweptSolid',(#2722));
#2724=IFCPRODUCTDEFINITIONSHAPE($,$,(#2723));
#2725=IFCSLAB('35NTH2hCL2tuX1tfncaBq2',#5,'NL.IMRO.0772.EP1559995516-00',$,$,#2256,#2724,$,.NOTDEFINED.);
#2726=IFCSTYLEDITEM(#2722,(#1753),$);
#2727=IFCPROPERTYSINGLEVALUE('plan_id',$,IFCTEXT('NL.IMRO.0772.80419-0201'),$);
#2728=IFCPROPERTYSINGLEVALUE('plan_naam',$,IFCTEXT('Strijp-S fase 4'),$);
#2729=IFCPROPERTYSINGLEVALUE('id',$,IFCTEXT('NL.IMRO.0772.EP1559995516-00'),$);
#2730=IFCPROPERTYSINGLEVALUE('naam',$,IFCTEXT('Gemengd'),$);
#2731=IFCPROPERTYSINGLEVALUE('bestemmingshoofdgroep',$,IFCTEXT('gemengd'),$);
#2732=IFCPROPERTYSINGLEVALUE('verwijzing_naar_tekst',$,IFCTEXT('https://www.ruimtelijkeplannen.nl/historic/NL.IMRO.0772.80419-0201_2024.01.24_12.35.01/pt_NL.IMRO.0772.80419-0201.xml#NL.IMRO.PT.s1342'),$);
#2733=IFCPROPERTYSINGLEVALUE('plan_dossierstatus',$,IFCTEXT('geheel onherroepelijk in werking'),$);
#2734=IFCPROPERTYSINGLEVALUE('type_planobject',$,IFCTEXT('enkelbestemming'),$);
#2735=IFCPROPERTYSET('0ERnjGEYn1VPOAxgEh$Sq3',#5,'CPset_DSO-Enkelbestemming',$,(#2727,#2728,#2729,#2730,#2731,#2732,#2733,#2734));
#2736=IFCRELDEFINESBYPROPERTIES('2n8KX9$Wv0Peh6w_uye8pE',#5,$,$,(#2725),#2735);
#2737=IFCCARTESIANPOINT((0.,0.,-0.1));
#2738=IFCDIRECTION((0.,0.,1.));
#2739=IFCDIRECTION((1.,0.,0.));
#2740=IFCAXIS2PLACEMENT3D(#2737,#2738,#2739);
#2741=IFCLOCALPLACEMENT(#37,#2740);
#2742=IFCCARTESIANPOINT((0.,0.,0.));
#2743=IFCDIRECTION((0.,0.,1.));
#2744=IFCDIRECTION((1.,0.,0.));
#2745=IFCAXIS2PLACEMENT3D(#2742,#2743,#2744);
#2746=IFCDIRECTION((0.,0.,1.));
#2747=IFCCARTESIANPOINT((-110.531049476092,-148.313355596329));
#2748=IFCCARTESIANPOINT((-108.08948435224,-147.320665827312));
#2749=IFCCARTESIANPOINT((-87.6943490064004,-139.027619528468));
#2750=IFCCARTESIANPOINT((-67.2985998096119,-130.733714352071));
#2751=IFCCARTESIANPOINT((-64.3898460620258,-129.550228661916));
#2752=IFCCARTESIANPOINT((-49.9194751744217,-165.135077349027));
#2753=IFCCARTESIANPOINT((-42.7062241899548,-182.872368396202));
#2754=IFCCARTESIANPOINT((-26.7755450273689,-176.394692446687));
#2755=IFCCARTESIANPOINT((-25.3893896050577,-175.63535749662));
#2756=IFCCARTESIANPOINT((12.4823292501096,-154.885038433189));
#2757=IFCCARTESIANPOINT((12.5452498449886,-154.848388858896));
#2758=IFCCARTESIANPOINT((12.6077474138001,-154.811028760916));
#2759=IFCCARTESIANPOINT((12.6697390600166,-154.772709207144));
#2760=IFCCARTESIANPOINT((12.7312219335872,-154.733608241775));
#2761=IFCCARTESIANPOINT((12.7921517402574,-154.693779446476));
#2762=IFCCARTESIANPOINT((12.8525756229355,-154.65299119422));
#2763=IFCCARTESIANPOINT((12.9124021459429,-154.611528695154));
#2764=IFCCARTESIANPOINT((12.9717641883472,-154.569231201254));
#2765=IFCCARTESIANPOINT((13.0304874258873,-154.526134996966));
#2766=IFCCARTESIANPOINT((13.0885718495992,-154.482240074954));
#2767=IFCCARTESIANPOINT((13.1461475031101,-154.437563743733));
#2768=IFCCARTESIANPOINT((13.2031700919324,-154.392159584851));
#2769=IFCCARTESIANPOINT((13.2595095709257,-154.346010288573));
#2770=IFCCARTESIANPOINT((13.3152102407475,-154.299062278471));
#2771=IFCCARTESIANPOINT((13.3703135497344,-154.251440020977));
#2772=IFCCARTESIANPOINT((13.424778045417,-154.203019046574));
#2773=IFCCARTESIANPOINT((13.4786008829251,-154.153977403825));
#2774=IFCCARTESIANPOINT((13.5316991679429,-154.10406616237));
#2775=IFCCARTESIANPOINT((13.5842415404913,-154.053605139896));
#2776=IFCCARTESIANPOINT((13.6359707640077,-154.002381675586));
#2777=IFCCARTESIANPOINT((13.6871026278823,-153.950483965047));
#2778=IFCCARTESIANPOINT((13.7375070884591,-153.897894699941));
#2779=IFCCARTESIANPOINT((13.7871841457381,-153.844613880094));
#2780=IFCCARTESIANPOINT((13.8362195443187,-153.790712392132));
#2781=IFCCARTESIANPOINT((13.8844832495379,-153.736172934587));
#2782=IFCCARTESIANPOINT((13.9320195512555,-153.68094192259));
#2783=IFCCARTESIANPOINT((13.9787841558282,-153.625072938215));
#2784=IFCCARTESIANPOINT((14.0248628067202,-153.568636866577));
#2785=IFCCARTESIANPOINT((14.0701254630985,-153.51161640184));
#2786=IFCCARTESIANPOINT((14.1146164225647,-153.453957965074));
#2787=IFCCARTESIANPOINT((14.1584214308241,-153.395732443489));
#2788=IFCCARTESIANPOINT((14.2014104433765,-153.336922527698));
#2789=IFCCARTESIANPOINT((14.2435834645003,-153.277528221661));
#2790=IFCCARTESIANPOINT((14.2849404928274,-153.217549523921));
#2791=IFCCARTESIANPOINT((14.3255672693485,-153.157057317963));
#2792=IFCCARTESIANPOINT((14.3653337594296,-153.096034302784));
#2793=IFCCARTESIANPOINT((14.404239960335,-153.034480476053));
#2794=IFCCARTESIANPOINT((14.4424159124319,-152.972413143783));
#2795=IFCCARTESIANPOINT((14.4797315745673,-152.909814999381));
#2796=IFCCARTESIANPOINT((14.5161426558334,-152.846739627479));
#2797=IFCCARTESIANPOINT((14.551779189118,-152.783204327628));
#2798=IFCCARTESIANPOINT((14.5865111384483,-152.719191797776));
#2799=IFCCARTESIANPOINT((14.6204685443954,-152.654719343933));
#2800=IFCCARTESIANPOINT((14.6534770714061,-152.589823241171));
#2801=IFCCARTESIANPOINT((14.6857110524143,-152.524467212439));
#2802=IFCCARTESIANPOINT((14.7169961541949,-152.458687534614));
#2803=IFCCARTESIANPOINT((14.7474624170281,-152.392501513648));
#2804=IFCCARTESIANPOINT((14.7769797981309,-152.325891841552));
#2805=IFCCARTESIANPOINT((14.8056340471085,-152.258929408796));
#2806=IFCCARTESIANPOINT((14.8333394118526,-152.191543323104));
#2807=IFCCARTESIANPOINT((14.8601816449373,-152.123804477451));
#2808=IFCCARTESIANPOINT((14.8861164426489,-152.055766445235));
#2809=IFCCARTESIANPOINT((14.9111881069839,-151.987375651661));
#2810=IFCCARTESIANPOINT((14.9352665965271,-151.918614790076));
#2811=IFCCARTESIANPOINT((14.958523397625,-151.849625630246));
#2812=IFCCARTESIANPOINT((14.9807870258519,-151.780266403919));
#2813=IFCCARTESIANPOINT((15.0021432219946,-151.710607994406));
#2814=IFCCARTESIANPOINT((15.0225919850636,-151.640650400601));
#2815=IFCCARTESIANPOINT((15.0420447293145,-151.570500788221));
#2816=IFCCARTESIANPOINT((15.0605900411902,-151.50005199248));
#2817=IFCCARTESIANPOINT((15.0781836253882,-151.429357593937));
#2818=IFCCARTESIANPOINT((15.0948254854593,-151.35841759562));
#2819=IFCCARTESIANPOINT((15.1105156175909,-151.287231994502));
#2820=IFCCARTESIANPOINT((15.125295471953,-151.215925258293));
#2821=IFCCARTESIANPOINT((15.1390793065948,-151.144426502695));
#2822=IFCCARTESIANPOINT((15.151997151348,-151.072753025335));
#2823=IFCCARTESIANPOINT((15.1638332389412,-151.000816648593));
#2824=IFCCARTESIANPOINT((15.1748447910359,-150.928830020945));
#2825=IFCCARTESIANPOINT((15.1848160192021,-150.856704947713));
#2826=IFCCARTESIANPOINT((15.1937912303547,-150.784387857711));
#2827=IFCCARTESIANPOINT((15.2018561652221,-150.7119496339));
#2828=IFCCARTESIANPOINT((15.208922228805,-150.639497434313));
#2829=IFCCARTESIANPOINT((15.2149922706012,-150.566853214172));
#2830=IFCCARTESIANPOINT((15.2201934838376,-150.494212325604));
#2831=IFCCARTESIANPOINT((15.2243100812484,-150.421486575331));
#2832=IFCCARTESIANPOINT((15.227602148545,-150.34871057875));
#2833=IFCCARTESIANPOINT((15.2297653071873,-150.275903303118));
#2834=IFCCARTESIANPOINT((15.2310596368916,-150.203099359001));
#2835=IFCCARTESIANPOINT((15.2313993931457,-150.130227860471));
#2836=IFCCARTESIANPOINT((15.2306959859561,-150.057395969518));
#2837=IFCCARTESIANPOINT((15.2289937090536,-149.984550104244));
#2838=IFCCARTESIANPOINT((15.2263783058443,-149.911761149473));
#2839=IFCCARTESIANPOINT((15.2227640377823,-149.83895822434));
#2840=IFCCARTESIANPOINT((15.2181923492462,-149.76626579155));
#2841=IFCCARTESIANPOINT((15.2127075360331,-149.693630270893));
#2842=IFCCARTESIANPOINT((15.2061352620076,-149.621087936801));
#2843=IFCCARTESIANPOINT((15.1987356095924,-149.548673402227));
#2844=IFCCARTESIANPOINT((15.1902927918418,-149.476298473775));
#2845=IFCCARTESIANPOINT((15.1808925549849,-149.404034038831));
#2846=IFCCARTESIANPOINT((15.1704906020314,-149.331933676673));
#2847=IFCCARTESIANPOINT((15.1592169761716,-149.260014695465));
#2848=IFCCARTESIANPOINT((15.1469001847727,-149.18813532003));
#2849=IFCCARTESIANPOINT((15.1336674213235,-149.116490903078));
#2850=IFCCARTESIANPOINT((15.119518688618,-149.045081447111));
#2851=IFCCARTESIANPOINT((15.1043682394375,-148.973836063349));
#2852=IFCCARTESIANPOINT((15.0882160770125,-148.902754754818));
#2853=IFCCARTESIANPOINT((15.0712336862925,-148.831979290233));
#2854=IFCCARTESIANPOINT((15.0532495808147,-148.761367899308));
#2855=IFCCARTESIANPOINT((15.0343052119715,-148.691045050917));
#2856=IFCCARTESIANPOINT((18.5655730407452,-157.846566931112));
#2857=IFCCARTESIANPOINT((20.7433556089818,-163.492847986869));
#2858=IFCCARTESIANPOINT((39.7047348664782,-210.202174058999));
#2859=IFCCARTESIANPOINT((39.9480133465549,-210.803612967662));
#2860=IFCCARTESIANPOINT((54.7909017255588,-247.368393256911));
#2861=IFCCARTESIANPOINT((7.30773013926228,-266.763852903445));
#2862=IFCCARTESIANPOINT((-44.3751332174579,-287.874512353912));
#2863=IFCCARTESIANPOINT((-58.2228560180811,-276.403607675864));
#2864=IFCCARTESIANPOINT((-110.531049476092,-148.313355596329));
#2865=IFCPOLYLINE((#2747,#2748,#2749,#2750,#2751,#2752,#2753,#2754,#2755,#2756,#2757,#2758,#2759,#2760,#2761,#2762,#2763,#2764,#2765,#2766,#2767,#2768,#2769,#2770,#2771,#2772,#2773,#2774,#2775,#2776,#2777,#2778,#2779,#2780,#2781,#2782,#2783,#2784,#2785,#2786,#2787,#2788,#2789,#2790,#2791,#2792,#2793,#2794,#2795,#2796,#2797,#2798,#2799,#2800,#2801,#2802,#2803,#2804,#2805,#2806,#2807,#2808,#2809,#2810,#2811,#2812,#2813,#2814,#2815,#2816,#2817,#2818,#2819,#2820,#2821,#2822,#2823,#2824,#2825,#2826,#2827,#2828,#2829,#2830,#2831,#2832,#2833,#2834,#2835,#2836,#2837,#2838,#2839,#2840,#2841,#2842,#2843,#2844,#2845,#2846,#2847,#2848,#2849,#2850,#2851,#2852,#2853,#2854,#2855,#2856,#2857,#2858,#2859,#2860,#2861,#2862,#2863,#2864));
#2866=IFCARBITRARYCLOSEDPROFILEDEF(.AREA.,$,#2865);
#2867=IFCEXTRUDEDAREASOLID(#2866,#2745,#2746,0.1);
#2868=IFCSHAPEREPRESENTATION(#11,'Body','SweptSolid',(#2867));
#2869=IFCPRODUCTDEFINITIONSHAPE($,$,(#2868));
#2870=IFCSLAB('26FXMuaqr8qQCHzTfM9VxE',#5,'NL.IMRO.0772.EP6392906787-00',$,$,#2741,#2869,$,.NOTDEFINED.);
#2871=IFCSTYLEDITEM(#2867,(#1753),$);
#2872=IFCPROPERTYSINGLEVALUE('plan_id',$,IFCTEXT('NL.IMRO.0772.80284-0301'),$);
#2873=IFCPROPERTYSINGLEVALUE('plan_naam',$,IFCTEXT('Strijp-S 2017'),$);
#2874=IFCPROPERTYSINGLEVALUE('id',$,IFCTEXT('NL.IMRO.0772.EP6392906787-00'),$);
#2875=IFCPROPERTYSINGLEVALUE('naam',$,IFCTEXT('Gemengd - Uit te werken'),$);
#2876=IFCPROPERTYSINGLEVALUE('bestemmingshoofdgroep',$,IFCTEXT('gemengd'),$);
#2877=IFCPROPERTYSINGLEVALUE('verwijzing_naar_tekst',$,IFCTEXT('https://www.ruimtelijkeplannen.nl/documents/NL.IMRO.0772.80284-0301/r_NL.IMRO.0772.80284-0301.html#_6_Gemengd-Uittewerken'),$);
#2878=IFCPROPERTYSINGLEVALUE('plan_dossierstatus',$,IFCTEXT('geheel onherroepelijk in werking'),$);
#2879=IFCPROPERTYSINGLEVALUE('plan_besluitnummer',$,IFCTEXT('17bst01754'),$);
#2880=IFCPROPERTYSINGLEVALUE('type_planobject',$,IFCTEXT('enkelbestemming'),$);
#2881=IFCPROPERTYSET('3PJ08HqvL1vPuhUiDeO8nV',#5,'CPset_DSO-Enkelbestemming',$,(#2872,#2873,#2874,#2875,#2876,#2877,#2878,#2879,#2880));
#2882=IFCRELDEFINESBYPROPERTIES('06m9Xyp_P4MBIrZUL7Jz_T',#5,$,$,(#2870),#2881);
#2883=IFCCARTESIANPOINT((0.,0.,-0.1));
#2884=IFCDIRECTION((0.,0.,1.));
#2885=IFCDIRECTION((1.,0.,0.));
#2886=IFCAXIS2PLACEMENT3D(#2883,#2884,#2885);
#2887=IFCLOCALPLACEMENT(#37,#2886);
#2888=IFCCARTESIANPOINT((0.,0.,0.));
#2889=IFCDIRECTION((0.,0.,1.));
#2890=IFCDIRECTION((1.,0.,0.));
#2891=IFCAXIS2PLACEMENT3D(#2888,#2889,#2890);
#2892=IFCDIRECTION((0.,0.,1.));
#2893=IFCCARTESIANPOINT((174.62715141839,-7.64431906765094));
#2894=IFCCARTESIANPOINT((175.184752050351,-9.98253880796256));
#2895=IFCCARTESIANPOINT((170.230887002981,-11.7210848801769));
#2896=IFCCARTESIANPOINT((161.785746958893,-15.148765007325));
#2897=IFCCARTESIANPOINT((90.6867493979225,-44.0104106154176));
#2898=IFCCARTESIANPOINT((28.5527991809649,-69.2336204481544));
#2899=IFCCARTESIANPOINT((3.61148565987241,-79.3575312822941));
#2900=IFCCARTESIANPOINT((3.55758164674626,-79.3790845687618));
#2901=IFCCARTESIANPOINT((3.50329889348359,-79.399873758608));
#2902=IFCCARTESIANPOINT((3.4488088892831,-79.4200406210148));
#2903=IFCCARTESIANPOINT((3.39402588838129,-79.4395142706344));
#2904=IFCCARTESIANPOINT((3.33907992663444,-79.4583120088209));
#2905=IFCCARTESIANPOINT((3.28384097249364,-79.4764165376546));
#2906=IFCCARTESIANPOINT((3.22835331587703,-79.4937742726761));
#2907=IFCCARTESIANPOINT((3.17274415088468,-79.5105805636267));
#2908=IFCCARTESIANPOINT((3.11680053843884,-79.526569175825));
#2909=IFCCARTESIANPOINT((3.06082400880405,-79.5418991846382));
#2910=IFCCARTESIANPOINT((3.00455448485445,-79.556535982294));
#2911=IFCCARTESIANPOINT((2.9481662940525,-79.5704432877828));
#2912=IFCCARTESIANPOINT((2.89152940161875,-79.5836038002162));
#2913=IFCCARTESIANPOINT((2.83481529881828,-79.596159290697));
#2914=IFCCARTESIANPOINT((2.77789678864065,-79.6079144075047));
#2915=IFCCARTESIANPOINT((2.72081531732692,-79.6189936126466));
#2916=IFCCARTESIANPOINT((2.66361518911435,-79.6293433337705));
#2917=IFCCARTESIANPOINT((2.60629639413673,-79.6389635624946));
#2918=IFCCARTESIANPOINT((2.5489003888506,-79.6479787694989));
#2919=IFCCARTESIANPOINT((2.49134426875389,-79.6561400207574));
#2920=IFCCARTESIANPOINT((2.43375523327268,-79.6636426700861));
#2921=IFCCARTESIANPOINT((2.3760032383143,-79.6704694090877));
#2922=IFCCARTESIANPOINT((2.31822116932017,-79.6764594979468));
#2923=IFCCARTESIANPOINT((2.26036188958096,-79.6818445647368));
#2924=IFCCARTESIANPOINT((2.20242824006709,-79.686446560896));
#2925=IFCCARTESIANPOINT((2.14442022200092,-79.6902654872974));
#2926=IFCCARTESIANPOINT((2.08637928761891,-79.6934258111869));
#2927=IFCCARTESIANPOINT((2.02834972957498,-79.6958739503752));
#2928=IFCCARTESIANPOINT((1.97020150607568,-79.6975925983279));
#2929=IFCCARTESIANPOINT((1.91210895773838,-79.6985454848618));
#2930=IFCCARTESIANPOINT((1.85402778568096,-79.6987861867528));
#2931=IFCCARTESIANPOINT((1.79591369154514,-79.6983682813589));
#2932=IFCCARTESIANPOINT((1.73776953146444,-79.6971137324581));
#2933=IFCCARTESIANPOINT((1.67972248463775,-79.69521787751));
#2934=IFCCARTESIANPOINT((1.62168681868934,-79.6926098418189));
#2935=IFCCARTESIANPOINT((1.56362107864697,-79.6891651559272));
#2936=IFCCARTESIANPOINT((1.50565245584585,-79.6850791673642));
#2937=IFCCARTESIANPOINT((1.44773951041861,-79.6802274191286));
#2938=IFCCARTESIANPOINT((1.38992368325125,-79.6747343690367));
#2939=IFCCARTESIANPOINT((1.33216352487216,-79.6684755522874));
#2940=IFCCARTESIANPOINT((1.27445904209162,-79.6614509746432));
#2941=IFCCARTESIANPOINT((1.21689597345539,-79.6537315156893));
#2942=IFCCARTESIANPOINT((1.15934427946922,-79.6452998709865));
#2943=IFCCARTESIANPOINT((1.10193400437129,-79.6361733489903));
#2944=IFCCARTESIANPOINT((1.04470943810884,-79.6262983655324));
#2945=IFCCARTESIANPOINT((0.98754054112942,-79.6156576161156));
#2946=IFCCARTESIANPOINT((0.930468768143328,-79.6043755694991));
#2947=IFCCARTESIANPOINT((0.873668450774858,-79.5924159481074));
#2948=IFCCARTESIANPOINT((0.816968096129131,-79.5796369794407));
#2949=IFCCARTESIANPOINT((0.760364863817813,-79.5662167122937));
#2950=IFCCARTESIANPOINT((0.704033085872652,-79.5521188695566));
#2951=IFCCARTESIANPOINT((0.647887019935297,-79.5372725681518));
#2952=IFCCARTESIANPOINT((0.591882368171355,-79.5217313857283));
#2953=IFCCARTESIANPOINT((0.536019134859089,-79.5054953259532));
#2954=IFCCARTESIANPOINT((0.480427352566039,-79.4885816878523));
#2955=IFCCARTESIANPOINT((0.425021283648675,-79.470919592306));
#2956=IFCCARTESIANPOINT((0.369886669883272,-79.4525799218682));
#2957=IFCCARTESIANPOINT((0.31497921506525,-79.4336162555846));
#2958=IFCCARTESIANPOINT((0.260343216534238,-79.4139750152244));
#2959=IFCCARTESIANPOINT((0.205892925994704,-79.393585313228));
#2960=IFCCARTESIANPOINT((0.151714092498878,-79.3725180379697));
#2961=IFCCARTESIANPOINT((0.0978067116229795,-79.350773185899));
#2962=IFCCARTESIANPOINT((0.0441707877034787,-79.3283507605083));
#2963=IFCCARTESIANPOINT((-0.00915223025367595,-79.3053752262495));
#2964=IFCCARTESIANPOINT((-0.0622452446259558,-79.2815976509009));
#2965=IFCCARTESIANPOINT((-0.114981059305137,-79.2572133854846));
#2966=IFCCARTESIANPOINT((-0.167445418977877,-79.2321515454678));
#2967=IFCCARTESIANPOINT((-0.219552578259027,-79.206483016198));
#2968=IFCCARTESIANPOINT((-0.271343990374589,-79.1800833297893));
#2969=IFCCARTESIANPOINT((-0.3228224995255,-79.1531305323006));
#2970=IFCCARTESIANPOINT((-0.373899506317684,-79.1255174713442));
#2971=IFCCARTESIANPOINT((-0.424705065815942,-79.0972268293845));
#2972=IFCCARTESIANPOINT((-0.475109126040479,-79.0682759215706));
#2973=IFCCARTESIANPOINT((-0.525200284522725,-79.0387719015707));
#2974=IFCCARTESIANPOINT((-0.574889948504278,-79.0086076119333));
#2975=IFCCARTESIANPOINT((-0.624092372279847,-78.9778539382387));
#2976=IFCCARTESIANPOINT((-0.673067638621433,-78.9464762678836));
#2977=IFCCARTESIANPOINT((-0.72155566434958,-78.9145092141698));
#2978=IFCCARTESIANPOINT((-0.769642196741188,-78.8818818895379));
#2979=IFCCARTESIANPOINT((-0.817371527722571,-78.8486478771665));
#2980=IFCCARTESIANPOINT((-0.864657914295094,-78.814878060075));
#2981=IFCCARTESIANPOINT((-0.911457065754803,-78.7805188551429));
#2982=IFCCARTESIANPOINT((-0.957899014523719,-78.7455529631698));
#2983=IFCCARTESIANPOINT((-1.0038537273067,-78.7099976841127));
#2984=IFCCARTESIANPOINT((-1.04945123821381,-78.6738357173745));
#2985=IFCCARTESIANPOINT((-1.09452006188803,-78.6372088298667));
#2986=IFCCARTESIANPOINT((-1.1391016470152,-78.5999925572542));
#2987=IFCCARTESIANPOINT((-1.1832817356626,-78.5621160170413));
#2988=IFCCARTESIANPOINT((-1.22697743197205,-78.5238281358615));
#2989=IFCCARTESIANPOINT((-1.27014159382088,-78.4848972906475));
#2990=IFCCARTESIANPOINT((-1.31277706881519,-78.4455015243147));
#2991=IFCCARTESIANPOINT((-1.35505534193362,-78.40549907065));
#2992=IFCCARTESIANPOINT((-1.39671918615932,-78.3651025785948));
#2993=IFCCARTESIANPOINT((-1.43798153233365,-78.3240458204527));
#2994=IFCCARTESIANPOINT((-1.47858515317785,-78.282541445049));
#2995=IFCCARTESIANPOINT((-1.51879012075369,-78.2405548489187));
#2996=IFCCARTESIANPOINT((-1.55842210983974,-78.1980497490731));
#2997=IFCCARTESIANPOINT((-1.59748111240333,-78.1550261523225));
#2998=IFCCARTESIANPOINT((-1.63601142683183,-78.1115376356174));
#2999=IFCCARTESIANPOINT((-2.20715050140279,-76.7034789511818));
#3000=IFCCARTESIANPOINT((-3.52642383085913,-73.453850030608));
#3001=IFCCARTESIANPOINT((-18.8311252306448,-35.7520565721788));
#3002=IFCCARTESIANPOINT((-18.8593237022578,-35.6817523244536));
#3003=IFCCARTESIANPOINT((-18.8868691418029,-35.6113565512351));
#3004=IFCCARTESIANPOINT((-18.913933030417,-35.5407274908503));
#3005=IFCCARTESIANPOINT((-18.9404710831295,-35.4698115558131));
#3006=IFCCARTESIANPOINT((-18.9663975494623,-35.3986796352547));
#3007=IFCCARTESIANPOINT((-18.9916709777608,-35.3274561941507));
#3008=IFCCARTESIANPOINT((-19.0165043159795,-35.2558749932214));
#3009=IFCCARTESIANPOINT((-19.0406403193774,-35.1841486942722));
#3010=IFCCARTESIANPOINT((-19.0642533292121,-35.1123135656817));
#3011=IFCCARTESIANPOINT((-19.0872547549952,-35.040262449882));
#3012=IFCCARTESIANPOINT((-19.1097303384158,-34.9679244648432));
#3013=IFCCARTESIANPOINT((-19.1315528860432,-34.8954949574545));
#3014=IFCCARTESIANPOINT((-19.1528081452416,-34.822903041495));
#3015=IFCCARTESIANPOINT((-19.1735818569432,-34.7500778356334));
#3016=IFCCARTESIANPOINT((-19.1936582400522,-34.6771075265133));
#3017=IFCCARTESIANPOINT((-19.213211625145,-34.6040283918264));
#3018=IFCCARTESIANPOINT((-19.2320676801319,-34.5308041552198));
#3019=IFCCARTESIANPOINT((-19.2504421918711,-34.4573466251604));
#3020=IFCCARTESIANPOINT((-19.2681636672933,-34.3837975733913));
#3021=IFCCARTESIANPOINT((-19.2853178506484,-34.3100861161365));
#3022=IFCCARTESIANPOINT((-19.3019047396374,-34.2362122551422));
#3023=IFCCARTESIANPOINT((-19.3178828929958,-34.1623004467692));
#3024=IFCCARTESIANPOINT((-19.333249459014,-34.088172653981));
#3025=IFCCARTESIANPOINT((-19.3480072824168,-34.0140069196932));
#3026=IFCCARTESIANPOINT((-19.3621535220009,-33.9396251980797));
#3027=IFCCARTESIANPOINT((-19.3758210616943,-33.8651882272097));
#3028=IFCCARTESIANPOINT((-19.388705521822,-33.7906770427944));
#3029=IFCCARTESIANPOINT((-19.4011527343246,-33.7159861438558));
#3030=IFCCARTESIANPOINT((-19.4128611627675,-33.6412746100104));
#3031=IFCCARTESIANPOINT((-19.4240023031307,-33.5664006674197));
#3032=IFCCARTESIANPOINT((-19.4346647379862,-33.4914714802871));
#3033=IFCCARTESIANPOINT((-19.4445440986601,-33.4164680750691));
#3034=IFCCARTESIANPOINT((-19.4539447580173,-33.341409422108));
#3035=IFCCARTESIANPOINT((-19.4626923813776,-33.2662592471461));
#3036=IFCCARTESIANPOINT((-19.4708727131656,-33.1909466663492));
#3037=IFCCARTESIANPOINT((-19.478402852983,-33.1157206070493));
#3038=IFCCARTESIANPOINT((-19.4853657037311,-33.0403321398771));
#3039=IFCCARTESIANPOINT((-19.4917198093317,-32.9649057334755));
#3040=IFCCARTESIANPOINT((-19.4973794301914,-32.8895122675458));
#3041=IFCCARTESIANPOINT((-19.5025160535879,-32.814009975642));
#3042=IFCCARTESIANPOINT((-19.5069996405218,-32.7384161623195));
#3043=IFCCARTESIANPOINT((-19.5109187803464,-32.6628379860776));
#3044=IFCCARTESIANPOINT((-19.5142291803204,-32.5872218662989));
#3045=IFCCARTESIANPOINT((-19.5168450905767,-32.5116386912414));
#3046=IFCCARTESIANPOINT((-19.5189822988759,-32.4360002687317));
#3047=IFCCARTESIANPOINT((-19.520380726055,-32.3603412089287));
#3048=IFCCARTESIANPOINT((-19.5213004515681,-32.284626901499));
#3049=IFCCARTESIANPOINT((-19.5215699848777,-32.2089991160319));
#3050=IFCCARTESIANPOINT((-19.5211864805024,-32.1332798097865));
#3051=IFCCARTESIANPOINT((-19.5201970765193,-32.0577006065287));
#3052=IFCCARTESIANPOINT((-19.5186403849802,-31.9819589942344));
#3053=IFCCARTESIANPOINT((-19.5164777919126,-31.9063574861502));
#3054=IFCCARTESIANPOINT((-19.5136207109026,-31.830788921332));
#3055=IFCCARTESIANPOINT((-19.5102406372025,-31.755111526465));
#3056=IFCCARTESIANPOINT((-19.5062546633708,-31.6795742348768));
#3057=IFCCARTESIANPOINT((-19.5015742016549,-31.6040698864963));
#3058=IFCCARTESIANPOINT((-19.4963292922184,-31.5285811757203));
#3059=IFCCARTESIANPOINT((-19.4905199308123,-31.453108106216));
#3060=IFCCARTESIANPOINT((-19.4840603827906,-31.3777215537848));
#3061=IFCCARTESIANPOINT((-19.4770363841671,-31.3023506411118));
#3062=IFCCARTESIANPOINT((-19.469362192438,-31.2270662510418));
#3063=IFCCARTESIANPOINT((-19.4610821008391,-31.1519219639595));
#3064=IFCCARTESIANPOINT((-19.4521932695934,-31.0767397328746));
#3065=IFCCARTESIANPOINT((-19.4427842844452,-31.0016267193132));
#3066=IFCCARTESIANPOINT((-19.4326393603405,-30.926671113295));
#3067=IFCCARTESIANPOINT((-19.4219742798305,-30.8517847269541));
#3068=IFCCARTESIANPOINT((-19.4107447540155,-30.7769139762386));
#3069=IFCCARTESIANPOINT((-19.3987792887201,-30.7022006332991));
#3070=IFCCARTESIANPOINT((-19.3862936692312,-30.6275565082906));
#3071=IFCCARTESIANPOINT((-19.3732021527539,-30.5530524836504));
#3072=IFCCARTESIANPOINT((-19.3595461863151,-30.4785640983609));
#3073=IFCCARTESIANPOINT((-19.3452428693708,-30.4043402799289));
#3074=IFCCARTESIANPOINT((-19.3303751063359,-30.3301320976461));
#3075=IFCCARTESIANPOINT((-19.3148571488273,-30.2560104386066));
#3076=IFCCARTESIANPOINT((-19.2987775871006,-30.182082460844));
#3077=IFCCARTESIANPOINT((-19.2821778725192,-30.1082236997318));
#3078=IFCCARTESIANPOINT((-19.2648865068913,-30.0345759306801));
#3079=IFCCARTESIANPOINT((-19.2469892487279,-29.9610682584462));
#3080=IFCCARTESIANPOINT((-19.2285718343046,-29.8876298054238));
#3081=IFCCARTESIANPOINT((-19.2095070701616,-29.8144559185021));
#3082=IFCCARTESIANPOINT((-19.1899221480417,-29.7413512521889));
#3083=IFCCARTESIANPOINT((-19.169645584625,-29.6684575700783));
#3084=IFCCARTESIANPOINT((-19.1488931611821,-29.5956866851775));
#3085=IFCCARTESIANPOINT((-19.1274490919313,-29.5231267880299));
#3086=IFCCARTESIANPOINT((-19.1055291624216,-29.4506896884996));
#3087=IFCCARTESIANPOINT((-19.0829175917315,-29.3784635726479));
#3088=IFCCARTESIANPOINT((-19.0598301571736,-29.3063602572656));
#3089=IFCCARTESIANPOINT((-19.0360953722557,-29.2345215082751));
#3090=IFCCARTESIANPOINT((-19.0117989818391,-29.1628764412017));
#3091=IFCCARTESIANPOINT((-18.986940985109,-29.0914250569185));
#3092=IFCCARTESIANPOINT((-18.9614770911867,-29.0201137726544));
#3093=IFCCARTESIANPOINT((-18.9354958847107,-28.9490497510415));
#3094=IFCCARTESIANPOINT((-18.9088673287188,-28.8782502951217));
#3095=IFCCARTESIANPOINT((-18.8817629103723,-28.8075736380997));
#3096=IFCCARTESIANPOINT((-18.8540111401526,-28.737161548459));
#3097=IFCCARTESIANPOINT((-18.8257420620939,-28.6669967175112));
#3098=IFCCARTESIANPOINT((-18.7969113742874,-28.5970255719149));
#3099=IFCCARTESIANPOINT((-18.7674333374889,-28.5273189911386));
#3100=IFCCARTESIANPOINT((-18.7374379874382,-28.4578596735955));
#3101=IFCCARTESIANPOINT((-18.0220782194228,-28.4432038308005));
#3102=IFCCARTESIANPOINT((-17.306665600132,-28.4279601689777));
#3103=IFCCARTESIANPOINT((-16.5912001283432,-28.4121286894078));
#3104=IFCCARTESIANPOINT((-15.8758561393479,-28.3957456653588));
#3105=IFCCARTESIANPOINT((-15.1604593009688,-28.3787748207687));
#3106=IFCCARTESIANPOINT((-14.4451839415415,-28.3612524348428));
#3107=IFCCARTESIANPOINT((-13.7297256968159,-28.3431595299626));
#3108=IFCCARTESIANPOINT((-13.0144746771257,-28.3244441986899));
#3109=IFCCARTESIANPOINT((-12.299085061386,-28.3052119321655));
#3110=IFCCARTESIANPOINT((-11.5838169266935,-28.2854281225591));
#3111=IFCCARTESIANPOINT((-10.8685373941262,-28.2649320273194));
#3112=IFCCARTESIANPOINT((-10.1532936023141,-28.2439552692813));
#3113=IFCCARTESIANPOINT((-9.43804125118186,-28.2224442734732));
#3114=IFCCARTESIANPOINT((-8.72282179491594,-28.2002745728241));
#3115=IFCCARTESIANPOINT((-8.00759378387011,-28.177570630738));
#3116=IFCCARTESIANPOINT((-7.29235721370787,-28.1543324503));
#3117=IFCCARTESIANPOINT((-6.57719783473294,-28.1304891432519));
#3118=IFCCARTESIANPOINT((-5.86207135231234,-28.105987130024));
#3119=IFCCARTESIANPOINT((-5.14698060366209,-28.0810044595855));
#3120=IFCCARTESIANPOINT((-4.43183700714144,-28.055433966394));
#3121=IFCCARTESIANPOINT((-3.71668485883856,-28.0293292288552));
#3122=IFCCARTESIANPOINT((-3.00160989267169,-28.0026193719241));
#3123=IFCCARTESIANPOINT((-2.28656782754115,-27.975250804855));
#3124=IFCCARTESIANPOINT((-1.5715614995861,-27.9474015774322));
#3125=IFCCARTESIANPOINT((-0.856502321636071,-27.918964529119));
#3126=IFCCARTESIANPOINT((-0.141520331322681,-27.8899223564658));
#3127=IFCCARTESIANPOINT((0.573384466464631,-27.8602750559803));
#3128=IFCCARTESIANPOINT((1.28838356482447,-27.8301643978339));
#3129=IFCCARTESIANPOINT((2.00321972669917,-27.7993777284282));
#3130=IFCCARTESIANPOINT((2.718150192959,-27.7681277046795));
#3131=IFCCARTESIANPOINT((3.43296201407793,-27.7361480871914));
#3132=IFCCARTESIANPOINT((4.14786813687533,-27.7037051129155));
#3133=IFCCARTESIANPOINT((4.86265277545317,-27.6707105926471));
#3134=IFCCARTESIANPOINT((5.57740451549762,-27.6370573636959));
#3135=IFCCARTESIANPOINT((6.29216481509502,-27.6028698963928));
#3136=IFCCARTESIANPOINT((7.00693366586347,-27.5681481836946));
#3137=IFCCARTESIANPOINT((7.7216696216783,-27.532767765224));
#3138=IFCCARTESIANPOINT((8.4362840904796,-27.4968357984326));
#3139=IFCCARTESIANPOINT((9.15090711682569,-27.4603695913684));
#3140=IFCCARTESIANPOINT((9.86558298795717,-27.4233155580005));
#3141=IFCCARTESIANPOINT((10.5801816702879,-27.3856563993613));
#3142=IFCCARTESIANPOINT((11.2946588670893,-27.3474456935073));
#3143=IFCCARTESIANPOINT((12.0091889103351,-27.3086471626884));
#3144=IFCCARTESIANPOINT((12.723727510951,-27.2693143911893));
#3145=IFCCARTESIANPOINT((13.4381889179058,-27.2293764903443));
#3146=IFCCARTESIANPOINT((14.1525731353031,-27.1888334634714));
#3147=IFCCARTESIANPOINT((14.866965905152,-27.1477561919019));
#3148=IFCCARTESIANPOINT((15.5813672312361,-27.1061446787207));
#3149=IFCCARTESIANPOINT((16.2956913615926,-27.0639280342148));
#3150=IFCCARTESIANPOINT((17.0099383018096,-27.0211062632152));
#3151=IFCCARTESIANPOINT((17.7241937965155,-26.9777502490906));
#3152=IFCCARTESIANPOINT((18.4384163933282,-26.9337355264579));
#3153=IFCCARTESIANPOINT((19.1526032496768,-26.88924014027));
#3154=IFCCARTESIANPOINT((19.8667986585351,-26.8442105090944));
#3155=IFCCARTESIANPOINT((20.5808754226018,-26.7984512842959));
#3156=IFCCARTESIANPOINT((21.2950021949073,-26.7522822823375));
#3157=IFCCARTESIANPOINT((22.008966026071,-26.7054372652783));
#3158=IFCCARTESIANPOINT((22.7229827049014,-26.6580044238362));
#3159=IFCCARTESIANPOINT((23.4369636451302,-26.6100909199449));
#3160=IFCCARTESIANPOINT((24.1509116830712,-26.5615187039948));
#3161=IFCCARTESIANPOINT((24.8648239840404,-26.5124658269924));
#3162=IFCCARTESIANPOINT((25.5785733420926,-26.4627369334921));
#3163=IFCCARTESIANPOINT((26.2924612926727,-26.4124910986284));
#3164=IFCCARTESIANPOINT((27.0062277591496,-26.3616937175393));
#3165=IFCCARTESIANPOINT((27.7199613264238,-26.3102376267198));
#3166=IFCCARTESIANPOINT((28.4336591503525,-26.2583008696674));
#3167=IFCCARTESIANPOINT((29.1472797807946,-26.2057589830947));
#3168=IFCCARTESIANPOINT((29.8608232197876,-26.1526119686896));
#3169=IFCCARTESIANPOINT((30.5744195035659,-26.0988771269913));
#3170=IFCCARTESIANPOINT((31.2878943018441,-26.0445907379035));
#3171=IFCCARTESIANPOINT((32.0013776500418,-25.989770101558));
#3172=IFCCARTESIANPOINT((32.714783807256,-25.9343443375546));
#3173=IFCCARTESIANPOINT((33.428198512207,-25.8783843243145));
#3174=IFCCARTESIANPOINT((34.1415360226238,-25.8218191806227));
#3175=IFCCARTESIANPOINT((34.8547963441524,-25.7646489111357));
#3176=IFCCARTESIANPOINT((35.5680652127485,-25.7069443917717));
#3177=IFCCARTESIANPOINT((36.2812125982309,-25.6486883270554));
#3178=IFCCARTESIANPOINT((36.9944128249481,-25.5898444319027));
#3179=IFCCARTESIANPOINT((37.7074915647681,-25.5304489883711));
#3180=IFCCARTESIANPOINT((38.4205374031735,-25.4703948328388));
#3181=IFCCARTESIANPOINT((39.1335475003871,-25.4098600128782));
#3182=IFCCARTESIANPOINT((39.8465246967098,-25.3486664813827));
#3183=IFCCARTESIANPOINT((40.5594661516079,-25.2869922851096));
#3184=IFCCARTESIANPOINT((41.272330408392,-25.2247129554162));
#3185=IFCCARTESIANPOINT((41.9851174700016,-25.161828494689));
#3186=IFCCARTESIANPOINT((42.6979130857799,-25.0984097898472));
#3187=IFCCARTESIANPOINT((43.4105872102955,-25.0344395329594));
#3188=IFCCARTESIANPOINT((44.1232284328435,-24.9698105636053));
#3189=IFCCARTESIANPOINT((44.8358339128608,-24.9047009286005));
#3190=IFCCARTESIANPOINT((45.5484064909397,-24.8389325811877));
#3191=IFCCARTESIANPOINT((46.2608575819759,-24.7726126853959));
#3192=IFCCARTESIANPOINT((46.9733172213018,-24.7057585402508));
#3193=IFCCARTESIANPOINT((47.6856996648421,-24.6382992638974));
#3194=IFCCARTESIANPOINT((48.3980463634653,-24.5703593198559));
#3195=IFCCARTESIANPOINT((49.1103601656796,-24.5017606677138));
#3196=IFCCARTESIANPOINT((49.8225524712179,-24.4326104593347));
#3197=IFCCARTESIANPOINT((50.5346675850742,-24.3628551229485));
#3198=IFCCARTESIANPOINT((51.2467912478314,-24.2925655377912));
#3199=IFCCARTESIANPOINT((51.9588377110194,-24.2216708181077));
#3200=IFCCARTESIANPOINT((75.1176127203507,-21.9225932718837));
#3201=IFCCARTESIANPOINT((79.4072291423799,-21.4971876451164));
#3202=IFCCARTESIANPOINT((88.3633401570551,-20.6081275579054));
#3203=IFCCARTESIANPOINT((107.409211084916,-18.7171867071884));
#3204=IFCCARTESIANPOINT((107.953583193099,-18.6628119749366));
#3205=IFCCARTESIANPOINT((108.497833804111,-18.6078857414541));
#3206=IFCCARTESIANPOINT((109.042092950665,-18.5524253018084));
#3207=IFCCARTESIANPOINT((109.586189139896,-18.4962888900773));
#3208=IFCCARTESIANPOINT((110.130293866241,-18.4396182735218));
#3209=IFCCARTESIANPOINT((110.674407130195,-18.3824134526076));
#3210=IFCCARTESIANPOINT((111.218313144782,-18.3245862427284));
#3211=IFCCARTESIANPOINT((111.76222769366,-18.2662248257548));
#3212=IFCCARTESIANPOINT((112.306065033219,-18.2072583209374));
#3213=IFCCARTESIANPOINT((112.849910911435,-18.1477576126927));
#3214=IFCCARTESIANPOINT((113.393679577013,-18.087651813752));
#3215=IFCCARTESIANPOINT((113.937326740328,-18.0269945096807));
#3216=IFCCARTESIANPOINT((114.480896695371,-17.9657321186387));
#3217=IFCCARTESIANPOINT((115.024389433063,-17.9038646331755));
#3218=IFCCARTESIANPOINT((115.567890713544,-17.8414629477193));
#3219=IFCCARTESIANPOINT((116.111270487512,-17.778509753407));
#3220=IFCCARTESIANPOINT((116.654617346387,-17.7148978899349));
#3221=IFCCARTESIANPOINT((117.19792844521,-17.6508054007427));
#3222=IFCCARTESIANPOINT((117.741118037753,-17.5861614030437));
#3223=IFCCARTESIANPOINT((118.284188969381,-17.5207878538058));
#3224=IFCCARTESIANPOINT((118.82730988905,-17.455004562973));
#3225=IFCCARTESIANPOINT((119.370267851395,-17.3885453005205));
#3226=IFCCARTESIANPOINT((119.913190056483,-17.3216054145014));
#3227=IFCCARTESIANPOINT((120.456079341617,-17.2540068553644));
#3228=IFCCARTESIANPOINT((120.998847123556,-17.1858567904565));
#3229=IFCCARTESIANPOINT((121.54149339968,-17.1171552175074));
#3230=IFCCARTESIANPOINT((122.084192505892,-17.047865857312));
#3231=IFCCARTESIANPOINT((122.626684358285,-16.9779541050666));
#3232=IFCCARTESIANPOINT((123.169184748811,-16.9075081489282));
#3233=IFCCARTESIANPOINT((123.711649378733,-16.8365815664874));
#3234=IFCCARTESIANPOINT((124.253951051302,-16.764979012718));
#3235=IFCCARTESIANPOINT((124.796175509953,-16.6927713675541));
#3236=IFCCARTESIANPOINT((125.33836421193,-16.6200830996386));
#3237=IFCCARTESIANPOINT((125.880475699349,-16.5467897396884));
#3238=IFCCARTESIANPOINT((126.422509978613,-16.4728912934661));
#3239=IFCCARTESIANPOINT((126.964422749763,-16.3984413375729));
#3240=IFCCARTESIANPOINT((127.506344055961,-16.3234571753419));
#3241=IFCCARTESIANPOINT((128.048188148532,-16.2478679219494));
#3242=IFCCARTESIANPOINT((128.589824992145,-16.1716562812217));
#3243=IFCCARTESIANPOINT((129.131470364024,-16.0949104283936));
#3244=IFCCARTESIANPOINT((129.672994233173,-16.0176130705513));
#3245=IFCCARTESIANPOINT((130.214526637952,-15.9397815067205));
#3246=IFCCARTESIANPOINT((130.755851789116,-15.8613275517127));
#3247=IFCCARTESIANPOINT((131.297229764401,-15.7822858043946));
#3248=IFCCARTESIANPOINT((131.838356196386,-15.7026752513484));
#3249=IFCCARTESIANPOINT((132.379491159954,-15.622530489054));
#3250=IFCCARTESIANPOINT((132.920548914844,-15.5417806401965));
#3251=IFCCARTESIANPOINT((133.461529453489,-15.460425698373));
#3252=IFCCARTESIANPOINT((134.002474230743,-15.3785901300726));
#3253=IFCCARTESIANPOINT((134.543211754935,-15.2961321714101));
#3254=IFCCARTESIANPOINT((135.083872067247,-15.2130691234488));
#3255=IFCCARTESIANPOINT((135.624496617849,-15.1295254487195));
#3256=IFCCARTESIANPOINT((136.165043954301,-15.0453766831779));
#3257=IFCCARTESIANPOINT((136.70551407864,-14.9606228281627));
#3258=IFCCARTESIANPOINT((137.245862695912,-14.8753174651065));
#3259=IFCCARTESIANPOINT((137.786089804169,-14.7894605922629));
#3260=IFCCARTESIANPOINT((138.326283994567,-14.7029450484551));
#3261=IFCCARTESIANPOINT((138.866312381404,-14.6159315764671));
#3262=IFCCARTESIANPOINT((139.406263555516,-14.5283130148309));
#3263=IFCCARTESIANPOINT((139.946178967366,-14.4402138261357));
#3264=IFCCARTESIANPOINT((140.485931418341,-14.3514386641909));
#3265=IFCCARTESIANPOINT((141.025692404859,-14.2621292964905));
#3266=IFCCARTESIANPOINT((141.565331879974,-14.1722684172564));
#3267=IFCCARTESIANPOINT((142.104764102056,-14.0817851482425));
#3268=IFCCARTESIANPOINT((142.644204853888,-13.9907676688745));
#3269=IFCCARTESIANPOINT((143.183524098858,-13.899198681931));
#3270=IFCCARTESIANPOINT((143.722721836326,-13.8070781867718));
#3271=IFCCARTESIANPOINT((144.261842359527,-13.7143526010332));
#3272=IFCCARTESIANPOINT((144.800885665085,-13.6210219218046));
#3273=IFCCARTESIANPOINT((145.339807464305,-13.5271397356992));
#3274=IFCCARTESIANPOINT((145.878693499457,-13.4327769213705));
#3275=IFCCARTESIANPOINT((146.41737228242,-13.337791718368));
#3276=IFCCARTESIANPOINT((146.955973847071,-13.2422014214098));
#3277=IFCCARTESIANPOINT((147.49449819827,-13.1460060347454));
#3278=IFCCARTESIANPOINT((148.032986786944,-13.0493300213129));
#3279=IFCCARTESIANPOINT((148.571268117026,-12.9520316142589));
#3280=IFCCARTESIANPOINT((149.109513686766,-12.8542525821831));
#3281=IFCCARTESIANPOINT((149.647596291703,-12.7557975742384));
#3282=IFCCARTESIANPOINT((150.185557390127,-12.6567910595913));
#3283=IFCCARTESIANPOINT((150.723527020076,-12.55725033622));
#3284=IFCCARTESIANPOINT((151.261289390997,-12.4570872191689));
#3285=IFCCARTESIANPOINT((151.799016000092,-12.3564434760483));
#3286=IFCCARTESIANPOINT((152.336535353708,-12.2551773421583));
#3287=IFCCARTESIANPOINT((152.874063235271,-12.1533769968082));
#3288=IFCCARTESIANPOINT((153.411383861239,-12.0509542606305));
#3289=IFCCARTESIANPOINT((153.948713018355,-11.9479973157286));
#3290=IFCCARTESIANPOINT((154.485876372462,-11.844542444509));
#3291=IFCCARTESIANPOINT((155.02287676229,-11.7404115983518));
#3292=IFCCARTESIANPOINT((155.559885680239,-11.6357465409092));
#3293=IFCCARTESIANPOINT((156.096643048135,-11.5305126747699));
#3294=IFCCARTESIANPOINT((156.633323200775,-11.4246737182839));
#3295=IFCCARTESIANPOINT((157.169967587426,-11.318354132527));
#3296=IFCCARTESIANPOINT((157.706404717697,-11.2114121558261));
#3297=IFCCARTESIANPOINT((158.242850378418,-11.1039359701099));
#3298=IFCCARTESIANPOINT((158.77908878107,-10.9958373922273));
#3299=IFCCARTESIANPOINT((159.315205670922,-10.8871873029275));
#3300=IFCCARTESIANPOINT((159.851286796416,-10.7780565863941));
#3301=IFCCARTESIANPOINT((160.387160669168,-10.6683034822927));
#3302=IFCCARTESIANPOINT((160.9229573177,-10.5579452802776));
#3303=IFCCARTESIANPOINT((174.62715141839,-7.64431906765094));
#3304=IFCPOLYLINE((#2893,#2894,#2895,#2896,#2897,#2898,#2899,#2900,#2901,#2902,#2903,#2904,#2905,#2906,#2907,#2908,#2909,#2910,#2911,#2912,#2913,#2914,#2915,#2916,#2917,#2918,#2919,#2920,#2921,#2922,#2923,#2924,#2925,#2926,#2927,#2928,#2929,#2930,#2931,#2932,#2933,#2934,#2935,#2936,#2937,#2938,#2939,#2940,#2941,#2942,#2943,#2944,#2945,#2946,#2947,#2948,#2949,#2950,#2951,#2952,#2953,#2954,#2955,#2956,#2957,#2958,#2959,#2960,#2961,#2962,#2963,#2964,#2965,#2966,#2967,#2968,#2969,#2970,#2971,#2972,#2973,#2974,#2975,#2976,#2977,#2978,#2979,#2980,#2981,#2982,#2983,#2984,#2985,#2986,#2987,#2988,#2989,#2990,#2991,#2992,#2993,#2994,#2995,#2996,#2997,#2998,#2999,#3000,#3001,#3002,#3003,#3004,#3005,#3006,#3007,#3008,#3009,#3010,#3011,#3012,#3013,#3014,#3015,#3016,#3017,#3018,#3019,#3020,#3021,#3022,#3023,#3024,#3025,#3026,#3027,#3028,#3029,#3030,#3031,#3032,#3033,#3034,#3035,#3036,#3037,#3038,#3039,#3040,#3041,#3042,#3043,#3044,#3045,#3046,#3047,#3048,#3049,#3050,#3051,#3052,#3053,#3054,#3055,#3056,#3057,#3058,#3059,#3060,#3061,#3062,#3063,#3064,#3065,#3066,#3067,#3068,#3069,#3070,#3071,#3072,#3073,#3074,#3075,#3076,#3077,#3078,#3079,#3080,#3081,#3082,#3083,#3084,#3085,#3086,#3087,#3088,#3089,#3090,#3091,#3092,#3093,#3094,#3095,#3096,#3097,#3098,#3099,#3100,#3101,#3102,#3103,#3104,#3105,#3106,#3107,#3108,#3109,#3110,#3111,#3112,#3113,#3114,#3115,#3116,#3117,#3118,#3119,#3120,#3121,#3122,#3123,#3124,#3125,#3126,#3127,#3128,#3129,#3130,#3131,#3132,#3133,#3134,#3135,#3136,#3137,#3138,#3139,#3140,#3141,#3142,#3143,#3144,#3145,#3146,#3147,#3148,#3149,#3150,#3151,#3152,#3153,#3154,#3155,#3156,#3157,#3158,#3159,#3160,#3161,#3162,#3163,#3164,#3165,#3166,#3167,#3168,#3169,#3170,#3171,#3172,#3173,#3174,#3175,#3176,#3177,#3178,#3179,#3180,#3181,#3182,#3183,#3184,#3185,#3186,#3187,#3188,#3189,#3190,#3191,#3192,#3193,#3194,#3195,#3196,#3197,#3198,#3199,#3200,#3201,#3202,#3203,#3204,#3205,#3206,#3207,#3208,#3209,#3210,#3211,#3212,#3213,#3214,#3215,#3216,#3217,#3218,#3219,#3220,#3221,#3222,#3223,#3224,#3225,#3226,#3227,#3228,#3229,#3230,#3231,#3232,#3233,#3234,#3235,#3236,#3237,#3238,#3239,#3240,#3241,#3242,#3243,#3244,#3245,#3246,#3247,#3248,#3249,#3250,#3251,#3252,#3253,#3254,#3255,#3256,#3257,#3258,#3259,#3260,#3261,#3262,#3263,#3264,#3265,#3266,#3267,#3268,#3269,#3270,#3271,#3272,#3273,#3274,#3275,#3276,#3277,#3278,#3279,#3280,#3281,#3282,#3283,#3284,#3285,#3286,#3287,#3288,#3289,#3290,#3291,#3292,#3293,#3294,#3295,#3296,#3297,#3298,#3299,#3300,#3301,#3302,#3303));
#3305=IFCCARTESIANPOINT((77.3187551491137,-25.6313926744624));
#3306=IFCCARTESIANPOINT((20.2556184397836,-48.7948511866271));
#3307=IFCCARTESIANPOINT((26.457623350987,-64.073846985586));
#3308=IFCCARTESIANPOINT((83.5594816543453,-41.0047627636814));
#3309=IFCCARTESIANPOINT((77.3187551491137,-25.6313926744624));
#3310=IFCPOLYLINE((#3305,#3306,#3307,#3308,#3309));
#3311=IFCARBITRARYPROFILEDEFWITHVOIDS(.AREA.,$,#3304,(#3310));
#3312=IFCEXTRUDEDAREASOLID(#3311,#2891,#2892,0.1);
#3313=IFCSHAPEREPRESENTATION(#11,'Body','SweptSolid',(#3312));
#3314=IFCPRODUCTDEFINITIONSHAPE($,$,(#3313));
#3315=IFCSLAB('0uFjkIxxLD092DWOUqnanV',#5,'NL.IMRO.0772.EP10385464235-00',$,$,#2887,#3314,$,.NOTDEFINED.);
#3316=IFCCOLOURRGB($,0.156862745098039,0.784313725490196,0.274509803921569);
#3317=IFCSURFACESTYLERENDERING(#3316,0.00392156862745097,$,$,$,$,$,$,.NOTDEFINED.);
#3318=IFCSURFACESTYLE($,.BOTH.,(#3317));
#3319=IFCPRESENTATIONSTYLEASSIGNMENT((#3318));
#3320=IFCSTYLEDITEM(#3312,(#3319),$);
#3321=IFCPROPERTYSINGLEVALUE('plan_id',$,IFCTEXT('NL.IMRO.0772.80284-0301'),$);
#3322=IFCPROPERTYSINGLEVALUE('plan_naam',$,IFCTEXT('Strijp-S 2017'),$);
#3323=IFCPROPERTYSINGLEVALUE('id',$,IFCTEXT('NL.IMRO.0772.EP10385464235-00'),$);
#3324=IFCPROPERTYSINGLEVALUE('naam',$,IFCTEXT('Groen'),$);
#3325=IFCPROPERTYSINGLEVALUE('bestemmingshoofdgroep',$,IFCTEXT('groen'),$);
#3326=IFCPROPERTYSINGLEVALUE('verwijzing_naar_tekst',$,IFCTEXT('https://www.ruimtelijkeplannen.nl/documents/NL.IMRO.0772.80284-0301/r_NL.IMRO.0772.80284-0301.html#_7_Groen'),$);
#3327=IFCPROPERTYSINGLEVALUE('plan_dossierstatus',$,IFCTEXT('geheel onherroepelijk in werking'),$);
#3328=IFCPROPERTYSINGLEVALUE('plan_besluitnummer',$,IFCTEXT('17bst01754'),$);
#3329=IFCPROPERTYSINGLEVALUE('type_planobject',$,IFCTEXT('enkelbestemming'),$);
#3330=IFCPROPERTYSET('2m7Aod6aT6Gu2YzE7EQNLO',#5,'CPset_DSO-Enkelbestemming',$,(#3321,#3322,#3323,#3324,#3325,#3326,#3327,#3328,#3329));
#3331=IFCRELDEFINESBYPROPERTIES('1ukLEPJ2TCvPXSLYgd3ZM_',#5,$,$,(#3315),#3330);
#3332=IFCCARTESIANPOINT((0.,0.,-0.1));
#3333=IFCDIRECTION((0.,0.,1.));
#3334=IFCDIRECTION((1.,0.,0.));
#3335=IFCAXIS2PLACEMENT3D(#3332,#3333,#3334);
#3336=IFCLOCALPLACEMENT(#37,#3335);
#3337=IFCCARTESIANPOINT((0.,0.,0.));
#3338=IFCDIRECTION((0.,0.,1.));
#3339=IFCDIRECTION((1.,0.,0.));
#3340=IFCAXIS2PLACEMENT3D(#3337,#3338,#3339);
#3341=IFCDIRECTION((0.,0.,1.));
#3342=IFCCARTESIANPOINT((77.3187551491137,-25.6313926744624));
#3343=IFCCARTESIANPOINT((83.5594816543453,-41.0047627636814));
#3344=IFCCARTESIANPOINT((26.457623350987,-64.073846985586));
#3345=IFCCARTESIANPOINT((20.2556184397836,-48.7948511866271));
#3346=IFCCARTESIANPOINT((77.3187551491137,-25.6313926744624));
#3347=IFCPOLYLINE((#3342,#3343,#3344,#3345,#3346));
#3348=IFCARBITRARYCLOSEDPROFILEDEF(.AREA.,$,#3347);
#3349=IFCEXTRUDEDAREASOLID(#3348,#3340,#3341,0.1);
#3350=IFCSHAPEREPRESENTATION(#11,'Body','SweptSolid',(#3349));
#3351=IFCPRODUCTDEFINITIONSHAPE($,$,(#3350));
#3352=IFCSLAB('10YiD_jTf66Rej2ZlX98F0',#5,'NL.IMRO.0772.EP4392906781-00',$,$,#3336,#3351,$,.NOTDEFINED.);
#3353=IFCSTYLEDITEM(#3349,(#1753),$);
#3354=IFCPROPERTYSINGLEVALUE('plan_id',$,IFCTEXT('NL.IMRO.0772.80284-0301'),$);
#3355=IFCPROPERTYSINGLEVALUE('plan_naam',$,IFCTEXT('Strijp-S 2017'),$);
#3356=IFCPROPERTYSINGLEVALUE('id',$,IFCTEXT('NL.IMRO.0772.EP4392906781-00'),$);
#3357=IFCPROPERTYSINGLEVALUE('naam',$,IFCTEXT('Gemengd - 2'),$);
#3358=IFCPROPERTYSINGLEVALUE('bestemmingshoofdgroep',$,IFCTEXT('gemengd'),$);
#3359=IFCPROPERTYSINGLEVALUE('verwijzing_naar_tekst',$,IFCTEXT('https://www.ruimtelijkeplannen.nl/documents/NL.IMRO.0772.80284-0301/r_NL.IMRO.0772.80284-0301.html#_4_Gemengd-2'),$);
#3360=IFCPROPERTYSINGLEVALUE('plan_dossierstatus',$,IFCTEXT('geheel onherroepelijk in werking'),$);
#3361=IFCPROPERTYSINGLEVALUE('plan_besluitnummer',$,IFCTEXT('17bst01754'),$);
#3362=IFCPROPERTYSINGLEVALUE('type_planobject',$,IFCTEXT('enkelbestemming'),$);
#3363=IFCPROPERTYSET('20xUTKDcX4h9PIFOYbifJ0',#5,'CPset_DSO-Enkelbestemming',$,(#3354,#3355,#3356,#3357,#3358,#3359,#3360,#3361,#3362));
#3364=IFCRELDEFINESBYPROPERTIES('3pV_2Cduz6OOOe9u8Y9fVl',#5,$,$,(#3352),#3363);
#3365=IFCCARTESIANPOINT((0.,0.,-0.1));
#3366=IFCDIRECTION((0.,0.,1.));
#3367=IFCDIRECTION((1.,0.,0.));
#3368=IFCAXIS2PLACEMENT3D(#3365,#3366,#3367);
#3369=IFCLOCALPLACEMENT(#37,#3368);
#3370=IFCCARTESIANPOINT((0.,0.,0.));
#3371=IFCDIRECTION((0.,0.,1.));
#3372=IFCDIRECTION((1.,0.,0.));
#3373=IFCAXIS2PLACEMENT3D(#3370,#3371,#3372);
#3374=IFCDIRECTION((0.,0.,1.));
#3375=IFCCARTESIANPOINT((-25.3893896050577,-175.63535749662));
#3376=IFCCARTESIANPOINT((-26.7755450273689,-176.394692446687));
#3377=IFCCARTESIANPOINT((-42.7062241899548,-182.872368396202));
#3378=IFCCARTESIANPOINT((-49.9194751744217,-165.135077349027));
#3379=IFCCARTESIANPOINT((-64.3898460620258,-129.550228661916));
#3380=IFCCARTESIANPOINT((-67.2985998096119,-130.733714352071));
#3381=IFCCARTESIANPOINT((-87.6943490064004,-139.027619528468));
#3382=IFCCARTESIANPOINT((-108.08948435224,-147.320665827312));
#3383=IFCCARTESIANPOINT((-110.531049476092,-148.313355596329));
#3384=IFCCARTESIANPOINT((-114.257531780546,-139.189615807554));
#3385=IFCCARTESIANPOINT((-116.259038883931,-134.286638118618));
#3386=IFCCARTESIANPOINT((-114.456212019781,-133.555671414884));
#3387=IFCCARTESIANPOINT((-108.85421531499,-131.284085502266));
#3388=IFCCARTESIANPOINT((-104.247679832712,-129.416221619234));
#3389=IFCCARTESIANPOINT((-72.0522933280736,-116.341514122265));
#3390=IFCCARTESIANPOINT((-68.2093361712468,-114.776172824262));
#3391=IFCCARTESIANPOINT((-66.40564126143,-114.031560525589));
#3392=IFCCARTESIANPOINT((-58.9574973932758,-111.014218183002));
#3393=IFCCARTESIANPOINT((-39.8479686369828,-103.241736766591));
#3394=IFCCARTESIANPOINT((-34.2261321232945,-100.954067122017));
#3395=IFCCARTESIANPOINT((-12.2892307210714,-92.0553238305147));
#3396=IFCCARTESIANPOINT((-12.2321996202809,-92.0392422738369));
#3397=IFCCARTESIANPOINT((-12.174964112899,-92.0239610912977));
#3398=IFCCARTESIANPOINT((-12.1175684954796,-92.0095338615938));
#3399=IFCCARTESIANPOINT((-12.0598827319627,-91.9959778872435));
#3400=IFCCARTESIANPOINT((-12.0019925599627,-91.9832222886034));
#3401=IFCCARTESIANPOINT((-11.9439422774885,-91.9713206432643));
#3402=IFCCARTESIANPOINT((-11.8858176300128,-91.9602020650054));
#3403=IFCCARTESIANPOINT((-11.827447127027,-91.9500083255698));
#3404=IFCCARTESIANPOINT((-11.7690022578754,-91.9405976543203));
#3405=IFCCARTESIANPOINT((-11.7103972781042,-91.93204093643));
#3406=IFCCARTESIANPOINT((-11.6516321885283,-91.9243381710839));
#3407=IFCCARTESIANPOINT((-11.5927512850321,-91.9175429375609));
#3408=IFCCARTESIANPOINT((-11.5338403077621,-91.9115843544714));
#3409=IFCCARTESIANPOINT((-11.4748549633368,-91.9064088400919));
#3410=IFCCARTESIANPOINT((-11.4157538077852,-91.9021408553817));
#3411=IFCCARTESIANPOINT((-11.3566225758987,-91.8987095230259));
#3412=IFCCARTESIANPOINT((-11.2974612741673,-91.8961148376693));
#3413=IFCCARTESIANPOINT((-11.2382284531777,-91.8944812644622));
#3414=IFCCARTESIANPOINT((-11.179051303392,-91.8936134558171));
#3415=IFCCARTESIANPOINT((-11.1197583364847,-91.8936531816726));
#3416=IFCCARTESIANPOINT((-11.0605653387029,-91.8945122497389));
#3417=IFCCARTESIANPOINT((-11.0013422689808,-91.8962079666089));
#3418=IFCCARTESIANPOINT((-10.9421334240178,-91.8987939108629));
#3419=IFCCARTESIANPOINT((-10.8830245475692,-91.9021991977934));
#3420=IFCCARTESIANPOINT((-10.8239298905537,-91.9064947165316));
#3421=IFCCARTESIANPOINT((-10.7649794961035,-91.9116631587385));
#3422=IFCCARTESIANPOINT((-10.7059990337875,-91.9176682464895));
#3423=IFCCARTESIANPOINT((-10.6471628299914,-91.9245462610852));
#3424=IFCCARTESIANPOINT((-10.5884265954373,-91.9322436180082));
#3425=IFCCARTESIANPOINT((-10.5298346242344,-91.9408138978179));
#3426=IFCCARTESIANPOINT((-10.4713426159869,-91.9502035249607));
#3427=IFCCARTESIANPOINT((-10.4129948754853,-91.9604660715559));
#3428=IFCCARTESIANPOINT((-10.3548328451288,-91.9714770783321));
#3429=IFCCARTESIANPOINT((-10.2967736273422,-91.9834854743094));
#3430=IFCCARTESIANPOINT((-10.2389858654642,-91.9961714440142));
#3431=IFCCARTESIANPOINT((-10.1813009159814,-92.0098548032111));
#3432=IFCCARTESIANPOINT((-10.1238874247356,-92.0242157344474));
#3433=IFCCARTESIANPOINT((-10.0666624892328,-92.0395031710505));
#3434=IFCCARTESIANPOINT((-10.0096675606619,-92.055592646182));
#3435=IFCCARTESIANPOINT((-9.95281689360854,-92.0725550461793));
#3436=IFCCARTESIANPOINT((-9.89632627161336,-92.0903021807317));
#3437=IFCCARTESIANPOINT((-9.84006565823802,-92.108851352823));
#3438=IFCCARTESIANPOINT((-9.78416509003728,-92.1281852594693));
#3439=IFCCARTESIANPOINT((-9.72840878323768,-92.1483920909232));
#3440=IFCCARTESIANPOINT((-9.67301252609468,-92.1693836534978));
#3441=IFCCARTESIANPOINT((-9.61797631133231,-92.1911599530722));
#3442=IFCCARTESIANPOINT((-9.56317010600469,-92.2137382894289));
#3443=IFCCARTESIANPOINT((-9.50872394291218,-92.2371013631928));
#3444=IFCCARTESIANPOINT((-9.45463783029118,-92.261249167379));
#3445=IFCCARTESIANPOINT((-9.40091176106944,-92.2861817078083));
#3446=IFCCARTESIANPOINT((-9.34754573804094,-92.3118989824434));
#3447=IFCCARTESIANPOINT((-9.29462550423341,-92.3383301071008));
#3448=IFCCARTESIANPOINT((-9.24197957359138,-92.3656168498565));
#3449=IFCCARTESIANPOINT((-9.18977943385835,-92.3936174413539));
#3450=IFCCARTESIANPOINT((-9.13802508387016,-92.4223318827571));
#3451=IFCCARTESIANPOINT((-9.08663078013342,-92.4518310582498));
#3452=IFCCARTESIANPOINT((-9.03572656254983,-92.4820976625779));
#3453=IFCCARTESIANPOINT((-8.98526813220815,-92.5130781187327));
#3454=IFCCARTESIANPOINT((-8.93521120303194,-92.5447188396938));
#3455=IFCCARTESIANPOINT((-8.88555861220811,-92.5771978772245));
#3456=IFCCARTESIANPOINT((-8.83648184940103,-92.6103734606877));
#3457=IFCCARTESIANPOINT((-8.7879366253328,-92.644192005333));
#3458=IFCCARTESIANPOINT((-8.73983718644013,-92.6787244037841));
#3459=IFCCARTESIANPOINT((-8.69218354381155,-92.7139706469025));
#3460=IFCCARTESIANPOINT((-8.64506143334438,-92.7498598567909));
#3461=IFCCARTESIANPOINT((-8.59851515531773,-92.7864456089446));
#3462=IFCCARTESIANPOINT((-8.55245896140696,-92.8237987920293));
#3463=IFCCARTESIANPOINT((-8.50697575494996,-92.8616704719025));
#3464=IFCCARTESIANPOINT((-8.46206837220234,-92.9002387014334));
#3465=IFCCARTESIANPOINT((-8.41760678563151,-92.9395207760972));
#3466=IFCCARTESIANPOINT((-8.37389251662535,-92.9793576259981));
#3467=IFCCARTESIANPOINT((-8.3306240378588,-93.0199083260377));
#3468=IFCCARTESIANPOINT((-8.28797284211032,-93.0610311027267));
#3469=IFCCARTESIANPOINT((-8.24598321664962,-93.1027795422706));
#3470=IFCCARTESIANPOINT((-8.20456657881732,-93.1450464787195));
#3471=IFCCARTESIANPOINT((-8.16372577115544,-93.1880099598202));
#3472=IFCCARTESIANPOINT((-8.12354653922375,-93.2315990995849));
#3473=IFCCARTESIANPOINT((-8.08402603343711,-93.2756358560291));
#3474=IFCCARTESIANPOINT((-8.04516710509779,-93.3202982697985));
#3475=IFCCARTESIANPOINT((-8.00692545846687,-93.3655327615561));
#3476=IFCCARTESIANPOINT((-7.9693010916526,-93.4113393326988));
#3477=IFCCARTESIANPOINT((-7.9323797467805,-93.4576471001492));
#3478=IFCCARTESIANPOINT((-7.89607568256906,-93.504526946519));
#3479=IFCCARTESIANPOINT((-7.86056038973038,-93.5518370998907));
#3480=IFCCARTESIANPOINT((-7.82566237531137,-93.5997193341027));
#3481=IFCCARTESIANPOINT((-7.79146738772397,-93.6481027607224));
#3482=IFCCARTESIANPOINT((-7.75797542315559,-93.6969873828348));
#3483=IFCCARTESIANPOINT((-7.72527222658391,-93.7463023150922));
#3484=IFCCARTESIANPOINT((-7.69314201796078,-93.796135744371));
#3485=IFCCARTESIANPOINT((-7.66180057855672,-93.8463994826307));
#3486=IFCCARTESIANPOINT((-7.63124790872098,-93.897093529813));
#3487=IFCCARTESIANPOINT((-7.60139826117666,-93.9482887732447));
#3488=IFCCARTESIANPOINT((-7.57229309013928,-93.9998607439338));
#3489=IFCCARTESIANPOINT((-7.54393239421188,-94.0518094431027));
#3490=IFCCARTESIANPOINT((-7.51627472628024,-94.1042593338643));
#3491=IFCCARTESIANPOINT((-7.48949156762683,-94.1570686523919));
#3492=IFCCARTESIANPOINT((-7.4633228474122,-94.2102720020921));
#3493=IFCCARTESIANPOINT((-7.43802864014287,-94.2638347765896));
#3494=IFCCARTESIANPOINT((-7.41356465301942,-94.3177033940447));
#3495=IFCCARTESIANPOINT((-7.26579694854445,-94.688090624637));
#3496=IFCCARTESIANPOINT((-7.1515752383566,-94.9749122186913));
#3497=IFCCARTESIANPOINT((-5.66360869738855,-98.7279727694695));
#3498=IFCCARTESIANPOINT((-1.60392124863574,-108.965242104256));
#3499=IFCCARTESIANPOINT((0.300138492806582,-113.405781482637));
#3500=IFCCARTESIANPOINT((0.814233300945489,-114.743153096933));
#3501=IFCCARTESIANPOINT((6.40092864041799,-128.51390012115));
#3502=IFCCARTESIANPOINT((11.0028055910079,-139.767829166551));
#3503=IFCCARTESIANPOINT((14.3837400046468,-147.125023444474));
#3504=IFCCARTESIANPOINT((15.0343052119715,-148.691045050917));
#3505=IFCCARTESIANPOINT((15.0532495808147,-148.761367899308));
#3506=IFCCARTESIANPOINT((15.0712336862925,-148.831979290233));
#3507=IFCCARTESIANPOINT((15.0882160770125,-148.902754754818));
#3508=IFCCARTESIANPOINT((15.1043682394375,-148.973836063349));
#3509=IFCCARTESIANPOINT((15.119518688618,-149.045081447111));
#3510=IFCCARTESIANPOINT((15.1336674213235,-149.116490903078));
#3511=IFCCARTESIANPOINT((15.1469001847727,-149.18813532003));
#3512=IFCCARTESIANPOINT((15.1592612717941,-149.259961114964));
#3513=IFCCARTESIANPOINT((15.1705348973628,-149.331880095939));
#3514=IFCCARTESIANPOINT((15.1808925549849,-149.404034038831));
#3515=IFCCARTESIANPOINT((15.1903370874643,-149.476244893216));
#3516=IFCCARTESIANPOINT((15.1987799052149,-149.548619821726));
#3517=IFCCARTESIANPOINT((15.206265302666,-149.621105242812));
#3518=IFCCARTESIANPOINT((15.2127075360331,-149.693630270893));
#3519=IFCCARTESIANPOINT((15.2183223876928,-149.766283095756));
#3520=IFCCARTESIANPOINT((15.2228497827891,-149.839029110793));
#3521=IFCCARTESIANPOINT((15.2264226013795,-149.911707568972));
#3522=IFCCARTESIANPOINT((15.2291237476165,-149.98456740845));
#3523=IFCCARTESIANPOINT((15.2306959859561,-150.057395969518));
#3524=IFCCARTESIANPOINT((15.2313993931457,-150.130227860471));
#3525=IFCCARTESIANPOINT((15.2311039324559,-150.2030457785));
#3526=IFCCARTESIANPOINT((15.229895345663,-150.275920607324));
#3527=IFCCARTESIANPOINT((15.227602148545,-150.34871057875));
#3528=IFCCARTESIANPOINT((15.224440119986,-150.421503879828));
#3529=IFCCARTESIANPOINT((15.2202792285825,-150.494283211941));
#3530=IFCCARTESIANPOINT((15.215122309135,-150.56687051832));
#3531=IFCCARTESIANPOINT((15.209052266815,-150.639514738054));
#3532=IFCCARTESIANPOINT((15.2019419083081,-150.712020518782));
#3533=IFCCARTESIANPOINT((15.1939212712168,-150.784405163897));
#3534=IFCCARTESIANPOINT((15.1848603148246,-150.856651367212));
#3535=IFCCARTESIANPOINT((15.1748447910359,-150.928830020945));
#3536=IFCCARTESIANPOINT((15.1639632770966,-151.000833952508));
#3537=IFCCARTESIANPOINT((15.1520414469705,-151.072699444776));
#3538=IFCCARTESIANPOINT((15.1392093448085,-151.144443806668));
#3539=IFCCARTESIANPOINT((15.1254255125823,-151.215942564188));
#3540=IFCCARTESIANPOINT((15.1106013629178,-151.287302881246));
#3541=IFCCARTESIANPOINT((15.0949555238185,-151.358434899885));
#3542=IFCCARTESIANPOINT((15.0783136660175,-151.42937489989));
#3543=IFCCARTESIANPOINT((15.0606343367544,-151.49999841192));
#3544=IFCCARTESIANPOINT((15.042089024937,-151.57044720772));
#3545=IFCCARTESIANPOINT((15.0226777300995,-151.640721287113));
#3546=IFCCARTESIANPOINT((15.0022732604702,-151.710625298496));
#3547=IFCCARTESIANPOINT((14.9809170662484,-151.780283709697));
#3548=IFCCARTESIANPOINT((14.9585676932766,-151.849572049687));
#3549=IFCCARTESIANPOINT((14.9353966351191,-151.918632094166));
#3550=IFCCARTESIANPOINT((14.9112738509721,-151.987446537241));
#3551=IFCCARTESIANPOINT((14.8862464835693,-152.055783751421));
#3552=IFCCARTESIANPOINT((14.8602673897112,-152.123875363672));
#3553=IFCCARTESIANPOINT((14.8334251568303,-152.191614209733));
#3554=IFCCARTESIANPOINT((14.8057197902526,-152.259000293736));
#3555=IFCCARTESIANPOINT((14.7770655431959,-152.325962728064));
#3556=IFCCARTESIANPOINT((14.7475481620932,-152.392572400044));
#3557=IFCCARTESIANPOINT((14.7170818992017,-152.458758421126));
#3558=IFCCARTESIANPOINT((14.685796797392,-152.524538099009));
#3559=IFCCARTESIANPOINT((14.6536071095907,-152.589840545203));
#3560=IFCCARTESIANPOINT((14.6205542869284,-152.654790228466));
#3561=IFCCARTESIANPOINT((14.5866411788156,-152.719209103612));
#3562=IFCCARTESIANPOINT((14.5518649319711,-152.783275212219));
#3563=IFCCARTESIANPOINT((14.5162283989484,-152.846810512361));
#3564=IFCCARTESIANPOINT((14.4798173173331,-152.90988588403));
#3565=IFCCARTESIANPOINT((14.4425016555761,-152.972484028607));
#3566=IFCCARTESIANPOINT((14.4043700004986,-153.034497781657));
#3567=IFCCARTESIANPOINT((14.3654195047275,-153.096105189528));
#3568=IFCCARTESIANPOINT((14.3256530146173,-153.157128204766));
#3569=IFCCARTESIANPOINT((14.2850262357097,-153.217620408628));
#3570=IFCCARTESIANPOINT((14.2436692073825,-153.277599106368));
#3571=IFCCARTESIANPOINT((14.2014961886744,-153.336993414501));
#3572=IFCCARTESIANPOINT((14.158507175307,-153.395803329651));
#3573=IFCCARTESIANPOINT((14.1147464631649,-153.453975271143));
#3574=IFCCARTESIANPOINT((14.0702112083964,-153.511687288643));
#3575=IFCCARTESIANPOINT((14.024948549777,-153.568707751518));
#3576=IFCCARTESIANPOINT((13.9788699005439,-153.625143824553));
#3577=IFCCARTESIANPOINT((13.9321052962623,-153.68101280916));
#3578=IFCCARTESIANPOINT((13.8845689920126,-153.736243819119));
#3579=IFCCARTESIANPOINT((13.8363052896166,-153.790783278935));
#3580=IFCCARTESIANPOINT((13.787269888533,-153.844684764917));
#3581=IFCCARTESIANPOINT((13.7375928310212,-153.897965584474));
#3582=IFCCARTESIANPOINT((13.6871026278823,-153.950483965047));
#3583=IFCCARTESIANPOINT((13.6360565090145,-154.002452562097));
#3584=IFCCARTESIANPOINT((13.5842415404913,-154.053605139896));
#3585=IFCCARTESIANPOINT((13.5317849110288,-154.10413704731));
#3586=IFCCARTESIANPOINT((13.4786008829251,-154.153977403825));
#3587=IFCCARTESIANPOINT((13.424863788212,-154.203089931281));
#3588=IFCCARTESIANPOINT((13.3703135497344,-154.251440020977));
#3589=IFCCARTESIANPOINT((13.3152959835425,-154.299133163237));
#3590=IFCCARTESIANPOINT((13.2595095709257,-154.346010288573));
#3591=IFCCARTESIANPOINT((13.2031700919324,-154.392159584851));
#3592=IFCCARTESIANPOINT((13.1462332477968,-154.437634630071));
#3593=IFCCARTESIANPOINT((13.0886575924524,-154.482310959662));
#3594=IFCCARTESIANPOINT((13.0304874258873,-154.526134996966));
#3595=IFCCARTESIANPOINT((12.9717641883472,-154.569231201254));
#3596=IFCCARTESIANPOINT((12.9124021459429,-154.611528695154));
#3597=IFCCARTESIANPOINT((12.8526170722616,-154.653115661291));
#3598=IFCCARTESIANPOINT((12.7921517402574,-154.693779446476));
#3599=IFCCARTESIANPOINT((12.7311776379647,-154.733661822276));
#3600=IFCCARTESIANPOINT((12.6697390600166,-154.772709207144));
#3601=IFCCARTESIANPOINT((12.6077474138001,-154.811028760916));
#3602=IFCCARTESIANPOINT((12.5453355894424,-154.848459745001));
#3603=IFCCARTESIANPOINT((12.4823292501096,-154.885038433189));
#3604=IFCCARTESIANPOINT((-25.3893896050577,-175.63535749662));
#3605=IFCPOLYLINE((#3375,#3376,#3377,#3378,#3379,#3380,#3381,#3382,#3383,#3384,#3385,#3386,#3387,#3388,#3389,#3390,#3391,#3392,#3393,#3394,#3395,#3396,#3397,#3398,#3399,#3400,#3401,#3402,#3403,#3404,#3405,#3406,#3407,#3408,#3409,#3410,#3411,#3412,#3413,#3414,#3415,#3416,#3417,#3418,#3419,#3420,#3421,#3422,#3423,#3424,#3425,#3426,#3427,#3428,#3429,#3430,#3431,#3432,#3433,#3434,#3435,#3436,#3437,#3438,#3439,#3440,#3441,#3442,#3443,#3444,#3445,#3446,#3447,#3448,#3449,#3450,#3451,#3452,#3453,#3454,#3455,#3456,#3457,#3458,#3459,#3460,#3461,#3462,#3463,#3464,#3465,#3466,#3467,#3468,#3469,#3470,#3471,#3472,#3473,#3474,#3475,#3476,#3477,#3478,#3479,#3480,#3481,#3482,#3483,#3484,#3485,#3486,#3487,#3488,#3489,#3490,#3491,#3492,#3493,#3494,#3495,#3496,#3497,#3498,#3499,#3500,#3501,#3502,#3503,#3504,#3505,#3506,#3507,#3508,#3509,#3510,#3511,#3512,#3513,#3514,#3515,#3516,#3517,#3518,#3519,#3520,#3521,#3522,#3523,#3524,#3525,#3526,#3527,#3528,#3529,#3530,#3531,#3532,#3533,#3534,#3535,#3536,#3537,#3538,#3539,#3540,#3541,#3542,#3543,#3544,#3545,#3546,#3547,#3548,#3549,#3550,#3551,#3552,#3553,#3554,#3555,#3556,#3557,#3558,#3559,#3560,#3561,#3562,#3563,#3564,#3565,#3566,#3567,#3568,#3569,#3570,#3571,#3572,#3573,#3574,#3575,#3576,#3577,#3578,#3579,#3580,#3581,#3582,#3583,#3584,#3585,#3586,#3587,#3588,#3589,#3590,#3591,#3592,#3593,#3594,#3595,#3596,#3597,#3598,#3599,#3600,#3601,#3602,#3603,#3604));
#3606=IFCARBITRARYCLOSEDPROFILEDEF(.AREA.,$,#3605);
#3607=IFCEXTRUDEDAREASOLID(#3606,#3373,#3374,0.1);
#3608=IFCSHAPEREPRESENTATION(#11,'Body','SweptSolid',(#3607));
#3609=IFCPRODUCTDEFINITIONSHAPE($,$,(#3608));
#3610=IFCSLAB('1oJAxid9rCegOzhpLwjukf',#5,'NL.IMRO.0772.EP11385464241-00',$,$,#3369,#3609,$,.NOTDEFINED.);
#3611=IFCSTYLEDITEM(#3607,(#3319),$);
#3612=IFCPROPERTYSINGLEVALUE('plan_id',$,IFCTEXT('NL.IMRO.0772.80284-0301'),$);
#3613=IFCPROPERTYSINGLEVALUE('plan_naam',$,IFCTEXT('Strijp-S 2017'),$);
#3614=IFCPROPERTYSINGLEVALUE('id',$,IFCTEXT('NL.IMRO.0772.EP11385464241-00'),$);
#3615=IFCPROPERTYSINGLEVALUE('naam',$,IFCTEXT('Groen'),$);
#3616=IFCPROPERTYSINGLEVALUE('bestemmingshoofdgroep',$,IFCTEXT('groen'),$);
#3617=IFCPROPERTYSINGLEVALUE('verwijzing_naar_tekst',$,IFCTEXT('https://www.ruimtelijkeplannen.nl/documents/NL.IMRO.0772.80284-0301/r_NL.IMRO.0772.80284-0301.html#_7_Groen'),$);
#3618=IFCPROPERTYSINGLEVALUE('plan_dossierstatus',$,IFCTEXT('geheel onherroepelijk in werking'),$);
#3619=IFCPROPERTYSINGLEVALUE('plan_besluitnummer',$,IFCTEXT('17bst01754'),$);
#3620=IFCPROPERTYSINGLEVALUE('type_planobject',$,IFCTEXT('enkelbestemming'),$);
#3621=IFCPROPERTYSET('0fg9YWV3H4ZP5YnhW$_vL8',#5,'CPset_DSO-Enkelbestemming',$,(#3612,#3613,#3614,#3615,#3616,#3617,#3618,#3619,#3620));
#3622=IFCRELDEFINESBYPROPERTIES('0dJuvZUlb0kuM8BQYaALIy',#5,$,$,(#3610),#3621);
#3623=IFCCARTESIANPOINT((0.,0.,-0.1));
#3624=IFCDIRECTION((0.,0.,1.));
#3625=IFCDIRECTION((1.,0.,0.));
#3626=IFCAXIS2PLACEMENT3D(#3623,#3624,#3625);
#3627=IFCLOCALPLACEMENT(#37,#3626);
#3628=IFCCARTESIANPOINT((0.,0.,0.));
#3629=IFCDIRECTION((0.,0.,1.));
#3630=IFCDIRECTION((1.,0.,0.));
#3631=IFCAXIS2PLACEMENT3D(#3628,#3629,#3630);
#3632=IFCDIRECTION((0.,0.,1.));
#3633=IFCCARTESIANPOINT((-306.39682557169,-0.526320334814955));
#3634=IFCCARTESIANPOINT((-299.396867481468,-0.526895056420472));
#3635=IFCCARTESIANPOINT((-247.399640791526,-0.529684045002796));
#3636=IFCCARTESIANPOINT((-244.399695420434,-0.529354539816268));
#3637=IFCCARTESIANPOINT((-238.397680971102,-0.529091533680912));
#3638=IFCCARTESIANPOINT((-232.394936908997,-0.529512857727241));
#3639=IFCCARTESIANPOINT((-232.349584559182,-0.529305012663826));
#3640=IFCCARTESIANPOINT((-232.304267977219,-0.528616618248634));
#3641=IFCCARTESIANPOINT((-232.259031448542,-0.527501258009579));
#3642=IFCCARTESIANPOINT((-232.213744942768,-0.525976235920098));
#3643=IFCCARTESIANPOINT((-232.168494201644,-0.523970666981768));
#3644=IFCCARTESIANPOINT((-232.123237771477,-0.521609017800074));
#3645=IFCCARTESIANPOINT((-232.078058556683,-0.518642357492354));
#3646=IFCCARTESIANPOINT((-232.032832204684,-0.515444079181179));
#3647=IFCCARTESIANPOINT((-231.987683068932,-0.511640789045487));
#3648=IFCCARTESIANPOINT((-231.942613987572,-0.507410532154609));
#3649=IFCCARTESIANPOINT((-231.897539221129,-0.502824191993568));
#3650=IFCCARTESIANPOINT((-231.852500217938,-0.497757305915002));
#3651=IFCCARTESIANPOINT((-231.807541274466,-0.492263448948506));
#3652=IFCCARTESIANPOINT((-231.762662385328,-0.486342625459656));
#3653=IFCCARTESIANPOINT((-231.717819258862,-0.479941256577149));
#3654=IFCCARTESIANPOINT((-231.672970448271,-0.473183803434949));
#3655=IFCCARTESIANPOINT((-231.628287438332,-0.46592849510489));
#3656=IFCCARTESIANPOINT((-231.583640194876,-0.458192638296168));
#3657=IFCCARTESIANPOINT((-231.539117296721,-0.450083394360263));
#3658=IFCCARTESIANPOINT((-231.49454442237,-0.441564487642609));
#3659=IFCCARTESIANPOINT((-231.450137346576,-0.432547727308702));
#3660=IFCCARTESIANPOINT((-231.405854624085,-0.423157573386561));
#3661=IFCCARTESIANPOINT((-231.36160766476,-0.413286873605102));
#3662=IFCCARTESIANPOINT((-231.317485051841,-0.403042785765138));
#3663=IFCCARTESIANPOINT((-231.27352824519,-0.392300838022493));
#3664=IFCCARTESIANPOINT((-231.229565749964,-0.381202809512615));
#3665=IFCCARTESIANPOINT((-231.185769054893,-0.369606926396955));
#3666=IFCCARTESIANPOINT((-231.142096709809,-0.357637652021367));
#3667=IFCCARTESIANPOINT((-231.09850442622,-0.345241405360866));
#3668=IFCCARTESIANPOINT((-231.055077939905,-0.332347306131851));
#3669=IFCCARTESIANPOINT((-231.011775805877,-0.319079814013094));
#3670=IFCCARTESIANPOINT((-230.968598020874,-0.305438931565732));
#3671=IFCCARTESIANPOINT((-230.925500294456,-0.29137107898714));
#3672=IFCCARTESIANPOINT((-230.882568369358,-0.276805370929651));
#3673=IFCCARTESIANPOINT((-230.839890829317,-0.261848963971715));
#3674=IFCCARTESIANPOINT((-230.797207605705,-0.246536472346634));
#3675=IFCCARTESIANPOINT((-230.754734475573,-0.230779703299049));
#3676=IFCCARTESIANPOINT((-230.712427143619,-0.214525081159081));
#3677=IFCCARTESIANPOINT((-230.670288458437,-0.197950642381329));
#3678=IFCCARTESIANPOINT((-230.628274126473,-0.181002810073551));
#3679=IFCCARTESIANPOINT((-230.586425590707,-0.16355712612858));
#3680=IFCCARTESIANPOINT((-230.54483144643,-0.145720738277305));
#3681=IFCCARTESIANPOINT((-230.503361650219,-0.127510961086955));
#3682=IFCCARTESIANPOINT((-230.462101946789,-0.108856906939764));
#3683=IFCCARTESIANPOINT((-230.420966597274,-0.0898294587386772));
#3684=IFCCARTESIANPOINT((-230.379955598823,-0.0704286185209639));
#3685=IFCCARTESIANPOINT((-230.339284730348,-0.0505661921342835));
#3686=IFCCARTESIANPOINT((-230.298738211597,-0.03033037512796));
#3687=IFCCARTESIANPOINT((-230.258360339707,-0.00977474160026759));
#3688=IFCCARTESIANPOINT((-230.218278302957,0.0112960541737266));
#3689=IFCCARTESIANPOINT((-230.178364912717,0.0326866661780514));
#3690=IFCCARTESIANPOINT((-230.138620163896,0.0543970903963782));
#3691=IFCCARTESIANPOINT((-230.099085511174,0.0765517937834375));
#3692=IFCCARTESIANPOINT((-230.059760952397,0.0991507750586607));
#3693=IFCCARTESIANPOINT((-230.020735076716,0.122086881252471));
#3694=IFCCARTESIANPOINT((-229.98191929076,0.145467261609156));
#3695=IFCCARTESIANPOINT((-229.943316448043,0.169113883690443));
#3696=IFCCARTESIANPOINT((-229.904923697904,0.193204782146495));
#3697=IFCCARTESIANPOINT((-229.86674388274,0.217561915516853));
#3698=IFCCARTESIANPOINT((-229.82885990807,0.242434215324465));
#3699=IFCCARTESIANPOINT((-229.79118886849,0.267572749988176));
#3700=IFCCARTESIANPOINT((-229.753772219672,0.293101987917908));
#3701=IFCCARTESIANPOINT((-229.716609954921,0.319021923292894));
#3702=IFCCARTESIANPOINT((-229.679702081368,0.345332562166732));
#3703=IFCCARTESIANPOINT((-229.64309288832,0.371980323747266));
#3704=IFCCARTESIANPOINT((-229.606652336632,0.398947897192556));
#3705=IFCCARTESIANPOINT((-229.570510470046,0.426252597302664));
#3706=IFCCARTESIANPOINT((-229.534708734049,0.454018883639947));
#3707=IFCCARTESIANPOINT((-229.499119935965,0.482051407045219));
#3708=IFCCARTESIANPOINT((-229.463829818036,0.510421052982565));
#3709=IFCCARTESIANPOINT((-229.428752637672,0.53905693575507));
#3710=IFCCARTESIANPOINT((-229.394015586033,0.568154403299559));
#3711=IFCCARTESIANPOINT((-229.359577219177,0.597588996984996));
#3712=IFCCARTESIANPOINT((-229.325351790263,0.627289827796631));
#3713=IFCCARTESIANPOINT((-229.291510782932,0.657398665556684));
#3714=IFCCARTESIANPOINT((-229.257882718433,0.687773744401056));
#3715=IFCCARTESIANPOINT((-229.224553331704,0.718485943740234));
#3716=IFCCARTESIANPOINT((-229.191566918569,0.749481687962543));
#3717=IFCCARTESIANPOINT((-229.158920641203,0.780939022777602));
#3718=IFCCARTESIANPOINT((-229.12653159062,0.812609013577458));
#3719=IFCCARTESIANPOINT((-229.094485516078,0.844562551355921));
#3720=IFCCARTESIANPOINT((-229.062693830288,0.876906790363137));
#3721=IFCCARTESIANPOINT((-229.031289411243,0.909480996837374));
#3722=IFCCARTESIANPOINT((-229.000139381416,0.94244590488961));
#3723=IFCCARTESIANPOINT((-228.969376618945,0.975640780874528));
#3724=IFCCARTESIANPOINT((-228.938826791971,1.00910189194838));
#3725=IFCCARTESIANPOINT((-228.908705687471,1.04291743854992));
#3726=IFCCARTESIANPOINT((-228.878883260797,1.07707010541344));
#3727=IFCCARTESIANPOINT((-228.849403812375,1.11150632111821));
#3728=IFCCARTESIANPOINT((-228.820225884643,1.14610161579913));
#3729=IFCCARTESIANPOINT((-228.79143238606,1.18110492342385));
#3730=IFCCARTESIANPOINT((-228.762981856504,1.21639177208999));
#3731=IFCCARTESIANPOINT((-228.734832856368,1.25183770706644));
#3732=IFCCARTESIANPOINT((-228.707112570031,1.28763807035284));
#3733=IFCCARTESIANPOINT((-228.679605226091,1.32370467414148));
#3734=IFCCARTESIANPOINT((-228.652615186787,1.36001855519135));
#3735=IFCCARTESIANPOINT((-228.625838081818,1.39659866993316));
#3736=IFCCARTESIANPOINT((-228.599533990753,1.43347964133136));
#3737=IFCCARTESIANPOINT((-228.573487130634,1.4705732720322));
#3738=IFCCARTESIANPOINT((-213.194502103463,1.47112289100187));
#3739=IFCCARTESIANPOINT((-191.596939008421,1.47170701535651));
#3740=IFCCARTESIANPOINT((-186.530261765787,1.4715177770122));
#3741=IFCCARTESIANPOINT((-187.724112673284,5.06524372624699));
#3742=IFCCARTESIANPOINT((-181.066049841145,5.06747117452323));
#3743=IFCCARTESIANPOINT((-173.107147506526,4.89841305156006));
#3744=IFCCARTESIANPOINT((-153.339463961136,6.6966524089803));
#3745=IFCCARTESIANPOINT((-117.09296396267,6.6973509064992));
#3746=IFCCARTESIANPOINT((-37.2193699205818,6.69855117832776));
#3747=IFCCARTESIANPOINT((-26.7156713063305,6.76275849185186));
#3748=IFCCARTESIANPOINT((-12.7134567753237,7.01685957459267));
#3749=IFCCARTESIANPOINT((9.67125771468272,7.99901190079981));
#3750=IFCCARTESIANPOINT((10.0635853587301,8.02031843847362));
#3751=IFCCARTESIANPOINT((10.4558743999514,8.04192751715891));
#3752=IFCCARTESIANPOINT((10.8482077412482,8.06359021010576));
#3753=IFCCARTESIANPOINT((11.2404581898591,8.08550186053617));
#3754=IFCCARTESIANPOINT((11.632711484388,8.10759159101872));
#3755=IFCCARTESIANPOINT((12.0250533728104,8.12978851568187));
#3756=IFCCARTESIANPOINT((12.4173123659566,8.15223440033151));
#3757=IFCCARTESIANPOINT((12.8095299164706,8.1748047802248));
#3758=IFCCARTESIANPOINT((13.2017946086416,8.19760681857588));
#3759=IFCCARTESIANPOINT((13.5940178542223,8.22053335560486));
#3760=IFCCARTESIANPOINT((13.9861582057201,8.24370885133976));
#3761=IFCCARTESIANPOINT((14.3783871528867,8.2669915400329));
#3762=IFCCARTESIANPOINT((14.7706189451565,8.29045230947668));
#3763=IFCCARTESIANPOINT((15.1627678423538,8.31416203844128));
#3764=IFCCARTESIANPOINT((15.5549195902713,8.33804984320886));
#3765=IFCCARTESIANPOINT((15.9471599306271,8.36204484384507));
#3766=IFCCARTESIANPOINT((16.3392730799678,8.38623522553826));
#3767=IFCCARTESIANPOINT((16.7313890818332,8.41060368175386));
#3768=IFCCARTESIANPOINT((17.123552223813,8.43520379782422));
#3769=IFCCARTESIANPOINT((17.5156739220256,8.45992841006955));
#3770=IFCCARTESIANPOINT((17.9077541732113,8.48477752157487));
#3771=IFCCARTESIANPOINT((18.299881571118,8.50985828717239));
#3772=IFCCARTESIANPOINT((18.6919260680152,8.53518801735481));
#3773=IFCCARTESIANPOINT((19.0840148692077,8.56057135859737));
#3774=IFCCARTESIANPOINT((19.4761508137162,8.58618635690073));
#3775=IFCCARTESIANPOINT((19.8681595626695,8.61199674016098));
#3776=IFCCARTESIANPOINT((20.2601711659518,8.63798519625561));
#3777=IFCCARTESIANPOINT((20.6521856135514,8.66415173385758));
#3778=IFCCARTESIANPOINT((21.0442886579549,8.69042546360288));
#3779=IFCCARTESIANPOINT((21.4362645130313,8.71689457300818));
#3780=IFCCARTESIANPOINT((21.8282017605961,8.74366622726666));
#3781=IFCCARTESIANPOINT((22.2201833146682,8.77049149083905));
#3782=IFCCARTESIANPOINT((22.6121677140181,8.79749483481282));
#3783=IFCCARTESIANPOINT((23.0041549621092,8.82467625656864));
#3784=IFCCARTESIANPOINT((23.3960593134107,8.85210663912585));
#3785=IFCCARTESIANPOINT((23.7879665152577,8.8797150979517));
#3786=IFCCARTESIANPOINT((24.1799623099214,8.90743075241335));
#3787=IFCCARTESIANPOINT((24.5718309124641,8.93534178874688));
#3788=IFCCARTESIANPOINT((24.963702367706,8.96343089948641));
#3789=IFCCARTESIANPOINT((25.3555766708741,8.99169808859006));
#3790=IFCCARTESIANPOINT((25.7474538197566,9.02014335803688));
#3791=IFCCARTESIANPOINT((26.1393338194175,9.04876670340309));
#3792=IFCCARTESIANPOINT((26.531130922056,9.07763900991995));
#3793=IFCCARTESIANPOINT((26.9229723221797,9.10656493302668));
#3794=IFCCARTESIANPOINT((27.3147751208453,9.13579339609714));
#3795=IFCCARTESIANPOINT((27.7066222193826,9.16507547395304));
#3796=IFCCARTESIANPOINT((28.0983864230511,9.19460651109694));
#3797=IFCCARTESIANPOINT((28.4901534751698,9.22431562613929));
#3798=IFCCARTESIANPOINT((28.8819233745453,9.25420282012783));
#3799=IFCCARTESIANPOINT((29.2736518298334,9.28421451087343));
#3800=IFCCARTESIANPOINT((29.665427424974,9.31445786176482));
#3801=IFCCARTESIANPOINT((30.0571615775989,9.34482570789987));
#3802=IFCCARTESIANPOINT((30.4488128311641,9.37544251681538));
#3803=IFCCARTESIANPOINT((30.8405526796414,9.40616652002791));
#3804=IFCCARTESIANPOINT((31.2321653398976,9.43708590161987));
#3805=IFCCARTESIANPOINT((31.6239108821901,9.46816606330685));
#3806=IFCCARTESIANPOINT((32.0155292382406,9.49944160180166));
#3807=IFCCARTESIANPOINT((32.4071947337652,9.53094880096614));
#3808=IFCCARTESIANPOINT((32.7988187853189,9.56258049659664));
#3809=IFCCARTESIANPOINT((33.1904456850316,9.59439027059125));
#3810=IFCCARTESIANPOINT((33.5819453944277,9.6263954245951));
#3811=IFCCARTESIANPOINT((33.9735779916809,9.658561354212));
#3812=IFCCARTESIANPOINT((34.3650833951833,9.69092266651569));
#3813=IFCCARTESIANPOINT((34.7567216878233,9.72344475321006));
#3814=IFCCARTESIANPOINT((35.1482327929989,9.7561622178182));
#3815=IFCCARTESIANPOINT((35.539746741124,9.78905776498141));
#3816=IFCCARTESIANPOINT((35.9312192460347,9.82207780791214));
#3817=IFCCARTESIANPOINT((36.3227388915548,9.85532951069763));
#3818=IFCCARTESIANPOINT((36.7142170945008,9.88870570878498));
#3819=IFCCARTESIANPOINT((37.1056123975723,9.92233087011846));
#3820=IFCCARTESIANPOINT((37.4970962949737,9.95606322627282));
#3821=IFCCARTESIANPOINT((37.8884972979722,9.99004454136593));
#3822=IFCCARTESIANPOINT((38.2799868909642,10.0241330547724));
#3823=IFCCARTESIANPOINT((38.6713492940471,10.0584169478971));
#3824=IFCCARTESIANPOINT((39.0627588369243,10.0929325015168));
#3825=IFCCARTESIANPOINT((39.4541269372276,10.1275725504966));
#3826=IFCCARTESIANPOINT((39.8454978849331,10.1623906783643));
#3827=IFCCARTESIANPOINT((40.2367416392372,10.1974041888607));
#3828=IFCCARTESIANPOINT((40.6281182843086,10.2325784724089));
#3829=IFCCARTESIANPOINT((41.0194534829934,10.2678772544023));
#3830=IFCCARTESIANPOINT((41.410705783288,10.303424998594));
#3831=IFCCARTESIANPOINT((41.8019609321782,10.3391508206842));
#3832=IFCCARTESIANPOINT((42.19321892882,10.3750547214295));
#3833=IFCCARTESIANPOINT((42.5844797727768,10.411136701121));
#3834=IFCCARTESIANPOINT((42.9756991733157,10.4473431768129));
#3835=IFCCARTESIANPOINT((43.366921419045,10.4837277333136));
#3836=IFCCARTESIANPOINT((43.758060767228,10.5203612509649));
#3837=IFCCARTESIANPOINT((44.149288710003,10.5571019636118));
#3838=IFCCARTESIANPOINT((44.5404337573273,10.5940916356049));
#3839=IFCCARTESIANPOINT((44.9315373545687,10.6312058092444));
#3840=IFCCARTESIANPOINT((45.3226880944858,10.6685516410507));
#3841=IFCCARTESIANPOINT((45.7137973885983,10.7060219708364));
#3842=IFCCARTESIANPOINT((46.1049095338676,10.7436703763669));
#3843=IFCCARTESIANPOINT((46.4959802292287,10.7814432833693));
#3844=IFCCARTESIANPOINT((46.8870123228116,10.8195187304518));
#3845=IFCCARTESIANPOINT((47.2780887166737,10.8576477922616));
#3846=IFCCARTESIANPOINT((47.669082210894,10.8960258170264));
#3847=IFCCARTESIANPOINT((48.0600785530696,10.9345819203882));
#3848=IFCCARTESIANPOINT((48.4510777423275,10.9733161028707));
#3849=IFCCARTESIANPOINT((103.885212102614,16.4769687050139));
#3850=IFCCARTESIANPOINT((104.249850625638,16.513326863118));
#3851=IFCCARTESIANPOINT((104.614406248729,16.549933978531));
#3852=IFCCARTESIANPOINT((104.978923265095,16.5868436326855));
#3853=IFCCARTESIANPOINT((105.343401675404,16.6240558251739));
#3854=IFCCARTESIANPOINT((105.707927225332,16.6614996743738));
#3855=IFCCARTESIANPOINT((106.072414162423,16.699246067612));
#3856=IFCCARTESIANPOINT((106.436862495291,16.7372949976707));
#3857=IFCCARTESIANPOINT((106.80122792747,16.7755928856204));
#3858=IFCCARTESIANPOINT((107.165640498104,16.8141224310966));
#3859=IFCCARTESIANPOINT((107.529928715056,16.8530253982171));
#3860=IFCCARTESIANPOINT((107.89426406761,16.8921600254835));
#3861=IFCCARTESIANPOINT((108.2586022701,16.9314727244782));
#3862=IFCCARTESIANPOINT((108.622860408563,16.9712124300422));
#3863=IFCCARTESIANPOINT((108.987035645609,17.0112010939047));
#3864=IFCCARTESIANPOINT((109.351258024457,17.051421412616));
#3865=IFCCARTESIANPOINT((109.71539750119,17.0918906902662));
#3866=IFCCARTESIANPOINT((110.079542661872,17.1327160907094));
#3867=IFCCARTESIANPOINT((110.443690668064,17.1737195668393));
#3868=IFCCARTESIANPOINT((110.807714318798,17.2150964660104));
#3869=IFCCARTESIANPOINT((111.171785110928,17.2567050204962));
#3870=IFCCARTESIANPOINT((111.535773000011,17.2985625345027));
#3871=IFCCARTESIANPOINT((111.899766574905,17.3407761697308));
#3872=IFCCARTESIANPOINT((112.263762995106,17.3831678808783));
#3873=IFCCARTESIANPOINT((112.627590766962,17.425879432878));
#3874=IFCCARTESIANPOINT((112.991509972722,17.468876222556));
#3875=IFCCARTESIANPOINT((113.355346272961,17.5121219738503));
#3876=IFCCARTESIANPOINT((113.719188259653,17.5557238459587));
#3877=IFCCARTESIANPOINT((114.082903054485,17.5995210919646));
#3878=IFCCARTESIANPOINT((114.44670927836,17.6436035799561));
#3879=IFCCARTESIANPOINT((114.810432599857,17.6879350269446));
#3880=IFCCARTESIANPOINT((115.174161607079,17.7326225952129));
#3881=IFCCARTESIANPOINT((115.537763420347,17.777505539183));
#3882=IFCCARTESIANPOINT((115.901370919193,17.8227446046076));
#3883=IFCCARTESIANPOINT((116.264895514934,17.8682326296694));
#3884=IFCCARTESIANPOINT((116.628467249044,17.9139523124904));
#3885=IFCCARTESIANPOINT((116.9920003773,17.9599745334126));
#3886=IFCCARTESIANPOINT((117.355494896503,18.0062992951716));
#3887=IFCCARTESIANPOINT((117.718906510563,18.0528730181395));
#3888=IFCCARTESIANPOINT((118.082279518479,18.0997492792667));
#3889=IFCCARTESIANPOINT((118.445699664211,18.1468571987934));
#3890=IFCCARTESIANPOINT((118.809081200598,18.1942676593317));
#3891=IFCCARTESIANPOINT((119.172379837313,18.2419270764221));
#3892=IFCCARTESIANPOINT((119.53563986512,18.2898890341748));
#3893=IFCCARTESIANPOINT((119.898816989589,18.3380999515648));
#3894=IFCCARTESIANPOINT((120.261999799317,18.386666990642));
#3895=IFCCARTESIANPOINT((120.625185455428,18.435412104649));
#3896=IFCCARTESIANPOINT((120.98824675646,18.4845306410571));
#3897=IFCCARTESIANPOINT((121.351310897182,18.5338272577501));
#3898=IFCCARTESIANPOINT((121.714336432167,18.5834264123696));
#3899=IFCCARTESIANPOINT((122.077323358913,18.6333281070692));
#3900=IFCCARTESIANPOINT((122.440357424173,18.6834614593536));
#3901=IFCCARTESIANPOINT((122.803222840274,18.7339146529557));
#3902=IFCCARTESIANPOINT((123.166135390959,18.7845995072857));
#3903=IFCCARTESIANPOINT((123.529009336664,18.8355868991348));
#3904=IFCCARTESIANPOINT((123.891844671714,18.886876832752));
#3905=IFCCARTESIANPOINT((124.254597105057,18.9384157246677));
#3906=IFCCARTESIANPOINT((124.617310931295,18.9902571555576));
#3907=IFCCARTESIANPOINT((124.980027601036,19.0422766635311));
#3908=IFCCARTESIANPOINT((125.342619912641,19.0946695963503));
#3909=IFCCARTESIANPOINT((125.705259366106,19.1472941840766));
#3910=IFCCARTESIANPOINT((126.067860206909,19.2002213155502));
#3911=IFCCARTESIANPOINT((126.430378144112,19.2533974066027));
#3912=IFCCARTESIANPOINT((126.792857478053,19.3068760333117));
#3913=IFCCARTESIANPOINT((127.155298198108,19.3606572045828));
#3914=IFCCARTESIANPOINT((127.517741765332,19.4146164501435));
#3915=IFCCARTESIANPOINT((127.880060975353,19.4689491196186));
#3916=IFCCARTESIANPOINT((128.24238302809,19.5234598668176));
#3917=IFCCARTESIANPOINT((128.604710767249,19.5783267347142));
#3918=IFCCARTESIANPOINT((128.966955598764,19.6334425655659));
#3919=IFCCARTESIANPOINT((129.329117534537,19.6888073494192));
#3920=IFCCARTESIANPOINT((129.691370898392,19.7444573761895));
#3921=IFCCARTESIANPOINT((130.053455613757,19.8004272429971));
#3922=IFCCARTESIANPOINT((130.415543169656,19.8565751895076));
#3923=IFCCARTESIANPOINT((130.777506373735,19.9130965551012));
#3924=IFCCARTESIANPOINT((131.139516713185,19.9698495810735));
#3925=IFCCARTESIANPOINT((131.501488441543,20.0269051493378));
#3926=IFCCARTESIANPOINT((131.863377269969,20.0842096739216));
#3927=IFCCARTESIANPOINT((132.225227487477,20.1418167405645));
#3928=IFCCARTESIANPOINT((132.58708055102,20.1996018822538));
#3929=IFCCARTESIANPOINT((132.948809255584,20.2577604489052));
#3930=IFCCARTESIANPOINT((133.310585099098,20.316150673083));
#3931=IFCCARTESIANPOINT((133.672236584214,20.374914321641));
#3932=IFCCARTESIANPOINT((134.033890914376,20.4338560460601));
#3933=IFCCARTESIANPOINT((134.395462341228,20.493046729709));
#3934=IFCCARTESIANPOINT((134.756995159027,20.5525399537291));
#3935=IFCCARTESIANPOINT((135.118489365064,20.6123357203905));
#3936=IFCCARTESIANPOINT((135.479944964667,20.6724340252113));
#3937=IFCCARTESIANPOINT((135.841403405531,20.7327104087453));
#3938=IFCCARTESIANPOINT((136.202737489104,20.7933602160774));
#3939=IFCCARTESIANPOINT((136.564074418595,20.8541880983976));
#3940=IFCCARTESIANPOINT((136.925372739264,20.9153185208561));
#3941=IFCCARTESIANPOINT((137.286632446427,20.9767514872947));
#3942=IFCCARTESIANPOINT((137.647723507631,21.0385042911512));
#3943=IFCCARTESIANPOINT((138.008861700568,21.1004887584713));
#3944=IFCCARTESIANPOINT((138.370002741896,21.1626512987423));
#3945=IFCCARTESIANPOINT((138.731019423663,21.2251872642664));
#3946=IFCCARTESIANPOINT((139.091997493495,21.2880257723737));
#3947=IFCCARTESIANPOINT((139.452978410962,21.3510423541884));
#3948=IFCCARTESIANPOINT((139.813834969478,21.4144323605578));
#3949=IFCCARTESIANPOINT((162.373061262333,25.9398200880969));
#3950=IFCCARTESIANPOINT((162.913736257906,26.0620205186424));
#3951=IFCCARTESIANPOINT((163.45429257481,26.1849505068967));
#3952=IFCCARTESIANPOINT((163.994641630241,26.3085028847563));
#3953=IFCCARTESIANPOINT((164.534999208292,26.4325894744252));
#3954=IFCCARTESIANPOINT((165.075063776312,26.5573693365441));
#3955=IFCCARTESIANPOINT((165.615006824315,26.6827007113607));
#3956=IFCCARTESIANPOINT((166.154916941567,26.8086907613324));
#3957=IFCCARTESIANPOINT((166.694619797199,26.9353032006766));
#3958=IFCCARTESIANPOINT((167.234115388215,27.0625380320125));
#3959=IFCCARTESIANPOINT((167.773533753323,27.1903779574786));
#3960=IFCCARTESIANPOINT((168.312744853465,27.3188402749947));
#3961=IFCCARTESIANPOINT((168.851878726244,27.4479076876887));
#3962=IFCCARTESIANPOINT((169.390849629825,27.5776510725264));
#3963=IFCCARTESIANPOINT((169.929568972409,27.7079632691457));
#3964=IFCCARTESIANPOINT((170.468255388871,27.8389341364382));
#3965=IFCCARTESIANPOINT((171.006734533934,27.9705274007865));
#3966=IFCCARTESIANPOINT((171.545092162094,28.1026721743983));
#3967=IFCCARTESIANPOINT((172.083286821609,28.2354929192807));
#3968=IFCCARTESIANPOINT((172.621359958343,28.3688651783741));
#3969=IFCCARTESIANPOINT((173.159270124655,28.5029134100769));
#3970=IFCCARTESIANPOINT((173.696973022626,28.6375840357505));
#3971=IFCCARTESIANPOINT((174.234598696668,28.7728597530513));
#3972=IFCCARTESIANPOINT((174.77201710295,28.9087578639155));
#3973=IFCCARTESIANPOINT((175.309228243772,29.0452783658402));
#3974=IFCCARTESIANPOINT((175.846362157899,29.1824039615458));
#3975=IFCCARTESIANPOINT((176.383288806217,29.3201519487775));
#3976=IFCCARTESIANPOINT((176.920138227695,29.4585050296155));
#3977=IFCCARTESIANPOINT((177.456736090564,29.5974269189755));
#3978=IFCCARTESIANPOINT((177.993215270719,29.7370783671504));
#3979=IFCCARTESIANPOINT((178.52952863925,29.8772277424578));
#3980=IFCCARTESIANPOINT((179.065723325912,30.0181066759978));
#3981=IFCCARTESIANPOINT((179.601666452858,30.159554418351));
#3982=IFCCARTESIANPOINT((180.137532349589,30.3016072568134));
#3983=IFCCARTESIANPOINT((180.67319098438,30.4442824827856));
#3984=IFCCARTESIANPOINT((181.208728096419,30.5875092214555));
#3985=IFCCARTESIANPOINT((181.744016485638,30.7314828168019));
#3986=IFCCARTESIANPOINT((182.279269099847,30.8759370433399));
#3987=IFCCARTESIANPOINT((182.814228698233,31.021084543725));
#3988=IFCCARTESIANPOINT((183.349066780211,31.1667835512199));
#3989=IFCCARTESIANPOINT((183.883741885511,31.3131585347001));
#3990=IFCCARTESIANPOINT((184.41820972084,31.4601559119765));
#3991=IFCCARTESIANPOINT((184.952600329794,31.6077583812876));
#3992=IFCCARTESIANPOINT((185.486739375599,31.7559296612162));
#3993=IFCCARTESIANPOINT((186.02071544397,31.9047769174795));
#3994=IFCCARTESIANPOINT((186.554569994885,32.0541756812017));
#3995=IFCCARTESIANPOINT((187.088131529366,32.2042677184218));
#3996=IFCCARTESIANPOINT((187.621701578551,32.3548939714674));
#3997=IFCCARTESIANPOINT((188.154934322025,32.5061599119217));
#3998=IFCCARTESIANPOINT((188.688089831587,32.6580309502315));
#3999=IFCCARTESIANPOINT((189.221038076881,32.810524376051));
#4000=IFCCARTESIANPOINT((189.753779048944,32.9636401973548));
#4001=IFCCARTESIANPOINT((190.286442795477,33.1173611092963));
#4002=IFCCARTESIANPOINT((190.818854975718,33.2716508332524));
#4003=IFCCARTESIANPOINT((191.351104179193,33.426616532146));
#4004=IFCCARTESIANPOINT((191.883146113192,33.5822046226822));
#4005=IFCCARTESIANPOINT((192.415066524438,33.7383442242281));
#4006=IFCCARTESIANPOINT((192.94677966545,33.8951062176493));
#4007=IFCCARTESIANPOINT((193.478285537072,34.052490602422));
#4008=IFCCARTESIANPOINT((194.00962842739,34.210550965392));
#4009=IFCCARTESIANPOINT((194.540805505763,34.369109252817));
#4010=IFCCARTESIANPOINT((195.071819604025,34.5283435171586));
#4011=IFCCARTESIANPOINT((195.602582139109,34.6881465899642));
#4012=IFCCARTESIANPOINT((196.133181694517,34.8486256391625));
#4013=IFCCARTESIANPOINT((196.66365972787,35.0096561980317));
#4014=IFCCARTESIANPOINT((197.19393048808,35.171309150348));
#4015=IFCCARTESIANPOINT((197.723949685344,35.3335309107788));
#4016=IFCCARTESIANPOINT((198.253805904213,35.4964286458562));
#4017=IFCCARTESIANPOINT((198.783454849443,35.6599487747881));
#4018=IFCCARTESIANPOINT((199.312982270407,35.8240204147878));
#4019=IFCCARTESIANPOINT((199.842302422127,35.9887144443928));
#4020=IFCCARTESIANPOINT((200.371415299596,36.1540308678523));
#4021=IFCCARTESIANPOINT((200.900320903631,36.3199696844094));
#4022=IFCCARTESIANPOINT((201.429104984883,36.4864600103465));
#4023=IFCCARTESIANPOINT((201.957596047432,36.6536436082679));
#4024=IFCCARTESIANPOINT((202.485965581989,36.8213787194691));
#4025=IFCCARTESIANPOINT((203.014127843053,36.9897362235351));
#4026=IFCCARTESIANPOINT((203.542124289292,37.1585916526383));
#4027=IFCCARTESIANPOINT((204.069872002758,37.3281939421431));
#4028=IFCCARTESIANPOINT((204.597498194722,37.4983477391652));
#4029=IFCCARTESIANPOINT((205.124787073233,37.6691412259825));
#4030=IFCCARTESIANPOINT((205.651998717367,37.8405398080358));
#4031=IFCCARTESIANPOINT((206.178958793578,38.0125072001247));
#4032=IFCCARTESIANPOINT((206.705841638817,38.1850796847721));
#4033=IFCCARTESIANPOINT((207.232387166907,38.3582918614848));
#4034=IFCCARTESIANPOINT((207.758811174805,38.5320555440849));
#4035=IFCCARTESIANPOINT((208.285027902777,38.7064416235662));
#4036=IFCCARTESIANPOINT((208.810951608088,38.8815209766035));
#4037=IFCCARTESIANPOINT((209.336709495925,39.0570982557256));
#4038=IFCCARTESIANPOINT((209.862390150985,39.2332806280465));
#4039=IFCCARTESIANPOINT((210.387733490759,39.4101026901626));
#4040=IFCCARTESIANPOINT((210.912869554275,39.5875471454929));
#4041=IFCCARTESIANPOINT((211.437884092651,39.7655431099702));
#4042=IFCCARTESIANPOINT((211.962691354158,39.9441614680109));
#4043=IFCCARTESIANPOINT((212.48720559178,40.1234730996657));
#4044=IFCCARTESIANPOINT((213.011554011493,40.3032826569979));
#4045=IFCCARTESIANPOINT((213.535695153667,40.4837146079517));
#4046=IFCCARTESIANPOINT((214.059714770439,40.6646980678779));
#4047=IFCCARTESIANPOINT((214.583441362629,40.8463748014183));
#4048=IFCCARTESIANPOINT((215.106916384626,41.0286203448777));
#4049=IFCCARTESIANPOINT((215.106893023156,71.7298494481365));
#4050=IFCCARTESIANPOINT((215.097329249082,79.7301939546014));
#4051=IFCCARTESIANPOINT((215.08843776444,87.7299666379695));
#4052=IFCCARTESIANPOINT((215.082304964046,93.6589901947882));
#4053=IFCCARTESIANPOINT((231.386065186496,93.7271410371759));
#4054=IFCCARTESIANPOINT((234.723857831355,96.558880943805));
#4055=IFCCARTESIANPOINT((258.278462447721,96.6615307099419));
#4056=IFCCARTESIANPOINT((261.621463424963,93.8922612837632));
#4057=IFCCARTESIANPOINT((261.722957683407,91.0865300584701));
#4058=IFCCARTESIANPOINT((261.809645473142,88.6877327167313));
#4059=IFCCARTESIANPOINT((261.896332048665,86.2889349131729));
#4060=IFCCARTESIANPOINT((261.983681799436,83.8909404027509));
#4061=IFCCARTESIANPOINT((262.070365956315,81.4921416686848));
#4062=IFCCARTESIANPOINT((262.157048901689,79.0933424708783));
#4063=IFCCARTESIANPOINT((262.243623283604,76.6959844878875));
#4064=IFCCARTESIANPOINT((262.33030380914,74.2971843608539));
#4065=IFCCARTESIANPOINT((262.417027417541,71.89843735256));
#4066=IFCCARTESIANPOINT((262.504369907227,69.5004400569596));
#4067=IFCCARTESIANPOINT((262.591046801099,67.1016385368421));
#4068=IFCCARTESIANPOINT((262.677722482331,64.7028365539154));
#4069=IFCCARTESIANPOINT((262.76506134597,62.304837861855));
#4070=IFCCARTESIANPOINT((262.85100716335,59.9067264555488));
#4071=IFCCARTESIANPOINT((262.937679215654,57.5079230776173));
#4072=IFCCARTESIANPOINT((263.025014446554,55.1099229951506));
#4073=IFCCARTESIANPOINT((263.111684078147,52.7111186886323));
#4074=IFCCARTESIANPOINT((263.415004811191,50.3355384641327));
#4075=IFCCARTESIANPOINT((263.830139562924,47.9710761706228));
#4076=IFCCARTESIANPOINT((264.245124426001,45.6081794679048));
#4077=IFCCARTESIANPOINT((264.660921392759,43.2445198200876));
#4078=IFCCARTESIANPOINT((265.076717276097,40.8808596114977));
#4079=IFCCARTESIANPOINT((265.491806222941,38.5165195507579));
#4080=IFCCARTESIANPOINT((265.907599934493,36.1528582244064));
#4081=IFCCARTESIANPOINT((266.323392557213,33.7891963418224));
#4082=IFCCARTESIANPOINT((266.739098346588,31.4256047804956));
#4083=IFCCARTESIANPOINT((267.158485309803,29.0395764622954));
#4084=IFCCARTESIANPOINT((267.370170184411,27.8734179537278));
#4085=IFCCARTESIANPOINT((266.951071723423,27.5790893295198));
#4086=IFCCARTESIANPOINT((266.380627895676,27.1945641131606));
#4087=IFCCARTESIANPOINT((266.254492804263,27.056288770691));
#4088=IFCCARTESIANPOINT((266.214370042813,27.0245127935195));
#4089=IFCCARTESIANPOINT((266.174247285642,26.9927368132048));
#4090=IFCCARTESIANPOINT((266.134210277,26.9608899521409));
#4091=IFCCARTESIANPOINT((266.094259013422,26.9289722134126));
#4092=IFCCARTESIANPOINT((266.054307753424,26.8970544718322));
#4093=IFCCARTESIANPOINT((266.014312198182,26.8650831484701));
#4094=IFCCARTESIANPOINT((265.974532429856,26.833023650106));
#4095=IFCCARTESIANPOINT((265.9347083701,26.8009105668752));
#4096=IFCCARTESIANPOINT((265.894884312263,26.768797482131));
#4097=IFCCARTESIANPOINT((265.855101708352,26.736559934041));
#4098=IFCCARTESIANPOINT((265.815449144138,26.7043050908833));
#4099=IFCCARTESIANPOINT((265.775752288842,26.6719966622768));
#4100=IFCCARTESIANPOINT((265.736141177505,26.6396173568792));
#4101=IFCCARTESIANPOINT((265.696615818219,26.6071671678219));
#4102=IFCCARTESIANPOINT((265.657090455497,26.5747169818496));
#4103=IFCCARTESIANPOINT((265.617565095105,26.5422667942476));
#4104=IFCCARTESIANPOINT((265.578081188578,26.5096921432996));
#4105=IFCCARTESIANPOINT((265.53868303058,26.4770466116606));
#4106=IFCCARTESIANPOINT((265.499284872698,26.4444010800798));
#4107=IFCCARTESIANPOINT((265.459972461249,26.4116846697871));
#4108=IFCCARTESIANPOINT((265.420745801443,26.3788973760093));
#4109=IFCCARTESIANPOINT((265.38147484255,26.3460565036512));
#4110=IFCCARTESIANPOINT((265.342333930923,26.3131983297644));
#4111=IFCCARTESIANPOINT((265.303148721723,26.280286575784));
#4112=IFCCARTESIANPOINT((265.26404926111,26.2473039412289));
#4113=IFCCARTESIANPOINT((265.224949799973,26.2143213071977));
#4114=IFCCARTESIANPOINT((265.185891797679,26.1812142058043));
#4115=IFCCARTESIANPOINT((265.146963831707,26.1480898119626));
#4116=IFCCARTESIANPOINT((265.107991573663,26.1149118336034));
#4117=IFCCARTESIANPOINT((265.069105065748,26.0816629731562));
#4118=IFCCARTESIANPOINT((265.030218554108,26.048414116085));
#4119=IFCCARTESIANPOINT((264.991417792568,26.0150943768094));
#4120=IFCCARTESIANPOINT((264.952702777693,25.9817037585308));
#4121=IFCCARTESIANPOINT((264.913943472377,25.9482595542795));
#4122=IFCCARTESIANPOINT((264.875314206263,25.9147980551352));
#4123=IFCCARTESIANPOINT((264.836640647409,25.8812829721137));
#4124=IFCCARTESIANPOINT((264.798052834027,25.8476970108459));
#4125=IFCCARTESIANPOINT((264.759550772869,25.8140401657438));
#4126=IFCCARTESIANPOINT((264.721004415565,25.7803297394421));
#4127=IFCCARTESIANPOINT((264.682502351672,25.7466728969594));
#4128=IFCCARTESIANPOINT((264.644127492473,25.7128207083442));
#4129=IFCCARTESIANPOINT((264.605796922726,25.6790221067495));
#4130=IFCCARTESIANPOINT((264.567422060994,25.6451699205791));
#4131=IFCCARTESIANPOINT((264.529132947995,25.6112468534848));
#4132=IFCCARTESIANPOINT((264.490929583262,25.577252905874));
#4133=IFCCARTESIANPOINT((264.452681923111,25.5432053764234));
#4134=IFCCARTESIANPOINT((264.414564304956,25.5091405497515));
#4135=IFCCARTESIANPOINT((264.376402393478,25.4750221396098));
#4136=IFCCARTESIANPOINT((264.338370523328,25.4408864328288));
#4137=IFCCARTESIANPOINT((264.300380109838,25.4066262603737));
#4138=IFCCARTESIANPOINT((264.262389693729,25.3723660903051));
#4139=IFCCARTESIANPOINT((264.224354985665,25.3380523353699));
#4140=IFCCARTESIANPOINT((264.186536064866,25.3036504050833));
#4141=IFCCARTESIANPOINT((264.148717145465,25.2692484738072));
#4142=IFCCARTESIANPOINT((264.110853930964,25.2347929604584));
#4143=IFCCARTESIANPOINT((264.073120761226,25.2003201476764));
#4144=IFCCARTESIANPOINT((264.035429043957,25.165722872538));
#4145=IFCCARTESIANPOINT((263.997737324826,25.1311255992041));
#4146=IFCCARTESIANPOINT((263.960131356114,25.0964574434911));
#4147=IFCCARTESIANPOINT((263.922566841444,25.061664824083));
#4148=IFCCARTESIANPOINT((263.885046619107,25.0269257895998));
#4149=IFCCARTESIANPOINT((263.847526394617,24.9921867568628));
#4150=IFCCARTESIANPOINT((263.810133376945,24.9572523760726));
#4151=IFCCARTESIANPOINT((263.772654608038,24.9223888787674));
#4152=IFCCARTESIANPOINT((263.735347338574,24.8873836174607));
#4153=IFCCARTESIANPOINT((263.698040065239,24.852378359763));
#4154=IFCCARTESIANPOINT((263.660732795455,24.8173730991548));
#4155=IFCCARTESIANPOINT((263.623597019294,24.7822260796675));
#4156=IFCCARTESIANPOINT((263.586375492014,24.7471499433159));
#4157=IFCCARTESIANPOINT((263.54928117097,24.7118784593767));
#4158=IFCCARTESIANPOINT((263.512231145025,24.6766605578014));
#4159=IFCCARTESIANPOINT((263.475136821769,24.6413890760741));
#4160=IFCCARTESIANPOINT((263.438128246606,24.6060467137722));
#4161=IFCCARTESIANPOINT((263.401249714108,24.5706870537833));
#4162=IFCCARTESIANPOINT((263.364412636933,24.5352029289352));
#4163=IFCCARTESIANPOINT((263.32744551709,24.4997361021815));
#4164=IFCCARTESIANPOINT((263.290694185998,24.4641810987378));
#4165=IFCCARTESIANPOINT((263.253942854673,24.4286260955851));
#4166=IFCCARTESIANPOINT((263.217277270713,24.393000212498));
#4167=IFCCARTESIANPOINT((263.180567394389,24.3573207451846));
#4168=IFCCARTESIANPOINT((263.14394326703,24.3215703964815));
#4169=IFCCARTESIANPOINT((263.107363428659,24.2858736352646));
#4170=IFCCARTESIANPOINT((263.070825049799,24.2500524058123));
#4171=IFCCARTESIANPOINT((263.034372415772,24.2141602985212));
#4172=IFCCARTESIANPOINT((262.99791978093,24.1782681920449));
#4173=IFCCARTESIANPOINT((262.96155289546,24.1423052041209));
#4174=IFCCARTESIANPOINT((262.925271758664,24.1062713350984));
#4175=IFCCARTESIANPOINT((262.888946328108,24.0701838827808));
#4176=IFCCARTESIANPOINT((262.852665190003,24.0341500149807));
#4177=IFCCARTESIANPOINT((262.816511255427,23.9979208017467));
#4178=IFCCARTESIANPOINT((262.780315864045,23.9618160548853));
#4179=IFCCARTESIANPOINT((262.744247677037,23.9255159616587));
#4180=IFCCARTESIANPOINT((262.708179487701,23.8892158704111));
#4181=IFCCARTESIANPOINT((262.672111300664,23.8529157775338));
#4182=IFCCARTESIANPOINT((262.636258900369,23.8165275093052));
#4183=IFCCARTESIANPOINT((262.600276458979,23.7801565378904));
#4184=IFCCARTESIANPOINT((262.564421222516,23.7435902198777));
#4185=IFCCARTESIANPOINT((262.528610276553,23.7070774878957));
#4186=IFCCARTESIANPOINT((262.492799332947,23.6705647542258));
#4187=IFCCARTESIANPOINT((262.467999203596,23.6435309529188));
#4188=IFCCARTESIANPOINT((262.443243367015,23.6165507359547));
#4189=IFCCARTESIANPOINT((262.41852898855,23.589446051803));
#4190=IFCCARTESIANPOINT((262.393858900905,23.5623949535075));
#4191=IFCCARTESIANPOINT((262.369316013326,23.5351485123392));
#4192=IFCCARTESIANPOINT((262.344687383302,23.50797294738));
#4193=IFCCARTESIANPOINT((262.320230246871,23.4806556231342));
#4194=IFCCARTESIANPOINT((262.295817403792,23.4533918826492));
#4195=IFCCARTESIANPOINT((262.271446016239,23.426003677072));
#4196=IFCCARTESIANPOINT((262.247074623388,23.398615476035));
#4197=IFCCARTESIANPOINT((262.222788984742,23.3711563890683));
#4198=IFCCARTESIANPOINT((262.198589092557,23.3436264228076));
#4199=IFCCARTESIANPOINT((262.174389197666,23.3160964588751));
#4200=IFCCARTESIANPOINT((262.150275054417,23.288495611283));
#4201=IFCCARTESIANPOINT((262.126160908694,23.2608947657282));
#4202=IFCCARTESIANPOINT((262.102132511936,23.2332230389002));
#4203=IFCCARTESIANPOINT((262.078145568026,23.205426849192));
#4204=IFCCARTESIANPOINT((262.05428866655,23.1776133616222));
#4205=IFCCARTESIANPOINT((262.03043176714,23.149799872248));
#4206=IFCCARTESIANPOINT((262.006574862724,23.1219863871229));
#4207=IFCCARTESIANPOINT((261.982889461186,23.0940311351442));
#4208=IFCCARTESIANPOINT((261.959159761434,23.0660223033628));
#4209=IFCCARTESIANPOINT((261.93547435556,23.0380670548766));
#4210=IFCCARTESIANPOINT((261.911874695739,23.0100409273291));
#4211=IFCCARTESIANPOINT((261.88836078468,22.9819439186831));
#4212=IFCCARTESIANPOINT((261.864932625467,22.9537760261446));
#4213=IFCCARTESIANPOINT((261.841460167227,22.9255545546184));
#4214=IFCCARTESIANPOINT((261.818117756513,22.8973157809232));
#4215=IFCCARTESIANPOINT((261.794775340386,22.8690770117682));
#4216=IFCCARTESIANPOINT((261.771518675552,22.8407673591864));
#4217=IFCCARTESIANPOINT((261.748303462897,22.8123332444811));
#4218=IFCCARTESIANPOINT((261.725132544496,22.7839527124888));
#4219=IFCCARTESIANPOINT((261.702047373081,22.7555013008532));
#4220=IFCCARTESIANPOINT((261.679047952639,22.7269790059072));
#4221=IFCCARTESIANPOINT((261.656004236109,22.6984031298198));
#4222=IFCCARTESIANPOINT((261.633090560237,22.6698099572677));
#4223=IFCCARTESIANPOINT((261.610176886257,22.6412167829694));
#4224=IFCCARTESIANPOINT((261.587348958419,22.6125527296099));
#4225=IFCCARTESIANPOINT((261.564606778091,22.583817796025));
#4226=IFCCARTESIANPOINT((261.54195034795,22.5550119798863));
#4227=IFCCARTESIANPOINT((261.519293918071,22.5262061635149));
#4228=IFCCARTESIANPOINT((261.496593190648,22.4973467670497));
#4229=IFCCARTESIANPOINT((261.474108257651,22.4683991885395));
#4230=IFCCARTESIANPOINT((261.45162332122,22.439451613056));
#4231=IFCCARTESIANPOINT((261.429138388805,22.4105040341965));
#4232=IFCCARTESIANPOINT((261.406739199767,22.3814855783712));
#4233=IFCCARTESIANPOINT((261.384470051824,22.3524498258485));
#4234=IFCCARTESIANPOINT((261.362242359406,22.3232896081754));
#4235=IFCCARTESIANPOINT((261.340014668327,22.2941293893964));
#4236=IFCCARTESIANPOINT((261.317872722255,22.2648982921964));
#4237=IFCCARTESIANPOINT((261.2957307779,22.2356671938323));
#4238=IFCCARTESIANPOINT((261.273718876153,22.2064187973156));
#4239=IFCCARTESIANPOINT((261.251748426905,22.1770459380932));
#4240=IFCCARTESIANPOINT((261.229777977773,22.1476730788127));
#4241=IFCCARTESIANPOINT((261.207937568863,22.1182829236495));
#4242=IFCCARTESIANPOINT((261.186052868201,22.0888391832123));
#4243=IFCCARTESIANPOINT((261.164383957424,22.0593072645715));
#4244=IFCCARTESIANPOINT((261.142585005698,22.0297926427447));
#4245=IFCCARTESIANPOINT((261.121001840191,22.0001898457413));
#4246=IFCCARTESIANPOINT((261.099418677099,21.9705870466423));
#4247=IFCCARTESIANPOINT((261.077921260236,21.9409133683657));
#4248=IFCCARTESIANPOINT((261.056423841626,21.9112396914861));
#4249=IFCCARTESIANPOINT((261.034967881016,21.8814415473607));
#4250=IFCCARTESIANPOINT((261.013641957426,21.8516261098557));
#4251=IFCCARTESIANPOINT((260.992360333796,21.8218642504071));
#4252=IFCCARTESIANPOINT((260.971120161208,21.7919779297081));
#4253=IFCCARTESIANPOINT((260.949879988446,21.7620916089509));
#4254=IFCCARTESIANPOINT((260.92881130919,21.732063528907));
#4255=IFCCARTESIANPOINT((260.907701175805,21.7021599127329));
#4256=IFCCARTESIANPOINT((260.886718247406,21.6720609494951));
#4257=IFCCARTESIANPOINT((260.865735318192,21.6419619868975));
#4258=IFCCARTESIANPOINT((260.84488242917,21.6118457282428));
#4259=IFCCARTESIANPOINT((260.824029540701,21.5817294691224));
#4260=IFCCARTESIANPOINT((260.803262399917,21.5515423294273));
#4261=IFCCARTESIANPOINT((260.78253671297,21.5212307258626));
#4262=IFCCARTESIANPOINT((260.761855319346,21.4909727060003));
#4263=IFCCARTESIANPOINT((260.741303969495,21.4606973872287));
#4264=IFCCARTESIANPOINT((260.720708321896,21.430368488247));
#4265=IFCCARTESIANPOINT((260.700198422826,21.3999687079922));
#4266=IFCCARTESIANPOINT((260.679774275079,21.3694980443106));
#4267=IFCCARTESIANPOINT((260.659394415881,21.3390809681732));
#4268=IFCCARTESIANPOINT((260.63905601282,21.3085394263617));
#4269=IFCCARTESIANPOINT((260.618847655976,21.2779805835453));
#4270=IFCCARTESIANPOINT((260.598639293836,21.2474217449781));
#4271=IFCCARTESIANPOINT((260.578516681126,21.2167920244974));
#4272=IFCCARTESIANPOINT((260.558479814703,21.1860914245481));
#4273=IFCCARTESIANPOINT((260.53844294796,21.1553908248316));
#4274=IFCCARTESIANPOINT((260.518491832801,21.124619341339));
#4275=IFCCARTESIANPOINT((260.498540712084,21.0938478624448));
#4276=IFCCARTESIANPOINT((260.478719634877,21.0630590846995));
#4277=IFCCARTESIANPOINT((260.458940013923,21.0321458409308));
#4278=IFCCARTESIANPOINT((260.439290432987,21.0012153013959));
#4279=IFCCARTESIANPOINT((260.419640852488,20.9702847613371));
#4280=IFCCARTESIANPOINT((260.399991269223,20.9393542236066));
#4281=IFCCARTESIANPOINT((260.380427434779,20.9083528041374));
#4282=IFCCARTESIANPOINT((260.360949351278,20.8772805015906));
#4283=IFCCARTESIANPOINT((260.341601303284,20.8461909068283));
#4284=IFCCARTESIANPOINT((260.322208965808,20.8150477249292));
#4285=IFCCARTESIANPOINT((260.302946666692,20.7838872486027));
#4286=IFCCARTESIANPOINT((260.30250089991,20.7831733586499));
#4287=IFCCARTESIANPOINT((260.302055133187,20.7824594686972));
#4288=IFCCARTESIANPOINT((260.301695112343,20.7816746998578));
#4289=IFCCARTESIANPOINT((260.301205050986,20.7809072272503));
#4290=IFCCARTESIANPOINT((260.300845030346,20.7801224581781));
#4291=IFCCARTESIANPOINT((260.300399262254,20.7794085692731));
#4292=IFCCARTESIANPOINT((260.300039241905,20.778623799968));
#4293=IFCCARTESIANPOINT((260.299593474629,20.7779099105392));
#4294=IFCCARTESIANPOINT((260.299147703772,20.7771960239625));
#4295=IFCCARTESIANPOINT((260.298787683714,20.7764112544246));
#4296=IFCCARTESIANPOINT((260.29834191702,20.7756973644136));
#4297=IFCCARTESIANPOINT((260.297981899173,20.774912593246));
#4298=IFCCARTESIANPOINT((260.297536128113,20.7741987067857));
#4299=IFCCARTESIANPOINT((260.297176110238,20.7734139355016));
#4300=IFCCARTESIANPOINT((260.296816087968,20.7726291677682));
#4301=IFCCARTESIANPOINT((260.296370319818,20.7719152789214));
#4302=IFCCARTESIANPOINT((260.295966008125,20.7710769242258));
#4303=IFCCARTESIANPOINT((260.295520239481,20.7703630358446));
#4304=IFCCARTESIANPOINT((260.295160219161,20.7695782665978));
#4305=IFCCARTESIANPOINT((260.29471445005,20.7688643786823));
#4306=IFCCARTESIANPOINT((260.29435443072,20.7680796085042));
#4307=IFCCARTESIANPOINT((260.293994409847,20.7672948396066));
#4308=IFCCARTESIANPOINT((260.293548641755,20.766580950818));
#4309=IFCCARTESIANPOINT((260.293188621145,20.7657961816876));
#4310=IFCCARTESIANPOINT((260.2927428525,20.7650822933065));
#4311=IFCCARTESIANPOINT((260.292382832413,20.7642975238268));
#4312=IFCCARTESIANPOINT((260.292022814538,20.7635127524263));
#4313=IFCCARTESIANPOINT((260.291577043739,20.762798865966));
#4314=IFCCARTESIANPOINT((260.291217023128,20.7620140968356));
#4315=IFCCARTESIANPOINT((260.290857003361,20.7612293270649));
#4316=IFCCARTESIANPOINT((260.290496983536,20.7604445572942));
#4317=IFCCARTESIANPOINT((260.290051216522,20.7597306675743));
#4318=IFCCARTESIANPOINT((260.289691197017,20.7589458975126));
#4319=IFCCARTESIANPOINT((260.289331174514,20.758161130012));
#4320=IFCCARTESIANPOINT((260.288885407761,20.7574472401175));
#4321=IFCCARTESIANPOINT((260.288525387703,20.7566624705796));
#4322=IFCCARTESIANPOINT((260.288165365695,20.7558777025552));
#4323=IFCCARTESIANPOINT((260.287805345666,20.7550929330755));
#4324=IFCCARTESIANPOINT((260.287445328286,20.7543081612093));
#4325=IFCCARTESIANPOINT((260.28699955644,20.7535942756222));
#4326=IFCCARTESIANPOINT((260.286639536876,20.7528095056186));
#4327=IFCCARTESIANPOINT((260.286279518943,20.7520247342181));
#4328=IFCCARTESIANPOINT((260.285919496469,20.7512399667175));
#4329=IFCCARTESIANPOINT((260.285559479118,20.7504551949096));
#4330=IFCCARTESIANPOINT((260.28511370995,20.7497413070523));
#4331=IFCCARTESIANPOINT((260.284797983215,20.7490101213334));
#4332=IFCCARTESIANPOINT((260.284437963361,20.7482253515045));
#4333=IFCCARTESIANPOINT((260.284077943594,20.7474405817338));
#4334=IFCCARTESIANPOINT((260.283717921091,20.7466558142332));
#4335=IFCCARTESIANPOINT((260.28335790339,20.7458710426581));
#4336=IFCCARTESIANPOINT((260.282997883362,20.745086273062));
#4337=IFCCARTESIANPOINT((260.282637861121,20.7443015053286));
#4338=IFCCARTESIANPOINT((260.282277841266,20.7435167355579));
#4339=IFCCARTESIANPOINT((260.281917823682,20.7427319639828));
#4340=IFCCARTESIANPOINT((260.28155780115,20.7419471965404));
#4341=IFCCARTESIANPOINT((260.281197781616,20.7411624264787));
#4342=IFCCARTESIANPOINT((260.280752014631,20.7404485367588));
#4343=IFCCARTESIANPOINT((260.280436285684,20.7397173528443));
#4344=IFCCARTESIANPOINT((260.280076265364,20.7389325835393));
#4345=IFCCARTESIANPOINT((260.279716247722,20.7381478119059));
#4346=IFCCARTESIANPOINT((260.27935622519,20.7373630444054));
#4347=IFCCARTESIANPOINT((260.279081954999,20.7365073925466));
#4348=IFCCARTESIANPOINT((260.278721934708,20.7357226232416));
#4349=IFCCARTESIANPOINT((260.278361914883,20.7349378534709));
#4350=IFCCARTESIANPOINT((260.278001894825,20.7341530839331));
#4351=IFCCARTESIANPOINT((260.277686165558,20.7334219001932));
#4352=IFCCARTESIANPOINT((260.277326146112,20.7326371302479));
#4353=IFCCARTESIANPOINT((260.276966128469,20.7318523586146));
#4354=IFCCARTESIANPOINT((260.276606108149,20.7310675893095));
#4355=IFCCARTESIANPOINT((260.27624608585,20.7302828215179));
#4356=IFCCARTESIANPOINT((260.275886066025,20.7294980517472));
#4357=IFCCARTESIANPOINT((260.275570339261,20.7287668659701));
#4358=IFCCARTESIANPOINT((260.275210317312,20.7279820980621));
#4359=IFCCARTESIANPOINT((260.274936046364,20.7271264468436));
#4360=IFCCARTESIANPOINT((260.27457602846,20.7263416755013));
#4361=IFCCARTESIANPOINT((260.27421600619,20.7255569077679));
#4362=IFCCARTESIANPOINT((260.273855986423,20.7247721380554));
#4363=IFCCARTESIANPOINT((260.273540259572,20.7240409522201));
#4364=IFCCARTESIANPOINT((260.273180239514,20.7232561826822));
#4365=IFCCARTESIANPOINT((260.272905966354,20.7224005333264));
#4366=IFCCARTESIANPOINT((260.272545948741,20.7216157616931));
#4367=IFCCARTESIANPOINT((260.272230220056,20.720884577604));
#4368=IFCCARTESIANPOINT((260.271870199445,20.7200998084154));
#4369=IFCCARTESIANPOINT((260.271595926577,20.719244158885));
#4370=IFCCARTESIANPOINT((260.271235908673,20.7184593875427));
#4371=IFCCARTESIANPOINT((260.270875886112,20.7176746199257));
#4372=IFCCARTESIANPOINT((260.270560159901,20.7169434337411));
#4373=IFCCARTESIANPOINT((260.270285888429,20.7160877830465));
#4374=IFCCARTESIANPOINT((260.269925868866,20.715303013043));
#4375=IFCCARTESIANPOINT((260.269565849361,20.7145182429813));
#4376=IFCCARTESIANPOINT((260.269335870835,20.7137161762803));
#4377=IFCCARTESIANPOINT((260.268975848856,20.7129314082558));
#4378=IFCCARTESIANPOINT((260.26861582874,20.7121466387762));
#4379=IFCCARTESIANPOINT((260.268385853356,20.7113445696305));
#4380=IFCCARTESIANPOINT((260.268025831348,20.710559801606));
#4381=IFCCARTESIANPOINT((260.267665810941,20.7097750322428));
#4382=IFCCARTESIANPOINT((260.267391538102,20.7089193826541));
#4383=IFCCARTESIANPOINT((260.267075811309,20.7081881969352));
#4384=IFCCARTESIANPOINT((260.266801535996,20.7073325493257));
#4385=IFCCARTESIANPOINT((258.36641513303,15.0240990976454));
#4386=IFCCARTESIANPOINT((258.655284898268,11.6968612252967));
#4387=IFCCARTESIANPOINT((259.886863847147,-3.45002856641077));
#4388=IFCCARTESIANPOINT((260.326023450936,-8.52877732977504));
#4389=IFCCARTESIANPOINT((260.434317547159,-8.78209542605327));
#4390=IFCCARTESIANPOINT((262.692556896625,-14.0522556038341));
#4391=IFCCARTESIANPOINT((262.715965510753,-14.1342934591812));
#4392=IFCCARTESIANPOINT((262.739462710771,-14.2162241473561));
#4393=IFCCARTESIANPOINT((262.762959909654,-14.2981548363459));
#4394=IFCCARTESIANPOINT((262.786542858434,-14.3801564099267));
#4395=IFCCARTESIANPOINT((262.810170095967,-14.4621043974767));
#4396=IFCCARTESIANPOINT((262.833841624815,-14.5439988008002));
#4397=IFCCARTESIANPOINT((262.857513156981,-14.6258932086057));
#4398=IFCCARTESIANPOINT((262.881270432583,-14.7078584958217));
#4399=IFCCARTESIANPOINT((262.905072000605,-14.7897701999173));
#4400=IFCCARTESIANPOINT((262.928917863552,-14.871628322755));
#4401=IFCCARTESIANPOINT((262.952763722482,-14.9534864441957));
#4402=IFCCARTESIANPOINT((262.97665387395,-15.0352909823414));
#4403=IFCCARTESIANPOINT((263.000629773625,-15.1171664038557));
#4404=IFCCARTESIANPOINT((263.024649965053,-15.1989882417256));
#4405=IFCCARTESIANPOINT((263.048670153745,-15.2808100790135));
#4406=IFCCARTESIANPOINT((263.07282038554,-15.3626492167241));
#4407=IFCCARTESIANPOINT((263.096884866885,-15.4444174726959));
#4408=IFCCARTESIANPOINT((263.121079383331,-15.5262030225713));
#4409=IFCCARTESIANPOINT((263.145318198513,-15.6079349944484));
#4410=IFCCARTESIANPOINT((263.169557010639,-15.6896669654525));
#4411=IFCCARTESIANPOINT((263.193881568499,-15.7714698178461));
#4412=IFCCARTESIANPOINT((263.21816467357,-15.8531482078251));
#4413=IFCCARTESIANPOINT((263.242577817844,-15.9348438950838));
#4414=IFCCARTESIANPOINT((263.26707670567,-16.0166104618111));
#4415=IFCCARTESIANPOINT((263.291489848023,-16.0983061508741));
#4416=IFCCARTESIANPOINT((263.316077322612,-16.1799655526993));
#4417=IFCCARTESIANPOINT((263.340534756018,-16.2616076590493));
#4418=IFCCARTESIANPOINT((263.365166522388,-16.3432134789182));
#4419=IFCCARTESIANPOINT((263.3898397421,-16.4249437650433));
#4420=IFCCARTESIANPOINT((263.414515797602,-16.5064960006275));
#4421=IFCCARTESIANPOINT((263.439277600235,-16.5881191185326));
#4422=IFCCARTESIANPOINT((263.464039401413,-16.6697422371944));
#4423=IFCCARTESIANPOINT((263.488845498039,-16.7513117750641));
#4424=IFCCARTESIANPOINT((263.513695887144,-16.8328277296387));
#4425=IFCCARTESIANPOINT((263.538632018608,-16.9144145627506));
#4426=IFCCARTESIANPOINT((263.563568151701,-16.9960013990058));
#4427=IFCCARTESIANPOINT((263.588548576983,-17.0775346516748));
#4428=IFCCARTESIANPOINT((263.613573294919,-17.1590143215144));
#4429=IFCCARTESIANPOINT((263.638683757978,-17.2405648720451));
#4430=IFCCARTESIANPOINT((263.663752765337,-17.3219909577165));
#4431=IFCCARTESIANPOINT((263.688907520118,-17.4034879259998));
#4432=IFCCARTESIANPOINT((263.714192317537,-17.4850021945895));
#4433=IFCCARTESIANPOINT((263.739391363604,-17.5664455804508));
#4434=IFCCARTESIANPOINT((263.764634702326,-17.6478353833081));
#4435=IFCCARTESIANPOINT((263.789963788382,-17.7292960687773));
#4436=IFCCARTESIANPOINT((263.815337164648,-17.8107031692052));
#4437=IFCCARTESIANPOINT((263.84084058486,-17.8921275706962));
#4438=IFCCARTESIANPOINT((263.866258251976,-17.9734810881782));
#4439=IFCCARTESIANPOINT((263.891761669336,-18.0549054908915));
#4440=IFCCARTESIANPOINT((263.91730937516,-18.1362763067591));
#4441=IFCCARTESIANPOINT((263.942901377712,-18.2175935431733));
#4442=IFCCARTESIANPOINT((263.968493377004,-18.2989107784815));
#4443=IFCCARTESIANPOINT((263.994215415296,-18.3802453108365));
#4444=IFCCARTESIANPOINT((264.019937454112,-18.4615798452869));
#4445=IFCCARTESIANPOINT((264.045703786163,-18.5428607971407));
#4446=IFCCARTESIANPOINT((264.071514408221,-18.6240881636622));
#4447=IFCCARTESIANPOINT((264.097280735034,-18.705369114643));
#4448=IFCCARTESIANPOINT((264.123221397371,-18.7866137811216));
#4449=IFCCARTESIANPOINT((264.149162058049,-18.8678584478912));
#4450=IFCCARTESIANPOINT((264.17510271832,-18.9491031157668));
#4451=IFCCARTESIANPOINT((264.201087670663,-19.0302942002309));
#4452=IFCCARTESIANPOINT((264.227202662209,-19.1115025819745));
#4453=IFCCARTESIANPOINT((264.253317654569,-19.1927109660464));
#4454=IFCCARTESIANPOINT((264.279476937751,-19.2738657655427));
#4455=IFCCARTESIANPOINT((264.305636221863,-19.3550205673091));
#4456=IFCCARTESIANPOINT((264.331839795836,-19.4361217837431));
#4457=IFCCARTESIANPOINT((264.358129117754,-19.517293883313));
#4458=IFCCARTESIANPOINT((264.384462732094,-19.5984123996459));
#4459=IFCCARTESIANPOINT((264.410840638884,-19.6794773326837));
#4460=IFCCARTESIANPOINT((264.437174249353,-19.7605958492495));
#4461=IFCCARTESIANPOINT((264.463596447313,-19.8416071994579));
#4462=IFCCARTESIANPOINT((264.490104391443,-19.9226894314634));
#4463=IFCCARTESIANPOINT((264.516656630003,-20.0037180817453));
#4464=IFCCARTESIANPOINT((264.543208862451,-20.0847467288258));
#4465=IFCCARTESIANPOINT((264.569846845901,-20.1658462614869));
#4466=IFCCARTESIANPOINT((264.596487665956,-20.2467677441891));
#4467=IFCCARTESIANPOINT((264.623169940169,-20.3278136939043));
#4468=IFCCARTESIANPOINT((264.649940798437,-20.4087524746428));
#4469=IFCCARTESIANPOINT((264.676711660053,-20.4896912596887));
#4470=IFCCARTESIANPOINT((264.703482515964,-20.5706300416496));
#4471=IFCCARTESIANPOINT((264.73038341591,-20.6515861250809));
#4472=IFCCARTESIANPOINT((264.757284311898,-20.7325422065915));
#4473=IFCCARTESIANPOINT((264.784273792146,-20.8133911194745));
#4474=IFCCARTESIANPOINT((264.811218979798,-20.8942936187959));
#4475=IFCCARTESIANPOINT((264.838294208515,-20.9752134168521));
#4476=IFCCARTESIANPOINT((264.865327981621,-21.0560087499325));
#4477=IFCCARTESIANPOINT((264.892447499762,-21.1368749639951));
#4478=IFCCARTESIANPOINT((264.919697059697,-21.2177584773744));
#4479=IFCCARTESIANPOINT((264.946860869386,-21.2985711086658));
#4480=IFCCARTESIANPOINT((264.974068973534,-21.3793301586411));
#4481=IFCCARTESIANPOINT((265.001407114964,-21.4601065039751));
#4482=IFCCARTESIANPOINT((265.028745259275,-21.5408828535583));
#4483=IFCCARTESIANPOINT((265.056083400646,-21.6216592022101));
#4484=IFCCARTESIANPOINT((265.083551579359,-21.7024528466281));
#4485=IFCCARTESIANPOINT((265.110978308396,-21.7831220309017));
#4486=IFCCARTESIANPOINT((265.138490780111,-21.8638620940619));
#4487=IFCCARTESIANPOINT((265.166047544364,-21.9445485738688));
#4488=IFCCARTESIANPOINT((265.193604308268,-22.0252350551309));
#4489=IFCCARTESIANPOINT((265.221291115013,-22.1059388365247));
#4490=IFCCARTESIANPOINT((265.534513324965,-22.9159685391933));
#4491=IFCCARTESIANPOINT((266.070188124257,-24.4232026975951));
#4492=IFCCARTESIANPOINT((266.432469514111,-25.3465766402078));
#4493=IFCCARTESIANPOINT((266.628349792416,-25.7542872868362));
#4494=IFCCARTESIANPOINT((268.410204289103,-29.4676569437142));
#4495=IFCCARTESIANPOINT((268.470020783163,-29.5901637173956));
#4496=IFCCARTESIANPOINT((268.52966293646,-29.7127067766269));
#4497=IFCCARTESIANPOINT((268.58921650477,-29.8353570097242));
#4498=IFCCARTESIANPOINT((268.648551437567,-29.958097111783));
#4499=IFCCARTESIANPOINT((268.707712036499,-30.080873505387));
#4500=IFCCARTESIANPOINT((268.766739749844,-30.2038106512045));
#4501=IFCCARTESIANPOINT((268.825593126356,-30.3267840860062));
#4502=IFCCARTESIANPOINT((268.884272164403,-30.4497938086279));
#4503=IFCCARTESIANPOINT((268.942818321026,-30.5729642868391));
#4504=IFCCARTESIANPOINT((269.001190140116,-30.6961710537435));
#4505=IFCCARTESIANPOINT((269.059387621906,-30.8194141090498));
#4506=IFCCARTESIANPOINT((269.117366468388,-30.942747033725));
#4507=IFCCARTESIANPOINT((269.175256729039,-31.0661871316843));
#4508=IFCCARTESIANPOINT((269.232928359153,-31.1897171029705));
#4509=IFCCARTESIANPOINT((269.290425647254,-31.3132833588752));
#4510=IFCCARTESIANPOINT((269.347834349057,-31.4369567878894));
#4511=IFCCARTESIANPOINT((269.40502442015,-31.560720089823));
#4512=IFCCARTESIANPOINT((269.462040150742,-31.6845196780632));
#4513=IFCCARTESIANPOINT((269.518967293639,-31.8084264378995));
#4514=IFCCARTESIANPOINT((269.575590056804,-31.9323521885672));
#4515=IFCCARTESIANPOINT((269.632209978794,-32.0564559914055));
#4516=IFCCARTESIANPOINT((269.688569813094,-32.1805251992191));
#4517=IFCCARTESIANPOINT((269.744796764309,-32.3047551618656));
#4518=IFCCARTESIANPOINT((269.800805088569,-32.4290750006912));
#4519=IFCCARTESIANPOINT((269.856683363789,-32.5533775396761));
#4520=IFCCARTESIANPOINT((269.912343008764,-32.6777699523373));
#4521=IFCCARTESIANPOINT((269.967914063513,-32.80226953479));
#4522=IFCCARTESIANPOINT((270.023266487609,-32.926858990686));
#4523=IFCCARTESIANPOINT((270.078444575513,-33.0514847360901));
#4524=IFCCARTESIANPOINT((270.133534072578,-33.1762176509365));
#4525=IFCCARTESIANPOINT((270.188404935208,-33.3010404360248));
#4526=IFCCARTESIANPOINT((270.243101462984,-33.4258995121345));
#4527=IFCCARTESIANPOINT((270.297623654507,-33.5507948778104));
#4528=IFCCARTESIANPOINT((270.352012961841,-33.6758509973879));
#4529=IFCCARTESIANPOINT((270.406227927742,-33.8009434026317));
#4530=IFCCARTESIANPOINT((270.460268558905,-33.9260720987222));
#4531=IFCCARTESIANPOINT((270.514090558136,-34.0512906673248));
#4532=IFCCARTESIANPOINT((270.567823966412,-34.1766164052533));
#4533=IFCCARTESIANPOINT((270.621297292266,-34.3019075525808));
#4534=IFCCARTESIANPOINT((270.674723477539,-34.4274303321145));
#4535=IFCCARTESIANPOINT((270.727889581583,-34.5529185222695));
#4536=IFCCARTESIANPOINT((270.78096709153,-34.6785138790729));
#4537=IFCCARTESIANPOINT((270.833740224567,-34.8041282292688));
#4538=IFCCARTESIANPOINT((270.886424769036,-34.9298497507116));
#4539=IFCCARTESIANPOINT((270.939020721009,-35.0556784402579));
#4540=IFCCARTESIANPOINT((270.991312293656,-35.1815261210431));
#4541=IFCCARTESIANPOINT((271.043515278172,-35.307480973599));
#4542=IFCCARTESIANPOINT((271.095543921547,-35.433472112054));
#4543=IFCCARTESIANPOINT((271.147353933979,-35.5595531238359));
#4544=IFCCARTESIANPOINT((271.199075358309,-35.6857413073885));
#4545=IFCCARTESIANPOINT((271.250536695297,-35.8118948965566));
#4546=IFCCARTESIANPOINT((271.301865149668,-35.9382092411979));
#4547=IFCCARTESIANPOINT((271.353149308125,-36.0645771721611));
#4548=IFCCARTESIANPOINT((271.404084792506,-36.1910176778329));
#4549=IFCCARTESIANPOINT((271.454890232388,-36.3174408876221));
#4550=IFCCARTESIANPOINT((271.505562789302,-36.4440248527098));
#4551=IFCCARTESIANPOINT((271.556061008392,-36.5706451063161));
#4552=IFCCARTESIANPOINT((271.606384885235,-36.6973016450065));
#4553=IFCCARTESIANPOINT((271.656575884524,-36.8241189433611));
#4554=IFCCARTESIANPOINT((271.706592542934,-36.950972527964));
#4555=IFCCARTESIANPOINT((271.756349115109,-37.0777915191138));
#4556=IFCCARTESIANPOINT((271.805972805334,-37.2047712664935));
#4557=IFCCARTESIANPOINT((271.855507902772,-37.3318581818021));
#4558=IFCCARTESIANPOINT((271.904782914527,-37.4589105042978));
#4559=IFCCARTESIANPOINT((271.953969337948,-37.5860699986224));
#4560=IFCCARTESIANPOINT((272.002937128738,-37.7133193649934));
#4561=IFCCARTESIANPOINT((272.051730579929,-37.8406050187768));
#4562=IFCCARTESIANPOINT((272.100349693763,-37.9679269615444));
#4563=IFCCARTESIANPOINT((272.148750177555,-38.0953387788613));
#4564=IFCCARTESIANPOINT((272.197062070423,-38.222857765737));
#4565=IFCCARTESIANPOINT((272.245199624129,-38.3504130404326));
#4566=IFCCARTESIANPOINT((272.2931185466,-38.478058188397));
#4567=IFCCARTESIANPOINT((272.340907426405,-38.6056860421668));
#4568=IFCCARTESIANPOINT((272.388477670698,-38.7334037657711));
#4569=IFCCARTESIANPOINT((272.435959326191,-38.8612286609714));
#4570=IFCCARTESIANPOINT((272.483136604598,-38.9890725495643));
#4571=IFCCARTESIANPOINT((272.530225289665,-39.1170236056787));
#4572=IFCCARTESIANPOINT((272.57713963589,-39.2450109500205));
#4573=IFCCARTESIANPOINT((272.6239653964,-39.3731054682867));
#4574=IFCCARTESIANPOINT((272.670486772025,-39.5012189737172));
#4575=IFCCARTESIANPOINT((272.716919559432,-39.6294396512094));
#4576=IFCCARTESIANPOINT((272.763092261332,-39.7576257360633));
#4577=IFCCARTESIANPOINT((272.809176374169,-39.8859189921641));
#4578=IFCCARTESIANPOINT((272.855041852192,-40.0143021189142));
#4579=IFCCARTESIANPOINT((272.900732992595,-40.1427215345902));
#4580=IFCCARTESIANPOINT((272.946335542656,-40.2712481208728));
#4581=IFCCARTESIANPOINT((272.991678006452,-40.3997401137021));
#4582=IFCCARTESIANPOINT((273.03688758568,-40.528392860957));
#4583=IFCCARTESIANPOINT((273.081922829908,-40.6570818994078));
#4584=IFCCARTESIANPOINT((273.12678373282,-40.7858072240488));
#4585=IFCCARTESIANPOINT((273.17147029881,-40.9145688383724));
#4586=IFCCARTESIANPOINT((273.215938230307,-41.0434203235782));
#4587=IFCCARTESIANPOINT((273.260317574226,-41.172378981486));
#4588=IFCCARTESIANPOINT((273.304436832375,-41.3013030465809));
#4589=IFCCARTESIANPOINT((273.348467496398,-41.4303342790809));
#4590=IFCCARTESIANPOINT((273.392279530613,-41.5594553862466));
#4591=IFCCARTESIANPOINT((273.435961520678,-41.6885591982282));
#4592=IFCCARTESIANPOINT((273.479424879828,-41.8177528840606));
#4593=IFCCARTESIANPOINT((273.522669606173,-41.9470364420558));
#4594=IFCCARTESIANPOINT((273.547486774536,-42.0142740448355));
#4595=IFCCARTESIANPOINT((273.571999565902,-42.0815306378063));
#4596=IFCCARTESIANPOINT((273.596598104865,-42.1488581137382));
#4597=IFCCARTESIANPOINT((273.620892266656,-42.2162045799196));
#4598=IFCCARTESIANPOINT((273.645227881469,-42.2836755122989));
#4599=IFCCARTESIANPOINT((273.669347704417,-42.3510582648451));
#4600=IFCCARTESIANPOINT((273.693378941185,-42.4185481879977));
#4601=IFCCARTESIANPOINT((273.717365880817,-42.4860916939797));
#4602=IFCCARTESIANPOINT((273.741092739219,-42.5536006077309));
#4603=IFCCARTESIANPOINT((273.76486104689,-42.621233984828));
#4604=IFCCARTESIANPOINT((273.788369275018,-42.6888327710913));
#4605=IFCCARTESIANPOINT((273.811874660343,-42.7566096062656));
#4606=IFCCARTESIANPOINT((273.83516425424,-42.8242982618976));
#4607=IFCCARTESIANPOINT((273.858409553621,-42.8920405022218));
#4608=IFCCARTESIANPOINT((273.881566268305,-42.9598899146658));
#4609=IFCCARTESIANPOINT((273.904462894454,-43.0277047291165));
#4610=IFCCARTESIANPOINT((273.927400976856,-43.0956440124428));
#4611=IFCCARTESIANPOINT((273.950123267248,-43.1634951157612));
#4612=IFCCARTESIANPOINT((273.97275696884,-43.2314533876488));
#4613=IFCCARTESIANPOINT((273.995302086201,-43.299518832122));
#4614=IFCCARTESIANPOINT((274.017717158073,-43.3675669770455));
#4615=IFCCARTESIANPOINT((274.040002186171,-43.435597823991));
#4616=IFCCARTESIANPOINT((274.06219862515,-43.5037358393311));
#4617=IFCCARTESIANPOINT((274.084220730088,-43.5719101437717));
#4618=IFCCARTESIANPOINT((274.106112792535,-43.6400671514566));
#4619=IFCCARTESIANPOINT((274.127960560756,-43.7082777440664));
#4620=IFCCARTESIANPOINT((274.149719739944,-43.7765955051291));
#4621=IFCCARTESIANPOINT((274.171348875825,-43.8448959687375));
#4622=IFCCARTESIANPOINT((274.192803676618,-43.9132327205734));
#4623=IFCCARTESIANPOINT((274.214084139938,-43.9816057587159));
#4624=IFCCARTESIANPOINT((274.235320310079,-44.0500323827728));
#4625=IFCCARTESIANPOINT((274.256426435051,-44.1184417077457));
#4626=IFCCARTESIANPOINT((274.277443975589,-44.1869582051295));
#4627=IFCCARTESIANPOINT((274.298331470782,-44.2554574031383));
#4628=IFCCARTESIANPOINT((274.319130376622,-44.3240637693671));
#4629=IFCCARTESIANPOINT((274.339799243113,-44.3926528413431));
#4630=IFCCARTESIANPOINT((274.360293770704,-44.4612781985197));
#4631=IFCCARTESIANPOINT((274.380744005204,-44.529957141669));
#4632=IFCCARTESIANPOINT((274.401019904733,-44.5986723731621));
#4633=IFCCARTESIANPOINT((274.421165758802,-44.6673703054548));
#4634=IFCCARTESIANPOINT((274.441223023779,-44.7361754062003));
#4635=IFCCARTESIANPOINT((274.461150248942,-44.8049632121692));
#4636=IFCCARTESIANPOINT((274.480988886236,-44.8738581876387));
#4637=IFCCARTESIANPOINT((274.500611730822,-44.94266498246));
#4638=IFCCARTESIANPOINT((274.520276027353,-45.0115962430136));
#4639=IFCCARTESIANPOINT((274.539680242277,-45.0804929111036));
#4640=IFCCARTESIANPOINT((274.559040162101,-45.1494431635365));
#4641=IFCCARTESIANPOINT((274.578311492893,-45.2185005848296));
#4642=IFCCARTESIANPOINT((274.597408486094,-45.2875942922547));
#4643=IFCCARTESIANPOINT((274.616419734783,-45.356617121899));
#4644=IFCCARTESIANPOINT((274.635212348687,-45.4257298193406));
#4645=IFCCARTESIANPOINT((274.654004962795,-45.4948425181792));
#4646=IFCCARTESIANPOINT((274.672623243619,-45.563991506875));
#4647=IFCCARTESIANPOINT((274.691152933316,-45.633247662452));
#4648=IFCCARTESIANPOINT((274.709552579006,-45.7024865198764));
#4649=IFCCARTESIANPOINT((274.727822184301,-45.7717080821167));
#4650=IFCCARTESIANPOINT((274.746003202075,-45.841036814265));
#4651=IFCCARTESIANPOINT((274.764009882347,-45.9104018327198));
#4652=IFCCARTESIANPOINT((274.781930815458,-45.9796959711821));
#4653=IFCCARTESIANPOINT((274.79976315549,-46.049097274954));
#4654=IFCCARTESIANPOINT((274.817421162472,-46.1185348688741));
#4655=IFCCARTESIANPOINT((274.834949125798,-46.187955164758));
#4656=IFCCARTESIANPOINT((274.852388502244,-46.2574826313066));
#4657=IFCCARTESIANPOINT((274.869742129085,-46.326939215709));
#4658=IFCCARTESIANPOINT((274.886962871038,-46.39655655151));
#4659=IFCCARTESIANPOINT((274.90401212158,-46.4660321285482));
#4660=IFCCARTESIANPOINT((274.920928487001,-46.5356684566359));
#4661=IFCCARTESIANPOINT((274.937844850792,-46.6053047845489));
#4662=IFCCARTESIANPOINT((274.954586879729,-46.6749774012133));
#4663=IFCCARTESIANPOINT((274.971154571249,-46.7446863043006));
#4664=IFCCARTESIANPOINT((274.987636513397,-46.8143243254744));
#4665=IFCCARTESIANPOINT((275.003985574178,-46.8841231009574));
#4666=IFCCARTESIANPOINT((275.02024888547,-46.9538509946433));
#4667=IFCCARTESIANPOINT((275.036423608282,-47.0236860573059));
#4668=IFCCARTESIANPOINT((275.052338249603,-47.0934865279123));
#4669=IFCCARTESIANPOINT((275.068208591081,-47.1633405790781));
#4670=IFCCARTESIANPOINT((275.084034641506,-47.2332482180791));
#4671=IFCCARTESIANPOINT((275.099686354923,-47.303192144027));
#4672=IFCCARTESIANPOINT((275.115208026604,-47.3731187735102));
#4673=IFCCARTESIANPOINT((275.130599653494,-47.4430281042587));
#4674=IFCCARTESIANPOINT((275.145902692515,-47.5130446046242));
#4675=IFCCARTESIANPOINT((275.161075690557,-47.5830438093399));
#4676=IFCCARTESIANPOINT((275.176074348914,-47.6530792987323));
#4677=IFCCARTESIANPOINT((275.191028716654,-47.7231683764257));
#4678=IFCCARTESIANPOINT((275.205853038613,-47.7932401543367));
#4679=IFCCARTESIANPOINT((275.220503025135,-47.8633482205914));
#4680=IFCCARTESIANPOINT((275.235022968584,-47.9334389892756));
#4681=IFCCARTESIANPOINT((275.249454324687,-48.0036369281588));
#4682=IFCCARTESIANPOINT((275.263755637017,-48.0738175691222));
#4683=IFCCARTESIANPOINT((275.278012655035,-48.1440517951851));
#4684=IFCCARTESIANPOINT((275.292095336918,-48.2143223089515));
#4685=IFCCARTESIANPOINT((275.306047975639,-48.284575525031));
#4686=IFCCARTESIANPOINT((275.319870573265,-48.3548114456935));
#4687=IFCCARTESIANPOINT((275.33360457918,-48.4251545328298));
#4688=IFCCARTESIANPOINT((275.347208543768,-48.4954803238506));
#4689=IFCCARTESIANPOINT((275.360638173181,-48.5658424032154));
#4690=IFCCARTESIANPOINT((275.374023507437,-48.6362580672139));
#4691=IFCCARTESIANPOINT((275.387278798094,-48.7066564335255));
#4692=IFCCARTESIANPOINT((275.400359753054,-48.7770910875406));
#4693=IFCCARTESIANPOINT((276.957590066973,-57.553711986111));
#4694=IFCCARTESIANPOINT((261.712890026829,-75.9571759027313));
#4695=IFCCARTESIANPOINT((261.412692936574,-74.2502825109405));
#4696=IFCCARTESIANPOINT((260.520193180477,-69.1764387898729));
#4697=IFCCARTESIANPOINT((246.386447845871,11.1885530028958));
#4698=IFCCARTESIANPOINT((241.624487213005,9.39501090731937));
#4699=IFCCARTESIANPOINT((232.346679249458,5.90260305837728));
#4700=IFCCARTESIANPOINT((207.579807177477,-3.42302883113734));
#4701=IFCCARTESIANPOINT((193.833354425675,-8.68576539383503));
#4702=IFCCARTESIANPOINT((192.897403729497,-8.99733166495571));
#4703=IFCCARTESIANPOINT((180.072128383472,-14.2154945287621));
#4704=IFCCARTESIANPOINT((176.536721220909,-15.653857651283));
#4705=IFCCARTESIANPOINT((175.184752050351,-9.98253880796256));
#4706=IFCCARTESIANPOINT((174.62715141839,-7.64431906765094));
#4707=IFCCARTESIANPOINT((160.9229573177,-10.5579452802776));
#4708=IFCCARTESIANPOINT((160.387160669168,-10.6683034822927));
#4709=IFCCARTESIANPOINT((159.851286796416,-10.7780565863941));
#4710=IFCCARTESIANPOINT((159.315247125138,-10.8873117686016));
#4711=IFCCARTESIANPOINT((158.779044487543,-10.995890974591));
#4712=IFCCARTESIANPOINT((158.242806084832,-11.1039895525901));
#4713=IFCCARTESIANPOINT((157.706490463315,-11.2114830371574));
#4714=IFCCARTESIANPOINT((157.169923293841,-11.3184077148908));
#4715=IFCCARTESIANPOINT((156.633364652545,-11.4247981818044));
#4716=IFCCARTESIANPOINT((156.096684502059,-11.5306371402112));
#4717=IFCCARTESIANPOINT((155.559841386683,-11.6358001233893));
#4718=IFCCARTESIANPOINT((155.022918216273,-11.7405360637349));
#4719=IFCCARTESIANPOINT((154.485832078877,-11.8445960268728));
#4720=IFCCARTESIANPOINT((153.948710178462,-11.9481753634172));
#4721=IFCCARTESIANPOINT((153.411425315164,-12.0510787260719));
#4722=IFCCARTESIANPOINT((152.874104689836,-12.1535014625988));
#4723=IFCCARTESIANPOINT((152.336576807458,-12.2553018073086));
#4724=IFCCARTESIANPOINT((151.799013161071,-12.3566215243773));
#4725=IFCCARTESIANPOINT((151.261372297799,-12.4573361491202));
#4726=IFCCARTESIANPOINT((150.723524177709,-12.5574283819296));
#4727=IFCCARTESIANPOINT((150.185640296113,-12.6570399889606));
#4728=IFCCARTESIANPOINT((149.647593452682,-12.7559756225673));
#4729=IFCCARTESIANPOINT((149.109510846698,-12.8544306295807));
#4730=IFCCARTESIANPOINT((148.571265277424,-12.9522096621222));
#4731=IFCCARTESIANPOINT((148.03298394513,-13.04950806743));
#4732=IFCCARTESIANPOINT((147.494581103587,-13.146254963649));
#4733=IFCCARTESIANPOINT((146.956056752388,-13.2424503503134));
#4734=IFCCARTESIANPOINT((146.417369440402,-13.3379697640776));
#4735=IFCCARTESIANPOINT((145.878690660145,-13.4329549694085));
#4736=IFCCARTESIANPOINT((145.339846076706,-13.5274422474322));
#4737=IFCCARTESIANPOINT((144.800968571333,-13.6212708514067));
#4738=IFCCARTESIANPOINT((144.261925265513,-13.7146015304606));
#4739=IFCCARTESIANPOINT((143.722804743826,-13.8073271174799));
#4740=IFCCARTESIANPOINT((143.183562711522,-13.8995011939551));
#4741=IFCCARTESIANPOINT((142.644243467861,-13.9910701820627));
#4742=IFCCARTESIANPOINT((142.104802713846,-14.0820876596263));
#4743=IFCCARTESIANPOINT((141.565284746903,-14.1725000474835));
#4744=IFCCARTESIANPOINT((141.025731016969,-14.2624318079907));
#4745=IFCCARTESIANPOINT((140.486014325899,-14.3516875949572));
#4746=IFCCARTESIANPOINT((139.946261872421,-14.4404627549811));
#4747=IFCCARTESIANPOINT((139.406302167656,-14.5286155264475));
#4748=IFCCARTESIANPOINT((138.866350993747,-14.6162340882584));
#4749=IFCCARTESIANPOINT((138.326322607318,-14.7032475604792));
#4750=IFCCARTESIANPOINT((137.786086962355,-14.7896386383218));
#4751=IFCCARTESIANPOINT((137.245815560163,-14.8755490930635));
#4752=IFCCARTESIANPOINT((136.705466945074,-14.9608544580406));
#4753=IFCCARTESIANPOINT((136.165126861684,-15.0456256140023));
#4754=IFCCARTESIANPOINT((135.62457952337,-15.1297743780888));
#4755=IFCCARTESIANPOINT((135.083910679037,-15.2133716347744));
#4756=IFCCARTESIANPOINT((134.543250366492,-15.2964346825611));
#4757=IFCCARTESIANPOINT((134.002427094412,-15.3788217575056));
#4758=IFCCARTESIANPOINT((133.461568065482,-15.4607282100478));
#4759=IFCCARTESIANPOINT((132.920631818182,-15.5420295676449));
#4760=IFCCARTESIANPOINT((132.379574067862,-15.6227794204606));
#4761=IFCCARTESIANPOINT((131.838439102488,-15.7029241811833));
#4762=IFCCARTESIANPOINT((131.297182631417,-15.7825174346217));
#4763=IFCCARTESIANPOINT((130.755934692657,-15.8615764794522));
#4764=IFCCARTESIANPOINT((130.214479501417,-15.9400131339789));
#4765=IFCCARTESIANPOINT((129.673032847379,-16.0179155839141));
#4766=IFCCARTESIANPOINT((129.131508977764,-16.095212941349));
#4767=IFCCARTESIANPOINT((128.589863604459,-16.1719587930711));
#4768=IFCCARTESIANPOINT((128.04814101549,-16.2480995521764));
#4769=IFCCARTESIANPOINT((127.506426960637,-16.3237061040127));
#4770=IFCCARTESIANPOINT((126.964505655138,-16.3986902670003));
#4771=IFCCARTESIANPOINT((126.422592884075,-16.4731402228354));
#4772=IFCCARTESIANPOINT((125.880558609089,-16.5470386726665));
#4773=IFCCARTESIANPOINT((125.338447119371,-16.6203320305794));
#4774=IFCCARTESIANPOINT((124.796258415037,-16.6930202966905));
#4775=IFCCARTESIANPOINT((124.254033959209,-16.7652279441245));
#4776=IFCCARTESIANPOINT((123.711646538577,-16.8367596139433));
#4777=IFCCARTESIANPOINT((123.16922336063,-16.907810660312));
#4778=IFCCARTESIANPOINT((122.626767263399,-16.978203034203));
#4779=IFCCARTESIANPOINT((122.084189665533,-17.0480439044186));
#4780=IFCCARTESIANPOINT((121.541576306947,-17.1174041485065));
#4781=IFCCARTESIANPOINT((120.99884428404,-17.1860348382615));
#4782=IFCCARTESIANPOINT((120.456076501199,-17.2541849025874));
#4783=IFCCARTESIANPOINT((119.913231510291,-17.3217298800591));
#4784=IFCCARTESIANPOINT((119.370265009406,-17.3887233463465));
#4785=IFCCARTESIANPOINT((118.827307048399,-17.4551826099632));
#4786=IFCCARTESIANPOINT((118.284271874785,-17.5210367832915));
#4787=IFCCARTESIANPOINT((117.741159491474,-17.5862858687178));
#4788=IFCCARTESIANPOINT((117.197925603192,-17.6509834465687));
#4789=IFCCARTESIANPOINT((116.654614501924,-17.7150759337237));
#4790=IFCCARTESIANPOINT((116.111311941,-17.7786342187901));
#4791=IFCCARTESIANPOINT((115.56793216712,-17.8415874131024));
#4792=IFCCARTESIANPOINT((115.024430888472,-17.9039891001885));
#4793=IFCCARTESIANPOINT((114.480938146677,-17.9658565822174));
#4794=IFCCARTESIANPOINT((113.937282446743,-18.0270480915788));
#4795=IFCCARTESIANPOINT((113.393635283428,-18.0877053956501));
#4796=IFCCARTESIANPOINT((112.84995236242,-18.1478820760967));
#4797=IFCCARTESIANPOINT((112.306106488541,-18.2073827879503));
#4798=IFCCARTESIANPOINT((111.762269147701,-18.2663492916618));
#4799=IFCCARTESIANPOINT((111.218354598241,-18.3247107081115));
#4800=IFCCARTESIANPOINT((110.674362836668,-18.3824670344475));
#4801=IFCCARTESIANPOINT((110.130335319991,-18.4397427391959));
#4802=IFCCARTESIANPOINT((109.586274889676,-18.4963597758324));
#4803=IFCCARTESIANPOINT((109.042092950665,-18.5524253018084));
#4804=IFCCARTESIANPOINT((108.497833804111,-18.6078857414541));
#4805=IFCCARTESIANPOINT((107.953583193099,-18.6628119749366));
#4806=IFCCARTESIANPOINT((107.409211084916,-18.7171867071884));
#4807=IFCCARTESIANPOINT((88.3633401570551,-20.6081275579054));
#4808=IFCCARTESIANPOINT((79.4072291423799,-21.4971876451164));
#4809=IFCCARTESIANPOINT((75.1176127203507,-21.9225932718837));
#4810=IFCCARTESIANPOINT((51.9588377110194,-24.2216708181077));
#4811=IFCCARTESIANPOINT((51.2467912478314,-24.2925655377912));
#4812=IFCCARTESIANPOINT((50.5346675850742,-24.3628551229485));
#4813=IFCCARTESIANPOINT((49.8225524712179,-24.4326104593347));
#4814=IFCCARTESIANPOINT((49.1102744188684,-24.5016897832393));
#4815=IFCCARTESIANPOINT((48.3980463634653,-24.5703593198559));
#4816=IFCCARTESIANPOINT((47.6856996648421,-24.6382992638974));
#4817=IFCCARTESIANPOINT((46.9733172213018,-24.7057585402508));
#4818=IFCCARTESIANPOINT((46.2608575819759,-24.7726126853959));
#4819=IFCCARTESIANPOINT((45.5484064909397,-24.8389325811877));
#4820=IFCCARTESIANPOINT((44.8357924620796,-24.9045764649636));
#4821=IFCCARTESIANPOINT((44.1232284328435,-24.9698105636053));
#4822=IFCCARTESIANPOINT((43.4105457573605,-25.0343150674016));
#4823=IFCCARTESIANPOINT((42.6978273396962,-25.0983389057801));
#4824=IFCCARTESIANPOINT((41.9851174700016,-25.161828494689));
#4825=IFCCARTESIANPOINT((41.2722446617845,-25.224642070767));
#4826=IFCCARTESIANPOINT((40.5593804047385,-25.2869214002858));
#4827=IFCCARTESIANPOINT((39.8465246967098,-25.3486664813827));
#4828=IFCCARTESIANPOINT((39.1335917943215,-25.4098064321443));
#4829=IFCCARTESIANPOINT((38.420581696817,-25.4703412519302));
#4830=IFCCARTESIANPOINT((37.7075358587026,-25.5303954076371));
#4831=IFCCARTESIANPOINT((36.9944571188826,-25.5897908511688));
#4832=IFCCARTESIANPOINT((36.2812568921072,-25.6486347464379));
#4833=IFCCARTESIANPOINT((35.5680652127485,-25.7069443917717));
#4834=IFCCARTESIANPOINT((34.854840638116,-25.76459533046));
#4835=IFCCARTESIANPOINT((34.1415803167911,-25.821765600238));
#4836=IFCCARTESIANPOINT((33.4282428061124,-25.878330743697));
#4837=IFCCARTESIANPOINT((32.7148281011323,-25.9342907568789));
#4838=IFCCARTESIANPOINT((32.0014219440345,-25.989716520824));
#4839=IFCCARTESIANPOINT((31.2879385954875,-26.0445371570531));
#4840=IFCCARTESIANPOINT((30.5744195035659,-26.0988771269913));
#4841=IFCCARTESIANPOINT((29.860867513722,-26.1525583880139));
#4842=IFCCARTESIANPOINT((29.1472383276559,-26.2056345172459));
#4843=IFCCARTESIANPOINT((28.4336176999786,-26.2581764060888));
#4844=IFCCARTESIANPOINT((27.7198755821155,-26.310166743875));
#4845=IFCCARTESIANPOINT((27.0061863089795,-26.3615692541935));
#4846=IFCCARTESIANPOINT((26.292419840669,-26.4123666337109));
#4847=IFCCARTESIANPOINT((25.5786176356778,-26.4626833526418));
#4848=IFCCARTESIANPOINT((24.8647825294465,-26.5123413600377));
#4849=IFCCARTESIANPOINT((24.1508702324063,-26.5613942401833));
#4850=IFCCARTESIANPOINT((23.4369221928355,-26.6099664547364));
#4851=IFCCARTESIANPOINT((22.7230269987776,-26.6579508431605));
#4852=IFCCARTESIANPOINT((22.0090103198017,-26.7053836847772));
#4853=IFCCARTESIANPOINT((21.2949607419432,-26.7521578167798));
#4854=IFCCARTESIANPOINT((20.5809197163617,-26.7983977037366));
#4855=IFCCARTESIANPOINT((19.8667572084232,-26.8440860458068));
#4856=IFCCARTESIANPOINT((19.1526475434366,-26.8891865596524));
#4857=IFCCARTESIANPOINT((18.4384606871754,-26.9336819459568));
#4858=IFCCARTESIANPOINT((17.7241523441626,-26.9776257838821));
#4859=IFCCARTESIANPOINT((17.0098968538805,-27.0209818016738));
#4860=IFCCARTESIANPOINT((16.2956499114807,-27.0638035708689));
#4861=IFCCARTESIANPOINT((15.5813257767586,-27.1060202116496));
#4862=IFCCARTESIANPOINT((14.8670101988537,-27.1477026113425));
#4863=IFCCARTESIANPOINT((14.152617429063,-27.1887798829121));
#4864=IFCCARTESIANPOINT((13.4381474649708,-27.2292520247865));
#4865=IFCCARTESIANPOINT((12.7236860581033,-27.2691899255733));
#4866=IFCCARTESIANPOINT((12.009233204386,-27.3085935824201));
#4867=IFCCARTESIANPOINT((11.2947031614603,-27.3473921133555));
#4868=IFCCARTESIANPOINT((10.580140219623,-27.3855319355498));
#4869=IFCCARTESIANPOINT((9.86554153755424,-27.4231910943636));
#4870=IFCCARTESIANPOINT((9.15086566458922,-27.4602451261599));
#4871=IFCCARTESIANPOINT((8.43624263841775,-27.4967113335151));
#4872=IFCCARTESIANPOINT((7.72162816915079,-27.5326432997244));
#4873=IFCCARTESIANPOINT((7.006892213627,-27.5680237184861));
#4874=IFCCARTESIANPOINT((6.29220910879667,-27.6028163158917));
#4875=IFCCARTESIANPOINT((5.57744880914106,-27.6370037833112));
#4876=IFCCARTESIANPOINT((4.86261132347863,-27.6705861276132));
#4877=IFCCARTESIANPOINT((4.14782668396947,-27.7035806472995));
#4878=IFCCARTESIANPOINT((3.43300630769227,-27.7360945067485));
#4879=IFCCARTESIANPOINT((2.71810874037328,-27.7680032392382));
#4880=IFCCARTESIANPOINT((2.00326402037172,-27.7993241480435));
#4881=IFCCARTESIANPOINT((1.28834211250069,-27.8300399325672));
#4882=IFCCARTESIANPOINT((0.573428760399111,-27.8602214757702));
#4883=IFCCARTESIANPOINT((-0.141561783617362,-27.8897978913155));
#4884=IFCCARTESIANPOINT((-0.856543771369616,-27.9188400658313));
#4885=IFCCARTESIANPOINT((-1.57151720562251,-27.9473479972803));
#4886=IFCCARTESIANPOINT((-2.28656782754115,-27.975250804855));
#4887=IFCCARTESIANPOINT((-3.00165134484996,-28.0024949066574));
#4888=IFCCARTESIANPOINT((-3.71672630833928,-28.0292047659168));
#4889=IFCCARTESIANPOINT((-4.43179271320696,-28.0553803863586));
#4890=IFCCARTESIANPOINT((-5.14693631001865,-28.0809508793172));
#4891=IFCCARTESIANPOINT((-5.86207135231234,-28.105987130024));
#4892=IFCCARTESIANPOINT((-6.5772392875806,-28.130364677636));
#4893=IFCCARTESIANPOINT((-7.2924429574341,-28.1542615672224));
#4894=IFCCARTESIANPOINT((-8.00759378387011,-28.177570630738));
#4895=IFCCARTESIANPOINT((-8.72282179491594,-28.2002745728241));
#4896=IFCCARTESIANPOINT((-9.43799695724738,-28.2223906933214));
#4897=IFCCARTESIANPOINT((-10.1532936023141,-28.2439552692813));
#4898=IFCCARTESIANPOINT((-10.8685373941262,-28.2649320273194));
#4899=IFCCARTESIANPOINT((-11.5838583793957,-28.2853036567685));
#4900=IFCCARTESIANPOINT((-12.2991708072077,-28.3051410472253));
#4901=IFCCARTESIANPOINT((-13.0144746771257,-28.3244441986899));
#4902=IFCCARTESIANPOINT((-13.7298114424048,-28.3430886452552));
#4903=IFCCARTESIANPOINT((-14.4451396476652,-28.3611988548073));
#4904=IFCCARTESIANPOINT((-15.1604593009688,-28.3787748207687));
#4905=IFCCARTESIANPOINT((-15.8758561393479,-28.3957456653588));
#4906=IFCCARTESIANPOINT((-16.5912001283432,-28.4121286894078));
#4907=IFCCARTESIANPOINT((-17.306665600132,-28.4279601689777));
#4908=IFCCARTESIANPOINT((-18.0220782194228,-28.4432038308005));
#4909=IFCCARTESIANPOINT((-18.7374379874382,-28.4578596735955));
#4910=IFCCARTESIANPOINT((-18.7674333374889,-28.5273189911386));
#4911=IFCCARTESIANPOINT((-18.7969113742874,-28.5970255719149));
#4912=IFCCARTESIANPOINT((-18.8257420620939,-28.6669967175112));
#4913=IFCCARTESIANPOINT((-18.8540111401526,-28.737161548459));
#4914=IFCCARTESIANPOINT((-18.8817629103723,-28.8075736380997));
#4915=IFCCARTESIANPOINT((-18.9088673287188,-28.8782502951217));
#4916=IFCCARTESIANPOINT((-18.9354958847107,-28.9490497510415));
#4917=IFCCARTESIANPOINT((-18.9614770911867,-29.0201137726544));
#4918=IFCCARTESIANPOINT((-18.986940985109,-29.0914250569185));
#4919=IFCCARTESIANPOINT((-19.0117989818391,-29.1628764412017));
#4920=IFCCARTESIANPOINT((-19.0360953722557,-29.2345215082751));
#4921=IFCCARTESIANPOINT((-19.0598301571736,-29.3063602572656));
#4922=IFCCARTESIANPOINT((-19.0829175917315,-29.3784635726479));
#4923=IFCCARTESIANPOINT((-19.1055291624216,-29.4506896884996));
#4924=IFCCARTESIANPOINT((-19.1275348378986,-29.5230559027987));
#4925=IFCCARTESIANPOINT((-19.1488931611821,-29.5956866851775));
#4926=IFCCARTESIANPOINT((-19.169645584625,-29.6684575700783));
#4927=IFCCARTESIANPOINT((-19.1899221480417,-29.7413512521889));
#4928=IFCCARTESIANPOINT((-19.2095070701616,-29.8144559185021));
#4929=IFCCARTESIANPOINT((-19.2285718343046,-29.8876298054238));
#4930=IFCCARTESIANPOINT((-19.2469892487279,-29.9610682584462));
#4931=IFCCARTESIANPOINT((-19.2648865068913,-30.0345759306801));
#4932=IFCCARTESIANPOINT((-19.2821778725192,-30.1082236997318));
#4933=IFCCARTESIANPOINT((-19.2987775871006,-30.182082460844));
#4934=IFCCARTESIANPOINT((-19.3149014427036,-30.2560640186421));
#4935=IFCCARTESIANPOINT((-19.3303751063359,-30.3301320976461));
#4936=IFCCARTESIANPOINT((-19.3453286159493,-30.4042693941155));
#4937=IFCCARTESIANPOINT((-19.3595904801623,-30.4786176783964));
#4938=IFCCARTESIANPOINT((-19.3732878987794,-30.5529815983609));
#4939=IFCCARTESIANPOINT((-19.3862936692312,-30.6275565082906));
#4940=IFCCARTESIANPOINT((-19.3988650347164,-30.7021297480678));
#4941=IFCCARTESIANPOINT((-19.4107447540155,-30.7769139762386));
#4942=IFCCARTESIANPOINT((-19.4220600261469,-30.85171384149));
#4943=IFCCARTESIANPOINT((-19.4327251022332,-30.9266002314398));
#4944=IFCCARTESIANPOINT((-19.4427842844452,-31.0016267193132));
#4945=IFCCARTESIANPOINT((-19.4521932695934,-31.0767397328746));
#4946=IFCCARTESIANPOINT((-19.4611678490764,-31.1518510768656));
#4947=IFCCARTESIANPOINT((-19.4694064864016,-31.2271198311937));
#4948=IFCCARTESIANPOINT((-19.4770363841671,-31.3023506411118));
#4949=IFCCARTESIANPOINT((-19.4840603827906,-31.3777215537848));
#4950=IFCCARTESIANPOINT((-19.4905199308123,-31.453108106216));
#4951=IFCCARTESIANPOINT((-19.4964150360611,-31.5285102921771));
#4952=IFCCARTESIANPOINT((-19.5015742016549,-31.6040698864963));
#4953=IFCCARTESIANPOINT((-19.5062546633708,-31.6795742348768));
#4954=IFCCARTESIANPOINT((-19.5102849310206,-31.7551651065005));
#4955=IFCCARTESIANPOINT((-19.5137064596347,-31.8307180337142));
#4956=IFCCARTESIANPOINT((-19.5164777919126,-31.9063574861502));
#4957=IFCCARTESIANPOINT((-19.5186846788565,-31.9820125742117));
#4958=IFCCARTESIANPOINT((-19.5202828228648,-32.0576297210064));
#4959=IFCCARTESIANPOINT((-19.5212307743495,-32.1333333899383));
#4960=IFCCARTESIANPOINT((-19.5215699848777,-32.2089991160319));
#4961=IFCCARTESIANPOINT((-19.5213447454444,-32.2846804815927));
#4962=IFCCARTESIANPOINT((-19.5205107656948,-32.3603239039658));
#4963=IFCCARTESIANPOINT((-19.5189822988759,-32.4360002687317));
#4964=IFCCARTESIANPOINT((-19.5169751282374,-32.5116213877336));
#4965=IFCCARTESIANPOINT((-19.5142291803204,-32.5872218662989));
#4966=IFCCARTESIANPOINT((-19.5109187803464,-32.6628379860776));
#4967=IFCCARTESIANPOINT((-19.5070439343399,-32.7384697422967));
#4968=IFCCARTESIANPOINT((-19.5025160535879,-32.814009975642));
#4969=IFCCARTESIANPOINT((-19.497465174034,-32.889441384119));
#4970=IFCCARTESIANPOINT((-19.4917198093317,-32.9649057334755));
#4971=IFCCARTESIANPOINT((-19.4853657037311,-33.0403321398771));
#4972=IFCCARTESIANPOINT((-19.478402852983,-33.1157206070493));
#4973=IFCCARTESIANPOINT((-19.4708727131656,-33.1909466663492));
#4974=IFCCARTESIANPOINT((-19.4627781273739,-33.2661883618566));
#4975=IFCCARTESIANPOINT((-19.4539447580173,-33.341409422108));
#4976=IFCCARTESIANPOINT((-19.4446741388238,-33.4164507696987));
#4977=IFCCARTESIANPOINT((-19.4346647379862,-33.4914714802871));
#4978=IFCCARTESIANPOINT((-19.4241323412862,-33.5663833635044));
#4979=IFCCARTESIANPOINT((-19.4128611627675,-33.6412746100104));
#4980=IFCCARTESIANPOINT((-19.4011527343246,-33.7159861438558));
#4981=IFCCARTESIANPOINT((-19.3887912681384,-33.7906061573303));
#4982=IFCCARTESIANPOINT((-19.3758210616943,-33.8651882272097));
#4983=IFCCARTESIANPOINT((-19.3621978158772,-33.9396787781152));
#4984=IFCCARTESIANPOINT((-19.3480072824168,-34.0140069196932));
#4985=IFCCARTESIANPOINT((-19.333249459014,-34.088172653981));
#4986=IFCCARTESIANPOINT((-19.3178828929958,-34.1623004467692));
#4987=IFCCARTESIANPOINT((-19.3019490334846,-34.2362658351776));
#4988=IFCCARTESIANPOINT((-19.2853178506484,-34.3100861161365));
#4989=IFCCARTESIANPOINT((-19.2681636672933,-34.3837975733913));
#4990=IFCCARTESIANPOINT((-19.2504421918711,-34.4573466251604));
#4991=IFCCARTESIANPOINT((-19.2321534265939,-34.5307332694065));
#4992=IFCCARTESIANPOINT((-19.213211625145,-34.6040283918264));
#4993=IFCCARTESIANPOINT((-19.1936582400522,-34.6771075265133));
#4994=IFCCARTESIANPOINT((-19.1735818569432,-34.7500778356334));
#4995=IFCCARTESIANPOINT((-19.1528938896081,-34.8228321574861));
#4996=IFCCARTESIANPOINT((-19.1315528860432,-34.8954949574545));
#4997=IFCCARTESIANPOINT((-19.1097303384158,-34.9679244648432));
#4998=IFCCARTESIANPOINT((-19.0872547549952,-35.040262449882));
#4999=IFCCARTESIANPOINT((-19.0642533292121,-35.1123135656817));
#5000=IFCCARTESIANPOINT((-19.0406403193774,-35.1841486942722));
#5001=IFCCARTESIANPOINT((-19.0165043159795,-35.2558749932214));
#5002=IFCCARTESIANPOINT((-18.9917567240482,-35.3273853085702));
#5003=IFCCARTESIANPOINT((-18.9663975494623,-35.3986796352547));
#5004=IFCCARTESIANPOINT((-18.9404710831295,-35.4698115558131));
#5005=IFCCARTESIANPOINT((-18.9140187763551,-35.5406566055608));
#5006=IFCCARTESIANPOINT((-18.8868691418029,-35.6113565512351));
#5007=IFCCARTESIANPOINT((-18.8593237022578,-35.6817523244536));
#5008=IFCCARTESIANPOINT((-18.8311252306448,-35.7520565721788));
#5009=IFCCARTESIANPOINT((-3.52642383085913,-73.453850030608));
#5010=IFCCARTESIANPOINT((-2.20715050140279,-76.7034789511818));
#5011=IFCCARTESIANPOINT((-1.63601142683183,-78.1115376356174));
#5012=IFCCARTESIANPOINT((1.89230444739223,-86.8036268253345));
#5013=IFCCARTESIANPOINT((0.734833084075944,-87.2745020955917));
#5014=IFCCARTESIANPOINT((0.524164008355001,-87.3610164737911));
#5015=IFCCARTESIANPOINT((0.480368456977885,-87.3806437400053));
#5016=IFCCARTESIANPOINT((0.436783002485754,-87.4007152888807));
#5017=IFCCARTESIANPOINT((0.393449091323419,-87.4213555830065));
#5018=IFCCARTESIANPOINT((0.350411022373009,-87.4425110454322));
#5019=IFCCARTESIANPOINT((0.307497301109834,-87.4640399017371));
#5020=IFCCARTESIANPOINT((0.264965163165471,-87.4861548085464));
#5021=IFCCARTESIANPOINT((0.22264312041807,-87.5087139966781));
#5022=IFCCARTESIANPOINT((0.180572624405613,-87.5318419327377));
#5023=IFCCARTESIANPOINT((0.138756518746959,-87.5553605702589));
#5024=IFCCARTESIANPOINT((0.0972362502652686,-87.5793943720637));
#5025=IFCCARTESIANPOINT((0.0560118232970126,-87.6039433415863));
#5026=IFCCARTESIANPOINT((0.0150417865952477,-87.6288830126869));
#5027=IFCCARTESIANPOINT((-0.025632412842242,-87.6543378480128));
#5028=IFCCARTESIANPOINT((-0.0660107711155433,-87.6803078509984));
#5029=IFCCARTESIANPOINT((-0.106134743749863,-87.7066685515456));
#5030=IFCCARTESIANPOINT((-0.145832834037719,-87.7335617259378));
#5031=IFCCARTESIANPOINT((-0.185276534379227,-87.7608456015005));
#5032=IFCCARTESIANPOINT((-0.224424395739334,-87.7886446429766));
#5033=IFCCARTESIANPOINT((-0.263273574149935,-87.8167808040162));
#5034=IFCCARTESIANPOINT((-0.30169687353191,-87.8454494361649));
#5035=IFCCARTESIANPOINT((-0.339910076610977,-87.8745623508003));
#5036=IFCCARTESIANPOINT((-0.377738853829214,-87.9040832685423));
#5037=IFCCARTESIANPOINT((-0.415183202334447,-87.934012191894));
#5038=IFCCARTESIANPOINT((-0.452331710228464,-87.9644562826143));
#5039=IFCCARTESIANPOINT((-0.489051494980231,-87.9952547983266));
#5040=IFCCARTESIANPOINT((-0.525516890978906,-88.0264440143364));
#5041=IFCCARTESIANPOINT((-0.561556408065371,-88.0581657016883));
#5042=IFCCARTESIANPOINT((-0.597297240339685,-88.090224510117));
#5043=IFCCARTESIANPOINT((-0.632523606327595,-88.1227086276049));
#5044=IFCCARTESIANPOINT((-0.667495581554249,-88.1555834471365));
#5045=IFCCARTESIANPOINT((-0.702083131443942,-88.1888662696583));
#5046=IFCCARTESIANPOINT((-0.736200504557928,-88.2226279858151));
#5047=IFCCARTESIANPOINT((-0.769974900467787,-88.2566732408595));
#5048=IFCCARTESIANPOINT((-0.803364868130302,-88.2911265014554));
#5049=IFCCARTESIANPOINT((-0.836370407632785,-88.3259877673117));
#5050=IFCCARTESIANPOINT((-0.868947224138537,-88.3612034582184));
#5051=IFCCARTESIANPOINT((-0.901095317472937,-88.3967735744664));
#5052=IFCCARTESIANPOINT((-0.932858984917402,-88.4327516944031));
#5053=IFCCARTESIANPOINT((-0.964193924854044,-88.4690842431737));
#5054=IFCCARTESIANPOINT((-0.995100144442404,-88.5057712147827));
#5055=IFCCARTESIANPOINT((-1.02557764126686,-88.5428126117331));
#5056=IFCCARTESIANPOINT((-1.05562641675351,-88.5802084323368));
#5057=IFCCARTESIANPOINT((-1.0853322109615,-88.6178877958446));
#5058=IFCCARTESIANPOINT((-1.11452353894128,-88.6559924681787));
#5059=IFCCARTESIANPOINT((-1.14328614398255,-88.6944515660871));
#5060=IFCCARTESIANPOINT((-1.17153143676114,-88.7331579283345));
#5061=IFCCARTESIANPOINT((-1.19947804673575,-88.7722014106694));
#5062=IFCCARTESIANPOINT((-1.2268658936373,-88.8116166235995));
#5063=IFCCARTESIANPOINT((-1.25386646893458,-88.8512617954402));
#5064=IFCCARTESIANPOINT((-1.28030828127521,-88.8912786979345));
#5065=IFCCARTESIANPOINT((-1.30640711574233,-88.9315791402478));
#5066=IFCCARTESIANPOINT((-1.33190289515187,-88.9721977309673));
#5067=IFCCARTESIANPOINT((-1.35701139780576,-89.0130462847301));
#5068=IFCCARTESIANPOINT((-1.38169118229416,-89.0542492600507));
#5069=IFCCARTESIANPOINT((-1.40585365207517,-89.0956995020388));
#5070=IFCCARTESIANPOINT((-1.42949881235836,-89.1373970065615));
#5071=IFCCARTESIANPOINT((-1.45271524772397,-89.1794489382883));
#5072=IFCCARTESIANPOINT((-1.47537007564097,-89.2216945549008));
#5073=IFCCARTESIANPOINT((-1.49755188814015,-89.2642410147819));
#5074=IFCCARTESIANPOINT((-1.51934642979177,-89.307017433166));
#5075=IFCCARTESIANPOINT((-1.54049361837679,-89.3500584222493));
#5076=IFCCARTESIANPOINT((-1.56125353250536,-89.3933293726877));
#5077=IFCCARTESIANPOINT((-1.58149613757269,-89.4368475855445));
#5078=IFCCARTESIANPOINT((-1.60122142976616,-89.4806130637298));
#5079=IFCCARTESIANPOINT((-1.6203851152095,-89.5245722262189));
#5080=IFCCARTESIANPOINT((-1.63911723464844,-89.5687077673501));
#5081=IFCCARTESIANPOINT((-1.65737633625395,-89.6131441539037));
#5082=IFCCARTESIANPOINT((-1.67502953627263,-89.6577206449001));
#5083=IFCCARTESIANPOINT((-1.69216542653157,-89.702544398664));
#5084=IFCCARTESIANPOINT((-1.70886974528548,-89.7475445354939));
#5085=IFCCARTESIANPOINT((-1.72501246232423,-89.792738352844));
#5086=IFCCARTESIANPOINT((-1.74067931508762,-89.8380549713038));
#5087=IFCCARTESIANPOINT((-1.75569881816045,-89.8836361581343));
#5088=IFCCARTESIANPOINT((-1.77024245812208,-89.9293401452014));
#5089=IFCCARTESIANPOINT((-1.78435453140992,-89.97522051126));
#5090=IFCCARTESIANPOINT((-1.79786070494447,-90.0212409804808));
#5091=IFCCARTESIANPOINT((-1.81080527199083,-90.0674551339471));
#5092=IFCCARTESIANPOINT((-1.82327397487825,-90.113792088523));
#5093=IFCCARTESIANPOINT((-1.83513677955489,-90.1602691448643));
#5094=IFCCARTESIANPOINT((-1.84652372205164,-90.20686900086));
#5095=IFCCARTESIANPOINT((-1.85734905613936,-90.2536625426728));
#5096=IFCCARTESIANPOINT((-1.86765423600446,-90.3005253017764));
#5097=IFCCARTESIANPOINT((-1.87743926219991,-90.3474572773557));
#5098=IFCCARTESIANPOINT((-1.88661838011467,-90.3945293629076));
#5099=IFCCARTESIANPOINT((-1.89532164353295,-90.441724241944));
#5100=IFCCARTESIANPOINT((-1.90341900338535,-90.4890592268785));
#5101=IFCCARTESIANPOINT((-1.91095191199565,-90.536409850698));
#5102=IFCCARTESIANPOINT((-1.91800895766937,-90.5838832749287));
#5103=IFCCARTESIANPOINT((-1.92454584696679,-90.6314259177889));
#5104=IFCCARTESIANPOINT((-1.93043254487566,-90.6790550810401));
#5105=IFCCARTESIANPOINT((-1.93588482716586,-90.7266825811821));
#5106=IFCCARTESIANPOINT((-1.94068691803841,-90.7743966015987));
#5107=IFCCARTESIANPOINT((-1.94501314344234,-90.8222334244056));
#5108=IFCCARTESIANPOINT((-1.94873062564875,-90.8700323033845));
#5109=IFCCARTESIANPOINT((-1.95192795156618,-90.9179004012258));
#5110=IFCCARTESIANPOINT((-1.95447507870267,-90.9658550253371));
#5111=IFCCARTESIANPOINT((-1.95658779531368,-91.0138079824974));
#5112=IFCCARTESIANPOINT((-1.95809176872717,-91.0617229955387));
#5113=IFCCARTESIANPOINT((-1.95907558195177,-91.1097072308767));
#5114=IFCCARTESIANPOINT((-0.43378350691637,-94.867732841929));
#5115=IFCCARTESIANPOINT((18.3419394485536,-141.127084263426));
#5116=IFCCARTESIANPOINT((20.0187169927231,-145.257268975314));
#5117=IFCCARTESIANPOINT((20.6690957165847,-146.859485792229));
#5118=IFCCARTESIANPOINT((23.9380437710497,-154.91471528844));
#5119=IFCCARTESIANPOINT((60.5145260326099,-245.031366937736));
#5120=IFCCARTESIANPOINT((64.0753189061361,-243.576350228104));
#5121=IFCCARTESIANPOINT((112.538735143811,-223.781346428616));
#5122=IFCCARTESIANPOINT((116.689183839189,-222.086366263044));
#5123=IFCCARTESIANPOINT((118.358041377418,-221.404091534088));
#5124=IFCCARTESIANPOINT((152.926277848484,-207.284816759173));
#5125=IFCCARTESIANPOINT((109.584652377293,-259.607003377925));
#5126=IFCCARTESIANPOINT((97.8853464290733,-264.390639941965));
#5127=IFCCARTESIANPOINT((44.0593888842559,-286.488070827676));
#5128=IFCCARTESIANPOINT((38.030449109996,-288.963157955557));
#5129=IFCCARTESIANPOINT((-16.2974737156474,-311.132932555338));
#5130=IFCCARTESIANPOINT((-44.3751332174579,-287.874512353912));
#5131=IFCCARTESIANPOINT((7.30773013926228,-266.763852903445));
#5132=IFCCARTESIANPOINT((54.7909017255588,-247.368393256911));
#5133=IFCCARTESIANPOINT((39.9480133465549,-210.803612967662));
#5134=IFCCARTESIANPOINT((39.7047348664782,-210.202174058999));
#5135=IFCCARTESIANPOINT((20.7433556089818,-163.492847986869));
#5136=IFCCARTESIANPOINT((18.5655730407452,-157.846566931112));
#5137=IFCCARTESIANPOINT((15.0343052119715,-148.691045050917));
#5138=IFCCARTESIANPOINT((14.3837400046468,-147.125023444474));
#5139=IFCCARTESIANPOINT((11.0028055910079,-139.767829166551));
#5140=IFCCARTESIANPOINT((6.40092864041799,-128.51390012115));
#5141=IFCCARTESIANPOINT((0.814233300945489,-114.743153096933));
#5142=IFCCARTESIANPOINT((0.300138492806582,-113.405781482637));
#5143=IFCCARTESIANPOINT((-1.60392124863574,-108.965242104256));
#5144=IFCCARTESIANPOINT((-5.66360869738855,-98.7279727694695));
#5145=IFCCARTESIANPOINT((-7.1515752383566,-94.9749122186913));
#5146=IFCCARTESIANPOINT((-7.26579694854445,-94.688090624637));
#5147=IFCCARTESIANPOINT((-7.41356465301942,-94.3177033940447));
#5148=IFCCARTESIANPOINT((-7.42950621197815,-94.2823355455766));
#5149=IFCCARTESIANPOINT((-7.44588502679835,-94.2471474100021));
#5150=IFCCARTESIANPOINT((-7.46248247128096,-94.2120491295937));
#5151=IFCCARTESIANPOINT((-7.47951717107208,-94.1771305624279));
#5152=IFCCARTESIANPOINT((-7.49685909051914,-94.1424090104993));
#5153=IFCCARTESIANPOINT((-7.51446392948856,-94.1078308979631));
#5154=IFCCARTESIANPOINT((-7.53237599114073,-94.0734497981612));
#5155=IFCCARTESIANPOINT((-7.55072530783946,-94.0392484118347));
#5156=IFCCARTESIANPOINT((-7.56933754842612,-94.0051904612919));
#5157=IFCCARTESIANPOINT((-7.58834275059053,-93.9712586429087));
#5158=IFCCARTESIANPOINT((-7.60756942423177,-93.9375947280205));
#5159=IFCCARTESIANPOINT((-7.62718906500959,-93.9040569404606));
#5160=IFCCARTESIANPOINT((-7.64703017703141,-93.8707870566868));
#5161=IFCCARTESIANPOINT((-7.66721995506668,-93.8375897252699));
#5162=IFCCARTESIANPOINT((-7.68776124514989,-93.8046429912793));
#5163=IFCCARTESIANPOINT((-7.70860975296819,-93.7718932739808));
#5164=IFCCARTESIANPOINT((-7.7297654839349,-93.7393405690673));
#5165=IFCCARTESIANPOINT((-7.75122842541896,-93.7069848867832));
#5166=IFCCARTESIANPOINT((-7.77304288386949,-93.6748797977925));
#5167=IFCCARTESIANPOINT((-7.79503452128847,-93.6429890299332));
#5168=IFCCARTESIANPOINT((-7.81741911714198,-93.6112243967364));
#5169=IFCCARTESIANPOINT((-7.84015522859409,-93.5797103580553));
#5170=IFCCARTESIANPOINT((-7.86306851811241,-93.5484106411459));
#5171=IFCCARTESIANPOINT((-7.8863333191257,-93.5173615221283));
#5172=IFCCARTESIANPOINT((-7.90990533909644,-93.4865094185225));
#5173=IFCCARTESIANPOINT((-7.93378457453218,-93.4558543335879));
#5174=IFCCARTESIANPOINT((-7.95788528543198,-93.4254671485978));
#5175=IFCCARTESIANPOINT((-7.98229321427061,-93.3952769801836));
#5176=IFCCARTESIANPOINT((-8.00705265227589,-93.3653374111746));
#5177=IFCCARTESIANPOINT((-8.03203356449376,-93.3356657434488));
#5178=IFCCARTESIANPOINT((-8.05732169616385,-93.3061910907272));
#5179=IFCCARTESIANPOINT((-8.08283130123164,-93.2769843395799));
#5180=IFCCARTESIANPOINT((-8.10869241674663,-93.248028187023));
#5181=IFCCARTESIANPOINT((-8.13473071335466,-93.2192863539094));
#5182=IFCCARTESIANPOINT((-8.16112051930395,-93.1907951200265));
#5183=IFCCARTESIANPOINT((-8.18773180159042,-93.1625717853894));
#5184=IFCCARTESIANPOINT((-8.21469459324726,-93.1345990499831));
#5185=IFCCARTESIANPOINT((-8.24187885716674,-93.1068942173733));
#5186=IFCCARTESIANPOINT((-8.26928459663759,-93.0794572843588));
#5187=IFCCARTESIANPOINT((-8.29699755561887,-93.0522173664649));
#5188=IFCCARTESIANPOINT((-8.32493198403972,-93.0252453534049));
#5189=IFCCARTESIANPOINT((-8.35313218072406,-92.9985948219546));
#5190=IFCCARTESIANPOINT((-8.38155385418213,-92.9722121892264));
#5191=IFCCARTESIANPOINT((-8.41032703430392,-92.9460801580572));
#5192=IFCCARTESIANPOINT((-8.43919165086118,-92.9202333315043));
#5193=IFCCARTESIANPOINT((-8.46840777850593,-92.8946371028433));
#5194=IFCCARTESIANPOINT((-8.49788967517088,-92.8693623550353));
#5195=IFCCARTESIANPOINT((-8.527548751008,-92.8443019280676));
#5196=IFCCARTESIANPOINT((-8.55747359324596,-92.8195629842812));
#5197=IFCCARTESIANPOINT((-8.58761990969651,-92.7950919413124));
#5198=IFCCARTESIANPOINT((-8.61803199371207,-92.7709423804772));
#5199=IFCCARTESIANPOINT((-8.64857980638044,-92.7471316063893));
#5200=IFCCARTESIANPOINT((-8.67943483416457,-92.7235178509145));
#5201=IFCCARTESIANPOINT((-8.71051133563742,-92.7001719966647));
#5202=IFCCARTESIANPOINT((-8.74176786513999,-92.6772185055888));
#5203=IFCCARTESIANPOINT((-8.77324586073519,-92.6545329216751));
#5204=IFCCARTESIANPOINT((-8.80494533103774,-92.6321152384044));
#5205=IFCCARTESIANPOINT((-8.8368662771536,-92.6099654543796));
#5206=IFCCARTESIANPOINT((-8.86896724606049,-92.5882080379524));
#5207=IFCCARTESIANPOINT((-8.90128968670615,-92.5667185242055));
#5208=IFCCARTESIANPOINT((-8.93383360104053,-92.5454969115672));
#5209=IFCCARTESIANPOINT((-8.96655753644882,-92.5246676678071));
#5210=IFCCARTESIANPOINT((-8.99950294822338,-92.5041063228855));
#5211=IFCCARTESIANPOINT((-9.03258408533293,-92.4838837672723));
#5212=IFCCARTESIANPOINT((-9.06588669595658,-92.4639291130006));
#5213=IFCCARTESIANPOINT((-9.09936933015706,-92.4443668255699));
#5214=IFCCARTESIANPOINT((-9.133073436009,-92.4250724407611));
#5215=IFCCARTESIANPOINT((-9.16695472531137,-92.4059923730674));
#5216=IFCCARTESIANPOINT((-9.20097458231612,-92.3874291426037));
#5217=IFCCARTESIANPOINT((-9.23517161802738,-92.3690802329802));
#5218=IFCCARTESIANPOINT((-9.2696344247961,-92.3510528025799));
#5219=IFCCARTESIANPOINT((-9.30410291737644,-92.3333814666257));
#5220=IFCCARTESIANPOINT((-9.33883718037396,-92.3160316104186));
#5221=IFCCARTESIANPOINT((-9.37370716792066,-92.2990205440437));
#5222=IFCCARTESIANPOINT((-9.40879863291048,-92.2822773755761));
#5223=IFCCARTESIANPOINT((-9.44398437376367,-92.2659974616836));
#5224=IFCCARTESIANPOINT((-9.47934729416738,-92.2499318679329));
#5225=IFCCARTESIANPOINT((-9.51489023608156,-92.2342586424784));
#5226=IFCCARTESIANPOINT((-9.55052461221931,-92.2188706233283));
#5227=IFCCARTESIANPOINT((-9.58633901423309,-92.2038749686908));
#5228=IFCCARTESIANPOINT((-9.62228914155276,-92.1892181033036));
#5229=IFCCARTESIANPOINT((-9.65837499705958,-92.1749000250129));
#5230=IFCCARTESIANPOINT((-9.69451083577587,-92.1609916192247));
#5231=IFCCARTESIANPOINT((-9.73082385564339,-92.1472975321813));
#5232=IFCCARTESIANPOINT((-9.76731689597364,-92.1339958143071));
#5233=IFCCARTESIANPOINT((-9.80394566708128,-92.1210328812012));
#5234=IFCCARTESIANPOINT((-9.84062442163122,-92.108479620365));
#5235=IFCCARTESIANPOINT((-9.8775246462028,-92.0961942634312));
#5236=IFCCARTESIANPOINT((-9.91443056231947,-92.0842649960541));
#5237=IFCCARTESIANPOINT((-9.95151650029584,-92.0727280969149));
#5238=IFCCARTESIANPOINT((-9.98865242445027,-92.0616008676006));
#5239=IFCCARTESIANPOINT((-10.025965524459,-92.0506879612803));
#5240=IFCCARTESIANPOINT((-10.063328612101,-92.04018472397));
#5241=IFCCARTESIANPOINT((-10.1007416782668,-92.0300911629456));
#5242=IFCCARTESIANPOINT((-10.1382904764614,-92.0203363854089));
#5243=IFCCARTESIANPOINT((-10.1759749991761,-92.0109203978209));
#5244=IFCCARTESIANPOINT((-10.2137509597524,-92.001789613103));
#5245=IFCCARTESIANPOINT((-10.2515769051097,-91.9930684994324));
#5246=IFCCARTESIANPOINT((-10.2894528311735,-91.9847570604179));
#5247=IFCCARTESIANPOINT((-12.7230416925449,-85.9889166218927));
#5248=IFCCARTESIANPOINT((-13.1989304872695,-84.8155510419747));
#5249=IFCCARTESIANPOINT((-16.9361918767681,-75.6076095196768));
#5250=IFCCARTESIANPOINT((-22.8669868570578,-60.9934385946835));
#5251=IFCCARTESIANPOINT((-28.797665013728,-46.3806802120525));
#5252=IFCCARTESIANPOINT((-29.1369530310913,-45.5204921452678));
#5253=IFCCARTESIANPOINT((-32.0096964530821,-38.2427427415387));
#5254=IFCCARTESIANPOINT((-33.1111390887236,-35.4526531436713));
#5255=IFCCARTESIANPOINT((-36.0346504274057,-28.2251342258533));
#5256=IFCCARTESIANPOINT((-111.943803215487,-28.2262894547894));
#5257=IFCCARTESIANPOINT((-150.602113603178,-28.2276125822682));
#5258=IFCCARTESIANPOINT((-150.631213260203,-28.2790500957635));
#5259=IFCCARTESIANPOINT((-150.660182881489,-28.3305049155024));
#5260=IFCCARTESIANPOINT((-150.689066758059,-28.3820306219859));
#5261=IFCCARTESIANPOINT((-150.717779147759,-28.433698099805));
#5262=IFCCARTESIANPOINT((-150.746447244717,-28.4853119986947));
#5263=IFCCARTESIANPOINT((-150.775029599463,-28.5369967825827));
#5264=IFCCARTESIANPOINT((-150.803396171628,-28.5887697607395));
#5265=IFCCARTESIANPOINT((-150.831807040871,-28.6405963150319));
#5266=IFCCARTESIANPOINT((-150.860002125817,-28.6925110651064));
#5267=IFCCARTESIANPOINT((-150.888067176245,-28.7444431206095));
#5268=IFCCARTESIANPOINT((-150.916046482482,-28.796446062508));
#5269=IFCCARTESIANPOINT((-150.943940044439,-28.8485198910348));
#5270=IFCCARTESIANPOINT((-150.971747863776,-28.90066460456));
#5271=IFCCARTESIANPOINT((-150.999425645277,-28.9528266261914));
#5272=IFCCARTESIANPOINT((-151.02701768509,-29.0050595322391));
#5273=IFCCARTESIANPOINT((-151.054393942148,-29.057380632963));
#5274=IFCCARTESIANPOINT((-151.081770202116,-29.1097017316497));
#5275=IFCCARTESIANPOINT((-151.108974973118,-29.1621646034764));
#5276=IFCCARTESIANPOINT((-151.13613545298,-29.2145738951513));
#5277=IFCCARTESIANPOINT((-151.163124443934,-29.267124959908));
#5278=IFCCARTESIANPOINT((-151.190027691104,-29.319746910769));
#5279=IFCCARTESIANPOINT((-151.216800904105,-29.3723861667095));
#5280=IFCCARTESIANPOINT((-151.243488370848,-29.4250963107916));
#5281=IFCCARTESIANPOINT((-151.27004579964,-29.4778237629798));
#5282=IFCCARTESIANPOINT((-151.2965174891,-29.5306220978382));
#5283=IFCCARTESIANPOINT((-151.322903431923,-29.5834913211293));
#5284=IFCCARTESIANPOINT((-151.349159339123,-29.6363778507803));
#5285=IFCCARTESIANPOINT((-151.375243758986,-29.6894061521161));
#5286=IFCCARTESIANPOINT((-151.401283886138,-29.7423808747553));
#5287=IFCCARTESIANPOINT((-151.427152524324,-29.7954973704764));
#5288=IFCCARTESIANPOINT((-151.452935425303,-29.8486847470049));
#5289=IFCCARTESIANPOINT((-151.478674027981,-29.9018185493187));
#5290=IFCCARTESIANPOINT((-151.50419685102,-29.9550405439222));
#5291=IFCCARTESIANPOINT((-151.529678222461,-30.0083870045491));
#5292=IFCCARTESIANPOINT((-151.554985265917,-30.061697191617));
#5293=IFCCARTESIANPOINT((-151.580250857834,-30.1151318448246));
#5294=IFCCARTESIANPOINT((-151.605386414885,-30.1685838035191));
#5295=IFCCARTESIANPOINT((-151.630391933257,-30.2220530711929));
#5296=IFCCARTESIANPOINT((-151.655225964932,-30.2756641100859));
#5297=IFCCARTESIANPOINT((-151.680059997947,-30.3292751484551));
#5298=IFCCARTESIANPOINT((-151.70467824745,-30.3829743822571));
#5299=IFCCARTESIANPOINT((-151.729296502046,-30.4366736123338));
#5300=IFCCARTESIANPOINT((-151.75369897022,-30.4904610402882));
#5301=IFCCARTESIANPOINT((-151.778057151329,-30.5441948848311));
#5302=IFCCARTESIANPOINT((-151.80228813694,-30.5981240814435));
#5303=IFCCARTESIANPOINT((-151.826344789617,-30.6520170085714));
#5304=IFCCARTESIANPOINT((-151.850359995442,-30.7060343979974));
#5305=IFCCARTESIANPOINT((-151.874245161831,-30.7600690969266));
#5306=IFCCARTESIANPOINT((-151.898000294401,-30.8141211006441));
#5307=IFCCARTESIANPOINT((-151.921669680829,-30.8682439926779));
#5308=IFCCARTESIANPOINT((-151.945209031313,-30.9223841912462));
#5309=IFCCARTESIANPOINT((-151.968576895073,-30.9766661612666));
#5310=IFCCARTESIANPOINT((-151.991900465073,-31.0308945534634));
#5311=IFCCARTESIANPOINT((-152.015138294344,-31.0851938294945));
#5312=IFCCARTESIANPOINT((-152.03820463171,-31.1396348812268));
#5313=IFCCARTESIANPOINT((-152.06118238662,-31.1939687724807));
#5314=IFCCARTESIANPOINT((-152.084032944433,-31.2484980170848));
#5315=IFCCARTESIANPOINT((-152.106753469008,-31.3030445661861));
#5316=IFCCARTESIANPOINT((-152.12942970029,-31.3575375368237));
#5317=IFCCARTESIANPOINT((-152.151934441878,-31.4121722814743));
#5318=IFCCARTESIANPOINT((-152.174309148744,-31.4668243318447));
#5319=IFCCARTESIANPOINT((-152.196598108596,-31.5215472712298));
#5320=IFCCARTESIANPOINT((-152.21875703751,-31.5762875132496));
#5321=IFCCARTESIANPOINT((-152.240785924165,-31.6310450670426));
#5322=IFCCARTESIANPOINT((-152.262729070964,-31.6858735040878));
#5323=IFCCARTESIANPOINT((-152.284586473223,-31.7407728279941));
#5324=IFCCARTESIANPOINT((-152.306228093978,-31.7957603459945));
#5325=IFCCARTESIANPOINT((-152.327825422748,-31.8506942845997));
#5326=IFCCARTESIANPOINT((-152.349337007909,-31.9056991096004));
#5327=IFCCARTESIANPOINT((-152.370677103754,-31.9608457082068));
#5328=IFCCARTESIANPOINT((-152.391928617639,-32.0158851460437));
#5329=IFCCARTESIANPOINT((-152.413008644216,-32.0710663560894));
#5330=IFCCARTESIANPOINT((-152.434088667098,-32.126247569453));
#5331=IFCCARTESIANPOINT((-152.454952909902,-32.1815169758629));
#5332=IFCCARTESIANPOINT((-152.475731411279,-32.2368572668056));
#5333=IFCCARTESIANPOINT((-152.49642132438,-32.292090402043));
#5334=IFCCARTESIANPOINT((-152.516984048008,-32.3475188844022));
#5335=IFCCARTESIANPOINT((-152.53737243716,-32.4029110991978));
#5336=IFCCARTESIANPOINT((-152.557719377859,-32.4584277772228));
#5337=IFCCARTESIANPOINT((-152.577891987487,-32.5139081850648));
#5338=IFCCARTESIANPOINT((-152.597978855163,-32.5694594776724));
#5339=IFCCARTESIANPOINT((-152.617935687391,-32.6250280767563));
#5340=IFCCARTESIANPOINT((-152.637806770304,-32.6806675666012));
#5341=IFCCARTESIANPOINT((-152.657547822135,-32.7363243593718));
#5342=IFCCARTESIANPOINT((-152.677203127329,-32.7920520410989));
#5343=IFCCARTESIANPOINT((-152.696598361741,-32.8478143346729));
#5344=IFCCARTESIANPOINT((-152.716037887352,-32.9036302094464));
#5345=IFCCARTESIANPOINT((-152.735303084046,-32.9594098117668));
#5346=IFCCARTESIANPOINT((-152.754396793782,-33.0153311862377));
#5347=IFCCARTESIANPOINT((-152.773490499938,-33.0712525641429));
#5348=IFCCARTESIANPOINT((-152.792409881047,-33.1271376666264));
#5349=IFCCARTESIANPOINT((-152.811157772347,-33.1831645432394));
#5350=IFCCARTESIANPOINT((-152.829905665072,-33.2391914193868));
#5351=IFCCARTESIANPOINT((-152.848437777517,-33.295306488697));
#5352=IFCCARTESIANPOINT((-152.866839851864,-33.351438866579));
#5353=IFCCARTESIANPOINT((-152.885197630472,-33.4075176682672));
#5354=IFCCARTESIANPOINT((-152.903383927827,-33.4637382372166));
#5355=IFCCARTESIANPOINT((-152.921440186328,-33.5199761153781));
#5356=IFCCARTESIANPOINT((-152.939410701249,-33.5762848799932));
#5357=IFCCARTESIANPOINT((-149.003911519103,-43.2705305534764));
#5358=IFCCARTESIANPOINT((-141.480973606027,-61.8019254967221));
#5359=IFCCARTESIANPOINT((-135.33336147145,-76.9475737106404));
#5360=IFCCARTESIANPOINT((-134.191412471351,-79.7607338566449));
#5361=IFCCARTESIANPOINT((-132.724352128193,-83.3743916100939));
#5362=IFCCARTESIANPOINT((-131.257293912378,-86.988050857326));
#5363=IFCCARTESIANPOINT((-130.877561304078,-87.923271043459));
#5364=IFCCARTESIANPOINT((-134.577846655448,-89.4289822728024));
#5365=IFCCARTESIANPOINT((-128.61566489024,-104.028893094743));
#5366=IFCCARTESIANPOINT((-122.653559185594,-118.628703871102));
#5367=IFCCARTESIANPOINT((-118.455601920927,-128.909145131882));
#5368=IFCCARTESIANPOINT((-116.259038883931,-134.286638118618));
#5369=IFCCARTESIANPOINT((-114.257531780546,-139.189615807554));
#5370=IFCCARTESIANPOINT((-110.531049476092,-148.313355596329));
#5371=IFCCARTESIANPOINT((-58.2228560180811,-276.403607675864));
#5372=IFCCARTESIANPOINT((-79.6667838737194,-258.640307825117));
#5373=IFCCARTESIANPOINT((-96.1529545756639,-218.026361772907));
#5374=IFCCARTESIANPOINT((-102.360163674894,-202.737897651852));
#5375=IFCCARTESIANPOINT((-111.765064909414,-179.570034235658));
#5376=IFCCARTESIANPOINT((-116.133131109789,-168.80975678243));
#5377=IFCCARTESIANPOINT((-125.401434723026,-145.977181368682));
#5378=IFCCARTESIANPOINT((-128.184907697752,-139.121351823094));
#5379=IFCCARTESIANPOINT((-130.367258202605,-133.743962648499));
#5380=IFCCARTESIANPOINT((-129.491512059554,-133.389012854896));
#5381=IFCCARTESIANPOINT((-133.693185819517,-123.130194885889));
#5382=IFCCARTESIANPOINT((-139.733822729875,-108.382179768698));
#5383=IFCCARTESIANPOINT((-145.774343355384,-93.6355776506243));
#5384=IFCCARTESIANPOINT((-148.380212989752,-94.6934514194727));
#5385=IFCCARTESIANPOINT((-149.499705667637,-95.1529243106488));
#5386=IFCCARTESIANPOINT((-149.763075013034,-94.5036797777866));
#5387=IFCCARTESIANPOINT((-152.695522277878,-87.2790755412425));
#5388=IFCCARTESIANPOINT((-153.839372730436,-84.4603661607835));
#5389=IFCCARTESIANPOINT((-166.985379992344,-52.073566718027));
#5390=IFCCARTESIANPOINT((-168.140983322024,-49.2282085940824));
#5391=IFCCARTESIANPOINT((-168.59847523013,-48.0999995038146));
#5392=IFCCARTESIANPOINT((-170.620625845069,-43.1201710753958));
#5393=IFCCARTESIANPOINT((-173.642691477697,-35.6746391494526));
#5394=IFCCARTESIANPOINT((-176.665493529639,-28.2284220212023));
#5395=IFCCARTESIANPOINT((-178.409073505871,-22.9781473894254));
#5396=IFCCARTESIANPOINT((-217.39421375157,-22.9788629605318));
#5397=IFCCARTESIANPOINT((-232.394577330648,-22.980047068675));
#5398=IFCCARTESIANPOINT((-244.40007976655,-22.9793509289739));
#5399=IFCCARTESIANPOINT((-247.400028560602,-22.9796743599582));
#5400=IFCCARTESIANPOINT((-299.399731963669,-22.9812755858875));
#5401=IFCCARTESIANPOINT((-306.400276700762,-22.981561210996));
#5402=IFCCARTESIANPOINT((-343.669637732935,-22.9819073934923));
#5403=IFCCARTESIANPOINT((-325.067717825179,-0.525593992730137));
#5404=IFCCARTESIANPOINT((-306.39682557169,-0.526320334814955));
#5405=IFCPOLYLINE((#3633,#3634,#3635,#3636,#3637,#3638,#3639,#3640,#3641,#3642,#3643,#3644,#3645,#3646,#3647,#3648,#3649,#3650,#3651,#3652,#3653,#3654,#3655,#3656,#3657,#3658,#3659,#3660,#3661,#3662,#3663,#3664,#3665,#3666,#3667,#3668,#3669,#3670,#3671,#3672,#3673,#3674,#3675,#3676,#3677,#3678,#3679,#3680,#3681,#3682,#3683,#3684,#3685,#3686,#3687,#3688,#3689,#3690,#3691,#3692,#3693,#3694,#3695,#3696,#3697,#3698,#3699,#3700,#3701,#3702,#3703,#3704,#3705,#3706,#3707,#3708,#3709,#3710,#3711,#3712,#3713,#3714,#3715,#3716,#3717,#3718,#3719,#3720,#3721,#3722,#3723,#3724,#3725,#3726,#3727,#3728,#3729,#3730,#3731,#3732,#3733,#3734,#3735,#3736,#3737,#3738,#3739,#3740,#3741,#3742,#3743,#3744,#3745,#3746,#3747,#3748,#3749,#3750,#3751,#3752,#3753,#3754,#3755,#3756,#3757,#3758,#3759,#3760,#3761,#3762,#3763,#3764,#3765,#3766,#3767,#3768,#3769,#3770,#3771,#3772,#3773,#3774,#3775,#3776,#3777,#3778,#3779,#3780,#3781,#3782,#3783,#3784,#3785,#3786,#3787,#3788,#3789,#3790,#3791,#3792,#3793,#3794,#3795,#3796,#3797,#3798,#3799,#3800,#3801,#3802,#3803,#3804,#3805,#3806,#3807,#3808,#3809,#3810,#3811,#3812,#3813,#3814,#3815,#3816,#3817,#3818,#3819,#3820,#3821,#3822,#3823,#3824,#3825,#3826,#3827,#3828,#3829,#3830,#3831,#3832,#3833,#3834,#3835,#3836,#3837,#3838,#3839,#3840,#3841,#3842,#3843,#3844,#3845,#3846,#3847,#3848,#3849,#3850,#3851,#3852,#3853,#3854,#3855,#3856,#3857,#3858,#3859,#3860,#3861,#3862,#3863,#3864,#3865,#3866,#3867,#3868,#3869,#3870,#3871,#3872,#3873,#3874,#3875,#3876,#3877,#3878,#3879,#3880,#3881,#3882,#3883,#3884,#3885,#3886,#3887,#3888,#3889,#3890,#3891,#3892,#3893,#3894,#3895,#3896,#3897,#3898,#3899,#3900,#3901,#3902,#3903,#3904,#3905,#3906,#3907,#3908,#3909,#3910,#3911,#3912,#3913,#3914,#3915,#3916,#3917,#3918,#3919,#3920,#3921,#3922,#3923,#3924,#3925,#3926,#3927,#3928,#3929,#3930,#3931,#3932,#3933,#3934,#3935,#3936,#3937,#3938,#3939,#3940,#3941,#3942,#3943,#3944,#3945,#3946,#3947,#3948,#3949,#3950,#3951,#3952,#3953,#3954,#3955,#3956,#3957,#3958,#3959,#3960,#3961,#3962,#3963,#3964,#3965,#3966,#3967,#3968,#3969,#3970,#3971,#3972,#3973,#3974,#3975,#3976,#3977,#3978,#3979,#3980,#3981,#3982,#3983,#3984,#3985,#3986,#3987,#3988,#3989,#3990,#3991,#3992,#3993,#3994,#3995,#3996,#3997,#3998,#3999,#4000,#4001,#4002,#4003,#4004,#4005,#4006,#4007,#4008,#4009,#4010,#4011,#4012,#4013,#4014,#4015,#4016,#4017,#4018,#4019,#4020,#4021,#4022,#4023,#4024,#4025,#4026,#4027,#4028,#4029,#4030,#4031,#4032,#4033,#4034,#4035,#4036,#4037,#4038,#4039,#4040,#4041,#4042,#4043,#4044,#4045,#4046,#4047,#4048,#4049,#4050,#4051,#4052,#4053,#4054,#4055,#4056,#4057,#4058,#4059,#4060,#4061,#4062,#4063,#4064,#4065,#4066,#4067,#4068,#4069,#4070,#4071,#4072,#4073,#4074,#4075,#4076,#4077,#4078,#4079,#4080,#4081,#4082,#4083,#4084,#4085,#4086,#4087,#4088,#4089,#4090,#4091,#4092,#4093,#4094,#4095,#4096,#4097,#4098,#4099,#4100,#4101,#4102,#4103,#4104,#4105,#4106,#4107,#4108,#4109,#4110,#4111,#4112,#4113,#4114,#4115,#4116,#4117,#4118,#4119,#4120,#4121,#4122,#4123,#4124,#4125,#4126,#4127,#4128,#4129,#4130,#4131,#4132,#4133,#4134,#4135,#4136,#4137,#4138,#4139,#4140,#4141,#4142,#4143,#4144,#4145,#4146,#4147,#4148,#4149,#4150,#4151,#4152,#4153,#4154,#4155,#4156,#4157,#4158,#4159,#4160,#4161,#4162,#4163,#4164,#4165,#4166,#4167,#4168,#4169,#4170,#4171,#4172,#4173,#4174,#4175,#4176,#4177,#4178,#4179,#4180,#4181,#4182,#4183,#4184,#4185,#4186,#4187,#4188,#4189,#4190,#4191,#4192,#4193,#4194,#4195,#4196,#4197,#4198,#4199,#4200,#4201,#4202,#4203,#4204,#4205,#4206,#4207,#4208,#4209,#4210,#4211,#4212,#4213,#4214,#4215,#4216,#4217,#4218,#4219,#4220,#4221,#4222,#4223,#4224,#4225,#4226,#4227,#4228,#4229,#4230,#4231,#4232,#4233,#4234,#4235,#4236,#4237,#4238,#4239,#4240,#4241,#4242,#4243,#4244,#4245,#4246,#4247,#4248,#4249,#4250,#4251,#4252,#4253,#4254,#4255,#4256,#4257,#4258,#4259,#4260,#4261,#4262,#4263,#4264,#4265,#4266,#4267,#4268,#4269,#4270,#4271,#4272,#4273,#4274,#4275,#4276,#4277,#4278,#4279,#4280,#4281,#4282,#4283,#4284,#4285,#4286,#4287,#4288,#4289,#4290,#4291,#4292,#4293,#4294,#4295,#4296,#4297,#4298,#4299,#4300,#4301,#4302,#4303,#4304,#4305,#4306,#4307,#4308,#4309,#4310,#4311,#4312,#4313,#4314,#4315,#4316,#4317,#4318,#4319,#4320,#4321,#4322,#4323,#4324,#4325,#4326,#4327,#4328,#4329,#4330,#4331,#4332,#4333,#4334,#4335,#4336,#4337,#4338,#4339,#4340,#4341,#4342,#4343,#4344,#4345,#4346,#4347,#4348,#4349,#4350,#4351,#4352,#4353,#4354,#4355,#4356,#4357,#4358,#4359,#4360,#4361,#4362,#4363,#4364,#4365,#4366,#4367,#4368,#4369,#4370,#4371,#4372,#4373,#4374,#4375,#4376,#4377,#4378,#4379,#4380,#4381,#4382,#4383,#4384,#4385,#4386,#4387,#4388,#4389,#4390,#4391,#4392,#4393,#4394,#4395,#4396,#4397,#4398,#4399,#4400,#4401,#4402,#4403,#4404,#4405,#4406,#4407,#4408,#4409,#4410,#4411,#4412,#4413,#4414,#4415,#4416,#4417,#4418,#4419,#4420,#4421,#4422,#4423,#4424,#4425,#4426,#4427,#4428,#4429,#4430,#4431,#4432,#4433,#4434,#4435,#4436,#4437,#4438,#4439,#4440,#4441,#4442,#4443,#4444,#4445,#4446,#4447,#4448,#4449,#4450,#4451,#4452,#4453,#4454,#4455,#4456,#4457,#4458,#4459,#4460,#4461,#4462,#4463,#4464,#4465,#4466,#4467,#4468,#4469,#4470,#4471,#4472,#4473,#4474,#4475,#4476,#4477,#4478,#4479,#4480,#4481,#4482,#4483,#4484,#4485,#4486,#4487,#4488,#4489,#4490,#4491,#4492,#4493,#4494,#4495,#4496,#4497,#4498,#4499,#4500,#4501,#4502,#4503,#4504,#4505,#4506,#4507,#4508,#4509,#4510,#4511,#4512,#4513,#4514,#4515,#4516,#4517,#4518,#4519,#4520,#4521,#4522,#4523,#4524,#4525,#4526,#4527,#4528,#4529,#4530,#4531,#4532,#4533,#4534,#4535,#4536,#4537,#4538,#4539,#4540,#4541,#4542,#4543,#4544,#4545,#4546,#4547,#4548,#4549,#4550,#4551,#4552,#4553,#4554,#4555,#4556,#4557,#4558,#4559,#4560,#4561,#4562,#4563,#4564,#4565,#4566,#4567,#4568,#4569,#4570,#4571,#4572,#4573,#4574,#4575,#4576,#4577,#4578,#4579,#4580,#4581,#4582,#4583,#4584,#4585,#4586,#4587,#4588,#4589,#4590,#4591,#4592,#4593,#4594,#4595,#4596,#4597,#4598,#4599,#4600,#4601,#4602,#4603,#4604,#4605,#4606,#4607,#4608,#4609,#4610,#4611,#4612,#4613,#4614,#4615,#4616,#4617,#4618,#4619,#4620,#4621,#4622,#4623,#4624,#4625,#4626,#4627,#4628,#4629,#4630,#4631,#4632,#4633,#4634,#4635,#4636,#4637,#4638,#4639,#4640,#4641,#4642,#4643,#4644,#4645,#4646,#4647,#4648,#4649,#4650,#4651,#4652,#4653,#4654,#4655,#4656,#4657,#4658,#4659,#4660,#4661,#4662,#4663,#4664,#4665,#4666,#4667,#4668,#4669,#4670,#4671,#4672,#4673,#4674,#4675,#4676,#4677,#4678,#4679,#4680,#4681,#4682,#4683,#4684,#4685,#4686,#4687,#4688,#4689,#4690,#4691,#4692,#4693,#4694,#4695,#4696,#4697,#4698,#4699,#4700,#4701,#4702,#4703,#4704,#4705,#4706,#4707,#4708,#4709,#4710,#4711,#4712,#4713,#4714,#4715,#4716,#4717,#4718,#4719,#4720,#4721,#4722,#4723,#4724,#4725,#4726,#4727,#4728,#4729,#4730,#4731,#4732,#4733,#4734,#4735,#4736,#4737,#4738,#4739,#4740,#4741,#4742,#4743,#4744,#4745,#4746,#4747,#4748,#4749,#4750,#4751,#4752,#4753,#4754,#4755,#4756,#4757,#4758,#4759,#4760,#4761,#4762,#4763,#4764,#4765,#4766,#4767,#4768,#4769,#4770,#4771,#4772,#4773,#4774,#4775,#4776,#4777,#4778,#4779,#4780,#4781,#4782,#4783,#4784,#4785,#4786,#4787,#4788,#4789,#4790,#4791,#4792,#4793,#4794,#4795,#4796,#4797,#4798,#4799,#4800,#4801,#4802,#4803,#4804,#4805,#4806,#4807,#4808,#4809,#4810,#4811,#4812,#4813,#4814,#4815,#4816,#4817,#4818,#4819,#4820,#4821,#4822,#4823,#4824,#4825,#4826,#4827,#4828,#4829,#4830,#4831,#4832,#4833,#4834,#4835,#4836,#4837,#4838,#4839,#4840,#4841,#4842,#4843,#4844,#4845,#4846,#4847,#4848,#4849,#4850,#4851,#4852,#4853,#4854,#4855,#4856,#4857,#4858,#4859,#4860,#4861,#4862,#4863,#4864,#4865,#4866,#4867,#4868,#4869,#4870,#4871,#4872,#4873,#4874,#4875,#4876,#4877,#4878,#4879,#4880,#4881,#4882,#4883,#4884,#4885,#4886,#4887,#4888,#4889,#4890,#4891,#4892,#4893,#4894,#4895,#4896,#4897,#4898,#4899,#4900,#4901,#4902,#4903,#4904,#4905,#4906,#4907,#4908,#4909,#4910,#4911,#4912,#4913,#4914,#4915,#4916,#4917,#4918,#4919,#4920,#4921,#4922,#4923,#4924,#4925,#4926,#4927,#4928,#4929,#4930,#4931,#4932,#4933,#4934,#4935,#4936,#4937,#4938,#4939,#4940,#4941,#4942,#4943,#4944,#4945,#4946,#4947,#4948,#4949,#4950,#4951,#4952,#4953,#4954,#4955,#4956,#4957,#4958,#4959,#4960,#4961,#4962,#4963,#4964,#4965,#4966,#4967,#4968,#4969,#4970,#4971,#4972,#4973,#4974,#4975,#4976,#4977,#4978,#4979,#4980,#4981,#4982,#4983,#4984,#4985,#4986,#4987,#4988,#4989,#4990,#4991,#4992,#4993,#4994,#4995,#4996,#4997,#4998,#4999,#5000,#5001,#5002,#5003,#5004,#5005,#5006,#5007,#5008,#5009,#5010,#5011,#5012,#5013,#5014,#5015,#5016,#5017,#5018,#5019,#5020,#5021,#5022,#5023,#5024,#5025,#5026,#5027,#5028,#5029,#5030,#5031,#5032,#5033,#5034,#5035,#5036,#5037,#5038,#5039,#5040,#5041,#5042,#5043,#5044,#5045,#5046,#5047,#5048,#5049,#5050,#5051,#5052,#5053,#5054,#5055,#5056,#5057,#5058,#5059,#5060,#5061,#5062,#5063,#5064,#5065,#5066,#5067,#5068,#5069,#5070,#5071,#5072,#5073,#5074,#5075,#5076,#5077,#5078,#5079,#5080,#5081,#5082,#5083,#5084,#5085,#5086,#5087,#5088,#5089,#5090,#5091,#5092,#5093,#5094,#5095,#5096,#5097,#5098,#5099,#5100,#5101,#5102,#5103,#5104,#5105,#5106,#5107,#5108,#5109,#5110,#5111,#5112,#5113,#5114,#5115,#5116,#5117,#5118,#5119,#5120,#5121,#5122,#5123,#5124,#5125,#5126,#5127,#5128,#5129,#5130,#5131,#5132,#5133,#5134,#5135,#5136,#5137,#5138,#5139,#5140,#5141,#5142,#5143,#5144,#5145,#5146,#5147,#5148,#5149,#5150,#5151,#5152,#5153,#5154,#5155,#5156,#5157,#5158,#5159,#5160,#5161,#5162,#5163,#5164,#5165,#5166,#5167,#5168,#5169,#5170,#5171,#5172,#5173,#5174,#5175,#5176,#5177,#5178,#5179,#5180,#5181,#5182,#5183,#5184,#5185,#5186,#5187,#5188,#5189,#5190,#5191,#5192,#5193,#5194,#5195,#5196,#5197,#5198,#5199,#5200,#5201,#5202,#5203,#5204,#5205,#5206,#5207,#5208,#5209,#5210,#5211,#5212,#5213,#5214,#5215,#5216,#5217,#5218,#5219,#5220,#5221,#5222,#5223,#5224,#5225,#5226,#5227,#5228,#5229,#5230,#5231,#5232,#5233,#5234,#5235,#5236,#5237,#5238,#5239,#5240,#5241,#5242,#5243,#5244,#5245,#5246,#5247,#5248,#5249,#5250,#5251,#5252,#5253,#5254,#5255,#5256,#5257,#5258,#5259,#5260,#5261,#5262,#5263,#5264,#5265,#5266,#5267,#5268,#5269,#5270,#5271,#5272,#5273,#5274,#5275,#5276,#5277,#5278,#5279,#5280,#5281,#5282,#5283,#5284,#5285,#5286,#5287,#5288,#5289,#5290,#5291,#5292,#5293,#5294,#5295,#5296,#5297,#5298,#5299,#5300,#5301,#5302,#5303,#5304,#5305,#5306,#5307,#5308,#5309,#5310,#5311,#5312,#5313,#5314,#5315,#5316,#5317,#5318,#5319,#5320,#5321,#5322,#5323,#5324,#5325,#5326,#5327,#5328,#5329,#5330,#5331,#5332,#5333,#5334,#5335,#5336,#5337,#5338,#5339,#5340,#5341,#5342,#5343,#5344,#5345,#5346,#5347,#5348,#5349,#5350,#5351,#5352,#5353,#5354,#5355,#5356,#5357,#5358,#5359,#5360,#5361,#5362,#5363,#5364,#5365,#5366,#5367,#5368,#5369,#5370,#5371,#5372,#5373,#5374,#5375,#5376,#5377,#5378,#5379,#5380,#5381,#5382,#5383,#5384,#5385,#5386,#5387,#5388,#5389,#5390,#5391,#5392,#5393,#5394,#5395,#5396,#5397,#5398,#5399,#5400,#5401,#5402,#5403,#5404));
#5406=IFCARBITRARYCLOSEDPROFILEDEF(.AREA.,$,#5405);
#5407=IFCEXTRUDEDAREASOLID(#5406,#3631,#3632,0.1);
#5408=IFCSHAPEREPRESENTATION(#11,'Body','SweptSolid',(#5407));
#5409=IFCPRODUCTDEFINITIONSHAPE($,$,(#5408));
#5410=IFCSLAB('38pk0aPlP16hadWVviCQv8',#5,'NL.IMRO.0772.EP1392904945-00',$,$,#3627,#5409,$,.NOTDEFINED.);
#5411=IFCSTYLEDITEM(#5407,(#1443),$);
#5412=IFCPROPERTYSINGLEVALUE('plan_id',$,IFCTEXT('NL.IMRO.0772.80284-0301'),$);
#5413=IFCPROPERTYSINGLEVALUE('plan_naam',$,IFCTEXT('Strijp-S 2017'),$);
#5414=IFCPROPERTYSINGLEVALUE('id',$,IFCTEXT('NL.IMRO.0772.EP1392904945-00'),$);
#5415=IFCPROPERTYSINGLEVALUE('naam',$,IFCTEXT('Verkeer - Verblijfsgebied'),$);
#5416=IFCPROPERTYSINGLEVALUE('bestemmingshoofdgroep',$,IFCTEXT('verkeer'),$);
#5417=IFCPROPERTYSINGLEVALUE('verwijzing_naar_tekst',$,IFCTEXT('https://www.ruimtelijkeplannen.nl/documents/NL.IMRO.0772.80284-0301/r_NL.IMRO.0772.80284-0301.html#_8_Verkeer-Verblijfsgebied'),$);
#5418=IFCPROPERTYSINGLEVALUE('plan_dossierstatus',$,IFCTEXT('geheel onherroepelijk in werking'),$);
#5419=IFCPROPERTYSINGLEVALUE('plan_besluitnummer',$,IFCTEXT('17bst01754'),$);
#5420=IFCPROPERTYSINGLEVALUE('type_planobject',$,IFCTEXT('enkelbestemming'),$);
#5421=IFCPROPERTYSET('0GJJmGdzr0L8pshFRYc1hu',#5,'CPset_DSO-Enkelbestemming',$,(#5412,#5413,#5414,#5415,#5416,#5417,#5418,#5419,#5420));
#5422=IFCRELDEFINESBYPROPERTIES('2XbGvnjhX5QuRwOvQh5L7t',#5,$,$,(#5410),#5421);
#5423=IFCCARTESIANPOINT((0.,0.,-0.1));
#5424=IFCDIRECTION((0.,0.,1.));
#5425=IFCDIRECTION((1.,0.,0.));
#5426=IFCAXIS2PLACEMENT3D(#5423,#5424,#5425);
#5427=IFCLOCALPLACEMENT(#37,#5426);
#5428=IFCCARTESIANPOINT((0.,0.,0.));
#5429=IFCDIRECTION((0.,0.,1.));
#5430=IFCDIRECTION((1.,0.,0.));
#5431=IFCAXIS2PLACEMENT3D(#5428,#5429,#5430);
#5432=IFCDIRECTION((0.,0.,1.));
#5433=IFCCARTESIANPOINT((275.400359753054,-48.7770910875406));
#5434=IFCCARTESIANPOINT((275.387278798094,-48.7066564335255));
#5435=IFCCARTESIANPOINT((275.374023507437,-48.6362580672139));
#5436=IFCCARTESIANPOINT((275.360638173181,-48.5658424032154));
#5437=IFCCARTESIANPOINT((275.347164249717,-48.4955339079024));
#5438=IFCCARTESIANPOINT((275.333474539191,-48.4251372365397));
#5439=IFCCARTESIANPOINT((275.319826279243,-48.3548650298617));
#5440=IFCCARTESIANPOINT((275.305917933059,-48.2845582268783));
#5441=IFCCARTESIANPOINT((275.291965294891,-48.2143050111481));
#5442=IFCCARTESIANPOINT((275.277882612281,-48.1440344967996));
#5443=IFCCARTESIANPOINT((275.263711342966,-48.0738711533486));
#5444=IFCCARTESIANPOINT((275.249279990298,-48.0036732159206));
#5445=IFCCARTESIANPOINT((275.234848634194,-47.9334752769792));
#5446=IFCCARTESIANPOINT((275.220328688592,-47.8633845064905));
#5447=IFCCARTESIANPOINT((275.205678701663,-47.7932764400612));
#5448=IFCCARTESIANPOINT((275.19085437982,-47.7232046621502));
#5449=IFCCARTESIANPOINT((275.175900014496,-47.6531155864359));
#5450=IFCCARTESIANPOINT((275.160771311348,-47.5830627970281));
#5451=IFCCARTESIANPOINT((275.145598315547,-47.5130635941168));
#5452=IFCCARTESIANPOINT((275.130381024559,-47.4431179755484));
#5453=IFCCARTESIANPOINT((275.114903649694,-47.3731377629447));
#5454=IFCCARTESIANPOINT((275.099381978012,-47.3032111334032));
#5455=IFCCARTESIANPOINT((275.0837302648,-47.2332672077464));
#5456=IFCCARTESIANPOINT((275.067989964242,-47.1634304522304));
#5457=IFCCARTESIANPOINT((275.052119618049,-47.0935763972811));
#5458=IFCCARTESIANPOINT((275.036074937263,-47.0237586309086));
#5459=IFCCARTESIANPOINT((275.019900215091,-46.9539235686534));
#5460=IFCCARTESIANPOINT((275.003681197501,-46.8841420906247));
#5461=IFCCARTESIANPOINT((274.987287844066,-46.8143969004159));
#5462=IFCCARTESIANPOINT((274.970850194048,-46.744705293444));
#5463=IFCCARTESIANPOINT((274.954238206526,-46.6750499730115));
#5464=IFCCARTESIANPOINT((274.937496179744,-46.6053773582098));
#5465=IFCCARTESIANPOINT((274.920665564045,-46.535811912152));
#5466=IFCCARTESIANPOINT((274.903619156306,-46.4661582860281));
#5467=IFCCARTESIANPOINT((274.886614201678,-46.3966291264514));
#5468=IFCCARTESIANPOINT((274.869349166547,-46.3270653754589));
#5469=IFCCARTESIANPOINT((274.85203983073,-46.2575552045018));
#5470=IFCCARTESIANPOINT((274.834600454458,-46.1880277381861));
#5471=IFCCARTESIANPOINT((274.817072493723,-46.1186074442812));
#5472=IFCCARTESIANPOINT((274.799370192428,-46.0492234342964));
#5473=IFCCARTESIANPOINT((274.781537848321,-45.9798221269739));
#5474=IFCCARTESIANPOINT((274.763661213859,-45.9104744082433));
#5475=IFCCARTESIANPOINT((274.74561023686,-45.8411629716866));
#5476=IFCCARTESIANPOINT((274.727429220773,-45.7718342408771));
#5477=IFCCARTESIANPOINT((274.709203910577,-45.7025590955163));
#5478=IFCCARTESIANPOINT((274.690759967518,-45.6333738194662));
#5479=IFCCARTESIANPOINT((274.672230278637,-45.5641176645295));
#5480=IFCCARTESIANPOINT((274.653611997841,-45.4949686758919));
#5481=IFCCARTESIANPOINT((274.634863680199,-45.4258023949224));
#5482=IFCCARTESIANPOINT((274.616026766773,-45.3567432771088));
#5483=IFCCARTESIANPOINT((274.597059817344,-45.2876668676035));
#5484=IFCCARTESIANPOINT((274.577918527968,-45.218626742484));
#5485=IFCCARTESIANPOINT((274.55864719706,-45.1495693212491));
#5486=IFCCARTESIANPOINT((274.539287279156,-45.0806190703879));
#5487=IFCCARTESIANPOINT((274.519883062138,-45.0117224004352));
#5488=IFCCARTESIANPOINT((274.500263060094,-44.9427375563537));
#5489=IFCCARTESIANPOINT((274.480640212802,-44.8739307592623));
#5490=IFCCARTESIANPOINT((274.460757281777,-44.805089367961));
#5491=IFCCARTESIANPOINT((274.440874354827,-44.7362479813164));
#5492=IFCCARTESIANPOINT((274.420772791695,-44.6674964612466));
#5493=IFCCARTESIANPOINT((274.400626937189,-44.5987985288375));
#5494=IFCCARTESIANPOINT((274.380351040774,-44.5300832997891));
#5495=IFCCARTESIANPOINT((274.359900805488,-44.4614043559413));
#5496=IFCCARTESIANPOINT((274.339406275976,-44.3927789971349));
#5497=IFCCARTESIANPOINT((274.318781708105,-44.324136345007));
#5498=IFCCARTESIANPOINT((274.297938505624,-44.2555835606181));
#5499=IFCCARTESIANPOINT((274.277095302445,-44.1870307769277));
#5500=IFCCARTESIANPOINT((274.256163513201,-44.1185851641349));
#5501=IFCCARTESIANPOINT((274.234971637139,-44.0501049547456));
#5502=IFCCARTESIANPOINT((274.213821217243,-43.9817492144066));
#5503=IFCCARTESIANPOINT((274.192455005425,-43.9133052938269));
#5504=IFCCARTESIANPOINT((274.17100020466,-43.8449685420492));
#5505=IFCCARTESIANPOINT((274.149371066567,-43.7766680766945));
#5506=IFCCARTESIANPOINT((274.127697635937,-43.7084211979527));
#5507=IFCCARTESIANPOINT((274.105894163629,-43.6401570226881));
#5508=IFCCARTESIANPOINT((274.084002101619,-43.5720000155852));
#5509=IFCCARTESIANPOINT((274.061894250772,-43.5037548308028));
#5510=IFCCARTESIANPOINT((274.039783555578,-43.4356876939419));
#5511=IFCCARTESIANPOINT((274.017412779009,-43.3675859646173));
#5512=IFCCARTESIANPOINT((273.995083453163,-43.2996087000356));
#5513=IFCCARTESIANPOINT((273.972538342641,-43.2315432612668));
#5514=IFCCARTESIANPOINT((273.949904639157,-43.1635849877493));
#5515=IFCCARTESIANPOINT((273.92722664008,-43.0956802981091));
#5516=IFCCARTESIANPOINT((273.904288558202,-43.0277410151903));
#5517=IFCCARTESIANPOINT((273.881347637158,-42.9599797842093));
#5518=IFCCARTESIANPOINT((273.858190927509,-42.8921303757816));
#5519=IFCCARTESIANPOINT((273.834989920433,-42.8243345500086));
#5520=IFCCARTESIANPOINT((273.811700323742,-42.7566458922229));
#5521=IFCCARTESIANPOINT((273.788280686975,-42.6889399393112));
#5522=IFCCARTESIANPOINT((273.764686712384,-42.6212702722405));
#5523=IFCCARTESIANPOINT((273.741004150943,-42.5537077757181));
#5524=IFCCARTESIANPOINT((273.717191544245,-42.4861279798206));
#5525=IFCCARTESIANPOINT((273.693334646843,-42.4186017718748));
#5526=IFCCARTESIANPOINT((273.669303410425,-42.351111848955));
#5527=IFCCARTESIANPOINT((273.645142132853,-42.2836046299781));
#5528=IFCCARTESIANPOINT((273.620892266656,-42.2162045799196));
#5529=IFCCARTESIANPOINT((273.596468062286,-42.1488408155274));
#5530=IFCCARTESIANPOINT((273.571999565902,-42.0815306378063));
#5531=IFCCARTESIANPOINT((273.547442480602,-42.0143276288873));
#5532=IFCCARTESIANPOINT((273.522669606173,-41.9470364420558));
#5533=IFCCARTESIANPOINT((273.479424879828,-41.8177528840606));
#5534=IFCCARTESIANPOINT((273.435961520678,-41.6885591982282));
#5535=IFCCARTESIANPOINT((273.392323824606,-41.5594018021366));
#5536=IFCCARTESIANPOINT((273.348467496398,-41.4303342790809));
#5537=IFCCARTESIANPOINT((273.304481126106,-41.3012494623545));
#5538=IFCCARTESIANPOINT((273.260361868335,-41.172325397376));
#5539=IFCCARTESIANPOINT((273.215982524533,-41.043366739701));
#5540=IFCCARTESIANPOINT((273.171514592512,-40.9145152540295));
#5541=IFCCARTESIANPOINT((273.126828026812,-40.7857536399388));
#5542=IFCCARTESIANPOINT((273.081967123871,-40.657028315356));
#5543=IFCCARTESIANPOINT((273.036931879673,-40.528339276847));
#5544=IFCCARTESIANPOINT((272.991808048711,-40.3997574117384));
#5545=IFCCARTESIANPOINT((272.946379836649,-40.2711945367046));
#5546=IFCCARTESIANPOINT((272.90090732908,-40.1426852488075));
#5547=IFCCARTESIANPOINT((272.855216188851,-40.0142658330733));
#5548=IFCCARTESIANPOINT((272.809306414827,-39.8859362888034));
#5549=IFCCARTESIANPOINT((272.763266597904,-39.7575894501642));
#5550=IFCCARTESIANPOINT((272.717008147418,-39.6293324831058));
#5551=IFCCARTESIANPOINT((272.670661108597,-39.5011826879927));
#5552=IFCCARTESIANPOINT((272.624009690277,-39.3730518842349));
#5553=IFCCARTESIANPOINT((272.577313972433,-39.2449746642378));
#5554=IFCCARTESIANPOINT((272.530399626528,-39.1169873200706));
#5555=IFCCARTESIANPOINT((272.483310938725,-38.9890362616279));
#5556=IFCCARTESIANPOINT((272.436003620445,-38.861175077036));
#5557=IFCCARTESIANPOINT((272.388652007241,-38.7333674799302));
#5558=IFCCARTESIANPOINT((272.341081760795,-38.6056497545214));
#5559=IFCCARTESIANPOINT((272.293207134499,-38.4779510202934));
#5560=IFCCARTESIANPOINT((272.245288212114,-38.350305872329));
#5561=IFCCARTESIANPOINT((272.197236404929,-38.2228214783827));
#5562=IFCCARTESIANPOINT((272.148924512177,-38.0953024914488));
#5563=IFCCARTESIANPOINT((272.100524030539,-37.9678906760528));
#5564=IFCCARTESIANPOINT((272.05181916806,-37.8404978508479));
#5565=IFCCARTESIANPOINT((272.003025716433,-37.713212196657));
#5566=IFCCARTESIANPOINT((271.9541436742,-37.5860337125487));
#5567=IFCCARTESIANPOINT((271.904957249033,-37.4588742168853));
#5568=IFCCARTESIANPOINT((271.855640784808,-37.3316974299378));
#5569=IFCCARTESIANPOINT((271.806147136929,-37.2047349766362));
#5570=IFCCARTESIANPOINT((271.756523449178,-37.0777552313521));
#5571=IFCCARTESIANPOINT((271.706681130832,-36.9508653599187));
#5572=IFCCARTESIANPOINT((271.656750218797,-36.824082655774));
#5573=IFCCARTESIANPOINT((271.606559221487,-36.6972653588746));
#5574=IFCCARTESIANPOINT((271.55623534249,-36.5706088184961));
#5575=IFCCARTESIANPOINT((271.505781416519,-36.4439349801396));
#5576=IFCCARTESIANPOINT((271.455064566428,-36.3174045998603));
#5577=IFCCARTESIANPOINT((271.404303422896,-36.1909278079984));
#5578=IFCCARTESIANPOINT((271.353237895964,-36.0644700041739));
#5579=IFCCARTESIANPOINT((271.302083777904,-35.9381193695008));
#5580=IFCCARTESIANPOINT((271.250711031462,-35.8118586106575));
#5581=IFCCARTESIANPOINT((271.199293988728,-35.685651437554));
#5582=IFCCARTESIANPOINT((271.147572564456,-35.5594632540015));
#5583=IFCCARTESIANPOINT((271.095718255878,-35.4334358245251));
#5584=IFCCARTESIANPOINT((271.043689610262,-35.3074446842656));
#5585=IFCCARTESIANPOINT((270.991486627638,-35.1814898332814));
#5586=IFCCARTESIANPOINT((270.93919505502,-35.0556421524961));
#5587=IFCCARTESIANPOINT((270.886599103309,-34.9298134630662));
#5588=IFCCARTESIANPOINT((270.833914560819,-34.8040919432533));
#5589=IFCCARTESIANPOINT((270.781055679341,-34.6784067111439));
#5590=IFCCARTESIANPOINT((270.728063916089,-34.5528822349152));
#5591=IFCCARTESIANPOINT((270.674812065699,-34.4273231643601));
#5592=IFCCARTESIANPOINT((270.621471626888,-34.3018712652847));
#5593=IFCCARTESIANPOINT((270.567912554397,-34.1765092372079));
#5594=IFCCARTESIANPOINT((270.514264894562,-34.0512543814839));
#5595=IFCCARTESIANPOINT((270.460357147007,-33.9259649310261));
#5596=IFCCARTESIANPOINT((270.40631651532,-33.8008362343535));
#5597=IFCCARTESIANPOINT((270.352101549623,-33.6757438294007));
#5598=IFCCARTESIANPOINT((270.297797988751,-33.5507585902815));
#5599=IFCCARTESIANPOINT((270.243190050882,-33.4257923440891));
#5600=IFCCARTESIANPOINT((270.188493522961,-33.3009332680376));
#5601=IFCCARTESIANPOINT((270.13362266068,-33.1761104831821));
#5602=IFCCARTESIANPOINT((270.078618909494,-33.0514484482701));
#5603=IFCCARTESIANPOINT((270.023440823919,-32.9268227046705));
#5604=IFCCARTESIANPOINT((269.968088399706,-32.8022332488326));
#5605=IFCCARTESIANPOINT((269.912517344957,-32.6777336663799));
#5606=IFCCARTESIANPOINT((269.85677195192,-32.5532703719218));
#5607=IFCCARTESIANPOINT((269.800893672305,-32.4289678292698));
#5608=IFCCARTESIANPOINT((269.744841057982,-32.3047015775228));
#5609=IFCCARTESIANPOINT((269.688614105369,-32.180471613945));
#5610=IFCCARTESIANPOINT((269.632298566372,-32.0563488231855));
#5611=IFCCARTESIANPOINT((269.575764390611,-31.9323159005144));
#5612=IFCCARTESIANPOINT((269.519011587574,-31.8083728539641));
#5613=IFCCARTESIANPOINT((269.462214487168,-31.6844833923387));
#5614=IFCCARTESIANPOINT((269.405113005778,-31.5606129200314));
#5615=IFCCARTESIANPOINT((269.347878642991,-31.4369032038376));
#5616=IFCCARTESIANPOINT((269.290599983418,-31.3132470730343));
#5617=IFCCARTESIANPOINT((269.232972653292,-31.1896635192097));
#5618=IFCCARTESIANPOINT((269.175301020441,-31.0661335455952));
#5619=IFCCARTESIANPOINT((269.117496510298,-30.9427643314702));
#5620=IFCCARTESIANPOINT((269.059431915899,-30.8193605251145));
#5621=IFCCARTESIANPOINT((269.00123443437,-30.6961174698663));
#5622=IFCCARTESIANPOINT((268.942862614669,-30.5729107026127));
#5623=IFCCARTESIANPOINT((268.884316458338,-30.4497402246925));
#5624=IFCCARTESIANPOINT((268.825637420319,-30.3267305021291));
#5625=IFCCARTESIANPOINT((268.76678404407,-30.2037570674438));
#5626=IFCCARTESIANPOINT((268.707797780778,-30.0809443839826));
#5627=IFCCARTESIANPOINT((268.648551437567,-29.958097111783));
#5628=IFCCARTESIANPOINT((268.58921650477,-29.8353570097242));
#5629=IFCCARTESIANPOINT((268.52966293646,-29.7127067766269));
#5630=IFCCARTESIANPOINT((268.470020783163,-29.5901637173956));
#5631=IFCCARTESIANPOINT((268.410204289103,-29.4676569437142));
#5632=IFCCARTESIANPOINT((266.628349792416,-25.7542872868362));
#5633=IFCCARTESIANPOINT((266.432469514111,-25.3465766402078));
#5634=IFCCARTESIANPOINT((266.070188124257,-24.4232026975951));
#5635=IFCCARTESIANPOINT((265.534513324965,-22.9159685391933));
#5636=IFCCARTESIANPOINT((265.221291115013,-22.1059388365247));
#5637=IFCCARTESIANPOINT((265.193604308268,-22.0252350551309));
#5638=IFCCARTESIANPOINT((265.166047544364,-21.9445485738688));
#5639=IFCCARTESIANPOINT((265.138490780111,-21.8638620940619));
#5640=IFCCARTESIANPOINT((265.110978308396,-21.7831220309017));
#5641=IFCCARTESIANPOINT((265.083551579359,-21.7024528466281));
#5642=IFCCARTESIANPOINT((265.056083400646,-21.6216592022101));
#5643=IFCCARTESIANPOINT((265.028700965457,-21.5409364373772));
#5644=IFCCARTESIANPOINT((265.001362823328,-21.4601600895985));
#5645=IFCCARTESIANPOINT((264.974068973534,-21.3793301586411));
#5646=IFCCARTESIANPOINT((264.946860869386,-21.2985711086658));
#5647=IFCCARTESIANPOINT((264.919567019126,-21.2177411806188));
#5648=IFCCARTESIANPOINT((264.892403205973,-21.1369285478722));
#5649=IFCCARTESIANPOINT((264.865283688036,-21.0560623341007));
#5650=IFCCARTESIANPOINT((264.838164166256,-20.975196118874));
#5651=IFCCARTESIANPOINT((264.811174685921,-20.8943472026149));
#5652=IFCCARTESIANPOINT((264.784185204859,-20.8134982874035));
#5653=IFCCARTESIANPOINT((264.75724001808,-20.7325957904686));
#5654=IFCCARTESIANPOINT((264.730339121801,-20.6516397086671));
#5655=IFCCARTESIANPOINT((264.703438222437,-20.5706836257596));
#5656=IFCCARTESIANPOINT((264.676623072708,-20.4897984275594));
#5657=IFCCARTESIANPOINT((264.649766464863,-20.4087887624628));
#5658=IFCCARTESIANPOINT((264.62303989983,-20.3277963973815));
#5659=IFCCARTESIANPOINT((264.59639907864,-20.2468749121181));
#5660=IFCCARTESIANPOINT((264.569716805214,-20.1658289647312));
#5661=IFCCARTESIANPOINT((264.543120275048,-20.084853896813));
#5662=IFCCARTESIANPOINT((264.516482293868,-20.0037543676444));
#5663=IFCCARTESIANPOINT((264.489930055366,-19.9227257173043));
#5664=IFCCARTESIANPOINT((264.463507859939,-19.8417143673869));
#5665=IFCCARTESIANPOINT((264.437044209044,-19.7605785527267));
#5666=IFCCARTESIANPOINT((264.410666302807,-19.6795136185247));
#5667=IFCCARTESIANPOINT((264.384288395959,-19.598448685545));
#5668=IFCCARTESIANPOINT((264.357954781735,-19.5173301692121));
#5669=IFCCARTESIANPOINT((264.331665462203,-19.4361580716795));
#5670=IFCCARTESIANPOINT((264.305461885495,-19.355056852859));
#5671=IFCCARTESIANPOINT((264.279302603361,-19.2739020526642));
#5672=IFCCARTESIANPOINT((264.253143318259,-19.1927472517127));
#5673=IFCCARTESIANPOINT((264.227028330497,-19.1115388714243));
#5674=IFCCARTESIANPOINT((264.200913336739,-19.030330487818));
#5675=IFCCARTESIANPOINT((264.174928384396,-18.9491394034703));
#5676=IFCCARTESIANPOINT((264.148987726396,-18.8678947372828));
#5677=IFCCARTESIANPOINT((264.123047063564,-18.7866500686505));
#5678=IFCCARTESIANPOINT((264.097106398985,-18.7054054004839));
#5679=IFCCARTESIANPOINT((264.071295780013,-18.6241780347191));
#5680=IFCCARTESIANPOINT((264.045529449824,-18.5428970826906));
#5681=IFCCARTESIANPOINT((264.019763118325,-18.4616161313606));
#5682=IFCCARTESIANPOINT((263.994041080907,-18.3802815979579));
#5683=IFCCARTESIANPOINT((263.968319040723,-18.2989470640314));
#5684=IFCCARTESIANPOINT((263.942727044137,-18.2176298309932));
#5685=IFCCARTESIANPOINT((263.917135041585,-18.1363125946955));
#5686=IFCCARTESIANPOINT((263.891587333637,-18.0549417769071));
#5687=IFCCARTESIANPOINT((263.86608391779,-17.9735173755907));
#5688=IFCCARTESIANPOINT((263.840666248259,-17.8921638560714));
#5689=IFCCARTESIANPOINT((263.815248577361,-17.810810337076));
#5690=IFCCARTESIANPOINT((263.789789450151,-17.7293323526974));
#5691=IFCCARTESIANPOINT((263.764546114689,-17.6479425510042));
#5692=IFCCARTESIANPOINT((263.739217027789,-17.5664818664663));
#5693=IFCCARTESIANPOINT((263.714017981838,-17.4850384805468));
#5694=IFCCARTESIANPOINT((263.688818936585,-17.4035950971302));
#5695=IFCCARTESIANPOINT((263.663664178079,-17.3220981256454));
#5696=IFCCARTESIANPOINT((263.63850942257,-17.2406011582934));
#5697=IFCCARTESIANPOINT((263.613398958842,-17.1590506071807));
#5698=IFCCARTESIANPOINT((263.588374243031,-17.0775709393783));
#5699=IFCCARTESIANPOINT((263.563393817603,-16.9960376863601));
#5700=IFCCARTESIANPOINT((263.538457684772,-16.914450850396));
#5701=IFCCARTESIANPOINT((263.513607299479,-16.8329348972766));
#5702=IFCCARTESIANPOINT((263.488671164203,-16.751348062593));
#5703=IFCCARTESIANPOINT((263.463865068421,-16.6697785254801));
#5704=IFCCARTESIANPOINT((263.439103264158,-16.5881554044317));
#5705=IFCCARTESIANPOINT((263.41434146135,-16.5065322861192));
#5706=IFCCARTESIANPOINT((263.389709700103,-16.4249264671816));
#5707=IFCCARTESIANPOINT((263.36507793481,-16.3433206465561));
#5708=IFCCARTESIANPOINT((263.340490461938,-16.2616612426937));
#5709=IFCCARTESIANPOINT((263.315902986651,-16.180001838482));
#5710=IFCCARTESIANPOINT((263.291359807743,-16.0982888544095));
#5711=IFCCARTESIANPOINT((263.266902374366,-16.0166467513773));
#5712=IFCCARTESIANPOINT((263.242489230499,-15.9349510629545));
#5713=IFCCARTESIANPOINT((263.218120379839,-15.8532017915859));
#5714=IFCCARTESIANPOINT((263.193751530052,-15.7714525230112));
#5715=IFCCARTESIANPOINT((263.169468423032,-15.6897741330904));
#5716=IFCCARTESIANPOINT((263.145143862494,-15.6079712801729));
#5717=IFCCARTESIANPOINT((263.120949343051,-15.5261857261066));
#5718=IFCCARTESIANPOINT((263.096840573038,-15.4444710566313));
#5719=IFCCARTESIANPOINT((263.072690342931,-15.3626319185132));
#5720=IFCCARTESIANPOINT((263.048625860189,-15.2808636630652));
#5721=IFCCARTESIANPOINT((263.024605671555,-15.1990418257774));
#5722=IFCCARTESIANPOINT((263.000585479807,-15.1172199877328));
#5723=IFCCARTESIANPOINT((262.976609580481,-15.0353445663932));
#5724=IFCCARTESIANPOINT((262.952719428838,-14.9535400280147));
#5725=IFCCARTESIANPOINT((262.928787821293,-14.8716110247769));
#5726=IFCCARTESIANPOINT((262.904986256501,-14.7896993216709));
#5727=IFCCARTESIANPOINT((262.881270432583,-14.7078584958217));
#5728=IFCCARTESIANPOINT((262.857468863222,-14.6259467923664));
#5729=IFCCARTESIANPOINT((262.833797331114,-14.5440523845609));
#5730=IFCCARTESIANPOINT((262.810170095967,-14.4621043974767));
#5731=IFCCARTESIANPOINT((262.786542858434,-14.3801564099267));
#5732=IFCCARTESIANPOINT((262.76291561863,-14.2982084223186));
#5733=IFCCARTESIANPOINT((262.739462710771,-14.2162241473561));
#5734=IFCCARTESIANPOINT((262.715965510753,-14.1342934591812));
#5735=IFCCARTESIANPOINT((262.692556896625,-14.0522556038341));
#5736=IFCCARTESIANPOINT((260.434317547159,-8.78209542605327));
#5737=IFCCARTESIANPOINT((260.326023450936,-8.52877732977504));
#5738=IFCCARTESIANPOINT((259.886863847147,-3.45002856641077));
#5739=IFCCARTESIANPOINT((258.655284898268,11.6968612252967));
#5740=IFCCARTESIANPOINT((258.36641513303,15.0240990976454));
#5741=IFCCARTESIANPOINT((260.266801535996,20.7073325493257));
#5742=IFCCARTESIANPOINT((260.267161558208,20.7081173170591));
#5743=IFCCARTESIANPOINT((260.267435831338,20.7089729664149));
#5744=IFCCARTESIANPOINT((260.267795851454,20.7097577360692));
#5745=IFCCARTESIANPOINT((260.268111577752,20.7104889222537));
#5746=IFCCARTESIANPOINT((260.268471599993,20.7112736899871));
#5747=IFCCARTESIANPOINT((260.26883161781,20.7120584612712));
#5748=IFCCARTESIANPOINT((260.269191638188,20.7128432306927));
#5749=IFCCARTESIANPOINT((260.269551660167,20.7136279986007));
#5750=IFCCARTESIANPOINT((260.269911677839,20.7144127701758));
#5751=IFCCARTESIANPOINT((260.270271698158,20.7151975394809));
#5752=IFCCARTESIANPOINT((260.270587428968,20.7159287218819));
#5753=IFCCARTESIANPOINT((260.270947446901,20.7167134932824));
#5754=IFCCARTESIANPOINT((260.271307466959,20.7174982628203));
#5755=IFCCARTESIANPOINT((260.271667484863,20.7182830342208));
#5756=IFCCARTESIANPOINT((260.27202750658,20.7190678023617));
#5757=IFCCARTESIANPOINT((260.272387527191,20.7198525714339));
#5758=IFCCARTESIANPOINT((260.272747544775,20.7206373429508));
#5759=IFCCARTESIANPOINT((260.27306327378,20.7213685269817));
#5760=IFCCARTESIANPOINT((260.27342329573,20.7221532949479));
#5761=IFCCARTESIANPOINT((260.273783315817,20.722938064544));
#5762=IFCCARTESIANPOINT((260.274143335031,20.7237228347221));
#5763=IFCCARTESIANPOINT((260.274503353547,20.7245076055988));
#5764=IFCCARTESIANPOINT((260.274863375264,20.7252923737979));
#5765=IFCCARTESIANPOINT((260.275223395205,20.7260771432775));
#5766=IFCCARTESIANPOINT((260.275583415671,20.7268619126407));
#5767=IFCCARTESIANPOINT((260.275943435467,20.7276466824696));
#5768=IFCCARTESIANPOINT((260.276259162492,20.7283778680139));
#5769=IFCCARTESIANPOINT((260.27661918223,20.7291626377264));
#5770=IFCCARTESIANPOINT((260.276979202143,20.7299474075553));
#5771=IFCCARTESIANPOINT((260.277339222695,20.7307321766275));
#5772=IFCCARTESIANPOINT((260.277699241735,20.7315169470967));
#5773=IFCCARTESIANPOINT((260.278059262346,20.7323017161689));
#5774=IFCCARTESIANPOINT((260.278419282025,20.7330864858814));
#5775=IFCCARTESIANPOINT((260.27877930188,20.733871255652));
#5776=IFCCARTESIANPOINT((260.27913932415,20.7346560234437));
#5777=IFCCARTESIANPOINT((260.279455048701,20.735387210967));
#5778=IFCCARTESIANPOINT((260.279815068556,20.7361719807959));
#5779=IFCCARTESIANPOINT((260.280175091088,20.7369567482965));
#5780=IFCCARTESIANPOINT((260.280620858044,20.7376706379582));
#5781=IFCCARTESIANPOINT((260.280980877928,20.7384554077871));
#5782=IFCCARTESIANPOINT((260.281340899615,20.7392401759862));
#5783=IFCCARTESIANPOINT((260.281700919935,20.7400249453494));
#5784=IFCCARTESIANPOINT((260.28206093781,20.7408097166335));
#5785=IFCCARTESIANPOINT((260.28242095976,20.741594484658));
#5786=IFCCARTESIANPOINT((260.282780977432,20.7423792561749));
#5787=IFCCARTESIANPOINT((260.283140997431,20.743164025771));
#5788=IFCCARTESIANPOINT((260.283456726494,20.7438952096854));
#5789=IFCCARTESIANPOINT((260.283816746523,20.7446799792233));
#5790=IFCCARTESIANPOINT((260.28417676661,20.7454647488194));
#5791=IFCCARTESIANPOINT((260.284536788909,20.7462495165528));
#5792=IFCCARTESIANPOINT((260.284982555575,20.7469634064473));
#5793=IFCCARTESIANPOINT((260.285342573101,20.7477481780224));
#5794=IFCCARTESIANPOINT((260.285702595429,20.7485329458141));
#5795=IFCCARTESIANPOINT((260.286062615487,20.7493177153519));
#5796=IFCCARTESIANPOINT((260.286422635312,20.7501024850644));
#5797=IFCCARTESIANPOINT((260.286782657757,20.7508872526232));
#5798=IFCCARTESIANPOINT((260.287142677698,20.7516720223939));
#5799=IFCCARTESIANPOINT((260.287502695515,20.7524567937362));
#5800=IFCCARTESIANPOINT((260.287862717552,20.7532415617025));
#5801=IFCCARTESIANPOINT((260.288264193136,20.7539018660318));
#5802=IFCCARTESIANPOINT((260.288624213455,20.7546866353368));
#5803=IFCCARTESIANPOINT((260.288984230516,20.7554714073776));
#5804=IFCCARTESIANPOINT((260.289344253048,20.7562561748782));
#5805=IFCCARTESIANPOINT((260.289704270923,20.7570409462787));
#5806=IFCCARTESIANPOINT((260.290064292582,20.7578257144196));
#5807=IFCCARTESIANPOINT((260.290510059887,20.7585396039067));
#5808=IFCCARTESIANPOINT((260.290870080295,20.7593243732699));
#5809=IFCCARTESIANPOINT((260.29123010175,20.7601091416436));
#5810=IFCCARTESIANPOINT((260.291590119858,20.7608939128113));
#5811=IFCCARTESIANPOINT((260.291950142098,20.7616786804865));
#5812=IFCCARTESIANPOINT((260.292310161894,20.7624634502572));
#5813=IFCCARTESIANPOINT((260.292755928851,20.7631773400353));
#5814=IFCCARTESIANPOINT((260.293115948414,20.7639621100388));
#5815=IFCCARTESIANPOINT((260.293475970655,20.7647468777723));
#5816=IFCCARTESIANPOINT((260.293835990713,20.7655316471937));
#5817=IFCCARTESIANPOINT((260.294196010538,20.7663164170808));
#5818=IFCCARTESIANPOINT((260.294511737564,20.7670476026251));
#5819=IFCCARTESIANPOINT((260.294957504317,20.7677614925196));
#5820=IFCCARTESIANPOINT((260.295317526587,20.7685462602531));
#5821=IFCCARTESIANPOINT((260.295677546383,20.7693310300237));
#5822=IFCCARTESIANPOINT((260.296037566412,20.7701157995616));
#5823=IFCCARTESIANPOINT((260.296397586499,20.7709005690995));
#5824=IFCCARTESIANPOINT((260.296843355434,20.771614457306));
#5825=IFCCARTESIANPOINT((260.297203375463,20.7723992267856));
#5826=IFCCARTESIANPOINT((260.297563393338,20.7731839980697));
#5827=IFCCARTESIANPOINT((260.297923415346,20.7739687661524));
#5828=IFCCARTESIANPOINT((260.298369184195,20.7746826541843));
#5829=IFCCARTESIANPOINT((260.298729204078,20.7754674240132));
#5830=IFCCARTESIANPOINT((260.299089224107,20.776252193551));
#5831=IFCCARTESIANPOINT((260.299449244427,20.7770369628561));
#5832=IFCCARTESIANPOINT((260.299895010598,20.7777508532745));
#5833=IFCCARTESIANPOINT((260.300255030714,20.7785356227541));
#5834=IFCCARTESIANPOINT((260.300615050801,20.7793203923502));
#5835=IFCCARTESIANPOINT((260.300975073245,20.780105159909));
#5836=IFCCARTESIANPOINT((260.301420841919,20.7808190482319));
#5837=IFCCARTESIANPOINT((260.301780859765,20.781603819516));
#5838=IFCCARTESIANPOINT((260.30214087732,20.7823885910911));
#5839=IFCCARTESIANPOINT((260.30250089991,20.7831733586499));
#5840=IFCCARTESIANPOINT((260.302946666692,20.7838872486027));
#5841=IFCCARTESIANPOINT((260.322208965808,20.8150477249292));
#5842=IFCCARTESIANPOINT((260.341601303284,20.8461909068283));
#5843=IFCCARTESIANPOINT((260.360949351278,20.8772805015906));
#5844=IFCCARTESIANPOINT((260.380427434779,20.9083528041374));
#5845=IFCCARTESIANPOINT((260.399991269223,20.9393542236066));
#5846=IFCCARTESIANPOINT((260.419555103144,20.9703556432505));
#5847=IFCCARTESIANPOINT((260.439204684139,21.0012861827854));
#5848=IFCCARTESIANPOINT((260.458940013923,21.0321458409308));
#5849=IFCCARTESIANPOINT((260.478719634877,21.0630590846995));
#5850=IFCCARTESIANPOINT((260.498540712084,21.0938478624448));
#5851=IFCCARTESIANPOINT((260.518491832801,21.124619341339));
#5852=IFCCARTESIANPOINT((260.53844294796,21.1553908248316));
#5853=IFCCARTESIANPOINT((260.558479814703,21.1860914245481));
#5854=IFCCARTESIANPOINT((260.578516681126,21.2167920244974));
#5855=IFCCARTESIANPOINT((260.598639293836,21.2474217449781));
#5856=IFCCARTESIANPOINT((260.618847655976,21.2779805835453));
#5857=IFCCARTESIANPOINT((260.63905601282,21.3085394263617));
#5858=IFCCARTESIANPOINT((260.659394415881,21.3390809681732));
#5859=IFCCARTESIANPOINT((260.679774275079,21.3694980443106));
#5860=IFCCARTESIANPOINT((260.700198422826,21.3999687079922));
#5861=IFCCARTESIANPOINT((260.720708321896,21.430368488247));
#5862=IFCCARTESIANPOINT((260.741218220064,21.4607682691421));
#5863=IFCCARTESIANPOINT((260.761855319346,21.4909727060003));
#5864=IFCCARTESIANPOINT((260.782450964354,21.5213016070193));
#5865=IFCCARTESIANPOINT((260.803262399917,21.5515423294273));
#5866=IFCCARTESIANPOINT((260.824029540701,21.5817294691224));
#5867=IFCCARTESIANPOINT((260.844796680292,21.6119166096323));
#5868=IFCCARTESIANPOINT((260.865735318192,21.6419619868975));
#5869=IFCCARTESIANPOINT((260.886718247406,21.6720609494951));
#5870=IFCCARTESIANPOINT((260.907656884956,21.7021063268767));
#5871=IFCCARTESIANPOINT((260.928725559963,21.7321344105294));
#5872=IFCCARTESIANPOINT((260.949879988446,21.7620916089509));
#5873=IFCCARTESIANPOINT((260.971120161208,21.7919779297081));
#5874=IFCCARTESIANPOINT((260.992316040589,21.8218106666463));
#5875=IFCCARTESIANPOINT((261.013556210237,21.8516969899647));
#5876=IFCCARTESIANPOINT((261.034967881016,21.8814415473607));
#5877=IFCCARTESIANPOINT((261.056379548652,21.9111861074343));
#5878=IFCCARTESIANPOINT((261.077835513832,21.940984247718));
#5879=IFCCARTESIANPOINT((261.099418677099,21.9705870466423));
#5880=IFCCARTESIANPOINT((261.121001840191,22.0001898457413));
#5881=IFCCARTESIANPOINT((261.142585005698,22.0297926427447));
#5882=IFCCARTESIANPOINT((261.164298207761,22.0593781466596));
#5883=IFCCARTESIANPOINT((261.186052868201,22.0888391832123));
#5884=IFCCARTESIANPOINT((261.207851822197,22.1183538031764));
#5885=IFCCARTESIANPOINT((261.229777977773,22.1476730788127));
#5886=IFCCARTESIANPOINT((261.251662677561,22.1771168199484));
#5887=IFCCARTESIANPOINT((261.273718876153,22.2064187973156));
#5888=IFCCARTESIANPOINT((261.2957307779,22.2356671938323));
#5889=IFCCARTESIANPOINT((261.317786975385,22.2649691720144));
#5890=IFCCARTESIANPOINT((261.33992891977,22.2942002704949));
#5891=IFCCARTESIANPOINT((261.362156609684,22.3233604902052));
#5892=IFCCARTESIANPOINT((261.384470051824,22.3524498258485));
#5893=IFCCARTESIANPOINT((261.406739199767,22.3814855783712));
#5894=IFCCARTESIANPOINT((261.429138388805,22.4105040341965));
#5895=IFCCARTESIANPOINT((261.451537572342,22.4395224945038));
#5896=IFCCARTESIANPOINT((261.474022509356,22.4684700695216));
#5897=IFCCARTESIANPOINT((261.496593190648,22.4973467670497));
#5898=IFCCARTESIANPOINT((261.519208169222,22.5262770449044));
#5899=IFCCARTESIANPOINT((261.541864600993,22.5550828597043));
#5900=IFCCARTESIANPOINT((261.564606778091,22.583817796025));
#5901=IFCCARTESIANPOINT((261.587348958419,22.6125527296099));
#5902=IFCCARTESIANPOINT((261.610176886257,22.6412167829694));
#5903=IFCCARTESIANPOINT((261.633004813018,22.6698808372021));
#5904=IFCCARTESIANPOINT((261.656004236109,22.6984031298198));
#5905=IFCCARTESIANPOINT((261.678962203558,22.7270498875878));
#5906=IFCCARTESIANPOINT((261.702047373081,22.7555013008532));
#5907=IFCCARTESIANPOINT((261.725132544496,22.7839527124888));
#5908=IFCCARTESIANPOINT((261.748303462897,22.8123332444811));
#5909=IFCCARTESIANPOINT((261.771518675552,22.8407673591864));
#5910=IFCCARTESIANPOINT((261.794775340386,22.8690770117682));
#5911=IFCCARTESIANPOINT((261.818032007694,22.8973866623128));
#5912=IFCCARTESIANPOINT((261.841460167227,22.9255545546184));
#5913=IFCCARTESIANPOINT((261.864932625467,22.9537760261446));
#5914=IFCCARTESIANPOINT((261.88836078468,22.9819439186831));
#5915=IFCCARTESIANPOINT((261.911874695739,23.0100409273291));
#5916=IFCCARTESIANPOINT((261.93547435556,23.0380670548766));
#5917=IFCCARTESIANPOINT((261.959074012324,23.066093184927));
#5918=IFCCARTESIANPOINT((261.982803711988,23.0941020167083));
#5919=IFCCARTESIANPOINT((262.006574862724,23.1219863871229));
#5920=IFCCARTESIANPOINT((262.03034601835,23.1498707535793));
#5921=IFCCARTESIANPOINT((262.054202919797,23.1776842412073));
#5922=IFCCARTESIANPOINT((262.078145568026,23.205426849192));
#5923=IFCCARTESIANPOINT((262.102132511936,23.2332230389002));
#5924=IFCCARTESIANPOINT((262.126160908694,23.2608947657282));
#5925=IFCCARTESIANPOINT((262.150275054417,23.288495611283));
#5926=IFCCARTESIANPOINT((262.174389197666,23.3160964588751));
#5927=IFCCARTESIANPOINT((262.198503343156,23.3436973046628));
#5928=IFCCARTESIANPOINT((262.222788984742,23.3711563890683));
#5929=IFCCARTESIANPOINT((262.247074623388,23.398615476035));
#5930=IFCCARTESIANPOINT((262.271446016239,23.426003677072));
#5931=IFCCARTESIANPOINT((262.295817403792,23.4533918826492));
#5932=IFCCARTESIANPOINT((262.320230246871,23.4806556231342));
#5933=IFCCARTESIANPOINT((262.344687383302,23.50797294738));
#5934=IFCCARTESIANPOINT((262.369316013326,23.5351485123392));
#5935=IFCCARTESIANPOINT((262.393858900905,23.5623949535075));
#5936=IFCCARTESIANPOINT((262.41852898855,23.589446051803));
#5937=IFCCARTESIANPOINT((262.443243367015,23.6165507359547));
#5938=IFCCARTESIANPOINT((262.467999203596,23.6435309529188));
#5939=IFCCARTESIANPOINT((262.492799332947,23.6705647542258));
#5940=IFCCARTESIANPOINT((262.528610276553,23.7070774878957));
#5941=IFCCARTESIANPOINT((262.564421222516,23.7435902198777));
#5942=IFCCARTESIANPOINT((262.600276458979,23.7801565378904));
#5943=IFCCARTESIANPOINT((262.636173153092,23.8165983893559));
#5944=IFCCARTESIANPOINT((262.6721555939,23.8529693612363));
#5945=IFCCARTESIANPOINT((262.708093741006,23.889286749938));
#5946=IFCCARTESIANPOINT((262.744161930314,23.9255868411274));
#5947=IFCCARTESIANPOINT((262.780315864045,23.9618160548853));
#5948=IFCCARTESIANPOINT((262.816425506287,23.997991683369));
#5949=IFCCARTESIANPOINT((262.852665190003,24.0341500149807));
#5950=IFCCARTESIANPOINT((262.888860578911,24.070254764345));
#5951=IFCCARTESIANPOINT((262.925186009496,24.1063422166044));
#5952=IFCCARTESIANPOINT((262.96155289546,24.1423052041209));
#5953=IFCCARTESIANPOINT((262.99791978093,24.1782681920449));
#5954=IFCCARTESIANPOINT((263.034286666603,24.2142311802018));
#5955=IFCCARTESIANPOINT((263.070825049799,24.2500524058123));
#5956=IFCCARTESIANPOINT((263.107363428659,24.2858736352646));
#5957=IFCCARTESIANPOINT((263.14390181168,24.3216948613408));
#5958=IFCCARTESIANPOINT((263.180481647432,24.3573916248861));
#5959=IFCCARTESIANPOINT((263.217191523494,24.3930710925488));
#5960=IFCCARTESIANPOINT((263.253857103293,24.4286969789537));
#5961=IFCCARTESIANPOINT((263.29060843683,24.4642519803019));
#5962=IFCCARTESIANPOINT((263.327404060954,24.4998605677974));
#5963=IFCCARTESIANPOINT((263.364326887764,24.5352738104993));
#5964=IFCCARTESIANPOINT((263.401163964591,24.5707579355221));
#5965=IFCCARTESIANPOINT((263.438086792914,24.6061711772927));
#5966=IFCCARTESIANPOINT((263.475051072572,24.6414599576383));
#5967=IFCCARTESIANPOINT((263.512145395885,24.6767314394237));
#5968=IFCCARTESIANPOINT((263.549239717395,24.712002922839));
#5969=IFCCARTESIANPOINT((263.586289744446,24.7472208235413));
#5970=IFCCARTESIANPOINT((263.623425521218,24.7823678425048));
#5971=IFCCARTESIANPOINT((263.660691339028,24.8174975648872));
#5972=IFCCARTESIANPOINT((263.697998613439,24.8525028216536));
#5973=IFCCARTESIANPOINT((263.735305883019,24.887508082611));
#5974=IFCCARTESIANPOINT((263.772613153997,24.9225133424043));
#5975=IFCCARTESIANPOINT((263.809961881343,24.9573941368726));
#5976=IFCCARTESIANPOINT((263.847440648184,24.9922576361569));
#5977=IFCCARTESIANPOINT((263.884875123447,25.0270675503416));
#5978=IFCCARTESIANPOINT((263.922439636081,25.0618601712631));
#5979=IFCCARTESIANPOINT((263.960045607208,25.0965283248224));
#5980=IFCCARTESIANPOINT((263.997651575686,25.1311964807683));
#5981=IFCCARTESIANPOINT((264.03534329476,25.1657937541604));
#5982=IFCCARTESIANPOINT((264.073035012058,25.2003910291824));
#5983=IFCCARTESIANPOINT((264.11076818424,25.2348638400435));
#5984=IFCCARTESIANPOINT((264.148545649747,25.2693902346655));
#5985=IFCCARTESIANPOINT((264.186364569148,25.3037921659416));
#5986=IFCCARTESIANPOINT((264.224313529761,25.3381768006366));
#5987=IFCCARTESIANPOINT((264.262218197546,25.3725078515708));
#5988=IFCCARTESIANPOINT((264.300208614237,25.4067680211156));
#5989=IFCCARTESIANPOINT((264.338284774421,25.4409573141602));
#5990=IFCCARTESIANPOINT((264.376360939379,25.4751466033631));
#5991=IFCCARTESIANPOINT((264.41439280819,25.5092823114246));
#5992=IFCCARTESIANPOINT((264.452640468866,25.5433298402932));
#5993=IFCCARTESIANPOINT((264.490758084663,25.5773946691188));
#5994=IFCCARTESIANPOINT((264.529047198565,25.6113177352236));
#5995=IFCCARTESIANPOINT((264.567336311797,25.6452408021432));
#5996=IFCCARTESIANPOINT((264.605625424912,25.6791638693539));
#5997=IFCCARTESIANPOINT((264.644000286498,25.7130160558736));
#5998=IFCCARTESIANPOINT((264.682416602416,25.7467437784653));
#5999=IFCCARTESIANPOINT((264.720877212909,25.7805250842357));
#6000=IFCCARTESIANPOINT((264.759379276395,25.8141819271841));
#6001=IFCCARTESIANPOINT((264.797967087681,25.8477678898489));
#6002=IFCCARTESIANPOINT((264.83655489824,25.8813538536197));
#6003=IFCCARTESIANPOINT((264.875228457327,25.9148689364665));
#6004=IFCCARTESIANPOINT((264.913902018336,25.9483840180328));
#6005=IFCCARTESIANPOINT((264.952617030969,25.9817746379995));
#6006=IFCCARTESIANPOINT((264.991332043632,26.0151652581408));
#6007=IFCCARTESIANPOINT((265.030132806773,26.0484849960194));
#6008=IFCCARTESIANPOINT((265.069019316725,26.0817338544293));
#6009=IFCCARTESIANPOINT((265.107905826619,26.1149827133049));
#6010=IFCCARTESIANPOINT((265.146878082975,26.1481606930029));
#6011=IFCCARTESIANPOINT((265.185850341426,26.1813386713038));
#6012=IFCCARTESIANPOINT((265.224864053511,26.2143921864918));
#6013=IFCCARTESIANPOINT((265.263963514386,26.2473748206976));
#6014=IFCCARTESIANPOINT((265.303062974999,26.2803574553109));
#6015=IFCCARTESIANPOINT((265.342248182016,26.3132692110376));
#6016=IFCCARTESIANPOINT((265.381389095797,26.3461273830617));
#6017=IFCCARTESIANPOINT((265.420660053875,26.3789682562347));
#6018=IFCCARTESIANPOINT((265.459972461249,26.4116846697871));
#6019=IFCCARTESIANPOINT((265.499284872698,26.4444010800798));
#6020=IFCCARTESIANPOINT((265.538597283565,26.4771174913622));
#6021=IFCCARTESIANPOINT((265.578081188578,26.5096921432996));
#6022=IFCCARTESIANPOINT((265.617479346198,26.5423376755207));
#6023=IFCCARTESIANPOINT((265.657004708744,26.5747878613765));
#6024=IFCCARTESIANPOINT((265.696530070942,26.607238047698));
#6025=IFCCARTESIANPOINT((265.736141177505,26.6396173568792));
#6026=IFCCARTESIANPOINT((265.775752288842,26.6719966622768));
#6027=IFCCARTESIANPOINT((265.815449144138,26.7043050908833));
#6028=IFCCARTESIANPOINT((265.855101708352,26.736559934041));
#6029=IFCCARTESIANPOINT((265.894884312263,26.768797482131));
#6030=IFCCARTESIANPOINT((265.934622624976,26.8009814450052));
#6031=IFCCARTESIANPOINT((265.974446682812,26.8330945298658));
#6032=IFCCARTESIANPOINT((266.014356491185,26.8651367325219));
#6033=IFCCARTESIANPOINT((266.054222004168,26.8971253533964));
#6034=IFCCARTESIANPOINT((266.094173264195,26.9290430949186));
#6035=IFCCARTESIANPOINT((266.134254570265,26.9609435359598));
#6036=IFCCARTESIANPOINT((266.174247285642,26.9927368132048));
#6037=IFCCARTESIANPOINT((266.214284295769,27.0245836732793));
#6038=IFCCARTESIANPOINT((266.254492804263,27.056288770691));
#6039=IFCCARTESIANPOINT((266.380627895676,27.1945641131606));
#6040=IFCCARTESIANPOINT((266.951071723423,27.5790893295198));
#6041=IFCCARTESIANPOINT((267.370170184411,27.8734179537278));
#6042=IFCCARTESIANPOINT((267.158485309803,29.0395764622954));
#6043=IFCCARTESIANPOINT((266.739098346588,31.4256047804956));
#6044=IFCCARTESIANPOINT((266.323392557213,33.7891963418224));
#6045=IFCCARTESIANPOINT((265.907599934493,36.1528582244064));
#6046=IFCCARTESIANPOINT((265.491806222941,38.5165195507579));
#6047=IFCCARTESIANPOINT((265.076717276097,40.8808596114977));
#6048=IFCCARTESIANPOINT((264.660921392759,43.2445198200876));
#6049=IFCCARTESIANPOINT((264.245124426001,45.6081794679048));
#6050=IFCCARTESIANPOINT((263.830139562924,47.9710761706228));
#6051=IFCCARTESIANPOINT((263.415004811191,50.3355384641327));
#6052=IFCCARTESIANPOINT((263.111684078147,52.7111186886323));
#6053=IFCCARTESIANPOINT((263.025014446554,55.1099229951506));
#6054=IFCCARTESIANPOINT((262.937679215654,57.5079230776173));
#6055=IFCCARTESIANPOINT((262.85100716335,59.9067264555488));
#6056=IFCCARTESIANPOINT((262.76506134597,62.304837861855));
#6057=IFCCARTESIANPOINT((262.677722482331,64.7028365539154));
#6058=IFCCARTESIANPOINT((262.591046801099,67.1016385368421));
#6059=IFCCARTESIANPOINT((262.504369907227,69.5004400569596));
#6060=IFCCARTESIANPOINT((262.417027417541,71.89843735256));
#6061=IFCCARTESIANPOINT((262.33030380914,74.2971843608539));
#6062=IFCCARTESIANPOINT((262.243623283604,76.6959844878875));
#6063=IFCCARTESIANPOINT((262.157048901689,79.0933424708783));
#6064=IFCCARTESIANPOINT((262.070365956315,81.4921416686848));
#6065=IFCCARTESIANPOINT((261.983681799436,83.8909404027509));
#6066=IFCCARTESIANPOINT((261.896332048665,86.2889349131729));
#6067=IFCCARTESIANPOINT((261.809645473142,88.6877327167313));
#6068=IFCCARTESIANPOINT((261.722957683407,91.0865300584701));
#6069=IFCCARTESIANPOINT((261.621463424963,93.8922612837632));
#6070=IFCCARTESIANPOINT((272.531549834122,93.9328293012804));
#6071=IFCCARTESIANPOINT((278.478385926544,93.9515698950854));
#6072=IFCCARTESIANPOINT((337.442254211375,45.1082385916961));
#6073=IFCCARTESIANPOINT((337.432063539367,45.1001954587991));
#6074=IFCCARTESIANPOINT((337.333824463072,45.0223817613441));
#6075=IFCCARTESIANPOINT((337.235671140166,44.944497182325));
#6076=IFCCARTESIANPOINT((337.137645017705,44.866417264624));
#6077=IFCCARTESIANPOINT((337.039790394512,44.7881955881021));
#6078=IFCCARTESIANPOINT((336.941977224225,44.7098494514939));
#6079=IFCCARTESIANPOINT((336.8442055099,44.6313788520056));
#6080=IFCCARTESIANPOINT((336.746605291701,44.5527664965484));
#6081=IFCCARTESIANPOINT((336.649176567822,44.4740123863448));
#6082=IFCCARTESIANPOINT((336.55178930168,44.3951338118059));
#6083=IFCCARTESIANPOINT((336.454529240524,44.316059894627));
#6084=IFCCARTESIANPOINT((336.357354921725,44.2369151050225));
#6085=IFCCARTESIANPOINT((336.26035210336,44.1576285557239));
#6086=IFCCARTESIANPOINT((336.163476490736,44.0781466630287));
#6087=IFCCARTESIANPOINT((336.066556579462,43.9986111918115));
#6088=IFCCARTESIANPOINT((335.969893915782,43.9188630825374));
#6089=IFCCARTESIANPOINT((335.873316998855,43.8390440970543));
#6090=IFCCARTESIANPOINT((335.776867290697,43.7590297657298));
#6091=IFCCARTESIANPOINT((335.680503325158,43.6789445615723));
#6092=IFCCARTESIANPOINT((335.584180812642,43.5987348968047));
#6093=IFCCARTESIANPOINT((335.488029801956,43.5183834710042));
#6094=IFCCARTESIANPOINT((335.392005991394,43.4378367065801));
#6095=IFCCARTESIANPOINT((335.2961536769,43.3571481857216));
#6096=IFCCARTESIANPOINT((335.20025707109,43.2764060801128));
#6097=IFCCARTESIANPOINT((335.104617710051,43.1954513386008));
#6098=IFCCARTESIANPOINT((335.009064096346,43.1144257204724));
#6099=IFCCARTESIANPOINT((334.91355193546,43.0332756415592));
#6100=IFCCARTESIANPOINT((334.818166980287,42.9519302193075));
#6101=IFCCARTESIANPOINT((334.722953520424,42.8704430413782));
#6102=IFCCARTESIANPOINT((334.627825807169,42.7888849869487));
#6103=IFCCARTESIANPOINT((334.532869591872,42.7071851744549));
#6104=IFCCARTESIANPOINT((334.437910537759,42.6253073154949));
#6105=IFCCARTESIANPOINT((334.343167273415,42.5433412843267));
#6106=IFCCARTESIANPOINT((334.248465465527,42.4612507895799));
#6107=IFCCARTESIANPOINT((334.153935150913,42.3790185404941));
#6108=IFCCARTESIANPOINT((334.05944629162,42.296661828761));
#6109=IFCCARTESIANPOINT((333.965128928743,42.2141633602441));
#6110=IFCCARTESIANPOINT((333.870938770793,42.1314695486217));
#6111=IFCCARTESIANPOINT((333.776834356744,42.0487048628856));
#6112=IFCCARTESIANPOINT((333.682901443361,41.9657984166406));
#6113=IFCCARTESIANPOINT((333.589009982563,41.8827675100765));
#6114=IFCCARTESIANPOINT((333.495290018211,41.7995948462631));
#6115=IFCCARTESIANPOINT((333.401611507084,41.7162977216649));
#6116=IFCCARTESIANPOINT((333.308104493801,41.6328588388278));
#6117=IFCCARTESIANPOINT((333.214683230588,41.549349076522));
#6118=IFCCARTESIANPOINT((333.12138916683,41.4656439755927));
#6119=IFCCARTESIANPOINT((333.028266597685,41.3817971190438));
#6120=IFCCARTESIANPOINT((332.935229779745,41.2978793822695));
#6121=IFCCARTESIANPOINT((332.842320164811,41.2137663038447));
#6122=IFCCARTESIANPOINT((332.749496297474,41.129582348105));
#6123=IFCCARTESIANPOINT((332.656799632095,41.0452030514716));
#6124=IFCCARTESIANPOINT((332.564233006764,40.9608064625063));
#6125=IFCCARTESIANPOINT((332.471749293531,40.8761609455105));
#6126=IFCCARTESIANPOINT((332.379481367214,40.7914272582857));
#6127=IFCCARTESIANPOINT((331.924358365271,41.2515135935973));
#6128=IFCCARTESIANPOINT((330.197331376257,39.5461585005396));
#6129=IFCCARTESIANPOINT((330.096767143317,39.4451018692343));
#6130=IFCCARTESIANPOINT((328.085674517235,41.4550849762745));
#6131=IFCCARTESIANPOINT((327.767426251463,41.7732584862388));
#6132=IFCCARTESIANPOINT((326.886631731206,42.5925098425942));
#6133=IFCCARTESIANPOINT((324.189297425823,45.4592701296788));
#6134=IFCCARTESIANPOINT((298.183988639998,34.4741235087276));
#6135=IFCCARTESIANPOINT((295.652828661172,33.3011652416317));
#6136=IFCCARTESIANPOINT((292.008035027306,31.8482206714107));
#6137=IFCCARTESIANPOINT((270.976034887164,19.331373630208));
#6138=IFCCARTESIANPOINT((269.39670467595,17.6568386874278));
#6139=IFCCARTESIANPOINT((268.222234547924,14.3641294814297));
#6140=IFCCARTESIANPOINT((267.396500370465,8.58142296841834));
#6141=IFCCARTESIANPOINT((267.061710650305,6.39026780903805));
#6142=IFCCARTESIANPOINT((264.681563651917,-10.2889504097984));
#6143=IFCCARTESIANPOINT((264.453772251989,-12.7051225025207));
#6144=IFCCARTESIANPOINT((269.714764990873,-17.8617121803691));
#6145=IFCCARTESIANPOINT((273.797280569648,-20.9954997443128));
#6146=IFCCARTESIANPOINT((274.146232744126,-21.2702419860871));
#6147=IFCCARTESIANPOINT((274.495184922445,-21.5449842287926));
#6148=IFCCARTESIANPOINT((276.514509945147,-22.9087056047865));
#6149=IFCCARTESIANPOINT((277.053661557176,-26.2081701514544));
#6150=IFCCARTESIANPOINT((277.884767724492,-30.9156031066668));
#6151=IFCCARTESIANPOINT((279.032288658054,-37.4199615828693));
#6152=IFCCARTESIANPOINT((279.054922811192,-37.5478120784974));
#6153=IFCCARTESIANPOINT((279.37262573003,-39.3431817828678));
#6154=IFCCARTESIANPOINT((279.865699757851,-42.129313618585));
#6155=IFCCARTESIANPOINT((280.868145987537,-47.8369147465564));
#6156=IFCCARTESIANPOINT((281.535626391385,-51.6711974181235));
#6157=IFCCARTESIANPOINT((281.586825806153,-51.9652797661838));
#6158=IFCCARTESIANPOINT((276.957590066973,-57.553711986111));
#6159=IFCCARTESIANPOINT((275.400359753054,-48.7770910875406));
#6160=IFCPOLYLINE((#5433,#5434,#5435,#5436,#5437,#5438,#5439,#5440,#5441,#5442,#5443,#5444,#5445,#5446,#5447,#5448,#5449,#5450,#5451,#5452,#5453,#5454,#5455,#5456,#5457,#5458,#5459,#5460,#5461,#5462,#5463,#5464,#5465,#5466,#5467,#5468,#5469,#5470,#5471,#5472,#5473,#5474,#5475,#5476,#5477,#5478,#5479,#5480,#5481,#5482,#5483,#5484,#5485,#5486,#5487,#5488,#5489,#5490,#5491,#5492,#5493,#5494,#5495,#5496,#5497,#5498,#5499,#5500,#5501,#5502,#5503,#5504,#5505,#5506,#5507,#5508,#5509,#5510,#5511,#5512,#5513,#5514,#5515,#5516,#5517,#5518,#5519,#5520,#5521,#5522,#5523,#5524,#5525,#5526,#5527,#5528,#5529,#5530,#5531,#5532,#5533,#5534,#5535,#5536,#5537,#5538,#5539,#5540,#5541,#5542,#5543,#5544,#5545,#5546,#5547,#5548,#5549,#5550,#5551,#5552,#5553,#5554,#5555,#5556,#5557,#5558,#5559,#5560,#5561,#5562,#5563,#5564,#5565,#5566,#5567,#5568,#5569,#5570,#5571,#5572,#5573,#5574,#5575,#5576,#5577,#5578,#5579,#5580,#5581,#5582,#5583,#5584,#5585,#5586,#5587,#5588,#5589,#5590,#5591,#5592,#5593,#5594,#5595,#5596,#5597,#5598,#5599,#5600,#5601,#5602,#5603,#5604,#5605,#5606,#5607,#5608,#5609,#5610,#5611,#5612,#5613,#5614,#5615,#5616,#5617,#5618,#5619,#5620,#5621,#5622,#5623,#5624,#5625,#5626,#5627,#5628,#5629,#5630,#5631,#5632,#5633,#5634,#5635,#5636,#5637,#5638,#5639,#5640,#5641,#5642,#5643,#5644,#5645,#5646,#5647,#5648,#5649,#5650,#5651,#5652,#5653,#5654,#5655,#5656,#5657,#5658,#5659,#5660,#5661,#5662,#5663,#5664,#5665,#5666,#5667,#5668,#5669,#5670,#5671,#5672,#5673,#5674,#5675,#5676,#5677,#5678,#5679,#5680,#5681,#5682,#5683,#5684,#5685,#5686,#5687,#5688,#5689,#5690,#5691,#5692,#5693,#5694,#5695,#5696,#5697,#5698,#5699,#5700,#5701,#5702,#5703,#5704,#5705,#5706,#5707,#5708,#5709,#5710,#5711,#5712,#5713,#5714,#5715,#5716,#5717,#5718,#5719,#5720,#5721,#5722,#5723,#5724,#5725,#5726,#5727,#5728,#5729,#5730,#5731,#5732,#5733,#5734,#5735,#5736,#5737,#5738,#5739,#5740,#5741,#5742,#5743,#5744,#5745,#5746,#5747,#5748,#5749,#5750,#5751,#5752,#5753,#5754,#5755,#5756,#5757,#5758,#5759,#5760,#5761,#5762,#5763,#5764,#5765,#5766,#5767,#5768,#5769,#5770,#5771,#5772,#5773,#5774,#5775,#5776,#5777,#5778,#5779,#5780,#5781,#5782,#5783,#5784,#5785,#5786,#5787,#5788,#5789,#5790,#5791,#5792,#5793,#5794,#5795,#5796,#5797,#5798,#5799,#5800,#5801,#5802,#5803,#5804,#5805,#5806,#5807,#5808,#5809,#5810,#5811,#5812,#5813,#5814,#5815,#5816,#5817,#5818,#5819,#5820,#5821,#5822,#5823,#5824,#5825,#5826,#5827,#5828,#5829,#5830,#5831,#5832,#5833,#5834,#5835,#5836,#5837,#5838,#5839,#5840,#5841,#5842,#5843,#5844,#5845,#5846,#5847,#5848,#5849,#5850,#5851,#5852,#5853,#5854,#5855,#5856,#5857,#5858,#5859,#5860,#5861,#5862,#5863,#5864,#5865,#5866,#5867,#5868,#5869,#5870,#5871,#5872,#5873,#5874,#5875,#5876,#5877,#5878,#5879,#5880,#5881,#5882,#5883,#5884,#5885,#5886,#5887,#5888,#5889,#5890,#5891,#5892,#5893,#5894,#5895,#5896,#5897,#5898,#5899,#5900,#5901,#5902,#5903,#5904,#5905,#5906,#5907,#5908,#5909,#5910,#5911,#5912,#5913,#5914,#5915,#5916,#5917,#5918,#5919,#5920,#5921,#5922,#5923,#5924,#5925,#5926,#5927,#5928,#5929,#5930,#5931,#5932,#5933,#5934,#5935,#5936,#5937,#5938,#5939,#5940,#5941,#5942,#5943,#5944,#5945,#5946,#5947,#5948,#5949,#5950,#5951,#5952,#5953,#5954,#5955,#5956,#5957,#5958,#5959,#5960,#5961,#5962,#5963,#5964,#5965,#5966,#5967,#5968,#5969,#5970,#5971,#5972,#5973,#5974,#5975,#5976,#5977,#5978,#5979,#5980,#5981,#5982,#5983,#5984,#5985,#5986,#5987,#5988,#5989,#5990,#5991,#5992,#5993,#5994,#5995,#5996,#5997,#5998,#5999,#6000,#6001,#6002,#6003,#6004,#6005,#6006,#6007,#6008,#6009,#6010,#6011,#6012,#6013,#6014,#6015,#6016,#6017,#6018,#6019,#6020,#6021,#6022,#6023,#6024,#6025,#6026,#6027,#6028,#6029,#6030,#6031,#6032,#6033,#6034,#6035,#6036,#6037,#6038,#6039,#6040,#6041,#6042,#6043,#6044,#6045,#6046,#6047,#6048,#6049,#6050,#6051,#6052,#6053,#6054,#6055,#6056,#6057,#6058,#6059,#6060,#6061,#6062,#6063,#6064,#6065,#6066,#6067,#6068,#6069,#6070,#6071,#6072,#6073,#6074,#6075,#6076,#6077,#6078,#6079,#6080,#6081,#6082,#6083,#6084,#6085,#6086,#6087,#6088,#6089,#6090,#6091,#6092,#6093,#6094,#6095,#6096,#6097,#6098,#6099,#6100,#6101,#6102,#6103,#6104,#6105,#6106,#6107,#6108,#6109,#6110,#6111,#6112,#6113,#6114,#6115,#6116,#6117,#6118,#6119,#6120,#6121,#6122,#6123,#6124,#6125,#6126,#6127,#6128,#6129,#6130,#6131,#6132,#6133,#6134,#6135,#6136,#6137,#6138,#6139,#6140,#6141,#6142,#6143,#6144,#6145,#6146,#6147,#6148,#6149,#6150,#6151,#6152,#6153,#6154,#6155,#6156,#6157,#6158,#6159));
#6161=IFCARBITRARYCLOSEDPROFILEDEF(.AREA.,$,#6160);
#6162=IFCEXTRUDEDAREASOLID(#6161,#5431,#5432,0.1);
#6163=IFCSHAPEREPRESENTATION(#11,'Body','SweptSolid',(#6162));
#6164=IFCPRODUCTDEFINITIONSHAPE($,$,(#6163));
#6165=IFCSLAB('264MplIprEQ8nnUAT5x6A5',#5,'NL.IMRO.0772.EP11247575030-00',$,$,#5427,#6164,$,.NOTDEFINED.);
#6166=IFCSTYLEDITEM(#6162,(#1443),$);
#6167=IFCPROPERTYSINGLEVALUE('plan_id',$,IFCTEXT('NL.IMRO.0772.80190-0301'),$);
#6168=IFCPROPERTYSINGLEVALUE('plan_naam',$,IFCTEXT('Philipsdorp 2013'),$);
#6169=IFCPROPERTYSINGLEVALUE('id',$,IFCTEXT('NL.IMRO.0772.EP11247575030-00'),$);
#6170=IFCPROPERTYSINGLEVALUE('naam',$,IFCTEXT('Verkeer'),$);
#6171=IFCPROPERTYSINGLEVALUE('bestemmingshoofdgroep',$,IFCTEXT('verkeer'),$);
#6172=IFCPROPERTYSINGLEVALUE('verwijzing_naar_tekst',$,IFCTEXT('https://ruimtelijkeplannen.nl/documents/NL.IMRO.0772.80190-0301/r_NL.IMRO.0772.80190-0301_2.10.html'),$);
#6173=IFCPROPERTYSINGLEVALUE('plan_dossierstatus',$,IFCTEXT('geheel onherroepelijk in werking'),$);
#6174=IFCPROPERTYSINGLEVALUE('plan_besluitnummer',$,IFCTEXT('13R5357'),$);
#6175=IFCPROPERTYSINGLEVALUE('type_planobject',$,IFCTEXT('enkelbestemming'),$);
#6176=IFCPROPERTYSET('0g8faUn7H1HeaZCiy5DSwe',#5,'CPset_DSO-Enkelbestemming',$,(#6167,#6168,#6169,#6170,#6171,#6172,#6173,#6174,#6175));
#6177=IFCRELDEFINESBYPROPERTIES('1IwKoCL9PC2wvsgNmGQFh6',#5,$,$,(#6165),#6176);
#6178=IFCCARTESIANPOINT((0.,0.,-0.1));
#6179=IFCDIRECTION((0.,0.,1.));
#6180=IFCDIRECTION((1.,0.,0.));
#6181=IFCAXIS2PLACEMENT3D(#6178,#6179,#6180);
#6182=IFCLOCALPLACEMENT(#37,#6181);
#6183=IFCCARTESIANPOINT((0.,0.,0.));
#6184=IFCDIRECTION((0.,0.,1.));
#6185=IFCDIRECTION((1.,0.,0.));
#6186=IFCAXIS2PLACEMENT3D(#6183,#6184,#6185);
#6187=IFCDIRECTION((0.,0.,1.));
#6188=IFCCARTESIANPOINT((239.79305261164,124.289317510149));
#6189=IFCCARTESIANPOINT((238.471158969885,124.283143103181));
#6190=IFCCARTESIANPOINT((238.286425958766,127.244996421214));
#6191=IFCCARTESIANPOINT((239.797710012441,125.993108614697));
#6192=IFCCARTESIANPOINT((239.79305261164,124.289317510149));
#6193=IFCPOLYLINE((#6188,#6189,#6190,#6191,#6192));
#6194=IFCARBITRARYCLOSEDPROFILEDEF(.AREA.,$,#6193);
#6195=IFCEXTRUDEDAREASOLID(#6194,#6186,#6187,0.1);
#6196=IFCSHAPEREPRESENTATION(#11,'Body','SweptSolid',(#6195));
#6197=IFCPRODUCTDEFINITIONSHAPE($,$,(#6196));
#6198=IFCSLAB('1y0ACIhm9EPu3o5pNbn50Z',#5,'NL.IMRO.0772.EP112476441233-00',$,$,#6182,#6197,$,.NOTDEFINED.);
#6199=IFCSTYLEDITEM(#6195,(#3319),$);
#6200=IFCPROPERTYSINGLEVALUE('plan_id',$,IFCTEXT('NL.IMRO.0772.80373-0301'),$);
#6201=IFCPROPERTYSINGLEVALUE('plan_naam',$,IFCTEXT('Deelgebieden Woensel-Zuid 2021'),$);
#6202=IFCPROPERTYSINGLEVALUE('id',$,IFCTEXT('NL.IMRO.0772.EP112476441233-00'),$);
#6203=IFCPROPERTYSINGLEVALUE('naam',$,IFCTEXT('Groen'),$);
#6204=IFCPROPERTYSINGLEVALUE('bestemmingshoofdgroep',$,IFCTEXT('groen'),$);
#6205=IFCPROPERTYSINGLEVALUE('verwijzing_naar_tekst',$,IFCTEXT('https://www.ruimtelijkeplannen.nl/documents/NL.IMRO.0772.80373-0301/pt_NL.IMRO.0772.80373-0301.xml#NL.IMRO.PT.s328'),$);
#6206=IFCPROPERTYSINGLEVALUE('plan_dossierstatus',$,IFCTEXT('geheel onherroepelijk in werking'),$);
#6207=IFCPROPERTYSINGLEVALUE('plan_besluitnummer',$,IFCTEXT('22bst01409'),$);
#6208=IFCPROPERTYSINGLEVALUE('type_planobject',$,IFCTEXT('enkelbestemming'),$);
#6209=IFCPROPERTYSET('3vfR6Wua10RQy$UsG9vHHh',#5,'CPset_DSO-Enkelbestemming',$,(#6200,#6201,#6202,#6203,#6204,#6205,#6206,#6207,#6208));
#6210=IFCRELDEFINESBYPROPERTIES('0s0gzvcEb2ifdp1G$UMf$b',#5,$,$,(#6198),#6209);
#6211=IFCCARTESIANPOINT((0.,0.,-0.1));
#6212=IFCDIRECTION((0.,0.,1.));
#6213=IFCDIRECTION((1.,0.,0.));
#6214=IFCAXIS2PLACEMENT3D(#6211,#6212,#6213);
#6215=IFCLOCALPLACEMENT(#37,#6214);
#6216=IFCCARTESIANPOINT((0.,0.,0.));
#6217=IFCDIRECTION((0.,0.,1.));
#6218=IFCDIRECTION((1.,0.,0.));
#6219=IFCAXIS2PLACEMENT3D(#6216,#6217,#6218);
#6220=IFCDIRECTION((0.,0.,1.));
#6221=IFCCARTESIANPOINT((-168.868793928035,132.73389646702));
#6222=IFCCARTESIANPOINT((-168.868507896725,132.806355515728));
#6223=IFCCARTESIANPOINT((-167.751581930061,132.801812173158));
#6224=IFCCARTESIANPOINT((-167.755113621155,132.770999587316));
#6225=IFCCARTESIANPOINT((-119.613505425543,132.404027455021));
#6226=IFCCARTESIANPOINT((149.991488016822,130.84608112654));
#6227=IFCCARTESIANPOINT((181.280736377055,130.982293880952));
#6228=IFCCARTESIANPOINT((195.889649044635,131.575329120038));
#6229=IFCCARTESIANPOINT((217.143549278815,132.891628274636));
#6230=IFCCARTESIANPOINT((217.282319394813,132.896068396571));
#6231=IFCCARTESIANPOINT((217.281927730539,133.119804191636));
#6232=IFCCARTESIANPOINT((218.382524870889,133.152136811463));
#6233=IFCCARTESIANPOINT((227.576383479958,133.514463900239));
#6234=IFCCARTESIANPOINT((230.175597172405,132.495024932723));
#6235=IFCCARTESIANPOINT((232.489830871287,131.122088256176));
#6236=IFCCARTESIANPOINT((234.150998599653,129.374668377161));
#6237=IFCCARTESIANPOINT((234.40781204091,129.104753390595));
#6238=IFCCARTESIANPOINT((234.736522587453,124.264223928622));
#6239=IFCCARTESIANPOINT((238.471158969885,124.283143103181));
#6240=IFCCARTESIANPOINT((239.79305261164,124.289317510149));
#6241=IFCCARTESIANPOINT((241.842187401286,124.29954458389));
#6242=IFCCARTESIANPOINT((278.478385926544,93.9515698950854));
#6243=IFCCARTESIANPOINT((272.531549834122,93.9328293012804));
#6244=IFCCARTESIANPOINT((261.621463424963,93.8922612837632));
#6245=IFCCARTESIANPOINT((258.278462447721,96.6615307099419));
#6246=IFCCARTESIANPOINT((234.723857831355,96.558880943805));
#6247=IFCCARTESIANPOINT((231.386065186496,93.7271410371759));
#6248=IFCCARTESIANPOINT((179.989487529005,93.5115282924962));
#6249=IFCCARTESIANPOINT((169.844285133469,93.4711271343986));
#6250=IFCCARTESIANPOINT((164.520870433975,93.4371946598403));
#6251=IFCCARTESIANPOINT((164.498488521233,93.7583010978997));
#6252=IFCCARTESIANPOINT((164.480487820081,95.1535289633903));
#6253=IFCCARTESIANPOINT((25.0464181362477,95.8144792048843));
#6254=IFCCARTESIANPOINT((-42.2443863610097,95.7459854937624));
#6255=IFCCARTESIANPOINT((-155.692598548514,95.6980080769863));
#6256=IFCCARTESIANPOINT((-167.461541089404,95.7053357117693));
#6257=IFCCARTESIANPOINT((-168.901959468931,95.7065466542845));
#6258=IFCCARTESIANPOINT((-227.717452192883,95.6722805149038));
#6259=IFCCARTESIANPOINT((-245.389661071735,95.6620803168626));
#6260=IFCCARTESIANPOINT((-214.659225529293,132.759987140773));
#6261=IFCCARTESIANPOINT((-168.868793928035,132.73389646702));
#6262=IFCPOLYLINE((#6221,#6222,#6223,#6224,#6225,#6226,#6227,#6228,#6229,#6230,#6231,#6232,#6233,#6234,#6235,#6236,#6237,#6238,#6239,#6240,#6241,#6242,#6243,#6244,#6245,#6246,#6247,#6248,#6249,#6250,#6251,#6252,#6253,#6254,#6255,#6256,#6257,#6258,#6259,#6260,#6261));
#6263=IFCARBITRARYCLOSEDPROFILEDEF(.AREA.,$,#6262);
#6264=IFCEXTRUDEDAREASOLID(#6263,#6219,#6220,0.1);
#6265=IFCSHAPEREPRESENTATION(#11,'Body','SweptSolid',(#6264));
#6266=IFCPRODUCTDEFINITIONSHAPE($,$,(#6265));
#6267=IFCSLAB('1NDwZn_xz7effiNtrJb0jD',#5,'NL.IMRO.0772.EP565476442139-00',$,$,#6215,#6266,$,.NOTDEFINED.);
#6268=IFCSTYLEDITEM(#6264,(#1443),$);
#6269=IFCPROPERTYSINGLEVALUE('plan_id',$,IFCTEXT('NL.IMRO.0772.80373-0301'),$);
#6270=IFCPROPERTYSINGLEVALUE('plan_naam',$,IFCTEXT('Deelgebieden Woensel-Zuid 2021'),$);
#6271=IFCPROPERTYSINGLEVALUE('id',$,IFCTEXT('NL.IMRO.0772.EP565476442139-00'),$);
#6272=IFCPROPERTYSINGLEVALUE('naam',$,IFCTEXT('Verkeer - Railverkeer'),$);
#6273=IFCPROPERTYSINGLEVALUE('bestemmingshoofdgroep',$,IFCTEXT('verkeer'),$);
#6274=IFCPROPERTYSINGLEVALUE('verwijzing_naar_tekst',$,IFCTEXT('https://www.ruimtelijkeplannen.nl/documents/NL.IMRO.0772.80373-0301/pt_NL.IMRO.0772.80373-0301.xml#NL.IMRO.PT.s657'),$);
#6275=IFCPROPERTYSINGLEVALUE('plan_dossierstatus',$,IFCTEXT('geheel onherroepelijk in werking'),$);
#6276=IFCPROPERTYSINGLEVALUE('plan_besluitnummer',$,IFCTEXT('22bst01409'),$);
#6277=IFCPROPERTYSINGLEVALUE('type_planobject',$,IFCTEXT('enkelbestemming'),$);
#6278=IFCPROPERTYSET('1NxVoRB1b6Y8dhW3RCGial',#5,'CPset_DSO-Enkelbestemming',$,(#6269,#6270,#6271,#6272,#6273,#6274,#6275,#6276,#6277));
#6279=IFCRELDEFINESBYPROPERTIES('2haiVzTAj8GAkPxb$cPh7E',#5,$,$,(#6267),#6278);
#6280=IFCCARTESIANPOINT((0.,0.,-0.1));
#6281=IFCDIRECTION((0.,0.,1.));
#6282=IFCDIRECTION((1.,0.,0.));
#6283=IFCAXIS2PLACEMENT3D(#6280,#6281,#6282);
#6284=IFCLOCALPLACEMENT(#37,#6283);
#6285=IFCCARTESIANPOINT((0.,0.,0.));
#6286=IFCDIRECTION((0.,0.,1.));
#6287=IFCDIRECTION((1.,0.,0.));
#6288=IFCAXIS2PLACEMENT3D(#6285,#6286,#6287);
#6289=IFCDIRECTION((0.,0.,1.));
#6290=IFCCARTESIANPOINT((140.634238163446,151.002141855657));
#6291=IFCCARTESIANPOINT((120.188867315679,151.081987797981));
#6292=IFCCARTESIANPOINT((112.518532011396,151.111985382042));
#6293=IFCCARTESIANPOINT((96.4896274818748,161.000562172267));
#6294=IFCCARTESIANPOINT((93.4571019778959,165.6525431638));
#6295=IFCCARTESIANPOINT((98.369747486111,168.791182471381));
#6296=IFCCARTESIANPOINT((92.2016059949819,181.212712287146));
#6297=IFCCARTESIANPOINT((105.805290363263,190.924291375559));
#6298=IFCCARTESIANPOINT((115.0505680856,197.524988195859));
#6299=IFCCARTESIANPOINT((115.730185742519,198.009991378174));
#6300=IFCCARTESIANPOINT((116.41104348423,198.496494988736));
#6301=IFCCARTESIANPOINT((119.749582487246,200.880904250604));
#6302=IFCCARTESIANPOINT((120.9471277509,201.735452833411));
#6303=IFCCARTESIANPOINT((123.867812168261,203.842753691482));
#6304=IFCCARTESIANPOINT((124.313522095821,204.164394075051));
#6305=IFCCARTESIANPOINT((124.908071482612,204.593806893157));
#6306=IFCCARTESIANPOINT((127.116364101617,206.187457208987));
#6307=IFCCARTESIANPOINT((131.495802461141,209.347111516341));
#6308=IFCCARTESIANPOINT((133.141488830966,210.53428204119));
#6309=IFCCARTESIANPOINT((137.731943217776,210.540344189561));
#6310=IFCCARTESIANPOINT((209.933029111096,150.731826510339));
#6311=IFCCARTESIANPOINT((140.634238163446,151.002141855657));
#6312=IFCPOLYLINE((#6290,#6291,#6292,#6293,#6294,#6295,#6296,#6297,#6298,#6299,#6300,#6301,#6302,#6303,#6304,#6305,#6306,#6307,#6308,#6309,#6310,#6311));
#6313=IFCARBITRARYCLOSEDPROFILEDEF(.AREA.,$,#6312);
#6314=IFCEXTRUDEDAREASOLID(#6313,#6288,#6289,0.1);
#6315=IFCSHAPEREPRESENTATION(#11,'Body','SweptSolid',(#6314));
#6316=IFCPRODUCTDEFINITIONSHAPE($,$,(#6315));
#6317=IFCSLAB('0X5UcwvSX7yg7HqZGb4Hf_',#5,'NL.IMRO.0772.EP563476442128-00',$,$,#6284,#6316,$,.NOTDEFINED.);
#6318=IFCCOLOURRGB($,0.725490196078431,0.843137254901961,0.274509803921569);
#6319=IFCSURFACESTYLERENDERING(#6318,0.00392156862745097,$,$,$,$,$,$,.NOTDEFINED.);
#6320=IFCSURFACESTYLE($,.BOTH.,(#6319));
#6321=IFCPRESENTATIONSTYLEASSIGNMENT((#6320));
#6322=IFCSTYLEDITEM(#6314,(#6321),$);
#6323=IFCPROPERTYSINGLEVALUE('plan_id',$,IFCTEXT('NL.IMRO.0772.80373-0301'),$);
#6324=IFCPROPERTYSINGLEVALUE('plan_naam',$,IFCTEXT('Deelgebieden Woensel-Zuid 2021'),$);
#6325=IFCPROPERTYSINGLEVALUE('id',$,IFCTEXT('NL.IMRO.0772.EP563476442128-00'),$);
#6326=IFCPROPERTYSINGLEVALUE('naam',$,IFCTEXT('Recreatie - Dagrecreatie'),$);
#6327=IFCPROPERTYSINGLEVALUE('bestemmingshoofdgroep',$,IFCTEXT('recreatie'),$);
#6328=IFCPROPERTYSINGLEVALUE('verwijzing_naar_tekst',$,IFCTEXT('https://www.ruimtelijkeplannen.nl/documents/NL.IMRO.0772.80373-0301/pt_NL.IMRO.0772.80373-0301.xml#NL.IMRO.PT.s367'),$);
#6329=IFCPROPERTYSINGLEVALUE('plan_dossierstatus',$,IFCTEXT('geheel onherroepelijk in werking'),$);
#6330=IFCPROPERTYSINGLEVALUE('plan_besluitnummer',$,IFCTEXT('22bst01409'),$);
#6331=IFCPROPERTYSINGLEVALUE('type_planobject',$,IFCTEXT('enkelbestemming'),$);
#6332=IFCPROPERTYSET('2KRUIcBczAROwmMpbopoPF',#5,'CPset_DSO-Enkelbestemming',$,(#6323,#6324,#6325,#6326,#6327,#6328,#6329,#6330,#6331));
#6333=IFCRELDEFINESBYPROPERTIES('3aX1KK5FrEPPL7OIVNMejh',#5,$,$,(#6317),#6332);
#6334=IFCCARTESIANPOINT((0.,0.,-0.1));
#6335=IFCDIRECTION((0.,0.,1.));
#6336=IFCDIRECTION((1.,0.,0.));
#6337=IFCAXIS2PLACEMENT3D(#6334,#6335,#6336);
#6338=IFCLOCALPLACEMENT(#37,#6337);
#6339=IFCCARTESIANPOINT((0.,0.,0.));
#6340=IFCDIRECTION((0.,0.,1.));
#6341=IFCDIRECTION((1.,0.,0.));
#6342=IFCAXIS2PLACEMENT3D(#6339,#6340,#6341);
#6343=IFCDIRECTION((0.,0.,1.));
#6344=IFCCARTESIANPOINT((91.1533994388592,233.34568453714));
#6345=IFCCARTESIANPOINT((31.7323937536858,238.642268547206));
#6346=IFCCARTESIANPOINT((24.497536142444,239.200998398068));
#6347=IFCCARTESIANPOINT((24.0202415666718,239.23927927186));
#6348=IFCCARTESIANPOINT((-2.69192448232207,241.397737089545));
#6349=IFCCARTESIANPOINT((-45.4837343354884,245.095734928327));
#6350=IFCCARTESIANPOINT((-45.7086124420166,245.114771328634));
#6351=IFCCARTESIANPOINT((-45.9336234131188,245.133646997332));
#6352=IFCCARTESIANPOINT((-46.1586372118036,245.152344633767));
#6353=IFCCARTESIANPOINT((-46.3836123850488,245.170739781053));
#6354=IFCCARTESIANPOINT((-46.6086789641122,245.188849735074));
#6355=IFCCARTESIANPOINT((-46.8337483704963,245.206781656772));
#6356=IFCCARTESIANPOINT((-47.0588206076645,245.224535548768));
#6357=IFCCARTESIANPOINT((-47.2838985046837,245.24193336803));
#6358=IFCCARTESIANPOINT((-47.5089792308863,245.259153156483));
#6359=IFCCARTESIANPOINT((-47.7341070758703,245.276141334034));
#6360=IFCCARTESIANPOINT((-47.9592820364633,245.292897897947));
#6361=IFCCARTESIANPOINT((-48.1843740805925,245.309405551641));
#6362=IFCCARTESIANPOINT((-48.409643282328,245.325698896893));
#6363=IFCCARTESIANPOINT((-48.6348295627104,245.341743327852));
#6364=IFCCARTESIANPOINT((-48.8599772148009,245.357485267334));
#6365=IFCCARTESIANPOINT((-49.0852134435845,245.373120056989));
#6366=IFCCARTESIANPOINT((-49.3104553300363,245.388398772222));
#6367=IFCCARTESIANPOINT((-49.5357857950439,245.403570339142));
#6368=IFCCARTESIANPOINT((-49.7609918813396,245.418368531275));
#6369=IFCCARTESIANPOINT((-49.9862865457835,245.433059575036));
#6370=IFCCARTESIANPOINT((-50.2115868749679,245.447394550079));
#6371=IFCCARTESIANPOINT((-50.4369757737441,245.46162236965));
#6372=IFCCARTESIANPOINT((-50.6622402999492,245.475476819323));
#6373=IFCCARTESIANPOINT((-50.8876376910775,245.48917053832));
#6374=IFCCARTESIANPOINT((-51.1129521634139,245.502615345293));
#6375=IFCCARTESIANPOINT((-51.3383995004115,245.515899421182));
#6376=IFCCARTESIANPOINT((-51.5637224635284,245.5288101263));
#6377=IFCCARTESIANPOINT((-51.7891782918014,245.541560100915));
#6378=IFCCARTESIANPOINT((-52.0145511991286,245.554061161645));
#6379=IFCCARTESIANPOINT((-52.2400569739984,245.56640149391));
#6380=IFCCARTESIANPOINT((-52.4654383725137,245.578368453367));
#6381=IFCCARTESIANPOINT((-52.6909083482169,245.590228263638));
#6382=IFCCARTESIANPOINT((-52.9163839833054,245.601732001058));
#6383=IFCCARTESIANPOINT((-53.1418624465878,245.613057707145));
#6384=IFCCARTESIANPOINT((-53.3673437421967,245.62420538516));
#6385=IFCCARTESIANPOINT((-53.5929164414119,245.635067868861));
#6386=IFCCARTESIANPOINT((-53.818406224862,245.645681442984));
#6387=IFCCARTESIANPOINT((-54.0439431263658,245.65606340603));
#6388=IFCCARTESIANPOINT((-54.269397107797,245.666196456004));
#6389=IFCCARTESIANPOINT((-54.4950282479404,245.67611519905));
#6390=IFCCARTESIANPOINT((-54.7205764676619,245.685785028676));
#6391=IFCCARTESIANPOINT((-54.9461275161884,245.695276827377));
#6392=IFCCARTESIANPOINT((-55.1716842258757,245.704412554973));
#6393=IFCCARTESIANPOINT((-55.3973295102187,245.71344113152));
#6394=IFCCARTESIANPOINT((-55.6229361688893,245.722167219035));
#6395=IFCCARTESIANPOINT((-55.8484599070507,245.730644393188));
#6396=IFCCARTESIANPOINT((-56.0741165097279,245.738960836665));
#6397=IFCCARTESIANPOINT((-56.2997344846663,245.746974789363));
#6398=IFCCARTESIANPOINT((-56.5253995800158,245.754757133021));
#6399=IFCCARTESIANPOINT((-56.7509817540122,245.762290562794));
#6400=IFCCARTESIANPOINT((-56.9766110492928,245.769592384226));
#6401=IFCCARTESIANPOINT((-57.2022874632385,245.776662595163));
#6402=IFCCARTESIANPOINT((-57.4279667028168,245.783554772905));
#6403=IFCCARTESIANPOINT((-57.653607314307,245.790144459577));
#6404=IFCCARTESIANPOINT((-57.8792950458883,245.796502537152));
#6405=IFCCARTESIANPOINT((-58.1049856060999,245.802682583977));
#6406=IFCCARTESIANPOINT((-58.3306375368556,245.808560138626));
#6407=IFCCARTESIANPOINT((-58.5563365871785,245.814206083829));
#6408=IFCCARTESIANPOINT((-58.7820384678198,245.819673999562));
#6409=IFCCARTESIANPOINT((-59.0078317555017,245.824856724066));
#6410=IFCCARTESIANPOINT((-59.2334978322906,245.829844114487));
#6411=IFCCARTESIANPOINT((-59.4592553217371,245.834546318336));
#6412=IFCCARTESIANPOINT((-59.684929889132,245.838999607658));
#6413=IFCCARTESIANPOINT((-59.9106072892318,245.843274869549));
#6414=IFCCARTESIANPOINT((-60.1363760948589,245.847264939162));
#6415=IFCCARTESIANPOINT((-60.3621477280685,245.851076977153));
#6416=IFCCARTESIANPOINT((-60.5878807364206,245.854586526926));
#6417=IFCCARTESIANPOINT((-60.813616570842,245.857918043912));
#6418=IFCCARTESIANPOINT((-61.0393137779029,245.860947070702));
#6419=IFCCARTESIANPOINT((-61.2651438517205,245.863815368968));
#6420=IFCCARTESIANPOINT((-61.4908910058148,245.866434754687));
#6421=IFCCARTESIANPOINT((-61.7165995290561,245.868751647242));
#6422=IFCCARTESIANPOINT((-61.9423108854098,245.870890512946));
#6423=IFCCARTESIANPOINT((-62.168069360865,245.872797768621));
#6424=IFCCARTESIANPOINT((-62.3938749509107,245.87447341095));
#6425=IFCCARTESIANPOINT((-62.6196419163898,245.875846565585));
#6426=IFCCARTESIANPOINT((-62.8454117082292,245.877041687432));
#6427=IFCCARTESIANPOINT((-63.071228619985,245.878005200357));
#6428=IFCCARTESIANPOINT((-63.2969626142003,245.87871980248));
#6429=IFCCARTESIANPOINT((-63.522743724694,245.879202792537));
#6430=IFCCARTESIANPOINT((-63.748441917618,245.879436871735));
#6431=IFCCARTESIANPOINT((-63.974231519067,245.879385761393));
#6432=IFCCARTESIANPOINT((-64.1999796608288,245.879210201267));
#6433=IFCCARTESIANPOINT((-64.4257334622962,245.878678569163));
#6434=IFCCARTESIANPOINT((-64.6514900970797,245.877968910092));
#6435=IFCCARTESIANPOINT((-64.8772938457842,245.877027637325));
#6436=IFCCARTESIANPOINT((-65.1031004254182,245.875908335787));
#6437=IFCCARTESIANPOINT((-65.3288683770515,245.874486543762));
#6438=IFCCARTESIANPOINT((-65.5545534084085,245.872815838782));
#6439=IFCCARTESIANPOINT((-65.7802855588088,245.870913523831));
#6440=IFCCARTESIANPOINT((-66.0060648296785,245.868779600598));
#6441=IFCCARTESIANPOINT((-66.2318469290331,245.866467646731));
#6442=IFCCARTESIANPOINT((-66.4575903988152,245.863853200863));
#6443=IFCCARTESIANPOINT((-66.6833809914242,245.861007148691));
#6444=IFCCARTESIANPOINT((-66.9090886617196,245.857912181644));
#6445=IFCCARTESIANPOINT((-67.1347991630028,245.854639186058));
#6446=IFCCARTESIANPOINT((-67.3605567824852,245.851134580269));
#6447=IFCCARTESIANPOINT((-67.5862757723953,245.847327482596));
#6448=IFCCARTESIANPOINT((-67.8120418833569,245.843288776989));
#6449=IFCCARTESIANPOINT((-68.2048571045452,245.837271303579));
#6450=IFCCARTESIANPOINT((-68.5977665652463,245.830790625769));
#6451=IFCCARTESIANPOINT((-68.9905987618549,245.823704973096));
#6452=IFCCARTESIANPOINT((-69.3834366111842,245.816263269167));
#6453=IFCCARTESIANPOINT((-69.7763272426091,245.808233899996));
#6454=IFCCARTESIANPOINT((-70.1691377817478,245.799777599925));
#6455=IFCCARTESIANPOINT((-70.5619568047114,245.79078720737));
#6456=IFCCARTESIANPOINT((-70.9547843176697,245.781262727163));
#6457=IFCCARTESIANPOINT((-71.3475760287547,245.771257737244));
#6458=IFCCARTESIANPOINT((-71.740331935318,245.760772235401));
#6459=IFCCARTESIANPOINT((-72.133052040037,245.749806223961));
#6460=IFCCARTESIANPOINT((-72.5257806348673,245.738306125102));
#6461=IFCCARTESIANPOINT((-72.9186034642335,245.726342817768));
#6462=IFCCARTESIANPOINT((-73.3112604513008,245.713881696342));
#6463=IFCCARTESIANPOINT((-73.703925930924,245.700886489532));
#6464=IFCCARTESIANPOINT((-74.096685642784,245.687428072619));
#6465=IFCCARTESIANPOINT((-74.4892795143824,245.673471843067));
#6466=IFCCARTESIANPOINT((-74.8819676244166,245.659052408475));
#6467=IFCCARTESIANPOINT((-75.2746642214479,245.644098884193));
#6468=IFCCARTESIANPOINT((-75.6671949781885,245.628647547448));
#6469=IFCCARTESIANPOINT((-76.0598199690285,245.612733001995));
#6470=IFCCARTESIANPOINT((-76.452453450911,245.596284370229));
#6471=IFCCARTESIANPOINT((-76.8449210930557,245.579337926407));
#6472=IFCCARTESIANPOINT((-77.2374829698529,245.561928274517));
#6473=IFCCARTESIANPOINT((-77.6300090451259,245.544038113672));
#6474=IFCCARTESIANPOINT((-78.0224578626221,245.525542983611));
#6475=IFCCARTESIANPOINT((-78.4149566225533,245.506638223014));
#6476=IFCCARTESIANPOINT((-78.8074195839581,245.487252956023));
#6477=IFCCARTESIANPOINT((-79.1997609950777,245.467316297058));
#6478=IFCCARTESIANPOINT((-79.5921523512225,245.446970010002));
#6479=IFCCARTESIANPOINT((-79.9845521987299,245.426089636923));
#6480=IFCCARTESIANPOINT((-80.376830494235,245.404657870589));
#6481=IFCCARTESIANPOINT((-80.7692030269245,245.382762898633));
#6482=IFCCARTESIANPOINT((-81.1614097220881,245.360370116367));
#6483=IFCCARTESIANPOINT((-81.5537106502743,245.33751412516));
#6484=IFCCARTESIANPOINT((-81.9458900311147,245.314106744656));
#6485=IFCCARTESIANPOINT((-82.3381193578534,245.290289736644));
#6486=IFCCARTESIANPOINT((-82.7302714247198,245.265867758018));
#6487=IFCCARTESIANPOINT((-83.1224291515246,245.241089734482));
#6488=IFCCARTESIANPOINT((-83.5145096164779,245.215706738993));
#6489=IFCCARTESIANPOINT((-83.9065542804019,245.189843234664));
#6490=IFCCARTESIANPOINT((-84.2985631460615,245.163499224116));
#6491=IFCCARTESIANPOINT((-84.6906662469555,245.136692006432));
#6492=IFCCARTESIANPOINT((-85.0826035071805,245.10938697611));
#6493=IFCCARTESIANPOINT((-85.4745492585062,245.081547859532));
#6494=IFCCARTESIANPOINT((-85.8663734606525,245.053157352435));
#6495=IFCCARTESIANPOINT((-86.25824760861,245.024357217946));
#6496=IFCCARTESIANPOINT((-86.6500859557418,244.995076574909));
#6497=IFCCARTESIANPOINT((-87.0418885026884,244.96531542408));
#6498=IFCCARTESIANPOINT((-87.4336137908394,244.934949303803));
#6499=IFCCARTESIANPOINT((-87.8252589926997,244.904156258039));
#6500=IFCCARTESIANPOINT((-88.2169984256616,244.872900001821));
#6501=IFCCARTESIANPOINT((-88.6086163127038,244.841092357528));
#6502=IFCCARTESIANPOINT((-89.0001983992406,244.808804205211));
#6503=IFCCARTESIANPOINT((-89.3917446853884,244.776035544928));
#6504=IFCCARTESIANPOINT((-89.7832551687025,244.742786374642));
#6505=IFCCARTESIANPOINT((-90.1747298545961,244.709056698892));
#6506=IFCCARTESIANPOINT((-90.566127281636,244.674722053576));
#6507=IFCCARTESIANPOINT((-90.9575303629099,244.640031358751));
#6508=IFCCARTESIANPOINT((-91.3488561882114,244.604735696455));
#6509=IFCCARTESIANPOINT((-91.7401019271638,244.569013108907));
#6510=IFCCARTESIANPOINT((-92.1313561520365,244.532756431319));
#6511=IFCCARTESIANPOINT((-92.5225745746575,244.496019244136));
#6512=IFCCARTESIANPOINT((-92.9137129116571,244.458855131932));
#6513=IFCCARTESIANPOINT((-93.3048597345187,244.421156929748));
#6514=IFCCARTESIANPOINT((-93.6958850121882,244.38290734007));
#6515=IFCCARTESIANPOINT((-94.086874489818,244.344177242601));
#6516=IFCCARTESIANPOINT((-94.4779139128805,244.305037517741));
#6517=IFCCARTESIANPOINT((-94.8687017531192,244.265329102462));
#6518=IFCCARTESIANPOINT((-95.2595838316192,244.225157483015));
#6519=IFCCARTESIANPOINT((-95.6504301078676,244.184505353973));
#6520=IFCCARTESIANPOINT((-96.0411548390111,244.143301837496));
#6521=IFCCARTESIANPOINT((-96.4318437683978,244.101617811946));
#6522=IFCCARTESIANPOINT((-96.8224968981231,244.059453279071));
#6523=IFCCARTESIANPOINT((-97.2131142305152,244.016808240733));
#6524=IFCCARTESIANPOINT((-97.6036957622273,243.973682694137));
#6525=IFCCARTESIANPOINT((-97.9941114556568,243.930059336533));
#6526=IFCCARTESIANPOINT((-98.3846213879297,243.885972775228));
#6527=IFCCARTESIANPOINT((-98.7750097751559,243.841334826255));
#6528=IFCCARTESIANPOINT((-99.1652323208109,243.796199063712));
#6529=IFCCARTESIANPOINT((-99.5555491097039,243.750600100961));
#6530=IFCCARTESIANPOINT((-99.9457000595867,243.704503326386));
#6531=IFCCARTESIANPOINT((-100.33585949993,243.657872465614));
#6532=IFCCARTESIANPOINT((-100.725938850985,243.61081467662));
#6533=IFCCARTESIANPOINT((-101.116026691132,243.563222800381));
#6534=IFCCARTESIANPOINT((-101.505948698963,243.515133117675));
#6535=IFCCARTESIANPOINT((-101.895920648793,243.466633804783));
#6536=IFCCARTESIANPOINT((-102.285685311159,243.417512226442));
#6537=IFCCARTESIANPOINT((-102.675499917561,243.367981019604));
#6538=IFCCARTESIANPOINT((-103.065234438138,243.318022887397));
#6539=IFCCARTESIANPOINT((-103.454891699454,243.267459785158));
#6540=IFCCARTESIANPOINT((-103.844468874071,243.216469756851));
#6541=IFCCARTESIANPOINT((-104.233968792512,243.164874761016));
#6542=IFCCARTESIANPOINT((-104.623474367632,243.112923717534));
#6543=IFCCARTESIANPOINT((-105.012858398521,243.060421287257));
#6544=IFCCARTESIANPOINT((-105.402206629136,243.007438348781));
#6545=IFCCARTESIANPOINT((-105.791433315346,242.953904023219));
#6546=IFCCARTESIANPOINT((-106.180579915701,242.89994277223));
#6547=IFCCARTESIANPOINT((-106.569735000812,242.845447430096));
#6548=IFCCARTESIANPOINT((-106.912489935959,242.796969855379));
#6549=IFCCARTESIANPOINT((-107.25447314445,242.747854372836));
#6550=IFCCARTESIANPOINT((-107.442132693133,242.722689573886));
#6551=IFCCARTESIANPOINT((-107.629750781663,242.697400320845));
#6552=IFCCARTESIANPOINT((-107.81741599628,242.671879461093));
#6553=IFCCARTESIANPOINT((-108.00508403714,242.646180565294));
#6554=IFCCARTESIANPOINT((-108.192624876247,242.620286338206));
#6555=IFCCARTESIANPOINT((-108.380168544332,242.594214077457));
#6556=IFCCARTESIANPOINT((-108.567673586571,242.567839324067));
#6557=IFCCARTESIANPOINT((-108.755222915381,242.54141099815));
#6558=IFCCARTESIANPOINT((-108.942689331365,242.514733760967));
#6559=IFCCARTESIANPOINT((-109.130072829779,242.487807608733));
#6560=IFCCARTESIANPOINT((-109.317544907011,242.460774306965));
#6561=IFCCARTESIANPOINT((-109.504934068391,242.433492091426));
#6562=IFCCARTESIANPOINT((-109.692240310891,242.405960959732));
#6563=IFCCARTESIANPOINT((-109.879635135847,242.37832268147));
#6564=IFCCARTESIANPOINT((-110.066902753984,242.350489067438));
#6565=IFCCARTESIANPOINT((-110.254131744063,242.322352959134));
#6566=IFCCARTESIANPOINT((-110.441405026271,242.294163282844));
#6567=IFCCARTESIANPOINT((-110.628595387941,242.265724688943));
#6568=IFCCARTESIANPOINT((-110.815832872497,242.237054485537));
#6569=IFCCARTESIANPOINT((-111.002943153726,242.20818894956));
#6570=IFCCARTESIANPOINT((-111.190056264139,242.179145379923));
#6571=IFCCARTESIANPOINT((-111.377172205684,242.149923778314));
#6572=IFCCARTESIANPOINT((-111.564160940994,242.120506841573));
#6573=IFCCARTESIANPOINT((-111.751196797442,242.090858293988));
#6574=IFCCARTESIANPOINT((-111.938191196648,242.061085294583));
#6575=IFCCARTESIANPOINT((-112.125232717168,242.031080684625));
#6576=IFCCARTESIANPOINT((-112.31214703212,242.000880739884));
#6577=IFCCARTESIANPOINT((-112.498978429794,241.970431880327));
#6578=IFCCARTESIANPOINT((-112.685898406344,241.939875871176));
#6579=IFCCARTESIANPOINT((-112.872735468205,241.90907094907));
#6580=IFCCARTESIANPOINT((-113.059575361171,241.87808799505));
#6581=IFCCARTESIANPOINT((-113.246332337643,241.846856126678));
#6582=IFCCARTESIANPOINT((-113.433047853934,241.815499804041));
#6583=IFCCARTESIANPOINT((-113.619810492935,241.783911872015));
#6584=IFCCARTESIANPOINT((-113.806445928669,241.752128607244));
#6585=IFCCARTESIANPOINT((-113.99308419376,241.720167308813));
#6586=IFCCARTESIANPOINT((-114.179725289607,241.688027978176));
#6587=IFCCARTESIANPOINT((-114.366283472715,241.655639736156));
#6588=IFCCARTESIANPOINT((-114.55280019404,241.623127038707));
#6589=IFCCARTESIANPOINT((-114.739278290566,241.590311849315));
#6590=IFCCARTESIANPOINT((-114.925800676283,241.557443089667));
#6591=IFCCARTESIANPOINT((-115.112240146816,241.524325416598));
#6592=IFCCARTESIANPOINT((-115.298596697947,241.490958826791));
#6593=IFCCARTESIANPOINT((-115.484956084634,241.457414208504));
#6594=IFCCARTESIANPOINT((-115.671318301902,241.423691557895));
#6595=IFCCARTESIANPOINT((-115.857639060559,241.389844454068));
#6596=IFCCARTESIANPOINT((-116.043921192264,241.355694856902));
#6597=IFCCARTESIANPOINT((-116.230076120584,241.321349926526));
#6598=IFCCARTESIANPOINT((-116.416319626413,241.286897845624));
#6599=IFCCARTESIANPOINT((-116.602480215224,241.252196849731));
#6600=IFCCARTESIANPOINT((-116.78851360103,241.217300521152));
#6601=IFCCARTESIANPOINT((-116.974679853913,241.182243462652));
#6602=IFCCARTESIANPOINT((-117.16063315791,241.146920190484));
#6603=IFCCARTESIANPOINT((-117.346675036679,241.111489765404));
#6604=IFCCARTESIANPOINT((-117.532634000963,241.075810427545));
#6605=IFCCARTESIANPOINT((-117.718595796236,241.039953057305));
#6606=IFCCARTESIANPOINT((-117.90447467647,241.003846773936));
#6607=IFCCARTESIANPOINT((-118.090312098415,240.967616037815));
#6608=IFCCARTESIANPOINT((-118.27615235257,240.931207270536));
#6609=IFCCARTESIANPOINT((-118.461909690726,240.894549589022));
#6610=IFCCARTESIANPOINT((-118.647669859754,240.857713875303));
#6611=IFCCARTESIANPOINT((-118.833432862157,240.820700131299));
#6612=IFCCARTESIANPOINT((-119.019068659516,240.783491052862));
#6613=IFCCARTESIANPOINT((-119.204707284225,240.746103939135));
#6614=IFCCARTESIANPOINT((-119.390262997913,240.708467915363));
#6615=IFCCARTESIANPOINT((-119.575821543258,240.670653859968));
#6616=IFCCARTESIANPOINT((-119.761338629236,240.632715350774));
#6617=IFCCARTESIANPOINT((-119.946817088989,240.594474348472));
#6618=IFCCARTESIANPOINT((-120.132254092023,240.5561088947));
#6619=IFCCARTESIANPOINT((-120.317608177982,240.51749452576));
#6620=IFCCARTESIANPOINT((-120.502920805942,240.478755704185));
#6621=IFCCARTESIANPOINT((-120.688280558592,240.439785274735));
#6622=IFCCARTESIANPOINT((-120.873513104161,240.40061950899));
#6623=IFCCARTESIANPOINT((-121.058748482115,240.36127571197));
#6624=IFCCARTESIANPOINT((-121.243986688642,240.32175388094));
#6625=IFCCARTESIANPOINT((-121.429097694781,240.282036718854));
#6626=IFCCARTESIANPOINT((-121.614170072426,240.242017061799));
#6627=IFCCARTESIANPOINT((-121.79928673894,240.201943834021));
#6628=IFCCARTESIANPOINT((-121.984276200819,240.161675271869));
#6629=IFCCARTESIANPOINT((-122.169227038481,240.121104218124));
#6630=IFCCARTESIANPOINT((-122.354136419744,240.080408713024));
#6631=IFCCARTESIANPOINT((-122.539048627572,240.039535171993));
#6632=IFCCARTESIANPOINT((-122.723877925862,239.998412721849));
#6633=IFCCARTESIANPOINT((-122.908710055199,239.957112239616));
#6634=IFCCARTESIANPOINT((-123.093500723684,239.915687302244));
#6635=IFCCARTESIANPOINT((-123.27820847588,239.874013450346));
#6636=IFCCARTESIANPOINT((-123.462833315163,239.832090686716));
#6637=IFCCARTESIANPOINT((-123.647502444743,239.790114353353));
#6638=IFCCARTESIANPOINT((-123.832132949203,239.747835527698));
#6639=IFCCARTESIANPOINT((-124.01663624731,239.705361365981));
#6640=IFCCARTESIANPOINT((-124.201098087331,239.662762751628));
#6641=IFCCARTESIANPOINT((-124.385607047792,239.619932525675));
#6642=IFCCARTESIANPOINT((-124.569988807052,239.576906968025));
#6643=IFCCARTESIANPOINT((-124.754373395379,239.533703376423));
#6644=IFCCARTESIANPOINT((-124.938630778779,239.490304450155));
#6645=IFCCARTESIANPOINT((-125.122935286228,239.446673915198));
#6646=IFCCARTESIANPOINT((-125.307198335504,239.402918927313));
#6647=IFCCARTESIANPOINT((-125.491378470004,239.35891502595));
#6648=IFCCARTESIANPOINT((-125.675431398064,239.314715788583));
#6649=IFCCARTESIANPOINT((-126.57565151481,239.094836088596));
#6650=IFCCARTESIANPOINT((-124.450858037424,241.6598954199));
#6651=IFCCARTESIANPOINT((-124.286590573756,241.696073794446));
#6652=IFCCARTESIANPOINT((-124.089478344569,241.739308517368));
#6653=IFCCARTESIANPOINT((-123.892238905828,241.782347903063));
#6654=IFCCARTESIANPOINT((-123.694958012784,241.82526284043));
#6655=IFCCARTESIANPOINT((-123.497679950699,241.867999746988));
#6656=IFCCARTESIANPOINT((-123.300360430381,241.910612201842));
#6657=IFCCARTESIANPOINT((-123.103043740062,241.953046624782));
#6658=IFCCARTESIANPOINT((-122.90564413555,241.995232136513));
#6659=IFCCARTESIANPOINT((-122.708203071903,242.037293195666));
#6660=IFCCARTESIANPOINT((-122.510764839157,242.079176224128));
#6661=IFCCARTESIANPOINT((-122.31328515042,242.120934802573));
#6662=IFCCARTESIANPOINT((-122.11572254551,242.162444468122));
#6663=IFCCARTESIANPOINT((-121.918204226677,242.203900561843));
#6664=IFCCARTESIANPOINT((-121.720602996123,242.245107746217));
#6665=IFCCARTESIANPOINT((-121.52296030501,242.286190477142));
#6666=IFCCARTESIANPOINT((-121.325234698801,242.327024295984));
#6667=IFCCARTESIANPOINT((-121.127597672283,242.367750967212));
#6668=IFCCARTESIANPOINT((-120.929833438451,242.40828230331));
#6669=IFCCARTESIANPOINT((-120.732027749385,242.448689190263));
#6670=IFCCARTESIANPOINT((-120.534224888775,242.488918044372));
#6671=IFCCARTESIANPOINT((-120.336339112051,242.528897985525));
#6672=IFCCARTESIANPOINT((-120.138497627981,242.568824360322));
#6673=IFCCARTESIANPOINT((-119.940573225031,242.608501819894));
#6674=IFCCARTESIANPOINT((-119.742607364984,242.648054828984));
#6675=IFCCARTESIANPOINT((-119.544644335227,242.687429806567));
#6676=IFCCARTESIANPOINT((-119.346684135176,242.726626752119));
#6677=IFCCARTESIANPOINT((-119.14859673407,242.765628367953));
#6678=IFCCARTESIANPOINT((-118.950512161653,242.804451950768));
#6679=IFCCARTESIANPOINT((-118.752386130422,242.843151081819));
#6680=IFCCARTESIANPOINT((-118.554262930818,242.881672182528));
#6681=IFCCARTESIANPOINT((-118.356098271353,242.920068830426));
#6682=IFCCARTESIANPOINT((-118.157850700518,242.958216569328));
#6683=IFCCARTESIANPOINT((-117.959647416632,242.996310737391));
#6684=IFCCARTESIANPOINT((-117.761405505327,243.034102412639));
#6685=IFCCARTESIANPOINT((-117.562992098916,243.071752333373));
#6686=IFCCARTESIANPOINT((-117.364667271468,243.109295106085));
#6687=IFCCARTESIANPOINT((-117.166345276521,243.146659849212));
#6688=IFCCARTESIANPOINT((-116.967940362316,243.183775676822));
#6689=IFCCARTESIANPOINT((-116.769493991567,243.220767054649));
#6690=IFCCARTESIANPOINT((-116.571006163198,243.257633981353));
#6691=IFCCARTESIANPOINT((-116.372521165787,243.294322877366));
#6692=IFCCARTESIANPOINT((-116.173953250371,243.33076285891));
#6693=IFCCARTESIANPOINT((-115.975473914965,243.367095693306));
#6694=IFCCARTESIANPOINT((-115.77686737373,243.403233193909));
#6695=IFCCARTESIANPOINT((-115.57821937502,243.439246243855));
#6696=IFCCARTESIANPOINT((-115.379574205523,243.475081261306));
#6697=IFCCARTESIANPOINT((-115.18084612189,243.51066736778));
#6698=IFCCARTESIANPOINT((-114.982162325963,243.54619990394));
#6699=IFCCARTESIANPOINT((-114.783395611914,243.581483525631));
#6700=IFCCARTESIANPOINT((-114.584631730977,243.616589118377));
#6701=IFCCARTESIANPOINT((-114.385826393001,243.651570260641));
#6702=IFCCARTESIANPOINT((-114.187023885403,243.686373371747));
#6703=IFCCARTESIANPOINT((-113.988094170141,243.720981147606));
#6704=IFCCARTESIANPOINT((-113.789253035997,243.755481777072));
#6705=IFCCARTESIANPOINT((-113.590328982595,243.789733491081));
#6706=IFCCARTESIANPOINT((-113.39136347358,243.82386075618));
#6707=IFCCARTESIANPOINT((-113.192400795029,243.857809990062));
#6708=IFCCARTESIANPOINT((-112.993440945313,243.89158119139));
#6709=IFCCARTESIANPOINT((-112.794353889563,243.925157058868));
#6710=IFCCARTESIANPOINT((-112.595225379162,243.958608478017));
#6711=IFCCARTESIANPOINT((-112.396229735663,243.991899168468));
#6712=IFCCARTESIANPOINT((-112.19710688421,244.024994523672));
#6713=IFCCARTESIANPOINT((-111.997856827191,244.057894545607));
#6714=IFCCARTESIANPOINT((-111.798695348582,244.090687418648));
#6715=IFCCARTESIANPOINT((-111.599536700844,244.123302260938));
#6716=IFCCARTESIANPOINT((-111.400295138184,244.15566819167));
#6717=IFCCARTESIANPOINT((-111.201012114878,244.187909668952));
#6718=IFCCARTESIANPOINT((-111.001731922763,244.219973115833));
#6719=IFCCARTESIANPOINT((-110.80241027326,244.251912112115));
#6720=IFCCARTESIANPOINT((-110.603091454162,244.283673077123));
#6721=IFCCARTESIANPOINT((-110.403689718863,244.315185129468));
#6722=IFCCARTESIANPOINT((-110.204332270892,244.346643611032));
#6723=IFCCARTESIANPOINT((-110.004891907331,244.377853180689));
#6724=IFCCARTESIANPOINT((-109.80541008836,244.408938301262));
#6725=IFCCARTESIANPOINT((-109.605975384417,244.439791807381));
#6726=IFCCARTESIANPOINT((-109.406454934302,244.470574442705));
#6727=IFCCARTESIANPOINT((-109.206895856449,244.501054585562));
#6728=IFCCARTESIANPOINT((-109.007381070784,244.531481161539));
#6729=IFCCARTESIANPOINT((-108.807783367898,244.561658824037));
#6730=IFCCARTESIANPOINT((-108.608144203288,244.591712032445));
#6731=IFCCARTESIANPOINT((-108.408552161272,244.621533632628));
#6732=IFCCARTESIANPOINT((-108.208874369244,244.651284358988));
#6733=IFCCARTESIANPOINT((-108.009157951805,244.68073259457));
#6734=IFCCARTESIANPOINT((-107.80948582213,244.710127259663));
#6735=IFCCARTESIANPOINT((-107.609730775381,244.739273011626));
#6736=IFCCARTESIANPOINT((-108.166071601067,248.93341678736));
#6737=IFCCARTESIANPOINT((-108.233557478379,249.447731838736));
#6738=IFCCARTESIANPOINT((-108.489600279805,249.408115167229));
#6739=IFCCARTESIANPOINT((-108.745474417025,249.368178707664));
#6740=IFCCARTESIANPOINT((-109.0014371289,249.328135103162));
#6741=IFCCARTESIANPOINT((-109.257275470212,249.287718134758));
#6742=IFCCARTESIANPOINT((-109.51311663838,249.247123139037));
#6743=IFCCARTESIANPOINT((-109.769004926231,249.206296539691));
#6744=IFCCARTESIANPOINT((-110.024680258473,249.165203729994));
#6745=IFCCARTESIANPOINT((-110.280532750796,249.123896621924));
#6746=IFCCARTESIANPOINT((-110.536172286345,249.082323302748));
#6747=IFCCARTESIANPOINT((-110.791858943121,249.040518380934));
#6748=IFCCARTESIANPOINT((-111.04746268093,248.998464551289));
#6749=IFCCARTESIANPOINT((-111.302983499801,248.956161813578));
#6750=IFCCARTESIANPOINT((-111.558551443071,248.913627476199));
#6751=IFCCARTESIANPOINT((-111.8140364672,248.87084423058));
#6752=IFCCARTESIANPOINT((-112.069438572653,248.827812077187));
#6753=IFCCARTESIANPOINT((-112.32488780003,248.78454832203));
#6754=IFCCARTESIANPOINT((-112.580254107743,248.741035658226));
#6755=IFCCARTESIANPOINT((-112.835537499719,248.697274089209));
#6756=IFCCARTESIANPOINT((-113.090868010797,248.653280915751));
#6757=IFCCARTESIANPOINT((-113.346115603432,248.609038834809));
#6758=IFCCARTESIANPOINT((-113.601280281582,248.564547849528));
#6759=IFCCARTESIANPOINT((-113.856447787315,248.519878837513));
#6760=IFCCARTESIANPOINT((-114.111576668249,248.474907342112));
#6761=IFCCARTESIANPOINT((-114.366622631293,248.429686939693));
#6762=IFCCARTESIANPOINT((-114.621715711633,248.384234931204));
#6763=IFCCARTESIANPOINT((-114.876681587892,248.338587597653));
#6764=IFCCARTESIANPOINT((-115.131608834956,248.292637777107));
#6765=IFCCARTESIANPOINT((-115.386453168438,248.246439052746));
#6766=IFCCARTESIANPOINT((-115.641344618954,248.200008722488));
#6767=IFCCARTESIANPOINT((-115.896153153357,248.153329486493));
#6768=IFCCARTESIANPOINT((-116.150964517845,248.106472225802));
#6769=IFCCARTESIANPOINT((-116.405692965345,248.059366058558));
#6770=IFCCARTESIANPOINT((-116.660382784874,248.01195740531));
#6771=IFCCARTESIANPOINT((-116.914945398021,247.964353424672));
#6772=IFCCARTESIANPOINT((-117.169555131026,247.916517840407));
#6773=IFCCARTESIANPOINT((-117.424126238184,247.868379771768));
#6774=IFCCARTESIANPOINT((-117.678570138494,247.820046375447));
#6775=IFCCARTESIANPOINT((-117.933061158779,247.771481375617));
#6776=IFCCARTESIANPOINT((-118.187469260913,247.722667468071));
#6777=IFCCARTESIANPOINT((-118.4418387388,247.673551077663));
#6778=IFCCARTESIANPOINT((-118.69608100722,247.624239357072));
#6779=IFCCARTESIANPOINT((-118.950370398845,247.574696035881));
#6780=IFCCARTESIANPOINT((-119.204576868244,247.52490380354));
#6781=IFCCARTESIANPOINT((-119.458830461779,247.474879971065));
#6782=IFCCARTESIANPOINT((-119.668305636558,247.433412137616));
#6783=IFCCARTESIANPOINT((-116.632709249243,251.097996447759));
#6784=IFCCARTESIANPOINT((-116.480707560637,251.125621908926));
#6785=IFCCARTESIANPOINT((-116.228088102682,251.171224584628));
#6786=IFCCARTESIANPOINT((-115.975471477053,251.216649237438));
#6787=IFCCARTESIANPOINT((-115.722686186462,251.261754101084));
#6788=IFCCARTESIANPOINT((-115.469906559476,251.306502901309));
#6789=IFCCARTESIANPOINT((-115.217129759869,251.351073674392));
#6790=IFCCARTESIANPOINT((-114.964184295473,251.395324658719));
#6791=IFCCARTESIANPOINT((-114.711285952391,251.439344040351));
#6792=IFCCARTESIANPOINT((-114.458348981192,251.48306093592));
#6793=IFCCARTESIANPOINT((-114.205373385077,251.526475347928));
#6794=IFCCARTESIANPOINT((-113.95227057804,251.569694429112));
#6795=IFCCARTESIANPOINT((-113.699173436704,251.612557448272));
#6796=IFCCARTESIANPOINT((-113.445993374829,251.655171558086));
#6797=IFCCARTESIANPOINT((-113.192774688156,251.697483184573));
#6798=IFCCARTESIANPOINT((-112.939517370454,251.739492322551));
#6799=IFCCARTESIANPOINT((-112.686262886418,251.781323438569));
#6800=IFCCARTESIANPOINT((-112.432839735033,251.822834764025));
#6801=IFCCARTESIANPOINT((-112.179507995519,251.864060908323));
#6802=IFCCARTESIANPOINT((-111.92609333733,251.90503814508));
#6803=IFCCARTESIANPOINT((-111.67264004919,251.945712894143));
#6804=IFCCARTESIANPOINT((-111.419103847613,251.986138739681));
#6805=IFCCARTESIANPOINT((-111.165529014106,252.026262096071));
#6806=IFCCARTESIANPOINT((-110.911915556149,252.066082969366));
#6807=IFCCARTESIANPOINT((-110.658304929064,252.105725818488));
#6808=IFCCARTESIANPOINT((-110.404569925478,252.144995298993));
#6809=IFCCARTESIANPOINT((-110.150837748399,252.184086751717));
#6810=IFCCARTESIANPOINT((-109.897111236787,252.22282214259));
#6811=IFCCARTESIANPOINT((-109.643301806413,252.261308625573));
#6812=IFCCARTESIANPOINT((-109.389409458294,252.299546201772));
#6813=IFCCARTESIANPOINT((-109.135522771656,252.337427712686));
#6814=IFCCARTESIANPOINT((-109.127240567264,252.347446969012));
#6815=IFCCARTESIANPOINT((-109.119002654828,252.357412648213));
#6816=IFCCARTESIANPOINT((-109.1109362391,252.367520092637));
#6817=IFCCARTESIANPOINT((-109.102825529437,252.377681112674));
#6818=IFCCARTESIANPOINT((-109.094844859472,252.387859437673));
#6819=IFCCARTESIANPOINT((-109.08686419006,252.398037763021));
#6820=IFCCARTESIANPOINT((-109.079055012058,252.408357849286));
#6821=IFCCARTESIANPOINT((-109.07124583688,252.418677937821));
#6822=IFCCARTESIANPOINT((-109.063522407407,252.429068906873));
#6823=IFCCARTESIANPOINT((-109.055754693109,252.439513458929));
#6824=IFCCARTESIANPOINT((-109.048161299725,252.449921729858));
#6825=IFCCARTESIANPOINT((-109.040695112984,252.460525344824));
#6826=IFCCARTESIANPOINT((-109.033143179986,252.471058078751));
#6827=IFCCARTESIANPOINT((-109.025762741425,252.481732576271));
#6828=IFCCARTESIANPOINT((-109.018426590716,252.492353493173));
#6829=IFCCARTESIANPOINT((-109.011131900741,252.503098873305));
#6830=IFCCARTESIANPOINT((-109.003967248456,252.513861556712));
#6831=IFCCARTESIANPOINT((-108.996844050416,252.524748698343));
#6832=IFCCARTESIANPOINT((-108.98976514276,252.535582261335));
#6833=IFCCARTESIANPOINT((-108.982771984971,252.546486708219));
#6834=IFCCARTESIANPOINT((-108.975908860884,252.557408454886));
#6835=IFCCARTESIANPOINT((-108.969001449848,252.56838378316));
#6836=IFCCARTESIANPOINT((-108.962265534472,252.579500875669));
#6837=IFCCARTESIANPOINT((-108.955573907268,252.590564387909));
#6838=IFCCARTESIANPOINT((-108.948882280354,252.601627900265));
#6839=IFCCARTESIANPOINT((-108.942362149333,252.612833177205));
#6840=IFCCARTESIANPOINT((-108.935842014471,252.624038451002));
#6841=IFCCARTESIANPOINT((-108.929451919772,252.635261030111));
#6842=IFCCARTESIANPOINT((-108.923103283247,252.646608070412));
#6843=IFCCARTESIANPOINT((-108.916798934893,252.657901530329));
#6844=IFCCARTESIANPOINT((-108.910580336669,252.669265874487));
#6845=IFCCARTESIANPOINT((-108.904447484703,252.680701099511));
#6846=IFCCARTESIANPOINT((-108.898444668506,252.692153626122));
#6847=IFCCARTESIANPOINT((-108.892441852688,252.703606152965));
#6848=IFCCARTESIANPOINT((-108.886524784524,252.715129561839));
#6849=IFCCARTESIANPOINT((-108.880693463812,252.726723852626));
#6850=IFCCARTESIANPOINT((-108.874906436307,252.738264567277));
#6851=IFCCARTESIANPOINT((-108.869290898176,252.74994704104));
#6852=IFCCARTESIANPOINT((-108.863675361179,252.761629515677));
#6853=IFCCARTESIANPOINT((-108.858059823891,252.773311990139));
#6854=IFCCARTESIANPOINT((-108.852660073084,252.785082650778));
#6855=IFCCARTESIANPOINT((-108.847260322334,252.796853311418));
#6856=IFCCARTESIANPOINT((-108.841946319968,252.808694854728));
#6857=IFCCARTESIANPOINT((-108.836762353574,252.820553699799));
#6858=IFCCARTESIANPOINT((-108.831578387093,252.832412544813));
#6859=IFCCARTESIANPOINT((-108.826480168587,252.844342272088));
#6860=IFCCARTESIANPOINT((-108.821511986665,252.856289301766));
#6861=IFCCARTESIANPOINT((-108.816543806955,252.86823633319));
#6862=IFCCARTESIANPOINT((-108.811661373271,252.880254245305));
#6863=IFCCARTESIANPOINT((-108.806908972707,252.892289456853));
#6864=IFCCARTESIANPOINT((-108.802242325823,252.904395555379));
#6865=IFCCARTESIANPOINT((-108.797619963792,252.916448070842));
#6866=IFCCARTESIANPOINT((-108.793083352706,252.928571471071));
#6867=IFCCARTESIANPOINT((-108.788632487674,252.940765751933));
#6868=IFCCARTESIANPOINT((-108.784225912445,252.952906453807));
#6869=IFCCARTESIANPOINT((-108.779990833398,252.96518892044));
#6870=IFCCARTESIANPOINT((-108.775670004688,252.977400503412));
#6871=IFCCARTESIANPOINT((-108.77156496208,252.989700272039));
#6872=IFCCARTESIANPOINT((-108.767459919414,253.00200004084));
#6873=IFCCARTESIANPOINT((-108.763484914991,253.014317113266));
#6874=IFCCARTESIANPOINT((-108.759595656913,253.026705066615));
#6875=IFCCARTESIANPOINT((-108.75575068855,253.039039440919));
#6876=IFCCARTESIANPOINT((-108.751991468511,253.051444697718));
#6877=IFCCARTESIANPOINT((-108.748362285027,253.063867256918));
#6878=IFCCARTESIANPOINT((-108.744733103231,253.0762898174));
#6879=IFCCARTESIANPOINT((-108.741233953158,253.08872967615));
#6880=IFCCARTESIANPOINT((-108.737820555689,253.101240421005));
#6881=IFCCARTESIANPOINT((-108.734407158772,253.113751166326));
#6882=IFCCARTESIANPOINT((-108.731123794947,253.126279211079));
#6883=IFCCARTESIANPOINT((-108.727970470238,253.138824560156));
#6884=IFCCARTESIANPOINT((-108.724902895076,253.151440792775));
#6885=IFCCARTESIANPOINT((-108.721879608376,253.164003445359));
#6886=IFCCARTESIANPOINT((-108.718942069594,253.176636980206));
#6887=IFCCARTESIANPOINT((-108.716004528716,253.18927051319));
#6888=IFCCARTESIANPOINT((-108.713241316407,253.201867771335));
#6889=IFCCARTESIANPOINT((-108.710519561631,253.214589490322));
#6890=IFCCARTESIANPOINT((-108.707972133387,253.227274932608));
#6891=IFCCARTESIANPOINT((-108.705424707587,253.23996037693));
#6892=IFCCARTESIANPOINT((-108.702877279342,253.252645819157));
#6893=IFCCARTESIANPOINT((-108.700545635395,253.265419445874));
#6894=IFCCARTESIANPOINT((-108.698258283926,253.278139495698));
#6895=IFCCARTESIANPOINT((-108.696056678047,253.290930425923));
#6896=IFCCARTESIANPOINT((-108.693899364356,253.303667779022));
#6897=IFCCARTESIANPOINT((-108.691827792878,253.316476009612));
#6898=IFCCARTESIANPOINT((-108.689886264125,253.329301547608));
#6899=IFCCARTESIANPOINT((-108.687989022117,253.342073503998));
#6900=IFCCARTESIANPOINT((-108.686177529715,253.354916344048));
#6901=IFCCARTESIANPOINT((-108.684496072499,253.367776485393));
#6902=IFCCARTESIANPOINT((-108.682814615866,253.380636627146));
#6903=IFCCARTESIANPOINT((-108.681263199571,253.393514074036));
#6904=IFCCARTESIANPOINT((-108.679756068595,253.406337938446));
#6905=IFCCARTESIANPOINT((-108.678378976154,253.419179106655));
#6906=IFCCARTESIANPOINT((-108.677087631397,253.432091156952));
#6907=IFCCARTESIANPOINT((-108.675840577023,253.444949628669));
#6908=IFCCARTESIANPOINT((-108.674679268937,253.457878981368));
#6909=IFCCARTESIANPOINT((-108.673648001073,253.470825639262));
#6910=IFCCARTESIANPOINT((-108.672661018878,253.483718714793));
#6911=IFCCARTESIANPOINT((-108.671804076846,253.496629095578));
#6912=IFCCARTESIANPOINT((-108.670947135426,253.509539476829));
#6913=IFCCARTESIANPOINT((-109.09115733768,255.844426348282));
#6914=IFCCARTESIANPOINT((-113.319794324838,255.097360824177));
#6915=IFCCARTESIANPOINT((-100.646135748684,270.397053024382));
#6916=IFCCARTESIANPOINT((-100.405188525649,269.8179130606));
#6917=IFCCARTESIANPOINT((-89.3272762176057,270.899798530561));
#6918=IFCCARTESIANPOINT((-89.0954654771485,270.917959918675));
#6919=IFCCARTESIANPOINT((-88.8637876047578,270.935960582399));
#6920=IFCCARTESIANPOINT((-88.6319825197279,270.953765912389));
#6921=IFCCARTESIANPOINT((-88.4000945210864,270.971322337515));
#6922=IFCCARTESIANPOINT((-88.1682950968097,270.988771613978));
#6923=IFCCARTESIANPOINT((-87.9364570417383,271.005918400537));
#6924=IFCCARTESIANPOINT((-87.7045775270672,271.022940739233));
#6925=IFCCARTESIANPOINT((-87.4727008402406,271.039785049041));
#6926=IFCCARTESIANPOINT((-87.2408712712058,271.056397751032));
#6927=IFCCARTESIANPOINT((-87.0089144939266,271.072815123014));
#6928=IFCCARTESIANPOINT((-86.7770905827929,271.08907176886));
#6929=IFCCARTESIANPOINT((-86.5451394638512,271.105133085337));
#6930=IFCCARTESIANPOINT((-86.3131911726377,271.121016372577));
#6931=IFCCARTESIANPOINT((-86.081204250484,271.136597170087));
#6932=IFCCARTESIANPOINT((-85.8492616149306,271.152124399494));
#6933=IFCCARTESIANPOINT((-85.617280353239,271.167349142896));
#6934=IFCCARTESIANPOINT((-85.3853019150847,271.182395853859));
#6935=IFCCARTESIANPOINT((-85.1532820194552,271.197318118706));
#6936=IFCCARTESIANPOINT((-84.9213092404243,271.212008774688));
#6937=IFCCARTESIANPOINT((-84.6892092518683,271.226504099672));
#6938=IFCCARTESIANPOINT((-84.4572421315243,271.240838700265));
#6939=IFCCARTESIANPOINT((-84.2251920903509,271.254924389708));
#6940=IFCCARTESIANPOINT((-83.9931448749558,271.268832048634));
#6941=IFCCARTESIANPOINT((-83.7610562015034,271.28261526092));
#6942=IFCCARTESIANPOINT((-83.5289288977801,271.296095983766));
#6943=IFCCARTESIANPOINT((-83.2968901725835,271.309469561267));
#6944=IFCCARTESIANPOINT((-83.0647685239674,271.322594225756));
#6945=IFCCARTESIANPOINT((-82.8326497055532,271.335540863161));
#6946=IFCCARTESIANPOINT((-82.60053371705,271.348309473309));
#6947=IFCCARTESIANPOINT((-82.3683348078339,271.360829172656));
#6948=IFCCARTESIANPOINT((-82.1362244728662,271.373241723049));
#6949=IFCCARTESIANPOINT((-81.9040312166617,271.385405362176));
#6950=IFCCARTESIANPOINT((-81.6718850850302,271.397337399016));
#6951=IFCCARTESIANPOINT((-81.4396974889678,271.409144983802));
#6952=IFCCARTESIANPOINT((-81.2075127208082,271.420774539758));
#6953=IFCCARTESIANPOINT((-80.9753750716045,271.432172488596));
#6954=IFCCARTESIANPOINT((-80.7431102124101,271.443375106144));
#6955=IFCCARTESIANPOINT((-80.5108924685919,271.454346113838));
#6956=IFCCARTESIANPOINT((-80.2786332667747,271.465192674834));
#6957=IFCCARTESIANPOINT((-80.0464211822837,271.475807627372));
#6958=IFCCARTESIANPOINT((-79.8141676405503,271.486298134027));
#6959=IFCCARTESIANPOINT((-79.5819612118357,271.496557028557));
#6960=IFCCARTESIANPOINT((-79.3496718640381,271.506567013625));
#6961=IFCCARTESIANPOINT((-79.1173853439104,271.51639896963));
#6962=IFCCARTESIANPOINT((-78.8851016538392,271.52605289832));
#6963=IFCCARTESIANPOINT((-78.6528207892261,271.535528796085));
#6964=IFCCARTESIANPOINT((-78.42054275595,271.544826667639));
#6965=IFCCARTESIANPOINT((-78.1882675488014,271.553946508851));
#6966=IFCCARTESIANPOINT((-77.9559537124296,271.562763861322));
#6967=IFCCARTESIANPOINT((-77.7235984166909,271.571456766105));
#6968=IFCCARTESIANPOINT((-77.4912902350479,271.579918059753));
#6969=IFCCARTESIANPOINT((-77.258940591506,271.588254903501));
#6970=IFCCARTESIANPOINT((-77.026638070558,271.596360143041));
#6971=IFCCARTESIANPOINT((-76.7942940864305,271.60434093175));
#6972=IFCCARTESIANPOINT((-76.5619114716828,271.612019230786));
#6973=IFCCARTESIANPOINT((-76.3296174323477,271.619590381568));
#6974=IFCCARTESIANPOINT((-76.0972404725908,271.626912621839));
#6975=IFCCARTESIANPOINT((-75.8648663404456,271.634056832583));
#6976=IFCCARTESIANPOINT((-75.6324950395792,271.641023017291));
#6977=IFCCARTESIANPOINT((-75.400085107889,271.647686711978));
#6978=IFCCARTESIANPOINT((-75.1677194598014,271.654296836001));
#6979=IFCCARTESIANPOINT((-74.9352708956285,271.660658053122));
#6980=IFCCARTESIANPOINT((-74.7029551951855,271.666858541488));
#6981=IFCCARTESIANPOINT((-74.4705565732729,271.672810118471));
#6982=IFCCARTESIANPOINT((-74.2381164933031,271.678637248639));
#6983=IFCCARTESIANPOINT((-74.0057235304848,271.684232770174));
#6984=IFCCARTESIANPOINT((-73.7732476475067,271.689579381316));
#6985=IFCCARTESIANPOINT((-73.5408603399701,271.694818844146));
#6986=IFCCARTESIANPOINT((-73.3084344009112,271.699755816429));
#6987=IFCCARTESIANPOINT((-73.0760527486855,271.704639220785));
#6988=IFCCARTESIANPOINT((-72.8435881796759,271.709273717366));
#6989=IFCCARTESIANPOINT((-72.6111707222881,271.713676600717));
#6990=IFCCARTESIANPOINT((-72.3787560979545,271.71790145908));
#6991=IFCCARTESIANPOINT((-72.1463000104122,271.722001866612));
#6992=IFCCARTESIANPOINT((-71.9138052917842,271.725799783831));
#6993=IFCCARTESIANPOINT((-71.6813991516537,271.729490555357));
#6994=IFCCARTESIANPOINT((-71.4489100895298,271.73293241486));
#6995=IFCCARTESIANPOINT((-71.2164681475551,271.736142668));
#6996=IFCCARTESIANPOINT((-70.9839847405092,271.739228468679));
#6997=IFCCARTESIANPOINT((-70.7515041638108,271.742136242101));
#6998=IFCCARTESIANPOINT((-70.519070700946,271.74481240398));
#6999=IFCCARTESIANPOINT((-70.2866400711064,271.74731054093));
#7000=IFCCARTESIANPOINT((-70.054126518924,271.74955976574));
#7001=IFCCARTESIANPOINT((-69.8217015427945,271.751701842644));
#7002=IFCCARTESIANPOINT((-69.5891936474654,271.753595009795));
#7003=IFCCARTESIANPOINT((-69.3567743265012,271.75538102776));
#7004=IFCCARTESIANPOINT((-69.1243163758772,271.756864556635));
#7005=IFCCARTESIANPOINT((-68.8918169631797,271.758223635377));
#7006=IFCCARTESIANPOINT((-68.6593646672263,271.759351104847));
#7007=IFCCARTESIANPOINT((-68.4268294565554,271.760229668405));
#7008=IFCCARTESIANPOINT((-68.1943828171352,271.761001079984));
#7009=IFCCARTESIANPOINT((-67.961853256711,271.761523580528));
#7010=IFCCARTESIANPOINT((-67.7294122740568,271.761938934505));
#7011=IFCCARTESIANPOINT((-67.4969326576975,271.7620517959));
#7012=IFCCARTESIANPOINT((-67.264411583601,271.76204021083));
#7013=IFCCARTESIANPOINT((-67.0319376281404,271.761797018058));
#7014=IFCCARTESIANPOINT((-66.7994664986909,271.761375794304));
#7015=IFCCARTESIANPOINT((-66.5669981951069,271.760776539741));
#7016=IFCCARTESIANPOINT((-66.3345327197749,271.759999256115));
#7017=IFCCARTESIANPOINT((-66.1241718069359,271.759546234272));
#7018=IFCCARTESIANPOINT((-65.913855180057,271.759039641125));
#7019=IFCCARTESIANPOINT((-65.7034970916866,271.75840859575));
#7020=IFCCARTESIANPOINT((-65.4930975440366,271.757653100183));
#7021=IFCCARTESIANPOINT((-65.2827865680156,271.756790450483));
#7022=IFCCARTESIANPOINT((-65.0723898447759,271.755856931442));
#7023=IFCCARTESIANPOINT((-64.8620816986368,271.754816262634));
#7024=IFCCARTESIANPOINT((-64.6516906335892,271.753526682034));
#7025=IFCCARTESIANPOINT((-64.4413853099395,271.752307988179));
#7026=IFCCARTESIANPOINT((-64.2309970679635,271.750840382883));
#7027=IFCCARTESIANPOINT((-64.0206531144795,271.74931920832));
#7028=IFCCARTESIANPOINT((-63.8103534492839,271.747744464257));
#7029=IFCCARTESIANPOINT((-63.5999265716528,271.745974384423));
#7030=IFCCARTESIANPOINT((-63.3896740183991,271.74416803557));
#7031=IFCCARTESIANPOINT((-63.1792499663716,271.742219933134));
#7032=IFCCARTESIANPOINT((-62.968914496043,271.740164685005));
#7033=IFCCARTESIANPOINT((-62.758581848233,271.737931400596));
#7034=IFCCARTESIANPOINT((-62.5482491983566,271.735698125383));
#7035=IFCCARTESIANPOINT((-62.3379193786241,271.733286820294));
#7036=IFCCARTESIANPOINT((-62.1275480964396,271.730751062336));
#7037=IFCCARTESIANPOINT((-61.9172211030091,271.728161735169));
#7038=IFCCARTESIANPOINT((-61.7068526442454,271.725447952689));
#7039=IFCCARTESIANPOINT((-61.4965727652016,271.722627022828));
#7040=IFCCARTESIANPOINT((-61.2861656766327,271.719610759523));
#7041=IFCCARTESIANPOINT((-61.0758886230178,271.716611806653));
#7042=IFCCARTESIANPOINT((-60.865484359063,271.713417520048));
#7043=IFCCARTESIANPOINT((-60.6552544203878,271.710186964658));
#7044=IFCCARTESIANPOINT((-60.4448972737591,271.706761077454));
#7045=IFCCARTESIANPOINT((-60.234584408754,271.703281615104));
#7046=IFCCARTESIANPOINT((-60.0242300884856,271.699677705823));
#7047=IFCCARTESIANPOINT((-59.813964342844,271.695966644736));
#7048=IFCCARTESIANPOINT((-59.6036128453852,271.692184710409));
#7049=IFCCARTESIANPOINT((-59.3932641781867,271.688224746264));
#7050=IFCCARTESIANPOINT((-59.1830040851783,271.684157629672));
#7051=IFCCARTESIANPOINT((-58.9726582427684,271.680019641994));
#7052=IFCCARTESIANPOINT((-58.7623152256419,271.675703620363));
#7053=IFCCARTESIANPOINT((-58.5520164982299,271.671334030165));
#7054=IFCCARTESIANPOINT((-58.3416763074929,271.666839986457));
#7055=IFCCARTESIANPOINT((-58.1313804051606,271.662292373076));
#7056=IFCCARTESIANPOINT((-57.9210873292759,271.657566726557));
#7057=IFCCARTESIANPOINT((-57.7108385439205,271.652787512285));
#7058=IFCCARTESIANPOINT((-57.5004625464207,271.64781296259));
#7059=IFCCARTESIANPOINT((-57.2902165850392,271.642855724145));
#7060=IFCCARTESIANPOINT((-57.0798877022753,271.637649571814));
#7061=IFCCARTESIANPOINT((-56.8696031095751,271.632389851089));
#7062=IFCCARTESIANPOINT((-56.6593628024275,271.627076558478));
#7063=IFCCARTESIANPOINT((-56.4489952853473,271.621567932423));
#7064=IFCCARTESIANPOINT((-56.2388020933431,271.616023037233));
#7065=IFCCARTESIANPOINT((-56.0284816877975,271.610282805632));
#7066=IFCCARTESIANPOINT((-55.8182055717043,271.604489005345));
#7067=IFCCARTESIANPOINT((-55.6079737451219,271.598641636141));
#7068=IFCCARTESIANPOINT((-55.3976589966042,271.592545352702));
#7069=IFCCARTESIANPOINT((-55.1873885329114,271.586395496561));
#7070=IFCCARTESIANPOINT((-54.9771623559936,271.580192069465));
#7071=IFCCARTESIANPOINT((-54.7668947212806,271.573864193168));
#7072=IFCCARTESIANPOINT((-54.5566299124912,271.567358283326));
#7073=IFCCARTESIANPOINT((-54.3464093904768,271.560798802413));
#7074=IFCCARTESIANPOINT((-54.1361474068544,271.554114869214));
#7075=IFCCARTESIANPOINT((-53.9258439617988,271.547306484019));
#7076=IFCCARTESIANPOINT((-53.7156290951825,271.540390949813));
#7077=IFCCARTESIANPOINT((-53.5054142245499,271.533475423174));
#7078=IFCCARTESIANPOINT((-53.2951607247815,271.526257405058));
#7079=IFCCARTESIANPOINT((-53.0849072195415,271.519039393344));
#7080=IFCCARTESIANPOINT((-52.8746980038413,271.511767812946));
#7081=IFCCARTESIANPOINT((-52.6644916134828,271.504318198364));
#7082=IFCCARTESIANPOINT((-52.4542437634955,271.496744133125));
#7083=IFCCARTESIANPOINT((-52.2440844875819,271.489062915207));
#7084=IFCCARTESIANPOINT((-52.0338394643331,271.481310827949));
#7085=IFCCARTESIANPOINT((-51.8235972660186,271.473380706157));
#7086=IFCCARTESIANPOINT((-51.6133993574476,271.465397015738));
#7087=IFCCARTESIANPOINT((-51.4032042763138,271.457235292764));
#7088=IFCCARTESIANPOINT((-51.1930091896502,271.44907357631));
#7089=IFCCARTESIANPOINT((-50.9828169328102,271.440733829222));
#7090=IFCCARTESIANPOINT((-50.7726689655392,271.432340513391));
#7091=IFCCARTESIANPOINT((-50.5625238231441,271.423769162968));
#7092=IFCCARTESIANPOINT((-50.3522929291357,271.415126939537));
#7093=IFCCARTESIANPOINT((-50.1421506133338,271.40637756692));
#7094=IFCCARTESIANPOINT((-49.9320111261914,271.397450162738));
#7095=IFCCARTESIANPOINT((-49.7217858866497,271.388451884966));
#7096=IFCCARTESIANPOINT((-49.511649223452,271.37934645632));
#7097=IFCCARTESIANPOINT((-49.3014710999269,271.370116576436));
#7098=IFCCARTESIANPOINT((-49.0913372595387,271.36083312222));
#7099=IFCCARTESIANPOINT((-48.8811619609769,271.351425218687));
#7100=IFCCARTESIANPOINT((-48.671075239341,271.341910164629));
#7101=IFCCARTESIANPOINT((-48.4609470554278,271.332270657585));
#7102=IFCCARTESIANPOINT((-48.2507774089754,271.322506697616));
#7103=IFCCARTESIANPOINT((-48.0406963413698,271.312635588693));
#7104=IFCCARTESIANPOINT((-47.8305738097697,271.302640025271));
#7105=IFCCARTESIANPOINT((-47.6204098154267,271.292520008807));
#7106=IFCCARTESIANPOINT((-47.4102901125734,271.282346424938));
#7107=IFCCARTESIANPOINT((-47.2002589817566,271.272065686469));
#7108=IFCCARTESIANPOINT((-46.9901006428117,271.26158961613));
#7109=IFCCARTESIANPOINT((-46.7800723405089,271.251130856981));
#7110=IFCCARTESIANPOINT((-46.5699168274587,271.240476763516));
#7111=IFCCARTESIANPOINT((-46.3598498891515,271.229715517722));
#7112=IFCCARTESIANPOINT((-46.1498272345925,271.218900698295));
#7113=IFCCARTESIANPOINT((-45.9396773783374,271.207890552119));
#7114=IFCCARTESIANPOINT((-45.7297018411045,271.196844131395));
#7115=IFCCARTESIANPOINT((-45.5195548069023,271.185655959009));
#7116=IFCCARTESIANPOINT((-39.5408520925266,270.77535565343));
#7117=IFCCARTESIANPOINT((-39.5950124675874,278.411441269564));
#7118=IFCCARTESIANPOINT((-39.7316008553898,286.735163357982));
#7119=IFCCARTESIANPOINT((-41.8677109349519,297.415172356821));
#7120=IFCCARTESIANPOINT((-44.733303767629,311.251050145249));
#7121=IFCCARTESIANPOINT((-47.5989547213539,325.088278908341));
#7122=IFCCARTESIANPOINT((-49.1477315232332,332.566136143811));
#7123=IFCCARTESIANPOINT((-33.0451102338557,352.005286083266));
#7124=IFCCARTESIANPOINT((-25.2275872099272,345.529559877818));
#7125=IFCCARTESIANPOINT((-39.9357458914455,342.321672569844));
#7126=IFCCARTESIANPOINT((-38.4494358980737,335.371782561007));
#7127=IFCCARTESIANPOINT((-37.6725535031001,331.672747620265));
#7128=IFCCARTESIANPOINT((-33.0772118903988,309.284237241605));
#7129=IFCCARTESIANPOINT((-32.3050075837818,305.521582250891));
#7130=IFCCARTESIANPOINT((-24.8678437481285,269.285654386855));
#7131=IFCCARTESIANPOINT((-16.3406985684705,268.503084438329));
#7132=IFCCARTESIANPOINT((-13.5352500244626,268.245102623536));
#7133=IFCCARTESIANPOINT((13.3981845399539,265.772222333355));
#7134=IFCCARTESIANPOINT((14.583509667922,277.135459626617));
#7135=IFCCARTESIANPOINT((14.3958748942532,278.57378864038));
#7136=IFCCARTESIANPOINT((11.5515195751796,292.403811221302));
#7137=IFCCARTESIANPOINT((8.70627029641764,306.234522882558));
#7138=IFCCARTESIANPOINT((5.93426286670729,319.716318454011));
#7139=IFCCARTESIANPOINT((19.6318509379926,308.369779434695));
#7140=IFCCARTESIANPOINT((22.8897233638854,292.483143557969));
#7141=IFCCARTESIANPOINT((23.8687615713861,285.844337298011));
#7142=IFCCARTESIANPOINT((45.7453515685338,286.148784081219));
#7143=IFCCARTESIANPOINT((46.4453755265858,286.15851848817));
#7144=IFCCARTESIANPOINT((50.3892391029804,282.891578226583));
#7145=IFCCARTESIANPOINT((24.0991657669365,282.565587831428));
#7146=IFCCARTESIANPOINT((24.426226924028,278.445821617963));
#7147=IFCCARTESIANPOINT((24.4600933449401,272.108187409234));
#7148=IFCCARTESIANPOINT((24.2853158190555,264.937021147984));
#7149=IFCCARTESIANPOINT((33.9841248632001,264.02798353933));
#7150=IFCCARTESIANPOINT((62.0597072134842,261.546506064537));
#7151=IFCCARTESIANPOINT((62.5493157241435,272.818652749411));
#7152=IFCCARTESIANPOINT((73.3005570361565,263.912750599498));
#7153=IFCCARTESIANPOINT((73.154848915292,260.568895007949));
#7154=IFCCARTESIANPOINT((77.8486988545919,260.145250194357));
#7155=IFCCARTESIANPOINT((94.7339214731765,246.158201066137));
#7156=IFCCARTESIANPOINT((81.7773698986275,247.301156326139));
#7157=IFCCARTESIANPOINT((78.5344740033615,247.596881751437));
#7158=IFCCARTESIANPOINT((70.1638402614335,248.361459124368));
#7159=IFCCARTESIANPOINT((69.9713578626979,246.893873308727));
#7160=IFCCARTESIANPOINT((69.7967312900873,245.568550628668));
#7161=IFCCARTESIANPOINT((69.7972229485749,245.558493742719));
#7162=IFCCARTESIANPOINT((69.7978003549797,245.548365977651));
#7163=IFCCARTESIANPOINT((69.7982920123904,245.538309092633));
#7164=IFCCARTESIANPOINT((69.7990437483531,245.528217609681));
#7165=IFCCARTESIANPOINT((69.7997097342159,245.518197007652));
#7166=IFCCARTESIANPOINT((69.8005057594564,245.508159106423));
#7167=IFCCARTESIANPOINT((69.801387535088,245.498050324095));
#7168=IFCCARTESIANPOINT((69.8023136006377,245.487995123141));
#7169=IFCCARTESIANPOINT((69.8032839560474,245.477993503504));
#7170=IFCCARTESIANPOINT((69.8043400568713,245.467921006901));
#7171=IFCCARTESIANPOINT((69.8054404524737,245.457902087539));
#7172=IFCCARTESIANPOINT((69.8066708806728,245.447865874623));
#7173=IFCCARTESIANPOINT((69.8079456039995,245.437883238948));
#7174=IFCCARTESIANPOINT((69.8093060768733,245.427829722699));
#7175=IFCCARTESIANPOINT((69.8106250873243,245.417900670611));
#7176=IFCCARTESIANPOINT((69.8121155959961,245.407829858188));
#7177=IFCCARTESIANPOINT((69.8136089387408,245.397937085887));
#7178=IFCCARTESIANPOINT((69.8151880269579,245.387973436445));
#7179=IFCCARTESIANPOINT((69.8168971550476,245.377992487513));
#7180=IFCCARTESIANPOINT((69.818606283312,245.36801153858));
#7181=IFCCARTESIANPOINT((69.8203597012616,245.358084170846));
#7182=IFCCARTESIANPOINT((69.8222431592585,245.348139503796));
#7183=IFCCARTESIANPOINT((69.8241709050199,245.33824841975));
#7184=IFCCARTESIANPOINT((69.8261429409322,245.328410916962));
#7185=IFCCARTESIANPOINT((69.8282007268572,245.318502533191));
#7186=IFCCARTESIANPOINT((69.8303028049122,245.308647729049));
#7187=IFCCARTESIANPOINT((69.8325349182414,245.29877562914));
#7188=IFCCARTESIANPOINT((69.8347670334915,245.288903527602));
#7189=IFCCARTESIANPOINT((69.8370434389217,245.279085007322));
#7190=IFCCARTESIANPOINT((69.8394498799171,245.269249190984));
#7191=IFCCARTESIANPOINT((69.8418148638157,245.259537834558));
#7192=IFCCARTESIANPOINT((69.8443956346891,245.249738300103));
#7193=IFCCARTESIANPOINT((69.8469764074835,245.239938764134));
#7194=IFCCARTESIANPOINT((69.8496014688571,245.230192810472));
#7195=IFCCARTESIANPOINT((69.8522708197997,245.220500438591));
#7196=IFCCARTESIANPOINT((69.8550702110224,245.210790766927));
#7197=IFCCARTESIANPOINT((69.857869601663,245.201081095671));
#7198=IFCCARTESIANPOINT((69.8607575724309,245.191478586989));
#7199=IFCCARTESIANPOINT((69.8637312932115,245.181805197266));
#7200=IFCCARTESIANPOINT((69.8667493022222,245.172185390373));
#7201=IFCCARTESIANPOINT((69.8698116009182,245.162619165087));
#7202=IFCCARTESIANPOINT((69.8729596491612,245.152982059284));
#7203=IFCCARTESIANPOINT((69.8761519880209,245.143398534216));
#7204=IFCCARTESIANPOINT((69.8795186535281,245.133851293591));
#7205=IFCCARTESIANPOINT((69.8827995722822,245.124374931271));
#7206=IFCCARTESIANPOINT((69.8861662386043,245.114827690006));
#7207=IFCCARTESIANPOINT((69.8896214872366,245.10538760951));
#7208=IFCCARTESIANPOINT((69.8932067687565,245.095930235344));
#7209=IFCCARTESIANPOINT((69.8967920575815,245.086472855124));
#7210=IFCCARTESIANPOINT((69.9004216314352,245.077069060237));
#7211=IFCCARTESIANPOINT((69.9041812473733,245.067647964053));
#7212=IFCCARTESIANPOINT((69.9078994019364,245.058351331332));
#7213=IFCCARTESIANPOINT((69.9117475957901,245.049037399469));
#7214=IFCCARTESIANPOINT((69.9156815397728,245.039652586682));
#7215=IFCCARTESIANPOINT((69.9195740235155,245.030392236135));
#7216=IFCCARTESIANPOINT((69.923640833149,245.021168170904));
#7217=IFCCARTESIANPOINT((69.9277076470607,245.011944102065));
#7218=IFCCARTESIANPOINT((69.9319045013108,245.002702733444));
#7219=IFCCARTESIANPOINT((69.936059893429,244.99358582875));
#7220=IFCCARTESIANPOINT((69.9403010348033,244.984398043714));
#7221=IFCCARTESIANPOINT((69.9447165041638,244.975246542133));
#7222=IFCCARTESIANPOINT((69.9490462261892,244.966165919148));
#7223=IFCCARTESIANPOINT((69.9535502775398,244.957121578685));
#7224=IFCCARTESIANPOINT((69.9580543274933,244.948077239154));
#7225=IFCCARTESIANPOINT((69.9626026674814,244.939086480998));
#7226=IFCCARTESIANPOINT((69.967195297213,244.930149304273));
#7227=IFCCARTESIANPOINT((69.971917966468,244.921194828465));
#7228=IFCCARTESIANPOINT((69.976640634035,244.912240353995));
#7229=IFCCARTESIANPOINT((69.9814518833591,244.90339304076));
#7230=IFCCARTESIANPOINT((69.9863074229506,244.894599308609));
#7231=IFCCARTESIANPOINT((69.9912487108668,244.885734696989));
#7232=IFCCARTESIANPOINT((69.9961485406384,244.876994546037));
#7233=IFCCARTESIANPOINT((70.0011784062663,244.868237098912));
#7234=IFCCARTESIANPOINT((70.0063826033438,244.859515932272));
#7235=IFCCARTESIANPOINT((70.0115010512818,244.850865645974));
#7236=IFCCARTESIANPOINT((70.0167495391215,244.842198060127));
#7237=IFCCARTESIANPOINT((70.0219122742128,244.833601357299));
#7238=IFCCARTESIANPOINT((70.0272493399389,244.825040935713));
#7239=IFCCARTESIANPOINT((70.032716447633,244.816463213123));
#7240=IFCCARTESIANPOINT((70.0380978033354,244.80795637297));
#7241=IFCCARTESIANPOINT((70.0435677389323,244.799556695565));
#7242=IFCCARTESIANPOINT((70.0491234247165,244.791086137004));
#7243=IFCCARTESIANPOINT((70.0547676880087,244.782722743286));
#7244=IFCCARTESIANPOINT((70.0604119534255,244.774359347706));
#7245=IFCCARTESIANPOINT((70.0661005096335,244.766049532976));
#7246=IFCCARTESIANPOINT((70.0719191029784,244.757722420793));
#7247=IFCCARTESIANPOINT((70.077696238528,244.749519769277));
#7248=IFCCARTESIANPOINT((70.0836034104286,244.741299821006));
#7249=IFCCARTESIANPOINT((70.0895548738772,244.733133452886));
#7250=IFCCARTESIANPOINT((70.0955506280588,244.725020665501));
#7251=IFCCARTESIANPOINT((70.1015463814547,244.716907878697));
#7252=IFCCARTESIANPOINT((70.1076307133189,244.708902255807));
#7253=IFCCARTESIANPOINT((70.1138450870931,244.700879331853));
#7254=IFCCARTESIANPOINT((70.1199737110583,244.69292728859));
#7255=IFCCARTESIANPOINT((70.1262766627187,244.685011528956));
#7256=IFCCARTESIANPOINT((70.1325796166493,244.677095767576));
#7257=IFCCARTESIANPOINT((70.1389711467782,244.669287171972));
#7258=IFCCARTESIANPOINT((70.1453626810398,244.661478572816));
#7259=IFCCARTESIANPOINT((70.1517985030951,244.653723556956));
#7260=IFCCARTESIANPOINT((99.7110517290712,242.035343643453));
#7261=IFCCARTESIANPOINT((103.872933535633,238.587805721734));
#7262=IFCCARTESIANPOINT((69.3189463579038,241.677860121767));
#7263=IFCCARTESIANPOINT((68.8961098687723,237.361227252462));
#7264=IFCCARTESIANPOINT((70.7942336219712,237.190024896641));
#7265=IFCCARTESIANPOINT((73.7738282358914,236.922894227842));
#7266=IFCCARTESIANPOINT((98.5697672734677,234.696024387144));
#7267=IFCCARTESIANPOINT((101.570876842423,234.426642472798));
#7268=IFCCARTESIANPOINT((109.787131182122,233.688718815742));
#7269=IFCCARTESIANPOINT((112.498783662362,231.442493384413));
#7270=IFCCARTESIANPOINT((91.1533994388592,233.34568453714));
#7271=IFCPOLYLINE((#6344,#6345,#6346,#6347,#6348,#6349,#6350,#6351,#6352,#6353,#6354,#6355,#6356,#6357,#6358,#6359,#6360,#6361,#6362,#6363,#6364,#6365,#6366,#6367,#6368,#6369,#6370,#6371,#6372,#6373,#6374,#6375,#6376,#6377,#6378,#6379,#6380,#6381,#6382,#6383,#6384,#6385,#6386,#6387,#6388,#6389,#6390,#6391,#6392,#6393,#6394,#6395,#6396,#6397,#6398,#6399,#6400,#6401,#6402,#6403,#6404,#6405,#6406,#6407,#6408,#6409,#6410,#6411,#6412,#6413,#6414,#6415,#6416,#6417,#6418,#6419,#6420,#6421,#6422,#6423,#6424,#6425,#6426,#6427,#6428,#6429,#6430,#6431,#6432,#6433,#6434,#6435,#6436,#6437,#6438,#6439,#6440,#6441,#6442,#6443,#6444,#6445,#6446,#6447,#6448,#6449,#6450,#6451,#6452,#6453,#6454,#6455,#6456,#6457,#6458,#6459,#6460,#6461,#6462,#6463,#6464,#6465,#6466,#6467,#6468,#6469,#6470,#6471,#6472,#6473,#6474,#6475,#6476,#6477,#6478,#6479,#6480,#6481,#6482,#6483,#6484,#6485,#6486,#6487,#6488,#6489,#6490,#6491,#6492,#6493,#6494,#6495,#6496,#6497,#6498,#6499,#6500,#6501,#6502,#6503,#6504,#6505,#6506,#6507,#6508,#6509,#6510,#6511,#6512,#6513,#6514,#6515,#6516,#6517,#6518,#6519,#6520,#6521,#6522,#6523,#6524,#6525,#6526,#6527,#6528,#6529,#6530,#6531,#6532,#6533,#6534,#6535,#6536,#6537,#6538,#6539,#6540,#6541,#6542,#6543,#6544,#6545,#6546,#6547,#6548,#6549,#6550,#6551,#6552,#6553,#6554,#6555,#6556,#6557,#6558,#6559,#6560,#6561,#6562,#6563,#6564,#6565,#6566,#6567,#6568,#6569,#6570,#6571,#6572,#6573,#6574,#6575,#6576,#6577,#6578,#6579,#6580,#6581,#6582,#6583,#6584,#6585,#6586,#6587,#6588,#6589,#6590,#6591,#6592,#6593,#6594,#6595,#6596,#6597,#6598,#6599,#6600,#6601,#6602,#6603,#6604,#6605,#6606,#6607,#6608,#6609,#6610,#6611,#6612,#6613,#6614,#6615,#6616,#6617,#6618,#6619,#6620,#6621,#6622,#6623,#6624,#6625,#6626,#6627,#6628,#6629,#6630,#6631,#6632,#6633,#6634,#6635,#6636,#6637,#6638,#6639,#6640,#6641,#6642,#6643,#6644,#6645,#6646,#6647,#6648,#6649,#6650,#6651,#6652,#6653,#6654,#6655,#6656,#6657,#6658,#6659,#6660,#6661,#6662,#6663,#6664,#6665,#6666,#6667,#6668,#6669,#6670,#6671,#6672,#6673,#6674,#6675,#6676,#6677,#6678,#6679,#6680,#6681,#6682,#6683,#6684,#6685,#6686,#6687,#6688,#6689,#6690,#6691,#6692,#6693,#6694,#6695,#6696,#6697,#6698,#6699,#6700,#6701,#6702,#6703,#6704,#6705,#6706,#6707,#6708,#6709,#6710,#6711,#6712,#6713,#6714,#6715,#6716,#6717,#6718,#6719,#6720,#6721,#6722,#6723,#6724,#6725,#6726,#6727,#6728,#6729,#6730,#6731,#6732,#6733,#6734,#6735,#6736,#6737,#6738,#6739,#6740,#6741,#6742,#6743,#6744,#6745,#6746,#6747,#6748,#6749,#6750,#6751,#6752,#6753,#6754,#6755,#6756,#6757,#6758,#6759,#6760,#6761,#6762,#6763,#6764,#6765,#6766,#6767,#6768,#6769,#6770,#6771,#6772,#6773,#6774,#6775,#6776,#6777,#6778,#6779,#6780,#6781,#6782,#6783,#6784,#6785,#6786,#6787,#6788,#6789,#6790,#6791,#6792,#6793,#6794,#6795,#6796,#6797,#6798,#6799,#6800,#6801,#6802,#6803,#6804,#6805,#6806,#6807,#6808,#6809,#6810,#6811,#6812,#6813,#6814,#6815,#6816,#6817,#6818,#6819,#6820,#6821,#6822,#6823,#6824,#6825,#6826,#6827,#6828,#6829,#6830,#6831,#6832,#6833,#6834,#6835,#6836,#6837,#6838,#6839,#6840,#6841,#6842,#6843,#6844,#6845,#6846,#6847,#6848,#6849,#6850,#6851,#6852,#6853,#6854,#6855,#6856,#6857,#6858,#6859,#6860,#6861,#6862,#6863,#6864,#6865,#6866,#6867,#6868,#6869,#6870,#6871,#6872,#6873,#6874,#6875,#6876,#6877,#6878,#6879,#6880,#6881,#6882,#6883,#6884,#6885,#6886,#6887,#6888,#6889,#6890,#6891,#6892,#6893,#6894,#6895,#6896,#6897,#6898,#6899,#6900,#6901,#6902,#6903,#6904,#6905,#6906,#6907,#6908,#6909,#6910,#6911,#6912,#6913,#6914,#6915,#6916,#6917,#6918,#6919,#6920,#6921,#6922,#6923,#6924,#6925,#6926,#6927,#6928,#6929,#6930,#6931,#6932,#6933,#6934,#6935,#6936,#6937,#6938,#6939,#6940,#6941,#6942,#6943,#6944,#6945,#6946,#6947,#6948,#6949,#6950,#6951,#6952,#6953,#6954,#6955,#6956,#6957,#6958,#6959,#6960,#6961,#6962,#6963,#6964,#6965,#6966,#6967,#6968,#6969,#6970,#6971,#6972,#6973,#6974,#6975,#6976,#6977,#6978,#6979,#6980,#6981,#6982,#6983,#6984,#6985,#6986,#6987,#6988,#6989,#6990,#6991,#6992,#6993,#6994,#6995,#6996,#6997,#6998,#6999,#7000,#7001,#7002,#7003,#7004,#7005,#7006,#7007,#7008,#7009,#7010,#7011,#7012,#7013,#7014,#7015,#7016,#7017,#7018,#7019,#7020,#7021,#7022,#7023,#7024,#7025,#7026,#7027,#7028,#7029,#7030,#7031,#7032,#7033,#7034,#7035,#7036,#7037,#7038,#7039,#7040,#7041,#7042,#7043,#7044,#7045,#7046,#7047,#7048,#7049,#7050,#7051,#7052,#7053,#7054,#7055,#7056,#7057,#7058,#7059,#7060,#7061,#7062,#7063,#7064,#7065,#7066,#7067,#7068,#7069,#7070,#7071,#7072,#7073,#7074,#7075,#7076,#7077,#7078,#7079,#7080,#7081,#7082,#7083,#7084,#7085,#7086,#7087,#7088,#7089,#7090,#7091,#7092,#7093,#7094,#7095,#7096,#7097,#7098,#7099,#7100,#7101,#7102,#7103,#7104,#7105,#7106,#7107,#7108,#7109,#7110,#7111,#7112,#7113,#7114,#7115,#7116,#7117,#7118,#7119,#7120,#7121,#7122,#7123,#7124,#7125,#7126,#7127,#7128,#7129,#7130,#7131,#7132,#7133,#7134,#7135,#7136,#7137,#7138,#7139,#7140,#7141,#7142,#7143,#7144,#7145,#7146,#7147,#7148,#7149,#7150,#7151,#7152,#7153,#7154,#7155,#7156,#7157,#7158,#7159,#7160,#7161,#7162,#7163,#7164,#7165,#7166,#7167,#7168,#7169,#7170,#7171,#7172,#7173,#7174,#7175,#7176,#7177,#7178,#7179,#7180,#7181,#7182,#7183,#7184,#7185,#7186,#7187,#7188,#7189,#7190,#7191,#7192,#7193,#7194,#7195,#7196,#7197,#7198,#7199,#7200,#7201,#7202,#7203,#7204,#7205,#7206,#7207,#7208,#7209,#7210,#7211,#7212,#7213,#7214,#7215,#7216,#7217,#7218,#7219,#7220,#7221,#7222,#7223,#7224,#7225,#7226,#7227,#7228,#7229,#7230,#7231,#7232,#7233,#7234,#7235,#7236,#7237,#7238,#7239,#7240,#7241,#7242,#7243,#7244,#7245,#7246,#7247,#7248,#7249,#7250,#7251,#7252,#7253,#7254,#7255,#7256,#7257,#7258,#7259,#7260,#7261,#7262,#7263,#7264,#7265,#7266,#7267,#7268,#7269,#7270));
#7272=IFCCARTESIANPOINT((-67.6741273815569,247.809354891011));
#7273=IFCCARTESIANPOINT((-67.4499462103413,247.814793970028));
#7274=IFCCARTESIANPOINT((-67.2256821213814,247.819984137954));
#7275=IFCCARTESIANPOINT((-67.0014651509409,247.824942696025));
#7276=IFCCARTESIANPOINT((-66.777209550346,247.829598761629));
#7277=IFCCARTESIANPOINT((-66.5530010708608,247.834023219242));
#7278=IFCCARTESIANPOINT((-66.3287096716231,247.838198764366));
#7279=IFCCARTESIANPOINT((-66.1045096805028,247.842089119658));
#7280=IFCCARTESIANPOINT((-65.8802267741121,247.845730566012));
#7281=IFCCARTESIANPOINT((-65.6559909817006,247.849140398437));
#7282=IFCCARTESIANPOINT((-65.4317165656539,247.852247743867));
#7283=IFCCARTESIANPOINT((-65.2074449758802,247.855177056976));
#7284=IFCCARTESIANPOINT((-64.983179049188,247.857750300725));
#7285=IFCCARTESIANPOINT((-64.7589159476629,247.860145511164));
#7286=IFCCARTESIANPOINT((-64.5346142210183,247.862238233211));
#7287=IFCCARTESIANPOINT((-64.3103596128931,247.86409934517));
#7288=IFCCARTESIANPOINT((-64.086066374206,247.865657964314));
#7289=IFCCARTESIANPOINT((-63.8617759669432,247.867038555269));
#7290=IFCCARTESIANPOINT((-63.6374912189494,247.868063073722));
#7291=IFCCARTESIANPOINT((-63.4132092999935,247.868909562007));
#7292=IFCCARTESIANPOINT((-63.1888887550158,247.869453561201));
#7293=IFCCARTESIANPOINT((-62.9646153259382,247.869765948097));
#7294=IFCCARTESIANPOINT((-62.7403032654838,247.869775841304));
#7295=IFCCARTESIANPOINT((-62.5160383315233,247.869554131059));
#7296=IFCCARTESIANPOINT((-62.2917762215657,247.869154386164));
#7297=IFCCARTESIANPOINT((-62.0675197715464,247.868398569582));
#7298=IFCCARTESIANPOINT((-61.8431804062566,247.867393843888));
#7299=IFCCARTESIANPOINT((-61.6188881585549,247.866157507349));
#7300=IFCCARTESIANPOINT((-61.3946430269571,247.864689558221));
#7301=IFCCARTESIANPOINT((-61.1703592703852,247.862919120991));
#7302=IFCCARTESIANPOINT((-60.9460368827858,247.860846190597));
#7303=IFCCARTESIANPOINT((-60.7217173244862,247.858595229918));
#7304=IFCCARTESIANPOINT((-60.4974891761085,247.856059080514));
#7305=IFCCARTESIANPOINT((-60.2731781077164,247.853274018387));
#7306=IFCCARTESIANPOINT((-60.0489584493334,247.850203767535));
#7307=IFCCARTESIANPOINT((-59.8247416201339,247.846955486282));
#7308=IFCCARTESIANPOINT((-59.6004861581605,247.843404710351));
#7309=IFCCARTESIANPOINT((-59.3761920701363,247.839551445271));
#7310=IFCCARTESIANPOINT((-59.1519451006607,247.835466569813));
#7311=IFCCARTESIANPOINT((-58.9277009589714,247.831203662849));
#7312=IFCCARTESIANPOINT((-58.703462479898,247.826584685943));
#7313=IFCCARTESIANPOINT((-58.479185370059,247.821663216164));
#7314=IFCCARTESIANPOINT((-58.2549968392705,247.816634598945));
#7315=IFCCARTESIANPOINT((-58.0307696755917,247.811303486931));
#7316=IFCCARTESIANPOINT((-57.8065481770609,247.805616306956));
#7317=IFCCARTESIANPOINT((-57.5823295062,247.799751095532));
#7318=IFCCARTESIANPOINT((-57.3581579534512,247.793654273206));
#7319=IFCCARTESIANPOINT((-57.1339477682486,247.78725495626));
#7320=IFCCARTESIANPOINT((-56.9096989616228,247.780553154007));
#7321=IFCCARTESIANPOINT((-56.6855830154382,247.773690617585));
#7322=IFCCARTESIANPOINT((-56.4614284432901,247.766525592073));
#7323=IFCCARTESIANPOINT((-56.2371909502253,247.759111652675));
#7324=IFCCARTESIANPOINT((-56.0130448654527,247.751412523095));
#7325=IFCCARTESIANPOINT((-55.7889458988502,247.743481782556));
#7326=IFCCARTESIANPOINT((-55.5647640166862,247.735302132671));
#7327=IFCCARTESIANPOINT((-55.3406735403405,247.726837290218));
#7328=IFCCARTESIANPOINT((-55.1165001476184,247.718123537896));
#7329=IFCCARTESIANPOINT((-54.8924181609473,247.709124593239));
#7330=IFCCARTESIANPOINT((-54.668339003023,247.699947617657));
#7331=IFCCARTESIANPOINT((-54.4442212165159,247.690468150598));
#7332=IFCCARTESIANPOINT((-54.2201505480625,247.680757072521));
#7333=IFCCARTESIANPOINT((-53.9960855417012,247.670689923922));
#7334=IFCCARTESIANPOINT((-53.7720233627188,247.660444743233));
#7335=IFCCARTESIANPOINT((-53.5480083052244,247.649967954203));
#7336=IFCCARTESIANPOINT((-53.3239546138502,247.639188669389));
#7337=IFCCARTESIANPOINT((-53.0999480439641,247.62817777606));
#7338=IFCCARTESIANPOINT((-52.8759028446802,247.616864390613));
#7339=IFCCARTESIANPOINT((-52.6519905128807,247.605390276702));
#7340=IFCCARTESIANPOINT((-52.4279537998373,247.593542786024));
#7341=IFCCARTESIANPOINT((-52.2040499574214,247.581534569093));
#7342=IFCCARTESIANPOINT((-51.9801074846473,247.569223859173));
#7343=IFCCARTESIANPOINT((-51.7561263836396,247.556610658125));
#7344=IFCCARTESIANPOINT((-51.5321923984447,247.543765843904));
#7345=IFCCARTESIANPOINT((-51.3082612434227,247.530742999923));
#7346=IFCCARTESIANPOINT((-51.0844214968674,247.517434965004));
#7347=IFCCARTESIANPOINT((-50.8605431219621,247.5038244389));
#7348=IFCCARTESIANPOINT((-50.6367118647031,247.489982301078));
#7349=IFCCARTESIANPOINT((-50.4128419767658,247.475837669917));
#7350=IFCCARTESIANPOINT((-50.1890192073479,247.461461427738));
#7351=IFCCARTESIANPOINT((-49.9651992703148,247.446907157369));
#7352=IFCCARTESIANPOINT((-49.7413849905133,247.431996812404));
#7353=IFCCARTESIANPOINT((-49.5176178329275,247.416854859272));
#7354=IFCCARTESIANPOINT((-49.2938977889426,247.401481290988));
#7355=IFCCARTESIANPOINT((-49.0701391193725,247.385805233673));
#7356=IFCCARTESIANPOINT((-48.846427566983,247.369897564116));
#7357=IFCCARTESIANPOINT((-48.6226773839735,247.353687401104));
#7358=IFCCARTESIANPOINT((-48.3990157785884,247.337370088964));
#7359=IFCCARTESIANPOINT((-48.1752740852826,247.320625823049));
#7360=IFCCARTESIANPOINT((-47.9516652609746,247.303720829368));
#7361=IFCCARTESIANPOINT((-47.7280178038927,247.286513340252));
#7362=IFCCARTESIANPOINT((-47.5044174652721,247.269074240117));
#7363=IFCCARTESIANPOINT((-47.2808642486634,247.251403531525));
#7364=IFCCARTESIANPOINT((-47.0572724006779,247.23343032907));
#7365=IFCCARTESIANPOINT((-46.8337719622359,247.215171936259));
#7366=IFCCARTESIANPOINT((-46.6101886018005,247.196664628689));
#7367=IFCCARTESIANPOINT((-46.386738108733,247.177996591839));
#7368=IFCCARTESIANPOINT((-46.1632489872572,247.15902606328));
#7369=IFCCARTESIANPOINT((-45.9397212345793,247.139753040683));
#7370=IFCCARTESIANPOINT((-45.7163706409629,247.120265710342));
#7371=IFCCARTESIANPOINT((-45.4929371266917,247.10052946629));
#7372=IFCCARTESIANPOINT((-32.1386462588853,246.009726785298));
#7373=IFCCARTESIANPOINT((-31.8602738649643,250.678518104425));
#7374=IFCCARTESIANPOINT((-37.4594748310046,251.252310542099));
#7375=IFCCARTESIANPOINT((-37.7922496642859,251.28243081033));
#7376=IFCCARTESIANPOINT((-38.1250301546534,251.312195018341));
#7377=IFCCARTESIANPOINT((-38.4578163021652,251.3416031659));
#7378=IFCCARTESIANPOINT((-38.7906523931597,251.370601670642));
#7379=IFCCARTESIANPOINT((-39.1234498512931,251.399297694734));
#7380=IFCCARTESIANPOINT((-39.456383000972,251.42765495705));
#7381=IFCCARTESIANPOINT((-39.7892775222717,251.45570974279));
#7382=IFCCARTESIANPOINT((-40.12222198362,251.483354882628));
#7383=IFCCARTESIANPOINT((-40.4552578526491,251.510714845732));
#7384=IFCCARTESIANPOINT((-40.7882136284315,251.537647865713));
#7385=IFCCARTESIANPOINT((-41.1212608084606,251.56429570599));
#7386=IFCCARTESIANPOINT((-41.454313641967,251.590587483137));
#7387=IFCCARTESIANPOINT((-41.7873721340729,251.616523201577));
#7388=IFCCARTESIANPOINT((-42.120480571466,251.642049278773));
#7389=IFCCARTESIANPOINT((-42.4536361226637,251.667343755951));
#7390=IFCCARTESIANPOINT((-42.7868416179263,251.692228591011));
#7391=IFCCARTESIANPOINT((-43.1200084822485,251.716810947342));
#7392=IFCCARTESIANPOINT((-43.4532252915378,251.740983662254));
#7393=IFCCARTESIANPOINT((-43.7864477561379,251.76480031613));
#7394=IFCCARTESIANPOINT((-44.1197173363471,251.78838537127));
#7395=IFCCARTESIANPOINT((-44.4529511142173,251.811489904707));
#7396=IFCCARTESIANPOINT((-44.7862762961595,251.834309258673));
#7397=IFCCARTESIANPOINT((-45.1196071305021,251.856772548927));
#7398=IFCCARTESIANPOINT((-45.4530293713033,251.87895066198));
#7399=IFCCARTESIANPOINT((-45.7863715239509,251.900701836275));
#7400=IFCCARTESIANPOINT((-46.1198493638367,251.922114246117));
#7401=IFCCARTESIANPOINT((-46.4532028246031,251.943153296132));
#7402=IFCCARTESIANPOINT((-46.7866476930794,251.963907170051));
#7403=IFCCARTESIANPOINT((-47.1200982125883,251.984304979269));
#7404=IFCCARTESIANPOINT((-47.4536844294344,252.004364032357));
#7405=IFCCARTESIANPOINT((-47.7871462629701,252.024049722473));
#7406=IFCCARTESIANPOINT((-48.1207437902049,252.043396653491));
#7407=IFCCARTESIANPOINT((-48.4542169374472,252.062370224099));
#7408=IFCCARTESIANPOINT((-48.7877814865496,252.081058614014));
#7409=IFCCARTESIANPOINT((-49.1213959852757,252.099337366875));
#7410=IFCCARTESIANPOINT((-49.4549718466005,252.11731363635));
#7411=IFCCARTESIANPOINT((-49.7885976554535,252.134880267025));
#7412=IFCCARTESIANPOINT((-50.1223148681747,252.152161718754));
#7413=IFCCARTESIANPOINT((-50.4559076989826,252.169069808617));
#7414=IFCCARTESIANPOINT((-50.7896362255851,252.18563914136));
#7415=IFCCARTESIANPOINT((-51.123326117493,252.201905993163));
#7416=IFCCARTESIANPOINT((-51.4570659548335,252.217763204593));
#7417=IFCCARTESIANPOINT((-51.7908114490274,252.233264356619));
#7418=IFCCARTESIANPOINT((-52.1245183106803,252.248463029449));
#7419=IFCCARTESIANPOINT((-52.4582751175039,252.26325206185));
#7420=IFCCARTESIANPOINT((-52.7920790399367,252.277809496503));
#7421=IFCCARTESIANPOINT((-53.1258471598267,252.291886409686));
#7422=IFCCARTESIANPOINT((-53.4597066824208,252.305678143224));
#7423=IFCCARTESIANPOINT((-53.7934418262739,252.319096517691));
#7424=IFCCARTESIANPOINT((-54.1273126622254,252.332176132302));
#7425=IFCCARTESIANPOINT((-54.4611448650539,252.344953267428));
#7426=IFCCARTESIANPOINT((-54.7950270153524,252.35732076416));
#7427=IFCCARTESIANPOINT((-55.1288705313927,252.369385780476));
#7428=IFCCARTESIANPOINT((-55.4628054503992,252.381165617437));
#7429=IFCCARTESIANPOINT((-55.7967045714904,252.392464936827));
#7430=IFCCARTESIANPOINT((-56.1305650574795,252.40346177516));
#7431=IFCCARTESIANPOINT((-56.4645169469004,252.414173434663));
#7432=IFCCARTESIANPOINT((-56.7985187847225,252.424475456821));
#7433=IFCCARTESIANPOINT((-57.1323962386814,252.434404115716));
#7434=IFCCARTESIANPOINT((-57.4663650986913,252.444047598052));
#7435=IFCCARTESIANPOINT((-57.8003396140703,252.453335020109));
#7436=IFCCARTESIANPOINT((-58.1343197873503,252.462266384216));
#7437=IFCCARTESIANPOINT((-58.4683056157082,252.470841687755));
#7438=IFCCARTESIANPOINT((-58.8022971023747,252.479060933576));
#7439=IFCCARTESIANPOINT((-59.1362942438864,252.486924118886));
#7440=IFCCARTESIANPOINT((-59.470297043008,252.494431245781));
#7441=IFCCARTESIANPOINT((-59.8042612095887,252.501635893888));
#7442=IFCCARTESIANPOINT((-60.1383610705088,252.508501784643));
#7443=IFCCARTESIANPOINT((-60.4723365510872,252.514994315279));
#7444=IFCCARTESIANPOINT((-60.8063619758759,252.521077205485));
#7445=IFCCARTESIANPOINT((-61.1404345161282,252.526928498177));
#7446=IFCCARTESIANPOINT((-61.4744269689254,252.532352853741));
#7447=IFCCARTESIANPOINT((-61.80851081945,252.537492026226));
#7448=IFCCARTESIANPOINT((-62.1426446198893,252.542221562995));
#7449=IFCCARTESIANPOINT((-62.4766540425189,252.546577741916));
#7450=IFCCARTESIANPOINT((-62.8107105782838,252.550702321401));
#7451=IFCCARTESIANPOINT((-63.1448170579679,252.554417260457));
#7452=IFCCARTESIANPOINT((-63.4788434467337,252.557705259707));
#7453=IFCCARTESIANPOINT((-63.8129169520689,252.560761662375));
#7454=IFCCARTESIANPOINT((-64.1470404052525,252.56340842793));
#7455=IFCCARTESIANPOINT((-64.4811252221407,252.565752711787));
#7456=IFCCARTESIANPOINT((-64.8152157008881,252.567740941129));
#7457=IFCCARTESIANPOINT((-65.1493118314829,252.569373107748));
#7458=IFCCARTESIANPOINT((-65.4834136236168,252.570649219851));
#7459=IFCCARTESIANPOINT((-65.8175210682384,252.571569269581));
#7460=IFCCARTESIANPOINT((-66.1515898839862,252.5721868439));
#7461=IFCCARTESIANPOINT((-66.4857086417032,252.572394776216));
#7462=IFCCARTESIANPOINT((-66.8197030237352,252.572229352314));
#7463=IFCCARTESIANPOINT((-67.153788809228,252.571778750571));
#7464=IFCCARTESIANPOINT((-67.4878802488383,252.570972087968));
#7465=IFCCARTESIANPOINT((-67.8219773488527,252.569809369859));
#7466=IFCCARTESIANPOINT((-68.1560801044106,252.568290592346));
#7467=IFCCARTESIANPOINT((-68.4901885180443,252.566415757465));
#7468=IFCCARTESIANPOINT((-68.8242582976236,252.564238442865));
#7469=IFCCARTESIANPOINT((-69.1583337332995,252.561705069209));
#7470=IFCCARTESIANPOINT((-69.4924148294085,252.558815640165));
#7471=IFCCARTESIANPOINT((-69.8265015813231,252.555570151948));
#7472=IFCCARTESIANPOINT((-70.1605939912552,252.551968606364));
#7473=IFCCARTESIANPOINT((-70.4946920553048,252.54801100021));
#7474=IFCCARTESIANPOINT((-70.8468050800439,252.544785149337));
#7475=IFCCARTESIANPOINT((-71.1989680460829,252.541149659315));
#7476=IFCCARTESIANPOINT((-71.5511395029316,252.536980075587));
#7477=IFCCARTESIANPOINT((-71.9031894120853,252.532259095344));
#7478=IFCCARTESIANPOINT((-72.2552892666135,252.527128479327));
#7479=IFCCARTESIANPOINT((-72.6074833569874,252.52153464884));
#7480=IFCCARTESIANPOINT((-72.9595558974252,252.515389419976));
#7481=IFCCARTESIANPOINT((-73.3116783831501,252.508834555512));
#7482=IFCCARTESIANPOINT((-73.6636793241196,252.501728297037));
#7483=IFCCARTESIANPOINT((-74.0157745006727,252.494158823858));
#7484=IFCCARTESIANPOINT((-74.367833873519,252.48610883276));
#7485=IFCCARTESIANPOINT((-74.7198574483918,252.477578328166));
#7486=IFCCARTESIANPOINT((-75.0719752559671,252.468584606657));
#7487=IFCCARTESIANPOINT((-75.4239715166332,252.459039489448));
#7488=IFCCARTESIANPOINT((-75.7760177251475,252.44908473891));
#7489=IFCCARTESIANPOINT((-76.1280281303916,252.438649470685));
#7490=IFCCARTESIANPOINT((-76.4799169870093,252.427662805363));
#7491=IFCCARTESIANPOINT((-76.831900083751,252.41621292918));
#7492=IFCCARTESIANPOINT((-77.183933123335,252.404353415885));
#7493=IFCCARTESIANPOINT((-77.535844616039,252.391942506714));
#7494=IFCCARTESIANPOINT((-77.8877645989705,252.378997503605));
#7495=IFCCARTESIANPOINT((-78.2396902371838,252.365696444525));
#7496=IFCCARTESIANPOINT((-78.5915386160777,252.351790408429));
#7497=IFCCARTESIANPOINT((-78.9434369438968,252.337474739994));
#7498=IFCCARTESIANPOINT((-79.2952137218672,252.322607673705));
#7499=IFCCARTESIANPOINT((-79.6470404461725,252.307330972748));
#7500=IFCCARTESIANPOINT((-79.9988313721551,252.291573758528));
#7501=IFCCARTESIANPOINT((-80.3506307874632,252.275282449729));
#7502=IFCCARTESIANPOINT((-80.7023943984823,252.25851062272));
#7503=IFCCARTESIANPOINT((-81.0541222135362,252.241258284193));
#7504=IFCCARTESIANPOINT((-81.4058999705885,252.22359630774));
#7505=IFCCARTESIANPOINT((-81.7575561826525,252.205382937274));
#7506=IFCCARTESIANPOINT((-82.1091765949677,252.186689052382));
#7507=IFCCARTESIANPOINT((-82.4607612069522,252.167514652421));
#7508=IFCCARTESIANPOINT((-82.8124400532979,252.147877037467));
#7509=IFCCARTESIANPOINT((-83.1639973548299,252.127688028617));
#7510=IFCCARTESIANPOINT((-83.5155603108869,252.107142963272));
#7511=IFCCARTESIANPOINT((-83.8670460104186,252.085992923414));
#7512=IFCCARTESIANPOINT((-84.2185816563142,252.064433249354));
#7513=IFCCARTESIANPOINT((-84.5699957539036,252.042322178546));
#7514=IFCCARTESIANPOINT((-84.9214598002436,252.019801475573));
#7515=IFCCARTESIANPOINT((-85.272888047999,251.996800259163));
#7516=IFCCARTESIANPOINT((-85.624194746546,251.973247645306));
#7517=IFCCARTESIANPOINT((-85.9755956809095,251.94923181762));
#7518=IFCCARTESIANPOINT((-86.3269165280799,251.92478905688));
#7519=IFCCARTESIANPOINT((-86.6781158269441,251.899794899276));
#7520=IFCCARTESIANPOINT((-87.0294093617413,251.874337528192));
#7521=IFCCARTESIANPOINT((-87.3806228046888,251.848453220155));
#7522=IFCCARTESIANPOINT((-87.7317147050344,251.822017520026));
#7523=IFCCARTESIANPOINT((-88.0829008413421,251.795118606475));
#7524=IFCCARTESIANPOINT((-88.4339211396582,251.767721875454));
#7525=IFCCARTESIANPOINT((-88.7850356744893,251.739861931477));
#7526=IFCCARTESIANPOINT((-89.1359843745304,251.711504172708));
#7527=IFCCARTESIANPOINT((-89.4869830226526,251.682736781542));
#7528=IFCCARTESIANPOINT((-89.8379044109315,251.65336441301));
#7529=IFCCARTESIANPOINT((-90.188831458363,251.623635992117));
#7530=IFCCARTESIANPOINT((-90.5396812482504,251.593302595895));
#7531=IFCCARTESIANPOINT((-90.8905366969411,251.562613146787));
#7532=IFCCARTESIANPOINT((-91.2412705986644,251.531372302037));
#7533=IFCCARTESIANPOINT((-91.5919687004643,251.499650942686));
#7534=IFCCARTESIANPOINT((-91.9426310011186,251.467449068034));
#7535=IFCCARTESIANPOINT((-92.2933017926698,251.434713100316));
#7536=IFCCARTESIANPOINT((-92.6438924997055,251.401550201757));
#7537=IFCCARTESIANPOINT((-92.9944031134655,251.367960364907));
#7538=IFCCARTESIANPOINT((-93.3449222176278,251.333836434816));
#7539=IFCCARTESIANPOINT((-93.6954055232054,251.299231991346));
#7540=IFCCARTESIANPOINT((-94.0457672834746,251.264076153573));
#7541=IFCCARTESIANPOINT((-94.3961346984142,251.22856425948));
#7542=IFCCARTESIANPOINT((-94.7464248593024,251.192447393143));
#7543=IFCCARTESIANPOINT((-95.0967206770729,251.155974472349));
#7544=IFCCARTESIANPOINT((-95.4468949515431,251.118950158707));
#7545=IFCCARTESIANPOINT((-95.7970334238198,251.081445328775));
#7546=IFCCARTESIANPOINT((-96.1471360971627,251.043459985231));
#7547=IFCCARTESIANPOINT((-96.4972029758792,251.00499413145));
#7548=IFCCARTESIANPOINT((-96.8471897598356,250.966101338272));
#7549=IFCCARTESIANPOINT((-97.1971850372211,250.926674454357));
#7550=IFCCARTESIANPOINT((-97.5470144800202,250.886749755533));
#7551=IFCCARTESIANPOINT((-97.8968081219064,250.846344541234));
#7552=IFCCARTESIANPOINT((-98.246651713649,250.805529696343));
#7553=IFCCARTESIANPOINT((-98.5963737613347,250.76416345773));
#7554=IFCCARTESIANPOINT((-98.946060003509,250.722316700208));
#7555=IFCCARTESIANPOINT((-99.2956661639328,250.680043013708));
#7556=IFCCARTESIANPOINT((-99.6451507758466,250.637217930052));
#7557=IFCCARTESIANPOINT((-99.9946853355796,250.593983213825));
#7558=IFCCARTESIANPOINT((-100.344098348374,250.550197101838));
#7559=IFCCARTESIANPOINT((-100.693431278371,250.505984059942));
#7560=IFCCARTESIANPOINT((-101.042728404776,250.461290500534));
#7561=IFCCARTESIANPOINT((-101.391989734198,250.416116428911));
#7562=IFCCARTESIANPOINT((-101.74121526521,250.370461844082));
#7563=IFCCARTESIANPOINT((-102.090274962044,250.324309444462));
#7564=IFCCARTESIANPOINT((-102.439343148755,250.277622951253));
#7565=IFCCARTESIANPOINT((-102.788331249409,250.230509525456));
#7566=IFCCARTESIANPOINT((-103.13723926057,250.182969164394));
#7567=IFCCARTESIANPOINT((-103.486155761668,250.134894709627));
#7568=IFCCARTESIANPOINT((-103.834906432749,250.086322443385));
#7569=IFCCARTESIANPOINT((-104.183662755968,250.037394119077));
#7570=IFCCARTESIANPOINT((-104.532341830025,249.987860826019));
#7571=IFCCARTESIANPOINT((-104.880940811854,249.937900595425));
#7572=IFCCARTESIANPOINT((-105.229418251984,249.887388972798));
#7573=IFCCARTESIANPOINT((-104.524126947654,245.158217443968));
#7574=IFCCARTESIANPOINT((-104.270112067548,245.190491655201));
#7575=IFCCARTESIANPOINT((-104.016230056935,245.222605145827));
#7576=IFCCARTESIANPOINT((-103.76226512788,245.254469728447));
#7577=IFCCARTESIANPOINT((-103.508217283088,245.286085405329));
#7578=IFCCARTESIANPOINT((-103.254127975699,245.317576633825));
#7579=IFCCARTESIANPOINT((-103.000171535037,245.348907139502));
#7580=IFCCARTESIANPOINT((-102.746002139436,245.379971435119));
#7581=IFCCARTESIANPOINT((-102.491921323439,245.410928589117));
#7582=IFCCARTESIANPOINT((-102.237801875774,245.441583253676));
#7583=IFCCARTESIANPOINT((-101.983640971303,245.47211347468));
#7584=IFCCARTESIANPOINT((-101.729482893541,245.502465667611));
#7585=IFCCARTESIANPOINT((-101.475241898879,245.53256895399));
#7586=IFCCARTESIANPOINT((-101.221003732673,245.562494213809));
#7587=IFCCARTESIANPOINT((-100.966768397979,245.592241449805));
#7588=IFCCARTESIANPOINT((-100.71253588979,245.621810657729));
#7589=IFCCARTESIANPOINT((-100.458220466709,245.651130960556));
#7590=IFCCARTESIANPOINT((-100.203993621602,245.680344120541));
#7591=IFCCARTESIANPOINT((-99.9495538175397,245.709291067382));
#7592=IFCCARTESIANPOINT((-99.6952468836389,245.738077293907));
#7593=IFCCARTESIANPOINT((-99.4408127391071,245.766668189899));
#7594=IFCCARTESIANPOINT((-99.1865114629909,245.795098364295));
#7595=IFCCARTESIANPOINT((-98.9320415190014,245.823208747257));
#7596=IFCCARTESIANPOINT((-98.6776158634457,245.851265566715));
#7597=IFCCARTESIANPOINT((-98.4231072887487,245.879073477816));
#7598=IFCCARTESIANPOINT((-98.168645835307,245.906649785698));
#7599=IFCCARTESIANPOINT((-97.9141429203446,245.934101646242));
#7600=IFCCARTESIANPOINT((-97.6596428340708,245.961375480343));
#7601=IFCCARTESIANPOINT((-97.4050598335452,245.98840041022));
#7602=IFCCARTESIANPOINT((-97.1505239488033,246.015193732339));
#7603=IFCCARTESIANPOINT((-96.8959466026572,246.041862607002));
#7604=IFCCARTESIANPOINT((-96.6412863416772,246.068282576976));
#7605=IFCCARTESIANPOINT((-96.3867146552366,246.094595401024));
#7606=IFCCARTESIANPOINT((-96.1320600491017,246.12065931625));
#7607=IFCCARTESIANPOINT((-95.8774082743039,246.146545207477));
#7608=IFCCARTESIANPOINT((-95.622673581267,246.172182190989));
#7609=IFCCARTESIANPOINT((-95.368027466553,246.197712031775));
#7610=IFCCARTESIANPOINT((-95.1132984315918,246.222992963332));
#7611=IFCCARTESIANPOINT((-94.8584864764125,246.248024985602));
#7612=IFCCARTESIANPOINT((-94.6037188102782,246.273003444716));
#7613=IFCCARTESIANPOINT((-94.3489125172491,246.297679418407));
#7614=IFCCARTESIANPOINT((-94.0941947990505,246.322248246404));
#7615=IFCCARTESIANPOINT((-93.8393084142881,246.346497284307));
#7616=IFCCARTESIANPOINT((-93.5845106064517,246.37063917832));
#7617=IFCCARTESIANPOINT((-93.3296713383752,246.394656626042));
#7618=IFCCARTESIANPOINT((-93.0747934438696,246.418371588516));
#7619=IFCCARTESIANPOINT((-92.8199183761026,246.441908523033));
#7620=IFCCARTESIANPOINT((-92.5649161004403,246.465250129346));
#7621=IFCCARTESIANPOINT((-92.3100466940959,246.488431014586));
#7622=IFCCARTESIANPOINT((-92.0550943682319,246.511362991412));
#7623=IFCCARTESIANPOINT((-91.8001005803526,246.534170520201));
#7624=IFCCARTESIANPOINT((-91.5451539130008,246.556746445189));
#7625=IFCCARTESIANPOINT((-91.2901243217639,246.579073457979));
#7626=IFCCARTESIANPOINT((-91.0351390217547,246.60134690936));
#7627=IFCCARTESIANPOINT((-90.7801150913874,246.623317872465));
#7628=IFCCARTESIANPOINT((-90.5250939929683,246.645110811747));
#7629=IFCCARTESIANPOINT((-90.2699456835981,246.666708420438));
#7630=IFCCARTESIANPOINT((-90.0149302427599,246.6881453073));
#7631=IFCCARTESIANPOINT((-89.7598318808887,246.709333284292));
#7632=IFCCARTESIANPOINT((-89.5046920615423,246.730396817322));
#7633=IFCCARTESIANPOINT((-89.2495993580378,246.751228742476));
#7634=IFCCARTESIANPOINT((-88.9944237370219,246.771811760846));
#7635=IFCCARTESIANPOINT((-88.7392066563771,246.792270333215));
#7636=IFCCARTESIANPOINT((-88.484122440801,246.812568180903));
#7637=IFCCARTESIANPOINT((-88.2288695581956,246.83254623838));
#7638=IFCCARTESIANPOINT((-87.973660962627,246.852470731072));
#7639=IFCCARTESIANPOINT((-87.7184994879644,246.872163620021));
#7640=IFCCARTESIANPOINT((-87.4632550930255,246.89160759974));
#7641=IFCCARTESIANPOINT((-87.2080135267752,246.910873553075));
#7642=IFCCARTESIANPOINT((-86.9527305018564,246.930015061575));
#7643=IFCCARTESIANPOINT((-86.6974088420102,246.948854077782));
#7644=IFCCARTESIANPOINT((-86.4421757666569,246.967585956038));
#7645=IFCCARTESIANPOINT((-86.1868597668654,246.986068921804));
#7646=IFCCARTESIANPOINT((-85.9315465999534,247.004373864562));
#7647=IFCCARTESIANPOINT((-85.6761505084869,247.022429894772));
#7648=IFCCARTESIANPOINT((-85.4207987080736,247.040432363283));
#7649=IFCCARTESIANPOINT((-85.1654082793102,247.058132345031));
#7650=IFCCARTESIANPOINT((-84.9100206772273,247.075654298766));
#7651=IFCCARTESIANPOINT((-84.6546359055501,247.092998227396));
#7652=IFCCARTESIANPOINT((-84.3992539610772,247.110164128651));
#7653=IFCCARTESIANPOINT((-84.143919135764,247.127098424651));
#7654=IFCCARTESIANPOINT((-83.8884571044182,247.143837394135));
#7655=IFCCARTESIANPOINT((-83.6329978992289,247.160398335254));
#7656=IFCCARTESIANPOINT((-83.3775415241253,247.176781251037));
#7657=IFCCARTESIANPOINT((-83.1220879744506,247.192986137699));
#7658=IFCCARTESIANPOINT((-82.8665958004131,247.208888540918));
#7659=IFCCARTESIANPOINT((-82.6110621634871,247.224666495691));
#7660=IFCCARTESIANPOINT((-82.3556171033706,247.240337305993));
#7661=IFCCARTESIANPOINT((-82.1000476639892,247.255634745292));
#7662=IFCCARTESIANPOINT((-81.844522511703,247.270878619631));
#7663=IFCCARTESIANPOINT((-81.5890444819815,247.285890891566));
#7664=IFCCARTESIANPOINT((-81.3334392395336,247.300707831455));
#7665=IFCCARTESIANPOINT((-81.0778811148775,247.31529316504));
#7666=IFCCARTESIANPOINT((-80.8223258233338,247.32970047585));
#7667=IFCCARTESIANPOINT((-80.5667290691636,247.343983338273));
#7668=IFCCARTESIANPOINT((-80.3111794317083,247.358034593519));
#7669=IFCCARTESIANPOINT((-80.0555468772945,247.37183694233));
#7670=IFCCARTESIANPOINT((-79.799917146418,247.385461260332));
#7671=IFCCARTESIANPOINT((-79.5442902487994,247.398907555849));
#7672=IFCCARTESIANPOINT((-79.2886661790835,247.412175824225));
#7673=IFCCARTESIANPOINT((-76.2771467222774,247.553626879759));
#7674=IFCCARTESIANPOINT((-67.6741273815569,247.809354891011));
#7675=IFCPOLYLINE((#7272,#7273,#7274,#7275,#7276,#7277,#7278,#7279,#7280,#7281,#7282,#7283,#7284,#7285,#7286,#7287,#7288,#7289,#7290,#7291,#7292,#7293,#7294,#7295,#7296,#7297,#7298,#7299,#7300,#7301,#7302,#7303,#7304,#7305,#7306,#7307,#7308,#7309,#7310,#7311,#7312,#7313,#7314,#7315,#7316,#7317,#7318,#7319,#7320,#7321,#7322,#7323,#7324,#7325,#7326,#7327,#7328,#7329,#7330,#7331,#7332,#7333,#7334,#7335,#7336,#7337,#7338,#7339,#7340,#7341,#7342,#7343,#7344,#7345,#7346,#7347,#7348,#7349,#7350,#7351,#7352,#7353,#7354,#7355,#7356,#7357,#7358,#7359,#7360,#7361,#7362,#7363,#7364,#7365,#7366,#7367,#7368,#7369,#7370,#7371,#7372,#7373,#7374,#7375,#7376,#7377,#7378,#7379,#7380,#7381,#7382,#7383,#7384,#7385,#7386,#7387,#7388,#7389,#7390,#7391,#7392,#7393,#7394,#7395,#7396,#7397,#7398,#7399,#7400,#7401,#7402,#7403,#7404,#7405,#7406,#7407,#7408,#7409,#7410,#7411,#7412,#7413,#7414,#7415,#7416,#7417,#7418,#7419,#7420,#7421,#7422,#7423,#7424,#7425,#7426,#7427,#7428,#7429,#7430,#7431,#7432,#7433,#7434,#7435,#7436,#7437,#7438,#7439,#7440,#7441,#7442,#7443,#7444,#7445,#7446,#7447,#7448,#7449,#7450,#7451,#7452,#7453,#7454,#7455,#7456,#7457,#7458,#7459,#7460,#7461,#7462,#7463,#7464,#7465,#7466,#7467,#7468,#7469,#7470,#7471,#7472,#7473,#7474,#7475,#7476,#7477,#7478,#7479,#7480,#7481,#7482,#7483,#7484,#7485,#7486,#7487,#7488,#7489,#7490,#7491,#7492,#7493,#7494,#7495,#7496,#7497,#7498,#7499,#7500,#7501,#7502,#7503,#7504,#7505,#7506,#7507,#7508,#7509,#7510,#7511,#7512,#7513,#7514,#7515,#7516,#7517,#7518,#7519,#7520,#7521,#7522,#7523,#7524,#7525,#7526,#7527,#7528,#7529,#7530,#7531,#7532,#7533,#7534,#7535,#7536,#7537,#7538,#7539,#7540,#7541,#7542,#7543,#7544,#7545,#7546,#7547,#7548,#7549,#7550,#7551,#7552,#7553,#7554,#7555,#7556,#7557,#7558,#7559,#7560,#7561,#7562,#7563,#7564,#7565,#7566,#7567,#7568,#7569,#7570,#7571,#7572,#7573,#7574,#7575,#7576,#7577,#7578,#7579,#7580,#7581,#7582,#7583,#7584,#7585,#7586,#7587,#7588,#7589,#7590,#7591,#7592,#7593,#7594,#7595,#7596,#7597,#7598,#7599,#7600,#7601,#7602,#7603,#7604,#7605,#7606,#7607,#7608,#7609,#7610,#7611,#7612,#7613,#7614,#7615,#7616,#7617,#7618,#7619,#7620,#7621,#7622,#7623,#7624,#7625,#7626,#7627,#7628,#7629,#7630,#7631,#7632,#7633,#7634,#7635,#7636,#7637,#7638,#7639,#7640,#7641,#7642,#7643,#7644,#7645,#7646,#7647,#7648,#7649,#7650,#7651,#7652,#7653,#7654,#7655,#7656,#7657,#7658,#7659,#7660,#7661,#7662,#7663,#7664,#7665,#7666,#7667,#7668,#7669,#7670,#7671,#7672,#7673,#7674));
#7676=IFCCARTESIANPOINT((-105.703768900508,253.76112795464));
#7677=IFCCARTESIANPOINT((-105.701882703783,253.751361427305));
#7678=IFCCARTESIANPOINT((-105.69999650729,253.741594900202));
#7679=IFCCARTESIANPOINT((-105.697980273049,253.731811069942));
#7680=IFCCARTESIANPOINT((-105.695919746329,253.72208081634));
#7681=IFCCARTESIANPOINT((-105.69372918515,253.7123332622));
#7682=IFCCARTESIANPOINT((-105.691494334169,253.702639287105));
#7683=IFCCARTESIANPOINT((-105.689215193968,253.692998891405));
#7684=IFCCARTESIANPOINT((-105.686850305239,253.683287613036));
#7685=IFCCARTESIANPOINT((-105.684396836208,253.673683491943));
#7686=IFCCARTESIANPOINT((-105.681857621588,253.664008490799));
#7687=IFCCARTESIANPOINT((-105.679274116963,253.654387068353));
#7688=IFCCARTESIANPOINT((-105.676602029969,253.644872801553));
#7689=IFCCARTESIANPOINT((-105.673844199249,253.6352876561));
#7690=IFCCARTESIANPOINT((-105.671042074828,253.625756086258));
#7691=IFCCARTESIANPOINT((-105.668154204992,253.616153636307));
#7692=IFCCARTESIANPOINT((-105.665263502364,253.606729225721));
#7693=IFCCARTESIANPOINT((-105.662157015729,253.597216630937));
#7694=IFCCARTESIANPOINT((-105.659091988928,253.587828498799));
#7695=IFCCARTESIANPOINT((-105.655941211939,253.578369482653));
#7696=IFCCARTESIANPOINT((-105.652616108593,253.568946743151));
#7697=IFCCARTESIANPOINT((-105.649291003501,253.559524002252));
#7698=IFCCARTESIANPOINT((-105.645877320872,253.550208420958));
#7699=IFCCARTESIANPOINT((-105.64246363737,253.540892838908));
#7700=IFCCARTESIANPOINT((-105.638919916673,253.531559954223));
#7701=IFCCARTESIANPOINT((-105.63533190728,253.52228064934));
#7702=IFCCARTESIANPOINT((-105.631569568446,253.513037618657));
#7703=IFCCARTESIANPOINT((-105.627892977413,253.503865470004));
#7704=IFCCARTESIANPOINT((-105.624000606273,253.494605140586));
#7705=IFCCARTESIANPOINT((-105.62014968929,253.485469269101));
#7706=IFCCARTESIANPOINT((-105.616168733744,253.476316093642));
#7707=IFCCARTESIANPOINT((-105.612099198595,253.467270076217));
#7708=IFCCARTESIANPOINT((-105.608029665455,253.458224060305));
#7709=IFCCARTESIANPOINT((-105.603830096923,253.449160743272));
#7710=IFCCARTESIANPOINT((-105.599586235679,253.440151002724));
#7711=IFCCARTESIANPOINT((-105.595298082189,253.431194839126));
#7712=IFCCARTESIANPOINT((-105.590879894706,253.422221375455));
#7713=IFCCARTESIANPOINT((-105.586503163882,253.413372371637));
#7714=IFCCARTESIANPOINT((-105.581910650799,253.404435185366));
#7715=IFCCARTESIANPOINT((-105.57731530341,253.395676037122));
#7716=IFCCARTESIANPOINT((-105.572634208424,253.386846006732));
#7717=IFCCARTESIANPOINT((-105.567908822763,253.378069554688));
#7718=IFCCARTESIANPOINT((-105.563139147853,253.369346682157));
#7719=IFCCARTESIANPOINT((-105.558325182908,253.36067738838));
#7720=IFCCARTESIANPOINT((-105.553336889046,253.35204436921));
#7721=IFCCARTESIANPOINT((-105.548348599841,253.343411353941));
#7722=IFCCARTESIANPOINT((-105.543316021154,253.334831917949));
#7723=IFCCARTESIANPOINT((-105.538194858265,253.326359636092));
#7724=IFCCARTESIANPOINT((-105.53298795069,253.317816474591));
#7725=IFCCARTESIANPOINT((-105.527736751363,253.309326890681));
#7726=IFCCARTESIANPOINT((-105.522396974178,253.300944466086));
#7727=IFCCARTESIANPOINT((-105.517057197547,253.292562041839));
#7728=IFCCARTESIANPOINT((-105.511628840206,253.28428677487));
#7729=IFCCARTESIANPOINT((-105.506070444855,253.275994204334));
#7730=IFCCARTESIANPOINT((-105.500512050028,253.267701634206));
#7731=IFCCARTESIANPOINT((-105.494865074346,253.259516221005));
#7732=IFCCARTESIANPOINT((-105.489173811278,253.251384388946));
#7733=IFCCARTESIANPOINT((-105.483438258263,253.243306135526));
#7734=IFCCARTESIANPOINT((-105.477572666859,253.235210578481));
#7735=IFCCARTESIANPOINT((-105.471662783966,253.227168599144));
#7736=IFCCARTESIANPOINT((-105.465708614647,253.21918020153));
#7737=IFCCARTESIANPOINT((-105.459710153722,253.211245381215));
#7738=IFCCARTESIANPOINT((-105.453667402879,253.203364140063));
#7739=IFCCARTESIANPOINT((-105.447536071646,253.195590056188));
#7740=IFCCARTESIANPOINT((-105.441318994534,253.187745091564));
#7741=IFCCARTESIANPOINT((-105.43501333546,253.180007283285));
#7742=IFCCARTESIANPOINT((-105.428793426603,253.172340359015));
#7743=IFCCARTESIANPOINT((-105.42239918941,253.164709709818));
#7744=IFCCARTESIANPOINT((-105.415960662678,253.157132639899));
#7745=IFCCARTESIANPOINT((-105.409436387214,253.149484687077));
#7746=IFCCARTESIANPOINT((-105.402909280121,253.142014774436));
#7747=IFCCARTESIANPOINT((-105.396337883518,253.134598441073));
#7748=IFCCARTESIANPOINT((-105.389636452979,253.127164807694));
#7749=IFCCARTESIANPOINT((-105.382976475405,253.119855631201));
#7750=IFCCARTESIANPOINT((-105.376142172783,253.112582732516));
#7751=IFCCARTESIANPOINT((-105.369307869638,253.105309833481));
#7752=IFCCARTESIANPOINT((-105.36238498491,253.098144090909));
#7753=IFCCARTESIANPOINT((-105.355462104111,253.090978351363));
#7754=IFCCARTESIANPOINT((-105.348450641002,253.083919767581));
#7755=IFCCARTESIANPOINT((-105.341439178417,253.076861184381));
#7756=IFCCARTESIANPOINT((-105.334339137858,253.069909760496));
#7757=IFCCARTESIANPOINT((-105.327194805635,253.063011914084));
#7758=IFCCARTESIANPOINT((-105.320006182621,253.056167645729));
#7759=IFCCARTESIANPOINT((-105.312687523867,253.04930607602));
#7760=IFCCARTESIANPOINT((-105.305366031156,253.042622544395));
#7761=IFCCARTESIANPOINT((-105.298044540017,253.035939014284));
#7762=IFCCARTESIANPOINT((-105.290593012032,253.029238181538));
#7763=IFCCARTESIANPOINT((-105.283138649393,253.022715386644));
#7764=IFCCARTESIANPOINT((-105.275554250838,253.016175290104));
#7765=IFCCARTESIANPOINT((-105.268055599823,253.009706075361));
#7766=IFCCARTESIANPOINT((-105.260468369437,253.003344018769));
#7767=IFCCARTESIANPOINT((-105.252751100779,252.996964658611));
#7768=IFCCARTESIANPOINT((-105.245075293002,252.990709761973));
#7769=IFCCARTESIANPOINT((-105.237269446341,252.984437561128));
#7770=IFCCARTESIANPOINT((-105.229460766219,252.978343399067));
#7771=IFCCARTESIANPOINT((-105.221566335589,252.972178352706));
#7772=IFCCARTESIANPOINT((-105.213713367266,252.966137771029));
#7773=IFCCARTESIANPOINT((-105.205771817535,252.960204345698));
#7774=IFCCARTESIANPOINT((-105.197700230841,252.954253617965));
#7775=IFCCARTESIANPOINT((-104.850338622433,253.002891735756));
#7776=IFCCARTESIANPOINT((-104.50289692622,253.051102919562));
#7777=IFCCARTESIANPOINT((-104.15550517806,253.098904471204));
#7778=IFCCARTESIANPOINT((-103.807903306122,253.146261787333));
#7779=IFCCARTESIANPOINT((-103.460265633563,253.193138588278));
#7780=IFCCARTESIANPOINT((-103.112592164194,253.239534877473));
#7781=IFCCARTESIANPOINT((-102.76492435424,253.285575114191));
#7782=IFCCARTESIANPOINT((-102.417090705072,253.331117532274));
#7783=IFCCARTESIANPOINT((-102.069262718287,253.376303900441));
#7784=IFCCARTESIANPOINT((-101.721398932859,253.421009755402));
#7785=IFCCARTESIANPOINT((-101.373455057415,253.465288674575));
#7786=IFCCARTESIANPOINT((-101.025345349306,253.50906978047));
#7787=IFCCARTESIANPOINT((-100.67728558465,253.552441250242));
#7788=IFCCARTESIANPOINT((-100.329275771539,253.595403090643));
#7789=IFCCARTESIANPOINT((-99.9810558324971,253.637920693902));
#7790=IFCCARTESIANPOINT((-99.6328000924841,253.679957782035));
#7791=IFCCARTESIANPOINT((-99.2845085586014,253.721514360688));
#7792=IFCCARTESIANPOINT((-98.9362226796511,253.762714883371));
#7793=IFCCARTESIANPOINT((-98.5878567121981,253.803488471836));
#7794=IFCCARTESIANPOINT((-98.2393249098968,253.843764245277));
#7795=IFCCARTESIANPOINT((-97.8908873454493,253.883576807217));
#7796=IFCCARTESIANPOINT((-97.5423254008347,253.923016012472));
#7797=IFCCARTESIANPOINT((-97.1938134075899,253.962045588181));
#7798=IFCCARTESIANPOINT((-96.8451355742,254.000577344559));
#7799=IFCCARTESIANPOINT((-96.4964219416433,254.038628587208));
#7800=IFCCARTESIANPOINT((-96.1477139711205,254.076323779649));
#7801=IFCCARTESIANPOINT((-95.7989701972983,254.113538455043));
#7802=IFCCARTESIANPOINT((-95.4501463363122,254.150326197385));
#7803=IFCCARTESIANPOINT((-95.1012866788951,254.186633428151));
#7804=IFCCARTESIANPOINT((-94.7523469259031,254.222513718938));
#7805=IFCCARTESIANPOINT((-94.40337137811,254.25791349943));
#7806=IFCCARTESIANPOINT((-94.0544014892948,254.292957227444));
#7807=IFCCARTESIANPOINT((-93.7052657612076,254.327503136883));
#7808=IFCCARTESIANPOINT((-93.3561799820163,254.361639414623));
#7809=IFCCARTESIANPOINT((-93.0070584011555,254.395295176597));
#7810=IFCCARTESIANPOINT((-92.6579424822994,254.428594888537));
#7811=IFCCARTESIANPOINT((-92.3087050137692,254.461343202449));
#7812=IFCCARTESIANPOINT((-91.9594732052938,254.49373546493));
#7813=IFCCARTESIANPOINT((-91.6100755553052,254.525629906799));
#7814=IFCCARTESIANPOINT((-91.2607278567448,254.55711471918));
#7815=IFCCARTESIANPOINT((-90.9114301083901,254.588189901027));
#7816=IFCCARTESIANPOINT((-90.5619665190752,254.618767262844));
#7817=IFCCARTESIANPOINT((-90.2125528778706,254.648934992321));
#7818=IFCCARTESIANPOINT((-89.8629734008282,254.67860490625));
#7819=IFCCARTESIANPOINT((-89.5134438710229,254.707865187258));
#7820=IFCCARTESIANPOINT((-89.1639642869704,254.736715833598));
#7821=IFCCARTESIANPOINT((-88.8143188651011,254.765068662877));
#7822=IFCCARTESIANPOINT((-88.4646791024425,254.79306543956));
#7823=IFCCARTESIANPOINT((-88.1150035424216,254.820581703971));
#7824=IFCCARTESIANPOINT((-87.765292179567,254.8476174518));
#7825=IFCCARTESIANPOINT((-87.4155007272202,254.874226264423));
#7826=IFCCARTESIANPOINT((-87.0657592235075,254.900425445056));
#7827=IFCCARTESIANPOINT((-86.7158961697423,254.926073227602));
#7828=IFCCARTESIANPOINT((-86.3661245224939,254.951435838884));
#7829=IFCCARTESIANPOINT((-86.0162313264736,254.976247053302));
#7830=IFCCARTESIANPOINT((-85.6662580435514,255.000631334784));
#7831=IFCCARTESIANPOINT((-85.3163347019872,255.024605978164));
#7832=IFCCARTESIANPOINT((-84.9663755672227,255.048100112705));
#7833=IFCCARTESIANPOINT((-84.6164220840146,255.071238188248));
#7834=IFCCARTESIANPOINT((-84.2663470547122,255.09382486908));
#7835=IFCCARTESIANPOINT((-83.916277680808,255.116055494058));
#7836=IFCCARTESIANPOINT((-83.5662167995761,255.137752027775));
#7837=IFCCARTESIANPOINT((-83.2161172846972,255.159146085556));
#7838=IFCCARTESIANPOINT((-82.8659405125072,255.179935168417));
#7839=IFCCARTESIANPOINT((-82.5157693926303,255.20036819292));
#7840=IFCCARTESIANPOINT((-82.1656482250255,255.220391588227));
#7841=IFCCARTESIANPOINT((-81.8154055088235,255.239863586554));
#7842=IFCCARTESIANPOINT((-81.465168446186,255.258979527804));
#7843=IFCCARTESIANPOINT((-81.1148955872923,255.277614957246));
#7844=IFCCARTESIANPOINT((-80.7646283844661,255.295894331648));
#7845=IFCCARTESIANPOINT((-80.4143696686078,255.313639609725));
#7846=IFCCARTESIANPOINT((-80.0640308631992,255.330957952596));
#7847=IFCCARTESIANPOINT((-79.7136119667848,255.347849359328));
#7848=IFCCARTESIANPOINT((-79.3632873083989,255.364277553919));
#7849=IFCCARTESIANPOINT((-79.0128825565916,255.380278810218));
#7850=IFCCARTESIANPOINT((-78.6624420050939,255.395799552149));
#7851=IFCCARTESIANPOINT((-78.3120514030743,255.410910662264));
#7852=IFCCARTESIANPOINT((-77.9615807087102,255.425594835018));
#7853=IFCCARTESIANPOINT((-77.6110742103483,255.439798489737));
#7854=IFCCARTESIANPOINT((-77.2606176606787,255.453592512));
#7855=IFCCARTESIANPOINT((-76.9100810227392,255.466959600279));
#7856=IFCCARTESIANPOINT((-76.5596386154939,255.479863470129));
#7857=IFCCARTESIANPOINT((-76.2090303731966,255.492269525246));
#7858=IFCCARTESIANPOINT((-75.858557826723,255.504336828773));
#7859=IFCCARTESIANPOINT((-75.5079637287708,255.515852733108));
#7860=IFCCARTESIANPOINT((-75.1573752868862,255.527012581879));
#7861=IFCCARTESIANPOINT((-74.8067510465335,255.537691917096));
#7862=IFCCARTESIANPOINT((-74.4561767512641,255.547961616714));
#7863=IFCCARTESIANPOINT((-74.1055666515895,255.557750797889));
#7864=IFCCARTESIANPOINT((-73.7549207564152,255.567059467896));
#7865=IFCCARTESIANPOINT((-73.4042805166391,255.576012081932));
#7866=IFCCARTESIANPOINT((-73.0536487627833,255.584430598305));
#7867=IFCCARTESIANPOINT((-72.7029369158845,255.592422176444));
#7868=IFCCARTESIANPOINT((-72.3522750186676,255.600004123));
#7869=IFCCARTESIANPOINT((-72.001533030445,255.607159132836));
#7870=IFCCARTESIANPOINT((-71.6508852773986,255.613850927795));
#7871=IFCCARTESIANPOINT((-71.3001574335212,255.620115786383));
#7872=IFCCARTESIANPOINT((-70.9495238216186,255.6259174273));
#7873=IFCCARTESIANPOINT((-70.598724374926,255.6312212536));
#7874=IFCCARTESIANPOINT((-70.2607865207247,255.633538065595));
#7875=IFCCARTESIANPOINT((-69.9228986121307,255.635445239895));
#7876=IFCCARTESIANPOINT((-69.5849720709957,255.637049936573));
#7877=IFCCARTESIANPOINT((-69.2470068953116,255.638352153823));
#7878=IFCCARTESIANPOINT((-68.9090473776741,255.639298314636));
#7879=IFCCARTESIANPOINT((-68.5710935153766,255.639888416801));
#7880=IFCCARTESIANPOINT((-68.2331010187918,255.640176039713));
#7881=IFCCARTESIANPOINT((-67.895199931052,255.640178490023));
#7882=IFCCARTESIANPOINT((-67.5572187489888,255.639753998723));
#7883=IFCCARTESIANPOINT((-67.2192846836697,255.639097912179));
#7884=IFCCARTESIANPOINT((-66.8813562739815,255.638085767161));
#7885=IFCCARTESIANPOINT((-66.543433519837,255.63671756332));
#7886=IFCCARTESIANPOINT((-66.2054721328896,255.635046881624));
#7887=IFCCARTESIANPOINT((-65.8675164013403,255.63302014122));
#7888=IFCCARTESIANPOINT((-65.5295663294091,255.63063734537));
#7889=IFCCARTESIANPOINT((-65.1916633699147,255.628022950608));
#7890=IFCCARTESIANPOINT((-64.8537660677684,255.625052498537));
#7891=IFCCARTESIANPOINT((-64.515744383767,255.621708686231));
#7892=IFCCARTESIANPOINT((-64.1778141038376,255.618079697073));
#7893=IFCCARTESIANPOINT((-63.8398894796555,255.614094649325));
#7894=IFCCARTESIANPOINT((-63.5020562613499,255.609824425948));
#7895=IFCCARTESIANPOINT((-63.164098661975,255.605180842977));
#7896=IFCCARTESIANPOINT((-62.8262324680982,255.600252084085));
#7897=IFCCARTESIANPOINT((-62.4882418889028,255.594949961931));
#7898=IFCCARTESIANPOINT((-62.1503870059096,255.589309085044));
#7899=IFCCARTESIANPOINT((-61.812493488047,255.58336572838));
#7900=IFCCARTESIANPOINT((-61.4745613373234,255.577119893511));
#7901=IFCCARTESIANPOINT((-61.1367648828018,255.57053530385));
#7902=IFCCARTESIANPOINT((-60.7988440465124,255.563577353721));
#7903=IFCCARTESIANPOINT((-60.4609703223978,255.556387804449));
#7904=IFCCARTESIANPOINT((-60.1231465450837,255.548788617656));
#7905=IFCCARTESIANPOINT((-59.785284132784,255.540886950854));
#7906=IFCCARTESIANPOINT((-59.4473830907082,255.532682808174));
#7907=IFCCARTESIANPOINT((-59.1095319929009,255.524069026054));
#7908=IFCCARTESIANPOINT((-58.7717280090146,255.515223645954));
#7909=IFCCARTESIANPOINT((-58.4339296827384,255.506022208312));
#7910=IFCCARTESIANPOINT((-58.0961370104342,255.496464710275));
#7911=IFCCARTESIANPOINT((-57.7583057042793,255.48660473316));
#7912=IFCCARTESIANPOINT((-57.420480056724,255.476388699317));
#7913=IFCCARTESIANPOINT((-57.0827458105923,255.465887485945));
#7914=IFCCARTESIANPOINT((-56.7449314755795,255.454959334747));
#7915=IFCCARTESIANPOINT((-56.4071642537019,255.443799584929));
#7916=IFCCARTESIANPOINT((-56.0694026867568,255.432283775357));
#7917=IFCCARTESIANPOINT((-55.7317325243203,255.42048278841));
#7918=IFCCARTESIANPOINT((-55.3939379814256,255.408308442158));
#7919=IFCCARTESIANPOINT((-55.0562348383828,255.395848914806));
#7920=IFCCARTESIANPOINT((-54.7185373535031,255.383033330203));
#7921=IFCCARTESIANPOINT((-54.3808455263497,255.369861688057));
#7922=IFCCARTESIANPOINT((-54.0431593546818,255.356333986449));
#7923=IFCCARTESIANPOINT((-53.7055202979536,255.342574687384));
#7924=IFCCARTESIANPOINT((-53.3678868956922,255.328459327924));
#7925=IFCCARTESIANPOINT((-53.030259150808,255.313987910631));
#7926=IFCCARTESIANPOINT((-52.6925927689008,255.299214011233));
#7927=IFCCARTESIANPOINT((-52.3550177916477,255.284154934343));
#7928=IFCCARTESIANPOINT((-52.0173627282202,255.268668921955));
#7929=IFCCARTESIANPOINT((-51.6797990633931,255.252897727187));
#7930=IFCCARTESIANPOINT((-51.3422410526255,255.236770471442));
#7931=IFCCARTESIANPOINT((-51.0047301603772,255.220411621092));
#7932=IFCCARTESIANPOINT((-50.6671391740965,255.203625828668));
#7933=IFCCARTESIANPOINT((-50.3296395911893,255.18655485753));
#7934=IFCCARTESIANPOINT((-49.9921456646989,255.16912782751));
#7935=IFCCARTESIANPOINT((-49.6546988539048,255.151469200267));
#7936=IFCCARTESIANPOINT((-49.3171719493985,255.133383631182));
#7937=IFCCARTESIANPOINT((-48.9797807355935,255.114959301602));
#7938=IFCCARTESIANPOINT((-48.6423066013958,255.096286074608));
#7939=IFCCARTESIANPOINT((-48.304882411001,255.077203207009));
#7940=IFCCARTESIANPOINT((-47.9675053370302,255.057888742478));
#7941=IFCCARTESIANPOINT((-47.6301782068622,255.038164637168));
#7942=IFCCARTESIANPOINT((-47.2928124437167,255.018138052837));
#7943=IFCCARTESIANPOINT((-46.9554523354454,254.997755407996));
#7944=IFCCARTESIANPOINT((-46.6181393420848,254.977141165175));
#7945=IFCCARTESIANPOINT((-46.28087629113,254.956117280235));
#7946=IFCCARTESIANPOINT((-45.9435746096424,254.934790918021));
#7947=IFCCARTESIANPOINT((-45.6063643286761,254.913179374533));
#7948=IFCCARTESIANPOINT((-45.2690739576065,254.891140891879));
#7949=IFCCARTESIANPOINT((-44.9318749910744,254.868817230861));
#7950=IFCCARTESIANPOINT((-44.5947231361351,254.846261969127));
#7951=IFCCARTESIANPOINT((-44.2575354778382,254.823226185807));
#7952=IFCCARTESIANPOINT((-43.9203949345683,254.799958804331));
#7953=IFCCARTESIANPOINT((-43.5832600503054,254.776335365372));
#7954=IFCCARTESIANPOINT((-43.246130818472,254.752355863864));
#7955=IFCCARTESIANPOINT((-42.9090929892554,254.728091182362));
#7956=IFCCARTESIANPOINT((-42.5720608173579,254.703470442037));
#7957=IFCCARTESIANPOINT((-42.2349900113477,254.678547221527));
#7958=IFCCARTESIANPOINT((-41.8980106113304,254.653338823642));
#7959=IFCCARTESIANPOINT((-41.5610368630441,254.627774362394));
#7960=IFCCARTESIANPOINT((-41.2240687693411,254.601853840111));
#7961=IFCCARTESIANPOINT((-40.8871920827951,254.575648141268));
#7962=IFCCARTESIANPOINT((-40.5502352997137,254.549015497731));
#7963=IFCCARTESIANPOINT((-40.2133699221304,254.522097676236));
#7964=IFCCARTESIANPOINT((-39.8765516598651,254.494948256761));
#7965=IFCCARTESIANPOINT((-39.5397390518629,254.467442775553));
#7966=IFCCARTESIANPOINT((-39.2029321005975,254.439581234881));
#7967=IFCCARTESIANPOINT((-38.8661308008304,254.411363630148));
#7968=IFCCARTESIANPOINT((-38.5294209071144,254.38286084804));
#7969=IFCCARTESIANPOINT((-38.1927166712994,254.3540020074));
#7970=IFCCARTESIANPOINT((-37.8560180884087,254.324787103687));
#7971=IFCCARTESIANPOINT((-37.519366617722,254.295340599143));
#7972=IFCCARTESIANPOINT((-37.182765093894,254.265484455274));
#7973=IFCCARTESIANPOINT((-32.1434896510618,253.8465370388));
#7974=IFCCARTESIANPOINT((-32.136178198125,253.850143668358));
#7975=IFCCARTESIANPOINT((-32.1289524916792,253.853821177559));
#7976=IFCCARTESIANPOINT((-32.1217682416609,253.857623146207));
#7977=IFCCARTESIANPOINT((-32.1146697413351,253.861495997233));
#7978=IFCCARTESIANPOINT((-32.1075269508001,253.865422427829));
#7979=IFCCARTESIANPOINT((-32.1004699088808,253.869419739873));
#7980=IFCCARTESIANPOINT((-32.0934543261828,253.873541513749));
#7981=IFCCARTESIANPOINT((-32.0865244904999,253.877734167618));
#7982=IFCCARTESIANPOINT((-32.0795503666159,253.881980402919));
#7983=IFCCARTESIANPOINT((-32.0727477363253,253.886368397973));
#7984=IFCCARTESIANPOINT((-32.0659008162038,253.89080997312));
#7985=IFCCARTESIANPOINT((-32.0591839371773,253.895268851949));
#7986=IFCCARTESIANPOINT((-32.0523784757534,253.899834888289));
#7987=IFCCARTESIANPOINT((-32.0457888002566,253.904489106673));
#7988=IFCCARTESIANPOINT((-32.0391548345215,253.909196904569));
#7989=IFCCARTESIANPOINT((-32.032562330307,253.914029166335));
#7990=IFCCARTESIANPOINT((-32.0260998602025,253.918878725846));
#7991=IFCCARTESIANPOINT((-32.0196788492322,253.923852747015));
#7992=IFCCARTESIANPOINT((-32.0132578405028,253.928826770047));
#7993=IFCCARTESIANPOINT((-32.00687828628,253.933925250953));
#7994=IFCCARTESIANPOINT((-32.0005844834086,253.939094615576));
#7995=IFCCARTESIANPOINT((-31.9943764267373,253.944334859669));
#7996=IFCCARTESIANPOINT((-31.9882541214756,253.949645987421));
#7997=IFCCARTESIANPOINT((-31.982131814555,253.954957113718));
#7998=IFCCARTESIANPOINT((-31.9761367125029,253.96046358085));
#7999=IFCCARTESIANPOINT((-31.9701416090538,253.96597004676));
#8000=IFCCARTESIANPOINT((-31.9642322559084,253.971547395515));
#8001=IFCCARTESIANPOINT((-31.958408649778,253.97719562432));
#8002=IFCCARTESIANPOINT((-31.9525850464415,253.982843855454));
#8003=IFCCARTESIANPOINT((-31.9469329375715,253.988633847213));
#8004=IFCCARTESIANPOINT((-31.9412365373573,253.994477417611));
#8005=IFCCARTESIANPOINT((-31.9356258882035,254.000391871494));
#8006=IFCCARTESIANPOINT((-31.9301452737127,254.006323623646));
#8007=IFCCARTESIANPOINT((-31.9247061203641,254.012379839027));
#8008=IFCCARTESIANPOINT((-31.9192669668992,254.018436054466));
#8009=IFCCARTESIANPOINT((-31.9139993048157,254.024634027795));
#8010=IFCCARTESIANPOINT((-31.9087316491932,254.030832006596));
#8011=IFCCARTESIANPOINT((-31.903594028001,254.037047283316));
#8012=IFCCARTESIANPOINT((-31.8984978639928,254.04338702024));
#8013=IFCCARTESIANPOINT((-31.8934017035353,254.049726760073));
#8014=IFCCARTESIANPOINT((-31.8884770373988,254.056208260357));
#8015=IFCCARTESIANPOINT((-31.8835523707385,254.062689760118));
#8016=IFCCARTESIANPOINT((-31.878757745435,254.069188563735));
#8017=IFCCARTESIANPOINT((-31.8740045749873,254.07581182546));
#8018=IFCCARTESIANPOINT((-31.8693371529807,254.082505968458));
#8019=IFCCARTESIANPOINT((-31.8647140190296,254.089146529965));
#8020=IFCCARTESIANPOINT((-31.8602623847255,254.095928856463));
#8021=IFCCARTESIANPOINT((-31.8558107465215,254.102711179527));
#8022=IFCCARTESIANPOINT((-31.8514448615315,254.109564387763));
#8023=IFCCARTESIANPOINT((-31.8471647186961,254.116488472151));
#8024=IFCCARTESIANPOINT((-31.8429703298898,254.123483442469));
#8025=IFCCARTESIANPOINT((-31.8388202280621,254.13042483048));
#8026=IFCCARTESIANPOINT((-31.8348416245135,254.137507982028));
#8027=IFCCARTESIANPOINT((-31.8308630163083,254.144591129734));
#8028=IFCCARTESIANPOINT((-31.82697016155,254.151745162904));
#8029=IFCCARTESIANPOINT((-31.8230773047253,254.15889919427));
#8030=IFCCARTESIANPOINT((-31.8194002315577,254.166141405702));
#8031=IFCCARTESIANPOINT((-31.8157231626392,254.173383620684));
#8032=IFCCARTESIANPOINT((-31.812261874642,254.180714013346));
#8033=IFCCARTESIANPOINT((-31.8086705524474,254.18802710803));
#8034=IFCCARTESIANPOINT((-31.8053393056034,254.195374804374));
#8035=IFCCARTESIANPOINT((-31.8020495161181,254.202846960805));
#8036=IFCCARTESIANPOINT((-31.7988040157652,254.210265536851));
#8037=IFCCARTESIANPOINT((-31.7956442646391,254.217754994694));
#8038=IFCCARTESIANPOINT((-31.7925702630309,254.225315334566));
#8039=IFCCARTESIANPOINT((-31.7896262978611,254.232892974338));
#8040=IFCCARTESIANPOINT((-31.7868123692169,254.240487913892));
#8041=IFCCARTESIANPOINT((-31.7839541528083,254.248136434995));
#8042=IFCCARTESIANPOINT((-31.7812702630472,254.255748676369));
#8043=IFCCARTESIANPOINT((-31.7786278344283,254.263485380972));
#8044=IFCCARTESIANPOINT((-31.7760296914785,254.271168502164));
#8045=IFCCARTESIANPOINT((-31.7736473364057,254.278939806856));
#8046=IFCCARTESIANPOINT((-31.7712649813911,254.28671111149));
#8047=IFCCARTESIANPOINT((-31.7690126657253,254.294499718526));
#8048=IFCCARTESIANPOINT((-31.7667603496229,254.302288324921));
#8049=IFCCARTESIANPOINT((-31.7647238167992,254.31016511115));
#8050=IFCCARTESIANPOINT((-31.7626872860419,254.31804189895));
#8051=IFCCARTESIANPOINT((-31.7607807926834,254.325935987406));
#8052=IFCCARTESIANPOINT((-31.7588742990338,254.333830075513));
#8053=IFCCARTESIANPOINT((-31.7571835908166,254.341812345199));
#8054=IFCCARTESIANPOINT((-31.7555371750495,254.349741036945));
#8055=IFCCARTESIANPOINT((-31.753976503649,254.357740606531));
#8056=IFCCARTESIANPOINT((-31.7524601265613,254.36568659998));
#8057=IFCCARTESIANPOINT((-31.7511595335673,254.373720773612));
#8058=IFCCARTESIANPOINT((-31.7498589399329,254.381754946895));
#8059=IFCCARTESIANPOINT((-31.7486026361585,254.389735540084));
#8060=IFCCARTESIANPOINT((-31.7475178285677,254.397857895179));
#8061=IFCCARTESIANPOINT((-31.7465216029959,254.405873092182));
#8062=IFCCARTESIANPOINT((-31.7456111221691,254.41395916749));
#8063=IFCCARTESIANPOINT((-31.7447006427974,254.422045243846));
#8064=IFCCARTESIANPOINT((-31.7439644905971,254.430095040996));
#8065=IFCCARTESIANPOINT((-31.7433140898647,254.438215721748));
#8066=IFCCARTESIANPOINT((-31.7427937227185,254.446353699779));
#8067=IFCCARTESIANPOINT((-31.7423176463053,254.454438098648));
#8068=IFCCARTESIANPOINT((-31.7419273188279,254.462593379139));
#8069=IFCCARTESIANPOINT((-31.7416255711869,254.470641499793));
#8070=IFCCARTESIANPOINT((-31.7414095699787,254.478760500031));
#8071=IFCCARTESIANPOINT((-31.7413236101565,254.486896804126));
#8072=IFCCARTESIANPOINT((-31.7412376462307,254.495033104788));
#8073=IFCCARTESIANPOINT((-31.4044073536643,257.306447589537));
#8074=IFCCARTESIANPOINT((-31.7244527031144,257.33398158109));
#8075=IFCCARTESIANPOINT((-38.4729628611822,257.954642497061));
#8076=IFCCARTESIANPOINT((-42.9531954862468,258.335196014435));
#8077=IFCCARTESIANPOINT((-53.7688912508602,258.991670006479));
#8078=IFCCARTESIANPOINT((-83.9657423807075,258.543958086753));
#8079=IFCCARTESIANPOINT((-96.6928122741228,257.432314875419));
#8080=IFCCARTESIANPOINT((-100.4976148938,256.881934006349));
#8081=IFCCARTESIANPOINT((-106.115240133571,256.372349404322));
#8082=IFCCARTESIANPOINT((-105.705480770819,253.770930758561));
#8083=IFCCARTESIANPOINT((-105.703768900508,253.76112795464));
#8084=IFCPOLYLINE((#7676,#7677,#7678,#7679,#7680,#7681,#7682,#7683,#7684,#7685,#7686,#7687,#7688,#7689,#7690,#7691,#7692,#7693,#7694,#7695,#7696,#7697,#7698,#7699,#7700,#7701,#7702,#7703,#7704,#7705,#7706,#7707,#7708,#7709,#7710,#7711,#7712,#7713,#7714,#7715,#7716,#7717,#7718,#7719,#7720,#7721,#7722,#7723,#7724,#7725,#7726,#7727,#7728,#7729,#7730,#7731,#7732,#7733,#7734,#7735,#7736,#7737,#7738,#7739,#7740,#7741,#7742,#7743,#7744,#7745,#7746,#7747,#7748,#7749,#7750,#7751,#7752,#7753,#7754,#7755,#7756,#7757,#7758,#7759,#7760,#7761,#7762,#7763,#7764,#7765,#7766,#7767,#7768,#7769,#7770,#7771,#7772,#7773,#7774,#7775,#7776,#7777,#7778,#7779,#7780,#7781,#7782,#7783,#7784,#7785,#7786,#7787,#7788,#7789,#7790,#7791,#7792,#7793,#7794,#7795,#7796,#7797,#7798,#7799,#7800,#7801,#7802,#7803,#7804,#7805,#7806,#7807,#7808,#7809,#7810,#7811,#7812,#7813,#7814,#7815,#7816,#7817,#7818,#7819,#7820,#7821,#7822,#7823,#7824,#7825,#7826,#7827,#7828,#7829,#7830,#7831,#7832,#7833,#7834,#7835,#7836,#7837,#7838,#7839,#7840,#7841,#7842,#7843,#7844,#7845,#7846,#7847,#7848,#7849,#7850,#7851,#7852,#7853,#7854,#7855,#7856,#7857,#7858,#7859,#7860,#7861,#7862,#7863,#7864,#7865,#7866,#7867,#7868,#7869,#7870,#7871,#7872,#7873,#7874,#7875,#7876,#7877,#7878,#7879,#7880,#7881,#7882,#7883,#7884,#7885,#7886,#7887,#7888,#7889,#7890,#7891,#7892,#7893,#7894,#7895,#7896,#7897,#7898,#7899,#7900,#7901,#7902,#7903,#7904,#7905,#7906,#7907,#7908,#7909,#7910,#7911,#7912,#7913,#7914,#7915,#7916,#7917,#7918,#7919,#7920,#7921,#7922,#7923,#7924,#7925,#7926,#7927,#7928,#7929,#7930,#7931,#7932,#7933,#7934,#7935,#7936,#7937,#7938,#7939,#7940,#7941,#7942,#7943,#7944,#7945,#7946,#7947,#7948,#7949,#7950,#7951,#7952,#7953,#7954,#7955,#7956,#7957,#7958,#7959,#7960,#7961,#7962,#7963,#7964,#7965,#7966,#7967,#7968,#7969,#7970,#7971,#7972,#7973,#7974,#7975,#7976,#7977,#7978,#7979,#7980,#7981,#7982,#7983,#7984,#7985,#7986,#7987,#7988,#7989,#7990,#7991,#7992,#7993,#7994,#7995,#7996,#7997,#7998,#7999,#8000,#8001,#8002,#8003,#8004,#8005,#8006,#8007,#8008,#8009,#8010,#8011,#8012,#8013,#8014,#8015,#8016,#8017,#8018,#8019,#8020,#8021,#8022,#8023,#8024,#8025,#8026,#8027,#8028,#8029,#8030,#8031,#8032,#8033,#8034,#8035,#8036,#8037,#8038,#8039,#8040,#8041,#8042,#8043,#8044,#8045,#8046,#8047,#8048,#8049,#8050,#8051,#8052,#8053,#8054,#8055,#8056,#8057,#8058,#8059,#8060,#8061,#8062,#8063,#8064,#8065,#8066,#8067,#8068,#8069,#8070,#8071,#8072,#8073,#8074,#8075,#8076,#8077,#8078,#8079,#8080,#8081,#8082,#8083));
#8085=IFCCARTESIANPOINT((11.7641540083569,242.226430333627));
#8086=IFCCARTESIANPOINT((22.4300525555445,241.357711760153));
#8087=IFCCARTESIANPOINT((19.8174561685591,246.135832643544));
#8088=IFCCARTESIANPOINT((-1.46557844016934,248.09518174181));
#8089=IFCCARTESIANPOINT((-28.7005029290158,250.390628948866));
#8090=IFCCARTESIANPOINT((-29.0150960265019,245.798676435894));
#8091=IFCCARTESIANPOINT((-2.42436119529884,243.382370618405));
#8092=IFCCARTESIANPOINT((8.66809089842718,242.478403578978));
#8093=IFCCARTESIANPOINT((11.7641540083569,242.226430333627));
#8094=IFCPOLYLINE((#8085,#8086,#8087,#8088,#8089,#8090,#8091,#8092,#8093));
#8095=IFCCARTESIANPOINT((60.187861817627,242.508887009928));
#8096=IFCCARTESIANPOINT((23.6427682226349,245.862798192189));
#8097=IFCCARTESIANPOINT((26.9276486206509,240.988757541345));
#8098=IFCCARTESIANPOINT((40.3566234799218,239.889396700892));
#8099=IFCCARTESIANPOINT((43.3483833138598,239.644657253695));
#8100=IFCCARTESIANPOINT((49.9365845091233,239.104776047752));
#8101=IFCCARTESIANPOINT((65.8912810320326,237.549287815986));
#8102=IFCCARTESIANPOINT((66.2398412195616,241.95347193419));
#8103=IFCCARTESIANPOINT((60.187861817627,242.508887009928));
#8104=IFCPOLYLINE((#8095,#8096,#8097,#8098,#8099,#8100,#8101,#8102,#8103));
#8105=IFCCARTESIANPOINT((20.6605860926502,250.112959392252));
#8106=IFCCARTESIANPOINT((20.6609966403048,250.100534423138));
#8107=IFCCARTESIANPOINT((20.6615372226515,250.088092157035));
#8108=IFCCARTESIANPOINT((20.6622521327517,250.075686172466));
#8109=IFCCARTESIANPOINT((20.6630556247255,250.06338734756));
#8110=IFCCARTESIANPOINT((20.6640306131158,250.05094676197));
#8111=IFCCARTESIANPOINT((20.6652242188866,250.038596038939));
#8112=IFCCARTESIANPOINT((20.6665035758342,250.026174432947));
#8113=IFCCARTESIANPOINT((20.6679157968028,250.013913573814));
#8114=IFCCARTESIANPOINT((20.669499520096,250.001510949398));
#8115=IFCCARTESIANPOINT((20.6711718219158,249.989215487265));
#8116=IFCCARTESIANPOINT((20.6730184504704,249.976956307248));
#8117=IFCCARTESIANPOINT((20.6749951188976,249.9646798264));
#8118=IFCCARTESIANPOINT((20.6771461158933,249.952439626271));
#8119=IFCCARTESIANPOINT((20.6793413987325,249.940253009961));
#8120=IFCCARTESIANPOINT((20.6817967608222,249.928031792108));
#8121=IFCCARTESIANPOINT((20.6843407049601,249.915917733684));
#8122=IFCCARTESIANPOINT((20.6870146856236,249.903786377108));
#8123=IFCCARTESIANPOINT((20.6898629942443,249.891691301658));
#8124=IFCCARTESIANPOINT((20.6928413423302,249.879578925669));
#8125=IFCCARTESIANPOINT((20.6959082695248,249.867573711381));
#8126=IFCCARTESIANPOINT((20.6991495265684,249.85560477688));
#8127=IFCCARTESIANPOINT((20.7025208189734,249.843618545041));
#8128=IFCCARTESIANPOINT((20.7060664403543,249.831668593513));
#8129=IFCCARTESIANPOINT((20.7097006414842,249.819825803454));
#8130=IFCCARTESIANPOINT((20.7134648803913,249.807965714019));
#8131=IFCCARTESIANPOINT((20.7174477384833,249.796195485396));
#8132=IFCCARTESIANPOINT((20.7214748890256,249.784478835238));
#8133=IFCCARTESIANPOINT((20.7256320744345,249.772744888265));
#8134=IFCCARTESIANPOINT((20.7300078785047,249.761100802571));
#8135=IFCCARTESIANPOINT((20.7344279729587,249.749510297144));
#8136=IFCCARTESIANPOINT((20.7390223953698,249.737956072902));
#8137=IFCCARTESIANPOINT((20.7437911460875,249.726438129379));
#8138=IFCCARTESIANPOINT((20.7486484774854,249.715027346683));
#8139=IFCCARTESIANPOINT((20.7536801385868,249.703652843542));
#8140=IFCCARTESIANPOINT((20.7587560871907,249.69233192323));
#8141=IFCCARTESIANPOINT((20.7640063623257,249.681047285208));
#8142=IFCCARTESIANPOINT((20.7693452201202,249.669869806268));
#8143=IFCCARTESIANPOINT((20.7748584055807,249.658728608571));
#8144=IFCCARTESIANPOINT((20.7805459181545,249.647623692814));
#8145=IFCCARTESIANPOINT((20.7862362651795,249.636696816306));
#8146=IFCCARTESIANPOINT((20.7921866848192,249.625735343725));
#8147=IFCCARTESIANPOINT((20.7981813937949,249.614827452286));
#8148=IFCCARTESIANPOINT((20.8043089763087,249.60408029973));
#8149=IFCCARTESIANPOINT((20.8105665972689,249.593315847276));
#8150=IFCCARTESIANPOINT((20.8169127963192,249.582658557803));
#8151=IFCCARTESIANPOINT((20.8234333247819,249.572037548118));
#8152=IFCCARTESIANPOINT((20.8300867212529,249.561577281973));
#8153=IFCCARTESIANPOINT((20.8368701571599,249.551099715114));
#8154=IFCCARTESIANPOINT((20.8436564234144,249.540800190996));
#8155=IFCCARTESIANPOINT((20.8507027666492,249.530466067139));
#8156=IFCCARTESIANPOINT((20.8577519421524,249.520309984218));
#8157=IFCCARTESIANPOINT((20.8649754450598,249.510190183122));
#8158=IFCCARTESIANPOINT((20.8722875281819,249.50017754297));
#8159=IFCCARTESIANPOINT((20.8797739408619,249.490201182605));
#8160=IFCCARTESIANPOINT((20.887348930788,249.480331985862));
#8161=IFCCARTESIANPOINT((20.8950125015399,249.470569949655));
#8162=IFCCARTESIANPOINT((20.9027646497707,249.460915076721));
#8163=IFCCARTESIANPOINT((20.9106911302952,249.451296481362));
#8164=IFCCARTESIANPOINT((20.9187061877165,249.441785049799));
#8165=IFCCARTESIANPOINT((20.9268098254979,249.432380779239));
#8166=IFCCARTESIANPOINT((20.9350463334995,249.423137250124));
#8167=IFCCARTESIANPOINT((20.9434128786379,249.413876422564));
#8168=IFCCARTESIANPOINT((20.9518680080364,249.404722752573));
#8169=IFCCARTESIANPOINT((20.9603259639407,249.39574712835));
#8170=IFCCARTESIANPOINT((20.968958251382,249.386807782459));
#8171=IFCCARTESIANPOINT((20.977723404736,249.378029181622));
#8172=IFCCARTESIANPOINT((20.9866185995925,249.369233278732));
#8173=IFCCARTESIANPOINT((20.9955166249129,249.360615418118));
#8174=IFCCARTESIANPOINT((21.0046332700585,249.352087417908));
#8175=IFCCARTESIANPOINT((21.0137084535381,249.343683881511));
#8176=IFCCARTESIANPOINT((21.0230022541655,249.335370207496));
#8177=IFCCARTESIANPOINT((21.0322545994131,249.327180991881));
#8178=IFCCARTESIANPOINT((21.0417255627981,249.319081638183));
#8179=IFCCARTESIANPOINT((21.0512851038657,249.311089447525));
#8180=IFCCARTESIANPOINT((21.0608031893789,249.303221715556));
#8181=IFCCARTESIANPOINT((21.070539890643,249.295443847135));
#8182=IFCCARTESIANPOINT((21.0803651716851,249.287773140182));
#8183=IFCCARTESIANPOINT((21.0901932857523,249.2802804737));
#8184=IFCCARTESIANPOINT((21.1001957248664,249.272824090905));
#8185=IFCCARTESIANPOINT((21.1102009991882,249.265545746719));
#8186=IFCCARTESIANPOINT((21.1203806003323,249.258303684648));
#8187=IFCCARTESIANPOINT((21.1305630323186,249.251239664736));
#8188=IFCCARTESIANPOINT((21.1408340423077,249.244282808038));
#8189=IFCCARTESIANPOINT((21.1511936342868,249.237433110713));
#8190=IFCCARTESIANPOINT((21.1616418070917,249.230690573982));
#8191=IFCCARTESIANPOINT((21.1722228478466,249.224108780792));
#8192=IFCCARTESIANPOINT((21.1827624326106,249.217651446757));
#8193=IFCCARTESIANPOINT((21.1934763426252,249.211230396118));
#8194=IFCCARTESIANPOINT((21.2042373740987,249.205040967732));
#8195=IFCCARTESIANPOINT((21.2150426972075,249.198905118799));
#8196=IFCCARTESIANPOINT((21.2258508514205,249.192947311793));
#8197=IFCCARTESIANPOINT((21.2368776202202,249.187079369498));
#8198=IFCCARTESIANPOINT((21.2478629329707,249.1813358863));
#8199=IFCCARTESIANPOINT((21.2589811191719,249.175753142103));
#8200=IFCCARTESIANPOINT((21.2701435892377,249.170223983645));
#8201=IFCCARTESIANPOINT((21.2813088944822,249.164872863737));
#8202=IFCCARTESIANPOINT((21.292607067473,249.159682487778));
#8203=IFCCARTESIANPOINT((21.303949530964,249.154545692087));
#8204=IFCCARTESIANPOINT((60.4895791315066,245.581867837522));
#8205=IFCCARTESIANPOINT((66.6035556409915,245.024452233105));
#8206=IFCCARTESIANPOINT((66.6102707287355,245.031528338382));
#8207=IFCCARTESIANPOINT((66.6170301059319,245.0386580255));
#8208=IFCCARTESIANPOINT((66.6235736956296,245.04587589117));
#8209=IFCCARTESIANPOINT((66.6302030326042,245.05302287807));
#8210=IFCCARTESIANPOINT((66.6367051614216,245.060365206737));
#8211=IFCCARTESIANPOINT((66.6431630036386,245.067653951352));
#8212=IFCCARTESIANPOINT((66.6495350941841,245.075013578171));
#8213=IFCCARTESIANPOINT((66.6559514751425,245.082426786073));
#8214=IFCCARTESIANPOINT((66.6622378180909,245.089857291838));
#8215=IFCCARTESIANPOINT((66.6684827010322,245.097412260016));
#8216=IFCCARTESIANPOINT((66.6746832964418,245.104913644784));
#8217=IFCCARTESIANPOINT((66.680842429836,245.112539493421));
#8218=IFCCARTESIANPOINT((66.6868715263263,245.120182639221));
#8219=IFCCARTESIANPOINT((66.6929449118907,245.127879366919));
#8220=IFCCARTESIANPOINT((66.6988882603764,245.135593392188));
#8221=IFCCARTESIANPOINT((66.7048316065629,245.143307419086));
#8222=IFCCARTESIANPOINT((66.7106477476482,245.151216785365));
#8223=IFCCARTESIANPOINT((66.7165053439094,245.159001693246));
#8224=IFCCARTESIANPOINT((66.7221914431138,245.166928360646));
#8225=IFCCARTESIANPOINT((66.7278775444138,245.174855026125));
#8226=IFCCARTESIANPOINT((66.7334778961667,245.182852572412));
#8227=IFCCARTESIANPOINT((66.7390782480652,245.190850118466));
#8228=IFCCARTESIANPOINT((66.7445928494562,245.198918546026));
#8229=IFCCARTESIANPOINT((66.7500217043853,245.207057851483));
#8230=IFCCARTESIANPOINT((66.7554505585285,245.215197157639));
#8231=IFCCARTESIANPOINT((66.7607493729738,245.223353763169));
#8232=IFCCARTESIANPOINT((66.7660067278484,245.23163483059));
#8233=IFCCARTESIANPOINT((66.7712197944929,245.23986231524));
#8234=IFCCARTESIANPOINT((66.7763471118524,245.248160680174));
#8235=IFCCARTESIANPOINT((66.781474428979,245.256459045399));
#8236=IFCCARTESIANPOINT((66.7865159967041,245.264828291023));
#8237=IFCCARTESIANPOINT((66.7914718162792,245.273268416116));
#8238=IFCCARTESIANPOINT((66.7962975963019,245.281725840527));
#8239=IFCCARTESIANPOINT((66.8011676688038,245.290236843983));
#8240=IFCCARTESIANPOINT((66.8059934487392,245.298694268451));
#8241=IFCCARTESIANPOINT((66.8106477311521,245.307293452614));
#8242=IFCCARTESIANPOINT((66.815302013827,245.315892636718));
#8243=IFCCARTESIANPOINT((66.8199120046629,245.324438241078));
#8244=IFCCARTESIANPOINT((66.8244805397117,245.33310830401));
#8245=IFCCARTESIANPOINT((66.828919034946,245.341795666551));
#8246=IFCCARTESIANPOINT((66.8332717781013,245.350553911587));
#8247=IFCCARTESIANPOINT((66.8376245287072,245.359312150569));
#8248=IFCCARTESIANPOINT((66.8419329836906,245.36801681295));
#8249=IFCCARTESIANPOINT((66.8460699419084,245.376863234502));
#8250=IFCCARTESIANPOINT((66.8502069003589,245.385709655762));
#8251=IFCCARTESIANPOINT((66.8543438588385,245.394556077139));
#8252=IFCCARTESIANPOINT((66.8583093194175,245.403544258501));
#8253=IFCCARTESIANPOINT((66.8623162377917,245.412407979602));
#8254=IFCCARTESIANPOINT((66.8661516611755,245.421413458302));
#8255=IFCCARTESIANPOINT((66.8699427916727,245.430365358188));
#8256=IFCCARTESIANPOINT((66.8736924653058,245.439441717521));
#8257=IFCCARTESIANPOINT((66.8773978483223,245.448464496352));
#8258=IFCCARTESIANPOINT((66.8809731899819,245.457504575781));
#8259=IFCCARTESIANPOINT((66.8845928240044,245.466598234547));
#8260=IFCCARTESIANPOINT((66.8880824194348,245.475709191756));
#8261=IFCCARTESIANPOINT((66.8914862659585,245.484891029075));
#8262=IFCCARTESIANPOINT((66.8947600742395,245.494090164546));
#8263=IFCCARTESIANPOINT((66.8981196305249,245.503218420607));
#8264=IFCCARTESIANPOINT((66.901307689026,245.512488436827));
#8265=IFCCARTESIANPOINT((66.9044514561829,245.521704872779));
#8266=IFCCARTESIANPOINT((66.9075094751024,245.530992188316));
#8267=IFCCARTESIANPOINT((66.9105674962921,245.540279501816));
#8268=IFCCARTESIANPOINT((66.9134954752226,245.549584116903));
#8269=IFCCARTESIANPOINT((66.9163377092627,245.558959608607));
#8270=IFCCARTESIANPOINT((66.9191356501251,245.56828152173));
#8271=IFCCARTESIANPOINT((66.9218478420808,245.577674314845));
#8272=IFCCARTESIANPOINT((66.9245600364811,245.587067105982));
#8273=IFCCARTESIANPOINT((66.9271421901358,245.596477197309));
#8274=IFCCARTESIANPOINT((66.9296800538723,245.605833707261));
#8275=IFCCARTESIANPOINT((66.9320907088986,245.615385559388));
#8276=IFCCARTESIANPOINT((66.9345428272209,245.62481294648));
#8277=IFCCARTESIANPOINT((66.9368649039825,245.634257634403));
#8278=IFCCARTESIANPOINT((66.9391012286942,245.64377320488));
#8279=IFCCARTESIANPOINT((66.9412518077297,245.653359652904));
#8280=IFCCARTESIANPOINT((66.9433580969635,245.662892519438));
#8281=IFCCARTESIANPOINT((66.9454200960172,245.672371804714));
#8282=IFCCARTESIANPOINT((66.9473963478522,245.681921968702));
#8283=IFCCARTESIANPOINT((66.9492868468224,245.691543015884));
#8284=IFCCARTESIANPOINT((66.9511330590176,245.701110479247));
#8285=IFCCARTESIANPOINT((66.9528935202688,245.710748824116));
#8286=IFCCARTESIANPOINT((66.9546096905833,245.720333588542));
#8287=IFCCARTESIANPOINT((66.9561958244594,245.729935649724));
#8288=IFCCARTESIANPOINT((66.9577404990268,245.739662172389));
#8289=IFCCARTESIANPOINT((66.9591965935251,245.749281532655));
#8290=IFCCARTESIANPOINT((66.9605669380107,245.758971773728));
#8291=IFCCARTESIANPOINT((66.9619372868037,245.768662011193));
#8292=IFCCARTESIANPOINT((66.96326334076,245.778298671416));
#8293=IFCCARTESIANPOINT((66.964373607887,245.788023509725));
#8294=IFCCARTESIANPOINT((66.9655696249392,245.797677466937));
#8295=IFCCARTESIANPOINT((66.9665498541435,245.807419602934));
#8296=IFCCARTESIANPOINT((66.9675300816598,245.817161740502));
#8297=IFCCARTESIANPOINT((66.9684660209168,245.826850295009));
#8298=IFCCARTESIANPOINT((66.9692719200684,245.836556149356));
#8299=IFCCARTESIANPOINT((66.9700778219558,245.846262001549));
#8300=IFCCARTESIANPOINT((66.970797971182,245.856038736878));
#8301=IFCCARTESIANPOINT((66.9713880857744,245.865832767216));
#8302=IFCCARTESIANPOINT((66.9719339075964,245.875573218684));
#8303=IFCCARTESIANPOINT((66.9724354401988,245.885260088078));
#8304=IFCCARTESIANPOINT((66.9728512241563,245.895017837291));
#8305=IFCCARTESIANPOINT((67.3413439999858,248.619228307914));
#8306=IFCCARTESIANPOINT((59.500184070348,249.334799094417));
#8307=IFCCARTESIANPOINT((56.3830602318922,249.606848800031));
#8308=IFCCARTESIANPOINT((26.7783866258105,252.247325060016));
#8309=IFCCARTESIANPOINT((22.9117155049462,252.590979816392));
#8310=IFCCARTESIANPOINT((20.921611630969,252.735777025169));
#8311=IFCCARTESIANPOINT((20.6603055894666,250.125367056753));
#8312=IFCCARTESIANPOINT((20.6605860926502,250.112959392252));
#8313=IFCPOLYLINE((#8105,#8106,#8107,#8108,#8109,#8110,#8111,#8112,#8113,#8114,#8115,#8116,#8117,#8118,#8119,#8120,#8121,#8122,#8123,#8124,#8125,#8126,#8127,#8128,#8129,#8130,#8131,#8132,#8133,#8134,#8135,#8136,#8137,#8138,#8139,#8140,#8141,#8142,#8143,#8144,#8145,#8146,#8147,#8148,#8149,#8150,#8151,#8152,#8153,#8154,#8155,#8156,#8157,#8158,#8159,#8160,#8161,#8162,#8163,#8164,#8165,#8166,#8167,#8168,#8169,#8170,#8171,#8172,#8173,#8174,#8175,#8176,#8177,#8178,#8179,#8180,#8181,#8182,#8183,#8184,#8185,#8186,#8187,#8188,#8189,#8190,#8191,#8192,#8193,#8194,#8195,#8196,#8197,#8198,#8199,#8200,#8201,#8202,#8203,#8204,#8205,#8206,#8207,#8208,#8209,#8210,#8211,#8212,#8213,#8214,#8215,#8216,#8217,#8218,#8219,#8220,#8221,#8222,#8223,#8224,#8225,#8226,#8227,#8228,#8229,#8230,#8231,#8232,#8233,#8234,#8235,#8236,#8237,#8238,#8239,#8240,#8241,#8242,#8243,#8244,#8245,#8246,#8247,#8248,#8249,#8250,#8251,#8252,#8253,#8254,#8255,#8256,#8257,#8258,#8259,#8260,#8261,#8262,#8263,#8264,#8265,#8266,#8267,#8268,#8269,#8270,#8271,#8272,#8273,#8274,#8275,#8276,#8277,#8278,#8279,#8280,#8281,#8282,#8283,#8284,#8285,#8286,#8287,#8288,#8289,#8290,#8291,#8292,#8293,#8294,#8295,#8296,#8297,#8298,#8299,#8300,#8301,#8302,#8303,#8304,#8305,#8306,#8307,#8308,#8309,#8310,#8311,#8312));
#8314=IFCCARTESIANPOINT((17.3426044254447,249.5294753692));
#8315=IFCCARTESIANPOINT((17.3503240122518,249.536893523822));
#8316=IFCCARTESIANPOINT((17.3580021396629,249.544436140393));
#8317=IFCCARTESIANPOINT((17.3656802667538,249.551978757139));
#8318=IFCCARTESIANPOINT((17.3732726445014,249.5595922551));
#8319=IFCCARTESIANPOINT((17.3808650252467,249.567205750558));
#8320=IFCCARTESIANPOINT((17.3882859089936,249.574961007165));
#8321=IFCCARTESIANPOINT((17.3957925393188,249.582645384653));
#8322=IFCCARTESIANPOINT((17.4031276780879,249.590471518808));
#8323=IFCCARTESIANPOINT((17.4105928473582,249.5982803597));
#8324=IFCCARTESIANPOINT((17.4178422345722,249.606177376758));
#8325=IFCCARTESIANPOINT((17.4250916216115,249.614074394165));
#8326=IFCCARTESIANPOINT((17.4322995476832,249.622095874569));
#8327=IFCCARTESIANPOINT((17.4394631834875,249.630063774704));
#8328=IFCCARTESIANPOINT((17.4465853635629,249.638156133646));
#8329=IFCCARTESIANPOINT((17.4536632540985,249.646194911562));
#8330=IFCCARTESIANPOINT((17.4606996834918,249.654358152824));
#8331=IFCCARTESIANPOINT((17.4676918230543,249.662467813352));
#8332=IFCCARTESIANPOINT((17.4745567556529,249.670772815356));
#8333=IFCCARTESIANPOINT((17.4815074373328,249.679006936436));
#8334=IFCCARTESIANPOINT((17.4882423324161,249.687329237582));
#8335=IFCCARTESIANPOINT((17.4950215182034,249.69570511888));
#8336=IFCCARTESIANPOINT((17.501756413636,249.704027419852));
#8337=IFCCARTESIANPOINT((17.5084498499928,249.71247418219));
#8338=IFCCARTESIANPOINT((17.5150132462441,249.720938246057));
#8339=IFCCARTESIANPOINT((17.5216209354403,249.729455887806));
#8340=IFCCARTESIANPOINT((17.528098583105,249.737990832131));
#8341=IFCCARTESIANPOINT((17.5346205221722,249.746579355793));
#8342=IFCCARTESIANPOINT((17.5410124229675,249.755185179238));
#8343=IFCCARTESIANPOINT((17.5473628678301,249.763915461663));
#8344=IFCCARTESIANPOINT((17.5536690187291,249.772592166846));
#8345=IFCCARTESIANPOINT((17.5598894224386,249.781339751324));
#8346=IFCCARTESIANPOINT((17.5661098259152,249.790087336092));
#8347=IFCCARTESIANPOINT((17.5722444802814,249.798905801727));
#8348=IFCCARTESIANPOINT((17.5782933875744,249.807795146888));
#8349=IFCCARTESIANPOINT((17.5843422923354,249.81668449397));
#8350=IFCCARTESIANPOINT((17.5903911995993,249.825573839073));
#8351=IFCCARTESIANPOINT((17.5962686122803,249.834604943171));
#8352=IFCCARTESIANPOINT((17.60218748037,249.843511588697));
#8353=IFCCARTESIANPOINT((17.607979141816,249.852613575582));
#8354=IFCCARTESIANPOINT((17.6137265106954,249.861661983945));
#8355=IFCCARTESIANPOINT((17.6194324268436,249.870834848552));
#8356=IFCCARTESIANPOINT((17.6250940460013,249.879954138363));
#8357=IFCCARTESIANPOINT((17.6307556708052,249.889073423692));
#8358=IFCCARTESIANPOINT((17.636245797883,249.898334470403));
#8359=IFCCARTESIANPOINT((17.6416916310263,249.907541939872));
#8360=IFCCARTESIANPOINT((17.6471817587153,249.916802986118));
#8361=IFCCARTESIANPOINT((17.65254184691,249.926081333135));
#8362=IFCCARTESIANPOINT((17.6578604755923,249.935484142043));
#8363=IFCCARTESIANPOINT((17.6631348139199,249.944833370682));
#8364=IFCCARTESIANPOINT((17.6683234040684,249.954253479606));
#8365=IFCCARTESIANPOINT((17.6735119930527,249.96367358946));
#8366=IFCCARTESIANPOINT((17.6785705458897,249.973110997234));
#8367=IFCCARTESIANPOINT((17.6835876399709,249.982672866259));
#8368=IFCCARTESIANPOINT((17.6885604409326,249.992181157286));
#8369=IFCCARTESIANPOINT((17.6934474989248,250.001760324289));
#8370=IFCCARTESIANPOINT((17.6983345522603,250.011339495075));
#8371=IFCCARTESIANPOINT((17.7030915682262,250.020935964829));
#8372=IFCCARTESIANPOINT((17.7078928749252,250.03058601456));
#8373=IFCCARTESIANPOINT((17.712564144138,250.040253363433));
#8374=IFCCARTESIANPOINT((17.7171496633673,250.049991593929));
#8375=IFCCARTESIANPOINT((17.7216908909322,250.059676245262));
#8376=IFCCARTESIANPOINT((17.7262764109473,250.069414475118));
#8377=IFCCARTESIANPOINT((17.7306461442204,250.079240885272));
#8378=IFCCARTESIANPOINT((17.7351016245375,250.0889964159));
#8379=IFCCARTESIANPOINT((17.739385610359,250.098893705697));
#8380=IFCCARTESIANPOINT((17.7436253039923,250.108737416391));
#8381=IFCCARTESIANPOINT((17.747864998033,250.118581127026));
#8382=IFCCARTESIANPOINT((17.7520189418574,250.1284957194));
#8383=IFCCARTESIANPOINT((17.7560871418391,250.138481188507));
#8384=IFCCARTESIANPOINT((17.7601110487303,250.148413079616));
#8385=IFCCARTESIANPOINT((17.764049206482,250.158415851591));
#8386=IFCCARTESIANPOINT((17.7679873645247,250.168418623332));
#8387=IFCCARTESIANPOINT((17.7718397748249,250.178492275008));
#8388=IFCCARTESIANPOINT((17.7756478959345,250.188512345427));
#8389=IFCCARTESIANPOINT((17.7793702689523,250.198603295896));
#8390=IFCCARTESIANPOINT((17.7829626009625,250.208711548359));
#8391=IFCCARTESIANPOINT((17.7865992246661,250.218873380101));
#8392=IFCCARTESIANPOINT((17.7901915566472,250.228981632565));
#8393=IFCCARTESIANPOINT((17.7935681041272,250.239178063348));
#8394=IFCCARTESIANPOINT((17.7970746886858,250.249357195396));
#8395=IFCCARTESIANPOINT((17.8003211971081,250.259570926661));
#8396=IFCCARTESIANPOINT((17.803697743977,250.269767357793));
#8397=IFCCARTESIANPOINT((17.8068585005531,250.280051972193));
#8398=IFCCARTESIANPOINT((17.8100192633865,250.290336581471));
#8399=IFCCARTESIANPOINT((17.8131800220872,250.300621194008));
#8400=IFCCARTESIANPOINT((17.8162107413809,250.310923107318));
#8401=IFCCARTESIANPOINT((17.8191557153768,250.321295898349));
#8402=IFCCARTESIANPOINT((17.8220563977084,250.331615110335));
#8403=IFCCARTESIANPOINT((17.8249570780608,250.341934323777));
#8404=IFCCARTESIANPOINT((17.8277720120677,250.352324415988));
#8405=IFCCARTESIANPOINT((17.8304569079482,250.362731807632));
#8406=IFCCARTESIANPOINT((17.8331418054004,250.373139197996));
#8407=IFCCARTESIANPOINT((17.8356966633291,250.383563889365));
#8408=IFCCARTESIANPOINT((17.8382515194535,250.393988581898));
#8409=IFCCARTESIANPOINT((17.8407206284755,250.4044841539));
#8410=IFCCARTESIANPOINT((17.8431454501406,250.41492614313));
#8411=IFCCARTESIANPOINT((17.8454845174856,250.425439017534));
#8412=IFCCARTESIANPOINT((17.8477792991034,250.435898307886));
#8413=IFCCARTESIANPOINT((18.0940041590948,252.941976396192));
#8414=IFCCARTESIANPOINT((1.61093279984198,254.141707635776));
#8415=IFCCARTESIANPOINT((-14.2884824049834,255.850062954298));
#8416=IFCCARTESIANPOINT((-21.059000175941,256.417546454468));
#8417=IFCCARTESIANPOINT((-27.9607689871627,257.013265630638));
#8418=IFCCARTESIANPOINT((-28.2353716566286,254.57484956726));
#8419=IFCCARTESIANPOINT((-28.1049945515988,253.647513780568));
#8420=IFCCARTESIANPOINT((-27.6744651833433,253.449284012488));
#8421=IFCCARTESIANPOINT((17.334840546624,249.522003635764));
#8422=IFCCARTESIANPOINT((17.3426044254447,249.5294753692));
#8423=IFCPOLYLINE((#8314,#8315,#8316,#8317,#8318,#8319,#8320,#8321,#8322,#8323,#8324,#8325,#8326,#8327,#8328,#8329,#8330,#8331,#8332,#8333,#8334,#8335,#8336,#8337,#8338,#8339,#8340,#8341,#8342,#8343,#8344,#8345,#8346,#8347,#8348,#8349,#8350,#8351,#8352,#8353,#8354,#8355,#8356,#8357,#8358,#8359,#8360,#8361,#8362,#8363,#8364,#8365,#8366,#8367,#8368,#8369,#8370,#8371,#8372,#8373,#8374,#8375,#8376,#8377,#8378,#8379,#8380,#8381,#8382,#8383,#8384,#8385,#8386,#8387,#8388,#8389,#8390,#8391,#8392,#8393,#8394,#8395,#8396,#8397,#8398,#8399,#8400,#8401,#8402,#8403,#8404,#8405,#8406,#8407,#8408,#8409,#8410,#8411,#8412,#8413,#8414,#8415,#8416,#8417,#8418,#8419,#8420,#8421,#8422));
#8424=IFCARBITRARYPROFILEDEFWITHVOIDS(.AREA.,$,#7271,(#7675,#8084,#8094,#8104,#8313,#8423));
#8425=IFCEXTRUDEDAREASOLID(#8424,#6342,#6343,0.1);
#8426=IFCCARTESIANPOINT((0.,0.,0.));
#8427=IFCDIRECTION((0.,0.,1.));
#8428=IFCDIRECTION((1.,0.,0.));
#8429=IFCAXIS2PLACEMENT3D(#8426,#8427,#8428);
#8430=IFCDIRECTION((0.,0.,1.));
#8431=IFCCARTESIANPOINT((238.471158969885,124.283143103181));
#8432=IFCCARTESIANPOINT((234.736522587453,124.264223928622));
#8433=IFCCARTESIANPOINT((234.40781204091,129.104753390595));
#8434=IFCCARTESIANPOINT((234.310522434855,130.538477305265));
#8435=IFCCARTESIANPOINT((238.286425958766,127.244996421214));
#8436=IFCCARTESIANPOINT((238.471158969885,124.283143103181));
#8437=IFCPOLYLINE((#8431,#8432,#8433,#8434,#8435,#8436));
#8438=IFCARBITRARYCLOSEDPROFILEDEF(.AREA.,$,#8437);
#8439=IFCEXTRUDEDAREASOLID(#8438,#8429,#8430,0.1);
#8440=IFCCARTESIANPOINT((0.,0.,0.));
#8441=IFCDIRECTION((0.,0.,1.));
#8442=IFCDIRECTION((1.,0.,0.));
#8443=IFCAXIS2PLACEMENT3D(#8440,#8441,#8442);
#8444=IFCDIRECTION((0.,0.,1.));
#8445=IFCCARTESIANPOINT((239.79305261164,124.289317510149));
#8446=IFCCARTESIANPOINT((239.797710012441,125.993108614697));
#8447=IFCCARTESIANPOINT((241.842187401286,124.29954458389));
#8448=IFCCARTESIANPOINT((239.79305261164,124.289317510149));
#8449=IFCPOLYLINE((#8445,#8446,#8447,#8448));
#8450=IFCARBITRARYCLOSEDPROFILEDEF(.AREA.,$,#8449);
#8451=IFCEXTRUDEDAREASOLID(#8450,#8443,#8444,0.1);
#8452=IFCSHAPEREPRESENTATION(#11,'Body','SweptSolid',(#8425,#8439,#8451));
#8453=IFCPRODUCTDEFINITIONSHAPE($,$,(#8452));
#8454=IFCSLAB('2O4rITLKHCshlsiydDGimC',#5,'NL.IMRO.0772.EP4564681028-00',$,$,#6338,#8453,$,.NOTDEFINED.);
#8455=IFCSTYLEDITEM(#8425,(#1443),$);
#8456=IFCSTYLEDITEM(#8439,(#1443),$);
#8457=IFCSTYLEDITEM(#8451,(#1443),$);
#8458=IFCPROPERTYSINGLEVALUE('plan_id',$,IFCTEXT('NL.IMRO.0772.80373-0301'),$);
#8459=IFCPROPERTYSINGLEVALUE('plan_naam',$,IFCTEXT('Deelgebieden Woensel-Zuid 2021'),$);
#8460=IFCPROPERTYSINGLEVALUE('id',$,IFCTEXT('NL.IMRO.0772.EP4564681028-00'),$);
#8461=IFCPROPERTYSINGLEVALUE('naam',$,IFCTEXT('Verkeer - Verblijfsgebied'),$);
#8462=IFCPROPERTYSINGLEVALUE('bestemmingshoofdgroep',$,IFCTEXT('verkeer'),$);
#8463=IFCPROPERTYSINGLEVALUE('verwijzing_naar_tekst',$,IFCTEXT('https://www.ruimtelijkeplannen.nl/documents/NL.IMRO.0772.80373-0301/pt_NL.IMRO.0772.80373-0301.xml#NL.IMRO.PT.s378'),$);
#8464=IFCPROPERTYSINGLEVALUE('plan_dossierstatus',$,IFCTEXT('geheel onherroepelijk in werking'),$);
#8465=IFCPROPERTYSINGLEVALUE('plan_besluitnummer',$,IFCTEXT('22bst01409'),$);
#8466=IFCPROPERTYSINGLEVALUE('type_planobject',$,IFCTEXT('enkelbestemming'),$);
#8467=IFCPROPERTYSET('3dp$eddLj4MPWR_WbER1Fw',#5,'CPset_DSO-Enkelbestemming',$,(#8458,#8459,#8460,#8461,#8462,#8463,#8464,#8465,#8466));
#8468=IFCRELDEFINESBYPROPERTIES('3TFCz9$o9FyPHS47Z1ZPor',#5,$,$,(#8454),#8467);
#8469=IFCCARTESIANPOINT((0.,0.,-0.1));
#8470=IFCDIRECTION((0.,0.,1.));
#8471=IFCDIRECTION((1.,0.,0.));
#8472=IFCAXIS2PLACEMENT3D(#8469,#8470,#8471);
#8473=IFCLOCALPLACEMENT(#37,#8472);
#8474=IFCCARTESIANPOINT((0.,0.,0.));
#8475=IFCDIRECTION((0.,0.,1.));
#8476=IFCDIRECTION((1.,0.,0.));
#8477=IFCAXIS2PLACEMENT3D(#8474,#8475,#8476);
#8478=IFCDIRECTION((0.,0.,1.));
#8479=IFCCARTESIANPOINT((101.570876842423,234.426642472798));
#8480=IFCCARTESIANPOINT((98.5697672734677,234.696024387144));
#8481=IFCCARTESIANPOINT((73.7738282358914,236.922894227842));
#8482=IFCCARTESIANPOINT((70.7942336219712,237.190024896641));
#8483=IFCCARTESIANPOINT((68.8961098687723,237.361227252462));
#8484=IFCCARTESIANPOINT((69.3189463579038,241.677860121767));
#8485=IFCCARTESIANPOINT((103.872933535633,238.587805721734));
#8486=IFCCARTESIANPOINT((109.787131182122,233.688718815742));
#8487=IFCCARTESIANPOINT((101.570876842423,234.426642472798));
#8488=IFCPOLYLINE((#8479,#8480,#8481,#8482,#8483,#8484,#8485,#8486,#8487));
#8489=IFCARBITRARYCLOSEDPROFILEDEF(.AREA.,$,#8488);
#8490=IFCEXTRUDEDAREASOLID(#8489,#8477,#8478,0.1);
#8491=IFCSHAPEREPRESENTATION(#11,'Body','SweptSolid',(#8490));
#8492=IFCPRODUCTDEFINITIONSHAPE($,$,(#8491));
#8493=IFCSLAB('1QpLluP750LeGMDsPn6A67',#5,'NL.IMRO.0772.EP134476441299-00',$,$,#8473,#8492,$,.NOTDEFINED.);
#8494=IFCSTYLEDITEM(#8490,(#3319),$);
#8495=IFCPROPERTYSINGLEVALUE('plan_id',$,IFCTEXT('NL.IMRO.0772.80373-0301'),$);
#8496=IFCPROPERTYSINGLEVALUE('plan_naam',$,IFCTEXT('Deelgebieden Woensel-Zuid 2021'),$);
#8497=IFCPROPERTYSINGLEVALUE('id',$,IFCTEXT('NL.IMRO.0772.EP134476441299-00'),$);
#8498=IFCPROPERTYSINGLEVALUE('naam',$,IFCTEXT('Groen'),$);
#8499=IFCPROPERTYSINGLEVALUE('bestemmingshoofdgroep',$,IFCTEXT('groen'),$);
#8500=IFCPROPERTYSINGLEVALUE('verwijzing_naar_tekst',$,IFCTEXT('https://www.ruimtelijkeplannen.nl/documents/NL.IMRO.0772.80373-0301/pt_NL.IMRO.0772.80373-0301.xml#NL.IMRO.PT.s328'),$);
#8501=IFCPROPERTYSINGLEVALUE('plan_dossierstatus',$,IFCTEXT('geheel onherroepelijk in werking'),$);
#8502=IFCPROPERTYSINGLEVALUE('plan_besluitnummer',$,IFCTEXT('22bst01409'),$);
#8503=IFCPROPERTYSINGLEVALUE('type_planobject',$,IFCTEXT('enkelbestemming'),$);
#8504=IFCPROPERTYSET('0FQlrpPFf6PB5aXeYaEnqy',#5,'CPset_DSO-Enkelbestemming',$,(#8495,#8496,#8497,#8498,#8499,#8500,#8501,#8502,#8503));
#8505=IFCRELDEFINESBYPROPERTIES('2iWZjW5_90tQPwgYsiBD7i',#5,$,$,(#8493),#8504);
#8506=IFCCARTESIANPOINT((0.,0.,-0.1));
#8507=IFCDIRECTION((0.,0.,1.));
#8508=IFCDIRECTION((1.,0.,0.));
#8509=IFCAXIS2PLACEMENT3D(#8506,#8507,#8508);
#8510=IFCLOCALPLACEMENT(#37,#8509);
#8511=IFCCARTESIANPOINT((0.,0.,0.));
#8512=IFCDIRECTION((0.,0.,1.));
#8513=IFCDIRECTION((1.,0.,0.));
#8514=IFCAXIS2PLACEMENT3D(#8511,#8512,#8513);
#8515=IFCDIRECTION((0.,0.,1.));
#8516=IFCCARTESIANPOINT((70.1517985030951,244.653723556956));
#8517=IFCCARTESIANPOINT((70.1453626810398,244.661478572816));
#8518=IFCCARTESIANPOINT((70.1389711467782,244.669287171972));
#8519=IFCCARTESIANPOINT((70.1325796166493,244.677095767576));
#8520=IFCCARTESIANPOINT((70.1262766627187,244.685011528956));
#8521=IFCCARTESIANPOINT((70.1200180012383,244.692980869731));
#8522=IFCCARTESIANPOINT((70.1138450870931,244.700879331853));
#8523=IFCCARTESIANPOINT((70.1076307133189,244.708902255807));
#8524=IFCCARTESIANPOINT((70.1015906716639,244.716961459897));
#8525=IFCCARTESIANPOINT((70.0955506280588,244.725020665501));
#8526=IFCCARTESIANPOINT((70.0895548738772,244.733133452886));
#8527=IFCCARTESIANPOINT((70.0836034104286,244.741299821006));
#8528=IFCCARTESIANPOINT((70.0777405248664,244.749573353503));
#8529=IFCCARTESIANPOINT((70.071963393304,244.75777600205));
#8530=IFCCARTESIANPOINT((70.0661862572015,244.765978654032));
#8531=IFCCARTESIANPOINT((70.0604119534255,244.774359347706));
#8532=IFCCARTESIANPOINT((70.0547676880087,244.782722743286));
#8533=IFCCARTESIANPOINT((70.0491677149548,244.791139718262));
#8534=IFCCARTESIANPOINT((70.043653488945,244.799485814641));
#8535=IFCCARTESIANPOINT((70.0381420932536,244.808009954344));
#8536=IFCCARTESIANPOINT((70.032716447633,244.816463213123));
#8537=IFCCARTESIANPOINT((70.0273793820816,244.825023634359));
#8538=IFCCARTESIANPOINT((70.0220423141727,244.833584057807));
#8539=IFCCARTESIANPOINT((70.0167495391215,244.842198060127));
#8540=IFCCARTESIANPOINT((70.0115010512818,244.850865645974));
#8541=IFCCARTESIANPOINT((70.0063826033438,244.859515932272));
#8542=IFCCARTESIANPOINT((70.0013084459933,244.868219799653));
#8543=IFCCARTESIANPOINT((69.9962785786192,244.876977248059));
#8544=IFCCARTESIANPOINT((69.9912930007849,244.885788278363));
#8545=IFCCARTESIANPOINT((69.9863074229506,244.894599308609));
#8546=IFCCARTESIANPOINT((69.9814961739175,244.903446621669));
#8547=IFCCARTESIANPOINT((69.9766849239531,244.912293935427));
#8548=IFCCARTESIANPOINT((69.9719622564444,244.921248409897));
#8549=IFCCARTESIANPOINT((69.9672395872185,244.930202885706));
#8550=IFCCARTESIANPOINT((69.9626469573996,244.93914006243));
#8551=IFCCARTESIANPOINT((69.9580986174697,244.948130820529));
#8552=IFCCARTESIANPOINT((69.9535945677198,244.957175159769));
#8553=IFCCARTESIANPOINT((69.9490905161074,244.96621950058));
#8554=IFCCARTESIANPOINT((69.9447607943148,244.975300123275));
#8555=IFCCARTESIANPOINT((69.9404310721147,244.984380746493));
#8556=IFCCARTESIANPOINT((69.9361899306823,244.993568531412));
#8557=IFCCARTESIANPOINT((69.9319487912289,245.002756314818));
#8558=IFCCARTESIANPOINT((69.9278376870498,245.011926802516));
#8559=IFCCARTESIANPOINT((69.9237708733708,245.02115087118));
#8560=IFCCARTESIANPOINT((69.9197483537428,245.030428517784));
#8561=IFCCARTESIANPOINT((69.915725829982,245.039706167823));
#8562=IFCCARTESIANPOINT((69.911877635197,245.049020100327));
#8563=IFCCARTESIANPOINT((69.9080294391315,245.058334034053));
#8564=IFCCARTESIANPOINT((69.9042255376116,245.067701545253));
#8565=IFCCARTESIANPOINT((69.9004659213242,245.077122641611));
#8566=IFCCARTESIANPOINT((69.896836347878,245.086526436324));
#8567=IFCCARTESIANPOINT((69.8932510589948,245.095983816544));
#8568=IFCCARTESIANPOINT((69.8897515231802,245.105370313337));
#8569=IFCCARTESIANPOINT((69.8863405663578,245.114863973635));
#8570=IFCCARTESIANPOINT((69.8829296098265,245.124357633758));
#8571=IFCCARTESIANPOINT((69.8795629437664,245.133904874732));
#8572=IFCCARTESIANPOINT((69.8763263173169,245.143434816448));
#8573=IFCCARTESIANPOINT((69.873089688801,245.152964760025));
#8574=IFCCARTESIANPOINT((69.8699416381714,245.162601867865));
#8575=IFCCARTESIANPOINT((69.8667935921985,245.172238971747));
#8576=IFCCARTESIANPOINT((69.8637755831005,245.18185877864));
#8577=IFCCARTESIANPOINT((69.8608876124199,245.191461287381));
#8578=IFCCARTESIANPOINT((69.8579138918431,245.201134676812));
#8579=IFCCARTESIANPOINT((69.8551145009405,245.210844348301));
#8580=IFCCARTESIANPOINT((69.8523151099798,245.22055401979));
#8581=IFCCARTESIANPOINT((69.8496457590372,245.230246391671));
#8582=IFCCARTESIANPOINT((69.8470206974307,245.239992345509));
#8583=IFCCARTESIANPOINT((69.8444399249565,245.249791881302));
#8584=IFCCARTESIANPOINT((69.8419449016219,245.259520536812));
#8585=IFCCARTESIANPOINT((69.8394941701263,245.269302772183));
#8586=IFCCARTESIANPOINT((69.83708772916,245.279138588521));
#8587=IFCCARTESIANPOINT((69.8348113233806,245.288957108976));
#8588=IFCCARTESIANPOINT((69.8325349182414,245.29877562914));
#8589=IFCCARTESIANPOINT((69.8304328424565,245.308630431478));
#8590=IFCCARTESIANPOINT((69.8282450167753,245.318556114624));
#8591=IFCCARTESIANPOINT((69.8262286905956,245.328340036212));
#8592=IFCCARTESIANPOINT((69.8242151951708,245.33830200095));
#8593=IFCCARTESIANPOINT((69.8222874491767,245.34819308517));
#8594=IFCCARTESIANPOINT((69.8204039911798,245.358137752279));
#8595=IFCCARTESIANPOINT((69.8186505712511,245.368065121467));
#8596=IFCCARTESIANPOINT((69.8168971550476,245.377992487513));
#8597=IFCCARTESIANPOINT((69.8153180646768,245.3879561387));
#8598=IFCCARTESIANPOINT((69.8136946860177,245.397866207175));
#8599=IFCCARTESIANPOINT((69.8121598858561,245.407883439562));
#8600=IFCCARTESIANPOINT((69.810710837337,245.417829789629));
#8601=IFCCARTESIANPOINT((69.8093060768733,245.427829722699));
#8602=IFCCARTESIANPOINT((69.8079456039995,245.437883238948));
#8603=IFCCARTESIANPOINT((69.8067151705909,245.447919456055));
#8604=IFCCARTESIANPOINT((69.8055704899889,245.457884790027));
#8605=IFCCARTESIANPOINT((69.8043843467894,245.467974588275));
#8606=IFCCARTESIANPOINT((69.8032839560474,245.477993503504));
#8607=IFCCARTESIANPOINT((69.8023136006377,245.487995123141));
#8608=IFCCARTESIANPOINT((69.801387535088,245.498050324095));
#8609=IFCCARTESIANPOINT((69.8005057594564,245.508159106423));
#8610=IFCCARTESIANPOINT((69.7997097342159,245.518197007652));
#8611=IFCCARTESIANPOINT((69.7990437483531,245.528217609681));
#8612=IFCCARTESIANPOINT((69.7983363025705,245.538362673833));
#8613=IFCCARTESIANPOINT((69.7978003549797,245.548365977651));
#8614=IFCCARTESIANPOINT((69.7972229485749,245.558493742719));
#8615=IFCCARTESIANPOINT((69.7967312900873,245.568550628668));
#8616=IFCCARTESIANPOINT((69.9713578626979,246.893873308727));
#8617=IFCCARTESIANPOINT((70.1638402614335,248.361459124368));
#8618=IFCCARTESIANPOINT((78.5344740033615,247.596881751437));
#8619=IFCCARTESIANPOINT((81.7773698986275,247.301156326139));
#8620=IFCCARTESIANPOINT((94.7339214731765,246.158201066137));
#8621=IFCCARTESIANPOINT((99.7110517290712,242.035343643453));
#8622=IFCCARTESIANPOINT((70.1517985030951,244.653723556956));
#8623=IFCPOLYLINE((#8516,#8517,#8518,#8519,#8520,#8521,#8522,#8523,#8524,#8525,#8526,#8527,#8528,#8529,#8530,#8531,#8532,#8533,#8534,#8535,#8536,#8537,#8538,#8539,#8540,#8541,#8542,#8543,#8544,#8545,#8546,#8547,#8548,#8549,#8550,#8551,#8552,#8553,#8554,#8555,#8556,#8557,#8558,#8559,#8560,#8561,#8562,#8563,#8564,#8565,#8566,#8567,#8568,#8569,#8570,#8571,#8572,#8573,#8574,#8575,#8576,#8577,#8578,#8579,#8580,#8581,#8582,#8583,#8584,#8585,#8586,#8587,#8588,#8589,#8590,#8591,#8592,#8593,#8594,#8595,#8596,#8597,#8598,#8599,#8600,#8601,#8602,#8603,#8604,#8605,#8606,#8607,#8608,#8609,#8610,#8611,#8612,#8613,#8614,#8615,#8616,#8617,#8618,#8619,#8620,#8621,#8622));
#8624=IFCARBITRARYCLOSEDPROFILEDEF(.AREA.,$,#8623);
#8625=IFCEXTRUDEDAREASOLID(#8624,#8514,#8515,0.1);
#8626=IFCSHAPEREPRESENTATION(#11,'Body','SweptSolid',(#8625));
#8627=IFCPRODUCTDEFINITIONSHAPE($,$,(#8626));
#8628=IFCSLAB('0hqN2m1Qb9zRWx65lcxVOF',#5,'NL.IMRO.0772.EP135476441300-00',$,$,#8510,#8627,$,.NOTDEFINED.);
#8629=IFCSTYLEDITEM(#8625,(#3319),$);
#8630=IFCPROPERTYSINGLEVALUE('plan_id',$,IFCTEXT('NL.IMRO.0772.80373-0301'),$);
#8631=IFCPROPERTYSINGLEVALUE('plan_naam',$,IFCTEXT('Deelgebieden Woensel-Zuid 2021'),$);
#8632=IFCPROPERTYSINGLEVALUE('id',$,IFCTEXT('NL.IMRO.0772.EP135476441300-00'),$);
#8633=IFCPROPERTYSINGLEVALUE('naam',$,IFCTEXT('Groen'),$);
#8634=IFCPROPERTYSINGLEVALUE('bestemmingshoofdgroep',$,IFCTEXT('groen'),$);
#8635=IFCPROPERTYSINGLEVALUE('verwijzing_naar_tekst',$,IFCTEXT('https://www.ruimtelijkeplannen.nl/documents/NL.IMRO.0772.80373-0301/pt_NL.IMRO.0772.80373-0301.xml#NL.IMRO.PT.s328'),$);
#8636=IFCPROPERTYSINGLEVALUE('plan_dossierstatus',$,IFCTEXT('geheel onherroepelijk in werking'),$);
#8637=IFCPROPERTYSINGLEVALUE('plan_besluitnummer',$,IFCTEXT('22bst01409'),$);
#8638=IFCPROPERTYSINGLEVALUE('type_planobject',$,IFCTEXT('enkelbestemming'),$);
#8639=IFCPROPERTYSET('0KH6TDZ1H7k9lNM8YuuXi8',#5,'CPset_DSO-Enkelbestemming',$,(#8630,#8631,#8632,#8633,#8634,#8635,#8636,#8637,#8638));
#8640=IFCRELDEFINESBYPROPERTIES('0xSeGs_qj3yAUmdJzzDt6E',#5,$,$,(#8628),#8639);
#8641=IFCCARTESIANPOINT((0.,0.,-0.1));
#8642=IFCDIRECTION((0.,0.,1.));
#8643=IFCDIRECTION((1.,0.,0.));
#8644=IFCAXIS2PLACEMENT3D(#8641,#8642,#8643);
#8645=IFCLOCALPLACEMENT(#37,#8644);
#8646=IFCCARTESIANPOINT((0.,0.,0.));
#8647=IFCDIRECTION((0.,0.,1.));
#8648=IFCDIRECTION((1.,0.,0.));
#8649=IFCAXIS2PLACEMENT3D(#8646,#8647,#8648);
#8650=IFCDIRECTION((0.,0.,1.));
#8651=IFCCARTESIANPOINT((73.154848915292,260.568895007949));
#8652=IFCCARTESIANPOINT((73.3005570361565,263.912750599498));
#8653=IFCCARTESIANPOINT((77.8486988545919,260.145250194357));
#8654=IFCCARTESIANPOINT((73.154848915292,260.568895007949));
#8655=IFCPOLYLINE((#8651,#8652,#8653,#8654));
#8656=IFCARBITRARYCLOSEDPROFILEDEF(.AREA.,$,#8655);
#8657=IFCEXTRUDEDAREASOLID(#8656,#8649,#8650,0.1);
#8658=IFCSHAPEREPRESENTATION(#11,'Body','SweptSolid',(#8657));
#8659=IFCPRODUCTDEFINITIONSHAPE($,$,(#8658));
#8660=IFCSLAB('3SgtK3ahr3KAKn3PRZAJWf',#5,'NL.IMRO.0772.EP158476441341-00',$,$,#8645,#8659,$,.NOTDEFINED.);
#8661=IFCSTYLEDITEM(#8657,(#3319),$);
#8662=IFCPROPERTYSINGLEVALUE('plan_id',$,IFCTEXT('NL.IMRO.0772.80373-0301'),$);
#8663=IFCPROPERTYSINGLEVALUE('plan_naam',$,IFCTEXT('Deelgebieden Woensel-Zuid 2021'),$);
#8664=IFCPROPERTYSINGLEVALUE('id',$,IFCTEXT('NL.IMRO.0772.EP158476441341-00'),$);
#8665=IFCPROPERTYSINGLEVALUE('naam',$,IFCTEXT('Groen'),$);
#8666=IFCPROPERTYSINGLEVALUE('bestemmingshoofdgroep',$,IFCTEXT('groen'),$);
#8667=IFCPROPERTYSINGLEVALUE('verwijzing_naar_tekst',$,IFCTEXT('https://www.ruimtelijkeplannen.nl/documents/NL.IMRO.0772.80373-0301/pt_NL.IMRO.0772.80373-0301.xml#NL.IMRO.PT.s328'),$);
#8668=IFCPROPERTYSINGLEVALUE('plan_dossierstatus',$,IFCTEXT('geheel onherroepelijk in werking'),$);
#8669=IFCPROPERTYSINGLEVALUE('plan_besluitnummer',$,IFCTEXT('22bst01409'),$);
#8670=IFCPROPERTYSINGLEVALUE('type_planobject',$,IFCTEXT('enkelbestemming'),$);
#8671=IFCPROPERTYSET('0A2nyUDvT3D8lwxuPXAa25',#5,'CPset_DSO-Enkelbestemming',$,(#8662,#8663,#8664,#8665,#8666,#8667,#8668,#8669,#8670));
#8672=IFCRELDEFINESBYPROPERTIES('1MdIf5bKDDAeT3aNygkQpf',#5,$,$,(#8660),#8671);
#8673=IFCCARTESIANPOINT((0.,0.,-0.1));
#8674=IFCDIRECTION((0.,0.,1.));
#8675=IFCDIRECTION((1.,0.,0.));
#8676=IFCAXIS2PLACEMENT3D(#8673,#8674,#8675);
#8677=IFCLOCALPLACEMENT(#37,#8676);
#8678=IFCCARTESIANPOINT((0.,0.,0.));
#8679=IFCDIRECTION((0.,0.,1.));
#8680=IFCDIRECTION((1.,0.,0.));
#8681=IFCAXIS2PLACEMENT3D(#8678,#8679,#8680);
#8682=IFCDIRECTION((0.,0.,1.));
#8683=IFCCARTESIANPOINT((20.921611630969,252.735777025169));
#8684=IFCCARTESIANPOINT((22.9117155049462,252.590979816392));
#8685=IFCCARTESIANPOINT((26.7783866258105,252.247325060016));
#8686=IFCCARTESIANPOINT((56.3830602318922,249.606848800031));
#8687=IFCCARTESIANPOINT((59.500184070348,249.334799094417));
#8688=IFCCARTESIANPOINT((67.3413439999858,248.619228307914));
#8689=IFCCARTESIANPOINT((66.9728512241563,245.895017837291));
#8690=IFCCARTESIANPOINT((66.9724354401988,245.885260088078));
#8691=IFCCARTESIANPOINT((66.9719339075964,245.875573218684));
#8692=IFCCARTESIANPOINT((66.9713437955361,245.865779186017));
#8693=IFCCARTESIANPOINT((66.9707122241089,245.856109615357));
#8694=IFCCARTESIANPOINT((66.9699920720595,245.846332882531));
#8695=IFCCARTESIANPOINT((66.9692719200684,245.836556149356));
#8696=IFCCARTESIANPOINT((66.9684660209168,245.826850295009));
#8697=IFCCARTESIANPOINT((66.9674857935461,245.817108157498));
#8698=IFCCARTESIANPOINT((66.9665498541435,245.807419602934));
#8699=IFCCARTESIANPOINT((66.9654395855323,245.797694766137));
#8700=IFCCARTESIANPOINT((66.9643293176778,245.787969928526));
#8701=IFCCARTESIANPOINT((66.9631333014695,245.778315970558));
#8702=IFCCARTESIANPOINT((66.9618929968856,245.768608429818));
#8703=IFCCARTESIANPOINT((66.9605669380107,245.758971773728));
#8704=IFCCARTESIANPOINT((66.9590665552532,245.749298830808));
#8705=IFCCARTESIANPOINT((66.9576104618318,245.739679469669));
#8706=IFCCARTESIANPOINT((66.9561100749706,245.730006530182));
#8707=IFCCARTESIANPOINT((66.9544796530681,245.720350886171));
#8708=IFCCARTESIANPOINT((66.9527634808619,245.710766123259));
#8709=IFCCARTESIANPOINT((66.951003018854,245.701127779088));
#8710=IFCCARTESIANPOINT((66.9491568071535,245.691560315143));
#8711=IFCCARTESIANPOINT((66.9473105978395,245.681992849626));
#8712=IFCCARTESIANPOINT((66.9452900558535,245.672389104555));
#8713=IFCCARTESIANPOINT((66.9432280572655,245.662909818755));
#8714=IFCCARTESIANPOINT((66.9411217702436,245.653376950533));
#8715=IFCCARTESIANPOINT((66.9388854434656,245.643861381628));
#8716=IFCCARTESIANPOINT((66.9366491145338,245.634345814527));
#8717=IFCCARTESIANPOINT((66.9344127878139,245.624830245564));
#8718=IFCCARTESIANPOINT((66.9319606711506,245.615402857133));
#8719=IFCCARTESIANPOINT((66.9295085568738,245.605975466664));
#8720=IFCCARTESIANPOINT((66.9270121524751,245.596494495112));
#8721=IFCCARTESIANPOINT((66.9244299990241,245.587084403494));
#8722=IFCCARTESIANPOINT((66.921717802441,245.57769161422));
#8723=IFCCARTESIANPOINT((66.9190056110674,245.568298820639));
#8724=IFCCARTESIANPOINT((66.9162076687498,245.55897690868));
#8725=IFCCARTESIANPOINT((66.9132796905178,245.549672293069));
#8726=IFCCARTESIANPOINT((66.9103517069889,245.540367681882));
#8727=IFCCARTESIANPOINT((66.9073794375872,245.531009485829));
#8728=IFCCARTESIANPOINT((66.9042356684804,245.521793051506));
#8729=IFCCARTESIANPOINT((66.9010919002176,245.512576616427));
#8730=IFCCARTESIANPOINT((66.8979038413963,245.50330660044));
#8731=IFCCARTESIANPOINT((66.8946300348325,245.494107463688));
#8732=IFCCARTESIANPOINT((66.8912704790419,245.484979207045));
#8733=IFCCARTESIANPOINT((66.8878666325181,245.475797369785));
#8734=IFCCARTESIANPOINT((66.8843770365056,245.466686412983));
#8735=IFCCARTESIANPOINT((66.8808874406677,245.457575456006));
#8736=IFCCARTESIANPOINT((66.8772678091482,245.448481795262));
#8737=IFCCARTESIANPOINT((66.8735624254332,245.439459017187));
#8738=IFCCARTESIANPOINT((66.8697712924914,245.430507119338));
#8739=IFCCARTESIANPOINT((66.8660216209537,245.421430758084));
#8740=IFCCARTESIANPOINT((66.8621004508168,245.412496157689));
#8741=IFCCARTESIANPOINT((66.8581792817567,245.403561556304));
#8742=IFCCARTESIANPOINT((66.8541280693607,245.394644257205));
#8743=IFCCARTESIANPOINT((66.8501211506664,245.38578053657));
#8744=IFCCARTESIANPOINT((66.8459841923614,245.37693411496));
#8745=IFCCARTESIANPOINT((66.8417614847422,245.368158573925));
#8746=IFCCARTESIANPOINT((66.8374944887764,245.359329450177));
#8747=IFCCARTESIANPOINT((66.8331417428562,245.350571207469));
#8748=IFCCARTESIANPOINT((66.8287032457592,245.341883846384));
#8749=IFCCARTESIANPOINT((66.8242647522711,245.333196482505));
#8750=IFCCARTESIANPOINT((66.8197405092651,245.324579999142));
#8751=IFCCARTESIANPOINT((66.8151719744783,245.315909935918));
#8752=IFCCARTESIANPOINT((66.8105176912213,245.307310752338));
#8753=IFCCARTESIANPOINT((66.8057776610658,245.298782447178));
#8754=IFCCARTESIANPOINT((66.8010376286984,245.290254143823));
#8755=IFCCARTESIANPOINT((66.7962118487339,245.281796719413));
#8756=IFCCARTESIANPOINT((66.7912560291006,245.273356594378));
#8757=IFCCARTESIANPOINT((66.7863444989489,245.264970051183));
#8758=IFCCARTESIANPOINT((66.7813029298559,245.256600806548));
#8759=IFCCARTESIANPOINT((66.7762613616069,245.248231561389));
#8760=IFCCARTESIANPOINT((66.7710897548532,245.239879614615));
#8761=IFCCARTESIANPOINT((66.7658766903623,245.231652128161));
#8762=IFCCARTESIANPOINT((66.760663623194,245.223424643918));
#8763=IFCCARTESIANPOINT((66.7553205183067,245.215214457421));
#8764=IFCCARTESIANPOINT((66.7499359541107,245.207128732698));
#8765=IFCCARTESIANPOINT((66.7445071002876,245.198989426252));
#8766=IFCCARTESIANPOINT((66.7389924983436,245.190920999274));
#8767=IFCCARTESIANPOINT((66.7333921464451,245.18292345322));
#8768=IFCCARTESIANPOINT((66.7277917947213,245.174925906875));
#8769=IFCCARTESIANPOINT((66.7221056936251,245.166999241163));
#8770=IFCCARTESIANPOINT((66.7164195946825,245.159072573588));
#8771=IFCCARTESIANPOINT((66.7106034577591,245.151163203933));
#8772=IFCCARTESIANPOINT((66.7047458568413,245.143378299836));
#8773=IFCCARTESIANPOINT((66.6988025084138,245.135664274741));
#8774=IFCCARTESIANPOINT((66.6928148742008,245.127896664781));
#8775=IFCCARTESIANPOINT((66.6868715263263,245.120182639221));
#8776=IFCCARTESIANPOINT((66.6807566825591,245.112610372074));
#8777=IFCCARTESIANPOINT((66.674597548641,245.104984523961));
#8778=IFCCARTESIANPOINT((66.6684827010322,245.097412260016));
#8779=IFCCARTESIANPOINT((66.6621520677872,245.089928173053));
#8780=IFCCARTESIANPOINT((66.6558657270798,245.082497665368));
#8781=IFCCARTESIANPOINT((66.6495350941841,245.075013578171));
#8782=IFCCARTESIANPOINT((66.6431630036386,245.067653951352));
#8783=IFCCARTESIANPOINT((66.6366608712415,245.060311625595));
#8784=IFCCARTESIANPOINT((66.6301172834064,245.053093758353));
#8785=IFCCARTESIANPOINT((66.6235736956296,245.04587589117));
#8786=IFCCARTESIANPOINT((66.6169443562394,245.038728906249));
#8787=IFCCARTESIANPOINT((66.6102707287355,245.031528338382));
#8788=IFCCARTESIANPOINT((66.6035556409915,245.024452233105));
#8789=IFCCARTESIANPOINT((60.4895791315066,245.581867837522));
#8790=IFCCARTESIANPOINT((21.303949530964,249.154545692087));
#8791=IFCCARTESIANPOINT((21.292607067473,249.159682487778));
#8792=IFCCARTESIANPOINT((21.2813531844004,249.16492644453));
#8793=IFCCARTESIANPOINT((21.2701878793014,249.170277564146));
#8794=IFCCARTESIANPOINT((21.2590254092647,249.175806722662));
#8795=IFCCARTESIANPOINT((21.2479515130108,249.181443047535));
#8796=IFCCARTESIANPOINT((21.236966200493,249.187186530617));
#8797=IFCCARTESIANPOINT((21.225983721466,249.193108053587));
#8798=IFCCARTESIANPOINT((21.2151755654195,249.199065862165));
#8799=IFCCARTESIANPOINT((21.2043702442315,249.205201709468));
#8800=IFCCARTESIANPOINT((21.1936535027926,249.211444718472));
#8801=IFCCARTESIANPOINT((21.1829395925452,249.217865769286));
#8802=IFCCARTESIANPOINT((21.1724000076938,249.224323103379));
#8803=IFCCARTESIANPOINT((21.1618632571481,249.23095847707));
#8804=IFCCARTESIANPOINT((21.151415084576,249.237701013451));
#8805=IFCCARTESIANPOINT((21.141055492335,249.244550711068));
#8806=IFCCARTESIANPOINT((21.1308287728752,249.25156114815));
#8807=IFCCARTESIANPOINT((21.120646338386,249.258625170041));
#8808=IFCCARTESIANPOINT((21.1104667366308,249.26586723252));
#8809=IFCCARTESIANPOINT((21.1004614650446,249.273145574494));
#8810=IFCCARTESIANPOINT((21.0905033138988,249.280655539653));
#8811=IFCCARTESIANPOINT((21.0806752001226,249.288148205902));
#8812=IFCCARTESIANPOINT((21.0708499210014,249.295818911225));
#8813=IFCCARTESIANPOINT((21.0612432569033,249.303579480737));
#8814=IFCCARTESIANPOINT((21.0515951341949,249.311464511557));
#8815=IFCCARTESIANPOINT((21.0420798810374,249.319510284578));
#8816=IFCCARTESIANPOINT((21.0326946675486,249.327538756712));
#8817=IFCCARTESIANPOINT((21.0233565742965,249.33579885232));
#8818=IFCCARTESIANPOINT((21.0141928106605,249.344095227716));
#8819=IFCCARTESIANPOINT((21.0049875860859,249.352516066108));
#8820=IFCCARTESIANPOINT((20.9960009826755,249.361026763858));
#8821=IFCCARTESIANPOINT((20.9871029570058,249.369644624705));
#8822=IFCCARTESIANPOINT((20.9782077644486,249.378440525848));
#8823=IFCCARTESIANPOINT((20.9694426091155,249.387219128199));
#8824=IFCCARTESIANPOINT((20.9608103216451,249.39615847409));
#8825=IFCCARTESIANPOINT((20.9523523660027,249.40513409808));
#8826=IFCCARTESIANPOINT((20.943897238496,249.4142877665));
#8827=IFCCARTESIANPOINT((20.9356164397614,249.423477715463));
#8828=IFCCARTESIANPOINT((20.9273384730332,249.432845705713));
#8829=IFCCARTESIANPOINT((20.9192348377837,249.442249974294));
#8830=IFCCARTESIANPOINT((20.9112197775103,249.451761408069));
#8831=IFCCARTESIANPOINT((20.9033790469111,249.461309121805));
#8832=IFCCARTESIANPOINT((20.8955411468924,249.471034877934));
#8833=IFCCARTESIANPOINT((20.8878775764315,249.480796913907));
#8834=IFCCARTESIANPOINT((20.8803883355868,249.490595229727));
#8835=IFCCARTESIANPOINT((20.8729019250313,249.500571588287));
#8836=IFCCARTESIANPOINT((20.8655898378638,249.510584231757));
#8837=IFCCARTESIANPOINT((20.8583663371101,249.520704031165));
#8838=IFCCARTESIANPOINT((20.8513171608211,249.530860114668));
#8839=IFCCARTESIANPOINT((20.8442708178191,249.541194238351));
#8840=IFCCARTESIANPOINT((20.8374845513317,249.551493762701));
#8841=IFCCARTESIANPOINT((20.8307011159777,249.561971329094));
#8842=IFCCARTESIANPOINT((20.8240477189829,249.572431595705));
#8843=IFCCARTESIANPOINT((20.8175271928485,249.583052603353));
#8844=IFCCARTESIANPOINT((20.8111809941183,249.593709892652));
#8845=IFCCARTESIANPOINT((20.8048790828616,249.604420764721));
#8846=IFCCARTESIANPOINT((20.7987957912264,249.615221497195));
#8847=IFCCARTESIANPOINT((20.7927567891602,249.626075810578));
#8848=IFCCARTESIANPOINT((20.7868921147019,249.636966405378));
#8849=IFCCARTESIANPOINT((20.7811603120354,249.648017740634));
#8850=IFCCARTESIANPOINT((20.7754728000145,249.659122655925));
#8851=IFCCARTESIANPOINT((20.7699596147577,249.670263853273));
#8852=IFCCARTESIANPOINT((20.7645764693443,249.681387749733));
#8853=IFCCARTESIANPOINT((20.7593261911825,249.692672390258));
#8854=IFCCARTESIANPOINT((20.7542059528932,249.703939729894));
#8855=IFCCARTESIANPOINT((20.7492185847368,249.715367810975));
#8856=IFCCARTESIANPOINT((20.7443612509524,249.726778595708));
#8857=IFCCARTESIANPOINT((20.7396782514697,249.738225656503));
#8858=IFCCARTESIANPOINT((20.735039537336,249.749726301641));
#8859=IFCCARTESIANPOINT((20.7305336930149,249.761387688632));
#8860=IFCCARTESIANPOINT((20.7262436379679,249.772960893344));
#8861=IFCCARTESIANPOINT((20.7220421627862,249.784641259641));
#8862=IFCCARTESIANPOINT((20.7179292646761,249.796428789385));
#8863=IFCCARTESIANPOINT((20.7139906992379,249.808252596471));
#8864=IFCCARTESIANPOINT((20.7101821657561,249.820059108955));
#8865=IFCCARTESIANPOINT((20.7065479647135,249.831901899073));
#8866=IFCCARTESIANPOINT((20.7030023430125,249.843851850834));
#8867=IFCCARTESIANPOINT((20.6996725082281,249.855713622295));
#8868=IFCCARTESIANPOINT((20.6963455062069,249.867753434461));
#8869=IFCCARTESIANPOINT((20.6932785765675,249.87975865067));
#8870=IFCCARTESIANPOINT((20.6902559408045,249.891817444179));
#8871=IFCCARTESIANPOINT((20.6874076300592,249.903912521375));
#8872=IFCCARTESIANPOINT((20.6847336518404,249.91604387603));
#8873=IFCCARTESIANPOINT((20.6821897098562,249.928157932532));
#8874=IFCCARTESIANPOINT((20.6797343454964,249.940379152249));
#8875=IFCCARTESIANPOINT((20.6774947706435,249.952512189513));
#8876=IFCCARTESIANPOINT((20.6753437726584,249.96475239069));
#8877=IFCCARTESIANPOINT((20.673367106996,249.977028869325));
#8878=IFCCARTESIANPOINT((20.671434726537,249.98935893242));
#8879=IFCCARTESIANPOINT((20.6697181375639,250.001600811549));
#8880=IFCCARTESIANPOINT((20.6680901263899,250.013949853776));
#8881=IFCCARTESIANPOINT((20.6667221908574,250.026264297136));
#8882=IFCCARTESIANPOINT((20.6653985481535,250.038632319018));
#8883=IFCCARTESIANPOINT((20.6642049422371,250.050983042282));
#8884=IFCCARTESIANPOINT((20.6631856641325,250.063370046846));
#8885=IFCCARTESIANPOINT((20.6623407127045,250.075793333701));
#8886=IFCCARTESIANPOINT((20.6615815128607,250.088145737594));
#8887=IFCCARTESIANPOINT((20.6609966403048,250.100534423138));
#8888=IFCCARTESIANPOINT((20.6605860926502,250.112959392252));
#8889=IFCCARTESIANPOINT((20.6603055894666,250.125367056753));
#8890=IFCCARTESIANPOINT((20.921611630969,252.735777025169));
#8891=IFCPOLYLINE((#8683,#8684,#8685,#8686,#8687,#8688,#8689,#8690,#8691,#8692,#8693,#8694,#8695,#8696,#8697,#8698,#8699,#8700,#8701,#8702,#8703,#8704,#8705,#8706,#8707,#8708,#8709,#8710,#8711,#8712,#8713,#8714,#8715,#8716,#8717,#8718,#8719,#8720,#8721,#8722,#8723,#8724,#8725,#8726,#8727,#8728,#8729,#8730,#8731,#8732,#8733,#8734,#8735,#8736,#8737,#8738,#8739,#8740,#8741,#8742,#8743,#8744,#8745,#8746,#8747,#8748,#8749,#8750,#8751,#8752,#8753,#8754,#8755,#8756,#8757,#8758,#8759,#8760,#8761,#8762,#8763,#8764,#8765,#8766,#8767,#8768,#8769,#8770,#8771,#8772,#8773,#8774,#8775,#8776,#8777,#8778,#8779,#8780,#8781,#8782,#8783,#8784,#8785,#8786,#8787,#8788,#8789,#8790,#8791,#8792,#8793,#8794,#8795,#8796,#8797,#8798,#8799,#8800,#8801,#8802,#8803,#8804,#8805,#8806,#8807,#8808,#8809,#8810,#8811,#8812,#8813,#8814,#8815,#8816,#8817,#8818,#8819,#8820,#8821,#8822,#8823,#8824,#8825,#8826,#8827,#8828,#8829,#8830,#8831,#8832,#8833,#8834,#8835,#8836,#8837,#8838,#8839,#8840,#8841,#8842,#8843,#8844,#8845,#8846,#8847,#8848,#8849,#8850,#8851,#8852,#8853,#8854,#8855,#8856,#8857,#8858,#8859,#8860,#8861,#8862,#8863,#8864,#8865,#8866,#8867,#8868,#8869,#8870,#8871,#8872,#8873,#8874,#8875,#8876,#8877,#8878,#8879,#8880,#8881,#8882,#8883,#8884,#8885,#8886,#8887,#8888,#8889,#8890));
#8892=IFCARBITRARYCLOSEDPROFILEDEF(.AREA.,$,#8891);
#8893=IFCEXTRUDEDAREASOLID(#8892,#8681,#8682,0.1);
#8894=IFCSHAPEREPRESENTATION(#11,'Body','SweptSolid',(#8893));
#8895=IFCPRODUCTDEFINITIONSHAPE($,$,(#8894));
#8896=IFCSLAB('1x_RySKiX6YPWat5k3xFbO',#5,'NL.IMRO.0772.EP137476441304-00',$,$,#8677,#8895,$,.NOTDEFINED.);
#8897=IFCSTYLEDITEM(#8893,(#3319),$);
#8898=IFCPROPERTYSINGLEVALUE('plan_id',$,IFCTEXT('NL.IMRO.0772.80373-0301'),$);
#8899=IFCPROPERTYSINGLEVALUE('plan_naam',$,IFCTEXT('Deelgebieden Woensel-Zuid 2021'),$);
#8900=IFCPROPERTYSINGLEVALUE('id',$,IFCTEXT('NL.IMRO.0772.EP137476441304-00'),$);
#8901=IFCPROPERTYSINGLEVALUE('naam',$,IFCTEXT('Groen'),$);
#8902=IFCPROPERTYSINGLEVALUE('bestemmingshoofdgroep',$,IFCTEXT('groen'),$);
#8903=IFCPROPERTYSINGLEVALUE('verwijzing_naar_tekst',$,IFCTEXT('https://www.ruimtelijkeplannen.nl/documents/NL.IMRO.0772.80373-0301/pt_NL.IMRO.0772.80373-0301.xml#NL.IMRO.PT.s328'),$);
#8904=IFCPROPERTYSINGLEVALUE('plan_dossierstatus',$,IFCTEXT('geheel onherroepelijk in werking'),$);
#8905=IFCPROPERTYSINGLEVALUE('plan_besluitnummer',$,IFCTEXT('22bst01409'),$);
#8906=IFCPROPERTYSINGLEVALUE('type_planobject',$,IFCTEXT('enkelbestemming'),$);
#8907=IFCPROPERTYSET('17DjGmPYn1GApQm5McwDpf',#5,'CPset_DSO-Enkelbestemming',$,(#8898,#8899,#8900,#8901,#8902,#8903,#8904,#8905,#8906));
#8908=IFCRELDEFINESBYPROPERTIES('1RpPIOLyDFPwXC_P$HbM__',#5,$,$,(#8896),#8907);
#8909=IFCCARTESIANPOINT((0.,0.,-0.1));
#8910=IFCDIRECTION((0.,0.,1.));
#8911=IFCDIRECTION((1.,0.,0.));
#8912=IFCAXIS2PLACEMENT3D(#8909,#8910,#8911);
#8913=IFCLOCALPLACEMENT(#37,#8912);
#8914=IFCCARTESIANPOINT((0.,0.,0.));
#8915=IFCDIRECTION((0.,0.,1.));
#8916=IFCDIRECTION((1.,0.,0.));
#8917=IFCAXIS2PLACEMENT3D(#8914,#8915,#8916);
#8918=IFCDIRECTION((0.,0.,1.));
#8919=IFCCARTESIANPOINT((61.3628179813677,269.726638801629));
#8920=IFCCARTESIANPOINT((59.0121407541155,269.732578700117));
#8921=IFCCARTESIANPOINT((58.9787443441746,270.254970817361));
#8922=IFCCARTESIANPOINT((44.2881024550006,270.16211669601));
#8923=IFCCARTESIANPOINT((29.7372719949635,270.070274999423));
#8924=IFCCARTESIANPOINT((29.7241464412655,269.537004170706));
#8925=IFCCARTESIANPOINT((27.3161566613999,269.533336951572));
#8926=IFCCARTESIANPOINT((27.2857362952491,276.2952699897));
#8927=IFCCARTESIANPOINT((29.4197784748394,276.32723442436));
#8928=IFCCARTESIANPOINT((29.4054489514383,277.42605545104));
#8929=IFCCARTESIANPOINT((44.2421543844102,277.513477630855));
#8930=IFCCARTESIANPOINT((56.7923865081684,277.587464721291));
#8931=IFCCARTESIANPOINT((61.2901889377681,273.86166347051));
#8932=IFCCARTESIANPOINT((61.3628179813677,269.726638801629));
#8933=IFCPOLYLINE((#8919,#8920,#8921,#8922,#8923,#8924,#8925,#8926,#8927,#8928,#8929,#8930,#8931,#8932));
#8934=IFCARBITRARYCLOSEDPROFILEDEF(.AREA.,$,#8933);
#8935=IFCEXTRUDEDAREASOLID(#8934,#8917,#8918,0.1);
#8936=IFCSHAPEREPRESENTATION(#11,'Body','SweptSolid',(#8935));
#8937=IFCPRODUCTDEFINITIONSHAPE($,$,(#8936));
#8938=IFCSLAB('0qyl9ulsvFjfrE7FMqp66l',#5,'NL.IMRO.0772.EP592476442197-00',$,$,#8913,#8937,$,.NOTDEFINED.);
#8939=IFCSTYLEDITEM(#8935,(#1491),$);
#8940=IFCPROPERTYSINGLEVALUE('plan_id',$,IFCTEXT('NL.IMRO.0772.80373-0301'),$);
#8941=IFCPROPERTYSINGLEVALUE('plan_naam',$,IFCTEXT('Deelgebieden Woensel-Zuid 2021'),$);
#8942=IFCPROPERTYSINGLEVALUE('id',$,IFCTEXT('NL.IMRO.0772.EP592476442197-00'),$);
#8943=IFCPROPERTYSINGLEVALUE('naam',$,IFCTEXT('Wonen'),$);
#8944=IFCPROPERTYSINGLEVALUE('bestemmingshoofdgroep',$,IFCTEXT('wonen'),$);
#8945=IFCPROPERTYSINGLEVALUE('verwijzing_naar_tekst',$,IFCTEXT('https://www.ruimtelijkeplannen.nl/documents/NL.IMRO.0772.80373-0301/pt_NL.IMRO.0772.80373-0301.xml#NL.IMRO.PT.s393'),$);
#8946=IFCPROPERTYSINGLEVALUE('plan_dossierstatus',$,IFCTEXT('geheel onherroepelijk in werking'),$);
#8947=IFCPROPERTYSINGLEVALUE('plan_besluitnummer',$,IFCTEXT('22bst01409'),$);
#8948=IFCPROPERTYSINGLEVALUE('type_planobject',$,IFCTEXT('enkelbestemming'),$);
#8949=IFCPROPERTYSET('1dIGG4bmjEqAZ_A_BY8zDZ',#5,'CPset_DSO-Enkelbestemming',$,(#8940,#8941,#8942,#8943,#8944,#8945,#8946,#8947,#8948));
#8950=IFCRELDEFINESBYPROPERTIES('2GMWRNDWLFpROqIl4vJVWD',#5,$,$,(#8938),#8949);
#8951=IFCCARTESIANPOINT((0.,0.,-0.1));
#8952=IFCDIRECTION((0.,0.,1.));
#8953=IFCDIRECTION((1.,0.,0.));
#8954=IFCAXIS2PLACEMENT3D(#8951,#8952,#8953);
#8955=IFCLOCALPLACEMENT(#37,#8954);
#8956=IFCCARTESIANPOINT((0.,0.,0.));
#8957=IFCDIRECTION((0.,0.,1.));
#8958=IFCDIRECTION((1.,0.,0.));
#8959=IFCAXIS2PLACEMENT3D(#8956,#8957,#8958);
#8960=IFCDIRECTION((0.,0.,1.));
#8961=IFCCARTESIANPOINT((281.535626391385,-51.6711974181235));
#8962=IFCCARTESIANPOINT((280.868145987537,-47.8369147465564));
#8963=IFCCARTESIANPOINT((279.865699757851,-42.129313618585));
#8964=IFCCARTESIANPOINT((279.37262573003,-39.3431817828678));
#8965=IFCCARTESIANPOINT((279.054922811192,-37.5478120784974));
#8966=IFCCARTESIANPOINT((279.032288658054,-37.4199615828693));
#8967=IFCCARTESIANPOINT((277.884767724492,-30.9156031066668));
#8968=IFCCARTESIANPOINT((277.053661557176,-26.2081701514544));
#8969=IFCCARTESIANPOINT((276.514509945147,-22.9087056047865));
#8970=IFCCARTESIANPOINT((280.611413345789,-17.5567946158117));
#8971=IFCCARTESIANPOINT((281.426307916845,-16.4930950487615));
#8972=IFCCARTESIANPOINT((284.046935583901,-13.0802384569542));
#8973=IFCCARTESIANPOINT((287.268742023822,-8.88369459850946));
#8974=IFCCARTESIANPOINT((295.747779176862,2.16422907874221));
#8975=IFCCARTESIANPOINT((299.29520852954,6.75717707088916));
#8976=IFCCARTESIANPOINT((301.600183597999,9.74193239951273));
#8977=IFCCARTESIANPOINT((303.484366180055,12.2391072948813));
#8978=IFCCARTESIANPOINT((304.965442116052,14.2026937265182));
#8979=IFCCARTESIANPOINT((306.837491254992,16.0722906803712));
#8980=IFCCARTESIANPOINT((309.849673568475,19.1050190568785));
#8981=IFCCARTESIANPOINT((313.611101590068,22.8934794681263));
#8982=IFCCARTESIANPOINT((323.421476870863,32.7567596714944));
#8983=IFCCARTESIANPOINT((327.561769973516,36.9052880764357));
#8984=IFCCARTESIANPOINT((330.197331376257,39.5461585005396));
#8985=IFCCARTESIANPOINT((331.924358365271,41.2515135935973));
#8986=IFCCARTESIANPOINT((332.379481367214,40.7914272582857));
#8987=IFCCARTESIANPOINT((332.471749293531,40.8761609455105));
#8988=IFCCARTESIANPOINT((332.564233006764,40.9608064625063));
#8989=IFCCARTESIANPOINT((332.656799632095,41.0452030514716));
#8990=IFCCARTESIANPOINT((332.749496297474,41.129582348105));
#8991=IFCCARTESIANPOINT((332.842320164811,41.2137663038447));
#8992=IFCCARTESIANPOINT((332.935229779745,41.2978793822695));
#8993=IFCCARTESIANPOINT((333.028266597685,41.3817971190438));
#8994=IFCCARTESIANPOINT((333.12138916683,41.4656439755927));
#8995=IFCCARTESIANPOINT((333.214683230588,41.549349076522));
#8996=IFCCARTESIANPOINT((333.308104493801,41.6328588388278));
#8997=IFCCARTESIANPOINT((333.401611507084,41.7162977216649));
#8998=IFCCARTESIANPOINT((333.495290018211,41.7995948462631));
#8999=IFCCARTESIANPOINT((333.589009982563,41.8827675100765));
#9000=IFCCARTESIANPOINT((333.682901443361,41.9657984166406));
#9001=IFCCARTESIANPOINT((333.776834356744,42.0487048628856));
#9002=IFCCARTESIANPOINT((333.870938770793,42.1314695486217));
#9003=IFCCARTESIANPOINT((333.965128928743,42.2141633602441));
#9004=IFCCARTESIANPOINT((334.05944629162,42.296661828761));
#9005=IFCCARTESIANPOINT((334.153935150913,42.3790185404941));
#9006=IFCCARTESIANPOINT((334.248465465527,42.4612507895799));
#9007=IFCCARTESIANPOINT((334.343167273415,42.5433412843267));
#9008=IFCCARTESIANPOINT((334.437910537759,42.6253073154949));
#9009=IFCCARTESIANPOINT((334.532869591872,42.7071851744549));
#9010=IFCCARTESIANPOINT((334.627825807169,42.7888849869487));
#9011=IFCCARTESIANPOINT((334.722953520424,42.8704430413782));
#9012=IFCCARTESIANPOINT((334.818166980287,42.9519302193075));
#9013=IFCCARTESIANPOINT((334.91355193546,43.0332756415592));
#9014=IFCCARTESIANPOINT((335.009064096346,43.1144257204724));
#9015=IFCCARTESIANPOINT((335.104617710051,43.1954513386008));
#9016=IFCCARTESIANPOINT((335.20025707109,43.2764060801128));
#9017=IFCCARTESIANPOINT((335.2961536769,43.3571481857216));
#9018=IFCCARTESIANPOINT((335.392005991394,43.4378367065801));
#9019=IFCCARTESIANPOINT((335.488029801956,43.5183834710042));
#9020=IFCCARTESIANPOINT((335.584180812642,43.5987348968047));
#9021=IFCCARTESIANPOINT((335.680503325158,43.6789445615723));
#9022=IFCCARTESIANPOINT((335.776867290697,43.7590297657298));
#9023=IFCCARTESIANPOINT((335.873316998855,43.8390440970543));
#9024=IFCCARTESIANPOINT((335.969893915782,43.9188630825374));
#9025=IFCCARTESIANPOINT((336.066556579462,43.9986111918115));
#9026=IFCCARTESIANPOINT((336.163476490736,44.0781466630287));
#9027=IFCCARTESIANPOINT((336.26035210336,44.1576285557239));
#9028=IFCCARTESIANPOINT((336.357354921725,44.2369151050225));
#9029=IFCCARTESIANPOINT((336.454529240524,44.316059894627));
#9030=IFCCARTESIANPOINT((336.55178930168,44.3951338118059));
#9031=IFCCARTESIANPOINT((336.649176567822,44.4740123863448));
#9032=IFCCARTESIANPOINT((336.746605291701,44.5527664965484));
#9033=IFCCARTESIANPOINT((336.8442055099,44.6313788520056));
#9034=IFCCARTESIANPOINT((336.941977224225,44.7098494514939));
#9035=IFCCARTESIANPOINT((337.039790394512,44.7881955881021));
#9036=IFCCARTESIANPOINT((337.137645017705,44.866417264624));
#9037=IFCCARTESIANPOINT((337.235671140166,44.944497182325));
#9038=IFCCARTESIANPOINT((337.333824463072,45.0223817613441));
#9039=IFCCARTESIANPOINT((337.432063539367,45.1001954587991));
#9040=IFCCARTESIANPOINT((337.442254211375,45.1082385916961));
#9041=IFCCARTESIANPOINT((352.005594710499,33.0445445775404));
#9042=IFCCARTESIANPOINT((281.586825806153,-51.9652797661838));
#9043=IFCCARTESIANPOINT((281.535626391385,-51.6711974181235));
#9044=IFCPOLYLINE((#8961,#8962,#8963,#8964,#8965,#8966,#8967,#8968,#8969,#8970,#8971,#8972,#8973,#8974,#8975,#8976,#8977,#8978,#8979,#8980,#8981,#8982,#8983,#8984,#8985,#8986,#8987,#8988,#8989,#8990,#8991,#8992,#8993,#8994,#8995,#8996,#8997,#8998,#8999,#9000,#9001,#9002,#9003,#9004,#9005,#9006,#9007,#9008,#9009,#9010,#9011,#9012,#9013,#9014,#9015,#9016,#9017,#9018,#9019,#9020,#9021,#9022,#9023,#9024,#9025,#9026,#9027,#9028,#9029,#9030,#9031,#9032,#9033,#9034,#9035,#9036,#9037,#9038,#9039,#9040,#9041,#9042,#9043));
#9045=IFCARBITRARYCLOSEDPROFILEDEF(.AREA.,$,#9044);
#9046=IFCEXTRUDEDAREASOLID(#9045,#8959,#8960,0.1);
#9047=IFCSHAPEREPRESENTATION(#11,'Body','SweptSolid',(#9046));
#9048=IFCPRODUCTDEFINITIONSHAPE($,$,(#9047));
#9049=IFCSLAB('3H3YbFooTDwO_gRJa$yYtw',#5,'NL.IMRO.0772.EP29234369045-00',$,$,#8955,#9048,$,.NOTDEFINED.);
#9050=IFCSTYLEDITEM(#9046,(#1491),$);
#9051=IFCPROPERTYSINGLEVALUE('plan_id',$,IFCTEXT('NL.IMRO.0772.80190-0301'),$);
#9052=IFCPROPERTYSINGLEVALUE('plan_naam',$,IFCTEXT('Philipsdorp 2013'),$);
#9053=IFCPROPERTYSINGLEVALUE('id',$,IFCTEXT('NL.IMRO.0772.EP29234369045-00'),$);
#9054=IFCPROPERTYSINGLEVALUE('naam',$,IFCTEXT('Wonen'),$);
#9055=IFCPROPERTYSINGLEVALUE('bestemmingshoofdgroep',$,IFCTEXT('wonen'),$);
#9056=IFCPROPERTYSINGLEVALUE('verwijzing_naar_tekst',$,IFCTEXT('https://ruimtelijkeplannen.nl/documents/NL.IMRO.0772.80190-0301/r_NL.IMRO.0772.80190-0301_2.12.html'),$);
#9057=IFCPROPERTYSINGLEVALUE('plan_dossierstatus',$,IFCTEXT('geheel onherroepelijk in werking'),$);
#9058=IFCPROPERTYSINGLEVALUE('plan_besluitnummer',$,IFCTEXT('13R5357'),$);
#9059=IFCPROPERTYSINGLEVALUE('type_planobject',$,IFCTEXT('enkelbestemming'),$);
#9060=IFCPROPERTYSET('2Tl2Fu3kH8hQoOOyPnNlLv',#5,'CPset_DSO-Enkelbestemming',$,(#9051,#9052,#9053,#9054,#9055,#9056,#9057,#9058,#9059));
#9061=IFCRELDEFINESBYPROPERTIES('14VbkVQY50cQM9meNOhPc3',#5,$,$,(#9049),#9060);
#9062=IFCCARTESIANPOINT((0.,0.,-0.1));
#9063=IFCDIRECTION((0.,0.,1.));
#9064=IFCDIRECTION((1.,0.,0.));
#9065=IFCAXIS2PLACEMENT3D(#9062,#9063,#9064);
#9066=IFCLOCALPLACEMENT(#37,#9065);
#9067=IFCCARTESIANPOINT((0.,0.,0.));
#9068=IFCDIRECTION((0.,0.,1.));
#9069=IFCDIRECTION((1.,0.,0.));
#9070=IFCAXIS2PLACEMENT3D(#9067,#9068,#9069);
#9071=IFCDIRECTION((0.,0.,1.));
#9072=IFCCARTESIANPOINT((297.321042438329,22.3636350136367));
#9073=IFCCARTESIANPOINT((297.342200450395,22.3747382213478));
#9074=IFCCARTESIANPOINT((297.363612869231,22.3854507394717));
#9075=IFCCARTESIANPOINT((297.385066742398,22.3960387937841));
#9076=IFCCARTESIANPOINT((297.40673073291,22.4061825710232));
#9077=IFCCARTESIANPOINT((297.428521925642,22.4161310045747));
#9078=IFCCARTESIANPOINT((297.450396029424,22.425830508233));
#9079=IFCCARTESIANPOINT((297.472394498996,22.4351566178957));
#9080=IFCCARTESIANPOINT((297.494561627711,22.444162917498));
#9081=IFCCARTESIANPOINT((297.516855961934,22.4529738708516));
#9082=IFCCARTESIANPOINT((297.539188915951,22.4614823083975));
#9083=IFCCARTESIANPOINT((297.56164623212,22.4696173549746));
#9084=IFCCARTESIANPOINT((297.584272211621,22.4774325882317));
#9085=IFCCARTESIANPOINT((297.606981100049,22.4849988934002));
#9086=IFCCARTESIANPOINT((297.629772900342,22.4923162680934));
#9087=IFCCARTESIANPOINT((297.652689065406,22.4992602498387));
#9088=IFCCARTESIANPOINT((297.675643849972,22.5059017160092));
#9089=IFCCARTESIANPOINT((297.698767293972,22.5122233720031));
#9090=IFCCARTESIANPOINT((297.7219293534,22.5182425158564));
#9091=IFCCARTESIANPOINT((297.745130035415,22.5239591418649));
#9092=IFCCARTESIANPOINT((297.768499371741,22.5293559620623));
#9093=IFCCARTESIANPOINT((297.791821581981,22.5345211447566));
#9094=IFCCARTESIANPOINT((297.815268156963,22.5393129341537));
#9095=IFCCARTESIANPOINT((297.838753351389,22.5438022083836));
#9096=IFCCARTESIANPOINT((297.862362912187,22.547918087861));
#9097=IFCCARTESIANPOINT((297.885925338574,22.551802336995));
#9098=IFCCARTESIANPOINT((297.909612135496,22.555313188117));
#9099=IFCCARTESIANPOINT((297.933337547845,22.5585215271567));
#9100=IFCCARTESIANPOINT((297.957101578912,22.5614273513202));
#9101=IFCCARTESIANPOINT((297.980859937292,22.5639770748676));
#9102=IFCCARTESIANPOINT((298.004701203696,22.5662778713158));
#9103=IFCCARTESIANPOINT((298.028536795726,22.5682225684286));
#9104=IFCCARTESIANPOINT((298.052411007549,22.5698647498502));
#9105=IFCCARTESIANPOINT((298.076279543136,22.5711508336244));
#9106=IFCCARTESIANPOINT((298.100186696422,22.5721344034537));
#9107=IFCCARTESIANPOINT((298.124132468656,22.5728154582321));
#9108=IFCCARTESIANPOINT((298.14807256576,22.5731404143735));
#9109=IFCCARTESIANPOINT((298.171965531859,22.5732337371446));
#9110=IFCCARTESIANPOINT((298.195938569406,22.572900082625));
#9111=IFCCARTESIANPOINT((298.219864479703,22.5723347915336));
#9112=IFCCARTESIANPOINT((298.243784713472,22.5714134029695));
#9113=IFCCARTESIANPOINT((298.267613524309,22.5702067955281));
#9114=IFCCARTESIANPOINT((298.291566701984,22.5686267932761));
#9115=IFCCARTESIANPOINT((298.315384163492,22.5667079879786));
#9116=IFCCARTESIANPOINT((298.339154494548,22.564557548787));
#9117=IFCCARTESIANPOINT((298.363049190055,22.5620337165892));
#9118=IFCCARTESIANPOINT((298.386722422525,22.5592419604072));
#9119=IFCCARTESIANPOINT((298.410520021222,22.5560768098803));
#9120=IFCCARTESIANPOINT((298.434181901481,22.552572857996));
#9121=IFCCARTESIANPOINT((298.457796653762,22.5488372702966));
#9122=IFCCARTESIANPOINT((298.481405728118,22.5447455861722));
#9123=IFCCARTESIANPOINT((298.504879090731,22.5403150953935));
#9124=IFCCARTESIANPOINT((298.528305318963,22.5356529737473));
#9125=IFCCARTESIANPOINT((298.551725872938,22.5306347529986));
#9126=IFCCARTESIANPOINT((298.575010710891,22.5252777287969));
#9127=IFCCARTESIANPOINT((298.598334168491,22.519618189137));
#9128=IFCCARTESIANPOINT((298.621521905734,22.5136198497494));
#9129=IFCCARTESIANPOINT((298.644532474194,22.5074071696145));
#9130=IFCCARTESIANPOINT((298.667537367262,22.5008383911918));
#9131=IFCCARTESIANPOINT((298.690536583919,22.4939135150635));
#9132=IFCCARTESIANPOINT((298.71331433751,22.4867207149509));
#9133=IFCCARTESIANPOINT((298.736044958525,22.4792962825741));
#9134=IFCCARTESIANPOINT((298.758725612483,22.4714621661115));
#9135=IFCCARTESIANPOINT((298.781184800813,22.4633601276437));
#9136=IFCCARTESIANPOINT((298.803596859507,22.4550264546997));
#9137=IFCCARTESIANPOINT((298.825958949164,22.4462830992416));
#9138=IFCCARTESIANPOINT((298.848099573079,22.4372718217783));
#9139=IFCCARTESIANPOINT((298.870148777642,22.4279753226438));
#9140=IFCCARTESIANPOINT((298.892020805302,22.4184644893394));
#9141=IFCCARTESIANPOINT((298.913887162547,22.4085975536727));
#9142=IFCCARTESIANPOINT((298.935532053205,22.398462696583));
#9143=IFCCARTESIANPOINT((298.957041225483,22.3879890381941));
#9144=IFCCARTESIANPOINT((298.978458975005,22.377230160695));
#9145=IFCCARTESIANPOINT((298.999699550943,22.3662569465232));
#9146=IFCCARTESIANPOINT((299.020804415253,22.3549449252314));
#9147=IFCCARTESIANPOINT((299.041687810095,22.3433649852523));
#9148=IFCCARTESIANPOINT((299.062479781307,22.3314998266869));
#9149=IFCCARTESIANPOINT((299.083094582544,22.3194203285966));
#9150=IFCCARTESIANPOINT((299.103573667147,22.3070020274608));
#9151=IFCCARTESIANPOINT((299.123831286066,22.2943158043199));
#9152=IFCCARTESIANPOINT((299.143997481471,22.2813443627674));
#9153=IFCCARTESIANPOINT((299.163986507367,22.2681585811661));
#9154=IFCCARTESIANPOINT((299.183754062542,22.2547048815177));
#9155=IFCCARTESIANPOINT((299.203300156107,22.2409832564881));
#9156=IFCCARTESIANPOINT((299.222710533853,22.226922827831));
#9157=IFCCARTESIANPOINT((299.241943738685,22.2126480619772));
#9158=IFCCARTESIANPOINT((299.260999770864,22.1981589583447));
#9159=IFCCARTESIANPOINT((299.279834337445,22.1834019327653));
#9160=IFCCARTESIANPOINT((299.298447438661,22.1683769846568));
#9161=IFCCARTESIANPOINT((299.316883368767,22.15313769778));
#9162=IFCCARTESIANPOINT((299.335097837757,22.1376304849982));
#9163=IFCCARTESIANPOINT((299.353090836812,22.1218553535873));
#9164=IFCCARTESIANPOINT((299.37090666499,22.1058658830589));
#9165=IFCCARTESIANPOINT((299.388545321213,22.0896620745189));
#9166=IFCCARTESIANPOINT((299.405876763543,22.0732612238498));
#9167=IFCCARTESIANPOINT((299.423072488426,22.0565215708339));
#9168=IFCCARTESIANPOINT((299.439961001888,22.0395848738845));
#9169=IFCCARTESIANPOINT((299.456716633053,22.022487426002));
#9170=IFCCARTESIANPOINT((299.47312075927,22.0051393500762));
#9171=IFCCARTESIANPOINT((300.151633440197,21.3288225493743));
#9172=IFCCARTESIANPOINT((304.438748998655,17.0594187023817));
#9173=IFCCARTESIANPOINT((303.573675508931,16.1827782063046));
#9174=IFCCARTESIANPOINT((303.336474973796,15.9169481256395));
#9175=IFCCARTESIANPOINT((291.981550534954,1.14953995519318));
#9176=IFCCARTESIANPOINT((288.085599980957,4.0742320579011));
#9177=IFCCARTESIANPOINT((288.075423204427,4.08165215759072));
#9178=IFCCARTESIANPOINT((288.065335014806,4.08917942579137));
#9179=IFCCARTESIANPOINT((288.055205375422,4.09683115460211));
#9180=IFCCARTESIANPOINT((288.045250066236,4.10451917542377));
#9181=IFCCARTESIANPOINT((288.035209009453,4.11227807641262));
#9182=IFCCARTESIANPOINT((288.025342288456,4.12007326452294));
#9183=IFCCARTESIANPOINT((288.015389819368,4.12793933326611));
#9184=IFCCARTESIANPOINT((288.005611683271,4.13584169140086));
#9185=IFCCARTESIANPOINT((287.995792093192,4.14386851387098));
#9186=IFCCARTESIANPOINT((287.986146837502,4.15193162456853));
#9187=IFCCARTESIANPOINT((287.976415832381,4.16006561712129));
#9188=IFCCARTESIANPOINT((287.966814869986,4.16818231210345));
#9189=IFCCARTESIANPOINT((287.957216747804,4.17647705523996));
#9190=IFCCARTESIANPOINT((287.947748665261,4.18475450319238));
#9191=IFCCARTESIANPOINT((287.938239127427,4.19315641681897));
#9192=IFCCARTESIANPOINT((287.928859631967,4.20154103310779));
#9193=IFCCARTESIANPOINT((287.91943868043,4.21005011547823));
#9194=IFCCARTESIANPOINT((287.9101477722,4.21854190016165));
#9195=IFCCARTESIANPOINT((287.900859701011,4.22721173515311));
#9196=IFCCARTESIANPOINT((287.891657379078,4.23581068863859));
#9197=IFCCARTESIANPOINT((287.88254364414,4.24451681022765));
#9198=IFCCARTESIANPOINT((287.873474197957,4.25327652011765));
#9199=IFCCARTESIANPOINT((287.864449050161,4.26208981004311));
#9200=IFCCARTESIANPOINT((287.855426738999,4.27108115080046));
#9201=IFCCARTESIANPOINT((287.846490173455,4.28000161302043));
#9202=IFCCARTESIANPOINT((287.837642198603,4.28902924055001));
#9203=IFCCARTESIANPOINT((287.828879970679,4.29798598826164));
#9204=IFCCARTESIANPOINT((287.820120580465,4.30712078599026));
#9205=IFCCARTESIANPOINT((287.811405481625,4.31630916963331));
#9206=IFCCARTESIANPOINT((287.802734680183,4.32555113418493));
#9207=IFCCARTESIANPOINT((287.794193917303,4.33477580471663));
#9208=IFCCARTESIANPOINT((287.785741741565,4.3441076434101));
#9209=IFCCARTESIANPOINT((287.777203817823,4.35351036291104));
#9210=IFCCARTESIANPOINT((287.768840228644,4.36294937029015));
#9211=IFCCARTESIANPOINT((287.760520932759,4.3724419620703));
#9212=IFCCARTESIANPOINT((287.752245930431,4.38198813790223));
#9213=IFCCARTESIANPOINT((287.744015218952,4.39158790011425));
#9214=IFCCARTESIANPOINT((287.735828802863,4.40124124492286));
#9215=IFCCARTESIANPOINT((287.727772429324,4.41087729239371));
#9216=IFCCARTESIANPOINT((287.719718893408,4.42069138988154));
#9217=IFCCARTESIANPOINT((287.711751102266,4.43043460947229));
#9218=IFCCARTESIANPOINT((287.703871902864,4.44028499344131));
#9219=IFCCARTESIANPOINT((287.696036994079,4.45018896396505));
#9220=IFCCARTESIANPOINT((287.688246380916,4.46014651673613));
#9221=IFCCARTESIANPOINT((287.680500059243,4.47015765553806));
#9222=IFCCARTESIANPOINT((287.672798028419,4.48022238060366));
#9223=IFCCARTESIANPOINT((287.665226042445,4.49026980641065));
#9224=IFCCARTESIANPOINT((287.657742643234,4.50042440067045));
#9225=IFCCARTESIANPOINT((287.650259241898,4.5105789967929));
#9226=IFCCARTESIANPOINT((287.642864427093,4.52084076148458));
#9227=IFCCARTESIANPOINT((287.635513905581,4.53115611046087));
#9228=IFCCARTESIANPOINT((287.628207675996,4.54152504511876));
#9229=IFCCARTESIANPOINT((287.621031490708,4.55187668075087));
#9230=IFCCARTESIANPOINT((287.61389960043,4.56228189938702));
#9231=IFCCARTESIANPOINT((287.606811997917,4.5727407069644));
#9232=IFCCARTESIANPOINT((287.599768692249,4.58325309574138));
#9233=IFCCARTESIANPOINT((287.592899721203,4.59380177268758));
#9234=IFCCARTESIANPOINT((287.585944998224,4.60442133340985));
#9235=IFCCARTESIANPOINT((287.579164615687,4.61507717741188));
#9236=IFCCARTESIANPOINT((287.572514268686,4.62571572972229));
#9237=IFCCARTESIANPOINT((287.565778179705,4.63642515783431));
#9238=IFCCARTESIANPOINT((287.559130672569,4.64724175835727));
#9239=IFCCARTESIANPOINT((287.552613208914,4.65804106072756));
#9240=IFCCARTESIANPOINT((287.546140039689,4.66889394650934));
#9241=IFCCARTESIANPOINT((287.539841200458,4.67978312418563));
#9242=IFCCARTESIANPOINT((287.533456618374,4.69074317824561));
#9243=IFCCARTESIANPOINT((287.527202076773,4.70168593659764));
#9244=IFCCARTESIANPOINT((287.520991825964,4.71268228121335));
#9245=IFCCARTESIANPOINT((287.514870162035,4.72378579434007));
#9246=IFCCARTESIANPOINT((287.508834245062,4.73481842770707));
#9247=IFCCARTESIANPOINT((287.502886917879,4.74595822702395));
#9248=IFCCARTESIANPOINT((287.496983883,4.75715161161497));
#9249=IFCCARTESIANPOINT((287.491080846405,4.76834499742836));
#9250=IFCCARTESIANPOINT((287.485352145799,4.77957467018859));
#9251=IFCCARTESIANPOINT((287.479667738109,4.79085792740807));
#9252=IFCCARTESIANPOINT((287.474027625954,4.80219476722414));
#9253=IFCCARTESIANPOINT((287.468517554604,4.81351431109942));
#9254=IFCCARTESIANPOINT((287.463051774044,4.8248874412966));
#9255=IFCCARTESIANPOINT((287.457630289631,4.83631415368291));
#9256=IFCCARTESIANPOINT((287.45225309339,4.84779445437016));
#9257=IFCCARTESIANPOINT((287.447005944472,4.85925745370332));
#9258=IFCCARTESIANPOINT((287.441803084366,4.87077404122101));
#9259=IFCCARTESIANPOINT((287.436730268499,4.88227332988754));
#9260=IFCCARTESIANPOINT((287.431615995709,4.89389708539238));
#9261=IFCCARTESIANPOINT((287.426631764713,4.90550354408333));
#9262=IFCCARTESIANPOINT((287.421821871889,4.91714628780028));
#9263=IFCCARTESIANPOINT((287.417011975107,4.92878903500969));
#9264=IFCCARTESIANPOINT((287.412246371241,4.94048536662012));
#9265=IFCCARTESIANPOINT((287.407525063289,4.95223528036149));
#9266=IFCCARTESIANPOINT((287.402978088998,4.96402148291236));
#9267=IFCCARTESIANPOINT((287.398431113543,4.97580768639455));
#9268=IFCCARTESIANPOINT((287.393928435282,4.98764747107634));
#9269=IFCCARTESIANPOINT((287.389555794449,4.99946996249491));
#9270=IFCCARTESIANPOINT((287.385271739826,5.01139962283196));
#9271=IFCCARTESIANPOINT((287.38107343475,5.023258401372));
#9272=IFCCARTESIANPOINT((287.376919423376,5.035170763731));
#9273=IFCCARTESIANPOINT((287.37280970483,5.04713671095669));
#9274=IFCCARTESIANPOINT((287.368830026768,5.05908536229981));
#9275=IFCCARTESIANPOINT((287.364938935352,5.0711411825032));
#9276=IFCCARTESIANPOINT((287.362368728413,5.0788580183289));
#9277=IFCCARTESIANPOINT((287.359842814563,5.08662843873026));
#9278=IFCCARTESIANPOINT((287.357361191447,5.0944524454535));
#9279=IFCCARTESIANPOINT((287.354965317791,5.10220557043795));
#9280=IFCCARTESIANPOINT((287.352483695286,5.11002957669552));
#9281=IFCCARTESIANPOINT((287.350132115156,5.11783628578996));
#9282=IFCCARTESIANPOINT((287.347780535027,5.12564299482619));
#9283=IFCCARTESIANPOINT((287.345428955246,5.13344970362959));
#9284=IFCCARTESIANPOINT((287.343207414844,5.14123911765637));
#9285=IFCCARTESIANPOINT((287.34094442369,5.14915299328277));
#9286=IFCCARTESIANPOINT((287.338722883287,5.15694240730954));
#9287=IFCCARTESIANPOINT((287.336545638915,5.16478540340904));
#9288=IFCCARTESIANPOINT((287.334412686119,5.17268198519014));
#9289=IFCCARTESIANPOINT((287.332279734779,5.18057856586529));
#9290=IFCCARTESIANPOINT((287.330146779568,5.18847514962545));
#9291=IFCCARTESIANPOINT((287.328143868624,5.19635443465086));
#9292=IFCCARTESIANPOINT((287.326140959951,5.20423371775541));
#9293=IFCCARTESIANPOINT((287.324138047465,5.2121130041196));
#9294=IFCCARTESIANPOINT((287.322179429553,5.22004587354604));
#9295=IFCCARTESIANPOINT((287.320220814407,5.22797874076059));
#9296=IFCCARTESIANPOINT((287.318306488451,5.23596519575221));
#9297=IFCCARTESIANPOINT((287.316477911285,5.24388076929608));
#9298=IFCCARTESIANPOINT((287.314649335895,5.25179634155938));
#9299=IFCCARTESIANPOINT((287.312865050189,5.25976550101768));
#9300=IFCCARTESIANPOINT((287.311080768501,5.26773465715814));
#9301=IFCCARTESIANPOINT((287.309340778884,5.27575739874737));
#9302=IFCCARTESIANPOINT((287.307686537213,5.28370925952913));
#9303=IFCCARTESIANPOINT((287.306032296066,5.29166112007806));
#9304=IFCCARTESIANPOINT((287.304422347719,5.29966656520264));
#9305=IFCCARTESIANPOINT((287.302812397684,5.30767201178242));
#9306=IFCCARTESIANPOINT((287.301202447328,5.31567745853681));
#9307=IFCCARTESIANPOINT((287.299636795215,5.32373648555949));
#9308=IFCCARTESIANPOINT((287.298156887409,5.33172463503433));
#9309=IFCCARTESIANPOINT((287.296721273364,5.33976636844454));
#9310=IFCCARTESIANPOINT((287.295285661152,5.34780810016673));
#9311=IFCCARTESIANPOINT((287.293850044749,5.35584983561421));
#9312=IFCCARTESIANPOINT((287.292544472875,5.36387427191949));
#9313=IFCCARTESIANPOINT((287.291238900652,5.3718987085158));
#9314=IFCCARTESIANPOINT((287.289847580483,5.37999402574496));
#9315=IFCCARTESIANPOINT((287.288586301816,5.38807204639306));
#9316=IFCCARTESIANPOINT((287.287410769903,5.39607918751426));
#9317=IFCCARTESIANPOINT((287.286149493448,5.40415720629971));
#9318=IFCCARTESIANPOINT((287.285018253169,5.41221793310251));
#9319=IFCCARTESIANPOINT((287.28388701487,5.4202786583337));
#9320=IFCCARTESIANPOINT((287.282800072193,5.42839296581224));
#9321=IFCCARTESIANPOINT((287.281713128235,5.43650727439672));
#9322=IFCCARTESIANPOINT((287.280711929576,5.44455070467666));
#9323=IFCCARTESIANPOINT((287.279624987103,5.45266501180595));
#9324=IFCCARTESIANPOINT((287.27866808229,5.46076202596305));
#9325=IFCCARTESIANPOINT((287.277755475341,5.46891262038844));
#9326=IFCCARTESIANPOINT((287.276884318009,5.47693875432014));
#9327=IFCCARTESIANPOINT((287.275971709256,5.48508935037535));
#9328=IFCCARTESIANPOINT((287.275189139735,5.49322265165392));
#9329=IFCCARTESIANPOINT((287.2743622782,5.50130236783298));
#9330=IFCCARTESIANPOINT((287.273579709319,5.50943566864589));
#9331=IFCCARTESIANPOINT((287.272927182901,5.51755167235387));
#9332=IFCCARTESIANPOINT((287.272144613991,5.52568497316679));
#9333=IFCCARTESIANPOINT((287.271492088126,5.5338009762927));
#9334=IFCCARTESIANPOINT((287.270883854973,5.54197056428529));
#9335=IFCCARTESIANPOINT((287.270231328817,5.55008656764403));
#9336=IFCCARTESIANPOINT((287.269708839798,5.55818527808879));
#9337=IFCCARTESIANPOINT((287.269144900521,5.56640844984213));
#9338=IFCCARTESIANPOINT((287.268666708143,5.57456074189395));
#9339=IFCCARTESIANPOINT((287.268188515474,5.5827130341786));
#9340=IFCCARTESIANPOINT((287.267796073953,5.59079444321105));
#9341=IFCCARTESIANPOINT((287.267362172337,5.59900032164296));
#9342=IFCCARTESIANPOINT((287.267014021869,5.60713531688089));
#9343=IFCCARTESIANPOINT((287.266665871342,5.61527031200239));
#9344=IFCCARTESIANPOINT((287.26636201283,5.62345889274729));
#9345=IFCCARTESIANPOINT((287.266143903136,5.63157659210265));
#9346=IFCCARTESIANPOINT((287.26592579289,5.63969429180725));
#9347=IFCCARTESIANPOINT((287.265707682673,5.64781199157005));
#9348=IFCCARTESIANPOINT((287.265533866535,5.65598327497719));
#9349=IFCCARTESIANPOINT((287.265404345322,5.66420814133016));
#9350=IFCCARTESIANPOINT((287.265316275036,5.67230854585068));
#9351=IFCCARTESIANPOINT((287.26527250107,5.6804625322693));
#9352=IFCCARTESIANPOINT((287.265228727338,5.68861651845509));
#9353=IFCCARTESIANPOINT((287.265229243902,5.69682409131201));
#9354=IFCCARTESIANPOINT((287.26522976486,5.70503166056005));
#9355=IFCCARTESIANPOINT((287.265316028876,5.71316835330799));
#9356=IFCCARTESIANPOINT((287.26540229519,5.72130504425149));
#9357=IFCCARTESIANPOINT((287.265618606325,5.72942443581996));
#9358=IFCCARTESIANPOINT((287.265749165672,5.73761471133912));
#9359=IFCCARTESIANPOINT((287.265965471888,5.74573410698213));
#9360=IFCCARTESIANPOINT((287.26622607332,5.75390708539635));
#9361=IFCCARTESIANPOINT((287.266486675566,5.76208006317029));
#9362=IFCCARTESIANPOINT((287.266747274814,5.77025304333074));
#9363=IFCCARTESIANPOINT((287.267093624076,5.77835514134495));
#9364=IFCCARTESIANPOINT((287.26748426634,5.78651082381839));
#9365=IFCCARTESIANPOINT((287.267874910671,5.7946665044874));
#9366=IFCCARTESIANPOINT((287.268351299368,5.80275130772498));
#9367=IFCCARTESIANPOINT((287.268786235101,5.8109605742502));
#9368=IFCCARTESIANPOINT((287.269306919305,5.81909896008437));
#9369=IFCCARTESIANPOINT((287.269827604265,5.82723734504543));
#9370=IFCCARTESIANPOINT((287.27047833128,5.83535843301797));
#9371=IFCCARTESIANPOINT((287.270999015716,5.8434968185029));
#9372=IFCCARTESIANPOINT((287.271649740316,5.8516179084545));
#9373=IFCCARTESIANPOINT((287.272344756668,5.85979258420411));
#9374=IFCCARTESIANPOINT((287.273081232648,5.86784279084532));
#9375=IFCCARTESIANPOINT((287.372715176229,12.6143534611911));
#9376=IFCCARTESIANPOINT((287.3792475503,12.6617193382699));
#9377=IFCCARTESIANPOINT((287.38604000854,12.7090506209643));
#9378=IFCCARTESIANPOINT((287.393092546467,12.7563473134651));
#9379=IFCCARTESIANPOINT((287.40040516897,12.8036094111158));
#9380=IFCCARTESIANPOINT((287.407977871713,12.8508369181072));
#9381=IFCCARTESIANPOINT((287.415810658887,12.8980298305978));
#9382=IFCCARTESIANPOINT((287.423859235219,12.9451345662237));
#9383=IFCCARTESIANPOINT((287.43212643775,12.9923291749437));
#9384=IFCCARTESIANPOINT((287.440650882811,13.039311143395));
#9385=IFCCARTESIANPOINT((287.449479705683,13.0863121012808));
#9386=IFCCARTESIANPOINT((287.458482863382,13.1333493468119));
#9387=IFCCARTESIANPOINT((287.4677875583,13.1802275349037));
#9388=IFCCARTESIANPOINT((287.477266585483,13.2271420124453));
#9389=IFCCARTESIANPOINT((287.487047151051,13.2738974316744));
#9390=IFCCARTESIANPOINT((287.497002051299,13.3206891385489));
#9391=IFCCARTESIANPOINT((287.507302783692,13.3673753708135));
#9392=IFCCARTESIANPOINT((287.517777847155,13.4140978935175));
#9393=IFCCARTESIANPOINT((287.528554450168,13.4606613570359));
#9394=IFCCARTESIANPOINT((287.539461091423,13.5072075264761));
#9395=IFCCARTESIANPOINT((287.550757859426,13.5537018045434));
#9396=IFCCARTESIANPOINT((287.56214037395,13.6001252030255));
#9397=IFCCARTESIANPOINT((287.573913014989,13.6464967103675));
#9398=IFCCARTESIANPOINT((287.585815692379,13.6928509252029));
#9399=IFCCARTESIANPOINT((287.598019909492,13.7390460806782));
#9400=IFCCARTESIANPOINT((287.610484209348,13.7852066434571));
#9401=IFCCARTESIANPOINT((287.623078550852,13.8313499090727));
#9402=IFCCARTESIANPOINT((287.636018721823,13.8773877026397));
#9403=IFCCARTESIANPOINT((287.649174683233,13.9233373181778));
#9404=IFCCARTESIANPOINT((287.662590725493,13.9692523426493));
#9405=IFCCARTESIANPOINT((287.676136809547,14.0151500700158));
#9406=IFCCARTESIANPOINT((287.690028725425,14.0609423231799));
#9407=IFCCARTESIANPOINT((287.704136427463,14.1066464020987));
#9408=IFCCARTESIANPOINT((287.718459919299,14.1522623037454));
#9409=IFCCARTESIANPOINT((287.73308495307,14.1977191441692));
#9410=IFCCARTESIANPOINT((287.747884315526,14.2432122771279));
#9411=IFCCARTESIANPOINT((287.762943765061,14.2886708137812));
#9412=IFCCARTESIANPOINT((287.778260457068,14.3339167101658));
#9413=IFCCARTESIANPOINT((287.793751480029,14.3791988972225));
#9414=IFCCARTESIANPOINT((287.809544043645,14.424322024337));
#9415=IFCCARTESIANPOINT((287.825466651382,14.4694278524839));
#9416=IFCCARTESIANPOINT((287.841735084134,14.5144282122492));
#9417=IFCCARTESIANPOINT((287.858175016037,14.559286808304));
#9418=IFCCARTESIANPOINT((287.874875029054,14.6041108131176));
#9419=IFCCARTESIANPOINT((287.89179083312,14.6488466394367));
#9420=IFCCARTESIANPOINT((287.908922425791,14.6934942894732));
#9421=IFCCARTESIANPOINT((287.926399848337,14.7380364671699));
#9422=IFCCARTESIANPOINT((287.943963019788,14.7825077635352));
#9423=IFCCARTESIANPOINT((287.961872022395,14.8268735864549));
#9424=IFCCARTESIANPOINT((287.979952518712,14.8710976502043));
#9425=IFCCARTESIANPOINT((287.998293099197,14.9152871200931));
#9426=IFCCARTESIANPOINT((288.016849469073,14.9593884129426));
#9427=IFCCARTESIANPOINT((288.035577336937,15.0033479432459));
#9428=IFCCARTESIANPOINT((288.054565281927,15.0472728853929));
#9429=IFCCARTESIANPOINT((288.073854768329,15.0910387671902));
#9430=IFCCARTESIANPOINT((288.093274296232,15.1347873523482));
#9431=IFCCARTESIANPOINT((288.112951065268,15.1783232984017));
#9432=IFCCARTESIANPOINT((288.132887920976,15.2218246487319));
#9433=IFCCARTESIANPOINT((288.15299627182,15.2651842386695));
#9434=IFCCARTESIANPOINT((288.173450450442,15.3084383583046));
#9435=IFCCARTESIANPOINT((288.193990382279,15.3516215928248));
#9436=IFCCARTESIANPOINT((288.214831845544,15.3946457752609));
#9437=IFCCARTESIANPOINT((288.235889102361,15.4375817772816));
#9438=IFCCARTESIANPOINT((288.257162148278,15.4804296029033));
#9439=IFCCARTESIANPOINT((288.278606687527,15.5231356698205));
#9440=IFCCARTESIANPOINT((288.300311311614,15.5658071422949));
#9441=IFCCARTESIANPOINT((288.322273182654,15.6082659710664));
#9442=IFCCARTESIANPOINT((288.344450839009,15.6506366265821));
#9443=IFCCARTESIANPOINT((288.366844283737,15.6929191061063));
#9444=IFCCARTESIANPOINT((288.389409226715,15.7350598229677));
#9445=IFCCARTESIANPOINT((288.41218996144,15.7771123611019));
#9446=IFCCARTESIANPOINT((288.435272232105,15.819005843543));
#9447=IFCCARTESIANPOINT((288.458440249145,15.8608284466318));
#9448=IFCCARTESIANPOINT((288.481909806782,15.9024919900112));
#9449=IFCCARTESIANPOINT((288.505595151189,15.9440673589124));
#9450=IFCCARTESIANPOINT((288.529537740833,15.9854300858569));
#9451=IFCCARTESIANPOINT((288.553610373317,16.0267755149398));
#9452=IFCCARTESIANPOINT((288.577984542906,16.0679618873983));
#9453=IFCCARTESIANPOINT((288.602530204778,16.1090065021999));
#9454=IFCCARTESIANPOINT((288.627247364027,16.1499093549792));
#9455=IFCCARTESIANPOINT((288.652266067133,16.1906531454879));
#9456=IFCCARTESIANPOINT((288.677414805134,16.2313796450617));
#9457=IFCCARTESIANPOINT((288.702820790146,16.2718935010489));
#9458=IFCCARTESIANPOINT((288.728398270963,16.3122655964107));
#9459=IFCCARTESIANPOINT((288.754191541695,16.3525495147333));
#9460=IFCCARTESIANPOINT((288.780286348367,16.3926743773627));
#9461=IFCCARTESIANPOINT((288.806508361537,16.4326038919971));
#9462=IFCCARTESIANPOINT((288.832946162351,16.4724452314549));
#9463=IFCCARTESIANPOINT((288.85959974982,16.5121983964927));
#9464=IFCCARTESIANPOINT((288.886424837779,16.5518097971217));
#9465=IFCCARTESIANPOINT((288.913507167978,16.591208558355));
#9466=IFCCARTESIANPOINT((288.940760994825,16.6304655583226));
#9467=IFCCARTESIANPOINT((288.968230613245,16.669634379854));
#9468=IFCCARTESIANPOINT((288.995871724794,16.7086614431464));
#9469=IFCCARTESIANPOINT((289.023814377288,16.747529446613));
#9470=IFCCARTESIANPOINT((289.051884230255,16.7862021072069));
#9471=IFCCARTESIANPOINT((289.080169874214,16.8247865898884));
#9472=IFCCARTESIANPOINT((289.108627014357,16.8632293117698));
#9473=IFCCARTESIANPOINT((289.13725564882,16.9015302745393));
#9474=IFCCARTESIANPOINT((289.166141532507,16.9396185918595));
#9475=IFCCARTESIANPOINT((291.165798407426,19.0917534637847));
#9476=IFCCARTESIANPOINT((291.180976737029,19.1092426697141));
#9477=IFCCARTESIANPOINT((291.196326565318,19.1265901129809));
#9478=IFCCARTESIANPOINT((291.211676396051,19.1439375542686));
#9479=IFCCARTESIANPOINT((291.227111968881,19.1612141202786));
#9480=IFCCARTESIANPOINT((291.242719040689,19.1783489233931));
#9481=IFCCARTESIANPOINT((291.258326112264,19.1954837267986));
#9482=IFCCARTESIANPOINT((291.273974641488,19.2124940631329));
#9483=IFCCARTESIANPOINT((291.289753209363,19.229487105913));
#9484=IFCCARTESIANPOINT((291.305658982747,19.2462848016876));
#9485=IFCCARTESIANPOINT((291.321609048813,19.2631360823289));
#9486=IFCCARTESIANPOINT((291.337600569153,19.2798628988676));
#9487=IFCCARTESIANPOINT((291.353677838604,19.2965188343078));
#9488=IFCCARTESIANPOINT((291.369840854954,19.3131038905121));
#9489=IFCCARTESIANPOINT((291.386089620355,19.329618065618));
#9490=IFCCARTESIANPOINT((291.402338385844,19.346132240782));
#9491=IFCCARTESIANPOINT((291.418758650398,19.3625046529924));
#9492=IFCCARTESIANPOINT((291.435220365907,19.3787526039523));
#9493=IFCCARTESIANPOINT((291.451767833059,19.3949296718929));
#9494=IFCCARTESIANPOINT((291.468359593564,19.4111603237689));
#9495=IFCCARTESIANPOINT((291.485078555095,19.4271956325974));
#9496=IFCCARTESIANPOINT((291.501838972472,19.4431064761011));
#9497=IFCCARTESIANPOINT((291.518643684423,19.4590709027834));
#9498=IFCCARTESIANPOINT((291.535575598449,19.4748399854871));
#9499=IFCCARTESIANPOINT((291.55255180769,19.4906626509037));
#9500=IFCCARTESIANPOINT((291.569569470506,19.5063608527416));
#9501=IFCCARTESIANPOINT((291.586714336503,19.5218637098442));
#9502=IFCCARTESIANPOINT((291.603903497919,19.5374201493687));
#9503=IFCCARTESIANPOINT((291.621134110843,19.5528521270608));
#9504=IFCCARTESIANPOINT((291.638494768617,19.5682668060181));
#9505=IFCCARTESIANPOINT((291.655938336509,19.5834325556061));
#9506=IFCCARTESIANPOINT((291.67342619496,19.5986518918071));
#9507=IFCCARTESIANPOINT((291.6909998052,19.6138003446395));
#9508=IFCCARTESIANPOINT((291.708614866773,19.6288243359304));
#9509=IFCCARTESIANPOINT((291.726229932712,19.6438483236707));
#9510=IFCCARTESIANPOINT((291.743972199882,19.6586769682472));
#9511=IFCCARTESIANPOINT((291.761800213921,19.673434733355));
#9512=IFCCARTESIANPOINT((291.779713981727,19.6881216136971));
#9513=IFCCARTESIANPOINT((291.797627743043,19.7028084995109));
#9514=IFCCARTESIANPOINT((291.81571300517,19.7173536210903));
#9515=IFCCARTESIANPOINT((291.833839723171,19.7317742773448));
#9516=IFCCARTESIANPOINT((291.851922145899,19.7461413509445));
#9517=IFCCARTESIANPOINT((291.870134610857,19.7604911280214));
#9518=IFCCARTESIANPOINT((291.888474276784,19.7746455621091));
#9519=IFCCARTESIANPOINT((291.906813947222,19.7887999922386));
#9520=IFCCARTESIANPOINT((291.925195069605,19.8028299605357));
#9521=IFCCARTESIANPOINT((291.943661940895,19.8167890479672));
#9522=IFCCARTESIANPOINT((291.962300310988,19.8306063728523));
#9523=IFCCARTESIANPOINT((291.980938680761,19.8444236979703));
#9524=IFCCARTESIANPOINT((291.999532757065,19.8581874390948));
#9525=IFCCARTESIANPOINT((292.018254035444,19.8717558363569));
#9526=IFCCARTESIANPOINT((292.037105357798,19.8853069352917));
#9527=IFCCARTESIANPOINT((292.055953838804,19.8986799882259));
#9528=IFCCARTESIANPOINT((292.074846614938,19.9121066238731));
#9529=IFCCARTESIANPOINT((292.093866596377,19.9253379127476));
#9530=IFCCARTESIANPOINT((292.112972325151,19.9384983223281));
#9531=IFCCARTESIANPOINT((292.132033758418,19.9516051493702));
#9532=IFCCARTESIANPOINT((292.15118094362,19.9646410932182));
#9533=IFCCARTESIANPOINT((292.170455331128,19.9774816928548));
#9534=IFCCARTESIANPOINT((292.189729719277,19.9903222921421));
#9535=IFCCARTESIANPOINT((292.209045558964,20.0030384297133));
#9536=IFCCARTESIANPOINT((292.228447152331,20.0156836823444));
#9537=IFCCARTESIANPOINT((292.247934490995,20.0282580573694));
#9538=IFCCARTESIANPOINT((292.267463285127,20.0407079673023));
#9539=IFCCARTESIANPOINT((292.286992079898,20.053157876886));
#9540=IFCCARTESIANPOINT((292.306648079742,20.0654124400462));
#9541=IFCCARTESIANPOINT((292.326259786059,20.0776134191547));
#9542=IFCCARTESIANPOINT((292.346087280399,20.0897262234939));
#9543=IFCCARTESIANPOINT((292.365826189693,20.1017318580998));
#9544=IFCCARTESIANPOINT((292.385736593977,20.1135957333609));
#9545=IFCCARTESIANPOINT((292.40564700056,20.1254596068175));
#9546=IFCCARTESIANPOINT((292.425598865142,20.1371990132029));
#9547=IFCCARTESIANPOINT((292.445636472112,20.1488675441942));
#9548=IFCCARTESIANPOINT((292.465715537459,20.1604116078815));
#9549=IFCCARTESIANPOINT((292.485750309919,20.1719020870514));
#9550=IFCCARTESIANPOINT((292.505956578447,20.1832508060033));
#9551=IFCCARTESIANPOINT((292.526248598966,20.1945286416449));
#9552=IFCCARTESIANPOINT((292.546496321622,20.2057528970181));
#9553=IFCCARTESIANPOINT((292.566785500705,20.2168526864843));
#9554=IFCCARTESIANPOINT((292.58724617571,20.2278107159655));
#9555=IFCCARTESIANPOINT((292.607662559923,20.2387151591829));
#9556=IFCCARTESIANPOINT((292.628120400652,20.249495136668));
#9557=IFCCARTESIANPOINT((292.648663988104,20.26020423515));
#9558=IFCCARTESIANPOINT((292.669207573432,20.2709133354365));
#9559=IFCCARTESIANPOINT((292.68983407304,20.2813735032105));
#9560=IFCCARTESIANPOINT((292.71059061095,20.2918163775466));
#9561=IFCCARTESIANPOINT((292.73125856492,20.3021520813345));
#9562=IFCCARTESIANPOINT((292.752012265642,20.3124169061775));
#9563=IFCCARTESIANPOINT((292.772807422298,20.3225572658121));
#9564=IFCCARTESIANPOINT((292.793688328617,20.3326267438824));
#9565=IFCCARTESIANPOINT((292.814610689209,20.3425717579084));
#9566=IFCCARTESIANPOINT((292.83557450556,20.3523923070752));
#9567=IFCCARTESIANPOINT((292.856624071108,20.3621419751435));
#9568=IFCCARTESIANPOINT((292.877629341267,20.3718380608479));
#9569=IFCCARTESIANPOINT((292.898761819204,20.3813387979753));
#9570=IFCCARTESIANPOINT((292.919894292689,20.3908395389444));
#9571=IFCCARTESIANPOINT((292.941068224754,20.4002158124349));
#9572=IFCCARTESIANPOINT((292.962283610483,20.4094676223467));
#9573=IFCCARTESIANPOINT((292.983498994552,20.4187194340047));
#9574=IFCCARTESIANPOINT((293.004841587681,20.4277758959215));
#9575=IFCCARTESIANPOINT((297.299967339,22.3522828746354));
#9576=IFCCARTESIANPOINT((297.321042438329,22.3636350136367));
#9577=IFCPOLYLINE((#9072,#9073,#9074,#9075,#9076,#9077,#9078,#9079,#9080,#9081,#9082,#9083,#9084,#9085,#9086,#9087,#9088,#9089,#9090,#9091,#9092,#9093,#9094,#9095,#9096,#9097,#9098,#9099,#9100,#9101,#9102,#9103,#9104,#9105,#9106,#9107,#9108,#9109,#9110,#9111,#9112,#9113,#9114,#9115,#9116,#9117,#9118,#9119,#9120,#9121,#9122,#9123,#9124,#9125,#9126,#9127,#9128,#9129,#9130,#9131,#9132,#9133,#9134,#9135,#9136,#9137,#9138,#9139,#9140,#9141,#9142,#9143,#9144,#9145,#9146,#9147,#9148,#9149,#9150,#9151,#9152,#9153,#9154,#9155,#9156,#9157,#9158,#9159,#9160,#9161,#9162,#9163,#9164,#9165,#9166,#9167,#9168,#9169,#9170,#9171,#9172,#9173,#9174,#9175,#9176,#9177,#9178,#9179,#9180,#9181,#9182,#9183,#9184,#9185,#9186,#9187,#9188,#9189,#9190,#9191,#9192,#9193,#9194,#9195,#9196,#9197,#9198,#9199,#9200,#9201,#9202,#9203,#9204,#9205,#9206,#9207,#9208,#9209,#9210,#9211,#9212,#9213,#9214,#9215,#9216,#9217,#9218,#9219,#9220,#9221,#9222,#9223,#9224,#9225,#9226,#9227,#9228,#9229,#9230,#9231,#9232,#9233,#9234,#9235,#9236,#9237,#9238,#9239,#9240,#9241,#9242,#9243,#9244,#9245,#9246,#9247,#9248,#9249,#9250,#9251,#9252,#9253,#9254,#9255,#9256,#9257,#9258,#9259,#9260,#9261,#9262,#9263,#9264,#9265,#9266,#9267,#9268,#9269,#9270,#9271,#9272,#9273,#9274,#9275,#9276,#9277,#9278,#9279,#9280,#9281,#9282,#9283,#9284,#9285,#9286,#9287,#9288,#9289,#9290,#9291,#9292,#9293,#9294,#9295,#9296,#9297,#9298,#9299,#9300,#9301,#9302,#9303,#9304,#9305,#9306,#9307,#9308,#9309,#9310,#9311,#9312,#9313,#9314,#9315,#9316,#9317,#9318,#9319,#9320,#9321,#9322,#9323,#9324,#9325,#9326,#9327,#9328,#9329,#9330,#9331,#9332,#9333,#9334,#9335,#9336,#9337,#9338,#9339,#9340,#9341,#9342,#9343,#9344,#9345,#9346,#9347,#9348,#9349,#9350,#9351,#9352,#9353,#9354,#9355,#9356,#9357,#9358,#9359,#9360,#9361,#9362,#9363,#9364,#9365,#9366,#9367,#9368,#9369,#9370,#9371,#9372,#9373,#9374,#9375,#9376,#9377,#9378,#9379,#9380,#9381,#9382,#9383,#9384,#9385,#9386,#9387,#9388,#9389,#9390,#9391,#9392,#9393,#9394,#9395,#9396,#9397,#9398,#9399,#9400,#9401,#9402,#9403,#9404,#9405,#9406,#9407,#9408,#9409,#9410,#9411,#9412,#9413,#9414,#9415,#9416,#9417,#9418,#9419,#9420,#9421,#9422,#9423,#9424,#9425,#9426,#9427,#9428,#9429,#9430,#9431,#9432,#9433,#9434,#9435,#9436,#9437,#9438,#9439,#9440,#9441,#9442,#9443,#9444,#9445,#9446,#9447,#9448,#9449,#9450,#9451,#9452,#9453,#9454,#9455,#9456,#9457,#9458,#9459,#9460,#9461,#9462,#9463,#9464,#9465,#9466,#9467,#9468,#9469,#9470,#9471,#9472,#9473,#9474,#9475,#9476,#9477,#9478,#9479,#9480,#9481,#9482,#9483,#9484,#9485,#9486,#9487,#9488,#9489,#9490,#9491,#9492,#9493,#9494,#9495,#9496,#9497,#9498,#9499,#9500,#9501,#9502,#9503,#9504,#9505,#9506,#9507,#9508,#9509,#9510,#9511,#9512,#9513,#9514,#9515,#9516,#9517,#9518,#9519,#9520,#9521,#9522,#9523,#9524,#9525,#9526,#9527,#9528,#9529,#9530,#9531,#9532,#9533,#9534,#9535,#9536,#9537,#9538,#9539,#9540,#9541,#9542,#9543,#9544,#9545,#9546,#9547,#9548,#9549,#9550,#9551,#9552,#9553,#9554,#9555,#9556,#9557,#9558,#9559,#9560,#9561,#9562,#9563,#9564,#9565,#9566,#9567,#9568,#9569,#9570,#9571,#9572,#9573,#9574,#9575,#9576));
#9578=IFCARBITRARYCLOSEDPROFILEDEF(.AREA.,$,#9577);
#9579=IFCEXTRUDEDAREASOLID(#9578,#9070,#9071,0.1);
#9580=IFCSHAPEREPRESENTATION(#11,'Body','SweptSolid',(#9579));
#9581=IFCPRODUCTDEFINITIONSHAPE($,$,(#9580));
#9582=IFCSLAB('2W3sdIhUT0sAHOZqi8SRUX',#5,'NL.IMRO.0772.EP5252688204-00',$,$,#9066,#9581,$,.NOTDEFINED.);
#9583=IFCSTYLEDITEM(#9579,(#3319),$);
#9584=IFCPROPERTYSINGLEVALUE('plan_id',$,IFCTEXT('NL.IMRO.0772.80190-0301'),$);
#9585=IFCPROPERTYSINGLEVALUE('plan_naam',$,IFCTEXT('Philipsdorp 2013'),$);
#9586=IFCPROPERTYSINGLEVALUE('id',$,IFCTEXT('NL.IMRO.0772.EP5252688204-00'),$);
#9587=IFCPROPERTYSINGLEVALUE('naam',$,IFCTEXT('Groen'),$);
#9588=IFCPROPERTYSINGLEVALUE('bestemmingshoofdgroep',$,IFCTEXT('groen'),$);
#9589=IFCPROPERTYSINGLEVALUE('verwijzing_naar_tekst',$,IFCTEXT('https://ruimtelijkeplannen.nl/documents/NL.IMRO.0772.80190-0301/r_NL.IMRO.0772.80190-0301_2.7.html'),$);
#9590=IFCPROPERTYSINGLEVALUE('plan_dossierstatus',$,IFCTEXT('geheel onherroepelijk in werking'),$);
#9591=IFCPROPERTYSINGLEVALUE('plan_besluitnummer',$,IFCTEXT('13R5357'),$);
#9592=IFCPROPERTYSINGLEVALUE('type_planobject',$,IFCTEXT('enkelbestemming'),$);
#9593=IFCPROPERTYSET('2G3jtDkobEtvviefF0Aiot',#5,'CPset_DSO-Enkelbestemming',$,(#9584,#9585,#9586,#9587,#9588,#9589,#9590,#9591,#9592));
#9594=IFCRELDEFINESBYPROPERTIES('2cN2utyO91xvMlHEEs1BIL',#5,$,$,(#9582),#9593);
#9595=IFCCARTESIANPOINT((0.,0.,-0.1));
#9596=IFCDIRECTION((0.,0.,1.));
#9597=IFCDIRECTION((1.,0.,0.));
#9598=IFCAXIS2PLACEMENT3D(#9595,#9596,#9597);
#9599=IFCLOCALPLACEMENT(#37,#9598);
#9600=IFCCARTESIANPOINT((0.,0.,0.));
#9601=IFCDIRECTION((0.,0.,1.));
#9602=IFCDIRECTION((1.,0.,0.));
#9603=IFCAXIS2PLACEMENT3D(#9600,#9601,#9602);
#9604=IFCDIRECTION((0.,0.,1.));
#9605=IFCCARTESIANPOINT((296.383766189188,27.2624008418643));
#9606=IFCCARTESIANPOINT((296.393955926847,27.2666957571055));
#9607=IFCCARTESIANPOINT((296.404104212445,27.2711151342373));
#9608=IFCCARTESIANPOINT((296.414296785777,27.275588100194));
#9609=IFCCARTESIANPOINT((296.424403615325,27.2801319426508));
#9610=IFCCARTESIANPOINT((296.434510441875,27.2846757874941));
#9611=IFCCARTESIANPOINT((296.444575813017,27.2893440972548));
#9612=IFCCARTESIANPOINT((296.454555435659,27.2940832871245));
#9613=IFCCARTESIANPOINT((296.464620808751,27.2987515953137));
#9614=IFCCARTESIANPOINT((296.474558975402,27.3036152504501));
#9615=IFCCARTESIANPOINT((296.484497142636,27.3084789051791));
#9616=IFCCARTESIANPOINT((296.494479604502,27.3133961430285));
#9617=IFCCARTESIANPOINT((296.504376315221,27.3183842634317));
#9618=IFCCARTESIANPOINT((296.514273028151,27.3233723820304));
#9619=IFCCARTESIANPOINT((296.524128282006,27.3284849683405));
#9620=IFCCARTESIANPOINT((296.533897790563,27.3336684324895));
#9621=IFCCARTESIANPOINT((296.543711591454,27.3389054815634));
#9622=IFCCARTESIANPOINT((296.55348109777,27.3440889474587));
#9623=IFCCARTESIANPOINT((296.563209150539,27.3493968765251));
#9624=IFCCARTESIANPOINT((296.572895749443,27.3548292690539));
#9625=IFCCARTESIANPOINT((296.582582343573,27.3602616657154));
#9626=IFCCARTESIANPOINT((296.592183192464,27.3657649398083));
#9627=IFCCARTESIANPOINT((296.601784041704,27.3712682137848));
#9628=IFCCARTESIANPOINT((296.611429181445,27.3768250742578));
#9629=IFCCARTESIANPOINT((296.620902824827,27.3825236948323));
#9630=IFCCARTESIANPOINT((296.630462215602,27.3881514359382));
#9631=IFCCARTESIANPOINT((296.63989440669,27.3939745188109));
#9632=IFCCARTESIANPOINT((296.649326593208,27.3997976052924));
#9633=IFCCARTESIANPOINT((296.65875878252,27.4056206895038));
#9634=IFCCARTESIANPOINT((296.668149512931,27.4115682413685));
#9635=IFCCARTESIANPOINT((296.677495953074,27.417462206562));
#9636=IFCCARTESIANPOINT((296.686800940457,27.4234806342865));
#9637=IFCCARTESIANPOINT((296.696064467455,27.429623530712));
#9638=IFCCARTESIANPOINT((296.7052837011,27.4357128432021));
#9639=IFCCARTESIANPOINT((296.714461480791,27.4419266190962));
#9640=IFCCARTESIANPOINT((296.723639260163,27.4481403951067));
#9641=IFCCARTESIANPOINT((296.732775585784,27.4544786346378));
#9642=IFCCARTESIANPOINT((296.741867615754,27.4607632919797));
#9643=IFCCARTESIANPOINT((296.750918194011,27.4671724107466));
#9644=IFCCARTESIANPOINT((296.759968767787,27.4735815334716));
#9645=IFCCARTESIANPOINT((296.768977889558,27.4801151180291));
#9646=IFCCARTESIANPOINT((296.777856966626,27.4866660010885));
#9647=IFCCARTESIANPOINT((296.786780336959,27.493270468316));
#9648=IFCCARTESIANPOINT((296.795703708689,27.4998749344959));
#9649=IFCCARTESIANPOINT((296.804541332036,27.5065502809593));
#9650=IFCCARTESIANPOINT((296.813337498199,27.5133500935044));
#9651=IFCCARTESIANPOINT((296.822089371999,27.5200963211246));
#9652=IFCCARTESIANPOINT((296.830799792748,27.5269670113921));
#9653=IFCCARTESIANPOINT((296.839424460777,27.5339085856103));
#9654=IFCCARTESIANPOINT((296.848049130145,27.5408501586644));
#9655=IFCCARTESIANPOINT((296.856718095572,27.5478453138494));
#9656=IFCCARTESIANPOINT((296.865257017547,27.5548577662557));
#9657=IFCCARTESIANPOINT((296.873754481232,27.5619946859661));
#9658=IFCCARTESIANPOINT((296.882251947216,27.5691316035227));
#9659=IFCCARTESIANPOINT((296.890663664031,27.5763394021778));
#9660=IFCCARTESIANPOINT((296.899075382447,27.583547199436));
#9661=IFCCARTESIANPOINT((296.907445645164,27.5908794616698));
#9662=IFCCARTESIANPOINT((296.91577161444,27.5981581398519));
#9663=IFCCARTESIANPOINT((296.924056124582,27.6055612857454));
#9664=IFCCARTESIANPOINT((296.932210597821,27.6129817237379));
#9665=IFCCARTESIANPOINT((296.94040936316,27.6204557469464));
#9666=IFCCARTESIANPOINT((296.94860812687,27.6279297715519));
#9667=IFCCARTESIANPOINT((296.956679685827,27.6355991417076));
#9668=IFCCARTESIANPOINT((296.964792700339,27.643144047237));
#9669=IFCCARTESIANPOINT((296.972734220064,27.6508307114127));
#9670=IFCCARTESIANPOINT((296.980720032036,27.6585709608044));
#9671=IFCCARTESIANPOINT((296.988661551324,27.6662576255039));
#9672=IFCCARTESIANPOINT((296.996561616746,27.6740687535494));
#9673=IFCCARTESIANPOINT((297.004375927994,27.6819507665932));
#9674=IFCCARTESIANPOINT((297.01214595043,27.6897791917436));
#9675=IFCCARTESIANPOINT((297.019874516875,27.6977320822189));
#9676=IFCCARTESIANPOINT((297.02760308134,27.7056849740911));
#9677=IFCCARTESIANPOINT((297.035245902225,27.7137087422307));
#9678=IFCCARTESIANPOINT((297.04284726287,27.7218569791876));
#9679=IFCCARTESIANPOINT((297.050404331618,27.7299516307539));
#9680=IFCCARTESIANPOINT((297.057961401268,27.7380462817382));
#9681=IFCCARTESIANPOINT((297.065432718809,27.7462118157418));
#9682=IFCCARTESIANPOINT((297.072862584464,27.7545018116361));
#9683=IFCCARTESIANPOINT((297.080248157465,27.7627382227802));
#9684=IFCCARTESIANPOINT((297.087547980336,27.7710455156048));
#9685=IFCCARTESIANPOINT((297.094806347828,27.779477273114));
#9686=IFCCARTESIANPOINT((297.102020421153,27.7878554469789));
#9687=IFCCARTESIANPOINT((297.109278790042,27.7962872034404));
#9688=IFCCARTESIANPOINT((297.116407114459,27.8047362581128));
#9689=IFCCARTESIANPOINT((297.123493984254,27.8133097767713));
#9690=IFCCARTESIANPOINT((297.130536561628,27.8218297105632));
#9691=IFCCARTESIANPOINT((297.137493391056,27.8304205240565));
#9692=IFCCARTESIANPOINT((297.144408764259,27.8391358030494));
#9693=IFCCARTESIANPOINT((297.151279844489,27.8477974975249));
#9694=IFCCARTESIANPOINT((297.158195215539,27.8565127783222));
#9695=IFCCARTESIANPOINT((297.164980548638,27.8652453519171));
#9696=IFCCARTESIANPOINT((297.171724424901,27.8741023913608));
#9697=IFCCARTESIANPOINT((297.178424007812,27.8829058467527));
#9698=IFCCARTESIANPOINT((297.185037842224,27.8917801824282));
#9699=IFCCARTESIANPOINT((297.191565928515,27.9007253981545));
#9700=IFCCARTESIANPOINT((297.198138306034,27.909724199737));
#9701=IFCCARTESIANPOINT((297.204666392558,27.9186694151722));
#9702=IFCCARTESIANPOINT((297.211108729534,27.9276855117641));
#9703=IFCCARTESIANPOINT((297.217465317546,27.9367724891636));
#9704=IFCCARTESIANPOINT((297.230181331543,27.955124492466));
#9705=IFCCARTESIANPOINT((297.24268155577,27.9735646718764));
#9706=IFCCARTESIANPOINT((297.254924537992,27.9922174892854));
#9707=IFCCARTESIANPOINT((297.267081764352,28.0109411929734));
#9708=IFCCARTESIANPOINT((297.278851708077,28.0298948298441));
#9709=IFCCARTESIANPOINT((297.290535903419,28.0489193468238));
#9710=IFCCARTESIANPOINT((297.301918555837,28.0681029239204));
#9711=IFCCARTESIANPOINT((297.31312971437,28.087428259023));
#9712=IFCCARTESIANPOINT((297.324125083076,28.106841770059));
#9713=IFCCARTESIANPOINT((297.334818911855,28.1264143386506));
#9714=IFCCARTESIANPOINT((297.345426993066,28.1460577869439));
#9715=IFCCARTESIANPOINT((297.355647786142,28.1659311726107));
#9716=IFCCARTESIANPOINT((297.365738536493,28.1858218552661));
#9717=IFCCARTESIANPOINT((297.375613498909,28.2058007122832));
#9718=IFCCARTESIANPOINT((297.385186922183,28.2259386262158));
#9719=IFCCARTESIANPOINT((297.394588846364,28.2462183022872));
#9720=IFCCARTESIANPOINT((297.403644940467,28.2666034493013));
#9721=IFCCARTESIANPOINT((297.412615284702,28.2870594776468));
#9722=IFCCARTESIANPOINT((297.421239801246,28.307620974665));
#9723=IFCCARTESIANPOINT((297.4296928166,28.3283242358593));
#9724=IFCCARTESIANPOINT((297.43788574604,28.3490620909142));
#9725=IFCCARTESIANPOINT((297.445862890891,28.3698881176533));
#9726=IFCCARTESIANPOINT((297.453538495727,28.3908732019481));
#9727=IFCCARTESIANPOINT((297.460954017617,28.4118928779499));
#9728=IFCCARTESIANPOINT((297.468283790571,28.4329834342934));
#9729=IFCCARTESIANPOINT((297.475267730566,28.4541794640827));
#9730=IFCCARTESIANPOINT((297.481905838678,28.4754809658625));
#9731=IFCCARTESIANPOINT((297.488413908024,28.4967997610802));
#9732=IFCCARTESIANPOINT((297.494706185185,28.5182067343849));
#9733=IFCCARTESIANPOINT((297.500696923438,28.5397727641393));
#9734=IFCCARTESIANPOINT((297.506383285305,28.5613198014908));
#9735=IFCCARTESIANPOINT((297.511983899836,28.582937718078));
#9736=IFCCARTESIANPOINT((297.517194389104,28.6046075226623));
#9737=IFCCARTESIANPOINT((297.522189090698,28.6263655016082));
#9738=IFCCARTESIANPOINT((297.526923706377,28.6481580742402));
#9739=IFCCARTESIANPOINT((297.531442530308,28.6700388244935));
#9740=IFCCARTESIANPOINT((297.53570127362,28.6919541643583));
#9741=IFCCARTESIANPOINT((297.539699936024,28.7139040941256));
#9742=IFCCARTESIANPOINT((297.543438509078,28.7358886206057));
#9743=IFCCARTESIANPOINT((297.546917006024,28.7579077330302));
#9744=IFCCARTESIANPOINT((297.550179706072,28.7800150271505));
#9745=IFCCARTESIANPOINT((297.553052286821,28.802174204553));
#9746=IFCCARTESIANPOINT((297.555880570813,28.8242798004649));
#9747=IFCCARTESIANPOINT((297.558318732918,28.8464372814633));
#9748=IFCCARTESIANPOINT((297.560541103856,28.8686829396174));
#9749=IFCCARTESIANPOINT((297.562459100067,28.8909096036805));
#9750=IFCCARTESIANPOINT((297.564161304559,28.9132244453649));
#9751=IFCCARTESIANPOINT((297.565644880204,28.9354494148865));
#9752=IFCCARTESIANPOINT((297.566782625159,28.9577798555256));
#9753=IFCCARTESIANPOINT((297.567701744236,28.9800204219064));
#9754=IFCCARTESIANPOINT((297.56840507334,29.0023491640459));
#9755=IFCCARTESIANPOINT((297.568804026261,29.0246589136659));
#9756=IFCCARTESIANPOINT((297.568942895887,29.0470032549347));
#9757=IFCCARTESIANPOINT((297.568907428154,29.0693113098387));
#9758=IFCCARTESIANPOINT((297.5685675891,29.0916003681486));
#9759=IFCCARTESIANPOINT((297.567923368799,29.1138704378973));
#9760=IFCCARTESIANPOINT((297.567063361028,29.1362286814838));
#9761=IFCCARTESIANPOINT((297.565940433968,29.158443466411));
#9762=IFCCARTESIANPOINT((297.564515964914,29.1808173106401));
#9763=IFCCARTESIANPOINT((297.562914325827,29.2029768152861));
#9764=IFCCARTESIANPOINT((297.56101114981,29.2252953749266));
#9765=IFCCARTESIANPOINT((297.558845051943,29.2474704782362));
#9766=IFCCARTESIANPOINT((297.556418870896,29.2696801731363));
#9767=IFCCARTESIANPOINT((297.553774063563,29.2917999938945));
#9768=IFCCARTESIANPOINT((297.55086917078,29.3139544082806));
#9769=IFCCARTESIANPOINT((297.547745653836,29.3360189466621));
#9770=IFCCARTESIANPOINT((297.5442320086,29.3581353756599));
#9771=IFCCARTESIANPOINT((297.540585487237,29.3800910488935));
#9772=IFCCARTESIANPOINT((297.536678882461,29.4020813138923));
#9773=IFCCARTESIANPOINT((297.532423609431,29.423999000981));
#9774=IFCCARTESIANPOINT((297.527993999742,29.4458804013557));
#9775=IFCCARTESIANPOINT((297.523345761438,29.4676719293348));
#9776=IFCCARTESIANPOINT((297.518393149658,29.4894444624078));
#9777=IFCCARTESIANPOINT((297.513221911126,29.5111271218047));
#9778=IFCCARTESIANPOINT((297.507746296149,29.5327907885658));
#9779=IFCCARTESIANPOINT((297.502052051132,29.5543645842699));
#9780=IFCCARTESIANPOINT((297.496183474519,29.5759020889527));
#9781=IFCCARTESIANPOINT((297.489966228924,29.5973670163658));
#9782=IFCCARTESIANPOINT((297.483530354657,29.6187420716742));
#9783=IFCCARTESIANPOINT((297.476831560925,29.6399736685562));
#9784=IFCCARTESIANPOINT((297.469872683811,29.6612398572615));
#9785=IFCCARTESIANPOINT((297.462780928065,29.6823452922399));
#9786=IFCCARTESIANPOINT((297.455340502755,29.7033781502978));
#9787=IFCCARTESIANPOINT((297.44772574259,29.7243747201283));
#9788=IFCCARTESIANPOINT((297.439848063543,29.7452278311248));
#9789=IFCCARTESIANPOINT((297.431666007644,29.7660619499511));
#9790=IFCCARTESIANPOINT((297.423306779325,29.7866817312897));
#9791=IFCCARTESIANPOINT((297.414687469573,29.8073361028801));
#9792=IFCCARTESIANPOINT((297.405890988564,29.8277761360514));
#9793=IFCCARTESIANPOINT((297.396790130384,29.8481971773435));
#9794=IFCCARTESIANPOINT((297.387426351517,29.8684747613734));
#9795=IFCCARTESIANPOINT((297.377929695387,29.8885915906285));
#9796=IFCCARTESIANPOINT((297.368128660746,29.908689428994));
#9797=IFCCARTESIANPOINT((297.358064707048,29.9286438088748));
#9798=IFCCARTESIANPOINT((297.347867873759,29.9484374355525));
#9799=IFCCARTESIANPOINT((297.337366669177,29.9682120658108));
#9800=IFCCARTESIANPOINT((297.32668828743,29.9877723624231));
#9801=IFCCARTESIANPOINT((297.315791281813,30.007242783031));
#9802=IFCCARTESIANPOINT((297.304631350824,30.0265697501018));
#9803=IFCCARTESIANPOINT((295.652828661172,33.3011652416317));
#9804=IFCCARTESIANPOINT((298.183988639998,34.4741235087276));
#9805=IFCCARTESIANPOINT((324.189297425823,45.4592701296788));
#9806=IFCCARTESIANPOINT((326.886631731206,42.5925098425942));
#9807=IFCCARTESIANPOINT((327.767426251463,41.7732584862388));
#9808=IFCCARTESIANPOINT((328.085674517235,41.4550849762745));
#9809=IFCCARTESIANPOINT((330.096767143317,39.4451018692343));
#9810=IFCCARTESIANPOINT((327.561769973516,36.9052880764357));
#9811=IFCCARTESIANPOINT((323.421476870863,32.7567596714944));
#9812=IFCCARTESIANPOINT((313.611101590068,22.8934794681263));
#9813=IFCCARTESIANPOINT((309.849673568475,19.1050190568785));
#9814=IFCCARTESIANPOINT((306.837491254992,16.0722906803712));
#9815=IFCCARTESIANPOINT((304.965442116052,14.2026937265182));
#9816=IFCCARTESIANPOINT((303.484366180055,12.2391072948813));
#9817=IFCCARTESIANPOINT((301.600183597999,9.74193239951273));
#9818=IFCCARTESIANPOINT((299.29520852954,6.75717707088916));
#9819=IFCCARTESIANPOINT((295.747779176862,2.16422907874221));
#9820=IFCCARTESIANPOINT((287.268742023822,-8.88369459850946));
#9821=IFCCARTESIANPOINT((284.046935583901,-13.0802384569542));
#9822=IFCCARTESIANPOINT((281.426307916845,-16.4930950487615));
#9823=IFCCARTESIANPOINT((280.611413345789,-17.5567946158117));
#9824=IFCCARTESIANPOINT((276.514509945147,-22.9087056047865));
#9825=IFCCARTESIANPOINT((274.495184922445,-21.5449842287926));
#9826=IFCCARTESIANPOINT((274.146232744126,-21.2702419860871));
#9827=IFCCARTESIANPOINT((273.797280569648,-20.9954997443128));
#9828=IFCCARTESIANPOINT((269.714764990873,-17.8617121803691));
#9829=IFCCARTESIANPOINT((264.453772251989,-12.7051225025207));
#9830=IFCCARTESIANPOINT((266.44231800735,-12.18252376694));
#9831=IFCCARTESIANPOINT((279.310817318416,4.43081084580626));
#9832=IFCCARTESIANPOINT((280.339514538733,5.75892962299986));
#9833=IFCCARTESIANPOINT((281.537222577725,7.43522095825756));
#9834=IFCCARTESIANPOINT((281.555985269631,7.46228475793032));
#9835=IFCCARTESIANPOINT((281.574662217259,7.48941943515092));
#9836=IFCCARTESIANPOINT((281.59303762301,7.51671317365253));
#9837=IFCCARTESIANPOINT((281.611327282066,7.54407779168105));
#9838=IFCCARTESIANPOINT((281.629445444705,7.5715841712663));
#9839=IFCCARTESIANPOINT((281.647433567356,7.59910784615204));
#9840=IFCCARTESIANPOINT((281.665294484614,7.62682686862536));
#9841=IFCCARTESIANPOINT((281.682895317295,7.65458048542496));
#9842=IFCCARTESIANPOINT((281.700368951191,7.68252944445703));
#9843=IFCCARTESIANPOINT((281.717712542042,7.71049570129253));
#9844=IFCCARTESIANPOINT((281.734884632664,7.73860372271156));
#9845=IFCCARTESIANPOINT((281.7518409357,7.76679991959827));
#9846=IFCCARTESIANPOINT((281.76871149175,7.79506699624471));
#9847=IFCCARTESIANPOINT((281.78536625675,7.82342225121101));
#9848=IFCCARTESIANPOINT((281.801893818047,7.85197285254253));
#9849=IFCCARTESIANPOINT((281.81816129628,7.88055804680334));
#9850=IFCCARTESIANPOINT((281.834343025956,7.90921412216267));
#9851=IFCCARTESIANPOINT((281.850353261136,7.9380119573907));
#9852=IFCCARTESIANPOINT((281.866147702589,7.96689797303407));
#9853=IFCCARTESIANPOINT((281.88181210772,7.99580128089292));
#9854=IFCCARTESIANPOINT((281.897305014689,8.0248463517637));
#9855=IFCCARTESIANPOINT((281.912626420642,8.05403318797471));
#9856=IFCCARTESIANPOINT((281.927817788644,8.08323731744895));
#9857=IFCCARTESIANPOINT((281.942707618116,8.11260050552664));
#9858=IFCCARTESIANPOINT((281.957597445318,8.14196369540878));
#9859=IFCCARTESIANPOINT((281.972185737162,8.17148594115861));
#9860=IFCCARTESIANPOINT((281.986643987126,8.20102548372233));
#9861=IFCCARTESIANPOINT((282.000930739188,8.23070678877411));
#9862=IFCCARTESIANPOINT((282.015087449923,8.26040539023234));
#9863=IFCCARTESIANPOINT((282.028942624223,8.29026304843137));
#9864=IFCCARTESIANPOINT((282.042712050112,8.32019158743788));
#9865=IFCCARTESIANPOINT((282.056351429695,8.35013742675073));
#9866=IFCCARTESIANPOINT((282.069775027136,8.38017143710749));
#9867=IFCCARTESIANPOINT((282.083027121553,8.41034721420147));
#9868=IFCCARTESIANPOINT((282.096063428675,8.4406111665885));
#9869=IFCCARTESIANPOINT((282.108969692752,8.47089241648791));
#9870=IFCCARTESIANPOINT((282.121660167963,8.50126184301917));
#9871=IFCCARTESIANPOINT((282.134220602573,8.53164856514195));
#9872=IFCCARTESIANPOINT((282.146609538235,8.56217705074232));
#9873=IFCCARTESIANPOINT((282.158738390863,8.5927401293302));
#9874=IFCCARTESIANPOINT((282.170695747569,8.62344496889273));
#9875=IFCCARTESIANPOINT((282.182523063704,8.65416710398858));
#9876=IFCCARTESIANPOINT((282.194220337406,8.684906536364));
#9877=IFCCARTESIANPOINT((282.205616074236,8.71580502571305));
#9878=IFCCARTESIANPOINT((282.21692606181,8.74677439639345));
#9879=IFCCARTESIANPOINT((282.228061713715,8.77770748012699));
#9880=IFCCARTESIANPOINT((282.23898157556,8.80872874119086));
#9881=IFCCARTESIANPOINT((282.249729943898,8.83989176113391));
#9882=IFCCARTESIANPOINT((282.260218224314,8.87108937819721));
#9883=IFCCARTESIANPOINT((282.270620759838,8.90235787304118));
#9884=IFCCARTESIANPOINT((282.280763210525,8.93366096232785));
#9885=IFCCARTESIANPOINT((282.290775620233,8.96498134749709));
#9886=IFCCARTESIANPOINT((282.300616534456,8.99644349311711));
#9887=IFCCARTESIANPOINT((282.31028311199,9.02786935254699));
#9888=IFCCARTESIANPOINT((282.319733899931,9.05938338901615));
#9889=IFCCARTESIANPOINT((282.329013191949,9.09103918628534));
#9890=IFCCARTESIANPOINT((282.338118147367,9.12265869724797));
#9891=IFCCARTESIANPOINT((282.347007313743,9.15436638466781));
#9892=IFCCARTESIANPOINT((282.355766439345,9.18609136791201));
#9893=IFCCARTESIANPOINT((282.364265482145,9.21785094379447));
#9894=IFCCARTESIANPOINT((282.372593024076,9.24975228466792));
#9895=IFCCARTESIANPOINT((282.380746237643,9.28161733230809));
#9896=IFCCARTESIANPOINT((282.38868365786,9.31357056013076));
#9897=IFCCARTESIANPOINT((282.396491038002,9.34554108296288));
#9898=IFCCARTESIANPOINT((282.40408262689,9.37759978411486));
#9899=IFCCARTESIANPOINT((282.411544172588,9.40967578312848));
#9900=IFCCARTESIANPOINT((282.418745640432,9.44178637064761));
#9901=IFCCARTESIANPOINT((282.425817062351,9.47391425806563));
#9902=IFCCARTESIANPOINT((282.432672695111,9.5061303221737));
#9903=IFCCARTESIANPOINT((282.439268242888,9.53838098072447));
#9904=IFCCARTESIANPOINT((282.445733752305,9.57064893300412));
#9905=IFCCARTESIANPOINT((282.452069218562,9.60293418285437));
#9906=IFCCARTESIANPOINT((282.458188893535,9.63530761131551));
#9907=IFCCARTESIANPOINT((282.46404848728,9.66771563090151));
#9908=IFCCARTESIANPOINT((282.469778043684,9.70014094340149));
#9909=IFCCARTESIANPOINT((282.475333258888,9.7325299733202));
#9910=IFCCARTESIANPOINT((282.480672684498,9.76500718010357));
#9911=IFCCARTESIANPOINT((282.485796323017,9.79757256159792));
#9912=IFCCARTESIANPOINT((282.490745624789,9.83010165707674));
#9913=IFCCARTESIANPOINT((282.495564884535,9.86264804913662));
#9914=IFCCARTESIANPOINT((282.500168356899,9.89528261625674));
#9915=IFCCARTESIANPOINT((282.504511743522,9.92795177851804));
#9916=IFCCARTESIANPOINT((282.508680797095,9.96058465144597));
#9917=IFCCARTESIANPOINT((282.512719807564,9.99323482188629));
#9918=IFCCARTESIANPOINT((282.516543030419,10.0259731676197));
#9919=IFCCARTESIANPOINT((282.520191918069,10.0586752257659));
#9920=IFCCARTESIANPOINT((282.523580719891,10.0914118790533));
#9921=IFCCARTESIANPOINT((282.52683947896,10.1241658296785));
#9922=IFCCARTESIANPOINT((282.529838162096,10.1569543672376));
#9923=IFCCARTESIANPOINT((282.532706797996,10.1897602056852));
#9924=IFCCARTESIANPOINT((282.535401099507,10.2225297560217));
#9925=IFCCARTESIANPOINT((282.537879612268,10.255387482408));
#9926=IFCCARTESIANPOINT((282.540183790406,10.2882089209161));
#9927=IFCCARTESIANPOINT((282.542272175691,10.3211185389082));
#9928=IFCCARTESIANPOINT((282.544141935214,10.3539382827585));
#9929=IFCCARTESIANPOINT((282.545925945131,10.3868289082311));
#9930=IFCCARTESIANPOINT((282.547405581572,10.4197005400201));
#9931=IFCCARTESIANPOINT((282.548755177326,10.4525894673425));
#9932=IFCCARTESIANPOINT((282.549844685418,10.4855129913194));
#9933=IFCCARTESIANPOINT((282.5765694734,14.6420974804205));
#9934=IFCCARTESIANPOINT((282.577914450871,14.7537326748134));
#9935=IFCCARTESIANPOINT((282.580604135932,14.865248486225));
#9936=IFCCARTESIANPOINT((282.584425572742,14.9769111441565));
#9937=IFCCARTESIANPOINT((282.589591715747,15.088454420038));
#9938=IFCCARTESIANPOINT((282.595972518699,15.1998956147581));
#9939=IFCCARTESIANPOINT((282.603698026767,15.3112174283597));
#9940=IFCCARTESIANPOINT((282.612596740742,15.4225616246113));
#9941=IFCCARTESIANPOINT((282.622795871779,15.5337328514433));
#9942=IFCCARTESIANPOINT((282.634209660464,15.6448019990348));
#9943=IFCCARTESIANPOINT((282.646838113753,15.7557690611575));
#9944=IFCCARTESIANPOINT((282.660722685192,15.8665095748729));
#9945=IFCCARTESIANPOINT((282.675951960642,15.9771307086921));
#9946=IFCCARTESIANPOINT((282.69230731306,16.0875425901031));
#9947=IFCCARTESIANPOINT((282.709963076079,16.1977815079154));
#9948=IFCCARTESIANPOINT((282.728874961002,16.3077938738861));
#9949=IFCCARTESIANPOINT((282.749042957992,16.4175796966301));
#9950=IFCCARTESIANPOINT((282.770381330862,16.5272098466521));
#9951=IFCCARTESIANPOINT((282.792931522854,16.6365598689881));
#9952=IFCCARTESIANPOINT((282.816823585978,16.7456124584423));
#9953=IFCCARTESIANPOINT((282.841841723595,16.854455797933));
#9954=IFCCARTESIANPOINT((282.868157434976,16.9629481239826));
#9955=IFCCARTESIANPOINT((282.89564067914,17.0711067326483));
#9956=IFCCARTESIANPOINT((282.924380040873,17.1790387940709));
#9957=IFCCARTESIANPOINT((282.954286933847,17.2866371393902));
#9958=IFCCARTESIANPOINT((282.985447108193,17.3938308866345));
#9959=IFCCARTESIANPOINT((283.017774812848,17.5006909189397));
#9960=IFCCARTESIANPOINT((283.051355798583,17.6071463536937));
#9961=IFCCARTESIANPOINT((283.086104318179,17.7132680705981));
#9962=IFCCARTESIANPOINT((283.122061822127,17.8189316088683));
#9963=IFCCARTESIANPOINT((283.159142566059,17.9242078456446));
#9964=IFCCARTESIANPOINT((283.197476592497,18.0290794842294));
#9965=IFCCARTESIANPOINT((283.236933855223,18.1335638246383));
#9966=IFCCARTESIANPOINT((283.277555813052,18.237536399276));
#9967=IFCCARTESIANPOINT((283.319386758434,18.3410507928929));
#9968=IFCCARTESIANPOINT((283.3624266939,18.4441070036846));
#9969=IFCCARTESIANPOINT((283.406587024831,18.5465978698921));
#9970=IFCCARTESIANPOINT((283.45187060014,18.6487014317536));
#9971=IFCCARTESIANPOINT((283.498360324011,18.750168765022));
#9972=IFCCARTESIANPOINT((283.545928992331,18.851195215364));
#9973=IFCCARTESIANPOINT((283.594618063333,18.9516563155921));
#9974=IFCCARTESIANPOINT((283.644513285341,19.051481185481));
#9975=IFCCARTESIANPOINT((283.695487451623,19.1508651729091));
#9976=IFCCARTESIANPOINT((283.747537725983,19.2496302276268));
#9977=IFCCARTESIANPOINT((283.800794152688,19.3477590508992));
#9978=IFCCARTESIANPOINT((283.855040938157,19.4453398231417));
#9979=IFCCARTESIANPOINT((283.910449578456,19.5422307836125));
#9980=IFCCARTESIANPOINT((283.966978622077,19.6385563940858));
#9981=IFCCARTESIANPOINT((284.024539482692,19.734209486458));
#9982=IFCCARTESIANPOINT((284.083176451415,19.8292436465854));
#9983=IFCCARTESIANPOINT((284.142930983973,19.9235344093759));
#9984=IFCCARTESIANPOINT((284.203631585027,20.0172235349892));
#9985=IFCCARTESIANPOINT((284.265449746948,20.1101692658267));
#9986=IFCCARTESIANPOINT((284.328299726651,20.202442478505));
#9987=IFCCARTESIANPOINT((284.39226727144,20.293972293206));
#9988=IFCCARTESIANPOINT((284.457136592333,20.3848468862707));
#9989=IFCCARTESIANPOINT((284.523079180013,20.4749245015555));
#9990=IFCCARTESIANPOINT((284.590009294596,20.5642760128248));
#9991=IFCCARTESIANPOINT((284.658012676256,20.652830546489));
#9992=IFCCARTESIANPOINT((284.726959292631,20.7406053910963));
#9993=IFCCARTESIANPOINT((284.796893429913,20.8276541372179));
#9994=IFCCARTESIANPOINT((284.867770795565,20.9139231998124));
#9995=IFCCARTESIANPOINT((284.939677142131,20.9993416952784));
#9996=IFCCARTESIANPOINT((285.012526719918,21.0839805051801));
#9997=IFCCARTESIANPOINT((285.086275231588,21.1677860487835));
#9998=IFCCARTESIANPOINT((285.161008432944,21.2506874397513));
#9999=IFCCARTESIANPOINT((285.236684861855,21.3328091484727));
#10000=IFCCARTESIANPOINT((285.313260230556,21.4140975865885));
#10001=IFCCARTESIANPOINT((285.39069024229,21.4944991727825));
#10002=IFCCARTESIANPOINT((285.469104938471,21.5739966109395));
#10003=IFCCARTESIANPOINT((285.548374281934,21.6526071940898));
#10004=IFCCARTESIANPOINT((285.628498268401,21.7303309254348));
#10005=IFCCARTESIANPOINT((285.709562647622,21.8070969238761));
#10006=IFCCARTESIANPOINT((285.791481673514,21.8829760677763));
#10007=IFCCARTESIANPOINT((285.874125301634,21.9579856562777));
#10008=IFCCARTESIANPOINT((285.957709324401,22.0320375104784));
#10009=IFCCARTESIANPOINT((286.042189447413,22.1050780473161));
#10010=IFCCARTESIANPOINT((286.127349875373,22.1771954479627));
#10011=IFCCARTESIANPOINT((286.213364954165,22.2484259913326));
#10012=IFCCARTESIANPOINT((286.30023184212,22.3185916316579));
#10013=IFCCARTESIANPOINT((286.387864782591,22.3877632563817));
#10014=IFCCARTESIANPOINT((286.476178038196,22.456011737173));
#10015=IFCCARTESIANPOINT((286.565343103022,22.5231953149778));
#10016=IFCCARTESIANPOINT((286.655274223303,22.5893848751439));
#10017=IFCCARTESIANPOINT((286.745841362892,22.6545977094793));
#10018=IFCCARTESIANPOINT((286.837260312052,22.7187456409447));
#10019=IFCCARTESIANPOINT((286.929315278685,22.7819168483256));
#10020=IFCCARTESIANPOINT((287.022092008119,22.844040453725));
#10021=IFCCARTESIANPOINT((287.115546215937,22.9050628657569));
#10022=IFCCARTESIANPOINT((287.209722188622,22.9650376743521));
#10023=IFCCARTESIANPOINT((287.304619928182,23.023964877706));
#10024=IFCCARTESIANPOINT((287.400065101363,23.0818081869511));
#10025=IFCCARTESIANPOINT((287.496232040168,23.1386038922356));
#10026=IFCCARTESIANPOINT((287.592946410499,23.1943157053902));
#10027=IFCCARTESIANPOINT((287.690379712032,23.248801862821));
#10028=IFCCARTESIANPOINT((287.78836328318,23.302382177033));
#10029=IFCCARTESIANPOINT((287.886935741437,23.3547541340813));
#10030=IFCCARTESIANPOINT((287.986141382862,23.4059713160968));
#10031=IFCCARTESIANPOINT((288.085894456162,23.4561046059825));
#10032=IFCCARTESIANPOINT((288.186194961541,23.5051540033892));
#10033=IFCCARTESIANPOINT((296.373532158876,27.2580523421057));
#10034=IFCCARTESIANPOINT((296.383766189188,27.2624008418643));
#10035=IFCPOLYLINE((#9605,#9606,#9607,#9608,#9609,#9610,#9611,#9612,#9613,#9614,#9615,#9616,#9617,#9618,#9619,#9620,#9621,#9622,#9623,#9624,#9625,#9626,#9627,#9628,#9629,#9630,#9631,#9632,#9633,#9634,#9635,#9636,#9637,#9638,#9639,#9640,#9641,#9642,#9643,#9644,#9645,#9646,#9647,#9648,#9649,#9650,#9651,#9652,#9653,#9654,#9655,#9656,#9657,#9658,#9659,#9660,#9661,#9662,#9663,#9664,#9665,#9666,#9667,#9668,#9669,#9670,#9671,#9672,#9673,#9674,#9675,#9676,#9677,#9678,#9679,#9680,#9681,#9682,#9683,#9684,#9685,#9686,#9687,#9688,#9689,#9690,#9691,#9692,#9693,#9694,#9695,#9696,#9697,#9698,#9699,#9700,#9701,#9702,#9703,#9704,#9705,#9706,#9707,#9708,#9709,#9710,#9711,#9712,#9713,#9714,#9715,#9716,#9717,#9718,#9719,#9720,#9721,#9722,#9723,#9724,#9725,#9726,#9727,#9728,#9729,#9730,#9731,#9732,#9733,#9734,#9735,#9736,#9737,#9738,#9739,#9740,#9741,#9742,#9743,#9744,#9745,#9746,#9747,#9748,#9749,#9750,#9751,#9752,#9753,#9754,#9755,#9756,#9757,#9758,#9759,#9760,#9761,#9762,#9763,#9764,#9765,#9766,#9767,#9768,#9769,#9770,#9771,#9772,#9773,#9774,#9775,#9776,#9777,#9778,#9779,#9780,#9781,#9782,#9783,#9784,#9785,#9786,#9787,#9788,#9789,#9790,#9791,#9792,#9793,#9794,#9795,#9796,#9797,#9798,#9799,#9800,#9801,#9802,#9803,#9804,#9805,#9806,#9807,#9808,#9809,#9810,#9811,#9812,#9813,#9814,#9815,#9816,#9817,#9818,#9819,#9820,#9821,#9822,#9823,#9824,#9825,#9826,#9827,#9828,#9829,#9830,#9831,#9832,#9833,#9834,#9835,#9836,#9837,#9838,#9839,#9840,#9841,#9842,#9843,#9844,#9845,#9846,#9847,#9848,#9849,#9850,#9851,#9852,#9853,#9854,#9855,#9856,#9857,#9858,#9859,#9860,#9861,#9862,#9863,#9864,#9865,#9866,#9867,#9868,#9869,#9870,#9871,#9872,#9873,#9874,#9875,#9876,#9877,#9878,#9879,#9880,#9881,#9882,#9883,#9884,#9885,#9886,#9887,#9888,#9889,#9890,#9891,#9892,#9893,#9894,#9895,#9896,#9897,#9898,#9899,#9900,#9901,#9902,#9903,#9904,#9905,#9906,#9907,#9908,#9909,#9910,#9911,#9912,#9913,#9914,#9915,#9916,#9917,#9918,#9919,#9920,#9921,#9922,#9923,#9924,#9925,#9926,#9927,#9928,#9929,#9930,#9931,#9932,#9933,#9934,#9935,#9936,#9937,#9938,#9939,#9940,#9941,#9942,#9943,#9944,#9945,#9946,#9947,#9948,#9949,#9950,#9951,#9952,#9953,#9954,#9955,#9956,#9957,#9958,#9959,#9960,#9961,#9962,#9963,#9964,#9965,#9966,#9967,#9968,#9969,#9970,#9971,#9972,#9973,#9974,#9975,#9976,#9977,#9978,#9979,#9980,#9981,#9982,#9983,#9984,#9985,#9986,#9987,#9988,#9989,#9990,#9991,#9992,#9993,#9994,#9995,#9996,#9997,#9998,#9999,#10000,#10001,#10002,#10003,#10004,#10005,#10006,#10007,#10008,#10009,#10010,#10011,#10012,#10013,#10014,#10015,#10016,#10017,#10018,#10019,#10020,#10021,#10022,#10023,#10024,#10025,#10026,#10027,#10028,#10029,#10030,#10031,#10032,#10033,#10034));
#10036=IFCCARTESIANPOINT((287.272344756668,5.85979258420411));
#10037=IFCCARTESIANPOINT((287.271649740316,5.8516179084545));
#10038=IFCCARTESIANPOINT((287.270999015716,5.8434968185029));
#10039=IFCCARTESIANPOINT((287.27047833128,5.83535843301797));
#10040=IFCCARTESIANPOINT((287.269827604265,5.82723734504543));
#10041=IFCCARTESIANPOINT((287.269306919305,5.81909896008437));
#10042=IFCCARTESIANPOINT((287.268786235101,5.8109605742502));
#10043=IFCCARTESIANPOINT((287.268351299368,5.80275130772498));
#10044=IFCCARTESIANPOINT((287.267874910671,5.7946665044874));
#10045=IFCCARTESIANPOINT((287.26748426634,5.78651082381839));
#10046=IFCCARTESIANPOINT((287.267093624076,5.77835514134495));
#10047=IFCCARTESIANPOINT((287.266747274814,5.77025304333074));
#10048=IFCCARTESIANPOINT((287.266486675566,5.76208006317029));
#10049=IFCCARTESIANPOINT((287.26622607332,5.75390708539635));
#10050=IFCCARTESIANPOINT((287.265965471888,5.74573410698213));
#10051=IFCCARTESIANPOINT((287.265749165672,5.73761471133912));
#10052=IFCCARTESIANPOINT((287.265618606325,5.72942443581996));
#10053=IFCCARTESIANPOINT((287.26540229519,5.72130504425149));
#10054=IFCCARTESIANPOINT((287.265316028876,5.71316835330799));
#10055=IFCCARTESIANPOINT((287.26522976486,5.70503166056005));
#10056=IFCCARTESIANPOINT((287.265229243902,5.69682409131201));
#10057=IFCCARTESIANPOINT((287.265228727338,5.68861651845509));
#10058=IFCCARTESIANPOINT((287.26527250107,5.6804625322693));
#10059=IFCCARTESIANPOINT((287.265316275036,5.67230854585068));
#10060=IFCCARTESIANPOINT((287.265404345322,5.66420814133016));
#10061=IFCCARTESIANPOINT((287.265533866535,5.65598327497719));
#10062=IFCCARTESIANPOINT((287.265707682673,5.64781199157005));
#10063=IFCCARTESIANPOINT((287.26592579289,5.63969429180725));
#10064=IFCCARTESIANPOINT((287.266143903136,5.63157659210265));
#10065=IFCCARTESIANPOINT((287.26636201283,5.62345889274729));
#10066=IFCCARTESIANPOINT((287.266665871342,5.61527031200239));
#10067=IFCCARTESIANPOINT((287.267014021869,5.60713531688089));
#10068=IFCCARTESIANPOINT((287.267362172337,5.59900032164296));
#10069=IFCCARTESIANPOINT((287.267796073953,5.59079444321105));
#10070=IFCCARTESIANPOINT((287.268188515474,5.5827130341786));
#10071=IFCCARTESIANPOINT((287.268666708143,5.57456074189395));
#10072=IFCCARTESIANPOINT((287.269144900521,5.56640844984213));
#10073=IFCCARTESIANPOINT((287.269708839798,5.55818527808879));
#10074=IFCCARTESIANPOINT((287.270231328817,5.55008656764403));
#10075=IFCCARTESIANPOINT((287.270883854973,5.54197056428529));
#10076=IFCCARTESIANPOINT((287.271492088126,5.5338009762927));
#10077=IFCCARTESIANPOINT((287.272144613991,5.52568497316679));
#10078=IFCCARTESIANPOINT((287.272927182901,5.51755167235387));
#10079=IFCCARTESIANPOINT((287.273579709319,5.50943566864589));
#10080=IFCCARTESIANPOINT((287.2743622782,5.50130236783298));
#10081=IFCCARTESIANPOINT((287.275189139735,5.49322265165392));
#10082=IFCCARTESIANPOINT((287.275971709256,5.48508935037535));
#10083=IFCCARTESIANPOINT((287.276884318009,5.47693875432014));
#10084=IFCCARTESIANPOINT((287.277755475341,5.46891262038844));
#10085=IFCCARTESIANPOINT((287.27866808229,5.46076202596305));
#10086=IFCCARTESIANPOINT((287.279624987103,5.45266501180595));
#10087=IFCCARTESIANPOINT((287.280711929576,5.44455070467666));
#10088=IFCCARTESIANPOINT((287.281713128235,5.43650727439672));
#10089=IFCCARTESIANPOINT((287.282800072193,5.42839296581224));
#10090=IFCCARTESIANPOINT((287.28388701487,5.4202786583337));
#10091=IFCCARTESIANPOINT((287.285018253169,5.41221793310251));
#10092=IFCCARTESIANPOINT((287.286149493448,5.40415720629971));
#10093=IFCCARTESIANPOINT((287.287410769903,5.39607918751426));
#10094=IFCCARTESIANPOINT((287.288586301816,5.38807204639306));
#10095=IFCCARTESIANPOINT((287.289847580483,5.37999402574496));
#10096=IFCCARTESIANPOINT((287.291238900652,5.3718987085158));
#10097=IFCCARTESIANPOINT((287.292544472875,5.36387427191949));
#10098=IFCCARTESIANPOINT((287.293850044749,5.35584983561421));
#10099=IFCCARTESIANPOINT((287.295285661152,5.34780810016673));
#10100=IFCCARTESIANPOINT((287.296721273364,5.33976636844454));
#10101=IFCCARTESIANPOINT((287.298156887409,5.33172463503433));
#10102=IFCCARTESIANPOINT((287.299636795215,5.32373648555949));
#10103=IFCCARTESIANPOINT((287.301202447328,5.31567745853681));
#10104=IFCCARTESIANPOINT((287.302812397684,5.30767201178242));
#10105=IFCCARTESIANPOINT((287.304422347719,5.29966656520264));
#10106=IFCCARTESIANPOINT((287.306032296066,5.29166112007806));
#10107=IFCCARTESIANPOINT((287.307686537213,5.28370925952913));
#10108=IFCCARTESIANPOINT((287.309340778884,5.27575739874737));
#10109=IFCCARTESIANPOINT((287.311080768501,5.26773465715814));
#10110=IFCCARTESIANPOINT((287.312865050189,5.25976550101768));
#10111=IFCCARTESIANPOINT((287.314649335895,5.25179634155938));
#10112=IFCCARTESIANPOINT((287.316477911285,5.24388076929608));
#10113=IFCCARTESIANPOINT((287.318306488451,5.23596519575221));
#10114=IFCCARTESIANPOINT((287.320220814407,5.22797874076059));
#10115=IFCCARTESIANPOINT((287.322179429553,5.22004587354604));
#10116=IFCCARTESIANPOINT((287.324138047465,5.2121130041196));
#10117=IFCCARTESIANPOINT((287.326140959951,5.20423371775541));
#10118=IFCCARTESIANPOINT((287.328143868624,5.19635443465086));
#10119=IFCCARTESIANPOINT((287.330146779568,5.18847514962545));
#10120=IFCCARTESIANPOINT((287.332279734779,5.18057856586529));
#10121=IFCCARTESIANPOINT((287.334412686119,5.17268198519014));
#10122=IFCCARTESIANPOINT((287.336545638915,5.16478540340904));
#10123=IFCCARTESIANPOINT((287.338722883287,5.15694240730954));
#10124=IFCCARTESIANPOINT((287.34094442369,5.14915299328277));
#10125=IFCCARTESIANPOINT((287.343207414844,5.14123911765637));
#10126=IFCCARTESIANPOINT((287.345428955246,5.13344970362959));
#10127=IFCCARTESIANPOINT((287.347780535027,5.12564299482619));
#10128=IFCCARTESIANPOINT((287.350132115156,5.11783628578996));
#10129=IFCCARTESIANPOINT((287.352483695286,5.11002957669552));
#10130=IFCCARTESIANPOINT((287.354965317791,5.10220557043795));
#10131=IFCCARTESIANPOINT((287.357361191447,5.0944524454535));
#10132=IFCCARTESIANPOINT((287.359842814563,5.08662843873026));
#10133=IFCCARTESIANPOINT((287.362368728413,5.0788580183289));
#10134=IFCCARTESIANPOINT((287.364938935352,5.0711411825032));
#10135=IFCCARTESIANPOINT((287.368874320149,5.05913894675905));
#10136=IFCCARTESIANPOINT((287.372853998124,5.0471902951831));
#10137=IFCCARTESIANPOINT((287.376963717019,5.03522434784099));
#10138=IFCCARTESIANPOINT((287.381162021251,5.02336556999944));
#10139=IFCCARTESIANPOINT((287.385446075612,5.01143590995343));
#10140=IFCCARTESIANPOINT((287.38977442123,4.99955983576365));
#10141=IFCCARTESIANPOINT((287.394147062063,4.98773734428687));
#10142=IFCCARTESIANPOINT((287.398694036645,4.97595114150317));
#10143=IFCCARTESIANPOINT((287.403241008869,4.96416494069854));
#10144=IFCCARTESIANPOINT((287.407832279423,4.95243231992936));
#10145=IFCCARTESIANPOINT((287.412553585455,4.94068240787601));
#10146=IFCCARTESIANPOINT((287.417319188768,4.92898607667303));
#10147=IFCCARTESIANPOINT((287.422129086248,4.91734332911437));
#10148=IFCCARTESIANPOINT((287.427113314945,4.90573687222786));
#10149=IFCCARTESIANPOINT((287.432097544806,4.89413041446824));
#10150=IFCCARTESIANPOINT((287.437126069301,4.88257753982907));
#10151=IFCCARTESIANPOINT((287.442284634046,4.871007369773));
#10152=IFCCARTESIANPOINT((287.447487492056,4.85949078411795));
#10153=IFCCARTESIANPOINT((287.452778938547,4.84808136551874));
#10154=IFCCARTESIANPOINT((287.45815612984,4.83660106884781));
#10155=IFCCARTESIANPOINT((287.463577614893,4.82517435611226));
#10156=IFCCARTESIANPOINT((287.469087691134,4.81385480816243));
#10157=IFCCARTESIANPOINT((287.474683509528,4.8024643844692));
#10158=IFCCARTESIANPOINT((287.480237876793,4.79119842260843));
#10159=IFCCARTESIANPOINT((287.485966577486,4.7799687499064));
#10160=IFCCARTESIANPOINT((287.491781025659,4.76866819697898));
#10161=IFCCARTESIANPOINT((287.497598313057,4.75754569267156));
#10162=IFCCARTESIANPOINT((287.503545640531,4.74640589318005));
#10163=IFCCARTESIANPOINT((287.509492970916,4.73526609112741));
#10164=IFCCARTESIANPOINT((287.51561463243,4.72416258003796));
#10165=IFCCARTESIANPOINT((287.521780589595,4.71311265125405));
#10166=IFCCARTESIANPOINT((287.527905091236,4.7021871880861));
#10167=IFCCARTESIANPOINT((287.534201088798,4.69111996394349));
#10168=IFCCARTESIANPOINT((287.54049992605,4.68023078789702));
#10169=IFCCARTESIANPOINT((287.546928801254,4.66932431841269));
#10170=IFCCARTESIANPOINT((287.553446265374,4.65852501557674));
#10171=IFCCARTESIANPOINT((287.55996373191,4.64772571064532));
#10172=IFCCARTESIANPOINT((287.566525487724,4.63697999354918));
#10173=IFCCARTESIANPOINT((287.573217287805,4.62621697754366));
#10174=IFCCARTESIANPOINT((287.579997672583,4.61556113173719));
#10175=IFCCARTESIANPOINT((287.586778057419,4.60490528604714));
#10176=IFCCARTESIANPOINT((287.593647028698,4.59435660898453));
#10177=IFCCARTESIANPOINT((287.600646043313,4.58379063388566));
#10178=IFCCARTESIANPOINT((287.607559307915,4.57329554104945));
#10179=IFCCARTESIANPOINT((287.61464690874,4.56283673486905));
#10180=IFCCARTESIANPOINT((287.621778800763,4.55243151495233));
#10181=IFCCARTESIANPOINT((287.629040735454,4.54200899746502));
#10182=IFCCARTESIANPOINT((287.63626121392,4.53171094611753));
#10183=IFCCARTESIANPOINT((287.643656028406,4.52144918154227));
#10184=IFCCARTESIANPOINT((287.651050842949,4.51118741708342));
#10185=IFCCARTESIANPOINT((287.658489951311,4.50097923650173));
#10186=IFCCARTESIANPOINT((287.666017643991,4.49087822635192));
#10187=IFCCARTESIANPOINT((287.673589631653,4.48083079914795));
#10188=IFCCARTESIANPOINT((287.681247366272,4.47071249218425));
#10189=IFCCARTESIANPOINT((287.688993686257,4.4607013547793));
#10190=IFCCARTESIANPOINT((287.696698555053,4.45081467943965));
#10191=IFCCARTESIANPOINT((287.704533463664,4.44091070914874));
#10192=IFCCARTESIANPOINT((287.712498414883,4.43098944134545));
#10193=IFCCARTESIANPOINT((287.720466201397,4.42124622571282));
#10194=IFCCARTESIANPOINT((287.728433989774,4.41150300833397));
#10195=IFCCARTESIANPOINT((287.73657611286,4.40179607906612));
#10196=IFCCARTESIANPOINT((287.744718237605,4.39208914845949));
#10197=IFCCARTESIANPOINT((287.752863197558,4.38256026949966));
#10198=IFCCARTESIANPOINT((287.761138200236,4.3730140934349));
#10199=IFCCARTESIANPOINT((287.769457495917,4.3635215019458));
#10200=IFCCARTESIANPOINT((287.777906832314,4.35401161451591));
#10201=IFCCARTESIANPOINT((287.786359009129,4.34467977494933));
#10202=IFCCARTESIANPOINT((287.79481118542,4.33534793561557));
#10203=IFCCARTESIANPOINT((287.803437695227,4.32605238549877));
#10204=IFCCARTESIANPOINT((287.811978458049,4.31682771485066));
#10205=IFCCARTESIANPOINT((287.820693552552,4.30763933487469));
#10206=IFCCARTESIANPOINT((287.82945294524,4.2985045350506));
#10207=IFCCARTESIANPOINT((287.838256626244,4.28942332376027));
#10208=IFCCARTESIANPOINT((287.84701885609,4.28046657441882));
#10209=IFCCARTESIANPOINT((287.855955417821,4.27154611534206));
#10210=IFCCARTESIANPOINT((287.864891981444,4.26262565481011));
#10211=IFCCARTESIANPOINT((287.873917129706,4.25381236441899));
#10212=IFCCARTESIANPOINT((287.883028029377,4.24492819071747));
#10213=IFCCARTESIANPOINT((287.892141766701,4.23622206697473));
#10214=IFCCARTESIANPOINT((287.901299794816,4.22756952967029));
#10215=IFCCARTESIANPOINT((287.910546412895,4.21902415831573));
#10216=IFCCARTESIANPOINT((287.919878777262,4.2104079076089));
#10217=IFCCARTESIANPOINT((287.929169685871,4.20191612286726));
#10218=IFCCARTESIANPOINT((287.938634930149,4.19346062518889));
#10219=IFCCARTESIANPOINT((287.94801442555,4.18507600890007));
#10220=IFCCARTESIANPOINT((287.957482508064,4.17679856077302));
#10221=IFCCARTESIANPOINT((287.967080630333,4.16850381781114));
#10222=IFCCARTESIANPOINT((287.976637299376,4.16033353836974));
#10223=IFCCARTESIANPOINT((287.986368304497,4.15219954581698));
#10224=IFCCARTESIANPOINT((287.996013557684,4.1441364371567));
#10225=IFCCARTESIANPOINT((288.00578885671,4.13605602859752));
#10226=IFCCARTESIANPOINT((288.015566992777,4.12815367046278));
#10227=IFCCARTESIANPOINT((288.025475167204,4.12023401848273));
#10228=IFCCARTESIANPOINT((288.035341889277,4.11243882944109));
#10229=IFCCARTESIANPOINT((288.045338653115,4.10462634387659));
#10230=IFCCARTESIANPOINT((288.055293962301,4.09693832317134));
#10231=IFCCARTESIANPOINT((288.065379308042,4.0892330101924));
#10232=IFCCARTESIANPOINT((288.075467497663,4.08170574193355));
#10233=IFCCARTESIANPOINT((288.085599980957,4.0742320579011));
#10234=IFCCARTESIANPOINT((291.981550534954,1.14953995519318));
#10235=IFCCARTESIANPOINT((303.336474973796,15.9169481256395));
#10236=IFCCARTESIANPOINT((303.573675508931,16.1827782063046));
#10237=IFCCARTESIANPOINT((304.438748998655,17.0594187023817));
#10238=IFCCARTESIANPOINT((300.151633440197,21.3288225493743));
#10239=IFCCARTESIANPOINT((299.47312075927,22.0051393500762));
#10240=IFCCARTESIANPOINT((299.456716633053,22.022487426002));
#10241=IFCCARTESIANPOINT((299.439961001888,22.0395848738845));
#10242=IFCCARTESIANPOINT((299.423072488426,22.0565215708339));
#10243=IFCCARTESIANPOINT((299.405876763543,22.0732612238498));
#10244=IFCCARTESIANPOINT((299.388545321213,22.0896620745189));
#10245=IFCCARTESIANPOINT((299.37090666499,22.1058658830589));
#10246=IFCCARTESIANPOINT((299.353090836812,22.1218553535873));
#10247=IFCCARTESIANPOINT((299.335097837757,22.1376304849982));
#10248=IFCCARTESIANPOINT((299.316883368767,22.15313769778));
#10249=IFCCARTESIANPOINT((299.298447438661,22.1683769846568));
#10250=IFCCARTESIANPOINT((299.279834337445,22.1834019327653));
#10251=IFCCARTESIANPOINT((299.260999770864,22.1981589583447));
#10252=IFCCARTESIANPOINT((299.241943738685,22.2126480619772));
#10253=IFCCARTESIANPOINT((299.222710533853,22.226922827831));
#10254=IFCCARTESIANPOINT((299.203300156107,22.2409832564881));
#10255=IFCCARTESIANPOINT((299.183754062542,22.2547048815177));
#10256=IFCCARTESIANPOINT((299.163986507367,22.2681585811661));
#10257=IFCCARTESIANPOINT((299.143997481471,22.2813443627674));
#10258=IFCCARTESIANPOINT((299.123831286066,22.2943158043199));
#10259=IFCCARTESIANPOINT((299.103573667147,22.3070020274608));
#10260=IFCCARTESIANPOINT((299.083094582544,22.3194203285966));
#10261=IFCCARTESIANPOINT((299.062479781307,22.3314998266869));
#10262=IFCCARTESIANPOINT((299.041687810095,22.3433649852523));
#10263=IFCCARTESIANPOINT((299.020804415253,22.3549449252314));
#10264=IFCCARTESIANPOINT((298.999699550943,22.3662569465232));
#10265=IFCCARTESIANPOINT((298.978458975005,22.377230160695));
#10266=IFCCARTESIANPOINT((298.957041225483,22.3879890381941));
#10267=IFCCARTESIANPOINT((298.935532053205,22.398462696583));
#10268=IFCCARTESIANPOINT((298.913887162547,22.4085975536727));
#10269=IFCCARTESIANPOINT((298.892020805302,22.4184644893394));
#10270=IFCCARTESIANPOINT((298.870148777642,22.4279753226438));
#10271=IFCCARTESIANPOINT((298.848099573079,22.4372718217783));
#10272=IFCCARTESIANPOINT((298.825958949164,22.4462830992416));
#10273=IFCCARTESIANPOINT((298.803596859507,22.4550264546997));
#10274=IFCCARTESIANPOINT((298.781184800813,22.4633601276437));
#10275=IFCCARTESIANPOINT((298.758725612483,22.4714621661115));
#10276=IFCCARTESIANPOINT((298.736044958525,22.4792962825741));
#10277=IFCCARTESIANPOINT((298.71331433751,22.4867207149509));
#10278=IFCCARTESIANPOINT((298.690536583919,22.4939135150635));
#10279=IFCCARTESIANPOINT((298.667537367262,22.5008383911918));
#10280=IFCCARTESIANPOINT((298.644532474194,22.5074071696145));
#10281=IFCCARTESIANPOINT((298.621521905734,22.5136198497494));
#10282=IFCCARTESIANPOINT((298.598334168491,22.519618189137));
#10283=IFCCARTESIANPOINT((298.575010710891,22.5252777287969));
#10284=IFCCARTESIANPOINT((298.551725872938,22.5306347529986));
#10285=IFCCARTESIANPOINT((298.528305318963,22.5356529737473));
#10286=IFCCARTESIANPOINT((298.504879090731,22.5403150953935));
#10287=IFCCARTESIANPOINT((298.481405728118,22.5447455861722));
#10288=IFCCARTESIANPOINT((298.457796653762,22.5488372702966));
#10289=IFCCARTESIANPOINT((298.434181901481,22.552572857996));
#10290=IFCCARTESIANPOINT((298.410520021222,22.5560768098803));
#10291=IFCCARTESIANPOINT((298.386722422525,22.5592419604072));
#10292=IFCCARTESIANPOINT((298.363049190055,22.5620337165892));
#10293=IFCCARTESIANPOINT((298.339154494548,22.564557548787));
#10294=IFCCARTESIANPOINT((298.315384163492,22.5667079879786));
#10295=IFCCARTESIANPOINT((298.291566701984,22.5686267932761));
#10296=IFCCARTESIANPOINT((298.267613524309,22.5702067955281));
#10297=IFCCARTESIANPOINT((298.243784713472,22.5714134029695));
#10298=IFCCARTESIANPOINT((298.219864479703,22.5723347915336));
#10299=IFCCARTESIANPOINT((298.195938569406,22.572900082625));
#10300=IFCCARTESIANPOINT((298.171965531859,22.5732337371446));
#10301=IFCCARTESIANPOINT((298.14807256576,22.5731404143735));
#10302=IFCCARTESIANPOINT((298.124132468656,22.5728154582321));
#10303=IFCCARTESIANPOINT((298.100186696422,22.5721344034537));
#10304=IFCCARTESIANPOINT((298.076279543136,22.5711508336244));
#10305=IFCCARTESIANPOINT((298.052411007549,22.5698647498502));
#10306=IFCCARTESIANPOINT((298.028536795726,22.5682225684286));
#10307=IFCCARTESIANPOINT((298.004701203696,22.5662778713158));
#10308=IFCCARTESIANPOINT((297.980859937292,22.5639770748676));
#10309=IFCCARTESIANPOINT((297.957101578912,22.5614273513202));
#10310=IFCCARTESIANPOINT((297.933337547845,22.5585215271567));
#10311=IFCCARTESIANPOINT((297.909612135496,22.555313188117));
#10312=IFCCARTESIANPOINT((297.885925338574,22.551802336995));
#10313=IFCCARTESIANPOINT((297.862362912187,22.547918087861));
#10314=IFCCARTESIANPOINT((297.838753351389,22.5438022083836));
#10315=IFCCARTESIANPOINT((297.815268156963,22.5393129341537));
#10316=IFCCARTESIANPOINT((297.791821581981,22.5345211447566));
#10317=IFCCARTESIANPOINT((297.768499371741,22.5293559620623));
#10318=IFCCARTESIANPOINT((297.745130035415,22.5239591418649));
#10319=IFCCARTESIANPOINT((297.7219293534,22.5182425158564));
#10320=IFCCARTESIANPOINT((297.698767293972,22.5122233720031));
#10321=IFCCARTESIANPOINT((297.675643849972,22.5059017160092));
#10322=IFCCARTESIANPOINT((297.652689065406,22.4992602498387));
#10323=IFCCARTESIANPOINT((297.629772900342,22.4923162680934));
#10324=IFCCARTESIANPOINT((297.606981100049,22.4849988934002));
#10325=IFCCARTESIANPOINT((297.584272211621,22.4774325882317));
#10326=IFCCARTESIANPOINT((297.56164623212,22.4696173549746));
#10327=IFCCARTESIANPOINT((297.539188915951,22.4614823083975));
#10328=IFCCARTESIANPOINT((297.516855961934,22.4529738708516));
#10329=IFCCARTESIANPOINT((297.494561627711,22.444162917498));
#10330=IFCCARTESIANPOINT((297.472394498996,22.4351566178957));
#10331=IFCCARTESIANPOINT((297.450396029424,22.425830508233));
#10332=IFCCARTESIANPOINT((297.428521925642,22.4161310045747));
#10333=IFCCARTESIANPOINT((297.40673073291,22.4061825710232));
#10334=IFCCARTESIANPOINT((297.385066742398,22.3960387937841));
#10335=IFCCARTESIANPOINT((297.363612869231,22.3854507394717));
#10336=IFCCARTESIANPOINT((297.342200450395,22.3747382213478));
#10337=IFCCARTESIANPOINT((297.321042438329,22.3636350136367));
#10338=IFCCARTESIANPOINT((297.299967339,22.3522828746354));
#10339=IFCCARTESIANPOINT((293.004841587681,20.4277758959215));
#10340=IFCCARTESIANPOINT((292.983498994552,20.4187194340047));
#10341=IFCCARTESIANPOINT((292.962283610483,20.4094676223467));
#10342=IFCCARTESIANPOINT((292.941068224754,20.4002158124349));
#10343=IFCCARTESIANPOINT((292.919894292689,20.3908395389444));
#10344=IFCCARTESIANPOINT((292.898761819204,20.3813387979753));
#10345=IFCCARTESIANPOINT((292.877629341267,20.3718380608479));
#10346=IFCCARTESIANPOINT((292.856624071108,20.3621419751435));
#10347=IFCCARTESIANPOINT((292.83557450556,20.3523923070752));
#10348=IFCCARTESIANPOINT((292.814610689209,20.3425717579084));
#10349=IFCCARTESIANPOINT((292.793688328617,20.3326267438824));
#10350=IFCCARTESIANPOINT((292.772807422298,20.3225572658121));
#10351=IFCCARTESIANPOINT((292.752012265642,20.3124169061775));
#10352=IFCCARTESIANPOINT((292.73125856492,20.3021520813345));
#10353=IFCCARTESIANPOINT((292.71059061095,20.2918163775466));
#10354=IFCCARTESIANPOINT((292.68983407304,20.2813735032105));
#10355=IFCCARTESIANPOINT((292.669207573432,20.2709133354365));
#10356=IFCCARTESIANPOINT((292.648663988104,20.26020423515));
#10357=IFCCARTESIANPOINT((292.628120400652,20.249495136668));
#10358=IFCCARTESIANPOINT((292.607662559923,20.2387151591829));
#10359=IFCCARTESIANPOINT((292.58724617571,20.2278107159655));
#10360=IFCCARTESIANPOINT((292.566785500705,20.2168526864843));
#10361=IFCCARTESIANPOINT((292.546496321622,20.2057528970181));
#10362=IFCCARTESIANPOINT((292.526248598966,20.1945286416449));
#10363=IFCCARTESIANPOINT((292.505956578447,20.1832508060033));
#10364=IFCCARTESIANPOINT((292.485750309919,20.1719020870514));
#10365=IFCCARTESIANPOINT((292.465715537459,20.1604116078815));
#10366=IFCCARTESIANPOINT((292.445636472112,20.1488675441942));
#10367=IFCCARTESIANPOINT((292.425598865142,20.1371990132029));
#10368=IFCCARTESIANPOINT((292.40564700056,20.1254596068175));
#10369=IFCCARTESIANPOINT((292.385736593977,20.1135957333609));
#10370=IFCCARTESIANPOINT((292.365826189693,20.1017318580998));
#10371=IFCCARTESIANPOINT((292.346087280399,20.0897262234939));
#10372=IFCCARTESIANPOINT((292.326259786059,20.0776134191547));
#10373=IFCCARTESIANPOINT((292.306648079742,20.0654124400462));
#10374=IFCCARTESIANPOINT((292.286992079898,20.053157876886));
#10375=IFCCARTESIANPOINT((292.267463285127,20.0407079673023));
#10376=IFCCARTESIANPOINT((292.247934490995,20.0282580573694));
#10377=IFCCARTESIANPOINT((292.228447152331,20.0156836823444));
#10378=IFCCARTESIANPOINT((292.209045558964,20.0030384297133));
#10379=IFCCARTESIANPOINT((292.189729719277,19.9903222921421));
#10380=IFCCARTESIANPOINT((292.170455331128,19.9774816928548));
#10381=IFCCARTESIANPOINT((292.15118094362,19.9646410932182));
#10382=IFCCARTESIANPOINT((292.132033758418,19.9516051493702));
#10383=IFCCARTESIANPOINT((292.112972325151,19.9384983223281));
#10384=IFCCARTESIANPOINT((292.093866596377,19.9253379127476));
#10385=IFCCARTESIANPOINT((292.074846614938,19.9121066238731));
#10386=IFCCARTESIANPOINT((292.055953838804,19.8986799882259));
#10387=IFCCARTESIANPOINT((292.037105357798,19.8853069352917));
#10388=IFCCARTESIANPOINT((292.018254035444,19.8717558363569));
#10389=IFCCARTESIANPOINT((291.999532757065,19.8581874390948));
#10390=IFCCARTESIANPOINT((291.980938680761,19.8444236979703));
#10391=IFCCARTESIANPOINT((291.962300310988,19.8306063728523));
#10392=IFCCARTESIANPOINT((291.943661940895,19.8167890479672));
#10393=IFCCARTESIANPOINT((291.925195069605,19.8028299605357));
#10394=IFCCARTESIANPOINT((291.906813947222,19.7887999922386));
#10395=IFCCARTESIANPOINT((291.888474276784,19.7746455621091));
#10396=IFCCARTESIANPOINT((291.870134610857,19.7604911280214));
#10397=IFCCARTESIANPOINT((291.851922145899,19.7461413509445));
#10398=IFCCARTESIANPOINT((291.833839723171,19.7317742773448));
#10399=IFCCARTESIANPOINT((291.81571300517,19.7173536210903));
#10400=IFCCARTESIANPOINT((291.797627743043,19.7028084995109));
#10401=IFCCARTESIANPOINT((291.779713981727,19.6881216136971));
#10402=IFCCARTESIANPOINT((291.761800213921,19.673434733355));
#10403=IFCCARTESIANPOINT((291.743972199882,19.6586769682472));
#10404=IFCCARTESIANPOINT((291.726229932712,19.6438483236707));
#10405=IFCCARTESIANPOINT((291.708614866773,19.6288243359304));
#10406=IFCCARTESIANPOINT((291.6909998052,19.6138003446395));
#10407=IFCCARTESIANPOINT((291.67342619496,19.5986518918071));
#10408=IFCCARTESIANPOINT((291.655938336509,19.5834325556061));
#10409=IFCCARTESIANPOINT((291.638494768617,19.5682668060181));
#10410=IFCCARTESIANPOINT((291.621134110843,19.5528521270608));
#10411=IFCCARTESIANPOINT((291.603903497919,19.5374201493687));
#10412=IFCCARTESIANPOINT((291.586714336503,19.5218637098442));
#10413=IFCCARTESIANPOINT((291.569569470506,19.5063608527416));
#10414=IFCCARTESIANPOINT((291.55255180769,19.4906626509037));
#10415=IFCCARTESIANPOINT((291.535575598449,19.4748399854871));
#10416=IFCCARTESIANPOINT((291.518643684423,19.4590709027834));
#10417=IFCCARTESIANPOINT((291.501838972472,19.4431064761011));
#10418=IFCCARTESIANPOINT((291.485078555095,19.4271956325974));
#10419=IFCCARTESIANPOINT((291.468359593564,19.4111603237689));
#10420=IFCCARTESIANPOINT((291.451767833059,19.3949296718929));
#10421=IFCCARTESIANPOINT((291.435220365907,19.3787526039523));
#10422=IFCCARTESIANPOINT((291.418758650398,19.3625046529924));
#10423=IFCCARTESIANPOINT((291.402338385844,19.346132240782));
#10424=IFCCARTESIANPOINT((291.386089620355,19.329618065618));
#10425=IFCCARTESIANPOINT((291.369840854954,19.3131038905121));
#10426=IFCCARTESIANPOINT((291.353677838604,19.2965188343078));
#10427=IFCCARTESIANPOINT((291.337600569153,19.2798628988676));
#10428=IFCCARTESIANPOINT((291.321609048813,19.2631360823289));
#10429=IFCCARTESIANPOINT((291.305658982747,19.2462848016876));
#10430=IFCCARTESIANPOINT((291.289753209363,19.229487105913));
#10431=IFCCARTESIANPOINT((291.273974641488,19.2124940631329));
#10432=IFCCARTESIANPOINT((291.258326112264,19.1954837267986));
#10433=IFCCARTESIANPOINT((291.242719040689,19.1783489233931));
#10434=IFCCARTESIANPOINT((291.227111968881,19.1612141202786));
#10435=IFCCARTESIANPOINT((291.211676396051,19.1439375542686));
#10436=IFCCARTESIANPOINT((291.196326565318,19.1265901129809));
#10437=IFCCARTESIANPOINT((291.180976737029,19.1092426697141));
#10438=IFCCARTESIANPOINT((291.165798407426,19.0917534637847));
#10439=IFCCARTESIANPOINT((289.166141532507,16.9396185918595));
#10440=IFCCARTESIANPOINT((289.13725564882,16.9015302745393));
#10441=IFCCARTESIANPOINT((289.108541265101,16.8633001931594));
#10442=IFCCARTESIANPOINT((289.080084125162,16.8248574710451));
#10443=IFCCARTESIANPOINT((289.051712736167,16.7863438660861));
#10444=IFCCARTESIANPOINT((289.023598587577,16.7476176233613));
#10445=IFCCARTESIANPOINT((288.995700230502,16.7088032022002));
#10446=IFCCARTESIANPOINT((288.968059119245,16.6697761387913));
#10447=IFCCARTESIANPOINT((288.940503751772,16.6306781983585));
#10448=IFCCARTESIANPOINT((288.913205631688,16.5913676141645));
#10449=IFCCARTESIANPOINT((288.886123298784,16.5519688552595));
#10450=IFCCARTESIANPOINT((288.859212463925,16.5124283339246));
#10451=IFCCARTESIANPOINT((288.832558876456,16.4726751688286));
#10452=IFCCARTESIANPOINT((288.80612107346,16.4328338312334));
#10453=IFCCARTESIANPOINT((288.779854769033,16.3928507307428));
#10454=IFCCARTESIANPOINT((288.753804253356,16.3527794542606));
#10455=IFCCARTESIANPOINT((288.728010985389,16.312495533668));
#10456=IFCCARTESIANPOINT((288.702303461701,16.2721407355857));
#10457=IFCCARTESIANPOINT((288.676897476165,16.2316268801223));
#10458=IFCCARTESIANPOINT((288.651707282406,16.1910248459899));
#10459=IFCCARTESIANPOINT((288.626730038581,16.1501565871295));
#10460=IFCCARTESIANPOINT((288.601927128911,16.1093246166129));
#10461=IFCCARTESIANPOINT((288.577381465206,16.068280003441));
#10462=IFCCARTESIANPOINT((288.553007295064,16.0270936314482));
#10463=IFCCARTESIANPOINT((288.528934663889,15.9857482012012));
#10464=IFCCARTESIANPOINT((288.504992076254,15.9443854727433));
#10465=IFCCARTESIANPOINT((288.481306728994,15.9028101061122));
#10466=IFCCARTESIANPOINT((288.457837171707,15.8611465624417));
#10467=IFCCARTESIANPOINT((288.43453911398,15.819341254828));
#10468=IFCCARTESIANPOINT((288.411501136929,15.7775013565551));
#10469=IFCCARTESIANPOINT((288.38867611115,15.7353952322737));
#10470=IFCCARTESIANPOINT((288.366025418829,15.6933253969182));
#10471=IFCCARTESIANPOINT((288.343631971598,15.6510429194313));
#10472=IFCCARTESIANPOINT((288.321454313729,15.6086722652544));
#10473=IFCCARTESIANPOINT((288.299578193837,15.5661425534636));
#10474=IFCCARTESIANPOINT((288.277787820407,15.5235419624369));
#10475=IFCCARTESIANPOINT((288.256343280955,15.4808358956943));
#10476=IFCCARTESIANPOINT((288.235070237512,15.4379880680353));
#10477=IFCCARTESIANPOINT((288.214012980665,15.3950520659564));
#10478=IFCCARTESIANPOINT((288.193171514955,15.352027885674));
#10479=IFCCARTESIANPOINT((288.172587292065,15.3087910650647));
#10480=IFCCARTESIANPOINT((288.152177404874,15.2655905312859));
#10481=IFCCARTESIANPOINT((288.132024762366,15.2221773557249));
#10482=IFCCARTESIANPOINT((288.112087907299,15.1786760049872));
#10483=IFCCARTESIANPOINT((288.092411138496,15.1351400586427));
#10484=IFCCARTESIANPOINT((288.072991610592,15.0913914735429));
#10485=IFCCARTESIANPOINT((288.053702124016,15.0476255920366));
#10486=IFCCARTESIANPOINT((288.034714175883,15.0037006523344));
#10487=IFCCARTESIANPOINT((288.015900561557,14.9598120011506));
#10488=IFCCARTESIANPOINT((287.997344193951,14.9157107062056));
#10489=IFCCARTESIANPOINT((287.979089360422,14.8714503569063));
#10490=IFCCARTESIANPOINT((287.961008862156,14.8272262948449));
#10491=IFCCARTESIANPOINT((287.943099861528,14.78286047047));
#10492=IFCCARTESIANPOINT((287.925536688155,14.7383891756181));
#10493=IFCCARTESIANPOINT((287.908059268346,14.6938469956513));
#10494=IFCCARTESIANPOINT((287.890927672648,14.6491993480595));
#10495=IFCCARTESIANPOINT((287.874011873238,14.6044635178987));
#10496=IFCCARTESIANPOINT((287.857311858039,14.559639515006));
#10497=IFCCARTESIANPOINT((287.840827630193,14.5147273368784));
#10498=IFCCARTESIANPOINT((287.824603490968,14.4697805611067));
#10499=IFCCARTESIANPOINT((287.808680885588,14.4246747309808));
#10500=IFCCARTESIANPOINT((287.792888322292,14.3795516036334));
#10501=IFCCARTESIANPOINT((287.777397294674,14.3342694204184));
#10502=IFCCARTESIANPOINT((287.762122060667,14.2888990567299));
#10503=IFCCARTESIANPOINT((287.747021157847,14.2435649836552));
#10504=IFCCARTESIANPOINT((287.732221792336,14.1980718530831));
#10505=IFCCARTESIANPOINT((287.717682512273,14.1525441276026));
#10506=IFCCARTESIANPOINT((287.703314725077,14.106874643534));
#10507=IFCCARTESIANPOINT((287.689251312142,14.061224152334));
#10508=IFCCARTESIANPOINT((287.675445147994,14.0153610156849));
#10509=IFCCARTESIANPOINT((287.661813314393,13.9695341699407));
#10510=IFCCARTESIANPOINT((287.648397270619,13.9236191469245));
#10511=IFCCARTESIANPOINT((287.635327059514,13.8775986489491));
#10512=IFCCARTESIANPOINT((287.622386889008,13.8315608549747));
#10513=IFCCARTESIANPOINT((287.609792545292,13.785417591047));
#10514=IFCCARTESIANPOINT((287.597328248055,13.7392570264637));
#10515=IFCCARTESIANPOINT((287.585209779645,13.6929909900064));
#10516=IFCCARTESIANPOINT((287.57322135134,13.6467076578992));
#10517=IFCCARTESIANPOINT((287.561578752473,13.6003188535688));
#10518=IFCCARTESIANPOINT((287.550151944655,13.553841870802));
#10519=IFCCARTESIANPOINT((287.538985220919,13.5073302941746));
#10520=IFCCARTESIANPOINT((287.527948535775,13.4608014230616));
#10521=IFCCARTESIANPOINT((287.517257681495,13.4141670786194));
#10522=IFCCARTESIANPOINT((287.506826909579,13.3674981415388));
#10523=IFCCARTESIANPOINT((287.49652617934,13.3208119074698));
#10524=IFCCARTESIANPOINT((287.486571278627,13.2740202011191));
#10525=IFCCARTESIANPOINT((287.476876460103,13.2271939021884));
#10526=IFCCARTESIANPOINT((287.467397435161,13.1802794228424));
#10527=IFCCARTESIANPOINT((287.45809273643,13.1334012378356));
#10528=IFCCARTESIANPOINT((287.449133873597,13.0864175753086));
#10529=IFCCARTESIANPOINT((287.440435093391,13.0393993198522));
#10530=IFCCARTESIANPOINT((287.431866352475,12.9923637695028));
#10531=IFCCARTESIANPOINT((287.423643443151,12.9452227450674));
#10532=IFCCARTESIANPOINT((287.415594866878,12.8981180094415));
#10533=IFCCARTESIANPOINT((287.407847831171,12.8508542136988));
#10534=IFCCARTESIANPOINT((287.400319419656,12.8036802926217));
#10535=IFCCARTESIANPOINT((287.393006797385,12.7564181946218));
#10536=IFCCARTESIANPOINT((287.38604000854,12.7090506209643));
#10537=IFCCARTESIANPOINT((287.3792475503,12.6617193382699));
#10538=IFCCARTESIANPOINT((287.372715176229,12.6143534611911));
#10539=IFCCARTESIANPOINT((287.273081232648,5.86784279084532));
#10540=IFCCARTESIANPOINT((287.272344756668,5.85979258420411));
#10541=IFCPOLYLINE((#10036,#10037,#10038,#10039,#10040,#10041,#10042,#10043,#10044,#10045,#10046,#10047,#10048,#10049,#10050,#10051,#10052,#10053,#10054,#10055,#10056,#10057,#10058,#10059,#10060,#10061,#10062,#10063,#10064,#10065,#10066,#10067,#10068,#10069,#10070,#10071,#10072,#10073,#10074,#10075,#10076,#10077,#10078,#10079,#10080,#10081,#10082,#10083,#10084,#10085,#10086,#10087,#10088,#10089,#10090,#10091,#10092,#10093,#10094,#10095,#10096,#10097,#10098,#10099,#10100,#10101,#10102,#10103,#10104,#10105,#10106,#10107,#10108,#10109,#10110,#10111,#10112,#10113,#10114,#10115,#10116,#10117,#10118,#10119,#10120,#10121,#10122,#10123,#10124,#10125,#10126,#10127,#10128,#10129,#10130,#10131,#10132,#10133,#10134,#10135,#10136,#10137,#10138,#10139,#10140,#10141,#10142,#10143,#10144,#10145,#10146,#10147,#10148,#10149,#10150,#10151,#10152,#10153,#10154,#10155,#10156,#10157,#10158,#10159,#10160,#10161,#10162,#10163,#10164,#10165,#10166,#10167,#10168,#10169,#10170,#10171,#10172,#10173,#10174,#10175,#10176,#10177,#10178,#10179,#10180,#10181,#10182,#10183,#10184,#10185,#10186,#10187,#10188,#10189,#10190,#10191,#10192,#10193,#10194,#10195,#10196,#10197,#10198,#10199,#10200,#10201,#10202,#10203,#10204,#10205,#10206,#10207,#10208,#10209,#10210,#10211,#10212,#10213,#10214,#10215,#10216,#10217,#10218,#10219,#10220,#10221,#10222,#10223,#10224,#10225,#10226,#10227,#10228,#10229,#10230,#10231,#10232,#10233,#10234,#10235,#10236,#10237,#10238,#10239,#10240,#10241,#10242,#10243,#10244,#10245,#10246,#10247,#10248,#10249,#10250,#10251,#10252,#10253,#10254,#10255,#10256,#10257,#10258,#10259,#10260,#10261,#10262,#10263,#10264,#10265,#10266,#10267,#10268,#10269,#10270,#10271,#10272,#10273,#10274,#10275,#10276,#10277,#10278,#10279,#10280,#10281,#10282,#10283,#10284,#10285,#10286,#10287,#10288,#10289,#10290,#10291,#10292,#10293,#10294,#10295,#10296,#10297,#10298,#10299,#10300,#10301,#10302,#10303,#10304,#10305,#10306,#10307,#10308,#10309,#10310,#10311,#10312,#10313,#10314,#10315,#10316,#10317,#10318,#10319,#10320,#10321,#10322,#10323,#10324,#10325,#10326,#10327,#10328,#10329,#10330,#10331,#10332,#10333,#10334,#10335,#10336,#10337,#10338,#10339,#10340,#10341,#10342,#10343,#10344,#10345,#10346,#10347,#10348,#10349,#10350,#10351,#10352,#10353,#10354,#10355,#10356,#10357,#10358,#10359,#10360,#10361,#10362,#10363,#10364,#10365,#10366,#10367,#10368,#10369,#10370,#10371,#10372,#10373,#10374,#10375,#10376,#10377,#10378,#10379,#10380,#10381,#10382,#10383,#10384,#10385,#10386,#10387,#10388,#10389,#10390,#10391,#10392,#10393,#10394,#10395,#10396,#10397,#10398,#10399,#10400,#10401,#10402,#10403,#10404,#10405,#10406,#10407,#10408,#10409,#10410,#10411,#10412,#10413,#10414,#10415,#10416,#10417,#10418,#10419,#10420,#10421,#10422,#10423,#10424,#10425,#10426,#10427,#10428,#10429,#10430,#10431,#10432,#10433,#10434,#10435,#10436,#10437,#10438,#10439,#10440,#10441,#10442,#10443,#10444,#10445,#10446,#10447,#10448,#10449,#10450,#10451,#10452,#10453,#10454,#10455,#10456,#10457,#10458,#10459,#10460,#10461,#10462,#10463,#10464,#10465,#10466,#10467,#10468,#10469,#10470,#10471,#10472,#10473,#10474,#10475,#10476,#10477,#10478,#10479,#10480,#10481,#10482,#10483,#10484,#10485,#10486,#10487,#10488,#10489,#10490,#10491,#10492,#10493,#10494,#10495,#10496,#10497,#10498,#10499,#10500,#10501,#10502,#10503,#10504,#10505,#10506,#10507,#10508,#10509,#10510,#10511,#10512,#10513,#10514,#10515,#10516,#10517,#10518,#10519,#10520,#10521,#10522,#10523,#10524,#10525,#10526,#10527,#10528,#10529,#10530,#10531,#10532,#10533,#10534,#10535,#10536,#10537,#10538,#10539,#10540));
#10542=IFCARBITRARYPROFILEDEFWITHVOIDS(.AREA.,$,#10035,(#10541));
#10543=IFCEXTRUDEDAREASOLID(#10542,#9603,#9604,0.1);
#10544=IFCSHAPEREPRESENTATION(#11,'Body','SweptSolid',(#10543));
#10545=IFCPRODUCTDEFINITIONSHAPE($,$,(#10544));
#10546=IFCSLAB('3vY73cWPL70u_ZASJgTW3o',#5,'NL.IMRO.0772.EP6252688239-00',$,$,#9599,#10545,$,.NOTDEFINED.);
#10547=IFCSTYLEDITEM(#10543,(#1443),$);
#10548=IFCPROPERTYSINGLEVALUE('plan_id',$,IFCTEXT('NL.IMRO.0772.80190-0301'),$);
#10549=IFCPROPERTYSINGLEVALUE('plan_naam',$,IFCTEXT('Philipsdorp 2013'),$);
#10550=IFCPROPERTYSINGLEVALUE('id',$,IFCTEXT('NL.IMRO.0772.EP6252688239-00'),$);
#10551=IFCPROPERTYSINGLEVALUE('naam',$,IFCTEXT('Verkeer - Verblijfsgebied'),$);
#10552=IFCPROPERTYSINGLEVALUE('bestemmingshoofdgroep',$,IFCTEXT('verkeer'),$);
#10553=IFCPROPERTYSINGLEVALUE('verwijzing_naar_tekst',$,IFCTEXT('https://ruimtelijkeplannen.nl/documents/NL.IMRO.0772.80190-0301/r_NL.IMRO.0772.80190-0301_2.11.html'),$);
#10554=IFCPROPERTYSINGLEVALUE('plan_dossierstatus',$,IFCTEXT('geheel onherroepelijk in werking'),$);
#10555=IFCPROPERTYSINGLEVALUE('plan_besluitnummer',$,IFCTEXT('13R5357'),$);
#10556=IFCPROPERTYSINGLEVALUE('type_planobject',$,IFCTEXT('enkelbestemming'),$);
#10557=IFCPROPERTYSET('2eeXVGmKT92BzQwDBauFYe',#5,'CPset_DSO-Enkelbestemming',$,(#10548,#10549,#10550,#10551,#10552,#10553,#10554,#10555,#10556));
#10558=IFCRELDEFINESBYPROPERTIES('0satcsTyn6OvhV7x6ITCrx',#5,$,$,(#10546),#10557);
#10559=IFCCARTESIANPOINT((0.,0.,-0.1));
#10560=IFCDIRECTION((0.,0.,1.));
#10561=IFCDIRECTION((1.,0.,0.));
#10562=IFCAXIS2PLACEMENT3D(#10559,#10560,#10561);
#10563=IFCLOCALPLACEMENT(#37,#10562);
#10564=IFCCARTESIANPOINT((0.,0.,0.));
#10565=IFCDIRECTION((0.,0.,1.));
#10566=IFCDIRECTION((1.,0.,0.));
#10567=IFCAXIS2PLACEMENT3D(#10564,#10565,#10566);
#10568=IFCDIRECTION((0.,0.,1.));
#10569=IFCCARTESIANPOINT((238.065374242637,-14.607804530242));
#10570=IFCCARTESIANPOINT((231.727429978288,0.939676549751312));
#10571=IFCCARTESIANPOINT((230.055550638674,5.03980295709334));
#10572=IFCCARTESIANPOINT((232.346679249458,5.90260305837728));
#10573=IFCCARTESIANPOINT((241.624487213005,9.39501090731937));
#10574=IFCCARTESIANPOINT((246.386447845871,11.1885530028958));
#10575=IFCCARTESIANPOINT((259.309429641464,-62.29376833071));
#10576=IFCCARTESIANPOINT((253.780620029196,-48.7306945145247));
#10577=IFCCARTESIANPOINT((248.331429379206,-39.0655698798364));
#10578=IFCCARTESIANPOINT((248.288184587989,-38.9771462369827));
#10579=IFCCARTESIANPOINT((248.245069835684,-38.8887398918741));
#10580=IFCCARTESIANPOINT((248.201999380341,-38.8002799674287));
#10581=IFCCARTESIANPOINT((248.159017507947,-38.7117128731334));
#10582=IFCCARTESIANPOINT((248.116121382074,-38.6232166620321));
#10583=IFCCARTESIANPOINT((248.073269549495,-38.534666868276));
#10584=IFCCARTESIANPOINT((248.030462007475,-38.4460634900606));
#10585=IFCCARTESIANPOINT((247.987698760146,-38.3574065304711));
#10586=IFCCARTESIANPOINT((247.945109845867,-38.268713285157));
#10587=IFCCARTESIANPOINT((247.902520930424,-38.1800200408907));
#10588=IFCCARTESIANPOINT((247.86006205593,-38.091344096174));
#10589=IFCCARTESIANPOINT((247.817606020108,-38.0024901026045));
#10590=IFCCARTESIANPOINT((247.775235727313,-37.9137069890858));
#10591=IFCCARTESIANPOINT((247.733039773389,-37.8248875946738));
#10592=IFCCARTESIANPOINT((247.69075807021,-37.7359973189305));
#10593=IFCCARTESIANPOINT((247.648650697665,-37.6470707555418));
#10594=IFCCARTESIANPOINT((247.60654332806,-37.5581441963441));
#10595=IFCCARTESIANPOINT((247.564610287227,-37.4691813480458));
#10596=IFCCARTESIANPOINT((247.522635797417,-37.3800940400106));
#10597=IFCCARTESIANPOINT((247.480832799309,-37.2911484946962));
#10598=IFCCARTESIANPOINT((247.439032638678,-37.2020248997142));
#10599=IFCCARTESIANPOINT((247.397362517484,-37.1129186028847));
#10600=IFCCARTESIANPOINT((247.355736690602,-37.0237587248557));
#10601=IFCCARTESIANPOINT((247.314110859355,-36.9345988450223));
#10602=IFCCARTESIANPOINT((247.272659366165,-36.8454026835971));
#10603=IFCCARTESIANPOINT((247.231252164434,-36.7561529384111));
#10604=IFCCARTESIANPOINT((247.189889252826,-36.6668496083585));
#10605=IFCCARTESIANPOINT((247.148570636258,-36.577492697339));
#10606=IFCCARTESIANPOINT((247.107382058079,-36.4881530840066));
#10607=IFCCARTESIANPOINT((247.066237775376,-36.3987598898821));
#10608=IFCCARTESIANPOINT((247.025223529141,-36.3093839919311));
#10609=IFCCARTESIANPOINT((246.984253579896,-36.2199545146432));
#10610=IFCCARTESIANPOINT((246.943327919085,-36.1304714510916));
#10611=IFCCARTESIANPOINT((246.902446553082,-36.040934806515));
#10612=IFCCARTESIANPOINT((246.861695226311,-35.9514154602075));
#10613=IFCCARTESIANPOINT((246.821032485983,-35.8617889471352));
#10614=IFCCARTESIANPOINT((246.7803697419,-35.772162432957));
#10615=IFCCARTESIANPOINT((246.739837043773,-35.6825532225193));
#10616=IFCCARTESIANPOINT((246.69934863376,-35.5928904256434));
#10617=IFCCARTESIANPOINT((246.658948810626,-35.5031204625266));
#10618=IFCCARTESIANPOINT((246.618634734157,-35.4134213823127));
#10619=IFCCARTESIANPOINT((246.578364950401,-35.3236687196186));
#10620=IFCCARTESIANPOINT((246.538183753,-35.2338088901597));
#10621=IFCCARTESIANPOINT((246.498002552864,-35.1439490602934));
#10622=IFCCARTESIANPOINT((246.45795139324,-35.0541065298603));
#10623=IFCCARTESIANPOINT((246.418074571382,-34.9642277177772));
#10624=IFCCARTESIANPOINT((246.378111994476,-34.8742780195898));
#10625=IFCCARTESIANPOINT((246.338323756092,-34.784292040451));
#10626=IFCCARTESIANPOINT((246.298535515642,-34.6943060616613));
#10627=IFCCARTESIANPOINT((246.258921607427,-34.6042837965651));
#10628=IFCCARTESIANPOINT((246.219221950596,-34.5141906509525));
#10629=IFCCARTESIANPOINT((246.179696628329,-34.4240612208378));
#10630=IFCCARTESIANPOINT((246.140257051156,-34.3340026726946));
#10631=IFCCARTESIANPOINT((246.100906059553,-34.2438369572046));
#10632=IFCCARTESIANPOINT((246.061599363427,-34.1536176613299));
#10633=IFCCARTESIANPOINT((246.022292661772,-34.0633983628941));
#10634=IFCCARTESIANPOINT((245.983160299686,-33.9731427843799));
#10635=IFCCARTESIANPOINT((245.94407222484,-33.8828336187289));
#10636=IFCCARTESIANPOINT((245.904984152381,-33.7925244569196));
#10637=IFCCARTESIANPOINT((245.866070411372,-33.7021790083963));
#10638=IFCCARTESIANPOINT((245.827200963366,-33.6117799774511));
#10639=IFCCARTESIANPOINT((245.788331514137,-33.5213809474953));
#10640=IFCCARTESIANPOINT((245.749636399851,-33.4309456336196));
#10641=IFCCARTESIANPOINT((245.710985576035,-33.3404567354009));
#10642=IFCCARTESIANPOINT((245.672379046824,-33.2499142558663));
#10643=IFCCARTESIANPOINT((245.633902554604,-33.159389072971));
#10644=IFCCARTESIANPOINT((245.595426062471,-33.0688638920547));
#10645=IFCCARTESIANPOINT((245.557038157422,-32.9782315453631));
#10646=IFCCARTESIANPOINT((245.518780293321,-32.8876164983376));
#10647=IFCCARTESIANPOINT((245.480566719169,-32.7969478665036));
#10648=IFCCARTESIANPOINT((245.442397438135,-32.7062256522477));
#10649=IFCCARTESIANPOINT((245.40435819744,-32.6155207373085));
#10650=IFCCARTESIANPOINT((245.366363247362,-32.524762237852));
#10651=IFCCARTESIANPOINT((245.328368298738,-32.4340037417132));
#10652=IFCCARTESIANPOINT((245.290547682234,-32.3432089595008));
#10653=IFCCARTESIANPOINT((245.252771358908,-32.2523605949245));
#10654=IFCCARTESIANPOINT((245.215039327042,-32.1614586469368));
#10655=IFCCARTESIANPOINT((245.177437336766,-32.0705739990226));
#10656=IFCCARTESIANPOINT((245.139879637019,-31.9796357668238));
#10657=IFCCARTESIANPOINT((245.102366229141,-31.8886439514463));
#10658=IFCCARTESIANPOINT((245.06489711444,-31.7975985535886));
#10659=IFCCARTESIANPOINT((245.027558042697,-31.7065704573179));
#10660=IFCCARTESIANPOINT((244.990349008003,-31.61555965757));
#10661=IFCCARTESIANPOINT((244.95309851662,-31.5244243919151));
#10662=IFCCARTESIANPOINT((244.915978068253,-31.4333064278471));
#10663=IFCCARTESIANPOINT((244.878987655771,-31.3422057593707));
#10664=IFCCARTESIANPOINT((244.841955792363,-31.2509806297603));
#10665=IFCCARTESIANPOINT((244.805053965974,-31.159772796731));
#10666=IFCCARTESIANPOINT((244.768282182747,-31.0685822651139));
#10667=IFCCARTESIANPOINT((244.731468941289,-30.9772672665422));
#10668=IFCCARTESIANPOINT((244.694785743166,-30.8859695696738));
#10669=IFCCARTESIANPOINT((244.658232581773,-30.7946891692118));
#10670=IFCCARTESIANPOINT((244.621637963894,-30.7032843030756));
#10671=IFCCARTESIANPOINT((244.585259135114,-30.6119676188682));
#10672=IFCCARTESIANPOINT((244.548838854098,-30.5205264725373));
#10673=IFCCARTESIANPOINT((244.512548609899,-30.4291026227293));
#10674=IFCCARTESIANPOINT((244.476302659808,-30.3376251913724));
#10675=IFCCARTESIANPOINT((244.440101001586,-30.2460941768368));
#10676=IFCCARTESIANPOINT((244.404073675512,-30.1545268763439));
#10677=IFCCARTESIANPOINT((238.065374242637,-14.607804530242));
#10678=IFCPOLYLINE((#10569,#10570,#10571,#10572,#10573,#10574,#10575,#10576,#10577,#10578,#10579,#10580,#10581,#10582,#10583,#10584,#10585,#10586,#10587,#10588,#10589,#10590,#10591,#10592,#10593,#10594,#10595,#10596,#10597,#10598,#10599,#10600,#10601,#10602,#10603,#10604,#10605,#10606,#10607,#10608,#10609,#10610,#10611,#10612,#10613,#10614,#10615,#10616,#10617,#10618,#10619,#10620,#10621,#10622,#10623,#10624,#10625,#10626,#10627,#10628,#10629,#10630,#10631,#10632,#10633,#10634,#10635,#10636,#10637,#10638,#10639,#10640,#10641,#10642,#10643,#10644,#10645,#10646,#10647,#10648,#10649,#10650,#10651,#10652,#10653,#10654,#10655,#10656,#10657,#10658,#10659,#10660,#10661,#10662,#10663,#10664,#10665,#10666,#10667,#10668,#10669,#10670,#10671,#10672,#10673,#10674,#10675,#10676,#10677));
#10679=IFCARBITRARYCLOSEDPROFILEDEF(.AREA.,$,#10678);
#10680=IFCEXTRUDEDAREASOLID(#10679,#10567,#10568,0.1);
#10681=IFCSHAPEREPRESENTATION(#11,'Body','SweptSolid',(#10680));
#10682=IFCPRODUCTDEFINITIONSHAPE($,$,(#10681));
#10683=IFCSLAB('0dNpul2$rDxgHwWZORD1Km',#5,'NL.IMRO.0772.EP2559995540-00',$,$,#10563,#10682,$,.NOTDEFINED.);
#10684=IFCSTYLEDITEM(#10680,(#1443),$);
#10685=IFCPROPERTYSINGLEVALUE('plan_id',$,IFCTEXT('NL.IMRO.0772.80419-0301'),$);
#10686=IFCPROPERTYSINGLEVALUE('plan_naam',$,IFCTEXT('Strijp-S fase 4'),$);
#10687=IFCPROPERTYSINGLEVALUE('id',$,IFCTEXT('NL.IMRO.0772.EP2559995540-00'),$);
#10688=IFCPROPERTYSINGLEVALUE('naam',$,IFCTEXT('Verkeer - Verblijfsgebied'),$);
#10689=IFCPROPERTYSINGLEVALUE('bestemmingshoofdgroep',$,IFCTEXT('verkeer'),$);
#10690=IFCPROPERTYSINGLEVALUE('verwijzing_naar_tekst',$,IFCTEXT('https://www.ruimtelijkeplannen.nl/documents/NL.IMRO.0772.80419-0301/pt_NL.IMRO.0772.80419-0301.xml#NL.IMRO.PT.s1359'),$);
#10691=IFCPROPERTYSINGLEVALUE('plan_dossierstatus',$,IFCTEXT('geheel onherroepelijk in werking'),$);
#10692=IFCPROPERTYSINGLEVALUE('plan_besluitnummer',$,IFCTEXT('23bst01470'),$);
#10693=IFCPROPERTYSINGLEVALUE('type_planobject',$,IFCTEXT('enkelbestemming'),$);
#10694=IFCPROPERTYSET('2CspVNQSbD3hG5aTO1MEXZ',#5,'CPset_DSO-Enkelbestemming',$,(#10685,#10686,#10687,#10688,#10689,#10690,#10691,#10692,#10693));
#10695=IFCRELDEFINESBYPROPERTIES('1LalC4kpDAOfXnGWGF5hW0',#5,$,$,(#10683),#10694);
#10696=IFCCARTESIANPOINT((0.,0.,-0.1));
#10697=IFCDIRECTION((0.,0.,1.));
#10698=IFCDIRECTION((1.,0.,0.));
#10699=IFCAXIS2PLACEMENT3D(#10696,#10697,#10698);
#10700=IFCLOCALPLACEMENT(#37,#10699);
#10701=IFCCARTESIANPOINT((0.,0.,0.));
#10702=IFCDIRECTION((0.,0.,1.));
#10703=IFCDIRECTION((1.,0.,0.));
#10704=IFCAXIS2PLACEMENT3D(#10701,#10702,#10703);
#10705=IFCDIRECTION((0.,0.,1.));
#10706=IFCCARTESIANPOINT((238.065374242637,-14.607804530242));
#10707=IFCCARTESIANPOINT((231.727429978288,0.939676549751312));
#10708=IFCCARTESIANPOINT((230.055550638674,5.03980295709334));
#10709=IFCCARTESIANPOINT((232.346679249458,5.90260305837728));
#10710=IFCCARTESIANPOINT((241.624487213005,9.39501090731937));
#10711=IFCCARTESIANPOINT((246.386447845871,11.1885530028958));
#10712=IFCCARTESIANPOINT((259.309429641464,-62.29376833071));
#10713=IFCCARTESIANPOINT((253.780620029196,-48.7306945145247));
#10714=IFCCARTESIANPOINT((248.331429379206,-39.0655698798364));
#10715=IFCCARTESIANPOINT((248.288184587989,-38.9771462369827));
#10716=IFCCARTESIANPOINT((248.245069835684,-38.8887398918741));
#10717=IFCCARTESIANPOINT((248.201999380341,-38.8002799674287));
#10718=IFCCARTESIANPOINT((248.159017507947,-38.7117128731334));
#10719=IFCCARTESIANPOINT((248.116121382074,-38.6232166620321));
#10720=IFCCARTESIANPOINT((248.073269549495,-38.534666868276));
#10721=IFCCARTESIANPOINT((248.030462007475,-38.4460634900606));
#10722=IFCCARTESIANPOINT((247.987698760146,-38.3574065304711));
#10723=IFCCARTESIANPOINT((247.945109845867,-38.268713285157));
#10724=IFCCARTESIANPOINT((247.902520930424,-38.1800200408907));
#10725=IFCCARTESIANPOINT((247.86006205593,-38.091344096174));
#10726=IFCCARTESIANPOINT((247.817606020108,-38.0024901026045));
#10727=IFCCARTESIANPOINT((247.775235727313,-37.9137069890858));
#10728=IFCCARTESIANPOINT((247.733039773389,-37.8248875946738));
#10729=IFCCARTESIANPOINT((247.69075807021,-37.7359973189305));
#10730=IFCCARTESIANPOINT((247.648650697665,-37.6470707555418));
#10731=IFCCARTESIANPOINT((247.60654332806,-37.5581441963441));
#10732=IFCCARTESIANPOINT((247.564610287227,-37.4691813480458));
#10733=IFCCARTESIANPOINT((247.522635797417,-37.3800940400106));
#10734=IFCCARTESIANPOINT((247.480832799309,-37.2911484946962));
#10735=IFCCARTESIANPOINT((247.439032638678,-37.2020248997142));
#10736=IFCCARTESIANPOINT((247.397362517484,-37.1129186028847));
#10737=IFCCARTESIANPOINT((247.355736690602,-37.0237587248557));
#10738=IFCCARTESIANPOINT((247.314110859355,-36.9345988450223));
#10739=IFCCARTESIANPOINT((247.272659366165,-36.8454026835971));
#10740=IFCCARTESIANPOINT((247.231252164434,-36.7561529384111));
#10741=IFCCARTESIANPOINT((247.189889252826,-36.6668496083585));
#10742=IFCCARTESIANPOINT((247.148570636258,-36.577492697339));
#10743=IFCCARTESIANPOINT((247.107382058079,-36.4881530840066));
#10744=IFCCARTESIANPOINT((247.066237775376,-36.3987598898821));
#10745=IFCCARTESIANPOINT((247.025223529141,-36.3093839919311));
#10746=IFCCARTESIANPOINT((246.984253579896,-36.2199545146432));
#10747=IFCCARTESIANPOINT((246.943327919085,-36.1304714510916));
#10748=IFCCARTESIANPOINT((246.902446553082,-36.040934806515));
#10749=IFCCARTESIANPOINT((246.861695226311,-35.9514154602075));
#10750=IFCCARTESIANPOINT((246.821032485983,-35.8617889471352));
#10751=IFCCARTESIANPOINT((246.7803697419,-35.772162432957));
#10752=IFCCARTESIANPOINT((246.739837043773,-35.6825532225193));
#10753=IFCCARTESIANPOINT((246.69934863376,-35.5928904256434));
#10754=IFCCARTESIANPOINT((246.658948810626,-35.5031204625266));
#10755=IFCCARTESIANPOINT((246.618634734157,-35.4134213823127));
#10756=IFCCARTESIANPOINT((246.578364950401,-35.3236687196186));
#10757=IFCCARTESIANPOINT((246.538183753,-35.2338088901597));
#10758=IFCCARTESIANPOINT((246.498002552864,-35.1439490602934));
#10759=IFCCARTESIANPOINT((246.45795139324,-35.0541065298603));
#10760=IFCCARTESIANPOINT((246.418074571382,-34.9642277177772));
#10761=IFCCARTESIANPOINT((246.378111994476,-34.8742780195898));
#10762=IFCCARTESIANPOINT((246.338323756092,-34.784292040451));
#10763=IFCCARTESIANPOINT((246.298535515642,-34.6943060616613));
#10764=IFCCARTESIANPOINT((246.258921607427,-34.6042837965651));
#10765=IFCCARTESIANPOINT((246.219221950596,-34.5141906509525));
#10766=IFCCARTESIANPOINT((246.179696628329,-34.4240612208378));
#10767=IFCCARTESIANPOINT((246.140257051156,-34.3340026726946));
#10768=IFCCARTESIANPOINT((246.100906059553,-34.2438369572046));
#10769=IFCCARTESIANPOINT((246.061599363427,-34.1536176613299));
#10770=IFCCARTESIANPOINT((246.022292661772,-34.0633983628941));
#10771=IFCCARTESIANPOINT((245.983160299686,-33.9731427843799));
#10772=IFCCARTESIANPOINT((245.94407222484,-33.8828336187289));
#10773=IFCCARTESIANPOINT((245.904984152381,-33.7925244569196));
#10774=IFCCARTESIANPOINT((245.866070411372,-33.7021790083963));
#10775=IFCCARTESIANPOINT((245.827200963366,-33.6117799774511));
#10776=IFCCARTESIANPOINT((245.788331514137,-33.5213809474953));
#10777=IFCCARTESIANPOINT((245.749636399851,-33.4309456336196));
#10778=IFCCARTESIANPOINT((245.710985576035,-33.3404567354009));
#10779=IFCCARTESIANPOINT((245.672379046824,-33.2499142558663));
#10780=IFCCARTESIANPOINT((245.633902554604,-33.159389072971));
#10781=IFCCARTESIANPOINT((245.595426062471,-33.0688638920547));
#10782=IFCCARTESIANPOINT((245.557038157422,-32.9782315453631));
#10783=IFCCARTESIANPOINT((245.518780293321,-32.8876164983376));
#10784=IFCCARTESIANPOINT((245.480566719169,-32.7969478665036));
#10785=IFCCARTESIANPOINT((245.442397438135,-32.7062256522477));
#10786=IFCCARTESIANPOINT((245.40435819744,-32.6155207373085));
#10787=IFCCARTESIANPOINT((245.366363247362,-32.524762237852));
#10788=IFCCARTESIANPOINT((245.328368298738,-32.4340037417132));
#10789=IFCCARTESIANPOINT((245.290547682234,-32.3432089595008));
#10790=IFCCARTESIANPOINT((245.252771358908,-32.2523605949245));
#10791=IFCCARTESIANPOINT((245.215039327042,-32.1614586469368));
#10792=IFCCARTESIANPOINT((245.177437336766,-32.0705739990226));
#10793=IFCCARTESIANPOINT((245.139879637019,-31.9796357668238));
#10794=IFCCARTESIANPOINT((245.102366229141,-31.8886439514463));
#10795=IFCCARTESIANPOINT((245.06489711444,-31.7975985535886));
#10796=IFCCARTESIANPOINT((245.027558042697,-31.7065704573179));
#10797=IFCCARTESIANPOINT((244.990349008003,-31.61555965757));
#10798=IFCCARTESIANPOINT((244.95309851662,-31.5244243919151));
#10799=IFCCARTESIANPOINT((244.915978068253,-31.4333064278471));
#10800=IFCCARTESIANPOINT((244.878987655771,-31.3422057593707));
#10801=IFCCARTESIANPOINT((244.841955792363,-31.2509806297603));
#10802=IFCCARTESIANPOINT((244.805053965974,-31.159772796731));
#10803=IFCCARTESIANPOINT((244.768282182747,-31.0685822651139));
#10804=IFCCARTESIANPOINT((244.731468941289,-30.9772672665422));
#10805=IFCCARTESIANPOINT((244.694785743166,-30.8859695696738));
#10806=IFCCARTESIANPOINT((244.658232581773,-30.7946891692118));
#10807=IFCCARTESIANPOINT((244.621637963894,-30.7032843030756));
#10808=IFCCARTESIANPOINT((244.585259135114,-30.6119676188682));
#10809=IFCCARTESIANPOINT((244.548838854098,-30.5205264725373));
#10810=IFCCARTESIANPOINT((244.512548609899,-30.4291026227293));
#10811=IFCCARTESIANPOINT((244.476302659808,-30.3376251913724));
#10812=IFCCARTESIANPOINT((244.440101001586,-30.2460941768368));
#10813=IFCCARTESIANPOINT((244.404073675512,-30.1545268763439));
#10814=IFCCARTESIANPOINT((238.065374242637,-14.607804530242));
#10815=IFCPOLYLINE((#10706,#10707,#10708,#10709,#10710,#10711,#10712,#10713,#10714,#10715,#10716,#10717,#10718,#10719,#10720,#10721,#10722,#10723,#10724,#10725,#10726,#10727,#10728,#10729,#10730,#10731,#10732,#10733,#10734,#10735,#10736,#10737,#10738,#10739,#10740,#10741,#10742,#10743,#10744,#10745,#10746,#10747,#10748,#10749,#10750,#10751,#10752,#10753,#10754,#10755,#10756,#10757,#10758,#10759,#10760,#10761,#10762,#10763,#10764,#10765,#10766,#10767,#10768,#10769,#10770,#10771,#10772,#10773,#10774,#10775,#10776,#10777,#10778,#10779,#10780,#10781,#10782,#10783,#10784,#10785,#10786,#10787,#10788,#10789,#10790,#10791,#10792,#10793,#10794,#10795,#10796,#10797,#10798,#10799,#10800,#10801,#10802,#10803,#10804,#10805,#10806,#10807,#10808,#10809,#10810,#10811,#10812,#10813,#10814));
#10816=IFCARBITRARYCLOSEDPROFILEDEF(.AREA.,$,#10815);
#10817=IFCEXTRUDEDAREASOLID(#10816,#10704,#10705,0.1);
#10818=IFCSHAPEREPRESENTATION(#11,'Body','SweptSolid',(#10817));
#10819=IFCPRODUCTDEFINITIONSHAPE($,$,(#10818));
#10820=IFCSLAB('2VpGT9T5vFZRjj9ja$KtdT',#5,'NL.IMRO.0772.EP2559995540-00',$,$,#10700,#10819,$,.NOTDEFINED.);
#10821=IFCSTYLEDITEM(#10817,(#1443),$);
#10822=IFCPROPERTYSINGLEVALUE('plan_id',$,IFCTEXT('NL.IMRO.0772.80419-0201'),$);
#10823=IFCPROPERTYSINGLEVALUE('plan_naam',$,IFCTEXT('Strijp-S fase 4'),$);
#10824=IFCPROPERTYSINGLEVALUE('id',$,IFCTEXT('NL.IMRO.0772.EP2559995540-00'),$);
#10825=IFCPROPERTYSINGLEVALUE('naam',$,IFCTEXT('Verkeer - Verblijfsgebied'),$);
#10826=IFCPROPERTYSINGLEVALUE('bestemmingshoofdgroep',$,IFCTEXT('verkeer'),$);
#10827=IFCPROPERTYSINGLEVALUE('verwijzing_naar_tekst',$,IFCTEXT('https://www.ruimtelijkeplannen.nl/historic/NL.IMRO.0772.80419-0201_2024.01.24_12.35.01/pt_NL.IMRO.0772.80419-0201.xml#NL.IMRO.PT.s1359'),$);
#10828=IFCPROPERTYSINGLEVALUE('plan_dossierstatus',$,IFCTEXT('geheel onherroepelijk in werking'),$);
#10829=IFCPROPERTYSINGLEVALUE('type_planobject',$,IFCTEXT('enkelbestemming'),$);
#10830=IFCPROPERTYSET('2zwbObiPnAmgZCYm8JcsDN',#5,'CPset_DSO-Enkelbestemming',$,(#10822,#10823,#10824,#10825,#10826,#10827,#10828,#10829));
#10831=IFCRELDEFINESBYPROPERTIES('1Vd_RZxOHCtPmXytryTFc8',#5,$,$,(#10820),#10830);
#10832=IFCCARTESIANPOINT((0.,0.,-0.1));
#10833=IFCDIRECTION((0.,0.,1.));
#10834=IFCDIRECTION((1.,0.,0.));
#10835=IFCAXIS2PLACEMENT3D(#10832,#10833,#10834);
#10836=IFCLOCALPLACEMENT(#37,#10835);
#10837=IFCCARTESIANPOINT((0.,0.,0.));
#10838=IFCDIRECTION((0.,0.,1.));
#10839=IFCDIRECTION((1.,0.,0.));
#10840=IFCAXIS2PLACEMENT3D(#10837,#10838,#10839);
#10841=IFCDIRECTION((0.,0.,1.));
#10842=IFCCARTESIANPOINT((282.548755177326,10.4525894673425));
#10843=IFCCARTESIANPOINT((282.547405581572,10.4197005400201));
#10844=IFCCARTESIANPOINT((282.545925945131,10.3868289082311));
#10845=IFCCARTESIANPOINT((282.544271977415,10.3539209856535));
#10846=IFCCARTESIANPOINT((282.542357924598,10.3210476575186));
#10847=IFCCARTESIANPOINT((282.540313833364,10.2881916231127));
#10848=IFCCARTESIANPOINT((282.538009652228,10.2553701872239));
#10849=IFCCARTESIANPOINT((282.535531140311,10.2225124600227));
#10850=IFCCARTESIANPOINT((282.532836837956,10.1897429104429));
#10851=IFCCARTESIANPOINT((282.529968200339,10.1569370733341));
#10852=IFCCARTESIANPOINT((282.526969521423,10.124148532399));
#10853=IFCCARTESIANPOINT((282.523710762354,10.0913945817738));
#10854=IFCCARTESIANPOINT((282.520321958233,10.0586579302908));
#10855=IFCCARTESIANPOINT((282.516673073114,10.0259558701073));
#10856=IFCCARTESIANPOINT((282.512849849736,9.99321752478136));
#10857=IFCCARTESIANPOINT((282.508896586543,9.96049647446489));
#10858=IFCCARTESIANPOINT((282.504727535386,9.9278635995579));
#10859=IFCCARTESIANPOINT((282.500298396859,9.89526532107266));
#10860=IFCCARTESIANPOINT((282.495739217993,9.86268433794612));
#10861=IFCCARTESIANPOINT((282.491005707474,9.83006706432207));
#10862=IFCCARTESIANPOINT((282.486056405673,9.79753796890145));
#10863=IFCCARTESIANPOINT((282.480932767125,9.76497258729069));
#10864=IFCCARTESIANPOINT((282.475593341718,9.73249538027449));
#10865=IFCCARTESIANPOINT((282.470038123894,9.70010635268409));
#10866=IFCCARTESIANPOINT((282.464308570663,9.66768103744835));
#10867=IFCCARTESIANPOINT((282.458448978345,9.63527301669819));
#10868=IFCCARTESIANPOINT((282.452329301537,9.60289958992507));
#10869=IFCCARTESIANPOINT((282.446079583897,9.57054345891811));
#10870=IFCCARTESIANPOINT((282.439614076953,9.5382755046594));
#10871=IFCCARTESIANPOINT((282.432932778,9.50609572924441));
#10872=IFCCARTESIANPOINT((282.426077145006,9.47387966531096));
#10873=IFCCARTESIANPOINT((282.419091467251,9.44168090046151));
#10874=IFCCARTESIANPOINT((282.411890004325,9.40957030875143));
#10875=IFCCARTESIANPOINT((282.40442845822,9.37749431031989));
#10876=IFCCARTESIANPOINT((282.396836870059,9.34543560846942));
#10877=IFCCARTESIANPOINT((282.389029489626,9.31346508575371));
#10878=IFCCARTESIANPOINT((282.381092069176,9.28151185828028));
#10879=IFCCARTESIANPOINT((282.372938858636,9.24964680807898));
#10880=IFCCARTESIANPOINT((282.364525565325,9.21781635057414));
#10881=IFCCARTESIANPOINT((282.356112273643,9.1859858915559));
#10882=IFCCARTESIANPOINT((282.347353145335,9.1542609105818));
#10883=IFCCARTESIANPOINT((282.338463977474,9.1225532242679));
#10884=IFCCARTESIANPOINT((282.329359023744,9.09093371202471));
#10885=IFCCARTESIANPOINT((282.320079729863,9.0592779162107));
#10886=IFCCARTESIANPOINT((282.310628941632,9.02776388009079));
#10887=IFCCARTESIANPOINT((282.300962363341,8.9963380213012));
#10888=IFCCARTESIANPOINT((282.291121452319,8.96487587288721));
#10889=IFCCARTESIANPOINT((282.281194789568,8.93348460801644));
#10890=IFCCARTESIANPOINT((282.270966590091,8.90225240011932));
#10891=IFCCARTESIANPOINT((282.260564055614,8.87098390428582));
#10892=IFCCARTESIANPOINT((282.250075773307,8.83978628885234));
#10893=IFCCARTESIANPOINT((282.239327407413,8.80862326681381));
#10894=IFCCARTESIANPOINT((282.228407545859,8.77760200551711));
#10895=IFCCARTESIANPOINT((282.217227598536,8.7466153393616));
#10896=IFCCARTESIANPOINT((282.20596190574,8.71569955156883));
#10897=IFCCARTESIANPOINT((282.194566169375,8.68480106181232));
#10898=IFCCARTESIANPOINT((282.182868895499,8.65406162972795));
#10899=IFCCARTESIANPOINT((282.171041581634,8.62333949271124));
#10900=IFCCARTESIANPOINT((282.159084223007,8.59263465477852));
#10901=IFCCARTESIANPOINT((282.146911076503,8.56201799237169));
#10902=IFCCARTESIANPOINT((282.134566431603,8.53154309309321));
#10903=IFCCARTESIANPOINT((282.121961706522,8.50110278441571));
#10904=IFCCARTESIANPOINT((282.109271229216,8.4707333597471));
#10905=IFCCARTESIANPOINT((282.096364967554,8.440452107694));
#10906=IFCCARTESIANPOINT((282.083328658162,8.41018815716961));
#10907=IFCCARTESIANPOINT((282.070035107841,8.38013684580801));
#10908=IFCCARTESIANPOINT((282.056652968487,8.34997836791445));
#10909=IFCCARTESIANPOINT((282.04301358838,8.32003252900904));
#10910=IFCCARTESIANPOINT((282.029288454331,8.29015757533489));
#10911=IFCCARTESIANPOINT((282.015303241235,8.26031721156323));
#10912=IFCCARTESIANPOINT((282.001232279435,8.23054772877367));
#10913=IFCCARTESIANPOINT((281.986859776487,8.20093730656663));
#10914=IFCCARTESIANPOINT((281.972487273539,8.17132688424317));
#10915=IFCCARTESIANPOINT((281.957813234418,8.14187551854411));
#10916=IFCCARTESIANPOINT((281.943009154464,8.11244144866941));
#10917=IFCCARTESIANPOINT((281.928033578617,8.083149139944));
#10918=IFCCARTESIANPOINT((281.912842210237,8.05394501058618));
#10919=IFCCARTESIANPOINT((281.897520802246,8.02475817629602));
#10920=IFCCARTESIANPOINT((281.882027894928,7.99571310571628));
#10921=IFCCARTESIANPOINT((281.866363494453,7.9668097938993));
#10922=IFCCARTESIANPOINT((281.85056905041,7.937923780235));
#10923=IFCCARTESIANPOINT((281.834558814793,7.90912594547262));
#10924=IFCCARTESIANPOINT((281.818377085699,7.88046986970585));
#10925=IFCCARTESIANPOINT((281.801979567186,7.85190197097836));
#10926=IFCCARTESIANPOINT((281.785496299184,7.82340495393146));
#10927=IFCCARTESIANPOINT((281.768841534416,7.79504969873233));
#10928=IFCCARTESIANPOINT((281.752056727506,7.76671174046351));
#10929=IFCCARTESIANPOINT((281.734970381513,7.73853284138022));
#10930=IFCCARTESIANPOINT((281.71779828929,7.71042482124176));
#10931=IFCCARTESIANPOINT((281.700454699487,7.68245856353315));
#10932=IFCCARTESIANPOINT((281.683025359409,7.65456318832003));
#10933=IFCCARTESIANPOINT((281.66538023352,7.62675598729402));
#10934=IFCCARTESIANPOINT((281.64756360976,7.59909054887248));
#10935=IFCCARTESIANPOINT((281.629531191458,7.57151329173939));
#10936=IFCCARTESIANPOINT((281.611413031205,7.54400691005867));
#10937=IFCCARTESIANPOINT((281.593123372237,7.51664229208836));
#10938=IFCCARTESIANPOINT((281.574662217259,7.48941943515092));
#10939=IFCCARTESIANPOINT((281.555985269631,7.46228475793032));
#10940=IFCCARTESIANPOINT((281.537222577725,7.43522095825756));
#10941=IFCCARTESIANPOINT((280.339514538733,5.75892962299986));
#10942=IFCCARTESIANPOINT((279.310817318416,4.43081084580626));
#10943=IFCCARTESIANPOINT((266.44231800735,-12.18252376694));
#10944=IFCCARTESIANPOINT((264.453772251989,-12.7051225025207));
#10945=IFCCARTESIANPOINT((264.681563651917,-10.2889504097984));
#10946=IFCCARTESIANPOINT((267.061710650305,6.39026780903805));
#10947=IFCCARTESIANPOINT((267.396500370465,8.58142296841834));
#10948=IFCCARTESIANPOINT((268.222234547924,14.3641294814297));
#10949=IFCCARTESIANPOINT((269.39670467595,17.6568386874278));
#10950=IFCCARTESIANPOINT((270.976034887164,19.331373630208));
#10951=IFCCARTESIANPOINT((292.008035027306,31.8482206714107));
#10952=IFCCARTESIANPOINT((295.652828661172,33.3011652416317));
#10953=IFCCARTESIANPOINT((297.304631350824,30.0265697501018));
#10954=IFCCARTESIANPOINT((297.315791281813,30.007242783031));
#10955=IFCCARTESIANPOINT((297.32668828743,29.9877723624231));
#10956=IFCCARTESIANPOINT((297.337366669177,29.9682120658108));
#10957=IFCCARTESIANPOINT((297.347867873759,29.9484374355525));
#10958=IFCCARTESIANPOINT((297.358064707048,29.9286438088748));
#10959=IFCCARTESIANPOINT((297.368128660746,29.908689428994));
#10960=IFCCARTESIANPOINT((297.377929695387,29.8885915906285));
#10961=IFCCARTESIANPOINT((297.387426351517,29.8684747613734));
#10962=IFCCARTESIANPOINT((297.396790130384,29.8481971773435));
#10963=IFCCARTESIANPOINT((297.405890988564,29.8277761360514));
#10964=IFCCARTESIANPOINT((297.414687469573,29.8073361028801));
#10965=IFCCARTESIANPOINT((297.423306779325,29.7866817312897));
#10966=IFCCARTESIANPOINT((297.431666007644,29.7660619499511));
#10967=IFCCARTESIANPOINT((297.439848063543,29.7452278311248));
#10968=IFCCARTESIANPOINT((297.44772574259,29.7243747201283));
#10969=IFCCARTESIANPOINT((297.455340502755,29.7033781502978));
#10970=IFCCARTESIANPOINT((297.462780928065,29.6823452922399));
#10971=IFCCARTESIANPOINT((297.469872683811,29.6612398572615));
#10972=IFCCARTESIANPOINT((297.476831560925,29.6399736685562));
#10973=IFCCARTESIANPOINT((297.483530354657,29.6187420716742));
#10974=IFCCARTESIANPOINT((297.489966228924,29.5973670163658));
#10975=IFCCARTESIANPOINT((297.496183474519,29.5759020889527));
#10976=IFCCARTESIANPOINT((297.502052051132,29.5543645842699));
#10977=IFCCARTESIANPOINT((297.507746296149,29.5327907885658));
#10978=IFCCARTESIANPOINT((297.513221911126,29.5111271218047));
#10979=IFCCARTESIANPOINT((297.518393149658,29.4894444624078));
#10980=IFCCARTESIANPOINT((297.523345761438,29.4676719293348));
#10981=IFCCARTESIANPOINT((297.527993999742,29.4458804013557));
#10982=IFCCARTESIANPOINT((297.532423609431,29.423999000981));
#10983=IFCCARTESIANPOINT((297.536678882461,29.4020813138923));
#10984=IFCCARTESIANPOINT((297.540585487237,29.3800910488935));
#10985=IFCCARTESIANPOINT((297.5442320086,29.3581353756599));
#10986=IFCCARTESIANPOINT((297.547745653836,29.3360189466621));
#10987=IFCCARTESIANPOINT((297.55086917078,29.3139544082806));
#10988=IFCCARTESIANPOINT((297.553774063563,29.2917999938945));
#10989=IFCCARTESIANPOINT((297.556418870896,29.2696801731363));
#10990=IFCCARTESIANPOINT((297.558845051943,29.2474704782362));
#10991=IFCCARTESIANPOINT((297.56101114981,29.2252953749266));
#10992=IFCCARTESIANPOINT((297.562914325827,29.2029768152861));
#10993=IFCCARTESIANPOINT((297.564515964914,29.1808173106401));
#10994=IFCCARTESIANPOINT((297.565940433968,29.158443466411));
#10995=IFCCARTESIANPOINT((297.567063361028,29.1362286814838));
#10996=IFCCARTESIANPOINT((297.567923368799,29.1138704378973));
#10997=IFCCARTESIANPOINT((297.5685675891,29.0916003681486));
#10998=IFCCARTESIANPOINT((297.568907428154,29.0693113098387));
#10999=IFCCARTESIANPOINT((297.568942895887,29.0470032549347));
#11000=IFCCARTESIANPOINT((297.568804026261,29.0246589136659));
#11001=IFCCARTESIANPOINT((297.56840507334,29.0023491640459));
#11002=IFCCARTESIANPOINT((297.567701744236,28.9800204219064));
#11003=IFCCARTESIANPOINT((297.566782625159,28.9577798555256));
#11004=IFCCARTESIANPOINT((297.565644880204,28.9354494148865));
#11005=IFCCARTESIANPOINT((297.564161304559,28.9132244453649));
#11006=IFCCARTESIANPOINT((297.562459100067,28.8909096036805));
#11007=IFCCARTESIANPOINT((297.560541103856,28.8686829396174));
#11008=IFCCARTESIANPOINT((297.558318732918,28.8464372814633));
#11009=IFCCARTESIANPOINT((297.555880570813,28.8242798004649));
#11010=IFCCARTESIANPOINT((297.553052286821,28.802174204553));
#11011=IFCCARTESIANPOINT((297.550179706072,28.7800150271505));
#11012=IFCCARTESIANPOINT((297.546917006024,28.7579077330302));
#11013=IFCCARTESIANPOINT((297.543438509078,28.7358886206057));
#11014=IFCCARTESIANPOINT((297.539699936024,28.7139040941256));
#11015=IFCCARTESIANPOINT((297.53570127362,28.6919541643583));
#11016=IFCCARTESIANPOINT((297.531442530308,28.6700388244935));
#11017=IFCCARTESIANPOINT((297.526923706377,28.6481580742402));
#11018=IFCCARTESIANPOINT((297.522189090698,28.6263655016082));
#11019=IFCCARTESIANPOINT((297.517194389104,28.6046075226623));
#11020=IFCCARTESIANPOINT((297.511983899836,28.582937718078));
#11021=IFCCARTESIANPOINT((297.506383285305,28.5613198014908));
#11022=IFCCARTESIANPOINT((297.500696923438,28.5397727641393));
#11023=IFCCARTESIANPOINT((297.494706185185,28.5182067343849));
#11024=IFCCARTESIANPOINT((297.488413908024,28.4967997610802));
#11025=IFCCARTESIANPOINT((297.481905838678,28.4754809658625));
#11026=IFCCARTESIANPOINT((297.475267730566,28.4541794640827));
#11027=IFCCARTESIANPOINT((297.468283790571,28.4329834342934));
#11028=IFCCARTESIANPOINT((297.460954017617,28.4118928779499));
#11029=IFCCARTESIANPOINT((297.453538495727,28.3908732019481));
#11030=IFCCARTESIANPOINT((297.445862890891,28.3698881176533));
#11031=IFCCARTESIANPOINT((297.43788574604,28.3490620909142));
#11032=IFCCARTESIANPOINT((297.4296928166,28.3283242358593));
#11033=IFCCARTESIANPOINT((297.421239801246,28.307620974665));
#11034=IFCCARTESIANPOINT((297.412615284702,28.2870594776468));
#11035=IFCCARTESIANPOINT((297.403644940467,28.2666034493013));
#11036=IFCCARTESIANPOINT((297.394588846364,28.2462183022872));
#11037=IFCCARTESIANPOINT((297.385186922183,28.2259386262158));
#11038=IFCCARTESIANPOINT((297.375613498909,28.2058007122832));
#11039=IFCCARTESIANPOINT((297.365738536493,28.1858218552661));
#11040=IFCCARTESIANPOINT((297.355647786142,28.1659311726107));
#11041=IFCCARTESIANPOINT((297.345426993066,28.1460577869439));
#11042=IFCCARTESIANPOINT((297.334818911855,28.1264143386506));
#11043=IFCCARTESIANPOINT((297.324125083076,28.106841770059));
#11044=IFCCARTESIANPOINT((297.31312971437,28.087428259023));
#11045=IFCCARTESIANPOINT((297.301918555837,28.0681029239204));
#11046=IFCCARTESIANPOINT((297.290535903419,28.0489193468238));
#11047=IFCCARTESIANPOINT((297.278851708077,28.0298948298441));
#11048=IFCCARTESIANPOINT((297.267081764352,28.0109411929734));
#11049=IFCCARTESIANPOINT((297.254924537992,27.9922174892854));
#11050=IFCCARTESIANPOINT((297.24268155577,27.9735646718764));
#11051=IFCCARTESIANPOINT((297.230181331543,27.955124492466));
#11052=IFCCARTESIANPOINT((297.217465317546,27.9367724891636));
#11053=IFCCARTESIANPOINT((297.211108729534,27.9276855117641));
#11054=IFCCARTESIANPOINT((297.204666392558,27.9186694151722));
#11055=IFCCARTESIANPOINT((297.198138306034,27.909724199737));
#11056=IFCCARTESIANPOINT((297.191565928515,27.9007253981545));
#11057=IFCCARTESIANPOINT((297.185037842224,27.8917801824282));
#11058=IFCCARTESIANPOINT((297.178424007812,27.8829058467527));
#11059=IFCCARTESIANPOINT((297.171724424901,27.8741023913608));
#11060=IFCCARTESIANPOINT((297.164980548638,27.8652453519171));
#11061=IFCCARTESIANPOINT((297.158195215539,27.8565127783222));
#11062=IFCCARTESIANPOINT((297.151279844489,27.8477974975249));
#11063=IFCCARTESIANPOINT((297.144408764259,27.8391358030494));
#11064=IFCCARTESIANPOINT((297.137493391056,27.8304205240565));
#11065=IFCCARTESIANPOINT((297.130536561628,27.8218297105632));
#11066=IFCCARTESIANPOINT((297.123493984254,27.8133097767713));
#11067=IFCCARTESIANPOINT((297.116407114459,27.8047362581128));
#11068=IFCCARTESIANPOINT((297.109278790042,27.7962872034404));
#11069=IFCCARTESIANPOINT((297.102020421153,27.7878554469789));
#11070=IFCCARTESIANPOINT((297.094806347828,27.779477273114));
#11071=IFCCARTESIANPOINT((297.087547980336,27.7710455156048));
#11072=IFCCARTESIANPOINT((297.080248157465,27.7627382227802));
#11073=IFCCARTESIANPOINT((297.072862584464,27.7545018116361));
#11074=IFCCARTESIANPOINT((297.065432718809,27.7462118157418));
#11075=IFCCARTESIANPOINT((297.057961401268,27.7380462817382));
#11076=IFCCARTESIANPOINT((297.050404331618,27.7299516307539));
#11077=IFCCARTESIANPOINT((297.04284726287,27.7218569791876));
#11078=IFCCARTESIANPOINT((297.035245902225,27.7137087422307));
#11079=IFCCARTESIANPOINT((297.02760308134,27.7056849740911));
#11080=IFCCARTESIANPOINT((297.019874516875,27.6977320822189));
#11081=IFCCARTESIANPOINT((297.01214595043,27.6897791917436));
#11082=IFCCARTESIANPOINT((297.004375927994,27.6819507665932));
#11083=IFCCARTESIANPOINT((296.996561616746,27.6740687535494));
#11084=IFCCARTESIANPOINT((296.988661551324,27.6662576255039));
#11085=IFCCARTESIANPOINT((296.980720032036,27.6585709608044));
#11086=IFCCARTESIANPOINT((296.972734220064,27.6508307114127));
#11087=IFCCARTESIANPOINT((296.964792700339,27.643144047237));
#11088=IFCCARTESIANPOINT((296.956679685827,27.6355991417076));
#11089=IFCCARTESIANPOINT((296.94860812687,27.6279297715519));
#11090=IFCCARTESIANPOINT((296.94040936316,27.6204557469464));
#11091=IFCCARTESIANPOINT((296.932210597821,27.6129817237379));
#11092=IFCCARTESIANPOINT((296.924056124582,27.6055612857454));
#11093=IFCCARTESIANPOINT((296.91577161444,27.5981581398519));
#11094=IFCCARTESIANPOINT((296.907445645164,27.5908794616698));
#11095=IFCCARTESIANPOINT((296.899075382447,27.583547199436));
#11096=IFCCARTESIANPOINT((296.890663664031,27.5763394021778));
#11097=IFCCARTESIANPOINT((296.882251947216,27.5691316035227));
#11098=IFCCARTESIANPOINT((296.873754481232,27.5619946859661));
#11099=IFCCARTESIANPOINT((296.865257017547,27.5548577662557));
#11100=IFCCARTESIANPOINT((296.856718095572,27.5478453138494));
#11101=IFCCARTESIANPOINT((296.848049130145,27.5408501586644));
#11102=IFCCARTESIANPOINT((296.839424460777,27.5339085856103));
#11103=IFCCARTESIANPOINT((296.830799792748,27.5269670113921));
#11104=IFCCARTESIANPOINT((296.822089371999,27.5200963211246));
#11105=IFCCARTESIANPOINT((296.813337498199,27.5133500935044));
#11106=IFCCARTESIANPOINT((296.804541332036,27.5065502809593));
#11107=IFCCARTESIANPOINT((296.795703708689,27.4998749344959));
#11108=IFCCARTESIANPOINT((296.786780336959,27.493270468316));
#11109=IFCCARTESIANPOINT((296.777856966626,27.4866660010885));
#11110=IFCCARTESIANPOINT((296.768977889558,27.4801151180291));
#11111=IFCCARTESIANPOINT((296.759968767787,27.4735815334716));
#11112=IFCCARTESIANPOINT((296.750918194011,27.4671724107466));
#11113=IFCCARTESIANPOINT((296.741867615754,27.4607632919797));
#11114=IFCCARTESIANPOINT((296.732775585784,27.4544786346378));
#11115=IFCCARTESIANPOINT((296.723639260163,27.4481403951067));
#11116=IFCCARTESIANPOINT((296.714461480791,27.4419266190962));
#11117=IFCCARTESIANPOINT((296.7052837011,27.4357128432021));
#11118=IFCCARTESIANPOINT((296.696064467455,27.429623530712));
#11119=IFCCARTESIANPOINT((296.686800940457,27.4234806342865));
#11120=IFCCARTESIANPOINT((296.677495953074,27.417462206562));
#11121=IFCCARTESIANPOINT((296.668149512931,27.4115682413685));
#11122=IFCCARTESIANPOINT((296.65875878252,27.4056206895038));
#11123=IFCCARTESIANPOINT((296.649326593208,27.3997976052924));
#11124=IFCCARTESIANPOINT((296.63989440669,27.3939745188109));
#11125=IFCCARTESIANPOINT((296.630462215602,27.3881514359382));
#11126=IFCCARTESIANPOINT((296.620902824827,27.3825236948323));
#11127=IFCCARTESIANPOINT((296.611429181445,27.3768250742578));
#11128=IFCCARTESIANPOINT((296.601784041704,27.3712682137848));
#11129=IFCCARTESIANPOINT((296.592183192464,27.3657649398083));
#11130=IFCCARTESIANPOINT((296.582582343573,27.3602616657154));
#11131=IFCCARTESIANPOINT((296.572895749443,27.3548292690539));
#11132=IFCCARTESIANPOINT((296.563209150539,27.3493968765251));
#11133=IFCCARTESIANPOINT((296.55348109777,27.3440889474587));
#11134=IFCCARTESIANPOINT((296.543711591454,27.3389054815634));
#11135=IFCCARTESIANPOINT((296.533897790563,27.3336684324895));
#11136=IFCCARTESIANPOINT((296.524128282006,27.3284849683405));
#11137=IFCCARTESIANPOINT((296.514273028151,27.3233723820304));
#11138=IFCCARTESIANPOINT((296.504376315221,27.3183842634317));
#11139=IFCCARTESIANPOINT((296.494479604502,27.3133961430285));
#11140=IFCCARTESIANPOINT((296.484497142636,27.3084789051791));
#11141=IFCCARTESIANPOINT((296.474558975402,27.3036152504501));
#11142=IFCCARTESIANPOINT((296.464620808751,27.2987515953137));
#11143=IFCCARTESIANPOINT((296.454555435659,27.2940832871245));
#11144=IFCCARTESIANPOINT((296.444575813017,27.2893440972548));
#11145=IFCCARTESIANPOINT((296.434510441875,27.2846757874941));
#11146=IFCCARTESIANPOINT((296.424403615325,27.2801319426508));
#11147=IFCCARTESIANPOINT((296.414296785777,27.275588100194));
#11148=IFCCARTESIANPOINT((296.404104212445,27.2711151342373));
#11149=IFCCARTESIANPOINT((296.393955926847,27.2666957571055));
#11150=IFCCARTESIANPOINT((296.383766189188,27.2624008418643));
#11151=IFCCARTESIANPOINT((296.373532158876,27.2580523421057));
#11152=IFCCARTESIANPOINT((288.186194961541,23.5051540033892));
#11153=IFCCARTESIANPOINT((288.085894456162,23.4561046059825));
#11154=IFCCARTESIANPOINT((287.986141382862,23.4059713160968));
#11155=IFCCARTESIANPOINT((287.886935741437,23.3547541340813));
#11156=IFCCARTESIANPOINT((287.78836328318,23.302382177033));
#11157=IFCCARTESIANPOINT((287.690379712032,23.248801862821));
#11158=IFCCARTESIANPOINT((287.592946410499,23.1943157053902));
#11159=IFCCARTESIANPOINT((287.496232040168,23.1386038922356));
#11160=IFCCARTESIANPOINT((287.400065101363,23.0818081869511));
#11161=IFCCARTESIANPOINT((287.304619928182,23.023964877706));
#11162=IFCCARTESIANPOINT((287.209722188622,22.9650376743521));
#11163=IFCCARTESIANPOINT((287.115546215937,22.9050628657569));
#11164=IFCCARTESIANPOINT((287.022092008119,22.844040453725));
#11165=IFCCARTESIANPOINT((286.929315278685,22.7819168483256));
#11166=IFCCARTESIANPOINT((286.837260312052,22.7187456409447));
#11167=IFCCARTESIANPOINT((286.745841362892,22.6545977094793));
#11168=IFCCARTESIANPOINT((286.655274223303,22.5893848751439));
#11169=IFCCARTESIANPOINT((286.565343103022,22.5231953149778));
#11170=IFCCARTESIANPOINT((286.476178038196,22.456011737173));
#11171=IFCCARTESIANPOINT((286.387864782591,22.3877632563817));
#11172=IFCCARTESIANPOINT((286.30023184212,22.3185916316579));
#11173=IFCCARTESIANPOINT((286.213364954165,22.2484259913326));
#11174=IFCCARTESIANPOINT((286.127349875373,22.1771954479627));
#11175=IFCCARTESIANPOINT((286.042189447413,22.1050780473161));
#11176=IFCCARTESIANPOINT((285.957709324401,22.0320375104784));
#11177=IFCCARTESIANPOINT((285.874125301634,21.9579856562777));
#11178=IFCCARTESIANPOINT((285.791481673514,21.8829760677763));
#11179=IFCCARTESIANPOINT((285.709562647622,21.8070969238761));
#11180=IFCCARTESIANPOINT((285.628498268401,21.7303309254348));
#11181=IFCCARTESIANPOINT((285.548374281934,21.6526071940898));
#11182=IFCCARTESIANPOINT((285.469104938471,21.5739966109395));
#11183=IFCCARTESIANPOINT((285.39069024229,21.4944991727825));
#11184=IFCCARTESIANPOINT((285.313260230556,21.4140975865885));
#11185=IFCCARTESIANPOINT((285.236684861855,21.3328091484727));
#11186=IFCCARTESIANPOINT((285.161008432944,21.2506874397513));
#11187=IFCCARTESIANPOINT((285.086275231588,21.1677860487835));
#11188=IFCCARTESIANPOINT((285.012526719918,21.0839805051801));
#11189=IFCCARTESIANPOINT((284.939677142131,20.9993416952784));
#11190=IFCCARTESIANPOINT((284.867770795565,20.9139231998124));
#11191=IFCCARTESIANPOINT((284.796893429913,20.8276541372179));
#11192=IFCCARTESIANPOINT((284.726959292631,20.7406053910963));
#11193=IFCCARTESIANPOINT((284.658012676256,20.652830546489));
#11194=IFCCARTESIANPOINT((284.590009294596,20.5642760128248));
#11195=IFCCARTESIANPOINT((284.523079180013,20.4749245015555));
#11196=IFCCARTESIANPOINT((284.457136592333,20.3848468862707));
#11197=IFCCARTESIANPOINT((284.39226727144,20.293972293206));
#11198=IFCCARTESIANPOINT((284.328299726651,20.202442478505));
#11199=IFCCARTESIANPOINT((284.265449746948,20.1101692658267));
#11200=IFCCARTESIANPOINT((284.203631585027,20.0172235349892));
#11201=IFCCARTESIANPOINT((284.142930983973,19.9235344093759));
#11202=IFCCARTESIANPOINT((284.083176451415,19.8292436465854));
#11203=IFCCARTESIANPOINT((284.024539482692,19.734209486458));
#11204=IFCCARTESIANPOINT((283.966978622077,19.6385563940858));
#11205=IFCCARTESIANPOINT((283.910449578456,19.5422307836125));
#11206=IFCCARTESIANPOINT((283.855040938157,19.4453398231417));
#11207=IFCCARTESIANPOINT((283.800794152688,19.3477590508992));
#11208=IFCCARTESIANPOINT((283.747537725983,19.2496302276268));
#11209=IFCCARTESIANPOINT((283.695487451623,19.1508651729091));
#11210=IFCCARTESIANPOINT((283.644513285341,19.051481185481));
#11211=IFCCARTESIANPOINT((283.594618063333,18.9516563155921));
#11212=IFCCARTESIANPOINT((283.545928992331,18.851195215364));
#11213=IFCCARTESIANPOINT((283.498360324011,18.750168765022));
#11214=IFCCARTESIANPOINT((283.45187060014,18.6487014317536));
#11215=IFCCARTESIANPOINT((283.406587024831,18.5465978698921));
#11216=IFCCARTESIANPOINT((283.3624266939,18.4441070036846));
#11217=IFCCARTESIANPOINT((283.319386758434,18.3410507928929));
#11218=IFCCARTESIANPOINT((283.277555813052,18.237536399276));
#11219=IFCCARTESIANPOINT((283.236933855223,18.1335638246383));
#11220=IFCCARTESIANPOINT((283.197476592497,18.0290794842294));
#11221=IFCCARTESIANPOINT((283.159142566059,17.9242078456446));
#11222=IFCCARTESIANPOINT((283.122061822127,17.8189316088683));
#11223=IFCCARTESIANPOINT((283.086104318179,17.7132680705981));
#11224=IFCCARTESIANPOINT((283.051355798583,17.6071463536937));
#11225=IFCCARTESIANPOINT((283.017774812848,17.5006909189397));
#11226=IFCCARTESIANPOINT((282.985447108193,17.3938308866345));
#11227=IFCCARTESIANPOINT((282.954286933847,17.2866371393902));
#11228=IFCCARTESIANPOINT((282.924380040873,17.1790387940709));
#11229=IFCCARTESIANPOINT((282.89564067914,17.0711067326483));
#11230=IFCCARTESIANPOINT((282.868157434976,16.9629481239826));
#11231=IFCCARTESIANPOINT((282.841841723595,16.854455797933));
#11232=IFCCARTESIANPOINT((282.816823585978,16.7456124584423));
#11233=IFCCARTESIANPOINT((282.792931522854,16.6365598689881));
#11234=IFCCARTESIANPOINT((282.770381330862,16.5272098466521));
#11235=IFCCARTESIANPOINT((282.749042957992,16.4175796966301));
#11236=IFCCARTESIANPOINT((282.728874961002,16.3077938738861));
#11237=IFCCARTESIANPOINT((282.709963076079,16.1977815079154));
#11238=IFCCARTESIANPOINT((282.69230731306,16.0875425901031));
#11239=IFCCARTESIANPOINT((282.675951960642,15.9771307086921));
#11240=IFCCARTESIANPOINT((282.660722685192,15.8665095748729));
#11241=IFCCARTESIANPOINT((282.646838113753,15.7557690611575));
#11242=IFCCARTESIANPOINT((282.634209660464,15.6448019990348));
#11243=IFCCARTESIANPOINT((282.622795871779,15.5337328514433));
#11244=IFCCARTESIANPOINT((282.612596740742,15.4225616246113));
#11245=IFCCARTESIANPOINT((282.603698026767,15.3112174283597));
#11246=IFCCARTESIANPOINT((282.595972518699,15.1998956147581));
#11247=IFCCARTESIANPOINT((282.589591715747,15.088454420038));
#11248=IFCCARTESIANPOINT((282.584425572742,14.9769111441565));
#11249=IFCCARTESIANPOINT((282.580604135932,14.865248486225));
#11250=IFCCARTESIANPOINT((282.577914450871,14.7537326748134));
#11251=IFCCARTESIANPOINT((282.5765694734,14.6420974804205));
#11252=IFCCARTESIANPOINT((282.549844685418,10.4855129913194));
#11253=IFCCARTESIANPOINT((282.548755177326,10.4525894673425));
#11254=IFCPOLYLINE((#10842,#10843,#10844,#10845,#10846,#10847,#10848,#10849,#10850,#10851,#10852,#10853,#10854,#10855,#10856,#10857,#10858,#10859,#10860,#10861,#10862,#10863,#10864,#10865,#10866,#10867,#10868,#10869,#10870,#10871,#10872,#10873,#10874,#10875,#10876,#10877,#10878,#10879,#10880,#10881,#10882,#10883,#10884,#10885,#10886,#10887,#10888,#10889,#10890,#10891,#10892,#10893,#10894,#10895,#10896,#10897,#10898,#10899,#10900,#10901,#10902,#10903,#10904,#10905,#10906,#10907,#10908,#10909,#10910,#10911,#10912,#10913,#10914,#10915,#10916,#10917,#10918,#10919,#10920,#10921,#10922,#10923,#10924,#10925,#10926,#10927,#10928,#10929,#10930,#10931,#10932,#10933,#10934,#10935,#10936,#10937,#10938,#10939,#10940,#10941,#10942,#10943,#10944,#10945,#10946,#10947,#10948,#10949,#10950,#10951,#10952,#10953,#10954,#10955,#10956,#10957,#10958,#10959,#10960,#10961,#10962,#10963,#10964,#10965,#10966,#10967,#10968,#10969,#10970,#10971,#10972,#10973,#10974,#10975,#10976,#10977,#10978,#10979,#10980,#10981,#10982,#10983,#10984,#10985,#10986,#10987,#10988,#10989,#10990,#10991,#10992,#10993,#10994,#10995,#10996,#10997,#10998,#10999,#11000,#11001,#11002,#11003,#11004,#11005,#11006,#11007,#11008,#11009,#11010,#11011,#11012,#11013,#11014,#11015,#11016,#11017,#11018,#11019,#11020,#11021,#11022,#11023,#11024,#11025,#11026,#11027,#11028,#11029,#11030,#11031,#11032,#11033,#11034,#11035,#11036,#11037,#11038,#11039,#11040,#11041,#11042,#11043,#11044,#11045,#11046,#11047,#11048,#11049,#11050,#11051,#11052,#11053,#11054,#11055,#11056,#11057,#11058,#11059,#11060,#11061,#11062,#11063,#11064,#11065,#11066,#11067,#11068,#11069,#11070,#11071,#11072,#11073,#11074,#11075,#11076,#11077,#11078,#11079,#11080,#11081,#11082,#11083,#11084,#11085,#11086,#11087,#11088,#11089,#11090,#11091,#11092,#11093,#11094,#11095,#11096,#11097,#11098,#11099,#11100,#11101,#11102,#11103,#11104,#11105,#11106,#11107,#11108,#11109,#11110,#11111,#11112,#11113,#11114,#11115,#11116,#11117,#11118,#11119,#11120,#11121,#11122,#11123,#11124,#11125,#11126,#11127,#11128,#11129,#11130,#11131,#11132,#11133,#11134,#11135,#11136,#11137,#11138,#11139,#11140,#11141,#11142,#11143,#11144,#11145,#11146,#11147,#11148,#11149,#11150,#11151,#11152,#11153,#11154,#11155,#11156,#11157,#11158,#11159,#11160,#11161,#11162,#11163,#11164,#11165,#11166,#11167,#11168,#11169,#11170,#11171,#11172,#11173,#11174,#11175,#11176,#11177,#11178,#11179,#11180,#11181,#11182,#11183,#11184,#11185,#11186,#11187,#11188,#11189,#11190,#11191,#11192,#11193,#11194,#11195,#11196,#11197,#11198,#11199,#11200,#11201,#11202,#11203,#11204,#11205,#11206,#11207,#11208,#11209,#11210,#11211,#11212,#11213,#11214,#11215,#11216,#11217,#11218,#11219,#11220,#11221,#11222,#11223,#11224,#11225,#11226,#11227,#11228,#11229,#11230,#11231,#11232,#11233,#11234,#11235,#11236,#11237,#11238,#11239,#11240,#11241,#11242,#11243,#11244,#11245,#11246,#11247,#11248,#11249,#11250,#11251,#11252,#11253));
#11255=IFCARBITRARYCLOSEDPROFILEDEF(.AREA.,$,#11254);
#11256=IFCEXTRUDEDAREASOLID(#11255,#10840,#10841,0.1);
#11257=IFCSHAPEREPRESENTATION(#11,'Body','SweptSolid',(#11256));
#11258=IFCPRODUCTDEFINITIONSHAPE($,$,(#11257));
#11259=IFCSLAB('2heCdbswrC19W9qBysfClZ',#5,'NL.IMRO.0772.EP4252688203-00',$,$,#10836,#11258,$,.NOTDEFINED.);
#11260=IFCSTYLEDITEM(#11256,(#3319),$);
#11261=IFCPROPERTYSINGLEVALUE('plan_id',$,IFCTEXT('NL.IMRO.0772.80190-0301'),$);
#11262=IFCPROPERTYSINGLEVALUE('plan_naam',$,IFCTEXT('Philipsdorp 2013'),$);
#11263=IFCPROPERTYSINGLEVALUE('id',$,IFCTEXT('NL.IMRO.0772.EP4252688203-00'),$);
#11264=IFCPROPERTYSINGLEVALUE('naam',$,IFCTEXT('Groen'),$);
#11265=IFCPROPERTYSINGLEVALUE('bestemmingshoofdgroep',$,IFCTEXT('groen'),$);
#11266=IFCPROPERTYSINGLEVALUE('verwijzing_naar_tekst',$,IFCTEXT('https://ruimtelijkeplannen.nl/documents/NL.IMRO.0772.80190-0301/r_NL.IMRO.0772.80190-0301_2.7.html'),$);
#11267=IFCPROPERTYSINGLEVALUE('plan_dossierstatus',$,IFCTEXT('geheel onherroepelijk in werking'),$);
#11268=IFCPROPERTYSINGLEVALUE('plan_besluitnummer',$,IFCTEXT('13R5357'),$);
#11269=IFCPROPERTYSINGLEVALUE('type_planobject',$,IFCTEXT('enkelbestemming'),$);
#11270=IFCPROPERTYSET('37pHc413DB8x4_Pm4zuWKG',#5,'CPset_DSO-Enkelbestemming',$,(#11261,#11262,#11263,#11264,#11265,#11266,#11267,#11268,#11269));
#11271=IFCRELDEFINESBYPROPERTIES('29O70xU7H1gB_cLsFzfSi6',#5,$,$,(#11259),#11270);
#11272=IFCCARTESIANPOINT((0.,0.,-0.1));
#11273=IFCDIRECTION((0.,0.,1.));
#11274=IFCDIRECTION((1.,0.,0.));
#11275=IFCAXIS2PLACEMENT3D(#11272,#11273,#11274);
#11276=IFCLOCALPLACEMENT(#37,#11275);
#11277=IFCCARTESIANPOINT((0.,0.,0.));
#11278=IFCDIRECTION((0.,0.,1.));
#11279=IFCDIRECTION((1.,0.,0.));
#11280=IFCAXIS2PLACEMENT3D(#11277,#11278,#11279);
#11281=IFCDIRECTION((0.,0.,1.));
#11282=IFCCARTESIANPOINT((147.55921214816,22.9675055681146));
#11283=IFCCARTESIANPOINT((147.670896131836,58.6222708247951));
#11284=IFCCARTESIANPOINT((147.7547633957,85.736209877592));
#11285=IFCCARTESIANPOINT((162.247865435522,85.7992317561875));
#11286=IFCCARTESIANPOINT((215.090571899695,86.0284655977157));
#11287=IFCCARTESIANPOINT((215.097329249082,79.7301939546014));
#11288=IFCCARTESIANPOINT((215.106893023156,71.7298494481365));
#11289=IFCCARTESIANPOINT((215.106916384626,41.0286203448777));
#11290=IFCCARTESIANPOINT((214.583441362629,40.8463748014183));
#11291=IFCCARTESIANPOINT((214.059714770439,40.6646980678779));
#11292=IFCCARTESIANPOINT((213.535780902603,40.4836437260383));
#11293=IFCCARTESIANPOINT((213.011639760138,40.3032117753173));
#11294=IFCCARTESIANPOINT((212.487247045705,40.1233486363781));
#11295=IFCCARTESIANPOINT((211.962647061329,39.944107884774));
#11296=IFCCARTESIANPOINT((211.437969838764,39.7654722303268));
#11297=IFCCARTESIANPOINT((210.912955301203,39.5874762651511));
#11298=IFCCARTESIANPOINT((210.387774944276,39.4099782269914));
#11299=IFCCARTESIANPOINT((209.862345858157,39.2332270447514));
#11300=IFCCARTESIANPOINT((209.336750953546,39.0569737891783));
#11301=IFCCARTESIANPOINT((208.810993064079,38.8813965113368));
#11302=IFCCARTESIANPOINT((208.285069356003,38.7063171606278));
#11303=IFCCARTESIANPOINT((207.758852628613,38.5319310806808));
#11304=IFCCARTESIANPOINT((207.232428622636,38.3581673964509));
#11305=IFCCARTESIANPOINT((206.705838799156,38.1849016385386));
#11306=IFCCARTESIANPOINT((206.179085996235,38.0123118548072));
#11307=IFCCARTESIANPOINT((205.652081626584,37.8402908798889));
#11308=IFCCARTESIANPOINT((205.124914275744,37.6689458805486));
#11309=IFCCARTESIANPOINT((204.597495358234,37.498169690487));
#11310=IFCCARTESIANPOINT((204.069954914157,37.3279450120754));
#11311=IFCCARTESIANPOINT((203.542165742518,37.1584671896999));
#11312=IFCCARTESIANPOINT((203.014210754336,36.9894872935256));
#11313=IFCCARTESIANPOINT((202.486048491439,36.8211297910893));
#11314=IFCCARTESIANPOINT((201.957678954961,36.6533946814016));
#11315=IFCCARTESIANPOINT((201.429187896458,36.4862110800459));
#11316=IFCCARTESIANPOINT((200.900403815234,36.3197207541671));
#11317=IFCCARTESIANPOINT((200.371498208988,36.1537819393561));
#11318=IFCCARTESIANPOINT((199.842385330965,35.9884655163041));
#11319=IFCCARTESIANPOINT((199.313065181981,35.8237714844872));
#11320=IFCCARTESIANPOINT((198.783537758834,35.6596998463501));
#11321=IFCCARTESIANPOINT((198.253888813313,35.4961797175929));
#11322=IFCCARTESIANPOINT((197.724032594677,35.3332819822244));
#11323=IFCCARTESIANPOINT((197.193969107495,35.1710066363448));
#11324=IFCCARTESIANPOINT((196.6636983442,35.0093536865315));
#11325=IFCCARTESIANPOINT((196.133264606033,34.8483767087455));
#11326=IFCCARTESIANPOINT((195.602665050101,34.687897660071));
#11327=IFCCARTESIANPOINT((195.071858219715,34.5280410060659));
#11328=IFCCARTESIANPOINT((194.540888414223,34.3688603249029));
#11329=IFCCARTESIANPOINT((194.009667045582,34.210248452262));
#11330=IFCCARTESIANPOINT((193.478368446144,34.0522416741005));
#11331=IFCCARTESIANPOINT((192.946862576675,33.8948572875233));
#11332=IFCCARTESIANPOINT((192.41510514266,33.7380417110398));
#11333=IFCCARTESIANPOINT((191.883184731676,33.5819021093776));
#11334=IFCCARTESIANPOINT((191.351187088207,33.4263676037663));
#11335=IFCCARTESIANPOINT((190.818937884091,33.2714019053383));
#11336=IFCCARTESIANPOINT((190.286481410789,33.1170585983782));
#11337=IFCCARTESIANPOINT((189.753947706573,32.9633203867124));
#11338=IFCCARTESIANPOINT((189.221120985603,32.8102754479041));
#11339=IFCCARTESIANPOINT((188.68817274287,32.6577820196981));
#11340=IFCCARTESIANPOINT((188.155017230689,32.5059109837166));
#11341=IFCCARTESIANPOINT((187.621740196191,32.3545914587448));
#11342=IFCCARTESIANPOINT((187.088300186588,32.203947907954));
#11343=IFCCARTESIANPOINT((186.554608610895,32.053873169818));
#11344=IFCCARTESIANPOINT((186.020754061843,31.9044744044659));
#11345=IFCCARTESIANPOINT((185.486822286941,31.7556807306246));
#11346=IFCCARTESIANPOINT((184.952638945455,31.6074558700784));
#11347=IFCCARTESIANPOINT((184.418292629445,31.4599069835967));
#11348=IFCCARTESIANPOINT((183.883824794233,31.3129096064949));
#11349=IFCCARTESIANPOINT((183.349149689078,31.1665346226073));
#11350=IFCCARTESIANPOINT((182.814267316338,31.0207820305368));
#11351=IFCCARTESIANPOINT((182.279307715798,30.8756345319562));
#11352=IFCCARTESIANPOINT((181.744140847324,30.7311094253673));
#11353=IFCCARTESIANPOINT((181.208811004704,30.5872602932504));
#11354=IFCCARTESIANPOINT((180.673229597771,30.4439799733227));
#11355=IFCCARTESIANPOINT((180.137570967636,30.301304743567));
#11356=IFCCARTESIANPOINT((179.601835107402,30.1592346096295));
#11357=IFCCARTESIANPOINT((179.065761941572,30.0178041647887));
#11358=IFCCARTESIANPOINT((178.52961155001,29.8769788122736));
#11359=IFCCARTESIANPOINT((177.993298179063,29.7368294390617));
#11360=IFCCARTESIANPOINT((177.456819001265,29.5971779887332));
#11361=IFCCARTESIANPOINT((176.920176845422,29.4582025166019));
#11362=IFCCARTESIANPOINT((176.383371715056,29.3199030201067));
#11363=IFCCARTESIANPOINT((175.846445066738,29.182155032875));
#11364=IFCCARTESIANPOINT((175.309311154269,29.0450294358307));
#11365=IFCCARTESIANPOINT((174.772100013797,28.9085089333821));
#11366=IFCCARTESIANPOINT((174.234595857124,28.772681706876));
#11367=IFCCARTESIANPOINT((173.697055933357,28.6373351055081));
#11368=IFCCARTESIANPOINT((173.159267286392,28.5027353626792));
#11369=IFCCARTESIANPOINT((172.62140141186,28.368740714679));
#11370=IFCCARTESIANPOINT((172.083369731816,28.2352439895039));
#11371=IFCCARTESIANPOINT((171.545133617852,28.102547708957));
#11372=IFCCARTESIANPOINT((171.006817442045,27.970278472465));
#11373=IFCCARTESIANPOINT((170.468252549035,27.8387560904375));
#11374=IFCCARTESIANPOINT((169.929610429768,27.7078388023074));
#11375=IFCCARTESIANPOINT((169.390846789902,27.5774730265839));
#11376=IFCCARTESIANPOINT((168.851920181653,27.4477832223638));
#11377=IFCCARTESIANPOINT((168.312786306167,27.3187158119981));
#11378=IFCCARTESIANPOINT((167.773575208004,27.1902534929104));
#11379=IFCCARTESIANPOINT((167.234156841208,27.0624135688413));
#11380=IFCCARTESIANPOINT((166.694575504196,26.9352496182546));
#11381=IFCCARTESIANPOINT((166.15487264868,26.808637178503));
#11382=IFCCARTESIANPOINT((165.615092572902,26.6826298285741));
#11383=IFCCARTESIANPOINT((165.075105229014,26.5572448735475));
#11384=IFCCARTESIANPOINT((164.534954915202,26.4325358920614));
#11385=IFCCARTESIANPOINT((163.99472738136,26.3084319999325));
#11386=IFCCARTESIANPOINT((163.45429257481,26.1849505068967));
#11387=IFCCARTESIANPOINT((162.913736257906,26.0620205186424));
#11388=IFCCARTESIANPOINT((162.373061262333,25.9398200880969));
#11389=IFCCARTESIANPOINT((147.55921214816,22.9675055681146));
#11390=IFCPOLYLINE((#11282,#11283,#11284,#11285,#11286,#11287,#11288,#11289,#11290,#11291,#11292,#11293,#11294,#11295,#11296,#11297,#11298,#11299,#11300,#11301,#11302,#11303,#11304,#11305,#11306,#11307,#11308,#11309,#11310,#11311,#11312,#11313,#11314,#11315,#11316,#11317,#11318,#11319,#11320,#11321,#11322,#11323,#11324,#11325,#11326,#11327,#11328,#11329,#11330,#11331,#11332,#11333,#11334,#11335,#11336,#11337,#11338,#11339,#11340,#11341,#11342,#11343,#11344,#11345,#11346,#11347,#11348,#11349,#11350,#11351,#11352,#11353,#11354,#11355,#11356,#11357,#11358,#11359,#11360,#11361,#11362,#11363,#11364,#11365,#11366,#11367,#11368,#11369,#11370,#11371,#11372,#11373,#11374,#11375,#11376,#11377,#11378,#11379,#11380,#11381,#11382,#11383,#11384,#11385,#11386,#11387,#11388,#11389));
#11391=IFCARBITRARYCLOSEDPROFILEDEF(.AREA.,$,#11390);
#11392=IFCEXTRUDEDAREASOLID(#11391,#11280,#11281,0.1);
#11393=IFCSHAPEREPRESENTATION(#11,'Body','SweptSolid',(#11392));
#11394=IFCPRODUCTDEFINITIONSHAPE($,$,(#11393));
#11395=IFCSLAB('1qUZYtborF_9sCcK2swPIb',#5,'NL.IMRO.0772.EP6458663949-00',$,$,#11276,#11394,$,.NOTDEFINED.);
#11396=IFCSTYLEDITEM(#11392,(#1753),$);
#11397=IFCPROPERTYSINGLEVALUE('plan_id',$,IFCTEXT('NL.IMRO.0772.80354-0301'),$);
#11398=IFCPROPERTYSINGLEVALUE('plan_naam',$,IFCTEXT('1e Herziening Strijp-S 2017'),$);
#11399=IFCPROPERTYSINGLEVALUE('id',$,IFCTEXT('NL.IMRO.0772.EP6458663949-00'),$);
#11400=IFCPROPERTYSINGLEVALUE('naam',$,IFCTEXT('Gemengd - 3'),$);
#11401=IFCPROPERTYSINGLEVALUE('bestemmingshoofdgroep',$,IFCTEXT('gemengd'),$);
#11402=IFCPROPERTYSINGLEVALUE('verwijzing_naar_tekst',$,IFCTEXT('https://ruimtelijkeplannen.nl/documents/NL.IMRO.0772.80354-0301/pt_NL.IMRO.0772.80354-0301.xml#NL.IMRO.PT.s24'),$);
#11403=IFCPROPERTYSINGLEVALUE('plan_dossierstatus',$,IFCTEXT('geheel onherroepelijk in werking'),$);
#11404=IFCPROPERTYSINGLEVALUE('plan_besluitnummer',$,IFCTEXT('20bst00496'),$);
#11405=IFCPROPERTYSINGLEVALUE('type_planobject',$,IFCTEXT('enkelbestemming'),$);
#11406=IFCPROPERTYSET('0jywR2WwH84xb24ohXYcAk',#5,'CPset_DSO-Enkelbestemming',$,(#11397,#11398,#11399,#11400,#11401,#11402,#11403,#11404,#11405));
#11407=IFCRELDEFINESBYPROPERTIES('0F6$bOYXT94R4FMOS5RcYj',#5,$,$,(#11395),#11406);
#11408=IFCCARTESIANPOINT((0.,0.,-0.1));
#11409=IFCDIRECTION((0.,0.,1.));
#11410=IFCDIRECTION((1.,0.,0.));
#11411=IFCAXIS2PLACEMENT3D(#11408,#11409,#11410);
#11412=IFCLOCALPLACEMENT(#37,#11411);
#11413=IFCCARTESIANPOINT((0.,0.,0.));
#11414=IFCDIRECTION((0.,0.,1.));
#11415=IFCDIRECTION((1.,0.,0.));
#11416=IFCAXIS2PLACEMENT3D(#11413,#11414,#11415);
#11417=IFCDIRECTION((0.,0.,1.));
#11418=IFCCARTESIANPOINT((65.8912810320326,237.549287815986));
#11419=IFCCARTESIANPOINT((49.9365845091233,239.104776047752));
#11420=IFCCARTESIANPOINT((43.3483833138598,239.644657253695));
#11421=IFCCARTESIANPOINT((40.3566234799218,239.889396700892));
#11422=IFCCARTESIANPOINT((26.9276486206509,240.988757541345));
#11423=IFCCARTESIANPOINT((23.6427682226349,245.862798192189));
#11424=IFCCARTESIANPOINT((60.187861817627,242.508887009928));
#11425=IFCCARTESIANPOINT((66.2398412195616,241.95347193419));
#11426=IFCCARTESIANPOINT((65.8912810320326,237.549287815986));
#11427=IFCPOLYLINE((#11418,#11419,#11420,#11421,#11422,#11423,#11424,#11425,#11426));
#11428=IFCARBITRARYCLOSEDPROFILEDEF(.AREA.,$,#11427);
#11429=IFCEXTRUDEDAREASOLID(#11428,#11416,#11417,0.1);
#11430=IFCSHAPEREPRESENTATION(#11,'Body','SweptSolid',(#11429));
#11431=IFCPRODUCTDEFINITIONSHAPE($,$,(#11430));
#11432=IFCSLAB('1WoldFDtDFaREGNpfRg6X3',#5,'NL.IMRO.0772.EP136476441303-00',$,$,#11412,#11431,$,.NOTDEFINED.);
#11433=IFCSTYLEDITEM(#11429,(#3319),$);
#11434=IFCPROPERTYSINGLEVALUE('plan_id',$,IFCTEXT('NL.IMRO.0772.80373-0301'),$);
#11435=IFCPROPERTYSINGLEVALUE('plan_naam',$,IFCTEXT('Deelgebieden Woensel-Zuid 2021'),$);
#11436=IFCPROPERTYSINGLEVALUE('id',$,IFCTEXT('NL.IMRO.0772.EP136476441303-00'),$);
#11437=IFCPROPERTYSINGLEVALUE('naam',$,IFCTEXT('Groen'),$);
#11438=IFCPROPERTYSINGLEVALUE('bestemmingshoofdgroep',$,IFCTEXT('groen'),$);
#11439=IFCPROPERTYSINGLEVALUE('verwijzing_naar_tekst',$,IFCTEXT('https://www.ruimtelijkeplannen.nl/documents/NL.IMRO.0772.80373-0301/pt_NL.IMRO.0772.80373-0301.xml#NL.IMRO.PT.s328'),$);
#11440=IFCPROPERTYSINGLEVALUE('plan_dossierstatus',$,IFCTEXT('geheel onherroepelijk in werking'),$);
#11441=IFCPROPERTYSINGLEVALUE('plan_besluitnummer',$,IFCTEXT('22bst01409'),$);
#11442=IFCPROPERTYSINGLEVALUE('type_planobject',$,IFCTEXT('enkelbestemming'),$);
#11443=IFCPROPERTYSET('22syerFZDCFBLUYVVHC0ur',#5,'CPset_DSO-Enkelbestemming',$,(#11434,#11435,#11436,#11437,#11438,#11439,#11440,#11441,#11442));
#11444=IFCRELDEFINESBYPROPERTIES('0UlWy4bLT78wRjRgZ2bHs$',#5,$,$,(#11432),#11443);
#11445=IFCCARTESIANPOINT((0.,0.,-0.1));
#11446=IFCDIRECTION((0.,0.,1.));
#11447=IFCDIRECTION((1.,0.,0.));
#11448=IFCAXIS2PLACEMENT3D(#11445,#11446,#11447);
#11449=IFCLOCALPLACEMENT(#37,#11448);
#11450=IFCCARTESIANPOINT((0.,0.,0.));
#11451=IFCDIRECTION((0.,0.,1.));
#11452=IFCDIRECTION((1.,0.,0.));
#11453=IFCAXIS2PLACEMENT3D(#11450,#11451,#11452);
#11454=IFCDIRECTION((0.,0.,1.));
#11455=IFCCARTESIANPOINT((-125.675431398064,239.314715788583));
#11456=IFCCARTESIANPOINT((-125.491334179736,239.358968604414));
#11457=IFCCARTESIANPOINT((-125.307198335504,239.402918927313));
#11458=IFCCARTESIANPOINT((-125.122890996281,239.446727493952));
#11459=IFCCARTESIANPOINT((-124.938716526638,239.490375333));
#11460=IFCCARTESIANPOINT((-124.754329104995,239.533756954945));
#11461=IFCCARTESIANPOINT((-124.570030262257,239.577031427354));
#11462=IFCCARTESIANPOINT((-124.385648506024,239.620056987449));
#11463=IFCCARTESIANPOINT((-124.201139542827,239.662887211132));
#11464=IFCCARTESIANPOINT((-124.016633414663,239.705539405812));
#11465=IFCCARTESIANPOINT((-123.832130114664,239.748013565957));
#11466=IFCCARTESIANPOINT((-123.647543901898,239.790238814254));
#11467=IFCCARTESIANPOINT((-123.462916230754,239.832339609566));
#11468=IFCCARTESIANPOINT((-123.278205643495,239.874191490468));
#11469=IFCCARTESIANPOINT((-123.093497888563,239.915865340095));
#11470=IFCCARTESIANPOINT((-122.908748678368,239.957414739241));
#11471=IFCCARTESIANPOINT((-122.723960838979,239.99866164272));
#11472=IFCCARTESIANPOINT((-122.539131543279,240.039784094843));
#11473=IFCCARTESIANPOINT((-122.354219332658,240.080657633604));
#11474=IFCCARTESIANPOINT((-122.169265664124,240.121406719612));
#11475=IFCCARTESIANPOINT((-121.984359116439,240.161924194777));
#11476=IFCCARTESIANPOINT((-121.799325364263,240.202246335393));
#11477=IFCCARTESIANPOINT((-121.614250152983,240.2424440225));
#11478=IFCCARTESIANPOINT((-121.429136318096,240.282339218655));
#11479=IFCCARTESIANPOINT((-121.243981026142,240.322109962872));
#11480=IFCCARTESIANPOINT((-121.058872853202,240.361649094324));
#11481=IFCCARTESIANPOINT((-120.873637476092,240.400992892042));
#11482=IFCCARTESIANPOINT((-120.688360641594,240.440212237416));
#11483=IFCCARTESIANPOINT((-120.503045178746,240.479129087937));
#11484=IFCCARTESIANPOINT((-120.317688259325,240.517921487102));
#11485=IFCCARTESIANPOINT((-120.132334173395,240.556535856042));
#11486=IFCCARTESIANPOINT((-119.946897172224,240.594901311444));
#11487=IFCCARTESIANPOINT((-119.761418711132,240.633142312639));
#11488=IFCCARTESIANPOINT((-119.575901624135,240.671080820786));
#11489=IFCCARTESIANPOINT((-119.390343079023,240.708894876472));
#11490=IFCCARTESIANPOINT((-119.204787365423,240.746530900244));
#11491=IFCCARTESIANPOINT((-119.019148738444,240.783918012108));
#11492=IFCCARTESIANPOINT((-118.833468655706,240.821180673141));
#11493=IFCCARTESIANPOINT((-118.64783568884,240.858211719198));
#11494=IFCCARTESIANPOINT((-118.462075519899,240.895047432859));
#11495=IFCCARTESIANPOINT((-118.276232431788,240.931634230074));
#11496=IFCCARTESIANPOINT((-118.090477926977,240.968113881245));
#11497=IFCCARTESIANPOINT((-117.904596213688,241.004398195015));
#11498=IFCCARTESIANPOINT((-117.71867587787,241.040380018938));
#11499=IFCCARTESIANPOINT((-117.532799828245,241.076308269694));
#11500=IFCCARTESIANPOINT((-117.346755117847,241.111916726455));
#11501=IFCCARTESIANPOINT((-117.160798984842,241.147418032459));
#11502=IFCCARTESIANPOINT((-116.974715646968,241.182724004088));
#11503=IFCCARTESIANPOINT((-116.788679429854,241.217798364756));
#11504=IFCCARTESIANPOINT((-116.602516008395,241.252677391341));
#11505=IFCCARTESIANPOINT((-116.416355417517,241.287378385488));
#11506=IFCCARTESIANPOINT((-116.230197658064,241.321901347779));
#11507=IFCCARTESIANPOINT((-116.043956985552,241.356175398512));
#11508=IFCCARTESIANPOINT((-115.857719141612,241.390271415235));
#11509=IFCCARTESIANPOINT((-115.671354091115,241.424172096129));
#11510=IFCCARTESIANPOINT((-115.485121913778,241.457912052341));
#11511=IFCCARTESIANPOINT((-115.298676781269,241.491385789646));
#11512=IFCCARTESIANPOINT((-115.112320227752,241.524752377358));
#11513=IFCCARTESIANPOINT((-114.925880755327,241.557870048855));
#11514=IFCCARTESIANPOINT((-114.739399829909,241.59086327214));
#11515=IFCCARTESIANPOINT((-114.552880275209,241.623553999758));
#11516=IFCCARTESIANPOINT((-114.366319261811,241.656120274449));
#11517=IFCCARTESIANPOINT((-114.179761082603,241.688508519554));
#11518=IFCCARTESIANPOINT((-113.993164277665,241.720594272076));
#11519=IFCCARTESIANPOINT((-113.806481718464,241.752609145886));
#11520=IFCCARTESIANPOINT((-113.619846286427,241.784392413858));
#11521=IFCCARTESIANPOINT((-113.433127934957,241.815926765092));
#11522=IFCCARTESIANPOINT((-113.246412419394,241.847283088195));
#11523=IFCCARTESIANPOINT((-113.059569694189,241.878444073314));
#11524=IFCCARTESIANPOINT((-112.872815549636,241.909497910296));
#11525=IFCCARTESIANPOINT((-112.685978488444,241.940302832809));
#11526=IFCCARTESIANPOINT((-112.499058513698,241.970858843473));
#11527=IFCCARTESIANPOINT((-112.312141364993,242.001236817974));
#11528=IFCCARTESIANPOINT((-112.125227052748,242.031436764984));
#11529=IFCCARTESIANPOINT((-111.938315570616,242.061458679033));
#11530=IFCCARTESIANPOINT((-111.751276881347,242.091285257251));
#11531=IFCCARTESIANPOINT((-111.564285313099,242.120880224451));
#11532=IFCCARTESIANPOINT((-111.37716653879,242.150279856636));
#11533=IFCCARTESIANPOINT((-111.19005059998,242.179501460516));
#11534=IFCCARTESIANPOINT((-111.002981777972,242.208491450001));
#11535=IFCCARTESIANPOINT((-110.815871498344,242.237356987374));
#11536=IFCCARTESIANPOINT((-110.628678303707,242.265973611677));
#11537=IFCCARTESIANPOINT((-110.44144364915,242.294465782063));
#11538=IFCCARTESIANPOINT((-110.254170368338,242.322655459575));
#11539=IFCCARTESIANPOINT((-110.066899921338,242.35066710721));
#11540=IFCCARTESIANPOINT((-109.87958801174,242.37855429895));
#11541=IFCCARTESIANPOINT((-109.692323227209,242.406209882873));
#11542=IFCCARTESIANPOINT((-109.504931236675,242.433670131955));
#11543=IFCCARTESIANPOINT((-109.317542074976,242.460952347203));
#11544=IFCCARTESIANPOINT((-109.130155743595,242.488056529954));
#11545=IFCCARTESIANPOINT((-108.942730789102,242.514858222217));
#11546=IFCCARTESIANPOINT((-108.755264373496,242.541535459517));
#11547=IFCCARTESIANPOINT((-108.567670754477,242.568017364363));
#11548=IFCCARTESIANPOINT((-108.380210002331,242.594338538882));
#11549=IFCCARTESIANPOINT((-108.192666334304,242.620410799747));
#11550=IFCCARTESIANPOINT((-108.005039747019,242.646234144166));
#11551=IFCCARTESIANPOINT((-107.817457452446,242.672003920947));
#11552=IFCCARTESIANPOINT((-107.629836527864,242.697471201885));
#11553=IFCCARTESIANPOINT((-107.442132693133,242.722689573886));
#11554=IFCCARTESIANPOINT((-107.25447314445,242.747854372836));
#11555=IFCCARTESIANPOINT((-106.912489935959,242.796969855379));
#11556=IFCCARTESIANPOINT((-106.569735000812,242.845447430096));
#11557=IFCCARTESIANPOINT((-106.180579915701,242.89994277223));
#11558=IFCCARTESIANPOINT((-105.791433315346,242.953904023219));
#11559=IFCCARTESIANPOINT((-105.402206629136,243.007438348781));
#11560=IFCCARTESIANPOINT((-105.012858398521,243.060421287257));
#11561=IFCCARTESIANPOINT((-104.623474367632,243.112923717534));
#11562=IFCCARTESIANPOINT((-104.233968792512,243.164874761016));
#11563=IFCCARTESIANPOINT((-103.844513163931,243.216416177806));
#11564=IFCCARTESIANPOINT((-103.454891699454,243.267459785158));
#11565=IFCCARTESIANPOINT((-103.065234438138,243.318022887397));
#11566=IFCCARTESIANPOINT((-102.675499917561,243.367981019604));
#11567=IFCCARTESIANPOINT((-102.285685311159,243.417512226442));
#11568=IFCCARTESIANPOINT((-101.895834903087,243.466562924266));
#11569=IFCCARTESIANPOINT((-101.505948698963,243.515133117675));
#11570=IFCCARTESIANPOINT((-101.116026691132,243.563222800381));
#11571=IFCCARTESIANPOINT((-100.725938850985,243.61081467662));
#11572=IFCCARTESIANPOINT((-100.33585949993,243.657872465614));
#11573=IFCCARTESIANPOINT((-99.9457443497085,243.704449747398));
#11574=IFCCARTESIANPOINT((-99.5555491097039,243.750600100961));
#11575=IFCCARTESIANPOINT((-99.1652766106999,243.796145484608));
#11576=IFCCARTESIANPOINT((-98.7749240269768,243.841263943817));
#11577=IFCCARTESIANPOINT((-98.3845356399834,243.885901892965));
#11578=IFCCARTESIANPOINT((-97.9941557456041,243.930005757371));
#11579=IFCCARTESIANPOINT((-97.6036957622273,243.973682694137));
#11580=IFCCARTESIANPOINT((-97.2131142305152,244.016808240733));
#11581=IFCCARTESIANPOINT((-96.8224968981231,244.059453279071));
#11582=IFCCARTESIANPOINT((-96.4318437683978,244.101617811946));
#11583=IFCCARTESIANPOINT((-96.0411548390111,244.143301837496));
#11584=IFCCARTESIANPOINT((-95.6504743980186,244.184451775101));
#11585=IFCCARTESIANPOINT((-95.2596281218575,244.225103904027));
#11586=IFCCARTESIANPOINT((-94.8687460432702,244.265275523474));
#11587=IFCCARTESIANPOINT((-94.4778281670588,244.304966637283));
#11588=IFCCARTESIANPOINT((-94.086874489818,244.344177242601));
#11589=IFCCARTESIANPOINT((-93.6958850121882,244.38290734007));
#11590=IFCCARTESIANPOINT((-93.3048597345187,244.421156929748));
#11591=IFCCARTESIANPOINT((-92.9137572015461,244.45880155277));
#11592=IFCCARTESIANPOINT((-92.5225745746575,244.496019244136));
#11593=IFCCARTESIANPOINT((-92.1313561520365,244.532756431319));
#11594=IFCCARTESIANPOINT((-91.7401462170819,244.568959529686));
#11595=IFCCARTESIANPOINT((-91.3488561882114,244.604735696455));
#11596=IFCCARTESIANPOINT((-90.9575746528863,244.639977779472));
#11597=IFCCARTESIANPOINT((-90.566127281636,244.674722053576));
#11598=IFCCARTESIANPOINT((-90.1746883957239,244.708932236827));
#11599=IFCCARTESIANPOINT((-89.7832994591154,244.742732795887));
#11600=IFCCARTESIANPOINT((-89.3917446853884,244.776035544928));
#11601=IFCCARTESIANPOINT((-89.0001983992406,244.808804205211));
#11602=IFCCARTESIANPOINT((-88.6086163127038,244.841092357528));
#11603=IFCCARTESIANPOINT((-88.217042715667,244.872846422601));
#11604=IFCCARTESIANPOINT((-87.8253032805223,244.904102677014));
#11605=IFCCARTESIANPOINT((-87.4336137908394,244.934949303803));
#11606=IFCCARTESIANPOINT((-87.0418470467266,244.965190964576));
#11607=IFCCARTESIANPOINT((-86.6500859557418,244.995076574909));
#11608=IFCCARTESIANPOINT((-86.25824760861,245.024357217946));
#11609=IFCCARTESIANPOINT((-85.8663734606525,245.053157352435));
#11610=IFCCARTESIANPOINT((-85.4744635103852,245.081476977444));
#11611=IFCCARTESIANPOINT((-85.0825620509859,245.109262516315));
#11612=IFCCARTESIANPOINT((-84.6905804969429,245.136621122772));
#11613=IFCCARTESIANPOINT((-84.2986074362998,245.16344564507));
#11614=IFCCARTESIANPOINT((-83.9065542804019,245.189843234664));
#11615=IFCCARTESIANPOINT((-83.5145096164779,245.215706738993));
#11616=IFCCARTESIANPOINT((-83.1223876955337,245.240965274977));
#11617=IFCCARTESIANPOINT((-82.7302714247198,245.265867758018));
#11618=IFCCARTESIANPOINT((-82.3381193578534,245.290289736644));
#11619=IFCCARTESIANPOINT((-81.9458900311147,245.314106744656));
#11620=IFCCARTESIANPOINT((-81.5537106502743,245.33751412516));
#11621=IFCCARTESIANPOINT((-81.1614540120354,245.360316537204));
#11622=IFCCARTESIANPOINT((-80.7692030269245,245.382762898633));
#11623=IFCCARTESIANPOINT((-80.3768747842696,245.404604291311));
#11624=IFCCARTESIANPOINT((-79.9845107380825,245.425965173519));
#11625=IFCCARTESIANPOINT((-79.592196641257,245.446916430665));
#11626=IFCCARTESIANPOINT((-79.1997609950777,245.467316297058));
#11627=IFCCARTESIANPOINT((-78.8073338355171,245.487182073703));
#11628=IFCCARTESIANPOINT((-78.4149566225533,245.506638223014));
#11629=IFCCARTESIANPOINT((-78.0224578626221,245.525542983611));
#11630=IFCCARTESIANPOINT((-77.6299675886694,245.543913653644));
#11631=IFCCARTESIANPOINT((-77.2374829698529,245.561928274517));
#11632=IFCCARTESIANPOINT((-76.8449653830903,245.579284347186));
#11633=IFCCARTESIANPOINT((-76.4523677025572,245.596213487966));
#11634=IFCCARTESIANPOINT((-76.059864259063,245.612679422658));
#11635=IFCCARTESIANPOINT((-75.6672392682231,245.628593968053));
#11636=IFCCARTESIANPOINT((-75.2745784730068,245.644028001931));
#11637=IFCCARTESIANPOINT((-74.8820119146258,245.658998829487));
#11638=IFCCARTESIANPOINT((-74.4893238044169,245.67341826373));
#11639=IFCCARTESIANPOINT((-74.096685642784,245.687428072619));
#11640=IFCCARTESIANPOINT((-73.703925930924,245.700886489532));
#11641=IFCCARTESIANPOINT((-73.3112604513008,245.713881696342));
#11642=IFCCARTESIANPOINT((-72.9186034642335,245.726342817768));
#11643=IFCCARTESIANPOINT((-72.5257806348673,245.738306125102));
#11644=IFCCARTESIANPOINT((-72.133052040037,245.749806223961));
#11645=IFCCARTESIANPOINT((-71.740331935318,245.760772235401));
#11646=IFCCARTESIANPOINT((-71.3475760287547,245.771257737244));
#11647=IFCCARTESIANPOINT((-70.9547843176697,245.781262727163));
#11648=IFCCARTESIANPOINT((-70.5619568047114,245.79078720737));
#11649=IFCCARTESIANPOINT((-70.1691377817478,245.799777599925));
#11650=IFCCARTESIANPOINT((-69.7763272426091,245.808233899996));
#11651=IFCCARTESIANPOINT((-69.3834366111842,245.816263269167));
#11652=IFCCARTESIANPOINT((-68.9905987618549,245.823704973096));
#11653=IFCCARTESIANPOINT((-68.5977665652463,245.830790625769));
#11654=IFCCARTESIANPOINT((-68.2048571045452,245.837271303579));
#11655=IFCCARTESIANPOINT((-67.8120418833569,245.843288776989));
#11656=IFCCARTESIANPOINT((-67.5862757723953,245.847327482596));
#11657=IFCCARTESIANPOINT((-67.360601072578,245.851081000932));
#11658=IFCCARTESIANPOINT((-67.1347991630028,245.854639186058));
#11659=IFCCARTESIANPOINT((-66.9090886617196,245.857912181644));
#11660=IFCCARTESIANPOINT((-66.6833809914242,245.861007148691));
#11661=IFCCARTESIANPOINT((-66.4576346888498,245.863799621467));
#11662=IFCCARTESIANPOINT((-66.2318912191258,245.866414067335));
#11663=IFCCARTESIANPOINT((-66.0061091200041,245.868726021494));
#11664=IFCCARTESIANPOINT((-65.7803298489016,245.870859944553));
#11665=IFCCARTESIANPOINT((-65.5545976986468,245.872762259329));
#11666=IFCCARTESIANPOINT((-65.3287826309679,245.874415663653));
#11667=IFCCARTESIANPOINT((-65.1030589669535,245.875783874304));
#11668=IFCCARTESIANPOINT((-64.8772938457842,245.877027637325));
#11669=IFCCARTESIANPOINT((-64.6515343853098,245.877915329125));
#11670=IFCCARTESIANPOINT((-64.4257777527964,245.878624989884));
#11671=IFCCARTESIANPOINT((-64.1999382021313,245.879085739492));
#11672=IFCCARTESIANPOINT((-63.9742758088687,245.879332181707));
#11673=IFCCARTESIANPOINT((-63.7484447490133,245.879258830682));
#11674=IFCCARTESIANPOINT((-63.5227022664913,245.879078331229));
#11675=IFCCARTESIANPOINT((-63.2969211557356,245.878595340939));
#11676=IFCCARTESIANPOINT((-63.0711871618114,245.877880739048));
#11677=IFCCARTESIANPOINT((-62.8453702511324,245.876917227055));
#11678=IFCCARTESIANPOINT((-62.6196004583035,245.875722104276));
#11679=IFCCARTESIANPOINT((-62.3938777849835,245.874295372108));
#11680=IFCCARTESIANPOINT((-62.1681579408178,245.872690609656));
#11681=IFCCARTESIANPOINT((-61.9423994654499,245.870783353865));
#11682=IFCCARTESIANPOINT((-61.7165580733272,245.868627187971));
#11683=IFCCARTESIANPOINT((-61.4908495487762,245.86631029431));
#11684=IFCCARTESIANPOINT((-61.2651023932267,245.863690907543));
#11685=IFCCARTESIANPOINT((-61.0394023579138,245.860839911562));
#11686=IFCCARTESIANPOINT((-60.8136194025574,245.857740002917));
#11687=IFCCARTESIANPOINT((-60.5878392776649,245.854462065152));
#11688=IFCCARTESIANPOINT((-60.3621505635965,245.850898939359));
#11689=IFCCARTESIANPOINT((-60.1363789249153,245.847086896829));
#11690=IFCCARTESIANPOINT((-59.9106101181242,245.843096826458));
#11691=IFCCARTESIANPOINT((-59.6849327230302,245.838821568526));
#11692=IFCCARTESIANPOINT((-59.4592581532197,245.834368277167));
#11693=IFCCARTESIANPOINT((-59.2335006661306,245.829666075297));
#11694=IFCCARTESIANPOINT((-59.0077902967751,245.824732262292));
#11695=IFCCARTESIANPOINT((-58.7820412993024,245.819495958334));
#11696=IFCCARTESIANPOINT((-58.556339420873,245.814028044406));
#11697=IFCCARTESIANPOINT((-58.3306403699389,245.808382098854));
#11698=IFCCARTESIANPOINT((-58.1049884378153,245.80250454304));
#11699=IFCCARTESIANPOINT((-57.8792978805432,245.79632449866));
#11700=IFCCARTESIANPOINT((-57.6536101462261,245.789966418815));
#11701=IFCCARTESIANPOINT((-57.4279695339792,245.783376731444));
#11702=IFCCARTESIANPOINT((-57.202290294983,245.776484554226));
#11703=IFCCARTESIANPOINT((-56.9766138813284,245.769414343522));
#11704=IFCCARTESIANPOINT((-56.7509845881723,245.762112523837));
#11705=IFCCARTESIANPOINT((-56.5254024113819,245.75457909191));
#11706=IFCCARTESIANPOINT((-56.2997373182734,245.74679674994));
#11707=IFCCARTESIANPOINT((-56.0741193411814,245.738782795495));
#11708=IFCCARTESIANPOINT((-55.8484627382131,245.730466351844));
#11709=IFCCARTESIANPOINT((-55.6229389999935,245.721989177633));
#11710=IFCCARTESIANPOINT((-55.3973323419632,245.713263090467));
#11711=IFCCARTESIANPOINT((-55.1716870554374,245.704234512174));
#11712=IFCCARTESIANPOINT((-54.9461303476419,245.695098786207));
#11713=IFCCARTESIANPOINT((-54.7205792991153,245.685606987507));
#11714=IFCCARTESIANPOINT((-54.4950310794229,245.675937157765));
#11715=IFCCARTESIANPOINT((-54.269485687837,245.666089296807));
#11716=IFCCARTESIANPOINT((-54.0439459581103,245.655885365093));
#11717=IFCCARTESIANPOINT((-53.8184090568393,245.645503402222));
#11718=IFCCARTESIANPOINT((-53.5929192750773,245.634889829438));
#11719=IFCCARTESIANPOINT((-53.3673465733009,245.624027343816));
#11720=IFCCARTESIANPOINT((-53.1418209897238,245.612933247001));
#11721=IFCCARTESIANPOINT((-52.9163425248407,245.601607539516));
#11722=IFCCARTESIANPOINT((-52.6909111799614,245.590050222643));
#11723=IFCCARTESIANPOINT((-52.4655269529321,245.578261294344));
#11724=IFCCARTESIANPOINT((-52.2400598058011,245.566223452915));
#11725=IFCCARTESIANPOINT((-52.0146397791978,245.553954002389));
#11726=IFCCARTESIANPOINT((-51.7891368335986,245.541435639665));
#11727=IFCCARTESIANPOINT((-51.5638110433356,245.528702966869));
#11728=IFCCARTESIANPOINT((-51.338402331894,245.515721380012));
#11729=IFCCARTESIANPOINT((-51.1129964533029,245.502561765548));
#11730=IFCCARTESIANPOINT((-50.8875962322927,245.489046076604));
#11731=IFCCARTESIANPOINT((-50.6622845898091,245.475423239637));
#11732=IFCCARTESIANPOINT((-50.4369343169092,245.461497909448));
#11733=IFCCARTESIANPOINT((-50.2116311605205,245.447340966726));
#11734=IFCCARTESIANPOINT((-49.9862893796526,245.432881535788));
#11735=IFCCARTESIANPOINT((-49.7610361714906,245.418314951763));
#11736=IFCCARTESIANPOINT((-49.5357443363464,245.403445877484));
#11737=IFCCARTESIANPOINT((-49.3104996199545,245.388345192478));
#11738=IFCCARTESIANPOINT((-49.085257733881,245.373066477478));
#11739=IFCCARTESIANPOINT((-48.8600215050683,245.357431687706));
#11740=IFCCARTESIANPOINT((-48.6347881039837,245.341618866136));
#11741=IFCCARTESIANPOINT((-48.4096018233686,245.325574434944));
#11742=IFCCARTESIANPOINT((-48.1844183707726,245.30935197213));
#11743=IFCCARTESIANPOINT((-47.9592405777366,245.292773436231));
#11744=IFCCARTESIANPOINT((-47.7341513658466,245.276087754231));
#11745=IFCCARTESIANPOINT((-47.5090235210955,245.259099576913));
#11746=IFCCARTESIANPOINT((-47.2838985046837,245.24193336803));
#11747=IFCCARTESIANPOINT((-47.0587791486469,245.224411086878));
#11748=IFCCARTESIANPOINT((-46.8337483704963,245.206781656772));
#11749=IFCCARTESIANPOINT((-46.6086789641122,245.188849735074));
#11750=IFCCARTESIANPOINT((-46.3836566752871,245.170686201483));
#11751=IFCCARTESIANPOINT((-46.1586372118036,245.152344633767));
#11752=IFCCARTESIANPOINT((-45.9336234131188,245.133646997332));
#11753=IFCCARTESIANPOINT((-45.7086124420166,245.114771328634));
#11754=IFCCARTESIANPOINT((-45.4837343354884,245.095734928327));
#11755=IFCCARTESIANPOINT((-2.69192448232207,241.397737089545));
#11756=IFCCARTESIANPOINT((24.0202415666718,239.23927927186));
#11757=IFCCARTESIANPOINT((24.497536142444,239.200998398068));
#11758=IFCCARTESIANPOINT((31.7323937536858,238.642268547206));
#11759=IFCCARTESIANPOINT((91.1533994388592,233.34568453714));
#11760=IFCCARTESIANPOINT((112.498783662362,231.442493384413));
#11761=IFCCARTESIANPOINT((137.731943217776,210.540344189561));
#11762=IFCCARTESIANPOINT((133.141488830966,210.53428204119));
#11763=IFCCARTESIANPOINT((131.495802461141,209.347111516341));
#11764=IFCCARTESIANPOINT((127.116364101617,206.187457208987));
#11765=IFCCARTESIANPOINT((124.908071482612,204.593806893157));
#11766=IFCCARTESIANPOINT((124.313522095821,204.164394075051));
#11767=IFCCARTESIANPOINT((123.867812168261,203.842753691482));
#11768=IFCCARTESIANPOINT((120.9471277509,201.735452833411));
#11769=IFCCARTESIANPOINT((119.749582487246,200.880904250604));
#11770=IFCCARTESIANPOINT((116.41104348423,198.496494988736));
#11771=IFCCARTESIANPOINT((115.730185742519,198.009991378174));
#11772=IFCCARTESIANPOINT((115.0505680856,197.524988195859));
#11773=IFCCARTESIANPOINT((105.805290363263,190.924291375559));
#11774=IFCCARTESIANPOINT((92.2016059949819,181.212712287146));
#11775=IFCCARTESIANPOINT((98.369747486111,168.791182471381));
#11776=IFCCARTESIANPOINT((93.4571019778959,165.6525431638));
#11777=IFCCARTESIANPOINT((96.4896274818748,161.000562172267));
#11778=IFCCARTESIANPOINT((112.518532011396,151.111985382042));
#11779=IFCCARTESIANPOINT((120.188867315679,151.081987797981));
#11780=IFCCARTESIANPOINT((140.634238163446,151.002141855657));
#11781=IFCCARTESIANPOINT((209.933029111096,150.731826510339));
#11782=IFCCARTESIANPOINT((234.310522434855,130.538477305265));
#11783=IFCCARTESIANPOINT((234.40781204091,129.104753390595));
#11784=IFCCARTESIANPOINT((234.150998599653,129.374668377161));
#11785=IFCCARTESIANPOINT((232.489830871287,131.122088256176));
#11786=IFCCARTESIANPOINT((230.175597172405,132.495024932723));
#11787=IFCCARTESIANPOINT((227.576383479958,133.514463900239));
#11788=IFCCARTESIANPOINT((218.382524870889,133.152136811463));
#11789=IFCCARTESIANPOINT((217.281927730539,133.119804191636));
#11790=IFCCARTESIANPOINT((217.282319394813,132.896068396571));
#11791=IFCCARTESIANPOINT((217.143549278815,132.891628274636));
#11792=IFCCARTESIANPOINT((195.889649044635,131.575329120038));
#11793=IFCCARTESIANPOINT((181.280736377055,130.982293880952));
#11794=IFCCARTESIANPOINT((149.991488016822,130.84608112654));
#11795=IFCCARTESIANPOINT((-119.613505425543,132.404027455021));
#11796=IFCCARTESIANPOINT((-167.755113621155,132.770999587316));
#11797=IFCCARTESIANPOINT((-167.751581930061,132.801812173158));
#11798=IFCCARTESIANPOINT((-168.868507896725,132.806355515728));
#11799=IFCCARTESIANPOINT((-168.868793928035,132.73389646702));
#11800=IFCCARTESIANPOINT((-214.659225529293,132.759987140773));
#11801=IFCCARTESIANPOINT((-180.54125134318,173.94734439865));
#11802=IFCCARTESIANPOINT((-151.48862630743,190.423500707897));
#11803=IFCCARTESIANPOINT((-157.639158079575,201.594844571315));
#11804=IFCCARTESIANPOINT((-126.57565151481,239.094836088596));
#11805=IFCCARTESIANPOINT((-125.675431398064,239.314715788583));
#11806=IFCPOLYLINE((#11455,#11456,#11457,#11458,#11459,#11460,#11461,#11462,#11463,#11464,#11465,#11466,#11467,#11468,#11469,#11470,#11471,#11472,#11473,#11474,#11475,#11476,#11477,#11478,#11479,#11480,#11481,#11482,#11483,#11484,#11485,#11486,#11487,#11488,#11489,#11490,#11491,#11492,#11493,#11494,#11495,#11496,#11497,#11498,#11499,#11500,#11501,#11502,#11503,#11504,#11505,#11506,#11507,#11508,#11509,#11510,#11511,#11512,#11513,#11514,#11515,#11516,#11517,#11518,#11519,#11520,#11521,#11522,#11523,#11524,#11525,#11526,#11527,#11528,#11529,#11530,#11531,#11532,#11533,#11534,#11535,#11536,#11537,#11538,#11539,#11540,#11541,#11542,#11543,#11544,#11545,#11546,#11547,#11548,#11549,#11550,#11551,#11552,#11553,#11554,#11555,#11556,#11557,#11558,#11559,#11560,#11561,#11562,#11563,#11564,#11565,#11566,#11567,#11568,#11569,#11570,#11571,#11572,#11573,#11574,#11575,#11576,#11577,#11578,#11579,#11580,#11581,#11582,#11583,#11584,#11585,#11586,#11587,#11588,#11589,#11590,#11591,#11592,#11593,#11594,#11595,#11596,#11597,#11598,#11599,#11600,#11601,#11602,#11603,#11604,#11605,#11606,#11607,#11608,#11609,#11610,#11611,#11612,#11613,#11614,#11615,#11616,#11617,#11618,#11619,#11620,#11621,#11622,#11623,#11624,#11625,#11626,#11627,#11628,#11629,#11630,#11631,#11632,#11633,#11634,#11635,#11636,#11637,#11638,#11639,#11640,#11641,#11642,#11643,#11644,#11645,#11646,#11647,#11648,#11649,#11650,#11651,#11652,#11653,#11654,#11655,#11656,#11657,#11658,#11659,#11660,#11661,#11662,#11663,#11664,#11665,#11666,#11667,#11668,#11669,#11670,#11671,#11672,#11673,#11674,#11675,#11676,#11677,#11678,#11679,#11680,#11681,#11682,#11683,#11684,#11685,#11686,#11687,#11688,#11689,#11690,#11691,#11692,#11693,#11694,#11695,#11696,#11697,#11698,#11699,#11700,#11701,#11702,#11703,#11704,#11705,#11706,#11707,#11708,#11709,#11710,#11711,#11712,#11713,#11714,#11715,#11716,#11717,#11718,#11719,#11720,#11721,#11722,#11723,#11724,#11725,#11726,#11727,#11728,#11729,#11730,#11731,#11732,#11733,#11734,#11735,#11736,#11737,#11738,#11739,#11740,#11741,#11742,#11743,#11744,#11745,#11746,#11747,#11748,#11749,#11750,#11751,#11752,#11753,#11754,#11755,#11756,#11757,#11758,#11759,#11760,#11761,#11762,#11763,#11764,#11765,#11766,#11767,#11768,#11769,#11770,#11771,#11772,#11773,#11774,#11775,#11776,#11777,#11778,#11779,#11780,#11781,#11782,#11783,#11784,#11785,#11786,#11787,#11788,#11789,#11790,#11791,#11792,#11793,#11794,#11795,#11796,#11797,#11798,#11799,#11800,#11801,#11802,#11803,#11804,#11805));
#11807=IFCARBITRARYCLOSEDPROFILEDEF(.AREA.,$,#11806);
#11808=IFCEXTRUDEDAREASOLID(#11807,#11453,#11454,0.1);
#11809=IFCSHAPEREPRESENTATION(#11,'Body','SweptSolid',(#11808));
#11810=IFCPRODUCTDEFINITIONSHAPE($,$,(#11809));
#11811=IFCSLAB('269JBsy9H3bPikvvfg7spv',#5,'NL.IMRO.0772.EP129476441284-00',$,$,#11449,#11810,$,.NOTDEFINED.);
#11812=IFCSTYLEDITEM(#11808,(#3319),$);
#11813=IFCPROPERTYSINGLEVALUE('plan_id',$,IFCTEXT('NL.IMRO.0772.80373-0301'),$);
#11814=IFCPROPERTYSINGLEVALUE('plan_naam',$,IFCTEXT('Deelgebieden Woensel-Zuid 2021'),$);
#11815=IFCPROPERTYSINGLEVALUE('id',$,IFCTEXT('NL.IMRO.0772.EP129476441284-00'),$);
#11816=IFCPROPERTYSINGLEVALUE('naam',$,IFCTEXT('Groen'),$);
#11817=IFCPROPERTYSINGLEVALUE('bestemmingshoofdgroep',$,IFCTEXT('groen'),$);
#11818=IFCPROPERTYSINGLEVALUE('verwijzing_naar_tekst',$,IFCTEXT('https://www.ruimtelijkeplannen.nl/documents/NL.IMRO.0772.80373-0301/pt_NL.IMRO.0772.80373-0301.xml#NL.IMRO.PT.s328'),$);
#11819=IFCPROPERTYSINGLEVALUE('plan_dossierstatus',$,IFCTEXT('geheel onherroepelijk in werking'),$);
#11820=IFCPROPERTYSINGLEVALUE('plan_besluitnummer',$,IFCTEXT('22bst01409'),$);
#11821=IFCPROPERTYSINGLEVALUE('type_planobject',$,IFCTEXT('enkelbestemming'),$);
#11822=IFCPROPERTYSET('1w8MBmGB93pgo3cEPHcwWE',#5,'CPset_DSO-Enkelbestemming',$,(#11813,#11814,#11815,#11816,#11817,#11818,#11819,#11820,#11821));
#11823=IFCRELDEFINESBYPROPERTIES('2lBrA20112pQFyu5X$QyOB',#5,$,$,(#11811),#11822);
#11824=IFCCARTESIANPOINT((0.,0.,-0.1));
#11825=IFCDIRECTION((0.,0.,1.));
#11826=IFCDIRECTION((1.,0.,0.));
#11827=IFCAXIS2PLACEMENT3D(#11824,#11825,#11826);
#11828=IFCLOCALPLACEMENT(#37,#11827);
#11829=IFCCARTESIANPOINT((0.,0.,0.));
#11830=IFCDIRECTION((0.,0.,1.));
#11831=IFCDIRECTION((1.,0.,0.));
#11832=IFCAXIS2PLACEMENT3D(#11829,#11830,#11831);
#11833=IFCDIRECTION((0.,0.,1.));
#11834=IFCCARTESIANPOINT((-2.42436119529884,243.382370618405));
#11835=IFCCARTESIANPOINT((-29.0150960265019,245.798676435894));
#11836=IFCCARTESIANPOINT((-28.7005029290158,250.390628948866));
#11837=IFCCARTESIANPOINT((-1.46557844016934,248.09518174181));
#11838=IFCCARTESIANPOINT((19.8174561685591,246.135832643544));
#11839=IFCCARTESIANPOINT((22.4300525555445,241.357711760153));
#11840=IFCCARTESIANPOINT((11.7641540083569,242.226430333627));
#11841=IFCCARTESIANPOINT((8.66809089842718,242.478403578978));
#11842=IFCCARTESIANPOINT((-2.42436119529884,243.382370618405));
#11843=IFCPOLYLINE((#11834,#11835,#11836,#11837,#11838,#11839,#11840,#11841,#11842));
#11844=IFCARBITRARYCLOSEDPROFILEDEF(.AREA.,$,#11843);
#11845=IFCEXTRUDEDAREASOLID(#11844,#11832,#11833,0.1);
#11846=IFCSHAPEREPRESENTATION(#11,'Body','SweptSolid',(#11845));
#11847=IFCPRODUCTDEFINITIONSHAPE($,$,(#11846));
#11848=IFCSLAB('1WGPLpCU5BXgI3ZSLQ$IIF',#5,'NL.IMRO.0772.EP138476441305-00',$,$,#11828,#11847,$,.NOTDEFINED.);
#11849=IFCSTYLEDITEM(#11845,(#3319),$);
#11850=IFCPROPERTYSINGLEVALUE('plan_id',$,IFCTEXT('NL.IMRO.0772.80373-0301'),$);
#11851=IFCPROPERTYSINGLEVALUE('plan_naam',$,IFCTEXT('Deelgebieden Woensel-Zuid 2021'),$);
#11852=IFCPROPERTYSINGLEVALUE('id',$,IFCTEXT('NL.IMRO.0772.EP138476441305-00'),$);
#11853=IFCPROPERTYSINGLEVALUE('naam',$,IFCTEXT('Groen'),$);
#11854=IFCPROPERTYSINGLEVALUE('bestemmingshoofdgroep',$,IFCTEXT('groen'),$);
#11855=IFCPROPERTYSINGLEVALUE('verwijzing_naar_tekst',$,IFCTEXT('https://www.ruimtelijkeplannen.nl/documents/NL.IMRO.0772.80373-0301/pt_NL.IMRO.0772.80373-0301.xml#NL.IMRO.PT.s328'),$);
#11856=IFCPROPERTYSINGLEVALUE('plan_dossierstatus',$,IFCTEXT('geheel onherroepelijk in werking'),$);
#11857=IFCPROPERTYSINGLEVALUE('plan_besluitnummer',$,IFCTEXT('22bst01409'),$);
#11858=IFCPROPERTYSINGLEVALUE('type_planobject',$,IFCTEXT('enkelbestemming'),$);
#11859=IFCPROPERTYSET('0MGy6YWWbCJxUODgTY$kmd',#5,'CPset_DSO-Enkelbestemming',$,(#11850,#11851,#11852,#11853,#11854,#11855,#11856,#11857,#11858));
#11860=IFCRELDEFINESBYPROPERTIES('038XDsnYL7NBYWD1FeXt6D',#5,$,$,(#11848),#11859);
#11861=IFCCARTESIANPOINT((0.,0.,-0.1));
#11862=IFCDIRECTION((0.,0.,1.));
#11863=IFCDIRECTION((1.,0.,0.));
#11864=IFCAXIS2PLACEMENT3D(#11861,#11862,#11863);
#11865=IFCLOCALPLACEMENT(#37,#11864);
#11866=IFCCARTESIANPOINT((0.,0.,0.));
#11867=IFCDIRECTION((0.,0.,1.));
#11868=IFCDIRECTION((1.,0.,0.));
#11869=IFCAXIS2PLACEMENT3D(#11866,#11867,#11868);
#11870=IFCDIRECTION((0.,0.,1.));
#11871=IFCCARTESIANPOINT((-128.720274070889,-173.923928516451));
#11872=IFCCARTESIANPOINT((-122.232007456681,-171.287878872361));
#11873=IFCCARTESIANPOINT((-121.560289598041,-171.014550996886));
#11874=IFCCARTESIANPOINT((-116.133131109789,-168.80975678243));
#11875=IFCCARTESIANPOINT((-111.765064909414,-179.570034235658));
#11876=IFCCARTESIANPOINT((-102.360163674894,-202.737897651852));
#11877=IFCCARTESIANPOINT((-96.1529545756639,-218.026361772907));
#11878=IFCCARTESIANPOINT((-79.6667838737194,-258.640307825117));
#11879=IFCCARTESIANPOINT((-164.421501514415,-188.432859201741));
#11880=IFCCARTESIANPOINT((-128.720274070889,-173.923928516451));
#11881=IFCPOLYLINE((#11871,#11872,#11873,#11874,#11875,#11876,#11877,#11878,#11879,#11880));
#11882=IFCARBITRARYCLOSEDPROFILEDEF(.AREA.,$,#11881);
#11883=IFCEXTRUDEDAREASOLID(#11882,#11869,#11870,0.1);
#11884=IFCSHAPEREPRESENTATION(#11,'Body','SweptSolid',(#11883));
#11885=IFCPRODUCTDEFINITIONSHAPE($,$,(#11884));
#11886=IFCSLAB('322xFAW_j91QO97sjKbzkO',#5,'NL.IMRO.0772.EP1392906774-00',$,$,#11865,#11885,$,.NOTDEFINED.);
#11887=IFCSTYLEDITEM(#11883,(#1753),$);
#11888=IFCPROPERTYSINGLEVALUE('plan_id',$,IFCTEXT('NL.IMRO.0772.80284-0301'),$);
#11889=IFCPROPERTYSINGLEVALUE('plan_naam',$,IFCTEXT('Strijp-S 2017'),$);
#11890=IFCPROPERTYSINGLEVALUE('id',$,IFCTEXT('NL.IMRO.0772.EP1392906774-00'),$);
#11891=IFCPROPERTYSINGLEVALUE('naam',$,IFCTEXT('Gemengd - 1'),$);
#11892=IFCPROPERTYSINGLEVALUE('bestemmingshoofdgroep',$,IFCTEXT('gemengd'),$);
#11893=IFCPROPERTYSINGLEVALUE('verwijzing_naar_tekst',$,IFCTEXT('https://www.ruimtelijkeplannen.nl/documents/NL.IMRO.0772.80284-0301/r_NL.IMRO.0772.80284-0301.html#_3_Gemengd-1'),$);
#11894=IFCPROPERTYSINGLEVALUE('plan_dossierstatus',$,IFCTEXT('geheel onherroepelijk in werking'),$);
#11895=IFCPROPERTYSINGLEVALUE('plan_besluitnummer',$,IFCTEXT('17bst01754'),$);
#11896=IFCPROPERTYSINGLEVALUE('type_planobject',$,IFCTEXT('enkelbestemming'),$);
#11897=IFCPROPERTYSET('1Veo3dMtD3zhvkwWq5AX1U',#5,'CPset_DSO-Enkelbestemming',$,(#11888,#11889,#11890,#11891,#11892,#11893,#11894,#11895,#11896));
#11898=IFCRELDEFINESBYPROPERTIES('01fZNk5BzDrgM_eSFi_$Tt',#5,$,$,(#11886),#11897);
#11899=IFCCARTESIANPOINT((0.,0.,-0.1));
#11900=IFCDIRECTION((0.,0.,1.));
#11901=IFCDIRECTION((1.,0.,0.));
#11902=IFCAXIS2PLACEMENT3D(#11899,#11900,#11901);
#11903=IFCLOCALPLACEMENT(#37,#11902);
#11904=IFCCARTESIANPOINT((0.,0.,0.));
#11905=IFCDIRECTION((0.,0.,1.));
#11906=IFCDIRECTION((1.,0.,0.));
#11907=IFCAXIS2PLACEMENT3D(#11904,#11905,#11906);
#11908=IFCDIRECTION((0.,0.,1.));
#11909=IFCCARTESIANPOINT((-34.2261321232945,-100.954067122017));
#11910=IFCCARTESIANPOINT((-39.8479686369828,-103.241736766591));
#11911=IFCCARTESIANPOINT((-58.9574973932758,-111.014218183002));
#11912=IFCCARTESIANPOINT((-66.40564126143,-114.031560525589));
#11913=IFCCARTESIANPOINT((-68.2093361712468,-114.776172824262));
#11914=IFCCARTESIANPOINT((-72.0522933280736,-116.341514122265));
#11915=IFCCARTESIANPOINT((-104.247679832712,-129.416221619234));
#11916=IFCCARTESIANPOINT((-108.85421531499,-131.284085502266));
#11917=IFCCARTESIANPOINT((-114.456212019781,-133.555671414884));
#11918=IFCCARTESIANPOINT((-116.259038883931,-134.286638118618));
#11919=IFCCARTESIANPOINT((-118.455601920927,-128.909145131882));
#11920=IFCCARTESIANPOINT((-122.653559185594,-118.628703871102));
#11921=IFCCARTESIANPOINT((-128.61566489024,-104.028893094743));
#11922=IFCCARTESIANPOINT((-134.577846655448,-89.4289822728024));
#11923=IFCCARTESIANPOINT((-130.877561304078,-87.923271043459));
#11924=IFCCARTESIANPOINT((-135.33336147145,-76.9475737106404));
#11925=IFCCARTESIANPOINT((-141.480973606027,-61.8019254967221));
#11926=IFCCARTESIANPOINT((-149.003911519103,-43.2705305534764));
#11927=IFCCARTESIANPOINT((-152.939410701249,-33.5762848799932));
#11928=IFCCARTESIANPOINT((-152.921440186328,-33.5199761153781));
#11929=IFCCARTESIANPOINT((-152.903383927827,-33.4637382372166));
#11930=IFCCARTESIANPOINT((-152.885241924581,-33.4075712463818));
#11931=IFCCARTESIANPOINT((-152.866925594455,-33.351367981697));
#11932=IFCCARTESIANPOINT((-152.848523520079,-33.2952356038149));
#11933=IFCCARTESIANPOINT((-152.829905665072,-33.2391914193868));
#11934=IFCCARTESIANPOINT((-152.811287811579,-33.1831472344347));
#11935=IFCCARTESIANPOINT((-152.792539916612,-33.1271203606739));
#11936=IFCCARTESIANPOINT((-152.773576244683,-33.0711816773983));
#11937=IFCCARTESIANPOINT((-152.754612574965,-33.0152429929003));
#11938=IFCCARTESIANPOINT((-152.735433120513,-32.9593925052322));
#11939=IFCCARTESIANPOINT((-152.716253666324,-32.9035420179134));
#11940=IFCCARTESIANPOINT((-152.696814142662,-32.8477261416265));
#11941=IFCCARTESIANPOINT((-152.677418909298,-32.7919638471794));
#11942=IFCCARTESIANPOINT((-152.657763605559,-32.7362361643463));
#11943=IFCCARTESIANPOINT((-152.638022553758,-32.6805793715757));
#11944=IFCCARTESIANPOINT((-152.618195760151,-32.6249934635707));
#11945=IFCCARTESIANPOINT((-152.59828038112,-32.5693003976485));
#11946=IFCCARTESIANPOINT((-152.578193513764,-32.5137491048663));
#11947=IFCCARTESIANPOINT((-152.558020904689,-32.4582686965587));
#11948=IFCCARTESIANPOINT((-152.537718256644,-32.402805597696));
#11949=IFCCARTESIANPOINT((-152.517285574024,-32.3473598044366));
#11950=IFCCARTESIANPOINT((-152.4967671466,-32.2919848983875));
#11951=IFCCARTESIANPOINT((-152.476118681458,-32.2366273005027));
#11952=IFCCARTESIANPOINT((-152.45529873026,-32.1814114737208));
#11953=IFCCARTESIANPOINT((-152.434434485243,-32.1261420692317));
#11954=IFCCARTESIANPOINT((-152.413440204895,-32.0708899708698));
#11955=IFCCARTESIANPOINT((-152.392274437792,-32.0157796441927));
#11956=IFCCARTESIANPOINT((-152.371064376464,-31.960615739983));
#11957=IFCCARTESIANPOINT((-152.349682827742,-31.9055936079822));
#11958=IFCCARTESIANPOINT((-152.32825698526,-31.8505178980413));
#11959=IFCCARTESIANPOINT((-152.306659656431,-31.7955839594943));
#11960=IFCCARTESIANPOINT((-152.284932294191,-31.7406673255027));
#11961=IFCCARTESIANPOINT((-152.263160635834,-31.6856971154339));
#11962=IFCCARTESIANPOINT((-152.241217489413,-31.6308686782722));
#11963=IFCCARTESIANPOINT((-152.219188598043,-31.5761111283791));
#11964=IFCCARTESIANPOINT((-152.196985379414,-31.5213173046359));
#11965=IFCCARTESIANPOINT((-152.174740709335,-31.4666479470325));
#11966=IFCCARTESIANPOINT((-152.152366004389,-31.4119958950323));
#11967=IFCCARTESIANPOINT((-152.129861260764,-31.357361151895));
#11968=IFCCARTESIANPOINT((-152.107140737673,-31.3028146013385));
#11969=IFCCARTESIANPOINT((-152.084464509855,-31.2483216281398));
#11970=IFCCARTESIANPOINT((-152.061613949394,-31.1937923858059));
#11971=IFCCARTESIANPOINT((-152.038636196608,-31.1394584926893));
#11972=IFCCARTESIANPOINT((-152.015569853975,-31.0850174453226));
#11973=IFCCARTESIANPOINT((-151.99233203,-31.0307181650423));
#11974=IFCCARTESIANPOINT((-151.969094204222,-30.9764188865083));
#11975=IFCCARTESIANPOINT((-151.945640595659,-30.9222078032326));
#11976=IFCCARTESIANPOINT((-151.922101245204,-30.8680676046642));
#11977=IFCCARTESIANPOINT((-151.898431856622,-30.8139447144349));
#11978=IFCCARTESIANPOINT((-151.874676726467,-30.7598927086801));
#11979=IFCCARTESIANPOINT((-151.850791557954,-30.7058580116136));
#11980=IFCCARTESIANPOINT((-151.826776351576,-30.6518406226533));
#11981=IFCCARTESIANPOINT((-151.802719697676,-30.5979476962821));
#11982=IFCCARTESIANPOINT((-151.778488713549,-30.5440184986801));
#11983=IFCCARTESIANPOINT((-151.754130534915,-30.4902846520417));
#11984=IFCCARTESIANPOINT((-151.729683771293,-30.4364436471369));
#11985=IFCCARTESIANPOINT((-151.705109812057,-30.3827979940106));
#11986=IFCCARTESIANPOINT((-151.680447266379,-30.3290451839566));
#11987=IFCCARTESIANPOINT((-151.655657527706,-30.2754877234693));
#11988=IFCCARTESIANPOINT((-151.63082349766,-30.2218766832375));
#11989=IFCCARTESIANPOINT((-151.605773683026,-30.1683538393117));
#11990=IFCCARTESIANPOINT((-151.580638126848,-30.1149018798606));
#11991=IFCCARTESIANPOINT((-151.555416828167,-30.0615208055242));
#11992=IFCCARTESIANPOINT((-151.530065493804,-30.0081570374896));
#11993=IFCCARTESIANPOINT((-151.504628413444,-29.9548641575384));
#11994=IFCCARTESIANPOINT((-151.478975552687,-29.9016594705754));
#11995=IFCCARTESIANPOINT((-151.453322692105,-29.8484547838452));
#11996=IFCCARTESIANPOINT((-151.427539795492,-29.7952674037078));
#11997=IFCCARTESIANPOINT((-151.401629706525,-29.7422753727878));
#11998=IFCCARTESIANPOINT((-151.375631029921,-29.6891761856386));
#11999=IFCCARTESIANPOINT((-151.349460865225,-29.636218770931));
#12000=IFCCARTESIANPOINT((-151.323204958055,-29.5833322413382));
#12001=IFCCARTESIANPOINT((-151.296819012758,-29.5304630200262));
#12002=IFCCARTESIANPOINT((-151.270347328187,-29.4776646811515));
#12003=IFCCARTESIANPOINT((-151.243789894739,-29.4249372327467));
#12004=IFCCARTESIANPOINT((-151.217102427996,-29.3722270886065));
#12005=IFCCARTESIANPOINT((-151.190329216915,-29.3195878312108));
#12006=IFCCARTESIANPOINT((-151.163425970008,-29.2669658800005));
#12007=IFCCARTESIANPOINT((-151.13635123233,-29.2144857035601));
#12008=IFCCARTESIANPOINT((-151.109276499541,-29.1620055234525));
#12009=IFCCARTESIANPOINT((-151.081985983357,-29.1096135385451));
#12010=IFCCARTESIANPOINT((-151.054695468425,-29.0572215528809));
#12011=IFCCARTESIANPOINT((-151.02723346639,-29.0049713390181));
#12012=IFCCARTESIANPOINT((-150.999641426984,-28.9527384325629));
#12013=IFCCARTESIANPOINT((-150.971963644784,-28.90057641163));
#12014=IFCCARTESIANPOINT((-150.944155825389,-28.8484316981048));
#12015=IFCCARTESIANPOINT((-150.916262263578,-28.7963578695781));
#12016=IFCCARTESIANPOINT((-150.88828295542,-28.7443549293675));
#12017=IFCCARTESIANPOINT((-150.860087869078,-28.6924401798169));
#12018=IFCCARTESIANPOINT((-150.83189278323,-28.6405254303827));
#12019=IFCCARTESIANPOINT((-150.80352621057,-28.5887524521677));
#12020=IFCCARTESIANPOINT((-150.775115344877,-28.5369258954306));
#12021=IFCCARTESIANPOINT((-150.746532987396,-28.4852411138709));
#12022=IFCCARTESIANPOINT((-150.717864892649,-28.4336272131186));
#12023=IFCCARTESIANPOINT((-150.689066758059,-28.3820306219859));
#12024=IFCCARTESIANPOINT((-150.660182881489,-28.3305049155024));
#12025=IFCCARTESIANPOINT((-150.631213260203,-28.2790500957635));
#12026=IFCCARTESIANPOINT((-150.602113603178,-28.2276125822682));
#12027=IFCCARTESIANPOINT((-111.943803215487,-28.2262894547894));
#12028=IFCCARTESIANPOINT((-36.0346504274057,-28.2251342258533));
#12029=IFCCARTESIANPOINT((-33.1111390887236,-35.4526531436713));
#12030=IFCCARTESIANPOINT((-28.797665013728,-46.3806802120525));
#12031=IFCCARTESIANPOINT((-22.8669868570578,-60.9934385946835));
#12032=IFCCARTESIANPOINT((-16.9361918767681,-75.6076095196768));
#12033=IFCCARTESIANPOINT((-13.1989304872695,-84.8155510419747));
#12034=IFCCARTESIANPOINT((-12.7230416925449,-85.9889166218927));
#12035=IFCCARTESIANPOINT((-10.2894528311735,-91.9847570604179));
#12036=IFCCARTESIANPOINT((-10.3094975483837,-91.9805432725698));
#12037=IFCCARTESIANPOINT((-10.3294565230608,-91.9764003682067));
#12038=IFCCARTESIANPOINT((-10.3494183413859,-91.9724355104263));
#12039=IFCCARTESIANPOINT((-10.3695544926741,-91.9685069287079));
#12040=IFCCARTESIANPOINT((-10.3895191572956,-91.9647201153566));
#12041=IFCCARTESIANPOINT((-10.4096581521444,-91.960969580221));
#12042=IFCCARTESIANPOINT((-10.4297556992678,-91.9573435086641));
#12043=IFCCARTESIANPOINT((-10.4498560895736,-91.9538954842137));
#12044=IFCCARTESIANPOINT((-10.4699564847106,-91.9504474556306));
#12045=IFCCARTESIANPOINT((-10.4901454625942,-91.9471065929392));
#12046=IFCCARTESIANPOINT((-10.510292994004,-91.9438901929534));
#12047=IFCCARTESIANPOINT((-10.5304433703132,-91.9408518383862));
#12048=IFCCARTESIANPOINT((-10.5505937431299,-91.9378134867293));
#12049=IFCCARTESIANPOINT((-10.5708327083266,-91.9348822931061));
#12050=IFCCARTESIANPOINT((-10.5910302210541,-91.9320755667286));
#12051=IFCCARTESIANPOINT((-10.611316324881,-91.9293759996071));
#12052=IFCCARTESIANPOINT((-10.6315166851564,-91.9267473167856));
#12053=IFCCARTESIANPOINT((-10.6518056316709,-91.924225796829));
#12054=IFCCARTESIANPOINT((-10.6720531308674,-91.9218287402182));
#12055=IFCCARTESIANPOINT((-10.6923892197374,-91.9195388438529));
#12056=IFCCARTESIANPOINT((-10.7126395630476,-91.9173198334174));
#12057=IFCCARTESIANPOINT((-10.7329784940521,-91.9152079846826));
#12058=IFCCARTESIANPOINT((-10.7532759768073,-91.9132206000504));
#12059=IFCCARTESIANPOINT((-10.7736177514889,-91.9112867979566));
#12060=IFCCARTESIANPOINT((-10.793918077572,-91.9094774601399));
#12061=IFCCARTESIANPOINT((-10.8143069954822,-91.9077752807061));
#12062=IFCCARTESIANPOINT((-10.8346544613887,-91.9061975684017));
#12063=IFCCARTESIANPOINT((-10.8550462212588,-91.9046734368312));
#12064=IFCCARTESIANPOINT((-10.8753965324431,-91.903273769829));
#12065=IFCCARTESIANPOINT((-10.8957911382604,-91.9019276829204));
#12066=IFCCARTESIANPOINT((-10.916144293762,-91.9007060617441));
#12067=IFCCARTESIANPOINT((-10.9365002912527,-91.899662488664));
#12068=IFCCARTESIANPOINT((-10.9569005850062,-91.8986724944552));
#12069=IFCCARTESIANPOINT((-10.9773451738583,-91.8977360798162));
#12070=IFCCARTESIANPOINT((-10.9977483141411,-91.8969241297455));
#12071=IFCCARTESIANPOINT((-11.0181100018381,-91.8962366472115));
#12072=IFCCARTESIANPOINT((-11.0385602790338,-91.895656324923));
#12073=IFCCARTESIANPOINT((-11.0589248151809,-91.8951468848973));
#12074=IFCCARTESIANPOINT((-11.0793779368687,-91.8947446085513));
#12075=IFCCARTESIANPOINT((-11.0997896084737,-91.894466797763));
#12076=IFCCARTESIANPOINT((-11.1201598350017,-91.8943134482834));
#12077=IFCCARTESIANPOINT((-11.140574349527,-91.8942136845435));
#12078=IFCCARTESIANPOINT((-11.1610331634001,-91.8941674972884));
#12079=IFCCARTESIANPOINT((-11.1814090755361,-91.8943702423712));
#12080=IFCCARTESIANPOINT((-11.2018707330863,-91.8945021014079));
#12081=IFCCARTESIANPOINT((-11.2222494893067,-91.8948828925495));
#12082=IFCCARTESIANPOINT((-11.2426282458182,-91.8952636835165));
#12083=IFCCARTESIANPOINT((-11.263095591421,-91.8957516350783));
#12084=IFCCARTESIANPOINT((-11.2835214863298,-91.8963640527218));
#12085=IFCCARTESIANPOINT((-11.3039059352595,-91.8971009325469));
#12086=IFCCARTESIANPOINT((-11.3242489293625,-91.8979622818879));
#12087=IFCCARTESIANPOINT((-11.3446362195245,-91.898877210042));
#12088=IFCCARTESIANPOINT((-11.3651121016301,-91.8998992966372));
#12089=IFCCARTESIANPOINT((-11.3855022341886,-91.9009922725963));
#12090=IFCCARTESIANPOINT((-11.4058509203314,-91.9022097109701));
#12091=IFCCARTESIANPOINT((-11.4262024507334,-91.903605195519));
#12092=IFCCARTESIANPOINT((-11.4465539790981,-91.9050006815232));
#12093=IFCCARTESIANPOINT((-11.4669083557383,-91.9065742103849));
#12094=IFCCARTESIANPOINT((-11.4872627317673,-91.9081477395957));
#12095=IFCCARTESIANPOINT((-11.5076199479518,-91.9098993184743));
#12096=IFCCARTESIANPOINT((-11.528021463746,-91.9117044732557));
#12097=IFCCARTESIANPOINT((-11.5482514878677,-91.9136514006532));
#12098=IFCCARTESIANPOINT((-11.5685701023031,-91.9157054875395));
#12099=IFCCARTESIANPOINT((-11.5889330104692,-91.9178131555091));
#12100=IFCCARTESIANPOINT((-11.6092101737449,-91.9199917088263));
#12101=IFCCARTESIANPOINT((-11.6294901836372,-91.9223483063979));
#12102=IFCCARTESIANPOINT((-11.6497287423117,-91.9248293703422));
#12103=IFCCARTESIANPOINT((-11.6700115962594,-91.9273640140309));
#12104=IFCCARTESIANPOINT((-11.6902529991057,-91.9300231242087));
#12105=IFCCARTESIANPOINT((-11.7104944022431,-91.9326822337462));
#12106=IFCCARTESIANPOINT((-11.730738648941,-91.935519390332));
#12107=IFCCARTESIANPOINT((-11.7509414473607,-91.9384810108459));
#12108=IFCCARTESIANPOINT((-11.7710585032764,-91.9415135147283));
#12109=IFCCARTESIANPOINT((-11.7912641441799,-91.9446531828144));
#12110=IFCCARTESIANPOINT((-11.8114283374452,-91.9479173143045));
#12111=IFCCARTESIANPOINT((-11.8315925300412,-91.9511814463185));
#12112=IFCCARTESIANPOINT((-11.8516738222388,-91.9546945097973));
#12113=IFCCARTESIANPOINT((-11.871755117405,-91.9582075706567));
#12114=IFCCARTESIANPOINT((-11.8919249980536,-91.9618277951959));
#12115=IFCCARTESIANPOINT((-11.9119233916572,-91.9655897884513));
#12116=IFCCARTESIANPOINT((-11.931966079952,-91.9694053617422));
#12117=IFCCARTESIANPOINT((-11.9520973581821,-91.9733280950459));
#12118=IFCCARTESIANPOINT((-11.9720571451762,-91.9773926005));
#12119=IFCCARTESIANPOINT((-11.9920612269489,-91.9815106859896));
#12120=IFCCARTESIANPOINT((-12.0120238603849,-91.9857532357564));
#12121=IFCCARTESIANPOINT((-12.0320307837392,-91.9900493694004));
#12122=IFCCARTESIANPOINT((-12.051910518494,-91.9945408490603));
#12123=IFCCARTESIANPOINT((-12.0717902507749,-91.9990323306411));
#12124=IFCCARTESIANPOINT((-12.0917585720017,-92.0036309728166));
#12125=IFCCARTESIANPOINT((-12.1115554056887,-92.0083713842905));
#12126=IFCCARTESIANPOINT((-12.1313965328154,-92.0131653770804));
#12127=IFCCARTESIANPOINT((-12.1512405069952,-92.0181374133099));
#12128=IFCCARTESIANPOINT((-12.1709987308423,-92.0231803397764));
#12129=IFCCARTESIANPOINT((-12.1907569603354,-92.0282232612371));
#12130=IFCCARTESIANPOINT((-12.2105180305371,-92.0334442320163));
#12131=IFCCARTESIANPOINT((-12.2302376546722,-92.038789664919));
#12132=IFCCARTESIANPOINT((-12.2498715317051,-92.0442059851484));
#12133=IFCCARTESIANPOINT((-12.2695497053792,-92.0496758838999));
#12134=IFCCARTESIANPOINT((-12.2892307210714,-92.0553238305147));
#12135=IFCCARTESIANPOINT((-34.2261321232945,-100.954067122017));
#12136=IFCPOLYLINE((#11909,#11910,#11911,#11912,#11913,#11914,#11915,#11916,#11917,#11918,#11919,#11920,#11921,#11922,#11923,#11924,#11925,#11926,#11927,#11928,#11929,#11930,#11931,#11932,#11933,#11934,#11935,#11936,#11937,#11938,#11939,#11940,#11941,#11942,#11943,#11944,#11945,#11946,#11947,#11948,#11949,#11950,#11951,#11952,#11953,#11954,#11955,#11956,#11957,#11958,#11959,#11960,#11961,#11962,#11963,#11964,#11965,#11966,#11967,#11968,#11969,#11970,#11971,#11972,#11973,#11974,#11975,#11976,#11977,#11978,#11979,#11980,#11981,#11982,#11983,#11984,#11985,#11986,#11987,#11988,#11989,#11990,#11991,#11992,#11993,#11994,#11995,#11996,#11997,#11998,#11999,#12000,#12001,#12002,#12003,#12004,#12005,#12006,#12007,#12008,#12009,#12010,#12011,#12012,#12013,#12014,#12015,#12016,#12017,#12018,#12019,#12020,#12021,#12022,#12023,#12024,#12025,#12026,#12027,#12028,#12029,#12030,#12031,#12032,#12033,#12034,#12035,#12036,#12037,#12038,#12039,#12040,#12041,#12042,#12043,#12044,#12045,#12046,#12047,#12048,#12049,#12050,#12051,#12052,#12053,#12054,#12055,#12056,#12057,#12058,#12059,#12060,#12061,#12062,#12063,#12064,#12065,#12066,#12067,#12068,#12069,#12070,#12071,#12072,#12073,#12074,#12075,#12076,#12077,#12078,#12079,#12080,#12081,#12082,#12083,#12084,#12085,#12086,#12087,#12088,#12089,#12090,#12091,#12092,#12093,#12094,#12095,#12096,#12097,#12098,#12099,#12100,#12101,#12102,#12103,#12104,#12105,#12106,#12107,#12108,#12109,#12110,#12111,#12112,#12113,#12114,#12115,#12116,#12117,#12118,#12119,#12120,#12121,#12122,#12123,#12124,#12125,#12126,#12127,#12128,#12129,#12130,#12131,#12132,#12133,#12134,#12135));
#12137=IFCARBITRARYCLOSEDPROFILEDEF(.AREA.,$,#12136);
#12138=IFCEXTRUDEDAREASOLID(#12137,#11907,#11908,0.1);
#12139=IFCSHAPEREPRESENTATION(#11,'Body','SweptSolid',(#12138));
#12140=IFCPRODUCTDEFINITIONSHAPE($,$,(#12139));
#12141=IFCSLAB('1Un9zZVCD3RePqTl4PmN87',#5,'NL.IMRO.0772.EP3392906780-00',$,$,#11903,#12140,$,.NOTDEFINED.);
#12142=IFCSTYLEDITEM(#12138,(#1753),$);
#12143=IFCPROPERTYSINGLEVALUE('plan_id',$,IFCTEXT('NL.IMRO.0772.80284-0301'),$);
#12144=IFCPROPERTYSINGLEVALUE('plan_naam',$,IFCTEXT('Strijp-S 2017'),$);
#12145=IFCPROPERTYSINGLEVALUE('id',$,IFCTEXT('NL.IMRO.0772.EP3392906780-00'),$);
#12146=IFCPROPERTYSINGLEVALUE('naam',$,IFCTEXT('Gemengd - 2'),$);
#12147=IFCPROPERTYSINGLEVALUE('bestemmingshoofdgroep',$,IFCTEXT('gemengd'),$);
#12148=IFCPROPERTYSINGLEVALUE('verwijzing_naar_tekst',$,IFCTEXT('https://www.ruimtelijkeplannen.nl/documents/NL.IMRO.0772.80284-0301/r_NL.IMRO.0772.80284-0301.html#_4_Gemengd-2'),$);
#12149=IFCPROPERTYSINGLEVALUE('plan_dossierstatus',$,IFCTEXT('geheel onherroepelijk in werking'),$);
#12150=IFCPROPERTYSINGLEVALUE('plan_besluitnummer',$,IFCTEXT('17bst01754'),$);
#12151=IFCPROPERTYSINGLEVALUE('type_planobject',$,IFCTEXT('enkelbestemming'),$);
#12152=IFCPROPERTYSET('3k_C_Ku$TBvfKr766Vu7mD',#5,'CPset_DSO-Enkelbestemming',$,(#12143,#12144,#12145,#12146,#12147,#12148,#12149,#12150,#12151));
#12153=IFCRELDEFINESBYPROPERTIES('2dhSaSPGDF3BLLsygHxJiL',#5,$,$,(#12141),#12152);
#12154=IFCCARTESIANPOINT((0.,0.,-0.1));
#12155=IFCDIRECTION((0.,0.,1.));
#12156=IFCDIRECTION((1.,0.,0.));
#12157=IFCAXIS2PLACEMENT3D(#12154,#12155,#12156);
#12158=IFCLOCALPLACEMENT(#37,#12157);
#12159=IFCCARTESIANPOINT((0.,0.,0.));
#12160=IFCDIRECTION((0.,0.,1.));
#12161=IFCDIRECTION((1.,0.,0.));
#12162=IFCAXIS2PLACEMENT3D(#12159,#12160,#12161);
#12163=IFCDIRECTION((0.,0.,1.));
#12164=IFCCARTESIANPOINT((-190.892484068376,-164.588780406048));
#12165=IFCCARTESIANPOINT((-176.357268193882,-158.687360309123));
#12166=IFCCARTESIANPOINT((-136.5846798532,-142.53342638968));
#12167=IFCCARTESIANPOINT((-133.69218091949,-141.358473372587));
#12168=IFCCARTESIANPOINT((-128.184907697752,-139.121351823094));
#12169=IFCCARTESIANPOINT((-125.401434723026,-145.977181368682));
#12170=IFCCARTESIANPOINT((-116.133131109789,-168.80975678243));
#12171=IFCCARTESIANPOINT((-121.560289598041,-171.014550996886));
#12172=IFCCARTESIANPOINT((-122.232007456681,-171.287878872361));
#12173=IFCCARTESIANPOINT((-128.720274070889,-173.923928516451));
#12174=IFCCARTESIANPOINT((-164.421501514415,-188.432859201741));
#12175=IFCCARTESIANPOINT((-192.444996123057,-165.219307050866));
#12176=IFCCARTESIANPOINT((-190.892484068376,-164.588780406048));
#12177=IFCPOLYLINE((#12164,#12165,#12166,#12167,#12168,#12169,#12170,#12171,#12172,#12173,#12174,#12175,#12176));
#12178=IFCARBITRARYCLOSEDPROFILEDEF(.AREA.,$,#12177);
#12179=IFCEXTRUDEDAREASOLID(#12178,#12162,#12163,0.1);
#12180=IFCSHAPEREPRESENTATION(#11,'Body','SweptSolid',(#12179));
#12181=IFCPRODUCTDEFINITIONSHAPE($,$,(#12180));
#12182=IFCSLAB('1SMbJAcDv6Ku3KBTJtpzNG',#5,'NL.IMRO.0772.EP12385464243-00',$,$,#12158,#12181,$,.NOTDEFINED.);
#12183=IFCSTYLEDITEM(#12179,(#3319),$);
#12184=IFCPROPERTYSINGLEVALUE('plan_id',$,IFCTEXT('NL.IMRO.0772.80284-0301'),$);
#12185=IFCPROPERTYSINGLEVALUE('plan_naam',$,IFCTEXT('Strijp-S 2017'),$);
#12186=IFCPROPERTYSINGLEVALUE('id',$,IFCTEXT('NL.IMRO.0772.EP12385464243-00'),$);
#12187=IFCPROPERTYSINGLEVALUE('naam',$,IFCTEXT('Groen'),$);
#12188=IFCPROPERTYSINGLEVALUE('bestemmingshoofdgroep',$,IFCTEXT('groen'),$);
#12189=IFCPROPERTYSINGLEVALUE('verwijzing_naar_tekst',$,IFCTEXT('https://www.ruimtelijkeplannen.nl/documents/NL.IMRO.0772.80284-0301/r_NL.IMRO.0772.80284-0301.html#_7_Groen'),$);
#12190=IFCPROPERTYSINGLEVALUE('plan_dossierstatus',$,IFCTEXT('geheel onherroepelijk in werking'),$);
#12191=IFCPROPERTYSINGLEVALUE('plan_besluitnummer',$,IFCTEXT('17bst01754'),$);
#12192=IFCPROPERTYSINGLEVALUE('type_planobject',$,IFCTEXT('enkelbestemming'),$);
#12193=IFCPROPERTYSET('1NKqNhVcj2PxjHwlqf9$Pb',#5,'CPset_DSO-Enkelbestemming',$,(#12184,#12185,#12186,#12187,#12188,#12189,#12190,#12191,#12192));
#12194=IFCRELDEFINESBYPROPERTIES('0qOXEzDHD7GPJVGDQbflm4',#5,$,$,(#12182),#12193);
#12195=IFCCARTESIANPOINT((0.,0.,-0.1));
#12196=IFCDIRECTION((0.,0.,1.));
#12197=IFCDIRECTION((1.,0.,0.));
#12198=IFCAXIS2PLACEMENT3D(#12195,#12196,#12197);
#12199=IFCLOCALPLACEMENT(#37,#12198);
#12200=IFCCARTESIANPOINT((0.,0.,0.));
#12201=IFCDIRECTION((0.,0.,1.));
#12202=IFCDIRECTION((1.,0.,0.));
#12203=IFCAXIS2PLACEMENT3D(#12200,#12201,#12202);
#12204=IFCDIRECTION((0.,0.,1.));
#12205=IFCCARTESIANPOINT((-227.717452192883,95.6722805149038));
#12206=IFCCARTESIANPOINT((-168.901959468931,95.7065466542845));
#12207=IFCCARTESIANPOINT((-167.461541089404,95.7053357117693));
#12208=IFCCARTESIANPOINT((-155.692598548514,95.6980080769863));
#12209=IFCCARTESIANPOINT((-42.2443863610097,95.7459854937624));
#12210=IFCCARTESIANPOINT((25.0464181362477,95.8144792048843));
#12211=IFCCARTESIANPOINT((164.480487820081,95.1535289633903));
#12212=IFCCARTESIANPOINT((164.498488521233,93.7583010978997));
#12213=IFCCARTESIANPOINT((164.520870433975,93.4371946598403));
#12214=IFCCARTESIANPOINT((169.844285133469,93.4711271343986));
#12215=IFCCARTESIANPOINT((179.989487529005,93.5115282924962));
#12216=IFCCARTESIANPOINT((215.082304964046,93.6589901947882));
#12217=IFCCARTESIANPOINT((215.08843776444,87.7299666379695));
#12218=IFCCARTESIANPOINT((215.097329249082,79.7301939546014));
#12219=IFCCARTESIANPOINT((215.106893023156,71.7298494481365));
#12220=IFCCARTESIANPOINT((215.106916384626,41.0286203448777));
#12221=IFCCARTESIANPOINT((214.583441362629,40.8463748014183));
#12222=IFCCARTESIANPOINT((214.059714770439,40.6646980678779));
#12223=IFCCARTESIANPOINT((213.535780902603,40.4836437260383));
#12224=IFCCARTESIANPOINT((213.011639760138,40.3032117753173));
#12225=IFCCARTESIANPOINT((212.487247045705,40.1233486363781));
#12226=IFCCARTESIANPOINT((211.962647061329,39.944107884774));
#12227=IFCCARTESIANPOINT((211.437969838764,39.7654722303268));
#12228=IFCCARTESIANPOINT((210.912955301203,39.5874762651511));
#12229=IFCCARTESIANPOINT((210.387774944276,39.4099782269914));
#12230=IFCCARTESIANPOINT((209.862345858157,39.2332270447514));
#12231=IFCCARTESIANPOINT((209.336750953546,39.0569737891783));
#12232=IFCCARTESIANPOINT((208.810993064079,38.8813965113368));
#12233=IFCCARTESIANPOINT((208.285069356003,38.7063171606278));
#12234=IFCCARTESIANPOINT((207.758852628613,38.5319310806808));
#12235=IFCCARTESIANPOINT((207.232428622636,38.3581673964509));
#12236=IFCCARTESIANPOINT((206.705838799156,38.1849016385386));
#12237=IFCCARTESIANPOINT((206.179085996235,38.0123118548072));
#12238=IFCCARTESIANPOINT((205.652081626584,37.8402908798889));
#12239=IFCCARTESIANPOINT((205.124914275744,37.6689458805486));
#12240=IFCCARTESIANPOINT((204.597495358234,37.498169690487));
#12241=IFCCARTESIANPOINT((204.069954914157,37.3279450120754));
#12242=IFCCARTESIANPOINT((203.542165742518,37.1584671896999));
#12243=IFCCARTESIANPOINT((203.014210754336,36.9894872935256));
#12244=IFCCARTESIANPOINT((202.486048491439,36.8211297910893));
#12245=IFCCARTESIANPOINT((201.957678954961,36.6533946814016));
#12246=IFCCARTESIANPOINT((201.429187896458,36.4862110800459));
#12247=IFCCARTESIANPOINT((200.900403815234,36.3197207541671));
#12248=IFCCARTESIANPOINT((200.371498208988,36.1537819393561));
#12249=IFCCARTESIANPOINT((199.842385330965,35.9884655163041));
#12250=IFCCARTESIANPOINT((199.313065181981,35.8237714844872));
#12251=IFCCARTESIANPOINT((198.783537758834,35.6596998463501));
#12252=IFCCARTESIANPOINT((198.253888813313,35.4961797175929));
#12253=IFCCARTESIANPOINT((197.724032594677,35.3332819822244));
#12254=IFCCARTESIANPOINT((197.193969107495,35.1710066363448));
#12255=IFCCARTESIANPOINT((196.6636983442,35.0093536865315));
#12256=IFCCARTESIANPOINT((196.133264606033,34.8483767087455));
#12257=IFCCARTESIANPOINT((195.602665050101,34.687897660071));
#12258=IFCCARTESIANPOINT((195.071858219715,34.5280410060659));
#12259=IFCCARTESIANPOINT((194.540888414223,34.3688603249029));
#12260=IFCCARTESIANPOINT((194.009667045582,34.210248452262));
#12261=IFCCARTESIANPOINT((193.478368446144,34.0522416741005));
#12262=IFCCARTESIANPOINT((192.946862576675,33.8948572875233));
#12263=IFCCARTESIANPOINT((192.41510514266,33.7380417110398));
#12264=IFCCARTESIANPOINT((191.883184731676,33.5819021093776));
#12265=IFCCARTESIANPOINT((191.351187088207,33.4263676037663));
#12266=IFCCARTESIANPOINT((190.818937884091,33.2714019053383));
#12267=IFCCARTESIANPOINT((190.286481410789,33.1170585983782));
#12268=IFCCARTESIANPOINT((189.753947706573,32.9633203867124));
#12269=IFCCARTESIANPOINT((189.221120985603,32.8102754479041));
#12270=IFCCARTESIANPOINT((188.68817274287,32.6577820196981));
#12271=IFCCARTESIANPOINT((188.155017230689,32.5059109837166));
#12272=IFCCARTESIANPOINT((187.621740196191,32.3545914587448));
#12273=IFCCARTESIANPOINT((187.088300186588,32.203947907954));
#12274=IFCCARTESIANPOINT((186.554608610895,32.053873169818));
#12275=IFCCARTESIANPOINT((186.020754061843,31.9044744044659));
#12276=IFCCARTESIANPOINT((185.486822286941,31.7556807306246));
#12277=IFCCARTESIANPOINT((184.952638945455,31.6074558700784));
#12278=IFCCARTESIANPOINT((184.418292629445,31.4599069835967));
#12279=IFCCARTESIANPOINT((183.883824794233,31.3129096064949));
#12280=IFCCARTESIANPOINT((183.349149689078,31.1665346226073));
#12281=IFCCARTESIANPOINT((182.814267316338,31.0207820305368));
#12282=IFCCARTESIANPOINT((182.279307715798,30.8756345319562));
#12283=IFCCARTESIANPOINT((181.744140847324,30.7311094253673));
#12284=IFCCARTESIANPOINT((181.208811004704,30.5872602932504));
#12285=IFCCARTESIANPOINT((180.673229597771,30.4439799733227));
#12286=IFCCARTESIANPOINT((180.137570967636,30.301304743567));
#12287=IFCCARTESIANPOINT((179.601835107402,30.1592346096295));
#12288=IFCCARTESIANPOINT((179.065761941572,30.0178041647887));
#12289=IFCCARTESIANPOINT((178.52961155001,29.8769788122736));
#12290=IFCCARTESIANPOINT((177.993298179063,29.7368294390617));
#12291=IFCCARTESIANPOINT((177.456819001265,29.5971779887332));
#12292=IFCCARTESIANPOINT((176.920176845422,29.4582025166019));
#12293=IFCCARTESIANPOINT((176.383371715056,29.3199030201067));
#12294=IFCCARTESIANPOINT((175.846445066738,29.182155032875));
#12295=IFCCARTESIANPOINT((175.309311154269,29.0450294358307));
#12296=IFCCARTESIANPOINT((174.772100013797,28.9085089333821));
#12297=IFCCARTESIANPOINT((174.234595857124,28.772681706876));
#12298=IFCCARTESIANPOINT((173.697055933357,28.6373351055081));
#12299=IFCCARTESIANPOINT((173.159267286392,28.5027353626792));
#12300=IFCCARTESIANPOINT((172.62140141186,28.368740714679));
#12301=IFCCARTESIANPOINT((172.083369731816,28.2352439895039));
#12302=IFCCARTESIANPOINT((171.545133617852,28.102547708957));
#12303=IFCCARTESIANPOINT((171.006817442045,27.970278472465));
#12304=IFCCARTESIANPOINT((170.468252549035,27.8387560904375));
#12305=IFCCARTESIANPOINT((169.929610429768,27.7078388023074));
#12306=IFCCARTESIANPOINT((169.390846789902,27.5774730265839));
#12307=IFCCARTESIANPOINT((168.851920181653,27.4477832223638));
#12308=IFCCARTESIANPOINT((168.312786306167,27.3187158119981));
#12309=IFCCARTESIANPOINT((167.773575208004,27.1902534929104));
#12310=IFCCARTESIANPOINT((167.234156841208,27.0624135688413));
#12311=IFCCARTESIANPOINT((166.694575504196,26.9352496182546));
#12312=IFCCARTESIANPOINT((166.15487264868,26.808637178503));
#12313=IFCCARTESIANPOINT((165.615092572902,26.6826298285741));
#12314=IFCCARTESIANPOINT((165.075105229014,26.5572448735475));
#12315=IFCCARTESIANPOINT((164.534954915202,26.4325358920614));
#12316=IFCCARTESIANPOINT((163.99472738136,26.3084319999325));
#12317=IFCCARTESIANPOINT((163.45429257481,26.1849505068967));
#12318=IFCCARTESIANPOINT((162.913736257906,26.0620205186424));
#12319=IFCCARTESIANPOINT((162.373061262333,25.9398200880969));
#12320=IFCCARTESIANPOINT((139.813834969478,21.4144323605578));
#12321=IFCCARTESIANPOINT((139.452978410962,21.3510423541884));
#12322=IFCCARTESIANPOINT((139.091997493495,21.2880257723737));
#12323=IFCCARTESIANPOINT((138.731019423663,21.2251872642664));
#12324=IFCCARTESIANPOINT((138.370002741896,21.1626512987423));
#12325=IFCCARTESIANPOINT((138.008903153444,21.1003642950091));
#12326=IFCCARTESIANPOINT((137.647764959896,21.0383798282128));
#12327=IFCCARTESIANPOINT((137.286588155257,20.9766979033011));
#12328=IFCCARTESIANPOINT((136.925328445999,20.9152649387252));
#12329=IFCCARTESIANPOINT((136.564115873567,20.8540636331891));
#12330=IFCCARTESIANPOINT((136.202778944309,20.7932357505779));
#12331=IFCCARTESIANPOINT((135.841444860038,20.7325859440025));
#12332=IFCCARTESIANPOINT((135.479986419348,20.672309560061));
#12333=IFCCARTESIANPOINT((135.118530819746,20.6122112553567));
#12334=IFCCARTESIANPOINT((134.757036611583,20.5524154904415));
#12335=IFCCARTESIANPOINT((134.395503793232,20.492922266887));
#12336=IFCCARTESIANPOINT((134.033888074016,20.4336780005251));
#12337=IFCCARTESIANPOINT((133.672233745659,20.3747362744762));
#12338=IFCCARTESIANPOINT((133.310582258593,20.3159726274898));
#12339=IFCCARTESIANPOINT((132.948806417087,20.2575824018568));
#12340=IFCCARTESIANPOINT((132.587077710516,20.1994238366606));
#12341=IFCCARTESIANPOINT((132.22531039684,20.1415678103804));
#12342=IFCCARTESIANPOINT((131.863460178836,20.0839607442613));
#12343=IFCCARTESIANPOINT((131.501571350644,20.0266562194447));
#12344=IFCCARTESIANPOINT((131.139599620394,19.9696006528102));
#12345=IFCCARTESIANPOINT((130.777589281177,19.9128476264887));
#12346=IFCCARTESIANPOINT((130.415540331043,19.8563971423428));
#12347=IFCCARTESIANPOINT((130.053494227439,19.8001247328357));
#12348=IFCCARTESIANPOINT((129.69132376471,19.7442257485818));
#12349=IFCCARTESIANPOINT((129.329200444452,19.6885584188858));
#12350=IFCCARTESIANPOINT((128.966994217044,19.6331400515628));
#12351=IFCCARTESIANPOINT((128.604749381804,19.5780242238543));
#12352=IFCCARTESIANPOINT((128.24246593492,19.5232109386125));
#12353=IFCCARTESIANPOINT((127.880099589558,19.4686466089333));
#12354=IFCCARTESIANPOINT((127.517780378985,19.4143139400403));
#12355=IFCCARTESIANPOINT((127.155336811818,19.3603546944796));
#12356=IFCCARTESIANPOINT((126.792896091501,19.3065735233831));
#12357=IFCCARTESIANPOINT((126.430416762654,19.2530948922504));
#12358=IFCCARTESIANPOINT((126.067898820824,19.1999188051559));
#12359=IFCCARTESIANPOINT((125.705297980079,19.1469916736824));
#12360=IFCCARTESIANPOINT((125.342658528738,19.0943670841516));
#12361=IFCCARTESIANPOINT((124.980066214979,19.0419741531368));
#12362=IFCCARTESIANPOINT((124.617349545209,18.9899546451052));
#12363=IFCCARTESIANPOINT((124.254635721649,18.9381132119452));
#12364=IFCCARTESIANPOINT((123.891883285163,18.8865743226488));
#12365=IFCCARTESIANPOINT((123.529047950637,18.8352843886823));
#12366=IFCCARTESIANPOINT((123.166174004931,18.7842969968915));
#12367=IFCCARTESIANPOINT((122.803261454421,18.7336121423286));
#12368=IFCCARTESIANPOINT((122.440396040067,18.6831589473877));
#12369=IFCCARTESIANPOINT((122.077447723394,18.6329547112691));
#12370=IFCCARTESIANPOINT((121.714375048614,18.5831238998799));
#12371=IFCCARTESIANPOINT((121.351349513221,18.5335247455514));
#12372=IFCCARTESIANPOINT((120.988371115731,18.4841572495061));
#12373=IFCCARTESIANPOINT((120.625224069052,18.4351095943712));
#12374=IFCCARTESIANPOINT((120.26203841489,18.3863644787925));
#12375=IFCCARTESIANPOINT((119.898855605657,18.3377974393079));
#12376=IFCCARTESIANPOINT((119.535678481247,18.2895865218597));
#12377=IFCCARTESIANPOINT((119.172418453731,18.2416245639906));
#12378=IFCCARTESIANPOINT((118.809075525409,18.1939115635469));
#12379=IFCCARTESIANPOINT((118.44573827766,18.1465546888066));
#12380=IFCCARTESIANPOINT((118.082318134053,18.0994467674172));
#12381=IFCCARTESIANPOINT((117.718945123575,18.0525705082691));
#12382=IFCCARTESIANPOINT((117.355533510359,18.0059967847192));
#12383=IFCCARTESIANPOINT((116.992038991011,17.959672023193));
#12384=IFCCARTESIANPOINT((116.628550158028,17.9137033823645));
#12385=IFCCARTESIANPOINT((116.264978422027,17.8679837011732));
#12386=IFCCARTESIANPOINT((115.901409534999,17.8224420926417));
#12387=IFCCARTESIANPOINT((115.537846327381,17.7772566107451));
#12388=IFCCARTESIANPOINT((115.174114472902,17.7323909681872));
#12389=IFCCARTESIANPOINT((114.810515506804,17.6876860983903));
#12390=IFCCARTESIANPOINT((114.446747892274,17.6433010694454));
#12391=IFCCARTESIANPOINT((114.082985961548,17.5992721634684));
#12392=IFCCARTESIANPOINT((113.719226873101,17.5554213359719));
#12393=IFCCARTESIANPOINT((113.355429179705,17.5118730455288));
#12394=IFCCARTESIANPOINT((112.991592879145,17.4686272944673));
#12395=IFCCARTESIANPOINT((112.627673673647,17.4256305045565));
#12396=IFCCARTESIANPOINT((112.263715860667,17.3829362540855));
#12397=IFCCARTESIANPOINT((111.899805190711,17.3404736577068));
#12398=IFCCARTESIANPOINT((111.535855906695,17.2983136061812));
#12399=IFCCARTESIANPOINT((111.171782271587,17.256526974088));
#12400=IFCCARTESIANPOINT((110.807797225629,17.2148475376889));
#12401=IFCCARTESIANPOINT((110.443687828985,17.1735415201983));
#12402=IFCCARTESIANPOINT((110.079625566723,17.1324671639595));
#12403=IFCCARTESIANPOINT((109.715438953514,17.0917662268621));
#12404=IFCCARTESIANPOINT((109.351255183778,17.0512433673139));
#12405=IFCCARTESIANPOINT((108.987032808742,17.0110230455175));
#12406=IFCCARTESIANPOINT((108.622857570095,16.9710343829938));
#12407=IFCCARTESIANPOINT((108.258557977038,16.9314191425801));
#12408=IFCCARTESIANPOINT((107.894305522117,16.892035560275));
#12409=IFCCARTESIANPOINT((107.529970166914,16.8529009352787));
#12410=IFCCARTESIANPOINT((107.165596204781,16.8140688493731));
#12411=IFCCARTESIANPOINT((106.801269381453,16.7754684208776));
#12412=IFCCARTESIANPOINT((106.436818202055,16.7372414160636));
#12413=IFCCARTESIANPOINT((106.072369869362,16.6991924858303));
#12414=IFCCARTESIANPOINT((105.707927225332,16.6614996743738));
#12415=IFCCARTESIANPOINT((105.343487422448,16.6239849422709));
#12416=IFCCARTESIANPOINT((104.978923265095,16.5868436326855));
#12417=IFCCARTESIANPOINT((104.614406248729,16.549933978531));
#12418=IFCCARTESIANPOINT((104.249806332547,16.5132732812781));
#12419=IFCCARTESIANPOINT((103.885212102614,16.4769687050139));
#12420=IFCCARTESIANPOINT((48.4510777423275,10.9733161028707));
#12421=IFCCARTESIANPOINT((48.0600785530696,10.9345819203882));
#12422=IFCCARTESIANPOINT((47.669082210894,10.8960258170264));
#12423=IFCCARTESIANPOINT((47.2780887166737,10.8576477922616));
#12424=IFCCARTESIANPOINT((46.8870123228116,10.8195187304518));
#12425=IFCCARTESIANPOINT((46.4959802292287,10.7814432833693));
#12426=IFCCARTESIANPOINT((46.1049095338676,10.7436703763669));
#12427=IFCCARTESIANPOINT((45.7137973885983,10.7060219708364));
#12428=IFCCARTESIANPOINT((45.3226880944858,10.6685516410507));
#12429=IFCCARTESIANPOINT((44.9315816480084,10.6312593900366));
#12430=IFCCARTESIANPOINT((44.5404337573273,10.5940916356049));
#12431=IFCCARTESIANPOINT((44.149288710003,10.5571019636118));
#12432=IFCCARTESIANPOINT((43.7581050605804,10.5204148319899));
#12433=IFCCARTESIANPOINT((43.3668799650331,10.4838521985221));
#12434=IFCCARTESIANPOINT((42.9756991733157,10.4473431768129));
#12435=IFCCARTESIANPOINT((42.5844797727768,10.411136701121));
#12436=IFCCARTESIANPOINT((42.19321892882,10.3750547214295));
#12437=IFCCARTESIANPOINT((41.8020052254724,10.3392044016509));
#12438=IFCCARTESIANPOINT((41.4107500765531,10.3034785795608));
#12439=IFCCARTESIANPOINT((41.0193677365605,10.2679481380037));
#12440=IFCCARTESIANPOINT((40.6281182843086,10.2325784724089));
#12441=IFCCARTESIANPOINT((40.2367859324149,10.197457769711));
#12442=IFCCARTESIANPOINT((39.8454978849331,10.1623906783643));
#12443=IFCCARTESIANPOINT((39.4541269372276,10.1275725504966));
#12444=IFCCARTESIANPOINT((39.0627588369243,10.0929325015168));
#12445=IFCCARTESIANPOINT((38.6713935875159,10.0584705285146));
#12446=IFCCARTESIANPOINT((38.2799868909642,10.0241330547724));
#12447=IFCCARTESIANPOINT((37.8884972979722,9.99004454136593));
#12448=IFCCARTESIANPOINT((37.4971405884135,9.95611680706497));
#12449=IFCCARTESIANPOINT((37.1056566908082,9.92238445108524));
#12450=IFCCARTESIANPOINT((36.7142170945008,9.88870570878498));
#12451=IFCCARTESIANPOINT((36.3227388915548,9.85532951069763));
#12452=IFCCARTESIANPOINT((35.9312635392707,9.8221313887625));
#12453=IFCCARTESIANPOINT((35.539746741124,9.78905776498141));
#12454=IFCCARTESIANPOINT((35.1482327929989,9.7561622178182));
#12455=IFCCARTESIANPOINT((34.7566359433986,9.72351563535631));
#12456=IFCCARTESIANPOINT((34.3651276883902,9.69097624742426));
#12457=IFCCARTESIANPOINT((33.9735779916809,9.658561354212));
#12458=IFCCARTESIANPOINT((33.5819896860339,9.62644900690066));
#12459=IFCCARTESIANPOINT((33.1903599381039,9.59446115477476));
#12460=IFCCARTESIANPOINT((32.7987330386823,9.56265138060553));
#12461=IFCCARTESIANPOINT((32.4071947337652,9.53094880096614));
#12462=IFCCARTESIANPOINT((32.0154877845489,9.49956606683554));
#12463=IFCCARTESIANPOINT((31.6238251375034,9.46823694574414));
#12464=IFCCARTESIANPOINT((31.2322096317366,9.43713948369259));
#12465=IFCCARTESIANPOINT((30.8405526796414,9.40616652002791));
#12466=IFCCARTESIANPOINT((30.4488128311641,9.37544251681538));
#12467=IFCCARTESIANPOINT((30.0571615775989,9.34482570789987));
#12468=IFCCARTESIANPOINT((29.665427424974,9.31445786176482));
#12469=IFCCARTESIANPOINT((29.2736961232149,9.28426809149096));
#12470=IFCCARTESIANPOINT((28.8819233745453,9.25420282012783));
#12471=IFCCARTESIANPOINT((28.4901534751698,9.22431562613929));
#12472=IFCCARTESIANPOINT((28.0983864230511,9.19460651109694));
#12473=IFCCARTESIANPOINT((27.7066222193826,9.16507547395304));
#12474=IFCCARTESIANPOINT((27.3147751208453,9.13579339609714));
#12475=IFCCARTESIANPOINT((26.9230166155903,9.106618513586));
#12476=IFCCARTESIANPOINT((26.531130922056,9.07763900991995));
#12477=IFCCARTESIANPOINT((26.1392923657259,9.04889116855338));
#12478=IFCCARTESIANPOINT((25.7474981107225,9.02019694069168));
#12479=IFCCARTESIANPOINT((25.3556209643139,8.991751669324));
#12480=IFCCARTESIANPOINT((24.9637466611457,8.96348448010394));
#12481=IFCCARTESIANPOINT((24.5718309124641,8.93534178874688));
#12482=IFCCARTESIANPOINT((24.1799623099214,8.90743075241335));
#12483=IFCCARTESIANPOINT((23.7879665152577,8.8797150979517));
#12484=IFCCARTESIANPOINT((23.3961036067631,8.85216021974338));
#12485=IFCCARTESIANPOINT((23.0041135105712,8.82480071985628));
#12486=IFCCARTESIANPOINT((22.6122120055079,8.79754841700196));
#12487=IFCCARTESIANPOINT((22.2201833146682,8.77049149083905));
#12488=IFCCARTESIANPOINT((21.8282017605961,8.74366622726666));
#12489=IFCCARTESIANPOINT((21.4362230617553,8.71701903606299));
#12490=IFCCARTESIANPOINT((21.0442029108817,8.69049634813564));
#12491=IFCCARTESIANPOINT((20.6521856135514,8.66415173385758));
#12492=IFCCARTESIANPOINT((20.2601711659518,8.63798519625561));
#12493=IFCCARTESIANPOINT((19.8681595626695,8.61199674016098));
#12494=IFCCARTESIANPOINT((19.476065067196,8.58625724096783));
#12495=IFCCARTESIANPOINT((19.0840591625893,8.5606249392149));
#12496=IFCCARTESIANPOINT((18.6919260680152,8.53518801735481));
#12497=IFCCARTESIANPOINT((18.2999258645868,8.50991186778992));
#12498=IFCCARTESIANPOINT((17.9077984664764,8.48483110213419));
#12499=IFCCARTESIANPOINT((17.5156739220256,8.45992841006955));
#12500=IFCCARTESIANPOINT((17.123552223813,8.43520379782422));
#12501=IFCCARTESIANPOINT((16.7314333751274,8.41065726231318));
#12502=IFCCARTESIANPOINT((16.3392730799678,8.38623522553826));
#12503=IFCCARTESIANPOINT((15.9471599306271,8.36204484384507));
#12504=IFCCARTESIANPOINT((15.5549195902713,8.33804984320886));
#12505=IFCCARTESIANPOINT((15.1628121356771,8.3142156189424));
#12506=IFCCARTESIANPOINT((14.7705774942879,8.29057677235687));
#12507=IFCCARTESIANPOINT((14.3784314462391,8.26704512053402));
#12508=IFCCARTESIANPOINT((13.9862024990725,8.24376243178267));
#12509=IFCCARTESIANPOINT((13.593932109623,8.22060423815856));
#12510=IFCCARTESIANPOINT((13.2017946086416,8.19760681857588));
#12511=IFCCARTESIANPOINT((12.8095299164706,8.1748047802248));
#12512=IFCCARTESIANPOINT((12.4173123659566,8.15223440033151));
#12513=IFCCARTESIANPOINT((12.0250533728104,8.12978851568187));
#12514=IFCCARTESIANPOINT((11.632711484388,8.10759159101872));
#12515=IFCCARTESIANPOINT((11.2404581898591,8.08550186053617));
#12516=IFCCARTESIANPOINT((10.8482077412482,8.06359021010576));
#12517=IFCCARTESIANPOINT((10.4558743999514,8.04192751715891));
#12518=IFCCARTESIANPOINT((10.0635853587301,8.02031843847362));
#12519=IFCCARTESIANPOINT((9.67125771468272,7.99901190079981));
#12520=IFCCARTESIANPOINT((-12.7134567753237,7.01685957459267));
#12521=IFCCARTESIANPOINT((-26.7156713063305,6.76275849185186));
#12522=IFCCARTESIANPOINT((-37.2193699205818,6.69855117832776));
#12523=IFCCARTESIANPOINT((-117.09296396267,6.6973509064992));
#12524=IFCCARTESIANPOINT((-153.339463961136,6.6966524089803));
#12525=IFCCARTESIANPOINT((-173.107147506526,4.89841305156006));
#12526=IFCCARTESIANPOINT((-181.066049841145,5.06747117452323));
#12527=IFCCARTESIANPOINT((-187.724112673284,5.06524372624699));
#12528=IFCCARTESIANPOINT((-186.530261765787,1.4715177770122));
#12529=IFCCARTESIANPOINT((-191.596939008421,1.47170701535651));
#12530=IFCCARTESIANPOINT((-213.194502103463,1.47112289100187));
#12531=IFCCARTESIANPOINT((-228.573487130634,1.4705732720322));
#12532=IFCCARTESIANPOINT((-228.599533990753,1.43347964133136));
#12533=IFCCARTESIANPOINT((-228.625838081818,1.39659866993316));
#12534=IFCCARTESIANPOINT((-228.652615186787,1.36001855519135));
#12535=IFCCARTESIANPOINT((-228.679605226091,1.32370467414148));
#12536=IFCCARTESIANPOINT((-228.707112570031,1.28763807035284));
#12537=IFCCARTESIANPOINT((-228.734832856368,1.25183770706644));
#12538=IFCCARTESIANPOINT((-228.762940407061,1.21626730909338));
#12539=IFCCARTESIANPOINT((-228.79143238606,1.18110492342385));
#12540=IFCCARTESIANPOINT((-228.820225884643,1.14610161579913));
#12541=IFCCARTESIANPOINT((-228.849362361652,1.11138185701566));
#12542=IFCCARTESIANPOINT((-228.878797518817,1.07699922041502));
#12543=IFCCARTESIANPOINT((-228.908705687471,1.04291743854992));
#12544=IFCCARTESIANPOINT((-228.938826791971,1.00910189194838));
#12545=IFCCARTESIANPOINT((-228.969290874229,0.975569893664215));
#12546=IFCCARTESIANPOINT((-229.000097930315,0.942321440612432));
#12547=IFCCARTESIANPOINT((-229.031203667051,0.909410109918099));
#12548=IFCCARTESIANPOINT((-229.062652379216,0.876782325969543));
#12549=IFCCARTESIANPOINT((-229.094399771915,0.844491664494853));
#12550=IFCCARTESIANPOINT((-229.126490139868,0.812484549474902));
#12551=IFCCARTESIANPOINT((-229.158879188268,0.780814556812402));
#12552=IFCCARTESIANPOINT((-229.191566918569,0.749481687962543));
#12553=IFCCARTESIANPOINT((-229.224511880922,0.718361479521263));
#12554=IFCCARTESIANPOINT((-229.25784126771,0.687649280356709));
#12555=IFCCARTESIANPOINT((-229.29142504069,0.657327780325431));
#12556=IFCCARTESIANPOINT((-229.325266044994,0.627218940004241));
#12557=IFCCARTESIANPOINT((-229.359491476644,0.597518111520912));
#12558=IFCCARTESIANPOINT((-229.393929843471,0.568083517777268));
#12559=IFCCARTESIANPOINT((-229.428666895052,0.538986050232779));
#12560=IFCCARTESIANPOINT((-229.463702624402,0.510225703183096));
#12561=IFCCARTESIANPOINT((-229.49907848463,0.481926942418795));
#12562=IFCCARTESIANPOINT((-229.534581540764,0.453823533956893));
#12563=IFCCARTESIANPOINT((-229.570469019236,0.426128133083694));
#12564=IFCCARTESIANPOINT((-229.606610888353,0.398823435127269));
#12565=IFCCARTESIANPOINT((-229.643051435327,0.371855857782066));
#12566=IFCCARTESIANPOINT((-229.679660630616,0.345208098005969));
#12567=IFCCARTESIANPOINT((-229.716524212679,0.318951037945226));
#12568=IFCCARTESIANPOINT((-229.753686475247,0.29303110082401));
#12569=IFCCARTESIANPOINT((-229.791103124007,0.267501862952486));
#12570=IFCCARTESIANPOINT((-229.828818456997,0.242309750930872));
#12571=IFCCARTESIANPOINT((-229.866658138373,0.217491028422955));
#12572=IFCCARTESIANPOINT((-229.904882246512,0.193080317578278));
#12573=IFCCARTESIANPOINT((-229.943274996767,0.168989419064019));
#12574=IFCCARTESIANPOINT((-229.981792097999,0.145271912391763));
#12575=IFCCARTESIANPOINT((-230.020693625702,0.121962416858878));
#12576=IFCCARTESIANPOINT((-230.059719503828,0.0990263127605431));
#12577=IFCCARTESIANPOINT((-230.098999766429,0.0764809065149166));
#12578=IFCCARTESIANPOINT((-230.138534422003,0.0543262052815408));
#12579=IFCCARTESIANPOINT((-230.178237719432,0.0324913165532053));
#12580=IFCCARTESIANPOINT((-230.218151109846,0.0111007047235034));
#12581=IFCCARTESIANPOINT((-230.258318891109,-0.00989920395659283));
#12582=IFCCARTESIANPOINT((-230.298696761107,-0.0304548390558921));
#12583=IFCCARTESIANPOINT((-230.339243278868,-0.0506906569935381));
#12584=IFCCARTESIANPOINT((-230.379914148391,-0.0705530823906884));
#12585=IFCCARTESIANPOINT((-230.420839403669,-0.090024808596354));
#12586=IFCCARTESIANPOINT((-230.461974753911,-0.109052256389987));
#12587=IFCCARTESIANPOINT((-230.503320199437,-0.127635425247718));
#12588=IFCCARTESIANPOINT((-230.544789995416,-0.145845202612691));
#12589=IFCCARTESIANPOINT((-230.586384139897,-0.163681590231135));
#12590=IFCCARTESIANPOINT((-230.628232675459,-0.181127274350729));
#12591=IFCCARTESIANPOINT((-230.670247009839,-0.198075104795862));
#12592=IFCCARTESIANPOINT((-230.712385695049,-0.214649543515407));
#12593=IFCCARTESIANPOINT((-230.754693024297,-0.230904167925473));
#12594=IFCCARTESIANPOINT((-230.797166154924,-0.246660936507396));
#12595=IFCCARTESIANPOINT((-230.83984938098,-0.26197342609521));
#12596=IFCCARTESIANPOINT((-230.882526918867,-0.276929834857583));
#12597=IFCCARTESIANPOINT((-230.925458844024,-0.291495542915072));
#12598=IFCCARTESIANPOINT((-230.968556569511,-0.305563396133948));
#12599=IFCCARTESIANPOINT((-231.011734355328,-0.319204277941026));
#12600=IFCCARTESIANPOINT((-231.055036489124,-0.332471770292614));
#12601=IFCCARTESIANPOINT((-231.098462975729,-0.345365869288798));
#12602=IFCCARTESIANPOINT((-231.142055261036,-0.357762114668731));
#12603=IFCCARTESIANPOINT((-231.18572760548,-0.369731389451772));
#12604=IFCCARTESIANPOINT((-231.229524299182,-0.381327273731586));
#12605=IFCCARTESIANPOINT((-231.273486793885,-0.392425302648917));
#12606=IFCCARTESIANPOINT((-231.317529345193,-0.403096363006625));
#12607=IFCCARTESIANPOINT((-231.361566212145,-0.41341133939568));
#12608=IFCCARTESIANPOINT((-231.405813173566,-0.423282037372701));
#12609=IFCCARTESIANPOINT((-231.450095895882,-0.43267219158588));
#12610=IFCCARTESIANPOINT((-231.494588715723,-0.441618064942304));
#12611=IFCCARTESIANPOINT((-231.539031553926,-0.450154280115385));
#12612=IFCCARTESIANPOINT((-231.58359874392,-0.458317102747969));
#12613=IFCCARTESIANPOINT((-231.628201696672,-0.465999380045105));
#12614=IFCCARTESIANPOINT((-231.673014741944,-0.473237380560022));
#12615=IFCCARTESIANPOINT((-231.717777808371,-0.480065720563289));
#12616=IFCCARTESIANPOINT((-231.762576640904,-0.486413512553554));
#12617=IFCCARTESIANPOINT((-231.807499822899,-0.492387913749553));
#12618=IFCCARTESIANPOINT((-231.852544511581,-0.497810882923659));
#12619=IFCCARTESIANPOINT((-231.897497770056,-0.502948656387161));
#12620=IFCCARTESIANPOINT((-231.942572536878,-0.507534996315371));
#12621=IFCCARTESIANPOINT((-231.987727360596,-0.511694367625751));
#12622=IFCCARTESIANPOINT((-232.032832204684,-0.515444079181179));
#12623=IFCCARTESIANPOINT((-232.07801710628,-0.518766821536701));
#12624=IFCCARTESIANPOINT((-232.123237771477,-0.521609017800074));
#12625=IFCCARTESIANPOINT((-232.168494201644,-0.523970666981768));
#12626=IFCCARTESIANPOINT((-232.213744942768,-0.525976235920098));
#12627=IFCCARTESIANPOINT((-232.259031448542,-0.527501258009579));
#12628=IFCCARTESIANPOINT((-232.304267977219,-0.528616618248634));
#12629=IFCCARTESIANPOINT((-232.349584559182,-0.529305012663826));
#12630=IFCCARTESIANPOINT((-232.394936908997,-0.529512857727241));
#12631=IFCCARTESIANPOINT((-238.397680971102,-0.529091533680912));
#12632=IFCCARTESIANPOINT((-244.399695420434,-0.529354539816268));
#12633=IFCCARTESIANPOINT((-247.399640791526,-0.529684045002796));
#12634=IFCCARTESIANPOINT((-299.396867481468,-0.526895056420472));
#12635=IFCCARTESIANPOINT((-306.39682557169,-0.526320334814955));
#12636=IFCCARTESIANPOINT((-325.067717825179,-0.525593992730137));
#12637=IFCCARTESIANPOINT((-245.389661071735,95.6620803168626));
#12638=IFCCARTESIANPOINT((-227.717452192883,95.6722805149038));
#12639=IFCPOLYLINE((#12205,#12206,#12207,#12208,#12209,#12210,#12211,#12212,#12213,#12214,#12215,#12216,#12217,#12218,#12219,#12220,#12221,#12222,#12223,#12224,#12225,#12226,#12227,#12228,#12229,#12230,#12231,#12232,#12233,#12234,#12235,#12236,#12237,#12238,#12239,#12240,#12241,#12242,#12243,#12244,#12245,#12246,#12247,#12248,#12249,#12250,#12251,#12252,#12253,#12254,#12255,#12256,#12257,#12258,#12259,#12260,#12261,#12262,#12263,#12264,#12265,#12266,#12267,#12268,#12269,#12270,#12271,#12272,#12273,#12274,#12275,#12276,#12277,#12278,#12279,#12280,#12281,#12282,#12283,#12284,#12285,#12286,#12287,#12288,#12289,#12290,#12291,#12292,#12293,#12294,#12295,#12296,#12297,#12298,#12299,#12300,#12301,#12302,#12303,#12304,#12305,#12306,#12307,#12308,#12309,#12310,#12311,#12312,#12313,#12314,#12315,#12316,#12317,#12318,#12319,#12320,#12321,#12322,#12323,#12324,#12325,#12326,#12327,#12328,#12329,#12330,#12331,#12332,#12333,#12334,#12335,#12336,#12337,#12338,#12339,#12340,#12341,#12342,#12343,#12344,#12345,#12346,#12347,#12348,#12349,#12350,#12351,#12352,#12353,#12354,#12355,#12356,#12357,#12358,#12359,#12360,#12361,#12362,#12363,#12364,#12365,#12366,#12367,#12368,#12369,#12370,#12371,#12372,#12373,#12374,#12375,#12376,#12377,#12378,#12379,#12380,#12381,#12382,#12383,#12384,#12385,#12386,#12387,#12388,#12389,#12390,#12391,#12392,#12393,#12394,#12395,#12396,#12397,#12398,#12399,#12400,#12401,#12402,#12403,#12404,#12405,#12406,#12407,#12408,#12409,#12410,#12411,#12412,#12413,#12414,#12415,#12416,#12417,#12418,#12419,#12420,#12421,#12422,#12423,#12424,#12425,#12426,#12427,#12428,#12429,#12430,#12431,#12432,#12433,#12434,#12435,#12436,#12437,#12438,#12439,#12440,#12441,#12442,#12443,#12444,#12445,#12446,#12447,#12448,#12449,#12450,#12451,#12452,#12453,#12454,#12455,#12456,#12457,#12458,#12459,#12460,#12461,#12462,#12463,#12464,#12465,#12466,#12467,#12468,#12469,#12470,#12471,#12472,#12473,#12474,#12475,#12476,#12477,#12478,#12479,#12480,#12481,#12482,#12483,#12484,#12485,#12486,#12487,#12488,#12489,#12490,#12491,#12492,#12493,#12494,#12495,#12496,#12497,#12498,#12499,#12500,#12501,#12502,#12503,#12504,#12505,#12506,#12507,#12508,#12509,#12510,#12511,#12512,#12513,#12514,#12515,#12516,#12517,#12518,#12519,#12520,#12521,#12522,#12523,#12524,#12525,#12526,#12527,#12528,#12529,#12530,#12531,#12532,#12533,#12534,#12535,#12536,#12537,#12538,#12539,#12540,#12541,#12542,#12543,#12544,#12545,#12546,#12547,#12548,#12549,#12550,#12551,#12552,#12553,#12554,#12555,#12556,#12557,#12558,#12559,#12560,#12561,#12562,#12563,#12564,#12565,#12566,#12567,#12568,#12569,#12570,#12571,#12572,#12573,#12574,#12575,#12576,#12577,#12578,#12579,#12580,#12581,#12582,#12583,#12584,#12585,#12586,#12587,#12588,#12589,#12590,#12591,#12592,#12593,#12594,#12595,#12596,#12597,#12598,#12599,#12600,#12601,#12602,#12603,#12604,#12605,#12606,#12607,#12608,#12609,#12610,#12611,#12612,#12613,#12614,#12615,#12616,#12617,#12618,#12619,#12620,#12621,#12622,#12623,#12624,#12625,#12626,#12627,#12628,#12629,#12630,#12631,#12632,#12633,#12634,#12635,#12636,#12637,#12638));
#12640=IFCARBITRARYCLOSEDPROFILEDEF(.AREA.,$,#12639);
#12641=IFCEXTRUDEDAREASOLID(#12640,#12203,#12204,0.1);
#12642=IFCSHAPEREPRESENTATION(#11,'Body','SweptSolid',(#12641));
#12643=IFCPRODUCTDEFINITIONSHAPE($,$,(#12642));
#12644=IFCSLAB('0CPTwwROvBdBl3Y80WmcXi',#5,'NL.IMRO.0772.EP5392906784-00',$,$,#12199,#12643,$,.NOTDEFINED.);
#12645=IFCSTYLEDITEM(#12641,(#1753),$);
#12646=IFCPROPERTYSINGLEVALUE('plan_id',$,IFCTEXT('NL.IMRO.0772.80284-0301'),$);
#12647=IFCPROPERTYSINGLEVALUE('plan_naam',$,IFCTEXT('Strijp-S 2017'),$);
#12648=IFCPROPERTYSINGLEVALUE('id',$,IFCTEXT('NL.IMRO.0772.EP5392906784-00'),$);
#12649=IFCPROPERTYSINGLEVALUE('naam',$,IFCTEXT('Gemengd - 3'),$);
#12650=IFCPROPERTYSINGLEVALUE('bestemmingshoofdgroep',$,IFCTEXT('gemengd'),$);
#12651=IFCPROPERTYSINGLEVALUE('verwijzing_naar_tekst',$,IFCTEXT('https://www.ruimtelijkeplannen.nl/documents/NL.IMRO.0772.80284-0301/r_NL.IMRO.0772.80284-0301.html#_5_Gemengd-3'),$);
#12652=IFCPROPERTYSINGLEVALUE('plan_dossierstatus',$,IFCTEXT('geheel onherroepelijk in werking'),$);
#12653=IFCPROPERTYSINGLEVALUE('plan_besluitnummer',$,IFCTEXT('17bst01754'),$);
#12654=IFCPROPERTYSINGLEVALUE('type_planobject',$,IFCTEXT('enkelbestemming'),$);
#12655=IFCPROPERTYSET('1tfsH1NUbAuOiJihyEpJTK',#5,'CPset_DSO-Enkelbestemming',$,(#12646,#12647,#12648,#12649,#12650,#12651,#12652,#12653,#12654));
#12656=IFCRELDEFINESBYPROPERTIES('1yrGHiYt5AjBIKCFz7mvvN',#5,$,$,(#12644),#12655);
#12657=IFCCARTESIANPOINT((0.,0.,-0.1));
#12658=IFCDIRECTION((0.,0.,1.));
#12659=IFCDIRECTION((1.,0.,0.));
#12660=IFCAXIS2PLACEMENT3D(#12657,#12658,#12659);
#12661=IFCLOCALPLACEMENT(#37,#12660);
#12662=IFCCARTESIANPOINT((0.,0.,0.));
#12663=IFCDIRECTION((0.,0.,1.));
#12664=IFCDIRECTION((1.,0.,0.));
#12665=IFCAXIS2PLACEMENT3D(#12662,#12663,#12664);
#12666=IFCDIRECTION((0.,0.,1.));
#12667=IFCCARTESIANPOINT((-306.400276700762,-22.981561210996));
#12668=IFCCARTESIANPOINT((-299.399731963669,-22.9812755858875));
#12669=IFCCARTESIANPOINT((-247.400028560602,-22.9796743599582));
#12670=IFCCARTESIANPOINT((-244.40007976655,-22.9793509289739));
#12671=IFCCARTESIANPOINT((-232.394577330648,-22.980047068675));
#12672=IFCCARTESIANPOINT((-217.39421375157,-22.9788629605318));
#12673=IFCCARTESIANPOINT((-178.409073505871,-22.9781473894254));
#12674=IFCCARTESIANPOINT((-176.665493529639,-28.2284220212023));
#12675=IFCCARTESIANPOINT((-173.642691477697,-35.6746391494526));
#12676=IFCCARTESIANPOINT((-170.620625845069,-43.1201710753958));
#12677=IFCCARTESIANPOINT((-168.59847523013,-48.0999995038146));
#12678=IFCCARTESIANPOINT((-168.140983322024,-49.2282085940824));
#12679=IFCCARTESIANPOINT((-166.985379992344,-52.073566718027));
#12680=IFCCARTESIANPOINT((-153.839372730436,-84.4603661607835));
#12681=IFCCARTESIANPOINT((-152.695522277878,-87.2790755412425));
#12682=IFCCARTESIANPOINT((-149.763075013034,-94.5036797777866));
#12683=IFCCARTESIANPOINT((-149.499705667637,-95.1529243106488));
#12684=IFCCARTESIANPOINT((-148.380212989752,-94.6934514194727));
#12685=IFCCARTESIANPOINT((-145.774343355384,-93.6355776506243));
#12686=IFCCARTESIANPOINT((-139.733822729875,-108.382179768698));
#12687=IFCCARTESIANPOINT((-133.693185819517,-123.130194885889));
#12688=IFCCARTESIANPOINT((-129.491512059554,-133.389012854896));
#12689=IFCCARTESIANPOINT((-130.367258202605,-133.743962648499));
#12690=IFCCARTESIANPOINT((-128.184907697752,-139.121351823094));
#12691=IFCCARTESIANPOINT((-133.69218091949,-141.358473372587));
#12692=IFCCARTESIANPOINT((-136.5846798532,-142.53342638968));
#12693=IFCCARTESIANPOINT((-176.357268193882,-158.687360309123));
#12694=IFCCARTESIANPOINT((-190.892484068376,-164.588780406048));
#12695=IFCCARTESIANPOINT((-192.444996123057,-165.219307050866));
#12696=IFCCARTESIANPOINT((-352.005851739581,-33.0454188610311));
#12697=IFCCARTESIANPOINT((-343.669637732935,-22.9819073934923));
#12698=IFCCARTESIANPOINT((-306.400276700762,-22.981561210996));
#12699=IFCPOLYLINE((#12667,#12668,#12669,#12670,#12671,#12672,#12673,#12674,#12675,#12676,#12677,#12678,#12679,#12680,#12681,#12682,#12683,#12684,#12685,#12686,#12687,#12688,#12689,#12690,#12691,#12692,#12693,#12694,#12695,#12696,#12697,#12698));
#12700=IFCARBITRARYCLOSEDPROFILEDEF(.AREA.,$,#12699);
#12701=IFCEXTRUDEDAREASOLID(#12700,#12665,#12666,0.1);
#12702=IFCSHAPEREPRESENTATION(#11,'Body','SweptSolid',(#12701));
#12703=IFCPRODUCTDEFINITIONSHAPE($,$,(#12702));
#12704=IFCSLAB('158J_hDDj5qAo$a5Poqag8',#5,'NL.IMRO.0772.EP2392906779-00',$,$,#12661,#12703,$,.NOTDEFINED.);
#12705=IFCSTYLEDITEM(#12701,(#1753),$);
#12706=IFCPROPERTYSINGLEVALUE('plan_id',$,IFCTEXT('NL.IMRO.0772.80284-0301'),$);
#12707=IFCPROPERTYSINGLEVALUE('plan_naam',$,IFCTEXT('Strijp-S 2017'),$);
#12708=IFCPROPERTYSINGLEVALUE('id',$,IFCTEXT('NL.IMRO.0772.EP2392906779-00'),$);
#12709=IFCPROPERTYSINGLEVALUE('naam',$,IFCTEXT('Gemengd - 2'),$);
#12710=IFCPROPERTYSINGLEVALUE('bestemmingshoofdgroep',$,IFCTEXT('gemengd'),$);
#12711=IFCPROPERTYSINGLEVALUE('verwijzing_naar_tekst',$,IFCTEXT('https://www.ruimtelijkeplannen.nl/documents/NL.IMRO.0772.80284-0301/r_NL.IMRO.0772.80284-0301.html#_4_Gemengd-2'),$);
#12712=IFCPROPERTYSINGLEVALUE('plan_dossierstatus',$,IFCTEXT('geheel onherroepelijk in werking'),$);
#12713=IFCPROPERTYSINGLEVALUE('plan_besluitnummer',$,IFCTEXT('17bst01754'),$);
#12714=IFCPROPERTYSINGLEVALUE('type_planobject',$,IFCTEXT('enkelbestemming'),$);
#12715=IFCPROPERTYSET('0s5Ji_015F9e9Eo4AgceJJ',#5,'CPset_DSO-Enkelbestemming',$,(#12706,#12707,#12708,#12709,#12710,#12711,#12712,#12713,#12714));
#12716=IFCRELDEFINESBYPROPERTIES('2F0KtDIvz6ogni1OjDFVKV',#5,$,$,(#12704),#12715);
#12717=IFCCARTESIANPOINT((0.,0.,-0.1));
#12718=IFCDIRECTION((0.,0.,1.));
#12719=IFCDIRECTION((1.,0.,0.));
#12720=IFCAXIS2PLACEMENT3D(#12717,#12718,#12719);
#12721=IFCLOCALPLACEMENT(#37,#12720);
#12722=IFCCARTESIANPOINT((0.,0.,0.));
#12723=IFCDIRECTION((0.,0.,1.));
#12724=IFCDIRECTION((1.,0.,0.));
#12725=IFCAXIS2PLACEMENT3D(#12722,#12723,#12724);
#12726=IFCDIRECTION((0.,0.,1.));
#12727=IFCCARTESIANPOINT((-213.933119558933,5.05658984131878));
#12728=IFCCARTESIANPOINT((-214.817181964638,5.04740708548343));
#12729=IFCCARTESIANPOINT((-216.112510316656,5.04657729406608));
#12730=IFCCARTESIANPOINT((-216.113823104941,5.99814473604783));
#12731=IFCCARTESIANPOINT((-216.115328657645,7.17978002532618));
#12732=IFCCARTESIANPOINT((-216.188117732556,75.9985697049997));
#12733=IFCCARTESIANPOINT((-176.248004302819,75.9106406022911));
#12734=IFCCARTESIANPOINT((-174.487748946616,75.9069432510878));
#12735=IFCCARTESIANPOINT((-173.442844146339,75.9048424353241));
#12736=IFCCARTESIANPOINT((-173.420729437814,71.1910435718601));
#12737=IFCCARTESIANPOINT((-173.415073090669,69.9580100140884));
#12738=IFCCARTESIANPOINT((-173.107147506526,4.89841305156006));
#12739=IFCCARTESIANPOINT((-181.066049841145,5.06747117452323));
#12740=IFCCARTESIANPOINT((-187.724112673284,5.06524372624699));
#12741=IFCCARTESIANPOINT((-197.499903065414,5.06162838917226));
#12742=IFCCARTESIANPOINT((-213.933119558933,5.05658984131878));
#12743=IFCPOLYLINE((#12727,#12728,#12729,#12730,#12731,#12732,#12733,#12734,#12735,#12736,#12737,#12738,#12739,#12740,#12741,#12742));
#12744=IFCARBITRARYCLOSEDPROFILEDEF(.AREA.,$,#12743);
#12745=IFCEXTRUDEDAREASOLID(#12744,#12725,#12726,0.1);
#12746=IFCSHAPEREPRESENTATION(#11,'Body','SweptSolid',(#12745));
#12747=IFCPRODUCTDEFINITIONSHAPE($,$,(#12746));
#12748=IFCSLAB('2Wi$EmeX9DxwtHeFKJhk2J',#5,'NL.IMRO.0772.EP5458663946-00',$,$,#12721,#12747,$,.NOTDEFINED.);
#12749=IFCSTYLEDITEM(#12745,(#1753),$);
#12750=IFCPROPERTYSINGLEVALUE('plan_id',$,IFCTEXT('NL.IMRO.0772.80354-0301'),$);
#12751=IFCPROPERTYSINGLEVALUE('plan_naam',$,IFCTEXT('1e Herziening Strijp-S 2017'),$);
#12752=IFCPROPERTYSINGLEVALUE('id',$,IFCTEXT('NL.IMRO.0772.EP5458663946-00'),$);
#12753=IFCPROPERTYSINGLEVALUE('naam',$,IFCTEXT('Gemengd - 3'),$);
#12754=IFCPROPERTYSINGLEVALUE('bestemmingshoofdgroep',$,IFCTEXT('gemengd'),$);
#12755=IFCPROPERTYSINGLEVALUE('verwijzing_naar_tekst',$,IFCTEXT('https://ruimtelijkeplannen.nl/documents/NL.IMRO.0772.80354-0301/pt_NL.IMRO.0772.80354-0301.xml#NL.IMRO.PT.s24'),$);
#12756=IFCPROPERTYSINGLEVALUE('plan_dossierstatus',$,IFCTEXT('geheel onherroepelijk in werking'),$);
#12757=IFCPROPERTYSINGLEVALUE('plan_besluitnummer',$,IFCTEXT('20bst00496'),$);
#12758=IFCPROPERTYSINGLEVALUE('type_planobject',$,IFCTEXT('enkelbestemming'),$);
#12759=IFCPROPERTYSET('00bbfb5kv74fPcHYeSBwQd',#5,'CPset_DSO-Enkelbestemming',$,(#12750,#12751,#12752,#12753,#12754,#12755,#12756,#12757,#12758));
#12760=IFCRELDEFINESBYPROPERTIES('2dc5XEhsn4Ef4ZFuvOeAJJ',#5,$,$,(#12748),#12759);
#12761=IFCCARTESIANPOINT((0.,0.,-0.1));
#12762=IFCDIRECTION((0.,0.,1.));
#12763=IFCDIRECTION((1.,0.,0.));
#12764=IFCAXIS2PLACEMENT3D(#12761,#12762,#12763);
#12765=IFCLOCALPLACEMENT(#37,#12764);
#12766=IFCCARTESIANPOINT((0.,0.,0.));
#12767=IFCDIRECTION((0.,0.,1.));
#12768=IFCDIRECTION((1.,0.,0.));
#12769=IFCAXIS2PLACEMENT3D(#12766,#12767,#12768);
#12770=IFCDIRECTION((0.,0.,1.));
#12771=IFCCARTESIANPOINT((-151.48862630743,190.423500707897));
#12772=IFCCARTESIANPOINT((-180.54125134318,173.94734439865));
#12773=IFCCARTESIANPOINT((-157.639158079575,201.594844571315));
#12774=IFCCARTESIANPOINT((-151.48862630743,190.423500707897));
#12775=IFCPOLYLINE((#12771,#12772,#12773,#12774));
#12776=IFCARBITRARYCLOSEDPROFILEDEF(.AREA.,$,#12775);
#12777=IFCEXTRUDEDAREASOLID(#12776,#12769,#12770,0.1);
#12778=IFCSHAPEREPRESENTATION(#11,'Body','SweptSolid',(#12777));
#12779=IFCPRODUCTDEFINITIONSHAPE($,$,(#12778));
#12780=IFCSLAB('0VJ6CNj6X5avOmR4W4KpZn',#5,'NL.IMRO.0772.EP564476442130-00',$,$,#12765,#12779,$,.NOTDEFINED.);
#12781=IFCSTYLEDITEM(#12777,(#6321),$);
#12782=IFCPROPERTYSINGLEVALUE('plan_id',$,IFCTEXT('NL.IMRO.0772.80373-0301'),$);
#12783=IFCPROPERTYSINGLEVALUE('plan_naam',$,IFCTEXT('Deelgebieden Woensel-Zuid 2021'),$);
#12784=IFCPROPERTYSINGLEVALUE('id',$,IFCTEXT('NL.IMRO.0772.EP564476442130-00'),$);
#12785=IFCPROPERTYSINGLEVALUE('naam',$,IFCTEXT('Recreatie - Dagrecreatie'),$);
#12786=IFCPROPERTYSINGLEVALUE('bestemmingshoofdgroep',$,IFCTEXT('recreatie'),$);
#12787=IFCPROPERTYSINGLEVALUE('verwijzing_naar_tekst',$,IFCTEXT('https://www.ruimtelijkeplannen.nl/documents/NL.IMRO.0772.80373-0301/pt_NL.IMRO.0772.80373-0301.xml#NL.IMRO.PT.s367'),$);
#12788=IFCPROPERTYSINGLEVALUE('plan_dossierstatus',$,IFCTEXT('geheel onherroepelijk in werking'),$);
#12789=IFCPROPERTYSINGLEVALUE('plan_besluitnummer',$,IFCTEXT('22bst01409'),$);
#12790=IFCPROPERTYSINGLEVALUE('type_planobject',$,IFCTEXT('enkelbestemming'),$);
#12791=IFCPROPERTYSET('0455M_82rFxR1K65xQV14o',#5,'CPset_DSO-Enkelbestemming',$,(#12782,#12783,#12784,#12785,#12786,#12787,#12788,#12789,#12790));
#12792=IFCRELDEFINESBYPROPERTIES('1LjVpZsWbCWg1GtKhHQ53s',#5,$,$,(#12780),#12791);
#12793=IFCCARTESIANPOINT((0.,0.,-0.1));
#12794=IFCDIRECTION((0.,0.,1.));
#12795=IFCDIRECTION((1.,0.,0.));
#12796=IFCAXIS2PLACEMENT3D(#12793,#12794,#12795);
#12797=IFCLOCALPLACEMENT(#37,#12796);
#12798=IFCCARTESIANPOINT((0.,0.,0.));
#12799=IFCDIRECTION((0.,0.,1.));
#12800=IFCDIRECTION((1.,0.,0.));
#12801=IFCAXIS2PLACEMENT3D(#12798,#12799,#12800);
#12802=IFCDIRECTION((0.,0.,1.));
#12803=IFCCARTESIANPOINT((62.0597072134842,261.546506064537));
#12804=IFCCARTESIANPOINT((33.9841248632001,264.02798353933));
#12805=IFCCARTESIANPOINT((24.2853158190555,264.937021147984));
#12806=IFCCARTESIANPOINT((24.4600933449401,272.108187409234));
#12807=IFCCARTESIANPOINT((24.426226924028,278.445821617963));
#12808=IFCCARTESIANPOINT((24.0991657669365,282.565587831428));
#12809=IFCCARTESIANPOINT((50.3892391029804,282.891578226583));
#12810=IFCCARTESIANPOINT((56.7923865081684,277.587464721291));
#12811=IFCCARTESIANPOINT((44.2421543844102,277.513477630855));
#12812=IFCCARTESIANPOINT((29.4054489514383,277.42605545104));
#12813=IFCCARTESIANPOINT((29.4197784748394,276.32723442436));
#12814=IFCCARTESIANPOINT((27.2857362952491,276.2952699897));
#12815=IFCCARTESIANPOINT((27.3161566613999,269.533336951572));
#12816=IFCCARTESIANPOINT((29.7241464412655,269.537004170706));
#12817=IFCCARTESIANPOINT((29.7372719949635,270.070274999423));
#12818=IFCCARTESIANPOINT((44.2881024550006,270.16211669601));
#12819=IFCCARTESIANPOINT((58.9787443441746,270.254970817361));
#12820=IFCCARTESIANPOINT((59.0121407541155,269.732578700117));
#12821=IFCCARTESIANPOINT((61.3628179813677,269.726638801629));
#12822=IFCCARTESIANPOINT((61.2901889377681,273.86166347051));
#12823=IFCCARTESIANPOINT((62.5493157241435,272.818652749411));
#12824=IFCCARTESIANPOINT((62.0597072134842,261.546506064537));
#12825=IFCPOLYLINE((#12803,#12804,#12805,#12806,#12807,#12808,#12809,#12810,#12811,#12812,#12813,#12814,#12815,#12816,#12817,#12818,#12819,#12820,#12821,#12822,#12823,#12824));
#12826=IFCARBITRARYCLOSEDPROFILEDEF(.AREA.,$,#12825);
#12827=IFCEXTRUDEDAREASOLID(#12826,#12801,#12802,0.1);
#12828=IFCSHAPEREPRESENTATION(#11,'Body','SweptSolid',(#12827));
#12829=IFCPRODUCTDEFINITIONSHAPE($,$,(#12828));
#12830=IFCSLAB('0zBn8H0Bb29R5eGUwrRGX9',#5,'NL.IMRO.0772.EP159476441342-00',$,$,#12797,#12829,$,.NOTDEFINED.);
#12831=IFCSTYLEDITEM(#12827,(#3319),$);
#12832=IFCPROPERTYSINGLEVALUE('plan_id',$,IFCTEXT('NL.IMRO.0772.80373-0301'),$);
#12833=IFCPROPERTYSINGLEVALUE('plan_naam',$,IFCTEXT('Deelgebieden Woensel-Zuid 2021'),$);
#12834=IFCPROPERTYSINGLEVALUE('id',$,IFCTEXT('NL.IMRO.0772.EP159476441342-00'),$);
#12835=IFCPROPERTYSINGLEVALUE('naam',$,IFCTEXT('Groen'),$);
#12836=IFCPROPERTYSINGLEVALUE('bestemmingshoofdgroep',$,IFCTEXT('groen'),$);
#12837=IFCPROPERTYSINGLEVALUE('verwijzing_naar_tekst',$,IFCTEXT('https://www.ruimtelijkeplannen.nl/documents/NL.IMRO.0772.80373-0301/pt_NL.IMRO.0772.80373-0301.xml#NL.IMRO.PT.s328'),$);
#12838=IFCPROPERTYSINGLEVALUE('plan_dossierstatus',$,IFCTEXT('geheel onherroepelijk in werking'),$);
#12839=IFCPROPERTYSINGLEVALUE('plan_besluitnummer',$,IFCTEXT('22bst01409'),$);
#12840=IFCPROPERTYSINGLEVALUE('type_planobject',$,IFCTEXT('enkelbestemming'),$);
#12841=IFCPROPERTYSET('3s5sAl7efAOAE4KikJPOtM',#5,'CPset_DSO-Enkelbestemming',$,(#12832,#12833,#12834,#12835,#12836,#12837,#12838,#12839,#12840));
#12842=IFCRELDEFINESBYPROPERTIES('0AsuitbYH3TOEkwr8sGoHP',#5,$,$,(#12830),#12841);
#12843=IFCCARTESIANPOINT((0.,0.,-0.1));
#12844=IFCDIRECTION((0.,0.,1.));
#12845=IFCDIRECTION((1.,0.,0.));
#12846=IFCAXIS2PLACEMENT3D(#12843,#12844,#12845);
#12847=IFCLOCALPLACEMENT(#37,#12846);
#12848=IFCCARTESIANPOINT((0.,0.,0.));
#12849=IFCDIRECTION((0.,0.,1.));
#12850=IFCDIRECTION((1.,0.,0.));
#12851=IFCAXIS2PLACEMENT3D(#12848,#12849,#12850);
#12852=IFCDIRECTION((0.,0.,1.));
#12853=IFCCARTESIANPOINT((45.7453515685338,286.148784081219));
#12854=IFCCARTESIANPOINT((45.6450290677894,286.821493770869));
#12855=IFCCARTESIANPOINT((46.4453755265858,286.15851848817));
#12856=IFCCARTESIANPOINT((45.7453515685338,286.148784081219));
#12857=IFCPOLYLINE((#12853,#12854,#12855,#12856));
#12858=IFCARBITRARYCLOSEDPROFILEDEF(.AREA.,$,#12857);
#12859=IFCEXTRUDEDAREASOLID(#12858,#12851,#12852,0.1);
#12860=IFCSHAPEREPRESENTATION(#11,'Body','SweptSolid',(#12859));
#12861=IFCPRODUCTDEFINITIONSHAPE($,$,(#12860));
#12862=IFCSLAB('37mZpngxHB7uNXIySZ4CwG',#5,'NL.IMRO.0772.EP591476442196-00',$,$,#12847,#12861,$,.NOTDEFINED.);
#12863=IFCSTYLEDITEM(#12859,(#1491),$);
#12864=IFCPROPERTYSINGLEVALUE('plan_id',$,IFCTEXT('NL.IMRO.0772.80373-0301'),$);
#12865=IFCPROPERTYSINGLEVALUE('plan_naam',$,IFCTEXT('Deelgebieden Woensel-Zuid 2021'),$);
#12866=IFCPROPERTYSINGLEVALUE('id',$,IFCTEXT('NL.IMRO.0772.EP591476442196-00'),$);
#12867=IFCPROPERTYSINGLEVALUE('naam',$,IFCTEXT('Wonen'),$);
#12868=IFCPROPERTYSINGLEVALUE('bestemmingshoofdgroep',$,IFCTEXT('wonen'),$);
#12869=IFCPROPERTYSINGLEVALUE('verwijzing_naar_tekst',$,IFCTEXT('https://www.ruimtelijkeplannen.nl/documents/NL.IMRO.0772.80373-0301/pt_NL.IMRO.0772.80373-0301.xml#NL.IMRO.PT.s393'),$);
#12870=IFCPROPERTYSINGLEVALUE('plan_dossierstatus',$,IFCTEXT('geheel onherroepelijk in werking'),$);
#12871=IFCPROPERTYSINGLEVALUE('plan_besluitnummer',$,IFCTEXT('22bst01409'),$);
#12872=IFCPROPERTYSINGLEVALUE('type_planobject',$,IFCTEXT('enkelbestemming'),$);
#12873=IFCPROPERTYSET('00$gvOyVb6fh3xZFP1JTqJ',#5,'CPset_DSO-Enkelbestemming',$,(#12864,#12865,#12866,#12867,#12868,#12869,#12870,#12871,#12872));
#12874=IFCRELDEFINESBYPROPERTIES('06jO3qae5DYh$jHRHVvxLk',#5,$,$,(#12862),#12873);
#12875=IFCCARTESIANPOINT((0.,0.,-0.1));
#12876=IFCDIRECTION((0.,0.,1.));
#12877=IFCDIRECTION((1.,0.,0.));
#12878=IFCAXIS2PLACEMENT3D(#12875,#12876,#12877);
#12879=IFCLOCALPLACEMENT(#37,#12878);
#12880=IFCCARTESIANPOINT((0.,0.,0.));
#12881=IFCDIRECTION((0.,0.,1.));
#12882=IFCDIRECTION((1.,0.,0.));
#12883=IFCAXIS2PLACEMENT3D(#12880,#12881,#12882);
#12884=IFCDIRECTION((0.,0.,1.));
#12885=IFCCARTESIANPOINT((45.7453515685338,286.148784081219));
#12886=IFCCARTESIANPOINT((23.8687615713861,285.844337298011));
#12887=IFCCARTESIANPOINT((22.8897233638854,292.483143557969));
#12888=IFCCARTESIANPOINT((19.6318509379926,308.369779434695));
#12889=IFCCARTESIANPOINT((45.6450290677894,286.821493770869));
#12890=IFCCARTESIANPOINT((45.7453515685338,286.148784081219));
#12891=IFCPOLYLINE((#12885,#12886,#12887,#12888,#12889,#12890));
#12892=IFCARBITRARYCLOSEDPROFILEDEF(.AREA.,$,#12891);
#12893=IFCEXTRUDEDAREASOLID(#12892,#12883,#12884,0.1);
#12894=IFCSHAPEREPRESENTATION(#11,'Body','SweptSolid',(#12893));
#12895=IFCPRODUCTDEFINITIONSHAPE($,$,(#12894));
#12896=IFCSLAB('3pDnKjgn99AP3kLmqHOkm8',#5,'NL.IMRO.0772.EP156476441338-00',$,$,#12879,#12895,$,.NOTDEFINED.);
#12897=IFCSTYLEDITEM(#12893,(#3319),$);
#12898=IFCPROPERTYSINGLEVALUE('plan_id',$,IFCTEXT('NL.IMRO.0772.80373-0301'),$);
#12899=IFCPROPERTYSINGLEVALUE('plan_naam',$,IFCTEXT('Deelgebieden Woensel-Zuid 2021'),$);
#12900=IFCPROPERTYSINGLEVALUE('id',$,IFCTEXT('NL.IMRO.0772.EP156476441338-00'),$);
#12901=IFCPROPERTYSINGLEVALUE('naam',$,IFCTEXT('Groen'),$);
#12902=IFCPROPERTYSINGLEVALUE('bestemmingshoofdgroep',$,IFCTEXT('groen'),$);
#12903=IFCPROPERTYSINGLEVALUE('verwijzing_naar_tekst',$,IFCTEXT('https://www.ruimtelijkeplannen.nl/documents/NL.IMRO.0772.80373-0301/pt_NL.IMRO.0772.80373-0301.xml#NL.IMRO.PT.s328'),$);
#12904=IFCPROPERTYSINGLEVALUE('plan_dossierstatus',$,IFCTEXT('geheel onherroepelijk in werking'),$);
#12905=IFCPROPERTYSINGLEVALUE('plan_besluitnummer',$,IFCTEXT('22bst01409'),$);
#12906=IFCPROPERTYSINGLEVALUE('type_planobject',$,IFCTEXT('enkelbestemming'),$);
#12907=IFCPROPERTYSET('2tfHzpNMb019AGENILRoBU',#5,'CPset_DSO-Enkelbestemming',$,(#12898,#12899,#12900,#12901,#12902,#12903,#12904,#12905,#12906));
#12908=IFCRELDEFINESBYPROPERTIES('3XHTmlDJn438FEDixIdEHm',#5,$,$,(#12896),#12907);
#12909=IFCCARTESIANPOINT((0.,0.,-0.1));
#12910=IFCDIRECTION((0.,0.,1.));
#12911=IFCDIRECTION((1.,0.,0.));
#12912=IFCAXIS2PLACEMENT3D(#12909,#12910,#12911);
#12913=IFCLOCALPLACEMENT(#37,#12912);
#12914=IFCCARTESIANPOINT((0.,0.,0.));
#12915=IFCDIRECTION((0.,0.,1.));
#12916=IFCDIRECTION((1.,0.,0.));
#12917=IFCAXIS2PLACEMENT3D(#12914,#12915,#12916);
#12918=IFCDIRECTION((0.,0.,1.));
#12919=IFCCARTESIANPOINT((8.70627029641764,306.234522882558));
#12920=IFCCARTESIANPOINT((11.5515195751796,292.403811221302));
#12921=IFCCARTESIANPOINT((14.3958748942532,278.57378864038));
#12922=IFCCARTESIANPOINT((9.27122767950641,277.51953897893));
#12923=IFCCARTESIANPOINT((4.14580956226564,276.46593339619));
#12924=IFCCARTESIANPOINT((-1.13210580500891,275.38028608344));
#12925=IFCCARTESIANPOINT((-14.4943929778237,336.638607213565));
#12926=IFCCARTESIANPOINT((5.93426286670729,319.716318454011));
#12927=IFCCARTESIANPOINT((8.70627029641764,306.234522882558));
#12928=IFCPOLYLINE((#12919,#12920,#12921,#12922,#12923,#12924,#12925,#12926,#12927));
#12929=IFCARBITRARYCLOSEDPROFILEDEF(.AREA.,$,#12928);
#12930=IFCEXTRUDEDAREASOLID(#12929,#12917,#12918,0.1);
#12931=IFCSHAPEREPRESENTATION(#11,'Body','SweptSolid',(#12930));
#12932=IFCPRODUCTDEFINITIONSHAPE($,$,(#12931));
#12933=IFCSLAB('2KgyEHtRj7H83KxJzFqJ96',#5,'NL.IMRO.0772.EP593476442199-00',$,$,#12913,#12932,$,.NOTDEFINED.);
#12934=IFCSTYLEDITEM(#12930,(#1491),$);
#12935=IFCPROPERTYSINGLEVALUE('plan_id',$,IFCTEXT('NL.IMRO.0772.80373-0301'),$);
#12936=IFCPROPERTYSINGLEVALUE('plan_naam',$,IFCTEXT('Deelgebieden Woensel-Zuid 2021'),$);
#12937=IFCPROPERTYSINGLEVALUE('id',$,IFCTEXT('NL.IMRO.0772.EP593476442199-00'),$);
#12938=IFCPROPERTYSINGLEVALUE('naam',$,IFCTEXT('Wonen'),$);
#12939=IFCPROPERTYSINGLEVALUE('bestemmingshoofdgroep',$,IFCTEXT('wonen'),$);
#12940=IFCPROPERTYSINGLEVALUE('verwijzing_naar_tekst',$,IFCTEXT('https://www.ruimtelijkeplannen.nl/documents/NL.IMRO.0772.80373-0301/pt_NL.IMRO.0772.80373-0301.xml#NL.IMRO.PT.s393'),$);
#12941=IFCPROPERTYSINGLEVALUE('plan_dossierstatus',$,IFCTEXT('geheel onherroepelijk in werking'),$);
#12942=IFCPROPERTYSINGLEVALUE('plan_besluitnummer',$,IFCTEXT('22bst01409'),$);
#12943=IFCPROPERTYSINGLEVALUE('type_planobject',$,IFCTEXT('enkelbestemming'),$);
#12944=IFCPROPERTYSET('3ENnE11s92aPR0gy9yYajU',#5,'CPset_DSO-Enkelbestemming',$,(#12935,#12936,#12937,#12938,#12939,#12940,#12941,#12942,#12943));
#12945=IFCRELDEFINESBYPROPERTIES('00oMYNU5L9df8bOderzMNz',#5,$,$,(#12933),#12944);
#12946=IFCCARTESIANPOINT((0.,0.,-0.1));
#12947=IFCDIRECTION((0.,0.,1.));
#12948=IFCDIRECTION((1.,0.,0.));
#12949=IFCAXIS2PLACEMENT3D(#12946,#12947,#12948);
#12950=IFCLOCALPLACEMENT(#37,#12949);
#12951=IFCCARTESIANPOINT((0.,0.,0.));
#12952=IFCDIRECTION((0.,0.,1.));
#12953=IFCDIRECTION((1.,0.,0.));
#12954=IFCAXIS2PLACEMENT3D(#12951,#12952,#12953);
#12955=IFCDIRECTION((0.,0.,1.));
#12956=IFCCARTESIANPOINT((-1.13210580500891,275.38028608344));
#12957=IFCCARTESIANPOINT((4.14580956226564,276.46593339619));
#12958=IFCCARTESIANPOINT((9.27122767950641,277.51953897893));
#12959=IFCCARTESIANPOINT((14.3958748942532,278.57378864038));
#12960=IFCCARTESIANPOINT((14.583509667922,277.135459626617));
#12961=IFCCARTESIANPOINT((13.3981845399539,265.772222333355));
#12962=IFCCARTESIANPOINT((-13.5352500244626,268.245102623536));
#12963=IFCCARTESIANPOINT((-16.3406985684705,268.503084438329));
#12964=IFCCARTESIANPOINT((-24.8678437481285,269.285654386855));
#12965=IFCCARTESIANPOINT((-32.3050075837818,305.521582250891));
#12966=IFCCARTESIANPOINT((-33.0772118903988,309.284237241605));
#12967=IFCCARTESIANPOINT((-37.6725535031001,331.672747620265));
#12968=IFCCARTESIANPOINT((-38.4494358980737,335.371782561007));
#12969=IFCCARTESIANPOINT((-39.9357458914455,342.321672569844));
#12970=IFCCARTESIANPOINT((-25.2275872099272,345.529559877818));
#12971=IFCCARTESIANPOINT((-14.4943929778237,336.638607213565));
#12972=IFCCARTESIANPOINT((-1.13210580500891,275.38028608344));
#12973=IFCPOLYLINE((#12956,#12957,#12958,#12959,#12960,#12961,#12962,#12963,#12964,#12965,#12966,#12967,#12968,#12969,#12970,#12971,#12972));
#12974=IFCARBITRARYCLOSEDPROFILEDEF(.AREA.,$,#12973);
#12975=IFCEXTRUDEDAREASOLID(#12974,#12954,#12955,0.1);
#12976=IFCSHAPEREPRESENTATION(#11,'Body','SweptSolid',(#12975));
#12977=IFCPRODUCTDEFINITIONSHAPE($,$,(#12976));
#12978=IFCSLAB('3p2k1kKrH0zfdf5tOYA4_6',#5,'NL.IMRO.0772.EP157476441339-00',$,$,#12950,#12977,$,.NOTDEFINED.);
#12979=IFCSTYLEDITEM(#12975,(#3319),$);
#12980=IFCPROPERTYSINGLEVALUE('plan_id',$,IFCTEXT('NL.IMRO.0772.80373-0301'),$);
#12981=IFCPROPERTYSINGLEVALUE('plan_naam',$,IFCTEXT('Deelgebieden Woensel-Zuid 2021'),$);
#12982=IFCPROPERTYSINGLEVALUE('id',$,IFCTEXT('NL.IMRO.0772.EP157476441339-00'),$);
#12983=IFCPROPERTYSINGLEVALUE('naam',$,IFCTEXT('Groen'),$);
#12984=IFCPROPERTYSINGLEVALUE('bestemmingshoofdgroep',$,IFCTEXT('groen'),$);
#12985=IFCPROPERTYSINGLEVALUE('verwijzing_naar_tekst',$,IFCTEXT('https://www.ruimtelijkeplannen.nl/documents/NL.IMRO.0772.80373-0301/pt_NL.IMRO.0772.80373-0301.xml#NL.IMRO.PT.s328'),$);
#12986=IFCPROPERTYSINGLEVALUE('plan_dossierstatus',$,IFCTEXT('geheel onherroepelijk in werking'),$);
#12987=IFCPROPERTYSINGLEVALUE('plan_besluitnummer',$,IFCTEXT('22bst01409'),$);
#12988=IFCPROPERTYSINGLEVALUE('type_planobject',$,IFCTEXT('enkelbestemming'),$);
#12989=IFCPROPERTYSET('0OgR8ZnBf9guCyYky1Pi5P',#5,'CPset_DSO-Enkelbestemming',$,(#12980,#12981,#12982,#12983,#12984,#12985,#12986,#12987,#12988));
#12990=IFCRELDEFINESBYPROPERTIES('1tkGGWqOzBS967dTIcp7Qt',#5,$,$,(#12978),#12989);
#12991=IFCCARTESIANPOINT((0.,0.,-0.1));
#12992=IFCDIRECTION((0.,0.,1.));
#12993=IFCDIRECTION((1.,0.,0.));
#12994=IFCAXIS2PLACEMENT3D(#12991,#12992,#12993);
#12995=IFCLOCALPLACEMENT(#37,#12994);
#12996=IFCCARTESIANPOINT((0.,0.,0.));
#12997=IFCDIRECTION((0.,0.,1.));
#12998=IFCDIRECTION((1.,0.,0.));
#12999=IFCAXIS2PLACEMENT3D(#12996,#12997,#12998);
#13000=IFCDIRECTION((0.,0.,1.));
#13001=IFCCARTESIANPOINT((-27.6744651833433,253.449284012488));
#13002=IFCCARTESIANPOINT((-28.1049945515988,253.647513780568));
#13003=IFCCARTESIANPOINT((-28.2353716566286,254.57484956726));
#13004=IFCCARTESIANPOINT((-27.9607689871627,257.013265630638));
#13005=IFCCARTESIANPOINT((-21.059000175941,256.417546454468));
#13006=IFCCARTESIANPOINT((-14.2884824049834,255.850062954298));
#13007=IFCCARTESIANPOINT((1.61093279984198,254.141707635776));
#13008=IFCCARTESIANPOINT((18.0940041590948,252.941976396192));
#13009=IFCCARTESIANPOINT((17.8477792991034,250.435898307886));
#13010=IFCCARTESIANPOINT((17.8454845174856,250.425439017534));
#13011=IFCCARTESIANPOINT((17.8431454501406,250.41492614313));
#13012=IFCCARTESIANPOINT((17.8407206284755,250.4044841539));
#13013=IFCCARTESIANPOINT((17.8382515194535,250.393988581898));
#13014=IFCCARTESIANPOINT((17.8356966633291,250.383563889365));
#13015=IFCCARTESIANPOINT((17.8331418054004,250.373139197996));
#13016=IFCCARTESIANPOINT((17.8304569079482,250.362731807632));
#13017=IFCCARTESIANPOINT((17.8277720120677,250.352324415988));
#13018=IFCCARTESIANPOINT((17.8249570780608,250.341934323777));
#13019=IFCCARTESIANPOINT((17.8220563977084,250.331615110335));
#13020=IFCCARTESIANPOINT((17.8191557153768,250.321295898349));
#13021=IFCCARTESIANPOINT((17.8162107413809,250.310923107318));
#13022=IFCCARTESIANPOINT((17.8131800220872,250.300621194008));
#13023=IFCCARTESIANPOINT((17.8100192633865,250.290336581471));
#13024=IFCCARTESIANPOINT((17.8068585005531,250.280051972193));
#13025=IFCCARTESIANPOINT((17.803697743977,250.269767357793));
#13026=IFCCARTESIANPOINT((17.8003211971081,250.259570926661));
#13027=IFCCARTESIANPOINT((17.7970746886858,250.249357195396));
#13028=IFCCARTESIANPOINT((17.7935681041272,250.239178063348));
#13029=IFCCARTESIANPOINT((17.7901915566472,250.228981632565));
#13030=IFCCARTESIANPOINT((17.7865992246661,250.218873380101));
#13031=IFCCARTESIANPOINT((17.7829626009625,250.208711548359));
#13032=IFCCARTESIANPOINT((17.7793702689523,250.198603295896));
#13033=IFCCARTESIANPOINT((17.7756478959345,250.188512345427));
#13034=IFCCARTESIANPOINT((17.7718397748249,250.178492275008));
#13035=IFCCARTESIANPOINT((17.7679873645247,250.168418623332));
#13036=IFCCARTESIANPOINT((17.764049206482,250.158415851591));
#13037=IFCCARTESIANPOINT((17.7601110487303,250.148413079616));
#13038=IFCCARTESIANPOINT((17.7560871418391,250.138481188507));
#13039=IFCCARTESIANPOINT((17.7520189418574,250.1284957194));
#13040=IFCCARTESIANPOINT((17.747864998033,250.118581127026));
#13041=IFCCARTESIANPOINT((17.7436253039923,250.108737416391));
#13042=IFCCARTESIANPOINT((17.739385610359,250.098893705697));
#13043=IFCCARTESIANPOINT((17.7351016245375,250.0889964159));
#13044=IFCCARTESIANPOINT((17.7306461442204,250.079240885272));
#13045=IFCCARTESIANPOINT((17.7262764109473,250.069414475118));
#13046=IFCCARTESIANPOINT((17.7216908909322,250.059676245262));
#13047=IFCCARTESIANPOINT((17.7171496633673,250.049991593929));
#13048=IFCCARTESIANPOINT((17.712564144138,250.040253363433));
#13049=IFCCARTESIANPOINT((17.7078928749252,250.03058601456));
#13050=IFCCARTESIANPOINT((17.7030915682262,250.020935964829));
#13051=IFCCARTESIANPOINT((17.6983345522603,250.011339495075));
#13052=IFCCARTESIANPOINT((17.6934474989248,250.001760324289));
#13053=IFCCARTESIANPOINT((17.6885604409326,249.992181157286));
#13054=IFCCARTESIANPOINT((17.6835876399709,249.982672866259));
#13055=IFCCARTESIANPOINT((17.6785705458897,249.973110997234));
#13056=IFCCARTESIANPOINT((17.6735119930527,249.96367358946));
#13057=IFCCARTESIANPOINT((17.6683234040684,249.954253479606));
#13058=IFCCARTESIANPOINT((17.6631348139199,249.944833370682));
#13059=IFCCARTESIANPOINT((17.6578604755923,249.935484142043));
#13060=IFCCARTESIANPOINT((17.65254184691,249.926081333135));
#13061=IFCCARTESIANPOINT((17.6471817587153,249.916802986118));
#13062=IFCCARTESIANPOINT((17.6416916310263,249.907541939872));
#13063=IFCCARTESIANPOINT((17.636245797883,249.898334470403));
#13064=IFCCARTESIANPOINT((17.6307556708052,249.889073423692));
#13065=IFCCARTESIANPOINT((17.6250940460013,249.879954138363));
#13066=IFCCARTESIANPOINT((17.6194324268436,249.870834848552));
#13067=IFCCARTESIANPOINT((17.6137265106954,249.861661983945));
#13068=IFCCARTESIANPOINT((17.607979141816,249.852613575582));
#13069=IFCCARTESIANPOINT((17.60218748037,249.843511588697));
#13070=IFCCARTESIANPOINT((17.5962686122803,249.834604943171));
#13071=IFCCARTESIANPOINT((17.5903911995993,249.825573839073));
#13072=IFCCARTESIANPOINT((17.5843422923354,249.81668449397));
#13073=IFCCARTESIANPOINT((17.5782933875744,249.807795146888));
#13074=IFCCARTESIANPOINT((17.5722444802814,249.798905801727));
#13075=IFCCARTESIANPOINT((17.5661098259152,249.790087336092));
#13076=IFCCARTESIANPOINT((17.5598894224386,249.781339751324));
#13077=IFCCARTESIANPOINT((17.5536690187291,249.772592166846));
#13078=IFCCARTESIANPOINT((17.5473628678301,249.763915461663));
#13079=IFCCARTESIANPOINT((17.5410124229675,249.755185179238));
#13080=IFCCARTESIANPOINT((17.5346205221722,249.746579355793));
#13081=IFCCARTESIANPOINT((17.528098583105,249.737990832131));
#13082=IFCCARTESIANPOINT((17.5216209354403,249.729455887806));
#13083=IFCCARTESIANPOINT((17.5150132462441,249.720938246057));
#13084=IFCCARTESIANPOINT((17.5084498499928,249.71247418219));
#13085=IFCCARTESIANPOINT((17.501756413636,249.704027419852));
#13086=IFCCARTESIANPOINT((17.4950215182034,249.69570511888));
#13087=IFCCARTESIANPOINT((17.4882423324161,249.687329237582));
#13088=IFCCARTESIANPOINT((17.4815074373328,249.679006936436));
#13089=IFCCARTESIANPOINT((17.4745567556529,249.670772815356));
#13090=IFCCARTESIANPOINT((17.4676918230543,249.662467813352));
#13091=IFCCARTESIANPOINT((17.4606996834918,249.654358152824));
#13092=IFCCARTESIANPOINT((17.4536632540985,249.646194911562));
#13093=IFCCARTESIANPOINT((17.4465853635629,249.638156133646));
#13094=IFCCARTESIANPOINT((17.4394631834875,249.630063774704));
#13095=IFCCARTESIANPOINT((17.4322995476832,249.622095874569));
#13096=IFCCARTESIANPOINT((17.4250916216115,249.614074394165));
#13097=IFCCARTESIANPOINT((17.4178422345722,249.606177376758));
#13098=IFCCARTESIANPOINT((17.4105928473582,249.5982803597));
#13099=IFCCARTESIANPOINT((17.4031276780879,249.590471518808));
#13100=IFCCARTESIANPOINT((17.3957925393188,249.582645384653));
#13101=IFCCARTESIANPOINT((17.3882859089936,249.574961007165));
#13102=IFCCARTESIANPOINT((17.3808650252467,249.567205750558));
#13103=IFCCARTESIANPOINT((17.3732726445014,249.5595922551));
#13104=IFCCARTESIANPOINT((17.3656802667538,249.551978757139));
#13105=IFCCARTESIANPOINT((17.3580021396629,249.544436140393));
#13106=IFCCARTESIANPOINT((17.3503240122518,249.536893523822));
#13107=IFCCARTESIANPOINT((17.3426044254447,249.5294753692));
#13108=IFCCARTESIANPOINT((17.334840546624,249.522003635764));
#13109=IFCCARTESIANPOINT((-27.6744651833433,253.449284012488));
#13110=IFCPOLYLINE((#13001,#13002,#13003,#13004,#13005,#13006,#13007,#13008,#13009,#13010,#13011,#13012,#13013,#13014,#13015,#13016,#13017,#13018,#13019,#13020,#13021,#13022,#13023,#13024,#13025,#13026,#13027,#13028,#13029,#13030,#13031,#13032,#13033,#13034,#13035,#13036,#13037,#13038,#13039,#13040,#13041,#13042,#13043,#13044,#13045,#13046,#13047,#13048,#13049,#13050,#13051,#13052,#13053,#13054,#13055,#13056,#13057,#13058,#13059,#13060,#13061,#13062,#13063,#13064,#13065,#13066,#13067,#13068,#13069,#13070,#13071,#13072,#13073,#13074,#13075,#13076,#13077,#13078,#13079,#13080,#13081,#13082,#13083,#13084,#13085,#13086,#13087,#13088,#13089,#13090,#13091,#13092,#13093,#13094,#13095,#13096,#13097,#13098,#13099,#13100,#13101,#13102,#13103,#13104,#13105,#13106,#13107,#13108,#13109));
#13111=IFCARBITRARYCLOSEDPROFILEDEF(.AREA.,$,#13110);
#13112=IFCEXTRUDEDAREASOLID(#13111,#12999,#13000,0.1);
#13113=IFCSHAPEREPRESENTATION(#11,'Body','SweptSolid',(#13112));
#13114=IFCPRODUCTDEFINITIONSHAPE($,$,(#13113));
#13115=IFCSLAB('0fpqcF5c176xIutYhqJHZ0',#5,'NL.IMRO.0772.EP139476441307-00',$,$,#12995,#13114,$,.NOTDEFINED.);
#13116=IFCSTYLEDITEM(#13112,(#3319),$);
#13117=IFCPROPERTYSINGLEVALUE('plan_id',$,IFCTEXT('NL.IMRO.0772.80373-0301'),$);
#13118=IFCPROPERTYSINGLEVALUE('plan_naam',$,IFCTEXT('Deelgebieden Woensel-Zuid 2021'),$);
#13119=IFCPROPERTYSINGLEVALUE('id',$,IFCTEXT('NL.IMRO.0772.EP139476441307-00'),$);
#13120=IFCPROPERTYSINGLEVALUE('naam',$,IFCTEXT('Groen'),$);
#13121=IFCPROPERTYSINGLEVALUE('bestemmingshoofdgroep',$,IFCTEXT('groen'),$);
#13122=IFCPROPERTYSINGLEVALUE('verwijzing_naar_tekst',$,IFCTEXT('https://www.ruimtelijkeplannen.nl/documents/NL.IMRO.0772.80373-0301/pt_NL.IMRO.0772.80373-0301.xml#NL.IMRO.PT.s328'),$);
#13123=IFCPROPERTYSINGLEVALUE('plan_dossierstatus',$,IFCTEXT('geheel onherroepelijk in werking'),$);
#13124=IFCPROPERTYSINGLEVALUE('plan_besluitnummer',$,IFCTEXT('22bst01409'),$);
#13125=IFCPROPERTYSINGLEVALUE('type_planobject',$,IFCTEXT('enkelbestemming'),$);
#13126=IFCPROPERTYSET('2TvIIilfXDFO_L50k9KnqR',#5,'CPset_DSO-Enkelbestemming',$,(#13117,#13118,#13119,#13120,#13121,#13122,#13123,#13124,#13125));
#13127=IFCRELDEFINESBYPROPERTIES('3v96ywBlnD1xyD9SkBgGKO',#5,$,$,(#13115),#13126);
#13128=IFCCARTESIANPOINT((0.,0.,-0.1));
#13129=IFCDIRECTION((0.,0.,1.));
#13130=IFCDIRECTION((1.,0.,0.));
#13131=IFCAXIS2PLACEMENT3D(#13128,#13129,#13130);
#13132=IFCLOCALPLACEMENT(#37,#13131);
#13133=IFCCARTESIANPOINT((0.,0.,0.));
#13134=IFCDIRECTION((0.,0.,1.));
#13135=IFCDIRECTION((1.,0.,0.));
#13136=IFCAXIS2PLACEMENT3D(#13133,#13134,#13135);
#13137=IFCDIRECTION((0.,0.,1.));
#13138=IFCCARTESIANPOINT((-79.2886661790835,247.412175824225));
#13139=IFCCARTESIANPOINT((-79.5442902487994,247.398907555849));
#13140=IFCCARTESIANPOINT((-79.799917146418,247.385461260332));
#13141=IFCCARTESIANPOINT((-80.0555468772945,247.37183694233));
#13142=IFCCARTESIANPOINT((-80.3111794317083,247.358034593519));
#13143=IFCCARTESIANPOINT((-80.5667290691636,247.343983338273));
#13144=IFCCARTESIANPOINT((-80.8222815334157,247.32975405507));
#13145=IFCCARTESIANPOINT((-81.0778811148775,247.31529316504));
#13146=IFCCARTESIANPOINT((-81.3334392395336,247.300707831455));
#13147=IFCCARTESIANPOINT((-81.5890001919179,247.285944470786));
#13148=IFCCARTESIANPOINT((-81.844522511703,247.270878619631));
#13149=IFCCARTESIANPOINT((-82.1000891224539,247.255759206775));
#13150=IFCCARTESIANPOINT((-82.3556171033706,247.240337305993));
#13151=IFCCARTESIANPOINT((-82.6111036216025,247.224790957));
#13152=IFCCARTESIANPOINT((-82.8665515101748,247.208942119905));
#13153=IFCCARTESIANPOINT((-83.1220879744506,247.192986137699));
#13154=IFCCARTESIANPOINT((-83.377497234178,247.176834830199));
#13155=IFCCARTESIANPOINT((-83.6329536093399,247.160451914358));
#13156=IFCCARTESIANPOINT((-83.8884128144709,247.143890973413));
#13157=IFCCARTESIANPOINT((-84.1438748480286,247.127152005734));
#13158=IFCCARTESIANPOINT((-84.3992539610772,247.110164128651));
#13159=IFCCARTESIANPOINT((-84.6547216536419,247.093069109542));
#13160=IFCCARTESIANPOINT((-84.9101064261631,247.075725181494));
#13161=IFCCARTESIANPOINT((-85.165494025423,247.058203225548));
#13162=IFCCARTESIANPOINT((-85.4207987080736,247.040432363283));
#13163=IFCCARTESIANPOINT((-85.6761919669807,247.022554356256));
#13164=IFCCARTESIANPOINT((-85.9315023097151,247.00442744355));
#13165=IFCCARTESIANPOINT((-86.186815476889,246.986122501025));
#13166=IFCCARTESIANPOINT((-86.4421314766805,246.9676395352));
#13167=IFCCARTESIANPOINT((-86.6974503023957,246.948978540895));
#13168=IFCCARTESIANPOINT((-86.952686211589,246.930068640562));
#13169=IFCCARTESIANPOINT((-87.2079692365078,246.910927132063));
#13170=IFCCARTESIANPOINT((-87.4632108031365,246.891661178903));
#13171=IFCCARTESIANPOINT((-87.7184551977552,246.87221719895));
#13172=IFCCARTESIANPOINT((-87.9737024208589,246.852595192438));
#13173=IFCCARTESIANPOINT((-88.2289110166021,246.83267069998));
#13174=IFCCARTESIANPOINT((-88.4840781505627,246.812621759891));
#13175=IFCCARTESIANPOINT((-88.7392481126299,246.792394792952));
#13176=IFCCARTESIANPOINT((-88.9944651953992,246.771936222387));
#13177=IFCCARTESIANPOINT((-89.2495550678868,246.751282321464));
#13178=IFCCARTESIANPOINT((-89.5047335196577,246.73052127863));
#13179=IFCCARTESIANPOINT((-89.7598733390041,246.709457745717));
#13180=IFCCARTESIANPOINT((-90.0148859528999,246.688198886462));
#13181=IFCCARTESIANPOINT((-90.2699871419754,246.666832882038));
#13182=IFCCARTESIANPOINT((-90.5250497028173,246.645164390735));
#13183=IFCCARTESIANPOINT((-90.7800708015275,246.623371451569));
#13184=IFCCARTESIANPOINT((-91.0350947316037,246.601400488289));
#13185=IFCCARTESIANPOINT((-91.2901657801413,246.579197919578));
#13186=IFCCARTESIANPOINT((-91.5451953688462,246.556870904693));
#13187=IFCCARTESIANPOINT((-91.8001420362853,246.534294979821));
#13188=IFCCARTESIANPOINT((-92.0551358242228,246.511487450916));
#13189=IFCCARTESIANPOINT((-92.3100024038285,246.488484593574));
#13190=IFCCARTESIANPOINT((-92.5649575588177,246.465374591004));
#13191=IFCCARTESIANPOINT((-92.8198740883672,246.441962104058));
#13192=IFCCARTESIANPOINT((-93.0747491561051,246.418425169482));
#13193=IFCCARTESIANPOINT((-93.3296270528517,246.394710208813));
#13194=IFCCARTESIANPOINT((-93.5845520656439,246.370763640618));
#13195=IFCCARTESIANPOINT((-93.8393498726364,246.346621745906));
#13196=IFCCARTESIANPOINT((-94.0941505089286,246.322301825334));
#13197=IFCCARTESIANPOINT((-94.3489539756847,246.297803880007));
#13198=IFCCARTESIANPOINT((-94.6037602710712,246.273127908353));
#13199=IFCCARTESIANPOINT((-94.8585279367107,246.248149448715));
#13200=IFCCARTESIANPOINT((-95.1132541414408,246.223046542204));
#13201=IFCCARTESIANPOINT((-95.3679831766349,246.197765610937));
#13202=IFCCARTESIANPOINT((-95.6227150399645,246.172306652821));
#13203=IFCCARTESIANPOINT((-95.8773639840947,246.146598786407));
#13204=IFCCARTESIANPOINT((-96.1320157588925,246.120712895237));
#13205=IFCCARTESIANPOINT((-96.3866703652602,246.094648980128));
#13206=IFCCARTESIANPOINT((-96.6413277978718,246.068407036713));
#13207=IFCCARTESIANPOINT((-96.8959023127099,246.041916186106));
#13208=IFCCARTESIANPOINT((-97.150565404474,246.015318191668));
#13209=IFCCARTESIANPOINT((-97.4051455814915,245.988471292483));
#13210=IFCCARTESIANPOINT((-97.6595985440945,245.961429059505));
#13211=IFCCARTESIANPOINT((-97.9141843786638,245.934226107842));
#13212=IFCCARTESIANPOINT((-98.1686872958962,245.906774249219));
#13213=IFCCARTESIANPOINT((-98.423193036695,245.879144360137));
#13214=IFCCARTESIANPOINT((-98.6775715729746,245.851319145353));
#13215=IFCCARTESIANPOINT((-98.9320829768549,245.823333208449));
#13216=IFCCARTESIANPOINT((-99.1864671728108,245.795151943166));
#13217=IFCCARTESIANPOINT((-99.4408984873153,245.766739072395));
#13218=IFCCARTESIANPOINT((-99.6952025931969,245.738130872545));
#13219=IFCCARTESIANPOINT((-99.949639565486,245.709361949645));
#13220=IFCCARTESIANPOINT((-100.203949331335,245.680397699412));
#13221=IFCCARTESIANPOINT((-100.458261925582,245.651255422679));
#13222=IFCCARTESIANPOINT((-100.712491599697,245.6218642366));
#13223=IFCCARTESIANPOINT((-100.966854144062,245.592312330555));
#13224=IFCCARTESIANPOINT((-101.22108948059,245.56256509613));
#13225=IFCCARTESIANPOINT((-101.475327647029,245.532639836543));
#13226=IFCCARTESIANPOINT((-101.729482893541,245.502465667611));
#13227=IFCCARTESIANPOINT((-101.983640971303,245.47211347468));
#13228=IFCCARTESIANPOINT((-102.237757585623,245.441636832547));
#13229=IFCCARTESIANPOINT((-102.491921323439,245.410928589117));
#13230=IFCCARTESIANPOINT((-102.746002139436,245.379971435119));
#13231=IFCCARTESIANPOINT((-103.000127244857,245.348960718315));
#13232=IFCCARTESIANPOINT((-103.25421372414,245.317647516611));
#13233=IFCCARTESIANPOINT((-103.508172992995,245.286138984142));
#13234=IFCCARTESIANPOINT((-103.76226512788,245.254469728447));
#13235=IFCCARTESIANPOINT((-104.016230056935,245.222605145827));
#13236=IFCCARTESIANPOINT((-104.270112067548,245.190491655201));
#13237=IFCCARTESIANPOINT((-104.524126947654,245.158217443968));
#13238=IFCCARTESIANPOINT((-105.229418251984,249.887388972798));
#13239=IFCCARTESIANPOINT((-104.880940811854,249.937900595425));
#13240=IFCCARTESIANPOINT((-104.53229753999,249.98791440489));
#13241=IFCCARTESIANPOINT((-104.183662755968,250.037394119077));
#13242=IFCCARTESIANPOINT((-103.834947889001,250.086446903239));
#13243=IFCCARTESIANPOINT((-103.48615292969,250.135072749748));
#13244=IFCCARTESIANPOINT((-103.137280716503,250.18309362384));
#13245=IFCCARTESIANPOINT((-102.788414163806,250.230758446502));
#13246=IFCCARTESIANPOINT((-102.439426062949,250.277871872007));
#13247=IFCCARTESIANPOINT((-102.090357878624,250.324558367312));
#13248=IFCCARTESIANPOINT((-101.741212433757,250.37063988467));
#13249=IFCCARTESIANPOINT((-101.392072650691,250.416365351761));
#13250=IFCCARTESIANPOINT((-101.042767029692,250.461593000917));
#13251=IFCCARTESIANPOINT((-100.693469902704,250.506286559685));
#13252=IFCCARTESIANPOINT((-100.344092685671,250.550553182955));
#13253=IFCCARTESIANPOINT((-99.9946796719159,250.594339294359));
#13254=IFCCARTESIANPOINT((-99.6452308582666,250.63764489122));
#13255=IFCCARTESIANPOINT((-99.2956604981737,250.68039909238));
#13256=IFCCARTESIANPOINT((-98.9460100524302,250.722726361826));
#13257=IFCCARTESIANPOINT((-98.5963680951681,250.764519536227));
#13258=IFCCARTESIANPOINT((-98.2466460480937,250.805885775189));
#13259=IFCCARTESIANPOINT((-97.8968882045883,250.846771502576));
#13260=IFCCARTESIANPOINT((-97.547094560141,250.887176714547));
#13261=IFCCARTESIANPOINT((-97.1972208292282,250.927154994046));
#13262=IFCCARTESIANPOINT((-96.8472255521046,250.966581878194));
#13263=IFCCARTESIANPOINT((-96.4972387665475,251.00547467015));
#13264=IFCCARTESIANPOINT((-96.1471718917601,251.043940527015));
#13265=IFCCARTESIANPOINT((-95.7971549647627,251.081996751367));
#13266=IFCCARTESIANPOINT((-95.4469307425607,251.119430697523));
#13267=IFCCARTESIANPOINT((-95.0967121817812,251.15650859318));
#13268=IFCCARTESIANPOINT((-94.7465021099488,251.193052394316));
#13269=IFCCARTESIANPOINT((-94.3962119497592,251.229169261467));
#13270=IFCCARTESIANPOINT((-94.0458445320546,251.264681153174));
#13271=IFCCARTESIANPOINT((-93.6953970253235,251.299766110256));
#13272=IFCCARTESIANPOINT((-93.3449994689145,251.334441436746));
#13273=IFCCARTESIANPOINT((-92.9944803642284,251.368565366312));
#13274=IFCCARTESIANPOINT((-92.6439254606667,251.402208782325));
#13275=IFCCARTESIANPOINT((-92.2933347563085,251.435371683096));
#13276=IFCCARTESIANPOINT((-91.9427082525217,251.468054069963));
#13277=IFCCARTESIANPOINT((-91.5920459493645,251.500255942636));
#13278=IFCCARTESIANPOINT((-91.2413035576465,251.532030881033));
#13279=IFCCARTESIANPOINT((-90.8905696586298,251.563271728111));
#13280=IFCCARTESIANPOINT((-90.5397142097645,251.59396117687));
#13281=IFCCARTESIANPOINT((-90.1888644195569,251.624294572917));
#13282=IFCCARTESIANPOINT((-89.838023120974,251.654093876597));
#13283=IFCCARTESIANPOINT((-89.4870602737938,251.68334178318));
#13284=IFCCARTESIANPOINT((-89.136103084049,251.712233635888));
#13285=IFCCARTESIANPOINT((-88.7850686358579,251.740520512511));
#13286=IFCCARTESIANPOINT((-88.4340398473141,251.768451337004));
#13287=IFCCARTESIANPOINT((-88.082933802245,251.795777187042));
#13288=IFCCARTESIANPOINT((-87.7317476667813,251.82267610135));
#13289=IFCCARTESIANPOINT((-87.3806557688222,251.849111803458));
#13290=IFCCARTESIANPOINT((-87.0294423231098,251.874996109284));
#13291=IFCCARTESIANPOINT((-86.6781487855769,251.900453478098));
#13292=IFCCARTESIANPOINT((-86.326949487091,251.925447635876));
#13293=IFCCARTESIANPOINT((-85.975628641987,251.949890398537));
#13294=IFCCARTESIANPOINT((-85.6242277054989,251.973906224419));
#13295=IFCCARTESIANPOINT((-85.2729210102407,251.997458840895));
#13296=IFCCARTESIANPOINT((-84.9214927638241,252.020460058411));
#13297=IFCCARTESIANPOINT((-84.5701144637715,252.043051641842));
#13298=IFCCARTESIANPOINT((-84.218614617741,252.065091830504));
#13299=IFCCARTESIANPOINT((-83.8670789696625,252.086651502643));
#13300=IFCCARTESIANPOINT((-83.5156375622901,252.107747965143));
#13301=IFCCARTESIANPOINT((-83.1640303162567,252.128346609767));
#13302=IFCCARTESIANPOINT((-82.8125173046428,252.148482039396));
#13303=IFCCARTESIANPOINT((-82.4608384564344,252.168119652721));
#13304=IFCCARTESIANPOINT((-82.1092538466619,252.187294054485));
#13305=IFCCARTESIANPOINT((-81.7575476855563,252.205917056941));
#13306=IFCCARTESIANPOINT((-81.4058914732886,252.22413042729));
#13307=IFCCARTESIANPOINT((-81.0541994652594,252.241863286297));
#13308=IFCCARTESIANPOINT((-80.7024716502056,252.259115624765));
#13309=IFCCARTESIANPOINT((-80.3507080371783,252.275887450262));
#13310=IFCCARTESIANPOINT((-79.9988671652682,252.292054299207));
#13311=IFCCARTESIANPOINT((-79.6470762389654,252.307811513252));
#13312=IFCCARTESIANPOINT((-79.2952909713786,252.323212673946));
#13313=IFCCARTESIANPOINT((-78.9434284464514,252.338008859486));
#13314=IFCCARTESIANPOINT((-78.5915744095109,252.352270949341));
#13315=IFCCARTESIANPOINT((-78.2396402815939,252.366106102825));
#13316=IFCCARTESIANPOINT((-77.8878003923455,252.379478044517));
#13317=IFCCARTESIANPOINT((-77.5358389531029,252.392298588064));
#13318=IFCCARTESIANPOINT((-77.1839274607191,252.404709497408));
#13319=IFCCARTESIANPOINT((-76.8319801670441,252.416639890987));
#13320=IFCCARTESIANPOINT((-76.4799970704189,252.428089766938));
#13321=IFCCARTESIANPOINT((-76.1280224676884,252.439005552267));
#13322=IFCCARTESIANPOINT((-75.7760120597377,252.44944081828));
#13323=IFCCARTESIANPOINT((-75.4239658542501,252.459395571204));
#13324=IFCCARTESIANPOINT((-75.0720138805336,252.46888710669));
#13325=IFCCARTESIANPOINT((-74.7198960729584,252.477880828199));
#13326=IFCCARTESIANPOINT((-74.3678725008795,252.486411335063));
#13327=IFCCARTESIANPOINT((-74.0158131255012,252.494461324124));
#13328=IFCCARTESIANPOINT((-73.6637622414564,252.501977220003));
#13329=IFCCARTESIANPOINT((-73.3116755519004,252.509012596391));
#13330=IFCCARTESIANPOINT((-72.9595530662627,252.51556746097));
#13331=IFCCARTESIANPOINT((-72.607480523613,252.521712687856));
#13332=IFCCARTESIANPOINT((-72.2553307232738,252.52725293918));
#13333=IFCCARTESIANPOINT((-71.9032308706956,252.532383556652));
#13334=IFCCARTESIANPOINT((-71.5510952132172,252.537033655099));
#13335=IFCCARTESIANPOINT((-71.1989237563103,252.541203238827));
#13336=IFCCARTESIANPOINT((-70.8468465344922,252.544909607328));
#13337=IFCCARTESIANPOINT((-70.4946920553048,252.54801100021));
#13338=IFCCARTESIANPOINT((-70.1605939912552,252.551968606364));
#13339=IFCCARTESIANPOINT((-69.8265015813231,252.555570151948));
#13340=IFCCARTESIANPOINT((-69.4924591194722,252.558762060828));
#13341=IFCCARTESIANPOINT((-69.1583780233632,252.561651489872));
#13342=IFCCARTESIANPOINT((-68.8242582976236,252.564238442865));
#13343=IFCCARTESIANPOINT((-68.4901885180443,252.566415757465));
#13344=IFCCARTESIANPOINT((-68.1561243941251,252.568237012834));
#13345=IFCCARTESIANPOINT((-67.8220216361515,252.569755788369));
#13346=IFCCARTESIANPOINT((-67.4879245388438,252.570918508747));
#13347=IFCCARTESIANPOINT((-67.1538330993208,252.571725171292));
#13348=IFCCARTESIANPOINT((-66.8197473134787,252.572175772744));
#13349=IFCCARTESIANPOINT((-66.4856671828602,252.572270314617));
#13350=IFCCARTESIANPOINT((-66.1515484252013,252.5720623823));
#13351=IFCCARTESIANPOINT((-65.8174796091917,252.571444807749));
#13352=IFCCARTESIANPOINT((-65.4833721629111,252.570524756622));
#13353=IFCCARTESIANPOINT((-65.1492703723779,252.569248645916));
#13354=IFCCARTESIANPOINT((-64.815174242598,252.567616479937));
#13355=IFCCARTESIANPOINT((-64.4810837654513,252.565628251934));
#13356=IFCCARTESIANPOINT((-64.1469989445468,252.563283964759));
#13357=IFCCARTESIANPOINT((-63.8130055319925,252.560654503468));
#13358=IFCCARTESIANPOINT((-63.4788877368264,252.557651680254));
#13359=IFCCARTESIANPOINT((-63.1448198894213,252.554239219753));
#13360=IFCCARTESIANPOINT((-62.8107134076126,252.550524278893));
#13361=IFCCARTESIANPOINT((-62.4766983323207,252.546524162288));
#13362=IFCCARTESIANPOINT((-62.1426031618321,252.54209710221));
#13363=IFCCARTESIANPOINT((-61.8085136530863,252.537313987268));
#13364=IFCCARTESIANPOINT((-61.4745155465498,252.532245692972));
#13365=IFCCARTESIANPOINT((-61.1404373470286,252.526750457066));
#13366=IFCCARTESIANPOINT((-60.8064062659978,252.52102362609));
#13367=IFCCARTESIANPOINT((-60.4723393823078,252.514816274284));
#13368=IFCCARTESIANPOINT((-60.1383639019623,252.508323743881));
#13369=IFCCARTESIANPOINT((-59.8042640435742,252.501457855164));
#13370=IFCCARTESIANPOINT((-59.4702555859985,252.494306785811));
#13371=IFCCARTESIANPOINT((-59.1362970771152,252.486746079463));
#13372=IFCCARTESIANPOINT((-58.8022999331006,252.478882892057));
#13373=IFCCARTESIANPOINT((-58.46830844754,252.470663647226));
#13374=IFCCARTESIANPOINT((-58.1343226186291,252.462088343163));
#13375=IFCCARTESIANPOINT((-57.8003424477938,252.453156981152));
#13376=IFCCARTESIANPOINT((-57.4663679300284,252.443869557057));
#13377=IFCCARTESIANPOINT((-57.1323990696401,252.434226074547));
#13378=IFCCARTESIANPOINT((-56.7985216155357,252.42429741536));
#13379=IFCCARTESIANPOINT((-56.464519781206,252.413995396055));
#13380=IFCCARTESIANPOINT((-56.1305678890494,252.40328373434));
#13381=IFCCARTESIANPOINT((-55.7967074025364,252.3922868956));
#13382=IFCCARTESIANPOINT((-55.4628082841809,252.380987578363));
#13383=IFCCARTESIANPOINT((-55.1288733648544,252.369207741285));
#13384=IFCCARTESIANPOINT((-54.795029846573,252.357142723107));
#13385=IFCCARTESIANPOINT((-54.4611476979626,252.344775227713));
#13386=IFCCARTESIANPOINT((-54.1273154954251,252.331998092937));
#13387=IFCCARTESIANPOINT((-53.7935304063431,252.318989358551));
#13388=IFCCARTESIANPOINT((-53.4597095136414,252.305500102229));
#13389=IFCCARTESIANPOINT((-53.1258499905234,252.291708368226));
#13390=IFCCARTESIANPOINT((-52.7920818734274,252.277631457197));
#13391=IFCCARTESIANPOINT((-52.4582779484626,252.263074020564));
#13392=IFCCARTESIANPOINT((-52.1245211417554,252.248284988222));
#13393=IFCCARTESIANPOINT((-51.7908142822271,252.233086317254));
#13394=IFCCARTESIANPOINT((-51.4570687880332,252.217585165228));
#13395=IFCCARTESIANPOINT((-51.1233289491502,252.201727952342));
#13396=IFCCARTESIANPOINT((-50.789639057155,252.185461100598));
#13397=IFCCARTESIANPOINT((-50.455910529563,252.168891766865));
#13398=IFCCARTESIANPOINT((-50.1223176992207,252.151983677468));
#13399=IFCCARTESIANPOINT((-49.7886004867323,252.134702225972));
#13400=IFCCARTESIANPOINT((-49.4549746782577,252.117135595472));
#13401=IFCCARTESIANPOINT((-49.1213988169038,252.099159325997));
#13402=IFCCARTESIANPOINT((-48.7877843203314,252.080880574998));
#13403=IFCCARTESIANPOINT((-48.4542197690171,252.062192183337));
#13404=IFCCARTESIANPOINT((-48.1207023310999,252.0432721916));
#13405=IFCCARTESIANPOINT((-47.7871490936959,252.023871680896));
#13406=IFCCARTESIANPOINT((-47.4536429702712,252.00423957064));
#13407=IFCCARTESIANPOINT((-47.1201867924246,251.98419781978));
#13408=IFCCARTESIANPOINT((-46.7867362731777,251.963800010795));
#13409=IFCCARTESIANPOINT((-46.4532471145212,251.943099716387));
#13410=IFCCARTESIANPOINT((-46.1198079052556,251.921989784751));
#13411=IFCCARTESIANPOINT((-45.786374354997,251.900523794931));
#13412=IFCCARTESIANPOINT((-45.453032204503,251.878772622382));
#13413=IFCCARTESIANPOINT((-45.1196957106586,251.856665389729));
#13414=IFCCARTESIANPOINT((-44.7863648759958,251.834202099126));
#13415=IFCCARTESIANPOINT((-44.4530396943446,251.811382745451));
#13416=IFCCARTESIANPOINT((-44.1197201674513,251.788207329984));
#13417=IFCCARTESIANPOINT((-43.7864920460561,251.764746736328));
#13418=IFCCARTESIANPOINT((-43.4531838356343,251.740859203215));
#13419=IFCCARTESIANPOINT((-43.1199670233473,251.716686485801));
#13420=IFCCARTESIANPOINT((-42.7868001610914,251.692104131042));
#13421=IFCCARTESIANPOINT((-42.4535946656542,251.667219295981));
#13422=IFCCARTESIANPOINT((-42.1205248616461,251.641995699261));
#13423=IFCCARTESIANPOINT((-41.7874164242821,251.616469622008));
#13424=IFCCARTESIANPOINT((-41.4542721833859,251.590463021828));
#13425=IFCCARTESIANPOINT((-41.1212193496176,251.56417124439));
#13426=IFCCARTESIANPOINT((-40.7882579183788,251.53759428591));
#13427=IFCCARTESIANPOINT((-40.4552163943008,251.510590384598));
#13428=IFCCARTESIANPOINT((-40.1222662735672,251.483301302826));
#13429=IFCCARTESIANPOINT((-39.7893218123063,251.455656163045));
#13430=IFCCARTESIANPOINT((-39.456383000972,251.42765495705));
#13431=IFCCARTESIANPOINT((-39.1234941412986,251.399244114931));
#13432=IFCCARTESIANPOINT((-38.7906523931597,251.370601670642));
#13433=IFCCARTESIANPOINT((-38.4578605921415,251.341549586097));
#13434=IFCCARTESIANPOINT((-38.1250301546534,251.312195018341));
#13435=IFCCARTESIANPOINT((-37.7922496642859,251.28243081033));
#13436=IFCCARTESIANPOINT((-37.4594748310046,251.252310542099));
#13437=IFCCARTESIANPOINT((-31.8602738649643,250.678518104425));
#13438=IFCCARTESIANPOINT((-32.1386462588853,246.009726785298));
#13439=IFCCARTESIANPOINT((-45.4929371266917,247.10052946629));
#13440=IFCCARTESIANPOINT((-45.7163706409629,247.120265710342));
#13441=IFCCARTESIANPOINT((-45.9397212345793,247.139753040683));
#13442=IFCCARTESIANPOINT((-46.1632489872572,247.15902606328));
#13443=IFCCARTESIANPOINT((-46.3866938187857,247.178050171584));
#13444=IFCCARTESIANPOINT((-46.6102300609055,247.19678909058));
#13445=IFCCARTESIANPOINT((-46.8337276723178,247.215225516062));
#13446=IFCCARTESIANPOINT((-47.0573138600157,247.233554791135));
#13447=IFCCARTESIANPOINT((-47.2808199583669,247.251457111095));
#13448=IFCCARTESIANPOINT((-47.5044589237368,247.269198701601));
#13449=IFCCARTESIANPOINT((-47.7280592609895,247.286637800629));
#13450=IFCCARTESIANPOINT((-47.9516624273674,247.303898868675));
#13451=IFCCARTESIANPOINT((-48.1752712563321,247.320803866314));
#13452=IFCCARTESIANPOINT((-48.399012944632,247.337548128155));
#13453=IFCCARTESIANPOINT((-48.6226302607101,247.353919020446));
#13454=IFCCARTESIANPOINT((-48.8463804454077,247.370129184797));
#13455=IFCCARTESIANPOINT((-49.0700919977389,247.386036854354));
#13456=IFCCARTESIANPOINT((-49.293850665621,247.401712910389));
#13457=IFCCARTESIANPOINT((-49.5175707091403,247.417086478148));
#13458=IFCCARTESIANPOINT((-49.7413378711499,247.432228434831));
#13459=IFCCARTESIANPOINT((-49.9651521483902,247.447138777876));
#13460=IFCCARTESIANPOINT((-50.1889277960872,247.461746628338));
#13461=IFCCARTESIANPOINT((-50.4127505654469,247.476122870517));
#13462=IFCCARTESIANPOINT((-50.6366647431278,247.490213921759));
#13463=IFCCARTESIANPOINT((-50.8604960005905,247.504056059755));
#13464=IFCCARTESIANPOINT((-51.084374374972,247.517666585452));
#13465=IFCCARTESIANPOINT((-51.3082998686295,247.531045500829));
#13466=IFCCARTESIANPOINT((-51.5321867353341,247.544121926068));
#13467=IFCCARTESIANPOINT((-51.7561207183462,247.556966738484));
#13468=IFCCARTESIANPOINT((-51.9800160733867,247.569509059773));
#13469=IFCCARTESIANPOINT((-52.203958543716,247.581819767714));
#13470=IFCCARTESIANPOINT((-52.4279481346312,247.593898866209));
#13471=IFCCARTESIANPOINT((-52.6518990989716,247.605675475032));
#13472=IFCCARTESIANPOINT((-52.8758971799107,247.617220471438));
#13473=IFCCARTESIANPOINT((-53.0999423784961,247.62853385607));
#13474=IFCCARTESIANPOINT((-53.3239489494881,247.639544750273));
#13475=IFCCARTESIANPOINT((-53.5480026396981,247.650324034214));
#13476=IFCCARTESIANPOINT((-53.7719734076236,247.660854403221));
#13477=IFCCARTESIANPOINT((-53.996035586606,247.671099583851));
#13478=IFCCARTESIANPOINT((-54.2201448853302,247.681113154744));
#13479=IFCCARTESIANPOINT((-54.4442155534052,247.690824232704));
#13480=IFCCARTESIANPOINT((-54.6682890501397,247.700357279391));
#13481=IFCCARTESIANPOINT((-54.8923682066088,247.709534253867));
#13482=IFCCARTESIANPOINT((-55.1164944824122,247.718479618139));
#13483=IFCCARTESIANPOINT((-55.3406235873408,247.72724695201));
#13484=IFCCARTESIANPOINT((-55.5647583514801,247.735658212856));
#13485=IFCCARTESIANPOINT((-55.788895944017,247.743891442602));
#13486=IFCCARTESIANPOINT((-56.0129949123657,247.751822184538));
#13487=IFCCARTESIANPOINT((-56.2371852870274,247.759467734722));
#13488=IFCCARTESIANPOINT((-56.4613784877001,247.76693525142));
#13489=IFCCARTESIANPOINT((-56.6855330605467,247.774100277689));
#13490=IFCCARTESIANPOINT((-56.9097347529314,247.781033694104));
#13491=IFCCARTESIANPOINT((-57.133897817781,247.787664619973));
#13492=IFCCARTESIANPOINT((-57.3581080003933,247.794063934649));
#13493=IFCCARTESIANPOINT((-57.5822795511049,247.800160755462));
#13494=IFCCARTESIANPOINT((-57.8064982214128,247.806025966362));
#13495=IFCCARTESIANPOINT((-58.0307640132087,247.811659569328));
#13496=IFCCARTESIANPOINT((-58.2549468842626,247.817044258758));
#13497=IFCCARTESIANPOINT((-58.4792211634049,247.822143757774));
#13498=IFCCARTESIANPOINT((-58.7034568144009,247.826940765954));
#13499=IFCCARTESIANPOINT((-58.9276952962682,247.831559745071));
#13500=IFCCARTESIANPOINT((-59.1518951471953,247.835876231024));
#13501=IFCCARTESIANPOINT((-59.376142117515,247.839961107122));
#13502=IFCCARTESIANPOINT((-59.6004362049571,247.843814371736));
#13503=IFCCARTESIANPOINT((-59.824691664573,247.847365145688));
#13504=IFCCARTESIANPOINT((-60.0489084945584,247.850613427523));
#13505=IFCCARTESIANPOINT((-60.273172444693,247.853630100319));
#13506=IFCCARTESIANPOINT((-60.4974835133471,247.856415162794));
#13507=IFCCARTESIANPOINT((-60.7217116614629,247.858951311908));
#13508=IFCCARTESIANPOINT((-60.9460312200827,247.861202272761));
#13509=IFCCARTESIANPOINT((-61.17035360515,247.863275201118));
#13510=IFCCARTESIANPOINT((-61.3945516156091,247.864974758355));
#13511=IFCCARTESIANPOINT((-61.6188824931451,247.866513587185));
#13512=IFCCARTESIANPOINT((-61.8431747405557,247.867749923666));
#13513=IFCCARTESIANPOINT((-62.0674283624685,247.868683771463));
#13514=IFCCARTESIANPOINT((-62.2917290998448,247.869386006496));
#13515=IFCCARTESIANPOINT((-62.5160326660553,247.869910211011));
#13516=IFCCARTESIANPOINT((-62.7403418920585,247.870078343432));
#13517=IFCCARTESIANPOINT((-62.9645682020637,247.869997566508));
#13518=IFCCARTESIANPOINT((-63.1889273796405,247.869756061758));
#13519=IFCCARTESIANPOINT((-63.4131621780398,247.869141181931));
#13520=IFCCARTESIANPOINT((-63.6374440953077,247.868294692424));
#13521=IFCCARTESIANPOINT((-63.8617731328995,247.86721659411));
#13522=IFCCARTESIANPOINT((-64.0860192505352,247.865889582958));
#13523=IFCCARTESIANPOINT((-64.3103124912304,247.864330965385));
#13524=IFCCARTESIANPOINT((-64.5346113893611,247.862416274031));
#13525=IFCCARTESIANPOINT((-64.758913116093,247.860323552042));
#13526=IFCCARTESIANPOINT((-64.9831762148242,247.857928339334));
#13527=IFCCARTESIANPOINT((-65.2074421426805,247.855355096457));
#13528=IFCCARTESIANPOINT((-65.4317137340258,247.852425784746));
#13529=IFCCARTESIANPOINT((-65.6559881522844,247.84931844112));
#13530=IFCCARTESIANPOINT((-65.8802239397482,247.845908604504));
#13531=IFCCARTESIANPOINT((-66.1045068489912,247.842267160479));
#13532=IFCCARTESIANPOINT((-66.3287511276721,247.838323223812));
#13533=IFCCARTESIANPOINT((-66.5529567807971,247.834076798579));
#13534=IFCCARTESIANPOINT((-66.7772510069481,247.829723221425));
#13535=IFCCARTESIANPOINT((-67.0014651509409,247.824942696025));
#13536=IFCCARTESIANPOINT((-67.2256821213814,247.819984137954));
#13537=IFCCARTESIANPOINT((-67.4499462103413,247.814793970028));
#13538=IFCCARTESIANPOINT((-67.6741273815569,247.809354891011));
#13539=IFCCARTESIANPOINT((-76.2771467222774,247.553626879759));
#13540=IFCCARTESIANPOINT((-79.2886661790835,247.412175824225));
#13541=IFCPOLYLINE((#13138,#13139,#13140,#13141,#13142,#13143,#13144,#13145,#13146,#13147,#13148,#13149,#13150,#13151,#13152,#13153,#13154,#13155,#13156,#13157,#13158,#13159,#13160,#13161,#13162,#13163,#13164,#13165,#13166,#13167,#13168,#13169,#13170,#13171,#13172,#13173,#13174,#13175,#13176,#13177,#13178,#13179,#13180,#13181,#13182,#13183,#13184,#13185,#13186,#13187,#13188,#13189,#13190,#13191,#13192,#13193,#13194,#13195,#13196,#13197,#13198,#13199,#13200,#13201,#13202,#13203,#13204,#13205,#13206,#13207,#13208,#13209,#13210,#13211,#13212,#13213,#13214,#13215,#13216,#13217,#13218,#13219,#13220,#13221,#13222,#13223,#13224,#13225,#13226,#13227,#13228,#13229,#13230,#13231,#13232,#13233,#13234,#13235,#13236,#13237,#13238,#13239,#13240,#13241,#13242,#13243,#13244,#13245,#13246,#13247,#13248,#13249,#13250,#13251,#13252,#13253,#13254,#13255,#13256,#13257,#13258,#13259,#13260,#13261,#13262,#13263,#13264,#13265,#13266,#13267,#13268,#13269,#13270,#13271,#13272,#13273,#13274,#13275,#13276,#13277,#13278,#13279,#13280,#13281,#13282,#13283,#13284,#13285,#13286,#13287,#13288,#13289,#13290,#13291,#13292,#13293,#13294,#13295,#13296,#13297,#13298,#13299,#13300,#13301,#13302,#13303,#13304,#13305,#13306,#13307,#13308,#13309,#13310,#13311,#13312,#13313,#13314,#13315,#13316,#13317,#13318,#13319,#13320,#13321,#13322,#13323,#13324,#13325,#13326,#13327,#13328,#13329,#13330,#13331,#13332,#13333,#13334,#13335,#13336,#13337,#13338,#13339,#13340,#13341,#13342,#13343,#13344,#13345,#13346,#13347,#13348,#13349,#13350,#13351,#13352,#13353,#13354,#13355,#13356,#13357,#13358,#13359,#13360,#13361,#13362,#13363,#13364,#13365,#13366,#13367,#13368,#13369,#13370,#13371,#13372,#13373,#13374,#13375,#13376,#13377,#13378,#13379,#13380,#13381,#13382,#13383,#13384,#13385,#13386,#13387,#13388,#13389,#13390,#13391,#13392,#13393,#13394,#13395,#13396,#13397,#13398,#13399,#13400,#13401,#13402,#13403,#13404,#13405,#13406,#13407,#13408,#13409,#13410,#13411,#13412,#13413,#13414,#13415,#13416,#13417,#13418,#13419,#13420,#13421,#13422,#13423,#13424,#13425,#13426,#13427,#13428,#13429,#13430,#13431,#13432,#13433,#13434,#13435,#13436,#13437,#13438,#13439,#13440,#13441,#13442,#13443,#13444,#13445,#13446,#13447,#13448,#13449,#13450,#13451,#13452,#13453,#13454,#13455,#13456,#13457,#13458,#13459,#13460,#13461,#13462,#13463,#13464,#13465,#13466,#13467,#13468,#13469,#13470,#13471,#13472,#13473,#13474,#13475,#13476,#13477,#13478,#13479,#13480,#13481,#13482,#13483,#13484,#13485,#13486,#13487,#13488,#13489,#13490,#13491,#13492,#13493,#13494,#13495,#13496,#13497,#13498,#13499,#13500,#13501,#13502,#13503,#13504,#13505,#13506,#13507,#13508,#13509,#13510,#13511,#13512,#13513,#13514,#13515,#13516,#13517,#13518,#13519,#13520,#13521,#13522,#13523,#13524,#13525,#13526,#13527,#13528,#13529,#13530,#13531,#13532,#13533,#13534,#13535,#13536,#13537,#13538,#13539,#13540));
#13542=IFCARBITRARYCLOSEDPROFILEDEF(.AREA.,$,#13541);
#13543=IFCEXTRUDEDAREASOLID(#13542,#13136,#13137,0.1);
#13544=IFCSHAPEREPRESENTATION(#11,'Body','SweptSolid',(#13543));
#13545=IFCPRODUCTDEFINITIONSHAPE($,$,(#13544));
#13546=IFCSLAB('2sWarP9rL2XAPfkEXmxzil',#5,'NL.IMRO.0772.EP140476441309-00',$,$,#13132,#13545,$,.NOTDEFINED.);
#13547=IFCSTYLEDITEM(#13543,(#3319),$);
#13548=IFCPROPERTYSINGLEVALUE('plan_id',$,IFCTEXT('NL.IMRO.0772.80373-0301'),$);
#13549=IFCPROPERTYSINGLEVALUE('plan_naam',$,IFCTEXT('Deelgebieden Woensel-Zuid 2021'),$);
#13550=IFCPROPERTYSINGLEVALUE('id',$,IFCTEXT('NL.IMRO.0772.EP140476441309-00'),$);
#13551=IFCPROPERTYSINGLEVALUE('naam',$,IFCTEXT('Groen'),$);
#13552=IFCPROPERTYSINGLEVALUE('bestemmingshoofdgroep',$,IFCTEXT('groen'),$);
#13553=IFCPROPERTYSINGLEVALUE('verwijzing_naar_tekst',$,IFCTEXT('https://www.ruimtelijkeplannen.nl/documents/NL.IMRO.0772.80373-0301/pt_NL.IMRO.0772.80373-0301.xml#NL.IMRO.PT.s328'),$);
#13554=IFCPROPERTYSINGLEVALUE('plan_dossierstatus',$,IFCTEXT('geheel onherroepelijk in werking'),$);
#13555=IFCPROPERTYSINGLEVALUE('plan_besluitnummer',$,IFCTEXT('22bst01409'),$);
#13556=IFCPROPERTYSINGLEVALUE('type_planobject',$,IFCTEXT('enkelbestemming'),$);
#13557=IFCPROPERTYSET('0EauGlbQv8TATfyJLP5CDt',#5,'CPset_DSO-Enkelbestemming',$,(#13548,#13549,#13550,#13551,#13552,#13553,#13554,#13555,#13556));
#13558=IFCRELDEFINESBYPROPERTIES('3Laq$hrcnASw8i$kUCQt2K',#5,$,$,(#13546),#13557);
#13559=IFCCARTESIANPOINT((0.,0.,-0.1));
#13560=IFCDIRECTION((0.,0.,1.));
#13561=IFCDIRECTION((1.,0.,0.));
#13562=IFCAXIS2PLACEMENT3D(#13559,#13560,#13561);
#13563=IFCLOCALPLACEMENT(#37,#13562);
#13564=IFCCARTESIANPOINT((0.,0.,0.));
#13565=IFCDIRECTION((0.,0.,1.));
#13566=IFCDIRECTION((1.,0.,0.));
#13567=IFCAXIS2PLACEMENT3D(#13564,#13565,#13566);
#13568=IFCDIRECTION((0.,0.,1.));
#13569=IFCCARTESIANPOINT((-106.115240133571,256.372349404322));
#13570=IFCCARTESIANPOINT((-100.4976148938,256.881934006349));
#13571=IFCCARTESIANPOINT((-96.6928122741228,257.432314875419));
#13572=IFCCARTESIANPOINT((-83.9657423807075,258.543958086753));
#13573=IFCCARTESIANPOINT((-53.7688912508602,258.991670006479));
#13574=IFCCARTESIANPOINT((-42.9531954862468,258.335196014435));
#13575=IFCCARTESIANPOINT((-38.4729628611822,257.954642497061));
#13576=IFCCARTESIANPOINT((-31.7244527031144,257.33398158109));
#13577=IFCCARTESIANPOINT((-31.4044073536643,257.306447589537));
#13578=IFCCARTESIANPOINT((-31.7412376462307,254.495033104788));
#13579=IFCCARTESIANPOINT((-31.7413236101565,254.486896804126));
#13580=IFCCARTESIANPOINT((-31.7414095699787,254.478760500031));
#13581=IFCCARTESIANPOINT((-31.7416255711869,254.470641499793));
#13582=IFCCARTESIANPOINT((-31.7419273188279,254.462593379139));
#13583=IFCCARTESIANPOINT((-31.7423176463053,254.454438098648));
#13584=IFCCARTESIANPOINT((-31.7427937227185,254.446353699779));
#13585=IFCCARTESIANPOINT((-31.7433140898647,254.438215721748));
#13586=IFCCARTESIANPOINT((-31.7439644905971,254.430095040996));
#13587=IFCCARTESIANPOINT((-31.7447449327738,254.421991664101));
#13588=IFCCARTESIANPOINT((-31.7456111221691,254.41395916749));
#13589=IFCCARTESIANPOINT((-31.7465216029959,254.405873092182));
#13590=IFCCARTESIANPOINT((-31.7475621185731,254.397804315377));
#13591=IFCCARTESIANPOINT((-31.7486883851234,254.389806421765));
#13592=IFCCARTESIANPOINT((-31.7498589399329,254.381754946895));
#13593=IFCCARTESIANPOINT((-31.7511595335673,254.373720773612));
#13594=IFCCARTESIANPOINT((-31.7525458732853,254.365757479798));
#13595=IFCCARTESIANPOINT((-31.7540207936254,254.35768702667));
#13596=IFCCARTESIANPOINT((-31.7555371750495,254.349741036945));
#13597=IFCCARTESIANPOINT((-31.7572278805601,254.341758765106));
#13598=IFCCARTESIANPOINT((-31.7590043360833,254.333847375761));
#13599=IFCCARTESIANPOINT((-31.7607807926834,254.325935987406));
#13600=IFCCARTESIANPOINT((-31.7626872860419,254.31804189895));
#13601=IFCCARTESIANPOINT((-31.7647238167992,254.31016511115));
#13602=IFCCARTESIANPOINT((-31.7668460964051,254.302359204798));
#13603=IFCCARTESIANPOINT((-31.7690126657253,254.294499718526));
#13604=IFCCARTESIANPOINT((-31.7712649813911,254.28671111149));
#13605=IFCCARTESIANPOINT((-31.7736473364057,254.278939806856));
#13606=IFCCARTESIANPOINT((-31.7761597284989,254.271185802412));
#13607=IFCCARTESIANPOINT((-31.7786721241719,254.263431800995));
#13608=IFCCARTESIANPOINT((-31.7812702630472,254.255748676369));
#13609=IFCCARTESIANPOINT((-31.7839984427847,254.248082855192));
#13610=IFCCARTESIANPOINT((-31.7868123692169,254.240487913892));
#13611=IFCCARTESIANPOINT((-31.7897563341539,254.232910273888));
#13612=IFCCARTESIANPOINT((-31.7927003016812,254.225332636153));
#13613=IFCCARTESIANPOINT((-31.7957300137787,254.217825876607));
#13614=IFCCARTESIANPOINT((-31.7988897650212,254.210336418648));
#13615=IFCCARTESIANPOINT((-31.8021352647629,254.202917842253));
#13616=IFCCARTESIANPOINT((-31.8054250548303,254.19544568623));
#13617=IFCCARTESIANPOINT((-31.8088005889731,254.188044407754));
#13618=IFCCARTESIANPOINT((-31.812261874642,254.180714013346));
#13619=IFCCARTESIANPOINT((-31.8158531990484,254.173400920408));
#13620=IFCCARTESIANPOINT((-31.8194859805226,254.166212287324));
#13621=IFCCARTESIANPOINT((-31.8232073395338,254.158916492772));
#13622=IFCCARTESIANPOINT((-31.82697016155,254.151745162904));
#13623=IFCCARTESIANPOINT((-31.8308630163083,254.144591129734));
#13624=IFCCARTESIANPOINT((-31.8348416245135,254.137507982028));
#13625=IFCCARTESIANPOINT((-31.8389059764741,254.130495711637));
#13626=IFCCARTESIANPOINT((-31.8430560790293,254.123554324382));
#13627=IFCCARTESIANPOINT((-31.8472504676029,254.116559353832));
#13628=IFCCARTESIANPOINT((-31.8515306104964,254.109635269444));
#13629=IFCCARTESIANPOINT((-31.8558964976401,254.102782062953));
#13630=IFCCARTESIANPOINT((-31.8603481342434,254.095999738551));
#13631=IFCCARTESIANPOINT((-31.8647997659864,254.089217410015));
#13632=IFCCARTESIANPOINT((-31.8694671897392,254.082523268473));
#13633=IFCCARTESIANPOINT((-31.8740903190628,254.075882703008));
#13634=IFCCARTESIANPOINT((-31.8788434922171,254.069259443611));
#13635=IFCCARTESIANPOINT((-31.8836381194124,254.062760641507));
#13636=IFCCARTESIANPOINT((-31.8884770373988,254.056208260357));
#13637=IFCCARTESIANPOINT((-31.893487452704,254.049797642045));
#13638=IFCCARTESIANPOINT((-31.8984978639928,254.04338702024));
#13639=IFCCARTESIANPOINT((-31.903594028001,254.037047283316));
#13640=IFCCARTESIANPOINT((-31.9087759389949,254.030778426502));
#13641=IFCCARTESIANPOINT((-31.9139993048157,254.024634027795));
#13642=IFCCARTESIANPOINT((-31.9193527130992,254.018506933877));
#13643=IFCCARTESIANPOINT((-31.9247061203641,254.012379839027));
#13644=IFCCARTESIANPOINT((-31.9302310226485,254.006394505268));
#13645=IFCCARTESIANPOINT((-31.9357116372266,254.000462753174));
#13646=IFCCARTESIANPOINT((-31.9413222866133,253.994548299466));
#13647=IFCCARTESIANPOINT((-31.9469329375715,253.988633847213));
#13648=IFCCARTESIANPOINT((-31.9526707926125,253.982914734865));
#13649=IFCCARTESIANPOINT((-31.958408649778,253.97719562432));
#13650=IFCCARTESIANPOINT((-31.9643180045532,253.971618276963));
#13651=IFCCARTESIANPOINT((-31.9702273574367,253.966040928033));
#13652=IFCCARTESIANPOINT((-31.9761367125029,253.96046358085));
#13653=IFCCARTESIANPOINT((-31.9822175607551,253.955027993128));
#13654=IFCCARTESIANPOINT((-31.9883398687525,253.949716867704));
#13655=IFCCARTESIANPOINT((-31.994462175644,253.944405741349));
#13656=IFCCARTESIANPOINT((-32.0006702296087,253.939165494987));
#13657=IFCCARTESIANPOINT((-32.0069640354195,253.933996132924));
#13658=IFCCARTESIANPOINT((-32.0133435871976,253.928897649923));
#13659=IFCCARTESIANPOINT((-32.0196788492322,253.923852747015));
#13660=IFCCARTESIANPOINT((-32.0260998602025,253.918878725846));
#13661=IFCCARTESIANPOINT((-32.0326480773219,253.914100046386));
#13662=IFCCARTESIANPOINT((-32.0391548345215,253.909196904569));
#13663=IFCCARTESIANPOINT((-32.0457888002566,253.904489106673));
#13664=IFCCARTESIANPOINT((-32.0524642230303,253.899905768631));
#13665=IFCCARTESIANPOINT((-32.05913964723,253.895322431752));
#13666=IFCCARTESIANPOINT((-32.0659008162038,253.89080997312));
#13667=IFCCARTESIANPOINT((-32.0727477363253,253.886368397973));
#13668=IFCCARTESIANPOINT((-32.0796361133689,253.882051282853));
#13669=IFCCARTESIANPOINT((-32.0865244904999,253.877734167618));
#13670=IFCCARTESIANPOINT((-32.0934543261828,253.873541513749));
#13671=IFCCARTESIANPOINT((-32.1004699088808,253.869419739873));
#13672=IFCCARTESIANPOINT((-32.1075269508001,253.865422427829));
#13673=IFCCARTESIANPOINT((-32.1146697413351,253.861495997233));
#13674=IFCCARTESIANPOINT((-32.1217682416609,253.857623146207));
#13675=IFCCARTESIANPOINT((-32.1289524916792,253.853821177559));
#13676=IFCCARTESIANPOINT((-32.136178198125,253.850143668358));
#13677=IFCCARTESIANPOINT((-32.1434896510618,253.8465370388));
#13678=IFCCARTESIANPOINT((-37.182765093894,254.265484455274));
#13679=IFCCARTESIANPOINT((-37.5194109073491,254.295287019166));
#13680=IFCCARTESIANPOINT((-37.8560180884087,254.324787103687));
#13681=IFCCARTESIANPOINT((-38.1926752126601,254.353877546091));
#13682=IFCCARTESIANPOINT((-38.529379447893,254.382736386324));
#13683=IFCCARTESIANPOINT((-38.8661750907777,254.411310050404));
#13684=IFCCARTESIANPOINT((-39.2028906395135,254.439456771535));
#13685=IFCCARTESIANPOINT((-39.5396975931944,254.467318314244));
#13686=IFCCARTESIANPOINT((-39.8765102014586,254.494823795627));
#13687=IFCCARTESIANPOINT((-40.2134142120194,254.522044096491));
#13688=IFCCARTESIANPOINT((-40.55027958969,254.548961917928));
#13689=IFCCARTESIANPOINT((-40.887194911862,254.575470098411));
#13690=IFCCARTESIANPOINT((-41.2240716000961,254.601675798593));
#13691=IFCCARTESIANPOINT((-41.561039694061,254.627596321166));
#13692=IFCCARTESIANPOINT((-41.8980134401645,254.653160780668));
#13693=IFCCARTESIANPOINT((-42.2350785912422,254.678440062038));
#13694=IFCCARTESIANPOINT((-42.5720193583984,254.703345980553));
#13695=IFCCARTESIANPOINT((-42.9090958227462,254.727913143055));
#13696=IFCCARTESIANPOINT((-43.2462193986576,254.752248704608));
#13697=IFCCARTESIANPOINT((-43.5832628812932,254.776157324144));
#13698=IFCCARTESIANPOINT((-43.9203977677389,254.799780764908));
#13699=IFCCARTESIANPOINT((-44.2575383109797,254.823048146383));
#13700=IFCCARTESIANPOINT((-44.5947702591948,254.846030350076));
#13701=IFCCARTESIANPOINT((-44.9318778217421,254.868639189459));
#13702=IFCCARTESIANPOINT((-45.2690767889435,254.890962850826));
#13703=IFCCARTESIANPOINT((-45.6063257034693,254.912876874034));
#13704=IFCCARTESIANPOINT((-45.9436217308103,254.93455929734));
#13705=IFCCARTESIANPOINT((-46.2808791224088,254.955939239182));
#13706=IFCCARTESIANPOINT((-46.6181864613609,254.976909542922));
#13707=IFCCARTESIANPOINT((-46.9554551661713,254.997577366594));
#13708=IFCCARTESIANPOINT((-47.2928152724926,255.017960009805));
#13709=IFCCARTESIANPOINT((-47.6301810384321,255.037986596406));
#13710=IFCCARTESIANPOINT((-47.9675524581107,255.057657121739));
#13711=IFCCARTESIANPOINT((-48.3049295346718,255.076971588365));
#13712=IFCCARTESIANPOINT((-48.6423537222436,255.096054453694));
#13713=IFCCARTESIANPOINT((-48.9797835715872,255.114781264449));
#13714=IFCCARTESIANPOINT((-49.3172190683254,255.133152008639));
#13715=IFCCARTESIANPOINT((-49.6546602243034,255.151166696218));
#13716=IFCCARTESIANPOINT((-49.9921927860996,255.168896207178));
#13717=IFCCARTESIANPOINT((-50.329686712299,255.186323236907));
#13718=IFCCARTESIANPOINT((-50.6671862946823,255.20339420758));
#13719=IFCCARTESIANPOINT((-51.0046915326966,255.220109118673));
#13720=IFCCARTESIANPOINT((-51.3422881765,255.236538853089));
#13721=IFCCARTESIANPOINT((-51.6798461843282,255.252666106273));
#13722=IFCCARTESIANPOINT((-52.0174098495918,255.268437301624));
#13723=IFCCARTESIANPOINT((-52.3549791689147,255.283852435881));
#13724=IFCCARTESIANPOINT((-52.6926398919022,255.298982392123));
#13725=IFCCARTESIANPOINT((-53.0302205256012,255.31368541019));
#13726=IFCCARTESIANPOINT((-53.3678482701944,255.328156827309));
#13727=IFCCARTESIANPOINT((-53.7055674184521,255.342343066353));
#13728=IFCCARTESIANPOINT((-54.0432064776833,255.356102367456));
#13729=IFCCARTESIANPOINT((-54.3808926501952,255.369630069763));
#13730=IFCCARTESIANPOINT((-54.7185430181562,255.382677250134));
#13731=IFCCARTESIANPOINT((-55.056240502483,255.395492834272));
#13732=IFCCARTESIANPOINT((-55.3939851024479,255.408076821652));
#13733=IFCCARTESIANPOINT((-55.7316938960867,255.420180285524));
#13734=IFCCARTESIANPOINT((-56.0694498080702,255.432052155025));
#13735=IFCCARTESIANPOINT((-56.4072113753355,255.443567964889));
#13736=IFCCARTESIANPOINT((-56.744978596922,255.454727714416));
#13737=IFCCARTESIANPOINT((-57.0827071832318,255.465584983642));
#13738=IFCCARTESIANPOINT((-57.4205271780665,255.476157079043));
#13739=IFCCARTESIANPOINT((-57.7582670785196,255.486302232253));
#13740=IFCCARTESIANPOINT((-58.0960983828118,255.496162207914));
#13741=IFCCARTESIANPOINT((-58.4338910569786,255.505719707464));
#13742=IFCCARTESIANPOINT((-58.7717751302698,255.514992025623));
#13743=IFCCARTESIANPOINT((-59.1095791139232,255.523837405548));
#13744=IFCCARTESIANPOINT((-59.4474302117014,255.532451187668));
#13745=IFCCARTESIANPOINT((-59.7852012177755,255.540638029983));
#13746=IFCCARTESIANPOINT((-60.1230636301334,255.548539696843));
#13747=IFCCARTESIANPOINT((-60.4610174458649,255.556156185979));
#13748=IFCCARTESIANPOINT((-60.7988468776748,255.563399312785));
#13749=IFCCARTESIANPOINT((-61.1366819674731,255.570286382805));
#13750=IFCCARTESIANPOINT((-61.4746084585495,255.576888273179));
#13751=IFCCARTESIANPOINT((-61.8124963189766,255.583187687269));
#13752=IFCCARTESIANPOINT((-62.150389837072,255.589131044107));
#13753=IFCCARTESIANPOINT((-62.4882890102162,255.594718341716));
#13754=IFCCARTESIANPOINT((-62.8261495504121,255.600003161002));
#13755=IFCCARTESIANPOINT((-63.1641014948254,255.605002803379));
#13756=IFCCARTESIANPOINT((-63.5020590946951,255.609646386874));
#13757=IFCCARTESIANPOINT((-63.8398923130298,255.613916610193));
#13758=IFCCARTESIANPOINT((-64.177816935553,255.61790165666));
#13759=IFCCARTESIANPOINT((-64.5157472146675,255.621530645119));
#13760=IFCCARTESIANPOINT((-64.8537246089254,255.624928037054));
#13761=IFCCARTESIANPOINT((-65.191666202998,255.627844911302));
#13762=IFCCARTESIANPOINT((-65.5296106191527,255.6305837658));
#13763=IFCCARTESIANPOINT((-65.8675192345108,255.632842101913));
#13764=IFCCARTESIANPOINT((-66.20547496379,255.634868840512));
#13765=IFCCARTESIANPOINT((-66.5433920636133,255.636593104049));
#13766=IFCCARTESIANPOINT((-66.881359105435,255.637907726516));
#13767=IFCCARTESIANPOINT((-67.2192875147739,255.638919871359));
#13768=IFCCARTESIANPOINT((-67.5572630392562,255.639700419619));
#13769=IFCCARTESIANPOINT((-67.8951584741008,255.640054030053));
#13770=IFCCARTESIANPOINT((-68.2331453090592,255.640122460609));
#13771=IFCCARTESIANPOINT((-68.5711378054111,255.639834837464));
#13772=IFCCARTESIANPOINT((-68.9090059190348,255.639173853269));
#13773=IFCCARTESIANPOINT((-69.2469654369634,255.638227692689));
#13774=IFCCARTESIANPOINT((-69.5848863221763,255.636979054252));
#13775=IFCCARTESIANPOINT((-69.9228986121307,255.635445239895));
#13776=IFCCARTESIANPOINT((-70.2608308107301,255.633484486316));
#13777=IFCCARTESIANPOINT((-70.598724374926,255.6312212536));
#13778=IFCCARTESIANPOINT((-70.9495238216186,255.6259174273));
#13779=IFCCARTESIANPOINT((-71.3001574335212,255.620115786383));
#13780=IFCCARTESIANPOINT((-71.6508852773986,255.613850927795));
#13781=IFCCARTESIANPOINT((-72.001533030445,255.607159132836));
#13782=IFCCARTESIANPOINT((-72.3522307289822,255.600057702512));
#13783=IFCCARTESIANPOINT((-72.7029369158845,255.592422176444));
#13784=IFCCARTESIANPOINT((-73.0536044728069,255.584484177583));
#13785=IFCCARTESIANPOINT((-73.4042805166391,255.576012081932));
#13786=IFCCARTESIANPOINT((-73.7549207564152,255.567059467896));
#13787=IFCCARTESIANPOINT((-74.1055666515895,255.557750797889));
#13788=IFCCARTESIANPOINT((-74.4561767512641,255.547961616714));
#13789=IFCCARTESIANPOINT((-74.8067510465335,255.537691917096));
#13790=IFCCARTESIANPOINT((-75.1573752868862,255.527012581879));
#13791=IFCCARTESIANPOINT((-75.5079194388236,255.515906312328));
#13792=IFCCARTESIANPOINT((-75.8585135367757,255.50439040811));
#13793=IFCCARTESIANPOINT((-76.2090718317777,255.492393986613));
#13794=IFCCARTESIANPOINT((-76.5595943252847,255.479917049175));
#13795=IFCCARTESIANPOINT((-76.9101667690556,255.467030480562));
#13796=IFCCARTESIANPOINT((-77.2606591194635,255.4537169736));
#13797=IFCCARTESIANPOINT((-77.6111156672996,255.439922949823));
#13798=IFCCARTESIANPOINT((-77.9615364188212,255.425648414239));
#13799=IFCCARTESIANPOINT((-78.3120071130979,255.410964241542));
#13800=IFCCARTESIANPOINT((-78.6624834633549,255.395924013283));
#13801=IFCCARTESIANPOINT((-79.0128382669354,255.380332389672));
#13802=IFCCARTESIANPOINT((-79.3632430182479,255.364331132849));
#13803=IFCCARTESIANPOINT((-79.7136977131304,255.34792023967));
#13804=IFCCARTESIANPOINT((-80.063986573281,255.331011531875));
#13805=IFCCARTESIANPOINT((-80.4143253785733,255.313693188888));
#13806=IFCCARTESIANPOINT((-80.7646283844661,255.295894331648));
#13807=IFCCARTESIANPOINT((-81.1149370458152,255.277739418671));
#13808=IFCCARTESIANPOINT((-81.465209904447,255.259103988938));
#13809=IFCCARTESIANPOINT((-81.8154469668516,255.239988047513));
#13810=IFCCARTESIANPOINT((-82.1656039351656,255.22044516739));
#13811=IFCCARTESIANPOINT((-82.5158108508622,255.200492654054));
#13812=IFCCARTESIANPOINT((-82.8659819689638,255.180059627921));
#13813=IFCCARTESIANPOINT((-83.2161172846972,255.159146085556));
#13814=IFCCARTESIANPOINT((-83.5662582559162,255.137876487337));
#13815=IFCCARTESIANPOINT((-83.9163634273282,255.116126374749));
#13816=IFCCARTESIANPOINT((-84.2663885130023,255.093949330272));
#13817=IFCCARTESIANPOINT((-84.6163777940383,255.071291767352));
#13818=IFCCARTESIANPOINT((-84.9664170213218,255.048224570462));
#13819=IFCCARTESIANPOINT((-85.3163761604519,255.024730439531));
#13820=IFCCARTESIANPOINT((-85.6662995000952,255.000755794637));
#13821=IFCCARTESIANPOINT((-86.0161870367883,254.976300632639));
#13822=IFCCARTESIANPOINT((-86.3660802325176,254.951489418105));
#13823=IFCCARTESIANPOINT((-86.7159376277414,254.926197688619));
#13824=IFCCARTESIANPOINT((-87.0657149336184,254.900479024218));
#13825=IFCCARTESIANPOINT((-87.4155864737113,254.874297145114));
#13826=IFCCARTESIANPOINT((-87.7652478897653,254.847671030904));
#13827=IFCCARTESIANPOINT((-88.1149592524453,254.820635283191));
#13828=IFCCARTESIANPOINT((-88.4646348125243,254.793119018723));
#13829=IFCCARTESIANPOINT((-88.8143603236822,254.765193124244));
#13830=IFCCARTESIANPOINT((-89.1639199970814,254.736769412702));
#13831=IFCCARTESIANPOINT((-89.5134853273921,254.70798964682));
#13832=IFCCARTESIANPOINT((-89.8630148574302,254.678729366104));
#13833=IFCCARTESIANPOINT((-90.2125085880107,254.648988571484));
#13834=IFCCARTESIANPOINT((-90.5619222291862,254.618820842006));
#13835=IFCCARTESIANPOINT((-90.9113858182682,254.588243479899));
#13836=IFCCARTESIANPOINT((-91.2607693150348,254.557239180373));
#13837=IFCCARTESIANPOINT((-91.6101170157199,254.525754369854));
#13838=IFCCARTESIANPOINT((-91.9594289154047,254.493789043976));
#13839=IFCCARTESIANPOINT((-92.3087464716809,254.461467663466));
#13840=IFCCARTESIANPOINT((-92.6578981923813,254.428648467583));
#13841=IFCCARTESIANPOINT((-93.0070998624142,254.395419640292));
#13842=IFCCARTESIANPOINT((-93.3562657301372,254.361710296711));
#13843=IFCCARTESIANPOINT((-93.7053072197014,254.327627598366));
#13844=IFCCARTESIANPOINT((-94.0543571994931,254.293010806548));
#13845=IFCCARTESIANPOINT((-94.4034128366911,254.258037960855));
#13846=IFCCARTESIANPOINT((-94.7523026360141,254.222567297984));
#13847=IFCCARTESIANPOINT((-95.1012423890643,254.186687007255));
#13848=IFCCARTESIANPOINT((-95.4501463363122,254.150326197385));
#13849=IFCCARTESIANPOINT((-95.7989259073802,254.113592034206));
#13850=IFCCARTESIANPOINT((-96.1477139711205,254.076323779649));
#13851=IFCCARTESIANPOINT((-96.4964634003991,254.038753048808));
#13852=IFCCARTESIANPOINT((-96.8451355742,254.000577344559));
#13853=IFCCARTESIANPOINT((-97.193769117468,253.962099166994));
#13854=IFCCARTESIANPOINT((-97.542366857786,253.9231404725));
#13855=IFCCARTESIANPOINT((-97.8909288012073,253.88370126643));
#13856=IFCCARTESIANPOINT((-98.2394106557185,253.843835125561));
#13857=IFCCARTESIANPOINT((-98.5878124223382,253.803542050882));
#13858=IFCCARTESIANPOINT((-98.9361783897621,253.762768462417));
#13859=IFCCARTESIANPOINT((-99.2845500170661,253.721638822113));
#13860=IFCCARTESIANPOINT((-99.6328000924841,253.679957782035));
#13861=IFCCARTESIANPOINT((-99.9810558324971,253.637920693902));
#13862=IFCCARTESIANPOINT((-100.329231481708,253.595456669747));
#13863=IFCCARTESIANPOINT((-100.677371333441,253.552512133087));
#13864=IFCCARTESIANPOINT((-101.025431095186,253.509140660812));
#13865=IFCCARTESIANPOINT((-101.373455057415,253.465288674575));
#13866=IFCCARTESIANPOINT((-101.721398932859,253.421009755402));
#13867=IFCCARTESIANPOINT((-102.069262718287,253.376303900441));
#13868=IFCCARTESIANPOINT((-102.417132163537,253.331241993816));
#13869=IFCCARTESIANPOINT((-102.764880064147,253.28562869312));
#13870=IFCCARTESIANPOINT((-103.112677911093,253.239605758747));
#13871=IFCCARTESIANPOINT((-103.460265633563,253.193138588278));
#13872=IFCCARTESIANPOINT((-103.807903306122,253.146261787333));
#13873=IFCCARTESIANPOINT((-104.15550517806,253.098904471204));
#13874=IFCCARTESIANPOINT((-104.50289692622,253.051102919562));
#13875=IFCCARTESIANPOINT((-104.850338622433,253.002891735756));
#13876=IFCCARTESIANPOINT((-105.197700230841,252.954253617965));
#13877=IFCCARTESIANPOINT((-105.205771817535,252.960204345698));
#13878=IFCCARTESIANPOINT((-105.213713367266,252.966137771029));
#13879=IFCCARTESIANPOINT((-105.221566335589,252.972178352706));
#13880=IFCCARTESIANPOINT((-105.229505051597,252.97828981647));
#13881=IFCCARTESIANPOINT((-105.237269446341,252.984437561128));
#13882=IFCCARTESIANPOINT((-105.245075293002,252.990709761973));
#13883=IFCCARTESIANPOINT((-105.252795390756,252.996911079856));
#13884=IFCCARTESIANPOINT((-105.260512659763,253.003290440305));
#13885=IFCCARTESIANPOINT((-105.268099889829,253.009652496548));
#13886=IFCCARTESIANPOINT((-105.27572857897,253.016139014682));
#13887=IFCCARTESIANPOINT((-105.283182939165,253.022661807656));
#13888=IFCCARTESIANPOINT((-105.290637302038,253.029184602783));
#13889=IFCCARTESIANPOINT((-105.298088830343,253.035885435762));
#13890=IFCCARTESIANPOINT((-105.305454611283,253.042515386885));
#13891=IFCCARTESIANPOINT((-105.312817560305,253.049323378073));
#13892=IFCCARTESIANPOINT((-105.320050472656,253.056114066916));
#13893=IFCCARTESIANPOINT((-105.32728338553,253.062904756225));
#13894=IFCCARTESIANPOINT((-105.334427713591,253.069802599261));
#13895=IFCCARTESIANPOINT((-105.34148346656,253.076807604055));
#13896=IFCCARTESIANPOINT((-105.348624969687,253.083883492684));
#13897=IFCCARTESIANPOINT((-105.355636432214,253.090942076));
#13898=IFCCARTESIANPOINT((-105.362603603135,253.098054236616));
#13899=IFCCARTESIANPOINT((-105.369396449503,253.105202675681));
#13900=IFCCARTESIANPOINT((-105.376275042392,253.112421995786));
#13901=IFCCARTESIANPOINT((-105.38306505527,253.119748473458));
#13902=IFCCARTESIANPOINT((-105.389810781082,253.127128532273));
#13903=IFCCARTESIANPOINT((-105.396426463645,253.134491283505));
#13904=IFCCARTESIANPOINT((-105.402997859957,253.141907616693));
#13905=IFCCARTESIANPOINT((-105.409610715316,253.149448411714));
#13906=IFCCARTESIANPOINT((-105.416093532549,253.156971903285));
#13907=IFCCARTESIANPOINT((-105.422532059281,253.164548973262));
#13908=IFCCARTESIANPOINT((-105.428882006468,253.172233201156));
#13909=IFCCARTESIANPOINT((-105.435231953656,253.179917429108));
#13910=IFCCARTESIANPOINT((-105.441537610721,253.187655235874));
#13911=IFCCARTESIANPOINT((-105.447668941837,253.195429319749));
#13912=IFCCARTESIANPOINT((-105.453755982744,253.203256982204));
#13913=IFCCARTESIANPOINT((-105.459928769938,253.211155525525));
#13914=IFCCARTESIANPOINT((-105.465927230922,253.219090345723));
#13915=IFCCARTESIANPOINT((-105.4718814019,253.227078744792));
#13916=IFCCARTESIANPOINT((-105.47770553673,253.235049841926));
#13917=IFCCARTESIANPOINT((-105.483571127843,253.243145398679));
#13918=IFCCARTESIANPOINT((-105.489392427349,253.251294532965));
#13919=IFCCARTESIANPOINT((-105.495083692542,253.259426366945));
#13920=IFCCARTESIANPOINT((-105.500730667409,253.267611779447));
#13921=IFCCARTESIANPOINT((-105.506289060839,253.275904348353));
#13922=IFCCARTESIANPOINT((-105.511761710106,253.284126038197));
#13923=IFCCARTESIANPOINT((-105.517275813472,253.292472185974));
#13924=IFCCARTESIANPOINT((-105.522615592519,253.300854612142));
#13925=IFCCARTESIANPOINT((-105.527955369325,253.309237036272));
#13926=IFCCARTESIANPOINT((-105.533206564694,253.317726617155));
#13927=IFCCARTESIANPOINT((-105.53841347617,253.326269781624));
#13928=IFCCARTESIANPOINT((-105.543534637109,253.334742062027));
#13929=IFCCARTESIANPOINT((-105.548567218328,253.343321499997));
#13930=IFCCARTESIANPOINT((-105.553555507475,253.351954515441));
#13931=IFCCARTESIANPOINT((-105.558543800871,253.360587533971));
#13932=IFCCARTESIANPOINT((-105.563357766019,253.369256828038));
#13933=IFCCARTESIANPOINT((-105.568127439532,253.377979699464));
#13934=IFCCARTESIANPOINT((-105.57285282432,253.386756150809));
#13935=IFCCARTESIANPOINT((-105.577533919655,253.395586181374));
#13936=IFCCARTESIANPOINT((-105.582084977039,253.404398908431));
#13937=IFCCARTESIANPOINT((-105.586591743719,253.413265213894));
#13938=IFCCARTESIANPOINT((-105.591098510689,253.422131519532));
#13939=IFCCARTESIANPOINT((-105.595516700327,253.431104985008));
#13940=IFCCARTESIANPOINT((-105.599804851372,253.44006114651));
#13941=IFCCARTESIANPOINT((-105.604048710753,253.449070885486));
#13942=IFCCARTESIANPOINT((-105.608162535616,253.458063323924));
#13943=IFCCARTESIANPOINT((-105.612317817024,253.467180222331));
#13944=IFCCARTESIANPOINT((-105.616343061876,253.476279818278));
#13945=IFCCARTESIANPOINT((-105.620324015239,253.485432991933));
#13946=IFCCARTESIANPOINT((-105.624174929719,253.494568861497));
#13947=IFCCARTESIANPOINT((-105.627981557307,253.503758312145));
#13948=IFCCARTESIANPOINT((-105.631788185827,253.51294776384));
#13949=IFCCARTESIANPOINT((-105.635420485196,253.522173489968));
#13950=IFCCARTESIANPOINT((-105.63909424236,253.531523676764));
#13951=IFCCARTESIANPOINT((-105.642552217207,253.540785681165));
#13952=IFCCARTESIANPOINT((-105.646051649208,253.550172145828));
#13953=IFCCARTESIANPOINT((-105.649465329159,253.55948772491));
#13954=IFCCARTESIANPOINT((-105.652790434804,253.568910466158));
#13955=IFCCARTESIANPOINT((-105.656029792124,253.578262325027));
#13956=IFCCARTESIANPOINT((-105.659180569084,253.587721341231));
#13957=IFCCARTESIANPOINT((-105.662331343861,253.597180355631));
#13958=IFCCARTESIANPOINT((-105.665307792457,253.606675646908));
#13959=IFCCARTESIANPOINT((-105.668284243526,253.61617094028));
#13960=IFCCARTESIANPOINT((-105.671216402989,253.625719810894));
#13961=IFCCARTESIANPOINT((-105.674018525198,253.635251378873));
#13962=IFCCARTESIANPOINT((-105.676690609864,253.644765643752));
#13963=IFCCARTESIANPOINT((-105.679404152732,253.654404369998));
#13964=IFCCARTESIANPOINT((-105.681987657998,253.66402579291));
#13965=IFCCARTESIANPOINT((-105.684441126534,253.673629913479));
#13966=IFCCARTESIANPOINT((-105.686980341154,253.683304914681));
#13967=IFCCARTESIANPOINT((-105.689259484265,253.692945312825));
#13968=IFCCARTESIANPOINT((-105.691624370607,253.702656589157));
#13969=IFCCARTESIANPOINT((-105.693814933329,253.712404144637));
#13970=IFCCARTESIANPOINT((-105.695919746329,253.72208081634));
#13971=IFCCARTESIANPOINT((-105.697980273049,253.731811069942));
#13972=IFCCARTESIANPOINT((-105.69999650729,253.741594900202));
#13973=IFCCARTESIANPOINT((-105.701882703783,253.751361427305));
#13974=IFCCARTESIANPOINT((-105.703768900508,253.76112795464));
#13975=IFCCARTESIANPOINT((-105.705480770819,253.770930758561));
#13976=IFCCARTESIANPOINT((-106.115240133571,256.372349404322));
#13977=IFCPOLYLINE((#13569,#13570,#13571,#13572,#13573,#13574,#13575,#13576,#13577,#13578,#13579,#13580,#13581,#13582,#13583,#13584,#13585,#13586,#13587,#13588,#13589,#13590,#13591,#13592,#13593,#13594,#13595,#13596,#13597,#13598,#13599,#13600,#13601,#13602,#13603,#13604,#13605,#13606,#13607,#13608,#13609,#13610,#13611,#13612,#13613,#13614,#13615,#13616,#13617,#13618,#13619,#13620,#13621,#13622,#13623,#13624,#13625,#13626,#13627,#13628,#13629,#13630,#13631,#13632,#13633,#13634,#13635,#13636,#13637,#13638,#13639,#13640,#13641,#13642,#13643,#13644,#13645,#13646,#13647,#13648,#13649,#13650,#13651,#13652,#13653,#13654,#13655,#13656,#13657,#13658,#13659,#13660,#13661,#13662,#13663,#13664,#13665,#13666,#13667,#13668,#13669,#13670,#13671,#13672,#13673,#13674,#13675,#13676,#13677,#13678,#13679,#13680,#13681,#13682,#13683,#13684,#13685,#13686,#13687,#13688,#13689,#13690,#13691,#13692,#13693,#13694,#13695,#13696,#13697,#13698,#13699,#13700,#13701,#13702,#13703,#13704,#13705,#13706,#13707,#13708,#13709,#13710,#13711,#13712,#13713,#13714,#13715,#13716,#13717,#13718,#13719,#13720,#13721,#13722,#13723,#13724,#13725,#13726,#13727,#13728,#13729,#13730,#13731,#13732,#13733,#13734,#13735,#13736,#13737,#13738,#13739,#13740,#13741,#13742,#13743,#13744,#13745,#13746,#13747,#13748,#13749,#13750,#13751,#13752,#13753,#13754,#13755,#13756,#13757,#13758,#13759,#13760,#13761,#13762,#13763,#13764,#13765,#13766,#13767,#13768,#13769,#13770,#13771,#13772,#13773,#13774,#13775,#13776,#13777,#13778,#13779,#13780,#13781,#13782,#13783,#13784,#13785,#13786,#13787,#13788,#13789,#13790,#13791,#13792,#13793,#13794,#13795,#13796,#13797,#13798,#13799,#13800,#13801,#13802,#13803,#13804,#13805,#13806,#13807,#13808,#13809,#13810,#13811,#13812,#13813,#13814,#13815,#13816,#13817,#13818,#13819,#13820,#13821,#13822,#13823,#13824,#13825,#13826,#13827,#13828,#13829,#13830,#13831,#13832,#13833,#13834,#13835,#13836,#13837,#13838,#13839,#13840,#13841,#13842,#13843,#13844,#13845,#13846,#13847,#13848,#13849,#13850,#13851,#13852,#13853,#13854,#13855,#13856,#13857,#13858,#13859,#13860,#13861,#13862,#13863,#13864,#13865,#13866,#13867,#13868,#13869,#13870,#13871,#13872,#13873,#13874,#13875,#13876,#13877,#13878,#13879,#13880,#13881,#13882,#13883,#13884,#13885,#13886,#13887,#13888,#13889,#13890,#13891,#13892,#13893,#13894,#13895,#13896,#13897,#13898,#13899,#13900,#13901,#13902,#13903,#13904,#13905,#13906,#13907,#13908,#13909,#13910,#13911,#13912,#13913,#13914,#13915,#13916,#13917,#13918,#13919,#13920,#13921,#13922,#13923,#13924,#13925,#13926,#13927,#13928,#13929,#13930,#13931,#13932,#13933,#13934,#13935,#13936,#13937,#13938,#13939,#13940,#13941,#13942,#13943,#13944,#13945,#13946,#13947,#13948,#13949,#13950,#13951,#13952,#13953,#13954,#13955,#13956,#13957,#13958,#13959,#13960,#13961,#13962,#13963,#13964,#13965,#13966,#13967,#13968,#13969,#13970,#13971,#13972,#13973,#13974,#13975,#13976));
#13978=IFCARBITRARYCLOSEDPROFILEDEF(.AREA.,$,#13977);
#13979=IFCEXTRUDEDAREASOLID(#13978,#13567,#13568,0.1);
#13980=IFCSHAPEREPRESENTATION(#11,'Body','SweptSolid',(#13979));
#13981=IFCPRODUCTDEFINITIONSHAPE($,$,(#13980));
#13982=IFCSLAB('0OTgSerW59xuJeT82LiG42',#5,'NL.IMRO.0772.EP141476441310-00',$,$,#13563,#13981,$,.NOTDEFINED.);
#13983=IFCSTYLEDITEM(#13979,(#3319),$);
#13984=IFCPROPERTYSINGLEVALUE('plan_id',$,IFCTEXT('NL.IMRO.0772.80373-0301'),$);
#13985=IFCPROPERTYSINGLEVALUE('plan_naam',$,IFCTEXT('Deelgebieden Woensel-Zuid 2021'),$);
#13986=IFCPROPERTYSINGLEVALUE('id',$,IFCTEXT('NL.IMRO.0772.EP141476441310-00'),$);
#13987=IFCPROPERTYSINGLEVALUE('naam',$,IFCTEXT('Groen'),$);
#13988=IFCPROPERTYSINGLEVALUE('bestemmingshoofdgroep',$,IFCTEXT('groen'),$);
#13989=IFCPROPERTYSINGLEVALUE('verwijzing_naar_tekst',$,IFCTEXT('https://www.ruimtelijkeplannen.nl/documents/NL.IMRO.0772.80373-0301/pt_NL.IMRO.0772.80373-0301.xml#NL.IMRO.PT.s328'),$);
#13990=IFCPROPERTYSINGLEVALUE('plan_dossierstatus',$,IFCTEXT('geheel onherroepelijk in werking'),$);
#13991=IFCPROPERTYSINGLEVALUE('plan_besluitnummer',$,IFCTEXT('22bst01409'),$);
#13992=IFCPROPERTYSINGLEVALUE('type_planobject',$,IFCTEXT('enkelbestemming'),$);
#13993=IFCPROPERTYSET('0xBGLajaX50RXKY00TSOjl',#5,'CPset_DSO-Enkelbestemming',$,(#13984,#13985,#13986,#13987,#13988,#13989,#13990,#13991,#13992));
#13994=IFCRELDEFINESBYPROPERTIES('2165VzLvbClATjkeiVqP3Z',#5,$,$,(#13982),#13993);
#13995=IFCCARTESIANPOINT((0.,0.,-0.1));
#13996=IFCDIRECTION((0.,0.,1.));
#13997=IFCDIRECTION((1.,0.,0.));
#13998=IFCAXIS2PLACEMENT3D(#13995,#13996,#13997);
#13999=IFCLOCALPLACEMENT(#37,#13998);
#14000=IFCCARTESIANPOINT((0.,0.,0.));
#14001=IFCDIRECTION((0.,0.,1.));
#14002=IFCDIRECTION((1.,0.,0.));
#14003=IFCAXIS2PLACEMENT3D(#14000,#14001,#14002);
#14004=IFCDIRECTION((0.,0.,1.));
#14005=IFCCARTESIANPOINT((-119.458830461779,247.474879971065));
#14006=IFCCARTESIANPOINT((-119.204576868244,247.52490380354));
#14007=IFCCARTESIANPOINT((-118.950370398845,247.574696035881));
#14008=IFCCARTESIANPOINT((-118.69608100722,247.624239357072));
#14009=IFCCARTESIANPOINT((-118.4418387388,247.673551077663));
#14010=IFCCARTESIANPOINT((-118.187469260913,247.722667468071));
#14011=IFCCARTESIANPOINT((-117.933061158779,247.771481375617));
#14012=IFCCARTESIANPOINT((-117.678570138494,247.820046375447));
#14013=IFCCARTESIANPOINT((-117.424126238184,247.868379771768));
#14014=IFCCARTESIANPOINT((-117.169555131026,247.916517840407));
#14015=IFCCARTESIANPOINT((-116.914945398021,247.964353424672));
#14016=IFCCARTESIANPOINT((-116.660382784874,248.01195740531));
#14017=IFCCARTESIANPOINT((-116.405692965345,248.059366058558));
#14018=IFCCARTESIANPOINT((-116.150964517845,248.106472225802));
#14019=IFCCARTESIANPOINT((-115.896153153357,248.153329486493));
#14020=IFCCARTESIANPOINT((-115.641344618954,248.200008722488));
#14021=IFCCARTESIANPOINT((-115.386453168438,248.246439052746));
#14022=IFCCARTESIANPOINT((-115.131608834956,248.292637777107));
#14023=IFCCARTESIANPOINT((-114.876681587892,248.338587597653));
#14024=IFCCARTESIANPOINT((-114.621715711633,248.384234931204));
#14025=IFCCARTESIANPOINT((-114.366622631293,248.429686939693));
#14026=IFCCARTESIANPOINT((-114.111576668249,248.474907342112));
#14027=IFCCARTESIANPOINT((-113.856447787315,248.519878837513));
#14028=IFCCARTESIANPOINT((-113.601280281582,248.564547849528));
#14029=IFCCARTESIANPOINT((-113.346115603432,248.609038834809));
#14030=IFCCARTESIANPOINT((-113.090868010797,248.653280915751));
#14031=IFCCARTESIANPOINT((-112.835537499719,248.697274089209));
#14032=IFCCARTESIANPOINT((-112.580254107743,248.741035658226));
#14033=IFCCARTESIANPOINT((-112.32488780003,248.78454832203));
#14034=IFCCARTESIANPOINT((-112.069438572653,248.827812077187));
#14035=IFCCARTESIANPOINT((-111.8140364672,248.87084423058));
#14036=IFCCARTESIANPOINT((-111.558551443071,248.913627476199));
#14037=IFCCARTESIANPOINT((-111.302983499801,248.956161813578));
#14038=IFCCARTESIANPOINT((-111.04746268093,248.998464551289));
#14039=IFCCARTESIANPOINT((-110.791858943121,249.040518380934));
#14040=IFCCARTESIANPOINT((-110.536172286345,249.082323302748));
#14041=IFCCARTESIANPOINT((-110.280532750796,249.123896621924));
#14042=IFCCARTESIANPOINT((-110.024680258473,249.165203729994));
#14043=IFCCARTESIANPOINT((-109.769004926231,249.206296539691));
#14044=IFCCARTESIANPOINT((-109.51311663838,249.247123139037));
#14045=IFCCARTESIANPOINT((-109.257275470212,249.287718134758));
#14046=IFCCARTESIANPOINT((-109.0014371289,249.328135103162));
#14047=IFCCARTESIANPOINT((-108.745474417025,249.368178707664));
#14048=IFCCARTESIANPOINT((-108.489600279805,249.408115167229));
#14049=IFCCARTESIANPOINT((-108.233557478379,249.447731838736));
#14050=IFCCARTESIANPOINT((-108.166071601067,248.93341678736));
#14051=IFCCARTESIANPOINT((-107.609730775381,244.739273011626));
#14052=IFCCARTESIANPOINT((-107.80948582213,244.710127259663));
#14053=IFCCARTESIANPOINT((-108.009157951805,244.68073259457));
#14054=IFCCARTESIANPOINT((-108.208874369244,244.651284358988));
#14055=IFCCARTESIANPOINT((-108.408552161272,244.621533632628));
#14056=IFCCARTESIANPOINT((-108.608144203288,244.591712032445));
#14057=IFCCARTESIANPOINT((-108.807783367898,244.561658824037));
#14058=IFCCARTESIANPOINT((-109.007381070784,244.531481161539));
#14059=IFCCARTESIANPOINT((-109.206895856449,244.501054585562));
#14060=IFCCARTESIANPOINT((-109.406454934302,244.470574442705));
#14061=IFCCARTESIANPOINT((-109.605975384417,244.439791807381));
#14062=IFCCARTESIANPOINT((-109.80541008836,244.408938301262));
#14063=IFCCARTESIANPOINT((-110.004891907331,244.377853180689));
#14064=IFCCARTESIANPOINT((-110.204332270892,244.346643611032));
#14065=IFCCARTESIANPOINT((-110.403689718863,244.315185129468));
#14066=IFCCARTESIANPOINT((-110.603091454162,244.283673077123));
#14067=IFCCARTESIANPOINT((-110.80241027326,244.251912112115));
#14068=IFCCARTESIANPOINT((-111.001731922763,244.219973115833));
#14069=IFCCARTESIANPOINT((-111.201012114878,244.187909668952));
#14070=IFCCARTESIANPOINT((-111.400295138184,244.15566819167));
#14071=IFCCARTESIANPOINT((-111.599536700844,244.123302260938));
#14072=IFCCARTESIANPOINT((-111.798695348582,244.090687418648));
#14073=IFCCARTESIANPOINT((-111.997856827191,244.057894545607));
#14074=IFCCARTESIANPOINT((-112.19710688421,244.024994523672));
#14075=IFCCARTESIANPOINT((-112.396229735663,243.991899168468));
#14076=IFCCARTESIANPOINT((-112.595225379162,243.958608478017));
#14077=IFCCARTESIANPOINT((-112.794353889563,243.925157058868));
#14078=IFCCARTESIANPOINT((-112.993440945313,243.89158119139));
#14079=IFCCARTESIANPOINT((-113.192400795029,243.857809990062));
#14080=IFCCARTESIANPOINT((-113.39136347358,243.82386075618));
#14081=IFCCARTESIANPOINT((-113.590328982595,243.789733491081));
#14082=IFCCARTESIANPOINT((-113.789253035997,243.755481777072));
#14083=IFCCARTESIANPOINT((-113.988094170141,243.720981147606));
#14084=IFCCARTESIANPOINT((-114.187023885403,243.686373371747));
#14085=IFCCARTESIANPOINT((-114.385826393001,243.651570260641));
#14086=IFCCARTESIANPOINT((-114.584631730977,243.616589118377));
#14087=IFCCARTESIANPOINT((-114.783395611914,243.581483525631));
#14088=IFCCARTESIANPOINT((-114.982162325963,243.54619990394));
#14089=IFCCARTESIANPOINT((-115.18084612189,243.51066736778));
#14090=IFCCARTESIANPOINT((-115.379574205523,243.475081261306));
#14091=IFCCARTESIANPOINT((-115.57821937502,243.439246243855));
#14092=IFCCARTESIANPOINT((-115.77686737373,243.403233193909));
#14093=IFCCARTESIANPOINT((-115.975473914965,243.367095693306));
#14094=IFCCARTESIANPOINT((-116.173953250371,243.33076285891));
#14095=IFCCARTESIANPOINT((-116.372521165787,243.294322877366));
#14096=IFCCARTESIANPOINT((-116.571006163198,243.257633981353));
#14097=IFCCARTESIANPOINT((-116.769493991567,243.220767054649));
#14098=IFCCARTESIANPOINT((-116.967940362316,243.183775676822));
#14099=IFCCARTESIANPOINT((-117.166345276521,243.146659849212));
#14100=IFCCARTESIANPOINT((-117.364667271468,243.109295106085));
#14101=IFCCARTESIANPOINT((-117.562992098916,243.071752333373));
#14102=IFCCARTESIANPOINT((-117.761405505327,243.034102412639));
#14103=IFCCARTESIANPOINT((-117.959647416632,242.996310737391));
#14104=IFCCARTESIANPOINT((-118.157850700518,242.958216569328));
#14105=IFCCARTESIANPOINT((-118.356098271353,242.920068830426));
#14106=IFCCARTESIANPOINT((-118.554262930818,242.881672182528));
#14107=IFCCARTESIANPOINT((-118.752386130422,242.843151081819));
#14108=IFCCARTESIANPOINT((-118.950512161653,242.804451950768));
#14109=IFCCARTESIANPOINT((-119.14859673407,242.765628367953));
#14110=IFCCARTESIANPOINT((-119.346684135176,242.726626752119));
#14111=IFCCARTESIANPOINT((-119.544644335227,242.687429806567));
#14112=IFCCARTESIANPOINT((-119.742607364984,242.648054828984));
#14113=IFCCARTESIANPOINT((-119.940573225031,242.608501819894));
#14114=IFCCARTESIANPOINT((-120.138497627981,242.568824360322));
#14115=IFCCARTESIANPOINT((-120.336339112051,242.528897985525));
#14116=IFCCARTESIANPOINT((-120.534224888775,242.488918044372));
#14117=IFCCARTESIANPOINT((-120.732027749385,242.448689190263));
#14118=IFCCARTESIANPOINT((-120.929833438451,242.40828230331));
#14119=IFCCARTESIANPOINT((-121.127597672283,242.367750967212));
#14120=IFCCARTESIANPOINT((-121.325234698801,242.327024295984));
#14121=IFCCARTESIANPOINT((-121.52296030501,242.286190477142));
#14122=IFCCARTESIANPOINT((-121.720602996123,242.245107746217));
#14123=IFCCARTESIANPOINT((-121.918204226677,242.203900561843));
#14124=IFCCARTESIANPOINT((-122.11572254551,242.162444468122));
#14125=IFCCARTESIANPOINT((-122.31328515042,242.120934802573));
#14126=IFCCARTESIANPOINT((-122.510764839157,242.079176224128));
#14127=IFCCARTESIANPOINT((-122.708203071903,242.037293195666));
#14128=IFCCARTESIANPOINT((-122.90564413555,241.995232136513));
#14129=IFCCARTESIANPOINT((-123.103043740062,241.953046624782));
#14130=IFCCARTESIANPOINT((-123.300360430381,241.910612201842));
#14131=IFCCARTESIANPOINT((-123.497679950699,241.867999746988));
#14132=IFCCARTESIANPOINT((-123.694958012784,241.82526284043));
#14133=IFCCARTESIANPOINT((-123.892238905828,241.782347903063));
#14134=IFCCARTESIANPOINT((-124.089478344569,241.739308517368));
#14135=IFCCARTESIANPOINT((-124.286590573756,241.696073794446));
#14136=IFCCARTESIANPOINT((-124.450858037424,241.6598954199));
#14137=IFCCARTESIANPOINT((-119.668305636558,247.433412137616));
#14138=IFCCARTESIANPOINT((-119.458830461779,247.474879971065));
#14139=IFCPOLYLINE((#14005,#14006,#14007,#14008,#14009,#14010,#14011,#14012,#14013,#14014,#14015,#14016,#14017,#14018,#14019,#14020,#14021,#14022,#14023,#14024,#14025,#14026,#14027,#14028,#14029,#14030,#14031,#14032,#14033,#14034,#14035,#14036,#14037,#14038,#14039,#14040,#14041,#14042,#14043,#14044,#14045,#14046,#14047,#14048,#14049,#14050,#14051,#14052,#14053,#14054,#14055,#14056,#14057,#14058,#14059,#14060,#14061,#14062,#14063,#14064,#14065,#14066,#14067,#14068,#14069,#14070,#14071,#14072,#14073,#14074,#14075,#14076,#14077,#14078,#14079,#14080,#14081,#14082,#14083,#14084,#14085,#14086,#14087,#14088,#14089,#14090,#14091,#14092,#14093,#14094,#14095,#14096,#14097,#14098,#14099,#14100,#14101,#14102,#14103,#14104,#14105,#14106,#14107,#14108,#14109,#14110,#14111,#14112,#14113,#14114,#14115,#14116,#14117,#14118,#14119,#14120,#14121,#14122,#14123,#14124,#14125,#14126,#14127,#14128,#14129,#14130,#14131,#14132,#14133,#14134,#14135,#14136,#14137,#14138));
#14140=IFCARBITRARYCLOSEDPROFILEDEF(.AREA.,$,#14139);
#14141=IFCEXTRUDEDAREASOLID(#14140,#14003,#14004,0.1);
#14142=IFCSHAPEREPRESENTATION(#11,'Body','SweptSolid',(#14141));
#14143=IFCPRODUCTDEFINITIONSHAPE($,$,(#14142));
#14144=IFCSLAB('3JTDkqBRz0WvE3hICbLJ6_',#5,'NL.IMRO.0772.EP142476441312-00',$,$,#13999,#14143,$,.NOTDEFINED.);
#14145=IFCSTYLEDITEM(#14141,(#3319),$);
#14146=IFCPROPERTYSINGLEVALUE('plan_id',$,IFCTEXT('NL.IMRO.0772.80373-0301'),$);
#14147=IFCPROPERTYSINGLEVALUE('plan_naam',$,IFCTEXT('Deelgebieden Woensel-Zuid 2021'),$);
#14148=IFCPROPERTYSINGLEVALUE('id',$,IFCTEXT('NL.IMRO.0772.EP142476441312-00'),$);
#14149=IFCPROPERTYSINGLEVALUE('naam',$,IFCTEXT('Groen'),$);
#14150=IFCPROPERTYSINGLEVALUE('bestemmingshoofdgroep',$,IFCTEXT('groen'),$);
#14151=IFCPROPERTYSINGLEVALUE('verwijzing_naar_tekst',$,IFCTEXT('https://www.ruimtelijkeplannen.nl/documents/NL.IMRO.0772.80373-0301/pt_NL.IMRO.0772.80373-0301.xml#NL.IMRO.PT.s328'),$);
#14152=IFCPROPERTYSINGLEVALUE('plan_dossierstatus',$,IFCTEXT('geheel onherroepelijk in werking'),$);
#14153=IFCPROPERTYSINGLEVALUE('plan_besluitnummer',$,IFCTEXT('22bst01409'),$);
#14154=IFCPROPERTYSINGLEVALUE('type_planobject',$,IFCTEXT('enkelbestemming'),$);
#14155=IFCPROPERTYSET('25tnNsP5H3QRbDWUjdf3Ug',#5,'CPset_DSO-Enkelbestemming',$,(#14146,#14147,#14148,#14149,#14150,#14151,#14152,#14153,#14154));
#14156=IFCRELDEFINESBYPROPERTIES('1AAZnOXZ104xtUax1HPMOu',#5,$,$,(#14144),#14155);
#14157=IFCCARTESIANPOINT((0.,0.,-0.1));
#14158=IFCDIRECTION((0.,0.,1.));
#14159=IFCDIRECTION((1.,0.,0.));
#14160=IFCAXIS2PLACEMENT3D(#14157,#14158,#14159);
#14161=IFCLOCALPLACEMENT(#37,#14160);
#14162=IFCCARTESIANPOINT((0.,0.,0.));
#14163=IFCDIRECTION((0.,0.,1.));
#14164=IFCDIRECTION((1.,0.,0.));
#14165=IFCAXIS2PLACEMENT3D(#14162,#14163,#14164);
#14166=IFCDIRECTION((0.,0.,1.));
#14167=IFCCARTESIANPOINT((-66.353303901531,304.067364224175));
#14168=IFCCARTESIANPOINT((-65.9755824810418,301.126290225307));
#14169=IFCCARTESIANPOINT((-77.0381551742612,298.896703230799));
#14170=IFCCARTESIANPOINT((-67.6271518151334,310.257704777759));
#14171=IFCCARTESIANPOINT((-66.353303901531,304.067364224175));
#14172=IFCPOLYLINE((#14167,#14168,#14169,#14170,#14171));
#14173=IFCARBITRARYCLOSEDPROFILEDEF(.AREA.,$,#14172);
#14174=IFCEXTRUDEDAREASOLID(#14173,#14165,#14166,0.1);
#14175=IFCSHAPEREPRESENTATION(#11,'Body','SweptSolid',(#14174));
#14176=IFCPRODUCTDEFINITIONSHAPE($,$,(#14175));
#14177=IFCSLAB('0lx_vPpsn3DguV18CVuUwc',#5,'NL.IMRO.0772.EP29476441002-00',$,$,#14161,#14176,$,.NOTDEFINED.);
#14178=IFCCOLOURRGB($,0.705882352941177,0.372549019607843,0.823529411764706);
#14179=IFCSURFACESTYLERENDERING(#14178,0.00392156862745097,$,$,$,$,$,$,.NOTDEFINED.);
#14180=IFCSURFACESTYLE($,.BOTH.,(#14179));
#14181=IFCPRESENTATIONSTYLEASSIGNMENT((#14180));
#14182=IFCSTYLEDITEM(#14174,(#14181),$);
#14183=IFCPROPERTYSINGLEVALUE('plan_id',$,IFCTEXT('NL.IMRO.0772.80373-0301'),$);
#14184=IFCPROPERTYSINGLEVALUE('plan_naam',$,IFCTEXT('Deelgebieden Woensel-Zuid 2021'),$);
#14185=IFCPROPERTYSINGLEVALUE('id',$,IFCTEXT('NL.IMRO.0772.EP29476441002-00'),$);
#14186=IFCPROPERTYSINGLEVALUE('naam',$,IFCTEXT('Bedrijf'),$);
#14187=IFCPROPERTYSINGLEVALUE('bestemmingshoofdgroep',$,IFCTEXT('bedrijf'),$);
#14188=IFCPROPERTYSINGLEVALUE('verwijzing_naar_tekst',$,IFCTEXT('https://www.ruimtelijkeplannen.nl/documents/NL.IMRO.0772.80373-0301/pt_NL.IMRO.0772.80373-0301.xml#NL.IMRO.PT.s267'),$);
#14189=IFCPROPERTYSINGLEVALUE('plan_dossierstatus',$,IFCTEXT('geheel onherroepelijk in werking'),$);
#14190=IFCPROPERTYSINGLEVALUE('plan_besluitnummer',$,IFCTEXT('22bst01409'),$);
#14191=IFCPROPERTYSINGLEVALUE('type_planobject',$,IFCTEXT('enkelbestemming'),$);
#14192=IFCPROPERTYSET('3NZ9gYTZ5E6xLtiwfBiH90',#5,'CPset_DSO-Enkelbestemming',$,(#14183,#14184,#14185,#14186,#14187,#14188,#14189,#14190,#14191));
#14193=IFCRELDEFINESBYPROPERTIES('0E8Gd3PMX3XAPbQXVVgZTS',#5,$,$,(#14177),#14192);
#14194=IFCCARTESIANPOINT((0.,0.,-0.1));
#14195=IFCDIRECTION((0.,0.,1.));
#14196=IFCDIRECTION((1.,0.,0.));
#14197=IFCAXIS2PLACEMENT3D(#14194,#14195,#14196);
#14198=IFCLOCALPLACEMENT(#37,#14197);
#14199=IFCCARTESIANPOINT((0.,0.,0.));
#14200=IFCDIRECTION((0.,0.,1.));
#14201=IFCDIRECTION((1.,0.,0.));
#14202=IFCAXIS2PLACEMENT3D(#14199,#14200,#14201);
#14203=IFCDIRECTION((0.,0.,1.));
#14204=IFCCARTESIANPOINT((-47.5989547213539,325.088278908341));
#14205=IFCCARTESIANPOINT((-44.733303767629,311.251050145249));
#14206=IFCCARTESIANPOINT((-41.8677109349519,297.415172356821));
#14207=IFCCARTESIANPOINT((-39.7316008553898,286.735163357982));
#14208=IFCCARTESIANPOINT((-39.5950124675874,278.411441269564));
#14209=IFCCARTESIANPOINT((-39.5408520925266,270.77535565343));
#14210=IFCCARTESIANPOINT((-45.5195548069023,271.185655959009));
#14211=IFCCARTESIANPOINT((-45.7297018411045,271.196844131395));
#14212=IFCCARTESIANPOINT((-45.9396773783374,271.207890552119));
#14213=IFCCARTESIANPOINT((-46.1498272345925,271.218900698295));
#14214=IFCCARTESIANPOINT((-46.3598498891515,271.229715517722));
#14215=IFCCARTESIANPOINT((-46.5699168274587,271.240476763516));
#14216=IFCCARTESIANPOINT((-46.7800723405089,271.251130856981));
#14217=IFCCARTESIANPOINT((-46.9901006428117,271.26158961613));
#14218=IFCCARTESIANPOINT((-47.2002589817566,271.272065686469));
#14219=IFCCARTESIANPOINT((-47.4102901125734,271.282346424938));
#14220=IFCCARTESIANPOINT((-47.6204098154267,271.292520008807));
#14221=IFCCARTESIANPOINT((-47.8305738097697,271.302640025271));
#14222=IFCCARTESIANPOINT((-48.0406963413698,271.312635588693));
#14223=IFCCARTESIANPOINT((-48.2507774089754,271.322506697616));
#14224=IFCCARTESIANPOINT((-48.4609470554278,271.332270657585));
#14225=IFCCARTESIANPOINT((-48.671075239341,271.341910164629));
#14226=IFCCARTESIANPOINT((-48.8811619609769,271.351425218687));
#14227=IFCCARTESIANPOINT((-49.0913372595387,271.36083312222));
#14228=IFCCARTESIANPOINT((-49.3014710999269,271.370116576436));
#14229=IFCCARTESIANPOINT((-49.511649223452,271.37934645632));
#14230=IFCCARTESIANPOINT((-49.7217858866497,271.388451884966));
#14231=IFCCARTESIANPOINT((-49.9320111261914,271.397450162738));
#14232=IFCCARTESIANPOINT((-50.1421506133338,271.40637756692));
#14233=IFCCARTESIANPOINT((-50.3522929291357,271.415126939537));
#14234=IFCCARTESIANPOINT((-50.5625238231441,271.423769162968));
#14235=IFCCARTESIANPOINT((-50.7726689655392,271.432340513391));
#14236=IFCCARTESIANPOINT((-50.9828169328102,271.440733829222));
#14237=IFCCARTESIANPOINT((-51.1930091896502,271.44907357631));
#14238=IFCCARTESIANPOINT((-51.4032042763138,271.457235292764));
#14239=IFCCARTESIANPOINT((-51.6133993574476,271.465397015738));
#14240=IFCCARTESIANPOINT((-51.8235972660186,271.473380706157));
#14241=IFCCARTESIANPOINT((-52.0338394643331,271.481310827949));
#14242=IFCCARTESIANPOINT((-52.2440844875819,271.489062915207));
#14243=IFCCARTESIANPOINT((-52.4542437634955,271.496744133125));
#14244=IFCCARTESIANPOINT((-52.6644916134828,271.504318198364));
#14245=IFCCARTESIANPOINT((-52.8746980038413,271.511767812946));
#14246=IFCCARTESIANPOINT((-53.0849072195415,271.519039393344));
#14247=IFCCARTESIANPOINT((-53.2951607247815,271.526257405058));
#14248=IFCCARTESIANPOINT((-53.5054142245499,271.533475423174));
#14249=IFCCARTESIANPOINT((-53.7156290951825,271.540390949813));
#14250=IFCCARTESIANPOINT((-53.9258439617988,271.547306484019));
#14251=IFCCARTESIANPOINT((-54.1361474068544,271.554114869214));
#14252=IFCCARTESIANPOINT((-54.3464093904768,271.560798802413));
#14253=IFCCARTESIANPOINT((-54.5566299124912,271.567358283326));
#14254=IFCCARTESIANPOINT((-54.7668947212806,271.573864193168));
#14255=IFCCARTESIANPOINT((-54.9771623559936,271.580192069465));
#14256=IFCCARTESIANPOINT((-55.1873885329114,271.586395496561));
#14257=IFCCARTESIANPOINT((-55.3976589966042,271.592545352702));
#14258=IFCCARTESIANPOINT((-55.6079737451219,271.598641636141));
#14259=IFCCARTESIANPOINT((-55.8182055717043,271.604489005345));
#14260=IFCCARTESIANPOINT((-56.0284816877975,271.610282805632));
#14261=IFCCARTESIANPOINT((-56.2388020933431,271.616023037233));
#14262=IFCCARTESIANPOINT((-56.4489952853473,271.621567932423));
#14263=IFCCARTESIANPOINT((-56.6593628024275,271.627076558478));
#14264=IFCCARTESIANPOINT((-56.8696031095751,271.632389851089));
#14265=IFCCARTESIANPOINT((-57.0798877022753,271.637649571814));
#14266=IFCCARTESIANPOINT((-57.2902165850392,271.642855724145));
#14267=IFCCARTESIANPOINT((-57.5004625464207,271.64781296259));
#14268=IFCCARTESIANPOINT((-57.7108385439205,271.652787512285));
#14269=IFCCARTESIANPOINT((-57.9210873292759,271.657566726557));
#14270=IFCCARTESIANPOINT((-58.1313804051606,271.662292373076));
#14271=IFCCARTESIANPOINT((-58.3416763074929,271.666839986457));
#14272=IFCCARTESIANPOINT((-58.5520164982299,271.671334030165));
#14273=IFCCARTESIANPOINT((-58.7623152256419,271.675703620363));
#14274=IFCCARTESIANPOINT((-58.9726582427684,271.680019641994));
#14275=IFCCARTESIANPOINT((-59.1830040851783,271.684157629672));
#14276=IFCCARTESIANPOINT((-59.3932641781867,271.688224746264));
#14277=IFCCARTESIANPOINT((-59.6036128453852,271.692184710409));
#14278=IFCCARTESIANPOINT((-59.813964342844,271.695966644736));
#14279=IFCCARTESIANPOINT((-60.0242300884856,271.699677705823));
#14280=IFCCARTESIANPOINT((-60.234584408754,271.703281615104));
#14281=IFCCARTESIANPOINT((-60.4448972737591,271.706761077454));
#14282=IFCCARTESIANPOINT((-60.6552544203878,271.710186964658));
#14283=IFCCARTESIANPOINT((-60.865484359063,271.713417520048));
#14284=IFCCARTESIANPOINT((-61.0758886230178,271.716611806653));
#14285=IFCCARTESIANPOINT((-61.2861656766327,271.719610759523));
#14286=IFCCARTESIANPOINT((-61.4965727652016,271.722627022828));
#14287=IFCCARTESIANPOINT((-61.7068526442454,271.725447952689));
#14288=IFCCARTESIANPOINT((-61.9172211030091,271.728161735169));
#14289=IFCCARTESIANPOINT((-62.1275480964396,271.730751062336));
#14290=IFCCARTESIANPOINT((-62.3379193786241,271.733286820294));
#14291=IFCCARTESIANPOINT((-62.5482491983566,271.735698125383));
#14292=IFCCARTESIANPOINT((-62.758581848233,271.737931400596));
#14293=IFCCARTESIANPOINT((-62.968914496043,271.740164685005));
#14294=IFCCARTESIANPOINT((-63.1792499663716,271.742219933134));
#14295=IFCCARTESIANPOINT((-63.3896740183991,271.74416803557));
#14296=IFCCARTESIANPOINT((-63.5999265716528,271.745974384423));
#14297=IFCCARTESIANPOINT((-63.8103534492839,271.747744464257));
#14298=IFCCARTESIANPOINT((-64.0206531144795,271.74931920832));
#14299=IFCCARTESIANPOINT((-64.2309970679635,271.750840382883));
#14300=IFCCARTESIANPOINT((-64.4413853099395,271.752307988179));
#14301=IFCCARTESIANPOINT((-64.6516906335892,271.753526682034));
#14302=IFCCARTESIANPOINT((-64.8620816986368,271.754816262634));
#14303=IFCCARTESIANPOINT((-65.0723898447759,271.755856931442));
#14304=IFCCARTESIANPOINT((-65.2827865680156,271.756790450483));
#14305=IFCCARTESIANPOINT((-65.4930975440366,271.757653100183));
#14306=IFCCARTESIANPOINT((-65.7034970916866,271.75840859575));
#14307=IFCCARTESIANPOINT((-65.913855180057,271.759039641125));
#14308=IFCCARTESIANPOINT((-66.1241718069359,271.759546234272));
#14309=IFCCARTESIANPOINT((-66.3345327197749,271.759999256115));
#14310=IFCCARTESIANPOINT((-66.5669981951069,271.760776539741));
#14311=IFCCARTESIANPOINT((-66.7995522472193,271.761446675868));
#14312=IFCCARTESIANPOINT((-67.032023375039,271.761867898225));
#14313=IFCCARTESIANPOINT((-67.2644973324204,271.762111092627));
#14314=IFCCARTESIANPOINT((-67.4968883680413,271.762105375296));
#14315=IFCCARTESIANPOINT((-67.7294122740568,271.761938934505));
#14316=IFCCARTESIANPOINT((-67.9618947155832,271.761648041545));
#14317=IFCCARTESIANPOINT((-68.1943385274208,271.761054659437));
#14318=IFCCARTESIANPOINT((-68.42687091275,271.760354127095));
#14319=IFCCARTESIANPOINT((-68.659320377541,271.759404684301));
#14320=IFCCARTESIANPOINT((-68.8917726735817,271.758277214773));
#14321=IFCCARTESIANPOINT((-69.1242720859882,271.756918135798));
#14322=IFCCARTESIANPOINT((-69.3567300368741,271.755434607214));
#14323=IFCCARTESIANPOINT((-69.5892351041257,271.753719469009));
#14324=IFCCARTESIANPOINT((-69.8216572531965,271.751755422039));
#14325=IFCCARTESIANPOINT((-70.0541679777962,271.749684226641));
#14326=IFCCARTESIANPOINT((-70.2865957811882,271.74736412015));
#14327=IFCCARTESIANPOINT((-70.5191121605749,271.744936865638));
#14328=IFCCARTESIANPOINT((-70.7515456223337,271.742260702886));
#14329=IFCCARTESIANPOINT((-70.9840261974896,271.739352928009));
#14330=IFCCARTESIANPOINT((-71.2164653148793,271.736320706899));
#14331=IFCCARTESIANPOINT((-71.4489515489258,271.733056876285));
#14332=IFCCARTESIANPOINT((-71.6813548620266,271.729544134752));
#14333=IFCCARTESIANPOINT((-71.9138467508892,271.72592424514));
#14334=IFCCARTESIANPOINT((-72.1462557207851,271.722055445949));
#14335=IFCCARTESIANPOINT((-72.3787532671704,271.718079499551));
#14336=IFCCARTESIANPOINT((-72.6111678917368,271.713854641363));
#14337=IFCCARTESIANPOINT((-72.8436296340951,271.709398174833));
#14338=IFCCARTESIANPOINT((-73.0760499179596,271.704817261139));
#14339=IFCCARTESIANPOINT((-73.3084315703891,271.699933857075));
#14340=IFCCARTESIANPOINT((-73.5409017991042,271.694943305454));
#14341=IFCCARTESIANPOINT((-73.7732891065534,271.689703842567));
#14342=IFCCARTESIANPOINT((-74.0057649906666,271.684357232298));
#14343=IFCCARTESIANPOINT((-74.2381579527573,271.678761710122));
#14344=IFCCARTESIANPOINT((-74.4705537426635,271.672988159116));
#14345=IFCCARTESIANPOINT((-74.7029523646925,271.667036582192));
#14346=IFCCARTESIANPOINT((-74.9353123525507,271.660782512568));
#14347=IFCCARTESIANPOINT((-75.167716629483,271.654474876879));
#14348=IFCCARTESIANPOINT((-75.4000822770467,271.647864752391));
#14349=IFCCARTESIANPOINT((-75.632536498626,271.6411474786));
#14350=IFCCARTESIANPOINT((-75.8648635096906,271.634234873054));
#14351=IFCCARTESIANPOINT((-76.0972376416612,271.627090661961));
#14352=IFCCARTESIANPOINT((-76.3296145999047,271.619768420642));
#14353=IFCCARTESIANPOINT((-76.5619086387742,271.612197269395));
#14354=IFCCARTESIANPOINT((-76.7943355454772,271.604465393058));
#14355=IFCCARTESIANPOINT((-77.0266352395702,271.596538183221));
#14356=IFCCARTESIANPOINT((-77.258937760751,271.588432943914));
#14357=IFCCARTESIANPOINT((-77.4912874041765,271.580096100108));
#14358=IFCCARTESIANPOINT((-77.7235955853539,271.571634806052));
#14359=IFCCARTESIANPOINT((-77.9559508794919,271.562941899931));
#14360=IFCCARTESIANPOINT((-78.188264718483,271.554124549672));
#14361=IFCCARTESIANPOINT((-78.420539923507,271.545004706713));
#14362=IFCCARTESIANPOINT((-78.6528179581801,271.535706836265));
#14363=IFCCARTESIANPOINT((-78.8850988225022,271.526230938267));
#14364=IFCCARTESIANPOINT((-79.1173825130973,271.516577010101));
#14365=IFCCARTESIANPOINT((-79.349669031013,271.506745052233));
#14366=IFCCARTESIANPOINT((-79.5819583783159,271.496735066699));
#14367=IFCCARTESIANPOINT((-79.8142090974725,271.486422593473));
#14368=IFCCARTESIANPOINT((-80.0464183517906,271.475985667959));
#14369=IFCCARTESIANPOINT((-80.2786304356996,271.465370714955));
#14370=IFCCARTESIANPOINT((-80.5108896399906,271.454524156055));
#14371=IFCCARTESIANPOINT((-80.7431073791522,271.44355314452));
#14372=IFCCARTESIANPOINT((-80.9753722410824,271.432350529241));
#14373=IFCCARTESIANPOINT((-81.2075098894129,271.420952579647));
#14374=IFCCARTESIANPOINT((-81.43969465603,271.409323022352));
#14375=IFCCARTESIANPOINT((-81.6718822543335,271.39751543937));
#14376=IFCCARTESIANPOINT((-81.904072680074,271.385529827035));
#14377=IFCCARTESIANPOINT((-82.1362216420821,271.373419763404));
#14378=IFCCARTESIANPOINT((-82.3683319749252,271.361007211206));
#14379=IFCCARTESIANPOINT((-82.600530886004,271.348487513431));
#14380=IFCCARTESIANPOINT((-82.8326468725863,271.33571890177));
#14381=IFCCARTESIANPOINT((-83.0647656937654,271.322772266518));
#14382=IFCCARTESIANPOINT((-83.2968458826945,271.309523140371));
#14383=IFCCARTESIANPOINT((-83.5289703571179,271.296220445249));
#14384=IFCCARTESIANPOINT((-83.7610119119636,271.282668840198));
#14385=IFCCARTESIANPOINT((-83.9931420444627,271.269010089221));
#14386=IFCCARTESIANPOINT((-84.225189259625,271.255102430063));
#14387=IFCCARTESIANPOINT((-84.4571978420427,271.240892279486));
#14388=IFCCARTESIANPOINT((-84.6892507111479,271.226628561155));
#14389=IFCCARTESIANPOINT((-84.9213506975502,271.212133234425));
#14390=IFCCARTESIANPOINT((-85.153323478211,271.197442579723));
#14391=IFCCARTESIANPOINT((-85.3852990840096,271.182573893981));
#14392=IFCCARTESIANPOINT((-85.6173218103359,271.167473602633));
#14393=IFCCARTESIANPOINT((-85.8492173251288,271.152177978598));
#14394=IFCCARTESIANPOINT((-86.0812457073771,271.136721629591));
#14395=IFCCARTESIANPOINT((-86.3131911726377,271.121016372577));
#14396=IFCCARTESIANPOINT((-86.5450951740204,271.105186664325));
#14397=IFCCARTESIANPOINT((-86.777046292962,271.089125347964));
#14398=IFCCARTESIANPOINT((-87.0090002425131,271.072886005102));
#14399=IFCCARTESIANPOINT((-87.2408269817242,271.056451330252));
#14400=IFCCARTESIANPOINT((-87.4727008402406,271.039785049041));
#14401=IFCCARTESIANPOINT((-87.7046632756537,271.023011621262));
#14402=IFCCARTESIANPOINT((-87.9364127519366,271.005971979641));
#14403=IFCCARTESIANPOINT((-88.1682950968097,270.988771613978));
#14404=IFCCARTESIANPOINT((-88.4000945210864,270.971322337515));
#14405=IFCCARTESIANPOINT((-88.6319825197279,270.953765912389));
#14406=IFCCARTESIANPOINT((-88.8637433149561,270.936014161445));
#14407=IFCCARTESIANPOINT((-89.0954654771485,270.917959918675));
#14408=IFCCARTESIANPOINT((-89.3272762176057,270.899798530561));
#14409=IFCCARTESIANPOINT((-100.405188525649,269.8179130606));
#14410=IFCCARTESIANPOINT((-100.646135748684,270.397053024382));
#14411=IFCCARTESIANPOINT((-77.0381551742612,298.896703230799));
#14412=IFCCARTESIANPOINT((-65.9755824810418,301.126290225307));
#14413=IFCCARTESIANPOINT((-66.353303901531,304.067364224175));
#14414=IFCCARTESIANPOINT((-67.6271518151334,310.257704777759));
#14415=IFCCARTESIANPOINT((-49.1477315232332,332.566136143811));
#14416=IFCCARTESIANPOINT((-47.5989547213539,325.088278908341));
#14417=IFCPOLYLINE((#14204,#14205,#14206,#14207,#14208,#14209,#14210,#14211,#14212,#14213,#14214,#14215,#14216,#14217,#14218,#14219,#14220,#14221,#14222,#14223,#14224,#14225,#14226,#14227,#14228,#14229,#14230,#14231,#14232,#14233,#14234,#14235,#14236,#14237,#14238,#14239,#14240,#14241,#14242,#14243,#14244,#14245,#14246,#14247,#14248,#14249,#14250,#14251,#14252,#14253,#14254,#14255,#14256,#14257,#14258,#14259,#14260,#14261,#14262,#14263,#14264,#14265,#14266,#14267,#14268,#14269,#14270,#14271,#14272,#14273,#14274,#14275,#14276,#14277,#14278,#14279,#14280,#14281,#14282,#14283,#14284,#14285,#14286,#14287,#14288,#14289,#14290,#14291,#14292,#14293,#14294,#14295,#14296,#14297,#14298,#14299,#14300,#14301,#14302,#14303,#14304,#14305,#14306,#14307,#14308,#14309,#14310,#14311,#14312,#14313,#14314,#14315,#14316,#14317,#14318,#14319,#14320,#14321,#14322,#14323,#14324,#14325,#14326,#14327,#14328,#14329,#14330,#14331,#14332,#14333,#14334,#14335,#14336,#14337,#14338,#14339,#14340,#14341,#14342,#14343,#14344,#14345,#14346,#14347,#14348,#14349,#14350,#14351,#14352,#14353,#14354,#14355,#14356,#14357,#14358,#14359,#14360,#14361,#14362,#14363,#14364,#14365,#14366,#14367,#14368,#14369,#14370,#14371,#14372,#14373,#14374,#14375,#14376,#14377,#14378,#14379,#14380,#14381,#14382,#14383,#14384,#14385,#14386,#14387,#14388,#14389,#14390,#14391,#14392,#14393,#14394,#14395,#14396,#14397,#14398,#14399,#14400,#14401,#14402,#14403,#14404,#14405,#14406,#14407,#14408,#14409,#14410,#14411,#14412,#14413,#14414,#14415,#14416));
#14418=IFCARBITRARYCLOSEDPROFILEDEF(.AREA.,$,#14417);
#14419=IFCEXTRUDEDAREASOLID(#14418,#14202,#14203,0.1);
#14420=IFCSHAPEREPRESENTATION(#11,'Body','SweptSolid',(#14419));
#14421=IFCPRODUCTDEFINITIONSHAPE($,$,(#14420));
#14422=IFCSLAB('132nTztc10ePlaxg1Ix4su',#5,'NL.IMRO.0772.EP1514477490-00',$,$,#14198,#14421,$,.NOTDEFINED.);
#14423=IFCSTYLEDITEM(#14419,(#1491),$);
#14424=IFCPROPERTYSINGLEVALUE('plan_id',$,IFCTEXT('NL.IMRO.0772.80373-0301'),$);
#14425=IFCPROPERTYSINGLEVALUE('plan_naam',$,IFCTEXT('Deelgebieden Woensel-Zuid 2021'),$);
#14426=IFCPROPERTYSINGLEVALUE('id',$,IFCTEXT('NL.IMRO.0772.EP1514477490-00'),$);
#14427=IFCPROPERTYSINGLEVALUE('naam',$,IFCTEXT('Wonen'),$);
#14428=IFCPROPERTYSINGLEVALUE('bestemmingshoofdgroep',$,IFCTEXT('wonen'),$);
#14429=IFCPROPERTYSINGLEVALUE('verwijzing_naar_tekst',$,IFCTEXT('https://www.ruimtelijkeplannen.nl/documents/NL.IMRO.0772.80373-0301/pt_NL.IMRO.0772.80373-0301.xml#NL.IMRO.PT.s393'),$);
#14430=IFCPROPERTYSINGLEVALUE('plan_dossierstatus',$,IFCTEXT('geheel onherroepelijk in werking'),$);
#14431=IFCPROPERTYSINGLEVALUE('plan_besluitnummer',$,IFCTEXT('22bst01409'),$);
#14432=IFCPROPERTYSINGLEVALUE('type_planobject',$,IFCTEXT('enkelbestemming'),$);
#14433=IFCPROPERTYSET('0TB56RspD3iBgEkC530H35',#5,'CPset_DSO-Enkelbestemming',$,(#14424,#14425,#14426,#14427,#14428,#14429,#14430,#14431,#14432));
#14434=IFCRELDEFINESBYPROPERTIES('3aXjYEU_v4F8YvYItxHSUI',#5,$,$,(#14422),#14433);
#14435=IFCCARTESIANPOINT((0.,0.,-0.1));
#14436=IFCDIRECTION((0.,0.,1.));
#14437=IFCDIRECTION((1.,0.,0.));
#14438=IFCAXIS2PLACEMENT3D(#14435,#14436,#14437);
#14439=IFCLOCALPLACEMENT(#37,#14438);
#14440=IFCCARTESIANPOINT((0.,0.,0.));
#14441=IFCDIRECTION((0.,0.,1.));
#14442=IFCDIRECTION((1.,0.,0.));
#14443=IFCAXIS2PLACEMENT3D(#14440,#14441,#14442);
#14444=IFCDIRECTION((0.,0.,1.));
#14445=IFCCARTESIANPOINT((-109.09115733768,255.844426348282));
#14446=IFCCARTESIANPOINT((-108.670947135426,253.509539476829));
#14447=IFCCARTESIANPOINT((-108.671804076846,253.496629095578));
#14448=IFCCARTESIANPOINT((-108.672661018878,253.483718714793));
#14449=IFCCARTESIANPOINT((-108.673648001073,253.470825639262));
#14450=IFCCARTESIANPOINT((-108.674679268937,253.457878981368));
#14451=IFCCARTESIANPOINT((-108.675840577023,253.444949628669));
#14452=IFCCARTESIANPOINT((-108.677087631397,253.432091156952));
#14453=IFCCARTESIANPOINT((-108.678378976154,253.419179106655));
#14454=IFCCARTESIANPOINT((-108.679756068595,253.406337938446));
#14455=IFCCARTESIANPOINT((-108.681263199571,253.393514074036));
#14456=IFCCARTESIANPOINT((-108.682814615866,253.380636627146));
#14457=IFCCARTESIANPOINT((-108.684496072499,253.367776485393));
#14458=IFCCARTESIANPOINT((-108.686177529715,253.354916344048));
#14459=IFCCARTESIANPOINT((-108.687989022117,253.342073503998));
#14460=IFCCARTESIANPOINT((-108.689886264125,253.329301547608));
#14461=IFCCARTESIANPOINT((-108.691827792878,253.316476009612));
#14462=IFCCARTESIANPOINT((-108.693899364356,253.303667779022));
#14463=IFCCARTESIANPOINT((-108.696056678047,253.290930425923));
#14464=IFCCARTESIANPOINT((-108.698258283926,253.278139495698));
#14465=IFCCARTESIANPOINT((-108.700545635395,253.265419445874));
#14466=IFCCARTESIANPOINT((-108.702877279342,253.252645819157));
#14467=IFCCARTESIANPOINT((-108.705424707587,253.23996037693));
#14468=IFCCARTESIANPOINT((-108.707972133387,253.227274932608));
#14469=IFCCARTESIANPOINT((-108.710519561631,253.214589490322));
#14470=IFCCARTESIANPOINT((-108.713241316407,253.201867771335));
#14471=IFCCARTESIANPOINT((-108.716004528716,253.18927051319));
#14472=IFCCARTESIANPOINT((-108.718942069594,253.176636980206));
#14473=IFCCARTESIANPOINT((-108.721879608376,253.164003445359));
#14474=IFCCARTESIANPOINT((-108.724902895076,253.151440792775));
#14475=IFCCARTESIANPOINT((-108.727970470238,253.138824560156));
#14476=IFCCARTESIANPOINT((-108.731123794947,253.126279211079));
#14477=IFCCARTESIANPOINT((-108.734407158772,253.113751166326));
#14478=IFCCARTESIANPOINT((-108.737820555689,253.101240421005));
#14479=IFCCARTESIANPOINT((-108.741233953158,253.08872967615));
#14480=IFCCARTESIANPOINT((-108.744733103231,253.0762898174));
#14481=IFCCARTESIANPOINT((-108.748362285027,253.063867256918));
#14482=IFCCARTESIANPOINT((-108.751991468511,253.051444697718));
#14483=IFCCARTESIANPOINT((-108.75575068855,253.039039440919));
#14484=IFCCARTESIANPOINT((-108.759595656913,253.026705066615));
#14485=IFCCARTESIANPOINT((-108.763484914991,253.014317113266));
#14486=IFCCARTESIANPOINT((-108.767459919414,253.00200004084));
#14487=IFCCARTESIANPOINT((-108.77156496208,252.989700272039));
#14488=IFCCARTESIANPOINT((-108.775670004688,252.977400503412));
#14489=IFCCARTESIANPOINT((-108.779990833398,252.96518892044));
#14490=IFCCARTESIANPOINT((-108.784225912445,252.952906453807));
#14491=IFCCARTESIANPOINT((-108.788632487674,252.940765751933));
#14492=IFCCARTESIANPOINT((-108.793083352706,252.928571471071));
#14493=IFCCARTESIANPOINT((-108.797619963792,252.916448070842));
#14494=IFCCARTESIANPOINT((-108.802242325823,252.904395555379));
#14495=IFCCARTESIANPOINT((-108.806908972707,252.892289456853));
#14496=IFCCARTESIANPOINT((-108.811661373271,252.880254245305));
#14497=IFCCARTESIANPOINT((-108.816543806955,252.86823633319));
#14498=IFCCARTESIANPOINT((-108.821511986665,252.856289301766));
#14499=IFCCARTESIANPOINT((-108.826480168587,252.844342272088));
#14500=IFCCARTESIANPOINT((-108.831578387093,252.832412544813));
#14501=IFCCARTESIANPOINT((-108.836762353574,252.820553699799));
#14502=IFCCARTESIANPOINT((-108.841946319968,252.808694854728));
#14503=IFCCARTESIANPOINT((-108.847260322334,252.796853311418));
#14504=IFCCARTESIANPOINT((-108.852660073084,252.785082650778));
#14505=IFCCARTESIANPOINT((-108.858059823891,252.773311990139));
#14506=IFCCARTESIANPOINT((-108.863675361179,252.761629515677));
#14507=IFCCARTESIANPOINT((-108.869290898176,252.74994704104));
#14508=IFCCARTESIANPOINT((-108.874906436307,252.738264567277));
#14509=IFCCARTESIANPOINT((-108.880693463812,252.726723852626));
#14510=IFCCARTESIANPOINT((-108.886524784524,252.715129561839));
#14511=IFCCARTESIANPOINT((-108.892441852688,252.703606152965));
#14512=IFCCARTESIANPOINT((-108.898444668506,252.692153626122));
#14513=IFCCARTESIANPOINT((-108.904447484703,252.680701099511));
#14514=IFCCARTESIANPOINT((-108.910580336669,252.669265874487));
#14515=IFCCARTESIANPOINT((-108.916798934893,252.657901530329));
#14516=IFCCARTESIANPOINT((-108.923103283247,252.646608070412));
#14517=IFCCARTESIANPOINT((-108.929451919772,252.635261030111));
#14518=IFCCARTESIANPOINT((-108.935842014471,252.624038451002));
#14519=IFCCARTESIANPOINT((-108.942362149333,252.612833177205));
#14520=IFCCARTESIANPOINT((-108.948882280354,252.601627900265));
#14521=IFCCARTESIANPOINT((-108.955573907268,252.590564387909));
#14522=IFCCARTESIANPOINT((-108.962265534472,252.579500875669));
#14523=IFCCARTESIANPOINT((-108.969001449848,252.56838378316));
#14524=IFCCARTESIANPOINT((-108.975908860884,252.557408454886));
#14525=IFCCARTESIANPOINT((-108.982771984971,252.546486708219));
#14526=IFCCARTESIANPOINT((-108.98976514276,252.535582261335));
#14527=IFCCARTESIANPOINT((-108.996844050416,252.524748698343));
#14528=IFCCARTESIANPOINT((-109.003967248456,252.513861556712));
#14529=IFCCARTESIANPOINT((-109.011131900741,252.503098873305));
#14530=IFCCARTESIANPOINT((-109.018426590716,252.492353493173));
#14531=IFCCARTESIANPOINT((-109.025762741425,252.481732576271));
#14532=IFCCARTESIANPOINT((-109.033143179986,252.471058078751));
#14533=IFCCARTESIANPOINT((-109.040695112984,252.460525344824));
#14534=IFCCARTESIANPOINT((-109.048161299725,252.449921729858));
#14535=IFCCARTESIANPOINT((-109.055754693109,252.439513458929));
#14536=IFCCARTESIANPOINT((-109.063522407407,252.429068906873));
#14537=IFCCARTESIANPOINT((-109.07124583688,252.418677937821));
#14538=IFCCARTESIANPOINT((-109.079055012058,252.408357849286));
#14539=IFCCARTESIANPOINT((-109.08686419006,252.398037763021));
#14540=IFCCARTESIANPOINT((-109.094844859472,252.387859437673));
#14541=IFCCARTESIANPOINT((-109.102825529437,252.377681112674));
#14542=IFCCARTESIANPOINT((-109.1109362391,252.367520092637));
#14543=IFCCARTESIANPOINT((-109.119002654828,252.357412648213));
#14544=IFCCARTESIANPOINT((-109.127240567264,252.347446969012));
#14545=IFCCARTESIANPOINT((-109.135522771656,252.337427712686));
#14546=IFCCARTESIANPOINT((-109.389409458294,252.299546201772));
#14547=IFCCARTESIANPOINT((-109.643257516291,252.26136220427));
#14548=IFCCARTESIANPOINT((-109.897066947102,252.22287572152));
#14549=IFCCARTESIANPOINT((-110.150837748399,252.184086751717));
#14550=IFCCARTESIANPOINT((-110.404611381731,252.145119758614));
#14551=IFCCARTESIANPOINT((-110.658260639029,252.105779397243));
#14552=IFCCARTESIANPOINT((-110.911912724288,252.06626100943));
#14553=IFCCARTESIANPOINT((-111.165570472309,252.026386557322));
#14554=IFCCARTESIANPOINT((-111.419145305495,251.986263200699));
#14555=IFCCARTESIANPOINT((-111.672637217795,251.945890934614));
#14556=IFCCARTESIANPOINT((-111.926090503257,251.905216183281));
#14557=IFCCARTESIANPOINT((-112.179505163891,251.864238948619));
#14558=IFCCARTESIANPOINT((-112.432966939698,251.823030106432));
#14559=IFCCARTESIANPOINT((-112.68626005479,251.781501478923));
#14560=IFCCARTESIANPOINT((-112.939600286802,251.73974124511));
#14561=IFCCARTESIANPOINT((-113.19285760037,251.697732103814));
#14562=IFCCARTESIANPOINT((-113.445990543201,251.655349598383));
#14563=IFCCARTESIANPOINT((-113.699170603475,251.612735487171));
#14564=IFCCARTESIANPOINT((-113.952267746528,251.569872469234));
#14565=IFCCARTESIANPOINT((-114.205412008829,251.526777847204));
#14566=IFCCARTESIANPOINT((-114.458387607476,251.483363437292));
#14567=IFCCARTESIANPOINT((-114.71136886641,251.439592961164));
#14568=IFCCARTESIANPOINT((-114.964222921495,251.3956271598));
#14569=IFCCARTESIANPOINT((-115.217168381525,251.351376171922));
#14570=IFCCARTESIANPOINT((-115.470030928933,251.30687628116));
#14571=IFCCARTESIANPOINT((-115.722724810214,251.262056600361));
#14572=IFCCARTESIANPOINT((-115.975510100921,251.216951736773));
#14573=IFCCARTESIANPOINT((-116.22816818484,251.171651545621));
#14574=IFCCARTESIANPOINT((-116.480831932509,251.125995290815));
#14575=IFCCARTESIANPOINT((-116.632323095895,251.098462613649));
#14576=IFCCARTESIANPOINT((-113.319794324838,255.097360824177));
#14577=IFCCARTESIANPOINT((-109.09115733768,255.844426348282));
#14578=IFCPOLYLINE((#14445,#14446,#14447,#14448,#14449,#14450,#14451,#14452,#14453,#14454,#14455,#14456,#14457,#14458,#14459,#14460,#14461,#14462,#14463,#14464,#14465,#14466,#14467,#14468,#14469,#14470,#14471,#14472,#14473,#14474,#14475,#14476,#14477,#14478,#14479,#14480,#14481,#14482,#14483,#14484,#14485,#14486,#14487,#14488,#14489,#14490,#14491,#14492,#14493,#14494,#14495,#14496,#14497,#14498,#14499,#14500,#14501,#14502,#14503,#14504,#14505,#14506,#14507,#14508,#14509,#14510,#14511,#14512,#14513,#14514,#14515,#14516,#14517,#14518,#14519,#14520,#14521,#14522,#14523,#14524,#14525,#14526,#14527,#14528,#14529,#14530,#14531,#14532,#14533,#14534,#14535,#14536,#14537,#14538,#14539,#14540,#14541,#14542,#14543,#14544,#14545,#14546,#14547,#14548,#14549,#14550,#14551,#14552,#14553,#14554,#14555,#14556,#14557,#14558,#14559,#14560,#14561,#14562,#14563,#14564,#14565,#14566,#14567,#14568,#14569,#14570,#14571,#14572,#14573,#14574,#14575,#14576,#14577));
#14579=IFCARBITRARYCLOSEDPROFILEDEF(.AREA.,$,#14578);
#14580=IFCEXTRUDEDAREASOLID(#14579,#14443,#14444,0.1);
#14581=IFCSHAPEREPRESENTATION(#11,'Body','SweptSolid',(#14580));
#14582=IFCPRODUCTDEFINITIONSHAPE($,$,(#14581));
#14583=IFCSLAB('1CTMoM1dT6cPSGnWVwAFv8',#5,'NL.IMRO.0772.EP143476441314-00',$,$,#14439,#14582,$,.NOTDEFINED.);
#14584=IFCSTYLEDITEM(#14580,(#3319),$);
#14585=IFCPROPERTYSINGLEVALUE('plan_id',$,IFCTEXT('NL.IMRO.0772.80373-0301'),$);
#14586=IFCPROPERTYSINGLEVALUE('plan_naam',$,IFCTEXT('Deelgebieden Woensel-Zuid 2021'),$);
#14587=IFCPROPERTYSINGLEVALUE('id',$,IFCTEXT('NL.IMRO.0772.EP143476441314-00'),$);
#14588=IFCPROPERTYSINGLEVALUE('naam',$,IFCTEXT('Groen'),$);
#14589=IFCPROPERTYSINGLEVALUE('bestemmingshoofdgroep',$,IFCTEXT('groen'),$);
#14590=IFCPROPERTYSINGLEVALUE('verwijzing_naar_tekst',$,IFCTEXT('https://www.ruimtelijkeplannen.nl/documents/NL.IMRO.0772.80373-0301/pt_NL.IMRO.0772.80373-0301.xml#NL.IMRO.PT.s328'),$);
#14591=IFCPROPERTYSINGLEVALUE('plan_dossierstatus',$,IFCTEXT('geheel onherroepelijk in werking'),$);
#14592=IFCPROPERTYSINGLEVALUE('plan_besluitnummer',$,IFCTEXT('22bst01409'),$);
#14593=IFCPROPERTYSINGLEVALUE('type_planobject',$,IFCTEXT('enkelbestemming'),$);
#14594=IFCPROPERTYSET('39bQJae61AeOOeuWc8Xd0x',#5,'CPset_DSO-Enkelbestemming',$,(#14585,#14586,#14587,#14588,#14589,#14590,#14591,#14592,#14593));
#14595=IFCRELDEFINESBYPROPERTIES('32fbaI52T4FQ6N95kthpzu',#5,$,$,(#14583),#14594);
#14596=IFCRELCONTAINEDINSPATIALSTRUCTURE('1Y2F6qfGH0fRn6u$8OkM7l',#5,'Building Storey Container',$,(#1397,#1439,#1487,#1749,#2239,#2725,#2870,#3315,#3352,#3610,#5410,#6165,#6198,#6267,#6317,#8454,#8493,#8628,#8660,#8896,#8938,#9049,#9582,#10546,#10683,#10820,#11259,#11395,#11432,#11811,#11848,#11886,#12141,#12182,#12644,#12704,#12748,#12780,#12830,#12862,#12896,#12933,#12978,#13115,#13546,#13982,#14144,#14177,#14422,#14583),#38);
#14597=IFCMATERIAL('GEO-Nulpunt');
#14598=IFCRELASSOCIATESMATERIAL('1fPMrYUFzD9A3XB7SDn_Ew',#5,$,$,(#1397),#14597);
#14599=IFCMATERIAL('DSO-Enkelbestemming-Verkeer');
#14600=IFCRELASSOCIATESMATERIAL('3n7_kth9bE1xFC4OYDkFrx',#5,$,$,(#1439,#5410,#6165,#6267,#8454,#10546,#10683,#10820),#14599);
#14601=IFCMATERIAL('DSO-Enkelbestemming-Wonen');
#14602=IFCRELASSOCIATESMATERIAL('0vAfh5fTr52w$qzN9nKx29',#5,$,$,(#1487,#8938,#9049,#12862,#12933,#14422),#14601);
#14603=IFCMATERIAL('DSO-Enkelbestemming-Gemengd');
#14604=IFCRELASSOCIATESMATERIAL('2AJT8JNufFcw5i2ACcjNjp',#5,$,$,(#1749,#2239,#2725,#2870,#3352,#11395,#11886,#12141,#12644,#12704,#12748),#14603);
#14605=IFCMATERIAL('DSO-Enkelbestemming-Groen');
#14606=IFCRELASSOCIATESMATERIAL('134$fk7Bv4bOuivlDlsO8F',#5,$,$,(#3315,#3610,#6198,#8493,#8628,#8660,#8896,#9582,#11259,#11432,#11811,#11848,#12182,#12830,#12896,#12978,#13115,#13546,#13982,#14144,#14583),#14605);
#14607=IFCMATERIAL('DSO-Enkelbestemming-Recreatie');
#14608=IFCRELASSOCIATESMATERIAL('0BDowTnrzAjhlH29R9nxI6',#5,$,$,(#6317,#12780),#14607);
#14609=IFCMATERIAL('DSO-Enkelbestemming-Bedrijf');
#14610=IFCRELASSOCIATESMATERIAL('0BQbza$pn5cvaxI5lbA_ub',#5,$,$,(#14177),#14609);
#14611=IFCPRESENTATIONLAYERASSIGNMENT('GEO-Nulpunt',$,(#1390),$);
#14612=IFCPRESENTATIONLAYERASSIGNMENT('DSO-Enkelbestemming',$,(#1437,#1485,#1747,#2237,#2723,#2868,#3313,#3350,#3608,#5408,#6163,#6196,#6265,#6315,#8452,#8491,#8626,#8658,#8894,#8936,#9047,#9580,#10544,#10681,#10818,#11257,#11393,#11430,#11809,#11846,#11884,#12139,#12180,#12642,#12702,#12746,#12778,#12828,#12860,#12894,#12931,#12976,#13113,#13544,#13980,#14142,#14175,#14420,#14581),$);
ENDSEC;
END-ISO-10303-21;
