ISO-10303-21;
HEADER;
FILE_DESCRIPTION(('ViewDefinition [CoordinationView_V2.0]'),'2;1');
FILE_NAME('3D-omgeving.nl-DSO-Maatvoering.ifc','2025-12-18T11:10:49',('3D-omgeving.nl'),('On-Track B.V.'),'3D-omgeving.nl','OnTrack - 3Domgeving - 1.1.0','none');
FILE_SCHEMA(('IFC2X3'));
ENDSEC;
DATA;
#1=IFCPERSON($,$,'3D-omgeving.nl',$,$,$,$,$);
#2=IFCORGANIZATION($,'On-Track B.V.',$,$,$);
#3=IFCPERSONANDORGANIZATION(#1,#2,$);
#4=IFCAPPLICATION(#2,'OnTrack - 3Domgeving - 1.1.0','3D-omgeving.nl','');
#5=IFCOWNERHISTORY(#3,#4,$,.ADDED.,$,#3,#4,1766056249);
#6=IFCDIRECTION((1.,0.,0.));
#7=IFCDIRECTION((0.,0.,1.));
#8=IFCCARTESIANPOINT((0.,0.,0.));
#9=IFCAXIS2PLACEMENT3D(#8,#7,#6);
#10=IFCDIRECTION((0.,1.,0.));
#11=IFCGEOMETRICREPRESENTATIONCONTEXT($,'Model',3,1.E-05,#9,#10);
#12=IFCDIMENSIONALEXPONENTS(0,0,0,0,0,0,0);
#13=IFCSIUNIT(*,.LENGTHUNIT.,$,.METRE.);
#14=IFCSIUNIT(*,.AREAUNIT.,$,.SQUARE_METRE.);
#15=IFCSIUNIT(*,.VOLUMEUNIT.,$,.CUBIC_METRE.);
#16=IFCSIUNIT(*,.PLANEANGLEUNIT.,$,.RADIAN.);
#17=IFCMEASUREWITHUNIT(IFCPLANEANGLEMEASURE(0.0174532925199433),#16);
#18=IFCCONVERSIONBASEDUNIT(#12,.PLANEANGLEUNIT.,'DEGREE',#17);
#19=IFCUNITASSIGNMENT((#13,#14,#15,#18));
#20=IFCPROJECT('3Qwc4_3ibDeQOhyWKfzmy0',#5,'3D-omgeving.nl-DSO-Maatvoering.ifc',$,$,$,$,(#11),#19);
#21=IFCCARTESIANPOINT((0.,0.,0.));
#22=IFCDIRECTION((0.,0.,1.));
#23=IFCDIRECTION((1.,0.,0.));
#24=IFCAXIS2PLACEMENT3D(#21,#22,#23);
#25=IFCLOCALPLACEMENT($,#24);
#26=IFCSITE('3SUi_ncw92oOgVP07gUzRH',#5,'Site',$,$,#25,$,$,.ELEMENT.,$,$,$,$,$);
#27=IFCCARTESIANPOINT((0.,0.,0.));
#28=IFCDIRECTION((0.,0.,1.));
#29=IFCDIRECTION((1.,0.,0.));
#30=IFCAXIS2PLACEMENT3D(#27,#28,#29);
#31=IFCLOCALPLACEMENT(#25,#30);
#32=IFCBUILDING('0zV7C_DYH2MBvlSO81dhqe',#5,'Building',$,$,#31,$,$,.ELEMENT.,$,$,$);
#33=IFCCARTESIANPOINT((0.,0.,0.));
#34=IFCDIRECTION((0.,0.,1.));
#35=IFCDIRECTION((1.,0.,0.));
#36=IFCAXIS2PLACEMENT3D(#33,#34,#35);
#37=IFCLOCALPLACEMENT(#31,#36);
#38=IFCBUILDINGSTOREY('0mFdmjiiD4a8dKvb2eDaCs',#5,'Storey',$,$,#37,$,$,.ELEMENT.,0.);
#39=IFCRELAGGREGATES('0HYG27jOr4Cv9sn0BEHhEp',#5,'Building Container',$,#32,(#38));
#40=IFCRELAGGREGATES('3gneGfMrX1_B_5BUE2l4O$',#5,'Site Container',$,#26,(#32));
#41=IFCRELAGGREGATES('1Qfmksomz80BMIKiNO8j7G',#5,'Project Container',$,#20,(#26));
#42=IFCCARTESIANPOINT((-0.163989797234535,3.60955709766131E-15,0.025000000372529));
#43=IFCCARTESIANPOINT((-3.49224636838827E-14,0.0819948986172674,0.025000000372529));
#44=IFCCARTESIANPOINT((-3.07940352633606E-14,0.249699994921684,0.025000000372529));
#45=IFCCARTESIANPOINT((-0.499399989843369,1.08286712929839E-14,0.025000000372529));
#46=IFCPOLYLOOP((#42,#43,#44,#45));
#47=IFCFACEBOUND(#46,.T.);
#48=IFCFACE((#47));
#49=IFCCARTESIANPOINT((-0.163989797234535,3.60955709766131E-15,-4.00741339852274E-32));
#50=IFCCARTESIANPOINT((-0.499399989843369,1.08286712929839E-14,-1.6029653594091E-31));
#51=IFCCARTESIANPOINT((-3.07940352633606E-14,0.249699994921684,-8.01482679704548E-32));
#52=IFCCARTESIANPOINT((-3.49224636838827E-14,0.0819948986172674,-1.20222401955682E-31));
#53=IFCPOLYLOOP((#49,#50,#51,#52));
#54=IFCFACEBOUND(#53,.T.);
#55=IFCFACE((#54));
#56=IFCCARTESIANPOINT((-0.163989797234535,3.60955709766131E-15,0.025000000372529));
#57=IFCCARTESIANPOINT((-0.499399989843369,1.08286712929839E-14,0.025000000372529));
#58=IFCCARTESIANPOINT((-0.499399989843369,1.08286712929839E-14,-1.6029653594091E-31));
#59=IFCCARTESIANPOINT((-0.163989797234535,3.60955709766131E-15,-4.00741339852274E-32));
#60=IFCPOLYLOOP((#56,#57,#58,#59));
#61=IFCFACEBOUND(#60,.T.);
#62=IFCFACE((#61));
#63=IFCCARTESIANPOINT((-0.499399989843369,1.08286712929839E-14,0.025000000372529));
#64=IFCCARTESIANPOINT((-3.07940352633606E-14,0.249699994921684,0.025000000372529));
#65=IFCCARTESIANPOINT((-3.07940352633606E-14,0.249699994921684,-8.01482679704548E-32));
#66=IFCCARTESIANPOINT((-0.499399989843369,1.08286712929839E-14,-1.6029653594091E-31));
#67=IFCPOLYLOOP((#63,#64,#65,#66));
#68=IFCFACEBOUND(#67,.T.);
#69=IFCFACE((#68));
#70=IFCCARTESIANPOINT((-3.07940352633606E-14,0.249699994921684,0.025000000372529));
#71=IFCCARTESIANPOINT((-3.49224636838827E-14,0.0819948986172674,0.025000000372529));
#72=IFCCARTESIANPOINT((-3.49224636838827E-14,0.0819948986172674,-1.20222401955682E-31));
#73=IFCCARTESIANPOINT((-3.07940352633606E-14,0.249699994921684,-8.01482679704548E-32));
#74=IFCPOLYLOOP((#70,#71,#72,#73));
#75=IFCFACEBOUND(#74,.T.);
#76=IFCFACE((#75));
#77=IFCCARTESIANPOINT((-3.49224636838827E-14,0.0819948986172674,0.025000000372529));
#78=IFCCARTESIANPOINT((-0.163989797234535,3.60955709766131E-15,0.025000000372529));
#79=IFCCARTESIANPOINT((-0.163989797234535,3.60955709766131E-15,-4.00741339852274E-32));
#80=IFCCARTESIANPOINT((-3.49224636838827E-14,0.0819948986172674,-1.20222401955682E-31));
#81=IFCPOLYLOOP((#77,#78,#79,#80));
#82=IFCFACEBOUND(#81,.T.);
#83=IFCFACE((#82));
#84=IFCCLOSEDSHELL((#48,#55,#62,#69,#76,#83));
#85=IFCFACETEDBREP(#84);
#86=IFCCARTESIANPOINT((0.163989797234464,-7.14860482562451E-16,0.025000000372529));
#87=IFCCARTESIANPOINT((-3.36583769022504E-14,-0.0819948986172689,0.025000000372529));
#88=IFCCARTESIANPOINT((-3.3351143936189E-14,-0.249699994921685,0.025000000372529));
#89=IFCCARTESIANPOINT((0.499399989843298,9.37348095282042E-16,0.025000000372529));
#90=IFCPOLYLOOP((#86,#87,#88,#89));
#91=IFCFACEBOUND(#90,.T.);
#92=IFCFACE((#91));
#93=IFCCARTESIANPOINT((0.163989797234464,-7.15985144223407E-16,-1.35706275413179E-17));
#94=IFCCARTESIANPOINT((0.499399989843298,9.36223433621086E-16,-5.8462899550157E-18));
#95=IFCCARTESIANPOINT((-3.33505681980427E-14,-0.249699994921685,-6.11411448598479E-18));
#96=IFCCARTESIANPOINT((-3.36578011641042E-14,-0.0819948986172689,-1.36585740599824E-17));
#97=IFCPOLYLOOP((#93,#94,#95,#96));
#98=IFCFACEBOUND(#97,.T.);
#99=IFCFACE((#98));
#100=IFCCARTESIANPOINT((0.163989797234464,-7.14860482562451E-16,0.025000000372529));
#101=IFCCARTESIANPOINT((0.499399989843298,9.37348095282042E-16,0.025000000372529));
#102=IFCCARTESIANPOINT((0.499399989843298,9.36223433621086E-16,-5.8462899550157E-18));
#103=IFCCARTESIANPOINT((0.163989797234464,-7.15985144223407E-16,-1.35706275413179E-17));
#104=IFCPOLYLOOP((#100,#101,#102,#103));
#105=IFCFACEBOUND(#104,.T.);
#106=IFCFACE((#105));
#107=IFCCARTESIANPOINT((0.499399989843298,9.37348095282042E-16,0.025000000372529));
#108=IFCCARTESIANPOINT((-3.3351143936189E-14,-0.249699994921685,0.025000000372529));
#109=IFCCARTESIANPOINT((-3.33505681980427E-14,-0.249699994921685,-6.11411448598479E-18));
#110=IFCCARTESIANPOINT((0.499399989843298,9.36223433621086E-16,-5.8462899550157E-18));
#111=IFCPOLYLOOP((#107,#108,#109,#110));
#112=IFCFACEBOUND(#111,.T.);
#113=IFCFACE((#112));
#114=IFCCARTESIANPOINT((-3.3351143936189E-14,-0.249699994921685,0.025000000372529));
#115=IFCCARTESIANPOINT((-3.36583769022504E-14,-0.0819948986172689,0.025000000372529));
#116=IFCCARTESIANPOINT((-3.36578011641042E-14,-0.0819948986172689,-1.36585740599824E-17));
#117=IFCCARTESIANPOINT((-3.33505681980427E-14,-0.249699994921685,-6.11411448598479E-18));
#118=IFCPOLYLOOP((#114,#115,#116,#117));
#119=IFCFACEBOUND(#118,.T.);
#120=IFCFACE((#119));
#121=IFCCARTESIANPOINT((-3.36583769022504E-14,-0.0819948986172689,0.025000000372529));
#122=IFCCARTESIANPOINT((0.163989797234464,-7.14860482562451E-16,0.025000000372529));
#123=IFCCARTESIANPOINT((0.163989797234464,-7.15985144223407E-16,-1.35706275413179E-17));
#124=IFCCARTESIANPOINT((-3.36578011641042E-14,-0.0819948986172689,-1.36585740599824E-17));
#125=IFCPOLYLOOP((#121,#122,#123,#124));
#126=IFCFACEBOUND(#125,.T.);
#127=IFCFACE((#126));
#128=IFCCLOSEDSHELL((#92,#99,#106,#113,#120,#127));
#129=IFCFACETEDBREP(#128);
#130=IFCCARTESIANPOINT((-3.34786420808086E-14,-0.0819948986172674,0.025000000372529));
#131=IFCCARTESIANPOINT((-3.3207925298484E-14,-0.249699994921684,0.025000000372529));
#132=IFCCARTESIANPOINT((-3.3207925298484E-14,-0.249699994921684,0.));
#133=IFCCARTESIANPOINT((-3.34786420808086E-14,-0.0819948986172674,0.));
#134=IFCPOLYLOOP((#130,#131,#132,#133));
#135=IFCFACEBOUND(#134,.T.);
#136=IFCFACE((#135));
#137=IFCCARTESIANPOINT((-0.499399989843369,-2.16573425859679E-15,0.025000000372529));
#138=IFCCARTESIANPOINT((-0.163989797234535,-1.44382283906452E-15,0.025000000372529));
#139=IFCCARTESIANPOINT((-0.163989797234535,-1.44382283906452E-15,0.));
#140=IFCCARTESIANPOINT((-0.499399989843369,-2.16573425859679E-15,0.));
#141=IFCPOLYLOOP((#137,#138,#139,#140));
#142=IFCFACEBOUND(#141,.T.);
#143=IFCFACE((#142));
#144=IFCCARTESIANPOINT((-0.163989797234535,-1.44382283906452E-15,0.025000000372529));
#145=IFCCARTESIANPOINT((-3.34786420808086E-14,-0.0819948986172674,0.025000000372529));
#146=IFCCARTESIANPOINT((-3.34786420808086E-14,-0.0819948986172674,0.));
#147=IFCCARTESIANPOINT((-0.163989797234535,-1.44382283906452E-15,0.));
#148=IFCPOLYLOOP((#144,#145,#146,#147));
#149=IFCFACEBOUND(#148,.T.);
#150=IFCFACE((#149));
#151=IFCCARTESIANPOINT((-3.3207925298484E-14,-0.249699994921684,0.));
#152=IFCCARTESIANPOINT((-0.499399989843369,-2.16573425859679E-15,0.));
#153=IFCCARTESIANPOINT((-0.163989797234535,-1.44382283906452E-15,0.));
#154=IFCCARTESIANPOINT((-3.34786420808086E-14,-0.0819948986172674,0.));
#155=IFCPOLYLOOP((#151,#152,#153,#154));
#156=IFCFACEBOUND(#155,.T.);
#157=IFCFACE((#156));
#158=IFCCARTESIANPOINT((-3.3207925298484E-14,-0.249699994921684,0.025000000372529));
#159=IFCCARTESIANPOINT((-0.499399989843369,-2.16573425859679E-15,0.025000000372529));
#160=IFCCARTESIANPOINT((-0.499399989843369,-2.16573425859679E-15,0.));
#161=IFCCARTESIANPOINT((-3.3207925298484E-14,-0.249699994921684,0.));
#162=IFCPOLYLOOP((#158,#159,#160,#161));
#163=IFCFACEBOUND(#162,.T.);
#164=IFCFACE((#163));
#165=IFCCARTESIANPOINT((-3.3207925298484E-14,-0.249699994921684,0.025000000372529));
#166=IFCCARTESIANPOINT((-3.34786420808086E-14,-0.0819948986172674,0.025000000372529));
#167=IFCCARTESIANPOINT((-0.163989797234535,-1.44382283906452E-15,0.025000000372529));
#168=IFCCARTESIANPOINT((-0.499399989843369,-2.16573425859679E-15,0.025000000372529));
#169=IFCPOLYLOOP((#165,#166,#167,#168));
#170=IFCFACEBOUND(#169,.T.);
#171=IFCFACE((#170));
#172=IFCCLOSEDSHELL((#136,#143,#150,#157,#164,#171));
#173=IFCFACETEDBREP(#172);
#174=IFCCARTESIANPOINT((-0.083979956805706,-0.572234034538269,0.025000000372529));
#175=IFCCARTESIANPOINT((-0.083979956805706,-0.546187996864319,0.025000000372529));
#176=IFCCARTESIANPOINT((-0.083979956805706,-0.546187996864319,0.));
#177=IFCCARTESIANPOINT((-0.083979956805706,-0.572234034538269,0.));
#178=IFCPOLYLOOP((#174,#175,#176,#177));
#179=IFCFACEBOUND(#178,.T.);
#180=IFCFACE((#179));
#181=IFCCARTESIANPOINT((0.0382549688220024,-0.396435499191284,0.025000000372529));
#182=IFCCARTESIANPOINT((-0.0714229121804237,-0.396435499191284,0.025000000372529));
#183=IFCCARTESIANPOINT((-0.0714229121804237,-0.396435499191284,0.));
#184=IFCCARTESIANPOINT((0.0382549688220024,-0.396435499191284,0.));
#185=IFCPOLYLOOP((#181,#182,#183,#184));
#186=IFCFACEBOUND(#185,.T.);
#187=IFCFACE((#186));
#188=IFCCARTESIANPOINT((-0.083979956805706,-0.546187996864319,0.025000000372529));
#189=IFCCARTESIANPOINT((0.0187326986342669,-0.420323312282563,0.025000000372529));
#190=IFCCARTESIANPOINT((0.0187326986342669,-0.420323312282563,0.));
#191=IFCCARTESIANPOINT((-0.083979956805706,-0.546187996864319,0.));
#192=IFCPOLYLOOP((#188,#189,#190,#191));
#193=IFCFACEBOUND(#192,.T.);
#194=IFCFACE((#193));
#195=IFCCARTESIANPOINT((-0.0714229121804237,-0.396435499191284,0.025000000372529));
#196=IFCCARTESIANPOINT((-0.0714229121804237,-0.371321439743042,0.025000000372529));
#197=IFCCARTESIANPOINT((-0.0714229121804237,-0.371321439743042,0.));
#198=IFCCARTESIANPOINT((-0.0714229121804237,-0.396435499191284,0.));
#199=IFCPOLYLOOP((#195,#196,#197,#198));
#200=IFCFACEBOUND(#199,.T.);
#201=IFCFACE((#200));
#202=IFCCARTESIANPOINT((-0.0531759671866894,-0.547119975090027,0.025000000372529));
#203=IFCCARTESIANPOINT((0.0729830339550972,-0.547119975090027,0.025000000372529));
#204=IFCCARTESIANPOINT((0.0729830339550972,-0.547119975090027,0.));
#205=IFCCARTESIANPOINT((-0.0531759671866894,-0.547119975090027,0.));
#206=IFCPOLYLOOP((#202,#203,#204,#205));
#207=IFCFACEBOUND(#206,.T.);
#208=IFCFACE((#207));
#209=IFCCARTESIANPOINT((-0.083979956805706,-0.572234034538269,0.));
#210=IFCCARTESIANPOINT((-0.083979956805706,-0.546187996864319,0.));
#211=IFCCARTESIANPOINT((0.0187326986342669,-0.420323312282563,0.));
#212=IFCCARTESIANPOINT((0.0382549688220024,-0.396435499191284,0.));
#213=IFCCARTESIANPOINT((-0.0714229121804237,-0.396435499191284,0.));
#214=IFCCARTESIANPOINT((-0.0714229121804237,-0.371321439743042,0.));
#215=IFCCARTESIANPOINT((0.0698437690734863,-0.371321439743042,0.));
#216=IFCCARTESIANPOINT((0.0698437690734863,-0.396435499191284,0.));
#217=IFCCARTESIANPOINT((-0.0425809659063816,-0.534170508384705,0.));
#218=IFCCARTESIANPOINT((-0.0531759671866894,-0.547119975090027,0.));
#219=IFCCARTESIANPOINT((0.0729830339550972,-0.547119975090027,0.));
#220=IFCCARTESIANPOINT((0.0729830339550972,-0.572234034538269,0.));
#221=IFCPOLYLOOP((#209,#210,#211,#212,#213,#214,#215,#216,#217,#218,#219,#220));
#222=IFCFACEBOUND(#221,.T.);
#223=IFCFACE((#222));
#224=IFCCARTESIANPOINT((0.0729830339550972,-0.547119975090027,0.025000000372529));
#225=IFCCARTESIANPOINT((0.0729830339550972,-0.572234034538269,0.025000000372529));
#226=IFCCARTESIANPOINT((0.0729830339550972,-0.572234034538269,0.));
#227=IFCCARTESIANPOINT((0.0729830339550972,-0.547119975090027,0.));
#228=IFCPOLYLOOP((#224,#225,#226,#227));
#229=IFCFACEBOUND(#228,.T.);
#230=IFCFACE((#229));
#231=IFCCARTESIANPOINT((-0.0425809659063816,-0.534170508384705,0.025000000372529));
#232=IFCCARTESIANPOINT((-0.0531759671866894,-0.547119975090027,0.025000000372529));
#233=IFCCARTESIANPOINT((-0.0531759671866894,-0.547119975090027,0.));
#234=IFCCARTESIANPOINT((-0.0425809659063816,-0.534170508384705,0.));
#235=IFCPOLYLOOP((#231,#232,#233,#234));
#236=IFCFACEBOUND(#235,.T.);
#237=IFCFACE((#236));
#238=IFCCARTESIANPOINT((-0.083979956805706,-0.572234034538269,0.025000000372529));
#239=IFCCARTESIANPOINT((0.0729830339550972,-0.572234034538269,0.025000000372529));
#240=IFCCARTESIANPOINT((0.0729830339550972,-0.547119975090027,0.025000000372529));
#241=IFCCARTESIANPOINT((-0.0531759671866894,-0.547119975090027,0.025000000372529));
#242=IFCCARTESIANPOINT((-0.0425809659063816,-0.534170508384705,0.025000000372529));
#243=IFCCARTESIANPOINT((0.0698437690734863,-0.396435499191284,0.025000000372529));
#244=IFCCARTESIANPOINT((0.0698437690734863,-0.371321439743042,0.025000000372529));
#245=IFCCARTESIANPOINT((-0.0714229121804237,-0.371321439743042,0.025000000372529));
#246=IFCCARTESIANPOINT((-0.0714229121804237,-0.396435499191284,0.025000000372529));
#247=IFCCARTESIANPOINT((0.0382549688220024,-0.396435499191284,0.025000000372529));
#248=IFCCARTESIANPOINT((0.0187326986342669,-0.420323312282563,0.025000000372529));
#249=IFCCARTESIANPOINT((-0.083979956805706,-0.546187996864319,0.025000000372529));
#250=IFCPOLYLOOP((#238,#239,#240,#241,#242,#243,#244,#245,#246,#247,#248,#249));
#251=IFCFACEBOUND(#250,.T.);
#252=IFCFACE((#251));
#253=IFCCARTESIANPOINT((0.0187326986342669,-0.420323312282563,0.025000000372529));
#254=IFCCARTESIANPOINT((0.0382549688220024,-0.396435499191284,0.025000000372529));
#255=IFCCARTESIANPOINT((0.0382549688220024,-0.396435499191284,0.));
#256=IFCCARTESIANPOINT((0.0187326986342669,-0.420323312282563,0.));
#257=IFCPOLYLOOP((#253,#254,#255,#256));
#258=IFCFACEBOUND(#257,.T.);
#259=IFCFACE((#258));
#260=IFCCARTESIANPOINT((0.0698437690734863,-0.396435499191284,0.025000000372529));
#261=IFCCARTESIANPOINT((-0.0425809659063816,-0.534170508384705,0.025000000372529));
#262=IFCCARTESIANPOINT((-0.0425809659063816,-0.534170508384705,0.));
#263=IFCCARTESIANPOINT((0.0698437690734863,-0.396435499191284,0.));
#264=IFCPOLYLOOP((#260,#261,#262,#263));
#265=IFCFACEBOUND(#264,.T.);
#266=IFCFACE((#265));
#267=IFCCARTESIANPOINT((0.0698437690734863,-0.371321439743042,0.025000000372529));
#268=IFCCARTESIANPOINT((0.0698437690734863,-0.396435499191284,0.025000000372529));
#269=IFCCARTESIANPOINT((0.0698437690734863,-0.396435499191284,0.));
#270=IFCCARTESIANPOINT((0.0698437690734863,-0.371321439743042,0.));
#271=IFCPOLYLOOP((#267,#268,#269,#270));
#272=IFCFACEBOUND(#271,.T.);
#273=IFCFACE((#272));
#274=IFCCARTESIANPOINT((0.0729830339550972,-0.572234034538269,0.025000000372529));
#275=IFCCARTESIANPOINT((-0.083979956805706,-0.572234034538269,0.025000000372529));
#276=IFCCARTESIANPOINT((-0.083979956805706,-0.572234034538269,0.));
#277=IFCCARTESIANPOINT((0.0729830339550972,-0.572234034538269,0.));
#278=IFCPOLYLOOP((#274,#275,#276,#277));
#279=IFCFACEBOUND(#278,.T.);
#280=IFCFACE((#279));
#281=IFCCARTESIANPOINT((-0.0714229121804237,-0.371321439743042,0.025000000372529));
#282=IFCCARTESIANPOINT((0.0698437690734863,-0.371321439743042,0.025000000372529));
#283=IFCCARTESIANPOINT((0.0698437690734863,-0.371321439743042,0.));
#284=IFCCARTESIANPOINT((-0.0714229121804237,-0.371321439743042,0.));
#285=IFCPOLYLOOP((#281,#282,#283,#284));
#286=IFCFACEBOUND(#285,.T.);
#287=IFCFACE((#286));
#288=IFCCLOSEDSHELL((#180,#187,#194,#201,#208,#223,#230,#237,#252,#259,#266,#273,#280,#287));
#289=IFCFACETEDBREP(#288);
#290=IFCCARTESIANPOINT((0.745889663696289,-0.104676522314549,0.025000000372529));
#291=IFCCARTESIANPOINT((0.719132363796234,-0.101261354982853,0.025000000372529));
#292=IFCCARTESIANPOINT((0.719132363796234,-0.101261354982853,0.));
#293=IFCCARTESIANPOINT((0.745889663696289,-0.104676522314549,0.));
#294=IFCPOLYLOOP((#290,#291,#292,#293));
#295=IFCFACEBOUND(#294,.T.);
#296=IFCFACE((#295));
#297=IFCCARTESIANPOINT((0.77109569311142,-0.101586312055588,0.025000000372529));
#298=IFCCARTESIANPOINT((0.745889663696289,-0.104676522314549,0.025000000372529));
#299=IFCCARTESIANPOINT((0.745889663696289,-0.104676522314549,0.));
#300=IFCCARTESIANPOINT((0.77109569311142,-0.101586312055588,0.));
#301=IFCPOLYLOOP((#297,#298,#299,#300));
#302=IFCFACEBOUND(#301,.T.);
#303=IFCFACE((#302));
#304=IFCCARTESIANPOINT((0.794523656368256,-0.0923156887292863,0.025000000372529));
#305=IFCCARTESIANPOINT((0.77109569311142,-0.101586312055588,0.025000000372529));
#306=IFCCARTESIANPOINT((0.77109569311142,-0.101586312055588,0.));
#307=IFCCARTESIANPOINT((0.794523656368256,-0.0923156887292863,0.));
#308=IFCPOLYLOOP((#304,#305,#306,#307));
#309=IFCFACEBOUND(#308,.T.);
#310=IFCFACE((#309));
#311=IFCCARTESIANPOINT((0.838565230369568,-0.0302785206586121,0.025000000372529));
#312=IFCCARTESIANPOINT((0.829349815845489,-0.0559198968112466,0.025000000372529));
#313=IFCCARTESIANPOINT((0.829349815845489,-0.0559198968112466,0.));
#314=IFCCARTESIANPOINT((0.838565230369568,-0.0302785206586121,0.));
#315=IFCPOLYLOOP((#311,#312,#313,#314));
#316=IFCFACEBOUND(#315,.T.);
#317=IFCFACE((#316));
#318=IFCCARTESIANPOINT((0.829349815845489,-0.0559198968112466,0.025000000372529));
#319=IFCCARTESIANPOINT((0.814499616622925,-0.0770363211631774,0.025000000372529));
#320=IFCCARTESIANPOINT((0.814499616622925,-0.0770363211631774,0.));
#321=IFCCARTESIANPOINT((0.829349815845489,-0.0559198968112466,0.));
#322=IFCPOLYLOOP((#318,#319,#320,#321));
#323=IFCFACEBOUND(#322,.T.);
#324=IFCFACE((#323));
#325=IFCCARTESIANPOINT((0.650142252445221,-0.00372970383614336,0.025000000372529));
#326=IFCCARTESIANPOINT((0.653011679649353,-0.0294262617826464,0.025000000372529));
#327=IFCCARTESIANPOINT((0.661620140075684,-0.0537371300160888,0.025000000372529));
#328=IFCCARTESIANPOINT((0.67579585313797,-0.0748658180236818,0.025000000372529));
#329=IFCCARTESIANPOINT((0.695367157459259,-0.091015838086605,0.025000000372529));
#330=IFCCARTESIANPOINT((0.719132363796234,-0.101261354982853,0.025000000372529));
#331=IFCCARTESIANPOINT((0.745889663696289,-0.104676522314549,0.025000000372529));
#332=IFCCARTESIANPOINT((0.77109569311142,-0.101586312055588,0.025000000372529));
#333=IFCCARTESIANPOINT((0.794523656368256,-0.0923156887292863,0.025000000372529));
#334=IFCCARTESIANPOINT((0.814499616622925,-0.0770363211631774,0.025000000372529));
#335=IFCCARTESIANPOINT((0.829349815845489,-0.0559198968112466,0.025000000372529));
#336=IFCCARTESIANPOINT((0.838565230369568,-0.0302785206586121,0.025000000372529));
#337=IFCCARTESIANPOINT((0.841637074947357,-0.00142431003041575,0.025000000372529));
#338=IFCCARTESIANPOINT((0.83871853351593,0.0270497556775809,0.025000000372529));
#339=IFCCARTESIANPOINT((0.829962968826294,0.0523355118930338,0.025000000372529));
#340=IFCCARTESIANPOINT((0.815640091896057,0.0734151527285577,0.025000000372529));
#341=IFCCARTESIANPOINT((0.796019673347473,0.0892708674073216,0.025000000372529));
#342=IFCCARTESIANPOINT((0.77238941192627,0.0992036759853361,0.025000000372529));
#343=IFCCARTESIANPOINT((0.74603682756424,0.102514617145061,0.025000000372529));
#344=IFCCARTESIANPOINT((0.725843131542206,0.100751847028732,0.025000000372529));
#345=IFCCARTESIANPOINT((0.707593142986298,0.0954635441303251,0.025000000372529));
#346=IFCCARTESIANPOINT((0.691286742687225,0.0866497084498407,0.025000000372529));
#347=IFCCARTESIANPOINT((0.676924049854279,0.0743103325366972,0.025000000372529));
#348=IFCCARTESIANPOINT((0.665206968784332,0.0588562190532682,0.025000000372529));
#349=IFCCARTESIANPOINT((0.656837701797485,0.0406981781125066,0.025000000372529));
#350=IFCCARTESIANPOINT((0.651816070079803,0.0198362041264772,0.025000000372529));
#351=IFCCARTESIANPOINT((0.675256311893463,-0.00397495832294255,0.025000000372529));
#352=IFCCARTESIANPOINT((0.680492460727692,0.0336041860282421,0.025000000372529));
#353=IFCCARTESIANPOINT((0.687037706375122,0.0476894676685332,0.025000000372529));
#354=IFCCARTESIANPOINT((0.696201026439667,0.0586385577917101,0.025000000372529));
#355=IFCCARTESIANPOINT((0.719169139862061,0.0727100446820262,0.025000000372529));
#356=IFCCARTESIANPOINT((0.746183931827545,0.0774005353450775,0.025000000372529));
#357=IFCCARTESIANPOINT((0.765626490116119,0.074966385960579,0.025000000372529));
#358=IFCCARTESIANPOINT((0.783045709133148,0.0676639303565028,0.025000000372529));
#359=IFCCARTESIANPOINT((0.797485113143921,0.0559346228837969,0.025000000372529));
#360=IFCCARTESIANPOINT((0.807988107204437,0.0402199327945712,0.025000000372529));
#361=IFCCARTESIANPOINT((0.814389288425445,0.0210042297840115,0.025000000372529));
#362=IFCCARTESIANPOINT((0.816523015499115,-0.00122810632456125,0.025000000372529));
#363=IFCCARTESIANPOINT((0.81153815984726,-0.0344723761081697,0.025000000372529));
#364=IFCCARTESIANPOINT((0.80530720949173,-0.0478847399353985,0.025000000372529));
#365=IFCCARTESIANPOINT((0.796583771705627,-0.0591572560369969,0.025000000372529));
#366=IFCCARTESIANPOINT((0.773903846740723,-0.07446114718914,0.025000000372529));
#367=IFCCARTESIANPOINT((0.745742499828339,-0.079562447965145,0.025000000372529));
#368=IFCCARTESIANPOINT((0.717985808849335,-0.0745102018117905,0.025000000372529));
#369=IFCCARTESIANPOINT((0.695342659950256,-0.0593534633517263,0.025000000372529));
#370=IFCCARTESIANPOINT((0.6802778840065,-0.0354043431580064,0.025000000372529));
#371=IFCPOLYLOOP((#325,#326,#327,#328,#329,#330,#331,#332,#333,#334,#335,#336,#337,#338,#339,#340,#341,#342,#343,#344,#345,#346,#347,#348,#349,#350,#351,#352,#353,#354,#355,#356,#357,#358,#359,#360,#361,#362,#363,#364,#365,#366,#367,#368,#369,#370));
#372=IFCFACEBOUND(#371,.T.);
#373=IFCFACE((#372));
#374=IFCCARTESIANPOINT((0.650142252445221,-0.00372970383614336,0.));
#375=IFCCARTESIANPOINT((0.651816070079803,0.0198362041264772,0.));
#376=IFCCARTESIANPOINT((0.656837701797485,0.0406981781125066,0.));
#377=IFCCARTESIANPOINT((0.665206968784332,0.0588562190532682,0.));
#378=IFCCARTESIANPOINT((0.676924049854279,0.0743103325366972,0.));
#379=IFCCARTESIANPOINT((0.691286742687225,0.0866497084498407,0.));
#380=IFCCARTESIANPOINT((0.707593142986298,0.0954635441303251,0.));
#381=IFCCARTESIANPOINT((0.725843131542206,0.100751847028732,0.));
#382=IFCCARTESIANPOINT((0.74603682756424,0.102514617145061,0.));
#383=IFCCARTESIANPOINT((0.77238941192627,0.0992036759853361,0.));
#384=IFCCARTESIANPOINT((0.796019673347473,0.0892708674073216,0.));
#385=IFCCARTESIANPOINT((0.815640091896057,0.0734151527285577,0.));
#386=IFCCARTESIANPOINT((0.829962968826294,0.0523355118930338,0.));
#387=IFCCARTESIANPOINT((0.83871853351593,0.0270497556775809,0.));
#388=IFCCARTESIANPOINT((0.841637074947357,-0.00142431003041575,0.));
#389=IFCCARTESIANPOINT((0.838565230369568,-0.0302785206586121,0.));
#390=IFCCARTESIANPOINT((0.829349815845489,-0.0559198968112466,0.));
#391=IFCCARTESIANPOINT((0.814499616622925,-0.0770363211631774,0.));
#392=IFCCARTESIANPOINT((0.794523656368256,-0.0923156887292863,0.));
#393=IFCCARTESIANPOINT((0.77109569311142,-0.101586312055588,0.));
#394=IFCCARTESIANPOINT((0.745889663696289,-0.104676522314549,0.));
#395=IFCCARTESIANPOINT((0.719132363796234,-0.101261354982853,0.));
#396=IFCCARTESIANPOINT((0.695367157459259,-0.091015838086605,0.));
#397=IFCCARTESIANPOINT((0.67579585313797,-0.0748658180236818,0.));
#398=IFCCARTESIANPOINT((0.661620140075684,-0.0537371300160888,0.));
#399=IFCCARTESIANPOINT((0.653011679649353,-0.0294262617826464,0.));
#400=IFCCARTESIANPOINT((0.675256311893463,-0.00397495832294255,0.));
#401=IFCCARTESIANPOINT((0.6802778840065,-0.0354043431580064,0.));
#402=IFCCARTESIANPOINT((0.695342659950256,-0.0593534633517263,0.));
#403=IFCCARTESIANPOINT((0.717985808849335,-0.0745102018117905,0.));
#404=IFCCARTESIANPOINT((0.745742499828339,-0.079562447965145,0.));
#405=IFCCARTESIANPOINT((0.773903846740723,-0.07446114718914,0.));
#406=IFCCARTESIANPOINT((0.796583771705627,-0.0591572560369969,0.));
#407=IFCCARTESIANPOINT((0.80530720949173,-0.0478847399353985,0.));
#408=IFCCARTESIANPOINT((0.81153815984726,-0.0344723761081697,0.));
#409=IFCCARTESIANPOINT((0.816523015499115,-0.00122810632456125,0.));
#410=IFCCARTESIANPOINT((0.814389288425445,0.0210042297840115,0.));
#411=IFCCARTESIANPOINT((0.807988107204437,0.0402199327945712,0.));
#412=IFCCARTESIANPOINT((0.797485113143921,0.0559346228837969,0.));
#413=IFCCARTESIANPOINT((0.783045709133148,0.0676639303565028,0.));
#414=IFCCARTESIANPOINT((0.765626490116119,0.074966385960579,0.));
#415=IFCCARTESIANPOINT((0.746183931827545,0.0774005353450775,0.));
#416=IFCCARTESIANPOINT((0.719169139862061,0.0727100446820262,0.));
#417=IFCCARTESIANPOINT((0.696201026439667,0.0586385577917101,0.));
#418=IFCCARTESIANPOINT((0.687037706375122,0.0476894676685332,0.));
#419=IFCCARTESIANPOINT((0.680492460727692,0.0336041860282421,0.));
#420=IFCPOLYLOOP((#374,#375,#376,#377,#378,#379,#380,#381,#382,#383,#384,#385,#386,#387,#388,#389,#390,#391,#392,#393,#394,#395,#396,#397,#398,#399,#400,#401,#402,#403,#404,#405,#406,#407,#408,#409,#410,#411,#412,#413,#414,#415,#416,#417,#418,#419));
#421=IFCFACEBOUND(#420,.T.);
#422=IFCFACE((#421));
#423=IFCCARTESIANPOINT((0.67579585313797,-0.0748658180236818,0.025000000372529));
#424=IFCCARTESIANPOINT((0.661620140075684,-0.0537371300160888,0.025000000372529));
#425=IFCCARTESIANPOINT((0.661620140075684,-0.0537371300160888,0.));
#426=IFCCARTESIANPOINT((0.67579585313797,-0.0748658180236818,0.));
#427=IFCPOLYLOOP((#423,#424,#425,#426));
#428=IFCFACEBOUND(#427,.T.);
#429=IFCFACE((#428));
#430=IFCCARTESIANPOINT((0.815640091896057,0.0734151527285577,0.025000000372529));
#431=IFCCARTESIANPOINT((0.829962968826294,0.0523355118930338,0.025000000372529));
#432=IFCCARTESIANPOINT((0.829962968826294,0.0523355118930338,0.));
#433=IFCCARTESIANPOINT((0.815640091896057,0.0734151527285577,0.));
#434=IFCPOLYLOOP((#430,#431,#432,#433));
#435=IFCFACEBOUND(#434,.T.);
#436=IFCFACE((#435));
#437=IFCCARTESIANPOINT((0.796019673347473,0.0892708674073216,0.025000000372529));
#438=IFCCARTESIANPOINT((0.815640091896057,0.0734151527285577,0.025000000372529));
#439=IFCCARTESIANPOINT((0.815640091896057,0.0734151527285577,0.));
#440=IFCCARTESIANPOINT((0.796019673347473,0.0892708674073216,0.));
#441=IFCPOLYLOOP((#437,#438,#439,#440));
#442=IFCFACEBOUND(#441,.T.);
#443=IFCFACE((#442));
#444=IFCCARTESIANPOINT((0.661620140075684,-0.0537371300160888,0.025000000372529));
#445=IFCCARTESIANPOINT((0.653011679649353,-0.0294262617826464,0.025000000372529));
#446=IFCCARTESIANPOINT((0.653011679649353,-0.0294262617826464,0.));
#447=IFCCARTESIANPOINT((0.661620140075684,-0.0537371300160888,0.));
#448=IFCPOLYLOOP((#444,#445,#446,#447));
#449=IFCFACEBOUND(#448,.T.);
#450=IFCFACE((#449));
#451=IFCCARTESIANPOINT((0.653011679649353,-0.0294262617826464,0.025000000372529));
#452=IFCCARTESIANPOINT((0.650142252445221,-0.00372970383614336,0.025000000372529));
#453=IFCCARTESIANPOINT((0.650142252445221,-0.00372970383614336,0.));
#454=IFCCARTESIANPOINT((0.653011679649353,-0.0294262617826464,0.));
#455=IFCPOLYLOOP((#451,#452,#453,#454));
#456=IFCFACEBOUND(#455,.T.);
#457=IFCFACE((#456));
#458=IFCCARTESIANPOINT((0.74603682756424,0.102514617145061,0.025000000372529));
#459=IFCCARTESIANPOINT((0.77238941192627,0.0992036759853361,0.025000000372529));
#460=IFCCARTESIANPOINT((0.77238941192627,0.0992036759853361,0.));
#461=IFCCARTESIANPOINT((0.74603682756424,0.102514617145061,0.));
#462=IFCPOLYLOOP((#458,#459,#460,#461));
#463=IFCFACEBOUND(#462,.T.);
#464=IFCFACE((#463));
#465=IFCCARTESIANPOINT((0.707593142986298,0.0954635441303251,0.025000000372529));
#466=IFCCARTESIANPOINT((0.725843131542206,0.100751847028732,0.025000000372529));
#467=IFCCARTESIANPOINT((0.725843131542206,0.100751847028732,0.));
#468=IFCCARTESIANPOINT((0.707593142986298,0.0954635441303251,0.));
#469=IFCPOLYLOOP((#465,#466,#467,#468));
#470=IFCFACEBOUND(#469,.T.);
#471=IFCFACE((#470));
#472=IFCCARTESIANPOINT((0.725843131542206,0.100751847028732,0.025000000372529));
#473=IFCCARTESIANPOINT((0.74603682756424,0.102514617145061,0.025000000372529));
#474=IFCCARTESIANPOINT((0.74603682756424,0.102514617145061,0.));
#475=IFCCARTESIANPOINT((0.725843131542206,0.100751847028732,0.));
#476=IFCPOLYLOOP((#472,#473,#474,#475));
#477=IFCFACEBOUND(#476,.T.);
#478=IFCFACE((#477));
#479=IFCCARTESIANPOINT((0.719169139862061,0.0727100446820262,0.025000000372529));
#480=IFCCARTESIANPOINT((0.696201026439667,0.0586385577917101,0.025000000372529));
#481=IFCCARTESIANPOINT((0.696201026439667,0.0586385577917101,0.));
#482=IFCCARTESIANPOINT((0.719169139862061,0.0727100446820262,0.));
#483=IFCPOLYLOOP((#479,#480,#481,#482));
#484=IFCFACEBOUND(#483,.T.);
#485=IFCFACE((#484));
#486=IFCCARTESIANPOINT((0.691286742687225,0.0866497084498407,0.025000000372529));
#487=IFCCARTESIANPOINT((0.707593142986298,0.0954635441303251,0.025000000372529));
#488=IFCCARTESIANPOINT((0.707593142986298,0.0954635441303251,0.));
#489=IFCCARTESIANPOINT((0.691286742687225,0.0866497084498407,0.));
#490=IFCPOLYLOOP((#486,#487,#488,#489));
#491=IFCFACEBOUND(#490,.T.);
#492=IFCFACE((#491));
#493=IFCCARTESIANPOINT((0.746183931827545,0.0774005353450775,0.025000000372529));
#494=IFCCARTESIANPOINT((0.719169139862061,0.0727100446820262,0.025000000372529));
#495=IFCCARTESIANPOINT((0.719169139862061,0.0727100446820262,0.));
#496=IFCCARTESIANPOINT((0.746183931827545,0.0774005353450775,0.));
#497=IFCPOLYLOOP((#493,#494,#495,#496));
#498=IFCFACEBOUND(#497,.T.);
#499=IFCFACE((#498));
#500=IFCCARTESIANPOINT((0.765626490116119,0.074966385960579,0.025000000372529));
#501=IFCCARTESIANPOINT((0.746183931827545,0.0774005353450775,0.025000000372529));
#502=IFCCARTESIANPOINT((0.746183931827545,0.0774005353450775,0.));
#503=IFCCARTESIANPOINT((0.765626490116119,0.074966385960579,0.));
#504=IFCPOLYLOOP((#500,#501,#502,#503));
#505=IFCFACEBOUND(#504,.T.);
#506=IFCFACE((#505));
#507=IFCCARTESIANPOINT((0.77238941192627,0.0992036759853361,0.025000000372529));
#508=IFCCARTESIANPOINT((0.796019673347473,0.0892708674073216,0.025000000372529));
#509=IFCCARTESIANPOINT((0.796019673347473,0.0892708674073216,0.));
#510=IFCCARTESIANPOINT((0.77238941192627,0.0992036759853361,0.));
#511=IFCPOLYLOOP((#507,#508,#509,#510));
#512=IFCFACEBOUND(#511,.T.);
#513=IFCFACE((#512));
#514=IFCCARTESIANPOINT((0.687037706375122,0.0476894676685332,0.025000000372529));
#515=IFCCARTESIANPOINT((0.680492460727692,0.0336041860282421,0.025000000372529));
#516=IFCCARTESIANPOINT((0.680492460727692,0.0336041860282421,0.));
#517=IFCCARTESIANPOINT((0.687037706375122,0.0476894676685332,0.));
#518=IFCPOLYLOOP((#514,#515,#516,#517));
#519=IFCFACEBOUND(#518,.T.);
#520=IFCFACE((#519));
#521=IFCCARTESIANPOINT((0.696201026439667,0.0586385577917101,0.025000000372529));
#522=IFCCARTESIANPOINT((0.687037706375122,0.0476894676685332,0.025000000372529));
#523=IFCCARTESIANPOINT((0.687037706375122,0.0476894676685332,0.));
#524=IFCCARTESIANPOINT((0.696201026439667,0.0586385577917101,0.));
#525=IFCPOLYLOOP((#521,#522,#523,#524));
#526=IFCFACEBOUND(#525,.T.);
#527=IFCFACE((#526));
#528=IFCCARTESIANPOINT((0.680492460727692,0.0336041860282421,0.025000000372529));
#529=IFCCARTESIANPOINT((0.675256311893463,-0.00397495832294255,0.025000000372529));
#530=IFCCARTESIANPOINT((0.675256311893463,-0.00397495832294255,0.));
#531=IFCCARTESIANPOINT((0.680492460727692,0.0336041860282421,0.));
#532=IFCPOLYLOOP((#528,#529,#530,#531));
#533=IFCFACEBOUND(#532,.T.);
#534=IFCFACE((#533));
#535=IFCCARTESIANPOINT((0.796583771705627,-0.0591572560369969,0.025000000372529));
#536=IFCCARTESIANPOINT((0.80530720949173,-0.0478847399353985,0.025000000372529));
#537=IFCCARTESIANPOINT((0.80530720949173,-0.0478847399353985,0.));
#538=IFCCARTESIANPOINT((0.796583771705627,-0.0591572560369969,0.));
#539=IFCPOLYLOOP((#535,#536,#537,#538));
#540=IFCFACEBOUND(#539,.T.);
#541=IFCFACE((#540));
#542=IFCCARTESIANPOINT((0.80530720949173,-0.0478847399353985,0.025000000372529));
#543=IFCCARTESIANPOINT((0.81153815984726,-0.0344723761081697,0.025000000372529));
#544=IFCCARTESIANPOINT((0.81153815984726,-0.0344723761081697,0.));
#545=IFCCARTESIANPOINT((0.80530720949173,-0.0478847399353985,0.));
#546=IFCPOLYLOOP((#542,#543,#544,#545));
#547=IFCFACEBOUND(#546,.T.);
#548=IFCFACE((#547));
#549=IFCCARTESIANPOINT((0.81153815984726,-0.0344723761081697,0.025000000372529));
#550=IFCCARTESIANPOINT((0.816523015499115,-0.00122810632456125,0.025000000372529));
#551=IFCCARTESIANPOINT((0.816523015499115,-0.00122810632456125,0.));
#552=IFCCARTESIANPOINT((0.81153815984726,-0.0344723761081697,0.));
#553=IFCPOLYLOOP((#549,#550,#551,#552));
#554=IFCFACEBOUND(#553,.T.);
#555=IFCFACE((#554));
#556=IFCCARTESIANPOINT((0.816523015499115,-0.00122810632456125,0.025000000372529));
#557=IFCCARTESIANPOINT((0.814389288425445,0.0210042297840115,0.025000000372529));
#558=IFCCARTESIANPOINT((0.814389288425445,0.0210042297840115,0.));
#559=IFCCARTESIANPOINT((0.816523015499115,-0.00122810632456125,0.));
#560=IFCPOLYLOOP((#556,#557,#558,#559));
#561=IFCFACEBOUND(#560,.T.);
#562=IFCFACE((#561));
#563=IFCCARTESIANPOINT((0.814389288425445,0.0210042297840115,0.025000000372529));
#564=IFCCARTESIANPOINT((0.807988107204437,0.0402199327945712,0.025000000372529));
#565=IFCCARTESIANPOINT((0.807988107204437,0.0402199327945712,0.));
#566=IFCCARTESIANPOINT((0.814389288425445,0.0210042297840115,0.));
#567=IFCPOLYLOOP((#563,#564,#565,#566));
#568=IFCFACEBOUND(#567,.T.);
#569=IFCFACE((#568));
#570=IFCCARTESIANPOINT((0.807988107204437,0.0402199327945712,0.025000000372529));
#571=IFCCARTESIANPOINT((0.797485113143921,0.0559346228837969,0.025000000372529));
#572=IFCCARTESIANPOINT((0.797485113143921,0.0559346228837969,0.));
#573=IFCCARTESIANPOINT((0.807988107204437,0.0402199327945712,0.));
#574=IFCPOLYLOOP((#570,#571,#572,#573));
#575=IFCFACEBOUND(#574,.T.);
#576=IFCFACE((#575));
#577=IFCCARTESIANPOINT((0.797485113143921,0.0559346228837969,0.025000000372529));
#578=IFCCARTESIANPOINT((0.783045709133148,0.0676639303565028,0.025000000372529));
#579=IFCCARTESIANPOINT((0.783045709133148,0.0676639303565028,0.));
#580=IFCCARTESIANPOINT((0.797485113143921,0.0559346228837969,0.));
#581=IFCPOLYLOOP((#577,#578,#579,#580));
#582=IFCFACEBOUND(#581,.T.);
#583=IFCFACE((#582));
#584=IFCCARTESIANPOINT((0.783045709133148,0.0676639303565028,0.025000000372529));
#585=IFCCARTESIANPOINT((0.765626490116119,0.074966385960579,0.025000000372529));
#586=IFCCARTESIANPOINT((0.765626490116119,0.074966385960579,0.));
#587=IFCCARTESIANPOINT((0.783045709133148,0.0676639303565028,0.));
#588=IFCPOLYLOOP((#584,#585,#586,#587));
#589=IFCFACEBOUND(#588,.T.);
#590=IFCFACE((#589));
#591=IFCCARTESIANPOINT((0.675256311893463,-0.00397495832294255,0.025000000372529));
#592=IFCCARTESIANPOINT((0.6802778840065,-0.0354043431580064,0.025000000372529));
#593=IFCCARTESIANPOINT((0.6802778840065,-0.0354043431580064,0.));
#594=IFCCARTESIANPOINT((0.675256311893463,-0.00397495832294255,0.));
#595=IFCPOLYLOOP((#591,#592,#593,#594));
#596=IFCFACEBOUND(#595,.T.);
#597=IFCFACE((#596));
#598=IFCCARTESIANPOINT((0.6802778840065,-0.0354043431580064,0.025000000372529));
#599=IFCCARTESIANPOINT((0.695342659950256,-0.0593534633517263,0.025000000372529));
#600=IFCCARTESIANPOINT((0.695342659950256,-0.0593534633517263,0.));
#601=IFCCARTESIANPOINT((0.6802778840065,-0.0354043431580064,0.));
#602=IFCPOLYLOOP((#598,#599,#600,#601));
#603=IFCFACEBOUND(#602,.T.);
#604=IFCFACE((#603));
#605=IFCCARTESIANPOINT((0.695342659950256,-0.0593534633517263,0.025000000372529));
#606=IFCCARTESIANPOINT((0.717985808849335,-0.0745102018117905,0.025000000372529));
#607=IFCCARTESIANPOINT((0.717985808849335,-0.0745102018117905,0.));
#608=IFCCARTESIANPOINT((0.695342659950256,-0.0593534633517263,0.));
#609=IFCPOLYLOOP((#605,#606,#607,#608));
#610=IFCFACEBOUND(#609,.T.);
#611=IFCFACE((#610));
#612=IFCCARTESIANPOINT((0.717985808849335,-0.0745102018117905,0.025000000372529));
#613=IFCCARTESIANPOINT((0.745742499828339,-0.079562447965145,0.025000000372529));
#614=IFCCARTESIANPOINT((0.745742499828339,-0.079562447965145,0.));
#615=IFCCARTESIANPOINT((0.717985808849335,-0.0745102018117905,0.));
#616=IFCPOLYLOOP((#612,#613,#614,#615));
#617=IFCFACEBOUND(#616,.T.);
#618=IFCFACE((#617));
#619=IFCCARTESIANPOINT((0.745742499828339,-0.079562447965145,0.025000000372529));
#620=IFCCARTESIANPOINT((0.773903846740723,-0.07446114718914,0.025000000372529));
#621=IFCCARTESIANPOINT((0.773903846740723,-0.07446114718914,0.));
#622=IFCCARTESIANPOINT((0.745742499828339,-0.079562447965145,0.));
#623=IFCPOLYLOOP((#619,#620,#621,#622));
#624=IFCFACEBOUND(#623,.T.);
#625=IFCFACE((#624));
#626=IFCCARTESIANPOINT((0.773903846740723,-0.07446114718914,0.025000000372529));
#627=IFCCARTESIANPOINT((0.796583771705627,-0.0591572560369969,0.025000000372529));
#628=IFCCARTESIANPOINT((0.796583771705627,-0.0591572560369969,0.));
#629=IFCCARTESIANPOINT((0.773903846740723,-0.07446114718914,0.));
#630=IFCPOLYLOOP((#626,#627,#628,#629));
#631=IFCFACEBOUND(#630,.T.);
#632=IFCFACE((#631));
#633=IFCCARTESIANPOINT((0.650142252445221,-0.00372970383614336,0.025000000372529));
#634=IFCCARTESIANPOINT((0.651816070079803,0.0198362041264772,0.025000000372529));
#635=IFCCARTESIANPOINT((0.651816070079803,0.0198362041264772,0.));
#636=IFCCARTESIANPOINT((0.650142252445221,-0.00372970383614336,0.));
#637=IFCPOLYLOOP((#633,#634,#635,#636));
#638=IFCFACEBOUND(#637,.T.);
#639=IFCFACE((#638));
#640=IFCCARTESIANPOINT((0.651816070079803,0.0198362041264772,0.025000000372529));
#641=IFCCARTESIANPOINT((0.656837701797485,0.0406981781125066,0.025000000372529));
#642=IFCCARTESIANPOINT((0.656837701797485,0.0406981781125066,0.));
#643=IFCCARTESIANPOINT((0.651816070079803,0.0198362041264772,0.));
#644=IFCPOLYLOOP((#640,#641,#642,#643));
#645=IFCFACEBOUND(#644,.T.);
#646=IFCFACE((#645));
#647=IFCCARTESIANPOINT((0.695367157459259,-0.091015838086605,0.025000000372529));
#648=IFCCARTESIANPOINT((0.67579585313797,-0.0748658180236818,0.025000000372529));
#649=IFCCARTESIANPOINT((0.67579585313797,-0.0748658180236818,0.));
#650=IFCCARTESIANPOINT((0.695367157459259,-0.091015838086605,0.));
#651=IFCPOLYLOOP((#647,#648,#649,#650));
#652=IFCFACEBOUND(#651,.T.);
#653=IFCFACE((#652));
#654=IFCCARTESIANPOINT((0.719132363796234,-0.101261354982853,0.025000000372529));
#655=IFCCARTESIANPOINT((0.695367157459259,-0.091015838086605,0.025000000372529));
#656=IFCCARTESIANPOINT((0.695367157459259,-0.091015838086605,0.));
#657=IFCCARTESIANPOINT((0.719132363796234,-0.101261354982853,0.));
#658=IFCPOLYLOOP((#654,#655,#656,#657));
#659=IFCFACEBOUND(#658,.T.);
#660=IFCFACE((#659));
#661=IFCCARTESIANPOINT((0.656837701797485,0.0406981781125066,0.025000000372529));
#662=IFCCARTESIANPOINT((0.665206968784332,0.0588562190532682,0.025000000372529));
#663=IFCCARTESIANPOINT((0.665206968784332,0.0588562190532682,0.));
#664=IFCCARTESIANPOINT((0.656837701797485,0.0406981781125066,0.));
#665=IFCPOLYLOOP((#661,#662,#663,#664));
#666=IFCFACEBOUND(#665,.T.);
#667=IFCFACE((#666));
#668=IFCCARTESIANPOINT((0.814499616622925,-0.0770363211631774,0.025000000372529));
#669=IFCCARTESIANPOINT((0.794523656368256,-0.0923156887292863,0.025000000372529));
#670=IFCCARTESIANPOINT((0.794523656368256,-0.0923156887292863,0.));
#671=IFCCARTESIANPOINT((0.814499616622925,-0.0770363211631774,0.));
#672=IFCPOLYLOOP((#668,#669,#670,#671));
#673=IFCFACEBOUND(#672,.T.);
#674=IFCFACE((#673));
#675=IFCCARTESIANPOINT((0.676924049854279,0.0743103325366972,0.025000000372529));
#676=IFCCARTESIANPOINT((0.691286742687225,0.0866497084498407,0.025000000372529));
#677=IFCCARTESIANPOINT((0.691286742687225,0.0866497084498407,0.));
#678=IFCCARTESIANPOINT((0.676924049854279,0.0743103325366972,0.));
#679=IFCPOLYLOOP((#675,#676,#677,#678));
#680=IFCFACEBOUND(#679,.T.);
#681=IFCFACE((#680));
#682=IFCCARTESIANPOINT((0.665206968784332,0.0588562190532682,0.025000000372529));
#683=IFCCARTESIANPOINT((0.676924049854279,0.0743103325366972,0.025000000372529));
#684=IFCCARTESIANPOINT((0.676924049854279,0.0743103325366972,0.));
#685=IFCCARTESIANPOINT((0.665206968784332,0.0588562190532682,0.));
#686=IFCPOLYLOOP((#682,#683,#684,#685));
#687=IFCFACEBOUND(#686,.T.);
#688=IFCFACE((#687));
#689=IFCCARTESIANPOINT((0.841637074947357,-0.00142431003041575,0.025000000372529));
#690=IFCCARTESIANPOINT((0.838565230369568,-0.0302785206586121,0.025000000372529));
#691=IFCCARTESIANPOINT((0.838565230369568,-0.0302785206586121,0.));
#692=IFCCARTESIANPOINT((0.841637074947357,-0.00142431003041575,0.));
#693=IFCPOLYLOOP((#689,#690,#691,#692));
#694=IFCFACEBOUND(#693,.T.);
#695=IFCFACE((#694));
#696=IFCCARTESIANPOINT((0.829962968826294,0.0523355118930338,0.025000000372529));
#697=IFCCARTESIANPOINT((0.83871853351593,0.0270497556775809,0.025000000372529));
#698=IFCCARTESIANPOINT((0.83871853351593,0.0270497556775809,0.));
#699=IFCCARTESIANPOINT((0.829962968826294,0.0523355118930338,0.));
#700=IFCPOLYLOOP((#696,#697,#698,#699));
#701=IFCFACEBOUND(#700,.T.);
#702=IFCFACE((#701));
#703=IFCCARTESIANPOINT((0.83871853351593,0.0270497556775809,0.025000000372529));
#704=IFCCARTESIANPOINT((0.841637074947357,-0.00142431003041575,0.025000000372529));
#705=IFCCARTESIANPOINT((0.841637074947357,-0.00142431003041575,0.));
#706=IFCCARTESIANPOINT((0.83871853351593,0.0270497556775809,0.));
#707=IFCPOLYLOOP((#703,#704,#705,#706));
#708=IFCFACEBOUND(#707,.T.);
#709=IFCFACE((#708));
#710=IFCCLOSEDSHELL((#296,#303,#310,#317,#324,#373,#422,#429,#436,#443,#450,#457,#464,#471,#478,#485,#492,#499,#506,#513,#520,#527,#534,#541,#548,#555,#562,#569,#576,#583,#590,#597,#604,#611,#618,#625,#632,#639,#646,#653,#660,#667,#674,#681,#688,#695,#702,#709));
#711=IFCFACETEDBREP(#710);
#712=IFCCARTESIANPOINT((-0.0784814953804016,0.400612980127335,0.025000000372529));
#713=IFCCARTESIANPOINT((-0.0533674135804176,0.400612980127335,0.025000000372529));
#714=IFCCARTESIANPOINT((-0.0533674135804176,0.559832274913788,0.025000000372529));
#715=IFCCARTESIANPOINT((0.0516015812754631,0.400612980127335,0.025000000372529));
#716=IFCCARTESIANPOINT((0.0784814953804016,0.400612980127335,0.025000000372529));
#717=IFCCARTESIANPOINT((0.0784814953804016,0.601525604724884,0.025000000372529));
#718=IFCCARTESIANPOINT((0.0533674135804176,0.601525604724884,0.025000000372529));
#719=IFCCARTESIANPOINT((0.0533674135804176,0.442355304956436,0.025000000372529));
#720=IFCCARTESIANPOINT((-0.0516015812754631,0.601525604724884,0.025000000372529));
#721=IFCCARTESIANPOINT((-0.0784814953804016,0.601525604724884,0.025000000372529));
#722=IFCPOLYLOOP((#712,#713,#714,#715,#716,#717,#718,#719,#720,#721));
#723=IFCFACEBOUND(#722,.T.);
#724=IFCFACE((#723));
#725=IFCCARTESIANPOINT((-0.0516015812754631,0.601525604724884,0.025000000372529));
#726=IFCCARTESIANPOINT((0.0533674135804176,0.442355304956436,0.025000000372529));
#727=IFCCARTESIANPOINT((0.0533674135804176,0.442355304956436,0.));
#728=IFCCARTESIANPOINT((-0.0516015812754631,0.601525604724884,0.));
#729=IFCPOLYLOOP((#725,#726,#727,#728));
#730=IFCFACEBOUND(#729,.T.);
#731=IFCFACE((#730));
#732=IFCCARTESIANPOINT((0.0533674135804176,0.601525604724884,0.025000000372529));
#733=IFCCARTESIANPOINT((0.0784814953804016,0.601525604724884,0.025000000372529));
#734=IFCCARTESIANPOINT((0.0784814953804016,0.601525604724884,0.));
#735=IFCCARTESIANPOINT((0.0533674135804176,0.601525604724884,0.));
#736=IFCPOLYLOOP((#732,#733,#734,#735));
#737=IFCFACEBOUND(#736,.T.);
#738=IFCFACE((#737));
#739=IFCCARTESIANPOINT((-0.0533674135804176,0.400612980127335,0.025000000372529));
#740=IFCCARTESIANPOINT((-0.0784814953804016,0.400612980127335,0.025000000372529));
#741=IFCCARTESIANPOINT((-0.0784814953804016,0.400612980127335,0.));
#742=IFCCARTESIANPOINT((-0.0533674135804176,0.400612980127335,0.));
#743=IFCPOLYLOOP((#739,#740,#741,#742));
#744=IFCFACEBOUND(#743,.T.);
#745=IFCFACE((#744));
#746=IFCCARTESIANPOINT((-0.0533674135804176,0.559832274913788,0.025000000372529));
#747=IFCCARTESIANPOINT((-0.0533674135804176,0.400612980127335,0.025000000372529));
#748=IFCCARTESIANPOINT((-0.0533674135804176,0.400612980127335,0.));
#749=IFCCARTESIANPOINT((-0.0533674135804176,0.559832274913788,0.));
#750=IFCPOLYLOOP((#746,#747,#748,#749));
#751=IFCFACEBOUND(#750,.T.);
#752=IFCFACE((#751));
#753=IFCCARTESIANPOINT((0.0784814953804016,0.400612980127335,0.025000000372529));
#754=IFCCARTESIANPOINT((0.0516015812754631,0.400612980127335,0.025000000372529));
#755=IFCCARTESIANPOINT((0.0516015812754631,0.400612980127335,0.));
#756=IFCCARTESIANPOINT((0.0784814953804016,0.400612980127335,0.));
#757=IFCPOLYLOOP((#753,#754,#755,#756));
#758=IFCFACEBOUND(#757,.T.);
#759=IFCFACE((#758));
#760=IFCCARTESIANPOINT((0.0784814953804016,0.601525604724884,0.025000000372529));
#761=IFCCARTESIANPOINT((0.0784814953804016,0.400612980127335,0.025000000372529));
#762=IFCCARTESIANPOINT((0.0784814953804016,0.400612980127335,0.));
#763=IFCCARTESIANPOINT((0.0784814953804016,0.601525604724884,0.));
#764=IFCPOLYLOOP((#760,#761,#762,#763));
#765=IFCFACEBOUND(#764,.T.);
#766=IFCFACE((#765));
#767=IFCCARTESIANPOINT((-0.0784814953804016,0.400612980127335,0.));
#768=IFCCARTESIANPOINT((-0.0784814953804016,0.601525604724884,0.));
#769=IFCCARTESIANPOINT((-0.0516015812754631,0.601525604724884,0.));
#770=IFCCARTESIANPOINT((0.0533674135804176,0.442355304956436,0.));
#771=IFCCARTESIANPOINT((0.0533674135804176,0.601525604724884,0.));
#772=IFCCARTESIANPOINT((0.0784814953804016,0.601525604724884,0.));
#773=IFCCARTESIANPOINT((0.0784814953804016,0.400612980127335,0.));
#774=IFCCARTESIANPOINT((0.0516015812754631,0.400612980127335,0.));
#775=IFCCARTESIANPOINT((-0.0533674135804176,0.559832274913788,0.));
#776=IFCCARTESIANPOINT((-0.0533674135804176,0.400612980127335,0.));
#777=IFCPOLYLOOP((#767,#768,#769,#770,#771,#772,#773,#774,#775,#776));
#778=IFCFACEBOUND(#777,.T.);
#779=IFCFACE((#778));
#780=IFCCARTESIANPOINT((0.0533674135804176,0.442355304956436,0.025000000372529));
#781=IFCCARTESIANPOINT((0.0533674135804176,0.601525604724884,0.025000000372529));
#782=IFCCARTESIANPOINT((0.0533674135804176,0.601525604724884,0.));
#783=IFCCARTESIANPOINT((0.0533674135804176,0.442355304956436,0.));
#784=IFCPOLYLOOP((#780,#781,#782,#783));
#785=IFCFACEBOUND(#784,.T.);
#786=IFCFACE((#785));
#787=IFCCARTESIANPOINT((0.0516015812754631,0.400612980127335,0.025000000372529));
#788=IFCCARTESIANPOINT((-0.0533674135804176,0.559832274913788,0.025000000372529));
#789=IFCCARTESIANPOINT((-0.0533674135804176,0.559832274913788,0.));
#790=IFCCARTESIANPOINT((0.0516015812754631,0.400612980127335,0.));
#791=IFCPOLYLOOP((#787,#788,#789,#790));
#792=IFCFACEBOUND(#791,.T.);
#793=IFCFACE((#792));
#794=IFCCARTESIANPOINT((-0.0784814953804016,0.400612980127335,0.025000000372529));
#795=IFCCARTESIANPOINT((-0.0784814953804016,0.601525604724884,0.025000000372529));
#796=IFCCARTESIANPOINT((-0.0784814953804016,0.601525604724884,0.));
#797=IFCCARTESIANPOINT((-0.0784814953804016,0.400612980127335,0.));
#798=IFCPOLYLOOP((#794,#795,#796,#797));
#799=IFCFACEBOUND(#798,.T.);
#800=IFCFACE((#799));
#801=IFCCARTESIANPOINT((-0.0784814953804016,0.601525604724884,0.025000000372529));
#802=IFCCARTESIANPOINT((-0.0516015812754631,0.601525604724884,0.025000000372529));
#803=IFCCARTESIANPOINT((-0.0516015812754631,0.601525604724884,0.));
#804=IFCCARTESIANPOINT((-0.0784814953804016,0.601525604724884,0.));
#805=IFCPOLYLOOP((#801,#802,#803,#804));
#806=IFCFACEBOUND(#805,.T.);
#807=IFCFACE((#806));
#808=IFCCLOSEDSHELL((#724,#731,#738,#745,#752,#759,#766,#779,#786,#793,#800,#807));
#809=IFCFACETEDBREP(#808);
#810=IFCCARTESIANPOINT((-0.839721858501434,-0.0906706377863882,0.));
#811=IFCCARTESIANPOINT((-0.894511759281158,0.110241986811161,0.));
#812=IFCCARTESIANPOINT((-0.868612825870514,0.110241986811161,0.));
#813=IFCCARTESIANPOINT((-0.836827874183655,-0.0218031257390972,0.));
#814=IFCCARTESIANPOINT((-0.827017664909363,-0.0625644475221637,0.));
#815=IFCCARTESIANPOINT((-0.816520750522613,-0.026512015610933,0.));
#816=IFCCARTESIANPOINT((-0.776691436767578,0.110241986811161,0.));
#817=IFCCARTESIANPOINT((-0.739363670349121,0.110241986811161,0.));
#818=IFCCARTESIANPOINT((-0.710423588752747,0.0111100496724247,0.));
#819=IFCCARTESIANPOINT((-0.688890218734741,-0.0625644475221637,0.));
#820=IFCCARTESIANPOINT((-0.67937433719635,-0.0229803491383793,0.));
#821=IFCCARTESIANPOINT((-0.64734411239624,0.110241986811161,0.));
#822=IFCCARTESIANPOINT((-0.62139618396759,0.110241986811161,0.));
#823=IFCCARTESIANPOINT((-0.67613697052002,-0.0906706377863882,0.));
#824=IFCCARTESIANPOINT((-0.703016877174377,-0.0906706377863882,0.));
#825=IFCCARTESIANPOINT((-0.751233994960785,0.06433030962944,0.));
#826=IFCCARTESIANPOINT((-0.757953941822052,0.0859617739915848,0.));
#827=IFCCARTESIANPOINT((-0.765507817268372,0.0599157288670539,0.));
#828=IFCCARTESIANPOINT((-0.809408366680145,-0.0906706377863882,0.));
#829=IFCPOLYLOOP((#810,#811,#812,#813,#814,#815,#816,#817,#818,#819,#820,#821,#822,#823,#824,#825,#826,#827,#828));
#830=IFCFACEBOUND(#829,.T.);
#831=IFCFACE((#830));
#832=IFCCARTESIANPOINT((-0.839721858501434,-0.0906706377863882,0.025000000372529));
#833=IFCCARTESIANPOINT((-0.809408366680145,-0.0906706377863882,0.025000000372529));
#834=IFCCARTESIANPOINT((-0.765507817268372,0.0599157288670539,0.025000000372529));
#835=IFCCARTESIANPOINT((-0.757953941822052,0.0859617739915848,0.025000000372529));
#836=IFCCARTESIANPOINT((-0.751233994960785,0.06433030962944,0.025000000372529));
#837=IFCCARTESIANPOINT((-0.703016877174377,-0.0906706377863882,0.025000000372529));
#838=IFCCARTESIANPOINT((-0.67613697052002,-0.0906706377863882,0.025000000372529));
#839=IFCCARTESIANPOINT((-0.62139618396759,0.110241986811161,0.025000000372529));
#840=IFCCARTESIANPOINT((-0.64734411239624,0.110241986811161,0.025000000372529));
#841=IFCCARTESIANPOINT((-0.67937433719635,-0.0229803491383793,0.025000000372529));
#842=IFCCARTESIANPOINT((-0.688890218734741,-0.0625644475221637,0.025000000372529));
#843=IFCCARTESIANPOINT((-0.710423588752747,0.0111100496724247,0.025000000372529));
#844=IFCCARTESIANPOINT((-0.739363670349121,0.110241986811161,0.025000000372529));
#845=IFCCARTESIANPOINT((-0.776691436767578,0.110241986811161,0.025000000372529));
#846=IFCCARTESIANPOINT((-0.816520750522613,-0.026512015610933,0.025000000372529));
#847=IFCCARTESIANPOINT((-0.827017664909363,-0.0625644475221637,0.025000000372529));
#848=IFCCARTESIANPOINT((-0.836827874183655,-0.0218031257390972,0.025000000372529));
#849=IFCCARTESIANPOINT((-0.868612825870514,0.110241986811161,0.025000000372529));
#850=IFCCARTESIANPOINT((-0.894511759281158,0.110241986811161,0.025000000372529));
#851=IFCPOLYLOOP((#832,#833,#834,#835,#836,#837,#838,#839,#840,#841,#842,#843,#844,#845,#846,#847,#848,#849,#850));
#852=IFCFACEBOUND(#851,.T.);
#853=IFCFACE((#852));
#854=IFCCARTESIANPOINT((-0.64734411239624,0.110241986811161,0.025000000372529));
#855=IFCCARTESIANPOINT((-0.62139618396759,0.110241986811161,0.025000000372529));
#856=IFCCARTESIANPOINT((-0.62139618396759,0.110241986811161,0.));
#857=IFCCARTESIANPOINT((-0.64734411239624,0.110241986811161,0.));
#858=IFCPOLYLOOP((#854,#855,#856,#857));
#859=IFCFACEBOUND(#858,.T.);
#860=IFCFACE((#859));
#861=IFCCARTESIANPOINT((-0.62139618396759,0.110241986811161,0.025000000372529));
#862=IFCCARTESIANPOINT((-0.67613697052002,-0.0906706377863882,0.025000000372529));
#863=IFCCARTESIANPOINT((-0.67613697052002,-0.0906706377863882,0.));
#864=IFCCARTESIANPOINT((-0.62139618396759,0.110241986811161,0.));
#865=IFCPOLYLOOP((#861,#862,#863,#864));
#866=IFCFACEBOUND(#865,.T.);
#867=IFCFACE((#866));
#868=IFCCARTESIANPOINT((-0.67613697052002,-0.0906706377863882,0.025000000372529));
#869=IFCCARTESIANPOINT((-0.703016877174377,-0.0906706377863882,0.025000000372529));
#870=IFCCARTESIANPOINT((-0.703016877174377,-0.0906706377863882,0.));
#871=IFCCARTESIANPOINT((-0.67613697052002,-0.0906706377863882,0.));
#872=IFCPOLYLOOP((#868,#869,#870,#871));
#873=IFCFACEBOUND(#872,.T.);
#874=IFCFACE((#873));
#875=IFCCARTESIANPOINT((-0.703016877174377,-0.0906706377863882,0.025000000372529));
#876=IFCCARTESIANPOINT((-0.751233994960785,0.06433030962944,0.025000000372529));
#877=IFCCARTESIANPOINT((-0.751233994960785,0.06433030962944,0.));
#878=IFCCARTESIANPOINT((-0.703016877174377,-0.0906706377863882,0.));
#879=IFCPOLYLOOP((#875,#876,#877,#878));
#880=IFCFACEBOUND(#879,.T.);
#881=IFCFACE((#880));
#882=IFCCARTESIANPOINT((-0.751233994960785,0.06433030962944,0.025000000372529));
#883=IFCCARTESIANPOINT((-0.757953941822052,0.0859617739915848,0.025000000372529));
#884=IFCCARTESIANPOINT((-0.757953941822052,0.0859617739915848,0.));
#885=IFCCARTESIANPOINT((-0.751233994960785,0.06433030962944,0.));
#886=IFCPOLYLOOP((#882,#883,#884,#885));
#887=IFCFACEBOUND(#886,.T.);
#888=IFCFACE((#887));
#889=IFCCARTESIANPOINT((-0.757953941822052,0.0859617739915848,0.025000000372529));
#890=IFCCARTESIANPOINT((-0.765507817268372,0.0599157288670539,0.025000000372529));
#891=IFCCARTESIANPOINT((-0.765507817268372,0.0599157288670539,0.));
#892=IFCCARTESIANPOINT((-0.757953941822052,0.0859617739915848,0.));
#893=IFCPOLYLOOP((#889,#890,#891,#892));
#894=IFCFACEBOUND(#893,.T.);
#895=IFCFACE((#894));
#896=IFCCARTESIANPOINT((-0.765507817268372,0.0599157288670539,0.025000000372529));
#897=IFCCARTESIANPOINT((-0.809408366680145,-0.0906706377863882,0.025000000372529));
#898=IFCCARTESIANPOINT((-0.809408366680145,-0.0906706377863882,0.));
#899=IFCCARTESIANPOINT((-0.765507817268372,0.0599157288670539,0.));
#900=IFCPOLYLOOP((#896,#897,#898,#899));
#901=IFCFACEBOUND(#900,.T.);
#902=IFCFACE((#901));
#903=IFCCARTESIANPOINT((-0.809408366680145,-0.0906706377863882,0.025000000372529));
#904=IFCCARTESIANPOINT((-0.839721858501434,-0.0906706377863882,0.025000000372529));
#905=IFCCARTESIANPOINT((-0.839721858501434,-0.0906706377863882,0.));
#906=IFCCARTESIANPOINT((-0.809408366680145,-0.0906706377863882,0.));
#907=IFCPOLYLOOP((#903,#904,#905,#906));
#908=IFCFACEBOUND(#907,.T.);
#909=IFCFACE((#908));
#910=IFCCARTESIANPOINT((-0.836827874183655,-0.0218031257390972,0.025000000372529));
#911=IFCCARTESIANPOINT((-0.827017664909363,-0.0625644475221637,0.025000000372529));
#912=IFCCARTESIANPOINT((-0.827017664909363,-0.0625644475221637,0.));
#913=IFCCARTESIANPOINT((-0.836827874183655,-0.0218031257390972,0.));
#914=IFCPOLYLOOP((#910,#911,#912,#913));
#915=IFCFACEBOUND(#914,.T.);
#916=IFCFACE((#915));
#917=IFCCARTESIANPOINT((-0.827017664909363,-0.0625644475221637,0.025000000372529));
#918=IFCCARTESIANPOINT((-0.816520750522613,-0.026512015610933,0.025000000372529));
#919=IFCCARTESIANPOINT((-0.816520750522613,-0.026512015610933,0.));
#920=IFCCARTESIANPOINT((-0.827017664909363,-0.0625644475221637,0.));
#921=IFCPOLYLOOP((#917,#918,#919,#920));
#922=IFCFACEBOUND(#921,.T.);
#923=IFCFACE((#922));
#924=IFCCARTESIANPOINT((-0.816520750522613,-0.026512015610933,0.025000000372529));
#925=IFCCARTESIANPOINT((-0.776691436767578,0.110241986811161,0.025000000372529));
#926=IFCCARTESIANPOINT((-0.776691436767578,0.110241986811161,0.));
#927=IFCCARTESIANPOINT((-0.816520750522613,-0.026512015610933,0.));
#928=IFCPOLYLOOP((#924,#925,#926,#927));
#929=IFCFACEBOUND(#928,.T.);
#930=IFCFACE((#929));
#931=IFCCARTESIANPOINT((-0.776691436767578,0.110241986811161,0.025000000372529));
#932=IFCCARTESIANPOINT((-0.739363670349121,0.110241986811161,0.025000000372529));
#933=IFCCARTESIANPOINT((-0.739363670349121,0.110241986811161,0.));
#934=IFCCARTESIANPOINT((-0.776691436767578,0.110241986811161,0.));
#935=IFCPOLYLOOP((#931,#932,#933,#934));
#936=IFCFACEBOUND(#935,.T.);
#937=IFCFACE((#936));
#938=IFCCARTESIANPOINT((-0.739363670349121,0.110241986811161,0.025000000372529));
#939=IFCCARTESIANPOINT((-0.710423588752747,0.0111100496724247,0.025000000372529));
#940=IFCCARTESIANPOINT((-0.710423588752747,0.0111100496724247,0.));
#941=IFCCARTESIANPOINT((-0.739363670349121,0.110241986811161,0.));
#942=IFCPOLYLOOP((#938,#939,#940,#941));
#943=IFCFACEBOUND(#942,.T.);
#944=IFCFACE((#943));
#945=IFCCARTESIANPOINT((-0.710423588752747,0.0111100496724247,0.025000000372529));
#946=IFCCARTESIANPOINT((-0.688890218734741,-0.0625644475221637,0.025000000372529));
#947=IFCCARTESIANPOINT((-0.688890218734741,-0.0625644475221637,0.));
#948=IFCCARTESIANPOINT((-0.710423588752747,0.0111100496724247,0.));
#949=IFCPOLYLOOP((#945,#946,#947,#948));
#950=IFCFACEBOUND(#949,.T.);
#951=IFCFACE((#950));
#952=IFCCARTESIANPOINT((-0.688890218734741,-0.0625644475221637,0.025000000372529));
#953=IFCCARTESIANPOINT((-0.67937433719635,-0.0229803491383793,0.025000000372529));
#954=IFCCARTESIANPOINT((-0.67937433719635,-0.0229803491383793,0.));
#955=IFCCARTESIANPOINT((-0.688890218734741,-0.0625644475221637,0.));
#956=IFCPOLYLOOP((#952,#953,#954,#955));
#957=IFCFACEBOUND(#956,.T.);
#958=IFCFACE((#957));
#959=IFCCARTESIANPOINT((-0.67937433719635,-0.0229803491383793,0.025000000372529));
#960=IFCCARTESIANPOINT((-0.64734411239624,0.110241986811161,0.025000000372529));
#961=IFCCARTESIANPOINT((-0.64734411239624,0.110241986811161,0.));
#962=IFCCARTESIANPOINT((-0.67937433719635,-0.0229803491383793,0.));
#963=IFCPOLYLOOP((#959,#960,#961,#962));
#964=IFCFACEBOUND(#963,.T.);
#965=IFCFACE((#964));
#966=IFCCARTESIANPOINT((-0.839721858501434,-0.0906706377863882,0.025000000372529));
#967=IFCCARTESIANPOINT((-0.894511759281158,0.110241986811161,0.025000000372529));
#968=IFCCARTESIANPOINT((-0.894511759281158,0.110241986811161,0.));
#969=IFCCARTESIANPOINT((-0.839721858501434,-0.0906706377863882,0.));
#970=IFCPOLYLOOP((#966,#967,#968,#969));
#971=IFCFACEBOUND(#970,.T.);
#972=IFCFACE((#971));
#973=IFCCARTESIANPOINT((-0.894511759281158,0.110241986811161,0.025000000372529));
#974=IFCCARTESIANPOINT((-0.868612825870514,0.110241986811161,0.025000000372529));
#975=IFCCARTESIANPOINT((-0.868612825870514,0.110241986811161,0.));
#976=IFCCARTESIANPOINT((-0.894511759281158,0.110241986811161,0.));
#977=IFCPOLYLOOP((#973,#974,#975,#976));
#978=IFCFACEBOUND(#977,.T.);
#979=IFCFACE((#978));
#980=IFCCARTESIANPOINT((-0.868612825870514,0.110241986811161,0.025000000372529));
#981=IFCCARTESIANPOINT((-0.836827874183655,-0.0218031257390972,0.025000000372529));
#982=IFCCARTESIANPOINT((-0.836827874183655,-0.0218031257390972,0.));
#983=IFCCARTESIANPOINT((-0.868612825870514,0.110241986811161,0.));
#984=IFCPOLYLOOP((#980,#981,#982,#983));
#985=IFCFACEBOUND(#984,.T.);
#986=IFCFACE((#985));
#987=IFCCLOSEDSHELL((#831,#853,#860,#867,#874,#881,#888,#895,#902,#909,#916,#923,#930,#937,#944,#951,#958,#965,#972,#979,#986));
#988=IFCFACETEDBREP(#987);
#989=IFCCARTESIANPOINT((0.499399989843403,1.44382283906452E-15,0.));
#990=IFCCARTESIANPOINT((4.06077759309077E-16,0.,0.));
#991=IFCCARTESIANPOINT((0.,0.249699994921685,0.));
#992=IFCPOLYLOOP((#989,#990,#991));
#993=IFCFACEBOUND(#992,.T.);
#994=IFCFACE((#993));
#995=IFCCARTESIANPOINT((0.0789583325386393,0.00200000009499587,0.172827646136284));
#996=IFCCARTESIANPOINT((0.0789583325386393,0.00200000009499587,0.126567378640175));
#997=IFCCARTESIANPOINT((0.104999996721779,0.00200000009499587,0.141602545976639));
#998=IFCCARTESIANPOINT((0.131041660904919,0.00200000009499587,0.126567378640175));
#999=IFCCARTESIANPOINT((0.180000007152592,0.00200000009499587,0.0983012691140175));
#1000=IFCCARTESIANPOINT((0.180000007152592,0.00200000009499587,0.138412982225418));
#1001=IFCCARTESIANPOINT((0.179203912615811,0.00200000009499587,0.145131692290306));
#1002=IFCCARTESIANPOINT((0.176859751343762,0.00200000009499587,0.151478335261345));
#1003=IFCCARTESIANPOINT((0.173097327351605,0.00200000009499587,0.157101407647133));
#1004=IFCCARTESIANPOINT((0.168125003576313,0.00200000009499587,0.161689519882202));
#1005=IFCCARTESIANPOINT((0.104999996721779,0.00200000009499587,0.198134750127792));
#1006=IFCCARTESIANPOINT((0.0846875011921275,0.00200000009499587,0.186407327651978));
#1007=IFCCARTESIANPOINT((0.0822574198246348,0.00200000009499587,0.183514386415482));
#1008=IFCCARTESIANPOINT((0.080449245870148,0.00200000009499587,0.180197030305862));
#1009=IFCCARTESIANPOINT((0.0793348029256213,0.00200000009499587,0.176586985588074));
#1010=IFCPOLYLOOP((#995,#996,#997,#998,#999,#1000,#1001,#1002,#1003,#1004,#1005,#1006,#1007,#1008,#1009));
#1011=IFCFACEBOUND(#1010,.T.);
#1012=IFCFACE((#1011));
#1013=IFCCARTESIANPOINT((0.131041660904919,0.00200000009499587,0.0803071036934853));
#1014=IFCCARTESIANPOINT((0.131041660904919,0.00200000009499587,0.126567378640175));
#1015=IFCCARTESIANPOINT((0.104999996721779,0.00200000009499587,0.111532211303711));
#1016=IFCCARTESIANPOINT((0.0789583325386393,0.00200000009499587,0.126567378640175));
#1017=IFCCARTESIANPOINT((0.0299999993294823,0.00200000009499587,0.154833480715752));
#1018=IFCCARTESIANPOINT((0.0299999993294823,0.00200000009499587,0.114721767604351));
#1019=IFCCARTESIANPOINT((0.0307960845530379,0.00200000009499587,0.108003057539463));
#1020=IFCCARTESIANPOINT((0.0331402495503771,0.00200000009499587,0.101656422019005));
#1021=IFCCARTESIANPOINT((0.0369026735425341,0.00200000009499587,0.0960333496332169));
#1022=IFCCARTESIANPOINT((0.0418750010431159,0.00200000009499587,0.0914452373981476));
#1023=IFCCARTESIANPOINT((0.104999996721779,0.00200000009499587,0.0549999997019768));
#1024=IFCCARTESIANPOINT((0.125312507152592,0.00200000009499587,0.0667274296283722));
#1025=IFCCARTESIANPOINT((0.127742573618923,0.00200000009499587,0.0696203634142876));
#1026=IFCCARTESIANPOINT((0.129550755023991,0.00200000009499587,0.0729377269744873));
#1027=IFCCARTESIANPOINT((0.130665197968518,0.00200000009499587,0.0765477642416954));
#1028=IFCPOLYLOOP((#1013,#1014,#1015,#1016,#1017,#1018,#1019,#1020,#1021,#1022,#1023,#1024,#1025,#1026,#1027));
#1029=IFCFACEBOUND(#1028,.T.);
#1030=IFCFACE((#1029));
#1031=IFCCARTESIANPOINT((0.104999996721779,0.,0.141602545976639));
#1032=IFCCARTESIANPOINT((0.0789583325386393,0.,0.126567378640175));
#1033=IFCCARTESIANPOINT((0.104999996721779,0.,0.111532211303711));
#1034=IFCCARTESIANPOINT((0.131041660904919,0.,0.126567378640175));
#1035=IFCPOLYLOOP((#1031,#1032,#1033,#1034));
#1036=IFCFACEBOUND(#1035,.T.);
#1037=IFCFACE((#1036));
#1038=IFCCARTESIANPOINT((4.06077759309077E-16,0.,0.300000011920929));
#1039=IFCCARTESIANPOINT((4.06077759309077E-16,0.,0.));
#1040=IFCCARTESIANPOINT((0.499399989843403,1.44382283906452E-15,0.));
#1041=IFCCARTESIANPOINT((0.499399989843403,1.44382283906452E-15,0.025000000372529));
#1042=IFCCARTESIANPOINT((0.0822574198246348,0.,0.183514386415482));
#1043=IFCCARTESIANPOINT((0.0846875011921275,0.,0.186407327651978));
#1044=IFCCARTESIANPOINT((0.104999996721779,0.,0.198134750127792));
#1045=IFCCARTESIANPOINT((0.168125003576313,0.,0.161689519882202));
#1046=IFCCARTESIANPOINT((0.173097327351605,0.,0.157101407647133));
#1047=IFCCARTESIANPOINT((0.176859751343762,0.,0.151478335261345));
#1048=IFCCARTESIANPOINT((0.179203912615811,0.,0.145131692290306));
#1049=IFCCARTESIANPOINT((0.180000007152592,0.,0.138412982225418));
#1050=IFCCARTESIANPOINT((0.180000007152592,0.,0.0983012691140175));
#1051=IFCCARTESIANPOINT((0.131041660904919,0.,0.126567378640175));
#1052=IFCCARTESIANPOINT((0.131041660904919,0.,0.0803071036934853));
#1053=IFCCARTESIANPOINT((0.130665197968518,0.,0.0765477642416954));
#1054=IFCCARTESIANPOINT((0.129550755023991,0.,0.0729377269744873));
#1055=IFCCARTESIANPOINT((0.127742573618923,0.,0.0696203634142876));
#1056=IFCCARTESIANPOINT((0.125312507152592,0.,0.0667274296283722));
#1057=IFCCARTESIANPOINT((0.104999996721779,0.,0.0549999997019768));
#1058=IFCCARTESIANPOINT((0.0418750010431159,0.,0.0914452373981476));
#1059=IFCCARTESIANPOINT((0.0369026735425341,0.,0.0960333496332169));
#1060=IFCCARTESIANPOINT((0.0331402495503771,0.,0.101656422019005));
#1061=IFCCARTESIANPOINT((0.0307960845530379,0.,0.108003057539463));
#1062=IFCCARTESIANPOINT((0.0299999993294823,0.,0.114721767604351));
#1063=IFCCARTESIANPOINT((0.0299999993294823,0.,0.154833480715752));
#1064=IFCCARTESIANPOINT((0.0789583325386393,0.,0.126567378640175));
#1065=IFCCARTESIANPOINT((0.0789583325386393,0.,0.172827646136284));
#1066=IFCCARTESIANPOINT((0.0793348029256213,0.,0.176586985588074));
#1067=IFCCARTESIANPOINT((0.080449245870148,0.,0.180197030305862));
#1068=IFCPOLYLOOP((#1038,#1039,#1040,#1041,#1042,#1043,#1044,#1045,#1046,#1047,#1048,#1049,#1050,#1051,#1052,#1053,#1054,#1055,#1056,#1057,#1058,#1059,#1060,#1061,#1062,#1063,#1064,#1065,#1066,#1067));
#1069=IFCFACEBOUND(#1068,.T.);
#1070=IFCFACE((#1069));
#1071=IFCCARTESIANPOINT((0.0307960845530379,0.,0.108003057539463));
#1072=IFCCARTESIANPOINT((0.0307960845530379,0.00200000009499587,0.108003057539463));
#1073=IFCCARTESIANPOINT((0.0299999993294823,0.00200000009499587,0.114721767604351));
#1074=IFCCARTESIANPOINT((0.0299999993294823,0.,0.114721767604351));
#1075=IFCPOLYLOOP((#1071,#1072,#1073,#1074));
#1076=IFCFACEBOUND(#1075,.T.);
#1077=IFCFACE((#1076));
#1078=IFCCARTESIANPOINT((0.104999996721779,0.,0.141602545976639));
#1079=IFCCARTESIANPOINT((0.131041660904919,0.,0.126567378640175));
#1080=IFCCARTESIANPOINT((0.131041660904919,0.00200000009499587,0.126567378640175));
#1081=IFCCARTESIANPOINT((0.104999996721779,0.00200000009499587,0.141602545976639));
#1082=IFCPOLYLOOP((#1078,#1079,#1080,#1081));
#1083=IFCFACEBOUND(#1082,.T.);
#1084=IFCFACE((#1083));
#1085=IFCCARTESIANPOINT((0.0418750010431159,0.00200000009499587,0.0914452373981476));
#1086=IFCCARTESIANPOINT((0.0418750010431159,0.,0.0914452373981476));
#1087=IFCCARTESIANPOINT((0.104999996721779,0.,0.0549999997019768));
#1088=IFCCARTESIANPOINT((0.104999996721779,0.00200000009499587,0.0549999997019768));
#1089=IFCPOLYLOOP((#1085,#1086,#1087,#1088));
#1090=IFCFACEBOUND(#1089,.T.);
#1091=IFCFACE((#1090));
#1092=IFCCARTESIANPOINT((4.06077759309077E-16,0.,0.300000011920929));
#1093=IFCCARTESIANPOINT((0.499399989843403,1.44382283906452E-15,0.025000000372529));
#1094=IFCCARTESIANPOINT((0.,0.249699994921685,0.025000000372529));
#1095=IFCPOLYLOOP((#1092,#1093,#1094));
#1096=IFCFACEBOUND(#1095,.T.);
#1097=IFCFACE((#1096));
#1098=IFCCARTESIANPOINT((0.,0.249699994921685,0.025000000372529));
#1099=IFCCARTESIANPOINT((0.499399989843403,1.44382283906452E-15,0.025000000372529));
#1100=IFCCARTESIANPOINT((0.499399989843403,1.44382283906452E-15,0.));
#1101=IFCCARTESIANPOINT((0.,0.249699994921685,0.));
#1102=IFCPOLYLOOP((#1098,#1099,#1100,#1101));
#1103=IFCFACEBOUND(#1102,.T.);
#1104=IFCFACE((#1103));
#1105=IFCCARTESIANPOINT((0.180000007152592,0.00200000009499587,0.0983012691140175));
#1106=IFCCARTESIANPOINT((0.180000007152592,0.,0.0983012691140175));
#1107=IFCCARTESIANPOINT((0.180000007152592,0.,0.138412982225418));
#1108=IFCCARTESIANPOINT((0.180000007152592,0.00200000009499587,0.138412982225418));
#1109=IFCPOLYLOOP((#1105,#1106,#1107,#1108));
#1110=IFCFACEBOUND(#1109,.T.);
#1111=IFCFACE((#1110));
#1112=IFCCARTESIANPOINT((0.131041660904919,0.00200000009499587,0.0803071036934853));
#1113=IFCCARTESIANPOINT((0.131041660904919,0.,0.0803071036934853));
#1114=IFCCARTESIANPOINT((0.131041660904919,0.,0.126567378640175));
#1115=IFCCARTESIANPOINT((0.131041660904919,0.00200000009499587,0.126567378640175));
#1116=IFCPOLYLOOP((#1112,#1113,#1114,#1115));
#1117=IFCFACEBOUND(#1116,.T.);
#1118=IFCFACE((#1117));
#1119=IFCCARTESIANPOINT((4.06077759309077E-16,0.,0.300000011920929));
#1120=IFCCARTESIANPOINT((0.,0.249699994921685,0.025000000372529));
#1121=IFCCARTESIANPOINT((0.,0.249699994921685,0.));
#1122=IFCCARTESIANPOINT((4.06077759309077E-16,0.,0.));
#1123=IFCPOLYLOOP((#1119,#1120,#1121,#1122));
#1124=IFCFACEBOUND(#1123,.T.);
#1125=IFCFACE((#1124));
#1126=IFCCARTESIANPOINT((0.0299999993294823,0.00200000009499587,0.154833480715752));
#1127=IFCCARTESIANPOINT((0.0299999993294823,0.,0.154833480715752));
#1128=IFCCARTESIANPOINT((0.0299999993294823,0.,0.114721767604351));
#1129=IFCCARTESIANPOINT((0.0299999993294823,0.00200000009499587,0.114721767604351));
#1130=IFCPOLYLOOP((#1126,#1127,#1128,#1129));
#1131=IFCFACEBOUND(#1130,.T.);
#1132=IFCFACE((#1131));
#1133=IFCCARTESIANPOINT((0.168125003576313,0.00200000009499587,0.161689519882202));
#1134=IFCCARTESIANPOINT((0.168125003576313,0.,0.161689519882202));
#1135=IFCCARTESIANPOINT((0.104999996721779,0.,0.198134750127792));
#1136=IFCCARTESIANPOINT((0.104999996721779,0.00200000009499587,0.198134750127792));
#1137=IFCPOLYLOOP((#1133,#1134,#1135,#1136));
#1138=IFCFACEBOUND(#1137,.T.);
#1139=IFCFACE((#1138));
#1140=IFCCARTESIANPOINT((0.104999996721779,0.,0.111532211303711));
#1141=IFCCARTESIANPOINT((0.0789583325386393,0.,0.126567378640175));
#1142=IFCCARTESIANPOINT((0.0789583325386393,0.00200000009499587,0.126567378640175));
#1143=IFCCARTESIANPOINT((0.104999996721779,0.00200000009499587,0.111532211303711));
#1144=IFCPOLYLOOP((#1140,#1141,#1142,#1143));
#1145=IFCFACEBOUND(#1144,.T.);
#1146=IFCFACE((#1145));
#1147=IFCCARTESIANPOINT((0.104999996721779,0.00200000009499587,0.198134750127792));
#1148=IFCCARTESIANPOINT((0.104999996721779,0.,0.198134750127792));
#1149=IFCCARTESIANPOINT((0.0846875011921275,0.,0.186407327651978));
#1150=IFCCARTESIANPOINT((0.0846875011921275,0.00200000009499587,0.186407327651978));
#1151=IFCPOLYLOOP((#1147,#1148,#1149,#1150));
#1152=IFCFACEBOUND(#1151,.T.);
#1153=IFCFACE((#1152));
#1154=IFCCARTESIANPOINT((0.131041660904919,0.00200000009499587,0.126567378640175));
#1155=IFCCARTESIANPOINT((0.131041660904919,0.,0.126567378640175));
#1156=IFCCARTESIANPOINT((0.104999996721779,0.,0.111532211303711));
#1157=IFCCARTESIANPOINT((0.104999996721779,0.00200000009499587,0.111532211303711));
#1158=IFCPOLYLOOP((#1154,#1155,#1156,#1157));
#1159=IFCFACEBOUND(#1158,.T.);
#1160=IFCFACE((#1159));
#1161=IFCCARTESIANPOINT((0.0369026735425341,0.,0.0960333496332169));
#1162=IFCCARTESIANPOINT((0.0418750010431159,0.,0.0914452373981476));
#1163=IFCCARTESIANPOINT((0.0418750010431159,0.00200000009499587,0.0914452373981476));
#1164=IFCCARTESIANPOINT((0.0369026735425341,0.00200000009499587,0.0960333496332169));
#1165=IFCPOLYLOOP((#1161,#1162,#1163,#1164));
#1166=IFCFACEBOUND(#1165,.T.);
#1167=IFCFACE((#1166));
#1168=IFCCARTESIANPOINT((0.0369026735425341,0.,0.0960333496332169));
#1169=IFCCARTESIANPOINT((0.0369026735425341,0.00200000009499587,0.0960333496332169));
#1170=IFCCARTESIANPOINT((0.0331402495503771,0.00200000009499587,0.101656422019005));
#1171=IFCCARTESIANPOINT((0.0331402495503771,0.,0.101656422019005));
#1172=IFCPOLYLOOP((#1168,#1169,#1170,#1171));
#1173=IFCFACEBOUND(#1172,.T.);
#1174=IFCFACE((#1173));
#1175=IFCCARTESIANPOINT((0.0331402495503771,0.,0.101656422019005));
#1176=IFCCARTESIANPOINT((0.0331402495503771,0.00200000009499587,0.101656422019005));
#1177=IFCCARTESIANPOINT((0.0307960845530379,0.00200000009499587,0.108003057539463));
#1178=IFCCARTESIANPOINT((0.0307960845530379,0.,0.108003057539463));
#1179=IFCPOLYLOOP((#1175,#1176,#1177,#1178));
#1180=IFCFACEBOUND(#1179,.T.);
#1181=IFCFACE((#1180));
#1182=IFCCARTESIANPOINT((0.0822574198246348,0.,0.183514386415482));
#1183=IFCCARTESIANPOINT((0.0822574198246348,0.00200000009499587,0.183514386415482));
#1184=IFCCARTESIANPOINT((0.0846875011921275,0.00200000009499587,0.186407327651978));
#1185=IFCCARTESIANPOINT((0.0846875011921275,0.,0.186407327651978));
#1186=IFCPOLYLOOP((#1182,#1183,#1184,#1185));
#1187=IFCFACEBOUND(#1186,.T.);
#1188=IFCFACE((#1187));
#1189=IFCCARTESIANPOINT((0.130665197968518,0.,0.0765477642416954));
#1190=IFCCARTESIANPOINT((0.131041660904919,0.,0.0803071036934853));
#1191=IFCCARTESIANPOINT((0.131041660904919,0.00200000009499587,0.0803071036934853));
#1192=IFCCARTESIANPOINT((0.130665197968518,0.00200000009499587,0.0765477642416954));
#1193=IFCPOLYLOOP((#1189,#1190,#1191,#1192));
#1194=IFCFACEBOUND(#1193,.T.);
#1195=IFCFACE((#1194));
#1196=IFCCARTESIANPOINT((0.130665197968518,0.,0.0765477642416954));
#1197=IFCCARTESIANPOINT((0.130665197968518,0.00200000009499587,0.0765477642416954));
#1198=IFCCARTESIANPOINT((0.129550755023991,0.00200000009499587,0.0729377269744873));
#1199=IFCCARTESIANPOINT((0.129550755023991,0.,0.0729377269744873));
#1200=IFCPOLYLOOP((#1196,#1197,#1198,#1199));
#1201=IFCFACEBOUND(#1200,.T.);
#1202=IFCFACE((#1201));
#1203=IFCCARTESIANPOINT((0.129550755023991,0.,0.0729377269744873));
#1204=IFCCARTESIANPOINT((0.129550755023991,0.00200000009499587,0.0729377269744873));
#1205=IFCCARTESIANPOINT((0.127742573618923,0.00200000009499587,0.0696203634142876));
#1206=IFCCARTESIANPOINT((0.127742573618923,0.,0.0696203634142876));
#1207=IFCPOLYLOOP((#1203,#1204,#1205,#1206));
#1208=IFCFACEBOUND(#1207,.T.);
#1209=IFCFACE((#1208));
#1210=IFCCARTESIANPOINT((0.127742573618923,0.,0.0696203634142876));
#1211=IFCCARTESIANPOINT((0.127742573618923,0.00200000009499587,0.0696203634142876));
#1212=IFCCARTESIANPOINT((0.125312507152592,0.00200000009499587,0.0667274296283722));
#1213=IFCCARTESIANPOINT((0.125312507152592,0.,0.0667274296283722));
#1214=IFCPOLYLOOP((#1210,#1211,#1212,#1213));
#1215=IFCFACEBOUND(#1214,.T.);
#1216=IFCFACE((#1215));
#1217=IFCCARTESIANPOINT((0.0789583325386393,0.00200000009499587,0.126567378640175));
#1218=IFCCARTESIANPOINT((0.0789583325386393,0.,0.126567378640175));
#1219=IFCCARTESIANPOINT((0.104999996721779,0.,0.141602545976639));
#1220=IFCCARTESIANPOINT((0.104999996721779,0.00200000009499587,0.141602545976639));
#1221=IFCPOLYLOOP((#1217,#1218,#1219,#1220));
#1222=IFCFACEBOUND(#1221,.T.);
#1223=IFCFACE((#1222));
#1224=IFCCARTESIANPOINT((0.104999996721779,0.00200000009499587,0.0549999997019768));
#1225=IFCCARTESIANPOINT((0.104999996721779,0.,0.0549999997019768));
#1226=IFCCARTESIANPOINT((0.125312507152592,0.,0.0667274296283722));
#1227=IFCCARTESIANPOINT((0.125312507152592,0.00200000009499587,0.0667274296283722));
#1228=IFCPOLYLOOP((#1224,#1225,#1226,#1227));
#1229=IFCFACEBOUND(#1228,.T.);
#1230=IFCFACE((#1229));
#1231=IFCCARTESIANPOINT((0.0789583325386393,0.00200000009499587,0.172827646136284));
#1232=IFCCARTESIANPOINT((0.0789583325386393,0.,0.172827646136284));
#1233=IFCCARTESIANPOINT((0.0789583325386393,0.,0.126567378640175));
#1234=IFCCARTESIANPOINT((0.0789583325386393,0.00200000009499587,0.126567378640175));
#1235=IFCPOLYLOOP((#1231,#1232,#1233,#1234));
#1236=IFCFACEBOUND(#1235,.T.);
#1237=IFCFACE((#1236));
#1238=IFCCARTESIANPOINT((0.173097327351605,0.,0.157101407647133));
#1239=IFCCARTESIANPOINT((0.168125003576313,0.,0.161689519882202));
#1240=IFCCARTESIANPOINT((0.168125003576313,0.00200000009499587,0.161689519882202));
#1241=IFCCARTESIANPOINT((0.173097327351605,0.00200000009499587,0.157101407647133));
#1242=IFCPOLYLOOP((#1238,#1239,#1240,#1241));
#1243=IFCFACEBOUND(#1242,.T.);
#1244=IFCFACE((#1243));
#1245=IFCCARTESIANPOINT((0.173097327351605,0.,0.157101407647133));
#1246=IFCCARTESIANPOINT((0.173097327351605,0.00200000009499587,0.157101407647133));
#1247=IFCCARTESIANPOINT((0.176859751343762,0.00200000009499587,0.151478335261345));
#1248=IFCCARTESIANPOINT((0.176859751343762,0.,0.151478335261345));
#1249=IFCPOLYLOOP((#1245,#1246,#1247,#1248));
#1250=IFCFACEBOUND(#1249,.T.);
#1251=IFCFACE((#1250));
#1252=IFCCARTESIANPOINT((0.176859751343762,0.,0.151478335261345));
#1253=IFCCARTESIANPOINT((0.176859751343762,0.00200000009499587,0.151478335261345));
#1254=IFCCARTESIANPOINT((0.179203912615811,0.00200000009499587,0.145131692290306));
#1255=IFCCARTESIANPOINT((0.179203912615811,0.,0.145131692290306));
#1256=IFCPOLYLOOP((#1252,#1253,#1254,#1255));
#1257=IFCFACEBOUND(#1256,.T.);
#1258=IFCFACE((#1257));
#1259=IFCCARTESIANPOINT((0.179203912615811,0.,0.145131692290306));
#1260=IFCCARTESIANPOINT((0.179203912615811,0.00200000009499587,0.145131692290306));
#1261=IFCCARTESIANPOINT((0.180000007152592,0.00200000009499587,0.138412982225418));
#1262=IFCCARTESIANPOINT((0.180000007152592,0.,0.138412982225418));
#1263=IFCPOLYLOOP((#1259,#1260,#1261,#1262));
#1264=IFCFACEBOUND(#1263,.T.);
#1265=IFCFACE((#1264));
#1266=IFCCARTESIANPOINT((0.0793348029256213,0.,0.176586985588074));
#1267=IFCCARTESIANPOINT((0.0789583325386393,0.,0.172827646136284));
#1268=IFCCARTESIANPOINT((0.0789583325386393,0.00200000009499587,0.172827646136284));
#1269=IFCCARTESIANPOINT((0.0793348029256213,0.00200000009499587,0.176586985588074));
#1270=IFCPOLYLOOP((#1266,#1267,#1268,#1269));
#1271=IFCFACEBOUND(#1270,.T.);
#1272=IFCFACE((#1271));
#1273=IFCCARTESIANPOINT((0.0793348029256213,0.,0.176586985588074));
#1274=IFCCARTESIANPOINT((0.0793348029256213,0.00200000009499587,0.176586985588074));
#1275=IFCCARTESIANPOINT((0.080449245870148,0.00200000009499587,0.180197030305862));
#1276=IFCCARTESIANPOINT((0.080449245870148,0.,0.180197030305862));
#1277=IFCPOLYLOOP((#1273,#1274,#1275,#1276));
#1278=IFCFACEBOUND(#1277,.T.);
#1279=IFCFACE((#1278));
#1280=IFCCARTESIANPOINT((0.080449245870148,0.,0.180197030305862));
#1281=IFCCARTESIANPOINT((0.080449245870148,0.00200000009499587,0.180197030305862));
#1282=IFCCARTESIANPOINT((0.0822574198246348,0.00200000009499587,0.183514386415482));
#1283=IFCCARTESIANPOINT((0.0822574198246348,0.,0.183514386415482));
#1284=IFCPOLYLOOP((#1280,#1281,#1282,#1283));
#1285=IFCFACEBOUND(#1284,.T.);
#1286=IFCFACE((#1285));
#1287=IFCCARTESIANPOINT((0.180000007152592,0.00200000009499587,0.0983012691140175));
#1288=IFCCARTESIANPOINT((0.131041660904919,0.00200000009499587,0.126567378640175));
#1289=IFCCARTESIANPOINT((0.131041660904919,0.,0.126567378640175));
#1290=IFCCARTESIANPOINT((0.180000007152592,0.,0.0983012691140175));
#1291=IFCPOLYLOOP((#1287,#1288,#1289,#1290));
#1292=IFCFACEBOUND(#1291,.T.);
#1293=IFCFACE((#1292));
#1294=IFCCARTESIANPOINT((0.0299999993294823,0.00200000009499587,0.154833480715752));
#1295=IFCCARTESIANPOINT((0.0789583325386393,0.00200000009499587,0.126567378640175));
#1296=IFCCARTESIANPOINT((0.0789583325386393,0.,0.126567378640175));
#1297=IFCCARTESIANPOINT((0.0299999993294823,0.,0.154833480715752));
#1298=IFCPOLYLOOP((#1294,#1295,#1296,#1297));
#1299=IFCFACEBOUND(#1298,.T.);
#1300=IFCFACE((#1299));
#1301=IFCCLOSEDSHELL((#994,#1012,#1030,#1037,#1070,#1077,#1084,#1091,#1097,#1104,#1111,#1118,#1125,#1132,#1139,#1146,#1153,#1160,#1167,#1174,#1181,#1188,#1195,#1202,#1209,#1216,#1223,#1230,#1237,#1244,#1251,#1258,#1265,#1272,#1279,#1286,#1293,#1300));
#1302=IFCFACETEDBREP(#1301);
#1303=IFCCARTESIANPOINT((0.0299999993294477,0.00100000004749721,0.154833480715752));
#1304=IFCCARTESIANPOINT((0.104999996721745,0.00100000004749721,0.198134750127792));
#1305=IFCCARTESIANPOINT((0.104999996721745,0.00200000009499515,0.198134750127792));
#1306=IFCCARTESIANPOINT((0.0299999993294477,0.00200000009499515,0.154833480715752));
#1307=IFCPOLYLOOP((#1303,#1304,#1305,#1306));
#1308=IFCFACEBOUND(#1307,.T.);
#1309=IFCFACE((#1308));
#1310=IFCCARTESIANPOINT((0.180000007152557,0.00100000004749721,0.0983012691140175));
#1311=IFCCARTESIANPOINT((0.104999996721745,0.00100000004749721,0.0549999997019768));
#1312=IFCCARTESIANPOINT((0.104999996721745,0.00200000009499515,0.0549999997019768));
#1313=IFCCARTESIANPOINT((0.180000007152557,0.00200000009499515,0.0983012691140175));
#1314=IFCPOLYLOOP((#1310,#1311,#1312,#1313));
#1315=IFCFACEBOUND(#1314,.T.);
#1316=IFCFACE((#1315));
#1317=IFCCARTESIANPOINT((0.104999996721745,0.00100000004749721,0.198134750127792));
#1318=IFCCARTESIANPOINT((0.180000007152557,0.00100000004749721,0.154833480715752));
#1319=IFCCARTESIANPOINT((0.180000007152557,0.00200000009499515,0.154833480715752));
#1320=IFCCARTESIANPOINT((0.104999996721745,0.00200000009499515,0.198134750127792));
#1321=IFCPOLYLOOP((#1317,#1318,#1319,#1320));
#1322=IFCFACEBOUND(#1321,.T.);
#1323=IFCFACE((#1322));
#1324=IFCCARTESIANPOINT((0.0299999993294477,0.00100000004749721,0.0983012691140175));
#1325=IFCCARTESIANPOINT((0.0299999993294477,0.00100000004749721,0.154833480715752));
#1326=IFCCARTESIANPOINT((0.0299999993294477,0.00200000009499515,0.154833480715752));
#1327=IFCCARTESIANPOINT((0.0299999993294477,0.00200000009499515,0.0983012691140175));
#1328=IFCPOLYLOOP((#1324,#1325,#1326,#1327));
#1329=IFCFACEBOUND(#1328,.T.);
#1330=IFCFACE((#1329));
#1331=IFCCARTESIANPOINT((0.0299999993294477,0.00200000009499515,0.154833480715752));
#1332=IFCCARTESIANPOINT((0.104999996721745,0.00200000009499515,0.198134750127792));
#1333=IFCCARTESIANPOINT((0.180000007152557,0.00200000009499515,0.154833480715752));
#1334=IFCCARTESIANPOINT((0.180000007152557,0.00200000009499515,0.0983012691140175));
#1335=IFCCARTESIANPOINT((0.104999996721745,0.00200000009499515,0.0549999997019768));
#1336=IFCCARTESIANPOINT((0.0299999993294477,0.00200000009499515,0.0983012691140175));
#1337=IFCPOLYLOOP((#1331,#1332,#1333,#1334,#1335,#1336));
#1338=IFCFACEBOUND(#1337,.T.);
#1339=IFCFACE((#1338));
#1340=IFCCARTESIANPOINT((0.180000007152557,0.00100000004749721,0.154833480715752));
#1341=IFCCARTESIANPOINT((0.180000007152557,0.00100000004749721,0.0983012691140175));
#1342=IFCCARTESIANPOINT((0.180000007152557,0.00200000009499515,0.0983012691140175));
#1343=IFCCARTESIANPOINT((0.180000007152557,0.00200000009499515,0.154833480715752));
#1344=IFCPOLYLOOP((#1340,#1341,#1342,#1343));
#1345=IFCFACEBOUND(#1344,.T.);
#1346=IFCFACE((#1345));
#1347=IFCCARTESIANPOINT((0.0299999993294477,0.00100000004749721,0.154833480715752));
#1348=IFCCARTESIANPOINT((0.0299999993294477,0.00100000004749721,0.0983012691140175));
#1349=IFCCARTESIANPOINT((0.104999996721745,0.00100000004749721,0.0549999997019768));
#1350=IFCCARTESIANPOINT((0.180000007152557,0.00100000004749721,0.0983012691140175));
#1351=IFCCARTESIANPOINT((0.180000007152557,0.00100000004749721,0.154833480715752));
#1352=IFCCARTESIANPOINT((0.104999996721745,0.00100000004749721,0.198134750127792));
#1353=IFCPOLYLOOP((#1347,#1348,#1349,#1350,#1351,#1352));
#1354=IFCFACEBOUND(#1353,.T.);
#1355=IFCFACE((#1354));
#1356=IFCCARTESIANPOINT((0.104999996721745,0.00100000004749721,0.0549999997019768));
#1357=IFCCARTESIANPOINT((0.0299999993294477,0.00100000004749721,0.0983012691140175));
#1358=IFCCARTESIANPOINT((0.0299999993294477,0.00200000009499515,0.0983012691140175));
#1359=IFCCARTESIANPOINT((0.104999996721745,0.00200000009499515,0.0549999997019768));
#1360=IFCPOLYLOOP((#1356,#1357,#1358,#1359));
#1361=IFCFACEBOUND(#1360,.T.);
#1362=IFCFACE((#1361));
#1363=IFCCLOSEDSHELL((#1309,#1316,#1323,#1330,#1339,#1346,#1355,#1362));
#1364=IFCFACETEDBREP(#1363);
#1365=IFCCOLOURRGB($,0.345098039215686,0.619607843137255,0.650980392156863);
#1366=IFCSURFACESTYLERENDERING(#1365,0.,$,$,$,$,$,$,.NOTDEFINED.);
#1367=IFCSURFACESTYLE($,.BOTH.,(#1366));
#1368=IFCPRESENTATIONSTYLEASSIGNMENT((#1367));
#1369=IFCSTYLEDITEM(#85,(#1368),$);
#1370=IFCCOLOURRGB($,0.0470588235294118,0.149019607843137,0.349019607843137);
#1371=IFCSURFACESTYLERENDERING(#1370,0.,$,$,$,$,$,$,.NOTDEFINED.);
#1372=IFCSURFACESTYLE($,.BOTH.,(#1371));
#1373=IFCPRESENTATIONSTYLEASSIGNMENT((#1372));
#1374=IFCSTYLEDITEM(#129,(#1373),$);
#1375=IFCCOLOURRGB($,0.949019607843137,0.56078431372549,0.219607843137255);
#1376=IFCSURFACESTYLERENDERING(#1375,0.,$,$,$,$,$,$,.NOTDEFINED.);
#1377=IFCSURFACESTYLE($,.BOTH.,(#1376));
#1378=IFCPRESENTATIONSTYLEASSIGNMENT((#1377));
#1379=IFCSTYLEDITEM(#173,(#1378),$);
#1380=IFCSTYLEDITEM(#289,(#1373),$);
#1381=IFCSTYLEDITEM(#711,(#1373),$);
#1382=IFCSTYLEDITEM(#809,(#1373),$);
#1383=IFCSTYLEDITEM(#988,(#1373),$);
#1384=IFCSTYLEDITEM(#1302,(#1373),$);
#1385=IFCCOLOURRGB($,1.,1.,1.);
#1386=IFCSURFACESTYLERENDERING(#1385,0.,$,$,$,$,$,$,.NOTDEFINED.);
#1387=IFCSURFACESTYLE($,.BOTH.,(#1386));
#1388=IFCPRESENTATIONSTYLEASSIGNMENT((#1387));
#1389=IFCSTYLEDITEM(#1364,(#1388),$);
#1390=IFCSHAPEREPRESENTATION(#11,'Body','Brep',(#85,#129,#173,#289,#711,#809,#988,#1302,#1364));
#1391=IFCCARTESIANPOINT((-0.,-0.,0.));
#1392=IFCDIRECTION((0.,0.,1.));
#1393=IFCDIRECTION((0.637921483011472,0.770101409888622,0.));
#1394=IFCAXIS2PLACEMENT3D(#1391,#1392,#1393);
#1395=IFCLOCALPLACEMENT(#37,#1394);
#1396=IFCPRODUCTDEFINITIONSHAPE($,$,(#1390));
#1397=IFCBUILDINGELEMENTPROXY('1lE8fa0Qj8eflscl7wywjo',#5,'GEO-Nulpunt',$,'nulpunt:nulpunt',#1395,#1396,$,$);
#1398=IFCPROPERTYSINGLEVALUE('RD-Y',$,IFCTEXT('384156.389'),$);
#1399=IFCPROPERTYSINGLEVALUE('RD-X',$,IFCTEXT('160071.588'),$);
#1400=IFCPROPERTYSINGLEVALUE('Latitude',$,IFCTEXT('51.44647491'),$);
#1401=IFCPROPERTYSINGLEVALUE('Longitude',$,IFCTEXT('5.46015425'),$);
#1402=IFCPROPERTYSET('0VPMw8Ct55qerQ6iklmF5n',#5,'CPset_GEO-Nulpunt',$,(#1398,#1399,#1400,#1401));
#1403=IFCRELDEFINESBYPROPERTIES('0eaWoxk8b6PvUkMx3J3CWe',#5,$,$,(#1397),#1402);
#1404=IFCCARTESIANPOINT((0.,0.,-0.1));
#1405=IFCDIRECTION((0.,0.,1.));
#1406=IFCDIRECTION((1.,0.,0.));
#1407=IFCAXIS2PLACEMENT3D(#1404,#1405,#1406);
#1408=IFCLOCALPLACEMENT(#37,#1407);
#1409=IFCCARTESIANPOINT((0.,0.,0.));
#1410=IFCDIRECTION((0.,0.,1.));
#1411=IFCDIRECTION((1.,0.,0.));
#1412=IFCAXIS2PLACEMENT3D(#1409,#1410,#1411);
#1413=IFCDIRECTION((0.,0.,1.));
#1414=IFCCARTESIANPOINT((281.535626391385,-51.6711974181235));
#1415=IFCCARTESIANPOINT((280.868145987537,-47.8369147465564));
#1416=IFCCARTESIANPOINT((281.491486305837,-47.7287309805979));
#1417=IFCCARTESIANPOINT((281.090832592075,-45.4204678211827));
#1418=IFCCARTESIANPOINT((286.016836956114,-44.5652364591951));
#1419=IFCCARTESIANPOINT((288.014060751331,-44.2062955889851));
#1420=IFCCARTESIANPOINT((281.586825806153,-51.9652797661838));
#1421=IFCCARTESIANPOINT((281.535626391385,-51.6711974181235));
#1422=IFCPOLYLINE((#1414,#1415,#1416,#1417,#1418,#1419,#1420,#1421));
#1423=IFCARBITRARYCLOSEDPROFILEDEF(.AREA.,$,#1422);
#1424=IFCEXTRUDEDAREASOLID(#1423,#1412,#1413,10.);
#1425=IFCSHAPEREPRESENTATION(#11,'Body','SweptSolid',(#1424));
#1426=IFCPRODUCTDEFINITIONSHAPE($,$,(#1425));
#1427=IFCSLAB('2I3COF0cr7aArhAlO1_caQ',#5,'NL.IMRO.0772.MP131247678434-00',$,$,#1408,#1426,$,.NOTDEFINED.);
#1428=IFCCOLOURRGB($,1.,1.,1.);
#1429=IFCSURFACESTYLERENDERING(#1428,0.501960784313725,$,$,$,$,$,$,.NOTDEFINED.);
#1430=IFCSURFACESTYLE($,.BOTH.,(#1429));
#1431=IFCPRESENTATIONSTYLEASSIGNMENT((#1430));
#1432=IFCSTYLEDITEM(#1424,(#1431),$);
#1433=IFCPROPERTYSINGLEVALUE('plan_id',$,IFCTEXT('NL.IMRO.0772.80190-0301'),$);
#1434=IFCPROPERTYSINGLEVALUE('plan_naam',$,IFCTEXT('Philipsdorp 2013'),$);
#1435=IFCPROPERTYSINGLEVALUE('plan_dossierstatus',$,IFCTEXT('geheel onherroepelijk in werking'),$);
#1436=IFCPROPERTYSINGLEVALUE('plan_besluitnummer',$,IFCTEXT('13R5357'),$);
#1437=IFCPROPERTYSINGLEVALUE('maximum bouwhoogte (m)',$,IFCTEXT('10.0'),$);
#1438=IFCPROPERTYSINGLEVALUE('maximum goothoogte (m)',$,IFCTEXT('6.0'),$);
#1439=IFCPROPERTYSINGLEVALUE('type_aanduiding',$,IFCTEXT('bouwvlak'),$);
#1440=IFCPROPERTYSINGLEVALUE('type_planobject',$,IFCTEXT('maatvoering'),$);
#1441=IFCPROPERTYSINGLEVALUE('id',$,IFCTEXT('NL.IMRO.0772.MP131247678434-00'),$);
#1442=IFCPROPERTYSET('36i15rBCr6ZeZ4WHQU0qLM',#5,'CPset_DSO-Maatvoering',$,(#1433,#1434,#1435,#1436,#1437,#1438,#1439,#1440,#1441));
#1443=IFCRELDEFINESBYPROPERTIES('0gNzS5V094qQB15S4zbX04',#5,$,$,(#1427),#1442);
#1444=IFCCARTESIANPOINT((0.,0.,-0.1));
#1445=IFCDIRECTION((0.,0.,1.));
#1446=IFCDIRECTION((1.,0.,0.));
#1447=IFCAXIS2PLACEMENT3D(#1444,#1445,#1446);
#1448=IFCLOCALPLACEMENT(#37,#1447);
#1449=IFCCARTESIANPOINT((0.,0.,0.));
#1450=IFCDIRECTION((0.,0.,1.));
#1451=IFCDIRECTION((1.,0.,0.));
#1452=IFCAXIS2PLACEMENT3D(#1449,#1450,#1451);
#1453=IFCDIRECTION((0.,0.,1.));
#1454=IFCCARTESIANPOINT((228.411907898291,-81.7714817333617));
#1455=IFCCARTESIANPOINT((255.259204293834,-70.8059989080648));
#1456=IFCCARTESIANPOINT((248.45347610474,-54.1426189425983));
#1457=IFCCARTESIANPOINT((252.531441645202,-52.4770881150034));
#1458=IFCCARTESIANPOINT((259.14794462311,-68.7058609040105));
#1459=IFCCARTESIANPOINT((260.685525235283,-77.1974148592562));
#1460=IFCCARTESIANPOINT((237.817905944888,-104.803297911189));
#1461=IFCCARTESIANPOINT((228.411907898291,-81.7714817333617));
#1462=IFCPOLYLINE((#1454,#1455,#1456,#1457,#1458,#1459,#1460,#1461));
#1463=IFCARBITRARYCLOSEDPROFILEDEF(.AREA.,$,#1462);
#1464=IFCEXTRUDEDAREASOLID(#1463,#1452,#1453,14.);
#1465=IFCSHAPEREPRESENTATION(#11,'Body','SweptSolid',(#1464));
#1466=IFCPRODUCTDEFINITIONSHAPE($,$,(#1465));
#1467=IFCSLAB('3e4qsl$FT9huQXU84zQNKN',#5,'NL.IMRO.0772.MP17545833171-00',$,$,#1448,#1466,$,.NOTDEFINED.);
#1468=IFCSTYLEDITEM(#1464,(#1431),$);
#1469=IFCPROPERTYSINGLEVALUE('plan_id',$,IFCTEXT('NL.IMRO.0772.80419-0201'),$);
#1470=IFCPROPERTYSINGLEVALUE('plan_naam',$,IFCTEXT('Strijp-S fase 4'),$);
#1471=IFCPROPERTYSINGLEVALUE('plan_dossierstatus',$,IFCTEXT('geheel onherroepelijk in werking'),$);
#1472=IFCPROPERTYSINGLEVALUE('maximum bouwhoogte (m)',$,IFCTEXT('14.0'),$);
#1473=IFCPROPERTYSINGLEVALUE('type_aanduiding',$,IFCTEXT('bouwvlak'),$);
#1474=IFCPROPERTYSINGLEVALUE('type_planobject',$,IFCTEXT('maatvoering'),$);
#1475=IFCPROPERTYSINGLEVALUE('id',$,IFCTEXT('NL.IMRO.0772.MP17545833171-00'),$);
#1476=IFCPROPERTYSET('0bYWoQ1_97Ufm_6GjMfI13',#5,'CPset_DSO-Maatvoering',$,(#1469,#1470,#1471,#1472,#1473,#1474,#1475));
#1477=IFCRELDEFINESBYPROPERTIES('0aCftq5aPADhaOHo06UnHv',#5,$,$,(#1467),#1476);
#1478=IFCCARTESIANPOINT((0.,0.,-0.1));
#1479=IFCDIRECTION((0.,0.,1.));
#1480=IFCDIRECTION((1.,0.,0.));
#1481=IFCAXIS2PLACEMENT3D(#1478,#1479,#1480);
#1482=IFCLOCALPLACEMENT(#37,#1481);
#1483=IFCCARTESIANPOINT((0.,0.,0.));
#1484=IFCDIRECTION((0.,0.,1.));
#1485=IFCDIRECTION((1.,0.,0.));
#1486=IFCAXIS2PLACEMENT3D(#1483,#1484,#1485);
#1487=IFCDIRECTION((0.,0.,1.));
#1488=IFCCARTESIANPOINT((228.411907898291,-81.7714817333617));
#1489=IFCCARTESIANPOINT((255.259204293834,-70.8059989080648));
#1490=IFCCARTESIANPOINT((248.45347610474,-54.1426189425983));
#1491=IFCCARTESIANPOINT((252.531441645202,-52.4770881150034));
#1492=IFCCARTESIANPOINT((259.14794462311,-68.7058609040105));
#1493=IFCCARTESIANPOINT((260.685525235283,-77.1974148592562));
#1494=IFCCARTESIANPOINT((237.817905944888,-104.803297911189));
#1495=IFCCARTESIANPOINT((228.411907898291,-81.7714817333617));
#1496=IFCPOLYLINE((#1488,#1489,#1490,#1491,#1492,#1493,#1494,#1495));
#1497=IFCARBITRARYCLOSEDPROFILEDEF(.AREA.,$,#1496);
#1498=IFCEXTRUDEDAREASOLID(#1497,#1486,#1487,14.);
#1499=IFCSHAPEREPRESENTATION(#11,'Body','SweptSolid',(#1498));
#1500=IFCPRODUCTDEFINITIONSHAPE($,$,(#1499));
#1501=IFCSLAB('0Ju9aBPxf9HOm3G7L0CmGA',#5,'NL.IMRO.0772.MP17545833171-00',$,$,#1482,#1500,$,.NOTDEFINED.);
#1502=IFCSTYLEDITEM(#1498,(#1431),$);
#1503=IFCPROPERTYSINGLEVALUE('plan_id',$,IFCTEXT('NL.IMRO.0772.80419-0301'),$);
#1504=IFCPROPERTYSINGLEVALUE('plan_naam',$,IFCTEXT('Strijp-S fase 4'),$);
#1505=IFCPROPERTYSINGLEVALUE('plan_dossierstatus',$,IFCTEXT('geheel onherroepelijk in werking'),$);
#1506=IFCPROPERTYSINGLEVALUE('plan_besluitnummer',$,IFCTEXT('23bst01470'),$);
#1507=IFCPROPERTYSINGLEVALUE('maximum bouwhoogte (m)',$,IFCTEXT('14.0'),$);
#1508=IFCPROPERTYSINGLEVALUE('type_aanduiding',$,IFCTEXT('bouwvlak'),$);
#1509=IFCPROPERTYSINGLEVALUE('type_planobject',$,IFCTEXT('maatvoering'),$);
#1510=IFCPROPERTYSINGLEVALUE('id',$,IFCTEXT('NL.IMRO.0772.MP17545833171-00'),$);
#1511=IFCPROPERTYSET('0OSxGdB3f6Nen714BjW6gq',#5,'CPset_DSO-Maatvoering',$,(#1503,#1504,#1505,#1506,#1507,#1508,#1509,#1510));
#1512=IFCRELDEFINESBYPROPERTIES('2MuRlqHhTBpvZWL0bKwF$z',#5,$,$,(#1501),#1511);
#1513=IFCCARTESIANPOINT((0.,0.,-0.1));
#1514=IFCDIRECTION((0.,0.,1.));
#1515=IFCDIRECTION((1.,0.,0.));
#1516=IFCAXIS2PLACEMENT3D(#1513,#1514,#1515);
#1517=IFCLOCALPLACEMENT(#37,#1516);
#1518=IFCCARTESIANPOINT((0.,0.,0.));
#1519=IFCDIRECTION((0.,0.,1.));
#1520=IFCDIRECTION((1.,0.,0.));
#1521=IFCAXIS2PLACEMENT3D(#1518,#1519,#1520);
#1522=IFCDIRECTION((0.,0.,1.));
#1523=IFCCARTESIANPOINT((287.727244070295,-36.2378998565837));
#1524=IFCCARTESIANPOINT((288.592443030415,-41.2176956200274));
#1525=IFCCARTESIANPOINT((288.880241197563,-42.8753277947544));
#1526=IFCCARTESIANPOINT((285.804450760916,-43.4140805915231));
#1527=IFCCARTESIANPOINT((280.8777410888,-44.2699914645054));
#1528=IFCCARTESIANPOINT((280.487692179275,-42.0211883738521));
#1529=IFCCARTESIANPOINT((279.865699757851,-42.129313618585));
#1530=IFCCARTESIANPOINT((279.37262573003,-39.3431817828678));
#1531=IFCCARTESIANPOINT((279.054922811192,-37.5478120784974));
#1532=IFCCARTESIANPOINT((279.032288658054,-37.4199615828693));
#1533=IFCCARTESIANPOINT((279.67100847073,-37.3088868126506));
#1534=IFCCARTESIANPOINT((278.566095591377,-30.9410424512462));
#1535=IFCCARTESIANPOINT((278.541609479231,-30.8012884600903));
#1536=IFCCARTESIANPOINT((277.884767724492,-30.9156031066668));
#1537=IFCCARTESIANPOINT((277.053661557176,-26.2081701514544));
#1538=IFCCARTESIANPOINT((277.729394240101,-26.0914316484123));
#1539=IFCCARTESIANPOINT((277.206482098525,-23.0702136470936));
#1540=IFCCARTESIANPOINT((279.900467956002,-19.5766544667422));
#1541=IFCCARTESIANPOINT((283.865287428605,-22.6219839749974));
#1542=IFCCARTESIANPOINT((285.683180254448,-24.0188024755917));
#1543=IFCCARTESIANPOINT((286.641392173915,-29.5353015298606));
#1544=IFCCARTESIANPOINT((287.295231292781,-33.299841092492));
#1545=IFCCARTESIANPOINT((287.698879657255,-36.0417225029669));
#1546=IFCCARTESIANPOINT((287.727244070295,-36.2378998565837));
#1547=IFCPOLYLINE((#1523,#1524,#1525,#1526,#1527,#1528,#1529,#1530,#1531,#1532,#1533,#1534,#1535,#1536,#1537,#1538,#1539,#1540,#1541,#1542,#1543,#1544,#1545,#1546));
#1548=IFCARBITRARYCLOSEDPROFILEDEF(.AREA.,$,#1547);
#1549=IFCEXTRUDEDAREASOLID(#1548,#1521,#1522,10.);
#1550=IFCSHAPEREPRESENTATION(#11,'Body','SweptSolid',(#1549));
#1551=IFCPRODUCTDEFINITIONSHAPE($,$,(#1550));
#1552=IFCSLAB('0uWjpomJb99hzetUYTh0fV',#5,'NL.IMRO.0772.MP133247678464-00',$,$,#1517,#1551,$,.NOTDEFINED.);
#1553=IFCSTYLEDITEM(#1549,(#1431),$);
#1554=IFCPROPERTYSINGLEVALUE('plan_id',$,IFCTEXT('NL.IMRO.0772.80190-0301'),$);
#1555=IFCPROPERTYSINGLEVALUE('plan_naam',$,IFCTEXT('Philipsdorp 2013'),$);
#1556=IFCPROPERTYSINGLEVALUE('plan_dossierstatus',$,IFCTEXT('geheel onherroepelijk in werking'),$);
#1557=IFCPROPERTYSINGLEVALUE('plan_besluitnummer',$,IFCTEXT('13R5357'),$);
#1558=IFCPROPERTYSINGLEVALUE('maximum bouwhoogte (m)',$,IFCTEXT('10.0'),$);
#1559=IFCPROPERTYSINGLEVALUE('maximum goothoogte (m)',$,IFCTEXT('6.0'),$);
#1560=IFCPROPERTYSINGLEVALUE('type_aanduiding',$,IFCTEXT('bouwvlak'),$);
#1561=IFCPROPERTYSINGLEVALUE('type_planobject',$,IFCTEXT('maatvoering'),$);
#1562=IFCPROPERTYSINGLEVALUE('id',$,IFCTEXT('NL.IMRO.0772.MP133247678464-00'),$);
#1563=IFCPROPERTYSET('0ZDVO0NKXB9AcudCnsjANL',#5,'CPset_DSO-Maatvoering',$,(#1554,#1555,#1556,#1557,#1558,#1559,#1560,#1561,#1562));
#1564=IFCRELDEFINESBYPROPERTIES('2JOO36Fbb6dxphDCiK_S7j',#5,$,$,(#1552),#1563);
#1565=IFCCARTESIANPOINT((0.,0.,-0.1));
#1566=IFCDIRECTION((0.,0.,1.));
#1567=IFCDIRECTION((1.,0.,0.));
#1568=IFCAXIS2PLACEMENT3D(#1565,#1566,#1567);
#1569=IFCLOCALPLACEMENT(#37,#1568);
#1570=IFCCARTESIANPOINT((0.,0.,0.));
#1571=IFCDIRECTION((0.,0.,1.));
#1572=IFCDIRECTION((1.,0.,0.));
#1573=IFCAXIS2PLACEMENT3D(#1570,#1571,#1572);
#1574=IFCDIRECTION((0.,0.,1.));
#1575=IFCCARTESIANPOINT((330.67056530455,39.0749798145844));
#1576=IFCCARTESIANPOINT((332.379481367214,40.7914272582857));
#1577=IFCCARTESIANPOINT((336.730216161115,36.4563201958081));
#1578=IFCCARTESIANPOINT((338.446061406488,34.7467614120687));
#1579=IFCCARTESIANPOINT((336.984999834356,33.2807493628352));
#1580=IFCCARTESIANPOINT((334.101921079069,30.3865352550638));
#1581=IFCCARTESIANPOINT((331.376025493344,27.6491321982467));
#1582=IFCCARTESIANPOINT((336.192051391467,22.8520981814945));
#1583=IFCCARTESIANPOINT((334.486357666465,21.1393829669687));
#1584=IFCCARTESIANPOINT((331.468818322435,18.1111519103288));
#1585=IFCCARTESIANPOINT((326.645745694725,22.9153751788544));
#1586=IFCCARTESIANPOINT((325.233444757207,21.4973625604762));
#1587=IFCCARTESIANPOINT((323.265419307136,19.5228179226979));
#1588=IFCCARTESIANPOINT((328.013428834558,14.7924498021021));
#1589=IFCCARTESIANPOINT((325.548974880978,12.3189668764826));
#1590=IFCCARTESIANPOINT((323.329124951852,10.0907649502624));
#1591=IFCCARTESIANPOINT((318.555373648618,14.8463912649895));
#1592=IFCCARTESIANPOINT((316.345950180286,12.6290592750884));
#1593=IFCCARTESIANPOINT((314.103496330528,10.3780572011019));
#1594=IFCCARTESIANPOINT((311.620266318932,7.88501582783647));
#1595=IFCCARTESIANPOINT((309.150637064624,10.3605556594557));
#1596=IFCCARTESIANPOINT((305.609289758868,13.8888522128691));
#1597=IFCCARTESIANPOINT((307.313037350803,15.5991951723117));
#1598=IFCCARTESIANPOINT((306.837491254992,16.0722906803712));
#1599=IFCCARTESIANPOINT((309.849673568475,19.1050190568785));
#1600=IFCCARTESIANPOINT((313.611101590068,22.8934794681263));
#1601=IFCCARTESIANPOINT((314.076464347309,22.4300659454311));
#1602=IFCCARTESIANPOINT((314.738507775503,23.0944412344834));
#1603=IFCCARTESIANPOINT((319.169584712567,27.542345900496));
#1604=IFCCARTESIANPOINT((323.600742371869,31.9901857061777));
#1605=IFCCARTESIANPOINT((323.894709917804,32.2855801023543));
#1606=IFCCARTESIANPOINT((323.421476870863,32.7567596714944));
#1607=IFCCARTESIANPOINT((327.561769973516,36.9052880764357));
#1608=IFCCARTESIANPOINT((330.096767143317,39.4451018692343));
#1609=IFCCARTESIANPOINT((330.197331376257,39.5461585005396));
#1610=IFCCARTESIANPOINT((330.67056530455,39.0749798145844));
#1611=IFCPOLYLINE((#1575,#1576,#1577,#1578,#1579,#1580,#1581,#1582,#1583,#1584,#1585,#1586,#1587,#1588,#1589,#1590,#1591,#1592,#1593,#1594,#1595,#1596,#1597,#1598,#1599,#1600,#1601,#1602,#1603,#1604,#1605,#1606,#1607,#1608,#1609,#1610));
#1612=IFCARBITRARYCLOSEDPROFILEDEF(.AREA.,$,#1611);
#1613=IFCEXTRUDEDAREASOLID(#1612,#1573,#1574,10.);
#1614=IFCSHAPEREPRESENTATION(#11,'Body','SweptSolid',(#1613));
#1615=IFCPRODUCTDEFINITIONSHAPE($,$,(#1614));
#1616=IFCSLAB('3BHAwGkrzBHP9cxxxRULC_',#5,'NL.IMRO.0772.MP137247678481-00',$,$,#1569,#1615,$,.NOTDEFINED.);
#1617=IFCSTYLEDITEM(#1613,(#1431),$);
#1618=IFCPROPERTYSINGLEVALUE('plan_id',$,IFCTEXT('NL.IMRO.0772.80190-0301'),$);
#1619=IFCPROPERTYSINGLEVALUE('plan_naam',$,IFCTEXT('Philipsdorp 2013'),$);
#1620=IFCPROPERTYSINGLEVALUE('plan_dossierstatus',$,IFCTEXT('geheel onherroepelijk in werking'),$);
#1621=IFCPROPERTYSINGLEVALUE('plan_besluitnummer',$,IFCTEXT('13R5357'),$);
#1622=IFCPROPERTYSINGLEVALUE('maximum bouwhoogte (m)',$,IFCTEXT('10.0'),$);
#1623=IFCPROPERTYSINGLEVALUE('maximum goothoogte (m)',$,IFCTEXT('6.0'),$);
#1624=IFCPROPERTYSINGLEVALUE('type_aanduiding',$,IFCTEXT('bouwvlak'),$);
#1625=IFCPROPERTYSINGLEVALUE('type_planobject',$,IFCTEXT('maatvoering'),$);
#1626=IFCPROPERTYSINGLEVALUE('id',$,IFCTEXT('NL.IMRO.0772.MP137247678481-00'),$);
#1627=IFCPROPERTYSET('2w_OGTgH13IfSN5kxZeWJ5',#5,'CPset_DSO-Maatvoering',$,(#1618,#1619,#1620,#1621,#1622,#1623,#1624,#1625,#1626));
#1628=IFCRELDEFINESBYPROPERTIES('2e8el6LsnEkQPIWGnEQ1J7',#5,$,$,(#1616),#1627);
#1629=IFCCARTESIANPOINT((0.,0.,-0.1));
#1630=IFCDIRECTION((0.,0.,1.));
#1631=IFCDIRECTION((1.,0.,0.));
#1632=IFCAXIS2PLACEMENT3D(#1629,#1630,#1631);
#1633=IFCLOCALPLACEMENT(#37,#1632);
#1634=IFCCARTESIANPOINT((0.,0.,0.));
#1635=IFCDIRECTION((0.,0.,1.));
#1636=IFCDIRECTION((1.,0.,0.));
#1637=IFCAXIS2PLACEMENT3D(#1634,#1635,#1636);
#1638=IFCDIRECTION((0.,0.,1.));
#1639=IFCCARTESIANPOINT((287.270494764816,-23.9585426463746));
#1640=IFCCARTESIANPOINT((284.518027822516,-21.8277898464003));
#1641=IFCCARTESIANPOINT((280.564572442148,-18.7671411249321));
#1642=IFCCARTESIANPOINT((281.988475333404,-16.9275783849298));
#1643=IFCCARTESIANPOINT((281.426307916845,-16.4930950487615));
#1644=IFCCARTESIANPOINT((284.046935583901,-13.0802384569542));
#1645=IFCCARTESIANPOINT((287.268742023822,-8.88369459850946));
#1646=IFCCARTESIANPOINT((287.794040303706,-9.2903152302024));
#1647=IFCCARTESIANPOINT((288.380560844176,-8.52436629508156));
#1648=IFCCARTESIANPOINT((292.181186200323,-3.5568600090337));
#1649=IFCCARTESIANPOINT((295.982576977956,1.41001281805802));
#1650=IFCCARTESIANPOINT((296.265392376605,1.77956764568808));
#1651=IFCCARTESIANPOINT((295.747779176862,2.16422907874221));
#1652=IFCCARTESIANPOINT((299.29520852954,6.75717707088916));
#1653=IFCCARTESIANPOINT((301.600183597999,9.74193239951273));
#1654=IFCCARTESIANPOINT((302.11727634407,9.34092596668052));
#1655=IFCCARTESIANPOINT((303.600019666861,11.2564122728072));
#1656=IFCCARTESIANPOINT((307.553453598608,8.19573941640556));
#1657=IFCCARTESIANPOINT((310.368915528554,6.01547353441129));
#1658=IFCCARTESIANPOINT((308.079767966148,3.05911734484835));
#1659=IFCCARTESIANPOINT((306.577331756387,1.11841289093718));
#1660=IFCCARTESIANPOINT((304.215265724022,-1.93208736955421));
#1661=IFCCARTESIANPOINT((309.544324558839,-6.05817433819175));
#1662=IFCCARTESIANPOINT((308.076616725622,-7.95371790061472));
#1663=IFCCARTESIANPOINT((305.537341458636,-11.2339583095745));
#1664=IFCCARTESIANPOINT((300.232060076611,-7.12625209992984));
#1665=IFCCARTESIANPOINT((298.942389683711,-8.79139081569156));
#1666=IFCCARTESIANPOINT((297.292963154963,-10.9219554685988));
#1667=IFCCARTESIANPOINT((302.681002927769,-15.0943812538753));
#1668=IFCCARTESIANPOINT((300.501436518389,-17.9090661692317));
#1669=IFCCARTESIANPOINT((298.674758018664,-20.2694238351542));
#1670=IFCCARTESIANPOINT((293.331050826848,-16.1311974546406));
#1671=IFCCARTESIANPOINT((291.328923659312,-18.7175968146767));
#1672=IFCCARTESIANPOINT((288.405609573325,-22.492613608425));
#1673=IFCCARTESIANPOINT((287.270494764816,-23.9585426463746));
#1674=IFCPOLYLINE((#1639,#1640,#1641,#1642,#1643,#1644,#1645,#1646,#1647,#1648,#1649,#1650,#1651,#1652,#1653,#1654,#1655,#1656,#1657,#1658,#1659,#1660,#1661,#1662,#1663,#1664,#1665,#1666,#1667,#1668,#1669,#1670,#1671,#1672,#1673));
#1675=IFCARBITRARYCLOSEDPROFILEDEF(.AREA.,$,#1674);
#1676=IFCEXTRUDEDAREASOLID(#1675,#1637,#1638,10.);
#1677=IFCSHAPEREPRESENTATION(#11,'Body','SweptSolid',(#1676));
#1678=IFCPRODUCTDEFINITIONSHAPE($,$,(#1677));
#1679=IFCSLAB('2YF3LxvYn2882JXmRGKTrB',#5,'NL.IMRO.0772.MP135247678472-00',$,$,#1633,#1678,$,.NOTDEFINED.);
#1680=IFCSTYLEDITEM(#1676,(#1431),$);
#1681=IFCPROPERTYSINGLEVALUE('plan_id',$,IFCTEXT('NL.IMRO.0772.80190-0301'),$);
#1682=IFCPROPERTYSINGLEVALUE('plan_naam',$,IFCTEXT('Philipsdorp 2013'),$);
#1683=IFCPROPERTYSINGLEVALUE('plan_dossierstatus',$,IFCTEXT('geheel onherroepelijk in werking'),$);
#1684=IFCPROPERTYSINGLEVALUE('plan_besluitnummer',$,IFCTEXT('13R5357'),$);
#1685=IFCPROPERTYSINGLEVALUE('maximum bouwhoogte (m)',$,IFCTEXT('10.0'),$);
#1686=IFCPROPERTYSINGLEVALUE('maximum goothoogte (m)',$,IFCTEXT('6.0'),$);
#1687=IFCPROPERTYSINGLEVALUE('type_aanduiding',$,IFCTEXT('bouwvlak'),$);
#1688=IFCPROPERTYSINGLEVALUE('type_planobject',$,IFCTEXT('maatvoering'),$);
#1689=IFCPROPERTYSINGLEVALUE('id',$,IFCTEXT('NL.IMRO.0772.MP135247678472-00'),$);
#1690=IFCPROPERTYSET('34MI871G91sxnvSMtUZ0$q',#5,'CPset_DSO-Maatvoering',$,(#1681,#1682,#1683,#1684,#1685,#1686,#1687,#1688,#1689));
#1691=IFCRELDEFINESBYPROPERTIES('0jLW2vVAnCVxv4rfrFkN4B',#5,$,$,(#1679),#1690);
#1692=IFCCARTESIANPOINT((0.,0.,-0.1));
#1693=IFCDIRECTION((0.,0.,1.));
#1694=IFCDIRECTION((1.,0.,0.));
#1695=IFCAXIS2PLACEMENT3D(#1692,#1693,#1694);
#1696=IFCLOCALPLACEMENT(#37,#1695);
#1697=IFCCARTESIANPOINT((0.,0.,0.));
#1698=IFCDIRECTION((0.,0.,1.));
#1699=IFCDIRECTION((1.,0.,0.));
#1700=IFCAXIS2PLACEMENT3D(#1697,#1698,#1699);
#1701=IFCDIRECTION((0.,0.,1.));
#1702=IFCCARTESIANPOINT((248.45347610474,-54.1426189425983));
#1703=IFCCARTESIANPOINT((255.259204293834,-70.8059989080648));
#1704=IFCCARTESIANPOINT((228.411907898291,-81.7714817333617));
#1705=IFCCARTESIANPOINT((221.606097412499,-65.1066970382817));
#1706=IFCCARTESIANPOINT((248.45347610474,-54.1426189425983));
#1707=IFCPOLYLINE((#1702,#1703,#1704,#1705,#1706));
#1708=IFCARBITRARYCLOSEDPROFILEDEF(.AREA.,$,#1707);
#1709=IFCEXTRUDEDAREASOLID(#1708,#1700,#1701,71.);
#1710=IFCSHAPEREPRESENTATION(#11,'Body','SweptSolid',(#1709));
#1711=IFCPRODUCTDEFINITIONSHAPE($,$,(#1710));
#1712=IFCSLAB('0OrltjzkD66RAc9BRDPHb6',#5,'NL.IMRO.0772.MP13545833157-00',$,$,#1696,#1711,$,.NOTDEFINED.);
#1713=IFCSTYLEDITEM(#1709,(#1431),$);
#1714=IFCPROPERTYSINGLEVALUE('plan_id',$,IFCTEXT('NL.IMRO.0772.80419-0301'),$);
#1715=IFCPROPERTYSINGLEVALUE('plan_naam',$,IFCTEXT('Strijp-S fase 4'),$);
#1716=IFCPROPERTYSINGLEVALUE('plan_dossierstatus',$,IFCTEXT('geheel onherroepelijk in werking'),$);
#1717=IFCPROPERTYSINGLEVALUE('plan_besluitnummer',$,IFCTEXT('23bst01470'),$);
#1718=IFCPROPERTYSINGLEVALUE('maximum bouwhoogte (m)',$,IFCTEXT('71.0'),$);
#1719=IFCPROPERTYSINGLEVALUE('type_aanduiding',$,IFCTEXT('bouwvlak'),$);
#1720=IFCPROPERTYSINGLEVALUE('type_planobject',$,IFCTEXT('maatvoering'),$);
#1721=IFCPROPERTYSINGLEVALUE('id',$,IFCTEXT('NL.IMRO.0772.MP13545833157-00'),$);
#1722=IFCPROPERTYSET('0ZbvYEj5T76eqV4ddI26cd',#5,'CPset_DSO-Maatvoering',$,(#1714,#1715,#1716,#1717,#1718,#1719,#1720,#1721));
#1723=IFCRELDEFINESBYPROPERTIES('3lMpEZDH930vEiJJHxUOyu',#5,$,$,(#1712),#1722);
#1724=IFCCARTESIANPOINT((0.,0.,-0.1));
#1725=IFCDIRECTION((0.,0.,1.));
#1726=IFCDIRECTION((1.,0.,0.));
#1727=IFCAXIS2PLACEMENT3D(#1724,#1725,#1726);
#1728=IFCLOCALPLACEMENT(#37,#1727);
#1729=IFCCARTESIANPOINT((0.,0.,0.));
#1730=IFCDIRECTION((0.,0.,1.));
#1731=IFCDIRECTION((1.,0.,0.));
#1732=IFCAXIS2PLACEMENT3D(#1729,#1730,#1731);
#1733=IFCDIRECTION((0.,0.,1.));
#1734=IFCCARTESIANPOINT((248.45347610474,-54.1426189425983));
#1735=IFCCARTESIANPOINT((255.259204293834,-70.8059989080648));
#1736=IFCCARTESIANPOINT((228.411907898291,-81.7714817333617));
#1737=IFCCARTESIANPOINT((221.606097412499,-65.1066970382817));
#1738=IFCCARTESIANPOINT((248.45347610474,-54.1426189425983));
#1739=IFCPOLYLINE((#1734,#1735,#1736,#1737,#1738));
#1740=IFCARBITRARYCLOSEDPROFILEDEF(.AREA.,$,#1739);
#1741=IFCEXTRUDEDAREASOLID(#1740,#1732,#1733,71.);
#1742=IFCSHAPEREPRESENTATION(#11,'Body','SweptSolid',(#1741));
#1743=IFCPRODUCTDEFINITIONSHAPE($,$,(#1742));
#1744=IFCSLAB('2TJl0qFDT3lgz6oTfAUvPC',#5,'NL.IMRO.0772.MP13545833157-00',$,$,#1728,#1743,$,.NOTDEFINED.);
#1745=IFCSTYLEDITEM(#1741,(#1431),$);
#1746=IFCPROPERTYSINGLEVALUE('plan_id',$,IFCTEXT('NL.IMRO.0772.80419-0201'),$);
#1747=IFCPROPERTYSINGLEVALUE('plan_naam',$,IFCTEXT('Strijp-S fase 4'),$);
#1748=IFCPROPERTYSINGLEVALUE('plan_dossierstatus',$,IFCTEXT('geheel onherroepelijk in werking'),$);
#1749=IFCPROPERTYSINGLEVALUE('maximum bouwhoogte (m)',$,IFCTEXT('71.0'),$);
#1750=IFCPROPERTYSINGLEVALUE('type_aanduiding',$,IFCTEXT('bouwvlak'),$);
#1751=IFCPROPERTYSINGLEVALUE('type_planobject',$,IFCTEXT('maatvoering'),$);
#1752=IFCPROPERTYSINGLEVALUE('id',$,IFCTEXT('NL.IMRO.0772.MP13545833157-00'),$);
#1753=IFCPROPERTYSET('08TkJfUNbEN9pPIEatgI1g',#5,'CPset_DSO-Maatvoering',$,(#1746,#1747,#1748,#1749,#1750,#1751,#1752));
#1754=IFCRELDEFINESBYPROPERTIES('1hpgz5Rzz0RBPPw7HlCtvF',#5,$,$,(#1744),#1753);
#1755=IFCCARTESIANPOINT((0.,0.,-0.1));
#1756=IFCDIRECTION((0.,0.,1.));
#1757=IFCDIRECTION((1.,0.,0.));
#1758=IFCAXIS2PLACEMENT3D(#1755,#1756,#1757);
#1759=IFCLOCALPLACEMENT(#37,#1758);
#1760=IFCCARTESIANPOINT((0.,0.,0.));
#1761=IFCDIRECTION((0.,0.,1.));
#1762=IFCDIRECTION((1.,0.,0.));
#1763=IFCAXIS2PLACEMENT3D(#1760,#1761,#1762);
#1764=IFCDIRECTION((0.,0.,1.));
#1765=IFCCARTESIANPOINT((243.657963467558,-34.9475111171487));
#1766=IFCCARTESIANPOINT((239.573884839396,-36.6157320188358));
#1767=IFCCARTESIANPOINT((228.534223206661,-41.1236304977792));
#1768=IFCCARTESIANPOINT((217.493743662868,-45.6309127158602));
#1769=IFCCARTESIANPOINT((205.259192029276,-15.6676733670174));
#1770=IFCCARTESIANPOINT((231.445492219646,-4.99219059001189));
#1771=IFCCARTESIANPOINT((237.254740609991,-19.2420793870115));
#1772=IFCCARTESIANPOINT((242.088572398032,-31.0984838416916));
#1773=IFCCARTESIANPOINT((243.657963467558,-34.9475111171487));
#1774=IFCPOLYLINE((#1765,#1766,#1767,#1768,#1769,#1770,#1771,#1772,#1773));
#1775=IFCARBITRARYCLOSEDPROFILEDEF(.AREA.,$,#1774);
#1776=IFCEXTRUDEDAREASOLID(#1775,#1763,#1764,27.);
#1777=IFCSHAPEREPRESENTATION(#11,'Body','SweptSolid',(#1776));
#1778=IFCPRODUCTDEFINITIONSHAPE($,$,(#1777));
#1779=IFCSLAB('0bfZTCrUH02AwKyZixACsI',#5,'NL.IMRO.0772.MP68530980467-00',$,$,#1759,#1778,$,.NOTDEFINED.);
#1780=IFCSTYLEDITEM(#1776,(#1431),$);
#1781=IFCPROPERTYSINGLEVALUE('plan_id',$,IFCTEXT('NL.IMRO.0772.80419-0201'),$);
#1782=IFCPROPERTYSINGLEVALUE('plan_naam',$,IFCTEXT('Strijp-S fase 4'),$);
#1783=IFCPROPERTYSINGLEVALUE('plan_dossierstatus',$,IFCTEXT('geheel onherroepelijk in werking'),$);
#1784=IFCPROPERTYSINGLEVALUE('maximum bouwhoogte (m)',$,IFCTEXT('27.0'),$);
#1785=IFCPROPERTYSINGLEVALUE('type_aanduiding',$,IFCTEXT('bouwvlak'),$);
#1786=IFCPROPERTYSINGLEVALUE('type_planobject',$,IFCTEXT('maatvoering'),$);
#1787=IFCPROPERTYSINGLEVALUE('id',$,IFCTEXT('NL.IMRO.0772.MP68530980467-00'),$);
#1788=IFCPROPERTYSET('0YY6NzYHn7FxjJU7DxBcJ2',#5,'CPset_DSO-Maatvoering',$,(#1781,#1782,#1783,#1784,#1785,#1786,#1787));
#1789=IFCRELDEFINESBYPROPERTIES('3$Ya2gKrzB0RL1uC7V3p7B',#5,$,$,(#1779),#1788);
#1790=IFCCARTESIANPOINT((0.,0.,-0.1));
#1791=IFCDIRECTION((0.,0.,1.));
#1792=IFCDIRECTION((1.,0.,0.));
#1793=IFCAXIS2PLACEMENT3D(#1790,#1791,#1792);
#1794=IFCLOCALPLACEMENT(#37,#1793);
#1795=IFCCARTESIANPOINT((0.,0.,0.));
#1796=IFCDIRECTION((0.,0.,1.));
#1797=IFCDIRECTION((1.,0.,0.));
#1798=IFCAXIS2PLACEMENT3D(#1795,#1796,#1797);
#1799=IFCDIRECTION((0.,0.,1.));
#1800=IFCCARTESIANPOINT((243.657963467558,-34.9475111171487));
#1801=IFCCARTESIANPOINT((239.573884839396,-36.6157320188358));
#1802=IFCCARTESIANPOINT((228.534223206661,-41.1236304977792));
#1803=IFCCARTESIANPOINT((217.493743662868,-45.6309127158602));
#1804=IFCCARTESIANPOINT((205.259192029276,-15.6676733670174));
#1805=IFCCARTESIANPOINT((231.445492219646,-4.99219059001189));
#1806=IFCCARTESIANPOINT((237.254740609991,-19.2420793870115));
#1807=IFCCARTESIANPOINT((242.088572398032,-31.0984838416916));
#1808=IFCCARTESIANPOINT((243.657963467558,-34.9475111171487));
#1809=IFCPOLYLINE((#1800,#1801,#1802,#1803,#1804,#1805,#1806,#1807,#1808));
#1810=IFCARBITRARYCLOSEDPROFILEDEF(.AREA.,$,#1809);
#1811=IFCEXTRUDEDAREASOLID(#1810,#1798,#1799,27.);
#1812=IFCSHAPEREPRESENTATION(#11,'Body','SweptSolid',(#1811));
#1813=IFCPRODUCTDEFINITIONSHAPE($,$,(#1812));
#1814=IFCSLAB('1lNOEyBtLEIR0lIxebdIv1',#5,'NL.IMRO.0772.MP68530980467-00',$,$,#1794,#1813,$,.NOTDEFINED.);
#1815=IFCSTYLEDITEM(#1811,(#1431),$);
#1816=IFCPROPERTYSINGLEVALUE('plan_id',$,IFCTEXT('NL.IMRO.0772.80419-0301'),$);
#1817=IFCPROPERTYSINGLEVALUE('plan_naam',$,IFCTEXT('Strijp-S fase 4'),$);
#1818=IFCPROPERTYSINGLEVALUE('plan_dossierstatus',$,IFCTEXT('geheel onherroepelijk in werking'),$);
#1819=IFCPROPERTYSINGLEVALUE('plan_besluitnummer',$,IFCTEXT('23bst01470'),$);
#1820=IFCPROPERTYSINGLEVALUE('maximum bouwhoogte (m)',$,IFCTEXT('27.0'),$);
#1821=IFCPROPERTYSINGLEVALUE('type_aanduiding',$,IFCTEXT('bouwvlak'),$);
#1822=IFCPROPERTYSINGLEVALUE('type_planobject',$,IFCTEXT('maatvoering'),$);
#1823=IFCPROPERTYSINGLEVALUE('id',$,IFCTEXT('NL.IMRO.0772.MP68530980467-00'),$);
#1824=IFCPROPERTYSET('2Ey2rhTs1EP9XYym4TYJ1c',#5,'CPset_DSO-Maatvoering',$,(#1816,#1817,#1818,#1819,#1820,#1821,#1822,#1823));
#1825=IFCRELDEFINESBYPROPERTIES('16ghlSZB1FFxcV39ztbv$z',#5,$,$,(#1814),#1824);
#1826=IFCCARTESIANPOINT((0.,0.,-0.1));
#1827=IFCDIRECTION((0.,0.,1.));
#1828=IFCDIRECTION((1.,0.,0.));
#1829=IFCAXIS2PLACEMENT3D(#1826,#1827,#1828);
#1830=IFCLOCALPLACEMENT(#37,#1829);
#1831=IFCCARTESIANPOINT((0.,0.,0.));
#1832=IFCDIRECTION((0.,0.,1.));
#1833=IFCDIRECTION((1.,0.,0.));
#1834=IFCAXIS2PLACEMENT3D(#1831,#1832,#1833);
#1835=IFCDIRECTION((0.,0.,1.));
#1836=IFCCARTESIANPOINT((108.733183474775,-223.551947009808));
#1837=IFCCARTESIANPOINT((98.6886387923732,-198.91930512723));
#1838=IFCCARTESIANPOINT((176.221857838304,-167.254840367823));
#1839=IFCCARTESIANPOINT((179.478896138695,-175.230387920979));
#1840=IFCCARTESIANPOINT((155.157620139536,-204.591131266439));
#1841=IFCCARTESIANPOINT((108.733183474775,-223.551947009808));
#1842=IFCPOLYLINE((#1836,#1837,#1838,#1839,#1840,#1841));
#1843=IFCARBITRARYCLOSEDPROFILEDEF(.AREA.,$,#1842);
#1844=IFCEXTRUDEDAREASOLID(#1843,#1834,#1835,35.);
#1845=IFCSHAPEREPRESENTATION(#11,'Body','SweptSolid',(#1844));
#1846=IFCPRODUCTDEFINITIONSHAPE($,$,(#1845));
#1847=IFCSLAB('0xEuv9A9D8Kx1cLKsmQ262',#5,'NL.IMRO.0772.MP11545833111-00',$,$,#1830,#1846,$,.NOTDEFINED.);
#1848=IFCSTYLEDITEM(#1844,(#1431),$);
#1849=IFCPROPERTYSINGLEVALUE('plan_id',$,IFCTEXT('NL.IMRO.0772.80419-0301'),$);
#1850=IFCPROPERTYSINGLEVALUE('plan_naam',$,IFCTEXT('Strijp-S fase 4'),$);
#1851=IFCPROPERTYSINGLEVALUE('plan_dossierstatus',$,IFCTEXT('geheel onherroepelijk in werking'),$);
#1852=IFCPROPERTYSINGLEVALUE('plan_besluitnummer',$,IFCTEXT('23bst01470'),$);
#1853=IFCPROPERTYSINGLEVALUE('maximum bouwhoogte (m)',$,IFCTEXT('35.0'),$);
#1854=IFCPROPERTYSINGLEVALUE('type_aanduiding',$,IFCTEXT('bouwvlak'),$);
#1855=IFCPROPERTYSINGLEVALUE('type_planobject',$,IFCTEXT('maatvoering'),$);
#1856=IFCPROPERTYSINGLEVALUE('id',$,IFCTEXT('NL.IMRO.0772.MP11545833111-00'),$);
#1857=IFCPROPERTYSET('2MeTG8zOT45ABVha9KUVcK',#5,'CPset_DSO-Maatvoering',$,(#1849,#1850,#1851,#1852,#1853,#1854,#1855,#1856));
#1858=IFCRELDEFINESBYPROPERTIES('0MCwoXG0j7qQESgjdwUCq4',#5,$,$,(#1847),#1857);
#1859=IFCCARTESIANPOINT((0.,0.,-0.1));
#1860=IFCDIRECTION((0.,0.,1.));
#1861=IFCDIRECTION((1.,0.,0.));
#1862=IFCAXIS2PLACEMENT3D(#1859,#1860,#1861);
#1863=IFCLOCALPLACEMENT(#37,#1862);
#1864=IFCCARTESIANPOINT((0.,0.,0.));
#1865=IFCDIRECTION((0.,0.,1.));
#1866=IFCDIRECTION((1.,0.,0.));
#1867=IFCAXIS2PLACEMENT3D(#1864,#1865,#1866);
#1868=IFCDIRECTION((0.,0.,1.));
#1869=IFCCARTESIANPOINT((108.733183474775,-223.551947009808));
#1870=IFCCARTESIANPOINT((98.6886387923732,-198.91930512723));
#1871=IFCCARTESIANPOINT((176.221857838304,-167.254840367823));
#1872=IFCCARTESIANPOINT((179.478896138695,-175.230387920979));
#1873=IFCCARTESIANPOINT((155.157620139536,-204.591131266439));
#1874=IFCCARTESIANPOINT((108.733183474775,-223.551947009808));
#1875=IFCPOLYLINE((#1869,#1870,#1871,#1872,#1873,#1874));
#1876=IFCARBITRARYCLOSEDPROFILEDEF(.AREA.,$,#1875);
#1877=IFCEXTRUDEDAREASOLID(#1876,#1867,#1868,35.);
#1878=IFCSHAPEREPRESENTATION(#11,'Body','SweptSolid',(#1877));
#1879=IFCPRODUCTDEFINITIONSHAPE($,$,(#1878));
#1880=IFCSLAB('3pWQpDWq97a9r7LNi5tfil',#5,'NL.IMRO.0772.MP11545833111-00',$,$,#1863,#1879,$,.NOTDEFINED.);
#1881=IFCSTYLEDITEM(#1877,(#1431),$);
#1882=IFCPROPERTYSINGLEVALUE('plan_id',$,IFCTEXT('NL.IMRO.0772.80419-0201'),$);
#1883=IFCPROPERTYSINGLEVALUE('plan_naam',$,IFCTEXT('Strijp-S fase 4'),$);
#1884=IFCPROPERTYSINGLEVALUE('plan_dossierstatus',$,IFCTEXT('geheel onherroepelijk in werking'),$);
#1885=IFCPROPERTYSINGLEVALUE('maximum bouwhoogte (m)',$,IFCTEXT('35.0'),$);
#1886=IFCPROPERTYSINGLEVALUE('type_aanduiding',$,IFCTEXT('bouwvlak'),$);
#1887=IFCPROPERTYSINGLEVALUE('type_planobject',$,IFCTEXT('maatvoering'),$);
#1888=IFCPROPERTYSINGLEVALUE('id',$,IFCTEXT('NL.IMRO.0772.MP11545833111-00'),$);
#1889=IFCPROPERTYSET('1LWIPYVG5CUehT7hvZmLJe',#5,'CPset_DSO-Maatvoering',$,(#1882,#1883,#1884,#1885,#1886,#1887,#1888));
#1890=IFCRELDEFINESBYPROPERTIES('2lEIjV7j1CrQe_CXa63F2m',#5,$,$,(#1880),#1889);
#1891=IFCCARTESIANPOINT((0.,0.,-0.1));
#1892=IFCDIRECTION((0.,0.,1.));
#1893=IFCDIRECTION((1.,0.,0.));
#1894=IFCAXIS2PLACEMENT3D(#1891,#1892,#1893);
#1895=IFCLOCALPLACEMENT(#37,#1894);
#1896=IFCCARTESIANPOINT((0.,0.,0.));
#1897=IFCDIRECTION((0.,0.,1.));
#1898=IFCDIRECTION((1.,0.,0.));
#1899=IFCAXIS2PLACEMENT3D(#1896,#1897,#1898);
#1900=IFCDIRECTION((0.,0.,1.));
#1901=IFCCARTESIANPOINT((128.64076276499,-213.674709292245));
#1902=IFCCARTESIANPOINT((113.79692490623,-219.647682519804));
#1903=IFCCARTESIANPOINT((63.1715569182707,-240.198160351138));
#1904=IFCCARTESIANPOINT((47.3265484085714,-201.363214557583));
#1905=IFCCARTESIANPOINT((42.3600320033438,-189.190419408551));
#1906=IFCCARTESIANPOINT((110.855324945936,-161.341673863528));
#1907=IFCCARTESIANPOINT((168.211187642853,-137.665001303656));
#1908=IFCCARTESIANPOINT((225.565629995923,-113.988423414703));
#1909=IFCCARTESIANPOINT((232.622294205648,-111.075461542874));
#1910=IFCCARTESIANPOINT((157.296428800706,-202.009152748215));
#1911=IFCCARTESIANPOINT((128.64076276499,-213.674709292245));
#1912=IFCPOLYLINE((#1901,#1902,#1903,#1904,#1905,#1906,#1907,#1908,#1909,#1910,#1911));
#1913=IFCARBITRARYCLOSEDPROFILEDEF(.AREA.,$,#1912);
#1914=IFCEXTRUDEDAREASOLID(#1913,#1899,#1900,20.);
#1915=IFCSHAPEREPRESENTATION(#11,'Body','SweptSolid',(#1914));
#1916=IFCPRODUCTDEFINITIONSHAPE($,$,(#1915));
#1917=IFCSLAB('1lrcet5$58j8N6IiRUU9pt',#5,'NL.IMRO.0772.MP11385479800-00',$,$,#1895,#1916,$,.NOTDEFINED.);
#1918=IFCSTYLEDITEM(#1914,(#1431),$);
#1919=IFCPROPERTYSINGLEVALUE('plan_id',$,IFCTEXT('NL.IMRO.0772.80284-0301'),$);
#1920=IFCPROPERTYSINGLEVALUE('plan_naam',$,IFCTEXT('Strijp-S 2017'),$);
#1921=IFCPROPERTYSINGLEVALUE('plan_dossierstatus',$,IFCTEXT('geheel onherroepelijk in werking'),$);
#1922=IFCPROPERTYSINGLEVALUE('plan_besluitnummer',$,IFCTEXT('17bst01754'),$);
#1923=IFCPROPERTYSINGLEVALUE('maximum bouwhoogte (m)',$,IFCTEXT('20.0'),$);
#1924=IFCPROPERTYSINGLEVALUE('type_aanduiding',$,IFCTEXT('bouwvlak'),$);
#1925=IFCPROPERTYSINGLEVALUE('type_planobject',$,IFCTEXT('maatvoering'),$);
#1926=IFCPROPERTYSINGLEVALUE('id',$,IFCTEXT('NL.IMRO.0772.MP11385479800-00'),$);
#1927=IFCPROPERTYSET('0q3ZlM$B97LAVl5YpzeWxz',#5,'CPset_DSO-Maatvoering',$,(#1919,#1920,#1921,#1922,#1923,#1924,#1925,#1926));
#1928=IFCRELDEFINESBYPROPERTIES('1NMj0BCUvC1OO683qhLr7h',#5,$,$,(#1917),#1927);
#1929=IFCCARTESIANPOINT((0.,0.,-0.1));
#1930=IFCDIRECTION((0.,0.,1.));
#1931=IFCDIRECTION((1.,0.,0.));
#1932=IFCAXIS2PLACEMENT3D(#1929,#1930,#1931);
#1933=IFCLOCALPLACEMENT(#37,#1932);
#1934=IFCCARTESIANPOINT((0.,0.,0.));
#1935=IFCDIRECTION((0.,0.,1.));
#1936=IFCDIRECTION((1.,0.,0.));
#1937=IFCAXIS2PLACEMENT3D(#1934,#1935,#1936);
#1938=IFCDIRECTION((0.,0.,1.));
#1939=IFCCARTESIANPOINT((189.132915315538,-148.666643827979));
#1940=IFCCARTESIANPOINT((164.718633286102,-88.4922356607276));
#1941=IFCCARTESIANPOINT((203.110142124555,-72.6512109560426));
#1942=IFCCARTESIANPOINT((223.36562898563,-122.250145460304));
#1943=IFCCARTESIANPOINT((207.797622616519,-141.04390609276));
#1944=IFCCARTESIANPOINT((189.132915315538,-148.666643827979));
#1945=IFCPOLYLINE((#1939,#1940,#1941,#1942,#1943,#1944));
#1946=IFCARBITRARYCLOSEDPROFILEDEF(.AREA.,$,#1945);
#1947=IFCEXTRUDEDAREASOLID(#1946,#1937,#1938,27.);
#1948=IFCSHAPEREPRESENTATION(#11,'Body','SweptSolid',(#1947));
#1949=IFCPRODUCTDEFINITIONSHAPE($,$,(#1948));
#1950=IFCSLAB('066Mg91i1CPO9HfQY72HRX',#5,'NL.IMRO.0772.MP54530979354-00',$,$,#1933,#1949,$,.NOTDEFINED.);
#1951=IFCSTYLEDITEM(#1947,(#1431),$);
#1952=IFCPROPERTYSINGLEVALUE('plan_id',$,IFCTEXT('NL.IMRO.0772.80419-0301'),$);
#1953=IFCPROPERTYSINGLEVALUE('plan_naam',$,IFCTEXT('Strijp-S fase 4'),$);
#1954=IFCPROPERTYSINGLEVALUE('plan_dossierstatus',$,IFCTEXT('geheel onherroepelijk in werking'),$);
#1955=IFCPROPERTYSINGLEVALUE('plan_besluitnummer',$,IFCTEXT('23bst01470'),$);
#1956=IFCPROPERTYSINGLEVALUE('maximum bouwhoogte (m)',$,IFCTEXT('27.0'),$);
#1957=IFCPROPERTYSINGLEVALUE('type_aanduiding',$,IFCTEXT('bouwvlak'),$);
#1958=IFCPROPERTYSINGLEVALUE('type_planobject',$,IFCTEXT('maatvoering'),$);
#1959=IFCPROPERTYSINGLEVALUE('id',$,IFCTEXT('NL.IMRO.0772.MP54530979354-00'),$);
#1960=IFCPROPERTYSET('0n4m3Beyf029yYaPtU5Cr5',#5,'CPset_DSO-Maatvoering',$,(#1952,#1953,#1954,#1955,#1956,#1957,#1958,#1959));
#1961=IFCRELDEFINESBYPROPERTIES('2FJ6Ea09n0_PvUXfoQ5NtD',#5,$,$,(#1950),#1960);
#1962=IFCCARTESIANPOINT((0.,0.,-0.1));
#1963=IFCDIRECTION((0.,0.,1.));
#1964=IFCDIRECTION((1.,0.,0.));
#1965=IFCAXIS2PLACEMENT3D(#1962,#1963,#1964);
#1966=IFCLOCALPLACEMENT(#37,#1965);
#1967=IFCCARTESIANPOINT((0.,0.,0.));
#1968=IFCDIRECTION((0.,0.,1.));
#1969=IFCDIRECTION((1.,0.,0.));
#1970=IFCAXIS2PLACEMENT3D(#1967,#1968,#1969);
#1971=IFCDIRECTION((0.,0.,1.));
#1972=IFCCARTESIANPOINT((189.132915315538,-148.666643827979));
#1973=IFCCARTESIANPOINT((164.718633286102,-88.4922356607276));
#1974=IFCCARTESIANPOINT((203.110142124555,-72.6512109560426));
#1975=IFCCARTESIANPOINT((223.36562898563,-122.250145460304));
#1976=IFCCARTESIANPOINT((207.797622616519,-141.04390609276));
#1977=IFCCARTESIANPOINT((189.132915315538,-148.666643827979));
#1978=IFCPOLYLINE((#1972,#1973,#1974,#1975,#1976,#1977));
#1979=IFCARBITRARYCLOSEDPROFILEDEF(.AREA.,$,#1978);
#1980=IFCEXTRUDEDAREASOLID(#1979,#1970,#1971,27.);
#1981=IFCSHAPEREPRESENTATION(#11,'Body','SweptSolid',(#1980));
#1982=IFCPRODUCTDEFINITIONSHAPE($,$,(#1981));
#1983=IFCSLAB('1xUBAETTTEwOMqUBZY4Map',#5,'NL.IMRO.0772.MP54530979354-00',$,$,#1966,#1982,$,.NOTDEFINED.);
#1984=IFCSTYLEDITEM(#1980,(#1431),$);
#1985=IFCPROPERTYSINGLEVALUE('plan_id',$,IFCTEXT('NL.IMRO.0772.80419-0201'),$);
#1986=IFCPROPERTYSINGLEVALUE('plan_naam',$,IFCTEXT('Strijp-S fase 4'),$);
#1987=IFCPROPERTYSINGLEVALUE('plan_dossierstatus',$,IFCTEXT('geheel onherroepelijk in werking'),$);
#1988=IFCPROPERTYSINGLEVALUE('maximum bouwhoogte (m)',$,IFCTEXT('27.0'),$);
#1989=IFCPROPERTYSINGLEVALUE('type_aanduiding',$,IFCTEXT('bouwvlak'),$);
#1990=IFCPROPERTYSINGLEVALUE('type_planobject',$,IFCTEXT('maatvoering'),$);
#1991=IFCPROPERTYSINGLEVALUE('id',$,IFCTEXT('NL.IMRO.0772.MP54530979354-00'),$);
#1992=IFCPROPERTYSET('0Kt5pJWdrF3AZH4uQ3bRVb',#5,'CPset_DSO-Maatvoering',$,(#1985,#1986,#1987,#1988,#1989,#1990,#1991));
#1993=IFCRELDEFINESBYPROPERTIES('1$Lar_psH6qAYX10eSgnhf',#5,$,$,(#1983),#1992);
#1994=IFCCARTESIANPOINT((0.,0.,-0.1));
#1995=IFCDIRECTION((0.,0.,1.));
#1996=IFCDIRECTION((1.,0.,0.));
#1997=IFCAXIS2PLACEMENT3D(#1994,#1995,#1996);
#1998=IFCLOCALPLACEMENT(#37,#1997);
#1999=IFCCARTESIANPOINT((0.,0.,0.));
#2000=IFCDIRECTION((0.,0.,1.));
#2001=IFCDIRECTION((1.,0.,0.));
#2002=IFCAXIS2PLACEMENT3D(#1999,#2000,#2001);
#2003=IFCDIRECTION((0.,0.,1.));
#2004=IFCCARTESIANPOINT((125.248025934765,-104.436721843609));
#2005=IFCCARTESIANPOINT((127.098872308212,-103.680575056875));
#2006=IFCCARTESIANPOINT((150.188478349359,-94.2510969326249));
#2007=IFCCARTESIANPOINT((174.423094614787,-153.593667584646));
#2008=IFCCARTESIANPOINT((151.334886804834,-163.02299455629));
#2009=IFCCARTESIANPOINT((149.483251706319,-163.778507464973));
#2010=IFCCARTESIANPOINT((125.248025934765,-104.436721843609));
#2011=IFCPOLYLINE((#2004,#2005,#2006,#2007,#2008,#2009,#2010));
#2012=IFCARBITRARYCLOSEDPROFILEDEF(.AREA.,$,#2011);
#2013=IFCEXTRUDEDAREASOLID(#2012,#2002,#2003,40.);
#2014=IFCSHAPEREPRESENTATION(#11,'Body','SweptSolid',(#2013));
#2015=IFCPRODUCTDEFINITIONSHAPE($,$,(#2014));
#2016=IFCSLAB('2p5E18KH5BO8vkKOt$DAb_',#5,'NL.IMRO.0772.MP40530978625-00',$,$,#1998,#2015,$,.NOTDEFINED.);
#2017=IFCSTYLEDITEM(#2013,(#1431),$);
#2018=IFCPROPERTYSINGLEVALUE('plan_id',$,IFCTEXT('NL.IMRO.0772.80419-0301'),$);
#2019=IFCPROPERTYSINGLEVALUE('plan_naam',$,IFCTEXT('Strijp-S fase 4'),$);
#2020=IFCPROPERTYSINGLEVALUE('plan_dossierstatus',$,IFCTEXT('geheel onherroepelijk in werking'),$);
#2021=IFCPROPERTYSINGLEVALUE('plan_besluitnummer',$,IFCTEXT('23bst01470'),$);
#2022=IFCPROPERTYSINGLEVALUE('maximum bouwhoogte (m)',$,IFCTEXT('40.0'),$);
#2023=IFCPROPERTYSINGLEVALUE('type_aanduiding',$,IFCTEXT('bouwvlak'),$);
#2024=IFCPROPERTYSINGLEVALUE('type_planobject',$,IFCTEXT('maatvoering'),$);
#2025=IFCPROPERTYSINGLEVALUE('id',$,IFCTEXT('NL.IMRO.0772.MP40530978625-00'),$);
#2026=IFCPROPERTYSET('2Bm6dgfi5Fau7hfZXdEWzb',#5,'CPset_DSO-Maatvoering',$,(#2018,#2019,#2020,#2021,#2022,#2023,#2024,#2025));
#2027=IFCRELDEFINESBYPROPERTIES('1DZcJWng1A_uDJbJhJnFLk',#5,$,$,(#2016),#2026);
#2028=IFCCARTESIANPOINT((0.,0.,-0.1));
#2029=IFCDIRECTION((0.,0.,1.));
#2030=IFCDIRECTION((1.,0.,0.));
#2031=IFCAXIS2PLACEMENT3D(#2028,#2029,#2030);
#2032=IFCLOCALPLACEMENT(#37,#2031);
#2033=IFCCARTESIANPOINT((0.,0.,0.));
#2034=IFCDIRECTION((0.,0.,1.));
#2035=IFCDIRECTION((1.,0.,0.));
#2036=IFCAXIS2PLACEMENT3D(#2033,#2034,#2035);
#2037=IFCDIRECTION((0.,0.,1.));
#2038=IFCCARTESIANPOINT((125.248025934765,-104.436721843609));
#2039=IFCCARTESIANPOINT((127.098872308212,-103.680575056875));
#2040=IFCCARTESIANPOINT((150.188478349359,-94.2510969326249));
#2041=IFCCARTESIANPOINT((174.423094614787,-153.593667584646));
#2042=IFCCARTESIANPOINT((151.334886804834,-163.02299455629));
#2043=IFCCARTESIANPOINT((149.483251706319,-163.778507464973));
#2044=IFCCARTESIANPOINT((125.248025934765,-104.436721843609));
#2045=IFCPOLYLINE((#2038,#2039,#2040,#2041,#2042,#2043,#2044));
#2046=IFCARBITRARYCLOSEDPROFILEDEF(.AREA.,$,#2045);
#2047=IFCEXTRUDEDAREASOLID(#2046,#2036,#2037,40.);
#2048=IFCSHAPEREPRESENTATION(#11,'Body','SweptSolid',(#2047));
#2049=IFCPRODUCTDEFINITIONSHAPE($,$,(#2048));
#2050=IFCSLAB('0lmN_kVevD9B0UjKRBxd0N',#5,'NL.IMRO.0772.MP40530978625-00',$,$,#2032,#2049,$,.NOTDEFINED.);
#2051=IFCSTYLEDITEM(#2047,(#1431),$);
#2052=IFCPROPERTYSINGLEVALUE('plan_id',$,IFCTEXT('NL.IMRO.0772.80419-0201'),$);
#2053=IFCPROPERTYSINGLEVALUE('plan_naam',$,IFCTEXT('Strijp-S fase 4'),$);
#2054=IFCPROPERTYSINGLEVALUE('plan_dossierstatus',$,IFCTEXT('geheel onherroepelijk in werking'),$);
#2055=IFCPROPERTYSINGLEVALUE('maximum bouwhoogte (m)',$,IFCTEXT('40.0'),$);
#2056=IFCPROPERTYSINGLEVALUE('type_aanduiding',$,IFCTEXT('bouwvlak'),$);
#2057=IFCPROPERTYSINGLEVALUE('type_planobject',$,IFCTEXT('maatvoering'),$);
#2058=IFCPROPERTYSINGLEVALUE('id',$,IFCTEXT('NL.IMRO.0772.MP40530978625-00'),$);
#2059=IFCPROPERTYSET('2pvYePXZLD1Q5Ni_xiL1cz',#5,'CPset_DSO-Maatvoering',$,(#2052,#2053,#2054,#2055,#2056,#2057,#2058));
#2060=IFCRELDEFINESBYPROPERTIES('0Ka7jXhZrCuvWnWC4RTFmM',#5,$,$,(#2050),#2059);
#2061=IFCCARTESIANPOINT((0.,0.,-0.1));
#2062=IFCDIRECTION((0.,0.,1.));
#2063=IFCDIRECTION((1.,0.,0.));
#2064=IFCAXIS2PLACEMENT3D(#2061,#2062,#2063);
#2065=IFCLOCALPLACEMENT(#37,#2064);
#2066=IFCCARTESIANPOINT((0.,0.,0.));
#2067=IFCDIRECTION((0.,0.,1.));
#2068=IFCDIRECTION((1.,0.,0.));
#2069=IFCAXIS2PLACEMENT3D(#2066,#2067,#2068);
#2070=IFCDIRECTION((0.,0.,1.));
#2071=IFCCARTESIANPOINT((149.483251706319,-163.778507464973));
#2072=IFCCARTESIANPOINT((137.44849558943,-168.69446184166));
#2073=IFCCARTESIANPOINT((93.6360908241186,-186.58703193831));
#2074=IFCCARTESIANPOINT((69.4000479477399,-127.244625273102));
#2075=IFCCARTESIANPOINT((113.212478864094,-109.351994018769));
#2076=IFCCARTESIANPOINT((125.248025934765,-104.436721843609));
#2077=IFCCARTESIANPOINT((149.483251706319,-163.778507464973));
#2078=IFCPOLYLINE((#2071,#2072,#2073,#2074,#2075,#2076,#2077));
#2079=IFCARBITRARYCLOSEDPROFILEDEF(.AREA.,$,#2078);
#2080=IFCEXTRUDEDAREASOLID(#2079,#2069,#2070,17.);
#2081=IFCSHAPEREPRESENTATION(#11,'Body','SweptSolid',(#2080));
#2082=IFCPRODUCTDEFINITIONSHAPE($,$,(#2081));
#2083=IFCSLAB('3Sy0NBO5z4f8z_zMIiWnaY',#5,'NL.IMRO.0772.MP42530978629-00',$,$,#2065,#2082,$,.NOTDEFINED.);
#2084=IFCSTYLEDITEM(#2080,(#1431),$);
#2085=IFCPROPERTYSINGLEVALUE('plan_id',$,IFCTEXT('NL.IMRO.0772.80419-0201'),$);
#2086=IFCPROPERTYSINGLEVALUE('plan_naam',$,IFCTEXT('Strijp-S fase 4'),$);
#2087=IFCPROPERTYSINGLEVALUE('plan_dossierstatus',$,IFCTEXT('geheel onherroepelijk in werking'),$);
#2088=IFCPROPERTYSINGLEVALUE('maximum bouwhoogte (m)',$,IFCTEXT('17.0'),$);
#2089=IFCPROPERTYSINGLEVALUE('type_aanduiding',$,IFCTEXT('bouwvlak'),$);
#2090=IFCPROPERTYSINGLEVALUE('type_planobject',$,IFCTEXT('maatvoering'),$);
#2091=IFCPROPERTYSINGLEVALUE('id',$,IFCTEXT('NL.IMRO.0772.MP42530978629-00'),$);
#2092=IFCPROPERTYSET('1U_QT4RP5D1eybhVoIDYCo',#5,'CPset_DSO-Maatvoering',$,(#2085,#2086,#2087,#2088,#2089,#2090,#2091));
#2093=IFCRELDEFINESBYPROPERTIES('07zgMKGwrDvvxi7PqMaqa0',#5,$,$,(#2083),#2092);
#2094=IFCCARTESIANPOINT((0.,0.,-0.1));
#2095=IFCDIRECTION((0.,0.,1.));
#2096=IFCDIRECTION((1.,0.,0.));
#2097=IFCAXIS2PLACEMENT3D(#2094,#2095,#2096);
#2098=IFCLOCALPLACEMENT(#37,#2097);
#2099=IFCCARTESIANPOINT((0.,0.,0.));
#2100=IFCDIRECTION((0.,0.,1.));
#2101=IFCDIRECTION((1.,0.,0.));
#2102=IFCAXIS2PLACEMENT3D(#2099,#2100,#2101);
#2103=IFCDIRECTION((0.,0.,1.));
#2104=IFCCARTESIANPOINT((149.483251706319,-163.778507464973));
#2105=IFCCARTESIANPOINT((137.44849558943,-168.69446184166));
#2106=IFCCARTESIANPOINT((93.6360908241186,-186.58703193831));
#2107=IFCCARTESIANPOINT((69.4000479477399,-127.244625273102));
#2108=IFCCARTESIANPOINT((113.212478864094,-109.351994018769));
#2109=IFCCARTESIANPOINT((125.248025934765,-104.436721843609));
#2110=IFCCARTESIANPOINT((149.483251706319,-163.778507464973));
#2111=IFCPOLYLINE((#2104,#2105,#2106,#2107,#2108,#2109,#2110));
#2112=IFCARBITRARYCLOSEDPROFILEDEF(.AREA.,$,#2111);
#2113=IFCEXTRUDEDAREASOLID(#2112,#2102,#2103,17.);
#2114=IFCSHAPEREPRESENTATION(#11,'Body','SweptSolid',(#2113));
#2115=IFCPRODUCTDEFINITIONSHAPE($,$,(#2114));
#2116=IFCSLAB('06T88SWEz7K9R5Qlm3bAd7',#5,'NL.IMRO.0772.MP42530978629-00',$,$,#2098,#2115,$,.NOTDEFINED.);
#2117=IFCSTYLEDITEM(#2113,(#1431),$);
#2118=IFCPROPERTYSINGLEVALUE('plan_id',$,IFCTEXT('NL.IMRO.0772.80419-0301'),$);
#2119=IFCPROPERTYSINGLEVALUE('plan_naam',$,IFCTEXT('Strijp-S fase 4'),$);
#2120=IFCPROPERTYSINGLEVALUE('plan_dossierstatus',$,IFCTEXT('geheel onherroepelijk in werking'),$);
#2121=IFCPROPERTYSINGLEVALUE('plan_besluitnummer',$,IFCTEXT('23bst01470'),$);
#2122=IFCPROPERTYSINGLEVALUE('maximum bouwhoogte (m)',$,IFCTEXT('17.0'),$);
#2123=IFCPROPERTYSINGLEVALUE('type_aanduiding',$,IFCTEXT('bouwvlak'),$);
#2124=IFCPROPERTYSINGLEVALUE('type_planobject',$,IFCTEXT('maatvoering'),$);
#2125=IFCPROPERTYSINGLEVALUE('id',$,IFCTEXT('NL.IMRO.0772.MP42530978629-00'),$);
#2126=IFCPROPERTYSET('2iTROwI2XCagMacmX_5GdD',#5,'CPset_DSO-Maatvoering',$,(#2118,#2119,#2120,#2121,#2122,#2123,#2124,#2125));
#2127=IFCRELDEFINESBYPROPERTIES('0u1kYasxzC$834XHMmnthi',#5,$,$,(#2116),#2126);
#2128=IFCCARTESIANPOINT((0.,0.,-0.1));
#2129=IFCDIRECTION((0.,0.,1.));
#2130=IFCDIRECTION((1.,0.,0.));
#2131=IFCAXIS2PLACEMENT3D(#2128,#2129,#2130);
#2132=IFCLOCALPLACEMENT(#37,#2131);
#2133=IFCCARTESIANPOINT((0.,0.,0.));
#2134=IFCDIRECTION((0.,0.,1.));
#2135=IFCDIRECTION((1.,0.,0.));
#2136=IFCAXIS2PLACEMENT3D(#2133,#2134,#2135);
#2137=IFCDIRECTION((0.,0.,1.));
#2138=IFCCARTESIANPOINT((78.5282061536273,-190.572703080543));
#2139=IFCCARTESIANPOINT((86.8236195342906,-210.894472348387));
#2140=IFCCARTESIANPOINT((27.5933170914941,-235.10651218734));
#2141=IFCCARTESIANPOINT((15.3541391267499,-205.139478481025));
#2142=IFCCARTESIANPOINT((46.8576135713665,-192.351199979603));
#2143=IFCCARTESIANPOINT((50.7622151922551,-201.912063154334));
#2144=IFCCARTESIANPOINT((78.5282061536273,-190.572703080543));
#2145=IFCPOLYLINE((#2138,#2139,#2140,#2141,#2142,#2143,#2144));
#2146=IFCARBITRARYCLOSEDPROFILEDEF(.AREA.,$,#2145);
#2147=IFCEXTRUDEDAREASOLID(#2146,#2136,#2137,21.);
#2148=IFCSHAPEREPRESENTATION(#11,'Body','SweptSolid',(#2147));
#2149=IFCPRODUCTDEFINITIONSHAPE($,$,(#2148));
#2150=IFCSLAB('38XRjbSPr4O9LtMuLg_yRW',#5,'NL.IMRO.0772.MP7545833042-00',$,$,#2132,#2149,$,.NOTDEFINED.);
#2151=IFCSTYLEDITEM(#2147,(#1431),$);
#2152=IFCPROPERTYSINGLEVALUE('plan_id',$,IFCTEXT('NL.IMRO.0772.80419-0201'),$);
#2153=IFCPROPERTYSINGLEVALUE('plan_naam',$,IFCTEXT('Strijp-S fase 4'),$);
#2154=IFCPROPERTYSINGLEVALUE('plan_dossierstatus',$,IFCTEXT('geheel onherroepelijk in werking'),$);
#2155=IFCPROPERTYSINGLEVALUE('maximum bouwhoogte (m)',$,IFCTEXT('21.0'),$);
#2156=IFCPROPERTYSINGLEVALUE('type_aanduiding',$,IFCTEXT('bouwvlak'),$);
#2157=IFCPROPERTYSINGLEVALUE('type_planobject',$,IFCTEXT('maatvoering'),$);
#2158=IFCPROPERTYSINGLEVALUE('id',$,IFCTEXT('NL.IMRO.0772.MP7545833042-00'),$);
#2159=IFCPROPERTYSET('3khSSzRhX7kAAstmPA0fd1',#5,'CPset_DSO-Maatvoering',$,(#2152,#2153,#2154,#2155,#2156,#2157,#2158));
#2160=IFCRELDEFINESBYPROPERTIES('3_WsOK291AWfjdG7XDpUmF',#5,$,$,(#2150),#2159);
#2161=IFCCARTESIANPOINT((0.,0.,-0.1));
#2162=IFCDIRECTION((0.,0.,1.));
#2163=IFCDIRECTION((1.,0.,0.));
#2164=IFCAXIS2PLACEMENT3D(#2161,#2162,#2163);
#2165=IFCLOCALPLACEMENT(#37,#2164);
#2166=IFCCARTESIANPOINT((0.,0.,0.));
#2167=IFCDIRECTION((0.,0.,1.));
#2168=IFCDIRECTION((1.,0.,0.));
#2169=IFCAXIS2PLACEMENT3D(#2166,#2167,#2168);
#2170=IFCDIRECTION((0.,0.,1.));
#2171=IFCCARTESIANPOINT((95.7225754504034,-274.436570643215));
#2172=IFCCARTESIANPOINT((93.8279970186995,-269.809131976974));
#2173=IFCCARTESIANPOINT((99.5294573279971,-267.477077233663));
#2174=IFCCARTESIANPOINT((104.77941230571,-265.329381012882));
#2175=IFCCARTESIANPOINT((104.877789762948,-265.289147077361));
#2176=IFCCARTESIANPOINT((96.2445572176657,-275.711220533238));
#2177=IFCCARTESIANPOINT((95.7225754504034,-274.436570643215));
#2178=IFCPOLYLINE((#2171,#2172,#2173,#2174,#2175,#2176,#2177));
#2179=IFCARBITRARYCLOSEDPROFILEDEF(.AREA.,$,#2178);
#2180=IFCEXTRUDEDAREASOLID(#2179,#2169,#2170,10.);
#2181=IFCSHAPEREPRESENTATION(#11,'Body','SweptSolid',(#2180));
#2182=IFCPRODUCTDEFINITIONSHAPE($,$,(#2181));
#2183=IFCSLAB('0Coxb38vH829qLSWXzb10J',#5,'NL.IMRO.0772.MP29247677205-00',$,$,#2165,#2182,$,.NOTDEFINED.);
#2184=IFCSTYLEDITEM(#2180,(#1431),$);
#2185=IFCPROPERTYSINGLEVALUE('plan_id',$,IFCTEXT('NL.IMRO.0772.80190-0301'),$);
#2186=IFCPROPERTYSINGLEVALUE('plan_naam',$,IFCTEXT('Philipsdorp 2013'),$);
#2187=IFCPROPERTYSINGLEVALUE('plan_dossierstatus',$,IFCTEXT('geheel onherroepelijk in werking'),$);
#2188=IFCPROPERTYSINGLEVALUE('plan_besluitnummer',$,IFCTEXT('13R5357'),$);
#2189=IFCPROPERTYSINGLEVALUE('maximum bouwhoogte (m)',$,IFCTEXT('10.0'),$);
#2190=IFCPROPERTYSINGLEVALUE('maximum goothoogte (m)',$,IFCTEXT('6.0'),$);
#2191=IFCPROPERTYSINGLEVALUE('type_aanduiding',$,IFCTEXT('bouwvlak'),$);
#2192=IFCPROPERTYSINGLEVALUE('type_planobject',$,IFCTEXT('maatvoering'),$);
#2193=IFCPROPERTYSINGLEVALUE('id',$,IFCTEXT('NL.IMRO.0772.MP29247677205-00'),$);
#2194=IFCPROPERTYSET('0lJqVzOE9988Hm5jKqfx36',#5,'CPset_DSO-Maatvoering',$,(#2185,#2186,#2187,#2188,#2189,#2190,#2191,#2192,#2193));
#2195=IFCRELDEFINESBYPROPERTIES('2IE$58kYHACgmLLgIUVUyr',#5,$,$,(#2183),#2194);
#2196=IFCCARTESIANPOINT((0.,0.,-0.1));
#2197=IFCDIRECTION((0.,0.,1.));
#2198=IFCDIRECTION((1.,0.,0.));
#2199=IFCAXIS2PLACEMENT3D(#2196,#2197,#2198);
#2200=IFCLOCALPLACEMENT(#37,#2199);
#2201=IFCCARTESIANPOINT((0.,0.,0.));
#2202=IFCDIRECTION((0.,0.,1.));
#2203=IFCDIRECTION((1.,0.,0.));
#2204=IFCAXIS2PLACEMENT3D(#2201,#2202,#2203);
#2205=IFCDIRECTION((0.,0.,1.));
#2206=IFCCARTESIANPOINT((80.1125813739782,-293.226311612409));
#2207=IFCCARTESIANPOINT((79.5520139325818,-291.855601778079));
#2208=IFCCARTESIANPOINT((77.9014508198306,-287.822439061652));
#2209=IFCCARTESIANPOINT((75.9214187187899,-288.632612177928));
#2210=IFCCARTESIANPOINT((73.1022408180288,-289.786464644538));
#2211=IFCCARTESIANPOINT((74.7526937012735,-293.818186379562));
#2212=IFCCARTESIANPOINT((75.3121853889606,-295.185482231667));
#2213=IFCCARTESIANPOINT((72.8765770014143,-296.18179422227));
#2214=IFCCARTESIANPOINT((69.5602312996634,-297.539266502077));
#2215=IFCCARTESIANPOINT((68.999859065807,-296.170068717562));
#2216=IFCCARTESIANPOINT((67.3639811678149,-292.17240252567));
#2217=IFCCARTESIANPOINT((64.988042005134,-293.145425739873));
#2218=IFCCARTESIANPOINT((63.9715483204054,-290.662082449417));
#2219=IFCCARTESIANPOINT((62.0776372149412,-286.035257298034));
#2220=IFCCARTESIANPOINT((67.7716522412666,-283.707374488062));
#2221=IFCCARTESIANPOINT((73.0273539414047,-281.559238013695));
#2222=IFCCARTESIANPOINT((78.2823050058505,-279.411827145203));
#2223=IFCCARTESIANPOINT((83.5371484061761,-277.262967347226));
#2224=IFCCARTESIANPOINT((88.7928488072648,-275.114809188119));
#2225=IFCCARTESIANPOINT((93.8603599562484,-273.04324643861));
#2226=IFCCARTESIANPOINT((95.3804974191589,-276.754317037703));
#2227=IFCCARTESIANPOINT((88.8709241006582,-284.612700434227));
#2228=IFCCARTESIANPOINT((88.4234842578007,-283.519401190511));
#2229=IFCCARTESIANPOINT((86.4318233811355,-284.334217777767));
#2230=IFCCARTESIANPOINT((83.5968184860249,-285.494476899388));
#2231=IFCCARTESIANPOINT((85.0993825602345,-289.165720727586));
#2232=IFCCARTESIANPOINT((82.568647768494,-292.220834065287));
#2233=IFCCARTESIANPOINT((80.1125813739782,-293.226311612409));
#2234=IFCPOLYLINE((#2206,#2207,#2208,#2209,#2210,#2211,#2212,#2213,#2214,#2215,#2216,#2217,#2218,#2219,#2220,#2221,#2222,#2223,#2224,#2225,#2226,#2227,#2228,#2229,#2230,#2231,#2232,#2233));
#2235=IFCARBITRARYCLOSEDPROFILEDEF(.AREA.,$,#2234);
#2236=IFCEXTRUDEDAREASOLID(#2235,#2204,#2205,10.);
#2237=IFCSHAPEREPRESENTATION(#11,'Body','SweptSolid',(#2236));
#2238=IFCPRODUCTDEFINITIONSHAPE($,$,(#2237));
#2239=IFCSLAB('14SGwWvVz1cAe9pp$HzUPr',#5,'NL.IMRO.0772.MP27247677198-00',$,$,#2200,#2238,$,.NOTDEFINED.);
#2240=IFCSTYLEDITEM(#2236,(#1431),$);
#2241=IFCPROPERTYSINGLEVALUE('plan_id',$,IFCTEXT('NL.IMRO.0772.80190-0301'),$);
#2242=IFCPROPERTYSINGLEVALUE('plan_naam',$,IFCTEXT('Philipsdorp 2013'),$);
#2243=IFCPROPERTYSINGLEVALUE('plan_dossierstatus',$,IFCTEXT('geheel onherroepelijk in werking'),$);
#2244=IFCPROPERTYSINGLEVALUE('plan_besluitnummer',$,IFCTEXT('13R5357'),$);
#2245=IFCPROPERTYSINGLEVALUE('maximum bouwhoogte (m)',$,IFCTEXT('10.0'),$);
#2246=IFCPROPERTYSINGLEVALUE('maximum goothoogte (m)',$,IFCTEXT('6.0'),$);
#2247=IFCPROPERTYSINGLEVALUE('type_aanduiding',$,IFCTEXT('bouwvlak'),$);
#2248=IFCPROPERTYSINGLEVALUE('type_planobject',$,IFCTEXT('maatvoering'),$);
#2249=IFCPROPERTYSINGLEVALUE('id',$,IFCTEXT('NL.IMRO.0772.MP27247677198-00'),$);
#2250=IFCPROPERTYSET('0rd9IEIHL2rP1lO9lASwbh',#5,'CPset_DSO-Maatvoering',$,(#2241,#2242,#2243,#2244,#2245,#2246,#2247,#2248,#2249));
#2251=IFCRELDEFINESBYPROPERTIES('22A798O3L8XvyctqAWdy6b',#5,$,$,(#2239),#2250);
#2252=IFCCARTESIANPOINT((0.,0.,-0.1));
#2253=IFCDIRECTION((0.,0.,1.));
#2254=IFCDIRECTION((1.,0.,0.));
#2255=IFCAXIS2PLACEMENT3D(#2252,#2253,#2254);
#2256=IFCLOCALPLACEMENT(#37,#2255);
#2257=IFCCARTESIANPOINT((0.,0.,0.));
#2258=IFCDIRECTION((0.,0.,1.));
#2259=IFCDIRECTION((1.,0.,0.));
#2260=IFCAXIS2PLACEMENT3D(#2257,#2258,#2259);
#2261=IFCDIRECTION((0.,0.,1.));
#2262=IFCCARTESIANPOINT((35.3254064790381,-348.353234018665));
#2263=IFCCARTESIANPOINT((35.9167275373766,-347.056239314727));
#2264=IFCCARTESIANPOINT((36.8073717951193,-347.464032615477));
#2265=IFCCARTESIANPOINT((34.4131317619758,-350.354368925211));
#2266=IFCCARTESIANPOINT((35.3254064790381,-348.353234018665));
#2267=IFCPOLYLINE((#2262,#2263,#2264,#2265,#2266));
#2268=IFCARBITRARYCLOSEDPROFILEDEF(.AREA.,$,#2267);
#2269=IFCEXTRUDEDAREASOLID(#2268,#2260,#2261,10.);
#2270=IFCCARTESIANPOINT((0.,0.,0.));
#2271=IFCDIRECTION((0.,0.,1.));
#2272=IFCDIRECTION((1.,0.,0.));
#2273=IFCAXIS2PLACEMENT3D(#2270,#2271,#2272);
#2274=IFCDIRECTION((0.,0.,1.));
#2275=IFCCARTESIANPOINT((24.9912490655843,-343.61962207465));
#2276=IFCCARTESIANPOINT((25.1304605027835,-343.316798343207));
#2277=IFCCARTESIANPOINT((25.5530544429494,-342.394296522893));
#2278=IFCCARTESIANPOINT((28.436226859485,-343.715194431774));
#2279=IFCCARTESIANPOINT((31.150963597378,-344.958896232711));
#2280=IFCCARTESIANPOINT((30.5891576279537,-346.184223136341));
#2281=IFCCARTESIANPOINT((29.3315029689402,-348.930168219551));
#2282=IFCCARTESIANPOINT((24.4217814207368,-344.863149498415));
#2283=IFCCARTESIANPOINT((24.9912490655843,-343.61962207465));
#2284=IFCPOLYLINE((#2275,#2276,#2277,#2278,#2279,#2280,#2281,#2282,#2283));
#2285=IFCARBITRARYCLOSEDPROFILEDEF(.AREA.,$,#2284);
#2286=IFCEXTRUDEDAREASOLID(#2285,#2273,#2274,10.);
#2287=IFCCARTESIANPOINT((0.,0.,0.));
#2288=IFCDIRECTION((0.,0.,1.));
#2289=IFCDIRECTION((1.,0.,0.));
#2290=IFCAXIS2PLACEMENT3D(#2287,#2288,#2289);
#2291=IFCDIRECTION((0.,0.,1.));
#2292=IFCCARTESIANPOINT((18.1199238427507,-339.019698261633));
#2293=IFCCARTESIANPOINT((20.8468541645852,-340.272222701402));
#2294=IFCCARTESIANPOINT((20.3053605833265,-341.453269641555));
#2295=IFCCARTESIANPOINT((16.4319337919296,-338.244676420756));
#2296=IFCCARTESIANPOINT((18.1199238427507,-339.019698261633));
#2297=IFCPOLYLINE((#2292,#2293,#2294,#2295,#2296));
#2298=IFCARBITRARYCLOSEDPROFILEDEF(.AREA.,$,#2297);
#2299=IFCEXTRUDEDAREASOLID(#2298,#2290,#2291,10.);
#2300=IFCSHAPEREPRESENTATION(#11,'Body','SweptSolid',(#2269,#2286,#2299));
#2301=IFCPRODUCTDEFINITIONSHAPE($,$,(#2300));
#2302=IFCSLAB('154eptGT5CFAVlHlmmduqd',#5,'NL.IMRO.0772.MP41247677255-00',$,$,#2256,#2301,$,.NOTDEFINED.);
#2303=IFCSTYLEDITEM(#2269,(#1431),$);
#2304=IFCSTYLEDITEM(#2286,(#1431),$);
#2305=IFCSTYLEDITEM(#2299,(#1431),$);
#2306=IFCPROPERTYSINGLEVALUE('plan_id',$,IFCTEXT('NL.IMRO.0772.80190-0301'),$);
#2307=IFCPROPERTYSINGLEVALUE('plan_naam',$,IFCTEXT('Philipsdorp 2013'),$);
#2308=IFCPROPERTYSINGLEVALUE('plan_dossierstatus',$,IFCTEXT('geheel onherroepelijk in werking'),$);
#2309=IFCPROPERTYSINGLEVALUE('plan_besluitnummer',$,IFCTEXT('13R5357'),$);
#2310=IFCPROPERTYSINGLEVALUE('maximum bouwhoogte (m)',$,IFCTEXT('10.0'),$);
#2311=IFCPROPERTYSINGLEVALUE('maximum goothoogte (m)',$,IFCTEXT('6.0'),$);
#2312=IFCPROPERTYSINGLEVALUE('type_aanduiding',$,IFCTEXT('bouwvlak'),$);
#2313=IFCPROPERTYSINGLEVALUE('type_planobject',$,IFCTEXT('maatvoering'),$);
#2314=IFCPROPERTYSINGLEVALUE('id',$,IFCTEXT('NL.IMRO.0772.MP41247677255-00'),$);
#2315=IFCPROPERTYSET('2Bc10Vw8n75ud0c1eyJgHs',#5,'CPset_DSO-Maatvoering',$,(#2306,#2307,#2308,#2309,#2310,#2311,#2312,#2313,#2314));
#2316=IFCRELDEFINESBYPROPERTIES('3WTrLkqNTFMuxJNi6t5$Wm',#5,$,$,(#2302),#2315);
#2317=IFCCARTESIANPOINT((0.,0.,-0.1));
#2318=IFCDIRECTION((0.,0.,1.));
#2319=IFCDIRECTION((1.,0.,0.));
#2320=IFCAXIS2PLACEMENT3D(#2317,#2318,#2319);
#2321=IFCLOCALPLACEMENT(#37,#2320);
#2322=IFCCARTESIANPOINT((0.,0.,0.));
#2323=IFCDIRECTION((0.,0.,1.));
#2324=IFCDIRECTION((1.,0.,0.));
#2325=IFCAXIS2PLACEMENT3D(#2322,#2323,#2324);
#2326=IFCDIRECTION((0.,0.,1.));
#2327=IFCCARTESIANPOINT((61.2782734454959,-294.603032830288));
#2328=IFCCARTESIANPOINT((62.9473462438618,-298.68136678118));
#2329=IFCCARTESIANPOINT((63.4615349115047,-299.937063936668));
#2330=IFCCARTESIANPOINT((60.9528962037002,-300.963736627309));
#2331=IFCCARTESIANPOINT((57.8382503135654,-302.239080359519));
#2332=IFCCARTESIANPOINT((57.3221091012238,-300.977889019065));
#2333=IFCCARTESIANPOINT((55.6661092592694,-296.932459139498));
#2334=IFCCARTESIANPOINT((53.5095607129915,-297.814529787283));
#2335=IFCCARTESIANPOINT((50.7862211921311,-298.929613729008));
#2336=IFCCARTESIANPOINT((52.4396441725257,-302.970300563553));
#2337=IFCCARTESIANPOINT((52.9427150851116,-304.19858718419));
#2338=IFCCARTESIANPOINT((50.3958033807867,-305.241689991497));
#2339=IFCCARTESIANPOINT((47.3454500413209,-306.489717230026));
#2340=IFCCARTESIANPOINT((46.8403851242329,-305.25581196585));
#2341=IFCCARTESIANPOINT((45.2037049974024,-301.257558051264));
#2342=IFCCARTESIANPOINT((42.9836990255862,-302.166268689616));
#2343=IFCCARTESIANPOINT((40.4181779000501,-303.215988799231));
#2344=IFCCARTESIANPOINT((42.0530943976773,-307.210262099106));
#2345=IFCCARTESIANPOINT((42.5498338117322,-308.424205686373));
#2346=IFCCARTESIANPOINT((39.8441595250042,-309.531878050359));
#2347=IFCCARTESIANPOINT((36.8027583317889,-310.776925000304));
#2348=IFCCARTESIANPOINT((36.3040249310143,-309.557362759253));
#2349=IFCCARTESIANPOINT((34.637181328435,-305.487348502153));
#2350=IFCCARTESIANPOINT((32.1148139223224,-306.519610492105));
#2351=IFCCARTESIANPOINT((31.1286543840251,-304.109411050566));
#2352=IFCCARTESIANPOINT((29.2339951680333,-299.48194222356));
#2353=IFCCARTESIANPOINT((34.8004147407191,-297.20945002191));
#2354=IFCCARTESIANPOINT((40.0734700419125,-295.057482501783));
#2355=IFCCARTESIANPOINT((45.3471450729412,-292.90475757001));
#2356=IFCCARTESIANPOINT((50.6187633667141,-290.752941233455));
#2357=IFCCARTESIANPOINT((55.8930576999264,-288.599451616697));
#2358=IFCCARTESIANPOINT((61.0429426585906,-286.497439402388));
#2359=IFCCARTESIANPOINT((62.9368529869244,-291.124264752551));
#2360=IFCCARTESIANPOINT((63.9183454167214,-293.522835525335));
#2361=IFCCARTESIANPOINT((61.2782734454959,-294.603032830288));
#2362=IFCPOLYLINE((#2327,#2328,#2329,#2330,#2331,#2332,#2333,#2334,#2335,#2336,#2337,#2338,#2339,#2340,#2341,#2342,#2343,#2344,#2345,#2346,#2347,#2348,#2349,#2350,#2351,#2352,#2353,#2354,#2355,#2356,#2357,#2358,#2359,#2360,#2361));
#2363=IFCARBITRARYCLOSEDPROFILEDEF(.AREA.,$,#2362);
#2364=IFCEXTRUDEDAREASOLID(#2363,#2325,#2326,10.);
#2365=IFCSHAPEREPRESENTATION(#11,'Body','SweptSolid',(#2364));
#2366=IFCPRODUCTDEFINITIONSHAPE($,$,(#2365));
#2367=IFCSLAB('3PfundsKTEChMNgxbe9$fF',#5,'NL.IMRO.0772.MP25247677189-00',$,$,#2321,#2366,$,.NOTDEFINED.);
#2368=IFCSTYLEDITEM(#2364,(#1431),$);
#2369=IFCPROPERTYSINGLEVALUE('plan_id',$,IFCTEXT('NL.IMRO.0772.80190-0301'),$);
#2370=IFCPROPERTYSINGLEVALUE('plan_naam',$,IFCTEXT('Philipsdorp 2013'),$);
#2371=IFCPROPERTYSINGLEVALUE('plan_dossierstatus',$,IFCTEXT('geheel onherroepelijk in werking'),$);
#2372=IFCPROPERTYSINGLEVALUE('plan_besluitnummer',$,IFCTEXT('13R5357'),$);
#2373=IFCPROPERTYSINGLEVALUE('maximum bouwhoogte (m)',$,IFCTEXT('10.0'),$);
#2374=IFCPROPERTYSINGLEVALUE('maximum goothoogte (m)',$,IFCTEXT('6.0'),$);
#2375=IFCPROPERTYSINGLEVALUE('type_aanduiding',$,IFCTEXT('bouwvlak'),$);
#2376=IFCPROPERTYSINGLEVALUE('type_planobject',$,IFCTEXT('maatvoering'),$);
#2377=IFCPROPERTYSINGLEVALUE('id',$,IFCTEXT('NL.IMRO.0772.MP25247677189-00'),$);
#2378=IFCPROPERTYSET('0a$bIkwdf4Xxkb53luMrb1',#5,'CPset_DSO-Maatvoering',$,(#2369,#2370,#2371,#2372,#2373,#2374,#2375,#2376,#2377));
#2379=IFCRELDEFINESBYPROPERTIES('0Im6SJSufEMhzjEiM1f_eJ',#5,$,$,(#2367),#2378);
#2380=IFCCARTESIANPOINT((0.,0.,-0.1));
#2381=IFCDIRECTION((0.,0.,1.));
#2382=IFCDIRECTION((1.,0.,0.));
#2383=IFCAXIS2PLACEMENT3D(#2380,#2381,#2382);
#2384=IFCLOCALPLACEMENT(#37,#2383);
#2385=IFCCARTESIANPOINT((0.,0.,0.));
#2386=IFCDIRECTION((0.,0.,1.));
#2387=IFCDIRECTION((1.,0.,0.));
#2388=IFCAXIS2PLACEMENT3D(#2385,#2386,#2387);
#2389=IFCDIRECTION((0.,0.,1.));
#2390=IFCCARTESIANPOINT((-9.65557633261778,-312.105640778842));
#2391=IFCCARTESIANPOINT((-4.40294996739249,-309.962731224892));
#2392=IFCCARTESIANPOINT((0.850210392236477,-307.818993436231));
#2393=IFCCARTESIANPOINT((6.10139975920902,-305.676235162653));
#2394=IFCCARTESIANPOINT((11.3533603795804,-303.534107663261));
#2395=IFCCARTESIANPOINT((16.6058992948674,-301.391098351043));
#2396=IFCCARTESIANPOINT((21.8577075429785,-299.247568299063));
#2397=IFCCARTESIANPOINT((27.0002279565379,-297.149795197416));
#2398=IFCCARTESIANPOINT((28.8939867509762,-301.776607446489));
#2399=IFCCARTESIANPOINT((29.8376578848402,-304.081409691367));
#2400=IFCCARTESIANPOINT((27.2885407949507,-305.124026285834));
#2401=IFCCARTESIANPOINT((28.995579157985,-309.296098364925));
#2402=IFCCARTESIANPOINT((29.4968442771642,-310.520279814897));
#2403=IFCCARTESIANPOINT((26.9054283284058,-311.5810565594));
#2404=IFCCARTESIANPOINT((23.7749332227104,-312.861400976544));
#2405=IFCCARTESIANPOINT((23.2717598725285,-311.631671760522));
#2406=IFCCARTESIANPOINT((21.5603493278322,-307.450749207463));
#2407=IFCCARTESIANPOINT((19.4401655622351,-308.318846339535));
#2408=IFCCARTESIANPOINT((16.7619504501054,-309.415467448474));
#2409=IFCCARTESIANPOINT((18.4705468534667,-313.590187955357));
#2410=IFCCARTESIANPOINT((18.9791698663903,-314.832181216567));
#2411=IFCCARTESIANPOINT((16.4089997036208,-315.88453748374));
#2412=IFCCARTESIANPOINT((13.1972074587247,-317.198779564817));
#2413=IFCCARTESIANPOINT((12.6858602757566,-315.95065412129));
#2414=IFCCARTESIANPOINT((10.9717098170076,-311.762227191997));
#2415=IFCCARTESIANPOINT((8.93282225402072,-312.596412246465));
#2416=IFCCARTESIANPOINT((6.23188291135011,-313.70148053515));
#2417=IFCCARTESIANPOINT((7.94435824209359,-317.885819708812));
#2418=IFCCARTESIANPOINT((8.46229268654133,-319.151118718204));
#2419=IFCCARTESIANPOINT((5.91452290894813,-320.193483481649));
#2420=IFCCARTESIANPOINT((2.79306513760821,-321.470909788448));
#2421=IFCCARTESIANPOINT((1.51548191669281,-318.34799295757));
#2422=IFCCARTESIANPOINT((0.560685081261909,-316.014405716443));
#2423=IFCCARTESIANPOINT((-1.56907217943808,-316.886213111691));
#2424=IFCCARTESIANPOINT((-4.23919295892119,-317.9791388351));
#2425=IFCCARTESIANPOINT((-2.52934247680241,-322.158789423411));
#2426=IFCCARTESIANPOINT((-2.29472699234611,-322.732252906193));
#2427=IFCCARTESIANPOINT((-13.3188109883049,-313.600338691729));
#2428=IFCCARTESIANPOINT((-9.65557633261778,-312.105640778842));
#2429=IFCPOLYLINE((#2390,#2391,#2392,#2393,#2394,#2395,#2396,#2397,#2398,#2399,#2400,#2401,#2402,#2403,#2404,#2405,#2406,#2407,#2408,#2409,#2410,#2411,#2412,#2413,#2414,#2415,#2416,#2417,#2418,#2419,#2420,#2421,#2422,#2423,#2424,#2425,#2426,#2427,#2428));
#2430=IFCARBITRARYCLOSEDPROFILEDEF(.AREA.,$,#2429);
#2431=IFCEXTRUDEDAREASOLID(#2430,#2388,#2389,10.);
#2432=IFCSHAPEREPRESENTATION(#11,'Body','SweptSolid',(#2431));
#2433=IFCPRODUCTDEFINITIONSHAPE($,$,(#2432));
#2434=IFCSLAB('0RBF02IJPEneyqnsbmXlXa',#5,'NL.IMRO.0772.MP23247677180-00',$,$,#2384,#2433,$,.NOTDEFINED.);
#2435=IFCSTYLEDITEM(#2431,(#1431),$);
#2436=IFCPROPERTYSINGLEVALUE('plan_id',$,IFCTEXT('NL.IMRO.0772.80190-0301'),$);
#2437=IFCPROPERTYSINGLEVALUE('plan_naam',$,IFCTEXT('Philipsdorp 2013'),$);
#2438=IFCPROPERTYSINGLEVALUE('plan_dossierstatus',$,IFCTEXT('geheel onherroepelijk in werking'),$);
#2439=IFCPROPERTYSINGLEVALUE('plan_besluitnummer',$,IFCTEXT('13R5357'),$);
#2440=IFCPROPERTYSINGLEVALUE('maximum bouwhoogte (m)',$,IFCTEXT('10.0'),$);
#2441=IFCPROPERTYSINGLEVALUE('maximum goothoogte (m)',$,IFCTEXT('6.0'),$);
#2442=IFCPROPERTYSINGLEVALUE('type_aanduiding',$,IFCTEXT('bouwvlak'),$);
#2443=IFCPROPERTYSINGLEVALUE('type_planobject',$,IFCTEXT('maatvoering'),$);
#2444=IFCPROPERTYSINGLEVALUE('id',$,IFCTEXT('NL.IMRO.0772.MP23247677180-00'),$);
#2445=IFCPROPERTYSET('3EG5cTMWH0mAup2ljikSH2',#5,'CPset_DSO-Maatvoering',$,(#2436,#2437,#2438,#2439,#2440,#2441,#2442,#2443,#2444));
#2446=IFCRELDEFINESBYPROPERTIES('3KsVIqM412OOhbObMOLrES',#5,$,$,(#2434),#2445);
#2447=IFCCARTESIANPOINT((0.,0.,-0.1));
#2448=IFCDIRECTION((0.,0.,1.));
#2449=IFCDIRECTION((1.,0.,0.));
#2450=IFCAXIS2PLACEMENT3D(#2447,#2448,#2449);
#2451=IFCLOCALPLACEMENT(#37,#2450);
#2452=IFCCARTESIANPOINT((0.,0.,0.));
#2453=IFCDIRECTION((0.,0.,1.));
#2454=IFCDIRECTION((1.,0.,0.));
#2455=IFCAXIS2PLACEMENT3D(#2452,#2453,#2454);
#2456=IFCDIRECTION((0.,0.,1.));
#2457=IFCCARTESIANPOINT((86.8236195342906,-210.894472348387));
#2458=IFCCARTESIANPOINT((94.3829207879899,-229.411795356194));
#2459=IFCCARTESIANPOINT((35.1463956744119,-253.603086421615));
#2460=IFCCARTESIANPOINT((27.5933170914941,-235.10651218734));
#2461=IFCCARTESIANPOINT((86.8236195342906,-210.894472348387));
#2462=IFCPOLYLINE((#2457,#2458,#2459,#2460,#2461));
#2463=IFCARBITRARYCLOSEDPROFILEDEF(.AREA.,$,#2462);
#2464=IFCEXTRUDEDAREASOLID(#2463,#2455,#2456,17.);
#2465=IFCSHAPEREPRESENTATION(#11,'Body','SweptSolid',(#2464));
#2466=IFCPRODUCTDEFINITIONSHAPE($,$,(#2465));
#2467=IFCSLAB('2ZK6IFmCzBvxg_s4XnWhCN',#5,'NL.IMRO.0772.MP9545833047-00',$,$,#2451,#2466,$,.NOTDEFINED.);
#2468=IFCSTYLEDITEM(#2464,(#1431),$);
#2469=IFCPROPERTYSINGLEVALUE('plan_id',$,IFCTEXT('NL.IMRO.0772.80419-0301'),$);
#2470=IFCPROPERTYSINGLEVALUE('plan_naam',$,IFCTEXT('Strijp-S fase 4'),$);
#2471=IFCPROPERTYSINGLEVALUE('plan_dossierstatus',$,IFCTEXT('geheel onherroepelijk in werking'),$);
#2472=IFCPROPERTYSINGLEVALUE('plan_besluitnummer',$,IFCTEXT('23bst01470'),$);
#2473=IFCPROPERTYSINGLEVALUE('maximum bouwhoogte (m)',$,IFCTEXT('17.0'),$);
#2474=IFCPROPERTYSINGLEVALUE('type_aanduiding',$,IFCTEXT('bouwvlak'),$);
#2475=IFCPROPERTYSINGLEVALUE('type_planobject',$,IFCTEXT('maatvoering'),$);
#2476=IFCPROPERTYSINGLEVALUE('id',$,IFCTEXT('NL.IMRO.0772.MP9545833047-00'),$);
#2477=IFCPROPERTYSET('1uUqVNlij5Cxg0X7g3Pbhs',#5,'CPset_DSO-Maatvoering',$,(#2469,#2470,#2471,#2472,#2473,#2474,#2475,#2476));
#2478=IFCRELDEFINESBYPROPERTIES('0bO4K3JQT27flZIvEsUCHL',#5,$,$,(#2467),#2477);
#2479=IFCCARTESIANPOINT((0.,0.,-0.1));
#2480=IFCDIRECTION((0.,0.,1.));
#2481=IFCDIRECTION((1.,0.,0.));
#2482=IFCAXIS2PLACEMENT3D(#2479,#2480,#2481);
#2483=IFCLOCALPLACEMENT(#37,#2482);
#2484=IFCCARTESIANPOINT((0.,0.,0.));
#2485=IFCDIRECTION((0.,0.,1.));
#2486=IFCDIRECTION((1.,0.,0.));
#2487=IFCAXIS2PLACEMENT3D(#2484,#2485,#2486);
#2488=IFCDIRECTION((0.,0.,1.));
#2489=IFCCARTESIANPOINT((86.8236195342906,-210.894472348387));
#2490=IFCCARTESIANPOINT((94.3829207879899,-229.411795356194));
#2491=IFCCARTESIANPOINT((35.1463956744119,-253.603086421615));
#2492=IFCCARTESIANPOINT((27.5933170914941,-235.10651218734));
#2493=IFCCARTESIANPOINT((86.8236195342906,-210.894472348387));
#2494=IFCPOLYLINE((#2489,#2490,#2491,#2492,#2493));
#2495=IFCARBITRARYCLOSEDPROFILEDEF(.AREA.,$,#2494);
#2496=IFCEXTRUDEDAREASOLID(#2495,#2487,#2488,17.);
#2497=IFCSHAPEREPRESENTATION(#11,'Body','SweptSolid',(#2496));
#2498=IFCPRODUCTDEFINITIONSHAPE($,$,(#2497));
#2499=IFCSLAB('3r6tRjRfL6YvcDQEyLLF3M',#5,'NL.IMRO.0772.MP9545833047-00',$,$,#2483,#2498,$,.NOTDEFINED.);
#2500=IFCSTYLEDITEM(#2496,(#1431),$);
#2501=IFCPROPERTYSINGLEVALUE('plan_id',$,IFCTEXT('NL.IMRO.0772.80419-0201'),$);
#2502=IFCPROPERTYSINGLEVALUE('plan_naam',$,IFCTEXT('Strijp-S fase 4'),$);
#2503=IFCPROPERTYSINGLEVALUE('plan_dossierstatus',$,IFCTEXT('geheel onherroepelijk in werking'),$);
#2504=IFCPROPERTYSINGLEVALUE('maximum bouwhoogte (m)',$,IFCTEXT('17.0'),$);
#2505=IFCPROPERTYSINGLEVALUE('type_aanduiding',$,IFCTEXT('bouwvlak'),$);
#2506=IFCPROPERTYSINGLEVALUE('type_planobject',$,IFCTEXT('maatvoering'),$);
#2507=IFCPROPERTYSINGLEVALUE('id',$,IFCTEXT('NL.IMRO.0772.MP9545833047-00'),$);
#2508=IFCPROPERTYSET('2Rf0WfrNH6hOJejL933tQ$',#5,'CPset_DSO-Maatvoering',$,(#2501,#2502,#2503,#2504,#2505,#2506,#2507));
#2509=IFCRELDEFINESBYPROPERTIES('12SH$hblb6sfLVQKu7RgTH',#5,$,$,(#2499),#2508);
#2510=IFCCARTESIANPOINT((0.,0.,-0.1));
#2511=IFCDIRECTION((0.,0.,1.));
#2512=IFCDIRECTION((1.,0.,0.));
#2513=IFCAXIS2PLACEMENT3D(#2510,#2511,#2512);
#2514=IFCLOCALPLACEMENT(#37,#2513);
#2515=IFCCARTESIANPOINT((0.,0.,0.));
#2516=IFCDIRECTION((0.,0.,1.));
#2517=IFCDIRECTION((1.,0.,0.));
#2518=IFCAXIS2PLACEMENT3D(#2515,#2516,#2517);
#2519=IFCDIRECTION((0.,0.,1.));
#2520=IFCCARTESIANPOINT((78.5282061536273,-190.572703080543));
#2521=IFCCARTESIANPOINT((86.8236195342906,-210.894472348387));
#2522=IFCCARTESIANPOINT((27.5933170914941,-235.10651218734));
#2523=IFCCARTESIANPOINT((15.3541391267499,-205.139478481025));
#2524=IFCCARTESIANPOINT((46.8576135713665,-192.351199979603));
#2525=IFCCARTESIANPOINT((50.7622151922551,-201.912063154334));
#2526=IFCCARTESIANPOINT((78.5282061536273,-190.572703080543));
#2527=IFCPOLYLINE((#2520,#2521,#2522,#2523,#2524,#2525,#2526));
#2528=IFCARBITRARYCLOSEDPROFILEDEF(.AREA.,$,#2527);
#2529=IFCEXTRUDEDAREASOLID(#2528,#2518,#2519,21.);
#2530=IFCSHAPEREPRESENTATION(#11,'Body','SweptSolid',(#2529));
#2531=IFCPRODUCTDEFINITIONSHAPE($,$,(#2530));
#2532=IFCSLAB('3SQqxewRf0WOGwoEEOOMEl',#5,'NL.IMRO.0772.MP7545833042-00',$,$,#2514,#2531,$,.NOTDEFINED.);
#2533=IFCSTYLEDITEM(#2529,(#1431),$);
#2534=IFCPROPERTYSINGLEVALUE('plan_id',$,IFCTEXT('NL.IMRO.0772.80419-0301'),$);
#2535=IFCPROPERTYSINGLEVALUE('plan_naam',$,IFCTEXT('Strijp-S fase 4'),$);
#2536=IFCPROPERTYSINGLEVALUE('plan_dossierstatus',$,IFCTEXT('geheel onherroepelijk in werking'),$);
#2537=IFCPROPERTYSINGLEVALUE('plan_besluitnummer',$,IFCTEXT('23bst01470'),$);
#2538=IFCPROPERTYSINGLEVALUE('maximum bouwhoogte (m)',$,IFCTEXT('21.0'),$);
#2539=IFCPROPERTYSINGLEVALUE('type_aanduiding',$,IFCTEXT('bouwvlak'),$);
#2540=IFCPROPERTYSINGLEVALUE('type_planobject',$,IFCTEXT('maatvoering'),$);
#2541=IFCPROPERTYSINGLEVALUE('id',$,IFCTEXT('NL.IMRO.0772.MP7545833042-00'),$);
#2542=IFCPROPERTYSET('3olzDHZRfCJ88TShKY1$zi',#5,'CPset_DSO-Maatvoering',$,(#2534,#2535,#2536,#2537,#2538,#2539,#2540,#2541));
#2543=IFCRELDEFINESBYPROPERTIES('2jx3ydjGvByOo7kGsrTTz6',#5,$,$,(#2532),#2542);
#2544=IFCCARTESIANPOINT((0.,0.,-0.1));
#2545=IFCDIRECTION((0.,0.,1.));
#2546=IFCDIRECTION((1.,0.,0.));
#2547=IFCAXIS2PLACEMENT3D(#2544,#2545,#2546);
#2548=IFCLOCALPLACEMENT(#37,#2547);
#2549=IFCCARTESIANPOINT((0.,0.,0.));
#2550=IFCDIRECTION((0.,0.,1.));
#2551=IFCDIRECTION((1.,0.,0.));
#2552=IFCAXIS2PLACEMENT3D(#2549,#2550,#2551);
#2553=IFCDIRECTION((0.,0.,1.));
#2554=IFCCARTESIANPOINT((-55.6088099664485,-269.11706886522));
#2555=IFCCARTESIANPOINT((11.1677826894156,-241.820936182456));
#2556=IFCCARTESIANPOINT((18.7358865258575,-260.333861309162));
#2557=IFCCARTESIANPOINT((-45.7837412167864,-286.707677321043));
#2558=IFCCARTESIANPOINT((-49.7990255950426,-283.381574898202));
#2559=IFCCARTESIANPOINT((-55.6088099664485,-269.11706886522));
#2560=IFCPOLYLINE((#2554,#2555,#2556,#2557,#2558,#2559));
#2561=IFCARBITRARYCLOSEDPROFILEDEF(.AREA.,$,#2560);
#2562=IFCEXTRUDEDAREASOLID(#2561,#2552,#2553,17.);
#2563=IFCSHAPEREPRESENTATION(#11,'Body','SweptSolid',(#2562));
#2564=IFCPRODUCTDEFINITIONSHAPE($,$,(#2563));
#2565=IFCSLAB('053OaLv35DMALFedKyv6Ae',#5,'NL.IMRO.0772.MP3545833026-00',$,$,#2548,#2564,$,.NOTDEFINED.);
#2566=IFCSTYLEDITEM(#2562,(#1431),$);
#2567=IFCPROPERTYSINGLEVALUE('plan_id',$,IFCTEXT('NL.IMRO.0772.80419-0201'),$);
#2568=IFCPROPERTYSINGLEVALUE('plan_naam',$,IFCTEXT('Strijp-S fase 4'),$);
#2569=IFCPROPERTYSINGLEVALUE('plan_dossierstatus',$,IFCTEXT('geheel onherroepelijk in werking'),$);
#2570=IFCPROPERTYSINGLEVALUE('maximum bouwhoogte (m)',$,IFCTEXT('17.0'),$);
#2571=IFCPROPERTYSINGLEVALUE('type_aanduiding',$,IFCTEXT('bouwvlak'),$);
#2572=IFCPROPERTYSINGLEVALUE('type_planobject',$,IFCTEXT('maatvoering'),$);
#2573=IFCPROPERTYSINGLEVALUE('id',$,IFCTEXT('NL.IMRO.0772.MP3545833026-00'),$);
#2574=IFCPROPERTYSET('07bbbid_56DQoK$Lxv5vPH',#5,'CPset_DSO-Maatvoering',$,(#2567,#2568,#2569,#2570,#2571,#2572,#2573));
#2575=IFCRELDEFINESBYPROPERTIES('1WXkE$dEn0buXOJ4qAlnRU',#5,$,$,(#2565),#2574);
#2576=IFCCARTESIANPOINT((0.,0.,-0.1));
#2577=IFCDIRECTION((0.,0.,1.));
#2578=IFCDIRECTION((1.,0.,0.));
#2579=IFCAXIS2PLACEMENT3D(#2576,#2577,#2578);
#2580=IFCLOCALPLACEMENT(#37,#2579);
#2581=IFCCARTESIANPOINT((0.,0.,0.));
#2582=IFCDIRECTION((0.,0.,1.));
#2583=IFCDIRECTION((1.,0.,0.));
#2584=IFCAXIS2PLACEMENT3D(#2581,#2582,#2583);
#2585=IFCDIRECTION((0.,0.,1.));
#2586=IFCCARTESIANPOINT((-55.6088099664485,-269.11706886522));
#2587=IFCCARTESIANPOINT((11.1677826894156,-241.820936182456));
#2588=IFCCARTESIANPOINT((18.7358865258575,-260.333861309162));
#2589=IFCCARTESIANPOINT((-45.7837412167864,-286.707677321043));
#2590=IFCCARTESIANPOINT((-49.7990255950426,-283.381574898202));
#2591=IFCCARTESIANPOINT((-55.6088099664485,-269.11706886522));
#2592=IFCPOLYLINE((#2586,#2587,#2588,#2589,#2590,#2591));
#2593=IFCARBITRARYCLOSEDPROFILEDEF(.AREA.,$,#2592);
#2594=IFCEXTRUDEDAREASOLID(#2593,#2584,#2585,17.);
#2595=IFCSHAPEREPRESENTATION(#11,'Body','SweptSolid',(#2594));
#2596=IFCPRODUCTDEFINITIONSHAPE($,$,(#2595));
#2597=IFCSLAB('07GrarGxXAFfViA3L52IQo',#5,'NL.IMRO.0772.MP3545833026-00',$,$,#2580,#2596,$,.NOTDEFINED.);
#2598=IFCSTYLEDITEM(#2594,(#1431),$);
#2599=IFCPROPERTYSINGLEVALUE('plan_id',$,IFCTEXT('NL.IMRO.0772.80419-0301'),$);
#2600=IFCPROPERTYSINGLEVALUE('plan_naam',$,IFCTEXT('Strijp-S fase 4'),$);
#2601=IFCPROPERTYSINGLEVALUE('plan_dossierstatus',$,IFCTEXT('geheel onherroepelijk in werking'),$);
#2602=IFCPROPERTYSINGLEVALUE('plan_besluitnummer',$,IFCTEXT('23bst01470'),$);
#2603=IFCPROPERTYSINGLEVALUE('maximum bouwhoogte (m)',$,IFCTEXT('17.0'),$);
#2604=IFCPROPERTYSINGLEVALUE('type_aanduiding',$,IFCTEXT('bouwvlak'),$);
#2605=IFCPROPERTYSINGLEVALUE('type_planobject',$,IFCTEXT('maatvoering'),$);
#2606=IFCPROPERTYSINGLEVALUE('id',$,IFCTEXT('NL.IMRO.0772.MP3545833026-00'),$);
#2607=IFCPROPERTYSET('1sZjK$fpLBagV5UBgyuYGx',#5,'CPset_DSO-Maatvoering',$,(#2599,#2600,#2601,#2602,#2603,#2604,#2605,#2606));
#2608=IFCRELDEFINESBYPROPERTIES('3KANK2JaLDERQldkXLQ2mO',#5,$,$,(#2597),#2607);
#2609=IFCCARTESIANPOINT((0.,0.,-0.1));
#2610=IFCDIRECTION((0.,0.,1.));
#2611=IFCDIRECTION((1.,0.,0.));
#2612=IFCAXIS2PLACEMENT3D(#2609,#2610,#2611);
#2613=IFCLOCALPLACEMENT(#37,#2612);
#2614=IFCCARTESIANPOINT((0.,0.,0.));
#2615=IFCDIRECTION((0.,0.,1.));
#2616=IFCDIRECTION((1.,0.,0.));
#2617=IFCAXIS2PLACEMENT3D(#2614,#2615,#2616);
#2618=IFCDIRECTION((0.,0.,1.));
#2619=IFCCARTESIANPOINT((199.582243310608,-28.429108451528));
#2620=IFCCARTESIANPOINT((208.357013253,-49.9153129699407));
#2621=IFCCARTESIANPOINT((180.584301729628,-61.2582448506146));
#2622=IFCCARTESIANPOINT((171.808874067181,-39.7727510199766));
#2623=IFCCARTESIANPOINT((199.582243310608,-28.429108451528));
#2624=IFCPOLYLINE((#2619,#2620,#2621,#2622,#2623));
#2625=IFCARBITRARYCLOSEDPROFILEDEF(.AREA.,$,#2624);
#2626=IFCEXTRUDEDAREASOLID(#2625,#2617,#2618,94.);
#2627=IFCSHAPEREPRESENTATION(#11,'Body','SweptSolid',(#2626));
#2628=IFCPRODUCTDEFINITIONSHAPE($,$,(#2627));
#2629=IFCSLAB('0wyy2SucT6Bw3uyX1GfI4r',#5,'NL.IMRO.0772.MP27545833252-00',$,$,#2613,#2628,$,.NOTDEFINED.);
#2630=IFCSTYLEDITEM(#2626,(#1431),$);
#2631=IFCPROPERTYSINGLEVALUE('plan_id',$,IFCTEXT('NL.IMRO.0772.80419-0201'),$);
#2632=IFCPROPERTYSINGLEVALUE('plan_naam',$,IFCTEXT('Strijp-S fase 4'),$);
#2633=IFCPROPERTYSINGLEVALUE('plan_dossierstatus',$,IFCTEXT('geheel onherroepelijk in werking'),$);
#2634=IFCPROPERTYSINGLEVALUE('maximum bouwhoogte (m)',$,IFCTEXT('94.0'),$);
#2635=IFCPROPERTYSINGLEVALUE('type_aanduiding',$,IFCTEXT('bouwvlak'),$);
#2636=IFCPROPERTYSINGLEVALUE('type_planobject',$,IFCTEXT('maatvoering'),$);
#2637=IFCPROPERTYSINGLEVALUE('id',$,IFCTEXT('NL.IMRO.0772.MP27545833252-00'),$);
#2638=IFCPROPERTYSET('1zYnt16InAIQjeuxDhwFy8',#5,'CPset_DSO-Maatvoering',$,(#2631,#2632,#2633,#2634,#2635,#2636,#2637));
#2639=IFCRELDEFINESBYPROPERTIES('2XmskzIwjEFBWeMkMvUfYa',#5,$,$,(#2629),#2638);
#2640=IFCCARTESIANPOINT((0.,0.,-0.1));
#2641=IFCDIRECTION((0.,0.,1.));
#2642=IFCDIRECTION((1.,0.,0.));
#2643=IFCAXIS2PLACEMENT3D(#2640,#2641,#2642);
#2644=IFCLOCALPLACEMENT(#37,#2643);
#2645=IFCCARTESIANPOINT((0.,0.,0.));
#2646=IFCDIRECTION((0.,0.,1.));
#2647=IFCDIRECTION((1.,0.,0.));
#2648=IFCAXIS2PLACEMENT3D(#2645,#2646,#2647);
#2649=IFCDIRECTION((0.,0.,1.));
#2650=IFCCARTESIANPOINT((199.582243310608,-28.429108451528));
#2651=IFCCARTESIANPOINT((208.357013253,-49.9153129699407));
#2652=IFCCARTESIANPOINT((180.584301729628,-61.2582448506146));
#2653=IFCCARTESIANPOINT((171.808874067181,-39.7727510199766));
#2654=IFCCARTESIANPOINT((199.582243310608,-28.429108451528));
#2655=IFCPOLYLINE((#2650,#2651,#2652,#2653,#2654));
#2656=IFCARBITRARYCLOSEDPROFILEDEF(.AREA.,$,#2655);
#2657=IFCEXTRUDEDAREASOLID(#2656,#2648,#2649,94.);
#2658=IFCSHAPEREPRESENTATION(#11,'Body','SweptSolid',(#2657));
#2659=IFCPRODUCTDEFINITIONSHAPE($,$,(#2658));
#2660=IFCSLAB('2UgNPeAsLAKwXAJ$7M9QTf',#5,'NL.IMRO.0772.MP27545833252-00',$,$,#2644,#2659,$,.NOTDEFINED.);
#2661=IFCSTYLEDITEM(#2657,(#1431),$);
#2662=IFCPROPERTYSINGLEVALUE('plan_id',$,IFCTEXT('NL.IMRO.0772.80419-0301'),$);
#2663=IFCPROPERTYSINGLEVALUE('plan_naam',$,IFCTEXT('Strijp-S fase 4'),$);
#2664=IFCPROPERTYSINGLEVALUE('plan_dossierstatus',$,IFCTEXT('geheel onherroepelijk in werking'),$);
#2665=IFCPROPERTYSINGLEVALUE('plan_besluitnummer',$,IFCTEXT('23bst01470'),$);
#2666=IFCPROPERTYSINGLEVALUE('maximum bouwhoogte (m)',$,IFCTEXT('94.0'),$);
#2667=IFCPROPERTYSINGLEVALUE('type_aanduiding',$,IFCTEXT('bouwvlak'),$);
#2668=IFCPROPERTYSINGLEVALUE('type_planobject',$,IFCTEXT('maatvoering'),$);
#2669=IFCPROPERTYSINGLEVALUE('id',$,IFCTEXT('NL.IMRO.0772.MP27545833252-00'),$);
#2670=IFCPROPERTYSET('3SzVV7NCj8AOseLmjvokQ9',#5,'CPset_DSO-Maatvoering',$,(#2662,#2663,#2664,#2665,#2666,#2667,#2668,#2669));
#2671=IFCRELDEFINESBYPROPERTIES('2CTpTcDj9DbwPE0QUCI55I',#5,$,$,(#2660),#2670);
#2672=IFCCARTESIANPOINT((0.,0.,-0.1));
#2673=IFCDIRECTION((0.,0.,1.));
#2674=IFCDIRECTION((1.,0.,0.));
#2675=IFCAXIS2PLACEMENT3D(#2672,#2673,#2674);
#2676=IFCLOCALPLACEMENT(#37,#2675);
#2677=IFCCARTESIANPOINT((0.,0.,0.));
#2678=IFCDIRECTION((0.,0.,1.));
#2679=IFCDIRECTION((1.,0.,0.));
#2680=IFCAXIS2PLACEMENT3D(#2677,#2678,#2679);
#2681=IFCDIRECTION((0.,0.,1.));
#2682=IFCCARTESIANPOINT((199.582243310608,-28.429108451528));
#2683=IFCCARTESIANPOINT((171.808874067181,-39.7727510199766));
#2684=IFCCARTESIANPOINT((170.674493284925,-36.9943378582248));
#2685=IFCCARTESIANPOINT((198.448002185294,-25.6520862558973));
#2686=IFCCARTESIANPOINT((199.582243310608,-28.429108451528));
#2687=IFCPOLYLINE((#2682,#2683,#2684,#2685,#2686));
#2688=IFCARBITRARYCLOSEDPROFILEDEF(.AREA.,$,#2687);
#2689=IFCEXTRUDEDAREASOLID(#2688,#2680,#2681,74.);
#2690=IFCSHAPEREPRESENTATION(#11,'Body','SweptSolid',(#2689));
#2691=IFCPRODUCTDEFINITIONSHAPE($,$,(#2690));
#2692=IFCSLAB('0nSHKzFab9jgdFXzf2uk2K',#5,'NL.IMRO.0772.MP25545833239-00',$,$,#2676,#2691,$,.NOTDEFINED.);
#2693=IFCSTYLEDITEM(#2689,(#1431),$);
#2694=IFCPROPERTYSINGLEVALUE('plan_id',$,IFCTEXT('NL.IMRO.0772.80419-0201'),$);
#2695=IFCPROPERTYSINGLEVALUE('plan_naam',$,IFCTEXT('Strijp-S fase 4'),$);
#2696=IFCPROPERTYSINGLEVALUE('plan_dossierstatus',$,IFCTEXT('geheel onherroepelijk in werking'),$);
#2697=IFCPROPERTYSINGLEVALUE('maximum bouwhoogte (m)',$,IFCTEXT('74.0'),$);
#2698=IFCPROPERTYSINGLEVALUE('type_aanduiding',$,IFCTEXT('bouwvlak'),$);
#2699=IFCPROPERTYSINGLEVALUE('type_planobject',$,IFCTEXT('maatvoering'),$);
#2700=IFCPROPERTYSINGLEVALUE('id',$,IFCTEXT('NL.IMRO.0772.MP25545833239-00'),$);
#2701=IFCPROPERTYSET('3nyCnBWsr5sB$yf0v8vLj$',#5,'CPset_DSO-Maatvoering',$,(#2694,#2695,#2696,#2697,#2698,#2699,#2700));
#2702=IFCRELDEFINESBYPROPERTIES('1oB9OvXp522R2UAZarh8iU',#5,$,$,(#2692),#2701);
#2703=IFCCARTESIANPOINT((0.,0.,-0.1));
#2704=IFCDIRECTION((0.,0.,1.));
#2705=IFCDIRECTION((1.,0.,0.));
#2706=IFCAXIS2PLACEMENT3D(#2703,#2704,#2705);
#2707=IFCLOCALPLACEMENT(#37,#2706);
#2708=IFCCARTESIANPOINT((0.,0.,0.));
#2709=IFCDIRECTION((0.,0.,1.));
#2710=IFCDIRECTION((1.,0.,0.));
#2711=IFCAXIS2PLACEMENT3D(#2708,#2709,#2710);
#2712=IFCDIRECTION((0.,0.,1.));
#2713=IFCCARTESIANPOINT((199.582243310608,-28.429108451528));
#2714=IFCCARTESIANPOINT((171.808874067181,-39.7727510199766));
#2715=IFCCARTESIANPOINT((170.674493284925,-36.9943378582248));
#2716=IFCCARTESIANPOINT((198.448002185294,-25.6520862558973));
#2717=IFCCARTESIANPOINT((199.582243310608,-28.429108451528));
#2718=IFCPOLYLINE((#2713,#2714,#2715,#2716,#2717));
#2719=IFCARBITRARYCLOSEDPROFILEDEF(.AREA.,$,#2718);
#2720=IFCEXTRUDEDAREASOLID(#2719,#2711,#2712,74.);
#2721=IFCSHAPEREPRESENTATION(#11,'Body','SweptSolid',(#2720));
#2722=IFCPRODUCTDEFINITIONSHAPE($,$,(#2721));
#2723=IFCSLAB('2LkngfISHDPO6HWvgZtLm6',#5,'NL.IMRO.0772.MP25545833239-00',$,$,#2707,#2722,$,.NOTDEFINED.);
#2724=IFCSTYLEDITEM(#2720,(#1431),$);
#2725=IFCPROPERTYSINGLEVALUE('plan_id',$,IFCTEXT('NL.IMRO.0772.80419-0301'),$);
#2726=IFCPROPERTYSINGLEVALUE('plan_naam',$,IFCTEXT('Strijp-S fase 4'),$);
#2727=IFCPROPERTYSINGLEVALUE('plan_dossierstatus',$,IFCTEXT('geheel onherroepelijk in werking'),$);
#2728=IFCPROPERTYSINGLEVALUE('plan_besluitnummer',$,IFCTEXT('23bst01470'),$);
#2729=IFCPROPERTYSINGLEVALUE('maximum bouwhoogte (m)',$,IFCTEXT('74.0'),$);
#2730=IFCPROPERTYSINGLEVALUE('type_aanduiding',$,IFCTEXT('bouwvlak'),$);
#2731=IFCPROPERTYSINGLEVALUE('type_planobject',$,IFCTEXT('maatvoering'),$);
#2732=IFCPROPERTYSINGLEVALUE('id',$,IFCTEXT('NL.IMRO.0772.MP25545833239-00'),$);
#2733=IFCPROPERTYSET('3ZnDYnR39C1RSUEzVvqoAG',#5,'CPset_DSO-Maatvoering',$,(#2725,#2726,#2727,#2728,#2729,#2730,#2731,#2732));
#2734=IFCRELDEFINESBYPROPERTIES('269SouCRH4aekvmxUg_5ET',#5,$,$,(#2723),#2733);
#2735=IFCCARTESIANPOINT((0.,0.,-0.1));
#2736=IFCDIRECTION((0.,0.,1.));
#2737=IFCDIRECTION((1.,0.,0.));
#2738=IFCAXIS2PLACEMENT3D(#2735,#2736,#2737);
#2739=IFCLOCALPLACEMENT(#37,#2738);
#2740=IFCCARTESIANPOINT((0.,0.,0.));
#2741=IFCDIRECTION((0.,0.,1.));
#2742=IFCDIRECTION((1.,0.,0.));
#2743=IFCAXIS2PLACEMENT3D(#2740,#2741,#2742);
#2744=IFCDIRECTION((0.,0.,1.));
#2745=IFCCARTESIANPOINT((169.35117738691,-33.7542421714752));
#2746=IFCCARTESIANPOINT((197.124672350823,-22.4119939150405));
#2747=IFCCARTESIANPOINT((198.448002185294,-25.6520862558973));
#2748=IFCCARTESIANPOINT((170.674493284925,-36.9943378582248));
#2749=IFCCARTESIANPOINT((169.35117738691,-33.7542421714752));
#2750=IFCPOLYLINE((#2745,#2746,#2747,#2748,#2749));
#2751=IFCARBITRARYCLOSEDPROFILEDEF(.AREA.,$,#2750);
#2752=IFCEXTRUDEDAREASOLID(#2751,#2743,#2744,53.);
#2753=IFCSHAPEREPRESENTATION(#11,'Body','SweptSolid',(#2752));
#2754=IFCPRODUCTDEFINITIONSHAPE($,$,(#2753));
#2755=IFCSLAB('1fEEOyddL4yvwt6zji5Omm',#5,'NL.IMRO.0772.MP23545833223-00',$,$,#2739,#2754,$,.NOTDEFINED.);
#2756=IFCSTYLEDITEM(#2752,(#1431),$);
#2757=IFCPROPERTYSINGLEVALUE('plan_id',$,IFCTEXT('NL.IMRO.0772.80419-0201'),$);
#2758=IFCPROPERTYSINGLEVALUE('plan_naam',$,IFCTEXT('Strijp-S fase 4'),$);
#2759=IFCPROPERTYSINGLEVALUE('plan_dossierstatus',$,IFCTEXT('geheel onherroepelijk in werking'),$);
#2760=IFCPROPERTYSINGLEVALUE('maximum bouwhoogte (m)',$,IFCTEXT('53.0'),$);
#2761=IFCPROPERTYSINGLEVALUE('type_aanduiding',$,IFCTEXT('bouwvlak'),$);
#2762=IFCPROPERTYSINGLEVALUE('type_planobject',$,IFCTEXT('maatvoering'),$);
#2763=IFCPROPERTYSINGLEVALUE('id',$,IFCTEXT('NL.IMRO.0772.MP23545833223-00'),$);
#2764=IFCPROPERTYSET('1ZM1cLLPX0QhvMC0h$qFj1',#5,'CPset_DSO-Maatvoering',$,(#2757,#2758,#2759,#2760,#2761,#2762,#2763));
#2765=IFCRELDEFINESBYPROPERTIES('37yHNx5G51Juw_Vu2Py2AM',#5,$,$,(#2755),#2764);
#2766=IFCCARTESIANPOINT((0.,0.,-0.1));
#2767=IFCDIRECTION((0.,0.,1.));
#2768=IFCDIRECTION((1.,0.,0.));
#2769=IFCAXIS2PLACEMENT3D(#2766,#2767,#2768);
#2770=IFCLOCALPLACEMENT(#37,#2769);
#2771=IFCCARTESIANPOINT((0.,0.,0.));
#2772=IFCDIRECTION((0.,0.,1.));
#2773=IFCDIRECTION((1.,0.,0.));
#2774=IFCAXIS2PLACEMENT3D(#2771,#2772,#2773);
#2775=IFCDIRECTION((0.,0.,1.));
#2776=IFCCARTESIANPOINT((169.35117738691,-33.7542421714752));
#2777=IFCCARTESIANPOINT((197.124672350823,-22.4119939150405));
#2778=IFCCARTESIANPOINT((198.448002185294,-25.6520862558973));
#2779=IFCCARTESIANPOINT((170.674493284925,-36.9943378582248));
#2780=IFCCARTESIANPOINT((169.35117738691,-33.7542421714752));
#2781=IFCPOLYLINE((#2776,#2777,#2778,#2779,#2780));
#2782=IFCARBITRARYCLOSEDPROFILEDEF(.AREA.,$,#2781);
#2783=IFCEXTRUDEDAREASOLID(#2782,#2774,#2775,53.);
#2784=IFCSHAPEREPRESENTATION(#11,'Body','SweptSolid',(#2783));
#2785=IFCPRODUCTDEFINITIONSHAPE($,$,(#2784));
#2786=IFCSLAB('1HRid9S498qRd4Ou2I_vCG',#5,'NL.IMRO.0772.MP23545833223-00',$,$,#2770,#2785,$,.NOTDEFINED.);
#2787=IFCSTYLEDITEM(#2783,(#1431),$);
#2788=IFCPROPERTYSINGLEVALUE('plan_id',$,IFCTEXT('NL.IMRO.0772.80419-0301'),$);
#2789=IFCPROPERTYSINGLEVALUE('plan_naam',$,IFCTEXT('Strijp-S fase 4'),$);
#2790=IFCPROPERTYSINGLEVALUE('plan_dossierstatus',$,IFCTEXT('geheel onherroepelijk in werking'),$);
#2791=IFCPROPERTYSINGLEVALUE('plan_besluitnummer',$,IFCTEXT('23bst01470'),$);
#2792=IFCPROPERTYSINGLEVALUE('maximum bouwhoogte (m)',$,IFCTEXT('53.0'),$);
#2793=IFCPROPERTYSINGLEVALUE('type_aanduiding',$,IFCTEXT('bouwvlak'),$);
#2794=IFCPROPERTYSINGLEVALUE('type_planobject',$,IFCTEXT('maatvoering'),$);
#2795=IFCPROPERTYSINGLEVALUE('id',$,IFCTEXT('NL.IMRO.0772.MP23545833223-00'),$);
#2796=IFCPROPERTYSET('3LVqlOlqfFjxH7BbdldWGz',#5,'CPset_DSO-Maatvoering',$,(#2788,#2789,#2790,#2791,#2792,#2793,#2794,#2795));
#2797=IFCRELDEFINESBYPROPERTIES('3nxSQkrfj0fB1jlhYjp678',#5,$,$,(#2786),#2796);
#2798=IFCCARTESIANPOINT((0.,0.,-0.1));
#2799=IFCDIRECTION((0.,0.,1.));
#2800=IFCDIRECTION((1.,0.,0.));
#2801=IFCAXIS2PLACEMENT3D(#2798,#2799,#2800);
#2802=IFCLOCALPLACEMENT(#37,#2801);
#2803=IFCCARTESIANPOINT((0.,0.,0.));
#2804=IFCDIRECTION((0.,0.,1.));
#2805=IFCDIRECTION((1.,0.,0.));
#2806=IFCAXIS2PLACEMENT3D(#2803,#2804,#2805);
#2807=IFCDIRECTION((0.,0.,1.));
#2808=IFCCARTESIANPOINT((168.217672922387,-30.9779105517082));
#2809=IFCCARTESIANPOINT((168.276481016626,-30.9539147400646));
#2810=IFCCARTESIANPOINT((195.990384216275,-19.6350272174459));
#2811=IFCCARTESIANPOINT((197.124672350823,-22.4119939150405));
#2812=IFCCARTESIANPOINT((169.35117738691,-33.7542421714752));
#2813=IFCCARTESIANPOINT((168.217672922387,-30.9779105517082));
#2814=IFCPOLYLINE((#2808,#2809,#2810,#2811,#2812,#2813));
#2815=IFCARBITRARYCLOSEDPROFILEDEF(.AREA.,$,#2814);
#2816=IFCEXTRUDEDAREASOLID(#2815,#2806,#2807,27.);
#2817=IFCSHAPEREPRESENTATION(#11,'Body','SweptSolid',(#2816));
#2818=IFCPRODUCTDEFINITIONSHAPE($,$,(#2817));
#2819=IFCSLAB('1nwawnMXj3cBmd1R8sN5DB',#5,'NL.IMRO.0772.MP12579347263-00',$,$,#2802,#2818,$,.NOTDEFINED.);
#2820=IFCSTYLEDITEM(#2816,(#1431),$);
#2821=IFCPROPERTYSINGLEVALUE('plan_id',$,IFCTEXT('NL.IMRO.0772.80419-0201'),$);
#2822=IFCPROPERTYSINGLEVALUE('plan_naam',$,IFCTEXT('Strijp-S fase 4'),$);
#2823=IFCPROPERTYSINGLEVALUE('plan_dossierstatus',$,IFCTEXT('geheel onherroepelijk in werking'),$);
#2824=IFCPROPERTYSINGLEVALUE('maximum bouwhoogte (m)',$,IFCTEXT('27.0'),$);
#2825=IFCPROPERTYSINGLEVALUE('type_aanduiding',$,IFCTEXT('bouwvlak'),$);
#2826=IFCPROPERTYSINGLEVALUE('type_planobject',$,IFCTEXT('maatvoering'),$);
#2827=IFCPROPERTYSINGLEVALUE('id',$,IFCTEXT('NL.IMRO.0772.MP12579347263-00'),$);
#2828=IFCPROPERTYSET('1CLOqYXq57EAbz_JxHpCjQ',#5,'CPset_DSO-Maatvoering',$,(#2821,#2822,#2823,#2824,#2825,#2826,#2827));
#2829=IFCRELDEFINESBYPROPERTIES('3WPaP1m_16EfFXCxM0LfoZ',#5,$,$,(#2819),#2828);
#2830=IFCCARTESIANPOINT((0.,0.,-0.1));
#2831=IFCDIRECTION((0.,0.,1.));
#2832=IFCDIRECTION((1.,0.,0.));
#2833=IFCAXIS2PLACEMENT3D(#2830,#2831,#2832);
#2834=IFCLOCALPLACEMENT(#37,#2833);
#2835=IFCCARTESIANPOINT((0.,0.,0.));
#2836=IFCDIRECTION((0.,0.,1.));
#2837=IFCDIRECTION((1.,0.,0.));
#2838=IFCAXIS2PLACEMENT3D(#2835,#2836,#2837);
#2839=IFCDIRECTION((0.,0.,1.));
#2840=IFCCARTESIANPOINT((168.217672922387,-30.9779105517082));
#2841=IFCCARTESIANPOINT((168.276481016626,-30.9539147400646));
#2842=IFCCARTESIANPOINT((195.990384216275,-19.6350272174459));
#2843=IFCCARTESIANPOINT((197.124672350823,-22.4119939150405));
#2844=IFCCARTESIANPOINT((169.35117738691,-33.7542421714752));
#2845=IFCCARTESIANPOINT((168.217672922387,-30.9779105517082));
#2846=IFCPOLYLINE((#2840,#2841,#2842,#2843,#2844,#2845));
#2847=IFCARBITRARYCLOSEDPROFILEDEF(.AREA.,$,#2846);
#2848=IFCEXTRUDEDAREASOLID(#2847,#2838,#2839,27.);
#2849=IFCSHAPEREPRESENTATION(#11,'Body','SweptSolid',(#2848));
#2850=IFCPRODUCTDEFINITIONSHAPE($,$,(#2849));
#2851=IFCSLAB('3z52LOq7b9aR6KNeb7P72f',#5,'NL.IMRO.0772.MP12579347263-00',$,$,#2834,#2850,$,.NOTDEFINED.);
#2852=IFCSTYLEDITEM(#2848,(#1431),$);
#2853=IFCPROPERTYSINGLEVALUE('plan_id',$,IFCTEXT('NL.IMRO.0772.80419-0301'),$);
#2854=IFCPROPERTYSINGLEVALUE('plan_naam',$,IFCTEXT('Strijp-S fase 4'),$);
#2855=IFCPROPERTYSINGLEVALUE('plan_dossierstatus',$,IFCTEXT('geheel onherroepelijk in werking'),$);
#2856=IFCPROPERTYSINGLEVALUE('plan_besluitnummer',$,IFCTEXT('23bst01470'),$);
#2857=IFCPROPERTYSINGLEVALUE('maximum bouwhoogte (m)',$,IFCTEXT('27.0'),$);
#2858=IFCPROPERTYSINGLEVALUE('type_aanduiding',$,IFCTEXT('bouwvlak'),$);
#2859=IFCPROPERTYSINGLEVALUE('type_planobject',$,IFCTEXT('maatvoering'),$);
#2860=IFCPROPERTYSINGLEVALUE('id',$,IFCTEXT('NL.IMRO.0772.MP12579347263-00'),$);
#2861=IFCPROPERTYSET('3w$DcJXivEAAhPSSoH5gBr',#5,'CPset_DSO-Maatvoering',$,(#2853,#2854,#2855,#2856,#2857,#2858,#2859,#2860));
#2862=IFCRELDEFINESBYPROPERTIES('0en5EYbvH6BOsfNJSR1tQ7',#5,$,$,(#2851),#2861);
#2863=IFCCARTESIANPOINT((0.,0.,-0.1));
#2864=IFCDIRECTION((0.,0.,1.));
#2865=IFCDIRECTION((1.,0.,0.));
#2866=IFCAXIS2PLACEMENT3D(#2863,#2864,#2865);
#2867=IFCLOCALPLACEMENT(#37,#2866);
#2868=IFCCARTESIANPOINT((0.,0.,0.));
#2869=IFCDIRECTION((0.,0.,1.));
#2870=IFCDIRECTION((1.,0.,0.));
#2871=IFCAXIS2PLACEMENT3D(#2868,#2869,#2870);
#2872=IFCDIRECTION((0.,0.,1.));
#2873=IFCCARTESIANPOINT((168.168437328161,-30.9981839063694));
#2874=IFCCARTESIANPOINT((168.217672922387,-30.9779105517082));
#2875=IFCCARTESIANPOINT((169.35117738691,-33.7542421714752));
#2876=IFCCARTESIANPOINT((170.674493284925,-36.9943378582248));
#2877=IFCCARTESIANPOINT((171.808874067181,-39.7727510199766));
#2878=IFCCARTESIANPOINT((180.584301729628,-61.2582448506146));
#2879=IFCCARTESIANPOINT((154.755490321782,-71.8078300507041));
#2880=IFCCARTESIANPOINT((142.388080919685,-41.526811447693));
#2881=IFCCARTESIANPOINT((168.168437328161,-30.9981839063694));
#2882=IFCPOLYLINE((#2873,#2874,#2875,#2876,#2877,#2878,#2879,#2880,#2881));
#2883=IFCARBITRARYCLOSEDPROFILEDEF(.AREA.,$,#2882);
#2884=IFCEXTRUDEDAREASOLID(#2883,#2871,#2872,24.);
#2885=IFCSHAPEREPRESENTATION(#11,'Body','SweptSolid',(#2884));
#2886=IFCPRODUCTDEFINITIONSHAPE($,$,(#2885));
#2887=IFCSLAB('32F7dfqKn1yRY_Ez6IIc7O',#5,'NL.IMRO.0772.MP10579347257-00',$,$,#2867,#2886,$,.NOTDEFINED.);
#2888=IFCSTYLEDITEM(#2884,(#1431),$);
#2889=IFCPROPERTYSINGLEVALUE('plan_id',$,IFCTEXT('NL.IMRO.0772.80419-0301'),$);
#2890=IFCPROPERTYSINGLEVALUE('plan_naam',$,IFCTEXT('Strijp-S fase 4'),$);
#2891=IFCPROPERTYSINGLEVALUE('plan_dossierstatus',$,IFCTEXT('geheel onherroepelijk in werking'),$);
#2892=IFCPROPERTYSINGLEVALUE('plan_besluitnummer',$,IFCTEXT('23bst01470'),$);
#2893=IFCPROPERTYSINGLEVALUE('maximum bouwhoogte (m)',$,IFCTEXT('24.0'),$);
#2894=IFCPROPERTYSINGLEVALUE('type_aanduiding',$,IFCTEXT('bouwvlak'),$);
#2895=IFCPROPERTYSINGLEVALUE('type_planobject',$,IFCTEXT('maatvoering'),$);
#2896=IFCPROPERTYSINGLEVALUE('id',$,IFCTEXT('NL.IMRO.0772.MP10579347257-00'),$);
#2897=IFCPROPERTYSET('2jb81ZaQzBrghvetmVUonR',#5,'CPset_DSO-Maatvoering',$,(#2889,#2890,#2891,#2892,#2893,#2894,#2895,#2896));
#2898=IFCRELDEFINESBYPROPERTIES('2F3TR5LJL1Ax0nWzF26sIW',#5,$,$,(#2887),#2897);
#2899=IFCCARTESIANPOINT((0.,0.,-0.1));
#2900=IFCDIRECTION((0.,0.,1.));
#2901=IFCDIRECTION((1.,0.,0.));
#2902=IFCAXIS2PLACEMENT3D(#2899,#2900,#2901);
#2903=IFCLOCALPLACEMENT(#37,#2902);
#2904=IFCCARTESIANPOINT((0.,0.,0.));
#2905=IFCDIRECTION((0.,0.,1.));
#2906=IFCDIRECTION((1.,0.,0.));
#2907=IFCAXIS2PLACEMENT3D(#2904,#2905,#2906);
#2908=IFCDIRECTION((0.,0.,1.));
#2909=IFCCARTESIANPOINT((168.168437328161,-30.9981839063694));
#2910=IFCCARTESIANPOINT((168.217672922387,-30.9779105517082));
#2911=IFCCARTESIANPOINT((169.35117738691,-33.7542421714752));
#2912=IFCCARTESIANPOINT((170.674493284925,-36.9943378582248));
#2913=IFCCARTESIANPOINT((171.808874067181,-39.7727510199766));
#2914=IFCCARTESIANPOINT((180.584301729628,-61.2582448506146));
#2915=IFCCARTESIANPOINT((154.755490321782,-71.8078300507041));
#2916=IFCCARTESIANPOINT((142.388080919685,-41.526811447693));
#2917=IFCCARTESIANPOINT((168.168437328161,-30.9981839063694));
#2918=IFCPOLYLINE((#2909,#2910,#2911,#2912,#2913,#2914,#2915,#2916,#2917));
#2919=IFCARBITRARYCLOSEDPROFILEDEF(.AREA.,$,#2918);
#2920=IFCEXTRUDEDAREASOLID(#2919,#2907,#2908,24.);
#2921=IFCSHAPEREPRESENTATION(#11,'Body','SweptSolid',(#2920));
#2922=IFCPRODUCTDEFINITIONSHAPE($,$,(#2921));
#2923=IFCSLAB('2nQM9pssz9m95I11kVTcWr',#5,'NL.IMRO.0772.MP10579347257-00',$,$,#2903,#2922,$,.NOTDEFINED.);
#2924=IFCSTYLEDITEM(#2920,(#1431),$);
#2925=IFCPROPERTYSINGLEVALUE('plan_id',$,IFCTEXT('NL.IMRO.0772.80419-0201'),$);
#2926=IFCPROPERTYSINGLEVALUE('plan_naam',$,IFCTEXT('Strijp-S fase 4'),$);
#2927=IFCPROPERTYSINGLEVALUE('plan_dossierstatus',$,IFCTEXT('geheel onherroepelijk in werking'),$);
#2928=IFCPROPERTYSINGLEVALUE('maximum bouwhoogte (m)',$,IFCTEXT('24.0'),$);
#2929=IFCPROPERTYSINGLEVALUE('type_aanduiding',$,IFCTEXT('bouwvlak'),$);
#2930=IFCPROPERTYSINGLEVALUE('type_planobject',$,IFCTEXT('maatvoering'),$);
#2931=IFCPROPERTYSINGLEVALUE('id',$,IFCTEXT('NL.IMRO.0772.MP10579347257-00'),$);
#2932=IFCPROPERTYSET('1KRtraQDbDuxE2t819PQbI',#5,'CPset_DSO-Maatvoering',$,(#2925,#2926,#2927,#2928,#2929,#2930,#2931));
#2933=IFCRELDEFINESBYPROPERTIES('3INvS2Uxj7QB7MyDAFxw5M',#5,$,$,(#2923),#2932);
#2934=IFCCARTESIANPOINT((0.,0.,-0.1));
#2935=IFCDIRECTION((0.,0.,1.));
#2936=IFCDIRECTION((1.,0.,0.));
#2937=IFCAXIS2PLACEMENT3D(#2934,#2935,#2936);
#2938=IFCLOCALPLACEMENT(#37,#2937);
#2939=IFCCARTESIANPOINT((0.,0.,0.));
#2940=IFCDIRECTION((0.,0.,1.));
#2941=IFCDIRECTION((1.,0.,0.));
#2942=IFCAXIS2PLACEMENT3D(#2939,#2940,#2941);
#2943=IFCDIRECTION((0.,0.,1.));
#2944=IFCCARTESIANPOINT((225.565629995923,-113.988423414703));
#2945=IFCCARTESIANPOINT((168.211187642853,-137.665001303656));
#2946=IFCCARTESIANPOINT((110.855324945936,-161.341673863528));
#2947=IFCCARTESIANPOINT((42.3600320033438,-189.190419408551));
#2948=IFCCARTESIANPOINT((37.2818735910696,-176.744782831636));
#2949=IFCCARTESIANPOINT((22.8658186740358,-141.412623994693));
#2950=IFCCARTESIANPOINT((28.0970344671223,-139.329949437932));
#2951=IFCCARTESIANPOINT((33.3803139370866,-137.226718343794));
#2952=IFCCARTESIANPOINT((34.9789269808389,-136.461612583196));
#2953=IFCCARTESIANPOINT((38.3880869676359,-135.07837311679));
#2954=IFCCARTESIANPOINT((38.426694718044,-135.171355664555));
#2955=IFCCARTESIANPOINT((40.0474322507216,-134.399913714791));
#2956=IFCCARTESIANPOINT((45.61108270564,-132.113439977809));
#2957=IFCCARTESIANPOINT((40.850700470357,-120.426981868513));
#2958=IFCCARTESIANPOINT((35.5110267205455,-122.618536564929));
#2959=IFCCARTESIANPOINT((35.3777538917202,-122.265361866856));
#2960=IFCCARTESIANPOINT((33.7286992301815,-118.22559408989));
#2961=IFCCARTESIANPOINT((33.3890309811395,-117.392408182088));
#2962=IFCCARTESIANPOINT((33.0501127937459,-116.558489529823));
#2963=IFCCARTESIANPOINT((31.4713294006069,-112.676942066697));
#2964=IFCCARTESIANPOINT((30.7902166491258,-111.012892673549));
#2965=IFCCARTESIANPOINT((29.2033604256285,-107.114394053351));
#2966=IFCCARTESIANPOINT((29.0246757922287,-106.678038027894));
#2967=IFCCARTESIANPOINT((28.525484559068,-105.454285678978));
#2968=IFCCARTESIANPOINT((26.9389279661118,-101.558565733605));
#2969=IFCCARTESIANPOINT((26.8458722237847,-101.330823797907));
#2970=IFCCARTESIANPOINT((26.2607259091747,-99.8943114311551));
#2971=IFCCARTESIANPOINT((24.6751106135489,-96.0019908166141));
#2972=IFCCARTESIANPOINT((23.9976787581982,-94.3383755385294));
#2973=IFCCARTESIANPOINT((22.4111151256657,-90.442660552857));
#2974=IFCCARTESIANPOINT((21.7328243158117,-88.7783374834689));
#2975=IFCCARTESIANPOINT((19.6767445039295,-83.7314001015038));
#2976=IFCCARTESIANPOINT((35.3868244423938,-77.5669997983496));
#2977=IFCCARTESIANPOINT((77.7529368870019,-60.2683514508535));
#2978=IFCCARTESIANPOINT((164.95880662548,-24.3996844460489));
#2979=IFCCARTESIANPOINT((178.325931095431,-18.9539013216854));
#2980=IFCCARTESIANPOINT((228.780276656995,1.60195857327199));
#2981=IFCCARTESIANPOINT((230.712902929867,-3.1582975948113));
#2982=IFCCARTESIANPOINT((231.677573836525,-5.53508592915023));
#2983=IFCCARTESIANPOINT((235.112624802423,-4.13304630626226));
#2984=IFCCARTESIANPOINT((243.408169554401,-0.746335329604335));
#2985=IFCCARTESIANPOINT((249.999984851136,-38.2284938208177));
#2986=IFCCARTESIANPOINT((255.600315640768,-70.0666478378116));
#2987=IFCCARTESIANPOINT((256.488382174837,-75.1159918608028));
#2988=IFCCARTESIANPOINT((257.525197480369,-81.012575383822));
#2989=IFCCARTESIANPOINT((232.622294205648,-111.075461542874));
#2990=IFCCARTESIANPOINT((225.565629995923,-113.988423414703));
#2991=IFCPOLYLINE((#2944,#2945,#2946,#2947,#2948,#2949,#2950,#2951,#2952,#2953,#2954,#2955,#2956,#2957,#2958,#2959,#2960,#2961,#2962,#2963,#2964,#2965,#2966,#2967,#2968,#2969,#2970,#2971,#2972,#2973,#2974,#2975,#2976,#2977,#2978,#2979,#2980,#2981,#2982,#2983,#2984,#2985,#2986,#2987,#2988,#2989,#2990));
#2992=IFCARBITRARYCLOSEDPROFILEDEF(.AREA.,$,#2991);
#2993=IFCEXTRUDEDAREASOLID(#2992,#2942,#2943,33.);
#2994=IFCSHAPEREPRESENTATION(#11,'Body','SweptSolid',(#2993));
#2995=IFCPRODUCTDEFINITIONSHAPE($,$,(#2994));
#2996=IFCSLAB('0p6bpuWBb1_xgMas$6mSkG',#5,'NL.IMRO.0772.MP5389872977-00',$,$,#2938,#2995,$,.NOTDEFINED.);
#2997=IFCSTYLEDITEM(#2993,(#1431),$);
#2998=IFCPROPERTYSINGLEVALUE('plan_id',$,IFCTEXT('NL.IMRO.0772.80284-0301'),$);
#2999=IFCPROPERTYSINGLEVALUE('plan_naam',$,IFCTEXT('Strijp-S 2017'),$);
#3000=IFCPROPERTYSINGLEVALUE('plan_dossierstatus',$,IFCTEXT('geheel onherroepelijk in werking'),$);
#3001=IFCPROPERTYSINGLEVALUE('plan_besluitnummer',$,IFCTEXT('17bst01754'),$);
#3002=IFCPROPERTYSINGLEVALUE('maximum bouwhoogte (m)',$,IFCTEXT('33.0'),$);
#3003=IFCPROPERTYSINGLEVALUE('type_aanduiding',$,IFCTEXT('bouwvlak'),$);
#3004=IFCPROPERTYSINGLEVALUE('type_planobject',$,IFCTEXT('maatvoering'),$);
#3005=IFCPROPERTYSINGLEVALUE('id',$,IFCTEXT('NL.IMRO.0772.MP5389872977-00'),$);
#3006=IFCPROPERTYSET('20fdcva0nFDe1Ob6mF8r6T',#5,'CPset_DSO-Maatvoering',$,(#2998,#2999,#3000,#3001,#3002,#3003,#3004,#3005));
#3007=IFCRELDEFINESBYPROPERTIES('0wND1N5KDBIgkdRr6hI8Zn',#5,$,$,(#2996),#3006);
#3008=IFCCARTESIANPOINT((0.,0.,-0.1));
#3009=IFCDIRECTION((0.,0.,1.));
#3010=IFCDIRECTION((1.,0.,0.));
#3011=IFCAXIS2PLACEMENT3D(#3008,#3009,#3010);
#3012=IFCLOCALPLACEMENT(#37,#3011);
#3013=IFCCARTESIANPOINT((0.,0.,0.));
#3014=IFCDIRECTION((0.,0.,1.));
#3015=IFCDIRECTION((1.,0.,0.));
#3016=IFCAXIS2PLACEMENT3D(#3013,#3014,#3015);
#3017=IFCDIRECTION((0.,0.,1.));
#3018=IFCCARTESIANPOINT((78.5282061536273,-190.572703080543));
#3019=IFCCARTESIANPOINT((50.7622151922551,-201.912063154334));
#3020=IFCCARTESIANPOINT((46.8576135713665,-192.351199979603));
#3021=IFCCARTESIANPOINT((15.3541391267499,-205.139478481025));
#3022=IFCCARTESIANPOINT((2.42767331030336,-173.487697822158));
#3023=IFCCARTESIANPOINT((58.9595959847502,-142.637145886896));
#3024=IFCCARTESIANPOINT((78.5282061536273,-190.572703080543));
#3025=IFCPOLYLINE((#3018,#3019,#3020,#3021,#3022,#3023,#3024));
#3026=IFCARBITRARYCLOSEDPROFILEDEF(.AREA.,$,#3025);
#3027=IFCEXTRUDEDAREASOLID(#3026,#3016,#3017,27.);
#3028=IFCSHAPEREPRESENTATION(#11,'Body','SweptSolid',(#3027));
#3029=IFCPRODUCTDEFINITIONSHAPE($,$,(#3028));
#3030=IFCSLAB('119c0fNbL94vCRyjx40US$',#5,'NL.IMRO.0772.MP5545833036-00',$,$,#3012,#3029,$,.NOTDEFINED.);
#3031=IFCSTYLEDITEM(#3027,(#1431),$);
#3032=IFCPROPERTYSINGLEVALUE('plan_id',$,IFCTEXT('NL.IMRO.0772.80419-0301'),$);
#3033=IFCPROPERTYSINGLEVALUE('plan_naam',$,IFCTEXT('Strijp-S fase 4'),$);
#3034=IFCPROPERTYSINGLEVALUE('plan_dossierstatus',$,IFCTEXT('geheel onherroepelijk in werking'),$);
#3035=IFCPROPERTYSINGLEVALUE('plan_besluitnummer',$,IFCTEXT('23bst01470'),$);
#3036=IFCPROPERTYSINGLEVALUE('maximum bouwhoogte (m)',$,IFCTEXT('27.0'),$);
#3037=IFCPROPERTYSINGLEVALUE('type_aanduiding',$,IFCTEXT('bouwvlak'),$);
#3038=IFCPROPERTYSINGLEVALUE('type_planobject',$,IFCTEXT('maatvoering'),$);
#3039=IFCPROPERTYSINGLEVALUE('id',$,IFCTEXT('NL.IMRO.0772.MP5545833036-00'),$);
#3040=IFCPROPERTYSET('02Zm9$nB9FSeE3MUQFHmeY',#5,'CPset_DSO-Maatvoering',$,(#3032,#3033,#3034,#3035,#3036,#3037,#3038,#3039));
#3041=IFCRELDEFINESBYPROPERTIES('0davencXn7l9v4Zhx9G5OI',#5,$,$,(#3030),#3040);
#3042=IFCCARTESIANPOINT((0.,0.,-0.1));
#3043=IFCDIRECTION((0.,0.,1.));
#3044=IFCDIRECTION((1.,0.,0.));
#3045=IFCAXIS2PLACEMENT3D(#3042,#3043,#3044);
#3046=IFCLOCALPLACEMENT(#37,#3045);
#3047=IFCCARTESIANPOINT((0.,0.,0.));
#3048=IFCDIRECTION((0.,0.,1.));
#3049=IFCDIRECTION((1.,0.,0.));
#3050=IFCAXIS2PLACEMENT3D(#3047,#3048,#3049);
#3051=IFCDIRECTION((0.,0.,1.));
#3052=IFCCARTESIANPOINT((78.5282061536273,-190.572703080543));
#3053=IFCCARTESIANPOINT((50.7622151922551,-201.912063154334));
#3054=IFCCARTESIANPOINT((46.8576135713665,-192.351199979603));
#3055=IFCCARTESIANPOINT((15.3541391267499,-205.139478481025));
#3056=IFCCARTESIANPOINT((2.42767331030336,-173.487697822158));
#3057=IFCCARTESIANPOINT((58.9595959847502,-142.637145886896));
#3058=IFCCARTESIANPOINT((78.5282061536273,-190.572703080543));
#3059=IFCPOLYLINE((#3052,#3053,#3054,#3055,#3056,#3057,#3058));
#3060=IFCARBITRARYCLOSEDPROFILEDEF(.AREA.,$,#3059);
#3061=IFCEXTRUDEDAREASOLID(#3060,#3050,#3051,27.);
#3062=IFCSHAPEREPRESENTATION(#11,'Body','SweptSolid',(#3061));
#3063=IFCPRODUCTDEFINITIONSHAPE($,$,(#3062));
#3064=IFCSLAB('203tgYH3z27RTYKm3XKKtV',#5,'NL.IMRO.0772.MP5545833036-00',$,$,#3046,#3063,$,.NOTDEFINED.);
#3065=IFCSTYLEDITEM(#3061,(#1431),$);
#3066=IFCPROPERTYSINGLEVALUE('plan_id',$,IFCTEXT('NL.IMRO.0772.80419-0201'),$);
#3067=IFCPROPERTYSINGLEVALUE('plan_naam',$,IFCTEXT('Strijp-S fase 4'),$);
#3068=IFCPROPERTYSINGLEVALUE('plan_dossierstatus',$,IFCTEXT('geheel onherroepelijk in werking'),$);
#3069=IFCPROPERTYSINGLEVALUE('maximum bouwhoogte (m)',$,IFCTEXT('27.0'),$);
#3070=IFCPROPERTYSINGLEVALUE('type_aanduiding',$,IFCTEXT('bouwvlak'),$);
#3071=IFCPROPERTYSINGLEVALUE('type_planobject',$,IFCTEXT('maatvoering'),$);
#3072=IFCPROPERTYSINGLEVALUE('id',$,IFCTEXT('NL.IMRO.0772.MP5545833036-00'),$);
#3073=IFCPROPERTYSET('16GvxiwW16U8Rmd9J0dD4W',#5,'CPset_DSO-Maatvoering',$,(#3066,#3067,#3068,#3069,#3070,#3071,#3072));
#3074=IFCRELDEFINESBYPROPERTIES('289Qjlef15DBVygOaKg92P',#5,$,$,(#3064),#3073);
#3075=IFCCARTESIANPOINT((0.,0.,-0.1));
#3076=IFCDIRECTION((0.,0.,1.));
#3077=IFCDIRECTION((1.,0.,0.));
#3078=IFCAXIS2PLACEMENT3D(#3075,#3076,#3077);
#3079=IFCLOCALPLACEMENT(#37,#3078);
#3080=IFCCARTESIANPOINT((0.,0.,0.));
#3081=IFCDIRECTION((0.,0.,1.));
#3082=IFCDIRECTION((1.,0.,0.));
#3083=IFCAXIS2PLACEMENT3D(#3080,#3081,#3082);
#3084=IFCDIRECTION((0.,0.,1.));
#3085=IFCCARTESIANPOINT((78.6655904585787,-60.6542695528478));
#3086=IFCCARTESIANPOINT((80.8236028919055,-65.9310024153674));
#3087=IFCCARTESIANPOINT((81.2419360692438,-66.9527766298852));
#3088=IFCCARTESIANPOINT((136.806485113513,-44.265971019573));
#3089=IFCCARTESIANPOINT((143.034938455356,-59.5383035191917));
#3090=IFCCARTESIANPOINT((143.495304183336,-60.6676095369621));
#3091=IFCCARTESIANPOINT((146.361799059174,-67.6960003966815));
#3092=IFCCARTESIANPOINT((148.998230734374,-74.1586297663162));
#3093=IFCCARTESIANPOINT((98.0409548198513,-94.9704586492153));
#3094=IFCCARTESIANPOINT((98.8568203598552,-96.9967356728739));
#3095=IFCCARTESIANPOINT((86.6031941678957,-101.971654676367));
#3096=IFCCARTESIANPOINT((82.9045689435734,-92.917703778483));
#3097=IFCCARTESIANPOINT((50.1968911957811,-106.277084231842));
#3098=IFCCARTESIANPOINT((46.8321446347109,-97.9425342014292));
#3099=IFCCARTESIANPOINT((43.499098839442,-99.3044517002418));
#3100=IFCCARTESIANPOINT((37.5685869968438,-84.7840052117826));
#3101=IFCCARTESIANPOINT((34.7308738866996,-77.8352569608251));
#3102=IFCCARTESIANPOINT((77.7529368870019,-60.2683514508535));
#3103=IFCCARTESIANPOINT((78.4000419177755,-60.0045006728033));
#3104=IFCCARTESIANPOINT((78.6655904585787,-60.6542695528478));
#3105=IFCPOLYLINE((#3085,#3086,#3087,#3088,#3089,#3090,#3091,#3092,#3093,#3094,#3095,#3096,#3097,#3098,#3099,#3100,#3101,#3102,#3103,#3104));
#3106=IFCARBITRARYCLOSEDPROFILEDEF(.AREA.,$,#3105);
#3107=IFCEXTRUDEDAREASOLID(#3106,#3083,#3084,38.);
#3108=IFCSHAPEREPRESENTATION(#11,'Body','SweptSolid',(#3107));
#3109=IFCPRODUCTDEFINITIONSHAPE($,$,(#3108));
#3110=IFCSLAB('2DE1GafQr6_AKrJtLE_dgt',#5,'NL.IMRO.0772.MP2553988327-00',$,$,#3079,#3109,$,.NOTDEFINED.);
#3111=IFCSTYLEDITEM(#3107,(#1431),$);
#3112=IFCPROPERTYSINGLEVALUE('plan_id',$,IFCTEXT('NL.IMRO.0772.80419-0301'),$);
#3113=IFCPROPERTYSINGLEVALUE('plan_naam',$,IFCTEXT('Strijp-S fase 4'),$);
#3114=IFCPROPERTYSINGLEVALUE('plan_dossierstatus',$,IFCTEXT('geheel onherroepelijk in werking'),$);
#3115=IFCPROPERTYSINGLEVALUE('plan_besluitnummer',$,IFCTEXT('23bst01470'),$);
#3116=IFCPROPERTYSINGLEVALUE('maximum bouwhoogte (m)',$,IFCTEXT('38.0'),$);
#3117=IFCPROPERTYSINGLEVALUE('type_aanduiding',$,IFCTEXT('bouwvlak'),$);
#3118=IFCPROPERTYSINGLEVALUE('type_planobject',$,IFCTEXT('maatvoering'),$);
#3119=IFCPROPERTYSINGLEVALUE('id',$,IFCTEXT('NL.IMRO.0772.MP2553988327-00'),$);
#3120=IFCPROPERTYSET('1P9dKm3Rz0$wd9gh6YIj6n',#5,'CPset_DSO-Maatvoering',$,(#3112,#3113,#3114,#3115,#3116,#3117,#3118,#3119));
#3121=IFCRELDEFINESBYPROPERTIES('2iIt25Fbn4pR4BRlnffDq4',#5,$,$,(#3110),#3120);
#3122=IFCCARTESIANPOINT((0.,0.,-0.1));
#3123=IFCDIRECTION((0.,0.,1.));
#3124=IFCDIRECTION((1.,0.,0.));
#3125=IFCAXIS2PLACEMENT3D(#3122,#3123,#3124);
#3126=IFCLOCALPLACEMENT(#37,#3125);
#3127=IFCCARTESIANPOINT((0.,0.,0.));
#3128=IFCDIRECTION((0.,0.,1.));
#3129=IFCDIRECTION((1.,0.,0.));
#3130=IFCAXIS2PLACEMENT3D(#3127,#3128,#3129);
#3131=IFCDIRECTION((0.,0.,1.));
#3132=IFCCARTESIANPOINT((78.6655904585787,-60.6542695528478));
#3133=IFCCARTESIANPOINT((80.8236028919055,-65.9310024153674));
#3134=IFCCARTESIANPOINT((81.2419360692438,-66.9527766298852));
#3135=IFCCARTESIANPOINT((136.806485113513,-44.265971019573));
#3136=IFCCARTESIANPOINT((143.034938455356,-59.5383035191917));
#3137=IFCCARTESIANPOINT((143.495304183336,-60.6676095369621));
#3138=IFCCARTESIANPOINT((146.361799059174,-67.6960003966815));
#3139=IFCCARTESIANPOINT((148.998230734374,-74.1586297663162));
#3140=IFCCARTESIANPOINT((98.0409548198513,-94.9704586492153));
#3141=IFCCARTESIANPOINT((98.8568203598552,-96.9967356728739));
#3142=IFCCARTESIANPOINT((86.6031941678957,-101.971654676367));
#3143=IFCCARTESIANPOINT((82.9045689435734,-92.917703778483));
#3144=IFCCARTESIANPOINT((50.1968911957811,-106.277084231842));
#3145=IFCCARTESIANPOINT((46.8321446347109,-97.9425342014292));
#3146=IFCCARTESIANPOINT((43.499098839442,-99.3044517002418));
#3147=IFCCARTESIANPOINT((37.5685869968438,-84.7840052117826));
#3148=IFCCARTESIANPOINT((34.7308738866996,-77.8352569608251));
#3149=IFCCARTESIANPOINT((77.7529368870019,-60.2683514508535));
#3150=IFCCARTESIANPOINT((78.4000419177755,-60.0045006728033));
#3151=IFCCARTESIANPOINT((78.6655904585787,-60.6542695528478));
#3152=IFCPOLYLINE((#3132,#3133,#3134,#3135,#3136,#3137,#3138,#3139,#3140,#3141,#3142,#3143,#3144,#3145,#3146,#3147,#3148,#3149,#3150,#3151));
#3153=IFCARBITRARYCLOSEDPROFILEDEF(.AREA.,$,#3152);
#3154=IFCEXTRUDEDAREASOLID(#3153,#3130,#3131,38.);
#3155=IFCSHAPEREPRESENTATION(#11,'Body','SweptSolid',(#3154));
#3156=IFCPRODUCTDEFINITIONSHAPE($,$,(#3155));
#3157=IFCSLAB('3fGsp2KQj0Tx_IweqOWd1A',#5,'NL.IMRO.0772.MP2553988327-00',$,$,#3126,#3156,$,.NOTDEFINED.);
#3158=IFCSTYLEDITEM(#3154,(#1431),$);
#3159=IFCPROPERTYSINGLEVALUE('plan_id',$,IFCTEXT('NL.IMRO.0772.80419-0201'),$);
#3160=IFCPROPERTYSINGLEVALUE('plan_naam',$,IFCTEXT('Strijp-S fase 4'),$);
#3161=IFCPROPERTYSINGLEVALUE('plan_dossierstatus',$,IFCTEXT('geheel onherroepelijk in werking'),$);
#3162=IFCPROPERTYSINGLEVALUE('maximum bouwhoogte (m)',$,IFCTEXT('38.0'),$);
#3163=IFCPROPERTYSINGLEVALUE('type_aanduiding',$,IFCTEXT('bouwvlak'),$);
#3164=IFCPROPERTYSINGLEVALUE('type_planobject',$,IFCTEXT('maatvoering'),$);
#3165=IFCPROPERTYSINGLEVALUE('id',$,IFCTEXT('NL.IMRO.0772.MP2553988327-00'),$);
#3166=IFCPROPERTYSET('12RaWYZ39DseH0oftBFEml',#5,'CPset_DSO-Maatvoering',$,(#3159,#3160,#3161,#3162,#3163,#3164,#3165));
#3167=IFCRELDEFINESBYPROPERTIES('25xHwM7nXFxADWyeWZ7q8j',#5,$,$,(#3157),#3166);
#3168=IFCCARTESIANPOINT((0.,0.,-0.1));
#3169=IFCDIRECTION((0.,0.,1.));
#3170=IFCDIRECTION((1.,0.,0.));
#3171=IFCAXIS2PLACEMENT3D(#3168,#3169,#3170);
#3172=IFCLOCALPLACEMENT(#37,#3171);
#3173=IFCCARTESIANPOINT((0.,0.,0.));
#3174=IFCDIRECTION((0.,0.,1.));
#3175=IFCDIRECTION((1.,0.,0.));
#3176=IFCAXIS2PLACEMENT3D(#3173,#3174,#3175);
#3177=IFCDIRECTION((0.,0.,1.));
#3178=IFCCARTESIANPOINT((22.8658186740358,-141.412623994693));
#3179=IFCCARTESIANPOINT((2.25823577467236,-90.9063065309892));
#3180=IFCCARTESIANPOINT((12.7531277990493,-86.5638416262227));
#3181=IFCCARTESIANPOINT((14.3870115264144,-85.8877106609289));
#3182=IFCCARTESIANPOINT((17.8016325749049,-84.5090141159599));
#3183=IFCCARTESIANPOINT((19.4756478742929,-83.8141933706938));
#3184=IFCCARTESIANPOINT((19.6767445039295,-83.7314001015038));
#3185=IFCCARTESIANPOINT((21.7328243158117,-88.7783374834689));
#3186=IFCCARTESIANPOINT((22.4111151256657,-90.442660552857));
#3187=IFCCARTESIANPOINT((23.9976787581982,-94.3383755385294));
#3188=IFCCARTESIANPOINT((24.6751106135489,-96.0019908166141));
#3189=IFCCARTESIANPOINT((26.2607259091747,-99.8943114311551));
#3190=IFCCARTESIANPOINT((26.8458722237847,-101.330823797907));
#3191=IFCCARTESIANPOINT((26.9389279661118,-101.558565733605));
#3192=IFCCARTESIANPOINT((28.525484559068,-105.454285678978));
#3193=IFCCARTESIANPOINT((29.0246757922287,-106.678038027894));
#3194=IFCCARTESIANPOINT((29.2033604256285,-107.114394053351));
#3195=IFCCARTESIANPOINT((30.7902166491258,-111.012892673549));
#3196=IFCCARTESIANPOINT((31.4713294006069,-112.676942066697));
#3197=IFCCARTESIANPOINT((33.0501127937459,-116.558489529823));
#3198=IFCCARTESIANPOINT((33.3890309811395,-117.392408182088));
#3199=IFCCARTESIANPOINT((33.7286992301815,-118.22559408989));
#3200=IFCCARTESIANPOINT((35.3777538917202,-122.265361866856));
#3201=IFCCARTESIANPOINT((35.5110267205455,-122.618536564929));
#3202=IFCCARTESIANPOINT((40.850700470357,-120.426981868513));
#3203=IFCCARTESIANPOINT((45.61108270564,-132.113439977809));
#3204=IFCCARTESIANPOINT((40.0474322507216,-134.399913714791));
#3205=IFCCARTESIANPOINT((38.426694718044,-135.171355664555));
#3206=IFCCARTESIANPOINT((38.3880869676359,-135.07837311679));
#3207=IFCCARTESIANPOINT((34.9789269808389,-136.461612583196));
#3208=IFCCARTESIANPOINT((33.3803139370866,-137.226718343794));
#3209=IFCCARTESIANPOINT((28.0970344671223,-139.329949437932));
#3210=IFCCARTESIANPOINT((22.8658186740358,-141.412623994693));
#3211=IFCPOLYLINE((#3178,#3179,#3180,#3181,#3182,#3183,#3184,#3185,#3186,#3187,#3188,#3189,#3190,#3191,#3192,#3193,#3194,#3195,#3196,#3197,#3198,#3199,#3200,#3201,#3202,#3203,#3204,#3205,#3206,#3207,#3208,#3209,#3210));
#3212=IFCARBITRARYCLOSEDPROFILEDEF(.AREA.,$,#3211);
#3213=IFCEXTRUDEDAREASOLID(#3212,#3176,#3177,40.);
#3214=IFCSHAPEREPRESENTATION(#11,'Body','SweptSolid',(#3213));
#3215=IFCPRODUCTDEFINITIONSHAPE($,$,(#3214));
#3216=IFCSLAB('28mehqLXjFd9Yfbr$nI9Jz',#5,'NL.IMRO.0772.MP1393085857-00',$,$,#3172,#3215,$,.NOTDEFINED.);
#3217=IFCSTYLEDITEM(#3213,(#1431),$);
#3218=IFCPROPERTYSINGLEVALUE('plan_id',$,IFCTEXT('NL.IMRO.0772.80284-0301'),$);
#3219=IFCPROPERTYSINGLEVALUE('plan_naam',$,IFCTEXT('Strijp-S 2017'),$);
#3220=IFCPROPERTYSINGLEVALUE('plan_dossierstatus',$,IFCTEXT('geheel onherroepelijk in werking'),$);
#3221=IFCPROPERTYSINGLEVALUE('plan_besluitnummer',$,IFCTEXT('17bst01754'),$);
#3222=IFCPROPERTYSINGLEVALUE('maximum bouwhoogte (m)',$,IFCTEXT('40.0'),$);
#3223=IFCPROPERTYSINGLEVALUE('type_aanduiding',$,IFCTEXT('bouwvlak'),$);
#3224=IFCPROPERTYSINGLEVALUE('type_planobject',$,IFCTEXT('maatvoering'),$);
#3225=IFCPROPERTYSINGLEVALUE('id',$,IFCTEXT('NL.IMRO.0772.MP1393085857-00'),$);
#3226=IFCPROPERTYSET('3TFb$duln6yAuyovn8j2yo',#5,'CPset_DSO-Maatvoering',$,(#3218,#3219,#3220,#3221,#3222,#3223,#3224,#3225));
#3227=IFCRELDEFINESBYPROPERTIES('1KXlYZDNjEOAnmOhntUWU0',#5,$,$,(#3216),#3226);
#3228=IFCCARTESIANPOINT((0.,0.,-0.1));
#3229=IFCDIRECTION((0.,0.,1.));
#3230=IFCDIRECTION((1.,0.,0.));
#3231=IFCAXIS2PLACEMENT3D(#3228,#3229,#3230);
#3232=IFCLOCALPLACEMENT(#37,#3231);
#3233=IFCCARTESIANPOINT((0.,0.,0.));
#3234=IFCDIRECTION((0.,0.,1.));
#3235=IFCDIRECTION((1.,0.,0.));
#3236=IFCAXIS2PLACEMENT3D(#3233,#3234,#3235);
#3237=IFCDIRECTION((0.,0.,1.));
#3238=IFCCARTESIANPOINT((10.9794950049545,-112.624799076875));
#3239=IFCCARTESIANPOINT((9.37782226048876,-108.697088255372));
#3240=IFCCARTESIANPOINT((8.71157891870826,-107.062198479485));
#3241=IFCCARTESIANPOINT((6.46036380095757,-101.495282285498));
#3242=IFCCARTESIANPOINT((2.18923494135379,-90.9347720385413));
#3243=IFCCARTESIANPOINT((12.7531277990493,-86.5638416262227));
#3244=IFCCARTESIANPOINT((14.3870115264144,-85.8877106609289));
#3245=IFCCARTESIANPOINT((17.8016325749049,-84.5090141159599));
#3246=IFCCARTESIANPOINT((19.4756478742929,-83.8141933706938));
#3247=IFCCARTESIANPOINT((19.6767445039295,-83.7314001015038));
#3248=IFCCARTESIANPOINT((21.7328243158117,-88.7783374834689));
#3249=IFCCARTESIANPOINT((22.4111151256657,-90.442660552857));
#3250=IFCCARTESIANPOINT((23.9976787581982,-94.3383755385294));
#3251=IFCCARTESIANPOINT((24.6751106135489,-96.0019908166141));
#3252=IFCCARTESIANPOINT((26.2607259091747,-99.8943114311551));
#3253=IFCCARTESIANPOINT((26.8458722237847,-101.330823797907));
#3254=IFCCARTESIANPOINT((26.9389279661118,-101.558565733605));
#3255=IFCCARTESIANPOINT((28.525484559068,-105.454285678978));
#3256=IFCCARTESIANPOINT((29.0246757922287,-106.678038027894));
#3257=IFCCARTESIANPOINT((29.2033604256285,-107.114394053351));
#3258=IFCCARTESIANPOINT((30.7902166491258,-111.012892673549));
#3259=IFCCARTESIANPOINT((31.4713294006069,-112.676942066697));
#3260=IFCCARTESIANPOINT((33.0501127937459,-116.558489529823));
#3261=IFCCARTESIANPOINT((33.3890309811395,-117.392408182088));
#3262=IFCCARTESIANPOINT((33.7286992301815,-118.22559408989));
#3263=IFCCARTESIANPOINT((35.3777538917202,-122.265361866856));
#3264=IFCCARTESIANPOINT((35.5110267205455,-122.618536564929));
#3265=IFCCARTESIANPOINT((40.850700470357,-120.426981868513));
#3266=IFCCARTESIANPOINT((45.61108270564,-132.113439977809));
#3267=IFCCARTESIANPOINT((40.0474322507216,-134.399913714791));
#3268=IFCCARTESIANPOINT((38.426694718044,-135.171355664555));
#3269=IFCCARTESIANPOINT((38.3880869676359,-135.07837311679));
#3270=IFCCARTESIANPOINT((34.9789269808389,-136.461612583196));
#3271=IFCCARTESIANPOINT((33.3803139370866,-137.226718343794));
#3272=IFCCARTESIANPOINT((28.0964143340825,-139.330699570186));
#3273=IFCCARTESIANPOINT((22.8123628085305,-141.433285423554));
#3274=IFCCARTESIANPOINT((22.6383759264136,-141.502140739176));
#3275=IFCCARTESIANPOINT((13.90509960489,-119.82163352723));
#3276=IFCCARTESIANPOINT((13.2448321177508,-118.182659541024));
#3277=IFCCARTESIANPOINT((11.6466601381835,-114.261715956032));
#3278=IFCCARTESIANPOINT((10.9794950049545,-112.624799076875));
#3279=IFCPOLYLINE((#3238,#3239,#3240,#3241,#3242,#3243,#3244,#3245,#3246,#3247,#3248,#3249,#3250,#3251,#3252,#3253,#3254,#3255,#3256,#3257,#3258,#3259,#3260,#3261,#3262,#3263,#3264,#3265,#3266,#3267,#3268,#3269,#3270,#3271,#3272,#3273,#3274,#3275,#3276,#3277,#3278));
#3280=IFCARBITRARYCLOSEDPROFILEDEF(.AREA.,$,#3279);
#3281=IFCEXTRUDEDAREASOLID(#3280,#3236,#3237,42.);
#3282=IFCSHAPEREPRESENTATION(#11,'Body','SweptSolid',(#3281));
#3283=IFCPRODUCTDEFINITIONSHAPE($,$,(#3282));
#3284=IFCSLAB('11hCOaXQ504Ou0XYL1zLSK',#5,'NL.IMRO.0772.MP2579346820-00',$,$,#3232,#3283,$,.NOTDEFINED.);
#3285=IFCSTYLEDITEM(#3281,(#1431),$);
#3286=IFCPROPERTYSINGLEVALUE('plan_id',$,IFCTEXT('NL.IMRO.0772.80419-0301'),$);
#3287=IFCPROPERTYSINGLEVALUE('plan_naam',$,IFCTEXT('Strijp-S fase 4'),$);
#3288=IFCPROPERTYSINGLEVALUE('plan_dossierstatus',$,IFCTEXT('geheel onherroepelijk in werking'),$);
#3289=IFCPROPERTYSINGLEVALUE('plan_besluitnummer',$,IFCTEXT('23bst01470'),$);
#3290=IFCPROPERTYSINGLEVALUE('maximum bouwhoogte (m)',$,IFCTEXT('42.0'),$);
#3291=IFCPROPERTYSINGLEVALUE('type_aanduiding',$,IFCTEXT('bouwvlak'),$);
#3292=IFCPROPERTYSINGLEVALUE('type_planobject',$,IFCTEXT('maatvoering'),$);
#3293=IFCPROPERTYSINGLEVALUE('id',$,IFCTEXT('NL.IMRO.0772.MP2579346820-00'),$);
#3294=IFCPROPERTYSET('3CTTktR55BmfpsQO8z2fES',#5,'CPset_DSO-Maatvoering',$,(#3286,#3287,#3288,#3289,#3290,#3291,#3292,#3293));
#3295=IFCRELDEFINESBYPROPERTIES('0isGLNOET4Xf7Bsy7_AH3K',#5,$,$,(#3284),#3294);
#3296=IFCCARTESIANPOINT((0.,0.,-0.1));
#3297=IFCDIRECTION((0.,0.,1.));
#3298=IFCDIRECTION((1.,0.,0.));
#3299=IFCAXIS2PLACEMENT3D(#3296,#3297,#3298);
#3300=IFCLOCALPLACEMENT(#37,#3299);
#3301=IFCCARTESIANPOINT((0.,0.,0.));
#3302=IFCDIRECTION((0.,0.,1.));
#3303=IFCDIRECTION((1.,0.,0.));
#3304=IFCAXIS2PLACEMENT3D(#3301,#3302,#3303);
#3305=IFCDIRECTION((0.,0.,1.));
#3306=IFCCARTESIANPOINT((10.9794950049545,-112.624799076875));
#3307=IFCCARTESIANPOINT((9.37782226048876,-108.697088255372));
#3308=IFCCARTESIANPOINT((8.71157891870826,-107.062198479485));
#3309=IFCCARTESIANPOINT((6.46036380095757,-101.495282285498));
#3310=IFCCARTESIANPOINT((2.18923494135379,-90.9347720385413));
#3311=IFCCARTESIANPOINT((12.7531277990493,-86.5638416262227));
#3312=IFCCARTESIANPOINT((14.3870115264144,-85.8877106609289));
#3313=IFCCARTESIANPOINT((17.8016325749049,-84.5090141159599));
#3314=IFCCARTESIANPOINT((19.4756478742929,-83.8141933706938));
#3315=IFCCARTESIANPOINT((19.6767445039295,-83.7314001015038));
#3316=IFCCARTESIANPOINT((21.7328243158117,-88.7783374834689));
#3317=IFCCARTESIANPOINT((22.4111151256657,-90.442660552857));
#3318=IFCCARTESIANPOINT((23.9976787581982,-94.3383755385294));
#3319=IFCCARTESIANPOINT((24.6751106135489,-96.0019908166141));
#3320=IFCCARTESIANPOINT((26.2607259091747,-99.8943114311551));
#3321=IFCCARTESIANPOINT((26.8458722237847,-101.330823797907));
#3322=IFCCARTESIANPOINT((26.9389279661118,-101.558565733605));
#3323=IFCCARTESIANPOINT((28.525484559068,-105.454285678978));
#3324=IFCCARTESIANPOINT((29.0246757922287,-106.678038027894));
#3325=IFCCARTESIANPOINT((29.2033604256285,-107.114394053351));
#3326=IFCCARTESIANPOINT((30.7902166491258,-111.012892673549));
#3327=IFCCARTESIANPOINT((31.4713294006069,-112.676942066697));
#3328=IFCCARTESIANPOINT((33.0501127937459,-116.558489529823));
#3329=IFCCARTESIANPOINT((33.3890309811395,-117.392408182088));
#3330=IFCCARTESIANPOINT((33.7286992301815,-118.22559408989));
#3331=IFCCARTESIANPOINT((35.3777538917202,-122.265361866856));
#3332=IFCCARTESIANPOINT((35.5110267205455,-122.618536564929));
#3333=IFCCARTESIANPOINT((40.850700470357,-120.426981868513));
#3334=IFCCARTESIANPOINT((45.61108270564,-132.113439977809));
#3335=IFCCARTESIANPOINT((40.0474322507216,-134.399913714791));
#3336=IFCCARTESIANPOINT((38.426694718044,-135.171355664555));
#3337=IFCCARTESIANPOINT((38.3880869676359,-135.07837311679));
#3338=IFCCARTESIANPOINT((34.9789269808389,-136.461612583196));
#3339=IFCCARTESIANPOINT((33.3803139370866,-137.226718343794));
#3340=IFCCARTESIANPOINT((28.0964143340825,-139.330699570186));
#3341=IFCCARTESIANPOINT((22.8123628085305,-141.433285423554));
#3342=IFCCARTESIANPOINT((22.6383759264136,-141.502140739176));
#3343=IFCCARTESIANPOINT((13.90509960489,-119.82163352723));
#3344=IFCCARTESIANPOINT((13.2448321177508,-118.182659541024));
#3345=IFCCARTESIANPOINT((11.6466601381835,-114.261715956032));
#3346=IFCCARTESIANPOINT((10.9794950049545,-112.624799076875));
#3347=IFCPOLYLINE((#3306,#3307,#3308,#3309,#3310,#3311,#3312,#3313,#3314,#3315,#3316,#3317,#3318,#3319,#3320,#3321,#3322,#3323,#3324,#3325,#3326,#3327,#3328,#3329,#3330,#3331,#3332,#3333,#3334,#3335,#3336,#3337,#3338,#3339,#3340,#3341,#3342,#3343,#3344,#3345,#3346));
#3348=IFCARBITRARYCLOSEDPROFILEDEF(.AREA.,$,#3347);
#3349=IFCEXTRUDEDAREASOLID(#3348,#3304,#3305,42.);
#3350=IFCSHAPEREPRESENTATION(#11,'Body','SweptSolid',(#3349));
#3351=IFCPRODUCTDEFINITIONSHAPE($,$,(#3350));
#3352=IFCSLAB('2UXcttqw5ALgctHacy05BH',#5,'NL.IMRO.0772.MP2579346820-00',$,$,#3300,#3351,$,.NOTDEFINED.);
#3353=IFCSTYLEDITEM(#3349,(#1431),$);
#3354=IFCPROPERTYSINGLEVALUE('plan_id',$,IFCTEXT('NL.IMRO.0772.80419-0201'),$);
#3355=IFCPROPERTYSINGLEVALUE('plan_naam',$,IFCTEXT('Strijp-S fase 4'),$);
#3356=IFCPROPERTYSINGLEVALUE('plan_dossierstatus',$,IFCTEXT('geheel onherroepelijk in werking'),$);
#3357=IFCPROPERTYSINGLEVALUE('maximum bouwhoogte (m)',$,IFCTEXT('42.0'),$);
#3358=IFCPROPERTYSINGLEVALUE('type_aanduiding',$,IFCTEXT('bouwvlak'),$);
#3359=IFCPROPERTYSINGLEVALUE('type_planobject',$,IFCTEXT('maatvoering'),$);
#3360=IFCPROPERTYSINGLEVALUE('id',$,IFCTEXT('NL.IMRO.0772.MP2579346820-00'),$);
#3361=IFCPROPERTYSET('2nJ2wlZOn0h8n43jTdp1$m',#5,'CPset_DSO-Maatvoering',$,(#3354,#3355,#3356,#3357,#3358,#3359,#3360));
#3362=IFCRELDEFINESBYPROPERTIES('1wbMIFRUHDDOR_utmSCLeG',#5,$,$,(#3352),#3361);
#3363=IFCCARTESIANPOINT((0.,0.,-0.1));
#3364=IFCDIRECTION((0.,0.,1.));
#3365=IFCDIRECTION((1.,0.,0.));
#3366=IFCAXIS2PLACEMENT3D(#3363,#3364,#3365);
#3367=IFCLOCALPLACEMENT(#37,#3366);
#3368=IFCCARTESIANPOINT((0.,0.,0.));
#3369=IFCDIRECTION((0.,0.,1.));
#3370=IFCDIRECTION((1.,0.,0.));
#3371=IFCAXIS2PLACEMENT3D(#3368,#3369,#3370);
#3372=IFCDIRECTION((0.,0.,1.));
#3373=IFCCARTESIANPOINT((77.3187551491137,-25.6313926744624));
#3374=IFCCARTESIANPOINT((83.5594816543453,-41.0047627636814));
#3375=IFCCARTESIANPOINT((26.457623350987,-64.073846985586));
#3376=IFCCARTESIANPOINT((20.2556184397836,-48.7948511866271));
#3377=IFCCARTESIANPOINT((77.3187551491137,-25.6313926744624));
#3378=IFCPOLYLINE((#3373,#3374,#3375,#3376,#3377));
#3379=IFCARBITRARYCLOSEDPROFILEDEF(.AREA.,$,#3378);
#3380=IFCEXTRUDEDAREASOLID(#3379,#3371,#3372,0.1);
#3381=IFCSHAPEREPRESENTATION(#11,'Body','SweptSolid',(#3380));
#3382=IFCPRODUCTDEFINITIONSHAPE($,$,(#3381));
#3383=IFCSLAB('3GrKTX4rj4rQdIJvAicbSO',#5,'NL.IMRO.0772.MP24387283813-00',$,$,#3367,#3382,$,.NOTDEFINED.);
#3384=IFCSTYLEDITEM(#3380,(#1431),$);
#3385=IFCPROPERTYSINGLEVALUE('plan_id',$,IFCTEXT('NL.IMRO.0772.80284-0301'),$);
#3386=IFCPROPERTYSINGLEVALUE('plan_naam',$,IFCTEXT('Strijp-S 2017'),$);
#3387=IFCPROPERTYSINGLEVALUE('plan_dossierstatus',$,IFCTEXT('geheel onherroepelijk in werking'),$);
#3388=IFCPROPERTYSINGLEVALUE('plan_besluitnummer',$,IFCTEXT('17bst01754'),$);
#3389=IFCPROPERTYSINGLEVALUE('type_aanduiding',$,IFCTEXT('bouwvlak'),$);
#3390=IFCPROPERTYSINGLEVALUE('type_planobject',$,IFCTEXT('maatvoering'),$);
#3391=IFCPROPERTYSINGLEVALUE('id',$,IFCTEXT('NL.IMRO.0772.MP24387283813-00'),$);
#3392=IFCPROPERTYSET('2QZMRUvqD3uwLCW40eNCwI',#5,'CPset_DSO-Maatvoering',$,(#3385,#3386,#3387,#3388,#3389,#3390,#3391));
#3393=IFCRELDEFINESBYPROPERTIES('2eCkF9aKTEigL3y7IHYqSA',#5,$,$,(#3383),#3392);
#3394=IFCCARTESIANPOINT((0.,0.,-0.1));
#3395=IFCDIRECTION((0.,0.,1.));
#3396=IFCDIRECTION((1.,0.,0.));
#3397=IFCAXIS2PLACEMENT3D(#3394,#3395,#3396);
#3398=IFCLOCALPLACEMENT(#37,#3397);
#3399=IFCCARTESIANPOINT((0.,0.,0.));
#3400=IFCDIRECTION((0.,0.,1.));
#3401=IFCDIRECTION((1.,0.,0.));
#3402=IFCAXIS2PLACEMENT3D(#3399,#3400,#3401);
#3403=IFCDIRECTION((0.,0.,1.));
#3404=IFCCARTESIANPOINT((77.3187551491137,-25.6313926744624));
#3405=IFCCARTESIANPOINT((83.5594816543453,-41.0047627636814));
#3406=IFCCARTESIANPOINT((26.457623350987,-64.073846985586));
#3407=IFCCARTESIANPOINT((20.2556184397836,-48.7948511866271));
#3408=IFCCARTESIANPOINT((77.3187551491137,-25.6313926744624));
#3409=IFCPOLYLINE((#3404,#3405,#3406,#3407,#3408));
#3410=IFCARBITRARYCLOSEDPROFILEDEF(.AREA.,$,#3409);
#3411=IFCEXTRUDEDAREASOLID(#3410,#3402,#3403,8.5);
#3412=IFCSHAPEREPRESENTATION(#11,'Body','SweptSolid',(#3411));
#3413=IFCPRODUCTDEFINITIONSHAPE($,$,(#3412));
#3414=IFCSLAB('2_VD6qKKr5rhG0OBdWG4Du',#5,'NL.IMRO.0772.MP34384266549-00',$,$,#3398,#3413,$,.NOTDEFINED.);
#3415=IFCSTYLEDITEM(#3411,(#1431),$);
#3416=IFCPROPERTYSINGLEVALUE('plan_id',$,IFCTEXT('NL.IMRO.0772.80284-0301'),$);
#3417=IFCPROPERTYSINGLEVALUE('plan_naam',$,IFCTEXT('Strijp-S 2017'),$);
#3418=IFCPROPERTYSINGLEVALUE('plan_dossierstatus',$,IFCTEXT('geheel onherroepelijk in werking'),$);
#3419=IFCPROPERTYSINGLEVALUE('plan_besluitnummer',$,IFCTEXT('17bst01754'),$);
#3420=IFCPROPERTYSINGLEVALUE('maximum bouwhoogte (m)',$,IFCTEXT('8.5'),$);
#3421=IFCPROPERTYSINGLEVALUE('type_aanduiding',$,IFCTEXT('bouwvlak'),$);
#3422=IFCPROPERTYSINGLEVALUE('type_planobject',$,IFCTEXT('maatvoering'),$);
#3423=IFCPROPERTYSINGLEVALUE('id',$,IFCTEXT('NL.IMRO.0772.MP34384266549-00'),$);
#3424=IFCPROPERTYSET('1qlkBPaJLD6fx6YUZnezCx',#5,'CPset_DSO-Maatvoering',$,(#3416,#3417,#3418,#3419,#3420,#3421,#3422,#3423));
#3425=IFCRELDEFINESBYPROPERTIES('2TyXBaxKP6$BbUDkumrmb6',#5,$,$,(#3414),#3424);
#3426=IFCCARTESIANPOINT((0.,0.,-0.1));
#3427=IFCDIRECTION((0.,0.,1.));
#3428=IFCDIRECTION((1.,0.,0.));
#3429=IFCAXIS2PLACEMENT3D(#3426,#3427,#3428);
#3430=IFCLOCALPLACEMENT(#37,#3429);
#3431=IFCCARTESIANPOINT((0.,0.,0.));
#3432=IFCDIRECTION((0.,0.,1.));
#3433=IFCDIRECTION((1.,0.,0.));
#3434=IFCAXIS2PLACEMENT3D(#3431,#3432,#3433);
#3435=IFCDIRECTION((0.,0.,1.));
#3436=IFCCARTESIANPOINT((-71.8000170939195,-235.604902393476));
#3437=IFCCARTESIANPOINT((29.4098618770076,-194.455759318604));
#3438=IFCCARTESIANPOINT((37.9803046092275,-215.240404319076));
#3439=IFCCARTESIANPOINT((50.4081617432239,-245.379255149746));
#3440=IFCCARTESIANPOINT((-47.631316235027,-285.177219409321));
#3441=IFCCARTESIANPOINT((-53.3796016039269,-280.415567657736));
#3442=IFCCARTESIANPOINT((-71.8000170939195,-235.604902393476));
#3443=IFCPOLYLINE((#3436,#3437,#3438,#3439,#3440,#3441,#3442));
#3444=IFCARBITRARYCLOSEDPROFILEDEF(.AREA.,$,#3443);
#3445=IFCEXTRUDEDAREASOLID(#3444,#3434,#3435,17.);
#3446=IFCSHAPEREPRESENTATION(#11,'Body','SweptSolid',(#3445));
#3447=IFCPRODUCTDEFINITIONSHAPE($,$,(#3446));
#3448=IFCSLAB('2dw0R_WT9F08aO9MvFPgm8',#5,'NL.IMRO.0772.MP7385479789-00',$,$,#3430,#3447,$,.NOTDEFINED.);
#3449=IFCSTYLEDITEM(#3445,(#1431),$);
#3450=IFCPROPERTYSINGLEVALUE('plan_id',$,IFCTEXT('NL.IMRO.0772.80284-0301'),$);
#3451=IFCPROPERTYSINGLEVALUE('plan_naam',$,IFCTEXT('Strijp-S 2017'),$);
#3452=IFCPROPERTYSINGLEVALUE('plan_dossierstatus',$,IFCTEXT('geheel onherroepelijk in werking'),$);
#3453=IFCPROPERTYSINGLEVALUE('plan_besluitnummer',$,IFCTEXT('17bst01754'),$);
#3454=IFCPROPERTYSINGLEVALUE('maximum bouwhoogte (m)',$,IFCTEXT('17.0'),$);
#3455=IFCPROPERTYSINGLEVALUE('type_aanduiding',$,IFCTEXT('bouwvlak'),$);
#3456=IFCPROPERTYSINGLEVALUE('type_planobject',$,IFCTEXT('maatvoering'),$);
#3457=IFCPROPERTYSINGLEVALUE('id',$,IFCTEXT('NL.IMRO.0772.MP7385479789-00'),$);
#3458=IFCPROPERTYSET('1WbYoKJlP5DxJsTdFlnurt',#5,'CPset_DSO-Maatvoering',$,(#3450,#3451,#3452,#3453,#3454,#3455,#3456,#3457));
#3459=IFCRELDEFINESBYPROPERTIES('1VYADJ19P20hQJJATFWSY5',#5,$,$,(#3448),#3458);
#3460=IFCCARTESIANPOINT((0.,0.,-0.1));
#3461=IFCDIRECTION((0.,0.,1.));
#3462=IFCDIRECTION((1.,0.,0.));
#3463=IFCAXIS2PLACEMENT3D(#3460,#3461,#3462);
#3464=IFCLOCALPLACEMENT(#37,#3463);
#3465=IFCCARTESIANPOINT((0.,0.,0.));
#3466=IFCDIRECTION((0.,0.,1.));
#3467=IFCDIRECTION((1.,0.,0.));
#3468=IFCAXIS2PLACEMENT3D(#3465,#3466,#3467);
#3469=IFCDIRECTION((0.,0.,1.));
#3470=IFCCARTESIANPOINT((1.4237296206411,-217.982549042674));
#3471=IFCCARTESIANPOINT((11.1677826894156,-241.820936182456));
#3472=IFCCARTESIANPOINT((-55.6088099664485,-269.11706886522));
#3473=IFCCARTESIANPOINT((-65.3965010701213,-245.08674212097));
#3474=IFCCARTESIANPOINT((1.4237296206411,-217.982549042674));
#3475=IFCPOLYLINE((#3470,#3471,#3472,#3473,#3474));
#3476=IFCARBITRARYCLOSEDPROFILEDEF(.AREA.,$,#3475);
#3477=IFCEXTRUDEDAREASOLID(#3476,#3468,#3469,24.);
#3478=IFCSHAPEREPRESENTATION(#11,'Body','SweptSolid',(#3477));
#3479=IFCPRODUCTDEFINITIONSHAPE($,$,(#3478));
#3480=IFCSLAB('3T8zPwdbj94PYA380cEVXw',#5,'NL.IMRO.0772.MP1554816589-00',$,$,#3464,#3479,$,.NOTDEFINED.);
#3481=IFCSTYLEDITEM(#3477,(#1431),$);
#3482=IFCPROPERTYSINGLEVALUE('plan_id',$,IFCTEXT('NL.IMRO.0772.80419-0301'),$);
#3483=IFCPROPERTYSINGLEVALUE('plan_naam',$,IFCTEXT('Strijp-S fase 4'),$);
#3484=IFCPROPERTYSINGLEVALUE('plan_dossierstatus',$,IFCTEXT('geheel onherroepelijk in werking'),$);
#3485=IFCPROPERTYSINGLEVALUE('plan_besluitnummer',$,IFCTEXT('23bst01470'),$);
#3486=IFCPROPERTYSINGLEVALUE('maximum bouwhoogte (m)',$,IFCTEXT('24.0'),$);
#3487=IFCPROPERTYSINGLEVALUE('type_aanduiding',$,IFCTEXT('bouwvlak'),$);
#3488=IFCPROPERTYSINGLEVALUE('type_planobject',$,IFCTEXT('maatvoering'),$);
#3489=IFCPROPERTYSINGLEVALUE('id',$,IFCTEXT('NL.IMRO.0772.MP1554816589-00'),$);
#3490=IFCPROPERTYSET('25Pee56xf5Cuee5UqkVZKS',#5,'CPset_DSO-Maatvoering',$,(#3482,#3483,#3484,#3485,#3486,#3487,#3488,#3489));
#3491=IFCRELDEFINESBYPROPERTIES('2ks1oRtm98nwWqN8rstMoa',#5,$,$,(#3480),#3490);
#3492=IFCCARTESIANPOINT((0.,0.,-0.1));
#3493=IFCDIRECTION((0.,0.,1.));
#3494=IFCDIRECTION((1.,0.,0.));
#3495=IFCAXIS2PLACEMENT3D(#3492,#3493,#3494);
#3496=IFCLOCALPLACEMENT(#37,#3495);
#3497=IFCCARTESIANPOINT((0.,0.,0.));
#3498=IFCDIRECTION((0.,0.,1.));
#3499=IFCDIRECTION((1.,0.,0.));
#3500=IFCAXIS2PLACEMENT3D(#3497,#3498,#3499);
#3501=IFCDIRECTION((0.,0.,1.));
#3502=IFCCARTESIANPOINT((1.4237296206411,-217.982549042674));
#3503=IFCCARTESIANPOINT((11.1677826894156,-241.820936182456));
#3504=IFCCARTESIANPOINT((-55.6088099664485,-269.11706886522));
#3505=IFCCARTESIANPOINT((-65.3965010701213,-245.08674212097));
#3506=IFCCARTESIANPOINT((1.4237296206411,-217.982549042674));
#3507=IFCPOLYLINE((#3502,#3503,#3504,#3505,#3506));
#3508=IFCARBITRARYCLOSEDPROFILEDEF(.AREA.,$,#3507);
#3509=IFCEXTRUDEDAREASOLID(#3508,#3500,#3501,24.);
#3510=IFCSHAPEREPRESENTATION(#11,'Body','SweptSolid',(#3509));
#3511=IFCPRODUCTDEFINITIONSHAPE($,$,(#3510));
#3512=IFCSLAB('1zPGiywVT0SO4TPz_imuFx',#5,'NL.IMRO.0772.MP1554816589-00',$,$,#3496,#3511,$,.NOTDEFINED.);
#3513=IFCSTYLEDITEM(#3509,(#1431),$);
#3514=IFCPROPERTYSINGLEVALUE('plan_id',$,IFCTEXT('NL.IMRO.0772.80419-0201'),$);
#3515=IFCPROPERTYSINGLEVALUE('plan_naam',$,IFCTEXT('Strijp-S fase 4'),$);
#3516=IFCPROPERTYSINGLEVALUE('plan_dossierstatus',$,IFCTEXT('geheel onherroepelijk in werking'),$);
#3517=IFCPROPERTYSINGLEVALUE('maximum bouwhoogte (m)',$,IFCTEXT('24.0'),$);
#3518=IFCPROPERTYSINGLEVALUE('type_aanduiding',$,IFCTEXT('bouwvlak'),$);
#3519=IFCPROPERTYSINGLEVALUE('type_planobject',$,IFCTEXT('maatvoering'),$);
#3520=IFCPROPERTYSINGLEVALUE('id',$,IFCTEXT('NL.IMRO.0772.MP1554816589-00'),$);
#3521=IFCPROPERTYSET('2EQtQ_g$zFSh4otmPVum3a',#5,'CPset_DSO-Maatvoering',$,(#3514,#3515,#3516,#3517,#3518,#3519,#3520));
#3522=IFCRELDEFINESBYPROPERTIES('2scmTxP9XDvxkTZVm5peb_',#5,$,$,(#3512),#3521);
#3523=IFCCARTESIANPOINT((0.,0.,-0.1));
#3524=IFCDIRECTION((0.,0.,1.));
#3525=IFCDIRECTION((1.,0.,0.));
#3526=IFCAXIS2PLACEMENT3D(#3523,#3524,#3525);
#3527=IFCLOCALPLACEMENT(#37,#3526);
#3528=IFCCARTESIANPOINT((0.,0.,0.));
#3529=IFCDIRECTION((0.,0.,1.));
#3530=IFCDIRECTION((1.,0.,0.));
#3531=IFCAXIS2PLACEMENT3D(#3528,#3529,#3530);
#3532=IFCDIRECTION((0.,0.,1.));
#3533=IFCCARTESIANPOINT((-18.7143663969473,-178.189785183989));
#3534=IFCCARTESIANPOINT((12.2750152790977,-161.278703732882));
#3535=IFCCARTESIANPOINT((12.5425412465993,-161.132845965854));
#3536=IFCCARTESIANPOINT((13.551959107921,-160.582138899597));
#3537=IFCCARTESIANPOINT((15.0923162377148,-159.741547392565));
#3538=IFCCARTESIANPOINT((15.8909168283863,-161.674310469243));
#3539=IFCCARTESIANPOINT((16.8892912295414,-164.093344471301));
#3540=IFCCARTESIANPOINT((17.7617146598932,-166.206746128737));
#3541=IFCCARTESIANPOINT((29.4098618770076,-194.455759318604));
#3542=IFCCARTESIANPOINT((-71.8000170939195,-235.604902393476));
#3543=IFCCARTESIANPOINT((-79.9864530278428,-215.687721143535));
#3544=IFCCARTESIANPOINT((-82.8193060143967,-208.797538743413));
#3545=IFCCARTESIANPOINT((-83.7555879518331,-206.518193849945));
#3546=IFCCARTESIANPOINT((-65.4012968530587,-199.068015027849));
#3547=IFCCARTESIANPOINT((-60.8483621163468,-197.219448119518));
#3548=IFCCARTESIANPOINT((-45.6411829759891,-191.046245044679));
#3549=IFCCARTESIANPOINT((-32.8668333271344,-185.861226381559));
#3550=IFCCARTESIANPOINT((-32.8592698344437,-185.858188674727));
#3551=IFCCARTESIANPOINT((-32.8516620480514,-185.855097386171));
#3552=IFCCARTESIANPOINT((-32.8441400006122,-185.851935214538));
#3553=IFCCARTESIANPOINT((-32.8365322118916,-185.848843927786));
#3554=IFCCARTESIANPOINT((-32.8290101698949,-185.845681751554));
#3555=IFCCARTESIANPOINT((-32.8214023784676,-185.842590467131));
#3556=IFCCARTESIANPOINT((-32.8138803337933,-185.839428293169));
#3557=IFCCARTESIANPOINT((-32.8063582914474,-185.836266117112));
#3558=IFCCARTESIANPOINT((-32.7988362448523,-185.833103944722));
#3559=IFCCARTESIANPOINT((-32.7913142002944,-185.829941770469));
#3560=IFCCARTESIANPOINT((-32.7837921555329,-185.826779596449));
#3561=IFCCARTESIANPOINT((-32.7762701112952,-185.823617421964));
#3562=IFCCARTESIANPOINT((-32.7687037708529,-185.82040166785));
#3563=IFCCARTESIANPOINT((-32.7611817238503,-185.817239495576));
#3564=IFCCARTESIANPOINT((-32.7536153830588,-185.814023741579));
#3565=IFCCARTESIANPOINT((-32.7461790805974,-185.810790681688));
#3566=IFCCARTESIANPOINT((-32.7386127441423,-185.807574924082));
#3567=IFCCARTESIANPOINT((-32.7311321437301,-185.804288285843));
#3568=IFCCARTESIANPOINT((-32.7236100969312,-185.801126113336));
#3569=IFCCARTESIANPOINT((-32.7161295003898,-185.797839471896));
#3570=IFCCARTESIANPOINT((-32.708648904023,-185.794552830223));
#3571=IFCCARTESIANPOINT((-32.7011683052697,-185.791266190587));
#3572=IFCCARTESIANPOINT((-32.6936019645946,-185.78805043624));
#3573=IFCCARTESIANPOINT((-32.6861213685188,-185.784763794392));
#3574=IFCCARTESIANPOINT((-32.6786407697364,-185.781477154698));
#3575=IFCCARTESIANPOINT((-32.6712459173286,-185.778119625757));
#3576=IFCCARTESIANPOINT((-32.6637653186917,-185.774832985771));
#3577=IFCCARTESIANPOINT((-32.6562847204041,-185.771546345553));
#3578=IFCCARTESIANPOINT((-32.6487598280364,-185.768206123903));
#3579=IFCCARTESIANPOINT((-32.6413649753376,-185.764848595136));
#3580=IFCCARTESIANPOINT((-32.6338400809618,-185.761508375115));
#3581=IFCCARTESIANPOINT((-32.6264452266332,-185.758150847629));
#3582=IFCCARTESIANPOINT((-32.618920334382,-185.754810625745));
#3583=IFCCARTESIANPOINT((-32.6115254775214,-185.751453100296));
#3584=IFCCARTESIANPOINT((-32.6040863296657,-185.748041990912));
#3585=IFCCARTESIANPOINT((-32.596647180937,-185.744630882225));
#3586=IFCCARTESIANPOINT((-32.5892523243092,-185.741273356543));
#3587=IFCCARTESIANPOINT((-32.5817274324072,-185.737933134369));
#3588=IFCCARTESIANPOINT((-32.5743740259495,-185.734451139695));
#3589=IFCCARTESIANPOINT((-32.5669348733791,-185.731040034094));
#3590=IFCCARTESIANPOINT((-32.5594957228459,-185.727628926688));
#3591=IFCCARTESIANPOINT((-32.5520565773768,-185.724217815208));
#3592=IFCCARTESIANPOINT((-32.5447031687072,-185.72073582228));
#3593=IFCCARTESIANPOINT((-32.5372640179412,-185.717324715166));
#3594=IFCCARTESIANPOINT((-32.5297805720184,-185.713860027317));
#3595=IFCCARTESIANPOINT((-32.5224271655607,-185.710378032643));
#3596=IFCCARTESIANPOINT((-32.5150737574149,-185.706896039366));
#3597=IFCCARTESIANPOINT((-32.5075903128309,-185.70343135047));
#3598=IFCCARTESIANPOINT((-32.5002369067806,-185.699949355156));
#3599=IFCCARTESIANPOINT((-32.4928392020811,-185.696413782425));
#3600=IFCCARTESIANPOINT((-32.4854857980099,-185.692931785656));
#3601=IFCCARTESIANPOINT((-32.478088093776,-185.689396212343));
#3602=IFCCARTESIANPOINT((-32.470690391463,-185.685860637517));
#3603=IFCCARTESIANPOINT((-32.4633369876829,-185.682378640457));
#3604=IFCCARTESIANPOINT((-32.4559392810042,-185.678843069298));
#3605=IFCCARTESIANPOINT((-32.4486273207294,-185.675236608658));
#3606=IFCCARTESIANPOINT((-32.4412296208611,-185.671701031795));
#3607=IFCCARTESIANPOINT((-32.4339176606154,-185.668094571214));
#3608=IFCCARTESIANPOINT((-32.4265199607762,-185.664558994235));
#3609=IFCCARTESIANPOINT((-32.4192079982604,-185.660952535458));
#3610=IFCCARTESIANPOINT((-32.4118102980719,-185.657416958769));
#3611=IFCCARTESIANPOINT((-32.4044983359345,-185.65381049976));
#3612=IFCCARTESIANPOINT((-32.3971863780462,-185.650204037142));
#3613=IFCCARTESIANPOINT((-32.3898301233712,-185.646543995186));
#3614=IFCCARTESIANPOINT((-32.3825181654829,-185.642937532684));
#3615=IFCCARTESIANPOINT((-32.3752062054409,-185.639331071754));
#3616=IFCCARTESIANPOINT((-32.36784994966,-185.635671030846));
#3617=IFCCARTESIANPOINT((-32.3605379911896,-185.632064568577));
#3618=IFCCARTESIANPOINT((-32.3532674793969,-185.628333640343));
#3619=IFCCARTESIANPOINT((-32.3459555215086,-185.624727177725));
#3620=IFCCARTESIANPOINT((-32.3385992650583,-185.621067137108));
#3621=IFCCARTESIANPOINT((-32.3313287532364,-185.617336208874));
#3622=IFCCARTESIANPOINT((-32.3241025371535,-185.613658860675));
#3623=IFCCARTESIANPOINT((-32.3167462807032,-185.609998820059));
#3624=IFCCARTESIANPOINT((-32.3094757688523,-185.606267891824));
#3625=IFCCARTESIANPOINT((-32.3022052588931,-185.60253696196));
#3626=IFCCARTESIANPOINT((-32.294934747013,-185.598806033726));
#3627=IFCCARTESIANPOINT((-32.2876642351039,-185.595075105375));
#3628=IFCCARTESIANPOINT((-32.2803937231365,-185.591344177083));
#3629=IFCCARTESIANPOINT((-32.2731232088117,-185.587613250769));
#3630=IFCCARTESIANPOINT((-32.2658526996092,-185.583882320207));
#3631=IFCCARTESIANPOINT((-32.2585821892717,-185.580151390517));
#3632=IFCCARTESIANPOINT((-32.2512673813908,-185.576366882364));
#3633=IFCCARTESIANPOINT((-32.244082609046,-185.572565070412));
#3634=IFCCARTESIANPOINT((-32.2368120996107,-185.568834140024));
#3635=IFCCARTESIANPOINT((-32.2295830355433,-185.564978744544));
#3636=IFCCARTESIANPOINT((-32.2223982654104,-185.561176930671));
#3637=IFCCARTESIANPOINT((-32.215083460178,-185.557392420189));
#3638=IFCCARTESIANPOINT((-32.2078986918787,-185.553590604803));
#3639=IFCCARTESIANPOINT((-32.2006696280441,-185.549735209031));
#3640=IFCCARTESIANPOINT((-32.1934405624343,-185.54587981489));
#3641=IFCCARTESIANPOINT((-32.1862557946879,-185.54207799898));
#3642=IFCCARTESIANPOINT((-32.1790267309116,-185.538222603267));
#3643=IFCCARTESIANPOINT((-32.1717976647487,-185.534367209533));
#3644=IFCCARTESIANPOINT((-32.1645686009724,-185.530511813762));
#3645=IFCCARTESIANPOINT((-32.1574252792343,-185.526585532294));
#3646=IFCCARTESIANPOINT((-32.150196215458,-185.522730136523));
#3647=IFCCARTESIANPOINT((-32.1429671516526,-185.518874740636));
#3648=IFCCARTESIANPOINT((-32.1358238327084,-185.514948457072));
#3649=IFCCARTESIANPOINT((-18.7143663969473,-178.189785183989));
#3650=IFCPOLYLINE((#3533,#3534,#3535,#3536,#3537,#3538,#3539,#3540,#3541,#3542,#3543,#3544,#3545,#3546,#3547,#3548,#3549,#3550,#3551,#3552,#3553,#3554,#3555,#3556,#3557,#3558,#3559,#3560,#3561,#3562,#3563,#3564,#3565,#3566,#3567,#3568,#3569,#3570,#3571,#3572,#3573,#3574,#3575,#3576,#3577,#3578,#3579,#3580,#3581,#3582,#3583,#3584,#3585,#3586,#3587,#3588,#3589,#3590,#3591,#3592,#3593,#3594,#3595,#3596,#3597,#3598,#3599,#3600,#3601,#3602,#3603,#3604,#3605,#3606,#3607,#3608,#3609,#3610,#3611,#3612,#3613,#3614,#3615,#3616,#3617,#3618,#3619,#3620,#3621,#3622,#3623,#3624,#3625,#3626,#3627,#3628,#3629,#3630,#3631,#3632,#3633,#3634,#3635,#3636,#3637,#3638,#3639,#3640,#3641,#3642,#3643,#3644,#3645,#3646,#3647,#3648,#3649));
#3651=IFCARBITRARYCLOSEDPROFILEDEF(.AREA.,$,#3650);
#3652=IFCEXTRUDEDAREASOLID(#3651,#3531,#3532,30.);
#3653=IFCSHAPEREPRESENTATION(#11,'Body','SweptSolid',(#3652));
#3654=IFCPRODUCTDEFINITIONSHAPE($,$,(#3653));
#3655=IFCSLAB('3Qj$Yz7Aj3w8c6CghB7YTe',#5,'NL.IMRO.0772.MP8386346639-00',$,$,#3527,#3654,$,.NOTDEFINED.);
#3656=IFCSTYLEDITEM(#3652,(#1431),$);
#3657=IFCPROPERTYSINGLEVALUE('plan_id',$,IFCTEXT('NL.IMRO.0772.80284-0301'),$);
#3658=IFCPROPERTYSINGLEVALUE('plan_naam',$,IFCTEXT('Strijp-S 2017'),$);
#3659=IFCPROPERTYSINGLEVALUE('plan_dossierstatus',$,IFCTEXT('geheel onherroepelijk in werking'),$);
#3660=IFCPROPERTYSINGLEVALUE('plan_besluitnummer',$,IFCTEXT('17bst01754'),$);
#3661=IFCPROPERTYSINGLEVALUE('maximum bouwhoogte (m)',$,IFCTEXT('30.0'),$);
#3662=IFCPROPERTYSINGLEVALUE('type_aanduiding',$,IFCTEXT('bouwvlak'),$);
#3663=IFCPROPERTYSINGLEVALUE('type_planobject',$,IFCTEXT('maatvoering'),$);
#3664=IFCPROPERTYSINGLEVALUE('id',$,IFCTEXT('NL.IMRO.0772.MP8386346639-00'),$);
#3665=IFCPROPERTYSET('2a0ZkvWiLDUxG79sc84O$i',#5,'CPset_DSO-Maatvoering',$,(#3657,#3658,#3659,#3660,#3661,#3662,#3663,#3664));
#3666=IFCRELDEFINESBYPROPERTIES('2ERftvwoX7V9vHSWpWjroK',#5,$,$,(#3655),#3665);
#3667=IFCCARTESIANPOINT((0.,0.,-0.1));
#3668=IFCDIRECTION((0.,0.,1.));
#3669=IFCDIRECTION((1.,0.,0.));
#3670=IFCAXIS2PLACEMENT3D(#3667,#3668,#3669);
#3671=IFCLOCALPLACEMENT(#37,#3670);
#3672=IFCCARTESIANPOINT((0.,0.,0.));
#3673=IFCDIRECTION((0.,0.,1.));
#3674=IFCDIRECTION((1.,0.,0.));
#3675=IFCAXIS2PLACEMENT3D(#3672,#3673,#3674);
#3676=IFCDIRECTION((0.,0.,1.));
#3677=IFCCARTESIANPOINT((-13.2638107073435,-182.051599866303));
#3678=IFCCARTESIANPOINT((1.4237296206411,-217.982549042674));
#3679=IFCCARTESIANPOINT((-65.3965010701213,-245.08674212097));
#3680=IFCCARTESIANPOINT((-79.2183959088579,-211.151834745484));
#3681=IFCCARTESIANPOINT((-30.6105231273395,-191.420677425631));
#3682=IFCCARTESIANPOINT((-30.596575028525,-191.414980388887));
#3683=IFCCARTESIANPOINT((-30.5826269306708,-191.409283351502));
#3684=IFCCARTESIANPOINT((-30.5686788319435,-191.4035863147));
#3685=IFCCARTESIANPOINT((-30.5547307336819,-191.397889277374));
#3686=IFCCARTESIANPOINT((-30.5407826352457,-191.392192240397));
#3687=IFCCARTESIANPOINT((-30.5267902405758,-191.386441623385));
#3688=IFCCARTESIANPOINT((-30.5128835903888,-191.380620118463));
#3689=IFCCARTESIANPOINT((-30.4990212341363,-191.37485219544));
#3690=IFCCARTESIANPOINT((-30.4850288377784,-191.36910157965));
#3691=IFCCARTESIANPOINT((-30.4711221865145,-191.36328007566));
#3692=IFCCARTESIANPOINT((-30.4572155365313,-191.357458570565));
#3693=IFCCARTESIANPOINT((-30.443350332469,-191.351512599678));
#3694=IFCCARTESIANPOINT((-30.4294436823984,-191.345691094466));
#3695=IFCCARTESIANPOINT((-30.4155370321241,-191.339869589487));
#3696=IFCCARTESIANPOINT((-30.4016718275088,-191.333923619066));
#3697=IFCCARTESIANPOINT((-30.3878066229809,-191.327977648296));
#3698=IFCCARTESIANPOINT((-30.3739857148612,-191.322085257154));
#3699=IFCCARTESIANPOINT((-30.360120512225,-191.316139284812));
#3700=IFCCARTESIANPOINT((-30.3462553058926,-191.310193315614));
#3701=IFCCARTESIANPOINT((-30.3323901010735,-191.30424734496));
#3702=IFCCARTESIANPOINT((-30.3185663449694,-191.298176906363));
#3703=IFCCARTESIANPOINT((-30.304701142566,-191.29223093373));
#3704=IFCCARTESIANPOINT((-30.2908773864328,-191.286160495074));
#3705=IFCCARTESIANPOINT((-30.2770979257766,-191.280143636919));
#3706=IFCCARTESIANPOINT((-30.2632741695561,-191.274073198205));
#3707=IFCCARTESIANPOINT((-30.2494504113856,-191.26800276112));
#3708=IFCCARTESIANPOINT((-30.2356266572897,-191.261932320544));
#3709=IFCCARTESIANPOINT((-30.2218886430201,-191.255790996016));
#3710=IFCCARTESIANPOINT((-30.2080648864212,-191.249720557418));
#3711=IFCCARTESIANPOINT((-30.1943268742471,-191.243579231144));
#3712=IFCCARTESIANPOINT((-30.180588861811,-191.237437904987));
#3713=IFCCARTESIANPOINT((-30.1668065514241,-191.231243000482));
#3714=IFCCARTESIANPOINT((-30.1530242431036,-191.225048094115));
#3715=IFCCARTESIANPOINT((-30.1392862289504,-191.21890676918));
#3716=IFCCARTESIANPOINT((-30.1255896651128,-191.212640975078));
#3717=IFCCARTESIANPOINT((-30.1118073546386,-191.206446070515));
#3718=IFCCARTESIANPOINT((-30.0981107857951,-191.200180280313));
#3719=IFCCARTESIANPOINT((-30.0844142246351,-191.193914483767));
#3720=IFCCARTESIANPOINT((-30.0706733599363,-191.187595113413));
#3721=IFCCARTESIANPOINT((-30.0569767957495,-191.181329319312));
#3722=IFCCARTESIANPOINT((-30.0432802271098,-191.175063528877));
#3723=IFCCARTESIANPOINT((-30.0296251091058,-191.168673268869));
#3724=IFCCARTESIANPOINT((-30.0158842468227,-191.162353896303));
#3725=IFCCARTESIANPOINT((-30.0022291284113,-191.155963636411));
#3726=IFCCARTESIANPOINT((-29.9886183063791,-191.14962695638));
#3727=IFCCARTESIANPOINT((-29.9749188922287,-191.143183116277));
#3728=IFCCARTESIANPOINT((-29.9612637740793,-191.13679285621));
#3729=IFCCARTESIANPOINT((-29.9476086558716,-191.130402596027));
#3730=IFCCARTESIANPOINT((-29.9340392818267,-191.123941448284));
#3731=IFCCARTESIANPOINT((-29.9203398653772,-191.11749760987));
#3732=IFCCARTESIANPOINT((-29.9067704894696,-191.111036463699));
#3733=IFCCARTESIANPOINT((-29.8931568212574,-191.104521734524));
#3734=IFCCARTESIANPOINT((-29.8795431491744,-191.098007008259));
#3735=IFCCARTESIANPOINT((-29.8659294770914,-191.091492282052));
#3736=IFCCARTESIANPOINT((-29.8523158071912,-191.084977553983));
#3737=IFCCARTESIANPOINT((-29.8387878787471,-191.078391940624));
#3738=IFCCARTESIANPOINT((-29.8251742087305,-191.071877212555));
#3739=IFCCARTESIANPOINT((-29.8116462804901,-191.065291599021));
#3740=IFCCARTESIANPOINT((-29.7980740564526,-191.05865240522));
#3741=IFCCARTESIANPOINT((-29.7845461287361,-191.052066791104));
#3742=IFCCARTESIANPOINT((-29.7709739043203,-191.045427597419));
#3743=IFCCARTESIANPOINT((-29.7574016805447,-191.038788403384));
#3744=IFCCARTESIANPOINT((-29.7438737543125,-191.032202787872));
#3745=IFCCARTESIANPOINT((-29.7303872724005,-191.025492707966));
#3746=IFCCARTESIANPOINT((-29.7169007927587,-191.018782626314));
#3747=IFCCARTESIANPOINT((-29.7034143100027,-191.012072547048));
#3748=IFCCARTESIANPOINT((-29.6898835344764,-191.005308885186));
#3749=IFCCARTESIANPOINT((-29.6763970565808,-190.998598801787));
#3750=IFCCARTESIANPOINT((-29.6629105741449,-190.99188872223));
#3751=IFCCARTESIANPOINT((-29.6493797985604,-190.985125060251));
#3752=IFCCARTESIANPOINT((-29.635934764694,-190.978290512809));
#3753=IFCCARTESIANPOINT((-29.6225340263045,-190.971509545634));
#3754=IFCCARTESIANPOINT((-29.6090889945917,-190.964674996387));
#3755=IFCCARTESIANPOINT((-29.5956439606671,-190.957840448769));
#3756=IFCCARTESIANPOINT((-29.5821989291289,-190.951005899115));
#3757=IFCCARTESIANPOINT((-29.5687538951461,-190.944171351497));
#3758=IFCCARTESIANPOINT((-29.555264565075,-190.937283223902));
#3759=IFCCARTESIANPOINT((-29.5419052771467,-190.930377787154));
#3760=IFCCARTESIANPOINT((-29.5285459876177,-190.923472351744));
#3761=IFCCARTESIANPOINT((-29.5151424039796,-190.916513334727));
#3762=IFCCARTESIANPOINT((-29.5017388179258,-190.909554319514));
#3763=IFCCARTESIANPOINT((-29.4883795256319,-190.902648886316));
#3764=IFCCARTESIANPOINT((-29.474975940102,-190.895689870522));
#3765=IFCCARTESIANPOINT((-29.4615723542229,-190.888730855309));
#3766=IFCCARTESIANPOINT((-29.4482545123901,-190.881700952479));
#3767=IFCCARTESIANPOINT((-29.4349366708193,-190.874671049474));
#3768=IFCCARTESIANPOINT((-29.4216188273567,-190.867641147925));
#3769=IFCCARTESIANPOINT((-29.4082566891739,-190.86055766535));
#3770=IFCCARTESIANPOINT((-29.3949388480105,-190.853527761705));
#3771=IFCCARTESIANPOINT((-29.3815767081687,-190.846444280469));
#3772=IFCCARTESIANPOINT((-29.3683446105279,-190.839343490021));
#3773=IFCCARTESIANPOINT((-29.3549824727525,-190.832260006864));
#3774=IFCCARTESIANPOINT((-29.3417060770153,-190.825105638069));
#3775=IFCCARTESIANPOINT((-29.3284296815109,-190.817951268866));
#3776=IFCCARTESIANPOINT((-29.3151532901393,-190.810796896403));
#3777=IFCCARTESIANPOINT((-29.3018768918992,-190.803642529412));
#3778=IFCCARTESIANPOINT((-29.2886862402956,-190.796417272999));
#3779=IFCCARTESIANPOINT((-29.2754098447331,-190.789262903796));
#3780=IFCCARTESIANPOINT((-29.2621748973324,-190.781984067056));
#3781=IFCCARTESIANPOINT((-13.2638107073435,-182.051599866303));
#3782=IFCPOLYLINE((#3677,#3678,#3679,#3680,#3681,#3682,#3683,#3684,#3685,#3686,#3687,#3688,#3689,#3690,#3691,#3692,#3693,#3694,#3695,#3696,#3697,#3698,#3699,#3700,#3701,#3702,#3703,#3704,#3705,#3706,#3707,#3708,#3709,#3710,#3711,#3712,#3713,#3714,#3715,#3716,#3717,#3718,#3719,#3720,#3721,#3722,#3723,#3724,#3725,#3726,#3727,#3728,#3729,#3730,#3731,#3732,#3733,#3734,#3735,#3736,#3737,#3738,#3739,#3740,#3741,#3742,#3743,#3744,#3745,#3746,#3747,#3748,#3749,#3750,#3751,#3752,#3753,#3754,#3755,#3756,#3757,#3758,#3759,#3760,#3761,#3762,#3763,#3764,#3765,#3766,#3767,#3768,#3769,#3770,#3771,#3772,#3773,#3774,#3775,#3776,#3777,#3778,#3779,#3780,#3781));
#3783=IFCARBITRARYCLOSEDPROFILEDEF(.AREA.,$,#3782);
#3784=IFCEXTRUDEDAREASOLID(#3783,#3675,#3676,30.);
#3785=IFCSHAPEREPRESENTATION(#11,'Body','SweptSolid',(#3784));
#3786=IFCPRODUCTDEFINITIONSHAPE($,$,(#3785));
#3787=IFCSLAB('3fKrmQi_rCaeRBKJtxzyUa',#5,'NL.IMRO.0772.MP3554816596-00',$,$,#3671,#3786,$,.NOTDEFINED.);
#3788=IFCSTYLEDITEM(#3784,(#1431),$);
#3789=IFCPROPERTYSINGLEVALUE('plan_id',$,IFCTEXT('NL.IMRO.0772.80419-0201'),$);
#3790=IFCPROPERTYSINGLEVALUE('plan_naam',$,IFCTEXT('Strijp-S fase 4'),$);
#3791=IFCPROPERTYSINGLEVALUE('plan_dossierstatus',$,IFCTEXT('geheel onherroepelijk in werking'),$);
#3792=IFCPROPERTYSINGLEVALUE('maximum bouwhoogte (m)',$,IFCTEXT('30.0'),$);
#3793=IFCPROPERTYSINGLEVALUE('type_aanduiding',$,IFCTEXT('bouwvlak'),$);
#3794=IFCPROPERTYSINGLEVALUE('type_planobject',$,IFCTEXT('maatvoering'),$);
#3795=IFCPROPERTYSINGLEVALUE('id',$,IFCTEXT('NL.IMRO.0772.MP3554816596-00'),$);
#3796=IFCPROPERTYSET('3qNuGc9SfBJ8w219Fy6DR3',#5,'CPset_DSO-Maatvoering',$,(#3789,#3790,#3791,#3792,#3793,#3794,#3795));
#3797=IFCRELDEFINESBYPROPERTIES('0Z_g2ijqXAb9OIJZIHR8aa',#5,$,$,(#3787),#3796);
#3798=IFCCARTESIANPOINT((0.,0.,-0.1));
#3799=IFCDIRECTION((0.,0.,1.));
#3800=IFCDIRECTION((1.,0.,0.));
#3801=IFCAXIS2PLACEMENT3D(#3798,#3799,#3800);
#3802=IFCLOCALPLACEMENT(#37,#3801);
#3803=IFCCARTESIANPOINT((0.,0.,0.));
#3804=IFCDIRECTION((0.,0.,1.));
#3805=IFCDIRECTION((1.,0.,0.));
#3806=IFCAXIS2PLACEMENT3D(#3803,#3804,#3805);
#3807=IFCDIRECTION((0.,0.,1.));
#3808=IFCCARTESIANPOINT((-13.2638107073435,-182.051599866303));
#3809=IFCCARTESIANPOINT((1.4237296206411,-217.982549042674));
#3810=IFCCARTESIANPOINT((-65.3965010701213,-245.08674212097));
#3811=IFCCARTESIANPOINT((-79.2183959088579,-211.151834745484));
#3812=IFCCARTESIANPOINT((-30.6105231273395,-191.420677425631));
#3813=IFCCARTESIANPOINT((-30.596575028525,-191.414980388887));
#3814=IFCCARTESIANPOINT((-30.5826269306708,-191.409283351502));
#3815=IFCCARTESIANPOINT((-30.5686788319435,-191.4035863147));
#3816=IFCCARTESIANPOINT((-30.5547307336819,-191.397889277374));
#3817=IFCCARTESIANPOINT((-30.5407826352457,-191.392192240397));
#3818=IFCCARTESIANPOINT((-30.5267902405758,-191.386441623385));
#3819=IFCCARTESIANPOINT((-30.5128835903888,-191.380620118463));
#3820=IFCCARTESIANPOINT((-30.4990212341363,-191.37485219544));
#3821=IFCCARTESIANPOINT((-30.4850288377784,-191.36910157965));
#3822=IFCCARTESIANPOINT((-30.4711221865145,-191.36328007566));
#3823=IFCCARTESIANPOINT((-30.4572155365313,-191.357458570565));
#3824=IFCCARTESIANPOINT((-30.443350332469,-191.351512599678));
#3825=IFCCARTESIANPOINT((-30.4294436823984,-191.345691094466));
#3826=IFCCARTESIANPOINT((-30.4155370321241,-191.339869589487));
#3827=IFCCARTESIANPOINT((-30.4016718275088,-191.333923619066));
#3828=IFCCARTESIANPOINT((-30.3878066229809,-191.327977648296));
#3829=IFCCARTESIANPOINT((-30.3739857148612,-191.322085257154));
#3830=IFCCARTESIANPOINT((-30.360120512225,-191.316139284812));
#3831=IFCCARTESIANPOINT((-30.3462553058926,-191.310193315614));
#3832=IFCCARTESIANPOINT((-30.3323901010735,-191.30424734496));
#3833=IFCCARTESIANPOINT((-30.3185663449694,-191.298176906363));
#3834=IFCCARTESIANPOINT((-30.304701142566,-191.29223093373));
#3835=IFCCARTESIANPOINT((-30.2908773864328,-191.286160495074));
#3836=IFCCARTESIANPOINT((-30.2770979257766,-191.280143636919));
#3837=IFCCARTESIANPOINT((-30.2632741695561,-191.274073198205));
#3838=IFCCARTESIANPOINT((-30.2494504113856,-191.26800276112));
#3839=IFCCARTESIANPOINT((-30.2356266572897,-191.261932320544));
#3840=IFCCARTESIANPOINT((-30.2218886430201,-191.255790996016));
#3841=IFCCARTESIANPOINT((-30.2080648864212,-191.249720557418));
#3842=IFCCARTESIANPOINT((-30.1943268742471,-191.243579231144));
#3843=IFCCARTESIANPOINT((-30.180588861811,-191.237437904987));
#3844=IFCCARTESIANPOINT((-30.1668065514241,-191.231243000482));
#3845=IFCCARTESIANPOINT((-30.1530242431036,-191.225048094115));
#3846=IFCCARTESIANPOINT((-30.1392862289504,-191.21890676918));
#3847=IFCCARTESIANPOINT((-30.1255896651128,-191.212640975078));
#3848=IFCCARTESIANPOINT((-30.1118073546386,-191.206446070515));
#3849=IFCCARTESIANPOINT((-30.0981107857951,-191.200180280313));
#3850=IFCCARTESIANPOINT((-30.0844142246351,-191.193914483767));
#3851=IFCCARTESIANPOINT((-30.0706733599363,-191.187595113413));
#3852=IFCCARTESIANPOINT((-30.0569767957495,-191.181329319312));
#3853=IFCCARTESIANPOINT((-30.0432802271098,-191.175063528877));
#3854=IFCCARTESIANPOINT((-30.0296251091058,-191.168673268869));
#3855=IFCCARTESIANPOINT((-30.0158842468227,-191.162353896303));
#3856=IFCCARTESIANPOINT((-30.0022291284113,-191.155963636411));
#3857=IFCCARTESIANPOINT((-29.9886183063791,-191.14962695638));
#3858=IFCCARTESIANPOINT((-29.9749188922287,-191.143183116277));
#3859=IFCCARTESIANPOINT((-29.9612637740793,-191.13679285621));
#3860=IFCCARTESIANPOINT((-29.9476086558716,-191.130402596027));
#3861=IFCCARTESIANPOINT((-29.9340392818267,-191.123941448284));
#3862=IFCCARTESIANPOINT((-29.9203398653772,-191.11749760987));
#3863=IFCCARTESIANPOINT((-29.9067704894696,-191.111036463699));
#3864=IFCCARTESIANPOINT((-29.8931568212574,-191.104521734524));
#3865=IFCCARTESIANPOINT((-29.8795431491744,-191.098007008259));
#3866=IFCCARTESIANPOINT((-29.8659294770914,-191.091492282052));
#3867=IFCCARTESIANPOINT((-29.8523158071912,-191.084977553983));
#3868=IFCCARTESIANPOINT((-29.8387878787471,-191.078391940624));
#3869=IFCCARTESIANPOINT((-29.8251742087305,-191.071877212555));
#3870=IFCCARTESIANPOINT((-29.8116462804901,-191.065291599021));
#3871=IFCCARTESIANPOINT((-29.7980740564526,-191.05865240522));
#3872=IFCCARTESIANPOINT((-29.7845461287361,-191.052066791104));
#3873=IFCCARTESIANPOINT((-29.7709739043203,-191.045427597419));
#3874=IFCCARTESIANPOINT((-29.7574016805447,-191.038788403384));
#3875=IFCCARTESIANPOINT((-29.7438737543125,-191.032202787872));
#3876=IFCCARTESIANPOINT((-29.7303872724005,-191.025492707966));
#3877=IFCCARTESIANPOINT((-29.7169007927587,-191.018782626314));
#3878=IFCCARTESIANPOINT((-29.7034143100027,-191.012072547048));
#3879=IFCCARTESIANPOINT((-29.6898835344764,-191.005308885186));
#3880=IFCCARTESIANPOINT((-29.6763970565808,-190.998598801787));
#3881=IFCCARTESIANPOINT((-29.6629105741449,-190.99188872223));
#3882=IFCCARTESIANPOINT((-29.6493797985604,-190.985125060251));
#3883=IFCCARTESIANPOINT((-29.635934764694,-190.978290512809));
#3884=IFCCARTESIANPOINT((-29.6225340263045,-190.971509545634));
#3885=IFCCARTESIANPOINT((-29.6090889945917,-190.964674996387));
#3886=IFCCARTESIANPOINT((-29.5956439606671,-190.957840448769));
#3887=IFCCARTESIANPOINT((-29.5821989291289,-190.951005899115));
#3888=IFCCARTESIANPOINT((-29.5687538951461,-190.944171351497));
#3889=IFCCARTESIANPOINT((-29.555264565075,-190.937283223902));
#3890=IFCCARTESIANPOINT((-29.5419052771467,-190.930377787154));
#3891=IFCCARTESIANPOINT((-29.5285459876177,-190.923472351744));
#3892=IFCCARTESIANPOINT((-29.5151424039796,-190.916513334727));
#3893=IFCCARTESIANPOINT((-29.5017388179258,-190.909554319514));
#3894=IFCCARTESIANPOINT((-29.4883795256319,-190.902648886316));
#3895=IFCCARTESIANPOINT((-29.474975940102,-190.895689870522));
#3896=IFCCARTESIANPOINT((-29.4615723542229,-190.888730855309));
#3897=IFCCARTESIANPOINT((-29.4482545123901,-190.881700952479));
#3898=IFCCARTESIANPOINT((-29.4349366708193,-190.874671049474));
#3899=IFCCARTESIANPOINT((-29.4216188273567,-190.867641147925));
#3900=IFCCARTESIANPOINT((-29.4082566891739,-190.86055766535));
#3901=IFCCARTESIANPOINT((-29.3949388480105,-190.853527761705));
#3902=IFCCARTESIANPOINT((-29.3815767081687,-190.846444280469));
#3903=IFCCARTESIANPOINT((-29.3683446105279,-190.839343490021));
#3904=IFCCARTESIANPOINT((-29.3549824727525,-190.832260006864));
#3905=IFCCARTESIANPOINT((-29.3417060770153,-190.825105638069));
#3906=IFCCARTESIANPOINT((-29.3284296815109,-190.817951268866));
#3907=IFCCARTESIANPOINT((-29.3151532901393,-190.810796896403));
#3908=IFCCARTESIANPOINT((-29.3018768918992,-190.803642529412));
#3909=IFCCARTESIANPOINT((-29.2886862402956,-190.796417272999));
#3910=IFCCARTESIANPOINT((-29.2754098447331,-190.789262903796));
#3911=IFCCARTESIANPOINT((-29.2621748973324,-190.781984067056));
#3912=IFCCARTESIANPOINT((-13.2638107073435,-182.051599866303));
#3913=IFCPOLYLINE((#3808,#3809,#3810,#3811,#3812,#3813,#3814,#3815,#3816,#3817,#3818,#3819,#3820,#3821,#3822,#3823,#3824,#3825,#3826,#3827,#3828,#3829,#3830,#3831,#3832,#3833,#3834,#3835,#3836,#3837,#3838,#3839,#3840,#3841,#3842,#3843,#3844,#3845,#3846,#3847,#3848,#3849,#3850,#3851,#3852,#3853,#3854,#3855,#3856,#3857,#3858,#3859,#3860,#3861,#3862,#3863,#3864,#3865,#3866,#3867,#3868,#3869,#3870,#3871,#3872,#3873,#3874,#3875,#3876,#3877,#3878,#3879,#3880,#3881,#3882,#3883,#3884,#3885,#3886,#3887,#3888,#3889,#3890,#3891,#3892,#3893,#3894,#3895,#3896,#3897,#3898,#3899,#3900,#3901,#3902,#3903,#3904,#3905,#3906,#3907,#3908,#3909,#3910,#3911,#3912));
#3914=IFCARBITRARYCLOSEDPROFILEDEF(.AREA.,$,#3913);
#3915=IFCEXTRUDEDAREASOLID(#3914,#3806,#3807,30.);
#3916=IFCSHAPEREPRESENTATION(#11,'Body','SweptSolid',(#3915));
#3917=IFCPRODUCTDEFINITIONSHAPE($,$,(#3916));
#3918=IFCSLAB('29pminGNPCCxEroJe9JMH5',#5,'NL.IMRO.0772.MP3554816596-00',$,$,#3802,#3917,$,.NOTDEFINED.);
#3919=IFCSTYLEDITEM(#3915,(#1431),$);
#3920=IFCPROPERTYSINGLEVALUE('plan_id',$,IFCTEXT('NL.IMRO.0772.80419-0301'),$);
#3921=IFCPROPERTYSINGLEVALUE('plan_naam',$,IFCTEXT('Strijp-S fase 4'),$);
#3922=IFCPROPERTYSINGLEVALUE('plan_dossierstatus',$,IFCTEXT('geheel onherroepelijk in werking'),$);
#3923=IFCPROPERTYSINGLEVALUE('plan_besluitnummer',$,IFCTEXT('23bst01470'),$);
#3924=IFCPROPERTYSINGLEVALUE('maximum bouwhoogte (m)',$,IFCTEXT('30.0'),$);
#3925=IFCPROPERTYSINGLEVALUE('type_aanduiding',$,IFCTEXT('bouwvlak'),$);
#3926=IFCPROPERTYSINGLEVALUE('type_planobject',$,IFCTEXT('maatvoering'),$);
#3927=IFCPROPERTYSINGLEVALUE('id',$,IFCTEXT('NL.IMRO.0772.MP3554816596-00'),$);
#3928=IFCPROPERTYSET('0eiQJQRhfBXv0HF_Du_aft',#5,'CPset_DSO-Maatvoering',$,(#3920,#3921,#3922,#3923,#3924,#3925,#3926,#3927));
#3929=IFCRELDEFINESBYPROPERTIES('1z_ObfzujA09FzOxSS5riY',#5,$,$,(#3918),#3928);
#3930=IFCCARTESIANPOINT((0.,0.,-0.1));
#3931=IFCDIRECTION((0.,0.,1.));
#3932=IFCDIRECTION((1.,0.,0.));
#3933=IFCAXIS2PLACEMENT3D(#3930,#3931,#3932);
#3934=IFCLOCALPLACEMENT(#37,#3933);
#3935=IFCCARTESIANPOINT((0.,0.,0.));
#3936=IFCDIRECTION((0.,0.,1.));
#3937=IFCDIRECTION((1.,0.,0.));
#3938=IFCAXIS2PLACEMENT3D(#3935,#3936,#3937);
#3939=IFCDIRECTION((0.,0.,1.));
#3940=IFCCARTESIANPOINT((-94.9405909167544,-245.012971317978));
#3941=IFCCARTESIANPOINT((-94.3465503874177,-246.480171115312));
#3942=IFCCARTESIANPOINT((-95.7307491489628,-245.333555727499));
#3943=IFCCARTESIANPOINT((-94.9405909167544,-245.012971317978));
#3944=IFCPOLYLINE((#3940,#3941,#3942,#3943));
#3945=IFCARBITRARYCLOSEDPROFILEDEF(.AREA.,$,#3944);
#3946=IFCEXTRUDEDAREASOLID(#3945,#3938,#3939,17.);
#3947=IFCSHAPEREPRESENTATION(#11,'Body','SweptSolid',(#3946));
#3948=IFCPRODUCTDEFINITIONSHAPE($,$,(#3947));
#3949=IFCSLAB('2KhnF4$CX3VhAsVPjgbiCe',#5,'NL.IMRO.0772.MP76384270515-00',$,$,#3934,#3948,$,.NOTDEFINED.);
#3950=IFCSTYLEDITEM(#3946,(#1431),$);
#3951=IFCPROPERTYSINGLEVALUE('plan_id',$,IFCTEXT('NL.IMRO.0772.80284-0301'),$);
#3952=IFCPROPERTYSINGLEVALUE('plan_naam',$,IFCTEXT('Strijp-S 2017'),$);
#3953=IFCPROPERTYSINGLEVALUE('plan_dossierstatus',$,IFCTEXT('geheel onherroepelijk in werking'),$);
#3954=IFCPROPERTYSINGLEVALUE('plan_besluitnummer',$,IFCTEXT('17bst01754'),$);
#3955=IFCPROPERTYSINGLEVALUE('maximum bouwhoogte (m)',$,IFCTEXT('17.0'),$);
#3956=IFCPROPERTYSINGLEVALUE('type_aanduiding',$,IFCTEXT('bouwvlak'),$);
#3957=IFCPROPERTYSINGLEVALUE('type_planobject',$,IFCTEXT('maatvoering'),$);
#3958=IFCPROPERTYSINGLEVALUE('id',$,IFCTEXT('NL.IMRO.0772.MP76384270515-00'),$);
#3959=IFCPROPERTYSET('2J9RnmGo1Fpxtf46Yx7yFt',#5,'CPset_DSO-Maatvoering',$,(#3951,#3952,#3953,#3954,#3955,#3956,#3957,#3958));
#3960=IFCRELDEFINESBYPROPERTIES('3Zjksl9iH839rzfFfFbzmh',#5,$,$,(#3949),#3959);
#3961=IFCCARTESIANPOINT((0.,0.,-0.1));
#3962=IFCDIRECTION((0.,0.,1.));
#3963=IFCDIRECTION((1.,0.,0.));
#3964=IFCAXIS2PLACEMENT3D(#3961,#3962,#3963);
#3965=IFCLOCALPLACEMENT(#37,#3964);
#3966=IFCCARTESIANPOINT((0.,0.,0.));
#3967=IFCDIRECTION((0.,0.,1.));
#3968=IFCDIRECTION((1.,0.,0.));
#3969=IFCAXIS2PLACEMENT3D(#3966,#3967,#3968);
#3970=IFCDIRECTION((0.,0.,1.));
#3971=IFCCARTESIANPOINT((-52.7983451112814,-166.312257006241));
#3972=IFCCARTESIANPOINT((-51.4729903001862,-169.565651046054));
#3973=IFCCARTESIANPOINT((-48.7546028339129,-176.235015524959));
#3974=IFCCARTESIANPOINT((-48.6041442466376,-176.605110787845));
#3975=IFCCARTESIANPOINT((-46.6519638666068,-181.451651701704));
#3976=IFCCARTESIANPOINT((-46.7600946309685,-181.495843574696));
#3977=IFCCARTESIANPOINT((-53.5335450208804,-184.247499433171));
#3978=IFCCARTESIANPOINT((-53.8662566180574,-183.412198523409));
#3979=IFCCARTESIANPOINT((-56.5428157752322,-184.503712892358));
#3980=IFCCARTESIANPOINT((-55.5807563557464,-186.861539223581));
#3981=IFCCARTESIANPOINT((-55.5246705984464,-187.01317164331));
#3982=IFCCARTESIANPOINT((-55.3077336920833,-187.599326745956));
#3983=IFCCARTESIANPOINT((-55.8922498561442,-187.863038248848));
#3984=IFCCARTESIANPOINT((-56.0353698763356,-187.927552597132));
#3985=IFCCARTESIANPOINT((-79.3225141418807,-197.385595578526));
#3986=IFCCARTESIANPOINT((-79.8745616008819,-197.610029696196));
#3987=IFCCARTESIANPOINT((-80.1000658848498,-197.054493300326));
#3988=IFCCARTESIANPOINT((-82.7607009070634,-190.500386623258));
#3989=IFCCARTESIANPOINT((-89.2605261605058,-193.126866126433));
#3990=IFCCARTESIANPOINT((-92.1248645446904,-186.158646257303));
#3991=IFCCARTESIANPOINT((-85.6012219848635,-183.536350490816));
#3992=IFCCARTESIANPOINT((-100.456362773344,-146.962698631105));
#3993=IFCCARTESIANPOINT((-100.700176686893,-146.362085739267));
#3994=IFCCARTESIANPOINT((-100.148798027571,-146.13845633826));
#3995=IFCCARTESIANPOINT((-76.135683378001,-136.409191310056));
#3996=IFCCARTESIANPOINT((-75.9114402234263,-136.959797269199));
#3997=IFCCARTESIANPOINT((-62.3653500570799,-170.203902883513));
#3998=IFCCARTESIANPOINT((-52.9255350501917,-166.363963478885));
#3999=IFCCARTESIANPOINT((-52.7983451112814,-166.312257006241));
#4000=IFCPOLYLINE((#3971,#3972,#3973,#3974,#3975,#3976,#3977,#3978,#3979,#3980,#3981,#3982,#3983,#3984,#3985,#3986,#3987,#3988,#3989,#3990,#3991,#3992,#3993,#3994,#3995,#3996,#3997,#3998,#3999));
#4001=IFCARBITRARYCLOSEDPROFILEDEF(.AREA.,$,#4000);
#4002=IFCEXTRUDEDAREASOLID(#4001,#3969,#3970,50.);
#4003=IFCSHAPEREPRESENTATION(#11,'Body','SweptSolid',(#4002));
#4004=IFCPRODUCTDEFINITIONSHAPE($,$,(#4003));
#4005=IFCSLAB('0$bFjqFpT62xLCKKEQ1Xax',#5,'NL.IMRO.0772.MP77530980561-00',$,$,#3965,#4004,$,.NOTDEFINED.);
#4006=IFCSTYLEDITEM(#4002,(#1431),$);
#4007=IFCPROPERTYSINGLEVALUE('plan_id',$,IFCTEXT('NL.IMRO.0772.80419-0301'),$);
#4008=IFCPROPERTYSINGLEVALUE('plan_naam',$,IFCTEXT('Strijp-S fase 4'),$);
#4009=IFCPROPERTYSINGLEVALUE('plan_dossierstatus',$,IFCTEXT('geheel onherroepelijk in werking'),$);
#4010=IFCPROPERTYSINGLEVALUE('plan_besluitnummer',$,IFCTEXT('23bst01470'),$);
#4011=IFCPROPERTYSINGLEVALUE('maximum bouwhoogte (m)',$,IFCTEXT('50.0'),$);
#4012=IFCPROPERTYSINGLEVALUE('type_aanduiding',$,IFCTEXT('bouwvlak'),$);
#4013=IFCPROPERTYSINGLEVALUE('type_planobject',$,IFCTEXT('maatvoering'),$);
#4014=IFCPROPERTYSINGLEVALUE('id',$,IFCTEXT('NL.IMRO.0772.MP77530980561-00'),$);
#4015=IFCPROPERTYSET('1PyjMls4b6lhBOVus6RrBf',#5,'CPset_DSO-Maatvoering',$,(#4007,#4008,#4009,#4010,#4011,#4012,#4013,#4014));
#4016=IFCRELDEFINESBYPROPERTIES('0eKQjcNuH4pwemLGEq9XO4',#5,$,$,(#4005),#4015);
#4017=IFCCARTESIANPOINT((0.,0.,-0.1));
#4018=IFCDIRECTION((0.,0.,1.));
#4019=IFCDIRECTION((1.,0.,0.));
#4020=IFCAXIS2PLACEMENT3D(#4017,#4018,#4019);
#4021=IFCLOCALPLACEMENT(#37,#4020);
#4022=IFCCARTESIANPOINT((0.,0.,0.));
#4023=IFCDIRECTION((0.,0.,1.));
#4024=IFCDIRECTION((1.,0.,0.));
#4025=IFCAXIS2PLACEMENT3D(#4022,#4023,#4024);
#4026=IFCDIRECTION((0.,0.,1.));
#4027=IFCCARTESIANPOINT((-52.7983451112814,-166.312257006241));
#4028=IFCCARTESIANPOINT((-51.4729903001862,-169.565651046054));
#4029=IFCCARTESIANPOINT((-48.7546028339129,-176.235015524959));
#4030=IFCCARTESIANPOINT((-48.6041442466376,-176.605110787845));
#4031=IFCCARTESIANPOINT((-46.6519638666068,-181.451651701704));
#4032=IFCCARTESIANPOINT((-46.7600946309685,-181.495843574696));
#4033=IFCCARTESIANPOINT((-53.5335450208804,-184.247499433171));
#4034=IFCCARTESIANPOINT((-53.8662566180574,-183.412198523409));
#4035=IFCCARTESIANPOINT((-56.5428157752322,-184.503712892358));
#4036=IFCCARTESIANPOINT((-55.5807563557464,-186.861539223581));
#4037=IFCCARTESIANPOINT((-55.5246705984464,-187.01317164331));
#4038=IFCCARTESIANPOINT((-55.3077336920833,-187.599326745956));
#4039=IFCCARTESIANPOINT((-55.8922498561442,-187.863038248848));
#4040=IFCCARTESIANPOINT((-56.0353698763356,-187.927552597132));
#4041=IFCCARTESIANPOINT((-79.3225141418807,-197.385595578526));
#4042=IFCCARTESIANPOINT((-79.8745616008819,-197.610029696196));
#4043=IFCCARTESIANPOINT((-80.1000658848498,-197.054493300326));
#4044=IFCCARTESIANPOINT((-82.7607009070634,-190.500386623258));
#4045=IFCCARTESIANPOINT((-89.2605261605058,-193.126866126433));
#4046=IFCCARTESIANPOINT((-92.1248645446904,-186.158646257303));
#4047=IFCCARTESIANPOINT((-85.6012219848635,-183.536350490816));
#4048=IFCCARTESIANPOINT((-100.456362773344,-146.962698631105));
#4049=IFCCARTESIANPOINT((-100.700176686893,-146.362085739267));
#4050=IFCCARTESIANPOINT((-100.148798027571,-146.13845633826));
#4051=IFCCARTESIANPOINT((-76.135683378001,-136.409191310056));
#4052=IFCCARTESIANPOINT((-75.9114402234263,-136.959797269199));
#4053=IFCCARTESIANPOINT((-62.3653500570799,-170.203902883513));
#4054=IFCCARTESIANPOINT((-52.9255350501917,-166.363963478885));
#4055=IFCCARTESIANPOINT((-52.7983451112814,-166.312257006241));
#4056=IFCPOLYLINE((#4027,#4028,#4029,#4030,#4031,#4032,#4033,#4034,#4035,#4036,#4037,#4038,#4039,#4040,#4041,#4042,#4043,#4044,#4045,#4046,#4047,#4048,#4049,#4050,#4051,#4052,#4053,#4054,#4055));
#4057=IFCARBITRARYCLOSEDPROFILEDEF(.AREA.,$,#4056);
#4058=IFCEXTRUDEDAREASOLID(#4057,#4025,#4026,50.);
#4059=IFCSHAPEREPRESENTATION(#11,'Body','SweptSolid',(#4058));
#4060=IFCPRODUCTDEFINITIONSHAPE($,$,(#4059));
#4061=IFCSLAB('3B80uVLbrAl9LKp8bi5W0U',#5,'NL.IMRO.0772.MP77530980561-00',$,$,#4021,#4060,$,.NOTDEFINED.);
#4062=IFCSTYLEDITEM(#4058,(#1431),$);
#4063=IFCPROPERTYSINGLEVALUE('plan_id',$,IFCTEXT('NL.IMRO.0772.80419-0201'),$);
#4064=IFCPROPERTYSINGLEVALUE('plan_naam',$,IFCTEXT('Strijp-S fase 4'),$);
#4065=IFCPROPERTYSINGLEVALUE('plan_dossierstatus',$,IFCTEXT('geheel onherroepelijk in werking'),$);
#4066=IFCPROPERTYSINGLEVALUE('maximum bouwhoogte (m)',$,IFCTEXT('50.0'),$);
#4067=IFCPROPERTYSINGLEVALUE('type_aanduiding',$,IFCTEXT('bouwvlak'),$);
#4068=IFCPROPERTYSINGLEVALUE('type_planobject',$,IFCTEXT('maatvoering'),$);
#4069=IFCPROPERTYSINGLEVALUE('id',$,IFCTEXT('NL.IMRO.0772.MP77530980561-00'),$);
#4070=IFCPROPERTYSET('0AlTHqH618LR7_uq86MxoX',#5,'CPset_DSO-Maatvoering',$,(#4063,#4064,#4065,#4066,#4067,#4068,#4069));
#4071=IFCRELDEFINESBYPROPERTIES('2E$7xoG1LEewjIEcdYpin6',#5,$,$,(#4061),#4070);
#4072=IFCCARTESIANPOINT((0.,0.,-0.1));
#4073=IFCDIRECTION((0.,0.,1.));
#4074=IFCDIRECTION((1.,0.,0.));
#4075=IFCAXIS2PLACEMENT3D(#4072,#4073,#4074);
#4076=IFCLOCALPLACEMENT(#37,#4075);
#4077=IFCCARTESIANPOINT((0.,0.,0.));
#4078=IFCDIRECTION((0.,0.,1.));
#4079=IFCDIRECTION((1.,0.,0.));
#4080=IFCAXIS2PLACEMENT3D(#4077,#4078,#4079);
#4081=IFCDIRECTION((0.,0.,1.));
#4082=IFCCARTESIANPOINT((-87.6943490064004,-139.027619528468));
#4083=IFCCARTESIANPOINT((-67.2985998096119,-130.733714352071));
#4084=IFCCARTESIANPOINT((-45.5738607169769,-184.039269951347));
#4085=IFCCARTESIANPOINT((-64.9277657985513,-191.909326434252));
#4086=IFCCARTESIANPOINT((-84.281635097519,-199.779409437557));
#4087=IFCCARTESIANPOINT((-86.2046675396559,-200.561472883623));
#4088=IFCCARTESIANPOINT((-108.08948435224,-147.320665827312));
#4089=IFCCARTESIANPOINT((-87.6943490064004,-139.027619528468));
#4090=IFCPOLYLINE((#4082,#4083,#4084,#4085,#4086,#4087,#4088,#4089));
#4091=IFCARBITRARYCLOSEDPROFILEDEF(.AREA.,$,#4090);
#4092=IFCEXTRUDEDAREASOLID(#4091,#4080,#4081,50.);
#4093=IFCSHAPEREPRESENTATION(#11,'Body','SweptSolid',(#4092));
#4094=IFCPRODUCTDEFINITIONSHAPE($,$,(#4093));
#4095=IFCSLAB('0jPuSXBKvDEAnLjmiHBmfn',#5,'NL.IMRO.0772.MP78384270633-00',$,$,#4076,#4094,$,.NOTDEFINED.);
#4096=IFCSTYLEDITEM(#4092,(#1431),$);
#4097=IFCPROPERTYSINGLEVALUE('plan_id',$,IFCTEXT('NL.IMRO.0772.80284-0301'),$);
#4098=IFCPROPERTYSINGLEVALUE('plan_naam',$,IFCTEXT('Strijp-S 2017'),$);
#4099=IFCPROPERTYSINGLEVALUE('plan_dossierstatus',$,IFCTEXT('geheel onherroepelijk in werking'),$);
#4100=IFCPROPERTYSINGLEVALUE('plan_besluitnummer',$,IFCTEXT('17bst01754'),$);
#4101=IFCPROPERTYSINGLEVALUE('maximum bouwhoogte (m)',$,IFCTEXT('50.0'),$);
#4102=IFCPROPERTYSINGLEVALUE('type_aanduiding',$,IFCTEXT('bouwvlak'),$);
#4103=IFCPROPERTYSINGLEVALUE('type_planobject',$,IFCTEXT('maatvoering'),$);
#4104=IFCPROPERTYSINGLEVALUE('id',$,IFCTEXT('NL.IMRO.0772.MP78384270633-00'),$);
#4105=IFCPROPERTYSET('34R2vylGvAVQAQQOF8A_0r',#5,'CPset_DSO-Maatvoering',$,(#4097,#4098,#4099,#4100,#4101,#4102,#4103,#4104));
#4106=IFCRELDEFINESBYPROPERTIES('3WcL3Kxiv41x9$mj4QtWYh',#5,$,$,(#4095),#4105);
#4107=IFCCARTESIANPOINT((0.,0.,-0.1));
#4108=IFCDIRECTION((0.,0.,1.));
#4109=IFCDIRECTION((1.,0.,0.));
#4110=IFCAXIS2PLACEMENT3D(#4107,#4108,#4109);
#4111=IFCLOCALPLACEMENT(#37,#4110);
#4112=IFCCARTESIANPOINT((0.,0.,0.));
#4113=IFCDIRECTION((0.,0.,1.));
#4114=IFCDIRECTION((1.,0.,0.));
#4115=IFCAXIS2PLACEMENT3D(#4112,#4113,#4114);
#4116=IFCDIRECTION((0.,0.,1.));
#4117=IFCCARTESIANPOINT((147.55921214816,22.9675055681146));
#4118=IFCCARTESIANPOINT((147.670896131836,58.6222708247951));
#4119=IFCCARTESIANPOINT((147.7547633957,85.736209877592));
#4120=IFCCARTESIANPOINT((162.247865435522,85.7992317561875));
#4121=IFCCARTESIANPOINT((215.090571899695,86.0284655977157));
#4122=IFCCARTESIANPOINT((215.097329249082,79.7301939546014));
#4123=IFCCARTESIANPOINT((215.106893023156,71.7298494481365));
#4124=IFCCARTESIANPOINT((215.106916384626,41.0286203448777));
#4125=IFCCARTESIANPOINT((214.583441362629,40.8463748014183));
#4126=IFCCARTESIANPOINT((214.059714770439,40.6646980678779));
#4127=IFCCARTESIANPOINT((213.535780902603,40.4836437260383));
#4128=IFCCARTESIANPOINT((213.011639760138,40.3032117753173));
#4129=IFCCARTESIANPOINT((212.487247045705,40.1233486363781));
#4130=IFCCARTESIANPOINT((211.962647061329,39.944107884774));
#4131=IFCCARTESIANPOINT((211.437969838764,39.7654722303268));
#4132=IFCCARTESIANPOINT((210.912955301203,39.5874762651511));
#4133=IFCCARTESIANPOINT((210.387774944276,39.4099782269914));
#4134=IFCCARTESIANPOINT((209.862345858157,39.2332270447514));
#4135=IFCCARTESIANPOINT((209.336750953546,39.0569737891783));
#4136=IFCCARTESIANPOINT((208.810993064079,38.8813965113368));
#4137=IFCCARTESIANPOINT((208.285069356003,38.7063171606278));
#4138=IFCCARTESIANPOINT((207.758852628613,38.5319310806808));
#4139=IFCCARTESIANPOINT((207.232428622636,38.3581673964509));
#4140=IFCCARTESIANPOINT((206.705838799156,38.1849016385386));
#4141=IFCCARTESIANPOINT((206.179085996235,38.0123118548072));
#4142=IFCCARTESIANPOINT((205.652081626584,37.8402908798889));
#4143=IFCCARTESIANPOINT((205.124914275744,37.6689458805486));
#4144=IFCCARTESIANPOINT((204.597495358234,37.498169690487));
#4145=IFCCARTESIANPOINT((204.069954914157,37.3279450120754));
#4146=IFCCARTESIANPOINT((203.542165742518,37.1584671896999));
#4147=IFCCARTESIANPOINT((203.014210754336,36.9894872935256));
#4148=IFCCARTESIANPOINT((202.486048491439,36.8211297910893));
#4149=IFCCARTESIANPOINT((201.957678954961,36.6533946814016));
#4150=IFCCARTESIANPOINT((201.429187896458,36.4862110800459));
#4151=IFCCARTESIANPOINT((200.900403815234,36.3197207541671));
#4152=IFCCARTESIANPOINT((200.371498208988,36.1537819393561));
#4153=IFCCARTESIANPOINT((199.842385330965,35.9884655163041));
#4154=IFCCARTESIANPOINT((199.313065181981,35.8237714844872));
#4155=IFCCARTESIANPOINT((198.783537758834,35.6596998463501));
#4156=IFCCARTESIANPOINT((198.253888813313,35.4961797175929));
#4157=IFCCARTESIANPOINT((197.724032594677,35.3332819822244));
#4158=IFCCARTESIANPOINT((197.193969107495,35.1710066363448));
#4159=IFCCARTESIANPOINT((196.6636983442,35.0093536865315));
#4160=IFCCARTESIANPOINT((196.133264606033,34.8483767087455));
#4161=IFCCARTESIANPOINT((195.602665050101,34.687897660071));
#4162=IFCCARTESIANPOINT((195.071858219715,34.5280410060659));
#4163=IFCCARTESIANPOINT((194.540888414223,34.3688603249029));
#4164=IFCCARTESIANPOINT((194.009667045582,34.210248452262));
#4165=IFCCARTESIANPOINT((193.478368446144,34.0522416741005));
#4166=IFCCARTESIANPOINT((192.946862576675,33.8948572875233));
#4167=IFCCARTESIANPOINT((192.41510514266,33.7380417110398));
#4168=IFCCARTESIANPOINT((191.883184731676,33.5819021093776));
#4169=IFCCARTESIANPOINT((191.351187088207,33.4263676037663));
#4170=IFCCARTESIANPOINT((190.818937884091,33.2714019053383));
#4171=IFCCARTESIANPOINT((190.286481410789,33.1170585983782));
#4172=IFCCARTESIANPOINT((189.753947706573,32.9633203867124));
#4173=IFCCARTESIANPOINT((189.221120985603,32.8102754479041));
#4174=IFCCARTESIANPOINT((188.68817274287,32.6577820196981));
#4175=IFCCARTESIANPOINT((188.155017230689,32.5059109837166));
#4176=IFCCARTESIANPOINT((187.621740196191,32.3545914587448));
#4177=IFCCARTESIANPOINT((187.088300186588,32.203947907954));
#4178=IFCCARTESIANPOINT((186.554608610895,32.053873169818));
#4179=IFCCARTESIANPOINT((186.020754061843,31.9044744044659));
#4180=IFCCARTESIANPOINT((185.486822286941,31.7556807306246));
#4181=IFCCARTESIANPOINT((184.952638945455,31.6074558700784));
#4182=IFCCARTESIANPOINT((184.418292629445,31.4599069835967));
#4183=IFCCARTESIANPOINT((183.883824794233,31.3129096064949));
#4184=IFCCARTESIANPOINT((183.349149689078,31.1665346226073));
#4185=IFCCARTESIANPOINT((182.814267316338,31.0207820305368));
#4186=IFCCARTESIANPOINT((182.279307715798,30.8756345319562));
#4187=IFCCARTESIANPOINT((181.744140847324,30.7311094253673));
#4188=IFCCARTESIANPOINT((181.208811004704,30.5872602932504));
#4189=IFCCARTESIANPOINT((180.673229597771,30.4439799733227));
#4190=IFCCARTESIANPOINT((180.137570967636,30.301304743567));
#4191=IFCCARTESIANPOINT((179.601835107402,30.1592346096295));
#4192=IFCCARTESIANPOINT((179.065761941572,30.0178041647887));
#4193=IFCCARTESIANPOINT((178.52961155001,29.8769788122736));
#4194=IFCCARTESIANPOINT((177.993298179063,29.7368294390617));
#4195=IFCCARTESIANPOINT((177.456819001265,29.5971779887332));
#4196=IFCCARTESIANPOINT((176.920176845422,29.4582025166019));
#4197=IFCCARTESIANPOINT((176.383371715056,29.3199030201067));
#4198=IFCCARTESIANPOINT((175.846445066738,29.182155032875));
#4199=IFCCARTESIANPOINT((175.309311154269,29.0450294358307));
#4200=IFCCARTESIANPOINT((174.772100013797,28.9085089333821));
#4201=IFCCARTESIANPOINT((174.234595857124,28.772681706876));
#4202=IFCCARTESIANPOINT((173.697055933357,28.6373351055081));
#4203=IFCCARTESIANPOINT((173.159267286392,28.5027353626792));
#4204=IFCCARTESIANPOINT((172.62140141186,28.368740714679));
#4205=IFCCARTESIANPOINT((172.083369731816,28.2352439895039));
#4206=IFCCARTESIANPOINT((171.545133617852,28.102547708957));
#4207=IFCCARTESIANPOINT((171.006817442045,27.970278472465));
#4208=IFCCARTESIANPOINT((170.468252549035,27.8387560904375));
#4209=IFCCARTESIANPOINT((169.929610429768,27.7078388023074));
#4210=IFCCARTESIANPOINT((169.390846789902,27.5774730265839));
#4211=IFCCARTESIANPOINT((168.851920181653,27.4477832223638));
#4212=IFCCARTESIANPOINT((168.312786306167,27.3187158119981));
#4213=IFCCARTESIANPOINT((167.773575208004,27.1902534929104));
#4214=IFCCARTESIANPOINT((167.234156841208,27.0624135688413));
#4215=IFCCARTESIANPOINT((166.694575504196,26.9352496182546));
#4216=IFCCARTESIANPOINT((166.15487264868,26.808637178503));
#4217=IFCCARTESIANPOINT((165.615092572902,26.6826298285741));
#4218=IFCCARTESIANPOINT((165.075105229014,26.5572448735475));
#4219=IFCCARTESIANPOINT((164.534954915202,26.4325358920614));
#4220=IFCCARTESIANPOINT((163.99472738136,26.3084319999325));
#4221=IFCCARTESIANPOINT((163.45429257481,26.1849505068967));
#4222=IFCCARTESIANPOINT((162.913736257906,26.0620205186424));
#4223=IFCCARTESIANPOINT((162.373061262333,25.9398200880969));
#4224=IFCCARTESIANPOINT((147.55921214816,22.9675055681146));
#4225=IFCPOLYLINE((#4117,#4118,#4119,#4120,#4121,#4122,#4123,#4124,#4125,#4126,#4127,#4128,#4129,#4130,#4131,#4132,#4133,#4134,#4135,#4136,#4137,#4138,#4139,#4140,#4141,#4142,#4143,#4144,#4145,#4146,#4147,#4148,#4149,#4150,#4151,#4152,#4153,#4154,#4155,#4156,#4157,#4158,#4159,#4160,#4161,#4162,#4163,#4164,#4165,#4166,#4167,#4168,#4169,#4170,#4171,#4172,#4173,#4174,#4175,#4176,#4177,#4178,#4179,#4180,#4181,#4182,#4183,#4184,#4185,#4186,#4187,#4188,#4189,#4190,#4191,#4192,#4193,#4194,#4195,#4196,#4197,#4198,#4199,#4200,#4201,#4202,#4203,#4204,#4205,#4206,#4207,#4208,#4209,#4210,#4211,#4212,#4213,#4214,#4215,#4216,#4217,#4218,#4219,#4220,#4221,#4222,#4223,#4224));
#4226=IFCARBITRARYCLOSEDPROFILEDEF(.AREA.,$,#4225);
#4227=IFCEXTRUDEDAREASOLID(#4226,#4115,#4116,33.);
#4228=IFCSHAPEREPRESENTATION(#11,'Body','SweptSolid',(#4227));
#4229=IFCPRODUCTDEFINITIONSHAPE($,$,(#4228));
#4230=IFCSLAB('0URTaRmsr7Ze4Sr0Uu$dMF',#5,'NL.IMRO.0772.MP3458663288-00',$,$,#4111,#4229,$,.NOTDEFINED.);
#4231=IFCSTYLEDITEM(#4227,(#1431),$);
#4232=IFCPROPERTYSINGLEVALUE('plan_id',$,IFCTEXT('NL.IMRO.0772.80354-0301'),$);
#4233=IFCPROPERTYSINGLEVALUE('plan_naam',$,IFCTEXT('1e Herziening Strijp-S 2017'),$);
#4234=IFCPROPERTYSINGLEVALUE('plan_dossierstatus',$,IFCTEXT('geheel onherroepelijk in werking'),$);
#4235=IFCPROPERTYSINGLEVALUE('plan_besluitnummer',$,IFCTEXT('20bst00496'),$);
#4236=IFCPROPERTYSINGLEVALUE('maximum bouwhoogte (m)',$,IFCTEXT('33.0'),$);
#4237=IFCPROPERTYSINGLEVALUE('type_aanduiding',$,IFCTEXT('bouwvlak'),$);
#4238=IFCPROPERTYSINGLEVALUE('type_planobject',$,IFCTEXT('maatvoering'),$);
#4239=IFCPROPERTYSINGLEVALUE('id',$,IFCTEXT('NL.IMRO.0772.MP3458663288-00'),$);
#4240=IFCPROPERTYSET('2HI$FecMz0MOwgiynjnYF8',#5,'CPset_DSO-Maatvoering',$,(#4232,#4233,#4234,#4235,#4236,#4237,#4238,#4239));
#4241=IFCRELDEFINESBYPROPERTIES('1Dn4EqHXr8MeKHiM0cgh01',#5,$,$,(#4230),#4240);
#4242=IFCCARTESIANPOINT((0.,0.,-0.1));
#4243=IFCDIRECTION((0.,0.,1.));
#4244=IFCDIRECTION((1.,0.,0.));
#4245=IFCAXIS2PLACEMENT3D(#4242,#4243,#4244);
#4246=IFCLOCALPLACEMENT(#37,#4245);
#4247=IFCCARTESIANPOINT((0.,0.,0.));
#4248=IFCDIRECTION((0.,0.,1.));
#4249=IFCDIRECTION((1.,0.,0.));
#4250=IFCAXIS2PLACEMENT3D(#4247,#4248,#4249);
#4251=IFCDIRECTION((0.,0.,1.));
#4252=IFCCARTESIANPOINT((9.66891931640566,85.1985130238463));
#4253=IFCCARTESIANPOINT((67.3790238237998,85.4627938001067));
#4254=IFCCARTESIANPOINT((125.089832253987,85.7264297427027));
#4255=IFCCARTESIANPOINT((139.927777827921,85.7024716685992));
#4256=IFCCARTESIANPOINT((162.247865435522,85.7992317561875));
#4257=IFCCARTESIANPOINT((215.090571899695,86.0284655977157));
#4258=IFCCARTESIANPOINT((215.106893023156,71.7298494481365));
#4259=IFCCARTESIANPOINT((215.106916384626,41.0286203448777));
#4260=IFCCARTESIANPOINT((214.583441362629,40.8463748014183));
#4261=IFCCARTESIANPOINT((214.059714770439,40.6646980678779));
#4262=IFCCARTESIANPOINT((213.535780902603,40.4836437260383));
#4263=IFCCARTESIANPOINT((213.011639760138,40.3032117753173));
#4264=IFCCARTESIANPOINT((212.487247045705,40.1233486363781));
#4265=IFCCARTESIANPOINT((211.962647061329,39.944107884774));
#4266=IFCCARTESIANPOINT((211.437969838764,39.7654722303268));
#4267=IFCCARTESIANPOINT((210.912955301203,39.5874762651511));
#4268=IFCCARTESIANPOINT((210.387774944276,39.4099782269914));
#4269=IFCCARTESIANPOINT((209.862345858157,39.2332270447514));
#4270=IFCCARTESIANPOINT((209.336750953546,39.0569737891783));
#4271=IFCCARTESIANPOINT((208.810993064079,38.8813965113368));
#4272=IFCCARTESIANPOINT((208.285069356003,38.7063171606278));
#4273=IFCCARTESIANPOINT((207.758852628613,38.5319310806808));
#4274=IFCCARTESIANPOINT((207.232428622636,38.3581673964509));
#4275=IFCCARTESIANPOINT((206.705838799156,38.1849016385386));
#4276=IFCCARTESIANPOINT((206.179085996235,38.0123118548072));
#4277=IFCCARTESIANPOINT((205.652081626584,37.8402908798889));
#4278=IFCCARTESIANPOINT((205.124914275744,37.6689458805486));
#4279=IFCCARTESIANPOINT((204.597495358234,37.498169690487));
#4280=IFCCARTESIANPOINT((204.069954914157,37.3279450120754));
#4281=IFCCARTESIANPOINT((203.542165742518,37.1584671896999));
#4282=IFCCARTESIANPOINT((203.014210754336,36.9894872935256));
#4283=IFCCARTESIANPOINT((202.486048491439,36.8211297910893));
#4284=IFCCARTESIANPOINT((201.957678954961,36.6533946814016));
#4285=IFCCARTESIANPOINT((201.429187896458,36.4862110800459));
#4286=IFCCARTESIANPOINT((200.900403815234,36.3197207541671));
#4287=IFCCARTESIANPOINT((200.371498208988,36.1537819393561));
#4288=IFCCARTESIANPOINT((199.842385330965,35.9884655163041));
#4289=IFCCARTESIANPOINT((199.313065181981,35.8237714844872));
#4290=IFCCARTESIANPOINT((198.783537758834,35.6596998463501));
#4291=IFCCARTESIANPOINT((198.253888813313,35.4961797175929));
#4292=IFCCARTESIANPOINT((197.724032594677,35.3332819822244));
#4293=IFCCARTESIANPOINT((197.193969107495,35.1710066363448));
#4294=IFCCARTESIANPOINT((196.6636983442,35.0093536865315));
#4295=IFCCARTESIANPOINT((196.133264606033,34.8483767087455));
#4296=IFCCARTESIANPOINT((195.602665050101,34.687897660071));
#4297=IFCCARTESIANPOINT((195.071858219715,34.5280410060659));
#4298=IFCCARTESIANPOINT((194.540888414223,34.3688603249029));
#4299=IFCCARTESIANPOINT((194.009667045582,34.210248452262));
#4300=IFCCARTESIANPOINT((193.478368446144,34.0522416741005));
#4301=IFCCARTESIANPOINT((192.946862576675,33.8948572875233));
#4302=IFCCARTESIANPOINT((192.41510514266,33.7380417110398));
#4303=IFCCARTESIANPOINT((191.883184731676,33.5819021093776));
#4304=IFCCARTESIANPOINT((191.351187088207,33.4263676037663));
#4305=IFCCARTESIANPOINT((190.818937884091,33.2714019053383));
#4306=IFCCARTESIANPOINT((190.286481410789,33.1170585983782));
#4307=IFCCARTESIANPOINT((189.753947706573,32.9633203867124));
#4308=IFCCARTESIANPOINT((189.221120985603,32.8102754479041));
#4309=IFCCARTESIANPOINT((188.68817274287,32.6577820196981));
#4310=IFCCARTESIANPOINT((188.155017230689,32.5059109837166));
#4311=IFCCARTESIANPOINT((187.621740196191,32.3545914587448));
#4312=IFCCARTESIANPOINT((187.088300186588,32.203947907954));
#4313=IFCCARTESIANPOINT((186.554608610895,32.053873169818));
#4314=IFCCARTESIANPOINT((186.020754061843,31.9044744044659));
#4315=IFCCARTESIANPOINT((185.486822286941,31.7556807306246));
#4316=IFCCARTESIANPOINT((184.952638945455,31.6074558700784));
#4317=IFCCARTESIANPOINT((184.418292629445,31.4599069835967));
#4318=IFCCARTESIANPOINT((183.883824794233,31.3129096064949));
#4319=IFCCARTESIANPOINT((183.349149689078,31.1665346226073));
#4320=IFCCARTESIANPOINT((182.814267316338,31.0207820305368));
#4321=IFCCARTESIANPOINT((182.279307715798,30.8756345319562));
#4322=IFCCARTESIANPOINT((181.744140847324,30.7311094253673));
#4323=IFCCARTESIANPOINT((181.208811004704,30.5872602932504));
#4324=IFCCARTESIANPOINT((180.673229597771,30.4439799733227));
#4325=IFCCARTESIANPOINT((180.137570967636,30.301304743567));
#4326=IFCCARTESIANPOINT((179.601835107402,30.1592346096295));
#4327=IFCCARTESIANPOINT((179.065761941572,30.0178041647887));
#4328=IFCCARTESIANPOINT((178.52961155001,29.8769788122736));
#4329=IFCCARTESIANPOINT((177.993298179063,29.7368294390617));
#4330=IFCCARTESIANPOINT((177.456819001265,29.5971779887332));
#4331=IFCCARTESIANPOINT((176.920176845422,29.4582025166019));
#4332=IFCCARTESIANPOINT((176.383371715056,29.3199030201067));
#4333=IFCCARTESIANPOINT((175.846445066738,29.182155032875));
#4334=IFCCARTESIANPOINT((175.309311154269,29.0450294358307));
#4335=IFCCARTESIANPOINT((174.772100013797,28.9085089333821));
#4336=IFCCARTESIANPOINT((174.234595857124,28.772681706876));
#4337=IFCCARTESIANPOINT((173.697055933357,28.6373351055081));
#4338=IFCCARTESIANPOINT((173.159267286392,28.5027353626792));
#4339=IFCCARTESIANPOINT((172.62140141186,28.368740714679));
#4340=IFCCARTESIANPOINT((172.083369731816,28.2352439895039));
#4341=IFCCARTESIANPOINT((171.545133617852,28.102547708957));
#4342=IFCCARTESIANPOINT((171.006817442045,27.970278472465));
#4343=IFCCARTESIANPOINT((170.468252549035,27.8387560904375));
#4344=IFCCARTESIANPOINT((169.929610429768,27.7078388023074));
#4345=IFCCARTESIANPOINT((169.390846789902,27.5774730265839));
#4346=IFCCARTESIANPOINT((168.851920181653,27.4477832223638));
#4347=IFCCARTESIANPOINT((168.312786306167,27.3187158119981));
#4348=IFCCARTESIANPOINT((167.773575208004,27.1902534929104));
#4349=IFCCARTESIANPOINT((167.234156841208,27.0624135688413));
#4350=IFCCARTESIANPOINT((166.694575504196,26.9352496182546));
#4351=IFCCARTESIANPOINT((166.15487264868,26.808637178503));
#4352=IFCCARTESIANPOINT((165.615092572902,26.6826298285741));
#4353=IFCCARTESIANPOINT((165.075105229014,26.5572448735475));
#4354=IFCCARTESIANPOINT((164.534954915202,26.4325358920614));
#4355=IFCCARTESIANPOINT((163.99472738136,26.3084319999325));
#4356=IFCCARTESIANPOINT((163.45429257481,26.1849505068967));
#4357=IFCCARTESIANPOINT((162.913736257906,26.0620205186424));
#4358=IFCCARTESIANPOINT((162.373061262333,25.9398200880969));
#4359=IFCCARTESIANPOINT((139.813834969478,21.4144323605578));
#4360=IFCCARTESIANPOINT((139.452978410962,21.3510423541884));
#4361=IFCCARTESIANPOINT((139.091997493495,21.2880257723737));
#4362=IFCCARTESIANPOINT((138.731019423663,21.2251872642664));
#4363=IFCCARTESIANPOINT((138.370002741896,21.1626512987423));
#4364=IFCCARTESIANPOINT((138.008903153444,21.1003642950091));
#4365=IFCCARTESIANPOINT((137.647764959896,21.0383798282128));
#4366=IFCCARTESIANPOINT((137.286588155257,20.9766979033011));
#4367=IFCCARTESIANPOINT((136.925328445999,20.9152649387252));
#4368=IFCCARTESIANPOINT((136.564115873567,20.8540636331891));
#4369=IFCCARTESIANPOINT((136.202778944309,20.7932357505779));
#4370=IFCCARTESIANPOINT((135.841444860038,20.7325859440025));
#4371=IFCCARTESIANPOINT((135.479986419348,20.672309560061));
#4372=IFCCARTESIANPOINT((135.118530819746,20.6122112553567));
#4373=IFCCARTESIANPOINT((134.757036611583,20.5524154904415));
#4374=IFCCARTESIANPOINT((134.395503793232,20.492922266887));
#4375=IFCCARTESIANPOINT((134.033888074016,20.4336780005251));
#4376=IFCCARTESIANPOINT((133.672233745659,20.3747362744762));
#4377=IFCCARTESIANPOINT((133.310582258593,20.3159726274898));
#4378=IFCCARTESIANPOINT((132.948806417087,20.2575824018568));
#4379=IFCCARTESIANPOINT((132.587077710516,20.1994238366606));
#4380=IFCCARTESIANPOINT((132.22531039684,20.1415678103804));
#4381=IFCCARTESIANPOINT((131.863460178836,20.0839607442613));
#4382=IFCCARTESIANPOINT((131.501571350644,20.0266562194447));
#4383=IFCCARTESIANPOINT((131.139599620394,19.9696006528102));
#4384=IFCCARTESIANPOINT((130.777589281177,19.9128476264887));
#4385=IFCCARTESIANPOINT((130.415540331043,19.8563971423428));
#4386=IFCCARTESIANPOINT((130.053494227439,19.8001247328357));
#4387=IFCCARTESIANPOINT((129.69132376471,19.7442257485818));
#4388=IFCCARTESIANPOINT((129.329200444452,19.6885584188858));
#4389=IFCCARTESIANPOINT((128.966994217044,19.6331400515628));
#4390=IFCCARTESIANPOINT((128.604749381804,19.5780242238543));
#4391=IFCCARTESIANPOINT((128.24246593492,19.5232109386125));
#4392=IFCCARTESIANPOINT((127.880099589558,19.4686466089333));
#4393=IFCCARTESIANPOINT((127.517780378985,19.4143139400403));
#4394=IFCCARTESIANPOINT((127.155336811818,19.3603546944796));
#4395=IFCCARTESIANPOINT((126.792896091501,19.3065735233831));
#4396=IFCCARTESIANPOINT((126.430416762654,19.2530948922504));
#4397=IFCCARTESIANPOINT((126.067898820824,19.1999188051559));
#4398=IFCCARTESIANPOINT((125.705297980079,19.1469916736824));
#4399=IFCCARTESIANPOINT((125.342658528738,19.0943670841516));
#4400=IFCCARTESIANPOINT((124.980066214979,19.0419741531368));
#4401=IFCCARTESIANPOINT((124.617349545209,18.9899546451052));
#4402=IFCCARTESIANPOINT((124.254635721649,18.9381132119452));
#4403=IFCCARTESIANPOINT((123.891883285163,18.8865743226488));
#4404=IFCCARTESIANPOINT((123.529047950637,18.8352843886823));
#4405=IFCCARTESIANPOINT((123.166174004931,18.7842969968915));
#4406=IFCCARTESIANPOINT((122.803261454421,18.7336121423286));
#4407=IFCCARTESIANPOINT((122.440396040067,18.6831589473877));
#4408=IFCCARTESIANPOINT((122.077447723394,18.6329547112691));
#4409=IFCCARTESIANPOINT((121.714375048614,18.5831238998799));
#4410=IFCCARTESIANPOINT((121.351349513221,18.5335247455514));
#4411=IFCCARTESIANPOINT((120.988371115731,18.4841572495061));
#4412=IFCCARTESIANPOINT((120.625224069052,18.4351095943712));
#4413=IFCCARTESIANPOINT((120.26203841489,18.3863644787925));
#4414=IFCCARTESIANPOINT((119.898855605657,18.3377974393079));
#4415=IFCCARTESIANPOINT((119.535678481247,18.2895865218597));
#4416=IFCCARTESIANPOINT((119.172418453731,18.2416245639906));
#4417=IFCCARTESIANPOINT((118.809075525409,18.1939115635469));
#4418=IFCCARTESIANPOINT((118.44573827766,18.1465546888066));
#4419=IFCCARTESIANPOINT((118.082318134053,18.0994467674172));
#4420=IFCCARTESIANPOINT((117.718945123575,18.0525705082691));
#4421=IFCCARTESIANPOINT((117.355533510359,18.0059967847192));
#4422=IFCCARTESIANPOINT((116.992038991011,17.959672023193));
#4423=IFCCARTESIANPOINT((116.628550158028,17.9137033823645));
#4424=IFCCARTESIANPOINT((116.264978422027,17.8679837011732));
#4425=IFCCARTESIANPOINT((115.901409534999,17.8224420926417));
#4426=IFCCARTESIANPOINT((115.537846327381,17.7772566107451));
#4427=IFCCARTESIANPOINT((115.174114472902,17.7323909681872));
#4428=IFCCARTESIANPOINT((114.810515506804,17.6876860983903));
#4429=IFCCARTESIANPOINT((114.446747892274,17.6433010694454));
#4430=IFCCARTESIANPOINT((114.082985961548,17.5992721634684));
#4431=IFCCARTESIANPOINT((113.719226873101,17.5554213359719));
#4432=IFCCARTESIANPOINT((113.355429179705,17.5118730455288));
#4433=IFCCARTESIANPOINT((112.991592879145,17.4686272944673));
#4434=IFCCARTESIANPOINT((112.627673673647,17.4256305045565));
#4435=IFCCARTESIANPOINT((112.263715860667,17.3829362540855));
#4436=IFCCARTESIANPOINT((111.899805190711,17.3404736577068));
#4437=IFCCARTESIANPOINT((111.535855906695,17.2983136061812));
#4438=IFCCARTESIANPOINT((111.171782271587,17.256526974088));
#4439=IFCCARTESIANPOINT((110.807797225629,17.2148475376889));
#4440=IFCCARTESIANPOINT((110.443687828985,17.1735415201983));
#4441=IFCCARTESIANPOINT((110.079625566723,17.1324671639595));
#4442=IFCCARTESIANPOINT((109.715438953514,17.0917662268621));
#4443=IFCCARTESIANPOINT((109.351255183778,17.0512433673139));
#4444=IFCCARTESIANPOINT((108.987032808742,17.0110230455175));
#4445=IFCCARTESIANPOINT((108.622857570095,16.9710343829938));
#4446=IFCCARTESIANPOINT((108.258557977038,16.9314191425801));
#4447=IFCCARTESIANPOINT((107.894305522117,16.892035560275));
#4448=IFCCARTESIANPOINT((107.529970166914,16.8529009352787));
#4449=IFCCARTESIANPOINT((107.165596204781,16.8140688493731));
#4450=IFCCARTESIANPOINT((106.801269381453,16.7754684208776));
#4451=IFCCARTESIANPOINT((106.436818202055,16.7372414160636));
#4452=IFCCARTESIANPOINT((106.072369869362,16.6991924858303));
#4453=IFCCARTESIANPOINT((105.707927225332,16.6614996743738));
#4454=IFCCARTESIANPOINT((105.343487422448,16.6239849422709));
#4455=IFCCARTESIANPOINT((104.978923265095,16.5868436326855));
#4456=IFCCARTESIANPOINT((104.614406248729,16.549933978531));
#4457=IFCCARTESIANPOINT((104.249806332547,16.5132732812781));
#4458=IFCCARTESIANPOINT((103.885212102614,16.4769687050139));
#4459=IFCCARTESIANPOINT((48.4510777423275,10.9733161028707));
#4460=IFCCARTESIANPOINT((48.0600785530696,10.9345819203882));
#4461=IFCCARTESIANPOINT((47.669082210894,10.8960258170264));
#4462=IFCCARTESIANPOINT((47.2780887166737,10.8576477922616));
#4463=IFCCARTESIANPOINT((46.8870123228116,10.8195187304518));
#4464=IFCCARTESIANPOINT((46.4959802292287,10.7814432833693));
#4465=IFCCARTESIANPOINT((46.1049095338676,10.7436703763669));
#4466=IFCCARTESIANPOINT((45.7137973885983,10.7060219708364));
#4467=IFCCARTESIANPOINT((45.3226880944858,10.6685516410507));
#4468=IFCCARTESIANPOINT((44.9315816480084,10.6312593900366));
#4469=IFCCARTESIANPOINT((44.5404337573273,10.5940916356049));
#4470=IFCCARTESIANPOINT((44.149288710003,10.5571019636118));
#4471=IFCCARTESIANPOINT((43.7581050605804,10.5204148319899));
#4472=IFCCARTESIANPOINT((43.3668799650331,10.4838521985221));
#4473=IFCCARTESIANPOINT((42.9756991733157,10.4473431768129));
#4474=IFCCARTESIANPOINT((42.5844797727768,10.411136701121));
#4475=IFCCARTESIANPOINT((42.19321892882,10.3750547214295));
#4476=IFCCARTESIANPOINT((41.8020052254724,10.3392044016509));
#4477=IFCCARTESIANPOINT((41.4107500765531,10.3034785795608));
#4478=IFCCARTESIANPOINT((41.0193677365605,10.2679481380037));
#4479=IFCCARTESIANPOINT((40.6281182843086,10.2325784724089));
#4480=IFCCARTESIANPOINT((40.2367859324149,10.197457769711));
#4481=IFCCARTESIANPOINT((39.8454978849331,10.1623906783643));
#4482=IFCCARTESIANPOINT((39.4541269372276,10.1275725504966));
#4483=IFCCARTESIANPOINT((39.0627588369243,10.0929325015168));
#4484=IFCCARTESIANPOINT((38.6713935875159,10.0584705285146));
#4485=IFCCARTESIANPOINT((38.2799868909642,10.0241330547724));
#4486=IFCCARTESIANPOINT((37.8884972979722,9.99004454136593));
#4487=IFCCARTESIANPOINT((37.4971405884135,9.95611680706497));
#4488=IFCCARTESIANPOINT((37.1056566908082,9.92238445108524));
#4489=IFCCARTESIANPOINT((36.7142170945008,9.88870570878498));
#4490=IFCCARTESIANPOINT((36.3227388915548,9.85532951069763));
#4491=IFCCARTESIANPOINT((35.9312635392707,9.8221313887625));
#4492=IFCCARTESIANPOINT((35.539746741124,9.78905776498141));
#4493=IFCCARTESIANPOINT((35.1482327929989,9.7561622178182));
#4494=IFCCARTESIANPOINT((34.7566359433986,9.72351563535631));
#4495=IFCCARTESIANPOINT((34.3651276883902,9.69097624742426));
#4496=IFCCARTESIANPOINT((33.9735779916809,9.658561354212));
#4497=IFCCARTESIANPOINT((33.5819896860339,9.62644900690066));
#4498=IFCCARTESIANPOINT((33.1903599381039,9.59446115477476));
#4499=IFCCARTESIANPOINT((32.7987330386823,9.56265138060553));
#4500=IFCCARTESIANPOINT((32.4071947337652,9.53094880096614));
#4501=IFCCARTESIANPOINT((32.0154877845489,9.49956606683554));
#4502=IFCCARTESIANPOINT((31.6238251375034,9.46823694574414));
#4503=IFCCARTESIANPOINT((31.2322096317366,9.43713948369259));
#4504=IFCCARTESIANPOINT((30.8405526796414,9.40616652002791));
#4505=IFCCARTESIANPOINT((30.4488128311641,9.37544251681538));
#4506=IFCCARTESIANPOINT((30.0571615775989,9.34482570789987));
#4507=IFCCARTESIANPOINT((29.665427424974,9.31445786176482));
#4508=IFCCARTESIANPOINT((29.2736961232149,9.28426809149096));
#4509=IFCCARTESIANPOINT((28.8819233745453,9.25420282012783));
#4510=IFCCARTESIANPOINT((28.4901534751698,9.22431562613929));
#4511=IFCCARTESIANPOINT((28.0983864230511,9.19460651109694));
#4512=IFCCARTESIANPOINT((27.7066222193826,9.16507547395304));
#4513=IFCCARTESIANPOINT((27.3147751208453,9.13579339609714));
#4514=IFCCARTESIANPOINT((26.9230166155903,9.106618513586));
#4515=IFCCARTESIANPOINT((26.531130922056,9.07763900991995));
#4516=IFCCARTESIANPOINT((26.1392923657259,9.04889116855338));
#4517=IFCCARTESIANPOINT((25.7474981107225,9.02019694069168));
#4518=IFCCARTESIANPOINT((25.3556209643139,8.991751669324));
#4519=IFCCARTESIANPOINT((24.9637466611457,8.96348448010394));
#4520=IFCCARTESIANPOINT((24.5718309124641,8.93534178874688));
#4521=IFCCARTESIANPOINT((24.1799623099214,8.90743075241335));
#4522=IFCCARTESIANPOINT((23.7879665152577,8.8797150979517));
#4523=IFCCARTESIANPOINT((23.3961036067631,8.85216021974338));
#4524=IFCCARTESIANPOINT((23.0041135105712,8.82480071985628));
#4525=IFCCARTESIANPOINT((22.6122120055079,8.79754841700196));
#4526=IFCCARTESIANPOINT((22.2201833146682,8.77049149083905));
#4527=IFCCARTESIANPOINT((21.8282017605961,8.74366622726666));
#4528=IFCCARTESIANPOINT((21.4362230617553,8.71701903606299));
#4529=IFCCARTESIANPOINT((21.0442029108817,8.69049634813564));
#4530=IFCCARTESIANPOINT((20.6521856135514,8.66415173385758));
#4531=IFCCARTESIANPOINT((20.2601711659518,8.63798519625561));
#4532=IFCCARTESIANPOINT((19.8681595626695,8.61199674016098));
#4533=IFCCARTESIANPOINT((19.476065067196,8.58625724096783));
#4534=IFCCARTESIANPOINT((19.0840591625893,8.5606249392149));
#4535=IFCCARTESIANPOINT((18.6919260680152,8.53518801735481));
#4536=IFCCARTESIANPOINT((18.2999258645868,8.50991186778992));
#4537=IFCCARTESIANPOINT((17.9077984664764,8.48483110213419));
#4538=IFCCARTESIANPOINT((17.5156739220256,8.45992841006955));
#4539=IFCCARTESIANPOINT((17.123552223813,8.43520379782422));
#4540=IFCCARTESIANPOINT((16.7314333751274,8.41065726231318));
#4541=IFCCARTESIANPOINT((16.3392730799678,8.38623522553826));
#4542=IFCCARTESIANPOINT((15.9471599306271,8.36204484384507));
#4543=IFCCARTESIANPOINT((15.5549195902713,8.33804984320886));
#4544=IFCCARTESIANPOINT((15.1628121356771,8.3142156189424));
#4545=IFCCARTESIANPOINT((14.7705774942879,8.29057677235687));
#4546=IFCCARTESIANPOINT((14.3784314462391,8.26704512053402));
#4547=IFCCARTESIANPOINT((13.9862024990725,8.24376243178267));
#4548=IFCCARTESIANPOINT((13.593932109623,8.22060423815856));
#4549=IFCCARTESIANPOINT((13.2017946086416,8.19760681857588));
#4550=IFCCARTESIANPOINT((12.8095299164706,8.1748047802248));
#4551=IFCCARTESIANPOINT((12.4173123659566,8.15223440033151));
#4552=IFCCARTESIANPOINT((12.0250533728104,8.12978851568187));
#4553=IFCCARTESIANPOINT((11.632711484388,8.10759159101872));
#4554=IFCCARTESIANPOINT((11.2404581898591,8.08550186053617));
#4555=IFCCARTESIANPOINT((10.8482077412482,8.06359021010576));
#4556=IFCCARTESIANPOINT((10.4558743999514,8.04192751715891));
#4557=IFCCARTESIANPOINT((10.0635853587301,8.02031843847362));
#4558=IFCCARTESIANPOINT((9.67125771468272,7.99901190079981));
#4559=IFCCARTESIANPOINT((9.66891931640566,85.1985130238463));
#4560=IFCPOLYLINE((#4252,#4253,#4254,#4255,#4256,#4257,#4258,#4259,#4260,#4261,#4262,#4263,#4264,#4265,#4266,#4267,#4268,#4269,#4270,#4271,#4272,#4273,#4274,#4275,#4276,#4277,#4278,#4279,#4280,#4281,#4282,#4283,#4284,#4285,#4286,#4287,#4288,#4289,#4290,#4291,#4292,#4293,#4294,#4295,#4296,#4297,#4298,#4299,#4300,#4301,#4302,#4303,#4304,#4305,#4306,#4307,#4308,#4309,#4310,#4311,#4312,#4313,#4314,#4315,#4316,#4317,#4318,#4319,#4320,#4321,#4322,#4323,#4324,#4325,#4326,#4327,#4328,#4329,#4330,#4331,#4332,#4333,#4334,#4335,#4336,#4337,#4338,#4339,#4340,#4341,#4342,#4343,#4344,#4345,#4346,#4347,#4348,#4349,#4350,#4351,#4352,#4353,#4354,#4355,#4356,#4357,#4358,#4359,#4360,#4361,#4362,#4363,#4364,#4365,#4366,#4367,#4368,#4369,#4370,#4371,#4372,#4373,#4374,#4375,#4376,#4377,#4378,#4379,#4380,#4381,#4382,#4383,#4384,#4385,#4386,#4387,#4388,#4389,#4390,#4391,#4392,#4393,#4394,#4395,#4396,#4397,#4398,#4399,#4400,#4401,#4402,#4403,#4404,#4405,#4406,#4407,#4408,#4409,#4410,#4411,#4412,#4413,#4414,#4415,#4416,#4417,#4418,#4419,#4420,#4421,#4422,#4423,#4424,#4425,#4426,#4427,#4428,#4429,#4430,#4431,#4432,#4433,#4434,#4435,#4436,#4437,#4438,#4439,#4440,#4441,#4442,#4443,#4444,#4445,#4446,#4447,#4448,#4449,#4450,#4451,#4452,#4453,#4454,#4455,#4456,#4457,#4458,#4459,#4460,#4461,#4462,#4463,#4464,#4465,#4466,#4467,#4468,#4469,#4470,#4471,#4472,#4473,#4474,#4475,#4476,#4477,#4478,#4479,#4480,#4481,#4482,#4483,#4484,#4485,#4486,#4487,#4488,#4489,#4490,#4491,#4492,#4493,#4494,#4495,#4496,#4497,#4498,#4499,#4500,#4501,#4502,#4503,#4504,#4505,#4506,#4507,#4508,#4509,#4510,#4511,#4512,#4513,#4514,#4515,#4516,#4517,#4518,#4519,#4520,#4521,#4522,#4523,#4524,#4525,#4526,#4527,#4528,#4529,#4530,#4531,#4532,#4533,#4534,#4535,#4536,#4537,#4538,#4539,#4540,#4541,#4542,#4543,#4544,#4545,#4546,#4547,#4548,#4549,#4550,#4551,#4552,#4553,#4554,#4555,#4556,#4557,#4558,#4559));
#4561=IFCARBITRARYCLOSEDPROFILEDEF(.AREA.,$,#4560);
#4562=IFCEXTRUDEDAREASOLID(#4561,#4250,#4251,26.);
#4563=IFCSHAPEREPRESENTATION(#11,'Body','SweptSolid',(#4562));
#4564=IFCPRODUCTDEFINITIONSHAPE($,$,(#4563));
#4565=IFCSLAB('12yLlNwcDBb9lPN4EO0NN_',#5,'NL.IMRO.0772.MP6389092892-00',$,$,#4246,#4564,$,.NOTDEFINED.);
#4566=IFCSTYLEDITEM(#4562,(#1431),$);
#4567=IFCPROPERTYSINGLEVALUE('plan_id',$,IFCTEXT('NL.IMRO.0772.80284-0301'),$);
#4568=IFCPROPERTYSINGLEVALUE('plan_naam',$,IFCTEXT('Strijp-S 2017'),$);
#4569=IFCPROPERTYSINGLEVALUE('plan_dossierstatus',$,IFCTEXT('geheel onherroepelijk in werking'),$);
#4570=IFCPROPERTYSINGLEVALUE('plan_besluitnummer',$,IFCTEXT('17bst01754'),$);
#4571=IFCPROPERTYSINGLEVALUE('maximum bouwhoogte (m)',$,IFCTEXT('26.0'),$);
#4572=IFCPROPERTYSINGLEVALUE('type_aanduiding',$,IFCTEXT('bouwvlak'),$);
#4573=IFCPROPERTYSINGLEVALUE('type_planobject',$,IFCTEXT('maatvoering'),$);
#4574=IFCPROPERTYSINGLEVALUE('id',$,IFCTEXT('NL.IMRO.0772.MP6389092892-00'),$);
#4575=IFCPROPERTYSET('1c8S7rZpf0wgO4zuG5PEsP',#5,'CPset_DSO-Maatvoering',$,(#4567,#4568,#4569,#4570,#4571,#4572,#4573,#4574));
#4576=IFCRELDEFINESBYPROPERTIES('031LH$BJbBnujV3yVunGGQ',#5,$,$,(#4565),#4575);
#4577=IFCCARTESIANPOINT((0.,0.,-0.1));
#4578=IFCDIRECTION((0.,0.,1.));
#4579=IFCDIRECTION((1.,0.,0.));
#4580=IFCAXIS2PLACEMENT3D(#4577,#4578,#4579);
#4581=IFCLOCALPLACEMENT(#37,#4580);
#4582=IFCCARTESIANPOINT((0.,0.,0.));
#4583=IFCDIRECTION((0.,0.,1.));
#4584=IFCDIRECTION((1.,0.,0.));
#4585=IFCAXIS2PLACEMENT3D(#4582,#4583,#4584);
#4586=IFCDIRECTION((0.,0.,1.));
#4587=IFCCARTESIANPOINT((141.151646936574,199.576119232981));
#4588=IFCCARTESIANPOINT((139.936527978076,203.395265728002));
#4589=IFCCARTESIANPOINT((136.368194108974,203.473641597142));
#4590=IFCCARTESIANPOINT((136.489881522284,209.024072450877));
#4591=IFCCARTESIANPOINT((139.646177015413,208.954668787133));
#4592=IFCCARTESIANPOINT((148.243153908261,201.833273892291));
#4593=IFCCARTESIANPOINT((141.151646936574,199.576119232981));
#4594=IFCPOLYLINE((#4587,#4588,#4589,#4590,#4591,#4592,#4593));
#4595=IFCARBITRARYCLOSEDPROFILEDEF(.AREA.,$,#4594);
#4596=IFCEXTRUDEDAREASOLID(#4595,#4585,#4586,5.);
#4597=IFCSHAPEREPRESENTATION(#11,'Body','SweptSolid',(#4596));
#4598=IFCPRODUCTDEFINITIONSHAPE($,$,(#4597));
#4599=IFCSLAB('0i934rWWT9GBlCc5eXP1TB',#5,'NL.IMRO.0772.MP88496770035-00',$,$,#4581,#4598,$,.NOTDEFINED.);
#4600=IFCSTYLEDITEM(#4596,(#1431),$);
#4601=IFCPROPERTYSINGLEVALUE('plan_id',$,IFCTEXT('NL.IMRO.0772.80373-0301'),$);
#4602=IFCPROPERTYSINGLEVALUE('plan_naam',$,IFCTEXT('Deelgebieden Woensel-Zuid 2021'),$);
#4603=IFCPROPERTYSINGLEVALUE('plan_dossierstatus',$,IFCTEXT('geheel onherroepelijk in werking'),$);
#4604=IFCPROPERTYSINGLEVALUE('plan_besluitnummer',$,IFCTEXT('22bst01409'),$);
#4605=IFCPROPERTYSINGLEVALUE('maximum bouwhoogte (m)',$,IFCTEXT('5.0'),$);
#4606=IFCPROPERTYSINGLEVALUE('maximum goothoogte (m)',$,IFCTEXT('3.0'),$);
#4607=IFCPROPERTYSINGLEVALUE('type_aanduiding',$,IFCTEXT('bouwvlak'),$);
#4608=IFCPROPERTYSINGLEVALUE('type_planobject',$,IFCTEXT('maatvoering'),$);
#4609=IFCPROPERTYSINGLEVALUE('id',$,IFCTEXT('NL.IMRO.0772.MP88496770035-00'),$);
#4610=IFCPROPERTYSET('1QuS$PTufAGe8ZOi4SsGyy',#5,'CPset_DSO-Maatvoering',$,(#4601,#4602,#4603,#4604,#4605,#4606,#4607,#4608,#4609));
#4611=IFCRELDEFINESBYPROPERTIES('0QnRndB3vAYuctSGQDbdaQ',#5,$,$,(#4599),#4610);
#4612=IFCCARTESIANPOINT((0.,0.,-0.1));
#4613=IFCDIRECTION((0.,0.,1.));
#4614=IFCDIRECTION((1.,0.,0.));
#4615=IFCAXIS2PLACEMENT3D(#4612,#4613,#4614);
#4616=IFCLOCALPLACEMENT(#37,#4615);
#4617=IFCCARTESIANPOINT((0.,0.,0.));
#4618=IFCDIRECTION((0.,0.,1.));
#4619=IFCDIRECTION((1.,0.,0.));
#4620=IFCAXIS2PLACEMENT3D(#4617,#4618,#4619);
#4621=IFCDIRECTION((0.,0.,1.));
#4622=IFCCARTESIANPOINT((-28.797665013728,-46.3806802120525));
#4623=IFCCARTESIANPOINT((-22.8669868570578,-60.9934385946835));
#4624=IFCCARTESIANPOINT((-16.9361918767681,-75.6076095196768));
#4625=IFCCARTESIANPOINT((-21.7312510077027,-77.5555851281388));
#4626=IFCCARTESIANPOINT((-21.7498966481362,-77.5154563850374));
#4627=IFCCARTESIANPOINT((-28.2522352696105,-80.1605817266973));
#4628=IFCCARTESIANPOINT((-117.898478635441,-116.633365374524));
#4629=IFCCARTESIANPOINT((-117.878343614284,-116.688977553975));
#4630=IFCCARTESIANPOINT((-122.653559185594,-118.628703871102));
#4631=IFCCARTESIANPOINT((-128.61566489024,-104.028893094743));
#4632=IFCCARTESIANPOINT((-134.577846655448,-89.4289822728024));
#4633=IFCCARTESIANPOINT((-130.877561304078,-87.923271043459));
#4634=IFCCARTESIANPOINT((-28.8355305447476,-46.393483632186));
#4635=IFCCARTESIANPOINT((-28.7985440101475,-46.3786005849252));
#4636=IFCCARTESIANPOINT((-28.797665013728,-46.3806802120525));
#4637=IFCPOLYLINE((#4622,#4623,#4624,#4625,#4626,#4627,#4628,#4629,#4630,#4631,#4632,#4633,#4634,#4635,#4636));
#4638=IFCARBITRARYCLOSEDPROFILEDEF(.AREA.,$,#4637);
#4639=IFCEXTRUDEDAREASOLID(#4638,#4620,#4621,42.);
#4640=IFCSHAPEREPRESENTATION(#11,'Body','SweptSolid',(#4639));
#4641=IFCPRODUCTDEFINITIONSHAPE($,$,(#4640));
#4642=IFCSLAB('2sJ8SlTi920hrnsAC07BAO',#5,'NL.IMRO.0772.MP3391865514-00',$,$,#4616,#4641,$,.NOTDEFINED.);
#4643=IFCSTYLEDITEM(#4639,(#1431),$);
#4644=IFCPROPERTYSINGLEVALUE('plan_id',$,IFCTEXT('NL.IMRO.0772.80284-0301'),$);
#4645=IFCPROPERTYSINGLEVALUE('plan_naam',$,IFCTEXT('Strijp-S 2017'),$);
#4646=IFCPROPERTYSINGLEVALUE('plan_dossierstatus',$,IFCTEXT('geheel onherroepelijk in werking'),$);
#4647=IFCPROPERTYSINGLEVALUE('plan_besluitnummer',$,IFCTEXT('17bst01754'),$);
#4648=IFCPROPERTYSINGLEVALUE('maximum bouwhoogte (m)',$,IFCTEXT('42.0'),$);
#4649=IFCPROPERTYSINGLEVALUE('type_aanduiding',$,IFCTEXT('bouwvlak'),$);
#4650=IFCPROPERTYSINGLEVALUE('type_planobject',$,IFCTEXT('maatvoering'),$);
#4651=IFCPROPERTYSINGLEVALUE('id',$,IFCTEXT('NL.IMRO.0772.MP3391865514-00'),$);
#4652=IFCPROPERTYSET('1gBAJSt_T52h3sNbAGD8ow',#5,'CPset_DSO-Maatvoering',$,(#4644,#4645,#4646,#4647,#4648,#4649,#4650,#4651));
#4653=IFCRELDEFINESBYPROPERTIES('0knMnmwRPCz9UdK0kfSnsK',#5,$,$,(#4642),#4652);
#4654=IFCCARTESIANPOINT((0.,0.,-0.1));
#4655=IFCDIRECTION((0.,0.,1.));
#4656=IFCDIRECTION((1.,0.,0.));
#4657=IFCAXIS2PLACEMENT3D(#4654,#4655,#4656);
#4658=IFCLOCALPLACEMENT(#37,#4657);
#4659=IFCCARTESIANPOINT((0.,0.,0.));
#4660=IFCDIRECTION((0.,0.,1.));
#4661=IFCDIRECTION((1.,0.,0.));
#4662=IFCAXIS2PLACEMENT3D(#4659,#4660,#4661);
#4663=IFCDIRECTION((0.,0.,1.));
#4664=IFCCARTESIANPOINT((-28.7985440101475,-46.3786005849252));
#4665=IFCCARTESIANPOINT((-28.8355305447476,-46.393483632186));
#4666=IFCCARTESIANPOINT((-130.877561304078,-87.923271043459));
#4667=IFCCARTESIANPOINT((-135.33336147145,-76.9475737106404));
#4668=IFCCARTESIANPOINT((-141.480973606027,-61.8019254967221));
#4669=IFCCARTESIANPOINT((-149.003911519103,-43.2705305534764));
#4670=IFCCARTESIANPOINT((-111.943803215487,-28.2262894547894));
#4671=IFCCARTESIANPOINT((-36.0346504274057,-28.2251342258533));
#4672=IFCCARTESIANPOINT((-33.1111390887236,-35.4526531436713));
#4673=IFCCARTESIANPOINT((-28.7985440101475,-46.3786005849252));
#4674=IFCPOLYLINE((#4664,#4665,#4666,#4667,#4668,#4669,#4670,#4671,#4672,#4673));
#4675=IFCARBITRARYCLOSEDPROFILEDEF(.AREA.,$,#4674);
#4676=IFCEXTRUDEDAREASOLID(#4675,#4662,#4663,22.);
#4677=IFCSHAPEREPRESENTATION(#11,'Body','SweptSolid',(#4676));
#4678=IFCPRODUCTDEFINITIONSHAPE($,$,(#4677));
#4679=IFCSLAB('33n62t8ur8PPr2hfWKD9_A',#5,'NL.IMRO.0772.MP3389971300-00',$,$,#4658,#4678,$,.NOTDEFINED.);
#4680=IFCSTYLEDITEM(#4676,(#1431),$);
#4681=IFCPROPERTYSINGLEVALUE('plan_id',$,IFCTEXT('NL.IMRO.0772.80284-0301'),$);
#4682=IFCPROPERTYSINGLEVALUE('plan_naam',$,IFCTEXT('Strijp-S 2017'),$);
#4683=IFCPROPERTYSINGLEVALUE('plan_dossierstatus',$,IFCTEXT('geheel onherroepelijk in werking'),$);
#4684=IFCPROPERTYSINGLEVALUE('plan_besluitnummer',$,IFCTEXT('17bst01754'),$);
#4685=IFCPROPERTYSINGLEVALUE('maximum bouwhoogte (m)',$,IFCTEXT('22.0'),$);
#4686=IFCPROPERTYSINGLEVALUE('type_aanduiding',$,IFCTEXT('bouwvlak'),$);
#4687=IFCPROPERTYSINGLEVALUE('type_planobject',$,IFCTEXT('maatvoering'),$);
#4688=IFCPROPERTYSINGLEVALUE('id',$,IFCTEXT('NL.IMRO.0772.MP3389971300-00'),$);
#4689=IFCPROPERTYSET('1YNAIka3v9QfDpq2t4_bmW',#5,'CPset_DSO-Maatvoering',$,(#4681,#4682,#4683,#4684,#4685,#4686,#4687,#4688));
#4690=IFCRELDEFINESBYPROPERTIES('1$i$nmzbb5neG2G$DCSyXK',#5,$,$,(#4679),#4689);
#4691=IFCCARTESIANPOINT((0.,0.,-0.1));
#4692=IFCDIRECTION((0.,0.,1.));
#4693=IFCDIRECTION((1.,0.,0.));
#4694=IFCAXIS2PLACEMENT3D(#4691,#4692,#4693);
#4695=IFCLOCALPLACEMENT(#37,#4694);
#4696=IFCCARTESIANPOINT((0.,0.,0.));
#4697=IFCDIRECTION((0.,0.,1.));
#4698=IFCDIRECTION((1.,0.,0.));
#4699=IFCAXIS2PLACEMENT3D(#4696,#4697,#4698);
#4700=IFCDIRECTION((0.,0.,1.));
#4701=IFCCARTESIANPOINT((-153.339264291018,85.049723326636));
#4702=IFCCARTESIANPOINT((-135.670514317899,85.049435556517));
#4703=IFCCARTESIANPOINT((-12.7102950932167,85.0507408731501));
#4704=IFCCARTESIANPOINT((-12.7134567753237,7.01685957459267));
#4705=IFCCARTESIANPOINT((-26.7156713063305,6.76275849185186));
#4706=IFCCARTESIANPOINT((-37.2193699205818,6.69855117832776));
#4707=IFCCARTESIANPOINT((-153.339463961136,6.6966524089803));
#4708=IFCCARTESIANPOINT((-153.339264291018,85.049723326636));
#4709=IFCPOLYLINE((#4701,#4702,#4703,#4704,#4705,#4706,#4707,#4708));
#4710=IFCARBITRARYCLOSEDPROFILEDEF(.AREA.,$,#4709);
#4711=IFCEXTRUDEDAREASOLID(#4710,#4699,#4700,26.);
#4712=IFCSHAPEREPRESENTATION(#11,'Body','SweptSolid',(#4711));
#4713=IFCPRODUCTDEFINITIONSHAPE($,$,(#4712));
#4714=IFCSLAB('19XdILpy1FMfDuiuyIbx2M',#5,'NL.IMRO.0772.MP40384267516-00',$,$,#4695,#4713,$,.NOTDEFINED.);
#4715=IFCSTYLEDITEM(#4711,(#1431),$);
#4716=IFCPROPERTYSINGLEVALUE('plan_id',$,IFCTEXT('NL.IMRO.0772.80284-0301'),$);
#4717=IFCPROPERTYSINGLEVALUE('plan_naam',$,IFCTEXT('Strijp-S 2017'),$);
#4718=IFCPROPERTYSINGLEVALUE('plan_dossierstatus',$,IFCTEXT('geheel onherroepelijk in werking'),$);
#4719=IFCPROPERTYSINGLEVALUE('plan_besluitnummer',$,IFCTEXT('17bst01754'),$);
#4720=IFCPROPERTYSINGLEVALUE('maximum bouwhoogte (m)',$,IFCTEXT('26.0'),$);
#4721=IFCPROPERTYSINGLEVALUE('type_aanduiding',$,IFCTEXT('bouwvlak'),$);
#4722=IFCPROPERTYSINGLEVALUE('type_planobject',$,IFCTEXT('maatvoering'),$);
#4723=IFCPROPERTYSINGLEVALUE('id',$,IFCTEXT('NL.IMRO.0772.MP40384267516-00'),$);
#4724=IFCPROPERTYSET('1EVc42csrAVeSauW56CuDF',#5,'CPset_DSO-Maatvoering',$,(#4716,#4717,#4718,#4719,#4720,#4721,#4722,#4723));
#4725=IFCRELDEFINESBYPROPERTIES('1CzZvO$8L1rQVhm36Wjuxg',#5,$,$,(#4714),#4724);
#4726=IFCCARTESIANPOINT((0.,0.,-0.1));
#4727=IFCDIRECTION((0.,0.,1.));
#4728=IFCDIRECTION((1.,0.,0.));
#4729=IFCAXIS2PLACEMENT3D(#4726,#4727,#4728);
#4730=IFCLOCALPLACEMENT(#37,#4729);
#4731=IFCCARTESIANPOINT((0.,0.,0.));
#4732=IFCDIRECTION((0.,0.,1.));
#4733=IFCDIRECTION((1.,0.,0.));
#4734=IFCAXIS2PLACEMENT3D(#4731,#4732,#4733);
#4735=IFCDIRECTION((0.,0.,1.));
#4736=IFCCARTESIANPOINT((-216.113823104941,5.99814473604783));
#4737=IFCCARTESIANPOINT((-216.115328657645,7.17978002532618));
#4738=IFCCARTESIANPOINT((-216.188117732556,75.9985697049997));
#4739=IFCCARTESIANPOINT((-176.248004302819,75.9106406022911));
#4740=IFCCARTESIANPOINT((-174.487748946616,75.9069432510878));
#4741=IFCCARTESIANPOINT((-173.442844146339,75.9048424353241));
#4742=IFCCARTESIANPOINT((-173.420729437814,71.1910435718601));
#4743=IFCCARTESIANPOINT((-173.415073090669,69.9580100140884));
#4744=IFCCARTESIANPOINT((-173.107147506526,4.89841305156006));
#4745=IFCCARTESIANPOINT((-181.066049841145,5.06747117452323));
#4746=IFCCARTESIANPOINT((-197.499282957549,5.06237847608281));
#4747=IFCCARTESIANPOINT((-213.933119558933,5.05658984131878));
#4748=IFCCARTESIANPOINT((-214.817181964638,5.04740708548343));
#4749=IFCCARTESIANPOINT((-216.112510316656,5.04657729406608));
#4750=IFCCARTESIANPOINT((-216.113823104941,5.99814473604783));
#4751=IFCPOLYLINE((#4736,#4737,#4738,#4739,#4740,#4741,#4742,#4743,#4744,#4745,#4746,#4747,#4748,#4749,#4750));
#4752=IFCARBITRARYCLOSEDPROFILEDEF(.AREA.,$,#4751);
#4753=IFCEXTRUDEDAREASOLID(#4752,#4734,#4735,26.);
#4754=IFCSHAPEREPRESENTATION(#11,'Body','SweptSolid',(#4753));
#4755=IFCPRODUCTDEFINITIONSHAPE($,$,(#4754));
#4756=IFCSLAB('0V_L05eFr3AuvsxzLTYAYG',#5,'NL.IMRO.0772.MP38384267478-00',$,$,#4730,#4755,$,.NOTDEFINED.);
#4757=IFCSTYLEDITEM(#4753,(#1431),$);
#4758=IFCPROPERTYSINGLEVALUE('plan_id',$,IFCTEXT('NL.IMRO.0772.80284-0301'),$);
#4759=IFCPROPERTYSINGLEVALUE('plan_naam',$,IFCTEXT('Strijp-S 2017'),$);
#4760=IFCPROPERTYSINGLEVALUE('plan_dossierstatus',$,IFCTEXT('geheel onherroepelijk in werking'),$);
#4761=IFCPROPERTYSINGLEVALUE('plan_besluitnummer',$,IFCTEXT('17bst01754'),$);
#4762=IFCPROPERTYSINGLEVALUE('maximum bouwhoogte (m)',$,IFCTEXT('26.0'),$);
#4763=IFCPROPERTYSINGLEVALUE('type_aanduiding',$,IFCTEXT('bouwvlak'),$);
#4764=IFCPROPERTYSINGLEVALUE('type_planobject',$,IFCTEXT('maatvoering'),$);
#4765=IFCPROPERTYSINGLEVALUE('id',$,IFCTEXT('NL.IMRO.0772.MP38384267478-00'),$);
#4766=IFCPROPERTYSET('3Pr2pyTsL4X8jfFYmeYM82',#5,'CPset_DSO-Maatvoering',$,(#4758,#4759,#4760,#4761,#4762,#4763,#4764,#4765));
#4767=IFCRELDEFINESBYPROPERTIES('2dllNEbHPBwPrw8XguG1NZ',#5,$,$,(#4756),#4766);
#4768=IFCCARTESIANPOINT((0.,0.,-0.1));
#4769=IFCDIRECTION((0.,0.,1.));
#4770=IFCDIRECTION((1.,0.,0.));
#4771=IFCAXIS2PLACEMENT3D(#4768,#4769,#4770);
#4772=IFCLOCALPLACEMENT(#37,#4771);
#4773=IFCCARTESIANPOINT((0.,0.,0.));
#4774=IFCDIRECTION((0.,0.,1.));
#4775=IFCDIRECTION((1.,0.,0.));
#4776=IFCAXIS2PLACEMENT3D(#4773,#4774,#4775);
#4777=IFCDIRECTION((0.,0.,1.));
#4778=IFCCARTESIANPOINT((-187.724112673284,5.06524372624699));
#4779=IFCCARTESIANPOINT((-197.499903065414,5.06162838917226));
#4780=IFCCARTESIANPOINT((-213.933119558933,5.05658984131878));
#4781=IFCCARTESIANPOINT((-214.817181964638,5.04740708548343));
#4782=IFCCARTESIANPOINT((-216.112510316656,5.04657729406608));
#4783=IFCCARTESIANPOINT((-216.113823104941,5.99814473604783));
#4784=IFCCARTESIANPOINT((-216.115328657645,7.17978002532618));
#4785=IFCCARTESIANPOINT((-216.188117732556,75.9985697049997));
#4786=IFCCARTESIANPOINT((-176.248004302819,75.9106406022911));
#4787=IFCCARTESIANPOINT((-174.487748946616,75.9069432510878));
#4788=IFCCARTESIANPOINT((-173.442844146339,75.9048424353241));
#4789=IFCCARTESIANPOINT((-173.420729437814,71.1910435718601));
#4790=IFCCARTESIANPOINT((-173.415073090669,69.9580100140884));
#4791=IFCCARTESIANPOINT((-173.107147506526,4.89841305156006));
#4792=IFCCARTESIANPOINT((-181.066049841145,5.06747117452323));
#4793=IFCCARTESIANPOINT((-187.724112673284,5.06524372624699));
#4794=IFCPOLYLINE((#4778,#4779,#4780,#4781,#4782,#4783,#4784,#4785,#4786,#4787,#4788,#4789,#4790,#4791,#4792,#4793));
#4795=IFCARBITRARYCLOSEDPROFILEDEF(.AREA.,$,#4794);
#4796=IFCEXTRUDEDAREASOLID(#4795,#4776,#4777,42.);
#4797=IFCSHAPEREPRESENTATION(#11,'Body','SweptSolid',(#4796));
#4798=IFCPRODUCTDEFINITIONSHAPE($,$,(#4797));
#4799=IFCSLAB('0FXIXk0u98$9$qjpDvcyei',#5,'NL.IMRO.0772.MP1458663281-00',$,$,#4772,#4798,$,.NOTDEFINED.);
#4800=IFCSTYLEDITEM(#4796,(#1431),$);
#4801=IFCPROPERTYSINGLEVALUE('plan_id',$,IFCTEXT('NL.IMRO.0772.80354-0301'),$);
#4802=IFCPROPERTYSINGLEVALUE('plan_naam',$,IFCTEXT('1e Herziening Strijp-S 2017'),$);
#4803=IFCPROPERTYSINGLEVALUE('plan_dossierstatus',$,IFCTEXT('geheel onherroepelijk in werking'),$);
#4804=IFCPROPERTYSINGLEVALUE('plan_besluitnummer',$,IFCTEXT('20bst00496'),$);
#4805=IFCPROPERTYSINGLEVALUE('maximum bouwhoogte (m)',$,IFCTEXT('42.0'),$);
#4806=IFCPROPERTYSINGLEVALUE('type_aanduiding',$,IFCTEXT('bouwvlak'),$);
#4807=IFCPROPERTYSINGLEVALUE('type_planobject',$,IFCTEXT('maatvoering'),$);
#4808=IFCPROPERTYSINGLEVALUE('id',$,IFCTEXT('NL.IMRO.0772.MP1458663281-00'),$);
#4809=IFCPROPERTYSET('3_fGIUH1r03RogeasxKHDw',#5,'CPset_DSO-Maatvoering',$,(#4801,#4802,#4803,#4804,#4805,#4806,#4807,#4808));
#4810=IFCRELDEFINESBYPROPERTIES('3YJEs2XMrFtO6L3F0aedhQ',#5,$,$,(#4799),#4809);
#4811=IFCCARTESIANPOINT((0.,0.,-0.1));
#4812=IFCDIRECTION((0.,0.,1.));
#4813=IFCDIRECTION((1.,0.,0.));
#4814=IFCAXIS2PLACEMENT3D(#4811,#4812,#4813);
#4815=IFCLOCALPLACEMENT(#37,#4814);
#4816=IFCCARTESIANPOINT((0.,0.,0.));
#4817=IFCDIRECTION((0.,0.,1.));
#4818=IFCDIRECTION((1.,0.,0.));
#4819=IFCAXIS2PLACEMENT3D(#4816,#4817,#4818);
#4820=IFCDIRECTION((0.,0.,1.));
#4821=IFCCARTESIANPOINT((-135.806609449384,-189.299070692039));
#4822=IFCCARTESIANPOINT((-111.836647428659,-222.067508538195));
#4823=IFCCARTESIANPOINT((-105.290479884687,-219.450868876011));
#4824=IFCCARTESIANPOINT((-101.798416197329,-228.073949615762));
#4825=IFCCARTESIANPOINT((-98.3078421958198,-236.697080096288));
#4826=IFCCARTESIANPOINT((-103.574332296528,-238.836242348596));
#4827=IFCCARTESIANPOINT((-154.326969099027,-196.794769731991));
#4828=IFCCARTESIANPOINT((-135.806609449384,-189.299070692039));
#4829=IFCPOLYLINE((#4821,#4822,#4823,#4824,#4825,#4826,#4827,#4828));
#4830=IFCARBITRARYCLOSEDPROFILEDEF(.AREA.,$,#4829);
#4831=IFCEXTRUDEDAREASOLID(#4830,#4819,#4820,29.);
#4832=IFCSHAPEREPRESENTATION(#11,'Body','SweptSolid',(#4831));
#4833=IFCPRODUCTDEFINITIONSHAPE($,$,(#4832));
#4834=IFCSLAB('0krkB1i$X4rvhDDeZoEzoZ',#5,'NL.IMRO.0772.MP66384270477-00',$,$,#4815,#4833,$,.NOTDEFINED.);
#4835=IFCSTYLEDITEM(#4831,(#1431),$);
#4836=IFCPROPERTYSINGLEVALUE('plan_id',$,IFCTEXT('NL.IMRO.0772.80284-0301'),$);
#4837=IFCPROPERTYSINGLEVALUE('plan_naam',$,IFCTEXT('Strijp-S 2017'),$);
#4838=IFCPROPERTYSINGLEVALUE('plan_dossierstatus',$,IFCTEXT('geheel onherroepelijk in werking'),$);
#4839=IFCPROPERTYSINGLEVALUE('plan_besluitnummer',$,IFCTEXT('17bst01754'),$);
#4840=IFCPROPERTYSINGLEVALUE('maximum bouwhoogte (m)',$,IFCTEXT('29.0'),$);
#4841=IFCPROPERTYSINGLEVALUE('type_aanduiding',$,IFCTEXT('bouwvlak'),$);
#4842=IFCPROPERTYSINGLEVALUE('type_planobject',$,IFCTEXT('maatvoering'),$);
#4843=IFCPROPERTYSINGLEVALUE('id',$,IFCTEXT('NL.IMRO.0772.MP66384270477-00'),$);
#4844=IFCPROPERTYSET('2MpGML5DX1dPhlSxSj2MGc',#5,'CPset_DSO-Maatvoering',$,(#4836,#4837,#4838,#4839,#4840,#4841,#4842,#4843));
#4845=IFCRELDEFINESBYPROPERTIES('0TCuqr8BrAtedQgu_CTF7w',#5,$,$,(#4834),#4844);
#4846=IFCCARTESIANPOINT((0.,0.,-0.1));
#4847=IFCDIRECTION((0.,0.,1.));
#4848=IFCDIRECTION((1.,0.,0.));
#4849=IFCAXIS2PLACEMENT3D(#4846,#4847,#4848);
#4850=IFCLOCALPLACEMENT(#37,#4849);
#4851=IFCCARTESIANPOINT((0.,0.,0.));
#4852=IFCDIRECTION((0.,0.,1.));
#4853=IFCDIRECTION((1.,0.,0.));
#4854=IFCAXIS2PLACEMENT3D(#4851,#4852,#4853);
#4855=IFCDIRECTION((0.,0.,1.));
#4856=IFCCARTESIANPOINT((-270.810073592031,-75.3782292185351));
#4857=IFCCARTESIANPOINT((-230.78351390778,-45.1040697421995));
#4858=IFCCARTESIANPOINT((-234.527730069385,-35.8825225991313));
#4859=IFCCARTESIANPOINT((-221.074735522852,-30.4208550613839));
#4860=IFCCARTESIANPOINT((-221.077641298034,-28.2343456353992));
#4861=IFCCARTESIANPOINT((-216.077462929068,-28.2287601339049));
#4862=IFCCARTESIANPOINT((-196.371167937119,-28.2288513121894));
#4863=IFCCARTESIANPOINT((-176.665493529639,-28.2284220212023));
#4864=IFCCARTESIANPOINT((-173.642691477697,-35.6746391494526));
#4865=IFCCARTESIANPOINT((-170.620625845069,-43.1201710753958));
#4866=IFCCARTESIANPOINT((-168.59847523013,-48.0999995038146));
#4867=IFCCARTESIANPOINT((-168.140983322024,-49.2282085940824));
#4868=IFCCARTESIANPOINT((-166.985379992344,-52.073566718027));
#4869=IFCCARTESIANPOINT((-153.839372730436,-84.4603661607835));
#4870=IFCCARTESIANPOINT((-152.695522277878,-87.2790755412425));
#4871=IFCCARTESIANPOINT((-149.763075013034,-94.5036797777866));
#4872=IFCCARTESIANPOINT((-149.499705667637,-95.1529243106488));
#4873=IFCCARTESIANPOINT((-235.080268651276,-129.901937246614));
#4874=IFCCARTESIANPOINT((-255.480597837915,-113.003113167651));
#4875=IFCCARTESIANPOINT((-270.810073592031,-75.3782292185351));
#4876=IFCPOLYLINE((#4856,#4857,#4858,#4859,#4860,#4861,#4862,#4863,#4864,#4865,#4866,#4867,#4868,#4869,#4870,#4871,#4872,#4873,#4874,#4875));
#4877=IFCARBITRARYCLOSEDPROFILEDEF(.AREA.,$,#4876);
#4878=IFCEXTRUDEDAREASOLID(#4877,#4854,#4855,22.);
#4879=IFCSHAPEREPRESENTATION(#11,'Body','SweptSolid',(#4878));
#4880=IFCPRODUCTDEFINITIONSHAPE($,$,(#4879));
#4881=IFCSLAB('2cdTNs5S58a9t9SY3kA5Na',#5,'NL.IMRO.0772.MP10386346732-00',$,$,#4850,#4880,$,.NOTDEFINED.);
#4882=IFCSTYLEDITEM(#4878,(#1431),$);
#4883=IFCPROPERTYSINGLEVALUE('plan_id',$,IFCTEXT('NL.IMRO.0772.80284-0301'),$);
#4884=IFCPROPERTYSINGLEVALUE('plan_naam',$,IFCTEXT('Strijp-S 2017'),$);
#4885=IFCPROPERTYSINGLEVALUE('plan_dossierstatus',$,IFCTEXT('geheel onherroepelijk in werking'),$);
#4886=IFCPROPERTYSINGLEVALUE('plan_besluitnummer',$,IFCTEXT('17bst01754'),$);
#4887=IFCPROPERTYSINGLEVALUE('maximum bouwhoogte (m)',$,IFCTEXT('22.0'),$);
#4888=IFCPROPERTYSINGLEVALUE('type_aanduiding',$,IFCTEXT('bouwvlak'),$);
#4889=IFCPROPERTYSINGLEVALUE('type_planobject',$,IFCTEXT('maatvoering'),$);
#4890=IFCPROPERTYSINGLEVALUE('id',$,IFCTEXT('NL.IMRO.0772.MP10386346732-00'),$);
#4891=IFCPROPERTYSET('2DlNpXgIfAXfy7rvAEzbJx',#5,'CPset_DSO-Maatvoering',$,(#4883,#4884,#4885,#4886,#4887,#4888,#4889,#4890));
#4892=IFCRELDEFINESBYPROPERTIES('05ONJ4mgb8vALXGTlj_kZZ',#5,$,$,(#4881),#4891);
#4893=IFCCARTESIANPOINT((0.,0.,-0.1));
#4894=IFCDIRECTION((0.,0.,1.));
#4895=IFCDIRECTION((1.,0.,0.));
#4896=IFCAXIS2PLACEMENT3D(#4893,#4894,#4895);
#4897=IFCLOCALPLACEMENT(#37,#4896);
#4898=IFCCARTESIANPOINT((0.,0.,0.));
#4899=IFCDIRECTION((0.,0.,1.));
#4900=IFCDIRECTION((1.,0.,0.));
#4901=IFCAXIS2PLACEMENT3D(#4898,#4899,#4900);
#4902=IFCDIRECTION((0.,0.,1.));
#4903=IFCCARTESIANPOINT((-299.885697284713,-51.2360373144038));
#4904=IFCCARTESIANPOINT((-299.657364704093,-51.1421359075466));
#4905=IFCCARTESIANPOINT((-296.122339360794,-59.6631525640842));
#4906=IFCCARTESIANPOINT((-294.201177044102,-64.3996251676581));
#4907=IFCCARTESIANPOINT((-284.95329433048,-87.1958082327037));
#4908=IFCCARTESIANPOINT((-284.10241520658,-89.293934158457));
#4909=IFCCARTESIANPOINT((-320.093028940231,-59.480736321595));
#4910=IFCCARTESIANPOINT((-299.885697284713,-51.2360373144038));
#4911=IFCPOLYLINE((#4903,#4904,#4905,#4906,#4907,#4908,#4909,#4910));
#4912=IFCARBITRARYCLOSEDPROFILEDEF(.AREA.,$,#4911);
#4913=IFCEXTRUDEDAREASOLID(#4912,#4901,#4902,26.);
#4914=IFCSHAPEREPRESENTATION(#11,'Body','SweptSolid',(#4913));
#4915=IFCPRODUCTDEFINITIONSHAPE($,$,(#4914));
#4916=IFCSLAB('02SRkYDHX7Nw7lyRSCIEAz',#5,'NL.IMRO.0772.MP7391860021-00',$,$,#4897,#4915,$,.NOTDEFINED.);
#4917=IFCSTYLEDITEM(#4913,(#1431),$);
#4918=IFCPROPERTYSINGLEVALUE('plan_id',$,IFCTEXT('NL.IMRO.0772.80284-0301'),$);
#4919=IFCPROPERTYSINGLEVALUE('plan_naam',$,IFCTEXT('Strijp-S 2017'),$);
#4920=IFCPROPERTYSINGLEVALUE('plan_dossierstatus',$,IFCTEXT('geheel onherroepelijk in werking'),$);
#4921=IFCPROPERTYSINGLEVALUE('plan_besluitnummer',$,IFCTEXT('17bst01754'),$);
#4922=IFCPROPERTYSINGLEVALUE('maximum bouwhoogte (m)',$,IFCTEXT('26.0'),$);
#4923=IFCPROPERTYSINGLEVALUE('type_aanduiding',$,IFCTEXT('bouwvlak'),$);
#4924=IFCPROPERTYSINGLEVALUE('type_planobject',$,IFCTEXT('maatvoering'),$);
#4925=IFCPROPERTYSINGLEVALUE('id',$,IFCTEXT('NL.IMRO.0772.MP7391860021-00'),$);
#4926=IFCPROPERTYSET('3bs1X3lDDCCut8G8RrTh5f',#5,'CPset_DSO-Maatvoering',$,(#4918,#4919,#4920,#4921,#4922,#4923,#4924,#4925));
#4927=IFCRELDEFINESBYPROPERTIES('2JL8BF17n2UAgEi4ato3wN',#5,$,$,(#4916),#4926);
#4928=IFCCARTESIANPOINT((0.,0.,-0.1));
#4929=IFCDIRECTION((0.,0.,1.));
#4930=IFCDIRECTION((1.,0.,0.));
#4931=IFCAXIS2PLACEMENT3D(#4928,#4929,#4930);
#4932=IFCLOCALPLACEMENT(#37,#4931);
#4933=IFCCARTESIANPOINT((0.,0.,0.));
#4934=IFCDIRECTION((0.,0.,1.));
#4935=IFCDIRECTION((1.,0.,0.));
#4936=IFCAXIS2PLACEMENT3D(#4933,#4934,#4935);
#4937=IFCDIRECTION((0.,0.,1.));
#4938=IFCCARTESIANPOINT((-346.720497889415,-37.423596491979));
#4939=IFCCARTESIANPOINT((-352.005851739581,-33.0454188610311));
#4940=IFCCARTESIANPOINT((-349.656112539611,-30.2088041381212));
#4941=IFCCARTESIANPOINT((-346.720497889415,-37.423596491979));
#4942=IFCPOLYLINE((#4938,#4939,#4940,#4941));
#4943=IFCARBITRARYCLOSEDPROFILEDEF(.AREA.,$,#4942);
#4944=IFCEXTRUDEDAREASOLID(#4943,#4936,#4937,22.);
#4945=IFCSHAPEREPRESENTATION(#11,'Body','SweptSolid',(#4944));
#4946=IFCPRODUCTDEFINITIONSHAPE($,$,(#4945));
#4947=IFCSLAB('1GvdOOU9v32v9e5TGnLDm2',#5,'NL.IMRO.0772.MP6405429356-00',$,$,#4932,#4946,$,.NOTDEFINED.);
#4948=IFCSTYLEDITEM(#4944,(#1431),$);
#4949=IFCPROPERTYSINGLEVALUE('plan_id',$,IFCTEXT('NL.IMRO.0772.80284-0301'),$);
#4950=IFCPROPERTYSINGLEVALUE('plan_naam',$,IFCTEXT('Strijp-S 2017'),$);
#4951=IFCPROPERTYSINGLEVALUE('plan_dossierstatus',$,IFCTEXT('geheel onherroepelijk in werking'),$);
#4952=IFCPROPERTYSINGLEVALUE('plan_besluitnummer',$,IFCTEXT('17bst01754'),$);
#4953=IFCPROPERTYSINGLEVALUE('maximum bouwhoogte (m)',$,IFCTEXT('22.0'),$);
#4954=IFCPROPERTYSINGLEVALUE('type_aanduiding',$,IFCTEXT('bouwvlak'),$);
#4955=IFCPROPERTYSINGLEVALUE('type_planobject',$,IFCTEXT('maatvoering'),$);
#4956=IFCPROPERTYSINGLEVALUE('id',$,IFCTEXT('NL.IMRO.0772.MP6405429356-00'),$);
#4957=IFCPROPERTYSET('34V6FtRQX9vBdonMwCte6x',#5,'CPset_DSO-Maatvoering',$,(#4949,#4950,#4951,#4952,#4953,#4954,#4955,#4956));
#4958=IFCRELDEFINESBYPROPERTIES('0yEtLVqsbFnQhweuQfFWha',#5,$,$,(#4947),#4957);
#4959=IFCCARTESIANPOINT((0.,0.,-0.1));
#4960=IFCDIRECTION((0.,0.,1.));
#4961=IFCDIRECTION((1.,0.,0.));
#4962=IFCAXIS2PLACEMENT3D(#4959,#4960,#4961);
#4963=IFCLOCALPLACEMENT(#37,#4962);
#4964=IFCCARTESIANPOINT((0.,0.,0.));
#4965=IFCDIRECTION((0.,0.,1.));
#4966=IFCDIRECTION((1.,0.,0.));
#4967=IFCAXIS2PLACEMENT3D(#4964,#4965,#4966);
#4968=IFCDIRECTION((0.,0.,1.));
#4969=IFCCARTESIANPOINT((-247.808262948849,75.3390828022384));
#4970=IFCCARTESIANPOINT((-247.545544065681,75.3396186827449));
#4971=IFCCARTESIANPOINT((-247.83457354267,38.2761501658824));
#4972=IFCCARTESIANPOINT((-292.889984965703,38.3194960411056));
#4973=IFCCARTESIANPOINT((-262.234957925539,75.3263694142806));
#4974=IFCCARTESIANPOINT((-247.808262948849,75.3390828022384));
#4975=IFCPOLYLINE((#4969,#4970,#4971,#4972,#4973,#4974));
#4976=IFCARBITRARYCLOSEDPROFILEDEF(.AREA.,$,#4975);
#4977=IFCEXTRUDEDAREASOLID(#4976,#4967,#4968,10.);
#4978=IFCSHAPEREPRESENTATION(#11,'Body','SweptSolid',(#4977));
#4979=IFCPRODUCTDEFINITIONSHAPE($,$,(#4978));
#4980=IFCSLAB('39zr1P_GL8OwGvLEXyBfzC',#5,'NL.IMRO.0772.MP36384266604-00',$,$,#4963,#4979,$,.NOTDEFINED.);
#4981=IFCSTYLEDITEM(#4977,(#1431),$);
#4982=IFCPROPERTYSINGLEVALUE('plan_id',$,IFCTEXT('NL.IMRO.0772.80284-0301'),$);
#4983=IFCPROPERTYSINGLEVALUE('plan_naam',$,IFCTEXT('Strijp-S 2017'),$);
#4984=IFCPROPERTYSINGLEVALUE('plan_dossierstatus',$,IFCTEXT('geheel onherroepelijk in werking'),$);
#4985=IFCPROPERTYSINGLEVALUE('plan_besluitnummer',$,IFCTEXT('17bst01754'),$);
#4986=IFCPROPERTYSINGLEVALUE('maximum bouwhoogte (m)',$,IFCTEXT('10.0'),$);
#4987=IFCPROPERTYSINGLEVALUE('type_aanduiding',$,IFCTEXT('bouwvlak'),$);
#4988=IFCPROPERTYSINGLEVALUE('type_planobject',$,IFCTEXT('maatvoering'),$);
#4989=IFCPROPERTYSINGLEVALUE('id',$,IFCTEXT('NL.IMRO.0772.MP36384266604-00'),$);
#4990=IFCPROPERTYSET('06Zwerkm5DV8wM4R_3M168',#5,'CPset_DSO-Maatvoering',$,(#4982,#4983,#4984,#4985,#4986,#4987,#4988,#4989));
#4991=IFCRELDEFINESBYPROPERTIES('1wsdrPaCjFePKO_I__AmDE',#5,$,$,(#4980),#4990);
#4992=IFCRELCONTAINEDINSPATIALSTRUCTURE('2u7kE0h3j2WhSZaQ0xos$H',#5,'Building Storey Container',$,(#1397,#1427,#1467,#1501,#1552,#1616,#1679,#1712,#1744,#1779,#1814,#1847,#1880,#1917,#1950,#1983,#2016,#2050,#2083,#2116,#2150,#2183,#2239,#2302,#2367,#2434,#2467,#2499,#2532,#2565,#2597,#2629,#2660,#2692,#2723,#2755,#2786,#2819,#2851,#2887,#2923,#2996,#3030,#3064,#3110,#3157,#3216,#3284,#3352,#3383,#3414,#3448,#3480,#3512,#3655,#3787,#3918,#3949,#4005,#4061,#4095,#4230,#4565,#4599,#4642,#4679,#4714,#4756,#4799,#4834,#4881,#4916,#4947,#4980),#38);
#4993=IFCMATERIAL('GEO-Nulpunt');
#4994=IFCRELASSOCIATESMATERIAL('3HpYm0qhbBQgosIXDGV13$',#5,$,$,(#1397),#4993);
#4995=IFCMATERIAL('DSO-Maatvoering');
#4996=IFCRELASSOCIATESMATERIAL('1$AAaK5Vb439lFLs3LXFth',#5,$,$,(#1427,#1467,#1501,#1552,#1616,#1679,#1712,#1744,#1779,#1814,#1847,#1880,#1917,#1950,#1983,#2016,#2050,#2083,#2116,#2150,#2183,#2239,#2302,#2367,#2434,#2467,#2499,#2532,#2565,#2597,#2629,#2660,#2692,#2723,#2755,#2786,#2819,#2851,#2887,#2923,#2996,#3030,#3064,#3110,#3157,#3216,#3284,#3352,#3383,#3414,#3448,#3480,#3512,#3655,#3787,#3918,#3949,#4005,#4061,#4095,#4230,#4565,#4599,#4642,#4679,#4714,#4756,#4799,#4834,#4881,#4916,#4947,#4980),#4995);
#4997=IFCPRESENTATIONLAYERASSIGNMENT('GEO-Nulpunt',$,(#1390),$);
#4998=IFCPRESENTATIONLAYERASSIGNMENT('DSO-Maatvoering',$,(#1425,#1465,#1499,#1550,#1614,#1677,#1710,#1742,#1777,#1812,#1845,#1878,#1915,#1948,#1981,#2014,#2048,#2081,#2114,#2148,#2181,#2237,#2300,#2365,#2432,#2465,#2497,#2530,#2563,#2595,#2627,#2658,#2690,#2721,#2753,#2784,#2817,#2849,#2885,#2921,#2994,#3028,#3062,#3108,#3155,#3214,#3282,#3350,#3381,#3412,#3446,#3478,#3510,#3653,#3785,#3916,#3947,#4003,#4059,#4093,#4228,#4563,#4597,#4640,#4677,#4712,#4754,#4797,#4832,#4879,#4914,#4945,#4978),$);
ENDSEC;
END-ISO-10303-21;
