ISO-10303-21;
HEADER;
FILE_DESCRIPTION(('ViewDefinition [CoordinationView_V2.0]'),'2;1');
FILE_NAME('3D-omgeving.nl-BRK-Perceel.ifc','2025-12-18T11:10:37',('3D-omgeving.nl'),('On-Track B.V.'),'3D-omgeving.nl','OnTrack - 3Domgeving - 1.1.0','none');
FILE_SCHEMA(('IFC2X3'));
ENDSEC;
DATA;
#1=IFCPERSON($,$,'3D-omgeving.nl',$,$,$,$,$);
#2=IFCORGANIZATION($,'On-Track B.V.',$,$,$);
#3=IFCPERSONANDORGANIZATION(#1,#2,$);
#4=IFCAPPLICATION(#2,'OnTrack - 3Domgeving - 1.1.0','3D-omgeving.nl','');
#5=IFCOWNERHISTORY(#3,#4,$,.ADDED.,$,#3,#4,1766056237);
#6=IFCDIRECTION((1.,0.,0.));
#7=IFCDIRECTION((0.,0.,1.));
#8=IFCCARTESIANPOINT((0.,0.,0.));
#9=IFCAXIS2PLACEMENT3D(#8,#7,#6);
#10=IFCDIRECTION((0.,1.,0.));
#11=IFCGEOMETRICREPRESENTATIONCONTEXT($,'Model',3,1.E-05,#9,#10);
#12=IFCDIMENSIONALEXPONENTS(0,0,0,0,0,0,0);
#13=IFCSIUNIT(*,.LENGTHUNIT.,$,.METRE.);
#14=IFCSIUNIT(*,.AREAUNIT.,$,.SQUARE_METRE.);
#15=IFCSIUNIT(*,.VOLUMEUNIT.,$,.CUBIC_METRE.);
#16=IFCSIUNIT(*,.PLANEANGLEUNIT.,$,.RADIAN.);
#17=IFCMEASUREWITHUNIT(IFCPLANEANGLEMEASURE(0.0174532925199433),#16);
#18=IFCCONVERSIONBASEDUNIT(#12,.PLANEANGLEUNIT.,'DEGREE',#17);
#19=IFCUNITASSIGNMENT((#13,#14,#15,#18));
#20=IFCPROJECT('2s$0V_4sHAeAXSMXlyn0yH',#5,'3D-omgeving.nl-BRK-Perceel.ifc',$,$,$,$,(#11),#19);
#21=IFCCARTESIANPOINT((0.,0.,0.));
#22=IFCDIRECTION((0.,0.,1.));
#23=IFCDIRECTION((1.,0.,0.));
#24=IFCAXIS2PLACEMENT3D(#21,#22,#23);
#25=IFCLOCALPLACEMENT($,#24);
#26=IFCSITE('2acm9qCxT74hmyw2F75mY2',#5,'Site',$,$,#25,$,$,.ELEMENT.,$,$,$,$,$);
#27=IFCCARTESIANPOINT((0.,0.,0.));
#28=IFCDIRECTION((0.,0.,1.));
#29=IFCDIRECTION((1.,0.,0.));
#30=IFCAXIS2PLACEMENT3D(#27,#28,#29);
#31=IFCLOCALPLACEMENT(#25,#30);
#32=IFCBUILDING('0V5LuX6uf78w4v1WDtaXpr',#5,'Building',$,$,#31,$,$,.ELEMENT.,$,$,$);
#33=IFCCARTESIANPOINT((0.,0.,0.));
#34=IFCDIRECTION((0.,0.,1.));
#35=IFCDIRECTION((1.,0.,0.));
#36=IFCAXIS2PLACEMENT3D(#33,#34,#35);
#37=IFCLOCALPLACEMENT(#31,#36);
#38=IFCBUILDINGSTOREY('3L0jG1Jhz4kfx1IiYlPtmE',#5,'Storey',$,$,#37,$,$,.ELEMENT.,0.);
#39=IFCRELAGGREGATES('2ol3j9Jyz10Ohn3Ikh_$Fl',#5,'Building Container',$,#32,(#38));
#40=IFCRELAGGREGATES('3rbBB_RwH96A1hnoEKBN0G',#5,'Site Container',$,#26,(#32));
#41=IFCRELAGGREGATES('1iE0SQG$r0EODHu$KHSYk1',#5,'Project Container',$,#20,(#26));
#42=IFCCARTESIANPOINT((-0.163989797234535,3.60955709766131E-15,0.025000000372529));
#43=IFCCARTESIANPOINT((-3.49224636838827E-14,0.0819948986172674,0.025000000372529));
#44=IFCCARTESIANPOINT((-3.07940352633606E-14,0.249699994921684,0.025000000372529));
#45=IFCCARTESIANPOINT((-0.499399989843369,1.08286712929839E-14,0.025000000372529));
#46=IFCPOLYLOOP((#42,#43,#44,#45));
#47=IFCFACEBOUND(#46,.T.);
#48=IFCFACE((#47));
#49=IFCCARTESIANPOINT((-0.163989797234535,3.60955709766131E-15,-4.00741339852274E-32));
#50=IFCCARTESIANPOINT((-0.499399989843369,1.08286712929839E-14,-1.6029653594091E-31));
#51=IFCCARTESIANPOINT((-3.07940352633606E-14,0.249699994921684,-8.01482679704548E-32));
#52=IFCCARTESIANPOINT((-3.49224636838827E-14,0.0819948986172674,-1.20222401955682E-31));
#53=IFCPOLYLOOP((#49,#50,#51,#52));
#54=IFCFACEBOUND(#53,.T.);
#55=IFCFACE((#54));
#56=IFCCARTESIANPOINT((-0.163989797234535,3.60955709766131E-15,0.025000000372529));
#57=IFCCARTESIANPOINT((-0.499399989843369,1.08286712929839E-14,0.025000000372529));
#58=IFCCARTESIANPOINT((-0.499399989843369,1.08286712929839E-14,-1.6029653594091E-31));
#59=IFCCARTESIANPOINT((-0.163989797234535,3.60955709766131E-15,-4.00741339852274E-32));
#60=IFCPOLYLOOP((#56,#57,#58,#59));
#61=IFCFACEBOUND(#60,.T.);
#62=IFCFACE((#61));
#63=IFCCARTESIANPOINT((-0.499399989843369,1.08286712929839E-14,0.025000000372529));
#64=IFCCARTESIANPOINT((-3.07940352633606E-14,0.249699994921684,0.025000000372529));
#65=IFCCARTESIANPOINT((-3.07940352633606E-14,0.249699994921684,-8.01482679704548E-32));
#66=IFCCARTESIANPOINT((-0.499399989843369,1.08286712929839E-14,-1.6029653594091E-31));
#67=IFCPOLYLOOP((#63,#64,#65,#66));
#68=IFCFACEBOUND(#67,.T.);
#69=IFCFACE((#68));
#70=IFCCARTESIANPOINT((-3.07940352633606E-14,0.249699994921684,0.025000000372529));
#71=IFCCARTESIANPOINT((-3.49224636838827E-14,0.0819948986172674,0.025000000372529));
#72=IFCCARTESIANPOINT((-3.49224636838827E-14,0.0819948986172674,-1.20222401955682E-31));
#73=IFCCARTESIANPOINT((-3.07940352633606E-14,0.249699994921684,-8.01482679704548E-32));
#74=IFCPOLYLOOP((#70,#71,#72,#73));
#75=IFCFACEBOUND(#74,.T.);
#76=IFCFACE((#75));
#77=IFCCARTESIANPOINT((-3.49224636838827E-14,0.0819948986172674,0.025000000372529));
#78=IFCCARTESIANPOINT((-0.163989797234535,3.60955709766131E-15,0.025000000372529));
#79=IFCCARTESIANPOINT((-0.163989797234535,3.60955709766131E-15,-4.00741339852274E-32));
#80=IFCCARTESIANPOINT((-3.49224636838827E-14,0.0819948986172674,-1.20222401955682E-31));
#81=IFCPOLYLOOP((#77,#78,#79,#80));
#82=IFCFACEBOUND(#81,.T.);
#83=IFCFACE((#82));
#84=IFCCLOSEDSHELL((#48,#55,#62,#69,#76,#83));
#85=IFCFACETEDBREP(#84);
#86=IFCCARTESIANPOINT((0.163989797234464,-7.14860482562451E-16,0.025000000372529));
#87=IFCCARTESIANPOINT((-3.36583769022504E-14,-0.0819948986172689,0.025000000372529));
#88=IFCCARTESIANPOINT((-3.3351143936189E-14,-0.249699994921685,0.025000000372529));
#89=IFCCARTESIANPOINT((0.499399989843298,9.37348095282042E-16,0.025000000372529));
#90=IFCPOLYLOOP((#86,#87,#88,#89));
#91=IFCFACEBOUND(#90,.T.);
#92=IFCFACE((#91));
#93=IFCCARTESIANPOINT((0.163989797234464,-7.15985144223407E-16,-1.35706275413179E-17));
#94=IFCCARTESIANPOINT((0.499399989843298,9.36223433621086E-16,-5.8462899550157E-18));
#95=IFCCARTESIANPOINT((-3.33505681980427E-14,-0.249699994921685,-6.11411448598479E-18));
#96=IFCCARTESIANPOINT((-3.36578011641042E-14,-0.0819948986172689,-1.36585740599824E-17));
#97=IFCPOLYLOOP((#93,#94,#95,#96));
#98=IFCFACEBOUND(#97,.T.);
#99=IFCFACE((#98));
#100=IFCCARTESIANPOINT((0.163989797234464,-7.14860482562451E-16,0.025000000372529));
#101=IFCCARTESIANPOINT((0.499399989843298,9.37348095282042E-16,0.025000000372529));
#102=IFCCARTESIANPOINT((0.499399989843298,9.36223433621086E-16,-5.8462899550157E-18));
#103=IFCCARTESIANPOINT((0.163989797234464,-7.15985144223407E-16,-1.35706275413179E-17));
#104=IFCPOLYLOOP((#100,#101,#102,#103));
#105=IFCFACEBOUND(#104,.T.);
#106=IFCFACE((#105));
#107=IFCCARTESIANPOINT((0.499399989843298,9.37348095282042E-16,0.025000000372529));
#108=IFCCARTESIANPOINT((-3.3351143936189E-14,-0.249699994921685,0.025000000372529));
#109=IFCCARTESIANPOINT((-3.33505681980427E-14,-0.249699994921685,-6.11411448598479E-18));
#110=IFCCARTESIANPOINT((0.499399989843298,9.36223433621086E-16,-5.8462899550157E-18));
#111=IFCPOLYLOOP((#107,#108,#109,#110));
#112=IFCFACEBOUND(#111,.T.);
#113=IFCFACE((#112));
#114=IFCCARTESIANPOINT((-3.3351143936189E-14,-0.249699994921685,0.025000000372529));
#115=IFCCARTESIANPOINT((-3.36583769022504E-14,-0.0819948986172689,0.025000000372529));
#116=IFCCARTESIANPOINT((-3.36578011641042E-14,-0.0819948986172689,-1.36585740599824E-17));
#117=IFCCARTESIANPOINT((-3.33505681980427E-14,-0.249699994921685,-6.11411448598479E-18));
#118=IFCPOLYLOOP((#114,#115,#116,#117));
#119=IFCFACEBOUND(#118,.T.);
#120=IFCFACE((#119));
#121=IFCCARTESIANPOINT((-3.36583769022504E-14,-0.0819948986172689,0.025000000372529));
#122=IFCCARTESIANPOINT((0.163989797234464,-7.14860482562451E-16,0.025000000372529));
#123=IFCCARTESIANPOINT((0.163989797234464,-7.15985144223407E-16,-1.35706275413179E-17));
#124=IFCCARTESIANPOINT((-3.36578011641042E-14,-0.0819948986172689,-1.36585740599824E-17));
#125=IFCPOLYLOOP((#121,#122,#123,#124));
#126=IFCFACEBOUND(#125,.T.);
#127=IFCFACE((#126));
#128=IFCCLOSEDSHELL((#92,#99,#106,#113,#120,#127));
#129=IFCFACETEDBREP(#128);
#130=IFCCARTESIANPOINT((-3.34786420808086E-14,-0.0819948986172674,0.025000000372529));
#131=IFCCARTESIANPOINT((-3.3207925298484E-14,-0.249699994921684,0.025000000372529));
#132=IFCCARTESIANPOINT((-3.3207925298484E-14,-0.249699994921684,0.));
#133=IFCCARTESIANPOINT((-3.34786420808086E-14,-0.0819948986172674,0.));
#134=IFCPOLYLOOP((#130,#131,#132,#133));
#135=IFCFACEBOUND(#134,.T.);
#136=IFCFACE((#135));
#137=IFCCARTESIANPOINT((-0.499399989843369,-2.16573425859679E-15,0.025000000372529));
#138=IFCCARTESIANPOINT((-0.163989797234535,-1.44382283906452E-15,0.025000000372529));
#139=IFCCARTESIANPOINT((-0.163989797234535,-1.44382283906452E-15,0.));
#140=IFCCARTESIANPOINT((-0.499399989843369,-2.16573425859679E-15,0.));
#141=IFCPOLYLOOP((#137,#138,#139,#140));
#142=IFCFACEBOUND(#141,.T.);
#143=IFCFACE((#142));
#144=IFCCARTESIANPOINT((-0.163989797234535,-1.44382283906452E-15,0.025000000372529));
#145=IFCCARTESIANPOINT((-3.34786420808086E-14,-0.0819948986172674,0.025000000372529));
#146=IFCCARTESIANPOINT((-3.34786420808086E-14,-0.0819948986172674,0.));
#147=IFCCARTESIANPOINT((-0.163989797234535,-1.44382283906452E-15,0.));
#148=IFCPOLYLOOP((#144,#145,#146,#147));
#149=IFCFACEBOUND(#148,.T.);
#150=IFCFACE((#149));
#151=IFCCARTESIANPOINT((-3.3207925298484E-14,-0.249699994921684,0.));
#152=IFCCARTESIANPOINT((-0.499399989843369,-2.16573425859679E-15,0.));
#153=IFCCARTESIANPOINT((-0.163989797234535,-1.44382283906452E-15,0.));
#154=IFCCARTESIANPOINT((-3.34786420808086E-14,-0.0819948986172674,0.));
#155=IFCPOLYLOOP((#151,#152,#153,#154));
#156=IFCFACEBOUND(#155,.T.);
#157=IFCFACE((#156));
#158=IFCCARTESIANPOINT((-3.3207925298484E-14,-0.249699994921684,0.025000000372529));
#159=IFCCARTESIANPOINT((-0.499399989843369,-2.16573425859679E-15,0.025000000372529));
#160=IFCCARTESIANPOINT((-0.499399989843369,-2.16573425859679E-15,0.));
#161=IFCCARTESIANPOINT((-3.3207925298484E-14,-0.249699994921684,0.));
#162=IFCPOLYLOOP((#158,#159,#160,#161));
#163=IFCFACEBOUND(#162,.T.);
#164=IFCFACE((#163));
#165=IFCCARTESIANPOINT((-3.3207925298484E-14,-0.249699994921684,0.025000000372529));
#166=IFCCARTESIANPOINT((-3.34786420808086E-14,-0.0819948986172674,0.025000000372529));
#167=IFCCARTESIANPOINT((-0.163989797234535,-1.44382283906452E-15,0.025000000372529));
#168=IFCCARTESIANPOINT((-0.499399989843369,-2.16573425859679E-15,0.025000000372529));
#169=IFCPOLYLOOP((#165,#166,#167,#168));
#170=IFCFACEBOUND(#169,.T.);
#171=IFCFACE((#170));
#172=IFCCLOSEDSHELL((#136,#143,#150,#157,#164,#171));
#173=IFCFACETEDBREP(#172);
#174=IFCCARTESIANPOINT((-0.083979956805706,-0.572234034538269,0.025000000372529));
#175=IFCCARTESIANPOINT((-0.083979956805706,-0.546187996864319,0.025000000372529));
#176=IFCCARTESIANPOINT((-0.083979956805706,-0.546187996864319,0.));
#177=IFCCARTESIANPOINT((-0.083979956805706,-0.572234034538269,0.));
#178=IFCPOLYLOOP((#174,#175,#176,#177));
#179=IFCFACEBOUND(#178,.T.);
#180=IFCFACE((#179));
#181=IFCCARTESIANPOINT((0.0382549688220024,-0.396435499191284,0.025000000372529));
#182=IFCCARTESIANPOINT((-0.0714229121804237,-0.396435499191284,0.025000000372529));
#183=IFCCARTESIANPOINT((-0.0714229121804237,-0.396435499191284,0.));
#184=IFCCARTESIANPOINT((0.0382549688220024,-0.396435499191284,0.));
#185=IFCPOLYLOOP((#181,#182,#183,#184));
#186=IFCFACEBOUND(#185,.T.);
#187=IFCFACE((#186));
#188=IFCCARTESIANPOINT((-0.083979956805706,-0.546187996864319,0.025000000372529));
#189=IFCCARTESIANPOINT((0.0187326986342669,-0.420323312282563,0.025000000372529));
#190=IFCCARTESIANPOINT((0.0187326986342669,-0.420323312282563,0.));
#191=IFCCARTESIANPOINT((-0.083979956805706,-0.546187996864319,0.));
#192=IFCPOLYLOOP((#188,#189,#190,#191));
#193=IFCFACEBOUND(#192,.T.);
#194=IFCFACE((#193));
#195=IFCCARTESIANPOINT((-0.0714229121804237,-0.396435499191284,0.025000000372529));
#196=IFCCARTESIANPOINT((-0.0714229121804237,-0.371321439743042,0.025000000372529));
#197=IFCCARTESIANPOINT((-0.0714229121804237,-0.371321439743042,0.));
#198=IFCCARTESIANPOINT((-0.0714229121804237,-0.396435499191284,0.));
#199=IFCPOLYLOOP((#195,#196,#197,#198));
#200=IFCFACEBOUND(#199,.T.);
#201=IFCFACE((#200));
#202=IFCCARTESIANPOINT((-0.0531759671866894,-0.547119975090027,0.025000000372529));
#203=IFCCARTESIANPOINT((0.0729830339550972,-0.547119975090027,0.025000000372529));
#204=IFCCARTESIANPOINT((0.0729830339550972,-0.547119975090027,0.));
#205=IFCCARTESIANPOINT((-0.0531759671866894,-0.547119975090027,0.));
#206=IFCPOLYLOOP((#202,#203,#204,#205));
#207=IFCFACEBOUND(#206,.T.);
#208=IFCFACE((#207));
#209=IFCCARTESIANPOINT((-0.083979956805706,-0.572234034538269,0.));
#210=IFCCARTESIANPOINT((-0.083979956805706,-0.546187996864319,0.));
#211=IFCCARTESIANPOINT((0.0187326986342669,-0.420323312282563,0.));
#212=IFCCARTESIANPOINT((0.0382549688220024,-0.396435499191284,0.));
#213=IFCCARTESIANPOINT((-0.0714229121804237,-0.396435499191284,0.));
#214=IFCCARTESIANPOINT((-0.0714229121804237,-0.371321439743042,0.));
#215=IFCCARTESIANPOINT((0.0698437690734863,-0.371321439743042,0.));
#216=IFCCARTESIANPOINT((0.0698437690734863,-0.396435499191284,0.));
#217=IFCCARTESIANPOINT((-0.0425809659063816,-0.534170508384705,0.));
#218=IFCCARTESIANPOINT((-0.0531759671866894,-0.547119975090027,0.));
#219=IFCCARTESIANPOINT((0.0729830339550972,-0.547119975090027,0.));
#220=IFCCARTESIANPOINT((0.0729830339550972,-0.572234034538269,0.));
#221=IFCPOLYLOOP((#209,#210,#211,#212,#213,#214,#215,#216,#217,#218,#219,#220));
#222=IFCFACEBOUND(#221,.T.);
#223=IFCFACE((#222));
#224=IFCCARTESIANPOINT((0.0729830339550972,-0.547119975090027,0.025000000372529));
#225=IFCCARTESIANPOINT((0.0729830339550972,-0.572234034538269,0.025000000372529));
#226=IFCCARTESIANPOINT((0.0729830339550972,-0.572234034538269,0.));
#227=IFCCARTESIANPOINT((0.0729830339550972,-0.547119975090027,0.));
#228=IFCPOLYLOOP((#224,#225,#226,#227));
#229=IFCFACEBOUND(#228,.T.);
#230=IFCFACE((#229));
#231=IFCCARTESIANPOINT((-0.0425809659063816,-0.534170508384705,0.025000000372529));
#232=IFCCARTESIANPOINT((-0.0531759671866894,-0.547119975090027,0.025000000372529));
#233=IFCCARTESIANPOINT((-0.0531759671866894,-0.547119975090027,0.));
#234=IFCCARTESIANPOINT((-0.0425809659063816,-0.534170508384705,0.));
#235=IFCPOLYLOOP((#231,#232,#233,#234));
#236=IFCFACEBOUND(#235,.T.);
#237=IFCFACE((#236));
#238=IFCCARTESIANPOINT((-0.083979956805706,-0.572234034538269,0.025000000372529));
#239=IFCCARTESIANPOINT((0.0729830339550972,-0.572234034538269,0.025000000372529));
#240=IFCCARTESIANPOINT((0.0729830339550972,-0.547119975090027,0.025000000372529));
#241=IFCCARTESIANPOINT((-0.0531759671866894,-0.547119975090027,0.025000000372529));
#242=IFCCARTESIANPOINT((-0.0425809659063816,-0.534170508384705,0.025000000372529));
#243=IFCCARTESIANPOINT((0.0698437690734863,-0.396435499191284,0.025000000372529));
#244=IFCCARTESIANPOINT((0.0698437690734863,-0.371321439743042,0.025000000372529));
#245=IFCCARTESIANPOINT((-0.0714229121804237,-0.371321439743042,0.025000000372529));
#246=IFCCARTESIANPOINT((-0.0714229121804237,-0.396435499191284,0.025000000372529));
#247=IFCCARTESIANPOINT((0.0382549688220024,-0.396435499191284,0.025000000372529));
#248=IFCCARTESIANPOINT((0.0187326986342669,-0.420323312282563,0.025000000372529));
#249=IFCCARTESIANPOINT((-0.083979956805706,-0.546187996864319,0.025000000372529));
#250=IFCPOLYLOOP((#238,#239,#240,#241,#242,#243,#244,#245,#246,#247,#248,#249));
#251=IFCFACEBOUND(#250,.T.);
#252=IFCFACE((#251));
#253=IFCCARTESIANPOINT((0.0187326986342669,-0.420323312282563,0.025000000372529));
#254=IFCCARTESIANPOINT((0.0382549688220024,-0.396435499191284,0.025000000372529));
#255=IFCCARTESIANPOINT((0.0382549688220024,-0.396435499191284,0.));
#256=IFCCARTESIANPOINT((0.0187326986342669,-0.420323312282563,0.));
#257=IFCPOLYLOOP((#253,#254,#255,#256));
#258=IFCFACEBOUND(#257,.T.);
#259=IFCFACE((#258));
#260=IFCCARTESIANPOINT((0.0698437690734863,-0.396435499191284,0.025000000372529));
#261=IFCCARTESIANPOINT((-0.0425809659063816,-0.534170508384705,0.025000000372529));
#262=IFCCARTESIANPOINT((-0.0425809659063816,-0.534170508384705,0.));
#263=IFCCARTESIANPOINT((0.0698437690734863,-0.396435499191284,0.));
#264=IFCPOLYLOOP((#260,#261,#262,#263));
#265=IFCFACEBOUND(#264,.T.);
#266=IFCFACE((#265));
#267=IFCCARTESIANPOINT((0.0698437690734863,-0.371321439743042,0.025000000372529));
#268=IFCCARTESIANPOINT((0.0698437690734863,-0.396435499191284,0.025000000372529));
#269=IFCCARTESIANPOINT((0.0698437690734863,-0.396435499191284,0.));
#270=IFCCARTESIANPOINT((0.0698437690734863,-0.371321439743042,0.));
#271=IFCPOLYLOOP((#267,#268,#269,#270));
#272=IFCFACEBOUND(#271,.T.);
#273=IFCFACE((#272));
#274=IFCCARTESIANPOINT((0.0729830339550972,-0.572234034538269,0.025000000372529));
#275=IFCCARTESIANPOINT((-0.083979956805706,-0.572234034538269,0.025000000372529));
#276=IFCCARTESIANPOINT((-0.083979956805706,-0.572234034538269,0.));
#277=IFCCARTESIANPOINT((0.0729830339550972,-0.572234034538269,0.));
#278=IFCPOLYLOOP((#274,#275,#276,#277));
#279=IFCFACEBOUND(#278,.T.);
#280=IFCFACE((#279));
#281=IFCCARTESIANPOINT((-0.0714229121804237,-0.371321439743042,0.025000000372529));
#282=IFCCARTESIANPOINT((0.0698437690734863,-0.371321439743042,0.025000000372529));
#283=IFCCARTESIANPOINT((0.0698437690734863,-0.371321439743042,0.));
#284=IFCCARTESIANPOINT((-0.0714229121804237,-0.371321439743042,0.));
#285=IFCPOLYLOOP((#281,#282,#283,#284));
#286=IFCFACEBOUND(#285,.T.);
#287=IFCFACE((#286));
#288=IFCCLOSEDSHELL((#180,#187,#194,#201,#208,#223,#230,#237,#252,#259,#266,#273,#280,#287));
#289=IFCFACETEDBREP(#288);
#290=IFCCARTESIANPOINT((0.745889663696289,-0.104676522314549,0.025000000372529));
#291=IFCCARTESIANPOINT((0.719132363796234,-0.101261354982853,0.025000000372529));
#292=IFCCARTESIANPOINT((0.719132363796234,-0.101261354982853,0.));
#293=IFCCARTESIANPOINT((0.745889663696289,-0.104676522314549,0.));
#294=IFCPOLYLOOP((#290,#291,#292,#293));
#295=IFCFACEBOUND(#294,.T.);
#296=IFCFACE((#295));
#297=IFCCARTESIANPOINT((0.77109569311142,-0.101586312055588,0.025000000372529));
#298=IFCCARTESIANPOINT((0.745889663696289,-0.104676522314549,0.025000000372529));
#299=IFCCARTESIANPOINT((0.745889663696289,-0.104676522314549,0.));
#300=IFCCARTESIANPOINT((0.77109569311142,-0.101586312055588,0.));
#301=IFCPOLYLOOP((#297,#298,#299,#300));
#302=IFCFACEBOUND(#301,.T.);
#303=IFCFACE((#302));
#304=IFCCARTESIANPOINT((0.794523656368256,-0.0923156887292863,0.025000000372529));
#305=IFCCARTESIANPOINT((0.77109569311142,-0.101586312055588,0.025000000372529));
#306=IFCCARTESIANPOINT((0.77109569311142,-0.101586312055588,0.));
#307=IFCCARTESIANPOINT((0.794523656368256,-0.0923156887292863,0.));
#308=IFCPOLYLOOP((#304,#305,#306,#307));
#309=IFCFACEBOUND(#308,.T.);
#310=IFCFACE((#309));
#311=IFCCARTESIANPOINT((0.838565230369568,-0.0302785206586121,0.025000000372529));
#312=IFCCARTESIANPOINT((0.829349815845489,-0.0559198968112466,0.025000000372529));
#313=IFCCARTESIANPOINT((0.829349815845489,-0.0559198968112466,0.));
#314=IFCCARTESIANPOINT((0.838565230369568,-0.0302785206586121,0.));
#315=IFCPOLYLOOP((#311,#312,#313,#314));
#316=IFCFACEBOUND(#315,.T.);
#317=IFCFACE((#316));
#318=IFCCARTESIANPOINT((0.829349815845489,-0.0559198968112466,0.025000000372529));
#319=IFCCARTESIANPOINT((0.814499616622925,-0.0770363211631774,0.025000000372529));
#320=IFCCARTESIANPOINT((0.814499616622925,-0.0770363211631774,0.));
#321=IFCCARTESIANPOINT((0.829349815845489,-0.0559198968112466,0.));
#322=IFCPOLYLOOP((#318,#319,#320,#321));
#323=IFCFACEBOUND(#322,.T.);
#324=IFCFACE((#323));
#325=IFCCARTESIANPOINT((0.650142252445221,-0.00372970383614336,0.025000000372529));
#326=IFCCARTESIANPOINT((0.653011679649353,-0.0294262617826464,0.025000000372529));
#327=IFCCARTESIANPOINT((0.661620140075684,-0.0537371300160888,0.025000000372529));
#328=IFCCARTESIANPOINT((0.67579585313797,-0.0748658180236818,0.025000000372529));
#329=IFCCARTESIANPOINT((0.695367157459259,-0.091015838086605,0.025000000372529));
#330=IFCCARTESIANPOINT((0.719132363796234,-0.101261354982853,0.025000000372529));
#331=IFCCARTESIANPOINT((0.745889663696289,-0.104676522314549,0.025000000372529));
#332=IFCCARTESIANPOINT((0.77109569311142,-0.101586312055588,0.025000000372529));
#333=IFCCARTESIANPOINT((0.794523656368256,-0.0923156887292863,0.025000000372529));
#334=IFCCARTESIANPOINT((0.814499616622925,-0.0770363211631774,0.025000000372529));
#335=IFCCARTESIANPOINT((0.829349815845489,-0.0559198968112466,0.025000000372529));
#336=IFCCARTESIANPOINT((0.838565230369568,-0.0302785206586121,0.025000000372529));
#337=IFCCARTESIANPOINT((0.841637074947357,-0.00142431003041575,0.025000000372529));
#338=IFCCARTESIANPOINT((0.83871853351593,0.0270497556775809,0.025000000372529));
#339=IFCCARTESIANPOINT((0.829962968826294,0.0523355118930338,0.025000000372529));
#340=IFCCARTESIANPOINT((0.815640091896057,0.0734151527285577,0.025000000372529));
#341=IFCCARTESIANPOINT((0.796019673347473,0.0892708674073216,0.025000000372529));
#342=IFCCARTESIANPOINT((0.77238941192627,0.0992036759853361,0.025000000372529));
#343=IFCCARTESIANPOINT((0.74603682756424,0.102514617145061,0.025000000372529));
#344=IFCCARTESIANPOINT((0.725843131542206,0.100751847028732,0.025000000372529));
#345=IFCCARTESIANPOINT((0.707593142986298,0.0954635441303251,0.025000000372529));
#346=IFCCARTESIANPOINT((0.691286742687225,0.0866497084498407,0.025000000372529));
#347=IFCCARTESIANPOINT((0.676924049854279,0.0743103325366972,0.025000000372529));
#348=IFCCARTESIANPOINT((0.665206968784332,0.0588562190532682,0.025000000372529));
#349=IFCCARTESIANPOINT((0.656837701797485,0.0406981781125066,0.025000000372529));
#350=IFCCARTESIANPOINT((0.651816070079803,0.0198362041264772,0.025000000372529));
#351=IFCCARTESIANPOINT((0.675256311893463,-0.00397495832294255,0.025000000372529));
#352=IFCCARTESIANPOINT((0.680492460727692,0.0336041860282421,0.025000000372529));
#353=IFCCARTESIANPOINT((0.687037706375122,0.0476894676685332,0.025000000372529));
#354=IFCCARTESIANPOINT((0.696201026439667,0.0586385577917101,0.025000000372529));
#355=IFCCARTESIANPOINT((0.719169139862061,0.0727100446820262,0.025000000372529));
#356=IFCCARTESIANPOINT((0.746183931827545,0.0774005353450775,0.025000000372529));
#357=IFCCARTESIANPOINT((0.765626490116119,0.074966385960579,0.025000000372529));
#358=IFCCARTESIANPOINT((0.783045709133148,0.0676639303565028,0.025000000372529));
#359=IFCCARTESIANPOINT((0.797485113143921,0.0559346228837969,0.025000000372529));
#360=IFCCARTESIANPOINT((0.807988107204437,0.0402199327945712,0.025000000372529));
#361=IFCCARTESIANPOINT((0.814389288425445,0.0210042297840115,0.025000000372529));
#362=IFCCARTESIANPOINT((0.816523015499115,-0.00122810632456125,0.025000000372529));
#363=IFCCARTESIANPOINT((0.81153815984726,-0.0344723761081697,0.025000000372529));
#364=IFCCARTESIANPOINT((0.80530720949173,-0.0478847399353985,0.025000000372529));
#365=IFCCARTESIANPOINT((0.796583771705627,-0.0591572560369969,0.025000000372529));
#366=IFCCARTESIANPOINT((0.773903846740723,-0.07446114718914,0.025000000372529));
#367=IFCCARTESIANPOINT((0.745742499828339,-0.079562447965145,0.025000000372529));
#368=IFCCARTESIANPOINT((0.717985808849335,-0.0745102018117905,0.025000000372529));
#369=IFCCARTESIANPOINT((0.695342659950256,-0.0593534633517263,0.025000000372529));
#370=IFCCARTESIANPOINT((0.6802778840065,-0.0354043431580064,0.025000000372529));
#371=IFCPOLYLOOP((#325,#326,#327,#328,#329,#330,#331,#332,#333,#334,#335,#336,#337,#338,#339,#340,#341,#342,#343,#344,#345,#346,#347,#348,#349,#350,#351,#352,#353,#354,#355,#356,#357,#358,#359,#360,#361,#362,#363,#364,#365,#366,#367,#368,#369,#370));
#372=IFCFACEBOUND(#371,.T.);
#373=IFCFACE((#372));
#374=IFCCARTESIANPOINT((0.650142252445221,-0.00372970383614336,0.));
#375=IFCCARTESIANPOINT((0.651816070079803,0.0198362041264772,0.));
#376=IFCCARTESIANPOINT((0.656837701797485,0.0406981781125066,0.));
#377=IFCCARTESIANPOINT((0.665206968784332,0.0588562190532682,0.));
#378=IFCCARTESIANPOINT((0.676924049854279,0.0743103325366972,0.));
#379=IFCCARTESIANPOINT((0.691286742687225,0.0866497084498407,0.));
#380=IFCCARTESIANPOINT((0.707593142986298,0.0954635441303251,0.));
#381=IFCCARTESIANPOINT((0.725843131542206,0.100751847028732,0.));
#382=IFCCARTESIANPOINT((0.74603682756424,0.102514617145061,0.));
#383=IFCCARTESIANPOINT((0.77238941192627,0.0992036759853361,0.));
#384=IFCCARTESIANPOINT((0.796019673347473,0.0892708674073216,0.));
#385=IFCCARTESIANPOINT((0.815640091896057,0.0734151527285577,0.));
#386=IFCCARTESIANPOINT((0.829962968826294,0.0523355118930338,0.));
#387=IFCCARTESIANPOINT((0.83871853351593,0.0270497556775809,0.));
#388=IFCCARTESIANPOINT((0.841637074947357,-0.00142431003041575,0.));
#389=IFCCARTESIANPOINT((0.838565230369568,-0.0302785206586121,0.));
#390=IFCCARTESIANPOINT((0.829349815845489,-0.0559198968112466,0.));
#391=IFCCARTESIANPOINT((0.814499616622925,-0.0770363211631774,0.));
#392=IFCCARTESIANPOINT((0.794523656368256,-0.0923156887292863,0.));
#393=IFCCARTESIANPOINT((0.77109569311142,-0.101586312055588,0.));
#394=IFCCARTESIANPOINT((0.745889663696289,-0.104676522314549,0.));
#395=IFCCARTESIANPOINT((0.719132363796234,-0.101261354982853,0.));
#396=IFCCARTESIANPOINT((0.695367157459259,-0.091015838086605,0.));
#397=IFCCARTESIANPOINT((0.67579585313797,-0.0748658180236818,0.));
#398=IFCCARTESIANPOINT((0.661620140075684,-0.0537371300160888,0.));
#399=IFCCARTESIANPOINT((0.653011679649353,-0.0294262617826464,0.));
#400=IFCCARTESIANPOINT((0.675256311893463,-0.00397495832294255,0.));
#401=IFCCARTESIANPOINT((0.6802778840065,-0.0354043431580064,0.));
#402=IFCCARTESIANPOINT((0.695342659950256,-0.0593534633517263,0.));
#403=IFCCARTESIANPOINT((0.717985808849335,-0.0745102018117905,0.));
#404=IFCCARTESIANPOINT((0.745742499828339,-0.079562447965145,0.));
#405=IFCCARTESIANPOINT((0.773903846740723,-0.07446114718914,0.));
#406=IFCCARTESIANPOINT((0.796583771705627,-0.0591572560369969,0.));
#407=IFCCARTESIANPOINT((0.80530720949173,-0.0478847399353985,0.));
#408=IFCCARTESIANPOINT((0.81153815984726,-0.0344723761081697,0.));
#409=IFCCARTESIANPOINT((0.816523015499115,-0.00122810632456125,0.));
#410=IFCCARTESIANPOINT((0.814389288425445,0.0210042297840115,0.));
#411=IFCCARTESIANPOINT((0.807988107204437,0.0402199327945712,0.));
#412=IFCCARTESIANPOINT((0.797485113143921,0.0559346228837969,0.));
#413=IFCCARTESIANPOINT((0.783045709133148,0.0676639303565028,0.));
#414=IFCCARTESIANPOINT((0.765626490116119,0.074966385960579,0.));
#415=IFCCARTESIANPOINT((0.746183931827545,0.0774005353450775,0.));
#416=IFCCARTESIANPOINT((0.719169139862061,0.0727100446820262,0.));
#417=IFCCARTESIANPOINT((0.696201026439667,0.0586385577917101,0.));
#418=IFCCARTESIANPOINT((0.687037706375122,0.0476894676685332,0.));
#419=IFCCARTESIANPOINT((0.680492460727692,0.0336041860282421,0.));
#420=IFCPOLYLOOP((#374,#375,#376,#377,#378,#379,#380,#381,#382,#383,#384,#385,#386,#387,#388,#389,#390,#391,#392,#393,#394,#395,#396,#397,#398,#399,#400,#401,#402,#403,#404,#405,#406,#407,#408,#409,#410,#411,#412,#413,#414,#415,#416,#417,#418,#419));
#421=IFCFACEBOUND(#420,.T.);
#422=IFCFACE((#421));
#423=IFCCARTESIANPOINT((0.67579585313797,-0.0748658180236818,0.025000000372529));
#424=IFCCARTESIANPOINT((0.661620140075684,-0.0537371300160888,0.025000000372529));
#425=IFCCARTESIANPOINT((0.661620140075684,-0.0537371300160888,0.));
#426=IFCCARTESIANPOINT((0.67579585313797,-0.0748658180236818,0.));
#427=IFCPOLYLOOP((#423,#424,#425,#426));
#428=IFCFACEBOUND(#427,.T.);
#429=IFCFACE((#428));
#430=IFCCARTESIANPOINT((0.815640091896057,0.0734151527285577,0.025000000372529));
#431=IFCCARTESIANPOINT((0.829962968826294,0.0523355118930338,0.025000000372529));
#432=IFCCARTESIANPOINT((0.829962968826294,0.0523355118930338,0.));
#433=IFCCARTESIANPOINT((0.815640091896057,0.0734151527285577,0.));
#434=IFCPOLYLOOP((#430,#431,#432,#433));
#435=IFCFACEBOUND(#434,.T.);
#436=IFCFACE((#435));
#437=IFCCARTESIANPOINT((0.796019673347473,0.0892708674073216,0.025000000372529));
#438=IFCCARTESIANPOINT((0.815640091896057,0.0734151527285577,0.025000000372529));
#439=IFCCARTESIANPOINT((0.815640091896057,0.0734151527285577,0.));
#440=IFCCARTESIANPOINT((0.796019673347473,0.0892708674073216,0.));
#441=IFCPOLYLOOP((#437,#438,#439,#440));
#442=IFCFACEBOUND(#441,.T.);
#443=IFCFACE((#442));
#444=IFCCARTESIANPOINT((0.661620140075684,-0.0537371300160888,0.025000000372529));
#445=IFCCARTESIANPOINT((0.653011679649353,-0.0294262617826464,0.025000000372529));
#446=IFCCARTESIANPOINT((0.653011679649353,-0.0294262617826464,0.));
#447=IFCCARTESIANPOINT((0.661620140075684,-0.0537371300160888,0.));
#448=IFCPOLYLOOP((#444,#445,#446,#447));
#449=IFCFACEBOUND(#448,.T.);
#450=IFCFACE((#449));
#451=IFCCARTESIANPOINT((0.653011679649353,-0.0294262617826464,0.025000000372529));
#452=IFCCARTESIANPOINT((0.650142252445221,-0.00372970383614336,0.025000000372529));
#453=IFCCARTESIANPOINT((0.650142252445221,-0.00372970383614336,0.));
#454=IFCCARTESIANPOINT((0.653011679649353,-0.0294262617826464,0.));
#455=IFCPOLYLOOP((#451,#452,#453,#454));
#456=IFCFACEBOUND(#455,.T.);
#457=IFCFACE((#456));
#458=IFCCARTESIANPOINT((0.74603682756424,0.102514617145061,0.025000000372529));
#459=IFCCARTESIANPOINT((0.77238941192627,0.0992036759853361,0.025000000372529));
#460=IFCCARTESIANPOINT((0.77238941192627,0.0992036759853361,0.));
#461=IFCCARTESIANPOINT((0.74603682756424,0.102514617145061,0.));
#462=IFCPOLYLOOP((#458,#459,#460,#461));
#463=IFCFACEBOUND(#462,.T.);
#464=IFCFACE((#463));
#465=IFCCARTESIANPOINT((0.707593142986298,0.0954635441303251,0.025000000372529));
#466=IFCCARTESIANPOINT((0.725843131542206,0.100751847028732,0.025000000372529));
#467=IFCCARTESIANPOINT((0.725843131542206,0.100751847028732,0.));
#468=IFCCARTESIANPOINT((0.707593142986298,0.0954635441303251,0.));
#469=IFCPOLYLOOP((#465,#466,#467,#468));
#470=IFCFACEBOUND(#469,.T.);
#471=IFCFACE((#470));
#472=IFCCARTESIANPOINT((0.725843131542206,0.100751847028732,0.025000000372529));
#473=IFCCARTESIANPOINT((0.74603682756424,0.102514617145061,0.025000000372529));
#474=IFCCARTESIANPOINT((0.74603682756424,0.102514617145061,0.));
#475=IFCCARTESIANPOINT((0.725843131542206,0.100751847028732,0.));
#476=IFCPOLYLOOP((#472,#473,#474,#475));
#477=IFCFACEBOUND(#476,.T.);
#478=IFCFACE((#477));
#479=IFCCARTESIANPOINT((0.719169139862061,0.0727100446820262,0.025000000372529));
#480=IFCCARTESIANPOINT((0.696201026439667,0.0586385577917101,0.025000000372529));
#481=IFCCARTESIANPOINT((0.696201026439667,0.0586385577917101,0.));
#482=IFCCARTESIANPOINT((0.719169139862061,0.0727100446820262,0.));
#483=IFCPOLYLOOP((#479,#480,#481,#482));
#484=IFCFACEBOUND(#483,.T.);
#485=IFCFACE((#484));
#486=IFCCARTESIANPOINT((0.691286742687225,0.0866497084498407,0.025000000372529));
#487=IFCCARTESIANPOINT((0.707593142986298,0.0954635441303251,0.025000000372529));
#488=IFCCARTESIANPOINT((0.707593142986298,0.0954635441303251,0.));
#489=IFCCARTESIANPOINT((0.691286742687225,0.0866497084498407,0.));
#490=IFCPOLYLOOP((#486,#487,#488,#489));
#491=IFCFACEBOUND(#490,.T.);
#492=IFCFACE((#491));
#493=IFCCARTESIANPOINT((0.746183931827545,0.0774005353450775,0.025000000372529));
#494=IFCCARTESIANPOINT((0.719169139862061,0.0727100446820262,0.025000000372529));
#495=IFCCARTESIANPOINT((0.719169139862061,0.0727100446820262,0.));
#496=IFCCARTESIANPOINT((0.746183931827545,0.0774005353450775,0.));
#497=IFCPOLYLOOP((#493,#494,#495,#496));
#498=IFCFACEBOUND(#497,.T.);
#499=IFCFACE((#498));
#500=IFCCARTESIANPOINT((0.765626490116119,0.074966385960579,0.025000000372529));
#501=IFCCARTESIANPOINT((0.746183931827545,0.0774005353450775,0.025000000372529));
#502=IFCCARTESIANPOINT((0.746183931827545,0.0774005353450775,0.));
#503=IFCCARTESIANPOINT((0.765626490116119,0.074966385960579,0.));
#504=IFCPOLYLOOP((#500,#501,#502,#503));
#505=IFCFACEBOUND(#504,.T.);
#506=IFCFACE((#505));
#507=IFCCARTESIANPOINT((0.77238941192627,0.0992036759853361,0.025000000372529));
#508=IFCCARTESIANPOINT((0.796019673347473,0.0892708674073216,0.025000000372529));
#509=IFCCARTESIANPOINT((0.796019673347473,0.0892708674073216,0.));
#510=IFCCARTESIANPOINT((0.77238941192627,0.0992036759853361,0.));
#511=IFCPOLYLOOP((#507,#508,#509,#510));
#512=IFCFACEBOUND(#511,.T.);
#513=IFCFACE((#512));
#514=IFCCARTESIANPOINT((0.687037706375122,0.0476894676685332,0.025000000372529));
#515=IFCCARTESIANPOINT((0.680492460727692,0.0336041860282421,0.025000000372529));
#516=IFCCARTESIANPOINT((0.680492460727692,0.0336041860282421,0.));
#517=IFCCARTESIANPOINT((0.687037706375122,0.0476894676685332,0.));
#518=IFCPOLYLOOP((#514,#515,#516,#517));
#519=IFCFACEBOUND(#518,.T.);
#520=IFCFACE((#519));
#521=IFCCARTESIANPOINT((0.696201026439667,0.0586385577917101,0.025000000372529));
#522=IFCCARTESIANPOINT((0.687037706375122,0.0476894676685332,0.025000000372529));
#523=IFCCARTESIANPOINT((0.687037706375122,0.0476894676685332,0.));
#524=IFCCARTESIANPOINT((0.696201026439667,0.0586385577917101,0.));
#525=IFCPOLYLOOP((#521,#522,#523,#524));
#526=IFCFACEBOUND(#525,.T.);
#527=IFCFACE((#526));
#528=IFCCARTESIANPOINT((0.680492460727692,0.0336041860282421,0.025000000372529));
#529=IFCCARTESIANPOINT((0.675256311893463,-0.00397495832294255,0.025000000372529));
#530=IFCCARTESIANPOINT((0.675256311893463,-0.00397495832294255,0.));
#531=IFCCARTESIANPOINT((0.680492460727692,0.0336041860282421,0.));
#532=IFCPOLYLOOP((#528,#529,#530,#531));
#533=IFCFACEBOUND(#532,.T.);
#534=IFCFACE((#533));
#535=IFCCARTESIANPOINT((0.796583771705627,-0.0591572560369969,0.025000000372529));
#536=IFCCARTESIANPOINT((0.80530720949173,-0.0478847399353985,0.025000000372529));
#537=IFCCARTESIANPOINT((0.80530720949173,-0.0478847399353985,0.));
#538=IFCCARTESIANPOINT((0.796583771705627,-0.0591572560369969,0.));
#539=IFCPOLYLOOP((#535,#536,#537,#538));
#540=IFCFACEBOUND(#539,.T.);
#541=IFCFACE((#540));
#542=IFCCARTESIANPOINT((0.80530720949173,-0.0478847399353985,0.025000000372529));
#543=IFCCARTESIANPOINT((0.81153815984726,-0.0344723761081697,0.025000000372529));
#544=IFCCARTESIANPOINT((0.81153815984726,-0.0344723761081697,0.));
#545=IFCCARTESIANPOINT((0.80530720949173,-0.0478847399353985,0.));
#546=IFCPOLYLOOP((#542,#543,#544,#545));
#547=IFCFACEBOUND(#546,.T.);
#548=IFCFACE((#547));
#549=IFCCARTESIANPOINT((0.81153815984726,-0.0344723761081697,0.025000000372529));
#550=IFCCARTESIANPOINT((0.816523015499115,-0.00122810632456125,0.025000000372529));
#551=IFCCARTESIANPOINT((0.816523015499115,-0.00122810632456125,0.));
#552=IFCCARTESIANPOINT((0.81153815984726,-0.0344723761081697,0.));
#553=IFCPOLYLOOP((#549,#550,#551,#552));
#554=IFCFACEBOUND(#553,.T.);
#555=IFCFACE((#554));
#556=IFCCARTESIANPOINT((0.816523015499115,-0.00122810632456125,0.025000000372529));
#557=IFCCARTESIANPOINT((0.814389288425445,0.0210042297840115,0.025000000372529));
#558=IFCCARTESIANPOINT((0.814389288425445,0.0210042297840115,0.));
#559=IFCCARTESIANPOINT((0.816523015499115,-0.00122810632456125,0.));
#560=IFCPOLYLOOP((#556,#557,#558,#559));
#561=IFCFACEBOUND(#560,.T.);
#562=IFCFACE((#561));
#563=IFCCARTESIANPOINT((0.814389288425445,0.0210042297840115,0.025000000372529));
#564=IFCCARTESIANPOINT((0.807988107204437,0.0402199327945712,0.025000000372529));
#565=IFCCARTESIANPOINT((0.807988107204437,0.0402199327945712,0.));
#566=IFCCARTESIANPOINT((0.814389288425445,0.0210042297840115,0.));
#567=IFCPOLYLOOP((#563,#564,#565,#566));
#568=IFCFACEBOUND(#567,.T.);
#569=IFCFACE((#568));
#570=IFCCARTESIANPOINT((0.807988107204437,0.0402199327945712,0.025000000372529));
#571=IFCCARTESIANPOINT((0.797485113143921,0.0559346228837969,0.025000000372529));
#572=IFCCARTESIANPOINT((0.797485113143921,0.0559346228837969,0.));
#573=IFCCARTESIANPOINT((0.807988107204437,0.0402199327945712,0.));
#574=IFCPOLYLOOP((#570,#571,#572,#573));
#575=IFCFACEBOUND(#574,.T.);
#576=IFCFACE((#575));
#577=IFCCARTESIANPOINT((0.797485113143921,0.0559346228837969,0.025000000372529));
#578=IFCCARTESIANPOINT((0.783045709133148,0.0676639303565028,0.025000000372529));
#579=IFCCARTESIANPOINT((0.783045709133148,0.0676639303565028,0.));
#580=IFCCARTESIANPOINT((0.797485113143921,0.0559346228837969,0.));
#581=IFCPOLYLOOP((#577,#578,#579,#580));
#582=IFCFACEBOUND(#581,.T.);
#583=IFCFACE((#582));
#584=IFCCARTESIANPOINT((0.783045709133148,0.0676639303565028,0.025000000372529));
#585=IFCCARTESIANPOINT((0.765626490116119,0.074966385960579,0.025000000372529));
#586=IFCCARTESIANPOINT((0.765626490116119,0.074966385960579,0.));
#587=IFCCARTESIANPOINT((0.783045709133148,0.0676639303565028,0.));
#588=IFCPOLYLOOP((#584,#585,#586,#587));
#589=IFCFACEBOUND(#588,.T.);
#590=IFCFACE((#589));
#591=IFCCARTESIANPOINT((0.675256311893463,-0.00397495832294255,0.025000000372529));
#592=IFCCARTESIANPOINT((0.6802778840065,-0.0354043431580064,0.025000000372529));
#593=IFCCARTESIANPOINT((0.6802778840065,-0.0354043431580064,0.));
#594=IFCCARTESIANPOINT((0.675256311893463,-0.00397495832294255,0.));
#595=IFCPOLYLOOP((#591,#592,#593,#594));
#596=IFCFACEBOUND(#595,.T.);
#597=IFCFACE((#596));
#598=IFCCARTESIANPOINT((0.6802778840065,-0.0354043431580064,0.025000000372529));
#599=IFCCARTESIANPOINT((0.695342659950256,-0.0593534633517263,0.025000000372529));
#600=IFCCARTESIANPOINT((0.695342659950256,-0.0593534633517263,0.));
#601=IFCCARTESIANPOINT((0.6802778840065,-0.0354043431580064,0.));
#602=IFCPOLYLOOP((#598,#599,#600,#601));
#603=IFCFACEBOUND(#602,.T.);
#604=IFCFACE((#603));
#605=IFCCARTESIANPOINT((0.695342659950256,-0.0593534633517263,0.025000000372529));
#606=IFCCARTESIANPOINT((0.717985808849335,-0.0745102018117905,0.025000000372529));
#607=IFCCARTESIANPOINT((0.717985808849335,-0.0745102018117905,0.));
#608=IFCCARTESIANPOINT((0.695342659950256,-0.0593534633517263,0.));
#609=IFCPOLYLOOP((#605,#606,#607,#608));
#610=IFCFACEBOUND(#609,.T.);
#611=IFCFACE((#610));
#612=IFCCARTESIANPOINT((0.717985808849335,-0.0745102018117905,0.025000000372529));
#613=IFCCARTESIANPOINT((0.745742499828339,-0.079562447965145,0.025000000372529));
#614=IFCCARTESIANPOINT((0.745742499828339,-0.079562447965145,0.));
#615=IFCCARTESIANPOINT((0.717985808849335,-0.0745102018117905,0.));
#616=IFCPOLYLOOP((#612,#613,#614,#615));
#617=IFCFACEBOUND(#616,.T.);
#618=IFCFACE((#617));
#619=IFCCARTESIANPOINT((0.745742499828339,-0.079562447965145,0.025000000372529));
#620=IFCCARTESIANPOINT((0.773903846740723,-0.07446114718914,0.025000000372529));
#621=IFCCARTESIANPOINT((0.773903846740723,-0.07446114718914,0.));
#622=IFCCARTESIANPOINT((0.745742499828339,-0.079562447965145,0.));
#623=IFCPOLYLOOP((#619,#620,#621,#622));
#624=IFCFACEBOUND(#623,.T.);
#625=IFCFACE((#624));
#626=IFCCARTESIANPOINT((0.773903846740723,-0.07446114718914,0.025000000372529));
#627=IFCCARTESIANPOINT((0.796583771705627,-0.0591572560369969,0.025000000372529));
#628=IFCCARTESIANPOINT((0.796583771705627,-0.0591572560369969,0.));
#629=IFCCARTESIANPOINT((0.773903846740723,-0.07446114718914,0.));
#630=IFCPOLYLOOP((#626,#627,#628,#629));
#631=IFCFACEBOUND(#630,.T.);
#632=IFCFACE((#631));
#633=IFCCARTESIANPOINT((0.650142252445221,-0.00372970383614336,0.025000000372529));
#634=IFCCARTESIANPOINT((0.651816070079803,0.0198362041264772,0.025000000372529));
#635=IFCCARTESIANPOINT((0.651816070079803,0.0198362041264772,0.));
#636=IFCCARTESIANPOINT((0.650142252445221,-0.00372970383614336,0.));
#637=IFCPOLYLOOP((#633,#634,#635,#636));
#638=IFCFACEBOUND(#637,.T.);
#639=IFCFACE((#638));
#640=IFCCARTESIANPOINT((0.651816070079803,0.0198362041264772,0.025000000372529));
#641=IFCCARTESIANPOINT((0.656837701797485,0.0406981781125066,0.025000000372529));
#642=IFCCARTESIANPOINT((0.656837701797485,0.0406981781125066,0.));
#643=IFCCARTESIANPOINT((0.651816070079803,0.0198362041264772,0.));
#644=IFCPOLYLOOP((#640,#641,#642,#643));
#645=IFCFACEBOUND(#644,.T.);
#646=IFCFACE((#645));
#647=IFCCARTESIANPOINT((0.695367157459259,-0.091015838086605,0.025000000372529));
#648=IFCCARTESIANPOINT((0.67579585313797,-0.0748658180236818,0.025000000372529));
#649=IFCCARTESIANPOINT((0.67579585313797,-0.0748658180236818,0.));
#650=IFCCARTESIANPOINT((0.695367157459259,-0.091015838086605,0.));
#651=IFCPOLYLOOP((#647,#648,#649,#650));
#652=IFCFACEBOUND(#651,.T.);
#653=IFCFACE((#652));
#654=IFCCARTESIANPOINT((0.719132363796234,-0.101261354982853,0.025000000372529));
#655=IFCCARTESIANPOINT((0.695367157459259,-0.091015838086605,0.025000000372529));
#656=IFCCARTESIANPOINT((0.695367157459259,-0.091015838086605,0.));
#657=IFCCARTESIANPOINT((0.719132363796234,-0.101261354982853,0.));
#658=IFCPOLYLOOP((#654,#655,#656,#657));
#659=IFCFACEBOUND(#658,.T.);
#660=IFCFACE((#659));
#661=IFCCARTESIANPOINT((0.656837701797485,0.0406981781125066,0.025000000372529));
#662=IFCCARTESIANPOINT((0.665206968784332,0.0588562190532682,0.025000000372529));
#663=IFCCARTESIANPOINT((0.665206968784332,0.0588562190532682,0.));
#664=IFCCARTESIANPOINT((0.656837701797485,0.0406981781125066,0.));
#665=IFCPOLYLOOP((#661,#662,#663,#664));
#666=IFCFACEBOUND(#665,.T.);
#667=IFCFACE((#666));
#668=IFCCARTESIANPOINT((0.814499616622925,-0.0770363211631774,0.025000000372529));
#669=IFCCARTESIANPOINT((0.794523656368256,-0.0923156887292863,0.025000000372529));
#670=IFCCARTESIANPOINT((0.794523656368256,-0.0923156887292863,0.));
#671=IFCCARTESIANPOINT((0.814499616622925,-0.0770363211631774,0.));
#672=IFCPOLYLOOP((#668,#669,#670,#671));
#673=IFCFACEBOUND(#672,.T.);
#674=IFCFACE((#673));
#675=IFCCARTESIANPOINT((0.676924049854279,0.0743103325366972,0.025000000372529));
#676=IFCCARTESIANPOINT((0.691286742687225,0.0866497084498407,0.025000000372529));
#677=IFCCARTESIANPOINT((0.691286742687225,0.0866497084498407,0.));
#678=IFCCARTESIANPOINT((0.676924049854279,0.0743103325366972,0.));
#679=IFCPOLYLOOP((#675,#676,#677,#678));
#680=IFCFACEBOUND(#679,.T.);
#681=IFCFACE((#680));
#682=IFCCARTESIANPOINT((0.665206968784332,0.0588562190532682,0.025000000372529));
#683=IFCCARTESIANPOINT((0.676924049854279,0.0743103325366972,0.025000000372529));
#684=IFCCARTESIANPOINT((0.676924049854279,0.0743103325366972,0.));
#685=IFCCARTESIANPOINT((0.665206968784332,0.0588562190532682,0.));
#686=IFCPOLYLOOP((#682,#683,#684,#685));
#687=IFCFACEBOUND(#686,.T.);
#688=IFCFACE((#687));
#689=IFCCARTESIANPOINT((0.841637074947357,-0.00142431003041575,0.025000000372529));
#690=IFCCARTESIANPOINT((0.838565230369568,-0.0302785206586121,0.025000000372529));
#691=IFCCARTESIANPOINT((0.838565230369568,-0.0302785206586121,0.));
#692=IFCCARTESIANPOINT((0.841637074947357,-0.00142431003041575,0.));
#693=IFCPOLYLOOP((#689,#690,#691,#692));
#694=IFCFACEBOUND(#693,.T.);
#695=IFCFACE((#694));
#696=IFCCARTESIANPOINT((0.829962968826294,0.0523355118930338,0.025000000372529));
#697=IFCCARTESIANPOINT((0.83871853351593,0.0270497556775809,0.025000000372529));
#698=IFCCARTESIANPOINT((0.83871853351593,0.0270497556775809,0.));
#699=IFCCARTESIANPOINT((0.829962968826294,0.0523355118930338,0.));
#700=IFCPOLYLOOP((#696,#697,#698,#699));
#701=IFCFACEBOUND(#700,.T.);
#702=IFCFACE((#701));
#703=IFCCARTESIANPOINT((0.83871853351593,0.0270497556775809,0.025000000372529));
#704=IFCCARTESIANPOINT((0.841637074947357,-0.00142431003041575,0.025000000372529));
#705=IFCCARTESIANPOINT((0.841637074947357,-0.00142431003041575,0.));
#706=IFCCARTESIANPOINT((0.83871853351593,0.0270497556775809,0.));
#707=IFCPOLYLOOP((#703,#704,#705,#706));
#708=IFCFACEBOUND(#707,.T.);
#709=IFCFACE((#708));
#710=IFCCLOSEDSHELL((#296,#303,#310,#317,#324,#373,#422,#429,#436,#443,#450,#457,#464,#471,#478,#485,#492,#499,#506,#513,#520,#527,#534,#541,#548,#555,#562,#569,#576,#583,#590,#597,#604,#611,#618,#625,#632,#639,#646,#653,#660,#667,#674,#681,#688,#695,#702,#709));
#711=IFCFACETEDBREP(#710);
#712=IFCCARTESIANPOINT((-0.0784814953804016,0.400612980127335,0.025000000372529));
#713=IFCCARTESIANPOINT((-0.0533674135804176,0.400612980127335,0.025000000372529));
#714=IFCCARTESIANPOINT((-0.0533674135804176,0.559832274913788,0.025000000372529));
#715=IFCCARTESIANPOINT((0.0516015812754631,0.400612980127335,0.025000000372529));
#716=IFCCARTESIANPOINT((0.0784814953804016,0.400612980127335,0.025000000372529));
#717=IFCCARTESIANPOINT((0.0784814953804016,0.601525604724884,0.025000000372529));
#718=IFCCARTESIANPOINT((0.0533674135804176,0.601525604724884,0.025000000372529));
#719=IFCCARTESIANPOINT((0.0533674135804176,0.442355304956436,0.025000000372529));
#720=IFCCARTESIANPOINT((-0.0516015812754631,0.601525604724884,0.025000000372529));
#721=IFCCARTESIANPOINT((-0.0784814953804016,0.601525604724884,0.025000000372529));
#722=IFCPOLYLOOP((#712,#713,#714,#715,#716,#717,#718,#719,#720,#721));
#723=IFCFACEBOUND(#722,.T.);
#724=IFCFACE((#723));
#725=IFCCARTESIANPOINT((-0.0516015812754631,0.601525604724884,0.025000000372529));
#726=IFCCARTESIANPOINT((0.0533674135804176,0.442355304956436,0.025000000372529));
#727=IFCCARTESIANPOINT((0.0533674135804176,0.442355304956436,0.));
#728=IFCCARTESIANPOINT((-0.0516015812754631,0.601525604724884,0.));
#729=IFCPOLYLOOP((#725,#726,#727,#728));
#730=IFCFACEBOUND(#729,.T.);
#731=IFCFACE((#730));
#732=IFCCARTESIANPOINT((0.0533674135804176,0.601525604724884,0.025000000372529));
#733=IFCCARTESIANPOINT((0.0784814953804016,0.601525604724884,0.025000000372529));
#734=IFCCARTESIANPOINT((0.0784814953804016,0.601525604724884,0.));
#735=IFCCARTESIANPOINT((0.0533674135804176,0.601525604724884,0.));
#736=IFCPOLYLOOP((#732,#733,#734,#735));
#737=IFCFACEBOUND(#736,.T.);
#738=IFCFACE((#737));
#739=IFCCARTESIANPOINT((-0.0533674135804176,0.400612980127335,0.025000000372529));
#740=IFCCARTESIANPOINT((-0.0784814953804016,0.400612980127335,0.025000000372529));
#741=IFCCARTESIANPOINT((-0.0784814953804016,0.400612980127335,0.));
#742=IFCCARTESIANPOINT((-0.0533674135804176,0.400612980127335,0.));
#743=IFCPOLYLOOP((#739,#740,#741,#742));
#744=IFCFACEBOUND(#743,.T.);
#745=IFCFACE((#744));
#746=IFCCARTESIANPOINT((-0.0533674135804176,0.559832274913788,0.025000000372529));
#747=IFCCARTESIANPOINT((-0.0533674135804176,0.400612980127335,0.025000000372529));
#748=IFCCARTESIANPOINT((-0.0533674135804176,0.400612980127335,0.));
#749=IFCCARTESIANPOINT((-0.0533674135804176,0.559832274913788,0.));
#750=IFCPOLYLOOP((#746,#747,#748,#749));
#751=IFCFACEBOUND(#750,.T.);
#752=IFCFACE((#751));
#753=IFCCARTESIANPOINT((0.0784814953804016,0.400612980127335,0.025000000372529));
#754=IFCCARTESIANPOINT((0.0516015812754631,0.400612980127335,0.025000000372529));
#755=IFCCARTESIANPOINT((0.0516015812754631,0.400612980127335,0.));
#756=IFCCARTESIANPOINT((0.0784814953804016,0.400612980127335,0.));
#757=IFCPOLYLOOP((#753,#754,#755,#756));
#758=IFCFACEBOUND(#757,.T.);
#759=IFCFACE((#758));
#760=IFCCARTESIANPOINT((0.0784814953804016,0.601525604724884,0.025000000372529));
#761=IFCCARTESIANPOINT((0.0784814953804016,0.400612980127335,0.025000000372529));
#762=IFCCARTESIANPOINT((0.0784814953804016,0.400612980127335,0.));
#763=IFCCARTESIANPOINT((0.0784814953804016,0.601525604724884,0.));
#764=IFCPOLYLOOP((#760,#761,#762,#763));
#765=IFCFACEBOUND(#764,.T.);
#766=IFCFACE((#765));
#767=IFCCARTESIANPOINT((-0.0784814953804016,0.400612980127335,0.));
#768=IFCCARTESIANPOINT((-0.0784814953804016,0.601525604724884,0.));
#769=IFCCARTESIANPOINT((-0.0516015812754631,0.601525604724884,0.));
#770=IFCCARTESIANPOINT((0.0533674135804176,0.442355304956436,0.));
#771=IFCCARTESIANPOINT((0.0533674135804176,0.601525604724884,0.));
#772=IFCCARTESIANPOINT((0.0784814953804016,0.601525604724884,0.));
#773=IFCCARTESIANPOINT((0.0784814953804016,0.400612980127335,0.));
#774=IFCCARTESIANPOINT((0.0516015812754631,0.400612980127335,0.));
#775=IFCCARTESIANPOINT((-0.0533674135804176,0.559832274913788,0.));
#776=IFCCARTESIANPOINT((-0.0533674135804176,0.400612980127335,0.));
#777=IFCPOLYLOOP((#767,#768,#769,#770,#771,#772,#773,#774,#775,#776));
#778=IFCFACEBOUND(#777,.T.);
#779=IFCFACE((#778));
#780=IFCCARTESIANPOINT((0.0533674135804176,0.442355304956436,0.025000000372529));
#781=IFCCARTESIANPOINT((0.0533674135804176,0.601525604724884,0.025000000372529));
#782=IFCCARTESIANPOINT((0.0533674135804176,0.601525604724884,0.));
#783=IFCCARTESIANPOINT((0.0533674135804176,0.442355304956436,0.));
#784=IFCPOLYLOOP((#780,#781,#782,#783));
#785=IFCFACEBOUND(#784,.T.);
#786=IFCFACE((#785));
#787=IFCCARTESIANPOINT((0.0516015812754631,0.400612980127335,0.025000000372529));
#788=IFCCARTESIANPOINT((-0.0533674135804176,0.559832274913788,0.025000000372529));
#789=IFCCARTESIANPOINT((-0.0533674135804176,0.559832274913788,0.));
#790=IFCCARTESIANPOINT((0.0516015812754631,0.400612980127335,0.));
#791=IFCPOLYLOOP((#787,#788,#789,#790));
#792=IFCFACEBOUND(#791,.T.);
#793=IFCFACE((#792));
#794=IFCCARTESIANPOINT((-0.0784814953804016,0.400612980127335,0.025000000372529));
#795=IFCCARTESIANPOINT((-0.0784814953804016,0.601525604724884,0.025000000372529));
#796=IFCCARTESIANPOINT((-0.0784814953804016,0.601525604724884,0.));
#797=IFCCARTESIANPOINT((-0.0784814953804016,0.400612980127335,0.));
#798=IFCPOLYLOOP((#794,#795,#796,#797));
#799=IFCFACEBOUND(#798,.T.);
#800=IFCFACE((#799));
#801=IFCCARTESIANPOINT((-0.0784814953804016,0.601525604724884,0.025000000372529));
#802=IFCCARTESIANPOINT((-0.0516015812754631,0.601525604724884,0.025000000372529));
#803=IFCCARTESIANPOINT((-0.0516015812754631,0.601525604724884,0.));
#804=IFCCARTESIANPOINT((-0.0784814953804016,0.601525604724884,0.));
#805=IFCPOLYLOOP((#801,#802,#803,#804));
#806=IFCFACEBOUND(#805,.T.);
#807=IFCFACE((#806));
#808=IFCCLOSEDSHELL((#724,#731,#738,#745,#752,#759,#766,#779,#786,#793,#800,#807));
#809=IFCFACETEDBREP(#808);
#810=IFCCARTESIANPOINT((-0.839721858501434,-0.0906706377863882,0.));
#811=IFCCARTESIANPOINT((-0.894511759281158,0.110241986811161,0.));
#812=IFCCARTESIANPOINT((-0.868612825870514,0.110241986811161,0.));
#813=IFCCARTESIANPOINT((-0.836827874183655,-0.0218031257390972,0.));
#814=IFCCARTESIANPOINT((-0.827017664909363,-0.0625644475221637,0.));
#815=IFCCARTESIANPOINT((-0.816520750522613,-0.026512015610933,0.));
#816=IFCCARTESIANPOINT((-0.776691436767578,0.110241986811161,0.));
#817=IFCCARTESIANPOINT((-0.739363670349121,0.110241986811161,0.));
#818=IFCCARTESIANPOINT((-0.710423588752747,0.0111100496724247,0.));
#819=IFCCARTESIANPOINT((-0.688890218734741,-0.0625644475221637,0.));
#820=IFCCARTESIANPOINT((-0.67937433719635,-0.0229803491383793,0.));
#821=IFCCARTESIANPOINT((-0.64734411239624,0.110241986811161,0.));
#822=IFCCARTESIANPOINT((-0.62139618396759,0.110241986811161,0.));
#823=IFCCARTESIANPOINT((-0.67613697052002,-0.0906706377863882,0.));
#824=IFCCARTESIANPOINT((-0.703016877174377,-0.0906706377863882,0.));
#825=IFCCARTESIANPOINT((-0.751233994960785,0.06433030962944,0.));
#826=IFCCARTESIANPOINT((-0.757953941822052,0.0859617739915848,0.));
#827=IFCCARTESIANPOINT((-0.765507817268372,0.0599157288670539,0.));
#828=IFCCARTESIANPOINT((-0.809408366680145,-0.0906706377863882,0.));
#829=IFCPOLYLOOP((#810,#811,#812,#813,#814,#815,#816,#817,#818,#819,#820,#821,#822,#823,#824,#825,#826,#827,#828));
#830=IFCFACEBOUND(#829,.T.);
#831=IFCFACE((#830));
#832=IFCCARTESIANPOINT((-0.839721858501434,-0.0906706377863882,0.025000000372529));
#833=IFCCARTESIANPOINT((-0.809408366680145,-0.0906706377863882,0.025000000372529));
#834=IFCCARTESIANPOINT((-0.765507817268372,0.0599157288670539,0.025000000372529));
#835=IFCCARTESIANPOINT((-0.757953941822052,0.0859617739915848,0.025000000372529));
#836=IFCCARTESIANPOINT((-0.751233994960785,0.06433030962944,0.025000000372529));
#837=IFCCARTESIANPOINT((-0.703016877174377,-0.0906706377863882,0.025000000372529));
#838=IFCCARTESIANPOINT((-0.67613697052002,-0.0906706377863882,0.025000000372529));
#839=IFCCARTESIANPOINT((-0.62139618396759,0.110241986811161,0.025000000372529));
#840=IFCCARTESIANPOINT((-0.64734411239624,0.110241986811161,0.025000000372529));
#841=IFCCARTESIANPOINT((-0.67937433719635,-0.0229803491383793,0.025000000372529));
#842=IFCCARTESIANPOINT((-0.688890218734741,-0.0625644475221637,0.025000000372529));
#843=IFCCARTESIANPOINT((-0.710423588752747,0.0111100496724247,0.025000000372529));
#844=IFCCARTESIANPOINT((-0.739363670349121,0.110241986811161,0.025000000372529));
#845=IFCCARTESIANPOINT((-0.776691436767578,0.110241986811161,0.025000000372529));
#846=IFCCARTESIANPOINT((-0.816520750522613,-0.026512015610933,0.025000000372529));
#847=IFCCARTESIANPOINT((-0.827017664909363,-0.0625644475221637,0.025000000372529));
#848=IFCCARTESIANPOINT((-0.836827874183655,-0.0218031257390972,0.025000000372529));
#849=IFCCARTESIANPOINT((-0.868612825870514,0.110241986811161,0.025000000372529));
#850=IFCCARTESIANPOINT((-0.894511759281158,0.110241986811161,0.025000000372529));
#851=IFCPOLYLOOP((#832,#833,#834,#835,#836,#837,#838,#839,#840,#841,#842,#843,#844,#845,#846,#847,#848,#849,#850));
#852=IFCFACEBOUND(#851,.T.);
#853=IFCFACE((#852));
#854=IFCCARTESIANPOINT((-0.64734411239624,0.110241986811161,0.025000000372529));
#855=IFCCARTESIANPOINT((-0.62139618396759,0.110241986811161,0.025000000372529));
#856=IFCCARTESIANPOINT((-0.62139618396759,0.110241986811161,0.));
#857=IFCCARTESIANPOINT((-0.64734411239624,0.110241986811161,0.));
#858=IFCPOLYLOOP((#854,#855,#856,#857));
#859=IFCFACEBOUND(#858,.T.);
#860=IFCFACE((#859));
#861=IFCCARTESIANPOINT((-0.62139618396759,0.110241986811161,0.025000000372529));
#862=IFCCARTESIANPOINT((-0.67613697052002,-0.0906706377863882,0.025000000372529));
#863=IFCCARTESIANPOINT((-0.67613697052002,-0.0906706377863882,0.));
#864=IFCCARTESIANPOINT((-0.62139618396759,0.110241986811161,0.));
#865=IFCPOLYLOOP((#861,#862,#863,#864));
#866=IFCFACEBOUND(#865,.T.);
#867=IFCFACE((#866));
#868=IFCCARTESIANPOINT((-0.67613697052002,-0.0906706377863882,0.025000000372529));
#869=IFCCARTESIANPOINT((-0.703016877174377,-0.0906706377863882,0.025000000372529));
#870=IFCCARTESIANPOINT((-0.703016877174377,-0.0906706377863882,0.));
#871=IFCCARTESIANPOINT((-0.67613697052002,-0.0906706377863882,0.));
#872=IFCPOLYLOOP((#868,#869,#870,#871));
#873=IFCFACEBOUND(#872,.T.);
#874=IFCFACE((#873));
#875=IFCCARTESIANPOINT((-0.703016877174377,-0.0906706377863882,0.025000000372529));
#876=IFCCARTESIANPOINT((-0.751233994960785,0.06433030962944,0.025000000372529));
#877=IFCCARTESIANPOINT((-0.751233994960785,0.06433030962944,0.));
#878=IFCCARTESIANPOINT((-0.703016877174377,-0.0906706377863882,0.));
#879=IFCPOLYLOOP((#875,#876,#877,#878));
#880=IFCFACEBOUND(#879,.T.);
#881=IFCFACE((#880));
#882=IFCCARTESIANPOINT((-0.751233994960785,0.06433030962944,0.025000000372529));
#883=IFCCARTESIANPOINT((-0.757953941822052,0.0859617739915848,0.025000000372529));
#884=IFCCARTESIANPOINT((-0.757953941822052,0.0859617739915848,0.));
#885=IFCCARTESIANPOINT((-0.751233994960785,0.06433030962944,0.));
#886=IFCPOLYLOOP((#882,#883,#884,#885));
#887=IFCFACEBOUND(#886,.T.);
#888=IFCFACE((#887));
#889=IFCCARTESIANPOINT((-0.757953941822052,0.0859617739915848,0.025000000372529));
#890=IFCCARTESIANPOINT((-0.765507817268372,0.0599157288670539,0.025000000372529));
#891=IFCCARTESIANPOINT((-0.765507817268372,0.0599157288670539,0.));
#892=IFCCARTESIANPOINT((-0.757953941822052,0.0859617739915848,0.));
#893=IFCPOLYLOOP((#889,#890,#891,#892));
#894=IFCFACEBOUND(#893,.T.);
#895=IFCFACE((#894));
#896=IFCCARTESIANPOINT((-0.765507817268372,0.0599157288670539,0.025000000372529));
#897=IFCCARTESIANPOINT((-0.809408366680145,-0.0906706377863882,0.025000000372529));
#898=IFCCARTESIANPOINT((-0.809408366680145,-0.0906706377863882,0.));
#899=IFCCARTESIANPOINT((-0.765507817268372,0.0599157288670539,0.));
#900=IFCPOLYLOOP((#896,#897,#898,#899));
#901=IFCFACEBOUND(#900,.T.);
#902=IFCFACE((#901));
#903=IFCCARTESIANPOINT((-0.809408366680145,-0.0906706377863882,0.025000000372529));
#904=IFCCARTESIANPOINT((-0.839721858501434,-0.0906706377863882,0.025000000372529));
#905=IFCCARTESIANPOINT((-0.839721858501434,-0.0906706377863882,0.));
#906=IFCCARTESIANPOINT((-0.809408366680145,-0.0906706377863882,0.));
#907=IFCPOLYLOOP((#903,#904,#905,#906));
#908=IFCFACEBOUND(#907,.T.);
#909=IFCFACE((#908));
#910=IFCCARTESIANPOINT((-0.836827874183655,-0.0218031257390972,0.025000000372529));
#911=IFCCARTESIANPOINT((-0.827017664909363,-0.0625644475221637,0.025000000372529));
#912=IFCCARTESIANPOINT((-0.827017664909363,-0.0625644475221637,0.));
#913=IFCCARTESIANPOINT((-0.836827874183655,-0.0218031257390972,0.));
#914=IFCPOLYLOOP((#910,#911,#912,#913));
#915=IFCFACEBOUND(#914,.T.);
#916=IFCFACE((#915));
#917=IFCCARTESIANPOINT((-0.827017664909363,-0.0625644475221637,0.025000000372529));
#918=IFCCARTESIANPOINT((-0.816520750522613,-0.026512015610933,0.025000000372529));
#919=IFCCARTESIANPOINT((-0.816520750522613,-0.026512015610933,0.));
#920=IFCCARTESIANPOINT((-0.827017664909363,-0.0625644475221637,0.));
#921=IFCPOLYLOOP((#917,#918,#919,#920));
#922=IFCFACEBOUND(#921,.T.);
#923=IFCFACE((#922));
#924=IFCCARTESIANPOINT((-0.816520750522613,-0.026512015610933,0.025000000372529));
#925=IFCCARTESIANPOINT((-0.776691436767578,0.110241986811161,0.025000000372529));
#926=IFCCARTESIANPOINT((-0.776691436767578,0.110241986811161,0.));
#927=IFCCARTESIANPOINT((-0.816520750522613,-0.026512015610933,0.));
#928=IFCPOLYLOOP((#924,#925,#926,#927));
#929=IFCFACEBOUND(#928,.T.);
#930=IFCFACE((#929));
#931=IFCCARTESIANPOINT((-0.776691436767578,0.110241986811161,0.025000000372529));
#932=IFCCARTESIANPOINT((-0.739363670349121,0.110241986811161,0.025000000372529));
#933=IFCCARTESIANPOINT((-0.739363670349121,0.110241986811161,0.));
#934=IFCCARTESIANPOINT((-0.776691436767578,0.110241986811161,0.));
#935=IFCPOLYLOOP((#931,#932,#933,#934));
#936=IFCFACEBOUND(#935,.T.);
#937=IFCFACE((#936));
#938=IFCCARTESIANPOINT((-0.739363670349121,0.110241986811161,0.025000000372529));
#939=IFCCARTESIANPOINT((-0.710423588752747,0.0111100496724247,0.025000000372529));
#940=IFCCARTESIANPOINT((-0.710423588752747,0.0111100496724247,0.));
#941=IFCCARTESIANPOINT((-0.739363670349121,0.110241986811161,0.));
#942=IFCPOLYLOOP((#938,#939,#940,#941));
#943=IFCFACEBOUND(#942,.T.);
#944=IFCFACE((#943));
#945=IFCCARTESIANPOINT((-0.710423588752747,0.0111100496724247,0.025000000372529));
#946=IFCCARTESIANPOINT((-0.688890218734741,-0.0625644475221637,0.025000000372529));
#947=IFCCARTESIANPOINT((-0.688890218734741,-0.0625644475221637,0.));
#948=IFCCARTESIANPOINT((-0.710423588752747,0.0111100496724247,0.));
#949=IFCPOLYLOOP((#945,#946,#947,#948));
#950=IFCFACEBOUND(#949,.T.);
#951=IFCFACE((#950));
#952=IFCCARTESIANPOINT((-0.688890218734741,-0.0625644475221637,0.025000000372529));
#953=IFCCARTESIANPOINT((-0.67937433719635,-0.0229803491383793,0.025000000372529));
#954=IFCCARTESIANPOINT((-0.67937433719635,-0.0229803491383793,0.));
#955=IFCCARTESIANPOINT((-0.688890218734741,-0.0625644475221637,0.));
#956=IFCPOLYLOOP((#952,#953,#954,#955));
#957=IFCFACEBOUND(#956,.T.);
#958=IFCFACE((#957));
#959=IFCCARTESIANPOINT((-0.67937433719635,-0.0229803491383793,0.025000000372529));
#960=IFCCARTESIANPOINT((-0.64734411239624,0.110241986811161,0.025000000372529));
#961=IFCCARTESIANPOINT((-0.64734411239624,0.110241986811161,0.));
#962=IFCCARTESIANPOINT((-0.67937433719635,-0.0229803491383793,0.));
#963=IFCPOLYLOOP((#959,#960,#961,#962));
#964=IFCFACEBOUND(#963,.T.);
#965=IFCFACE((#964));
#966=IFCCARTESIANPOINT((-0.839721858501434,-0.0906706377863882,0.025000000372529));
#967=IFCCARTESIANPOINT((-0.894511759281158,0.110241986811161,0.025000000372529));
#968=IFCCARTESIANPOINT((-0.894511759281158,0.110241986811161,0.));
#969=IFCCARTESIANPOINT((-0.839721858501434,-0.0906706377863882,0.));
#970=IFCPOLYLOOP((#966,#967,#968,#969));
#971=IFCFACEBOUND(#970,.T.);
#972=IFCFACE((#971));
#973=IFCCARTESIANPOINT((-0.894511759281158,0.110241986811161,0.025000000372529));
#974=IFCCARTESIANPOINT((-0.868612825870514,0.110241986811161,0.025000000372529));
#975=IFCCARTESIANPOINT((-0.868612825870514,0.110241986811161,0.));
#976=IFCCARTESIANPOINT((-0.894511759281158,0.110241986811161,0.));
#977=IFCPOLYLOOP((#973,#974,#975,#976));
#978=IFCFACEBOUND(#977,.T.);
#979=IFCFACE((#978));
#980=IFCCARTESIANPOINT((-0.868612825870514,0.110241986811161,0.025000000372529));
#981=IFCCARTESIANPOINT((-0.836827874183655,-0.0218031257390972,0.025000000372529));
#982=IFCCARTESIANPOINT((-0.836827874183655,-0.0218031257390972,0.));
#983=IFCCARTESIANPOINT((-0.868612825870514,0.110241986811161,0.));
#984=IFCPOLYLOOP((#980,#981,#982,#983));
#985=IFCFACEBOUND(#984,.T.);
#986=IFCFACE((#985));
#987=IFCCLOSEDSHELL((#831,#853,#860,#867,#874,#881,#888,#895,#902,#909,#916,#923,#930,#937,#944,#951,#958,#965,#972,#979,#986));
#988=IFCFACETEDBREP(#987);
#989=IFCCARTESIANPOINT((0.499399989843403,1.44382283906452E-15,0.));
#990=IFCCARTESIANPOINT((4.06077759309077E-16,0.,0.));
#991=IFCCARTESIANPOINT((0.,0.249699994921685,0.));
#992=IFCPOLYLOOP((#989,#990,#991));
#993=IFCFACEBOUND(#992,.T.);
#994=IFCFACE((#993));
#995=IFCCARTESIANPOINT((0.0789583325386393,0.00200000009499587,0.172827646136284));
#996=IFCCARTESIANPOINT((0.0789583325386393,0.00200000009499587,0.126567378640175));
#997=IFCCARTESIANPOINT((0.104999996721779,0.00200000009499587,0.141602545976639));
#998=IFCCARTESIANPOINT((0.131041660904919,0.00200000009499587,0.126567378640175));
#999=IFCCARTESIANPOINT((0.180000007152592,0.00200000009499587,0.0983012691140175));
#1000=IFCCARTESIANPOINT((0.180000007152592,0.00200000009499587,0.138412982225418));
#1001=IFCCARTESIANPOINT((0.179203912615811,0.00200000009499587,0.145131692290306));
#1002=IFCCARTESIANPOINT((0.176859751343762,0.00200000009499587,0.151478335261345));
#1003=IFCCARTESIANPOINT((0.173097327351605,0.00200000009499587,0.157101407647133));
#1004=IFCCARTESIANPOINT((0.168125003576313,0.00200000009499587,0.161689519882202));
#1005=IFCCARTESIANPOINT((0.104999996721779,0.00200000009499587,0.198134750127792));
#1006=IFCCARTESIANPOINT((0.0846875011921275,0.00200000009499587,0.186407327651978));
#1007=IFCCARTESIANPOINT((0.0822574198246348,0.00200000009499587,0.183514386415482));
#1008=IFCCARTESIANPOINT((0.080449245870148,0.00200000009499587,0.180197030305862));
#1009=IFCCARTESIANPOINT((0.0793348029256213,0.00200000009499587,0.176586985588074));
#1010=IFCPOLYLOOP((#995,#996,#997,#998,#999,#1000,#1001,#1002,#1003,#1004,#1005,#1006,#1007,#1008,#1009));
#1011=IFCFACEBOUND(#1010,.T.);
#1012=IFCFACE((#1011));
#1013=IFCCARTESIANPOINT((0.131041660904919,0.00200000009499587,0.0803071036934853));
#1014=IFCCARTESIANPOINT((0.131041660904919,0.00200000009499587,0.126567378640175));
#1015=IFCCARTESIANPOINT((0.104999996721779,0.00200000009499587,0.111532211303711));
#1016=IFCCARTESIANPOINT((0.0789583325386393,0.00200000009499587,0.126567378640175));
#1017=IFCCARTESIANPOINT((0.0299999993294823,0.00200000009499587,0.154833480715752));
#1018=IFCCARTESIANPOINT((0.0299999993294823,0.00200000009499587,0.114721767604351));
#1019=IFCCARTESIANPOINT((0.0307960845530379,0.00200000009499587,0.108003057539463));
#1020=IFCCARTESIANPOINT((0.0331402495503771,0.00200000009499587,0.101656422019005));
#1021=IFCCARTESIANPOINT((0.0369026735425341,0.00200000009499587,0.0960333496332169));
#1022=IFCCARTESIANPOINT((0.0418750010431159,0.00200000009499587,0.0914452373981476));
#1023=IFCCARTESIANPOINT((0.104999996721779,0.00200000009499587,0.0549999997019768));
#1024=IFCCARTESIANPOINT((0.125312507152592,0.00200000009499587,0.0667274296283722));
#1025=IFCCARTESIANPOINT((0.127742573618923,0.00200000009499587,0.0696203634142876));
#1026=IFCCARTESIANPOINT((0.129550755023991,0.00200000009499587,0.0729377269744873));
#1027=IFCCARTESIANPOINT((0.130665197968518,0.00200000009499587,0.0765477642416954));
#1028=IFCPOLYLOOP((#1013,#1014,#1015,#1016,#1017,#1018,#1019,#1020,#1021,#1022,#1023,#1024,#1025,#1026,#1027));
#1029=IFCFACEBOUND(#1028,.T.);
#1030=IFCFACE((#1029));
#1031=IFCCARTESIANPOINT((0.104999996721779,0.,0.141602545976639));
#1032=IFCCARTESIANPOINT((0.0789583325386393,0.,0.126567378640175));
#1033=IFCCARTESIANPOINT((0.104999996721779,0.,0.111532211303711));
#1034=IFCCARTESIANPOINT((0.131041660904919,0.,0.126567378640175));
#1035=IFCPOLYLOOP((#1031,#1032,#1033,#1034));
#1036=IFCFACEBOUND(#1035,.T.);
#1037=IFCFACE((#1036));
#1038=IFCCARTESIANPOINT((4.06077759309077E-16,0.,0.300000011920929));
#1039=IFCCARTESIANPOINT((4.06077759309077E-16,0.,0.));
#1040=IFCCARTESIANPOINT((0.499399989843403,1.44382283906452E-15,0.));
#1041=IFCCARTESIANPOINT((0.499399989843403,1.44382283906452E-15,0.025000000372529));
#1042=IFCCARTESIANPOINT((0.0822574198246348,0.,0.183514386415482));
#1043=IFCCARTESIANPOINT((0.0846875011921275,0.,0.186407327651978));
#1044=IFCCARTESIANPOINT((0.104999996721779,0.,0.198134750127792));
#1045=IFCCARTESIANPOINT((0.168125003576313,0.,0.161689519882202));
#1046=IFCCARTESIANPOINT((0.173097327351605,0.,0.157101407647133));
#1047=IFCCARTESIANPOINT((0.176859751343762,0.,0.151478335261345));
#1048=IFCCARTESIANPOINT((0.179203912615811,0.,0.145131692290306));
#1049=IFCCARTESIANPOINT((0.180000007152592,0.,0.138412982225418));
#1050=IFCCARTESIANPOINT((0.180000007152592,0.,0.0983012691140175));
#1051=IFCCARTESIANPOINT((0.131041660904919,0.,0.126567378640175));
#1052=IFCCARTESIANPOINT((0.131041660904919,0.,0.0803071036934853));
#1053=IFCCARTESIANPOINT((0.130665197968518,0.,0.0765477642416954));
#1054=IFCCARTESIANPOINT((0.129550755023991,0.,0.0729377269744873));
#1055=IFCCARTESIANPOINT((0.127742573618923,0.,0.0696203634142876));
#1056=IFCCARTESIANPOINT((0.125312507152592,0.,0.0667274296283722));
#1057=IFCCARTESIANPOINT((0.104999996721779,0.,0.0549999997019768));
#1058=IFCCARTESIANPOINT((0.0418750010431159,0.,0.0914452373981476));
#1059=IFCCARTESIANPOINT((0.0369026735425341,0.,0.0960333496332169));
#1060=IFCCARTESIANPOINT((0.0331402495503771,0.,0.101656422019005));
#1061=IFCCARTESIANPOINT((0.0307960845530379,0.,0.108003057539463));
#1062=IFCCARTESIANPOINT((0.0299999993294823,0.,0.114721767604351));
#1063=IFCCARTESIANPOINT((0.0299999993294823,0.,0.154833480715752));
#1064=IFCCARTESIANPOINT((0.0789583325386393,0.,0.126567378640175));
#1065=IFCCARTESIANPOINT((0.0789583325386393,0.,0.172827646136284));
#1066=IFCCARTESIANPOINT((0.0793348029256213,0.,0.176586985588074));
#1067=IFCCARTESIANPOINT((0.080449245870148,0.,0.180197030305862));
#1068=IFCPOLYLOOP((#1038,#1039,#1040,#1041,#1042,#1043,#1044,#1045,#1046,#1047,#1048,#1049,#1050,#1051,#1052,#1053,#1054,#1055,#1056,#1057,#1058,#1059,#1060,#1061,#1062,#1063,#1064,#1065,#1066,#1067));
#1069=IFCFACEBOUND(#1068,.T.);
#1070=IFCFACE((#1069));
#1071=IFCCARTESIANPOINT((0.0307960845530379,0.,0.108003057539463));
#1072=IFCCARTESIANPOINT((0.0307960845530379,0.00200000009499587,0.108003057539463));
#1073=IFCCARTESIANPOINT((0.0299999993294823,0.00200000009499587,0.114721767604351));
#1074=IFCCARTESIANPOINT((0.0299999993294823,0.,0.114721767604351));
#1075=IFCPOLYLOOP((#1071,#1072,#1073,#1074));
#1076=IFCFACEBOUND(#1075,.T.);
#1077=IFCFACE((#1076));
#1078=IFCCARTESIANPOINT((0.104999996721779,0.,0.141602545976639));
#1079=IFCCARTESIANPOINT((0.131041660904919,0.,0.126567378640175));
#1080=IFCCARTESIANPOINT((0.131041660904919,0.00200000009499587,0.126567378640175));
#1081=IFCCARTESIANPOINT((0.104999996721779,0.00200000009499587,0.141602545976639));
#1082=IFCPOLYLOOP((#1078,#1079,#1080,#1081));
#1083=IFCFACEBOUND(#1082,.T.);
#1084=IFCFACE((#1083));
#1085=IFCCARTESIANPOINT((0.0418750010431159,0.00200000009499587,0.0914452373981476));
#1086=IFCCARTESIANPOINT((0.0418750010431159,0.,0.0914452373981476));
#1087=IFCCARTESIANPOINT((0.104999996721779,0.,0.0549999997019768));
#1088=IFCCARTESIANPOINT((0.104999996721779,0.00200000009499587,0.0549999997019768));
#1089=IFCPOLYLOOP((#1085,#1086,#1087,#1088));
#1090=IFCFACEBOUND(#1089,.T.);
#1091=IFCFACE((#1090));
#1092=IFCCARTESIANPOINT((4.06077759309077E-16,0.,0.300000011920929));
#1093=IFCCARTESIANPOINT((0.499399989843403,1.44382283906452E-15,0.025000000372529));
#1094=IFCCARTESIANPOINT((0.,0.249699994921685,0.025000000372529));
#1095=IFCPOLYLOOP((#1092,#1093,#1094));
#1096=IFCFACEBOUND(#1095,.T.);
#1097=IFCFACE((#1096));
#1098=IFCCARTESIANPOINT((0.,0.249699994921685,0.025000000372529));
#1099=IFCCARTESIANPOINT((0.499399989843403,1.44382283906452E-15,0.025000000372529));
#1100=IFCCARTESIANPOINT((0.499399989843403,1.44382283906452E-15,0.));
#1101=IFCCARTESIANPOINT((0.,0.249699994921685,0.));
#1102=IFCPOLYLOOP((#1098,#1099,#1100,#1101));
#1103=IFCFACEBOUND(#1102,.T.);
#1104=IFCFACE((#1103));
#1105=IFCCARTESIANPOINT((0.180000007152592,0.00200000009499587,0.0983012691140175));
#1106=IFCCARTESIANPOINT((0.180000007152592,0.,0.0983012691140175));
#1107=IFCCARTESIANPOINT((0.180000007152592,0.,0.138412982225418));
#1108=IFCCARTESIANPOINT((0.180000007152592,0.00200000009499587,0.138412982225418));
#1109=IFCPOLYLOOP((#1105,#1106,#1107,#1108));
#1110=IFCFACEBOUND(#1109,.T.);
#1111=IFCFACE((#1110));
#1112=IFCCARTESIANPOINT((0.131041660904919,0.00200000009499587,0.0803071036934853));
#1113=IFCCARTESIANPOINT((0.131041660904919,0.,0.0803071036934853));
#1114=IFCCARTESIANPOINT((0.131041660904919,0.,0.126567378640175));
#1115=IFCCARTESIANPOINT((0.131041660904919,0.00200000009499587,0.126567378640175));
#1116=IFCPOLYLOOP((#1112,#1113,#1114,#1115));
#1117=IFCFACEBOUND(#1116,.T.);
#1118=IFCFACE((#1117));
#1119=IFCCARTESIANPOINT((4.06077759309077E-16,0.,0.300000011920929));
#1120=IFCCARTESIANPOINT((0.,0.249699994921685,0.025000000372529));
#1121=IFCCARTESIANPOINT((0.,0.249699994921685,0.));
#1122=IFCCARTESIANPOINT((4.06077759309077E-16,0.,0.));
#1123=IFCPOLYLOOP((#1119,#1120,#1121,#1122));
#1124=IFCFACEBOUND(#1123,.T.);
#1125=IFCFACE((#1124));
#1126=IFCCARTESIANPOINT((0.0299999993294823,0.00200000009499587,0.154833480715752));
#1127=IFCCARTESIANPOINT((0.0299999993294823,0.,0.154833480715752));
#1128=IFCCARTESIANPOINT((0.0299999993294823,0.,0.114721767604351));
#1129=IFCCARTESIANPOINT((0.0299999993294823,0.00200000009499587,0.114721767604351));
#1130=IFCPOLYLOOP((#1126,#1127,#1128,#1129));
#1131=IFCFACEBOUND(#1130,.T.);
#1132=IFCFACE((#1131));
#1133=IFCCARTESIANPOINT((0.168125003576313,0.00200000009499587,0.161689519882202));
#1134=IFCCARTESIANPOINT((0.168125003576313,0.,0.161689519882202));
#1135=IFCCARTESIANPOINT((0.104999996721779,0.,0.198134750127792));
#1136=IFCCARTESIANPOINT((0.104999996721779,0.00200000009499587,0.198134750127792));
#1137=IFCPOLYLOOP((#1133,#1134,#1135,#1136));
#1138=IFCFACEBOUND(#1137,.T.);
#1139=IFCFACE((#1138));
#1140=IFCCARTESIANPOINT((0.104999996721779,0.,0.111532211303711));
#1141=IFCCARTESIANPOINT((0.0789583325386393,0.,0.126567378640175));
#1142=IFCCARTESIANPOINT((0.0789583325386393,0.00200000009499587,0.126567378640175));
#1143=IFCCARTESIANPOINT((0.104999996721779,0.00200000009499587,0.111532211303711));
#1144=IFCPOLYLOOP((#1140,#1141,#1142,#1143));
#1145=IFCFACEBOUND(#1144,.T.);
#1146=IFCFACE((#1145));
#1147=IFCCARTESIANPOINT((0.104999996721779,0.00200000009499587,0.198134750127792));
#1148=IFCCARTESIANPOINT((0.104999996721779,0.,0.198134750127792));
#1149=IFCCARTESIANPOINT((0.0846875011921275,0.,0.186407327651978));
#1150=IFCCARTESIANPOINT((0.0846875011921275,0.00200000009499587,0.186407327651978));
#1151=IFCPOLYLOOP((#1147,#1148,#1149,#1150));
#1152=IFCFACEBOUND(#1151,.T.);
#1153=IFCFACE((#1152));
#1154=IFCCARTESIANPOINT((0.131041660904919,0.00200000009499587,0.126567378640175));
#1155=IFCCARTESIANPOINT((0.131041660904919,0.,0.126567378640175));
#1156=IFCCARTESIANPOINT((0.104999996721779,0.,0.111532211303711));
#1157=IFCCARTESIANPOINT((0.104999996721779,0.00200000009499587,0.111532211303711));
#1158=IFCPOLYLOOP((#1154,#1155,#1156,#1157));
#1159=IFCFACEBOUND(#1158,.T.);
#1160=IFCFACE((#1159));
#1161=IFCCARTESIANPOINT((0.0369026735425341,0.,0.0960333496332169));
#1162=IFCCARTESIANPOINT((0.0418750010431159,0.,0.0914452373981476));
#1163=IFCCARTESIANPOINT((0.0418750010431159,0.00200000009499587,0.0914452373981476));
#1164=IFCCARTESIANPOINT((0.0369026735425341,0.00200000009499587,0.0960333496332169));
#1165=IFCPOLYLOOP((#1161,#1162,#1163,#1164));
#1166=IFCFACEBOUND(#1165,.T.);
#1167=IFCFACE((#1166));
#1168=IFCCARTESIANPOINT((0.0369026735425341,0.,0.0960333496332169));
#1169=IFCCARTESIANPOINT((0.0369026735425341,0.00200000009499587,0.0960333496332169));
#1170=IFCCARTESIANPOINT((0.0331402495503771,0.00200000009499587,0.101656422019005));
#1171=IFCCARTESIANPOINT((0.0331402495503771,0.,0.101656422019005));
#1172=IFCPOLYLOOP((#1168,#1169,#1170,#1171));
#1173=IFCFACEBOUND(#1172,.T.);
#1174=IFCFACE((#1173));
#1175=IFCCARTESIANPOINT((0.0331402495503771,0.,0.101656422019005));
#1176=IFCCARTESIANPOINT((0.0331402495503771,0.00200000009499587,0.101656422019005));
#1177=IFCCARTESIANPOINT((0.0307960845530379,0.00200000009499587,0.108003057539463));
#1178=IFCCARTESIANPOINT((0.0307960845530379,0.,0.108003057539463));
#1179=IFCPOLYLOOP((#1175,#1176,#1177,#1178));
#1180=IFCFACEBOUND(#1179,.T.);
#1181=IFCFACE((#1180));
#1182=IFCCARTESIANPOINT((0.0822574198246348,0.,0.183514386415482));
#1183=IFCCARTESIANPOINT((0.0822574198246348,0.00200000009499587,0.183514386415482));
#1184=IFCCARTESIANPOINT((0.0846875011921275,0.00200000009499587,0.186407327651978));
#1185=IFCCARTESIANPOINT((0.0846875011921275,0.,0.186407327651978));
#1186=IFCPOLYLOOP((#1182,#1183,#1184,#1185));
#1187=IFCFACEBOUND(#1186,.T.);
#1188=IFCFACE((#1187));
#1189=IFCCARTESIANPOINT((0.130665197968518,0.,0.0765477642416954));
#1190=IFCCARTESIANPOINT((0.131041660904919,0.,0.0803071036934853));
#1191=IFCCARTESIANPOINT((0.131041660904919,0.00200000009499587,0.0803071036934853));
#1192=IFCCARTESIANPOINT((0.130665197968518,0.00200000009499587,0.0765477642416954));
#1193=IFCPOLYLOOP((#1189,#1190,#1191,#1192));
#1194=IFCFACEBOUND(#1193,.T.);
#1195=IFCFACE((#1194));
#1196=IFCCARTESIANPOINT((0.130665197968518,0.,0.0765477642416954));
#1197=IFCCARTESIANPOINT((0.130665197968518,0.00200000009499587,0.0765477642416954));
#1198=IFCCARTESIANPOINT((0.129550755023991,0.00200000009499587,0.0729377269744873));
#1199=IFCCARTESIANPOINT((0.129550755023991,0.,0.0729377269744873));
#1200=IFCPOLYLOOP((#1196,#1197,#1198,#1199));
#1201=IFCFACEBOUND(#1200,.T.);
#1202=IFCFACE((#1201));
#1203=IFCCARTESIANPOINT((0.129550755023991,0.,0.0729377269744873));
#1204=IFCCARTESIANPOINT((0.129550755023991,0.00200000009499587,0.0729377269744873));
#1205=IFCCARTESIANPOINT((0.127742573618923,0.00200000009499587,0.0696203634142876));
#1206=IFCCARTESIANPOINT((0.127742573618923,0.,0.0696203634142876));
#1207=IFCPOLYLOOP((#1203,#1204,#1205,#1206));
#1208=IFCFACEBOUND(#1207,.T.);
#1209=IFCFACE((#1208));
#1210=IFCCARTESIANPOINT((0.127742573618923,0.,0.0696203634142876));
#1211=IFCCARTESIANPOINT((0.127742573618923,0.00200000009499587,0.0696203634142876));
#1212=IFCCARTESIANPOINT((0.125312507152592,0.00200000009499587,0.0667274296283722));
#1213=IFCCARTESIANPOINT((0.125312507152592,0.,0.0667274296283722));
#1214=IFCPOLYLOOP((#1210,#1211,#1212,#1213));
#1215=IFCFACEBOUND(#1214,.T.);
#1216=IFCFACE((#1215));
#1217=IFCCARTESIANPOINT((0.0789583325386393,0.00200000009499587,0.126567378640175));
#1218=IFCCARTESIANPOINT((0.0789583325386393,0.,0.126567378640175));
#1219=IFCCARTESIANPOINT((0.104999996721779,0.,0.141602545976639));
#1220=IFCCARTESIANPOINT((0.104999996721779,0.00200000009499587,0.141602545976639));
#1221=IFCPOLYLOOP((#1217,#1218,#1219,#1220));
#1222=IFCFACEBOUND(#1221,.T.);
#1223=IFCFACE((#1222));
#1224=IFCCARTESIANPOINT((0.104999996721779,0.00200000009499587,0.0549999997019768));
#1225=IFCCARTESIANPOINT((0.104999996721779,0.,0.0549999997019768));
#1226=IFCCARTESIANPOINT((0.125312507152592,0.,0.0667274296283722));
#1227=IFCCARTESIANPOINT((0.125312507152592,0.00200000009499587,0.0667274296283722));
#1228=IFCPOLYLOOP((#1224,#1225,#1226,#1227));
#1229=IFCFACEBOUND(#1228,.T.);
#1230=IFCFACE((#1229));
#1231=IFCCARTESIANPOINT((0.0789583325386393,0.00200000009499587,0.172827646136284));
#1232=IFCCARTESIANPOINT((0.0789583325386393,0.,0.172827646136284));
#1233=IFCCARTESIANPOINT((0.0789583325386393,0.,0.126567378640175));
#1234=IFCCARTESIANPOINT((0.0789583325386393,0.00200000009499587,0.126567378640175));
#1235=IFCPOLYLOOP((#1231,#1232,#1233,#1234));
#1236=IFCFACEBOUND(#1235,.T.);
#1237=IFCFACE((#1236));
#1238=IFCCARTESIANPOINT((0.173097327351605,0.,0.157101407647133));
#1239=IFCCARTESIANPOINT((0.168125003576313,0.,0.161689519882202));
#1240=IFCCARTESIANPOINT((0.168125003576313,0.00200000009499587,0.161689519882202));
#1241=IFCCARTESIANPOINT((0.173097327351605,0.00200000009499587,0.157101407647133));
#1242=IFCPOLYLOOP((#1238,#1239,#1240,#1241));
#1243=IFCFACEBOUND(#1242,.T.);
#1244=IFCFACE((#1243));
#1245=IFCCARTESIANPOINT((0.173097327351605,0.,0.157101407647133));
#1246=IFCCARTESIANPOINT((0.173097327351605,0.00200000009499587,0.157101407647133));
#1247=IFCCARTESIANPOINT((0.176859751343762,0.00200000009499587,0.151478335261345));
#1248=IFCCARTESIANPOINT((0.176859751343762,0.,0.151478335261345));
#1249=IFCPOLYLOOP((#1245,#1246,#1247,#1248));
#1250=IFCFACEBOUND(#1249,.T.);
#1251=IFCFACE((#1250));
#1252=IFCCARTESIANPOINT((0.176859751343762,0.,0.151478335261345));
#1253=IFCCARTESIANPOINT((0.176859751343762,0.00200000009499587,0.151478335261345));
#1254=IFCCARTESIANPOINT((0.179203912615811,0.00200000009499587,0.145131692290306));
#1255=IFCCARTESIANPOINT((0.179203912615811,0.,0.145131692290306));
#1256=IFCPOLYLOOP((#1252,#1253,#1254,#1255));
#1257=IFCFACEBOUND(#1256,.T.);
#1258=IFCFACE((#1257));
#1259=IFCCARTESIANPOINT((0.179203912615811,0.,0.145131692290306));
#1260=IFCCARTESIANPOINT((0.179203912615811,0.00200000009499587,0.145131692290306));
#1261=IFCCARTESIANPOINT((0.180000007152592,0.00200000009499587,0.138412982225418));
#1262=IFCCARTESIANPOINT((0.180000007152592,0.,0.138412982225418));
#1263=IFCPOLYLOOP((#1259,#1260,#1261,#1262));
#1264=IFCFACEBOUND(#1263,.T.);
#1265=IFCFACE((#1264));
#1266=IFCCARTESIANPOINT((0.0793348029256213,0.,0.176586985588074));
#1267=IFCCARTESIANPOINT((0.0789583325386393,0.,0.172827646136284));
#1268=IFCCARTESIANPOINT((0.0789583325386393,0.00200000009499587,0.172827646136284));
#1269=IFCCARTESIANPOINT((0.0793348029256213,0.00200000009499587,0.176586985588074));
#1270=IFCPOLYLOOP((#1266,#1267,#1268,#1269));
#1271=IFCFACEBOUND(#1270,.T.);
#1272=IFCFACE((#1271));
#1273=IFCCARTESIANPOINT((0.0793348029256213,0.,0.176586985588074));
#1274=IFCCARTESIANPOINT((0.0793348029256213,0.00200000009499587,0.176586985588074));
#1275=IFCCARTESIANPOINT((0.080449245870148,0.00200000009499587,0.180197030305862));
#1276=IFCCARTESIANPOINT((0.080449245870148,0.,0.180197030305862));
#1277=IFCPOLYLOOP((#1273,#1274,#1275,#1276));
#1278=IFCFACEBOUND(#1277,.T.);
#1279=IFCFACE((#1278));
#1280=IFCCARTESIANPOINT((0.080449245870148,0.,0.180197030305862));
#1281=IFCCARTESIANPOINT((0.080449245870148,0.00200000009499587,0.180197030305862));
#1282=IFCCARTESIANPOINT((0.0822574198246348,0.00200000009499587,0.183514386415482));
#1283=IFCCARTESIANPOINT((0.0822574198246348,0.,0.183514386415482));
#1284=IFCPOLYLOOP((#1280,#1281,#1282,#1283));
#1285=IFCFACEBOUND(#1284,.T.);
#1286=IFCFACE((#1285));
#1287=IFCCARTESIANPOINT((0.180000007152592,0.00200000009499587,0.0983012691140175));
#1288=IFCCARTESIANPOINT((0.131041660904919,0.00200000009499587,0.126567378640175));
#1289=IFCCARTESIANPOINT((0.131041660904919,0.,0.126567378640175));
#1290=IFCCARTESIANPOINT((0.180000007152592,0.,0.0983012691140175));
#1291=IFCPOLYLOOP((#1287,#1288,#1289,#1290));
#1292=IFCFACEBOUND(#1291,.T.);
#1293=IFCFACE((#1292));
#1294=IFCCARTESIANPOINT((0.0299999993294823,0.00200000009499587,0.154833480715752));
#1295=IFCCARTESIANPOINT((0.0789583325386393,0.00200000009499587,0.126567378640175));
#1296=IFCCARTESIANPOINT((0.0789583325386393,0.,0.126567378640175));
#1297=IFCCARTESIANPOINT((0.0299999993294823,0.,0.154833480715752));
#1298=IFCPOLYLOOP((#1294,#1295,#1296,#1297));
#1299=IFCFACEBOUND(#1298,.T.);
#1300=IFCFACE((#1299));
#1301=IFCCLOSEDSHELL((#994,#1012,#1030,#1037,#1070,#1077,#1084,#1091,#1097,#1104,#1111,#1118,#1125,#1132,#1139,#1146,#1153,#1160,#1167,#1174,#1181,#1188,#1195,#1202,#1209,#1216,#1223,#1230,#1237,#1244,#1251,#1258,#1265,#1272,#1279,#1286,#1293,#1300));
#1302=IFCFACETEDBREP(#1301);
#1303=IFCCARTESIANPOINT((0.0299999993294477,0.00100000004749721,0.154833480715752));
#1304=IFCCARTESIANPOINT((0.104999996721745,0.00100000004749721,0.198134750127792));
#1305=IFCCARTESIANPOINT((0.104999996721745,0.00200000009499515,0.198134750127792));
#1306=IFCCARTESIANPOINT((0.0299999993294477,0.00200000009499515,0.154833480715752));
#1307=IFCPOLYLOOP((#1303,#1304,#1305,#1306));
#1308=IFCFACEBOUND(#1307,.T.);
#1309=IFCFACE((#1308));
#1310=IFCCARTESIANPOINT((0.180000007152557,0.00100000004749721,0.0983012691140175));
#1311=IFCCARTESIANPOINT((0.104999996721745,0.00100000004749721,0.0549999997019768));
#1312=IFCCARTESIANPOINT((0.104999996721745,0.00200000009499515,0.0549999997019768));
#1313=IFCCARTESIANPOINT((0.180000007152557,0.00200000009499515,0.0983012691140175));
#1314=IFCPOLYLOOP((#1310,#1311,#1312,#1313));
#1315=IFCFACEBOUND(#1314,.T.);
#1316=IFCFACE((#1315));
#1317=IFCCARTESIANPOINT((0.104999996721745,0.00100000004749721,0.198134750127792));
#1318=IFCCARTESIANPOINT((0.180000007152557,0.00100000004749721,0.154833480715752));
#1319=IFCCARTESIANPOINT((0.180000007152557,0.00200000009499515,0.154833480715752));
#1320=IFCCARTESIANPOINT((0.104999996721745,0.00200000009499515,0.198134750127792));
#1321=IFCPOLYLOOP((#1317,#1318,#1319,#1320));
#1322=IFCFACEBOUND(#1321,.T.);
#1323=IFCFACE((#1322));
#1324=IFCCARTESIANPOINT((0.0299999993294477,0.00100000004749721,0.0983012691140175));
#1325=IFCCARTESIANPOINT((0.0299999993294477,0.00100000004749721,0.154833480715752));
#1326=IFCCARTESIANPOINT((0.0299999993294477,0.00200000009499515,0.154833480715752));
#1327=IFCCARTESIANPOINT((0.0299999993294477,0.00200000009499515,0.0983012691140175));
#1328=IFCPOLYLOOP((#1324,#1325,#1326,#1327));
#1329=IFCFACEBOUND(#1328,.T.);
#1330=IFCFACE((#1329));
#1331=IFCCARTESIANPOINT((0.0299999993294477,0.00200000009499515,0.154833480715752));
#1332=IFCCARTESIANPOINT((0.104999996721745,0.00200000009499515,0.198134750127792));
#1333=IFCCARTESIANPOINT((0.180000007152557,0.00200000009499515,0.154833480715752));
#1334=IFCCARTESIANPOINT((0.180000007152557,0.00200000009499515,0.0983012691140175));
#1335=IFCCARTESIANPOINT((0.104999996721745,0.00200000009499515,0.0549999997019768));
#1336=IFCCARTESIANPOINT((0.0299999993294477,0.00200000009499515,0.0983012691140175));
#1337=IFCPOLYLOOP((#1331,#1332,#1333,#1334,#1335,#1336));
#1338=IFCFACEBOUND(#1337,.T.);
#1339=IFCFACE((#1338));
#1340=IFCCARTESIANPOINT((0.180000007152557,0.00100000004749721,0.154833480715752));
#1341=IFCCARTESIANPOINT((0.180000007152557,0.00100000004749721,0.0983012691140175));
#1342=IFCCARTESIANPOINT((0.180000007152557,0.00200000009499515,0.0983012691140175));
#1343=IFCCARTESIANPOINT((0.180000007152557,0.00200000009499515,0.154833480715752));
#1344=IFCPOLYLOOP((#1340,#1341,#1342,#1343));
#1345=IFCFACEBOUND(#1344,.T.);
#1346=IFCFACE((#1345));
#1347=IFCCARTESIANPOINT((0.0299999993294477,0.00100000004749721,0.154833480715752));
#1348=IFCCARTESIANPOINT((0.0299999993294477,0.00100000004749721,0.0983012691140175));
#1349=IFCCARTESIANPOINT((0.104999996721745,0.00100000004749721,0.0549999997019768));
#1350=IFCCARTESIANPOINT((0.180000007152557,0.00100000004749721,0.0983012691140175));
#1351=IFCCARTESIANPOINT((0.180000007152557,0.00100000004749721,0.154833480715752));
#1352=IFCCARTESIANPOINT((0.104999996721745,0.00100000004749721,0.198134750127792));
#1353=IFCPOLYLOOP((#1347,#1348,#1349,#1350,#1351,#1352));
#1354=IFCFACEBOUND(#1353,.T.);
#1355=IFCFACE((#1354));
#1356=IFCCARTESIANPOINT((0.104999996721745,0.00100000004749721,0.0549999997019768));
#1357=IFCCARTESIANPOINT((0.0299999993294477,0.00100000004749721,0.0983012691140175));
#1358=IFCCARTESIANPOINT((0.0299999993294477,0.00200000009499515,0.0983012691140175));
#1359=IFCCARTESIANPOINT((0.104999996721745,0.00200000009499515,0.0549999997019768));
#1360=IFCPOLYLOOP((#1356,#1357,#1358,#1359));
#1361=IFCFACEBOUND(#1360,.T.);
#1362=IFCFACE((#1361));
#1363=IFCCLOSEDSHELL((#1309,#1316,#1323,#1330,#1339,#1346,#1355,#1362));
#1364=IFCFACETEDBREP(#1363);
#1365=IFCCOLOURRGB($,0.345098039215686,0.619607843137255,0.650980392156863);
#1366=IFCSURFACESTYLERENDERING(#1365,0.,$,$,$,$,$,$,.NOTDEFINED.);
#1367=IFCSURFACESTYLE($,.BOTH.,(#1366));
#1368=IFCPRESENTATIONSTYLEASSIGNMENT((#1367));
#1369=IFCSTYLEDITEM(#85,(#1368),$);
#1370=IFCCOLOURRGB($,0.0470588235294118,0.149019607843137,0.349019607843137);
#1371=IFCSURFACESTYLERENDERING(#1370,0.,$,$,$,$,$,$,.NOTDEFINED.);
#1372=IFCSURFACESTYLE($,.BOTH.,(#1371));
#1373=IFCPRESENTATIONSTYLEASSIGNMENT((#1372));
#1374=IFCSTYLEDITEM(#129,(#1373),$);
#1375=IFCCOLOURRGB($,0.949019607843137,0.56078431372549,0.219607843137255);
#1376=IFCSURFACESTYLERENDERING(#1375,0.,$,$,$,$,$,$,.NOTDEFINED.);
#1377=IFCSURFACESTYLE($,.BOTH.,(#1376));
#1378=IFCPRESENTATIONSTYLEASSIGNMENT((#1377));
#1379=IFCSTYLEDITEM(#173,(#1378),$);
#1380=IFCSTYLEDITEM(#289,(#1373),$);
#1381=IFCSTYLEDITEM(#711,(#1373),$);
#1382=IFCSTYLEDITEM(#809,(#1373),$);
#1383=IFCSTYLEDITEM(#988,(#1373),$);
#1384=IFCSTYLEDITEM(#1302,(#1373),$);
#1385=IFCCOLOURRGB($,1.,1.,1.);
#1386=IFCSURFACESTYLERENDERING(#1385,0.,$,$,$,$,$,$,.NOTDEFINED.);
#1387=IFCSURFACESTYLE($,.BOTH.,(#1386));
#1388=IFCPRESENTATIONSTYLEASSIGNMENT((#1387));
#1389=IFCSTYLEDITEM(#1364,(#1388),$);
#1390=IFCSHAPEREPRESENTATION(#11,'Body','Brep',(#85,#129,#173,#289,#711,#809,#988,#1302,#1364));
#1391=IFCCARTESIANPOINT((-0.,-0.,0.));
#1392=IFCDIRECTION((0.,0.,1.));
#1393=IFCDIRECTION((0.637921483011472,0.770101409888622,0.));
#1394=IFCAXIS2PLACEMENT3D(#1391,#1392,#1393);
#1395=IFCLOCALPLACEMENT(#37,#1394);
#1396=IFCPRODUCTDEFINITIONSHAPE($,$,(#1390));
#1397=IFCBUILDINGELEMENTPROXY('1$V8sqbbLB3fynCqRDfied',#5,'GEO-Nulpunt',$,'nulpunt:nulpunt',#1395,#1396,$,$);
#1398=IFCPROPERTYSINGLEVALUE('RD-Y',$,IFCTEXT('384156.389'),$);
#1399=IFCPROPERTYSINGLEVALUE('RD-X',$,IFCTEXT('160071.588'),$);
#1400=IFCPROPERTYSINGLEVALUE('Latitude',$,IFCTEXT('51.44647491'),$);
#1401=IFCPROPERTYSINGLEVALUE('Longitude',$,IFCTEXT('5.46015425'),$);
#1402=IFCPROPERTYSET('3qfjreZX16meehnyea$4NN',#5,'CPset_GEO-Nulpunt',$,(#1398,#1399,#1400,#1401));
#1403=IFCRELDEFINESBYPROPERTIES('27Lz3EYQb0wutCbQEN315g',#5,$,$,(#1397),#1402);
#1404=IFCCARTESIANPOINT((0.,0.,-0.1));
#1405=IFCDIRECTION((0.,0.,1.));
#1406=IFCDIRECTION((1.,0.,0.));
#1407=IFCAXIS2PLACEMENT3D(#1404,#1405,#1406);
#1408=IFCLOCALPLACEMENT(#37,#1407);
#1409=IFCCARTESIANPOINT((0.,0.,0.));
#1410=IFCDIRECTION((0.,0.,1.));
#1411=IFCDIRECTION((1.,0.,0.));
#1412=IFCAXIS2PLACEMENT3D(#1409,#1410,#1411);
#1413=IFCDIRECTION((0.,0.,1.));
#1414=IFCCARTESIANPOINT((67.4819313346816,-259.527628144308));
#1415=IFCCARTESIANPOINT((131.134128827689,-233.592387725716));
#1416=IFCCARTESIANPOINT((104.671302803705,-265.538418974786));
#1417=IFCCARTESIANPOINT((94.227585702698,-269.812802795263));
#1418=IFCCARTESIANPOINT((27.2747771231516,-297.191489272693));
#1419=IFCCARTESIANPOINT((-13.1526852812094,-313.737950642651));
#1420=IFCCARTESIANPOINT((-30.3588809219364,-299.48502018553));
#1421=IFCCARTESIANPOINT((67.4819313346816,-259.527628144308));
#1422=IFCPOLYLINE((#1414,#1415,#1416,#1417,#1418,#1419,#1420,#1421));
#1423=IFCARBITRARYCLOSEDPROFILEDEF(.AREA.,$,#1422);
#1424=IFCEXTRUDEDAREASOLID(#1423,#1412,#1413,0.1);
#1425=IFCSHAPEREPRESENTATION(#11,'Body','SweptSolid',(#1424));
#1426=IFCPRODUCTDEFINITIONSHAPE($,$,(#1425));
#1427=IFCSLAB('3MXk8qY$9CJRflh8Fb0VIO',#5,'NL.IMKAD.KadastraalObject.45150672270000',$,$,#1408,#1426,$,.NOTDEFINED.);
#1428=IFCSTYLEDITEM(#1424,(#1388),$);
#1429=IFCPROPERTYSINGLEVALUE('objectid',$,IFCTEXT('3234713'),$);
#1430=IFCPROPERTYSINGLEVALUE('globalid',$,IFCTEXT('{6E4E83BC-5B42-1607-96AE-30945FD79558}'),$);
#1431=IFCPROPERTYSINGLEVALUE('identificatie',$,IFCTEXT('NL.IMKAD.KadastraalObject.45150672270000'),$);
#1432=IFCPROPERTYSINGLEVALUE('namespace',$,IFCTEXT('NL.IMKAD.KadastraalObject'),$);
#1433=IFCPROPERTYSINGLEVALUE('lokaalid',$,IFCTEXT('45150672270000'),$);
#1434=IFCPROPERTYSINGLEVALUE('begingeldigheid',$,IFCTEXT('1748004857000'),$);
#1435=IFCPROPERTYSINGLEVALUE('tijdstipregistratie',$,IFCTEXT('1748004857000'),$);
#1436=IFCPROPERTYSINGLEVALUE('volgnummer',$,IFCTEXT('0'),$);
#1437=IFCPROPERTYSINGLEVALUE('statushistorie',$,IFCTEXT('G'),$);
#1438=IFCPROPERTYSINGLEVALUE('kadastralegemeentecode',$,IFCTEXT('951'),$);
#1439=IFCPROPERTYSINGLEVALUE('kadastralegemeentewaarde',$,IFCTEXT('Strijp'),$);
#1440=IFCPROPERTYSINGLEVALUE('sectie',$,IFCTEXT('C'),$);
#1441=IFCPROPERTYSINGLEVALUE('perceelnummer',$,IFCTEXT('6722'),$);
#1442=IFCPROPERTYSINGLEVALUE('akrkadastralegemeentecode',$,IFCTEXT('STR03'),$);
#1443=IFCPROPERTYSINGLEVALUE('kadastralegrootte',$,IFCTEXT('11470'),$);
#1444=IFCPROPERTYSINGLEVALUE('soortgrootte',$,IFCTEXT('Voorlopig'),$);
#1445=IFCPROPERTYSINGLEVALUE('perceelnummerrotatie',$,IFCTEXT('0.0'),$);
#1446=IFCPROPERTYSINGLEVALUE('perceelnummerverschuivingx',$,IFCTEXT('0.0'),$);
#1447=IFCPROPERTYSINGLEVALUE('perceelnummerverschuivingy',$,IFCTEXT('0.0'),$);
#1448=IFCPROPERTYSINGLEVALUE('plaatscoordinatenx',$,IFCTEXT('159853.109'),$);
#1449=IFCPROPERTYSINGLEVALUE('plaatscoordinateny',$,IFCTEXT('383960.69'),$);
#1450=IFCPROPERTYSINGLEVALUE('id',$,IFCTEXT('1'),$);
#1451=IFCPROPERTYSET('0puH3EDczCju$tw1kskHvJ',#5,'CPset_BRK-Perceel',$,(#1429,#1430,#1431,#1432,#1433,#1434,#1435,#1436,#1437,#1438,#1439,#1440,#1441,#1442,#1443,#1444,#1445,#1446,#1447,#1448,#1449,#1450));
#1452=IFCRELDEFINESBYPROPERTIES('3wF$LOGmD4_AiLmLlmygdf',#5,$,$,(#1427),#1451);
#1453=IFCCARTESIANPOINT((0.,0.,-0.1));
#1454=IFCDIRECTION((0.,0.,1.));
#1455=IFCDIRECTION((1.,0.,0.));
#1456=IFCAXIS2PLACEMENT3D(#1453,#1454,#1455);
#1457=IFCLOCALPLACEMENT(#37,#1456);
#1458=IFCCARTESIANPOINT((0.,0.,0.));
#1459=IFCDIRECTION((0.,0.,1.));
#1460=IFCDIRECTION((1.,0.,0.));
#1461=IFCAXIS2PLACEMENT3D(#1458,#1459,#1460);
#1462=IFCDIRECTION((0.,0.,1.));
#1463=IFCCARTESIANPOINT((192.092081847572,-159.353148529131));
#1464=IFCCARTESIANPOINT((162.90437928625,-87.8827398337307));
#1465=IFCCARTESIANPOINT((219.227719887916,-64.8804042853881));
#1466=IFCCARTESIANPOINT((236.287054950837,-106.651347459992));
#1467=IFCCARTESIANPOINT((223.502050255105,-122.085457148787));
#1468=IFCCARTESIANPOINT((222.690839303978,-120.094169288815));
#1469=IFCCARTESIANPOINT((222.48776209497,-120.177863050601));
#1470=IFCCARTESIANPOINT((203.148463789228,-72.8244192232378));
#1471=IFCCARTESIANPOINT((164.728595481633,-88.5147432209342));
#1472=IFCCARTESIANPOINT((188.869701766554,-147.625309358991));
#1473=IFCCARTESIANPOINT((209.235065440735,-139.308619266667));
#1474=IFCCARTESIANPOINT((192.906494277908,-159.020536812663));
#1475=IFCCARTESIANPOINT((192.092081847572,-159.353148529131));
#1476=IFCPOLYLINE((#1463,#1464,#1465,#1466,#1467,#1468,#1469,#1470,#1471,#1472,#1473,#1474,#1475));
#1477=IFCARBITRARYCLOSEDPROFILEDEF(.AREA.,$,#1476);
#1478=IFCEXTRUDEDAREASOLID(#1477,#1461,#1462,0.1);
#1479=IFCSHAPEREPRESENTATION(#11,'Body','SweptSolid',(#1478));
#1480=IFCPRODUCTDEFINITIONSHAPE($,$,(#1479));
#1481=IFCSLAB('2KWdm2oiDDAPYZapwFdR4B',#5,'NL.IMKAD.KadastraalObject.45150671870000',$,$,#1457,#1480,$,.NOTDEFINED.);
#1482=IFCSTYLEDITEM(#1478,(#1388),$);
#1483=IFCPROPERTYSINGLEVALUE('objectid',$,IFCTEXT('3252372'),$);
#1484=IFCPROPERTYSINGLEVALUE('globalid',$,IFCTEXT('{5212C3BD-E509-5F1A-6EE2-F205838781CA}'),$);
#1485=IFCPROPERTYSINGLEVALUE('identificatie',$,IFCTEXT('NL.IMKAD.KadastraalObject.45150671870000'),$);
#1486=IFCPROPERTYSINGLEVALUE('namespace',$,IFCTEXT('NL.IMKAD.KadastraalObject'),$);
#1487=IFCPROPERTYSINGLEVALUE('lokaalid',$,IFCTEXT('45150671870000'),$);
#1488=IFCPROPERTYSINGLEVALUE('begingeldigheid',$,IFCTEXT('1747890023000'),$);
#1489=IFCPROPERTYSINGLEVALUE('tijdstipregistratie',$,IFCTEXT('1747890023000'),$);
#1490=IFCPROPERTYSINGLEVALUE('volgnummer',$,IFCTEXT('0'),$);
#1491=IFCPROPERTYSINGLEVALUE('statushistorie',$,IFCTEXT('G'),$);
#1492=IFCPROPERTYSINGLEVALUE('kadastralegemeentecode',$,IFCTEXT('951'),$);
#1493=IFCPROPERTYSINGLEVALUE('kadastralegemeentewaarde',$,IFCTEXT('Strijp'),$);
#1494=IFCPROPERTYSINGLEVALUE('sectie',$,IFCTEXT('C'),$);
#1495=IFCPROPERTYSINGLEVALUE('perceelnummer',$,IFCTEXT('6718'),$);
#1496=IFCPROPERTYSINGLEVALUE('akrkadastralegemeentecode',$,IFCTEXT('STR03'),$);
#1497=IFCPROPERTYSINGLEVALUE('kadastralegrootte',$,IFCTEXT('2063'),$);
#1498=IFCPROPERTYSINGLEVALUE('soortgrootte',$,IFCTEXT('Voorlopig'),$);
#1499=IFCPROPERTYSINGLEVALUE('perceelnummerrotatie',$,IFCTEXT('0.0'),$);
#1500=IFCPROPERTYSINGLEVALUE('perceelnummerverschuivingx',$,IFCTEXT('0.0'),$);
#1501=IFCPROPERTYSINGLEVALUE('perceelnummerverschuivingy',$,IFCTEXT('0.0'),$);
#1502=IFCPROPERTYSINGLEVALUE('plaatscoordinatenx',$,IFCTEXT('160143.463'),$);
#1503=IFCPROPERTYSINGLEVALUE('plaatscoordinateny',$,IFCTEXT('383931.47'),$);
#1504=IFCPROPERTYSINGLEVALUE('id',$,IFCTEXT('1'),$);
#1505=IFCPROPERTYSET('31BKxYO2jDVh04vInF8Yhk',#5,'CPset_BRK-Perceel',$,(#1483,#1484,#1485,#1486,#1487,#1488,#1489,#1490,#1491,#1492,#1493,#1494,#1495,#1496,#1497,#1498,#1499,#1500,#1501,#1502,#1503,#1504));
#1506=IFCRELDEFINESBYPROPERTIES('03x7_dueH1sPy67gHPUqtv',#5,$,$,(#1481),#1505);
#1507=IFCCARTESIANPOINT((0.,0.,-0.1));
#1508=IFCDIRECTION((0.,0.,1.));
#1509=IFCDIRECTION((1.,0.,0.));
#1510=IFCAXIS2PLACEMENT3D(#1507,#1508,#1509);
#1511=IFCLOCALPLACEMENT(#37,#1510);
#1512=IFCCARTESIANPOINT((0.,0.,0.));
#1513=IFCDIRECTION((0.,0.,1.));
#1514=IFCDIRECTION((1.,0.,0.));
#1515=IFCAXIS2PLACEMENT3D(#1512,#1513,#1514);
#1516=IFCDIRECTION((0.,0.,1.));
#1517=IFCCARTESIANPOINT((27.2747771231516,-297.191489272693));
#1518=IFCCARTESIANPOINT((94.227585702698,-269.812802795263));
#1519=IFCCARTESIANPOINT((104.671302803705,-265.538418974786));
#1520=IFCCARTESIANPOINT((33.044853204774,-352.006160366756));
#1521=IFCCARTESIANPOINT((-13.1526852812094,-313.737950642651));
#1522=IFCCARTESIANPOINT((27.2747771231516,-297.191489272693));
#1523=IFCPOLYLINE((#1517,#1518,#1519,#1520,#1521,#1522));
#1524=IFCARBITRARYCLOSEDPROFILEDEF(.AREA.,$,#1523);
#1525=IFCEXTRUDEDAREASOLID(#1524,#1515,#1516,0.1);
#1526=IFCSHAPEREPRESENTATION(#11,'Body','SweptSolid',(#1525));
#1527=IFCPRODUCTDEFINITIONSHAPE($,$,(#1526));
#1528=IFCSLAB('1qP81m19LEqx6SZ9VDcQqp',#5,'NL.IMKAD.KadastraalObject.45150097670000',$,$,#1511,#1527,$,.NOTDEFINED.);
#1529=IFCSTYLEDITEM(#1525,(#1388),$);
#1530=IFCPROPERTYSINGLEVALUE('objectid',$,IFCTEXT('3230649'),$);
#1531=IFCPROPERTYSINGLEVALUE('globalid',$,IFCTEXT('{B2724B24-A35E-F735-8608-0CA803C37660}'),$);
#1532=IFCPROPERTYSINGLEVALUE('identificatie',$,IFCTEXT('NL.IMKAD.KadastraalObject.45150097670000'),$);
#1533=IFCPROPERTYSINGLEVALUE('namespace',$,IFCTEXT('NL.IMKAD.KadastraalObject'),$);
#1534=IFCPROPERTYSINGLEVALUE('lokaalid',$,IFCTEXT('45150097670000'),$);
#1535=IFCPROPERTYSINGLEVALUE('begingeldigheid',$,IFCTEXT('1148298560000'),$);
#1536=IFCPROPERTYSINGLEVALUE('tijdstipregistratie',$,IFCTEXT('1148298560000'),$);
#1537=IFCPROPERTYSINGLEVALUE('volgnummer',$,IFCTEXT('0'),$);
#1538=IFCPROPERTYSINGLEVALUE('statushistorie',$,IFCTEXT('G'),$);
#1539=IFCPROPERTYSINGLEVALUE('kadastralegemeentecode',$,IFCTEXT('951'),$);
#1540=IFCPROPERTYSINGLEVALUE('kadastralegemeentewaarde',$,IFCTEXT('Strijp'),$);
#1541=IFCPROPERTYSINGLEVALUE('sectie',$,IFCTEXT('C'),$);
#1542=IFCPROPERTYSINGLEVALUE('perceelnummer',$,IFCTEXT('976'),$);
#1543=IFCPROPERTYSINGLEVALUE('akrkadastralegemeentecode',$,IFCTEXT('STR03'),$);
#1544=IFCPROPERTYSINGLEVALUE('kadastralegrootte',$,IFCTEXT('10940'),$);
#1545=IFCPROPERTYSINGLEVALUE('soortgrootte',$,IFCTEXT('Vastgesteld'),$);
#1546=IFCPROPERTYSINGLEVALUE('perceelnummerrotatie',$,IFCTEXT('0.0'),$);
#1547=IFCPROPERTYSINGLEVALUE('perceelnummerverschuivingx',$,IFCTEXT('0.0'),$);
#1548=IFCPROPERTYSINGLEVALUE('perceelnummerverschuivingy',$,IFCTEXT('0.0'),$);
#1549=IFCPROPERTYSINGLEVALUE('plaatscoordinatenx',$,IFCTEXT('159873.669'),$);
#1550=IFCPROPERTYSINGLEVALUE('plaatscoordinateny',$,IFCTEXT('383902.423'),$);
#1551=IFCPROPERTYSINGLEVALUE('id',$,IFCTEXT('1'),$);
#1552=IFCPROPERTYSET('2_UcB0zezDEuj0PtZFOpkz',#5,'CPset_BRK-Perceel',$,(#1530,#1531,#1532,#1533,#1534,#1535,#1536,#1537,#1538,#1539,#1540,#1541,#1542,#1543,#1544,#1545,#1546,#1547,#1548,#1549,#1550,#1551));
#1553=IFCRELDEFINESBYPROPERTIES('1$okeJHoP0JBTbM6JLftZY',#5,$,$,(#1528),#1552);
#1554=IFCCARTESIANPOINT((0.,0.,-0.1));
#1555=IFCDIRECTION((0.,0.,1.));
#1556=IFCDIRECTION((1.,0.,0.));
#1557=IFCAXIS2PLACEMENT3D(#1554,#1555,#1556);
#1558=IFCLOCALPLACEMENT(#37,#1557);
#1559=IFCCARTESIANPOINT((0.,0.,0.));
#1560=IFCDIRECTION((0.,0.,1.));
#1561=IFCDIRECTION((1.,0.,0.));
#1562=IFCAXIS2PLACEMENT3D(#1559,#1560,#1561);
#1563=IFCDIRECTION((0.,0.,1.));
#1564=IFCCARTESIANPOINT((-79.4448098852881,-210.804532496026));
#1565=IFCCARTESIANPOINT((-26.4724099470477,-189.170020650665));
#1566=IFCCARTESIANPOINT((-13.2657682879362,-181.977202284324));
#1567=IFCCARTESIANPOINT((18.7268159634259,-260.312024186715));
#1568=IFCCARTESIANPOINT((-45.8236712225189,-286.674600887054));
#1569=IFCCARTESIANPOINT((-49.8060816742654,-283.375729921856));
#1570=IFCCARTESIANPOINT((-79.4448098852881,-210.804532496026));
#1571=IFCPOLYLINE((#1564,#1565,#1566,#1567,#1568,#1569,#1570));
#1572=IFCARBITRARYCLOSEDPROFILEDEF(.AREA.,$,#1571);
#1573=IFCEXTRUDEDAREASOLID(#1572,#1562,#1563,0.1);
#1574=IFCSHAPEREPRESENTATION(#11,'Body','SweptSolid',(#1573));
#1575=IFCPRODUCTDEFINITIONSHAPE($,$,(#1574));
#1576=IFCSLAB('2cgmFqjOv7kP5ZdYzJpRnL',#5,'NL.IMKAD.KadastraalObject.45150669770000',$,$,#1558,#1575,$,.NOTDEFINED.);
#1577=IFCSTYLEDITEM(#1573,(#1388),$);
#1578=IFCPROPERTYSINGLEVALUE('objectid',$,IFCTEXT('3234666'),$);
#1579=IFCPROPERTYSINGLEVALUE('globalid',$,IFCTEXT('{1D96813C-2204-8CB4-F95E-897B7B12675E}'),$);
#1580=IFCPROPERTYSINGLEVALUE('identificatie',$,IFCTEXT('NL.IMKAD.KadastraalObject.45150669770000'),$);
#1581=IFCPROPERTYSINGLEVALUE('namespace',$,IFCTEXT('NL.IMKAD.KadastraalObject'),$);
#1582=IFCPROPERTYSINGLEVALUE('lokaalid',$,IFCTEXT('45150669770000'),$);
#1583=IFCPROPERTYSINGLEVALUE('begingeldigheid',$,IFCTEXT('1732618845000'),$);
#1584=IFCPROPERTYSINGLEVALUE('tijdstipregistratie',$,IFCTEXT('1732618845000'),$);
#1585=IFCPROPERTYSINGLEVALUE('volgnummer',$,IFCTEXT('0'),$);
#1586=IFCPROPERTYSINGLEVALUE('statushistorie',$,IFCTEXT('G'),$);
#1587=IFCPROPERTYSINGLEVALUE('kadastralegemeentecode',$,IFCTEXT('951'),$);
#1588=IFCPROPERTYSINGLEVALUE('kadastralegemeentewaarde',$,IFCTEXT('Strijp'),$);
#1589=IFCPROPERTYSINGLEVALUE('sectie',$,IFCTEXT('C'),$);
#1590=IFCPROPERTYSINGLEVALUE('perceelnummer',$,IFCTEXT('6697'),$);
#1591=IFCPROPERTYSINGLEVALUE('akrkadastralegemeentecode',$,IFCTEXT('STR03'),$);
#1592=IFCPROPERTYSINGLEVALUE('kadastralegrootte',$,IFCTEXT('5998'),$);
#1593=IFCPROPERTYSINGLEVALUE('soortgrootte',$,IFCTEXT('Voorlopig'),$);
#1594=IFCPROPERTYSINGLEVALUE('perceelnummerrotatie',$,IFCTEXT('0.0'),$);
#1595=IFCPROPERTYSINGLEVALUE('perceelnummerverschuivingx',$,IFCTEXT('0.0'),$);
#1596=IFCPROPERTYSINGLEVALUE('perceelnummerverschuivingy',$,IFCTEXT('0.0'),$);
#1597=IFCPROPERTYSINGLEVALUE('plaatscoordinatenx',$,IFCTEXT('159870.916'),$);
#1598=IFCPROPERTYSINGLEVALUE('plaatscoordinateny',$,IFCTEXT('384029.548'),$);
#1599=IFCPROPERTYSINGLEVALUE('id',$,IFCTEXT('1'),$);
#1600=IFCPROPERTYSET('1WLoHYdXLFGO9a4EhWZQkA',#5,'CPset_BRK-Perceel',$,(#1578,#1579,#1580,#1581,#1582,#1583,#1584,#1585,#1586,#1587,#1588,#1589,#1590,#1591,#1592,#1593,#1594,#1595,#1596,#1597,#1598,#1599));
#1601=IFCRELDEFINESBYPROPERTIES('2OkfFISXP9SAOqToPC$V0A',#5,$,$,(#1576),#1600);
#1602=IFCCARTESIANPOINT((0.,0.,-0.1));
#1603=IFCDIRECTION((0.,0.,1.));
#1604=IFCDIRECTION((1.,0.,0.));
#1605=IFCAXIS2PLACEMENT3D(#1602,#1603,#1604);
#1606=IFCLOCALPLACEMENT(#37,#1605);
#1607=IFCCARTESIANPOINT((0.,0.,0.));
#1608=IFCDIRECTION((0.,0.,1.));
#1609=IFCDIRECTION((1.,0.,0.));
#1610=IFCAXIS2PLACEMENT3D(#1607,#1608,#1609);
#1611=IFCDIRECTION((0.,0.,1.));
#1612=IFCCARTESIANPOINT((-294.268748286966,-33.4476238899515));
#1613=IFCCARTESIANPOINT((-287.423932507256,-30.6836437952006));
#1614=IFCCARTESIANPOINT((-286.049528473319,-34.0517221111804));
#1615=IFCCARTESIANPOINT((-272.7289483856,-28.5946280958015));
#1616=IFCCARTESIANPOINT((-251.346278592653,-28.6497694361024));
#1617=IFCCARTESIANPOINT((-250.385481368838,-31.0012950476375));
#1618=IFCCARTESIANPOINT((-257.445994921465,-33.9112322272849));
#1619=IFCCARTESIANPOINT((-260.31235139296,-35.0922320526442));
#1620=IFCCARTESIANPOINT((-288.941376423143,-46.8918856784003));
#1621=IFCCARTESIANPOINT((-291.97366714789,-39.239174854476));
#1622=IFCCARTESIANPOINT((-294.268748286966,-33.4476238899515));
#1623=IFCPOLYLINE((#1612,#1613,#1614,#1615,#1616,#1617,#1618,#1619,#1620,#1621,#1622));
#1624=IFCARBITRARYCLOSEDPROFILEDEF(.AREA.,$,#1623);
#1625=IFCEXTRUDEDAREASOLID(#1624,#1610,#1611,0.1);
#1626=IFCSHAPEREPRESENTATION(#11,'Body','SweptSolid',(#1625));
#1627=IFCPRODUCTDEFINITIONSHAPE($,$,(#1626));
#1628=IFCSLAB('1u94mQypL3NukwQkWkRtAn',#5,'NL.IMKAD.KadastraalObject.45150573770000',$,$,#1606,#1627,$,.NOTDEFINED.);
#1629=IFCSTYLEDITEM(#1625,(#1388),$);
#1630=IFCPROPERTYSINGLEVALUE('objectid',$,IFCTEXT('3289204'),$);
#1631=IFCPROPERTYSINGLEVALUE('globalid',$,IFCTEXT('{231D139C-8207-A4AD-5707-9B6DDE2E6394}'),$);
#1632=IFCPROPERTYSINGLEVALUE('identificatie',$,IFCTEXT('NL.IMKAD.KadastraalObject.45150573770000'),$);
#1633=IFCPROPERTYSINGLEVALUE('namespace',$,IFCTEXT('NL.IMKAD.KadastraalObject'),$);
#1634=IFCPROPERTYSINGLEVALUE('lokaalid',$,IFCTEXT('45150573770000'),$);
#1635=IFCPROPERTYSINGLEVALUE('begingeldigheid',$,IFCTEXT('1412166429000'),$);
#1636=IFCPROPERTYSINGLEVALUE('tijdstipregistratie',$,IFCTEXT('1412166429000'),$);
#1637=IFCPROPERTYSINGLEVALUE('volgnummer',$,IFCTEXT('0'),$);
#1638=IFCPROPERTYSINGLEVALUE('statushistorie',$,IFCTEXT('G'),$);
#1639=IFCPROPERTYSINGLEVALUE('kadastralegemeentecode',$,IFCTEXT('951'),$);
#1640=IFCPROPERTYSINGLEVALUE('kadastralegemeentewaarde',$,IFCTEXT('Strijp'),$);
#1641=IFCPROPERTYSINGLEVALUE('sectie',$,IFCTEXT('C'),$);
#1642=IFCPROPERTYSINGLEVALUE('perceelnummer',$,IFCTEXT('5737'),$);
#1643=IFCPROPERTYSINGLEVALUE('akrkadastralegemeentecode',$,IFCTEXT('STR03'),$);
#1644=IFCPROPERTYSINGLEVALUE('kadastralegrootte',$,IFCTEXT('392'),$);
#1645=IFCPROPERTYSINGLEVALUE('soortgrootte',$,IFCTEXT('Vastgesteld'),$);
#1646=IFCPROPERTYSINGLEVALUE('perceelnummerrotatie',$,IFCTEXT('0.0'),$);
#1647=IFCPROPERTYSINGLEVALUE('perceelnummerverschuivingx',$,IFCTEXT('0.0'),$);
#1648=IFCPROPERTYSINGLEVALUE('perceelnummerverschuivingy',$,IFCTEXT('0.0'),$);
#1649=IFCPROPERTYSINGLEVALUE('plaatscoordinatenx',$,IFCTEXT('159870.298'),$);
#1650=IFCPROPERTYSINGLEVALUE('plaatscoordinateny',$,IFCTEXT('384345.412'),$);
#1651=IFCPROPERTYSINGLEVALUE('id',$,IFCTEXT('1'),$);
#1652=IFCPROPERTYSET('3z_u8v2K9A68rlhzcywmpb',#5,'CPset_BRK-Perceel',$,(#1630,#1631,#1632,#1633,#1634,#1635,#1636,#1637,#1638,#1639,#1640,#1641,#1642,#1643,#1644,#1645,#1646,#1647,#1648,#1649,#1650,#1651));
#1653=IFCRELDEFINESBYPROPERTIES('0edNoLEKL0cf$iEYVAoNRC',#5,$,$,(#1628),#1652);
#1654=IFCCARTESIANPOINT((0.,0.,-0.1));
#1655=IFCDIRECTION((0.,0.,1.));
#1656=IFCDIRECTION((1.,0.,0.));
#1657=IFCAXIS2PLACEMENT3D(#1654,#1655,#1656);
#1658=IFCLOCALPLACEMENT(#37,#1657);
#1659=IFCCARTESIANPOINT((0.,0.,0.));
#1660=IFCDIRECTION((0.,0.,1.));
#1661=IFCDIRECTION((1.,0.,0.));
#1662=IFCAXIS2PLACEMENT3D(#1659,#1660,#1661);
#1663=IFCDIRECTION((0.,0.,1.));
#1664=IFCCARTESIANPOINT((-300.024538091558,-51.2923620716319));
#1665=IFCCARTESIANPOINT((-296.146285169321,-59.6042814770481));
#1666=IFCCARTESIANPOINT((-296.345270494203,-59.6861706763157));
#1667=IFCCARTESIANPOINT((-296.260783652222,-59.8976960293367));
#1668=IFCCARTESIANPOINT((-296.4591310572,-59.9788151232642));
#1669=IFCCARTESIANPOINT((-300.024538091558,-51.2923620716319));
#1670=IFCPOLYLINE((#1664,#1665,#1666,#1667,#1668,#1669));
#1671=IFCARBITRARYCLOSEDPROFILEDEF(.AREA.,$,#1670);
#1672=IFCEXTRUDEDAREASOLID(#1671,#1662,#1663,0.1);
#1673=IFCSHAPEREPRESENTATION(#11,'Body','SweptSolid',(#1672));
#1674=IFCPRODUCTDEFINITIONSHAPE($,$,(#1673));
#1675=IFCSLAB('2lNmVS0Y560w5Y918d$Qi7',#5,'NL.IMKAD.KadastraalObject.45150599770000',$,$,#1658,#1674,$,.NOTDEFINED.);
#1676=IFCSTYLEDITEM(#1672,(#1388),$);
#1677=IFCPROPERTYSINGLEVALUE('objectid',$,IFCTEXT('3289359'),$);
#1678=IFCPROPERTYSINGLEVALUE('globalid',$,IFCTEXT('{AC81578F-13CF-9A58-9601-92C05C08BE25}'),$);
#1679=IFCPROPERTYSINGLEVALUE('identificatie',$,IFCTEXT('NL.IMKAD.KadastraalObject.45150599770000'),$);
#1680=IFCPROPERTYSINGLEVALUE('namespace',$,IFCTEXT('NL.IMKAD.KadastraalObject'),$);
#1681=IFCPROPERTYSINGLEVALUE('lokaalid',$,IFCTEXT('45150599770000'),$);
#1682=IFCPROPERTYSINGLEVALUE('begingeldigheid',$,IFCTEXT('1499085103000'),$);
#1683=IFCPROPERTYSINGLEVALUE('tijdstipregistratie',$,IFCTEXT('1499085103000'),$);
#1684=IFCPROPERTYSINGLEVALUE('volgnummer',$,IFCTEXT('0'),$);
#1685=IFCPROPERTYSINGLEVALUE('statushistorie',$,IFCTEXT('G'),$);
#1686=IFCPROPERTYSINGLEVALUE('kadastralegemeentecode',$,IFCTEXT('951'),$);
#1687=IFCPROPERTYSINGLEVALUE('kadastralegemeentewaarde',$,IFCTEXT('Strijp'),$);
#1688=IFCPROPERTYSINGLEVALUE('sectie',$,IFCTEXT('C'),$);
#1689=IFCPROPERTYSINGLEVALUE('perceelnummer',$,IFCTEXT('5997'),$);
#1690=IFCPROPERTYSINGLEVALUE('akrkadastralegemeentecode',$,IFCTEXT('STR03'),$);
#1691=IFCPROPERTYSINGLEVALUE('kadastralegrootte',$,IFCTEXT('2'),$);
#1692=IFCPROPERTYSINGLEVALUE('soortgrootte',$,IFCTEXT('Voorlopig'),$);
#1693=IFCPROPERTYSINGLEVALUE('perceelnummerrotatie',$,IFCTEXT('0.0'),$);
#1694=IFCPROPERTYSINGLEVALUE('perceelnummerverschuivingx',$,IFCTEXT('0.0'),$);
#1695=IFCPROPERTYSINGLEVALUE('perceelnummerverschuivingy',$,IFCTEXT('0.0'),$);
#1696=IFCPROPERTYSINGLEVALUE('plaatscoordinatenx',$,IFCTEXT('159837.914'),$);
#1697=IFCPROPERTYSINGLEVALUE('plaatscoordinateny',$,IFCTEXT('384349.192'),$);
#1698=IFCPROPERTYSINGLEVALUE('id',$,IFCTEXT('1'),$);
#1699=IFCPROPERTYSET('2JtInyVmf3hPUb9Y4e6WHo',#5,'CPset_BRK-Perceel',$,(#1677,#1678,#1679,#1680,#1681,#1682,#1683,#1684,#1685,#1686,#1687,#1688,#1689,#1690,#1691,#1692,#1693,#1694,#1695,#1696,#1697,#1698));
#1700=IFCRELDEFINESBYPROPERTIES('3nn7TG_1f3u9I2bkgUunpW',#5,$,$,(#1675),#1699);
#1701=IFCCARTESIANPOINT((0.,0.,-0.1));
#1702=IFCDIRECTION((0.,0.,1.));
#1703=IFCDIRECTION((1.,0.,0.));
#1704=IFCAXIS2PLACEMENT3D(#1701,#1702,#1703);
#1705=IFCLOCALPLACEMENT(#37,#1704);
#1706=IFCCARTESIANPOINT((0.,0.,0.));
#1707=IFCDIRECTION((0.,0.,1.));
#1708=IFCDIRECTION((1.,0.,0.));
#1709=IFCAXIS2PLACEMENT3D(#1706,#1707,#1708);
#1710=IFCDIRECTION((0.,0.,1.));
#1711=IFCCARTESIANPOINT((35.1464441737917,-253.60308124224));
#1712=IFCCARTESIANPOINT((2.42777073846082,-173.487730340625));
#1713=IFCCARTESIANPOINT((16.0641412510886,-166.045767209842));
#1714=IFCCARTESIANPOINT((26.0468650703551,-190.209070570185));
#1715=IFCCARTESIANPOINT((36.4590632026375,-215.429339778551));
#1716=IFCCARTESIANPOINT((36.8398086396919,-216.330371360236));
#1717=IFCCARTESIANPOINT((37.249704595306,-215.998572766199));
#1718=IFCCARTESIANPOINT((37.6303137134237,-215.634722938761));
#1719=IFCCARTESIANPOINT((37.9803601618332,-215.240362085227));
#1720=IFCCARTESIANPOINT((38.3102920605743,-214.798174404132));
#1721=IFCCARTESIANPOINT((38.6007074026566,-214.328446900647));
#1722=IFCCARTESIANPOINT((38.849186686537,-213.835668000858));
#1723=IFCCARTESIANPOINT((39.0811778380594,-213.265602998843));
#1724=IFCCARTESIANPOINT((39.2595951831318,-212.677130184078));
#1725=IFCCARTESIANPOINT((39.3840651644859,-212.073835710529));
#1726=IFCCARTESIANPOINT((39.4524326297687,-211.463024046388));
#1727=IFCCARTESIANPOINT((39.4649619440897,-210.847511237429));
#1728=IFCCARTESIANPOINT((39.420135881548,-210.233831661579));
#1729=IFCCARTESIANPOINT((39.3936773613386,-209.596411119797));
#1730=IFCCARTESIANPOINT((41.4086319912749,-214.567682168388));
#1731=IFCCARTESIANPOINT((43.7864529624931,-220.499190695293));
#1732=IFCCARTESIANPOINT((44.2423168636742,-222.170146445336));
#1733=IFCCARTESIANPOINT((44.0582166703534,-222.002062776592));
#1734=IFCCARTESIANPOINT((43.8607201248815,-221.850151238614));
#1735=IFCCARTESIANPOINT((43.6513674332236,-221.715687676973));
#1736=IFCCARTESIANPOINT((43.4310608722444,-221.600718030299));
#1737=IFCCARTESIANPOINT((43.201208467799,-221.505110118364));
#1738=IFCCARTESIANPOINT((42.9639883460768,-221.429369686521));
#1739=IFCCARTESIANPOINT((42.7209407050686,-221.374772578536));
#1740=IFCCARTESIANPOINT((42.4748815933417,-221.34105443157));
#1741=IFCCARTESIANPOINT((42.2259431904822,-221.329623266181));
#1742=IFCCARTESIANPOINT((41.9775794637681,-221.339444627578));
#1743=IFCCARTESIANPOINT((41.7311984355911,-221.370386327966));
#1744=IFCCARTESIANPOINT((41.4875702069548,-221.423086298222));
#1745=IFCCARTESIANPOINT((37.7298142230429,-222.951257409353));
#1746=IFCCARTESIANPOINT((42.6071838326461,-234.976139763545));
#1747=IFCCARTESIANPOINT((44.5460927353997,-240.733656353434));
#1748=IFCCARTESIANPOINT((47.6340375631989,-248.502589467156));
#1749=IFCCARTESIANPOINT((35.1464441737917,-253.60308124224));
#1750=IFCPOLYLINE((#1711,#1712,#1713,#1714,#1715,#1716,#1717,#1718,#1719,#1720,#1721,#1722,#1723,#1724,#1725,#1726,#1727,#1728,#1729,#1730,#1731,#1732,#1733,#1734,#1735,#1736,#1737,#1738,#1739,#1740,#1741,#1742,#1743,#1744,#1745,#1746,#1747,#1748,#1749));
#1751=IFCARBITRARYCLOSEDPROFILEDEF(.AREA.,$,#1750);
#1752=IFCEXTRUDEDAREASOLID(#1751,#1709,#1710,0.1);
#1753=IFCSHAPEREPRESENTATION(#11,'Body','SweptSolid',(#1752));
#1754=IFCPRODUCTDEFINITIONSHAPE($,$,(#1753));
#1755=IFCSLAB('0$ZfFatAjCHO8LDUyxReGP',#5,'NL.IMKAD.KadastraalObject.45150669870000',$,$,#1705,#1754,$,.NOTDEFINED.);
#1756=IFCSTYLEDITEM(#1752,(#1388),$);
#1757=IFCPROPERTYSINGLEVALUE('objectid',$,IFCTEXT('3234667'),$);
#1758=IFCPROPERTYSINGLEVALUE('globalid',$,IFCTEXT('{1D6AD31D-1222-8D05-CC5E-C8632A3CB503}'),$);
#1759=IFCPROPERTYSINGLEVALUE('identificatie',$,IFCTEXT('NL.IMKAD.KadastraalObject.45150669870000'),$);
#1760=IFCPROPERTYSINGLEVALUE('namespace',$,IFCTEXT('NL.IMKAD.KadastraalObject'),$);
#1761=IFCPROPERTYSINGLEVALUE('lokaalid',$,IFCTEXT('45150669870000'),$);
#1762=IFCPROPERTYSINGLEVALUE('begingeldigheid',$,IFCTEXT('1732640323000'),$);
#1763=IFCPROPERTYSINGLEVALUE('tijdstipregistratie',$,IFCTEXT('1732640323000'),$);
#1764=IFCPROPERTYSINGLEVALUE('volgnummer',$,IFCTEXT('0'),$);
#1765=IFCPROPERTYSINGLEVALUE('statushistorie',$,IFCTEXT('G'),$);
#1766=IFCPROPERTYSINGLEVALUE('kadastralegemeentecode',$,IFCTEXT('951'),$);
#1767=IFCPROPERTYSINGLEVALUE('kadastralegemeentewaarde',$,IFCTEXT('Strijp'),$);
#1768=IFCPROPERTYSINGLEVALUE('sectie',$,IFCTEXT('C'),$);
#1769=IFCPROPERTYSINGLEVALUE('perceelnummer',$,IFCTEXT('6698'),$);
#1770=IFCPROPERTYSINGLEVALUE('akrkadastralegemeentecode',$,IFCTEXT('STR03'),$);
#1771=IFCPROPERTYSINGLEVALUE('kadastralegrootte',$,IFCTEXT('1352'),$);
#1772=IFCPROPERTYSINGLEVALUE('soortgrootte',$,IFCTEXT('Voorlopig'),$);
#1773=IFCPROPERTYSINGLEVALUE('perceelnummerrotatie',$,IFCTEXT('0.0'),$);
#1774=IFCPROPERTYSINGLEVALUE('perceelnummerverschuivingx',$,IFCTEXT('0.0'),$);
#1775=IFCPROPERTYSINGLEVALUE('perceelnummerverschuivingy',$,IFCTEXT('0.0'),$);
#1776=IFCPROPERTYSINGLEVALUE('plaatscoordinatenx',$,IFCTEXT('159926.597'),$);
#1777=IFCPROPERTYSINGLEVALUE('plaatscoordinateny',$,IFCTEXT('384002.965'),$);
#1778=IFCPROPERTYSINGLEVALUE('id',$,IFCTEXT('1'),$);
#1779=IFCPROPERTYSET('2y5xe30zLCixInMzwu_EjU',#5,'CPset_BRK-Perceel',$,(#1757,#1758,#1759,#1760,#1761,#1762,#1763,#1764,#1765,#1766,#1767,#1768,#1769,#1770,#1771,#1772,#1773,#1774,#1775,#1776,#1777,#1778));
#1780=IFCRELDEFINESBYPROPERTIES('2DsdJG7UD5GvxiPDApPbiE',#5,$,$,(#1755),#1779);
#1781=IFCCARTESIANPOINT((0.,0.,-0.1));
#1782=IFCDIRECTION((0.,0.,1.));
#1783=IFCDIRECTION((1.,0.,0.));
#1784=IFCAXIS2PLACEMENT3D(#1781,#1782,#1783);
#1785=IFCLOCALPLACEMENT(#37,#1784);
#1786=IFCCARTESIANPOINT((0.,0.,0.));
#1787=IFCDIRECTION((0.,0.,1.));
#1788=IFCDIRECTION((1.,0.,0.));
#1789=IFCAXIS2PLACEMENT3D(#1786,#1787,#1788);
#1790=IFCDIRECTION((0.,0.,1.));
#1791=IFCCARTESIANPOINT((-109.775993483519,-67.2728986075963));
#1792=IFCCARTESIANPOINT((-134.999934838386,-77.5249327161));
#1793=IFCCARTESIANPOINT((-135.131869030069,-77.2013861660962));
#1794=IFCCARTESIANPOINT((-148.979079769138,-43.268928862235));
#1795=IFCCARTESIANPOINT((-120.823639329028,-31.8262285053497));
#1796=IFCCARTESIANPOINT((-120.63598209896,-32.289427992655));
#1797=IFCCARTESIANPOINT((-107.79729210923,-64.0126216433127));
#1798=IFCCARTESIANPOINT((-106.943734189175,-66.1220878970344));
#1799=IFCCARTESIANPOINT((-109.775993483519,-67.2728986075963));
#1800=IFCPOLYLINE((#1791,#1792,#1793,#1794,#1795,#1796,#1797,#1798,#1799));
#1801=IFCARBITRARYCLOSEDPROFILEDEF(.AREA.,$,#1800);
#1802=IFCEXTRUDEDAREASOLID(#1801,#1789,#1790,0.1);
#1803=IFCSHAPEREPRESENTATION(#11,'Body','SweptSolid',(#1802));
#1804=IFCPRODUCTDEFINITIONSHAPE($,$,(#1803));
#1805=IFCSLAB('3xx9j_xD5AHQnx8d3d1edj',#5,'NL.IMKAD.KadastraalObject.45150670970000',$,$,#1785,#1804,$,.NOTDEFINED.);
#1806=IFCSTYLEDITEM(#1802,(#1388),$);
#1807=IFCPROPERTYSINGLEVALUE('objectid',$,IFCTEXT('3290448'),$);
#1808=IFCPROPERTYSINGLEVALUE('globalid',$,IFCTEXT('{7DEC4478-A595-A9F7-37B2-5E9DE0E6592A}'),$);
#1809=IFCPROPERTYSINGLEVALUE('identificatie',$,IFCTEXT('NL.IMKAD.KadastraalObject.45150670970000'),$);
#1810=IFCPROPERTYSINGLEVALUE('namespace',$,IFCTEXT('NL.IMKAD.KadastraalObject'),$);
#1811=IFCPROPERTYSINGLEVALUE('lokaalid',$,IFCTEXT('45150670970000'),$);
#1812=IFCPROPERTYSINGLEVALUE('begingeldigheid',$,IFCTEXT('1739260001000'),$);
#1813=IFCPROPERTYSINGLEVALUE('tijdstipregistratie',$,IFCTEXT('1739260001000'),$);
#1814=IFCPROPERTYSINGLEVALUE('volgnummer',$,IFCTEXT('0'),$);
#1815=IFCPROPERTYSINGLEVALUE('statushistorie',$,IFCTEXT('G'),$);
#1816=IFCPROPERTYSINGLEVALUE('kadastralegemeentecode',$,IFCTEXT('951'),$);
#1817=IFCPROPERTYSINGLEVALUE('kadastralegemeentewaarde',$,IFCTEXT('Strijp'),$);
#1818=IFCPROPERTYSINGLEVALUE('sectie',$,IFCTEXT('C'),$);
#1819=IFCPROPERTYSINGLEVALUE('perceelnummer',$,IFCTEXT('6709'),$);
#1820=IFCPROPERTYSINGLEVALUE('akrkadastralegemeentecode',$,IFCTEXT('STR03'),$);
#1821=IFCPROPERTYSINGLEVALUE('kadastralegrootte',$,IFCTEXT('1125'),$);
#1822=IFCPROPERTYSINGLEVALUE('soortgrootte',$,IFCTEXT('Vastgesteld'),$);
#1823=IFCPROPERTYSINGLEVALUE('perceelnummerrotatie',$,IFCTEXT('0.0'),$);
#1824=IFCPROPERTYSINGLEVALUE('perceelnummerverschuivingx',$,IFCTEXT('21.551'),$);
#1825=IFCPROPERTYSINGLEVALUE('perceelnummerverschuivingy',$,IFCTEXT('-9.542'),$);
#1826=IFCPROPERTYSINGLEVALUE('plaatscoordinatenx',$,IFCTEXT('159948.923'),$);
#1827=IFCPROPERTYSINGLEVALUE('plaatscoordinateny',$,IFCTEXT('384219.146'),$);
#1828=IFCPROPERTYSINGLEVALUE('id',$,IFCTEXT('1'),$);
#1829=IFCPROPERTYSET('2PSgJ0GfHB7x3kqEmKi3rR',#5,'CPset_BRK-Perceel',$,(#1807,#1808,#1809,#1810,#1811,#1812,#1813,#1814,#1815,#1816,#1817,#1818,#1819,#1820,#1821,#1822,#1823,#1824,#1825,#1826,#1827,#1828));
#1830=IFCRELDEFINESBYPROPERTIES('3Jh9bPESv0BgL56G8aX$W1',#5,$,$,(#1805),#1829);
#1831=IFCCARTESIANPOINT((0.,0.,-0.1));
#1832=IFCDIRECTION((0.,0.,1.));
#1833=IFCDIRECTION((1.,0.,0.));
#1834=IFCAXIS2PLACEMENT3D(#1831,#1832,#1833);
#1835=IFCLOCALPLACEMENT(#37,#1834);
#1836=IFCCARTESIANPOINT((0.,0.,0.));
#1837=IFCDIRECTION((0.,0.,1.));
#1838=IFCDIRECTION((1.,0.,0.));
#1839=IFCAXIS2PLACEMENT3D(#1836,#1837,#1838);
#1840=IFCDIRECTION((0.,0.,1.));
#1841=IFCCARTESIANPOINT((-65.9755566682143,301.126323558332));
#1842=IFCCARTESIANPOINT((-77.0384280698199,298.896373790165));
#1843=IFCCARTESIANPOINT((-67.7874993224686,310.064132614469));
#1844=IFCCARTESIANPOINT((-65.9755566682143,301.126323558332));
#1845=IFCPOLYLINE((#1841,#1842,#1843,#1844));
#1846=IFCARBITRARYCLOSEDPROFILEDEF(.AREA.,$,#1845);
#1847=IFCEXTRUDEDAREASOLID(#1846,#1839,#1840,0.1);
#1848=IFCSHAPEREPRESENTATION(#11,'Body','SweptSolid',(#1847));
#1849=IFCPRODUCTDEFINITIONSHAPE($,$,(#1848));
#1850=IFCSLAB('1LtUaAlMb58fbregXvPsBi',#5,'NL.IMKAD.KadastraalObject.46460582470000',$,$,#1835,#1849,$,.NOTDEFINED.);
#1851=IFCSTYLEDITEM(#1847,(#1388),$);
#1852=IFCPROPERTYSINGLEVALUE('objectid',$,IFCTEXT('3296541'),$);
#1853=IFCPROPERTYSINGLEVALUE('globalid',$,IFCTEXT('{7049C428-1D9D-AF5D-772D-ED396A03D511}'),$);
#1854=IFCPROPERTYSINGLEVALUE('identificatie',$,IFCTEXT('NL.IMKAD.KadastraalObject.46460582470000'),$);
#1855=IFCPROPERTYSINGLEVALUE('namespace',$,IFCTEXT('NL.IMKAD.KadastraalObject'),$);
#1856=IFCPROPERTYSINGLEVALUE('lokaalid',$,IFCTEXT('46460582470000'),$);
#1857=IFCPROPERTYSINGLEVALUE('begingeldigheid',$,IFCTEXT('1155296283000'),$);
#1858=IFCPROPERTYSINGLEVALUE('tijdstipregistratie',$,IFCTEXT('1155296283000'),$);
#1859=IFCPROPERTYSINGLEVALUE('volgnummer',$,IFCTEXT('0'),$);
#1860=IFCPROPERTYSINGLEVALUE('statushistorie',$,IFCTEXT('G'),$);
#1861=IFCPROPERTYSINGLEVALUE('kadastralegemeentecode',$,IFCTEXT('1132'),$);
#1862=IFCPROPERTYSINGLEVALUE('kadastralegemeentewaarde',$,IFCTEXT('Woensel'),$);
#1863=IFCPROPERTYSINGLEVALUE('sectie',$,IFCTEXT('G'),$);
#1864=IFCPROPERTYSINGLEVALUE('perceelnummer',$,IFCTEXT('5824'),$);
#1865=IFCPROPERTYSINGLEVALUE('akrkadastralegemeentecode',$,IFCTEXT('WSL01'),$);
#1866=IFCPROPERTYSINGLEVALUE('kadastralegrootte',$,IFCTEXT('1655'),$);
#1867=IFCPROPERTYSINGLEVALUE('soortgrootte',$,IFCTEXT('Vastgesteld'),$);
#1868=IFCPROPERTYSINGLEVALUE('perceelnummerrotatie',$,IFCTEXT('0.0'),$);
#1869=IFCPROPERTYSINGLEVALUE('perceelnummerverschuivingx',$,IFCTEXT('0.0'),$);
#1870=IFCPROPERTYSINGLEVALUE('perceelnummerverschuivingy',$,IFCTEXT('0.0'),$);
#1871=IFCPROPERTYSINGLEVALUE('plaatscoordinatenx',$,IFCTEXT('160262.187'),$);
#1872=IFCPROPERTYSINGLEVALUE('plaatscoordinateny',$,IFCTEXT('384429.015'),$);
#1873=IFCPROPERTYSINGLEVALUE('id',$,IFCTEXT('1'),$);
#1874=IFCPROPERTYSET('1DlNJjyb54kv1IrqoPMjqd',#5,'CPset_BRK-Perceel',$,(#1852,#1853,#1854,#1855,#1856,#1857,#1858,#1859,#1860,#1861,#1862,#1863,#1864,#1865,#1866,#1867,#1868,#1869,#1870,#1871,#1872,#1873));
#1875=IFCRELDEFINESBYPROPERTIES('3fpYp5K7HB2QM1hWZzVHYC',#5,$,$,(#1850),#1874);
#1876=IFCCARTESIANPOINT((0.,0.,-0.1));
#1877=IFCDIRECTION((0.,0.,1.));
#1878=IFCDIRECTION((1.,0.,0.));
#1879=IFCAXIS2PLACEMENT3D(#1876,#1877,#1878);
#1880=IFCLOCALPLACEMENT(#37,#1879);
#1881=IFCCARTESIANPOINT((0.,0.,0.));
#1882=IFCDIRECTION((0.,0.,1.));
#1883=IFCDIRECTION((1.,0.,0.));
#1884=IFCAXIS2PLACEMENT3D(#1881,#1882,#1883);
#1885=IFCDIRECTION((0.,0.,1.));
#1886=IFCCARTESIANPOINT((13.9578819822927,-274.786474458582));
#1887=IFCCARTESIANPOINT((-35.6946957034233,-295.065042719187));
#1888=IFCCARTESIANPOINT((-45.8236712225189,-286.674600887054));
#1889=IFCCARTESIANPOINT((18.7268159634259,-260.312024186715));
#1890=IFCCARTESIANPOINT((-13.2657682879362,-181.977202284324));
#1891=IFCCARTESIANPOINT((-26.4724099470477,-189.170020650665));
#1892=IFCCARTESIANPOINT((-79.4448098852881,-210.804532496026));
#1893=IFCCARTESIANPOINT((-49.8060816742654,-283.375729921856));
#1894=IFCCARTESIANPOINT((-62.9709373988153,-272.47048526234));
#1895=IFCCARTESIANPOINT((-118.638485665491,-135.251511773036));
#1896=IFCCARTESIANPOINT((-19.5656448511581,-94.7902088058763));
#1897=IFCCARTESIANPOINT((1.57937276663142,-86.571630159393));
#1898=IFCCARTESIANPOINT((187.231190993072,-10.7508148199413));
#1899=IFCCARTESIANPOINT((201.170549232658,-4.50126916309819));
#1900=IFCCARTESIANPOINT((229.056530050497,3.57030904799467));
#1901=IFCCARTESIANPOINT((235.127271330013,5.49387872265652));
#1902=IFCCARTESIANPOINT((240.472662641347,7.51057422137819));
#1903=IFCCARTESIANPOINT((240.598436462489,7.54013679234777));
#1904=IFCCARTESIANPOINT((240.726612501865,7.53654473403003));
#1905=IFCCARTESIANPOINT((240.850788569165,7.49990724981762));
#1906=IFCCARTESIANPOINT((240.961482055165,7.43288522580406));
#1907=IFCCARTESIANPOINT((241.051124134712,7.34044985816581));
#1908=IFCCARTESIANPOINT((242.885847252939,3.26772741653258));
#1909=IFCCARTESIANPOINT((244.317835560796,-0.872631323931273));
#1910=IFCCARTESIANPOINT((245.382295311458,-5.12277513771551));
#1911=IFCCARTESIANPOINT((248.392672301066,-17.512551380787));
#1912=IFCCARTESIANPOINT((252.305988726817,-29.6478214858216));
#1913=IFCCARTESIANPOINT((257.09836575712,-41.463356615277));
#1914=IFCCARTESIANPOINT((258.937767040625,-45.4724306875723));
#1915=IFCCARTESIANPOINT((265.750325315545,-60.2495459266356));
#1916=IFCCARTESIANPOINT((267.38093698275,-64.2285052867956));
#1917=IFCCARTESIANPOINT((268.489736713964,-67.7761390081723));
#1918=IFCCARTESIANPOINT((236.287054950837,-106.651347459992));
#1919=IFCCARTESIANPOINT((219.227719887916,-64.8804042853881));
#1920=IFCCARTESIANPOINT((162.90437928625,-87.8827398337307));
#1921=IFCCARTESIANPOINT((192.092081847572,-159.353148529131));
#1922=IFCCARTESIANPOINT((192.906494277908,-159.020536812663));
#1923=IFCCARTESIANPOINT((139.472413469659,-223.52637657884));
#1924=IFCCARTESIANPOINT((13.9578819822927,-274.786474458582));
#1925=IFCPOLYLINE((#1886,#1887,#1888,#1889,#1890,#1891,#1892,#1893,#1894,#1895,#1896,#1897,#1898,#1899,#1900,#1901,#1902,#1903,#1904,#1905,#1906,#1907,#1908,#1909,#1910,#1911,#1912,#1913,#1914,#1915,#1916,#1917,#1918,#1919,#1920,#1921,#1922,#1923,#1924));
#1926=IFCCARTESIANPOINT((94.3958931484958,-229.405613993236));
#1927=IFCCARTESIANPOINT((58.9596409059886,-142.637110878306));
#1928=IFCCARTESIANPOINT((16.0641412510886,-166.045767209842));
#1929=IFCCARTESIANPOINT((2.42777073846082,-173.487730340625));
#1930=IFCCARTESIANPOINT((35.1464441737917,-253.60308124224));
#1931=IFCCARTESIANPOINT((47.6340375631989,-248.502589467156));
#1932=IFCCARTESIANPOINT((94.3958931484958,-229.405613993236));
#1933=IFCPOLYLINE((#1926,#1927,#1928,#1929,#1930,#1931,#1932));
#1934=IFCCARTESIANPOINT((33.3397147544019,-137.103422420798));
#1935=IFCCARTESIANPOINT((33.3727715596324,-137.198328939092));
#1936=IFCCARTESIANPOINT((35.0211072484672,-136.5393361795));
#1937=IFCCARTESIANPOINT((34.9847286563308,-136.446872141736));
#1938=IFCCARTESIANPOINT((38.3991625269118,-135.074508362799));
#1939=IFCCARTESIANPOINT((38.4369491395773,-135.166840220918));
#1940=IFCCARTESIANPOINT((40.0820262891066,-134.488267322595));
#1941=IFCCARTESIANPOINT((40.0428316506732,-134.396067644644));
#1942=IFCCARTESIANPOINT((45.6111219162995,-132.113422798167));
#1943=IFCCARTESIANPOINT((40.850749942736,-120.426983276324));
#1944=IFCCARTESIANPOINT((35.512703151413,-122.590003958379));
#1945=IFCCARTESIANPOINT((35.3175403357309,-122.099810653483));
#1946=IFCCARTESIANPOINT((34.9942351660284,-122.226750673086));
#1947=IFCCARTESIANPOINT((33.4288004710106,-118.336841649318));
#1948=IFCCARTESIANPOINT((33.7540194014437,-118.207591324113));
#1949=IFCCARTESIANPOINT((33.0734638045542,-116.541393835621));
#1950=IFCCARTESIANPOINT((32.7492793341808,-116.674098127405));
#1951=IFCCARTESIANPOINT((31.1620863692369,-112.786941903178));
#1952=IFCCARTESIANPOINT((31.4856329221511,-112.655007713882));
#1953=IFCCARTESIANPOINT((30.8050773224386,-110.988810222945));
#1954=IFCCARTESIANPOINT((30.480892852036,-111.121514514729));
#1955=IFCCARTESIANPOINT((28.8936998900317,-107.234358292888));
#1956=IFCCARTESIANPOINT((29.2172464400064,-107.102424101147));
#1957=IFCCARTESIANPOINT((28.5374609433056,-105.436864533054));
#1958=IFCCARTESIANPOINT((28.2139143903914,-105.568798722408));
#1959=IFCCARTESIANPOINT((26.625313407887,-101.681774680212));
#1960=IFCCARTESIANPOINT((26.9494978782895,-101.549070388428));
#1961=IFCCARTESIANPOINT((26.2690744611609,-99.8842809203779));
#1962=IFCCARTESIANPOINT((25.9455279110989,-100.016215112119));
#1963=IFCCARTESIANPOINT((24.3569269257423,-96.1291910675936));
#1964=IFCCARTESIANPOINT((24.6818814990984,-95.9971246985369));
#1965=IFCCARTESIANPOINT((24.001325899415,-94.3309272076003));
#1966=IFCCARTESIANPOINT((23.6771414290124,-94.4636314994423));
#1967=IFCCARTESIANPOINT((22.0899484693364,-90.5764752746909));
#1968=IFCCARTESIANPOINT((22.4134950169537,-90.4445410858607));
#1969=IFCCARTESIANPOINT((21.7320371370006,-88.7762976487866));
#1970=IFCCARTESIANPOINT((21.4120767361892,-88.9086054033833));
#1971=IFCCARTESIANPOINT((20.0222706714994,-85.5277686556219));
#1972=IFCCARTESIANPOINT((20.1435101102397,-85.4801661489182));
#1973=IFCCARTESIANPOINT((19.4757588985667,-83.8141870616237));
#1974=IFCCARTESIANPOINT((12.7494354467199,-86.5542596570449));
#1975=IFCCARTESIANPOINT((12.7851761155471,-86.6474937925232));
#1976=IFCCARTESIANPOINT((2.27309137946577,-90.9275993392221));
#1977=IFCCARTESIANPOINT((6.5546279262926,-101.447362113919));
#1978=IFCCARTESIANPOINT((6.46152596804313,-101.484510806156));
#1979=IFCCARTESIANPOINT((18.4355492276372,-130.934511007799));
#1980=IFCCARTESIANPOINT((18.5265822629735,-130.8904543799));
#1981=IFCCARTESIANPOINT((22.8124118142587,-141.433251259557));
#1982=IFCCARTESIANPOINT((33.3397147544019,-137.103422420798));
#1983=IFCPOLYLINE((#1934,#1935,#1936,#1937,#1938,#1939,#1940,#1941,#1942,#1943,#1944,#1945,#1946,#1947,#1948,#1949,#1950,#1951,#1952,#1953,#1954,#1955,#1956,#1957,#1958,#1959,#1960,#1961,#1962,#1963,#1964,#1965,#1966,#1967,#1968,#1969,#1970,#1971,#1972,#1973,#1974,#1975,#1976,#1977,#1978,#1979,#1980,#1981,#1982));
#1984=IFCARBITRARYPROFILEDEFWITHVOIDS(.AREA.,$,#1925,(#1933,#1983));
#1985=IFCEXTRUDEDAREASOLID(#1984,#1884,#1885,0.1);
#1986=IFCSHAPEREPRESENTATION(#11,'Body','SweptSolid',(#1985));
#1987=IFCPRODUCTDEFINITIONSHAPE($,$,(#1986));
#1988=IFCSLAB('0MBqkaaKHEMxr$DMh_YRfv',#5,'NL.IMKAD.KadastraalObject.45150672170000',$,$,#1880,#1987,$,.NOTDEFINED.);
#1989=IFCSTYLEDITEM(#1985,(#1388),$);
#1990=IFCPROPERTYSINGLEVALUE('objectid',$,IFCTEXT('3234712'),$);
#1991=IFCPROPERTYSINGLEVALUE('globalid',$,IFCTEXT('{087F0109-8664-20CF-1FBC-805504E1D2D7}'),$);
#1992=IFCPROPERTYSINGLEVALUE('identificatie',$,IFCTEXT('NL.IMKAD.KadastraalObject.45150672170000'),$);
#1993=IFCPROPERTYSINGLEVALUE('namespace',$,IFCTEXT('NL.IMKAD.KadastraalObject'),$);
#1994=IFCPROPERTYSINGLEVALUE('lokaalid',$,IFCTEXT('45150672170000'),$);
#1995=IFCPROPERTYSINGLEVALUE('begingeldigheid',$,IFCTEXT('1748004857000'),$);
#1996=IFCPROPERTYSINGLEVALUE('tijdstipregistratie',$,IFCTEXT('1748004857000'),$);
#1997=IFCPROPERTYSINGLEVALUE('volgnummer',$,IFCTEXT('0'),$);
#1998=IFCPROPERTYSINGLEVALUE('statushistorie',$,IFCTEXT('G'),$);
#1999=IFCPROPERTYSINGLEVALUE('kadastralegemeentecode',$,IFCTEXT('951'),$);
#2000=IFCPROPERTYSINGLEVALUE('kadastralegemeentewaarde',$,IFCTEXT('Strijp'),$);
#2001=IFCPROPERTYSINGLEVALUE('sectie',$,IFCTEXT('C'),$);
#2002=IFCPROPERTYSINGLEVALUE('perceelnummer',$,IFCTEXT('6721'),$);
#2003=IFCPROPERTYSINGLEVALUE('akrkadastralegemeentecode',$,IFCTEXT('STR03'),$);
#2004=IFCPROPERTYSINGLEVALUE('kadastralegrootte',$,IFCTEXT('50322'),$);
#2005=IFCPROPERTYSINGLEVALUE('soortgrootte',$,IFCTEXT('Voorlopig'),$);
#2006=IFCPROPERTYSINGLEVALUE('perceelnummerrotatie',$,IFCTEXT('0.0'),$);
#2007=IFCPROPERTYSINGLEVALUE('perceelnummerverschuivingx',$,IFCTEXT('0.0'),$);
#2008=IFCPROPERTYSINGLEVALUE('perceelnummerverschuivingy',$,IFCTEXT('0.0'),$);
#2009=IFCPROPERTYSINGLEVALUE('plaatscoordinatenx',$,IFCTEXT('160095.998'),$);
#2010=IFCPROPERTYSINGLEVALUE('plaatscoordinateny',$,IFCTEXT('383990.433'),$);
#2011=IFCPROPERTYSINGLEVALUE('id',$,IFCTEXT('1'),$);
#2012=IFCPROPERTYSET('2FJZuqoRnE8e1f$8y19NH0',#5,'CPset_BRK-Perceel',$,(#1990,#1991,#1992,#1993,#1994,#1995,#1996,#1997,#1998,#1999,#2000,#2001,#2002,#2003,#2004,#2005,#2006,#2007,#2008,#2009,#2010,#2011));
#2013=IFCRELDEFINESBYPROPERTIES('1r5oEb5Y9CBAzBne$O$8af',#5,$,$,(#1988),#2012);
#2014=IFCCARTESIANPOINT((0.,0.,-0.1));
#2015=IFCDIRECTION((0.,0.,1.));
#2016=IFCDIRECTION((1.,0.,0.));
#2017=IFCAXIS2PLACEMENT3D(#2014,#2015,#2016);
#2018=IFCLOCALPLACEMENT(#37,#2017);
#2019=IFCCARTESIANPOINT((0.,0.,0.));
#2020=IFCDIRECTION((0.,0.,1.));
#2021=IFCDIRECTION((1.,0.,0.));
#2022=IFCAXIS2PLACEMENT3D(#2019,#2020,#2021);
#2023=IFCDIRECTION((0.,0.,1.));
#2024=IFCCARTESIANPOINT((266.229958182143,94.9832978977938));
#2025=IFCCARTESIANPOINT((260.972777596529,97.1033673036727));
#2026=IFCCARTESIANPOINT((259.381924085348,101.23378387955));
#2027=IFCCARTESIANPOINT((233.946137417428,101.363682037394));
#2028=IFCCARTESIANPOINT((233.884338678123,100.652636387094));
#2029=IFCCARTESIANPOINT((233.747604410193,99.9530216812855));
#2030=IFCCARTESIANPOINT((233.538221938215,99.2707343642251));
#2031=IFCCARTESIANPOINT((233.258214230969,98.6144869375275));
#2032=IFCCARTESIANPOINT((232.910374355357,97.9923539793235));
#2033=IFCCARTESIANPOINT((232.497759733029,97.409594015975));
#2034=IFCCARTESIANPOINT((232.026749587938,96.8739080608357));
#2035=IFCCARTESIANPOINT((231.501809364418,96.3906868281192));
#2036=IFCCARTESIANPOINT((230.929450456082,95.9662233043928));
#2037=IFCCARTESIANPOINT((230.314270500618,95.6045001767925));
#2038=IFCCARTESIANPOINT((229.664453265927,95.3091265753028));
#2039=IFCCARTESIANPOINT((228.987412436574,95.0843495416921));
#2040=IFCCARTESIANPOINT((228.290826045355,94.9316000807448));
#2041=IFCCARTESIANPOINT((227.581469845405,94.8543551382027));
#2042=IFCCARTESIANPOINT((164.480541048077,95.1535859575379));
#2043=IFCCARTESIANPOINT((25.0464710259403,95.8145232380484));
#2044=IFCCARTESIANPOINT((19.8470694678836,96.6609182000393));
#2045=IFCCARTESIANPOINT((-78.7719510366151,96.8715291787521));
#2046=IFCCARTESIANPOINT((-180.491638842534,96.9899215034675));
#2047=IFCCARTESIANPOINT((-244.342628535611,96.9260622547008));
#2048=IFCCARTESIANPOINT((-213.911217005225,133.662986074574));
#2049=IFCCARTESIANPOINT((118.436118196143,131.661409669498));
#2050=IFCCARTESIANPOINT((187.339140794007,131.335844287474));
#2051=IFCCARTESIANPOINT((217.282136790134,132.891119439097));
#2052=IFCCARTESIANPOINT((218.382618948468,133.152096484264));
#2053=IFCCARTESIANPOINT((227.576433094393,133.514475307893));
#2054=IFCCARTESIANPOINT((230.175647489872,132.495006063895));
#2055=IFCCARTESIANPOINT((232.489866138436,131.122083252762));
#2056=IFCCARTESIANPOINT((234.151043368649,129.374650221958));
#2057=IFCCARTESIANPOINT((234.57259884596,124.26373983518));
#2058=IFCCARTESIANPOINT((234.880651232728,124.265670442546));
#2059=IFCCARTESIANPOINT((241.841243739444,124.300326275988));
#2060=IFCCARTESIANPOINT((276.913485934987,95.2478710192372));
#2061=IFCCARTESIANPOINT((266.229958182143,94.9832978977938));
#2062=IFCPOLYLINE((#2024,#2025,#2026,#2027,#2028,#2029,#2030,#2031,#2032,#2033,#2034,#2035,#2036,#2037,#2038,#2039,#2040,#2041,#2042,#2043,#2044,#2045,#2046,#2047,#2048,#2049,#2050,#2051,#2052,#2053,#2054,#2055,#2056,#2057,#2058,#2059,#2060,#2061));
#2063=IFCARBITRARYCLOSEDPROFILEDEF(.AREA.,$,#2062);
#2064=IFCEXTRUDEDAREASOLID(#2063,#2022,#2023,0.1);
#2065=IFCSHAPEREPRESENTATION(#11,'Body','SweptSolid',(#2064));
#2066=IFCPRODUCTDEFINITIONSHAPE($,$,(#2065));
#2067=IFCSLAB('1He2z8GtTBLxOf6D5cWSL_',#5,'NL.IMKAD.KadastraalObject.46460693170000',$,$,#2018,#2066,$,.NOTDEFINED.);
#2068=IFCSTYLEDITEM(#2064,(#1388),$);
#2069=IFCPROPERTYSINGLEVALUE('objectid',$,IFCTEXT('3246769'),$);
#2070=IFCPROPERTYSINGLEVALUE('globalid',$,IFCTEXT('{773A340B-CDF6-334A-2931-750E5F4785D5}'),$);
#2071=IFCPROPERTYSINGLEVALUE('identificatie',$,IFCTEXT('NL.IMKAD.KadastraalObject.46460693170000'),$);
#2072=IFCPROPERTYSINGLEVALUE('namespace',$,IFCTEXT('NL.IMKAD.KadastraalObject'),$);
#2073=IFCPROPERTYSINGLEVALUE('lokaalid',$,IFCTEXT('46460693170000'),$);
#2074=IFCPROPERTYSINGLEVALUE('begingeldigheid',$,IFCTEXT('1267079410000'),$);
#2075=IFCPROPERTYSINGLEVALUE('tijdstipregistratie',$,IFCTEXT('1267079410000'),$);
#2076=IFCPROPERTYSINGLEVALUE('volgnummer',$,IFCTEXT('0'),$);
#2077=IFCPROPERTYSINGLEVALUE('statushistorie',$,IFCTEXT('G'),$);
#2078=IFCPROPERTYSINGLEVALUE('kadastralegemeentecode',$,IFCTEXT('1132'),$);
#2079=IFCPROPERTYSINGLEVALUE('kadastralegemeentewaarde',$,IFCTEXT('Woensel'),$);
#2080=IFCPROPERTYSINGLEVALUE('sectie',$,IFCTEXT('G'),$);
#2081=IFCPROPERTYSINGLEVALUE('perceelnummer',$,IFCTEXT('6931'),$);
#2082=IFCPROPERTYSINGLEVALUE('akrkadastralegemeentecode',$,IFCTEXT('WSL01'),$);
#2083=IFCPROPERTYSINGLEVALUE('kadastralegrootte',$,IFCTEXT('26500'),$);
#2084=IFCPROPERTYSINGLEVALUE('soortgrootte',$,IFCTEXT('Vastgesteld'),$);
#2085=IFCPROPERTYSINGLEVALUE('perceelnummerrotatie',$,IFCTEXT('0.0'),$);
#2086=IFCPROPERTYSINGLEVALUE('perceelnummerverschuivingx',$,IFCTEXT('0.0'),$);
#2087=IFCPROPERTYSINGLEVALUE('perceelnummerverschuivingy',$,IFCTEXT('0.0'),$);
#2088=IFCPROPERTYSINGLEVALUE('plaatscoordinatenx',$,IFCTEXT('160144.62'),$);
#2089=IFCPROPERTYSINGLEVALUE('plaatscoordinateny',$,IFCTEXT('384247.757'),$);
#2090=IFCPROPERTYSINGLEVALUE('id',$,IFCTEXT('1'),$);
#2091=IFCPROPERTYSET('1ogOc8o3z7yOFnPIMPCNA1',#5,'CPset_BRK-Perceel',$,(#2069,#2070,#2071,#2072,#2073,#2074,#2075,#2076,#2077,#2078,#2079,#2080,#2081,#2082,#2083,#2084,#2085,#2086,#2087,#2088,#2089,#2090));
#2092=IFCRELDEFINESBYPROPERTIES('2kTlh603TCTuSc8$CgcyHo',#5,$,$,(#2067),#2091);
#2093=IFCCARTESIANPOINT((0.,0.,-0.1));
#2094=IFCDIRECTION((0.,0.,1.));
#2095=IFCDIRECTION((1.,0.,0.));
#2096=IFCAXIS2PLACEMENT3D(#2093,#2094,#2095);
#2097=IFCLOCALPLACEMENT(#37,#2096);
#2098=IFCCARTESIANPOINT((0.,0.,0.));
#2099=IFCDIRECTION((0.,0.,1.));
#2100=IFCDIRECTION((1.,0.,0.));
#2101=IFCAXIS2PLACEMENT3D(#2098,#2099,#2100);
#2102=IFCDIRECTION((0.,0.,1.));
#2103=IFCCARTESIANPOINT((262.286719667871,-25.7599214303191));
#2104=IFCCARTESIANPOINT((257.161544562463,-26.6423255976406));
#2105=IFCCARTESIANPOINT((250.093414665869,14.2495770819369));
#2106=IFCCARTESIANPOINT((248.911888340925,18.8615943779587));
#2107=IFCCARTESIANPOINT((247.32567784292,27.0278925758903));
#2108=IFCCARTESIANPOINT((242.671970443946,47.4585783583461));
#2109=IFCCARTESIANPOINT((263.011525588343,52.1449232618324));
#2110=IFCCARTESIANPOINT((267.028573745483,29.2965540839359));
#2111=IFCCARTESIANPOINT((276.890746714111,-22.7398290375713));
#2112=IFCCARTESIANPOINT((278.320080398349,-30.9826430134126));
#2113=IFCCARTESIANPOINT((279.417956250079,-37.4952380103059));
#2114=IFCCARTESIANPOINT((280.2469881711,-42.2788382302388));
#2115=IFCCARTESIANPOINT((281.871480586327,-51.6216433572699));
#2116=IFCCARTESIANPOINT((269.434708949557,-66.6353646803764));
#2117=IFCCARTESIANPOINT((262.286719667871,-25.7599214303191));
#2118=IFCPOLYLINE((#2103,#2104,#2105,#2106,#2107,#2108,#2109,#2110,#2111,#2112,#2113,#2114,#2115,#2116,#2117));
#2119=IFCARBITRARYCLOSEDPROFILEDEF(.AREA.,$,#2118);
#2120=IFCEXTRUDEDAREASOLID(#2119,#2101,#2102,0.1);
#2121=IFCSHAPEREPRESENTATION(#11,'Body','SweptSolid',(#2120));
#2122=IFCPRODUCTDEFINITIONSHAPE($,$,(#2121));
#2123=IFCSLAB('0o2McwWgrFmukFuFgaqtIF',#5,'NL.IMKAD.KadastraalObject.45150381970000',$,$,#2097,#2122,$,.NOTDEFINED.);
#2124=IFCSTYLEDITEM(#2120,(#1388),$);
#2125=IFCPROPERTYSINGLEVALUE('objectid',$,IFCTEXT('3247932'),$);
#2126=IFCPROPERTYSINGLEVALUE('globalid',$,IFCTEXT('{A879F701-DD91-CCC4-CB74-4B3EC2DBC130}'),$);
#2127=IFCPROPERTYSINGLEVALUE('identificatie',$,IFCTEXT('NL.IMKAD.KadastraalObject.45150381970000'),$);
#2128=IFCPROPERTYSINGLEVALUE('namespace',$,IFCTEXT('NL.IMKAD.KadastraalObject'),$);
#2129=IFCPROPERTYSINGLEVALUE('lokaalid',$,IFCTEXT('45150381970000'),$);
#2130=IFCPROPERTYSINGLEVALUE('begingeldigheid',$,IFCTEXT('1623758885000'),$);
#2131=IFCPROPERTYSINGLEVALUE('tijdstipregistratie',$,IFCTEXT('1623758885000'),$);
#2132=IFCPROPERTYSINGLEVALUE('volgnummer',$,IFCTEXT('0'),$);
#2133=IFCPROPERTYSINGLEVALUE('statushistorie',$,IFCTEXT('G'),$);
#2134=IFCPROPERTYSINGLEVALUE('kadastralegemeentecode',$,IFCTEXT('951'),$);
#2135=IFCPROPERTYSINGLEVALUE('kadastralegemeentewaarde',$,IFCTEXT('Strijp'),$);
#2136=IFCPROPERTYSINGLEVALUE('sectie',$,IFCTEXT('C'),$);
#2137=IFCPROPERTYSINGLEVALUE('perceelnummer',$,IFCTEXT('3819'),$);
#2138=IFCPROPERTYSINGLEVALUE('akrkadastralegemeentecode',$,IFCTEXT('STR03'),$);
#2139=IFCPROPERTYSINGLEVALUE('kadastralegrootte',$,IFCTEXT('3480'),$);
#2140=IFCPROPERTYSINGLEVALUE('soortgrootte',$,IFCTEXT('Vastgesteld'),$);
#2141=IFCPROPERTYSINGLEVALUE('perceelnummerrotatie',$,IFCTEXT('0.0'),$);
#2142=IFCPROPERTYSINGLEVALUE('perceelnummerverschuivingx',$,IFCTEXT('0.0'),$);
#2143=IFCPROPERTYSINGLEVALUE('perceelnummerverschuivingy',$,IFCTEXT('0.0'),$);
#2144=IFCPROPERTYSINGLEVALUE('plaatscoordinatenx',$,IFCTEXT('160219.801'),$);
#2145=IFCPROPERTYSINGLEVALUE('plaatscoordinateny',$,IFCTEXT('383929.606'),$);
#2146=IFCPROPERTYSINGLEVALUE('id',$,IFCTEXT('1'),$);
#2147=IFCPROPERTYSET('3Pi6nuOa169BagnXYM9XP1',#5,'CPset_BRK-Perceel',$,(#2125,#2126,#2127,#2128,#2129,#2130,#2131,#2132,#2133,#2134,#2135,#2136,#2137,#2138,#2139,#2140,#2141,#2142,#2143,#2144,#2145,#2146));
#2148=IFCRELDEFINESBYPROPERTIES('2chO_NxzfEtvakieKN37Xy',#5,$,$,(#2123),#2147);
#2149=IFCCARTESIANPOINT((0.,0.,-0.1));
#2150=IFCDIRECTION((0.,0.,1.));
#2151=IFCDIRECTION((1.,0.,0.));
#2152=IFCAXIS2PLACEMENT3D(#2149,#2150,#2151);
#2153=IFCLOCALPLACEMENT(#37,#2152);
#2154=IFCCARTESIANPOINT((0.,0.,0.));
#2155=IFCDIRECTION((0.,0.,1.));
#2156=IFCDIRECTION((1.,0.,0.));
#2157=IFCAXIS2PLACEMENT3D(#2154,#2155,#2156);
#2158=IFCDIRECTION((0.,0.,1.));
#2159=IFCCARTESIANPOINT((324.33146236022,53.0612895821105));
#2160=IFCCARTESIANPOINT((323.896602134017,53.3812561186496));
#2161=IFCCARTESIANPOINT((307.791911309439,37.7190698250197));
#2162=IFCCARTESIANPOINT((274.736426133779,31.3858832988772));
#2163=IFCCARTESIANPOINT((274.626544123195,32.3521146085695));
#2164=IFCCARTESIANPOINT((267.028573745483,29.2965540839359));
#2165=IFCCARTESIANPOINT((263.011525588343,52.1449232618324));
#2166=IFCCARTESIANPOINT((264.787044010474,53.5296222667675));
#2167=IFCCARTESIANPOINT((266.413754504087,54.8804656933644));
#2168=IFCCARTESIANPOINT((268.779757328652,56.186366392998));
#2169=IFCCARTESIANPOINT((270.786156261514,56.9954481711611));
#2170=IFCCARTESIANPOINT((279.244152221625,59.7034846008755));
#2171=IFCCARTESIANPOINT((307.355248391192,66.5043133969302));
#2172=IFCCARTESIANPOINT((310.720824495686,67.2432117959834));
#2173=IFCCARTESIANPOINT((326.022350845247,54.5680338831153));
#2174=IFCCARTESIANPOINT((324.33146236022,53.0612895821105));
#2175=IFCPOLYLINE((#2159,#2160,#2161,#2162,#2163,#2164,#2165,#2166,#2167,#2168,#2169,#2170,#2171,#2172,#2173,#2174));
#2176=IFCARBITRARYCLOSEDPROFILEDEF(.AREA.,$,#2175);
#2177=IFCEXTRUDEDAREASOLID(#2176,#2157,#2158,0.1);
#2178=IFCSHAPEREPRESENTATION(#11,'Body','SweptSolid',(#2177));
#2179=IFCPRODUCTDEFINITIONSHAPE($,$,(#2178));
#2180=IFCSLAB('2MFJ40iEPFuAi9TT$eD$El',#5,'NL.IMKAD.KadastraalObject.45150382170000',$,$,#2153,#2179,$,.NOTDEFINED.);
#2181=IFCSTYLEDITEM(#2177,(#1388),$);
#2182=IFCPROPERTYSINGLEVALUE('objectid',$,IFCTEXT('3247933'),$);
#2183=IFCPROPERTYSINGLEVALUE('globalid',$,IFCTEXT('{8CA235B5-0B5D-15EC-67AC-91F4CB76B957}'),$);
#2184=IFCPROPERTYSINGLEVALUE('identificatie',$,IFCTEXT('NL.IMKAD.KadastraalObject.45150382170000'),$);
#2185=IFCPROPERTYSINGLEVALUE('namespace',$,IFCTEXT('NL.IMKAD.KadastraalObject'),$);
#2186=IFCPROPERTYSINGLEVALUE('lokaalid',$,IFCTEXT('45150382170000'),$);
#2187=IFCPROPERTYSINGLEVALUE('begingeldigheid',$,IFCTEXT('1190282689000'),$);
#2188=IFCPROPERTYSINGLEVALUE('tijdstipregistratie',$,IFCTEXT('1190282689000'),$);
#2189=IFCPROPERTYSINGLEVALUE('volgnummer',$,IFCTEXT('0'),$);
#2190=IFCPROPERTYSINGLEVALUE('statushistorie',$,IFCTEXT('G'),$);
#2191=IFCPROPERTYSINGLEVALUE('kadastralegemeentecode',$,IFCTEXT('951'),$);
#2192=IFCPROPERTYSINGLEVALUE('kadastralegemeentewaarde',$,IFCTEXT('Strijp'),$);
#2193=IFCPROPERTYSINGLEVALUE('sectie',$,IFCTEXT('C'),$);
#2194=IFCPROPERTYSINGLEVALUE('perceelnummer',$,IFCTEXT('3821'),$);
#2195=IFCPROPERTYSINGLEVALUE('akrkadastralegemeentecode',$,IFCTEXT('STR03'),$);
#2196=IFCPROPERTYSINGLEVALUE('kadastralegrootte',$,IFCTEXT('1800'),$);
#2197=IFCPROPERTYSINGLEVALUE('soortgrootte',$,IFCTEXT('Vastgesteld'),$);
#2198=IFCPROPERTYSINGLEVALUE('perceelnummerrotatie',$,IFCTEXT('0.0'),$);
#2199=IFCPROPERTYSINGLEVALUE('perceelnummerverschuivingx',$,IFCTEXT('0.0'),$);
#2200=IFCPROPERTYSINGLEVALUE('perceelnummerverschuivingy',$,IFCTEXT('0.0'),$);
#2201=IFCPROPERTYSINGLEVALUE('plaatscoordinatenx',$,IFCTEXT('160298.674'),$);
#2202=IFCPROPERTYSINGLEVALUE('plaatscoordinateny',$,IFCTEXT('383961.837'),$);
#2203=IFCPROPERTYSINGLEVALUE('id',$,IFCTEXT('1'),$);
#2204=IFCPROPERTYSET('2S036OZR5FrhGTE1ZzjGVR',#5,'CPset_BRK-Perceel',$,(#2182,#2183,#2184,#2185,#2186,#2187,#2188,#2189,#2190,#2191,#2192,#2193,#2194,#2195,#2196,#2197,#2198,#2199,#2200,#2201,#2202,#2203));
#2205=IFCRELDEFINESBYPROPERTIES('0NiT5__OzF2hn8dxN_EO_5',#5,$,$,(#2180),#2204);
#2206=IFCCARTESIANPOINT((0.,0.,-0.1));
#2207=IFCDIRECTION((0.,0.,1.));
#2208=IFCDIRECTION((1.,0.,0.));
#2209=IFCAXIS2PLACEMENT3D(#2206,#2207,#2208);
#2210=IFCLOCALPLACEMENT(#37,#2209);
#2211=IFCCARTESIANPOINT((0.,0.,0.));
#2212=IFCDIRECTION((0.,0.,1.));
#2213=IFCDIRECTION((1.,0.,0.));
#2214=IFCAXIS2PLACEMENT3D(#2211,#2212,#2213);
#2215=IFCDIRECTION((0.,0.,1.));
#2216=IFCCARTESIANPOINT((334.701595411025,43.8361011022353));
#2217=IFCCARTESIANPOINT((330.522900269862,39.5063848393038));
#2218=IFCCARTESIANPOINT((323.802226776461,32.7569646578631));
#2219=IFCCARTESIANPOINT((313.965566177067,22.8102449364378));
#2220=IFCCARTESIANPOINT((305.090488720918,13.9005126062548));
#2221=IFCCARTESIANPOINT((296.101323503273,2.2947444866877));
#2222=IFCCARTESIANPOINT((287.670758873428,-8.8232220565551));
#2223=IFCCARTESIANPOINT((276.890746714111,-22.7398290375713));
#2224=IFCCARTESIANPOINT((267.028573745483,29.2965540839359));
#2225=IFCCARTESIANPOINT((274.626544123195,32.3521146085695));
#2226=IFCCARTESIANPOINT((274.736426133779,31.3858832988772));
#2227=IFCCARTESIANPOINT((307.791911309439,37.7190698250197));
#2228=IFCCARTESIANPOINT((323.896602134017,53.3812561186496));
#2229=IFCCARTESIANPOINT((324.33146236022,53.0612895821105));
#2230=IFCCARTESIANPOINT((326.022350845247,54.5680338831153));
#2231=IFCCARTESIANPOINT((336.831707230565,45.6139915100066));
#2232=IFCCARTESIANPOINT((334.701595411025,43.8361011022353));
#2233=IFCPOLYLINE((#2216,#2217,#2218,#2219,#2220,#2221,#2222,#2223,#2224,#2225,#2226,#2227,#2228,#2229,#2230,#2231,#2232));
#2234=IFCARBITRARYCLOSEDPROFILEDEF(.AREA.,$,#2233);
#2235=IFCEXTRUDEDAREASOLID(#2234,#2214,#2215,0.1);
#2236=IFCSHAPEREPRESENTATION(#11,'Body','SweptSolid',(#2235));
#2237=IFCPRODUCTDEFINITIONSHAPE($,$,(#2236));
#2238=IFCSLAB('3tJr0PhZvB1vN7x7f72ybp',#5,'NL.IMKAD.KadastraalObject.45150382270000',$,$,#2210,#2237,$,.NOTDEFINED.);
#2239=IFCSTYLEDITEM(#2235,(#1388),$);
#2240=IFCPROPERTYSINGLEVALUE('objectid',$,IFCTEXT('3247934'),$);
#2241=IFCPROPERTYSINGLEVALUE('globalid',$,IFCTEXT('{F5BE6DCC-C385-3C1E-97B8-6C4EFD9C06E8}'),$);
#2242=IFCPROPERTYSINGLEVALUE('identificatie',$,IFCTEXT('NL.IMKAD.KadastraalObject.45150382270000'),$);
#2243=IFCPROPERTYSINGLEVALUE('namespace',$,IFCTEXT('NL.IMKAD.KadastraalObject'),$);
#2244=IFCPROPERTYSINGLEVALUE('lokaalid',$,IFCTEXT('45150382270000'),$);
#2245=IFCPROPERTYSINGLEVALUE('begingeldigheid',$,IFCTEXT('1190282689000'),$);
#2246=IFCPROPERTYSINGLEVALUE('tijdstipregistratie',$,IFCTEXT('1190282689000'),$);
#2247=IFCPROPERTYSINGLEVALUE('volgnummer',$,IFCTEXT('0'),$);
#2248=IFCPROPERTYSINGLEVALUE('statushistorie',$,IFCTEXT('G'),$);
#2249=IFCPROPERTYSINGLEVALUE('kadastralegemeentecode',$,IFCTEXT('951'),$);
#2250=IFCPROPERTYSINGLEVALUE('kadastralegemeentewaarde',$,IFCTEXT('Strijp'),$);
#2251=IFCPROPERTYSINGLEVALUE('sectie',$,IFCTEXT('C'),$);
#2252=IFCPROPERTYSINGLEVALUE('perceelnummer',$,IFCTEXT('3822'),$);
#2253=IFCPROPERTYSINGLEVALUE('akrkadastralegemeentecode',$,IFCTEXT('STR03'),$);
#2254=IFCPROPERTYSINGLEVALUE('kadastralegrootte',$,IFCTEXT('2210'),$);
#2255=IFCPROPERTYSINGLEVALUE('soortgrootte',$,IFCTEXT('Vastgesteld'),$);
#2256=IFCPROPERTYSINGLEVALUE('perceelnummerrotatie',$,IFCTEXT('0.0'),$);
#2257=IFCPROPERTYSINGLEVALUE('perceelnummerverschuivingx',$,IFCTEXT('0.0'),$);
#2258=IFCPROPERTYSINGLEVALUE('perceelnummerverschuivingy',$,IFCTEXT('0.0'),$);
#2259=IFCPROPERTYSINGLEVALUE('plaatscoordinatenx',$,IFCTEXT('160279.613'),$);
#2260=IFCPROPERTYSINGLEVALUE('plaatscoordinateny',$,IFCTEXT('383940.788'),$);
#2261=IFCPROPERTYSINGLEVALUE('id',$,IFCTEXT('1'),$);
#2262=IFCPROPERTYSET('0PaA5Ldk54vOfkQLhTXqZF',#5,'CPset_BRK-Perceel',$,(#2240,#2241,#2242,#2243,#2244,#2245,#2246,#2247,#2248,#2249,#2250,#2251,#2252,#2253,#2254,#2255,#2256,#2257,#2258,#2259,#2260,#2261));
#2263=IFCRELDEFINESBYPROPERTIES('0Xl51cWgb9DwfDLEHwOSZ3',#5,$,$,(#2238),#2262);
#2264=IFCCARTESIANPOINT((0.,0.,-0.1));
#2265=IFCDIRECTION((0.,0.,1.));
#2266=IFCDIRECTION((1.,0.,0.));
#2267=IFCAXIS2PLACEMENT3D(#2264,#2265,#2266);
#2268=IFCLOCALPLACEMENT(#37,#2267);
#2269=IFCCARTESIANPOINT((0.,0.,0.));
#2270=IFCDIRECTION((0.,0.,1.));
#2271=IFCDIRECTION((1.,0.,0.));
#2272=IFCAXIS2PLACEMENT3D(#2269,#2270,#2271);
#2273=IFCDIRECTION((0.,0.,1.));
#2274=IFCCARTESIANPOINT((272.531594151398,93.9328531777137));
#2275=IFCCARTESIANPOINT((261.500776268716,93.8923334525898));
#2276=IFCCARTESIANPOINT((258.278505433671,96.6615217204671));
#2277=IFCCARTESIANPOINT((234.723888549488,96.558932808286));
#2278=IFCCARTESIANPOINT((233.946137417428,101.363682037394));
#2279=IFCCARTESIANPOINT((259.381924085348,101.23378387955));
#2280=IFCCARTESIANPOINT((260.972777596529,97.1033673036727));
#2281=IFCCARTESIANPOINT((266.229958182143,94.9832978977938));
#2282=IFCCARTESIANPOINT((276.913485934987,95.2478710192372));
#2283=IFCCARTESIANPOINT((278.478323774849,93.951621379063));
#2284=IFCCARTESIANPOINT((272.531594151398,93.9328531777137));
#2285=IFCPOLYLINE((#2274,#2275,#2276,#2277,#2278,#2279,#2280,#2281,#2282,#2283,#2284));
#2286=IFCARBITRARYCLOSEDPROFILEDEF(.AREA.,$,#2285);
#2287=IFCEXTRUDEDAREASOLID(#2286,#2272,#2273,0.1);
#2288=IFCSHAPEREPRESENTATION(#11,'Body','SweptSolid',(#2287));
#2289=IFCPRODUCTDEFINITIONSHAPE($,$,(#2288));
#2290=IFCSLAB('1baWbqljv7Q9P6URgABupL',#5,'NL.IMKAD.KadastraalObject.45150507270000',$,$,#2268,#2289,$,.NOTDEFINED.);
#2291=IFCSTYLEDITEM(#2287,(#1388),$);
#2292=IFCPROPERTYSINGLEVALUE('objectid',$,IFCTEXT('3248142'),$);
#2293=IFCPROPERTYSINGLEVALUE('globalid',$,IFCTEXT('{A72D623F-0DDE-AF89-ED93-3453EB6ED9F7}'),$);
#2294=IFCPROPERTYSINGLEVALUE('identificatie',$,IFCTEXT('NL.IMKAD.KadastraalObject.45150507270000'),$);
#2295=IFCPROPERTYSINGLEVALUE('namespace',$,IFCTEXT('NL.IMKAD.KadastraalObject'),$);
#2296=IFCPROPERTYSINGLEVALUE('lokaalid',$,IFCTEXT('45150507270000'),$);
#2297=IFCPROPERTYSINGLEVALUE('begingeldigheid',$,IFCTEXT('1190282689000'),$);
#2298=IFCPROPERTYSINGLEVALUE('tijdstipregistratie',$,IFCTEXT('1190282689000'),$);
#2299=IFCPROPERTYSINGLEVALUE('volgnummer',$,IFCTEXT('0'),$);
#2300=IFCPROPERTYSINGLEVALUE('statushistorie',$,IFCTEXT('G'),$);
#2301=IFCPROPERTYSINGLEVALUE('kadastralegemeentecode',$,IFCTEXT('951'),$);
#2302=IFCPROPERTYSINGLEVALUE('kadastralegemeentewaarde',$,IFCTEXT('Strijp'),$);
#2303=IFCPROPERTYSINGLEVALUE('sectie',$,IFCTEXT('C'),$);
#2304=IFCPROPERTYSINGLEVALUE('perceelnummer',$,IFCTEXT('5072'),$);
#2305=IFCPROPERTYSINGLEVALUE('akrkadastralegemeentecode',$,IFCTEXT('STR03'),$);
#2306=IFCPROPERTYSINGLEVALUE('kadastralegrootte',$,IFCTEXT('280'),$);
#2307=IFCPROPERTYSINGLEVALUE('soortgrootte',$,IFCTEXT('Vastgesteld'),$);
#2308=IFCPROPERTYSINGLEVALUE('perceelnummerrotatie',$,IFCTEXT('0.0'),$);
#2309=IFCPROPERTYSINGLEVALUE('perceelnummerverschuivingx',$,IFCTEXT('-0.621'),$);
#2310=IFCPROPERTYSINGLEVALUE('perceelnummerverschuivingy',$,IFCTEXT('-9.626'),$);
#2311=IFCPROPERTYSINGLEVALUE('plaatscoordinatenx',$,IFCTEXT('160340.373'),$);
#2312=IFCPROPERTYSINGLEVALUE('plaatscoordinateny',$,IFCTEXT('383980.792'),$);
#2313=IFCPROPERTYSINGLEVALUE('id',$,IFCTEXT('1'),$);
#2314=IFCPROPERTYSET('0j2DE1sar0mO1Ze55FO4s2',#5,'CPset_BRK-Perceel',$,(#2292,#2293,#2294,#2295,#2296,#2297,#2298,#2299,#2300,#2301,#2302,#2303,#2304,#2305,#2306,#2307,#2308,#2309,#2310,#2311,#2312,#2313));
#2315=IFCRELDEFINESBYPROPERTIES('2C_VzE_kX7pQJtqXZKOQMv',#5,$,$,(#2290),#2314);
#2316=IFCCARTESIANPOINT((0.,0.,-0.1));
#2317=IFCDIRECTION((0.,0.,1.));
#2318=IFCDIRECTION((1.,0.,0.));
#2319=IFCAXIS2PLACEMENT3D(#2316,#2317,#2318);
#2320=IFCLOCALPLACEMENT(#37,#2319);
#2321=IFCCARTESIANPOINT((0.,0.,0.));
#2322=IFCDIRECTION((0.,0.,1.));
#2323=IFCDIRECTION((1.,0.,0.));
#2324=IFCAXIS2PLACEMENT3D(#2321,#2322,#2323);
#2325=IFCDIRECTION((0.,0.,1.));
#2326=IFCCARTESIANPOINT((307.355248391192,66.5043133969302));
#2327=IFCCARTESIANPOINT((279.244152221625,59.7034846008755));
#2328=IFCCARTESIANPOINT((270.786156261514,56.9954481711611));
#2329=IFCCARTESIANPOINT((268.779757328652,56.186366392998));
#2330=IFCCARTESIANPOINT((266.413754504087,54.8804656933644));
#2331=IFCCARTESIANPOINT((264.787044010474,53.5296222667675));
#2332=IFCCARTESIANPOINT((263.011525588343,52.1449232618324));
#2333=IFCCARTESIANPOINT((242.671970443946,47.4585783583461));
#2334=IFCCARTESIANPOINT((234.723888549488,96.558932808286));
#2335=IFCCARTESIANPOINT((258.278505433671,96.6615217204671));
#2336=IFCCARTESIANPOINT((261.500776268716,93.8923334525898));
#2337=IFCCARTESIANPOINT((272.531594151398,93.9328531777137));
#2338=IFCCARTESIANPOINT((278.478323774849,93.951621379063));
#2339=IFCCARTESIANPOINT((310.720824495686,67.2432117959834));
#2340=IFCCARTESIANPOINT((307.355248391192,66.5043133969302));
#2341=IFCPOLYLINE((#2326,#2327,#2328,#2329,#2330,#2331,#2332,#2333,#2334,#2335,#2336,#2337,#2338,#2339,#2340));
#2342=IFCARBITRARYCLOSEDPROFILEDEF(.AREA.,$,#2341);
#2343=IFCEXTRUDEDAREASOLID(#2342,#2324,#2325,0.1);
#2344=IFCSHAPEREPRESENTATION(#11,'Body','SweptSolid',(#2343));
#2345=IFCPRODUCTDEFINITIONSHAPE($,$,(#2344));
#2346=IFCSLAB('09hzy$fZX3Rh0DOOoU6Njh',#5,'NL.IMKAD.KadastraalObject.45150507370000',$,$,#2320,#2345,$,.NOTDEFINED.);
#2347=IFCSTYLEDITEM(#2343,(#1388),$);
#2348=IFCPROPERTYSINGLEVALUE('objectid',$,IFCTEXT('3248143'),$);
#2349=IFCPROPERTYSINGLEVALUE('globalid',$,IFCTEXT('{BA69D00F-45F2-B169-B8C0-B90F2C11FDCD}'),$);
#2350=IFCPROPERTYSINGLEVALUE('identificatie',$,IFCTEXT('NL.IMKAD.KadastraalObject.45150507370000'),$);
#2351=IFCPROPERTYSINGLEVALUE('namespace',$,IFCTEXT('NL.IMKAD.KadastraalObject'),$);
#2352=IFCPROPERTYSINGLEVALUE('lokaalid',$,IFCTEXT('45150507370000'),$);
#2353=IFCPROPERTYSINGLEVALUE('begingeldigheid',$,IFCTEXT('1310389979000'),$);
#2354=IFCPROPERTYSINGLEVALUE('tijdstipregistratie',$,IFCTEXT('1310389979000'),$);
#2355=IFCPROPERTYSINGLEVALUE('volgnummer',$,IFCTEXT('0'),$);
#2356=IFCPROPERTYSINGLEVALUE('statushistorie',$,IFCTEXT('G'),$);
#2357=IFCPROPERTYSINGLEVALUE('kadastralegemeentecode',$,IFCTEXT('951'),$);
#2358=IFCPROPERTYSINGLEVALUE('kadastralegemeentewaarde',$,IFCTEXT('Strijp'),$);
#2359=IFCPROPERTYSINGLEVALUE('sectie',$,IFCTEXT('C'),$);
#2360=IFCPROPERTYSINGLEVALUE('perceelnummer',$,IFCTEXT('5073'),$);
#2361=IFCPROPERTYSINGLEVALUE('akrkadastralegemeentecode',$,IFCTEXT('STR03'),$);
#2362=IFCPROPERTYSINGLEVALUE('kadastralegrootte',$,IFCTEXT('3497'),$);
#2363=IFCPROPERTYSINGLEVALUE('soortgrootte',$,IFCTEXT('Vastgesteld'),$);
#2364=IFCPROPERTYSINGLEVALUE('perceelnummerrotatie',$,IFCTEXT('0.0'),$);
#2365=IFCPROPERTYSINGLEVALUE('perceelnummerverschuivingx',$,IFCTEXT('0.0'),$);
#2366=IFCPROPERTYSINGLEVALUE('perceelnummerverschuivingy',$,IFCTEXT('0.0'),$);
#2367=IFCPROPERTYSINGLEVALUE('plaatscoordinatenx',$,IFCTEXT('160323.915'),$);
#2368=IFCPROPERTYSINGLEVALUE('plaatscoordinateny',$,IFCTEXT('383975.823'),$);
#2369=IFCPROPERTYSINGLEVALUE('id',$,IFCTEXT('1'),$);
#2370=IFCPROPERTYSET('3o6IUgYX1FQRzX4TuLz4XH',#5,'CPset_BRK-Perceel',$,(#2348,#2349,#2350,#2351,#2352,#2353,#2354,#2355,#2356,#2357,#2358,#2359,#2360,#2361,#2362,#2363,#2364,#2365,#2366,#2367,#2368,#2369));
#2371=IFCRELDEFINESBYPROPERTIES('2ZjKw94$n4HucP80on6Lmh',#5,$,$,(#2346),#2370);
#2372=IFCCARTESIANPOINT((0.,0.,-0.1));
#2373=IFCDIRECTION((0.,0.,1.));
#2374=IFCDIRECTION((1.,0.,0.));
#2375=IFCAXIS2PLACEMENT3D(#2372,#2373,#2374);
#2376=IFCLOCALPLACEMENT(#37,#2375);
#2377=IFCCARTESIANPOINT((0.,0.,0.));
#2378=IFCDIRECTION((0.,0.,1.));
#2379=IFCDIRECTION((1.,0.,0.));
#2380=IFCAXIS2PLACEMENT3D(#2377,#2378,#2379);
#2381=IFCDIRECTION((0.,0.,1.));
#2382=IFCCARTESIANPOINT((188.869701766554,-147.625309358991));
#2383=IFCCARTESIANPOINT((164.728595481633,-88.5147432209342));
#2384=IFCCARTESIANPOINT((203.148463789228,-72.8244192232378));
#2385=IFCCARTESIANPOINT((222.48776209497,-120.177863050601));
#2386=IFCCARTESIANPOINT((222.690839303978,-120.094169288815));
#2387=IFCCARTESIANPOINT((223.502050255105,-122.085457148787));
#2388=IFCCARTESIANPOINT((209.235065440735,-139.308619266667));
#2389=IFCCARTESIANPOINT((188.869701766554,-147.625309358991));
#2390=IFCPOLYLINE((#2382,#2383,#2384,#2385,#2386,#2387,#2388,#2389));
#2391=IFCARBITRARYCLOSEDPROFILEDEF(.AREA.,$,#2390);
#2392=IFCEXTRUDEDAREASOLID(#2391,#2380,#2381,0.1);
#2393=IFCSHAPEREPRESENTATION(#11,'Body','SweptSolid',(#2392));
#2394=IFCPRODUCTDEFINITIONSHAPE($,$,(#2393));
#2395=IFCSLAB('1iGQ1WLRb8vQ6VnjNeNLLo',#5,'NL.IMKAD.KadastraalObject.45150671970000',$,$,#2376,#2394,$,.NOTDEFINED.);
#2396=IFCSTYLEDITEM(#2392,(#1388),$);
#2397=IFCPROPERTYSINGLEVALUE('objectid',$,IFCTEXT('3252373'),$);
#2398=IFCPROPERTYSINGLEVALUE('globalid',$,IFCTEXT('{AFF2993E-F42F-6B7D-8388-7343EFE78FDD}'),$);
#2399=IFCPROPERTYSINGLEVALUE('identificatie',$,IFCTEXT('NL.IMKAD.KadastraalObject.45150671970000'),$);
#2400=IFCPROPERTYSINGLEVALUE('namespace',$,IFCTEXT('NL.IMKAD.KadastraalObject'),$);
#2401=IFCPROPERTYSINGLEVALUE('lokaalid',$,IFCTEXT('45150671970000'),$);
#2402=IFCPROPERTYSINGLEVALUE('begingeldigheid',$,IFCTEXT('1747890023000'),$);
#2403=IFCPROPERTYSINGLEVALUE('tijdstipregistratie',$,IFCTEXT('1747890023000'),$);
#2404=IFCPROPERTYSINGLEVALUE('volgnummer',$,IFCTEXT('0'),$);
#2405=IFCPROPERTYSINGLEVALUE('statushistorie',$,IFCTEXT('G'),$);
#2406=IFCPROPERTYSINGLEVALUE('kadastralegemeentecode',$,IFCTEXT('951'),$);
#2407=IFCPROPERTYSINGLEVALUE('kadastralegemeentewaarde',$,IFCTEXT('Strijp'),$);
#2408=IFCPROPERTYSINGLEVALUE('sectie',$,IFCTEXT('C'),$);
#2409=IFCPROPERTYSINGLEVALUE('perceelnummer',$,IFCTEXT('6719'),$);
#2410=IFCPROPERTYSINGLEVALUE('akrkadastralegemeentecode',$,IFCTEXT('STR03'),$);
#2411=IFCPROPERTYSINGLEVALUE('kadastralegrootte',$,IFCTEXT('2633'),$);
#2412=IFCPROPERTYSINGLEVALUE('soortgrootte',$,IFCTEXT('Voorlopig'),$);
#2413=IFCPROPERTYSINGLEVALUE('perceelnummerrotatie',$,IFCTEXT('0.0'),$);
#2414=IFCPROPERTYSINGLEVALUE('perceelnummerverschuivingx',$,IFCTEXT('0.0'),$);
#2415=IFCPROPERTYSINGLEVALUE('perceelnummerverschuivingy',$,IFCTEXT('0.0'),$);
#2416=IFCPROPERTYSINGLEVALUE('plaatscoordinatenx',$,IFCTEXT('160111.742'),$);
#2417=IFCPROPERTYSINGLEVALUE('plaatscoordinateny',$,IFCTEXT('383935.128'),$);
#2418=IFCPROPERTYSINGLEVALUE('id',$,IFCTEXT('1'),$);
#2419=IFCPROPERTYSET('14$y2LOKvATw9AiPIF3eK_',#5,'CPset_BRK-Perceel',$,(#2397,#2398,#2399,#2400,#2401,#2402,#2403,#2404,#2405,#2406,#2407,#2408,#2409,#2410,#2411,#2412,#2413,#2414,#2415,#2416,#2417,#2418));
#2420=IFCRELDEFINESBYPROPERTIES('3ppRER5QfD7xYfji6rJUoj',#5,$,$,(#2395),#2419);
#2421=IFCCARTESIANPOINT((0.,0.,-0.1));
#2422=IFCDIRECTION((0.,0.,1.));
#2423=IFCDIRECTION((1.,0.,0.));
#2424=IFCAXIS2PLACEMENT3D(#2421,#2422,#2423);
#2425=IFCLOCALPLACEMENT(#37,#2424);
#2426=IFCCARTESIANPOINT((0.,0.,0.));
#2427=IFCDIRECTION((0.,0.,1.));
#2428=IFCDIRECTION((1.,0.,0.));
#2429=IFCAXIS2PLACEMENT3D(#2426,#2427,#2428);
#2430=IFCDIRECTION((0.,0.,1.));
#2431=IFCCARTESIANPOINT((-100.407884322543,269.831901588535));
#2432=IFCCARTESIANPOINT((-94.3360068462498,270.411849774944));
#2433=IFCCARTESIANPOINT((-85.1484276892443,271.19622163946));
#2434=IFCCARTESIANPOINT((-76.2797460265865,271.617565423541));
#2435=IFCCARTESIANPOINT((-69.1790642644046,271.754329958872));
#2436=IFCCARTESIANPOINT((-57.4717749843549,271.647420221299));
#2437=IFCCARTESIANPOINT((-49.4964300261636,271.379086877976));
#2438=IFCCARTESIANPOINT((-45.5209384555055,271.185539022379));
#2439=IFCCARTESIANPOINT((-43.9820042334904,271.080722696148));
#2440=IFCCARTESIANPOINT((-42.2441825103015,270.960486827476));
#2441=IFCCARTESIANPOINT((-21.3794721648155,268.963286268467));
#2442=IFCCARTESIANPOINT((11.990719953581,265.8993229841));
#2443=IFCCARTESIANPOINT((25.3711010586412,264.825915575202));
#2444=IFCCARTESIANPOINT((26.0437105733727,264.772582263162));
#2445=IFCCARTESIANPOINT((26.8541568620712,264.695967550972));
#2446=IFCCARTESIANPOINT((39.0318796150677,263.579970429826));
#2447=IFCCARTESIANPOINT((59.8354302570515,261.742508687137));
#2448=IFCCARTESIANPOINT((75.4599348287447,260.360603507899));
#2449=IFCCARTESIANPOINT((77.8489645954978,260.14503006509));
#2450=IFCCARTESIANPOINT((113.76005337949,230.397707544384));
#2451=IFCCARTESIANPOINT((32.2031948096992,237.57711547357));
#2452=IFCCARTESIANPOINT((24.6680040729407,238.293722459988));
#2453=IFCCARTESIANPOINT((-20.2190022734285,242.393683340633));
#2454=IFCCARTESIANPOINT((-33.0760240679665,243.573749239556));
#2455=IFCCARTESIANPOINT((-43.7733864866605,244.47502962529));
#2456=IFCCARTESIANPOINT((-53.0874504546518,244.947229126235));
#2457=IFCCARTESIANPOINT((-59.6016760148632,245.099890095356));
#2458=IFCCARTESIANPOINT((-65.1618715285149,245.114132595481));
#2459=IFCCARTESIANPOINT((-72.2308066818514,244.979638098564));
#2460=IFCCARTESIANPOINT((-80.5006188295956,244.632269338414));
#2461=IFCCARTESIANPOINT((-83.9741537506052,244.373657357646));
#2462=IFCCARTESIANPOINT((-90.6916871920112,243.824715231371));
#2463=IFCCARTESIANPOINT((-100.263375171606,242.865082385018));
#2464=IFCCARTESIANPOINT((-109.406415605074,241.477657204028));
#2465=IFCCARTESIANPOINT((-121.44563899684,239.385827816266));
#2466=IFCCARTESIANPOINT((-127.510321963549,237.966498119815));
#2467=IFCCARTESIANPOINT((-101.163441310928,269.772559644829));
#2468=IFCCARTESIANPOINT((-100.407884322543,269.831901588535));
#2469=IFCPOLYLINE((#2431,#2432,#2433,#2434,#2435,#2436,#2437,#2438,#2439,#2440,#2441,#2442,#2443,#2444,#2445,#2446,#2447,#2448,#2449,#2450,#2451,#2452,#2453,#2454,#2455,#2456,#2457,#2458,#2459,#2460,#2461,#2462,#2463,#2464,#2465,#2466,#2467,#2468));
#2470=IFCARBITRARYCLOSEDPROFILEDEF(.AREA.,$,#2469);
#2471=IFCEXTRUDEDAREASOLID(#2470,#2429,#2430,0.1);
#2472=IFCSHAPEREPRESENTATION(#11,'Body','SweptSolid',(#2471));
#2473=IFCPRODUCTDEFINITIONSHAPE($,$,(#2472));
#2474=IFCSLAB('2WLoOyDMb378lbCiVfDHcU',#5,'NL.IMKAD.KadastraalObject.46460551470000',$,$,#2425,#2473,$,.NOTDEFINED.);
#2475=IFCSTYLEDITEM(#2471,(#1388),$);
#2476=IFCPROPERTYSINGLEVALUE('objectid',$,IFCTEXT('3287805'),$);
#2477=IFCPROPERTYSINGLEVALUE('globalid',$,IFCTEXT('{B07BEB29-C69A-F657-7CB7-F89A5EFD2EFC}'),$);
#2478=IFCPROPERTYSINGLEVALUE('identificatie',$,IFCTEXT('NL.IMKAD.KadastraalObject.46460551470000'),$);
#2479=IFCPROPERTYSINGLEVALUE('namespace',$,IFCTEXT('NL.IMKAD.KadastraalObject'),$);
#2480=IFCPROPERTYSINGLEVALUE('lokaalid',$,IFCTEXT('46460551470000'),$);
#2481=IFCPROPERTYSINGLEVALUE('begingeldigheid',$,IFCTEXT('1267079410000'),$);
#2482=IFCPROPERTYSINGLEVALUE('tijdstipregistratie',$,IFCTEXT('1267079410000'),$);
#2483=IFCPROPERTYSINGLEVALUE('volgnummer',$,IFCTEXT('0'),$);
#2484=IFCPROPERTYSINGLEVALUE('statushistorie',$,IFCTEXT('G'),$);
#2485=IFCPROPERTYSINGLEVALUE('kadastralegemeentecode',$,IFCTEXT('1132'),$);
#2486=IFCPROPERTYSINGLEVALUE('kadastralegemeentewaarde',$,IFCTEXT('Woensel'),$);
#2487=IFCPROPERTYSINGLEVALUE('sectie',$,IFCTEXT('G'),$);
#2488=IFCPROPERTYSINGLEVALUE('perceelnummer',$,IFCTEXT('5514'),$);
#2489=IFCPROPERTYSINGLEVALUE('akrkadastralegemeentecode',$,IFCTEXT('WSL01'),$);
#2490=IFCPROPERTYSINGLEVALUE('kadastralegrootte',$,IFCTEXT('14603'),$);
#2491=IFCPROPERTYSINGLEVALUE('soortgrootte',$,IFCTEXT('Vastgesteld'),$);
#2492=IFCPROPERTYSINGLEVALUE('perceelnummerrotatie',$,IFCTEXT('0.0'),$);
#2493=IFCPROPERTYSINGLEVALUE('perceelnummerverschuivingx',$,IFCTEXT('0.0'),$);
#2494=IFCPROPERTYSINGLEVALUE('perceelnummerverschuivingy',$,IFCTEXT('0.0'),$);
#2495=IFCPROPERTYSINGLEVALUE('plaatscoordinatenx',$,IFCTEXT('160248.495'),$);
#2496=IFCPROPERTYSINGLEVALUE('plaatscoordinateny',$,IFCTEXT('384347.085'),$);
#2497=IFCPROPERTYSINGLEVALUE('id',$,IFCTEXT('1'),$);
#2498=IFCPROPERTYSET('2Bs$VuK7z7XPx7tom6SBv3',#5,'CPset_BRK-Perceel',$,(#2476,#2477,#2478,#2479,#2480,#2481,#2482,#2483,#2484,#2485,#2486,#2487,#2488,#2489,#2490,#2491,#2492,#2493,#2494,#2495,#2496,#2497));
#2499=IFCRELDEFINESBYPROPERTIES('257G_zR2z1IO2gxfqLOpmB',#5,$,$,(#2474),#2498);
#2500=IFCCARTESIANPOINT((0.,0.,-0.1));
#2501=IFCDIRECTION((0.,0.,1.));
#2502=IFCDIRECTION((1.,0.,0.));
#2503=IFCAXIS2PLACEMENT3D(#2500,#2501,#2502);
#2504=IFCLOCALPLACEMENT(#37,#2503);
#2505=IFCCARTESIANPOINT((0.,0.,0.));
#2506=IFCDIRECTION((0.,0.,1.));
#2507=IFCDIRECTION((1.,0.,0.));
#2508=IFCAXIS2PLACEMENT3D(#2505,#2506,#2507);
#2509=IFCDIRECTION((0.,0.,1.));
#2510=IFCCARTESIANPOINT((-180.491638842534,96.9899215034675));
#2511=IFCCARTESIANPOINT((-78.7719510366151,96.8715291787521));
#2512=IFCCARTESIANPOINT((19.8470694678836,96.6609182000393));
#2513=IFCCARTESIANPOINT((25.0464710259403,95.8145232380484));
#2514=IFCCARTESIANPOINT((-42.2442970903649,95.7459953687503));
#2515=IFCCARTESIANPOINT((-155.692492567905,95.6980031186249));
#2516=IFCCARTESIANPOINT((-167.461459116108,95.7053743521683));
#2517=IFCCARTESIANPOINT((-168.901883603045,95.7065141025232));
#2518=IFCCARTESIANPOINT((-227.71731463258,95.6722679455997));
#2519=IFCCARTESIANPOINT((-245.389672324032,95.6620667330571));
#2520=IFCCARTESIANPOINT((-244.342628535611,96.9260622547008));
#2521=IFCCARTESIANPOINT((-180.491638842534,96.9899215034675));
#2522=IFCPOLYLINE((#2510,#2511,#2512,#2513,#2514,#2515,#2516,#2517,#2518,#2519,#2520,#2521));
#2523=IFCARBITRARYCLOSEDPROFILEDEF(.AREA.,$,#2522);
#2524=IFCEXTRUDEDAREASOLID(#2523,#2508,#2509,0.1);
#2525=IFCSHAPEREPRESENTATION(#11,'Body','SweptSolid',(#2524));
#2526=IFCPRODUCTDEFINITIONSHAPE($,$,(#2525));
#2527=IFCSLAB('080zmGvpX7yQ1JuVXiZYnD',#5,'NL.IMKAD.KadastraalObject.45150506970000',$,$,#2504,#2526,$,.NOTDEFINED.);
#2528=IFCSTYLEDITEM(#2524,(#1388),$);
#2529=IFCPROPERTYSINGLEVALUE('objectid',$,IFCTEXT('3288922'),$);
#2530=IFCPROPERTYSINGLEVALUE('globalid',$,IFCTEXT('{52C6916F-21F9-B4C2-48A1-F57829737263}'),$);
#2531=IFCPROPERTYSINGLEVALUE('identificatie',$,IFCTEXT('NL.IMKAD.KadastraalObject.45150506970000'),$);
#2532=IFCPROPERTYSINGLEVALUE('namespace',$,IFCTEXT('NL.IMKAD.KadastraalObject'),$);
#2533=IFCPROPERTYSINGLEVALUE('lokaalid',$,IFCTEXT('45150506970000'),$);
#2534=IFCPROPERTYSINGLEVALUE('begingeldigheid',$,IFCTEXT('1310389979000'),$);
#2535=IFCPROPERTYSINGLEVALUE('tijdstipregistratie',$,IFCTEXT('1310389979000'),$);
#2536=IFCPROPERTYSINGLEVALUE('volgnummer',$,IFCTEXT('0'),$);
#2537=IFCPROPERTYSINGLEVALUE('statushistorie',$,IFCTEXT('G'),$);
#2538=IFCPROPERTYSINGLEVALUE('kadastralegemeentecode',$,IFCTEXT('951'),$);
#2539=IFCPROPERTYSINGLEVALUE('kadastralegemeentewaarde',$,IFCTEXT('Strijp'),$);
#2540=IFCPROPERTYSINGLEVALUE('sectie',$,IFCTEXT('C'),$);
#2541=IFCPROPERTYSINGLEVALUE('perceelnummer',$,IFCTEXT('5069'),$);
#2542=IFCPROPERTYSINGLEVALUE('akrkadastralegemeentecode',$,IFCTEXT('STR03'),$);
#2543=IFCPROPERTYSINGLEVALUE('kadastralegrootte',$,IFCTEXT('555'),$);
#2544=IFCPROPERTYSINGLEVALUE('soortgrootte',$,IFCTEXT('Vastgesteld'),$);
#2545=IFCPROPERTYSINGLEVALUE('perceelnummerrotatie',$,IFCTEXT('0.0'),$);
#2546=IFCPROPERTYSINGLEVALUE('perceelnummerverschuivingx',$,IFCTEXT('0.215'),$);
#2547=IFCPROPERTYSINGLEVALUE('perceelnummerverschuivingy',$,IFCTEXT('-17.123'),$);
#2548=IFCPROPERTYSINGLEVALUE('plaatscoordinatenx',$,IFCTEXT('160005.009'),$);
#2549=IFCPROPERTYSINGLEVALUE('plaatscoordinateny',$,IFCTEXT('384387.621'),$);
#2550=IFCPROPERTYSINGLEVALUE('id',$,IFCTEXT('1'),$);
#2551=IFCPROPERTYSET('0rFpnYFmf0le$TLQ6N7UJU',#5,'CPset_BRK-Perceel',$,(#2529,#2530,#2531,#2532,#2533,#2534,#2535,#2536,#2537,#2538,#2539,#2540,#2541,#2542,#2543,#2544,#2545,#2546,#2547,#2548,#2549,#2550));
#2552=IFCRELDEFINESBYPROPERTIES('3QNSg2pCPDGPmdsA795_Fk',#5,$,$,(#2527),#2551);
#2553=IFCCARTESIANPOINT((0.,0.,-0.1));
#2554=IFCDIRECTION((0.,0.,1.));
#2555=IFCDIRECTION((1.,0.,0.));
#2556=IFCAXIS2PLACEMENT3D(#2553,#2554,#2555);
#2557=IFCLOCALPLACEMENT(#37,#2556);
#2558=IFCCARTESIANPOINT((0.,0.,0.));
#2559=IFCDIRECTION((0.,0.,1.));
#2560=IFCDIRECTION((1.,0.,0.));
#2561=IFCAXIS2PLACEMENT3D(#2558,#2559,#2560);
#2562=IFCDIRECTION((0.,0.,1.));
#2563=IFCCARTESIANPOINT((-261.764450645103,75.4131172664347));
#2564=IFCCARTESIANPOINT((-246.116220625496,75.367224474554));
#2565=IFCCARTESIANPOINT((-243.150976501143,75.3586633583182));
#2566=IFCCARTESIANPOINT((-235.01604765738,75.3347108348389));
#2567=IFCCARTESIANPOINT((-235.010893084749,74.9317921949551));
#2568=IFCCARTESIANPOINT((-231.107652957697,74.9253505355446));
#2569=IFCCARTESIANPOINT((-231.103535378934,68.0423262685072));
#2570=IFCCARTESIANPOINT((-230.098304855317,68.0393940000213));
#2571=IFCCARTESIANPOINT((-230.076483567274,67.8901665518642));
#2572=IFCCARTESIANPOINT((-231.106794141961,67.8879035355058));
#2573=IFCCARTESIANPOINT((-231.106515605497,65.4866903184447));
#2574=IFCCARTESIANPOINT((-230.077613053698,65.4888211522484));
#2575=IFCCARTESIANPOINT((-230.106446234393,65.2361184671172));
#2576=IFCCARTESIANPOINT((-231.106418226002,65.2359933090047));
#2577=IFCCARTESIANPOINT((-231.102991680935,39.2651463405928));
#2578=IFCCARTESIANPOINT((-230.088939460489,39.2665932953241));
#2579=IFCCARTESIANPOINT((-230.090255792602,39.0612173804548));
#2580=IFCCARTESIANPOINT((-231.102899989695,39.0599026030977));
#2581=IFCCARTESIANPOINT((-231.102189889149,37.0777571747894));
#2582=IFCCARTESIANPOINT((-230.095815704932,37.0777731322451));
#2583=IFCCARTESIANPOINT((-230.09713203946,36.8723972145235));
#2584=IFCCARTESIANPOINT((-231.102759100293,36.8795535526006));
#2585=IFCCARTESIANPOINT((-231.111145902862,17.4046510469052));
#2586=IFCCARTESIANPOINT((-230.11040380827,17.4041382822325));
#2587=IFCCARTESIANPOINT((-230.087300988816,17.2109977651853));
#2588=IFCCARTESIANPOINT((-231.099439445679,17.2118611136684));
#2589=IFCCARTESIANPOINT((-231.09904579373,14.9455996867036));
#2590=IFCCARTESIANPOINT((-230.09152794609,14.9485638677725));
#2591=IFCCARTESIANPOINT((-230.12678629611,14.7037805991713));
#2592=IFCCARTESIANPOINT((-231.122160658095,14.707638129883));
#2593=IFCCARTESIANPOINT((-231.104118454357,7.48714815237327));
#2594=IFCCARTESIANPOINT((-234.712328986818,7.48293443996226));
#2595=IFCCARTESIANPOINT((-234.720728592802,4.98502742726123));
#2596=IFCCARTESIANPOINT((-295.845127205248,4.9740769379423));
#2597=IFCCARTESIANPOINT((-295.844771822478,4.24400853645056));
#2598=IFCCARTESIANPOINT((-310.485984051629,4.24523411109112));
#2599=IFCCARTESIANPOINT((-310.479167138838,4.97455538919894));
#2600=IFCCARTESIANPOINT((-320.503728739102,4.98407220205991));
#2601=IFCCARTESIANPOINT((-261.760911653895,75.8986400021822));
#2602=IFCCARTESIANPOINT((-261.764450645103,75.4131172664347));
#2603=IFCPOLYLINE((#2563,#2564,#2565,#2566,#2567,#2568,#2569,#2570,#2571,#2572,#2573,#2574,#2575,#2576,#2577,#2578,#2579,#2580,#2581,#2582,#2583,#2584,#2585,#2586,#2587,#2588,#2589,#2590,#2591,#2592,#2593,#2594,#2595,#2596,#2597,#2598,#2599,#2600,#2601,#2602));
#2604=IFCARBITRARYCLOSEDPROFILEDEF(.AREA.,$,#2603);
#2605=IFCEXTRUDEDAREASOLID(#2604,#2561,#2562,0.1);
#2606=IFCSHAPEREPRESENTATION(#11,'Body','SweptSolid',(#2605));
#2607=IFCPRODUCTDEFINITIONSHAPE($,$,(#2606));
#2608=IFCSLAB('3_W9doENb2LOof1Ok8ARaX',#5,'NL.IMKAD.KadastraalObject.45150574170000',$,$,#2557,#2607,$,.NOTDEFINED.);
#2609=IFCSTYLEDITEM(#2605,(#1388),$);
#2610=IFCPROPERTYSINGLEVALUE('objectid',$,IFCTEXT('3290539'),$);
#2611=IFCPROPERTYSINGLEVALUE('globalid',$,IFCTEXT('{C9770644-A12C-2ED5-B1F3-B289A98C1B83}'),$);
#2612=IFCPROPERTYSINGLEVALUE('identificatie',$,IFCTEXT('NL.IMKAD.KadastraalObject.45150574170000'),$);
#2613=IFCPROPERTYSINGLEVALUE('namespace',$,IFCTEXT('NL.IMKAD.KadastraalObject'),$);
#2614=IFCPROPERTYSINGLEVALUE('lokaalid',$,IFCTEXT('45150574170000'),$);
#2615=IFCPROPERTYSINGLEVALUE('begingeldigheid',$,IFCTEXT('1759822278000'),$);
#2616=IFCPROPERTYSINGLEVALUE('tijdstipregistratie',$,IFCTEXT('1759822278000'),$);
#2617=IFCPROPERTYSINGLEVALUE('volgnummer',$,IFCTEXT('0'),$);
#2618=IFCPROPERTYSINGLEVALUE('statushistorie',$,IFCTEXT('G'),$);
#2619=IFCPROPERTYSINGLEVALUE('kadastralegemeentecode',$,IFCTEXT('951'),$);
#2620=IFCPROPERTYSINGLEVALUE('kadastralegemeentewaarde',$,IFCTEXT('Strijp'),$);
#2621=IFCPROPERTYSINGLEVALUE('sectie',$,IFCTEXT('C'),$);
#2622=IFCPROPERTYSINGLEVALUE('perceelnummer',$,IFCTEXT('5741'),$);
#2623=IFCPROPERTYSINGLEVALUE('akrkadastralegemeentecode',$,IFCTEXT('STR03'),$);
#2624=IFCPROPERTYSINGLEVALUE('kadastralegrootte',$,IFCTEXT('10147'),$);
#2625=IFCPROPERTYSINGLEVALUE('soortgrootte',$,IFCTEXT('Vastgesteld'),$);
#2626=IFCPROPERTYSINGLEVALUE('perceelnummerrotatie',$,IFCTEXT('0.0'),$);
#2627=IFCPROPERTYSINGLEVALUE('perceelnummerverschuivingx',$,IFCTEXT('0.0'),$);
#2628=IFCPROPERTYSINGLEVALUE('perceelnummerverschuivingy',$,IFCTEXT('0.0'),$);
#2629=IFCPROPERTYSINGLEVALUE('plaatscoordinatenx',$,IFCTEXT('159901.286'),$);
#2630=IFCPROPERTYSINGLEVALUE('plaatscoordinateny',$,IFCTEXT('384424.867'),$);
#2631=IFCPROPERTYSINGLEVALUE('id',$,IFCTEXT('1'),$);
#2632=IFCPROPERTYSET('0eVfuOROD4_BPQ04$tCS0r',#5,'CPset_BRK-Perceel',$,(#2610,#2611,#2612,#2613,#2614,#2615,#2616,#2617,#2618,#2619,#2620,#2621,#2622,#2623,#2624,#2625,#2626,#2627,#2628,#2629,#2630,#2631));
#2633=IFCRELDEFINESBYPROPERTIES('1uMD028f55kxeOE0A9q0zH',#5,$,$,(#2608),#2632);
#2634=IFCCARTESIANPOINT((0.,0.,-0.1));
#2635=IFCDIRECTION((0.,0.,1.));
#2636=IFCDIRECTION((1.,0.,0.));
#2637=IFCAXIS2PLACEMENT3D(#2634,#2635,#2636);
#2638=IFCLOCALPLACEMENT(#37,#2637);
#2639=IFCCARTESIANPOINT((0.,0.,0.));
#2640=IFCDIRECTION((0.,0.,1.));
#2641=IFCDIRECTION((1.,0.,0.));
#2642=IFCAXIS2PLACEMENT3D(#2639,#2640,#2641);
#2643=IFCDIRECTION((0.,0.,1.));
#2644=IFCCARTESIANPOINT((75.4599348287447,260.360603507899));
#2645=IFCCARTESIANPOINT((75.0447923884203,260.462964417122));
#2646=IFCCARTESIANPOINT((74.6525002316048,260.632100055285));
#2647=IFCCARTESIANPOINT((74.2920352164365,260.863171414763));
#2648=IFCCARTESIANPOINT((73.9740465798823,261.148655608122));
#2649=IFCCARTESIANPOINT((73.7068732591288,261.48294353293));
#2650=IFCCARTESIANPOINT((73.4978427042079,261.856069821282));
#2651=IFCCARTESIANPOINT((73.3514663234237,262.257804756227));
#2652=IFCCARTESIANPOINT((73.2736635490728,262.67805078777));
#2653=IFCCARTESIANPOINT((73.2640837917279,263.105411558354));
#2654=IFCCARTESIANPOINT((73.2994203137059,263.913692215341));
#2655=IFCCARTESIANPOINT((77.8489645954978,260.14503006509));
#2656=IFCCARTESIANPOINT((75.4599348287447,260.360603507899));
#2657=IFCPOLYLINE((#2644,#2645,#2646,#2647,#2648,#2649,#2650,#2651,#2652,#2653,#2654,#2655,#2656));
#2658=IFCARBITRARYCLOSEDPROFILEDEF(.AREA.,$,#2657);
#2659=IFCEXTRUDEDAREASOLID(#2658,#2642,#2643,0.1);
#2660=IFCSHAPEREPRESENTATION(#11,'Body','SweptSolid',(#2659));
#2661=IFCPRODUCTDEFINITIONSHAPE($,$,(#2660));
#2662=IFCSLAB('2qtsPGl8X7sQf3aw5g$pD2',#5,'NL.IMKAD.KadastraalObject.46460286670000',$,$,#2638,#2661,$,.NOTDEFINED.);
#2663=IFCSTYLEDITEM(#2659,(#1388),$);
#2664=IFCPROPERTYSINGLEVALUE('objectid',$,IFCTEXT('3295179'),$);
#2665=IFCPROPERTYSINGLEVALUE('globalid',$,IFCTEXT('{BACE6741-C313-1871-483F-6B46B7261733}'),$);
#2666=IFCPROPERTYSINGLEVALUE('identificatie',$,IFCTEXT('NL.IMKAD.KadastraalObject.46460286670000'),$);
#2667=IFCPROPERTYSINGLEVALUE('namespace',$,IFCTEXT('NL.IMKAD.KadastraalObject'),$);
#2668=IFCPROPERTYSINGLEVALUE('lokaalid',$,IFCTEXT('46460286670000'),$);
#2669=IFCPROPERTYSINGLEVALUE('begingeldigheid',$,IFCTEXT('1148288614000'),$);
#2670=IFCPROPERTYSINGLEVALUE('tijdstipregistratie',$,IFCTEXT('1148288614000'),$);
#2671=IFCPROPERTYSINGLEVALUE('volgnummer',$,IFCTEXT('0'),$);
#2672=IFCPROPERTYSINGLEVALUE('statushistorie',$,IFCTEXT('G'),$);
#2673=IFCPROPERTYSINGLEVALUE('kadastralegemeentecode',$,IFCTEXT('1132'),$);
#2674=IFCPROPERTYSINGLEVALUE('kadastralegemeentewaarde',$,IFCTEXT('Woensel'),$);
#2675=IFCPROPERTYSINGLEVALUE('sectie',$,IFCTEXT('G'),$);
#2676=IFCPROPERTYSINGLEVALUE('perceelnummer',$,IFCTEXT('2866'),$);
#2677=IFCPROPERTYSINGLEVALUE('akrkadastralegemeentecode',$,IFCTEXT('WSL01'),$);
#2678=IFCPROPERTYSINGLEVALUE('kadastralegrootte',$,IFCTEXT('740'),$);
#2679=IFCPROPERTYSINGLEVALUE('soortgrootte',$,IFCTEXT('Vastgesteld'),$);
#2680=IFCPROPERTYSINGLEVALUE('perceelnummerrotatie',$,IFCTEXT('0.0'),$);
#2681=IFCPROPERTYSINGLEVALUE('perceelnummerverschuivingx',$,IFCTEXT('0.0'),$);
#2682=IFCPROPERTYSINGLEVALUE('perceelnummerverschuivingy',$,IFCTEXT('0.0'),$);
#2683=IFCPROPERTYSINGLEVALUE('plaatscoordinatenx',$,IFCTEXT('160333.347'),$);
#2684=IFCPROPERTYSINGLEVALUE('plaatscoordinateny',$,IFCTEXT('384252.202'),$);
#2685=IFCPROPERTYSINGLEVALUE('id',$,IFCTEXT('1'),$);
#2686=IFCPROPERTYSET('2sV4Fg1fb15v2SdNb5iqrm',#5,'CPset_BRK-Perceel',$,(#2664,#2665,#2666,#2667,#2668,#2669,#2670,#2671,#2672,#2673,#2674,#2675,#2676,#2677,#2678,#2679,#2680,#2681,#2682,#2683,#2684,#2685));
#2687=IFCRELDEFINESBYPROPERTIES('2x5rKl7dD5TOkoGXR5dQXM',#5,$,$,(#2662),#2686);
#2688=IFCCARTESIANPOINT((0.,0.,-0.1));
#2689=IFCDIRECTION((0.,0.,1.));
#2690=IFCDIRECTION((1.,0.,0.));
#2691=IFCAXIS2PLACEMENT3D(#2688,#2689,#2690);
#2692=IFCLOCALPLACEMENT(#37,#2691);
#2693=IFCCARTESIANPOINT((0.,0.,0.));
#2694=IFCDIRECTION((0.,0.,1.));
#2695=IFCDIRECTION((1.,0.,0.));
#2696=IFCAXIS2PLACEMENT3D(#2693,#2694,#2695);
#2697=IFCDIRECTION((0.,0.,1.));
#2698=IFCCARTESIANPOINT((25.4796146480658,285.867010480317));
#2699=IFCCARTESIANPOINT((25.1250228824501,285.929601854645));
#2700=IFCCARTESIANPOINT((24.7861320814991,286.051904865308));
#2701=IFCCARTESIANPOINT((24.4738328697567,286.231390805566));
#2702=IFCCARTESIANPOINT((24.1965963626571,286.461042539042));
#2703=IFCCARTESIANPOINT((23.962761495437,286.735250955273));
#2704=IFCCARTESIANPOINT((23.7801614613563,287.046228809806));
#2705=IFCCARTESIANPOINT((23.6526697429072,287.382976285124));
#2706=IFCCARTESIANPOINT((23.5860735946335,287.736803859822));
#2707=IFCCARTESIANPOINT((23.5844874328759,287.753700134403));
#2708=IFCCARTESIANPOINT((23.5827690937731,287.772004432394));
#2709=IFCCARTESIANPOINT((22.886982005497,292.482887291408));
#2710=IFCCARTESIANPOINT((19.6291972488107,308.371977645613));
#2711=IFCCARTESIANPOINT((46.4456460760848,286.158294375695));
#2712=IFCCARTESIANPOINT((25.4796146480658,285.867010480317));
#2713=IFCPOLYLINE((#2698,#2699,#2700,#2701,#2702,#2703,#2704,#2705,#2706,#2707,#2708,#2709,#2710,#2711,#2712));
#2714=IFCARBITRARYCLOSEDPROFILEDEF(.AREA.,$,#2713);
#2715=IFCEXTRUDEDAREASOLID(#2714,#2696,#2697,0.1);
#2716=IFCSHAPEREPRESENTATION(#11,'Body','SweptSolid',(#2715));
#2717=IFCPRODUCTDEFINITIONSHAPE($,$,(#2716));
#2718=IFCSLAB('3xr88Sc4f88fpEO87r$ixI',#5,'NL.IMKAD.KadastraalObject.46460286970000',$,$,#2692,#2717,$,.NOTDEFINED.);
#2719=IFCSTYLEDITEM(#2715,(#1388),$);
#2720=IFCPROPERTYSINGLEVALUE('objectid',$,IFCTEXT('3295182'),$);
#2721=IFCPROPERTYSINGLEVALUE('globalid',$,IFCTEXT('{07A473DF-5C6C-C066-3837-A101AA080FD9}'),$);
#2722=IFCPROPERTYSINGLEVALUE('identificatie',$,IFCTEXT('NL.IMKAD.KadastraalObject.46460286970000'),$);
#2723=IFCPROPERTYSINGLEVALUE('namespace',$,IFCTEXT('NL.IMKAD.KadastraalObject'),$);
#2724=IFCPROPERTYSINGLEVALUE('lokaalid',$,IFCTEXT('46460286970000'),$);
#2725=IFCPROPERTYSINGLEVALUE('begingeldigheid',$,IFCTEXT('1148288614000'),$);
#2726=IFCPROPERTYSINGLEVALUE('tijdstipregistratie',$,IFCTEXT('1148288614000'),$);
#2727=IFCPROPERTYSINGLEVALUE('volgnummer',$,IFCTEXT('0'),$);
#2728=IFCPROPERTYSINGLEVALUE('statushistorie',$,IFCTEXT('G'),$);
#2729=IFCPROPERTYSINGLEVALUE('kadastralegemeentecode',$,IFCTEXT('1132'),$);
#2730=IFCPROPERTYSINGLEVALUE('kadastralegemeentewaarde',$,IFCTEXT('Woensel'),$);
#2731=IFCPROPERTYSINGLEVALUE('sectie',$,IFCTEXT('G'),$);
#2732=IFCPROPERTYSINGLEVALUE('perceelnummer',$,IFCTEXT('2869'),$);
#2733=IFCPROPERTYSINGLEVALUE('akrkadastralegemeentecode',$,IFCTEXT('WSL01'),$);
#2734=IFCPROPERTYSINGLEVALUE('kadastralegrootte',$,IFCTEXT('2915'),$);
#2735=IFCPROPERTYSINGLEVALUE('soortgrootte',$,IFCTEXT('Vastgesteld'),$);
#2736=IFCPROPERTYSINGLEVALUE('perceelnummerrotatie',$,IFCTEXT('0.0'),$);
#2737=IFCPROPERTYSINGLEVALUE('perceelnummerverschuivingx',$,IFCTEXT('0.0'),$);
#2738=IFCPROPERTYSINGLEVALUE('perceelnummerverschuivingy',$,IFCTEXT('0.0'),$);
#2739=IFCPROPERTYSINGLEVALUE('plaatscoordinatenx',$,IFCTEXT('160341.254'),$);
#2740=IFCPROPERTYSINGLEVALUE('plaatscoordinateny',$,IFCTEXT('384337.514'),$);
#2741=IFCPROPERTYSINGLEVALUE('id',$,IFCTEXT('1'),$);
#2742=IFCPROPERTYSET('3gHg2XwKrCvhWyK2pFWBUB',#5,'CPset_BRK-Perceel',$,(#2720,#2721,#2722,#2723,#2724,#2725,#2726,#2727,#2728,#2729,#2730,#2731,#2732,#2733,#2734,#2735,#2736,#2737,#2738,#2739,#2740,#2741));
#2743=IFCRELDEFINESBYPROPERTIES('0NHEHAStf79h9CHPbbDl64',#5,$,$,(#2718),#2742);
#2744=IFCCARTESIANPOINT((0.,0.,-0.1));
#2745=IFCDIRECTION((0.,0.,1.));
#2746=IFCDIRECTION((1.,0.,0.));
#2747=IFCAXIS2PLACEMENT3D(#2744,#2745,#2746);
#2748=IFCLOCALPLACEMENT(#37,#2747);
#2749=IFCCARTESIANPOINT((0.,0.,0.));
#2750=IFCDIRECTION((0.,0.,1.));
#2751=IFCDIRECTION((1.,0.,0.));
#2752=IFCAXIS2PLACEMENT3D(#2749,#2750,#2751);
#2753=IFCDIRECTION((0.,0.,1.));
#2754=IFCCARTESIANPOINT((22.886982005497,292.482887291408));
#2755=IFCCARTESIANPOINT((23.5827690937731,287.772004432394));
#2756=IFCCARTESIANPOINT((23.5844874328759,287.753700134403));
#2757=IFCCARTESIANPOINT((23.5860735946335,287.736803859822));
#2758=IFCCARTESIANPOINT((24.2702603173675,280.78907289746));
#2759=IFCCARTESIANPOINT((24.4751433376223,277.343164028542));
#2760=IFCCARTESIANPOINT((24.511253348348,273.947461438947));
#2761=IFCCARTESIANPOINT((24.3097463808372,265.888192493818));
#2762=IFCCARTESIANPOINT((24.4264739691862,265.598018974299));
#2763=IFCCARTESIANPOINT((24.5986834336363,265.337201221962));
#2764=IFCCARTESIANPOINT((24.8198174327554,265.115066677157));
#2765=IFCCARTESIANPOINT((25.0810082980897,264.942856544396));
#2766=IFCCARTESIANPOINT((25.3711010586412,264.825915575202));
#2767=IFCCARTESIANPOINT((11.990719953581,265.8993229841));
#2768=IFCCARTESIANPOINT((12.3800700196589,266.03388348344));
#2769=IFCCARTESIANPOINT((12.7363000333426,266.241327876516));
#2770=IFCCARTESIANPOINT((13.046760770696,266.512656333856));
#2771=IFCCARTESIANPOINT((13.2989351806755,266.837460991635));
#2772=IFCCARTESIANPOINT((13.4845302862523,267.205730533984));
#2773=IFCCARTESIANPOINT((13.5964197505382,267.602591653063));
#2774=IFCCARTESIANPOINT((13.6310633801622,268.012797482661));
#2775=IFCCARTESIANPOINT((14.3954952750937,278.571604889759));
#2776=IFCCARTESIANPOINT((5.93405409451225,319.716491392639));
#2777=IFCCARTESIANPOINT((19.6291972488107,308.371977645613));
#2778=IFCCARTESIANPOINT((22.886982005497,292.482887291408));
#2779=IFCPOLYLINE((#2754,#2755,#2756,#2757,#2758,#2759,#2760,#2761,#2762,#2763,#2764,#2765,#2766,#2767,#2768,#2769,#2770,#2771,#2772,#2773,#2774,#2775,#2776,#2777,#2778));
#2780=IFCARBITRARYCLOSEDPROFILEDEF(.AREA.,$,#2779);
#2781=IFCEXTRUDEDAREASOLID(#2780,#2752,#2753,0.1);
#2782=IFCSHAPEREPRESENTATION(#11,'Body','SweptSolid',(#2781));
#2783=IFCPRODUCTDEFINITIONSHAPE($,$,(#2782));
#2784=IFCSLAB('3fEnGvA0DAER94NPVbhjIK',#5,'NL.IMKAD.KadastraalObject.46460287270000',$,$,#2748,#2783,$,.NOTDEFINED.);
#2785=IFCSTYLEDITEM(#2781,(#1388),$);
#2786=IFCPROPERTYSINGLEVALUE('objectid',$,IFCTEXT('3295185'),$);
#2787=IFCPROPERTYSINGLEVALUE('globalid',$,IFCTEXT('{3ADDAAD5-FC93-B3B5-4EE6-D4C05C9BB545}'),$);
#2788=IFCPROPERTYSINGLEVALUE('identificatie',$,IFCTEXT('NL.IMKAD.KadastraalObject.46460287270000'),$);
#2789=IFCPROPERTYSINGLEVALUE('namespace',$,IFCTEXT('NL.IMKAD.KadastraalObject'),$);
#2790=IFCPROPERTYSINGLEVALUE('lokaalid',$,IFCTEXT('46460287270000'),$);
#2791=IFCPROPERTYSINGLEVALUE('begingeldigheid',$,IFCTEXT('1148288614000'),$);
#2792=IFCPROPERTYSINGLEVALUE('tijdstipregistratie',$,IFCTEXT('1148288614000'),$);
#2793=IFCPROPERTYSINGLEVALUE('volgnummer',$,IFCTEXT('0'),$);
#2794=IFCPROPERTYSINGLEVALUE('statushistorie',$,IFCTEXT('G'),$);
#2795=IFCPROPERTYSINGLEVALUE('kadastralegemeentecode',$,IFCTEXT('1132'),$);
#2796=IFCPROPERTYSINGLEVALUE('kadastralegemeentewaarde',$,IFCTEXT('Woensel'),$);
#2797=IFCPROPERTYSINGLEVALUE('sectie',$,IFCTEXT('G'),$);
#2798=IFCPROPERTYSINGLEVALUE('perceelnummer',$,IFCTEXT('2872'),$);
#2799=IFCPROPERTYSINGLEVALUE('akrkadastralegemeentecode',$,IFCTEXT('WSL01'),$);
#2800=IFCPROPERTYSINGLEVALUE('kadastralegrootte',$,IFCTEXT('925'),$);
#2801=IFCPROPERTYSINGLEVALUE('soortgrootte',$,IFCTEXT('Vastgesteld'),$);
#2802=IFCPROPERTYSINGLEVALUE('perceelnummerrotatie',$,IFCTEXT('-51.3'),$);
#2803=IFCPROPERTYSINGLEVALUE('perceelnummerverschuivingx',$,IFCTEXT('0.0'),$);
#2804=IFCPROPERTYSINGLEVALUE('perceelnummerverschuivingy',$,IFCTEXT('0.0'),$);
#2805=IFCPROPERTYSINGLEVALUE('plaatscoordinatenx',$,IFCTEXT('160322.773'),$);
#2806=IFCPROPERTYSINGLEVALUE('plaatscoordinateny',$,IFCTEXT('384352.246'),$);
#2807=IFCPROPERTYSINGLEVALUE('id',$,IFCTEXT('1'),$);
#2808=IFCPROPERTYSET('217FEEHvvEGATHkbc26hhX',#5,'CPset_BRK-Perceel',$,(#2786,#2787,#2788,#2789,#2790,#2791,#2792,#2793,#2794,#2795,#2796,#2797,#2798,#2799,#2800,#2801,#2802,#2803,#2804,#2805,#2806,#2807));
#2809=IFCRELDEFINESBYPROPERTIES('2OydHq2C12uRxmqiZeInGk',#5,$,$,(#2784),#2808);
#2810=IFCCARTESIANPOINT((0.,0.,-0.1));
#2811=IFCDIRECTION((0.,0.,1.));
#2812=IFCDIRECTION((1.,0.,0.));
#2813=IFCAXIS2PLACEMENT3D(#2810,#2811,#2812);
#2814=IFCLOCALPLACEMENT(#37,#2813);
#2815=IFCCARTESIANPOINT((0.,0.,0.));
#2816=IFCDIRECTION((0.,0.,1.));
#2817=IFCDIRECTION((1.,0.,0.));
#2818=IFCAXIS2PLACEMENT3D(#2815,#2816,#2817);
#2819=IFCDIRECTION((0.,0.,1.));
#2820=IFCCARTESIANPOINT((14.3954952750937,278.571604889759));
#2821=IFCCARTESIANPOINT((13.6310633801622,268.012797482661));
#2822=IFCCARTESIANPOINT((13.5964197505382,267.602591653063));
#2823=IFCCARTESIANPOINT((13.4845302862523,267.205730533984));
#2824=IFCCARTESIANPOINT((13.2989351806755,266.837460991635));
#2825=IFCCARTESIANPOINT((13.046760770696,266.512656333856));
#2826=IFCCARTESIANPOINT((12.7363000333426,266.241327876516));
#2827=IFCCARTESIANPOINT((12.3800700196589,266.03388348344));
#2828=IFCCARTESIANPOINT((11.990719953581,265.8993229841));
#2829=IFCCARTESIANPOINT((-21.3794721648155,268.963286268467));
#2830=IFCCARTESIANPOINT((-23.048788996035,269.299466755299));
#2831=IFCCARTESIANPOINT((-23.5129305842274,269.432028377254));
#2832=IFCCARTESIANPOINT((-23.9484805986576,269.638295642915));
#2833=IFCCARTESIANPOINT((-24.3450541573402,269.913561716792));
#2834=IFCCARTESIANPOINT((-24.6899560786842,270.251206007379));
#2835=IFCCARTESIANPOINT((-24.9757267223031,270.639855127316));
#2836=IFCCARTESIANPOINT((-25.1923547801271,271.071216096054));
#2837=IFCCARTESIANPOINT((-25.3357023988792,271.531473045645));
#2838=IFCCARTESIANPOINT((-39.4704791483528,340.059951331408));
#2839=IFCCARTESIANPOINT((-39.5146848003496,340.462755082408));
#2840=IFCCARTESIANPOINT((-39.4895007923187,340.867811577686));
#2841=IFCCARTESIANPOINT((-39.3973236464954,341.262822178018));
#2842=IFCCARTESIANPOINT((-39.2385039543442,341.63639051764));
#2843=IFCCARTESIANPOINT((-39.0191565642599,341.977999538358));
#2844=IFCCARTESIANPOINT((-38.7446262348967,342.27649426047));
#2845=IFCCARTESIANPOINT((-38.4242404052929,342.525317326945));
#2846=IFCCARTESIANPOINT((-38.0656541297503,342.715227525041));
#2847=IFCCARTESIANPOINT((-37.6806373361906,342.842989291647));
#2848=IFCCARTESIANPOINT((-37.2792875643645,342.902683195367));
#2849=IFCCARTESIANPOINT((-25.2289937695896,345.530725016084));
#2850=IFCCARTESIANPOINT((5.93405409451225,319.716491392639));
#2851=IFCCARTESIANPOINT((14.3954952750937,278.571604889759));
#2852=IFCPOLYLINE((#2820,#2821,#2822,#2823,#2824,#2825,#2826,#2827,#2828,#2829,#2830,#2831,#2832,#2833,#2834,#2835,#2836,#2837,#2838,#2839,#2840,#2841,#2842,#2843,#2844,#2845,#2846,#2847,#2848,#2849,#2850,#2851));
#2853=IFCARBITRARYCLOSEDPROFILEDEF(.AREA.,$,#2852);
#2854=IFCEXTRUDEDAREASOLID(#2853,#2818,#2819,0.1);
#2855=IFCSHAPEREPRESENTATION(#11,'Body','SweptSolid',(#2854));
#2856=IFCPRODUCTDEFINITIONSHAPE($,$,(#2855));
#2857=IFCSLAB('0ObeQ4RKP6uguZqXc6lnD6',#5,'NL.IMKAD.KadastraalObject.46460287370000',$,$,#2814,#2856,$,.NOTDEFINED.);
#2858=IFCSTYLEDITEM(#2854,(#1388),$);
#2859=IFCPROPERTYSINGLEVALUE('objectid',$,IFCTEXT('3295186'),$);
#2860=IFCPROPERTYSINGLEVALUE('globalid',$,IFCTEXT('{7451D748-A3FF-423B-742B-DE31B86FAD5C}'),$);
#2861=IFCPROPERTYSINGLEVALUE('identificatie',$,IFCTEXT('NL.IMKAD.KadastraalObject.46460287370000'),$);
#2862=IFCPROPERTYSINGLEVALUE('namespace',$,IFCTEXT('NL.IMKAD.KadastraalObject'),$);
#2863=IFCPROPERTYSINGLEVALUE('lokaalid',$,IFCTEXT('46460287370000'),$);
#2864=IFCPROPERTYSINGLEVALUE('begingeldigheid',$,IFCTEXT('1148288614000'),$);
#2865=IFCPROPERTYSINGLEVALUE('tijdstipregistratie',$,IFCTEXT('1148288614000'),$);
#2866=IFCPROPERTYSINGLEVALUE('volgnummer',$,IFCTEXT('0'),$);
#2867=IFCPROPERTYSINGLEVALUE('statushistorie',$,IFCTEXT('G'),$);
#2868=IFCPROPERTYSINGLEVALUE('kadastralegemeentecode',$,IFCTEXT('1132'),$);
#2869=IFCPROPERTYSINGLEVALUE('kadastralegemeentewaarde',$,IFCTEXT('Woensel'),$);
#2870=IFCPROPERTYSINGLEVALUE('sectie',$,IFCTEXT('G'),$);
#2871=IFCPROPERTYSINGLEVALUE('perceelnummer',$,IFCTEXT('2873'),$);
#2872=IFCPROPERTYSINGLEVALUE('akrkadastralegemeentecode',$,IFCTEXT('WSL01'),$);
#2873=IFCPROPERTYSINGLEVALUE('kadastralegrootte',$,IFCTEXT('3206'),$);
#2874=IFCPROPERTYSINGLEVALUE('soortgrootte',$,IFCTEXT('Vastgesteld'),$);
#2875=IFCPROPERTYSINGLEVALUE('perceelnummerrotatie',$,IFCTEXT('0.0'),$);
#2876=IFCPROPERTYSINGLEVALUE('perceelnummerverschuivingx',$,IFCTEXT('0.0'),$);
#2877=IFCPROPERTYSINGLEVALUE('perceelnummerverschuivingy',$,IFCTEXT('0.0'),$);
#2878=IFCPROPERTYSINGLEVALUE('plaatscoordinatenx',$,IFCTEXT('160300.303'),$);
#2879=IFCPROPERTYSINGLEVALUE('plaatscoordinateny',$,IFCTEXT('384367.947'),$);
#2880=IFCPROPERTYSINGLEVALUE('id',$,IFCTEXT('1'),$);
#2881=IFCPROPERTYSET('1RqaGkSc98RPGTOI8ZORrj',#5,'CPset_BRK-Perceel',$,(#2859,#2860,#2861,#2862,#2863,#2864,#2865,#2866,#2867,#2868,#2869,#2870,#2871,#2872,#2873,#2874,#2875,#2876,#2877,#2878,#2879,#2880));
#2882=IFCRELDEFINESBYPROPERTIES('2GLbMLt0D4nQJQfveJ5rF1',#5,$,$,(#2857),#2881);
#2883=IFCCARTESIANPOINT((0.,0.,-0.1));
#2884=IFCDIRECTION((0.,0.,1.));
#2885=IFCDIRECTION((1.,0.,0.));
#2886=IFCAXIS2PLACEMENT3D(#2883,#2884,#2885);
#2887=IFCLOCALPLACEMENT(#37,#2886);
#2888=IFCCARTESIANPOINT((0.,0.,0.));
#2889=IFCDIRECTION((0.,0.,1.));
#2890=IFCDIRECTION((1.,0.,0.));
#2891=IFCAXIS2PLACEMENT3D(#2888,#2889,#2890);
#2892=IFCDIRECTION((0.,0.,1.));
#2893=IFCCARTESIANPOINT((-37.2792875643645,342.902683195367));
#2894=IFCCARTESIANPOINT((-37.6806373361906,342.842989291647));
#2895=IFCCARTESIANPOINT((-38.0656541297503,342.715227525041));
#2896=IFCCARTESIANPOINT((-38.4242404052929,342.525317326945));
#2897=IFCCARTESIANPOINT((-38.7446262348967,342.27649426047));
#2898=IFCCARTESIANPOINT((-39.0191565642599,341.977999538358));
#2899=IFCCARTESIANPOINT((-39.2385039543442,341.63639051764));
#2900=IFCCARTESIANPOINT((-39.3973236464954,341.262822178018));
#2901=IFCCARTESIANPOINT((-39.4895007923187,340.867811577686));
#2902=IFCCARTESIANPOINT((-39.5146848003496,340.462755082408));
#2903=IFCCARTESIANPOINT((-39.4704791483528,340.059951331408));
#2904=IFCCARTESIANPOINT((-25.3357023988792,271.531473045645));
#2905=IFCCARTESIANPOINT((-25.1923547801271,271.071216096054));
#2906=IFCCARTESIANPOINT((-24.9757267223031,270.639855127316));
#2907=IFCCARTESIANPOINT((-24.6899560786842,270.251206007379));
#2908=IFCCARTESIANPOINT((-24.3450541573402,269.913561716792));
#2909=IFCCARTESIANPOINT((-23.9484805986576,269.638295642915));
#2910=IFCCARTESIANPOINT((-23.5129305842274,269.432028377254));
#2911=IFCCARTESIANPOINT((-23.048788996035,269.299466755299));
#2912=IFCCARTESIANPOINT((-21.3794721648155,268.963286268467));
#2913=IFCCARTESIANPOINT((-42.2441825103015,270.960486827476));
#2914=IFCCARTESIANPOINT((-40.7247704288166,271.267893603886));
#2915=IFCCARTESIANPOINT((-40.4116144484433,271.449987897708));
#2916=IFCCARTESIANPOINT((-40.1344578115095,271.682679103862));
#2917=IFCCARTESIANPOINT((-39.8996797257278,271.958266204863));
#2918=IFCCARTESIANPOINT((-39.7151996133907,272.270324036304));
#2919=IFCCARTESIANPOINT((-39.5871323329338,272.608335533703));
#2920=IFCCARTESIANPOINT((-39.5175008455117,272.963588198822));
#2921=IFCCARTESIANPOINT((-39.5081959382223,273.32596151263));
#2922=IFCCARTESIANPOINT((-39.5609762174718,273.683926930127));
#2923=IFCCARTESIANPOINT((-39.5942167594621,278.41084316239));
#2924=IFCCARTESIANPOINT((-39.7653010072245,286.732004813559));
#2925=IFCCARTESIANPOINT((-41.8985854724015,297.412244948733));
#2926=IFCCARTESIANPOINT((-49.1559150384564,332.556256970973));
#2927=IFCCARTESIANPOINT((-33.0451102338557,352.005286083266));
#2928=IFCCARTESIANPOINT((-25.2289937695896,345.530725016084));
#2929=IFCCARTESIANPOINT((-37.2792875643645,342.902683195367));
#2930=IFCPOLYLINE((#2893,#2894,#2895,#2896,#2897,#2898,#2899,#2900,#2901,#2902,#2903,#2904,#2905,#2906,#2907,#2908,#2909,#2910,#2911,#2912,#2913,#2914,#2915,#2916,#2917,#2918,#2919,#2920,#2921,#2922,#2923,#2924,#2925,#2926,#2927,#2928,#2929));
#2931=IFCARBITRARYCLOSEDPROFILEDEF(.AREA.,$,#2930);
#2932=IFCEXTRUDEDAREASOLID(#2931,#2891,#2892,0.1);
#2933=IFCSHAPEREPRESENTATION(#11,'Body','SweptSolid',(#2932));
#2934=IFCPRODUCTDEFINITIONSHAPE($,$,(#2933));
#2935=IFCSLAB('1AlVkka7964OvEMzzgFlX6',#5,'NL.IMKAD.KadastraalObject.46460287470000',$,$,#2887,#2934,$,.NOTDEFINED.);
#2936=IFCSTYLEDITEM(#2932,(#1388),$);
#2937=IFCPROPERTYSINGLEVALUE('objectid',$,IFCTEXT('3295187'),$);
#2938=IFCPROPERTYSINGLEVALUE('globalid',$,IFCTEXT('{B48DE2BC-A1D5-1EC8-43D7-4CD3B14578C3}'),$);
#2939=IFCPROPERTYSINGLEVALUE('identificatie',$,IFCTEXT('NL.IMKAD.KadastraalObject.46460287470000'),$);
#2940=IFCPROPERTYSINGLEVALUE('namespace',$,IFCTEXT('NL.IMKAD.KadastraalObject'),$);
#2941=IFCPROPERTYSINGLEVALUE('lokaalid',$,IFCTEXT('46460287470000'),$);
#2942=IFCPROPERTYSINGLEVALUE('begingeldigheid',$,IFCTEXT('1155296283000'),$);
#2943=IFCPROPERTYSINGLEVALUE('tijdstipregistratie',$,IFCTEXT('1155296283000'),$);
#2944=IFCPROPERTYSINGLEVALUE('volgnummer',$,IFCTEXT('0'),$);
#2945=IFCPROPERTYSINGLEVALUE('statushistorie',$,IFCTEXT('G'),$);
#2946=IFCPROPERTYSINGLEVALUE('kadastralegemeentecode',$,IFCTEXT('1132'),$);
#2947=IFCPROPERTYSINGLEVALUE('kadastralegemeentewaarde',$,IFCTEXT('Woensel'),$);
#2948=IFCPROPERTYSINGLEVALUE('sectie',$,IFCTEXT('G'),$);
#2949=IFCPROPERTYSINGLEVALUE('perceelnummer',$,IFCTEXT('2874'),$);
#2950=IFCPROPERTYSINGLEVALUE('akrkadastralegemeentecode',$,IFCTEXT('WSL01'),$);
#2951=IFCPROPERTYSINGLEVALUE('kadastralegrootte',$,IFCTEXT('1265'),$);
#2952=IFCPROPERTYSINGLEVALUE('soortgrootte',$,IFCTEXT('Vastgesteld'),$);
#2953=IFCPROPERTYSINGLEVALUE('perceelnummerrotatie',$,IFCTEXT('0.0'),$);
#2954=IFCPROPERTYSINGLEVALUE('perceelnummerverschuivingx',$,IFCTEXT('0.0'),$);
#2955=IFCPROPERTYSINGLEVALUE('perceelnummerverschuivingy',$,IFCTEXT('0.0'),$);
#2956=IFCPROPERTYSINGLEVALUE('plaatscoordinatenx',$,IFCTEXT('160310.512'),$);
#2957=IFCPROPERTYSINGLEVALUE('plaatscoordinateny',$,IFCTEXT('384409.747'),$);
#2958=IFCPROPERTYSINGLEVALUE('id',$,IFCTEXT('1'),$);
#2959=IFCPROPERTYSET('3XsXT3AsbFQxzaPuxTIai9',#5,'CPset_BRK-Perceel',$,(#2937,#2938,#2939,#2940,#2941,#2942,#2943,#2944,#2945,#2946,#2947,#2948,#2949,#2950,#2951,#2952,#2953,#2954,#2955,#2956,#2957,#2958));
#2960=IFCRELDEFINESBYPROPERTIES('2g$AS6BdH2$uYG2IXopan6',#5,$,$,(#2935),#2959);
#2961=IFCCARTESIANPOINT((0.,0.,-0.1));
#2962=IFCDIRECTION((0.,0.,1.));
#2963=IFCDIRECTION((1.,0.,0.));
#2964=IFCAXIS2PLACEMENT3D(#2961,#2962,#2963);
#2965=IFCLOCALPLACEMENT(#37,#2964);
#2966=IFCCARTESIANPOINT((0.,0.,0.));
#2967=IFCDIRECTION((0.,0.,1.));
#2968=IFCDIRECTION((1.,0.,0.));
#2969=IFCAXIS2PLACEMENT3D(#2966,#2967,#2968);
#2970=IFCDIRECTION((0.,0.,1.));
#2971=IFCCARTESIANPOINT((228.290826045355,94.9316000807448));
#2972=IFCCARTESIANPOINT((228.987412436574,95.0843495416921));
#2973=IFCCARTESIANPOINT((229.664453265927,95.3091265753028));
#2974=IFCCARTESIANPOINT((230.314270500618,95.6045001767925));
#2975=IFCCARTESIANPOINT((230.929450456082,95.9662233043928));
#2976=IFCCARTESIANPOINT((231.501809364418,96.3906868281192));
#2977=IFCCARTESIANPOINT((232.026749587938,96.8739080608357));
#2978=IFCCARTESIANPOINT((232.497759733029,97.409594015975));
#2979=IFCCARTESIANPOINT((232.910374355357,97.9923539793235));
#2980=IFCCARTESIANPOINT((233.258214230969,98.6144869375275));
#2981=IFCCARTESIANPOINT((233.538221938215,99.2707343642251));
#2982=IFCCARTESIANPOINT((233.747604410193,99.9530216812855));
#2983=IFCCARTESIANPOINT((233.884338678123,100.652636387094));
#2984=IFCCARTESIANPOINT((233.946137417428,101.363682037394));
#2985=IFCCARTESIANPOINT((234.723888549488,96.558932808286));
#2986=IFCCARTESIANPOINT((231.38608948249,93.7271677448298));
#2987=IFCCARTESIANPOINT((211.358081047161,93.6431487335358));
#2988=IFCCARTESIANPOINT((199.158569807507,93.5916364286677));
#2989=IFCCARTESIANPOINT((179.98955294161,93.5115530379117));
#2990=IFCCARTESIANPOINT((169.844369859231,93.4710781589965));
#2991=IFCCARTESIANPOINT((164.520928995131,93.437234939076));
#2992=IFCCARTESIANPOINT((164.498602184904,93.7582871379564));
#2993=IFCCARTESIANPOINT((164.480541048077,95.1535859575379));
#2994=IFCCARTESIANPOINT((227.581469845405,94.8543551382027));
#2995=IFCCARTESIANPOINT((228.290826045355,94.9316000807448));
#2996=IFCPOLYLINE((#2971,#2972,#2973,#2974,#2975,#2976,#2977,#2978,#2979,#2980,#2981,#2982,#2983,#2984,#2985,#2986,#2987,#2988,#2989,#2990,#2991,#2992,#2993,#2994,#2995));
#2997=IFCARBITRARYCLOSEDPROFILEDEF(.AREA.,$,#2996);
#2998=IFCEXTRUDEDAREASOLID(#2997,#2969,#2970,0.1);
#2999=IFCSHAPEREPRESENTATION(#11,'Body','SweptSolid',(#2998));
#3000=IFCPRODUCTDEFINITIONSHAPE($,$,(#2999));
#3001=IFCSLAB('27uZW6E5TAEQOggizeWqqo',#5,'NL.IMKAD.KadastraalObject.45150507170000',$,$,#2965,#3000,$,.NOTDEFINED.);
#3002=IFCSTYLEDITEM(#2998,(#1388),$);
#3003=IFCPROPERTYSINGLEVALUE('objectid',$,IFCTEXT('3300332'),$);
#3004=IFCPROPERTYSINGLEVALUE('globalid',$,IFCTEXT('{1EA49A5C-9867-6745-3E0F-BFA5DC88F152}'),$);
#3005=IFCPROPERTYSINGLEVALUE('identificatie',$,IFCTEXT('NL.IMKAD.KadastraalObject.45150507170000'),$);
#3006=IFCPROPERTYSINGLEVALUE('namespace',$,IFCTEXT('NL.IMKAD.KadastraalObject'),$);
#3007=IFCPROPERTYSINGLEVALUE('lokaalid',$,IFCTEXT('45150507170000'),$);
#3008=IFCPROPERTYSINGLEVALUE('begingeldigheid',$,IFCTEXT('1608628039000'),$);
#3009=IFCPROPERTYSINGLEVALUE('tijdstipregistratie',$,IFCTEXT('1608628039000'),$);
#3010=IFCPROPERTYSINGLEVALUE('volgnummer',$,IFCTEXT('0'),$);
#3011=IFCPROPERTYSINGLEVALUE('statushistorie',$,IFCTEXT('G'),$);
#3012=IFCPROPERTYSINGLEVALUE('kadastralegemeentecode',$,IFCTEXT('951'),$);
#3013=IFCPROPERTYSINGLEVALUE('kadastralegemeentewaarde',$,IFCTEXT('Strijp'),$);
#3014=IFCPROPERTYSINGLEVALUE('sectie',$,IFCTEXT('C'),$);
#3015=IFCPROPERTYSINGLEVALUE('perceelnummer',$,IFCTEXT('5071'),$);
#3016=IFCPROPERTYSINGLEVALUE('akrkadastralegemeentecode',$,IFCTEXT('STR03'),$);
#3017=IFCPROPERTYSINGLEVALUE('kadastralegrootte',$,IFCTEXT('105'),$);
#3018=IFCPROPERTYSINGLEVALUE('soortgrootte',$,IFCTEXT('Vastgesteld'),$);
#3019=IFCPROPERTYSINGLEVALUE('perceelnummerrotatie',$,IFCTEXT('0.0'),$);
#3020=IFCPROPERTYSINGLEVALUE('perceelnummerverschuivingx',$,IFCTEXT('-2.568'),$);
#3021=IFCPROPERTYSINGLEVALUE('perceelnummerverschuivingy',$,IFCTEXT('-13.056'),$);
#3022=IFCPROPERTYSINGLEVALUE('plaatscoordinatenx',$,IFCTEXT('160277.23'),$);
#3023=IFCPROPERTYSINGLEVALUE('plaatscoordinateny',$,IFCTEXT('384056.169'),$);
#3024=IFCPROPERTYSINGLEVALUE('id',$,IFCTEXT('1'),$);
#3025=IFCPROPERTYSET('2294enACf8_gUWPlKEwfp7',#5,'CPset_BRK-Perceel',$,(#3003,#3004,#3005,#3006,#3007,#3008,#3009,#3010,#3011,#3012,#3013,#3014,#3015,#3016,#3017,#3018,#3019,#3020,#3021,#3022,#3023,#3024));
#3026=IFCRELDEFINESBYPROPERTIES('3EONACuXX129QjnlVgUJ2o',#5,$,$,(#3001),#3025);
#3027=IFCCARTESIANPOINT((0.,0.,-0.1));
#3028=IFCDIRECTION((0.,0.,1.));
#3029=IFCDIRECTION((1.,0.,0.));
#3030=IFCAXIS2PLACEMENT3D(#3027,#3028,#3029);
#3031=IFCLOCALPLACEMENT(#37,#3030);
#3032=IFCCARTESIANPOINT((0.,0.,0.));
#3033=IFCDIRECTION((0.,0.,1.));
#3034=IFCDIRECTION((1.,0.,0.));
#3035=IFCAXIS2PLACEMENT3D(#3032,#3033,#3034);
#3036=IFCDIRECTION((0.,0.,1.));
#3037=IFCCARTESIANPOINT((9.63619016067241,9.62918462656671));
#3038=IFCCARTESIANPOINT((9.63512085509137,18.3484026991646));
#3039=IFCCARTESIANPOINT((6.38525499132811,18.3551021433668));
#3040=IFCCARTESIANPOINT((6.38120234987582,44.5822782113682));
#3041=IFCCARTESIANPOINT((9.6307578945416,44.5940152500989));
#3042=IFCCARTESIANPOINT((9.59835301045678,55.6518729031668));
#3043=IFCCARTESIANPOINT((32.12865337517,55.6732173400815));
#3044=IFCCARTESIANPOINT((32.1286131076049,55.6433844972053));
#3045=IFCCARTESIANPOINT((35.5287006114377,55.6252195368288));
#3046=IFCCARTESIANPOINT((35.5479842122295,21.4358243652387));
#3047=IFCCARTESIANPOINT((32.1486265432613,21.4235185652506));
#3048=IFCCARTESIANPOINT((32.1546803326055,9.61746065522311));
#3049=IFCCARTESIANPOINT((9.63619016067241,9.62918462656671));
#3050=IFCPOLYLINE((#3037,#3038,#3039,#3040,#3041,#3042,#3043,#3044,#3045,#3046,#3047,#3048,#3049));
#3051=IFCARBITRARYCLOSEDPROFILEDEF(.AREA.,$,#3050);
#3052=IFCEXTRUDEDAREASOLID(#3051,#3035,#3036,0.1);
#3053=IFCSHAPEREPRESENTATION(#11,'Body','SweptSolid',(#3052));
#3054=IFCPRODUCTDEFINITIONSHAPE($,$,(#3053));
#3055=IFCSLAB('16c9qyxO19z8$TchJVfyXe',#5,'NL.IMKAD.KadastraalObject.45150623070000',$,$,#3031,#3054,$,.NOTDEFINED.);
#3056=IFCSTYLEDITEM(#3052,(#1388),$);
#3057=IFCPROPERTYSINGLEVALUE('objectid',$,IFCTEXT('3300712'),$);
#3058=IFCPROPERTYSINGLEVALUE('globalid',$,IFCTEXT('{A1F2924F-C6C0-03CC-6F41-D0B8AD27168A}'),$);
#3059=IFCPROPERTYSINGLEVALUE('identificatie',$,IFCTEXT('NL.IMKAD.KadastraalObject.45150623070000'),$);
#3060=IFCPROPERTYSINGLEVALUE('namespace',$,IFCTEXT('NL.IMKAD.KadastraalObject'),$);
#3061=IFCPROPERTYSINGLEVALUE('lokaalid',$,IFCTEXT('45150623070000'),$);
#3062=IFCPROPERTYSINGLEVALUE('begingeldigheid',$,IFCTEXT('1754990192000'),$);
#3063=IFCPROPERTYSINGLEVALUE('tijdstipregistratie',$,IFCTEXT('1754990192000'),$);
#3064=IFCPROPERTYSINGLEVALUE('volgnummer',$,IFCTEXT('0'),$);
#3065=IFCPROPERTYSINGLEVALUE('statushistorie',$,IFCTEXT('G'),$);
#3066=IFCPROPERTYSINGLEVALUE('kadastralegemeentecode',$,IFCTEXT('951'),$);
#3067=IFCPROPERTYSINGLEVALUE('kadastralegemeentewaarde',$,IFCTEXT('Strijp'),$);
#3068=IFCPROPERTYSINGLEVALUE('sectie',$,IFCTEXT('C'),$);
#3069=IFCPROPERTYSINGLEVALUE('perceelnummer',$,IFCTEXT('6230'),$);
#3070=IFCPROPERTYSINGLEVALUE('akrkadastralegemeentecode',$,IFCTEXT('STR03'),$);
#3071=IFCPROPERTYSINGLEVALUE('kadastralegrootte',$,IFCTEXT('1240'),$);
#3072=IFCPROPERTYSINGLEVALUE('soortgrootte',$,IFCTEXT('Vastgesteld'),$);
#3073=IFCPROPERTYSINGLEVALUE('perceelnummerrotatie',$,IFCTEXT('0.0'),$);
#3074=IFCPROPERTYSINGLEVALUE('perceelnummerverschuivingx',$,IFCTEXT('0.0'),$);
#3075=IFCPROPERTYSINGLEVALUE('perceelnummerverschuivingy',$,IFCTEXT('0.0'),$);
#3076=IFCPROPERTYSINGLEVALUE('plaatscoordinatenx',$,IFCTEXT('160110.778'),$);
#3077=IFCPROPERTYSINGLEVALUE('plaatscoordinateny',$,IFCTEXT('384161.43'),$);
#3078=IFCPROPERTYSINGLEVALUE('id',$,IFCTEXT('1'),$);
#3079=IFCPROPERTYSET('1p8X$wqo114AiThF6lFHvK',#5,'CPset_BRK-Perceel',$,(#3057,#3058,#3059,#3060,#3061,#3062,#3063,#3064,#3065,#3066,#3067,#3068,#3069,#3070,#3071,#3072,#3073,#3074,#3075,#3076,#3077,#3078));
#3080=IFCRELDEFINESBYPROPERTIES('2x8WOSzOHBxu2V2kl5j4O7',#5,$,$,(#3055),#3079);
#3081=IFCCARTESIANPOINT((0.,0.,-0.1));
#3082=IFCDIRECTION((0.,0.,1.));
#3083=IFCDIRECTION((1.,0.,0.));
#3084=IFCAXIS2PLACEMENT3D(#3081,#3082,#3083);
#3085=IFCLOCALPLACEMENT(#37,#3084);
#3086=IFCCARTESIANPOINT((0.,0.,0.));
#3087=IFCDIRECTION((0.,0.,1.));
#3088=IFCDIRECTION((1.,0.,0.));
#3089=IFCAXIS2PLACEMENT3D(#3086,#3087,#3088);
#3090=IFCDIRECTION((0.,0.,1.));
#3091=IFCCARTESIANPOINT((98.5127090608294,57.6835821137065));
#3092=IFCCARTESIANPOINT((43.2443689039792,57.6691184565425));
#3093=IFCCARTESIANPOINT((9.69437697317335,57.6551730317879));
#3094=IFCCARTESIANPOINT((9.69218600410386,61.0980931858066));
#3095=IFCCARTESIANPOINT((8.66928910528077,61.1000772182015));
#3096=IFCCARTESIANPOINT((8.66783330510953,68.6885955787147));
#3097=IFCCARTESIANPOINT((9.68932218107511,68.6864793637651));
#3098=IFCCARTESIANPOINT((9.68300545561942,86.1088985478855));
#3099=IFCCARTESIANPOINT((140.017393392773,86.2087476814631));
#3100=IFCCARTESIANPOINT((140.019466138707,57.695201323193));
#3101=IFCCARTESIANPOINT((98.5127090608294,57.6835821137065));
#3102=IFCPOLYLINE((#3091,#3092,#3093,#3094,#3095,#3096,#3097,#3098,#3099,#3100,#3101));
#3103=IFCARBITRARYCLOSEDPROFILEDEF(.AREA.,$,#3102);
#3104=IFCEXTRUDEDAREASOLID(#3103,#3089,#3090,0.1);
#3105=IFCSHAPEREPRESENTATION(#11,'Body','SweptSolid',(#3104));
#3106=IFCPRODUCTDEFINITIONSHAPE($,$,(#3105));
#3107=IFCSLAB('0XHMfwDG53zBnXDxzKNfMe',#5,'NL.IMKAD.KadastraalObject.45150637870000',$,$,#3085,#3106,$,.NOTDEFINED.);
#3108=IFCSTYLEDITEM(#3104,(#1388),$);
#3109=IFCPROPERTYSINGLEVALUE('objectid',$,IFCTEXT('3300722'),$);
#3110=IFCPROPERTYSINGLEVALUE('globalid',$,IFCTEXT('{D2C0E220-B73C-F64A-45AC-3F3AC1EE7C55}'),$);
#3111=IFCPROPERTYSINGLEVALUE('identificatie',$,IFCTEXT('NL.IMKAD.KadastraalObject.45150637870000'),$);
#3112=IFCPROPERTYSINGLEVALUE('namespace',$,IFCTEXT('NL.IMKAD.KadastraalObject'),$);
#3113=IFCPROPERTYSINGLEVALUE('lokaalid',$,IFCTEXT('45150637870000'),$);
#3114=IFCPROPERTYSINGLEVALUE('begingeldigheid',$,IFCTEXT('1754990192000'),$);
#3115=IFCPROPERTYSINGLEVALUE('tijdstipregistratie',$,IFCTEXT('1754990192000'),$);
#3116=IFCPROPERTYSINGLEVALUE('volgnummer',$,IFCTEXT('0'),$);
#3117=IFCPROPERTYSINGLEVALUE('statushistorie',$,IFCTEXT('G'),$);
#3118=IFCPROPERTYSINGLEVALUE('kadastralegemeentecode',$,IFCTEXT('951'),$);
#3119=IFCPROPERTYSINGLEVALUE('kadastralegemeentewaarde',$,IFCTEXT('Strijp'),$);
#3120=IFCPROPERTYSINGLEVALUE('sectie',$,IFCTEXT('C'),$);
#3121=IFCPROPERTYSINGLEVALUE('perceelnummer',$,IFCTEXT('6378'),$);
#3122=IFCPROPERTYSINGLEVALUE('akrkadastralegemeentecode',$,IFCTEXT('STR03'),$);
#3123=IFCPROPERTYSINGLEVALUE('kadastralegrootte',$,IFCTEXT('3720'),$);
#3124=IFCPROPERTYSINGLEVALUE('soortgrootte',$,IFCTEXT('Vastgesteld'),$);
#3125=IFCPROPERTYSINGLEVALUE('perceelnummerrotatie',$,IFCTEXT('0.0'),$);
#3126=IFCPROPERTYSINGLEVALUE('perceelnummerverschuivingx',$,IFCTEXT('0.0'),$);
#3127=IFCPROPERTYSINGLEVALUE('perceelnummerverschuivingy',$,IFCTEXT('0.0'),$);
#3128=IFCPROPERTYSINGLEVALUE('plaatscoordinatenx',$,IFCTEXT('160174.798'),$);
#3129=IFCPROPERTYSINGLEVALUE('plaatscoordinateny',$,IFCTEXT('384144.731'),$);
#3130=IFCPROPERTYSINGLEVALUE('id',$,IFCTEXT('1'),$);
#3131=IFCPROPERTYSET('0y4IOhNFv6sQS4tm2fO8Ng',#5,'CPset_BRK-Perceel',$,(#3109,#3110,#3111,#3112,#3113,#3114,#3115,#3116,#3117,#3118,#3119,#3120,#3121,#3122,#3123,#3124,#3125,#3126,#3127,#3128,#3129,#3130));
#3132=IFCRELDEFINESBYPROPERTIES('0JVL6bcav0fuSs7KCHX0iG',#5,$,$,(#3107),#3131);
#3133=IFCCARTESIANPOINT((0.,0.,-0.1));
#3134=IFCDIRECTION((0.,0.,1.));
#3135=IFCDIRECTION((1.,0.,0.));
#3136=IFCAXIS2PLACEMENT3D(#3133,#3134,#3135);
#3137=IFCLOCALPLACEMENT(#37,#3136);
#3138=IFCCARTESIANPOINT((0.,0.,0.));
#3139=IFCDIRECTION((0.,0.,1.));
#3140=IFCDIRECTION((1.,0.,0.));
#3141=IFCAXIS2PLACEMENT3D(#3138,#3139,#3140);
#3142=IFCDIRECTION((0.,0.,1.));
#3143=IFCCARTESIANPOINT((42.6071838326461,-234.976139763545));
#3144=IFCCARTESIANPOINT((37.7298142230429,-222.951257409353));
#3145=IFCCARTESIANPOINT((41.4875702069548,-221.423086298222));
#3146=IFCCARTESIANPOINT((41.7311984355911,-221.370386327966));
#3147=IFCCARTESIANPOINT((41.9775794637681,-221.339444627578));
#3148=IFCCARTESIANPOINT((42.2259431904822,-221.329623266181));
#3149=IFCCARTESIANPOINT((42.4748815933417,-221.34105443157));
#3150=IFCCARTESIANPOINT((42.7209407050686,-221.374772578536));
#3151=IFCCARTESIANPOINT((42.9639883460768,-221.429369686521));
#3152=IFCCARTESIANPOINT((43.201208467799,-221.505110118364));
#3153=IFCCARTESIANPOINT((43.4310608722444,-221.600718030299));
#3154=IFCCARTESIANPOINT((43.6513674332236,-221.715687676973));
#3155=IFCCARTESIANPOINT((43.8607201248815,-221.850151238614));
#3156=IFCCARTESIANPOINT((44.0582166703534,-222.002062776592));
#3157=IFCCARTESIANPOINT((44.2423168636742,-222.170146445336));
#3158=IFCCARTESIANPOINT((43.7864529624931,-220.499190695293));
#3159=IFCCARTESIANPOINT((41.4086319912749,-214.567682168388));
#3160=IFCCARTESIANPOINT((39.3936773613386,-209.596411119797));
#3161=IFCCARTESIANPOINT((39.420135881548,-210.233831661579));
#3162=IFCCARTESIANPOINT((39.4649619440897,-210.847511237429));
#3163=IFCCARTESIANPOINT((39.4524326297687,-211.463024046388));
#3164=IFCCARTESIANPOINT((39.3840651644859,-212.073835710529));
#3165=IFCCARTESIANPOINT((39.2595951831318,-212.677130184078));
#3166=IFCCARTESIANPOINT((39.0811778380594,-213.265602998843));
#3167=IFCCARTESIANPOINT((38.849186686537,-213.835668000858));
#3168=IFCCARTESIANPOINT((38.6007074026566,-214.328446900647));
#3169=IFCCARTESIANPOINT((38.3102920605743,-214.798174404132));
#3170=IFCCARTESIANPOINT((37.9803601618332,-215.240362085227));
#3171=IFCCARTESIANPOINT((37.6303137134237,-215.634722938761));
#3172=IFCCARTESIANPOINT((37.249704595306,-215.998572766199));
#3173=IFCCARTESIANPOINT((36.8398086396919,-216.330371360236));
#3174=IFCCARTESIANPOINT((36.4590632026375,-215.429339778551));
#3175=IFCCARTESIANPOINT((26.0468650703551,-190.209070570185));
#3176=IFCCARTESIANPOINT((16.0641412510886,-166.045767209842));
#3177=IFCCARTESIANPOINT((58.9596409059886,-142.637110878306));
#3178=IFCCARTESIANPOINT((94.3958931484958,-229.405613993236));
#3179=IFCCARTESIANPOINT((47.6340375631989,-248.502589467156));
#3180=IFCCARTESIANPOINT((44.5460927353997,-240.733656353434));
#3181=IFCCARTESIANPOINT((42.6071838326461,-234.976139763545));
#3182=IFCPOLYLINE((#3143,#3144,#3145,#3146,#3147,#3148,#3149,#3150,#3151,#3152,#3153,#3154,#3155,#3156,#3157,#3158,#3159,#3160,#3161,#3162,#3163,#3164,#3165,#3166,#3167,#3168,#3169,#3170,#3171,#3172,#3173,#3174,#3175,#3176,#3177,#3178,#3179,#3180,#3181));
#3183=IFCARBITRARYCLOSEDPROFILEDEF(.AREA.,$,#3182);
#3184=IFCEXTRUDEDAREASOLID(#3183,#3141,#3142,0.1);
#3185=IFCSHAPEREPRESENTATION(#11,'Body','SweptSolid',(#3184));
#3186=IFCPRODUCTDEFINITIONSHAPE($,$,(#3185));
#3187=IFCSLAB('3jRoNfGTv6jhGtDTHst1Xa',#5,'NL.IMKAD.KadastraalObject.45150669970000',$,$,#3137,#3186,$,.NOTDEFINED.);
#3188=IFCSTYLEDITEM(#3184,(#1388),$);
#3189=IFCPROPERTYSINGLEVALUE('objectid',$,IFCTEXT('3234668'),$);
#3190=IFCPROPERTYSINGLEVALUE('globalid',$,IFCTEXT('{6436FF2C-24A0-4661-AD16-2952ADB5F8EA}'),$);
#3191=IFCPROPERTYSINGLEVALUE('identificatie',$,IFCTEXT('NL.IMKAD.KadastraalObject.45150669970000'),$);
#3192=IFCPROPERTYSINGLEVALUE('namespace',$,IFCTEXT('NL.IMKAD.KadastraalObject'),$);
#3193=IFCPROPERTYSINGLEVALUE('lokaalid',$,IFCTEXT('45150669970000'),$);
#3194=IFCPROPERTYSINGLEVALUE('begingeldigheid',$,IFCTEXT('1732640323000'),$);
#3195=IFCPROPERTYSINGLEVALUE('tijdstipregistratie',$,IFCTEXT('1732640323000'),$);
#3196=IFCPROPERTYSINGLEVALUE('volgnummer',$,IFCTEXT('0'),$);
#3197=IFCPROPERTYSINGLEVALUE('statushistorie',$,IFCTEXT('G'),$);
#3198=IFCPROPERTYSINGLEVALUE('kadastralegemeentecode',$,IFCTEXT('951'),$);
#3199=IFCPROPERTYSINGLEVALUE('kadastralegemeentewaarde',$,IFCTEXT('Strijp'),$);
#3200=IFCPROPERTYSINGLEVALUE('sectie',$,IFCTEXT('C'),$);
#3201=IFCPROPERTYSINGLEVALUE('perceelnummer',$,IFCTEXT('6699'),$);
#3202=IFCPROPERTYSINGLEVALUE('akrkadastralegemeentecode',$,IFCTEXT('STR03'),$);
#3203=IFCPROPERTYSINGLEVALUE('kadastralegrootte',$,IFCTEXT('4415'),$);
#3204=IFCPROPERTYSINGLEVALUE('soortgrootte',$,IFCTEXT('Voorlopig'),$);
#3205=IFCPROPERTYSINGLEVALUE('perceelnummerrotatie',$,IFCTEXT('0.0'),$);
#3206=IFCPROPERTYSINGLEVALUE('perceelnummerverschuivingx',$,IFCTEXT('0.0'),$);
#3207=IFCPROPERTYSINGLEVALUE('perceelnummerverschuivingy',$,IFCTEXT('0.0'),$);
#3208=IFCPROPERTYSINGLEVALUE('plaatscoordinatenx',$,IFCTEXT('159955.301'),$);
#3209=IFCPROPERTYSINGLEVALUE('plaatscoordinateny',$,IFCTEXT('383988.648'),$);
#3210=IFCPROPERTYSINGLEVALUE('id',$,IFCTEXT('1'),$);
#3211=IFCPROPERTYSET('19dqZbXHr1$Rbz_WWpRVzJ',#5,'CPset_BRK-Perceel',$,(#3189,#3190,#3191,#3192,#3193,#3194,#3195,#3196,#3197,#3198,#3199,#3200,#3201,#3202,#3203,#3204,#3205,#3206,#3207,#3208,#3209,#3210));
#3212=IFCRELDEFINESBYPROPERTIES('31sTiFaJH0Aw_RyE7GPVvZ',#5,$,$,(#3187),#3211);
#3213=IFCCARTESIANPOINT((0.,0.,-0.1));
#3214=IFCDIRECTION((0.,0.,1.));
#3215=IFCDIRECTION((1.,0.,0.));
#3216=IFCAXIS2PLACEMENT3D(#3213,#3214,#3215);
#3217=IFCLOCALPLACEMENT(#37,#3216);
#3218=IFCCARTESIANPOINT((0.,0.,0.));
#3219=IFCDIRECTION((0.,0.,1.));
#3220=IFCDIRECTION((1.,0.,0.));
#3221=IFCAXIS2PLACEMENT3D(#3218,#3219,#3220);
#3222=IFCDIRECTION((0.,0.,1.));
#3223=IFCCARTESIANPOINT((280.2469881711,-42.2788382302388));
#3224=IFCCARTESIANPOINT((279.417956250079,-37.4952380103059));
#3225=IFCCARTESIANPOINT((278.320080398349,-30.9826430134126));
#3226=IFCCARTESIANPOINT((276.890746714111,-22.7398290375713));
#3227=IFCCARTESIANPOINT((287.670758873428,-8.8232220565551));
#3228=IFCCARTESIANPOINT((296.101323503273,2.2947444866877));
#3229=IFCCARTESIANPOINT((305.090488720918,13.9005126062548));
#3230=IFCCARTESIANPOINT((313.965566177067,22.8102449364378));
#3231=IFCCARTESIANPOINT((323.802226776461,32.7569646578631));
#3232=IFCCARTESIANPOINT((330.522900269862,39.5063848393038));
#3233=IFCCARTESIANPOINT((334.701595411025,43.8361011022353));
#3234=IFCCARTESIANPOINT((336.831707230565,45.6139915100066));
#3235=IFCCARTESIANPOINT((352.005594710499,33.0445445775404));
#3236=IFCCARTESIANPOINT((281.871480586327,-51.6216433572699));
#3237=IFCCARTESIANPOINT((280.2469881711,-42.2788382302388));
#3238=IFCPOLYLINE((#3223,#3224,#3225,#3226,#3227,#3228,#3229,#3230,#3231,#3232,#3233,#3234,#3235,#3236,#3237));
#3239=IFCARBITRARYCLOSEDPROFILEDEF(.AREA.,$,#3238);
#3240=IFCEXTRUDEDAREASOLID(#3239,#3221,#3222,0.1);
#3241=IFCSHAPEREPRESENTATION(#11,'Body','SweptSolid',(#3240));
#3242=IFCPRODUCTDEFINITIONSHAPE($,$,(#3241));
#3243=IFCSLAB('2NXSBh6tr3KvLwCOUlzsEA',#5,'NL.IMKAD.KadastraalObject.45150647070000',$,$,#3217,#3242,$,.NOTDEFINED.);
#3244=IFCSTYLEDITEM(#3240,(#1388),$);
#3245=IFCPROPERTYSINGLEVALUE('objectid',$,IFCTEXT('3248188'),$);
#3246=IFCPROPERTYSINGLEVALUE('globalid',$,IFCTEXT('{9148FC2A-C07B-1C74-DD34-988D919A411D}'),$);
#3247=IFCPROPERTYSINGLEVALUE('identificatie',$,IFCTEXT('NL.IMKAD.KadastraalObject.45150647070000'),$);
#3248=IFCPROPERTYSINGLEVALUE('namespace',$,IFCTEXT('NL.IMKAD.KadastraalObject'),$);
#3249=IFCPROPERTYSINGLEVALUE('lokaalid',$,IFCTEXT('45150647070000'),$);
#3250=IFCPROPERTYSINGLEVALUE('begingeldigheid',$,IFCTEXT('1623758885000'),$);
#3251=IFCPROPERTYSINGLEVALUE('tijdstipregistratie',$,IFCTEXT('1623758885000'),$);
#3252=IFCPROPERTYSINGLEVALUE('volgnummer',$,IFCTEXT('0'),$);
#3253=IFCPROPERTYSINGLEVALUE('statushistorie',$,IFCTEXT('G'),$);
#3254=IFCPROPERTYSINGLEVALUE('kadastralegemeentecode',$,IFCTEXT('951'),$);
#3255=IFCPROPERTYSINGLEVALUE('kadastralegemeentewaarde',$,IFCTEXT('Strijp'),$);
#3256=IFCPROPERTYSINGLEVALUE('sectie',$,IFCTEXT('C'),$);
#3257=IFCPROPERTYSINGLEVALUE('perceelnummer',$,IFCTEXT('6470'),$);
#3258=IFCPROPERTYSINGLEVALUE('akrkadastralegemeentecode',$,IFCTEXT('STR03'),$);
#3259=IFCPROPERTYSINGLEVALUE('kadastralegrootte',$,IFCTEXT('9330'),$);
#3260=IFCPROPERTYSINGLEVALUE('soortgrootte',$,IFCTEXT('Voorlopig'),$);
#3261=IFCPROPERTYSINGLEVALUE('perceelnummerrotatie',$,IFCTEXT('0.0'),$);
#3262=IFCPROPERTYSINGLEVALUE('perceelnummerverschuivingx',$,IFCTEXT('0.0'),$);
#3263=IFCPROPERTYSINGLEVALUE('perceelnummerverschuivingy',$,IFCTEXT('0.0'),$);
#3264=IFCPROPERTYSINGLEVALUE('plaatscoordinatenx',$,IFCTEXT('160251.66'),$);
#3265=IFCPROPERTYSINGLEVALUE('plaatscoordinateny',$,IFCTEXT('383888.431'),$);
#3266=IFCPROPERTYSINGLEVALUE('id',$,IFCTEXT('1'),$);
#3267=IFCPROPERTYSET('237enMGejEt9a055Hq_PI1',#5,'CPset_BRK-Perceel',$,(#3245,#3246,#3247,#3248,#3249,#3250,#3251,#3252,#3253,#3254,#3255,#3256,#3257,#3258,#3259,#3260,#3261,#3262,#3263,#3264,#3265,#3266));
#3268=IFCRELDEFINESBYPROPERTIES('0fVzHGFgzCGxSRqLTWs9dd',#5,$,$,(#3243),#3267);
#3269=IFCCARTESIANPOINT((0.,0.,-0.1));
#3270=IFCDIRECTION((0.,0.,1.));
#3271=IFCDIRECTION((1.,0.,0.));
#3272=IFCAXIS2PLACEMENT3D(#3269,#3270,#3271);
#3273=IFCLOCALPLACEMENT(#37,#3272);
#3274=IFCCARTESIANPOINT((0.,0.,0.));
#3275=IFCDIRECTION((0.,0.,1.));
#3276=IFCDIRECTION((1.,0.,0.));
#3277=IFCAXIS2PLACEMENT3D(#3274,#3275,#3276);
#3278=IFCDIRECTION((0.,0.,1.));
#3279=IFCCARTESIANPOINT((73.2640837917279,263.105411558354));
#3280=IFCCARTESIANPOINT((73.2736635490728,262.67805078777));
#3281=IFCCARTESIANPOINT((73.3514663234237,262.257804756227));
#3282=IFCCARTESIANPOINT((73.4978427042079,261.856069821282));
#3283=IFCCARTESIANPOINT((73.7068732591288,261.48294353293));
#3284=IFCCARTESIANPOINT((73.9740465798823,261.148655608122));
#3285=IFCCARTESIANPOINT((74.2920352164365,260.863171414763));
#3286=IFCCARTESIANPOINT((74.6525002316048,260.632100055285));
#3287=IFCCARTESIANPOINT((75.0447923884203,260.462964417122));
#3288=IFCCARTESIANPOINT((75.4599348287447,260.360603507899));
#3289=IFCCARTESIANPOINT((59.8354302570515,261.742508687137));
#3290=IFCCARTESIANPOINT((60.2872850265994,261.869442794763));
#3291=IFCCARTESIANPOINT((60.7126862986479,262.066335552139));
#3292=IFCCARTESIANPOINT((61.1012721708976,262.330083576438));
#3293=IFCCARTESIANPOINT((61.4418014407565,262.651819207415));
#3294=IFCCARTESIANPOINT((61.7271247918543,263.024479355197));
#3295=IFCCARTESIANPOINT((61.9489492423309,263.438052698562));
#3296=IFCCARTESIANPOINT((62.1019300433109,263.881384263921));
#3297=IFCCARTESIANPOINT((62.1813603547344,264.344089163758));
#3298=IFCCARTESIANPOINT((62.5493105617061,272.818657025753));
#3299=IFCCARTESIANPOINT((73.2994203137059,263.913692215341));
#3300=IFCCARTESIANPOINT((73.2640837917279,263.105411558354));
#3301=IFCPOLYLINE((#3279,#3280,#3281,#3282,#3283,#3284,#3285,#3286,#3287,#3288,#3289,#3290,#3291,#3292,#3293,#3294,#3295,#3296,#3297,#3298,#3299,#3300));
#3302=IFCARBITRARYCLOSEDPROFILEDEF(.AREA.,$,#3301);
#3303=IFCEXTRUDEDAREASOLID(#3302,#3277,#3278,0.1);
#3304=IFCSHAPEREPRESENTATION(#11,'Body','SweptSolid',(#3303));
#3305=IFCPRODUCTDEFINITIONSHAPE($,$,(#3304));
#3306=IFCSLAB('0OAn5vjhj2vgvFCuesJnwW',#5,'NL.IMKAD.KadastraalObject.46460286770000',$,$,#3273,#3305,$,.NOTDEFINED.);
#3307=IFCSTYLEDITEM(#3303,(#1388),$);
#3308=IFCPROPERTYSINGLEVALUE('objectid',$,IFCTEXT('3295180'),$);
#3309=IFCPROPERTYSINGLEVALUE('globalid',$,IFCTEXT('{8F723131-D52C-57BA-1260-C57177F50391}'),$);
#3310=IFCPROPERTYSINGLEVALUE('identificatie',$,IFCTEXT('NL.IMKAD.KadastraalObject.46460286770000'),$);
#3311=IFCPROPERTYSINGLEVALUE('namespace',$,IFCTEXT('NL.IMKAD.KadastraalObject'),$);
#3312=IFCPROPERTYSINGLEVALUE('lokaalid',$,IFCTEXT('46460286770000'),$);
#3313=IFCPROPERTYSINGLEVALUE('begingeldigheid',$,IFCTEXT('1148288614000'),$);
#3314=IFCPROPERTYSINGLEVALUE('tijdstipregistratie',$,IFCTEXT('1148288614000'),$);
#3315=IFCPROPERTYSINGLEVALUE('volgnummer',$,IFCTEXT('0'),$);
#3316=IFCPROPERTYSINGLEVALUE('statushistorie',$,IFCTEXT('G'),$);
#3317=IFCPROPERTYSINGLEVALUE('kadastralegemeentecode',$,IFCTEXT('1132'),$);
#3318=IFCPROPERTYSINGLEVALUE('kadastralegemeentewaarde',$,IFCTEXT('Woensel'),$);
#3319=IFCPROPERTYSINGLEVALUE('sectie',$,IFCTEXT('G'),$);
#3320=IFCPROPERTYSINGLEVALUE('perceelnummer',$,IFCTEXT('2867'),$);
#3321=IFCPROPERTYSINGLEVALUE('akrkadastralegemeentecode',$,IFCTEXT('WSL01'),$);
#3322=IFCPROPERTYSINGLEVALUE('kadastralegrootte',$,IFCTEXT('1090'),$);
#3323=IFCPROPERTYSINGLEVALUE('soortgrootte',$,IFCTEXT('Vastgesteld'),$);
#3324=IFCPROPERTYSINGLEVALUE('perceelnummerrotatie',$,IFCTEXT('-48.3'),$);
#3325=IFCPROPERTYSINGLEVALUE('perceelnummerverschuivingx',$,IFCTEXT('0.0'),$);
#3326=IFCPROPERTYSINGLEVALUE('perceelnummerverschuivingy',$,IFCTEXT('0.0'),$);
#3327=IFCPROPERTYSINGLEVALUE('plaatscoordinatenx',$,IFCTEXT('160354.51'),$);
#3328=IFCPROPERTYSINGLEVALUE('plaatscoordinateny',$,IFCTEXT('384311.339'),$);
#3329=IFCPROPERTYSINGLEVALUE('id',$,IFCTEXT('1'),$);
#3330=IFCPROPERTYSET('3X_cPXEh1Fmx7fZmkVv5tV',#5,'CPset_BRK-Perceel',$,(#3308,#3309,#3310,#3311,#3312,#3313,#3314,#3315,#3316,#3317,#3318,#3319,#3320,#3321,#3322,#3323,#3324,#3325,#3326,#3327,#3328,#3329));
#3331=IFCRELDEFINESBYPROPERTIES('0trdhb8$HFDxCBDybnxaDX',#5,$,$,(#3306),#3330);
#3332=IFCCARTESIANPOINT((0.,0.,-0.1));
#3333=IFCDIRECTION((0.,0.,1.));
#3334=IFCDIRECTION((1.,0.,0.));
#3335=IFCAXIS2PLACEMENT3D(#3332,#3333,#3334);
#3336=IFCLOCALPLACEMENT(#37,#3335);
#3337=IFCCARTESIANPOINT((0.,0.,0.));
#3338=IFCDIRECTION((0.,0.,1.));
#3339=IFCDIRECTION((1.,0.,0.));
#3340=IFCAXIS2PLACEMENT3D(#3337,#3338,#3339);
#3341=IFCDIRECTION((0.,0.,1.));
#3342=IFCCARTESIANPOINT((25.3686917305167,281.790612426063));
#3343=IFCCARTESIANPOINT((25.0972076721373,281.762285653967));
#3344=IFCCARTESIANPOINT((24.8420565921406,281.665891018871));
#3345=IFCCARTESIANPOINT((24.6188359399384,281.509284695087));
#3346=IFCCARTESIANPOINT((24.4430109934474,281.301730875217));
#3347=IFCCARTESIANPOINT((24.3240183898306,281.056189106253));
#3348=IFCCARTESIANPOINT((24.2702603173675,280.78907289746));
#3349=IFCCARTESIANPOINT((23.5860735946335,287.736803859822));
#3350=IFCCARTESIANPOINT((23.6526697429072,287.382976285124));
#3351=IFCCARTESIANPOINT((23.7801614613563,287.046228809806));
#3352=IFCCARTESIANPOINT((23.962761495437,286.735250955273));
#3353=IFCCARTESIANPOINT((24.1965963626571,286.461042539042));
#3354=IFCCARTESIANPOINT((24.4738328697567,286.231390805566));
#3355=IFCCARTESIANPOINT((24.7861320814991,286.051904865308));
#3356=IFCCARTESIANPOINT((25.1250228824501,285.929601854645));
#3357=IFCCARTESIANPOINT((25.4796146480658,285.867010480317));
#3358=IFCCARTESIANPOINT((46.4456460760848,286.158294375695));
#3359=IFCCARTESIANPOINT((51.6034560274275,281.885769054992));
#3360=IFCCARTESIANPOINT((25.3686917305167,281.790612426063));
#3361=IFCPOLYLINE((#3342,#3343,#3344,#3345,#3346,#3347,#3348,#3349,#3350,#3351,#3352,#3353,#3354,#3355,#3356,#3357,#3358,#3359,#3360));
#3362=IFCARBITRARYCLOSEDPROFILEDEF(.AREA.,$,#3361);
#3363=IFCEXTRUDEDAREASOLID(#3362,#3340,#3341,0.1);
#3364=IFCSHAPEREPRESENTATION(#11,'Body','SweptSolid',(#3363));
#3365=IFCPRODUCTDEFINITIONSHAPE($,$,(#3364));
#3366=IFCSLAB('3R8Yp4rfL3RwMbEnpiAGQB',#5,'NL.IMKAD.KadastraalObject.46460287070000',$,$,#3336,#3365,$,.NOTDEFINED.);
#3367=IFCSTYLEDITEM(#3363,(#1388),$);
#3368=IFCPROPERTYSINGLEVALUE('objectid',$,IFCTEXT('3295183'),$);
#3369=IFCPROPERTYSINGLEVALUE('globalid',$,IFCTEXT('{5AB19684-2C36-9B7B-3409-2460CBE442F8}'),$);
#3370=IFCPROPERTYSINGLEVALUE('identificatie',$,IFCTEXT('NL.IMKAD.KadastraalObject.46460287070000'),$);
#3371=IFCPROPERTYSINGLEVALUE('namespace',$,IFCTEXT('NL.IMKAD.KadastraalObject'),$);
#3372=IFCPROPERTYSINGLEVALUE('lokaalid',$,IFCTEXT('46460287070000'),$);
#3373=IFCPROPERTYSINGLEVALUE('begingeldigheid',$,IFCTEXT('1148288614000'),$);
#3374=IFCPROPERTYSINGLEVALUE('tijdstipregistratie',$,IFCTEXT('1148288614000'),$);
#3375=IFCPROPERTYSINGLEVALUE('volgnummer',$,IFCTEXT('0'),$);
#3376=IFCPROPERTYSINGLEVALUE('statushistorie',$,IFCTEXT('G'),$);
#3377=IFCPROPERTYSINGLEVALUE('kadastralegemeentecode',$,IFCTEXT('1132'),$);
#3378=IFCPROPERTYSINGLEVALUE('kadastralegemeentewaarde',$,IFCTEXT('Woensel'),$);
#3379=IFCPROPERTYSINGLEVALUE('sectie',$,IFCTEXT('G'),$);
#3380=IFCPROPERTYSINGLEVALUE('perceelnummer',$,IFCTEXT('2870'),$);
#3381=IFCPROPERTYSINGLEVALUE('akrkadastralegemeentecode',$,IFCTEXT('WSL01'),$);
#3382=IFCPROPERTYSINGLEVALUE('kadastralegrootte',$,IFCTEXT('166'),$);
#3383=IFCPROPERTYSINGLEVALUE('soortgrootte',$,IFCTEXT('Vastgesteld'),$);
#3384=IFCPROPERTYSINGLEVALUE('perceelnummerrotatie',$,IFCTEXT('51.3'),$);
#3385=IFCPROPERTYSINGLEVALUE('perceelnummerverschuivingx',$,IFCTEXT('0.0'),$);
#3386=IFCPROPERTYSINGLEVALUE('perceelnummerverschuivingy',$,IFCTEXT('0.0'),$);
#3387=IFCPROPERTYSINGLEVALUE('plaatscoordinatenx',$,IFCTEXT('160309.896'),$);
#3388=IFCPROPERTYSINGLEVALUE('plaatscoordinateny',$,IFCTEXT('384314.1'),$);
#3389=IFCPROPERTYSINGLEVALUE('id',$,IFCTEXT('1'),$);
#3390=IFCPROPERTYSET('06y7TKnzPBTQJgOlfRB4Dg',#5,'CPset_BRK-Perceel',$,(#3368,#3369,#3370,#3371,#3372,#3373,#3374,#3375,#3376,#3377,#3378,#3379,#3380,#3381,#3382,#3383,#3384,#3385,#3386,#3387,#3388,#3389));
#3391=IFCRELDEFINESBYPROPERTIES('3zTheJX_P3aQIh_PdsqunN',#5,$,$,(#3366),#3390);
#3392=IFCCARTESIANPOINT((0.,0.,-0.1));
#3393=IFCDIRECTION((0.,0.,1.));
#3394=IFCDIRECTION((1.,0.,0.));
#3395=IFCAXIS2PLACEMENT3D(#3392,#3393,#3394);
#3396=IFCLOCALPLACEMENT(#37,#3395);
#3397=IFCCARTESIANPOINT((0.,0.,0.));
#3398=IFCDIRECTION((0.,0.,1.));
#3399=IFCDIRECTION((1.,0.,0.));
#3400=IFCAXIS2PLACEMENT3D(#3397,#3398,#3399);
#3401=IFCDIRECTION((0.,0.,1.));
#3402=IFCCARTESIANPOINT((62.1813603547344,264.344089163758));
#3403=IFCCARTESIANPOINT((62.1019300433109,263.881384263921));
#3404=IFCCARTESIANPOINT((61.9489492423309,263.438052698562));
#3405=IFCCARTESIANPOINT((61.7271247918543,263.024479355197));
#3406=IFCCARTESIANPOINT((61.4418014407565,262.651819207415));
#3407=IFCCARTESIANPOINT((61.1012721708976,262.330083576438));
#3408=IFCCARTESIANPOINT((60.7126862986479,262.066335552139));
#3409=IFCCARTESIANPOINT((60.2872850265994,261.869442794763));
#3410=IFCCARTESIANPOINT((59.8354302570515,261.742508687137));
#3411=IFCCARTESIANPOINT((39.0318796150677,263.579970429826));
#3412=IFCCARTESIANPOINT((26.8541568620712,264.695967550972));
#3413=IFCCARTESIANPOINT((26.0437105733727,264.772582263162));
#3414=IFCCARTESIANPOINT((25.3711010586412,264.825915575202));
#3415=IFCCARTESIANPOINT((25.0810082980897,264.942856544396));
#3416=IFCCARTESIANPOINT((24.8198174327554,265.115066677157));
#3417=IFCCARTESIANPOINT((24.5986834336363,265.337201221962));
#3418=IFCCARTESIANPOINT((24.4264739691862,265.598018974299));
#3419=IFCCARTESIANPOINT((24.3097463808372,265.888192493818));
#3420=IFCCARTESIANPOINT((24.511253348348,273.947461438947));
#3421=IFCCARTESIANPOINT((24.4751433376223,277.343164028542));
#3422=IFCCARTESIANPOINT((24.2702603173675,280.78907289746));
#3423=IFCCARTESIANPOINT((24.3240183898306,281.056189106253));
#3424=IFCCARTESIANPOINT((24.4430109934474,281.301730875217));
#3425=IFCCARTESIANPOINT((24.6188359399384,281.509284695087));
#3426=IFCCARTESIANPOINT((24.8420565921406,281.665891018871));
#3427=IFCCARTESIANPOINT((25.0972076721373,281.762285653967));
#3428=IFCCARTESIANPOINT((25.3686917305167,281.790612426063));
#3429=IFCCARTESIANPOINT((51.6034560274275,281.885769054992));
#3430=IFCCARTESIANPOINT((62.5493105617061,272.818657025753));
#3431=IFCCARTESIANPOINT((62.1813603547344,264.344089163758));
#3432=IFCPOLYLINE((#3402,#3403,#3404,#3405,#3406,#3407,#3408,#3409,#3410,#3411,#3412,#3413,#3414,#3415,#3416,#3417,#3418,#3419,#3420,#3421,#3422,#3423,#3424,#3425,#3426,#3427,#3428,#3429,#3430,#3431));
#3433=IFCARBITRARYCLOSEDPROFILEDEF(.AREA.,$,#3432);
#3434=IFCEXTRUDEDAREASOLID(#3433,#3400,#3401,0.1);
#3435=IFCSHAPEREPRESENTATION(#11,'Body','SweptSolid',(#3434));
#3436=IFCPRODUCTDEFINITIONSHAPE($,$,(#3435));
#3437=IFCSLAB('1lckUy7KL49R5jxLeeCUUY',#5,'NL.IMKAD.KadastraalObject.46460287170000',$,$,#3396,#3436,$,.NOTDEFINED.);
#3438=IFCSTYLEDITEM(#3434,(#1388),$);
#3439=IFCPROPERTYSINGLEVALUE('objectid',$,IFCTEXT('3295184'),$);
#3440=IFCPROPERTYSINGLEVALUE('globalid',$,IFCTEXT('{F778F01C-7386-80ED-80F1-3F8DD29A4CE0}'),$);
#3441=IFCPROPERTYSINGLEVALUE('identificatie',$,IFCTEXT('NL.IMKAD.KadastraalObject.46460287170000'),$);
#3442=IFCPROPERTYSINGLEVALUE('namespace',$,IFCTEXT('NL.IMKAD.KadastraalObject'),$);
#3443=IFCPROPERTYSINGLEVALUE('lokaalid',$,IFCTEXT('46460287170000'),$);
#3444=IFCPROPERTYSINGLEVALUE('begingeldigheid',$,IFCTEXT('1148288614000'),$);
#3445=IFCPROPERTYSINGLEVALUE('tijdstipregistratie',$,IFCTEXT('1148288614000'),$);
#3446=IFCPROPERTYSINGLEVALUE('volgnummer',$,IFCTEXT('0'),$);
#3447=IFCPROPERTYSINGLEVALUE('statushistorie',$,IFCTEXT('G'),$);
#3448=IFCPROPERTYSINGLEVALUE('kadastralegemeentecode',$,IFCTEXT('1132'),$);
#3449=IFCPROPERTYSINGLEVALUE('kadastralegemeentewaarde',$,IFCTEXT('Woensel'),$);
#3450=IFCPROPERTYSINGLEVALUE('sectie',$,IFCTEXT('G'),$);
#3451=IFCPROPERTYSINGLEVALUE('perceelnummer',$,IFCTEXT('2871'),$);
#3452=IFCPROPERTYSINGLEVALUE('akrkadastralegemeentecode',$,IFCTEXT('WSL01'),$);
#3453=IFCPROPERTYSINGLEVALUE('kadastralegrootte',$,IFCTEXT('716'),$);
#3454=IFCPROPERTYSINGLEVALUE('soortgrootte',$,IFCTEXT('Vastgesteld'),$);
#3455=IFCPROPERTYSINGLEVALUE('perceelnummerrotatie',$,IFCTEXT('0.0'),$);
#3456=IFCPROPERTYSINGLEVALUE('perceelnummerverschuivingx',$,IFCTEXT('0.0'),$);
#3457=IFCPROPERTYSINGLEVALUE('perceelnummerverschuivingy',$,IFCTEXT('0.0'),$);
#3458=IFCPROPERTYSINGLEVALUE('plaatscoordinatenx',$,IFCTEXT('160307.599'),$);
#3459=IFCPROPERTYSINGLEVALUE('plaatscoordinateny',$,IFCTEXT('384288.822'),$);
#3460=IFCPROPERTYSINGLEVALUE('id',$,IFCTEXT('1'),$);
#3461=IFCPROPERTYSET('0CLxcwMVTC5fmE8$ictJlU',#5,'CPset_BRK-Perceel',$,(#3439,#3440,#3441,#3442,#3443,#3444,#3445,#3446,#3447,#3448,#3449,#3450,#3451,#3452,#3453,#3454,#3455,#3456,#3457,#3458,#3459,#3460));
#3462=IFCRELDEFINESBYPROPERTIES('2y3Et2MafARBupzaIRip43',#5,$,$,(#3437),#3461);
#3463=IFCCARTESIANPOINT((0.,0.,-0.1));
#3464=IFCDIRECTION((0.,0.,1.));
#3465=IFCDIRECTION((1.,0.,0.));
#3466=IFCAXIS2PLACEMENT3D(#3463,#3464,#3465);
#3467=IFCLOCALPLACEMENT(#37,#3466);
#3468=IFCCARTESIANPOINT((0.,0.,0.));
#3469=IFCDIRECTION((0.,0.,1.));
#3470=IFCDIRECTION((1.,0.,0.));
#3471=IFCAXIS2PLACEMENT3D(#3468,#3469,#3470);
#3472=IFCDIRECTION((0.,0.,1.));
#3473=IFCCARTESIANPOINT((-229.159737330658,-127.947433772904));
#3474=IFCCARTESIANPOINT((-229.317596297216,-127.559560667956));
#3475=IFCCARTESIANPOINT((-228.374191846844,-127.176257858693));
#3476=IFCCARTESIANPOINT((-228.216332880344,-127.564130963583));
#3477=IFCCARTESIANPOINT((-222.499125479837,-125.241228350846));
#3478=IFCCARTESIANPOINT((-222.656346526026,-124.852585145796));
#3479=IFCCARTESIANPOINT((-221.712942075654,-124.469282336533));
#3480=IFCCARTESIANPOINT((-221.555721029552,-124.857925541583));
#3481=IFCCARTESIANPOINT((-215.838513631461,-122.535022931697));
#3482=IFCCARTESIANPOINT((-215.995734675234,-122.146379723796));
#3483=IFCCARTESIANPOINT((-215.052330227714,-121.763076912146));
#3484=IFCCARTESIANPOINT((-214.89370115826,-122.151587939879));
#3485=IFCCARTESIANPOINT((-209.176493757812,-119.828685327142));
#3486=IFCCARTESIANPOINT((-209.335122827295,-119.440174299409));
#3487=IFCCARTESIANPOINT((-208.391718376923,-119.056871490146));
#3488=IFCCARTESIANPOINT((-208.23308930744,-119.445382517821));
#3489=IFCCARTESIANPOINT((-202.51588190702,-117.122479905083));
#3490=IFCCARTESIANPOINT((-202.674510976503,-116.73396887735));
#3491=IFCCARTESIANPOINT((-201.729698505631,-116.350533888384));
#3492=IFCCARTESIANPOINT((-201.572477456648,-116.73917709582));
#3493=IFCCARTESIANPOINT((-195.855270058586,-114.416274485935));
#3494=IFCCARTESIANPOINT((-196.012491105212,-114.027631275647));
#3495=IFCCARTESIANPOINT((-195.069086654898,-113.644328466384));
#3496=IFCCARTESIANPOINT((-194.911865611066,-114.032971674285));
#3497=IFCCARTESIANPOINT((-189.194658210647,-111.710069061548));
#3498=IFCCARTESIANPOINT((-189.35187925442,-111.321425853646));
#3499=IFCCARTESIANPOINT((-188.408474804106,-110.938123044383));
#3500=IFCCARTESIANPOINT((-188.250615837518,-111.325996149273));
#3501=IFCCARTESIANPOINT((-182.53340843707,-109.003093536536));
#3502=IFCCARTESIANPOINT((-182.691267403658,-108.615220431646));
#3503=IFCCARTESIANPOINT((-181.747225032916,-108.231147522281));
#3504=IFCCARTESIANPOINT((-181.589233886654,-108.620428647671));
#3505=IFCCARTESIANPOINT((-175.872026488563,-106.297526037786));
#3506=IFCCARTESIANPOINT((-176.030017632467,-105.908244909486));
#3507=IFCCARTESIANPOINT((-175.086613184976,-105.524942097836));
#3508=IFCCARTESIANPOINT((-174.928622038249,-105.914223228523));
#3509=IFCCARTESIANPOINT((-169.21141463783,-103.591320615786));
#3510=IFCCARTESIANPOINT((-169.369405784528,-103.202039485099));
#3511=IFCCARTESIANPOINT((-168.426001334185,-102.818736675836));
#3512=IFCCARTESIANPOINT((-168.267372264672,-103.207247703511));
#3513=IFCCARTESIANPOINT((-162.550164864253,-100.884345090773));
#3514=IFCCARTESIANPOINT((-162.708023830783,-100.496471985884));
#3515=IFCCARTESIANPOINT((-161.764619383262,-100.113169174176));
#3516=IFCCARTESIANPOINT((-161.606760413881,-100.50104228151));
#3517=IFCCARTESIANPOINT((-155.889553015848,-98.1781396716251));
#3518=IFCCARTESIANPOINT((-156.047411982814,-97.7902665614383));
#3519=IFCCARTESIANPOINT((-155.103369612072,-97.4061936520739));
#3520=IFCCARTESIANPOINT((-154.946148568328,-97.7948368599755));
#3521=IFCCARTESIANPOINT((-149.228941167908,-95.4719342472381));
#3522=IFCCARTESIANPOINT((-149.386162211624,-95.0832910393365));
#3523=IFCCARTESIANPOINT((-148.442757761339,-94.6999882300734));
#3524=IFCCARTESIANPOINT((-148.28375513127,-95.0849131114082));
#3525=IFCCARTESIANPOINT((-145.675055472704,-94.0190087591764));
#3526=IFCCARTESIANPOINT((-133.730129083007,-123.19688697916));
#3527=IFCCARTESIANPOINT((-207.179031816398,-153.014215903764));
#3528=IFCCARTESIANPOINT((-234.714978223114,-130.204529358132));
#3529=IFCCARTESIANPOINT((-229.159737330658,-127.947433772904));
#3530=IFCPOLYLINE((#3473,#3474,#3475,#3476,#3477,#3478,#3479,#3480,#3481,#3482,#3483,#3484,#3485,#3486,#3487,#3488,#3489,#3490,#3491,#3492,#3493,#3494,#3495,#3496,#3497,#3498,#3499,#3500,#3501,#3502,#3503,#3504,#3505,#3506,#3507,#3508,#3509,#3510,#3511,#3512,#3513,#3514,#3515,#3516,#3517,#3518,#3519,#3520,#3521,#3522,#3523,#3524,#3525,#3526,#3527,#3528,#3529));
#3531=IFCARBITRARYCLOSEDPROFILEDEF(.AREA.,$,#3530);
#3532=IFCEXTRUDEDAREASOLID(#3531,#3471,#3472,0.1);
#3533=IFCCARTESIANPOINT((0.,0.,0.));
#3534=IFCDIRECTION((0.,0.,1.));
#3535=IFCDIRECTION((1.,0.,0.));
#3536=IFCAXIS2PLACEMENT3D(#3533,#3534,#3535);
#3537=IFCDIRECTION((0.,0.,1.));
#3538=IFCCARTESIANPOINT((-235.034803697636,-129.882463280694));
#3539=IFCCARTESIANPOINT((-234.999723927671,-129.968657303078));
#3540=IFCCARTESIANPOINT((-235.081117721653,-129.901233910408));
#3541=IFCCARTESIANPOINT((-235.034803697636,-129.882463280694));
#3542=IFCPOLYLINE((#3538,#3539,#3540,#3541));
#3543=IFCARBITRARYCLOSEDPROFILEDEF(.AREA.,$,#3542);
#3544=IFCEXTRUDEDAREASOLID(#3543,#3536,#3537,0.1);
#3545=IFCSHAPEREPRESENTATION(#11,'Body','SweptSolid',(#3532,#3544));
#3546=IFCPRODUCTDEFINITIONSHAPE($,$,(#3545));
#3547=IFCSLAB('0Hab_vzm98svzmU$CiHRWg',#5,'NL.IMKAD.KadastraalObject.45150573470000',$,$,#3467,#3546,$,.NOTDEFINED.);
#3548=IFCSTYLEDITEM(#3532,(#1388),$);
#3549=IFCSTYLEDITEM(#3544,(#1388),$);
#3550=IFCPROPERTYSINGLEVALUE('objectid',$,IFCTEXT('3289201'),$);
#3551=IFCPROPERTYSINGLEVALUE('globalid',$,IFCTEXT('{B16D95D0-7E97-45A4-7AD4-8E8A534D8D93}'),$);
#3552=IFCPROPERTYSINGLEVALUE('identificatie',$,IFCTEXT('NL.IMKAD.KadastraalObject.45150573470000'),$);
#3553=IFCPROPERTYSINGLEVALUE('namespace',$,IFCTEXT('NL.IMKAD.KadastraalObject'),$);
#3554=IFCPROPERTYSINGLEVALUE('lokaalid',$,IFCTEXT('45150573470000'),$);
#3555=IFCPROPERTYSINGLEVALUE('begingeldigheid',$,IFCTEXT('1393598045000'),$);
#3556=IFCPROPERTYSINGLEVALUE('tijdstipregistratie',$,IFCTEXT('1393598045000'),$);
#3557=IFCPROPERTYSINGLEVALUE('volgnummer',$,IFCTEXT('0'),$);
#3558=IFCPROPERTYSINGLEVALUE('statushistorie',$,IFCTEXT('G'),$);
#3559=IFCPROPERTYSINGLEVALUE('kadastralegemeentecode',$,IFCTEXT('951'),$);
#3560=IFCPROPERTYSINGLEVALUE('kadastralegemeentewaarde',$,IFCTEXT('Strijp'),$);
#3561=IFCPROPERTYSINGLEVALUE('sectie',$,IFCTEXT('C'),$);
#3562=IFCPROPERTYSINGLEVALUE('perceelnummer',$,IFCTEXT('5734'),$);
#3563=IFCPROPERTYSINGLEVALUE('akrkadastralegemeentecode',$,IFCTEXT('STR03'),$);
#3564=IFCPROPERTYSINGLEVALUE('kadastralegrootte',$,IFCTEXT('3621'),$);
#3565=IFCPROPERTYSINGLEVALUE('soortgrootte',$,IFCTEXT('Vastgesteld'),$);
#3566=IFCPROPERTYSINGLEVALUE('perceelnummerrotatie',$,IFCTEXT('0.0'),$);
#3567=IFCPROPERTYSINGLEVALUE('perceelnummerverschuivingx',$,IFCTEXT('0.0'),$);
#3568=IFCPROPERTYSINGLEVALUE('perceelnummerverschuivingy',$,IFCTEXT('0.0'),$);
#3569=IFCPROPERTYSINGLEVALUE('plaatscoordinatenx',$,IFCTEXT('159848.846'),$);
#3570=IFCPROPERTYSINGLEVALUE('plaatscoordinateny',$,IFCTEXT('384221.463'),$);
#3571=IFCPROPERTYSINGLEVALUE('id',$,IFCTEXT('1'),$);
#3572=IFCPROPERTYSET('2sTFxX5f11fhRxKJA7aTrG',#5,'CPset_BRK-Perceel',$,(#3550,#3551,#3552,#3553,#3554,#3555,#3556,#3557,#3558,#3559,#3560,#3561,#3562,#3563,#3564,#3565,#3566,#3567,#3568,#3569,#3570,#3571));
#3573=IFCRELDEFINESBYPROPERTIES('055Of4uaHEg8ADdF6$eJWm',#5,$,$,(#3547),#3572);
#3574=IFCCARTESIANPOINT((0.,0.,-0.1));
#3575=IFCDIRECTION((0.,0.,1.));
#3576=IFCDIRECTION((1.,0.,0.));
#3577=IFCAXIS2PLACEMENT3D(#3574,#3575,#3576);
#3578=IFCLOCALPLACEMENT(#37,#3577);
#3579=IFCCARTESIANPOINT((0.,0.,0.));
#3580=IFCDIRECTION((0.,0.,1.));
#3581=IFCDIRECTION((1.,0.,0.));
#3582=IFCAXIS2PLACEMENT3D(#3579,#3580,#3581);
#3583=IFCDIRECTION((0.,0.,1.));
#3584=IFCCARTESIANPOINT((-270.743954556092,-75.2576646074303));
#3585=IFCCARTESIANPOINT((-230.741053528298,-44.9807559391484));
#3586=IFCCARTESIANPOINT((-234.451112695242,-35.7823226483306));
#3587=IFCCARTESIANPOINT((-215.871306429995,-28.2228735196986));
#3588=IFCCARTESIANPOINT((-176.611604201287,-28.211975564016));
#3589=IFCCARTESIANPOINT((-153.557419321354,-84.8379721520469));
#3590=IFCCARTESIANPOINT((-149.386162211624,-95.0832910393365));
#3591=IFCCARTESIANPOINT((-149.228941167908,-95.4719342472381));
#3592=IFCCARTESIANPOINT((-154.946148568328,-97.7948368599755));
#3593=IFCCARTESIANPOINT((-155.103369612072,-97.4061936520739));
#3594=IFCCARTESIANPOINT((-156.047411982814,-97.7902665614383));
#3595=IFCCARTESIANPOINT((-155.889553015848,-98.1781396716251));
#3596=IFCCARTESIANPOINT((-161.606760413881,-100.50104228151));
#3597=IFCCARTESIANPOINT((-161.764619383262,-100.113169174176));
#3598=IFCCARTESIANPOINT((-162.708023830783,-100.496471985884));
#3599=IFCCARTESIANPOINT((-162.550164864253,-100.884345090773));
#3600=IFCCARTESIANPOINT((-168.267372264672,-103.207247703511));
#3601=IFCCARTESIANPOINT((-168.426001334185,-102.818736675836));
#3602=IFCCARTESIANPOINT((-169.369405784528,-103.202039485099));
#3603=IFCCARTESIANPOINT((-169.21141463783,-103.591320615786));
#3604=IFCCARTESIANPOINT((-174.928622038249,-105.914223228523));
#3605=IFCCARTESIANPOINT((-175.086613184976,-105.524942097836));
#3606=IFCCARTESIANPOINT((-176.030017632467,-105.908244909486));
#3607=IFCCARTESIANPOINT((-175.872026488563,-106.297526037786));
#3608=IFCCARTESIANPOINT((-181.589233886654,-108.620428647671));
#3609=IFCCARTESIANPOINT((-181.747225032916,-108.231147522281));
#3610=IFCCARTESIANPOINT((-182.691267403658,-108.615220431646));
#3611=IFCCARTESIANPOINT((-182.53340843707,-109.003093536536));
#3612=IFCCARTESIANPOINT((-188.250615837518,-111.325996149273));
#3613=IFCCARTESIANPOINT((-188.408474804106,-110.938123044383));
#3614=IFCCARTESIANPOINT((-189.35187925442,-111.321425853646));
#3615=IFCCARTESIANPOINT((-189.194658210647,-111.710069061548));
#3616=IFCCARTESIANPOINT((-194.911865611066,-114.032971674285));
#3617=IFCCARTESIANPOINT((-195.069086654898,-113.644328466384));
#3618=IFCCARTESIANPOINT((-196.012491105212,-114.027631275647));
#3619=IFCCARTESIANPOINT((-195.855270058586,-114.416274485935));
#3620=IFCCARTESIANPOINT((-201.572477456648,-116.73917709582));
#3621=IFCCARTESIANPOINT((-201.729698505631,-116.350533888384));
#3622=IFCCARTESIANPOINT((-202.674510976503,-116.73396887735));
#3623=IFCCARTESIANPOINT((-202.51588190702,-117.122479905083));
#3624=IFCCARTESIANPOINT((-208.23308930744,-119.445382517821));
#3625=IFCCARTESIANPOINT((-208.391718376923,-119.056871490146));
#3626=IFCCARTESIANPOINT((-209.335122827295,-119.440174299409));
#3627=IFCCARTESIANPOINT((-209.176493757812,-119.828685327142));
#3628=IFCCARTESIANPOINT((-214.89370115826,-122.151587939879));
#3629=IFCCARTESIANPOINT((-215.052330227714,-121.763076912146));
#3630=IFCCARTESIANPOINT((-215.995734675234,-122.146379723796));
#3631=IFCCARTESIANPOINT((-215.838513631461,-122.535022931697));
#3632=IFCCARTESIANPOINT((-221.555721029552,-124.857925541583));
#3633=IFCCARTESIANPOINT((-221.712942075654,-124.469282336533));
#3634=IFCCARTESIANPOINT((-222.656346526026,-124.852585145796));
#3635=IFCCARTESIANPOINT((-222.499125479837,-125.241228350846));
#3636=IFCCARTESIANPOINT((-228.216332880344,-127.564130963583));
#3637=IFCCARTESIANPOINT((-228.374191846844,-127.176257858693));
#3638=IFCCARTESIANPOINT((-229.317596297216,-127.559560667956));
#3639=IFCCARTESIANPOINT((-229.159737330658,-127.947433772904));
#3640=IFCCARTESIANPOINT((-234.714978223114,-130.204529358132));
#3641=IFCCARTESIANPOINT((-234.999723927671,-129.968657303078));
#3642=IFCCARTESIANPOINT((-235.034803697636,-129.882463280694));
#3643=IFCCARTESIANPOINT((-235.081117721653,-129.901233910408));
#3644=IFCCARTESIANPOINT((-255.418896789692,-113.054223870335));
#3645=IFCCARTESIANPOINT((-270.743954556092,-75.2576646074303));
#3646=IFCPOLYLINE((#3584,#3585,#3586,#3587,#3588,#3589,#3590,#3591,#3592,#3593,#3594,#3595,#3596,#3597,#3598,#3599,#3600,#3601,#3602,#3603,#3604,#3605,#3606,#3607,#3608,#3609,#3610,#3611,#3612,#3613,#3614,#3615,#3616,#3617,#3618,#3619,#3620,#3621,#3622,#3623,#3624,#3625,#3626,#3627,#3628,#3629,#3630,#3631,#3632,#3633,#3634,#3635,#3636,#3637,#3638,#3639,#3640,#3641,#3642,#3643,#3644,#3645));
#3647=IFCARBITRARYCLOSEDPROFILEDEF(.AREA.,$,#3646);
#3648=IFCEXTRUDEDAREASOLID(#3647,#3582,#3583,0.1);
#3649=IFCSHAPEREPRESENTATION(#11,'Body','SweptSolid',(#3648));
#3650=IFCPRODUCTDEFINITIONSHAPE($,$,(#3649));
#3651=IFCSLAB('1qE6xO4cjECQManKR2cI7x',#5,'NL.IMKAD.KadastraalObject.45150573570000',$,$,#3578,#3650,$,.NOTDEFINED.);
#3652=IFCSTYLEDITEM(#3648,(#1388),$);
#3653=IFCPROPERTYSINGLEVALUE('objectid',$,IFCTEXT('3289202'),$);
#3654=IFCPROPERTYSINGLEVALUE('globalid',$,IFCTEXT('{06A2ED4C-3FF7-E073-ACD7-74B1859D1C33}'),$);
#3655=IFCPROPERTYSINGLEVALUE('identificatie',$,IFCTEXT('NL.IMKAD.KadastraalObject.45150573570000'),$);
#3656=IFCPROPERTYSINGLEVALUE('namespace',$,IFCTEXT('NL.IMKAD.KadastraalObject'),$);
#3657=IFCPROPERTYSINGLEVALUE('lokaalid',$,IFCTEXT('45150573570000'),$);
#3658=IFCPROPERTYSINGLEVALUE('begingeldigheid',$,IFCTEXT('1412166429000'),$);
#3659=IFCPROPERTYSINGLEVALUE('tijdstipregistratie',$,IFCTEXT('1412166429000'),$);
#3660=IFCPROPERTYSINGLEVALUE('volgnummer',$,IFCTEXT('0'),$);
#3661=IFCPROPERTYSINGLEVALUE('statushistorie',$,IFCTEXT('G'),$);
#3662=IFCPROPERTYSINGLEVALUE('kadastralegemeentecode',$,IFCTEXT('951'),$);
#3663=IFCPROPERTYSINGLEVALUE('kadastralegemeentewaarde',$,IFCTEXT('Strijp'),$);
#3664=IFCPROPERTYSINGLEVALUE('sectie',$,IFCTEXT('C'),$);
#3665=IFCPROPERTYSINGLEVALUE('perceelnummer',$,IFCTEXT('5735'),$);
#3666=IFCPROPERTYSINGLEVALUE('akrkadastralegemeentecode',$,IFCTEXT('STR03'),$);
#3667=IFCPROPERTYSINGLEVALUE('kadastralegrootte',$,IFCTEXT('8095'),$);
#3668=IFCPROPERTYSINGLEVALUE('soortgrootte',$,IFCTEXT('Vastgesteld'),$);
#3669=IFCPROPERTYSINGLEVALUE('perceelnummerrotatie',$,IFCTEXT('0.0'),$);
#3670=IFCPROPERTYSINGLEVALUE('perceelnummerverschuivingx',$,IFCTEXT('0.0'),$);
#3671=IFCPROPERTYSINGLEVALUE('perceelnummerverschuivingy',$,IFCTEXT('0.0'),$);
#3672=IFCPROPERTYSINGLEVALUE('plaatscoordinatenx',$,IFCTEXT('159877.449'),$);
#3673=IFCPROPERTYSINGLEVALUE('plaatscoordinateny',$,IFCTEXT('384269.93'),$);
#3674=IFCPROPERTYSINGLEVALUE('id',$,IFCTEXT('1'),$);
#3675=IFCPROPERTYSET('0fSR9$n4b2iO9zcQHhrlBx',#5,'CPset_BRK-Perceel',$,(#3653,#3654,#3655,#3656,#3657,#3658,#3659,#3660,#3661,#3662,#3663,#3664,#3665,#3666,#3667,#3668,#3669,#3670,#3671,#3672,#3673,#3674));
#3676=IFCRELDEFINESBYPROPERTIES('3dyefmyAr07QG4GdmnUv0O',#5,$,$,(#3651),#3675);
#3677=IFCCARTESIANPOINT((0.,0.,-0.1));
#3678=IFCDIRECTION((0.,0.,1.));
#3679=IFCDIRECTION((1.,0.,0.));
#3680=IFCAXIS2PLACEMENT3D(#3677,#3678,#3679);
#3681=IFCLOCALPLACEMENT(#37,#3680);
#3682=IFCCARTESIANPOINT((0.,0.,0.));
#3683=IFCDIRECTION((0.,0.,1.));
#3684=IFCDIRECTION((1.,0.,0.));
#3685=IFCAXIS2PLACEMENT3D(#3682,#3683,#3684);
#3686=IFCDIRECTION((0.,0.,1.));
#3687=IFCCARTESIANPOINT((-130.777293651161,-87.8712500014226));
#3688=IFCCARTESIANPOINT((-134.564836521604,-89.4150012792088));
#3689=IFCCARTESIANPOINT((-145.675055472704,-94.0190087591764));
#3690=IFCCARTESIANPOINT((-148.28375513127,-95.0849131114082));
#3691=IFCCARTESIANPOINT((-148.442757761339,-94.6999882300734));
#3692=IFCCARTESIANPOINT((-149.386162211624,-95.0832910393365));
#3693=IFCCARTESIANPOINT((-153.557419321354,-84.8379721520469));
#3694=IFCCARTESIANPOINT((-135.131869030069,-77.2013861660962));
#3695=IFCCARTESIANPOINT((-134.999934838386,-77.5249327161));
#3696=IFCCARTESIANPOINT((-130.777293651161,-87.8712500014226));
#3697=IFCPOLYLINE((#3687,#3688,#3689,#3690,#3691,#3692,#3693,#3694,#3695,#3696));
#3698=IFCARBITRARYCLOSEDPROFILEDEF(.AREA.,$,#3697);
#3699=IFCEXTRUDEDAREASOLID(#3698,#3685,#3686,0.1);
#3700=IFCSHAPEREPRESENTATION(#11,'Body','SweptSolid',(#3699));
#3701=IFCPRODUCTDEFINITIONSHAPE($,$,(#3700));
#3702=IFCSLAB('1ME40ePPLEueN7Obw1mAXv',#5,'NL.IMKAD.KadastraalObject.45150577170000',$,$,#3681,#3701,$,.NOTDEFINED.);
#3703=IFCSTYLEDITEM(#3699,(#1388),$);
#3704=IFCPROPERTYSINGLEVALUE('objectid',$,IFCTEXT('3290447'),$);
#3705=IFCPROPERTYSINGLEVALUE('globalid',$,IFCTEXT('{2918BB08-0AFE-8B40-7E4E-C414AD161A2C}'),$);
#3706=IFCPROPERTYSINGLEVALUE('identificatie',$,IFCTEXT('NL.IMKAD.KadastraalObject.45150577170000'),$);
#3707=IFCPROPERTYSINGLEVALUE('namespace',$,IFCTEXT('NL.IMKAD.KadastraalObject'),$);
#3708=IFCPROPERTYSINGLEVALUE('lokaalid',$,IFCTEXT('45150577170000'),$);
#3709=IFCPROPERTYSINGLEVALUE('begingeldigheid',$,IFCTEXT('1739260001000'),$);
#3710=IFCPROPERTYSINGLEVALUE('tijdstipregistratie',$,IFCTEXT('1739260001000'),$);
#3711=IFCPROPERTYSINGLEVALUE('volgnummer',$,IFCTEXT('0'),$);
#3712=IFCPROPERTYSINGLEVALUE('statushistorie',$,IFCTEXT('G'),$);
#3713=IFCPROPERTYSINGLEVALUE('kadastralegemeentecode',$,IFCTEXT('951'),$);
#3714=IFCPROPERTYSINGLEVALUE('kadastralegemeentewaarde',$,IFCTEXT('Strijp'),$);
#3715=IFCPROPERTYSINGLEVALUE('sectie',$,IFCTEXT('C'),$);
#3716=IFCPROPERTYSINGLEVALUE('perceelnummer',$,IFCTEXT('5771'),$);
#3717=IFCPROPERTYSINGLEVALUE('akrkadastralegemeentecode',$,IFCTEXT('STR03'),$);
#3718=IFCPROPERTYSINGLEVALUE('kadastralegrootte',$,IFCTEXT('230'),$);
#3719=IFCPROPERTYSINGLEVALUE('soortgrootte',$,IFCTEXT('Vastgesteld'),$);
#3720=IFCPROPERTYSINGLEVALUE('perceelnummerrotatie',$,IFCTEXT('0.0'),$);
#3721=IFCPROPERTYSINGLEVALUE('perceelnummerverschuivingx',$,IFCTEXT('0.0'),$);
#3722=IFCPROPERTYSINGLEVALUE('perceelnummerverschuivingy',$,IFCTEXT('0.0'),$);
#3723=IFCPROPERTYSINGLEVALUE('plaatscoordinatenx',$,IFCTEXT('159914.245'),$);
#3724=IFCPROPERTYSINGLEVALUE('plaatscoordinateny',$,IFCTEXT('384210.554'),$);
#3725=IFCPROPERTYSINGLEVALUE('id',$,IFCTEXT('1'),$);
#3726=IFCPROPERTYSET('0HUSaD311CL9D90OtrjNC4',#5,'CPset_BRK-Perceel',$,(#3704,#3705,#3706,#3707,#3708,#3709,#3710,#3711,#3712,#3713,#3714,#3715,#3716,#3717,#3718,#3719,#3720,#3721,#3722,#3723,#3724,#3725));
#3727=IFCRELDEFINESBYPROPERTIES('1JZp9ovtv4Rfh5an0NkFD9',#5,$,$,(#3702),#3726);
#3728=IFCCARTESIANPOINT((0.,0.,-0.1));
#3729=IFCDIRECTION((0.,0.,1.));
#3730=IFCDIRECTION((1.,0.,0.));
#3731=IFCAXIS2PLACEMENT3D(#3728,#3729,#3730);
#3732=IFCLOCALPLACEMENT(#37,#3731);
#3733=IFCCARTESIANPOINT((0.,0.,0.));
#3734=IFCDIRECTION((0.,0.,1.));
#3735=IFCDIRECTION((1.,0.,0.));
#3736=IFCAXIS2PLACEMENT3D(#3733,#3734,#3735);
#3737=IFCDIRECTION((0.,0.,1.));
#3738=IFCCARTESIANPOINT((-107.79729210923,-64.0126216433127));
#3739=IFCCARTESIANPOINT((-120.63598209896,-32.289427992655));
#3740=IFCCARTESIANPOINT((-120.823639329028,-31.8262285053497));
#3741=IFCCARTESIANPOINT((-111.887069629476,-28.1940182951512));
#3742=IFCCARTESIANPOINT((-36.0082422781561,-28.1949715075898));
#3743=IFCCARTESIANPOINT((-33.9127316296508,-33.2602411116823));
#3744=IFCCARTESIANPOINT((-33.0125021481363,-35.4356373701594));
#3745=IFCCARTESIANPOINT((-36.707379865722,-36.9678487236961));
#3746=IFCCARTESIANPOINT((-32.4118381612352,-47.7654115260229));
#3747=IFCCARTESIANPOINT((-130.777293651161,-87.8712500014226));
#3748=IFCCARTESIANPOINT((-134.999934838386,-77.5249327161));
#3749=IFCCARTESIANPOINT((-109.775993483519,-67.2728986075963));
#3750=IFCCARTESIANPOINT((-106.943734189175,-66.1220878970344));
#3751=IFCCARTESIANPOINT((-107.79729210923,-64.0126216433127));
#3752=IFCPOLYLINE((#3738,#3739,#3740,#3741,#3742,#3743,#3744,#3745,#3746,#3747,#3748,#3749,#3750,#3751));
#3753=IFCARBITRARYCLOSEDPROFILEDEF(.AREA.,$,#3752);
#3754=IFCEXTRUDEDAREASOLID(#3753,#3736,#3737,0.1);
#3755=IFCSHAPEREPRESENTATION(#11,'Body','SweptSolid',(#3754));
#3756=IFCPRODUCTDEFINITIONSHAPE($,$,(#3755));
#3757=IFCSLAB('3hC8Ly3UzBVfTRqtQXfoV$',#5,'NL.IMKAD.KadastraalObject.45150671070000',$,$,#3732,#3756,$,.NOTDEFINED.);
#3758=IFCSTYLEDITEM(#3754,(#1388),$);
#3759=IFCPROPERTYSINGLEVALUE('objectid',$,IFCTEXT('3290449'),$);
#3760=IFCPROPERTYSINGLEVALUE('globalid',$,IFCTEXT('{83EDA4EB-B173-642A-9D37-83093ABA175E}'),$);
#3761=IFCPROPERTYSINGLEVALUE('identificatie',$,IFCTEXT('NL.IMKAD.KadastraalObject.45150671070000'),$);
#3762=IFCPROPERTYSINGLEVALUE('namespace',$,IFCTEXT('NL.IMKAD.KadastraalObject'),$);
#3763=IFCPROPERTYSINGLEVALUE('lokaalid',$,IFCTEXT('45150671070000'),$);
#3764=IFCPROPERTYSINGLEVALUE('begingeldigheid',$,IFCTEXT('1739260001000'),$);
#3765=IFCPROPERTYSINGLEVALUE('tijdstipregistratie',$,IFCTEXT('1739260001000'),$);
#3766=IFCPROPERTYSINGLEVALUE('volgnummer',$,IFCTEXT('0'),$);
#3767=IFCPROPERTYSINGLEVALUE('statushistorie',$,IFCTEXT('G'),$);
#3768=IFCPROPERTYSINGLEVALUE('kadastralegemeentecode',$,IFCTEXT('951'),$);
#3769=IFCPROPERTYSINGLEVALUE('kadastralegemeentewaarde',$,IFCTEXT('Strijp'),$);
#3770=IFCPROPERTYSINGLEVALUE('sectie',$,IFCTEXT('C'),$);
#3771=IFCPROPERTYSINGLEVALUE('perceelnummer',$,IFCTEXT('6710'),$);
#3772=IFCPROPERTYSINGLEVALUE('akrkadastralegemeentecode',$,IFCTEXT('STR03'),$);
#3773=IFCPROPERTYSINGLEVALUE('kadastralegrootte',$,IFCTEXT('3132'),$);
#3774=IFCPROPERTYSINGLEVALUE('soortgrootte',$,IFCTEXT('Vastgesteld'),$);
#3775=IFCPROPERTYSINGLEVALUE('perceelnummerrotatie',$,IFCTEXT('0.0'),$);
#3776=IFCPROPERTYSINGLEVALUE('perceelnummerverschuivingx',$,IFCTEXT('0.0'),$);
#3777=IFCPROPERTYSINGLEVALUE('perceelnummerverschuivingy',$,IFCTEXT('0.0'),$);
#3778=IFCPROPERTYSINGLEVALUE('plaatscoordinatenx',$,IFCTEXT('159987.813'),$);
#3779=IFCPROPERTYSINGLEVALUE('plaatscoordinateny',$,IFCTEXT('384183.729'),$);
#3780=IFCPROPERTYSINGLEVALUE('id',$,IFCTEXT('1'),$);
#3781=IFCPROPERTYSET('3mLgtM9B14uv4TarT$eJLg',#5,'CPset_BRK-Perceel',$,(#3759,#3760,#3761,#3762,#3763,#3764,#3765,#3766,#3767,#3768,#3769,#3770,#3771,#3772,#3773,#3774,#3775,#3776,#3777,#3778,#3779,#3780));
#3782=IFCRELDEFINESBYPROPERTIES('2Vnpnh4Fn8dxeC8Vjo0JEW',#5,$,$,(#3757),#3781);
#3783=IFCCARTESIANPOINT((0.,0.,-0.1));
#3784=IFCDIRECTION((0.,0.,1.));
#3785=IFCDIRECTION((1.,0.,0.));
#3786=IFCAXIS2PLACEMENT3D(#3783,#3784,#3785);
#3787=IFCLOCALPLACEMENT(#37,#3786);
#3788=IFCCARTESIANPOINT((0.,0.,0.));
#3789=IFCDIRECTION((0.,0.,1.));
#3790=IFCDIRECTION((1.,0.,0.));
#3791=IFCAXIS2PLACEMENT3D(#3788,#3789,#3790);
#3792=IFCDIRECTION((0.,0.,1.));
#3793=IFCCARTESIANPOINT((-176.368941455003,7.85496297682403));
#3794=IFCCARTESIANPOINT((-176.356033778313,7.73259716603206));
#3795=IFCCARTESIANPOINT((-176.372958941647,7.61027162038954));
#3796=IFCCARTESIANPOINT((-176.417561801587,7.49529082042864));
#3797=IFCCARTESIANPOINT((-176.490503254259,7.39469487161841));
#3798=IFCCARTESIANPOINT((-176.583863884123,7.3149089536746));
#3799=IFCCARTESIANPOINT((-176.693683978519,7.25914564775303));
#3800=IFCCARTESIANPOINT((-176.81472799278,7.23215774219716));
#3801=IFCCARTESIANPOINT((-176.937777679821,7.23410039447481));
#3802=IFCCARTESIANPOINT((-212.672457619017,7.25866861717077));
#3803=IFCCARTESIANPOINT((-212.764749209047,7.25071484211367));
#3804=IFCCARTESIANPOINT((-212.856339634367,7.26555379410274));
#3805=IFCCARTESIANPOINT((-212.940826697188,7.30307627300499));
#3806=IFCCARTESIANPOINT((-213.013721970259,7.36086276685819));
#3807=IFCCARTESIANPOINT((-213.070272667712,7.43367772811325));
#3808=IFCCARTESIANPOINT((-213.105990357493,7.51910165051231));
#3809=IFCCARTESIANPOINT((-213.120214145369,7.61009442067007));
#3810=IFCCARTESIANPOINT((-213.11113946556,7.70256414671894));
#3811=IFCCARTESIANPOINT((-213.158989132295,70.7936372241238));
#3812=IFCCARTESIANPOINT((-213.157879824896,70.8953022099449));
#3813=IFCCARTESIANPOINT((-213.134483533533,70.9940879075439));
#3814=IFCCARTESIANPOINT((-213.089811741054,71.0856380624464));
#3815=IFCCARTESIANPOINT((-213.026921874523,71.164694147883));
#3816=IFCCARTESIANPOINT((-212.947727694554,71.2289458582527));
#3817=IFCCARTESIANPOINT((-212.856694659189,71.2730024861521));
#3818=IFCCARTESIANPOINT((-212.75804683243,71.2964674896211));
#3819=IFCCARTESIANPOINT((-212.655876106379,71.2975363081205));
#3820=IFCCARTESIANPOINT((-176.8744900288,71.2823241926963));
#3821=IFCCARTESIANPOINT((-176.769526233285,71.2914675869979));
#3822=IFCCARTESIANPOINT((-176.664999247791,71.275002207607));
#3823=IFCCARTESIANPOINT((-176.566673336929,71.2338073584833));
#3824=IFCCARTESIANPOINT((-176.482623079413,71.1706761115929));
#3825=IFCCARTESIANPOINT((-176.415928886185,71.0881601475412));
#3826=IFCCARTESIANPOINT((-176.3707056157,70.9922651226516));
#3827=IFCCARTESIANPOINT((-176.349660121225,70.8891288663726));
#3828=IFCCARTESIANPOINT((-176.354596952908,70.7828432718525));
#3829=IFCCARTESIANPOINT((-176.368941455003,7.85496297682403));
#3830=IFCPOLYLINE((#3793,#3794,#3795,#3796,#3797,#3798,#3799,#3800,#3801,#3802,#3803,#3804,#3805,#3806,#3807,#3808,#3809,#3810,#3811,#3812,#3813,#3814,#3815,#3816,#3817,#3818,#3819,#3820,#3821,#3822,#3823,#3824,#3825,#3826,#3827,#3828,#3829));
#3831=IFCARBITRARYCLOSEDPROFILEDEF(.AREA.,$,#3830);
#3832=IFCEXTRUDEDAREASOLID(#3831,#3791,#3792,0.1);
#3833=IFCSHAPEREPRESENTATION(#11,'Body','SweptSolid',(#3832));
#3834=IFCPRODUCTDEFINITIONSHAPE($,$,(#3833));
#3835=IFCSLAB('2IrnZDawD5jujBNAjUIgBj',#5,'NL.IMKAD.KadastraalObject.45150644770000',$,$,#3787,#3834,$,.NOTDEFINED.);
#3836=IFCSTYLEDITEM(#3832,(#1388),$);
#3837=IFCPROPERTYSINGLEVALUE('objectid',$,IFCTEXT('3290509'),$);
#3838=IFCPROPERTYSINGLEVALUE('globalid',$,IFCTEXT('{7EF89C04-B59F-DFAE-F6FE-095CA97BE7E5}'),$);
#3839=IFCPROPERTYSINGLEVALUE('identificatie',$,IFCTEXT('NL.IMKAD.KadastraalObject.45150644770000'),$);
#3840=IFCPROPERTYSINGLEVALUE('namespace',$,IFCTEXT('NL.IMKAD.KadastraalObject'),$);
#3841=IFCPROPERTYSINGLEVALUE('lokaalid',$,IFCTEXT('45150644770000'),$);
#3842=IFCPROPERTYSINGLEVALUE('begingeldigheid',$,IFCTEXT('1751616230000'),$);
#3843=IFCPROPERTYSINGLEVALUE('tijdstipregistratie',$,IFCTEXT('1751616230000'),$);
#3844=IFCPROPERTYSINGLEVALUE('volgnummer',$,IFCTEXT('0'),$);
#3845=IFCPROPERTYSINGLEVALUE('statushistorie',$,IFCTEXT('G'),$);
#3846=IFCPROPERTYSINGLEVALUE('kadastralegemeentecode',$,IFCTEXT('951'),$);
#3847=IFCPROPERTYSINGLEVALUE('kadastralegemeentewaarde',$,IFCTEXT('Strijp'),$);
#3848=IFCPROPERTYSINGLEVALUE('sectie',$,IFCTEXT('C'),$);
#3849=IFCPROPERTYSINGLEVALUE('perceelnummer',$,IFCTEXT('6447'),$);
#3850=IFCPROPERTYSINGLEVALUE('akrkadastralegemeentecode',$,IFCTEXT('STR03'),$);
#3851=IFCPROPERTYSINGLEVALUE('kadastralegrootte',$,IFCTEXT('2355'),$);
#3852=IFCPROPERTYSINGLEVALUE('soortgrootte',$,IFCTEXT('Vastgesteld'),$);
#3853=IFCPROPERTYSINGLEVALUE('perceelnummerrotatie',$,IFCTEXT('0.0'),$);
#3854=IFCPROPERTYSINGLEVALUE('perceelnummerverschuivingx',$,IFCTEXT('0.0'),$);
#3855=IFCPROPERTYSINGLEVALUE('perceelnummerverschuivingy',$,IFCTEXT('0.0'),$);
#3856=IFCPROPERTYSINGLEVALUE('plaatscoordinatenx',$,IFCTEXT('159956.442'),$);
#3857=IFCPROPERTYSINGLEVALUE('plaatscoordinateny',$,IFCTEXT('384313.632'),$);
#3858=IFCPROPERTYSINGLEVALUE('id',$,IFCTEXT('1'),$);
#3859=IFCPROPERTYSET('2qzn7crYf5jPaQELyrdy4I',#5,'CPset_BRK-Perceel',$,(#3837,#3838,#3839,#3840,#3841,#3842,#3843,#3844,#3845,#3846,#3847,#3848,#3849,#3850,#3851,#3852,#3853,#3854,#3855,#3856,#3857,#3858));
#3860=IFCRELDEFINESBYPROPERTIES('3FjOwDNVfCHeiGzu8Sw3hY',#5,$,$,(#3835),#3859);
#3861=IFCCARTESIANPOINT((0.,0.,-0.1));
#3862=IFCDIRECTION((0.,0.,1.));
#3863=IFCDIRECTION((1.,0.,0.));
#3864=IFCAXIS2PLACEMENT3D(#3861,#3862,#3863);
#3865=IFCLOCALPLACEMENT(#37,#3864);
#3866=IFCCARTESIANPOINT((0.,0.,0.));
#3867=IFCDIRECTION((0.,0.,1.));
#3868=IFCDIRECTION((1.,0.,0.));
#3869=IFCAXIS2PLACEMENT3D(#3866,#3867,#3868);
#3870=IFCDIRECTION((0.,0.,1.));
#3871=IFCCARTESIANPOINT((-12.6804684600502,19.8528718713205));
#3872=IFCCARTESIANPOINT((-15.8301635824319,19.8441174198524));
#3873=IFCCARTESIANPOINT((-15.8384327385284,6.98772630043095));
#3874=IFCCARTESIANPOINT((-46.8351909345947,7.0039552761009));
#3875=IFCCARTESIANPOINT((-69.1800176600809,6.73937324102735));
#3876=IFCCARTESIANPOINT((-79.7855493827665,6.76079447567463));
#3877=IFCCARTESIANPOINT((-89.3407881617604,6.73805993009591));
#3878=IFCCARTESIANPOINT((-99.9695953754708,6.75019399280427));
#3879=IFCCARTESIANPOINT((-122.342576422874,6.78552083612885));
#3880=IFCCARTESIANPOINT((-153.299249079631,6.79841073398711));
#3881=IFCCARTESIANPOINT((-153.303709417087,55.7943544665468));
#3882=IFCCARTESIANPOINT((-151.886583397456,55.7917377550039));
#3883=IFCCARTESIANPOINT((-151.819745866378,77.9425385246286));
#3884=IFCCARTESIANPOINT((-153.29768122948,77.9422875429154));
#3885=IFCCARTESIANPOINT((-153.845864411298,84.9240924820188));
#3886=IFCCARTESIANPOINT((-15.8894529033278,85.03919599863));
#3887=IFCCARTESIANPOINT((-15.8642412015179,57.6258153529488));
#3888=IFCCARTESIANPOINT((-15.9166508112685,55.725329564244));
#3889=IFCCARTESIANPOINT((-15.9156911958416,55.6167566427612));
#3890=IFCCARTESIANPOINT((-15.8069860946562,55.616308237717));
#3891=IFCCARTESIANPOINT((-15.8072340548097,54.9607558428543));
#3892=IFCCARTESIANPOINT((-12.6575389330101,54.9695102995611));
#3893=IFCCARTESIANPOINT((-12.6804684600502,19.8528718713205));
#3894=IFCPOLYLINE((#3871,#3872,#3873,#3874,#3875,#3876,#3877,#3878,#3879,#3880,#3881,#3882,#3883,#3884,#3885,#3886,#3887,#3888,#3889,#3890,#3891,#3892,#3893));
#3895=IFCARBITRARYCLOSEDPROFILEDEF(.AREA.,$,#3894);
#3896=IFCEXTRUDEDAREASOLID(#3895,#3869,#3870,0.1);
#3897=IFCSHAPEREPRESENTATION(#11,'Body','SweptSolid',(#3896));
#3898=IFCPRODUCTDEFINITIONSHAPE($,$,(#3897));
#3899=IFCSLAB('2fnMDWg_v77OQQjHy5tb5m',#5,'NL.IMKAD.KadastraalObject.45150589270000',$,$,#3865,#3898,$,.NOTDEFINED.);
#3900=IFCSTYLEDITEM(#3896,(#1388),$);
#3901=IFCPROPERTYSINGLEVALUE('objectid',$,IFCTEXT('3290523'),$);
#3902=IFCPROPERTYSINGLEVALUE('globalid',$,IFCTEXT('{21D18A68-8CC6-8AC1-CE54-4013CBC94F84}'),$);
#3903=IFCPROPERTYSINGLEVALUE('identificatie',$,IFCTEXT('NL.IMKAD.KadastraalObject.45150589270000'),$);
#3904=IFCPROPERTYSINGLEVALUE('namespace',$,IFCTEXT('NL.IMKAD.KadastraalObject'),$);
#3905=IFCPROPERTYSINGLEVALUE('lokaalid',$,IFCTEXT('45150589270000'),$);
#3906=IFCPROPERTYSINGLEVALUE('begingeldigheid',$,IFCTEXT('1755758546000'),$);
#3907=IFCPROPERTYSINGLEVALUE('tijdstipregistratie',$,IFCTEXT('1755758546000'),$);
#3908=IFCPROPERTYSINGLEVALUE('volgnummer',$,IFCTEXT('0'),$);
#3909=IFCPROPERTYSINGLEVALUE('statushistorie',$,IFCTEXT('G'),$);
#3910=IFCPROPERTYSINGLEVALUE('kadastralegemeentecode',$,IFCTEXT('951'),$);
#3911=IFCPROPERTYSINGLEVALUE('kadastralegemeentewaarde',$,IFCTEXT('Strijp'),$);
#3912=IFCPROPERTYSINGLEVALUE('sectie',$,IFCTEXT('C'),$);
#3913=IFCPROPERTYSINGLEVALUE('perceelnummer',$,IFCTEXT('5892'),$);
#3914=IFCPROPERTYSINGLEVALUE('akrkadastralegemeentecode',$,IFCTEXT('STR03'),$);
#3915=IFCPROPERTYSINGLEVALUE('kadastralegrootte',$,IFCTEXT('10820'),$);
#3916=IFCPROPERTYSINGLEVALUE('soortgrootte',$,IFCTEXT('Vastgesteld'),$);
#3917=IFCPROPERTYSINGLEVALUE('perceelnummerrotatie',$,IFCTEXT('0.0'),$);
#3918=IFCPROPERTYSINGLEVALUE('perceelnummerverschuivingx',$,IFCTEXT('0.0'),$);
#3919=IFCPROPERTYSINGLEVALUE('perceelnummerverschuivingy',$,IFCTEXT('0.0'),$);
#3920=IFCPROPERTYSINGLEVALUE('plaatscoordinatenx',$,IFCTEXT('160051.144'),$);
#3921=IFCPROPERTYSINGLEVALUE('plaatscoordinateny',$,IFCTEXT('384249.752'),$);
#3922=IFCPROPERTYSINGLEVALUE('id',$,IFCTEXT('1'),$);
#3923=IFCPROPERTYSET('1LD7nhnOfEjOhWjoxnxBYm',#5,'CPset_BRK-Perceel',$,(#3901,#3902,#3903,#3904,#3905,#3906,#3907,#3908,#3909,#3910,#3911,#3912,#3913,#3914,#3915,#3916,#3917,#3918,#3919,#3920,#3921,#3922));
#3924=IFCRELDEFINESBYPROPERTIES('3FWYZGCZH2qQXnC5zKVVAq',#5,$,$,(#3899),#3923);
#3925=IFCCARTESIANPOINT((0.,0.,-0.1));
#3926=IFCDIRECTION((0.,0.,1.));
#3927=IFCDIRECTION((1.,0.,0.));
#3928=IFCAXIS2PLACEMENT3D(#3925,#3926,#3927);
#3929=IFCLOCALPLACEMENT(#37,#3928);
#3930=IFCCARTESIANPOINT((0.,0.,0.));
#3931=IFCDIRECTION((0.,0.,1.));
#3932=IFCDIRECTION((1.,0.,0.));
#3933=IFCAXIS2PLACEMENT3D(#3930,#3931,#3932);
#3934=IFCDIRECTION((0.,0.,1.));
#3935=IFCCARTESIANPOINT((-296.440688888397,-60.023958078993));
#3936=IFCCARTESIANPOINT((-296.4591310572,-59.9788151232642));
#3937=IFCCARTESIANPOINT((-296.260783652222,-59.8976960293367));
#3938=IFCCARTESIANPOINT((-296.345270494203,-59.6861706763157));
#3939=IFCCARTESIANPOINT((-296.146285169321,-59.6042814770481));
#3940=IFCCARTESIANPOINT((-284.101858595881,-89.2943952326896));
#3941=IFCCARTESIANPOINT((-284.592680617905,-88.8878177246661));
#3942=IFCCARTESIANPOINT((-296.440688888397,-60.023958078993));
#3943=IFCPOLYLINE((#3935,#3936,#3937,#3938,#3939,#3940,#3941,#3942));
#3944=IFCARBITRARYCLOSEDPROFILEDEF(.AREA.,$,#3943);
#3945=IFCEXTRUDEDAREASOLID(#3944,#3933,#3934,0.1);
#3946=IFCSHAPEREPRESENTATION(#11,'Body','SweptSolid',(#3945));
#3947=IFCPRODUCTDEFINITIONSHAPE($,$,(#3946));
#3948=IFCSLAB('24gWGm4s16a9Te2LOuxCV0',#5,'NL.IMKAD.KadastraalObject.45150599670000',$,$,#3929,#3947,$,.NOTDEFINED.);
#3949=IFCSTYLEDITEM(#3945,(#1388),$);
#3950=IFCPROPERTYSINGLEVALUE('objectid',$,IFCTEXT('3290529'),$);
#3951=IFCPROPERTYSINGLEVALUE('globalid',$,IFCTEXT('{DA999AE4-01DC-67DA-5594-B0A206DF555C}'),$);
#3952=IFCPROPERTYSINGLEVALUE('identificatie',$,IFCTEXT('NL.IMKAD.KadastraalObject.45150599670000'),$);
#3953=IFCPROPERTYSINGLEVALUE('namespace',$,IFCTEXT('NL.IMKAD.KadastraalObject'),$);
#3954=IFCPROPERTYSINGLEVALUE('lokaalid',$,IFCTEXT('45150599670000'),$);
#3955=IFCPROPERTYSINGLEVALUE('begingeldigheid',$,IFCTEXT('1755841099000'),$);
#3956=IFCPROPERTYSINGLEVALUE('tijdstipregistratie',$,IFCTEXT('1755841099000'),$);
#3957=IFCPROPERTYSINGLEVALUE('volgnummer',$,IFCTEXT('0'),$);
#3958=IFCPROPERTYSINGLEVALUE('statushistorie',$,IFCTEXT('G'),$);
#3959=IFCPROPERTYSINGLEVALUE('kadastralegemeentecode',$,IFCTEXT('951'),$);
#3960=IFCPROPERTYSINGLEVALUE('kadastralegemeentewaarde',$,IFCTEXT('Strijp'),$);
#3961=IFCPROPERTYSINGLEVALUE('sectie',$,IFCTEXT('C'),$);
#3962=IFCPROPERTYSINGLEVALUE('perceelnummer',$,IFCTEXT('5996'),$);
#3963=IFCPROPERTYSINGLEVALUE('akrkadastralegemeentecode',$,IFCTEXT('STR03'),$);
#3964=IFCPROPERTYSINGLEVALUE('kadastralegrootte',$,IFCTEXT('14'),$);
#3965=IFCPROPERTYSINGLEVALUE('soortgrootte',$,IFCTEXT('Voorlopig'),$);
#3966=IFCPROPERTYSINGLEVALUE('perceelnummerrotatie',$,IFCTEXT('0.0'),$);
#3967=IFCPROPERTYSINGLEVALUE('perceelnummerverschuivingx',$,IFCTEXT('0.0'),$);
#3968=IFCPROPERTYSINGLEVALUE('perceelnummerverschuivingy',$,IFCTEXT('0.0'),$);
#3969=IFCPROPERTYSINGLEVALUE('plaatscoordinatenx',$,IFCTEXT('159827.737'),$);
#3970=IFCPROPERTYSINGLEVALUE('plaatscoordinateny',$,IFCTEXT('384330.014'),$);
#3971=IFCPROPERTYSINGLEVALUE('id',$,IFCTEXT('1'),$);
#3972=IFCPROPERTYSET('3PMONQj9fC5fuSCaEj$paq',#5,'CPset_BRK-Perceel',$,(#3950,#3951,#3952,#3953,#3954,#3955,#3956,#3957,#3958,#3959,#3960,#3961,#3962,#3963,#3964,#3965,#3966,#3967,#3968,#3969,#3970,#3971));
#3973=IFCRELDEFINESBYPROPERTIES('1dk4Z0k1H78uBCUTk0KNwQ',#5,$,$,(#3948),#3972);
#3974=IFCCARTESIANPOINT((0.,0.,-0.1));
#3975=IFCDIRECTION((0.,0.,1.));
#3976=IFCDIRECTION((1.,0.,0.));
#3977=IFCAXIS2PLACEMENT3D(#3974,#3975,#3976);
#3978=IFCLOCALPLACEMENT(#37,#3977);
#3979=IFCCARTESIANPOINT((0.,0.,0.));
#3980=IFCDIRECTION((0.,0.,1.));
#3981=IFCDIRECTION((1.,0.,0.));
#3982=IFCAXIS2PLACEMENT3D(#3979,#3980,#3981);
#3983=IFCDIRECTION((0.,0.,1.));
#3984=IFCCARTESIANPOINT((-309.53133581797,-65.3429914492881));
#3985=IFCCARTESIANPOINT((-309.549777983921,-65.2978484959458));
#3986=IFCCARTESIANPOINT((-313.089288911229,-56.6224585089949));
#3987=IFCCARTESIANPOINT((-300.024538091558,-51.2923620716319));
#3988=IFCCARTESIANPOINT((-296.4591310572,-59.9788151232642));
#3989=IFCCARTESIANPOINT((-296.440688888397,-60.023958078993));
#3990=IFCCARTESIANPOINT((-309.53133581797,-65.3429914492881));
#3991=IFCPOLYLINE((#3984,#3985,#3986,#3987,#3988,#3989,#3990));
#3992=IFCARBITRARYCLOSEDPROFILEDEF(.AREA.,$,#3991);
#3993=IFCEXTRUDEDAREASOLID(#3992,#3982,#3983,0.1);
#3994=IFCSHAPEREPRESENTATION(#11,'Body','SweptSolid',(#3993));
#3995=IFCPRODUCTDEFINITIONSHAPE($,$,(#3994));
#3996=IFCSLAB('1vq10Cl1r0LQwVdxpo7FBz',#5,'NL.IMKAD.KadastraalObject.45150600170000',$,$,#3978,#3995,$,.NOTDEFINED.);
#3997=IFCSTYLEDITEM(#3993,(#1388),$);
#3998=IFCPROPERTYSINGLEVALUE('objectid',$,IFCTEXT('3290533'),$);
#3999=IFCPROPERTYSINGLEVALUE('globalid',$,IFCTEXT('{53916308-49B0-DD4A-257E-D825DCB8078F}'),$);
#4000=IFCPROPERTYSINGLEVALUE('identificatie',$,IFCTEXT('NL.IMKAD.KadastraalObject.45150600170000'),$);
#4001=IFCPROPERTYSINGLEVALUE('namespace',$,IFCTEXT('NL.IMKAD.KadastraalObject'),$);
#4002=IFCPROPERTYSINGLEVALUE('lokaalid',$,IFCTEXT('45150600170000'),$);
#4003=IFCPROPERTYSINGLEVALUE('begingeldigheid',$,IFCTEXT('1755841099000'),$);
#4004=IFCPROPERTYSINGLEVALUE('tijdstipregistratie',$,IFCTEXT('1755841099000'),$);
#4005=IFCPROPERTYSINGLEVALUE('volgnummer',$,IFCTEXT('0'),$);
#4006=IFCPROPERTYSINGLEVALUE('statushistorie',$,IFCTEXT('G'),$);
#4007=IFCPROPERTYSINGLEVALUE('kadastralegemeentecode',$,IFCTEXT('951'),$);
#4008=IFCPROPERTYSINGLEVALUE('kadastralegemeentewaarde',$,IFCTEXT('Strijp'),$);
#4009=IFCPROPERTYSINGLEVALUE('sectie',$,IFCTEXT('C'),$);
#4010=IFCPROPERTYSINGLEVALUE('perceelnummer',$,IFCTEXT('6001'),$);
#4011=IFCPROPERTYSINGLEVALUE('akrkadastralegemeentecode',$,IFCTEXT('STR03'),$);
#4012=IFCPROPERTYSINGLEVALUE('kadastralegrootte',$,IFCTEXT('133'),$);
#4013=IFCPROPERTYSINGLEVALUE('soortgrootte',$,IFCTEXT('Vastgesteld'),$);
#4014=IFCPROPERTYSINGLEVALUE('perceelnummerrotatie',$,IFCTEXT('0.0'),$);
#4015=IFCPROPERTYSINGLEVALUE('perceelnummerverschuivingx',$,IFCTEXT('0.0'),$);
#4016=IFCPROPERTYSINGLEVALUE('perceelnummerverschuivingy',$,IFCTEXT('0.0'),$);
#4017=IFCPROPERTYSINGLEVALUE('plaatscoordinatenx',$,IFCTEXT('159832.269'),$);
#4018=IFCPROPERTYSINGLEVALUE('plaatscoordinateny',$,IFCTEXT('384353.91'),$);
#4019=IFCPROPERTYSINGLEVALUE('id',$,IFCTEXT('1'),$);
#4020=IFCPROPERTYSET('1D$hXhH9j1tgw8EjRg3CjM',#5,'CPset_BRK-Perceel',$,(#3998,#3999,#4000,#4001,#4002,#4003,#4004,#4005,#4006,#4007,#4008,#4009,#4010,#4011,#4012,#4013,#4014,#4015,#4016,#4017,#4018,#4019));
#4021=IFCRELDEFINESBYPROPERTIES('1e3UofcDb6hemzboJKCTCu',#5,$,$,(#3996),#4020);
#4022=IFCCARTESIANPOINT((0.,0.,-0.1));
#4023=IFCDIRECTION((0.,0.,1.));
#4024=IFCDIRECTION((1.,0.,0.));
#4025=IFCAXIS2PLACEMENT3D(#4022,#4023,#4024);
#4026=IFCLOCALPLACEMENT(#37,#4025);
#4027=IFCCARTESIANPOINT((0.,0.,0.));
#4028=IFCDIRECTION((0.,0.,1.));
#4029=IFCDIRECTION((1.,0.,0.));
#4030=IFCAXIS2PLACEMENT3D(#4027,#4028,#4029);
#4031=IFCDIRECTION((0.,0.,1.));
#4032=IFCCARTESIANPOINT((-21.3702483230445,-28.1467841034173));
#4033=IFCCARTESIANPOINT((-9.30668649580912,-57.7410751424613));
#4034=IFCCARTESIANPOINT((-22.0858844023023,-62.9506164643099));
#4035=IFCCARTESIANPOINT((-28.8651017825759,-46.3195491276565));
#4036=IFCCARTESIANPOINT((-32.4118381612352,-47.7654115260229));
#4037=IFCCARTESIANPOINT((-36.707379865722,-36.9678487236961));
#4038=IFCCARTESIANPOINT((-33.0125021481363,-35.4356373701594));
#4039=IFCCARTESIANPOINT((-33.9127316296508,-33.2602411116823));
#4040=IFCCARTESIANPOINT((-21.3702483230445,-28.1467841034173));
#4041=IFCPOLYLINE((#4032,#4033,#4034,#4035,#4036,#4037,#4038,#4039,#4040));
#4042=IFCARBITRARYCLOSEDPROFILEDEF(.AREA.,$,#4041);
#4043=IFCEXTRUDEDAREASOLID(#4042,#4030,#4031,0.1);
#4044=IFCSHAPEREPRESENTATION(#11,'Body','SweptSolid',(#4043));
#4045=IFCPRODUCTDEFINITIONSHAPE($,$,(#4044));
#4046=IFCSLAB('0kJ1gDaMf95eXg$R6ITrl7',#5,'NL.IMKAD.KadastraalObject.45150577270000',$,$,#4026,#4045,$,.NOTDEFINED.);
#4047=IFCSTYLEDITEM(#4043,(#1388),$);
#4048=IFCPROPERTYSINGLEVALUE('objectid',$,IFCTEXT('3300333'),$);
#4049=IFCPROPERTYSINGLEVALUE('globalid',$,IFCTEXT('{8342EDBA-5FFB-7F98-A6D8-F6AA02AAED15}'),$);
#4050=IFCPROPERTYSINGLEVALUE('identificatie',$,IFCTEXT('NL.IMKAD.KadastraalObject.45150577270000'),$);
#4051=IFCPROPERTYSINGLEVALUE('namespace',$,IFCTEXT('NL.IMKAD.KadastraalObject'),$);
#4052=IFCPROPERTYSINGLEVALUE('lokaalid',$,IFCTEXT('45150577270000'),$);
#4053=IFCPROPERTYSINGLEVALUE('begingeldigheid',$,IFCTEXT('1412587927000'),$);
#4054=IFCPROPERTYSINGLEVALUE('tijdstipregistratie',$,IFCTEXT('1412587927000'),$);
#4055=IFCPROPERTYSINGLEVALUE('volgnummer',$,IFCTEXT('0'),$);
#4056=IFCPROPERTYSINGLEVALUE('statushistorie',$,IFCTEXT('G'),$);
#4057=IFCPROPERTYSINGLEVALUE('kadastralegemeentecode',$,IFCTEXT('951'),$);
#4058=IFCPROPERTYSINGLEVALUE('kadastralegemeentewaarde',$,IFCTEXT('Strijp'),$);
#4059=IFCPROPERTYSINGLEVALUE('sectie',$,IFCTEXT('C'),$);
#4060=IFCPROPERTYSINGLEVALUE('perceelnummer',$,IFCTEXT('5772'),$);
#4061=IFCPROPERTYSINGLEVALUE('akrkadastralegemeentecode',$,IFCTEXT('STR03'),$);
#4062=IFCPROPERTYSINGLEVALUE('kadastralegrootte',$,IFCTEXT('480'),$);
#4063=IFCPROPERTYSINGLEVALUE('soortgrootte',$,IFCTEXT('Vastgesteld'),$);
#4064=IFCPROPERTYSINGLEVALUE('perceelnummerrotatie',$,IFCTEXT('0.0'),$);
#4065=IFCPROPERTYSINGLEVALUE('perceelnummerverschuivingx',$,IFCTEXT('0.0'),$);
#4066=IFCPROPERTYSINGLEVALUE('perceelnummerverschuivingy',$,IFCTEXT('0.0'),$);
#4067=IFCPROPERTYSINGLEVALUE('plaatscoordinatenx',$,IFCTEXT('160023.622'),$);
#4068=IFCPROPERTYSINGLEVALUE('plaatscoordinateny',$,IFCTEXT('384144.75'),$);
#4069=IFCPROPERTYSINGLEVALUE('id',$,IFCTEXT('1'),$);
#4070=IFCPROPERTYSET('0LnA_upeXBuACXmUwLKEsR',#5,'CPset_BRK-Perceel',$,(#4048,#4049,#4050,#4051,#4052,#4053,#4054,#4055,#4056,#4057,#4058,#4059,#4060,#4061,#4062,#4063,#4064,#4065,#4066,#4067,#4068,#4069));
#4071=IFCRELDEFINESBYPROPERTIES('2qzxrLVNj4bxKuUxqxG7Tl',#5,$,$,(#4046),#4070);
#4072=IFCCARTESIANPOINT((0.,0.,-0.1));
#4073=IFCDIRECTION((0.,0.,1.));
#4074=IFCDIRECTION((1.,0.,0.));
#4075=IFCAXIS2PLACEMENT3D(#4072,#4073,#4074);
#4076=IFCLOCALPLACEMENT(#37,#4075);
#4077=IFCCARTESIANPOINT((0.,0.,0.));
#4078=IFCDIRECTION((0.,0.,1.));
#4079=IFCDIRECTION((1.,0.,0.));
#4080=IFCAXIS2PLACEMENT3D(#4077,#4078,#4079);
#4081=IFCDIRECTION((0.,0.,1.));
#4082=IFCCARTESIANPOINT((54.3748261409637,55.6117818976636));
#4083=IFCCARTESIANPOINT((54.3754353963595,55.6658154856996));
#4084=IFCCARTESIANPOINT((65.3966441859666,55.6649508487317));
#4085=IFCCARTESIANPOINT((76.9915848856908,55.6653900548699));
#4086=IFCCARTESIANPOINT((88.0915337591141,55.6655253014178));
#4087=IFCCARTESIANPOINT((88.0914414882136,14.919020054047));
#4088=IFCCARTESIANPOINT((54.3619022866187,11.56725066941));
#4089=IFCCARTESIANPOINT((54.3672633510141,28.8501434053178));
#4090=IFCCARTESIANPOINT((51.3665772732638,28.850405853882));
#4091=IFCCARTESIANPOINT((51.3755480865657,55.6121765235439));
#4092=IFCCARTESIANPOINT((54.3748261409637,55.6117818976636));
#4093=IFCPOLYLINE((#4082,#4083,#4084,#4085,#4086,#4087,#4088,#4089,#4090,#4091,#4092));
#4094=IFCARBITRARYCLOSEDPROFILEDEF(.AREA.,$,#4093);
#4095=IFCEXTRUDEDAREASOLID(#4094,#4080,#4081,0.1);
#4096=IFCSHAPEREPRESENTATION(#11,'Body','SweptSolid',(#4095));
#4097=IFCPRODUCTDEFINITIONSHAPE($,$,(#4096));
#4098=IFCSLAB('14TfqmSmX4Y8E9rweEDDaS',#5,'NL.IMKAD.KadastraalObject.45150633570000',$,$,#4076,#4097,$,.NOTDEFINED.);
#4099=IFCSTYLEDITEM(#4095,(#1388),$);
#4100=IFCPROPERTYSINGLEVALUE('objectid',$,IFCTEXT('3300717'),$);
#4101=IFCPROPERTYSINGLEVALUE('globalid',$,IFCTEXT('{6A0CFFFB-382D-91C3-AA90-6FF3D3FA85AA}'),$);
#4102=IFCPROPERTYSINGLEVALUE('identificatie',$,IFCTEXT('NL.IMKAD.KadastraalObject.45150633570000'),$);
#4103=IFCPROPERTYSINGLEVALUE('namespace',$,IFCTEXT('NL.IMKAD.KadastraalObject'),$);
#4104=IFCPROPERTYSINGLEVALUE('lokaalid',$,IFCTEXT('45150633570000'),$);
#4105=IFCPROPERTYSINGLEVALUE('begingeldigheid',$,IFCTEXT('1754990192000'),$);
#4106=IFCPROPERTYSINGLEVALUE('tijdstipregistratie',$,IFCTEXT('1754990192000'),$);
#4107=IFCPROPERTYSINGLEVALUE('volgnummer',$,IFCTEXT('0'),$);
#4108=IFCPROPERTYSINGLEVALUE('statushistorie',$,IFCTEXT('G'),$);
#4109=IFCPROPERTYSINGLEVALUE('kadastralegemeentecode',$,IFCTEXT('951'),$);
#4110=IFCPROPERTYSINGLEVALUE('kadastralegemeentewaarde',$,IFCTEXT('Strijp'),$);
#4111=IFCPROPERTYSINGLEVALUE('sectie',$,IFCTEXT('C'),$);
#4112=IFCPROPERTYSINGLEVALUE('perceelnummer',$,IFCTEXT('6335'),$);
#4113=IFCPROPERTYSINGLEVALUE('akrkadastralegemeentecode',$,IFCTEXT('STR03'),$);
#4114=IFCPROPERTYSINGLEVALUE('kadastralegrootte',$,IFCTEXT('1510'),$);
#4115=IFCPROPERTYSINGLEVALUE('soortgrootte',$,IFCTEXT('Vastgesteld'),$);
#4116=IFCPROPERTYSINGLEVALUE('perceelnummerrotatie',$,IFCTEXT('0.0'),$);
#4117=IFCPROPERTYSINGLEVALUE('perceelnummerverschuivingx',$,IFCTEXT('0.0'),$);
#4118=IFCPROPERTYSINGLEVALUE('perceelnummerverschuivingy',$,IFCTEXT('0.0'),$);
#4119=IFCPROPERTYSINGLEVALUE('plaatscoordinatenx',$,IFCTEXT('160143.143'),$);
#4120=IFCPROPERTYSINGLEVALUE('plaatscoordinateny',$,IFCTEXT('384124.527'),$);
#4121=IFCPROPERTYSINGLEVALUE('id',$,IFCTEXT('1'),$);
#4122=IFCPROPERTYSET('0$4eBdNVj0dQlAj44R5q$R',#5,'CPset_BRK-Perceel',$,(#4100,#4101,#4102,#4103,#4104,#4105,#4106,#4107,#4108,#4109,#4110,#4111,#4112,#4113,#4114,#4115,#4116,#4117,#4118,#4119,#4120,#4121));
#4123=IFCRELDEFINESBYPROPERTIES('0ON2J3y496tPDr7_yHvZFX',#5,$,$,(#4098),#4122);
#4124=IFCCARTESIANPOINT((0.,0.,-0.1));
#4125=IFCDIRECTION((0.,0.,1.));
#4126=IFCDIRECTION((1.,0.,0.));
#4127=IFCAXIS2PLACEMENT3D(#4124,#4125,#4126);
#4128=IFCLOCALPLACEMENT(#37,#4127);
#4129=IFCCARTESIANPOINT((0.,0.,0.));
#4130=IFCDIRECTION((0.,0.,1.));
#4131=IFCDIRECTION((1.,0.,0.));
#4132=IFCAXIS2PLACEMENT3D(#4129,#4130,#4131);
#4133=IFCDIRECTION((0.,0.,1.));
#4134=IFCCARTESIANPOINT((108.931373524101,55.6808719986002));
#4135=IFCCARTESIANPOINT((109.798968386371,55.6763824594091));
#4136=IFCCARTESIANPOINT((109.798652158643,55.5662693349295));
#4137=IFCCARTESIANPOINT((139.038243961986,55.5434622503817));
#4138=IFCCARTESIANPOINT((139.037922269345,55.6528052748181));
#4139=IFCCARTESIANPOINT((139.903580388898,55.6538156456081));
#4140=IFCCARTESIANPOINT((139.917237587797,21.4184384851833));
#4141=IFCCARTESIANPOINT((108.934577044798,17.0781072032987));
#4142=IFCCARTESIANPOINT((108.933590582135,32.1665476807975));
#4143=IFCCARTESIANPOINT((105.833308441419,32.1610115010408));
#4144=IFCCARTESIANPOINT((105.831867174624,55.6292446241132));
#4145=IFCCARTESIANPOINT((108.931643575168,55.6326026779716));
#4146=IFCCARTESIANPOINT((108.931373524101,55.6808719986002));
#4147=IFCPOLYLINE((#4134,#4135,#4136,#4137,#4138,#4139,#4140,#4141,#4142,#4143,#4144,#4145,#4146));
#4148=IFCARBITRARYCLOSEDPROFILEDEF(.AREA.,$,#4147);
#4149=IFCEXTRUDEDAREASOLID(#4148,#4132,#4133,0.1);
#4150=IFCSHAPEREPRESENTATION(#11,'Body','SweptSolid',(#4149));
#4151=IFCPRODUCTDEFINITIONSHAPE($,$,(#4150));
#4152=IFCSLAB('2W_kxzHpbDM8HMhvwBzvGK',#5,'NL.IMKAD.KadastraalObject.45150640470000',$,$,#4128,#4151,$,.NOTDEFINED.);
#4153=IFCSTYLEDITEM(#4149,(#1388),$);
#4154=IFCPROPERTYSINGLEVALUE('objectid',$,IFCTEXT('3300726'),$);
#4155=IFCPROPERTYSINGLEVALUE('globalid',$,IFCTEXT('{F7E7CE25-3EAD-B090-0225-4D5137534F8E}'),$);
#4156=IFCPROPERTYSINGLEVALUE('identificatie',$,IFCTEXT('NL.IMKAD.KadastraalObject.45150640470000'),$);
#4157=IFCPROPERTYSINGLEVALUE('namespace',$,IFCTEXT('NL.IMKAD.KadastraalObject'),$);
#4158=IFCPROPERTYSINGLEVALUE('lokaalid',$,IFCTEXT('45150640470000'),$);
#4159=IFCPROPERTYSINGLEVALUE('begingeldigheid',$,IFCTEXT('1754990192000'),$);
#4160=IFCPROPERTYSINGLEVALUE('tijdstipregistratie',$,IFCTEXT('1754990192000'),$);
#4161=IFCPROPERTYSINGLEVALUE('volgnummer',$,IFCTEXT('0'),$);
#4162=IFCPROPERTYSINGLEVALUE('statushistorie',$,IFCTEXT('G'),$);
#4163=IFCPROPERTYSINGLEVALUE('kadastralegemeentecode',$,IFCTEXT('951'),$);
#4164=IFCPROPERTYSINGLEVALUE('kadastralegemeentewaarde',$,IFCTEXT('Strijp'),$);
#4165=IFCPROPERTYSINGLEVALUE('sectie',$,IFCTEXT('C'),$);
#4166=IFCPROPERTYSINGLEVALUE('perceelnummer',$,IFCTEXT('6404'),$);
#4167=IFCPROPERTYSINGLEVALUE('akrkadastralegemeentecode',$,IFCTEXT('STR03'),$);
#4168=IFCPROPERTYSINGLEVALUE('kadastralegrootte',$,IFCTEXT('1200'),$);
#4169=IFCPROPERTYSINGLEVALUE('soortgrootte',$,IFCTEXT('Vastgesteld'),$);
#4170=IFCPROPERTYSINGLEVALUE('perceelnummerrotatie',$,IFCTEXT('0.0'),$);
#4171=IFCPROPERTYSINGLEVALUE('perceelnummerverschuivingx',$,IFCTEXT('0.0'),$);
#4172=IFCPROPERTYSINGLEVALUE('perceelnummerverschuivingy',$,IFCTEXT('0.0'),$);
#4173=IFCPROPERTYSINGLEVALUE('plaatscoordinatenx',$,IFCTEXT('160179.283'),$);
#4174=IFCPROPERTYSINGLEVALUE('plaatscoordinateny',$,IFCTEXT('384085.664'),$);
#4175=IFCPROPERTYSINGLEVALUE('id',$,IFCTEXT('1'),$);
#4176=IFCPROPERTYSET('3dziLm1dH4Z8ULMJylULqd',#5,'CPset_BRK-Perceel',$,(#4154,#4155,#4156,#4157,#4158,#4159,#4160,#4161,#4162,#4163,#4164,#4165,#4166,#4167,#4168,#4169,#4170,#4171,#4172,#4173,#4174,#4175));
#4177=IFCRELDEFINESBYPROPERTIES('3wCP9IkfzEzOI_siDFQpPf',#5,$,$,(#4152),#4176);
#4178=IFCCARTESIANPOINT((0.,0.,-0.1));
#4179=IFCDIRECTION((0.,0.,1.));
#4180=IFCDIRECTION((1.,0.,0.));
#4181=IFCAXIS2PLACEMENT3D(#4178,#4179,#4180);
#4182=IFCLOCALPLACEMENT(#37,#4181);
#4183=IFCCARTESIANPOINT((0.,0.,0.));
#4184=IFCDIRECTION((0.,0.,1.));
#4185=IFCDIRECTION((1.,0.,0.));
#4186=IFCAXIS2PLACEMENT3D(#4183,#4184,#4185);
#4187=IFCDIRECTION((0.,0.,1.));
#4188=IFCCARTESIANPOINT((43.244343258295,10.5896258397261));
#4189=IFCCARTESIANPOINT((35.5542222727963,9.91529047721997));
#4190=IFCCARTESIANPOINT((32.1546803326055,9.61746065522311));
#4191=IFCCARTESIANPOINT((32.1486265432613,21.4235185652506));
#4192=IFCCARTESIANPOINT((35.5479842122295,21.4358243652387));
#4193=IFCCARTESIANPOINT((35.5287006114377,55.6252195368288));
#4194=IFCCARTESIANPOINT((32.1286131076049,55.6433844972053));
#4195=IFCCARTESIANPOINT((32.12865337517,55.6732173400815));
#4196=IFCCARTESIANPOINT((9.59835301045678,55.6518729031668));
#4197=IFCCARTESIANPOINT((9.69437697317335,57.6551730317879));
#4198=IFCCARTESIANPOINT((43.2443689039792,57.6691184565425));
#4199=IFCCARTESIANPOINT((98.5127090608294,57.6835821137065));
#4200=IFCCARTESIANPOINT((98.5133282266906,15.9989486786653));
#4201=IFCCARTESIANPOINT((88.0914414882136,14.919020054047));
#4202=IFCCARTESIANPOINT((88.0915337591141,55.6655253014178));
#4203=IFCCARTESIANPOINT((76.9915848856908,55.6653900548699));
#4204=IFCCARTESIANPOINT((65.3966441859666,55.6649508487317));
#4205=IFCCARTESIANPOINT((54.3754353963595,55.6658154856996));
#4206=IFCCARTESIANPOINT((54.3748261409637,55.6117818976636));
#4207=IFCCARTESIANPOINT((51.3755480865657,55.6121765235439));
#4208=IFCCARTESIANPOINT((51.3665772732638,28.850405853882));
#4209=IFCCARTESIANPOINT((54.3672633510141,28.8501434053178));
#4210=IFCCARTESIANPOINT((54.3619022866187,11.56725066941));
#4211=IFCCARTESIANPOINT((43.244343258295,10.5896258397261));
#4212=IFCPOLYLINE((#4188,#4189,#4190,#4191,#4192,#4193,#4194,#4195,#4196,#4197,#4198,#4199,#4200,#4201,#4202,#4203,#4204,#4205,#4206,#4207,#4208,#4209,#4210,#4211));
#4213=IFCARBITRARYCLOSEDPROFILEDEF(.AREA.,$,#4212);
#4214=IFCEXTRUDEDAREASOLID(#4213,#4186,#4187,0.1);
#4215=IFCSHAPEREPRESENTATION(#11,'Body','SweptSolid',(#4214));
#4216=IFCPRODUCTDEFINITIONSHAPE($,$,(#4215));
#4217=IFCSLAB('1c12xjbSj5vOUWOtHIp1qw',#5,'NL.IMKAD.KadastraalObject.45150672970000',$,$,#4182,#4216,$,.NOTDEFINED.);
#4218=IFCSTYLEDITEM(#4214,(#1388),$);
#4219=IFCPROPERTYSINGLEVALUE('objectid',$,IFCTEXT('3300735'),$);
#4220=IFCPROPERTYSINGLEVALUE('globalid',$,IFCTEXT('{17D476B3-B855-C07A-1593-3C19310F4E43}'),$);
#4221=IFCPROPERTYSINGLEVALUE('identificatie',$,IFCTEXT('NL.IMKAD.KadastraalObject.45150672970000'),$);
#4222=IFCPROPERTYSINGLEVALUE('namespace',$,IFCTEXT('NL.IMKAD.KadastraalObject'),$);
#4223=IFCPROPERTYSINGLEVALUE('lokaalid',$,IFCTEXT('45150672970000'),$);
#4224=IFCPROPERTYSINGLEVALUE('begingeldigheid',$,IFCTEXT('1754990335000'),$);
#4225=IFCPROPERTYSINGLEVALUE('tijdstipregistratie',$,IFCTEXT('1754990335000'),$);
#4226=IFCPROPERTYSINGLEVALUE('volgnummer',$,IFCTEXT('0'),$);
#4227=IFCPROPERTYSINGLEVALUE('statushistorie',$,IFCTEXT('G'),$);
#4228=IFCPROPERTYSINGLEVALUE('kadastralegemeentecode',$,IFCTEXT('951'),$);
#4229=IFCPROPERTYSINGLEVALUE('kadastralegemeentewaarde',$,IFCTEXT('Strijp'),$);
#4230=IFCPROPERTYSINGLEVALUE('sectie',$,IFCTEXT('C'),$);
#4231=IFCPROPERTYSINGLEVALUE('perceelnummer',$,IFCTEXT('6729'),$);
#4232=IFCPROPERTYSINGLEVALUE('akrkadastralegemeentecode',$,IFCTEXT('STR03'),$);
#4233=IFCPROPERTYSINGLEVALUE('kadastralegrootte',$,IFCTEXT('1428'),$);
#4234=IFCPROPERTYSINGLEVALUE('soortgrootte',$,IFCTEXT('Vastgesteld'),$);
#4235=IFCPROPERTYSINGLEVALUE('perceelnummerrotatie',$,IFCTEXT('0.0'),$);
#4236=IFCPROPERTYSINGLEVALUE('perceelnummerverschuivingx',$,IFCTEXT('0.0'),$);
#4237=IFCPROPERTYSINGLEVALUE('perceelnummerverschuivingy',$,IFCTEXT('0.0'),$);
#4238=IFCPROPERTYSINGLEVALUE('plaatscoordinatenx',$,IFCTEXT('160130.749'),$);
#4239=IFCPROPERTYSINGLEVALUE('plaatscoordinateny',$,IFCTEXT('384149.762'),$);
#4240=IFCPROPERTYSINGLEVALUE('id',$,IFCTEXT('1'),$);
#4241=IFCPROPERTYSET('3TSeSPOur72xHAxiOj5fmI',#5,'CPset_BRK-Perceel',$,(#4219,#4220,#4221,#4222,#4223,#4224,#4225,#4226,#4227,#4228,#4229,#4230,#4231,#4232,#4233,#4234,#4235,#4236,#4237,#4238,#4239,#4240));
#4242=IFCRELDEFINESBYPROPERTIES('1Lwlj4wa14ehoGVU8x53s9',#5,$,$,(#4217),#4241);
#4243=IFCCARTESIANPOINT((0.,0.,-0.1));
#4244=IFCDIRECTION((0.,0.,1.));
#4245=IFCDIRECTION((1.,0.,0.));
#4246=IFCAXIS2PLACEMENT3D(#4243,#4244,#4245);
#4247=IFCLOCALPLACEMENT(#37,#4246);
#4248=IFCCARTESIANPOINT((0.,0.,0.));
#4249=IFCDIRECTION((0.,0.,1.));
#4250=IFCDIRECTION((1.,0.,0.));
#4251=IFCAXIS2PLACEMENT3D(#4248,#4249,#4250);
#4252=IFCDIRECTION((0.,0.,1.));
#4253=IFCCARTESIANPOINT((215.446088179393,71.0904987176182));
#4254=IFCCARTESIANPOINT((215.51162938014,41.1972796651535));
#4255=IFCCARTESIANPOINT((208.533149919269,39.0400598368724));
#4256=IFCCARTESIANPOINT((195.595174582239,35.0528088756837));
#4257=IFCCARTESIANPOINT((192.397593971953,34.0864496048889));
#4258=IFCCARTESIANPOINT((180.939003177831,30.8254261426046));
#4259=IFCCARTESIANPOINT((158.377174616006,30.8146160534816));
#4260=IFCCARTESIANPOINT((158.366151946335,71.4222960249172));
#4261=IFCCARTESIANPOINT((213.361732201622,71.4068927069311));
#4262=IFCCARTESIANPOINT((213.361817980884,71.0730993695324));
#4263=IFCCARTESIANPOINT((215.446088179393,71.0904987176182));
#4264=IFCPOLYLINE((#4253,#4254,#4255,#4256,#4257,#4258,#4259,#4260,#4261,#4262,#4263));
#4265=IFCARBITRARYCLOSEDPROFILEDEF(.AREA.,$,#4264);
#4266=IFCEXTRUDEDAREASOLID(#4265,#4251,#4252,0.1);
#4267=IFCSHAPEREPRESENTATION(#11,'Body','SweptSolid',(#4266));
#4268=IFCPRODUCTDEFINITIONSHAPE($,$,(#4267));
#4269=IFCSLAB('3DosvR17n9ieQFThwub9en',#5,'NL.IMKAD.KadastraalObject.45150673070000',$,$,#4247,#4268,$,.NOTDEFINED.);
#4270=IFCSTYLEDITEM(#4266,(#1388),$);
#4271=IFCPROPERTYSINGLEVALUE('objectid',$,IFCTEXT('3300738'),$);
#4272=IFCPROPERTYSINGLEVALUE('globalid',$,IFCTEXT('{8CC97B6F-6462-6853-06B5-DE96ECAA0822}'),$);
#4273=IFCPROPERTYSINGLEVALUE('identificatie',$,IFCTEXT('NL.IMKAD.KadastraalObject.45150673070000'),$);
#4274=IFCPROPERTYSINGLEVALUE('namespace',$,IFCTEXT('NL.IMKAD.KadastraalObject'),$);
#4275=IFCPROPERTYSINGLEVALUE('lokaalid',$,IFCTEXT('45150673070000'),$);
#4276=IFCPROPERTYSINGLEVALUE('begingeldigheid',$,IFCTEXT('1756374802000'),$);
#4277=IFCPROPERTYSINGLEVALUE('tijdstipregistratie',$,IFCTEXT('1756374802000'),$);
#4278=IFCPROPERTYSINGLEVALUE('volgnummer',$,IFCTEXT('0'),$);
#4279=IFCPROPERTYSINGLEVALUE('statushistorie',$,IFCTEXT('G'),$);
#4280=IFCPROPERTYSINGLEVALUE('kadastralegemeentecode',$,IFCTEXT('951'),$);
#4281=IFCPROPERTYSINGLEVALUE('kadastralegemeentewaarde',$,IFCTEXT('Strijp'),$);
#4282=IFCPROPERTYSINGLEVALUE('sectie',$,IFCTEXT('C'),$);
#4283=IFCPROPERTYSINGLEVALUE('perceelnummer',$,IFCTEXT('6730'),$);
#4284=IFCPROPERTYSINGLEVALUE('akrkadastralegemeentecode',$,IFCTEXT('STR03'),$);
#4285=IFCPROPERTYSINGLEVALUE('kadastralegrootte',$,IFCTEXT('2140'),$);
#4286=IFCPROPERTYSINGLEVALUE('soortgrootte',$,IFCTEXT('Vastgesteld'),$);
#4287=IFCPROPERTYSINGLEVALUE('perceelnummerrotatie',$,IFCTEXT('0.0'),$);
#4288=IFCPROPERTYSINGLEVALUE('perceelnummerverschuivingx',$,IFCTEXT('0.0'),$);
#4289=IFCPROPERTYSINGLEVALUE('perceelnummerverschuivingy',$,IFCTEXT('0.0'),$);
#4290=IFCPROPERTYSINGLEVALUE('plaatscoordinatenx',$,IFCTEXT('160234.582'),$);
#4291=IFCPROPERTYSINGLEVALUE('plaatscoordinateny',$,IFCTEXT('384031.516'),$);
#4292=IFCPROPERTYSINGLEVALUE('id',$,IFCTEXT('1'),$);
#4293=IFCPROPERTYSET('1eQacvr790EO$9X8OR6gNO',#5,'CPset_BRK-Perceel',$,(#4271,#4272,#4273,#4274,#4275,#4276,#4277,#4278,#4279,#4280,#4281,#4282,#4283,#4284,#4285,#4286,#4287,#4288,#4289,#4290,#4291,#4292));
#4294=IFCRELDEFINESBYPROPERTIES('1Tr_lUjSH9ief_S9F5Ov$2',#5,$,$,(#4269),#4293);
#4295=IFCCARTESIANPOINT((0.,0.,-0.1));
#4296=IFCDIRECTION((0.,0.,1.));
#4297=IFCDIRECTION((1.,0.,0.));
#4298=IFCAXIS2PLACEMENT3D(#4295,#4296,#4297);
#4299=IFCLOCALPLACEMENT(#37,#4298);
#4300=IFCCARTESIANPOINT((0.,0.,0.));
#4301=IFCDIRECTION((0.,0.,1.));
#4302=IFCDIRECTION((1.,0.,0.));
#4303=IFCAXIS2PLACEMENT3D(#4300,#4301,#4302);
#4304=IFCDIRECTION((0.,0.,1.));
#4305=IFCCARTESIANPOINT((234.880651232728,124.265670442546));
#4306=IFCCARTESIANPOINT((234.94619282955,126.185144407908));
#4307=IFCCARTESIANPOINT((235.008571906452,129.960240791959));
#4308=IFCCARTESIANPOINT((241.841243739444,124.300326275988));
#4309=IFCCARTESIANPOINT((234.880651232728,124.265670442546));
#4310=IFCPOLYLINE((#4305,#4306,#4307,#4308,#4309));
#4311=IFCARBITRARYCLOSEDPROFILEDEF(.AREA.,$,#4310);
#4312=IFCEXTRUDEDAREASOLID(#4311,#4303,#4304,0.1);
#4313=IFCSHAPEREPRESENTATION(#11,'Body','SweptSolid',(#4312));
#4314=IFCPRODUCTDEFINITIONSHAPE($,$,(#4313));
#4315=IFCSLAB('25Tyv$dVL2t8d0z1fJmVIu',#5,'NL.IMKAD.KadastraalObject.46460693370000',$,$,#4299,#4314,$,.NOTDEFINED.);
#4316=IFCSTYLEDITEM(#4312,(#1388),$);
#4317=IFCPROPERTYSINGLEVALUE('objectid',$,IFCTEXT('3297077'),$);
#4318=IFCPROPERTYSINGLEVALUE('globalid',$,IFCTEXT('{3A3BFA5C-D0FA-F499-DA81-95D380E64E47}'),$);
#4319=IFCPROPERTYSINGLEVALUE('identificatie',$,IFCTEXT('NL.IMKAD.KadastraalObject.46460693370000'),$);
#4320=IFCPROPERTYSINGLEVALUE('namespace',$,IFCTEXT('NL.IMKAD.KadastraalObject'),$);
#4321=IFCPROPERTYSINGLEVALUE('lokaalid',$,IFCTEXT('46460693370000'),$);
#4322=IFCPROPERTYSINGLEVALUE('begingeldigheid',$,IFCTEXT('1190277124000'),$);
#4323=IFCPROPERTYSINGLEVALUE('tijdstipregistratie',$,IFCTEXT('1190277124000'),$);
#4324=IFCPROPERTYSINGLEVALUE('volgnummer',$,IFCTEXT('0'),$);
#4325=IFCPROPERTYSINGLEVALUE('statushistorie',$,IFCTEXT('G'),$);
#4326=IFCPROPERTYSINGLEVALUE('kadastralegemeentecode',$,IFCTEXT('1132'),$);
#4327=IFCPROPERTYSINGLEVALUE('kadastralegemeentewaarde',$,IFCTEXT('Woensel'),$);
#4328=IFCPROPERTYSINGLEVALUE('sectie',$,IFCTEXT('G'),$);
#4329=IFCPROPERTYSINGLEVALUE('perceelnummer',$,IFCTEXT('6933'),$);
#4330=IFCPROPERTYSINGLEVALUE('akrkadastralegemeentecode',$,IFCTEXT('WSL01'),$);
#4331=IFCPROPERTYSINGLEVALUE('kadastralegrootte',$,IFCTEXT('9900'),$);
#4332=IFCPROPERTYSINGLEVALUE('soortgrootte',$,IFCTEXT('Vastgesteld'),$);
#4333=IFCPROPERTYSINGLEVALUE('perceelnummerrotatie',$,IFCTEXT('0.0'),$);
#4334=IFCPROPERTYSINGLEVALUE('perceelnummerverschuivingx',$,IFCTEXT('0.0'),$);
#4335=IFCPROPERTYSINGLEVALUE('perceelnummerverschuivingy',$,IFCTEXT('0.0'),$);
#4336=IFCPROPERTYSINGLEVALUE('plaatscoordinatenx',$,IFCTEXT('160438.102'),$);
#4337=IFCPROPERTYSINGLEVALUE('plaatscoordinateny',$,IFCTEXT('384144.943'),$);
#4338=IFCPROPERTYSINGLEVALUE('id',$,IFCTEXT('1'),$);
#4339=IFCPROPERTYSET('2NcWkgXBPDKeOWxuFJ0BHT',#5,'CPset_BRK-Perceel',$,(#4317,#4318,#4319,#4320,#4321,#4322,#4323,#4324,#4325,#4326,#4327,#4328,#4329,#4330,#4331,#4332,#4333,#4334,#4335,#4336,#4337,#4338));
#4340=IFCRELDEFINESBYPROPERTIES('22hvF7ESf4iQhRd6fX5Rmg',#5,$,$,(#4315),#4339);
#4341=IFCCARTESIANPOINT((0.,0.,-0.1));
#4342=IFCDIRECTION((0.,0.,1.));
#4343=IFCDIRECTION((1.,0.,0.));
#4344=IFCAXIS2PLACEMENT3D(#4341,#4342,#4343);
#4345=IFCLOCALPLACEMENT(#37,#4344);
#4346=IFCCARTESIANPOINT((0.,0.,0.));
#4347=IFCDIRECTION((0.,0.,1.));
#4348=IFCDIRECTION((1.,0.,0.));
#4349=IFCAXIS2PLACEMENT3D(#4346,#4347,#4348);
#4350=IFCDIRECTION((0.,0.,1.));
#4351=IFCCARTESIANPOINT((-256.451727066713,-36.3242453707498));
#4352=IFCCARTESIANPOINT((-259.318721458665,-37.5060152962105));
#4353=IFCCARTESIANPOINT((-257.696034898661,-41.4459465566906));
#4354=IFCCARTESIANPOINT((-286.224831857515,-53.3675810538116));
#4355=IFCCARTESIANPOINT((-287.703767990024,-53.985103451123));
#4356=IFCCARTESIANPOINT((-293.452229722781,-39.8531111030607));
#4357=IFCCARTESIANPOINT((-291.97366714789,-39.239174854476));
#4358=IFCCARTESIANPOINT((-288.941376423143,-46.8918856784003));
#4359=IFCCARTESIANPOINT((-260.31235139296,-35.0922320526442));
#4360=IFCCARTESIANPOINT((-257.445994921465,-33.9112322272849));
#4361=IFCCARTESIANPOINT((-256.451727066713,-36.3242453707498));
#4362=IFCPOLYLINE((#4351,#4352,#4353,#4354,#4355,#4356,#4357,#4358,#4359,#4360,#4361));
#4363=IFCARBITRARYCLOSEDPROFILEDEF(.AREA.,$,#4362);
#4364=IFCEXTRUDEDAREASOLID(#4363,#4349,#4350,0.1);
#4365=IFCSHAPEREPRESENTATION(#11,'Body','SweptSolid',(#4364));
#4366=IFCPRODUCTDEFINITIONSHAPE($,$,(#4365));
#4367=IFCSLAB('3vX$3KxXj65e1o7URQosLY',#5,'NL.IMKAD.KadastraalObject.45150573670000',$,$,#4345,#4366,$,.NOTDEFINED.);
#4368=IFCSTYLEDITEM(#4364,(#1388),$);
#4369=IFCPROPERTYSINGLEVALUE('objectid',$,IFCTEXT('3289203'),$);
#4370=IFCPROPERTYSINGLEVALUE('globalid',$,IFCTEXT('{4B4E6719-2A4E-7D80-C214-6005F6540819}'),$);
#4371=IFCPROPERTYSINGLEVALUE('identificatie',$,IFCTEXT('NL.IMKAD.KadastraalObject.45150573670000'),$);
#4372=IFCPROPERTYSINGLEVALUE('namespace',$,IFCTEXT('NL.IMKAD.KadastraalObject'),$);
#4373=IFCPROPERTYSINGLEVALUE('lokaalid',$,IFCTEXT('45150573670000'),$);
#4374=IFCPROPERTYSINGLEVALUE('begingeldigheid',$,IFCTEXT('1412166429000'),$);
#4375=IFCPROPERTYSINGLEVALUE('tijdstipregistratie',$,IFCTEXT('1412166429000'),$);
#4376=IFCPROPERTYSINGLEVALUE('volgnummer',$,IFCTEXT('0'),$);
#4377=IFCPROPERTYSINGLEVALUE('statushistorie',$,IFCTEXT('G'),$);
#4378=IFCPROPERTYSINGLEVALUE('kadastralegemeentecode',$,IFCTEXT('951'),$);
#4379=IFCPROPERTYSINGLEVALUE('kadastralegemeentewaarde',$,IFCTEXT('Strijp'),$);
#4380=IFCPROPERTYSINGLEVALUE('sectie',$,IFCTEXT('C'),$);
#4381=IFCPROPERTYSINGLEVALUE('perceelnummer',$,IFCTEXT('5736'),$);
#4382=IFCPROPERTYSINGLEVALUE('akrkadastralegemeentecode',$,IFCTEXT('STR03'),$);
#4383=IFCPROPERTYSINGLEVALUE('kadastralegrootte',$,IFCTEXT('248'),$);
#4384=IFCPROPERTYSINGLEVALUE('soortgrootte',$,IFCTEXT('Vastgesteld'),$);
#4385=IFCPROPERTYSINGLEVALUE('perceelnummerrotatie',$,IFCTEXT('27.7'),$);
#4386=IFCPROPERTYSINGLEVALUE('perceelnummerverschuivingx',$,IFCTEXT('0.0'),$);
#4387=IFCPROPERTYSINGLEVALUE('perceelnummerverschuivingy',$,IFCTEXT('0.0'),$);
#4388=IFCPROPERTYSINGLEVALUE('plaatscoordinatenx',$,IFCTEXT('159859.175'),$);
#4389=IFCPROPERTYSINGLEVALUE('plaatscoordinateny',$,IFCTEXT('384341.439'),$);
#4390=IFCPROPERTYSINGLEVALUE('id',$,IFCTEXT('1'),$);
#4391=IFCPROPERTYSET('1Jc_RvpkH2Fgng3cb5kdGd',#5,'CPset_BRK-Perceel',$,(#4369,#4370,#4371,#4372,#4373,#4374,#4375,#4376,#4377,#4378,#4379,#4380,#4381,#4382,#4383,#4384,#4385,#4386,#4387,#4388,#4389,#4390));
#4392=IFCRELDEFINESBYPROPERTIES('2GeO5q9knBLuAWhYSmLAKV',#5,$,$,(#4367),#4391);
#4393=IFCCARTESIANPOINT((0.,0.,-0.1));
#4394=IFCDIRECTION((0.,0.,1.));
#4395=IFCDIRECTION((1.,0.,0.));
#4396=IFCAXIS2PLACEMENT3D(#4393,#4394,#4395);
#4397=IFCLOCALPLACEMENT(#37,#4396);
#4398=IFCCARTESIANPOINT((0.,0.,0.));
#4399=IFCDIRECTION((0.,0.,1.));
#4400=IFCDIRECTION((1.,0.,0.));
#4401=IFCAXIS2PLACEMENT3D(#4398,#4399,#4400);
#4402=IFCDIRECTION((0.,0.,1.));
#4403=IFCCARTESIANPOINT((-296.146285169321,-59.6042814770481));
#4404=IFCCARTESIANPOINT((-300.024538091558,-51.2923620716319));
#4405=IFCCARTESIANPOINT((-310.048398535437,-26.6379001056193));
#4406=IFCCARTESIANPOINT((-310.066345893574,-26.151666731399));
#4407=IFCCARTESIANPOINT((-310.485984051629,4.24523411109112));
#4408=IFCCARTESIANPOINT((-295.844771822478,4.24400853645056));
#4409=IFCCARTESIANPOINT((-295.988375045679,-28.9365467670723));
#4410=IFCCARTESIANPOINT((-294.268748286966,-33.4476238899515));
#4411=IFCCARTESIANPOINT((-291.97366714789,-39.239174854476));
#4412=IFCCARTESIANPOINT((-293.452229722781,-39.8531111030607));
#4413=IFCCARTESIANPOINT((-287.703767990024,-53.985103451123));
#4414=IFCCARTESIANPOINT((-286.224831857515,-53.3675810538116));
#4415=IFCCARTESIANPOINT((-265.312645078375,-104.858634952048));
#4416=IFCCARTESIANPOINT((-284.101858595881,-89.2943952326896));
#4417=IFCCARTESIANPOINT((-296.146285169321,-59.6042814770481));
#4418=IFCPOLYLINE((#4403,#4404,#4405,#4406,#4407,#4408,#4409,#4410,#4411,#4412,#4413,#4414,#4415,#4416,#4417));
#4419=IFCARBITRARYCLOSEDPROFILEDEF(.AREA.,$,#4418);
#4420=IFCEXTRUDEDAREASOLID(#4419,#4401,#4402,0.1);
#4421=IFCSHAPEREPRESENTATION(#11,'Body','SweptSolid',(#4420));
#4422=IFCPRODUCTDEFINITIONSHAPE($,$,(#4421));
#4423=IFCSLAB('141Wh4mLH0_eQa2gmPB0R$',#5,'NL.IMKAD.KadastraalObject.45150599570000',$,$,#4397,#4422,$,.NOTDEFINED.);
#4424=IFCSTYLEDITEM(#4420,(#1388),$);
#4425=IFCPROPERTYSINGLEVALUE('objectid',$,IFCTEXT('3289358'),$);
#4426=IFCPROPERTYSINGLEVALUE('globalid',$,IFCTEXT('{BE26E7BB-6562-E4FE-34C0-A97163A51773}'),$);
#4427=IFCPROPERTYSINGLEVALUE('identificatie',$,IFCTEXT('NL.IMKAD.KadastraalObject.45150599570000'),$);
#4428=IFCPROPERTYSINGLEVALUE('namespace',$,IFCTEXT('NL.IMKAD.KadastraalObject'),$);
#4429=IFCPROPERTYSINGLEVALUE('lokaalid',$,IFCTEXT('45150599570000'),$);
#4430=IFCPROPERTYSINGLEVALUE('begingeldigheid',$,IFCTEXT('1499085103000'),$);
#4431=IFCPROPERTYSINGLEVALUE('tijdstipregistratie',$,IFCTEXT('1499085103000'),$);
#4432=IFCPROPERTYSINGLEVALUE('volgnummer',$,IFCTEXT('0'),$);
#4433=IFCPROPERTYSINGLEVALUE('statushistorie',$,IFCTEXT('G'),$);
#4434=IFCPROPERTYSINGLEVALUE('kadastralegemeentecode',$,IFCTEXT('951'),$);
#4435=IFCPROPERTYSINGLEVALUE('kadastralegemeentewaarde',$,IFCTEXT('Strijp'),$);
#4436=IFCPROPERTYSINGLEVALUE('sectie',$,IFCTEXT('C'),$);
#4437=IFCPROPERTYSINGLEVALUE('perceelnummer',$,IFCTEXT('5995'),$);
#4438=IFCPROPERTYSINGLEVALUE('akrkadastralegemeentecode',$,IFCTEXT('STR03'),$);
#4439=IFCPROPERTYSINGLEVALUE('kadastralegrootte',$,IFCTEXT('1944'),$);
#4440=IFCPROPERTYSINGLEVALUE('soortgrootte',$,IFCTEXT('Voorlopig'),$);
#4441=IFCPROPERTYSINGLEVALUE('perceelnummerrotatie',$,IFCTEXT('0.0'),$);
#4442=IFCPROPERTYSINGLEVALUE('perceelnummerverschuivingx',$,IFCTEXT('0.0'),$);
#4443=IFCPROPERTYSINGLEVALUE('perceelnummerverschuivingy',$,IFCTEXT('0.0'),$);
#4444=IFCPROPERTYSINGLEVALUE('plaatscoordinatenx',$,IFCTEXT('159836.771'),$);
#4445=IFCPROPERTYSINGLEVALUE('plaatscoordinateny',$,IFCTEXT('384331.201'),$);
#4446=IFCPROPERTYSINGLEVALUE('id',$,IFCTEXT('1'),$);
#4447=IFCPROPERTYSET('2J6JHxOKn6bv2vrThks2uT',#5,'CPset_BRK-Perceel',$,(#4425,#4426,#4427,#4428,#4429,#4430,#4431,#4432,#4433,#4434,#4435,#4436,#4437,#4438,#4439,#4440,#4441,#4442,#4443,#4444,#4445,#4446));
#4448=IFCRELDEFINESBYPROPERTIES('2pWEPtOGnATxRGfmogXnYK',#5,$,$,(#4423),#4447);
#4449=IFCCARTESIANPOINT((0.,0.,-0.1));
#4450=IFCDIRECTION((0.,0.,1.));
#4451=IFCDIRECTION((1.,0.,0.));
#4452=IFCAXIS2PLACEMENT3D(#4449,#4450,#4451);
#4453=IFCLOCALPLACEMENT(#37,#4452);
#4454=IFCCARTESIANPOINT((0.,0.,0.));
#4455=IFCDIRECTION((0.,0.,1.));
#4456=IFCDIRECTION((1.,0.,0.));
#4457=IFCAXIS2PLACEMENT3D(#4454,#4455,#4456);
#4458=IFCDIRECTION((0.,0.,1.));
#4459=IFCCARTESIANPOINT((-346.793599330966,-37.3630421553389));
#4460=IFCCARTESIANPOINT((-352.005851739581,-33.0454188610311));
#4461=IFCCARTESIANPOINT((-349.685235980258,-30.2439620741643));
#4462=IFCCARTESIANPOINT((-346.793599330966,-37.3630421553389));
#4463=IFCPOLYLINE((#4459,#4460,#4461,#4462));
#4464=IFCARBITRARYCLOSEDPROFILEDEF(.AREA.,$,#4463);
#4465=IFCEXTRUDEDAREASOLID(#4464,#4457,#4458,0.1);
#4466=IFCSHAPEREPRESENTATION(#11,'Body','SweptSolid',(#4465));
#4467=IFCPRODUCTDEFINITIONSHAPE($,$,(#4466));
#4468=IFCSLAB('0FUW$Vc5HALv9$bPFAqxOo',#5,'NL.IMKAD.KadastraalObject.45150647770000',$,$,#4453,#4467,$,.NOTDEFINED.);
#4469=IFCSTYLEDITEM(#4465,(#1388),$);
#4470=IFCPROPERTYSINGLEVALUE('objectid',$,IFCTEXT('3289650'),$);
#4471=IFCPROPERTYSINGLEVALUE('globalid',$,IFCTEXT('{CB333B6A-EB35-1AB1-0725-5103F27841E0}'),$);
#4472=IFCPROPERTYSINGLEVALUE('identificatie',$,IFCTEXT('NL.IMKAD.KadastraalObject.45150647770000'),$);
#4473=IFCPROPERTYSINGLEVALUE('namespace',$,IFCTEXT('NL.IMKAD.KadastraalObject'),$);
#4474=IFCPROPERTYSINGLEVALUE('lokaalid',$,IFCTEXT('45150647770000'),$);
#4475=IFCPROPERTYSINGLEVALUE('begingeldigheid',$,IFCTEXT('1634912858000'),$);
#4476=IFCPROPERTYSINGLEVALUE('tijdstipregistratie',$,IFCTEXT('1634912858000'),$);
#4477=IFCPROPERTYSINGLEVALUE('volgnummer',$,IFCTEXT('0'),$);
#4478=IFCPROPERTYSINGLEVALUE('statushistorie',$,IFCTEXT('G'),$);
#4479=IFCPROPERTYSINGLEVALUE('kadastralegemeentecode',$,IFCTEXT('951'),$);
#4480=IFCPROPERTYSINGLEVALUE('kadastralegemeentewaarde',$,IFCTEXT('Strijp'),$);
#4481=IFCPROPERTYSINGLEVALUE('sectie',$,IFCTEXT('C'),$);
#4482=IFCPROPERTYSINGLEVALUE('perceelnummer',$,IFCTEXT('6477'),$);
#4483=IFCPROPERTYSINGLEVALUE('akrkadastralegemeentecode',$,IFCTEXT('STR03'),$);
#4484=IFCPROPERTYSINGLEVALUE('kadastralegrootte',$,IFCTEXT('1421'),$);
#4485=IFCPROPERTYSINGLEVALUE('soortgrootte',$,IFCTEXT('Voorlopig'),$);
#4486=IFCPROPERTYSINGLEVALUE('perceelnummerrotatie',$,IFCTEXT('0.0'),$);
#4487=IFCPROPERTYSINGLEVALUE('perceelnummerverschuivingx',$,IFCTEXT('0.0'),$);
#4488=IFCPROPERTYSINGLEVALUE('perceelnummerverschuivingy',$,IFCTEXT('0.0'),$);
#4489=IFCPROPERTYSINGLEVALUE('plaatscoordinatenx',$,IFCTEXT('159795.974'),$);
#4490=IFCPROPERTYSINGLEVALUE('plaatscoordinateny',$,IFCTEXT('384423.258'),$);
#4491=IFCPROPERTYSINGLEVALUE('id',$,IFCTEXT('1'),$);
#4492=IFCPROPERTYSET('36eMLvQ$P7Kv1bFuPTOxUc',#5,'CPset_BRK-Perceel',$,(#4470,#4471,#4472,#4473,#4474,#4475,#4476,#4477,#4478,#4479,#4480,#4481,#4482,#4483,#4484,#4485,#4486,#4487,#4488,#4489,#4490,#4491));
#4493=IFCRELDEFINESBYPROPERTIES('1CJQUVdGj2MvXKT2yY_dPh',#5,$,$,(#4468),#4492);
#4494=IFCCARTESIANPOINT((0.,0.,-0.1));
#4495=IFCDIRECTION((0.,0.,1.));
#4496=IFCDIRECTION((1.,0.,0.));
#4497=IFCAXIS2PLACEMENT3D(#4494,#4495,#4496);
#4498=IFCLOCALPLACEMENT(#37,#4497);
#4499=IFCCARTESIANPOINT((0.,0.,0.));
#4500=IFCDIRECTION((0.,0.,1.));
#4501=IFCDIRECTION((1.,0.,0.));
#4502=IFCAXIS2PLACEMENT3D(#4499,#4500,#4501);
#4503=IFCDIRECTION((0.,0.,1.));
#4504=IFCCARTESIANPOINT((-318.820300711202,-31.9712433515233));
#4505=IFCCARTESIANPOINT((-321.000924523658,-26.6121221747017));
#4506=IFCCARTESIANPOINT((-321.086239242664,-26.6414376742323));
#4507=IFCCARTESIANPOINT((-321.077962886164,-26.1470607916126));
#4508=IFCCARTESIANPOINT((-310.066345893574,-26.151666731399));
#4509=IFCCARTESIANPOINT((-310.048398535437,-26.6379001056193));
#4510=IFCCARTESIANPOINT((-300.024538091558,-51.2923620716319));
#4511=IFCCARTESIANPOINT((-313.089288911229,-56.6224585089949));
#4512=IFCCARTESIANPOINT((-309.549777983921,-65.2978484959458));
#4513=IFCCARTESIANPOINT((-309.53133581797,-65.3429914492881));
#4514=IFCCARTESIANPOINT((-307.751895072201,-69.7036424454418));
#4515=IFCCARTESIANPOINT((-341.937541528227,-41.3856079568504));
#4516=IFCCARTESIANPOINT((-318.820300711202,-31.9712433515233));
#4517=IFCPOLYLINE((#4504,#4505,#4506,#4507,#4508,#4509,#4510,#4511,#4512,#4513,#4514,#4515,#4516));
#4518=IFCARBITRARYCLOSEDPROFILEDEF(.AREA.,$,#4517);
#4519=IFCEXTRUDEDAREASOLID(#4518,#4502,#4503,0.1);
#4520=IFCSHAPEREPRESENTATION(#11,'Body','SweptSolid',(#4519));
#4521=IFCPRODUCTDEFINITIONSHAPE($,$,(#4520));
#4522=IFCSLAB('0A3$i3$MPCU8l3oAAiwH15',#5,'NL.IMKAD.KadastraalObject.45150573370000',$,$,#4498,#4521,$,.NOTDEFINED.);
#4523=IFCSTYLEDITEM(#4519,(#1388),$);
#4524=IFCPROPERTYSINGLEVALUE('objectid',$,IFCTEXT('3290527'),$);
#4525=IFCPROPERTYSINGLEVALUE('globalid',$,IFCTEXT('{21551032-32AF-4F22-C487-CC95492C380D}'),$);
#4526=IFCPROPERTYSINGLEVALUE('identificatie',$,IFCTEXT('NL.IMKAD.KadastraalObject.45150573370000'),$);
#4527=IFCPROPERTYSINGLEVALUE('namespace',$,IFCTEXT('NL.IMKAD.KadastraalObject'),$);
#4528=IFCPROPERTYSINGLEVALUE('lokaalid',$,IFCTEXT('45150573370000'),$);
#4529=IFCPROPERTYSINGLEVALUE('begingeldigheid',$,IFCTEXT('1755841099000'),$);
#4530=IFCPROPERTYSINGLEVALUE('tijdstipregistratie',$,IFCTEXT('1755841099000'),$);
#4531=IFCPROPERTYSINGLEVALUE('volgnummer',$,IFCTEXT('0'),$);
#4532=IFCPROPERTYSINGLEVALUE('statushistorie',$,IFCTEXT('G'),$);
#4533=IFCPROPERTYSINGLEVALUE('kadastralegemeentecode',$,IFCTEXT('951'),$);
#4534=IFCPROPERTYSINGLEVALUE('kadastralegemeentewaarde',$,IFCTEXT('Strijp'),$);
#4535=IFCPROPERTYSINGLEVALUE('sectie',$,IFCTEXT('C'),$);
#4536=IFCPROPERTYSINGLEVALUE('perceelnummer',$,IFCTEXT('5733'),$);
#4537=IFCPROPERTYSINGLEVALUE('akrkadastralegemeentecode',$,IFCTEXT('STR03'),$);
#4538=IFCPROPERTYSINGLEVALUE('kadastralegrootte',$,IFCTEXT('1956'),$);
#4539=IFCPROPERTYSINGLEVALUE('soortgrootte',$,IFCTEXT('Vastgesteld'),$);
#4540=IFCPROPERTYSINGLEVALUE('perceelnummerrotatie',$,IFCTEXT('0.0'),$);
#4541=IFCPROPERTYSINGLEVALUE('perceelnummerverschuivingx',$,IFCTEXT('0.0'),$);
#4542=IFCPROPERTYSINGLEVALUE('perceelnummerverschuivingy',$,IFCTEXT('0.0'),$);
#4543=IFCPROPERTYSINGLEVALUE('plaatscoordinatenx',$,IFCTEXT('159810.707'),$);
#4544=IFCPROPERTYSINGLEVALUE('plaatscoordinateny',$,IFCTEXT('384365.276'),$);
#4545=IFCPROPERTYSINGLEVALUE('id',$,IFCTEXT('1'),$);
#4546=IFCPROPERTYSET('2OoN1XoOv7fP6pqmGcLU1D',#5,'CPset_BRK-Perceel',$,(#4524,#4525,#4526,#4527,#4528,#4529,#4530,#4531,#4532,#4533,#4534,#4535,#4536,#4537,#4538,#4539,#4540,#4541,#4542,#4543,#4544,#4545));
#4547=IFCRELDEFINESBYPROPERTIES('173A6TtSH1xAA4sHM4d0nR',#5,$,$,(#4522),#4546);
#4548=IFCCARTESIANPOINT((0.,0.,-0.1));
#4549=IFCDIRECTION((0.,0.,1.));
#4550=IFCDIRECTION((1.,0.,0.));
#4551=IFCAXIS2PLACEMENT3D(#4548,#4549,#4550);
#4552=IFCLOCALPLACEMENT(#37,#4551);
#4553=IFCCARTESIANPOINT((0.,0.,0.));
#4554=IFCDIRECTION((0.,0.,1.));
#4555=IFCDIRECTION((1.,0.,0.));
#4556=IFCAXIS2PLACEMENT3D(#4553,#4554,#4555);
#4557=IFCDIRECTION((0.,0.,1.));
#4558=IFCCARTESIANPOINT((-309.53133581797,-65.3429914492881));
#4559=IFCCARTESIANPOINT((-296.440688888397,-60.023958078993));
#4560=IFCCARTESIANPOINT((-284.592680617905,-88.8878177246661));
#4561=IFCCARTESIANPOINT((-307.751895072201,-69.7036424454418));
#4562=IFCCARTESIANPOINT((-309.53133581797,-65.3429914492881));
#4563=IFCPOLYLINE((#4558,#4559,#4560,#4561,#4562));
#4564=IFCARBITRARYCLOSEDPROFILEDEF(.AREA.,$,#4563);
#4565=IFCEXTRUDEDAREASOLID(#4564,#4556,#4557,0.1);
#4566=IFCSHAPEREPRESENTATION(#11,'Body','SweptSolid',(#4565));
#4567=IFCPRODUCTDEFINITIONSHAPE($,$,(#4566));
#4568=IFCSLAB('27$5uAO6LBABulrwymVXDn',#5,'NL.IMKAD.KadastraalObject.45150600370000',$,$,#4552,#4567,$,.NOTDEFINED.);
#4569=IFCSTYLEDITEM(#4565,(#1388),$);
#4570=IFCPROPERTYSINGLEVALUE('objectid',$,IFCTEXT('3290537'),$);
#4571=IFCPROPERTYSINGLEVALUE('globalid',$,IFCTEXT('{AEB9DE53-DAA3-5639-3881-F94CEA5F4605}'),$);
#4572=IFCPROPERTYSINGLEVALUE('identificatie',$,IFCTEXT('NL.IMKAD.KadastraalObject.45150600370000'),$);
#4573=IFCPROPERTYSINGLEVALUE('namespace',$,IFCTEXT('NL.IMKAD.KadastraalObject'),$);
#4574=IFCPROPERTYSINGLEVALUE('lokaalid',$,IFCTEXT('45150600370000'),$);
#4575=IFCPROPERTYSINGLEVALUE('begingeldigheid',$,IFCTEXT('1755841099000'),$);
#4576=IFCPROPERTYSINGLEVALUE('tijdstipregistratie',$,IFCTEXT('1755841099000'),$);
#4577=IFCPROPERTYSINGLEVALUE('volgnummer',$,IFCTEXT('0'),$);
#4578=IFCPROPERTYSINGLEVALUE('statushistorie',$,IFCTEXT('G'),$);
#4579=IFCPROPERTYSINGLEVALUE('kadastralegemeentecode',$,IFCTEXT('951'),$);
#4580=IFCPROPERTYSINGLEVALUE('kadastralegemeentewaarde',$,IFCTEXT('Strijp'),$);
#4581=IFCPROPERTYSINGLEVALUE('sectie',$,IFCTEXT('C'),$);
#4582=IFCPROPERTYSINGLEVALUE('perceelnummer',$,IFCTEXT('6003'),$);
#4583=IFCPROPERTYSINGLEVALUE('akrkadastralegemeentecode',$,IFCTEXT('STR03'),$);
#4584=IFCPROPERTYSINGLEVALUE('kadastralegrootte',$,IFCTEXT('4275'),$);
#4585=IFCPROPERTYSINGLEVALUE('soortgrootte',$,IFCTEXT('Vastgesteld'),$);
#4586=IFCPROPERTYSINGLEVALUE('perceelnummerrotatie',$,IFCTEXT('0.0'),$);
#4587=IFCPROPERTYSINGLEVALUE('perceelnummerverschuivingx',$,IFCTEXT('0.0'),$);
#4588=IFCPROPERTYSINGLEVALUE('perceelnummerverschuivingy',$,IFCTEXT('0.0'),$);
#4589=IFCPROPERTYSINGLEVALUE('plaatscoordinatenx',$,IFCTEXT('159774.264'),$);
#4590=IFCPROPERTYSINGLEVALUE('plaatscoordinateny',$,IFCTEXT('384355.635'),$);
#4591=IFCPROPERTYSINGLEVALUE('id',$,IFCTEXT('1'),$);
#4592=IFCPROPERTYSET('3G9i8Dv$9DOwimLLWWa$n5',#5,'CPset_BRK-Perceel',$,(#4570,#4571,#4572,#4573,#4574,#4575,#4576,#4577,#4578,#4579,#4580,#4581,#4582,#4583,#4584,#4585,#4586,#4587,#4588,#4589,#4590,#4591));
#4593=IFCRELDEFINESBYPROPERTIES('29iIrgoGvALBpsK02ciT1m',#5,$,$,(#4568),#4592);
#4594=IFCCARTESIANPOINT((0.,0.,-0.1));
#4595=IFCDIRECTION((0.,0.,1.));
#4596=IFCDIRECTION((1.,0.,0.));
#4597=IFCAXIS2PLACEMENT3D(#4594,#4595,#4596);
#4598=IFCLOCALPLACEMENT(#37,#4597);
#4599=IFCCARTESIANPOINT((0.,0.,0.));
#4600=IFCDIRECTION((0.,0.,1.));
#4601=IFCDIRECTION((1.,0.,0.));
#4602=IFCAXIS2PLACEMENT3D(#4599,#4600,#4601);
#4603=IFCDIRECTION((0.,0.,1.));
#4604=IFCCARTESIANPOINT((-243.395893147885,92.4554215554963));
#4605=IFCCARTESIANPOINT((-243.150976501143,75.3586633583182));
#4606=IFCCARTESIANPOINT((-246.116220625496,75.367224474554));
#4607=IFCCARTESIANPOINT((-261.764450645103,75.4131172664347));
#4608=IFCCARTESIANPOINT((-261.760911653895,75.8986400021822));
#4609=IFCCARTESIANPOINT((-248.046727201465,92.4544592738966));
#4610=IFCCARTESIANPOINT((-243.395893147885,92.4554215554963));
#4611=IFCPOLYLINE((#4604,#4605,#4606,#4607,#4608,#4609,#4610));
#4612=IFCARBITRARYCLOSEDPROFILEDEF(.AREA.,$,#4611);
#4613=IFCEXTRUDEDAREASOLID(#4612,#4602,#4603,0.1);
#4614=IFCSHAPEREPRESENTATION(#11,'Body','SweptSolid',(#4613));
#4615=IFCPRODUCTDEFINITIONSHAPE($,$,(#4614));
#4616=IFCSLAB('0xXEcDjrv8hOBEamktaT26',#5,'NL.IMKAD.KadastraalObject.45150599470000',$,$,#4598,#4615,$,.NOTDEFINED.);
#4617=IFCSTYLEDITEM(#4613,(#1388),$);
#4618=IFCPROPERTYSINGLEVALUE('objectid',$,IFCTEXT('3290541'),$);
#4619=IFCPROPERTYSINGLEVALUE('globalid',$,IFCTEXT('{4C2E1CF3-B1E8-CF01-67A2-7F64D422D43A}'),$);
#4620=IFCPROPERTYSINGLEVALUE('identificatie',$,IFCTEXT('NL.IMKAD.KadastraalObject.45150599470000'),$);
#4621=IFCPROPERTYSINGLEVALUE('namespace',$,IFCTEXT('NL.IMKAD.KadastraalObject'),$);
#4622=IFCPROPERTYSINGLEVALUE('lokaalid',$,IFCTEXT('45150599470000'),$);
#4623=IFCPROPERTYSINGLEVALUE('begingeldigheid',$,IFCTEXT('1759822278000'),$);
#4624=IFCPROPERTYSINGLEVALUE('tijdstipregistratie',$,IFCTEXT('1759822278000'),$);
#4625=IFCPROPERTYSINGLEVALUE('volgnummer',$,IFCTEXT('0'),$);
#4626=IFCPROPERTYSINGLEVALUE('statushistorie',$,IFCTEXT('G'),$);
#4627=IFCPROPERTYSINGLEVALUE('kadastralegemeentecode',$,IFCTEXT('951'),$);
#4628=IFCPROPERTYSINGLEVALUE('kadastralegemeentewaarde',$,IFCTEXT('Strijp'),$);
#4629=IFCPROPERTYSINGLEVALUE('sectie',$,IFCTEXT('C'),$);
#4630=IFCPROPERTYSINGLEVALUE('perceelnummer',$,IFCTEXT('5994'),$);
#4631=IFCPROPERTYSINGLEVALUE('akrkadastralegemeentecode',$,IFCTEXT('STR03'),$);
#4632=IFCPROPERTYSINGLEVALUE('kadastralegrootte',$,IFCTEXT('1960'),$);
#4633=IFCPROPERTYSINGLEVALUE('soortgrootte',$,IFCTEXT('Vastgesteld'),$);
#4634=IFCPROPERTYSINGLEVALUE('perceelnummerrotatie',$,IFCTEXT('0.0'),$);
#4635=IFCPROPERTYSINGLEVALUE('perceelnummerverschuivingx',$,IFCTEXT('0.0'),$);
#4636=IFCPROPERTYSINGLEVALUE('perceelnummerverschuivingy',$,IFCTEXT('0.0'),$);
#4637=IFCPROPERTYSINGLEVALUE('plaatscoordinatenx',$,IFCTEXT('159944.352'),$);
#4638=IFCPROPERTYSINGLEVALUE('plaatscoordinateny',$,IFCTEXT('384442.465'),$);
#4639=IFCPROPERTYSINGLEVALUE('id',$,IFCTEXT('1'),$);
#4640=IFCPROPERTYSET('08JDp4SErAwx97BJWpMTrN',#5,'CPset_BRK-Perceel',$,(#4618,#4619,#4620,#4621,#4622,#4623,#4624,#4625,#4626,#4627,#4628,#4629,#4630,#4631,#4632,#4633,#4634,#4635,#4636,#4637,#4638,#4639));
#4641=IFCRELDEFINESBYPROPERTIES('1XiE6MMpr6zvuHqL9pV1_P',#5,$,$,(#4616),#4640);
#4642=IFCCARTESIANPOINT((0.,0.,-0.1));
#4643=IFCDIRECTION((0.,0.,1.));
#4644=IFCDIRECTION((1.,0.,0.));
#4645=IFCAXIS2PLACEMENT3D(#4642,#4643,#4644);
#4646=IFCLOCALPLACEMENT(#37,#4645);
#4647=IFCCARTESIANPOINT((0.,0.,0.));
#4648=IFCDIRECTION((0.,0.,1.));
#4649=IFCDIRECTION((1.,0.,0.));
#4650=IFCAXIS2PLACEMENT3D(#4647,#4648,#4649);
#4651=IFCDIRECTION((0.,0.,1.));
#4652=IFCCARTESIANPOINT((-65.9755566682143,301.126323558332));
#4653=IFCCARTESIANPOINT((-67.7874993224686,310.064132614469));
#4654=IFCCARTESIANPOINT((-49.1559150384564,332.556256970973));
#4655=IFCCARTESIANPOINT((-41.8985854724015,297.412244948733));
#4656=IFCCARTESIANPOINT((-39.7653010072245,286.732004813559));
#4657=IFCCARTESIANPOINT((-39.5942167594621,278.41084316239));
#4658=IFCCARTESIANPOINT((-39.5609762174718,273.683926930127));
#4659=IFCCARTESIANPOINT((-39.5081959382223,273.32596151263));
#4660=IFCCARTESIANPOINT((-39.5175008455117,272.963588198822));
#4661=IFCCARTESIANPOINT((-39.5871323329338,272.608335533703));
#4662=IFCCARTESIANPOINT((-39.7151996133907,272.270324036304));
#4663=IFCCARTESIANPOINT((-39.8996797257278,271.958266204863));
#4664=IFCCARTESIANPOINT((-40.1344578115095,271.682679103862));
#4665=IFCCARTESIANPOINT((-40.4116144484433,271.449987897708));
#4666=IFCCARTESIANPOINT((-40.7247704288166,271.267893603886));
#4667=IFCCARTESIANPOINT((-42.2441825103015,270.960486827476));
#4668=IFCCARTESIANPOINT((-43.9820042334904,271.080722696148));
#4669=IFCCARTESIANPOINT((-45.5209384555055,271.185539022379));
#4670=IFCCARTESIANPOINT((-49.4964300261636,271.379086877976));
#4671=IFCCARTESIANPOINT((-57.4717749843549,271.647420221299));
#4672=IFCCARTESIANPOINT((-69.1790642644046,271.754329958872));
#4673=IFCCARTESIANPOINT((-76.2797460265865,271.617565423541));
#4674=IFCCARTESIANPOINT((-85.1484276892443,271.19622163946));
#4675=IFCCARTESIANPOINT((-94.3360068462498,270.411849774944));
#4676=IFCCARTESIANPOINT((-100.407884322543,269.831901588535));
#4677=IFCCARTESIANPOINT((-101.163441310928,269.772559644829));
#4678=IFCCARTESIANPOINT((-77.0384280698199,298.896373790165));
#4679=IFCCARTESIANPOINT((-65.9755566682143,301.126323558332));
#4680=IFCPOLYLINE((#4652,#4653,#4654,#4655,#4656,#4657,#4658,#4659,#4660,#4661,#4662,#4663,#4664,#4665,#4666,#4667,#4668,#4669,#4670,#4671,#4672,#4673,#4674,#4675,#4676,#4677,#4678,#4679));
#4681=IFCARBITRARYCLOSEDPROFILEDEF(.AREA.,$,#4680);
#4682=IFCEXTRUDEDAREASOLID(#4681,#4650,#4651,0.1);
#4683=IFCSHAPEREPRESENTATION(#11,'Body','SweptSolid',(#4682));
#4684=IFCPRODUCTDEFINITIONSHAPE($,$,(#4683));
#4685=IFCSLAB('0lRd7mIpbEFg4hYMzKTZDk',#5,'NL.IMKAD.KadastraalObject.46460582570000',$,$,#4646,#4684,$,.NOTDEFINED.);
#4686=IFCSTYLEDITEM(#4682,(#1388),$);
#4687=IFCPROPERTYSINGLEVALUE('objectid',$,IFCTEXT('3296542'),$);
#4688=IFCPROPERTYSINGLEVALUE('globalid',$,IFCTEXT('{A832070F-56B5-D914-4EDE-17CCAEE379B9}'),$);
#4689=IFCPROPERTYSINGLEVALUE('identificatie',$,IFCTEXT('NL.IMKAD.KadastraalObject.46460582570000'),$);
#4690=IFCPROPERTYSINGLEVALUE('namespace',$,IFCTEXT('NL.IMKAD.KadastraalObject'),$);
#4691=IFCPROPERTYSINGLEVALUE('lokaalid',$,IFCTEXT('46460582570000'),$);
#4692=IFCPROPERTYSINGLEVALUE('begingeldigheid',$,IFCTEXT('1155296283000'),$);
#4693=IFCPROPERTYSINGLEVALUE('tijdstipregistratie',$,IFCTEXT('1155296283000'),$);
#4694=IFCPROPERTYSINGLEVALUE('volgnummer',$,IFCTEXT('0'),$);
#4695=IFCPROPERTYSINGLEVALUE('statushistorie',$,IFCTEXT('G'),$);
#4696=IFCPROPERTYSINGLEVALUE('kadastralegemeentecode',$,IFCTEXT('1132'),$);
#4697=IFCPROPERTYSINGLEVALUE('kadastralegemeentewaarde',$,IFCTEXT('Woensel'),$);
#4698=IFCPROPERTYSINGLEVALUE('sectie',$,IFCTEXT('G'),$);
#4699=IFCPROPERTYSINGLEVALUE('perceelnummer',$,IFCTEXT('5825'),$);
#4700=IFCPROPERTYSINGLEVALUE('akrkadastralegemeentecode',$,IFCTEXT('WSL01'),$);
#4701=IFCPROPERTYSINGLEVALUE('kadastralegrootte',$,IFCTEXT('2967'),$);
#4702=IFCPROPERTYSINGLEVALUE('soortgrootte',$,IFCTEXT('Vastgesteld'),$);
#4703=IFCPROPERTYSINGLEVALUE('perceelnummerrotatie',$,IFCTEXT('0.0'),$);
#4704=IFCPROPERTYSINGLEVALUE('perceelnummerverschuivingx',$,IFCTEXT('0.0'),$);
#4705=IFCPROPERTYSINGLEVALUE('perceelnummerverschuivingy',$,IFCTEXT('0.0'),$);
#4706=IFCPROPERTYSINGLEVALUE('plaatscoordinatenx',$,IFCTEXT('160250.833'),$);
#4707=IFCPROPERTYSINGLEVALUE('plaatscoordinateny',$,IFCTEXT('384399.191'),$);
#4708=IFCPROPERTYSINGLEVALUE('id',$,IFCTEXT('1'),$);
#4709=IFCPROPERTYSET('3N2SZDTZTBMfj8oCjGFlNg',#5,'CPset_BRK-Perceel',$,(#4687,#4688,#4689,#4690,#4691,#4692,#4693,#4694,#4695,#4696,#4697,#4698,#4699,#4700,#4701,#4702,#4703,#4704,#4705,#4706,#4707,#4708));
#4710=IFCRELDEFINESBYPROPERTIES('0WGp4B0zL3nRXNFgc_ItBL',#5,$,$,(#4685),#4709);
#4711=IFCCARTESIANPOINT((0.,0.,-0.1));
#4712=IFCDIRECTION((0.,0.,1.));
#4713=IFCDIRECTION((1.,0.,0.));
#4714=IFCAXIS2PLACEMENT3D(#4711,#4712,#4713);
#4715=IFCLOCALPLACEMENT(#37,#4714);
#4716=IFCCARTESIANPOINT((0.,0.,0.));
#4717=IFCDIRECTION((0.,0.,1.));
#4718=IFCDIRECTION((1.,0.,0.));
#4719=IFCAXIS2PLACEMENT3D(#4716,#4717,#4718);
#4720=IFCDIRECTION((0.,0.,1.));
#4721=IFCCARTESIANPOINT((234.94619282955,126.185144407908));
#4722=IFCCARTESIANPOINT((234.880651232728,124.265670442546));
#4723=IFCCARTESIANPOINT((234.57259884596,124.26373983518));
#4724=IFCCARTESIANPOINT((234.151043368649,129.374650221958));
#4725=IFCCARTESIANPOINT((232.489866138436,131.122083252762));
#4726=IFCCARTESIANPOINT((230.175647489872,132.495006063895));
#4727=IFCCARTESIANPOINT((227.576433094393,133.514475307893));
#4728=IFCCARTESIANPOINT((218.382618948468,133.152096484264));
#4729=IFCCARTESIANPOINT((217.282136790134,132.891119439097));
#4730=IFCCARTESIANPOINT((187.339140794007,131.335844287474));
#4731=IFCCARTESIANPOINT((118.436118196143,131.661409669498));
#4732=IFCCARTESIANPOINT((-213.911217005225,133.662986074574));
#4733=IFCCARTESIANPOINT((-127.510321963549,237.966498119815));
#4734=IFCCARTESIANPOINT((-121.44563899684,239.385827816266));
#4735=IFCCARTESIANPOINT((-109.406415605074,241.477657204028));
#4736=IFCCARTESIANPOINT((-100.263375171606,242.865082385018));
#4737=IFCCARTESIANPOINT((-90.6916871920112,243.824715231371));
#4738=IFCCARTESIANPOINT((-83.9741537506052,244.373657357646));
#4739=IFCCARTESIANPOINT((-80.5006188295956,244.632269338414));
#4740=IFCCARTESIANPOINT((-72.2308066818514,244.979638098564));
#4741=IFCCARTESIANPOINT((-65.1618715285149,245.114132595481));
#4742=IFCCARTESIANPOINT((-59.6016760148632,245.099890095356));
#4743=IFCCARTESIANPOINT((-53.0874504546518,244.947229126235));
#4744=IFCCARTESIANPOINT((-43.7733864866605,244.47502962529));
#4745=IFCCARTESIANPOINT((-33.0760240679665,243.573749239556));
#4746=IFCCARTESIANPOINT((-20.2190022734285,242.393683340633));
#4747=IFCCARTESIANPOINT((24.6680040729407,238.293722459988));
#4748=IFCCARTESIANPOINT((32.2031948096992,237.57711547357));
#4749=IFCCARTESIANPOINT((113.76005337949,230.397707544384));
#4750=IFCCARTESIANPOINT((235.008571906452,129.960240791959));
#4751=IFCCARTESIANPOINT((234.94619282955,126.185144407908));
#4752=IFCPOLYLINE((#4721,#4722,#4723,#4724,#4725,#4726,#4727,#4728,#4729,#4730,#4731,#4732,#4733,#4734,#4735,#4736,#4737,#4738,#4739,#4740,#4741,#4742,#4743,#4744,#4745,#4746,#4747,#4748,#4749,#4750,#4751));
#4753=IFCARBITRARYCLOSEDPROFILEDEF(.AREA.,$,#4752);
#4754=IFCEXTRUDEDAREASOLID(#4753,#4719,#4720,0.1);
#4755=IFCSHAPEREPRESENTATION(#11,'Body','SweptSolid',(#4754));
#4756=IFCPRODUCTDEFINITIONSHAPE($,$,(#4755));
#4757=IFCSLAB('3Hy42ZOZj6sh65v3nLxWxk',#5,'NL.IMKAD.KadastraalObject.46460693270000',$,$,#4715,#4756,$,.NOTDEFINED.);
#4758=IFCSTYLEDITEM(#4754,(#1388),$);
#4759=IFCPROPERTYSINGLEVALUE('objectid',$,IFCTEXT('3297076'),$);
#4760=IFCPROPERTYSINGLEVALUE('globalid',$,IFCTEXT('{BB5B4365-96C2-56C8-0EB3-A28869A21D47}'),$);
#4761=IFCPROPERTYSINGLEVALUE('identificatie',$,IFCTEXT('NL.IMKAD.KadastraalObject.46460693270000'),$);
#4762=IFCPROPERTYSINGLEVALUE('namespace',$,IFCTEXT('NL.IMKAD.KadastraalObject'),$);
#4763=IFCPROPERTYSINGLEVALUE('lokaalid',$,IFCTEXT('46460693270000'),$);
#4764=IFCPROPERTYSINGLEVALUE('begingeldigheid',$,IFCTEXT('1190277124000'),$);
#4765=IFCPROPERTYSINGLEVALUE('tijdstipregistratie',$,IFCTEXT('1190277124000'),$);
#4766=IFCPROPERTYSINGLEVALUE('volgnummer',$,IFCTEXT('0'),$);
#4767=IFCPROPERTYSINGLEVALUE('statushistorie',$,IFCTEXT('G'),$);
#4768=IFCPROPERTYSINGLEVALUE('kadastralegemeentecode',$,IFCTEXT('1132'),$);
#4769=IFCPROPERTYSINGLEVALUE('kadastralegemeentewaarde',$,IFCTEXT('Woensel'),$);
#4770=IFCPROPERTYSINGLEVALUE('sectie',$,IFCTEXT('G'),$);
#4771=IFCPROPERTYSINGLEVALUE('perceelnummer',$,IFCTEXT('6932'),$);
#4772=IFCPROPERTYSINGLEVALUE('akrkadastralegemeentecode',$,IFCTEXT('WSL01'),$);
#4773=IFCPROPERTYSINGLEVALUE('kadastralegrootte',$,IFCTEXT('49107'),$);
#4774=IFCPROPERTYSINGLEVALUE('soortgrootte',$,IFCTEXT('Vastgesteld'),$);
#4775=IFCPROPERTYSINGLEVALUE('perceelnummerrotatie',$,IFCTEXT('0.0'),$);
#4776=IFCPROPERTYSINGLEVALUE('perceelnummerverschuivingx',$,IFCTEXT('0.0'),$);
#4777=IFCPROPERTYSINGLEVALUE('perceelnummerverschuivingy',$,IFCTEXT('0.0'),$);
#4778=IFCPROPERTYSINGLEVALUE('plaatscoordinatenx',$,IFCTEXT('160184.268'),$);
#4779=IFCPROPERTYSINGLEVALUE('plaatscoordinateny',$,IFCTEXT('384316.669'),$);
#4780=IFCPROPERTYSINGLEVALUE('id',$,IFCTEXT('1'),$);
#4781=IFCPROPERTYSET('261VCHfZXFc85Ex$SYG_F5',#5,'CPset_BRK-Perceel',$,(#4759,#4760,#4761,#4762,#4763,#4764,#4765,#4766,#4767,#4768,#4769,#4770,#4771,#4772,#4773,#4774,#4775,#4776,#4777,#4778,#4779,#4780));
#4782=IFCRELDEFINESBYPROPERTIES('3xS99EukH9OPLaUrj1CN6b',#5,$,$,(#4757),#4781);
#4783=IFCCARTESIANPOINT((0.,0.,-0.1));
#4784=IFCDIRECTION((0.,0.,1.));
#4785=IFCDIRECTION((1.,0.,0.));
#4786=IFCAXIS2PLACEMENT3D(#4783,#4784,#4785);
#4787=IFCLOCALPLACEMENT(#37,#4786);
#4788=IFCCARTESIANPOINT((0.,0.,0.));
#4789=IFCDIRECTION((0.,0.,1.));
#4790=IFCDIRECTION((1.,0.,0.));
#4791=IFCAXIS2PLACEMENT3D(#4788,#4789,#4790);
#4792=IFCDIRECTION((0.,0.,1.));
#4793=IFCCARTESIANPOINT((67.4819313346816,-259.527628144308));
#4794=IFCCARTESIANPOINT((-30.3588809219364,-299.48502018553));
#4795=IFCCARTESIANPOINT((-35.6946957034233,-295.065042719187));
#4796=IFCCARTESIANPOINT((13.9578819822927,-274.786474458582));
#4797=IFCCARTESIANPOINT((139.472413469659,-223.52637657884));
#4798=IFCCARTESIANPOINT((131.134128827689,-233.592387725716));
#4799=IFCCARTESIANPOINT((67.4819313346816,-259.527628144308));
#4800=IFCPOLYLINE((#4793,#4794,#4795,#4796,#4797,#4798,#4799));
#4801=IFCARBITRARYCLOSEDPROFILEDEF(.AREA.,$,#4800);
#4802=IFCEXTRUDEDAREASOLID(#4801,#4791,#4792,0.1);
#4803=IFCCARTESIANPOINT((0.,0.,0.));
#4804=IFCDIRECTION((0.,0.,1.));
#4805=IFCDIRECTION((1.,0.,0.));
#4806=IFCAXIS2PLACEMENT3D(#4803,#4804,#4805);
#4807=IFCDIRECTION((0.,0.,1.));
#4808=IFCCARTESIANPOINT((267.38093698275,-64.2285052867956));
#4809=IFCCARTESIANPOINT((265.750325315545,-60.2495459266356));
#4810=IFCCARTESIANPOINT((258.937767040625,-45.4724306875723));
#4811=IFCCARTESIANPOINT((257.09836575712,-41.463356615277));
#4812=IFCCARTESIANPOINT((252.305988726817,-29.6478214858216));
#4813=IFCCARTESIANPOINT((248.392672301066,-17.512551380787));
#4814=IFCCARTESIANPOINT((245.382295311458,-5.12277513771551));
#4815=IFCCARTESIANPOINT((244.317835560796,-0.872631323931273));
#4816=IFCCARTESIANPOINT((242.885847252939,3.26772741653258));
#4817=IFCCARTESIANPOINT((241.051124134712,7.34044985816581));
#4818=IFCCARTESIANPOINT((240.961482055165,7.43288522580406));
#4819=IFCCARTESIANPOINT((240.850788569165,7.49990724981762));
#4820=IFCCARTESIANPOINT((240.726612501865,7.53654473403003));
#4821=IFCCARTESIANPOINT((240.598436462489,7.54013679234777));
#4822=IFCCARTESIANPOINT((240.472662641347,7.51057422137819));
#4823=IFCCARTESIANPOINT((235.127271330013,5.49387872265652));
#4824=IFCCARTESIANPOINT((229.056530050497,3.57030904799467));
#4825=IFCCARTESIANPOINT((201.170549232658,-4.50126916309819));
#4826=IFCCARTESIANPOINT((187.231190993072,-10.7508148199413));
#4827=IFCCARTESIANPOINT((1.57937276663142,-86.571630159393));
#4828=IFCCARTESIANPOINT((-19.5656448511581,-94.7902088058763));
#4829=IFCCARTESIANPOINT((-118.638485665491,-135.251511773036));
#4830=IFCCARTESIANPOINT((-62.9709373988153,-272.47048526234));
#4831=IFCCARTESIANPOINT((-94.3466879183834,-246.480057190114));
#4832=IFCCARTESIANPOINT((-105.290359617764,-219.450885432772));
#4833=IFCCARTESIANPOINT((-111.83651347406,-222.067512019537));
#4834=IFCCARTESIANPOINT((-135.806524041662,-189.299120263546));
#4835=IFCCARTESIANPOINT((-154.327249587135,-196.794537386799));
#4836=IFCCARTESIANPOINT((-207.179031816398,-153.014215903764));
#4837=IFCCARTESIANPOINT((-133.730129083007,-123.19688697916));
#4838=IFCCARTESIANPOINT((-145.675055472704,-94.0190087591764));
#4839=IFCCARTESIANPOINT((-134.564836521604,-89.4150012792088));
#4840=IFCCARTESIANPOINT((-122.597450923378,-118.741336847248));
#4841=IFCCARTESIANPOINT((-31.36714557503,-81.4615345437196));
#4842=IFCCARTESIANPOINT((-31.0824960575555,-82.2089478485868));
#4843=IFCCARTESIANPOINT((-28.4054871552798,-81.1217163511319));
#4844=IFCCARTESIANPOINT((-28.7123776984226,-80.3870441842591));
#4845=IFCCARTESIANPOINT((-16.9833182423026,-75.6645739359665));
#4846=IFCCARTESIANPOINT((-20.5981148369319,-66.6411436260678));
#4847=IFCCARTESIANPOINT((-20.4034627846559,-66.5660531594767));
#4848=IFCCARTESIANPOINT((-21.5294061570312,-63.7868562374497));
#4849=IFCCARTESIANPOINT((-21.7139376901905,-63.8638374908478));
#4850=IFCCARTESIANPOINT((-22.0858844023023,-62.9506164643099));
#4851=IFCCARTESIANPOINT((-9.30668649580912,-57.7410751424613));
#4852=IFCCARTESIANPOINT((-21.3702483230445,-28.1467841034173));
#4853=IFCCARTESIANPOINT((-33.9127316296508,-33.2602411116823));
#4854=IFCCARTESIANPOINT((-36.0082422781561,-28.1949715075898));
#4855=IFCCARTESIANPOINT((-111.887069629476,-28.1940182951512));
#4856=IFCCARTESIANPOINT((-120.823639329028,-31.8262285053497));
#4857=IFCCARTESIANPOINT((-148.979079769138,-43.268928862235));
#4858=IFCCARTESIANPOINT((-135.131869030069,-77.2013861660962));
#4859=IFCCARTESIANPOINT((-153.557419321354,-84.8379721520469));
#4860=IFCCARTESIANPOINT((-176.611604201287,-28.211975564016));
#4861=IFCCARTESIANPOINT((-215.871306429995,-28.2228735196986));
#4862=IFCCARTESIANPOINT((-234.451112695242,-35.7823226483306));
#4863=IFCCARTESIANPOINT((-230.741053528298,-44.9807559391484));
#4864=IFCCARTESIANPOINT((-270.743954556092,-75.2576646074303));
#4865=IFCCARTESIANPOINT((-255.418896789692,-113.054223870335));
#4866=IFCCARTESIANPOINT((-265.312645078375,-104.858634952048));
#4867=IFCCARTESIANPOINT((-286.224831857515,-53.3675810538116));
#4868=IFCCARTESIANPOINT((-257.696034898661,-41.4459465566906));
#4869=IFCCARTESIANPOINT((-259.318721458665,-37.5060152962105));
#4870=IFCCARTESIANPOINT((-256.451727066713,-36.3242453707498));
#4871=IFCCARTESIANPOINT((-257.445994921465,-33.9112322272849));
#4872=IFCCARTESIANPOINT((-250.385481368838,-31.0012950476375));
#4873=IFCCARTESIANPOINT((-251.346278592653,-28.6497694361024));
#4874=IFCCARTESIANPOINT((-272.7289483856,-28.5946280958015));
#4875=IFCCARTESIANPOINT((-286.049528473319,-34.0517221111804));
#4876=IFCCARTESIANPOINT((-287.423932507256,-30.6836437952006));
#4877=IFCCARTESIANPOINT((-294.268748286966,-33.4476238899515));
#4878=IFCCARTESIANPOINT((-295.988375045679,-28.9365467670723));
#4879=IFCCARTESIANPOINT((-295.844771822478,4.24400853645056));
#4880=IFCCARTESIANPOINT((-295.845127205248,4.9740769379423));
#4881=IFCCARTESIANPOINT((-234.720728592802,4.98502742726123));
#4882=IFCCARTESIANPOINT((-234.712328986818,7.48293443996226));
#4883=IFCCARTESIANPOINT((-231.104118454357,7.48714815237327));
#4884=IFCCARTESIANPOINT((-231.122160658095,14.707638129883));
#4885=IFCCARTESIANPOINT((-230.12678629611,14.7037805991713));
#4886=IFCCARTESIANPOINT((-230.09152794609,14.9485638677725));
#4887=IFCCARTESIANPOINT((-231.09904579373,14.9455996867036));
#4888=IFCCARTESIANPOINT((-231.099439445679,17.2118611136684));
#4889=IFCCARTESIANPOINT((-230.087300988816,17.2109977651853));
#4890=IFCCARTESIANPOINT((-230.11040380827,17.4041382822325));
#4891=IFCCARTESIANPOINT((-231.111145902862,17.4046510469052));
#4892=IFCCARTESIANPOINT((-231.102759100293,36.8795535526006));
#4893=IFCCARTESIANPOINT((-230.09713203946,36.8723972145235));
#4894=IFCCARTESIANPOINT((-230.095815704932,37.0777731322451));
#4895=IFCCARTESIANPOINT((-231.102189889149,37.0777571747894));
#4896=IFCCARTESIANPOINT((-231.102899989695,39.0599026030977));
#4897=IFCCARTESIANPOINT((-230.090255792602,39.0612173804548));
#4898=IFCCARTESIANPOINT((-230.088939460489,39.2665932953241));
#4899=IFCCARTESIANPOINT((-231.102991680935,39.2651463405928));
#4900=IFCCARTESIANPOINT((-231.106418226002,65.2359933090047));
#4901=IFCCARTESIANPOINT((-230.106446234393,65.2361184671172));
#4902=IFCCARTESIANPOINT((-230.077613053698,65.4888211522484));
#4903=IFCCARTESIANPOINT((-231.106515605497,65.4866903184447));
#4904=IFCCARTESIANPOINT((-231.106794141961,67.8879035355058));
#4905=IFCCARTESIANPOINT((-230.076483567274,67.8901665518642));
#4906=IFCCARTESIANPOINT((-230.098304855317,68.0393940000213));
#4907=IFCCARTESIANPOINT((-231.103535378934,68.0423262685072));
#4908=IFCCARTESIANPOINT((-231.107652957697,74.9253505355446));
#4909=IFCCARTESIANPOINT((-235.010893084749,74.9317921949551));
#4910=IFCCARTESIANPOINT((-235.01604765738,75.3347108348389));
#4911=IFCCARTESIANPOINT((-243.150976501143,75.3586633583182));
#4912=IFCCARTESIANPOINT((-243.395893147885,92.4554215554963));
#4913=IFCCARTESIANPOINT((-248.046727201465,92.4544592738966));
#4914=IFCCARTESIANPOINT((-245.389672324032,95.6620667330571));
#4915=IFCCARTESIANPOINT((-227.71731463258,95.6722679455997));
#4916=IFCCARTESIANPOINT((-168.901883603045,95.7065141025232));
#4917=IFCCARTESIANPOINT((-167.461459116108,95.7053743521683));
#4918=IFCCARTESIANPOINT((-155.692492567905,95.6980031186249));
#4919=IFCCARTESIANPOINT((-42.2442970903649,95.7459953687503));
#4920=IFCCARTESIANPOINT((25.0464710259403,95.8145232380484));
#4921=IFCCARTESIANPOINT((164.480541048077,95.1535859575379));
#4922=IFCCARTESIANPOINT((164.498602184904,93.7582871379564));
#4923=IFCCARTESIANPOINT((164.520928995131,93.437234939076));
#4924=IFCCARTESIANPOINT((169.844369859231,93.4710781589965));
#4925=IFCCARTESIANPOINT((179.98955294161,93.5115530379117));
#4926=IFCCARTESIANPOINT((199.158569807507,93.5916364286677));
#4927=IFCCARTESIANPOINT((199.164562039572,78.5860509011545));
#4928=IFCCARTESIANPOINT((211.364211147709,78.5907019083388));
#4929=IFCCARTESIANPOINT((211.358081047161,93.6431487335358));
#4930=IFCCARTESIANPOINT((231.38608948249,93.7271677448298));
#4931=IFCCARTESIANPOINT((234.723888549488,96.558932808286));
#4932=IFCCARTESIANPOINT((242.671970443946,47.4585783583461));
#4933=IFCCARTESIANPOINT((247.32567784292,27.0278925758903));
#4934=IFCCARTESIANPOINT((248.911888340925,18.8615943779587));
#4935=IFCCARTESIANPOINT((250.093414665869,14.2495770819369));
#4936=IFCCARTESIANPOINT((257.161544562463,-26.6423255976406));
#4937=IFCCARTESIANPOINT((262.286719667871,-25.7599214303191));
#4938=IFCCARTESIANPOINT((269.434708949557,-66.6353646803764));
#4939=IFCCARTESIANPOINT((268.489736713964,-67.7761390081723));
#4940=IFCCARTESIANPOINT((267.38093698275,-64.2285052867956));
#4941=IFCPOLYLINE((#4808,#4809,#4810,#4811,#4812,#4813,#4814,#4815,#4816,#4817,#4818,#4819,#4820,#4821,#4822,#4823,#4824,#4825,#4826,#4827,#4828,#4829,#4830,#4831,#4832,#4833,#4834,#4835,#4836,#4837,#4838,#4839,#4840,#4841,#4842,#4843,#4844,#4845,#4846,#4847,#4848,#4849,#4850,#4851,#4852,#4853,#4854,#4855,#4856,#4857,#4858,#4859,#4860,#4861,#4862,#4863,#4864,#4865,#4866,#4867,#4868,#4869,#4870,#4871,#4872,#4873,#4874,#4875,#4876,#4877,#4878,#4879,#4880,#4881,#4882,#4883,#4884,#4885,#4886,#4887,#4888,#4889,#4890,#4891,#4892,#4893,#4894,#4895,#4896,#4897,#4898,#4899,#4900,#4901,#4902,#4903,#4904,#4905,#4906,#4907,#4908,#4909,#4910,#4911,#4912,#4913,#4914,#4915,#4916,#4917,#4918,#4919,#4920,#4921,#4922,#4923,#4924,#4925,#4926,#4927,#4928,#4929,#4930,#4931,#4932,#4933,#4934,#4935,#4936,#4937,#4938,#4939,#4940));
#4942=IFCCARTESIANPOINT((6.38525499132811,18.3551021433668));
#4943=IFCCARTESIANPOINT((9.63512085509137,18.3484026991646));
#4944=IFCCARTESIANPOINT((9.63619016067241,9.62918462656671));
#4945=IFCCARTESIANPOINT((32.1546803326055,9.61746065522311));
#4946=IFCCARTESIANPOINT((35.5542222727963,9.91529047721997));
#4947=IFCCARTESIANPOINT((43.244343258295,10.5896258397261));
#4948=IFCCARTESIANPOINT((54.3619022866187,11.56725066941));
#4949=IFCCARTESIANPOINT((88.0914414882136,14.919020054047));
#4950=IFCCARTESIANPOINT((98.5133282266906,15.9989486786653));
#4951=IFCCARTESIANPOINT((108.934577044798,17.0781072032987));
#4952=IFCCARTESIANPOINT((139.917237587797,21.4184384851833));
#4953=IFCCARTESIANPOINT((139.903580388898,55.6538156456081));
#4954=IFCCARTESIANPOINT((140.019466138707,57.695201323193));
#4955=IFCCARTESIANPOINT((140.017393392773,86.2087476814631));
#4956=IFCCARTESIANPOINT((9.68300545561942,86.1088985478855));
#4957=IFCCARTESIANPOINT((9.68932218107511,68.6864793637651));
#4958=IFCCARTESIANPOINT((8.66783330510953,68.6885955787147));
#4959=IFCCARTESIANPOINT((8.66928910528077,61.1000772182015));
#4960=IFCCARTESIANPOINT((9.69218600410386,61.0980931858066));
#4961=IFCCARTESIANPOINT((9.69437697317335,57.6551730317879));
#4962=IFCCARTESIANPOINT((9.59835301045678,55.6518729031668));
#4963=IFCCARTESIANPOINT((9.6307578945416,44.5940152500989));
#4964=IFCCARTESIANPOINT((6.38120234987582,44.5822782113682));
#4965=IFCCARTESIANPOINT((6.38525499132811,18.3551021433668));
#4966=IFCPOLYLINE((#4942,#4943,#4944,#4945,#4946,#4947,#4948,#4949,#4950,#4951,#4952,#4953,#4954,#4955,#4956,#4957,#4958,#4959,#4960,#4961,#4962,#4963,#4964,#4965));
#4967=IFCCARTESIANPOINT((195.595174582239,35.0528088756837));
#4968=IFCCARTESIANPOINT((208.533149919269,39.0400598368724));
#4969=IFCCARTESIANPOINT((215.51162938014,41.1972796651535));
#4970=IFCCARTESIANPOINT((215.446088179393,71.0904987176182));
#4971=IFCCARTESIANPOINT((213.361817980884,71.0730993695324));
#4972=IFCCARTESIANPOINT((213.361732201622,71.4068927069311));
#4973=IFCCARTESIANPOINT((158.366151946335,71.4222960249172));
#4974=IFCCARTESIANPOINT((158.377174616006,30.8146160534816));
#4975=IFCCARTESIANPOINT((180.939003177831,30.8254261426046));
#4976=IFCCARTESIANPOINT((192.397593971953,34.0864496048889));
#4977=IFCCARTESIANPOINT((195.595174582239,35.0528088756837));
#4978=IFCPOLYLINE((#4967,#4968,#4969,#4970,#4971,#4972,#4973,#4974,#4975,#4976,#4977));
#4979=IFCCARTESIANPOINT((-212.75804683243,71.2964674896211));
#4980=IFCCARTESIANPOINT((-212.856694659189,71.2730024861521));
#4981=IFCCARTESIANPOINT((-212.947727694554,71.2289458582527));
#4982=IFCCARTESIANPOINT((-213.026921874523,71.164694147883));
#4983=IFCCARTESIANPOINT((-213.089811741054,71.0856380624464));
#4984=IFCCARTESIANPOINT((-213.134483533533,70.9940879075439));
#4985=IFCCARTESIANPOINT((-213.157879824896,70.8953022099449));
#4986=IFCCARTESIANPOINT((-213.158989132295,70.7936372241238));
#4987=IFCCARTESIANPOINT((-213.11113946556,7.70256414671894));
#4988=IFCCARTESIANPOINT((-213.120214145369,7.61009442067007));
#4989=IFCCARTESIANPOINT((-213.105990357493,7.51910165051231));
#4990=IFCCARTESIANPOINT((-213.070272667712,7.43367772811325));
#4991=IFCCARTESIANPOINT((-213.013721970259,7.36086276685819));
#4992=IFCCARTESIANPOINT((-212.940826697188,7.30307627300499));
#4993=IFCCARTESIANPOINT((-212.856339634367,7.26555379410274));
#4994=IFCCARTESIANPOINT((-212.764749209047,7.25071484211367));
#4995=IFCCARTESIANPOINT((-212.672457619017,7.25866861717077));
#4996=IFCCARTESIANPOINT((-176.937777679821,7.23410039447481));
#4997=IFCCARTESIANPOINT((-176.81472799278,7.23215774219716));
#4998=IFCCARTESIANPOINT((-176.693683978519,7.25914564775303));
#4999=IFCCARTESIANPOINT((-176.583863884123,7.3149089536746));
#5000=IFCCARTESIANPOINT((-176.490503254259,7.39469487161841));
#5001=IFCCARTESIANPOINT((-176.417561801587,7.49529082042864));
#5002=IFCCARTESIANPOINT((-176.372958941647,7.61027162038954));
#5003=IFCCARTESIANPOINT((-176.356033778313,7.73259716603206));
#5004=IFCCARTESIANPOINT((-176.368941455003,7.85496297682403));
#5005=IFCCARTESIANPOINT((-176.354596952908,70.7828432718525));
#5006=IFCCARTESIANPOINT((-176.349660121225,70.8891288663726));
#5007=IFCCARTESIANPOINT((-176.3707056157,70.9922651226516));
#5008=IFCCARTESIANPOINT((-176.415928886185,71.0881601475412));
#5009=IFCCARTESIANPOINT((-176.482623079413,71.1706761115929));
#5010=IFCCARTESIANPOINT((-176.566673336929,71.2338073584833));
#5011=IFCCARTESIANPOINT((-176.664999247791,71.275002207607));
#5012=IFCCARTESIANPOINT((-176.769526233285,71.2914675869979));
#5013=IFCCARTESIANPOINT((-176.8744900288,71.2823241926963));
#5014=IFCCARTESIANPOINT((-212.655876106379,71.2975363081205));
#5015=IFCCARTESIANPOINT((-212.75804683243,71.2964674896211));
#5016=IFCPOLYLINE((#4979,#4980,#4981,#4982,#4983,#4984,#4985,#4986,#4987,#4988,#4989,#4990,#4991,#4992,#4993,#4994,#4995,#4996,#4997,#4998,#4999,#5000,#5001,#5002,#5003,#5004,#5005,#5006,#5007,#5008,#5009,#5010,#5011,#5012,#5013,#5014,#5015));
#5017=IFCCARTESIANPOINT((-15.9166508112685,55.725329564244));
#5018=IFCCARTESIANPOINT((-15.8642412015179,57.6258153529488));
#5019=IFCCARTESIANPOINT((-15.8894529033278,85.03919599863));
#5020=IFCCARTESIANPOINT((-153.845864411298,84.9240924820188));
#5021=IFCCARTESIANPOINT((-153.29768122948,77.9422875429154));
#5022=IFCCARTESIANPOINT((-151.819745866378,77.9425385246286));
#5023=IFCCARTESIANPOINT((-151.886583397456,55.7917377550039));
#5024=IFCCARTESIANPOINT((-153.303709417087,55.7943544665468));
#5025=IFCCARTESIANPOINT((-153.299249079631,6.79841073398711));
#5026=IFCCARTESIANPOINT((-122.342576422874,6.78552083612885));
#5027=IFCCARTESIANPOINT((-99.9695953754708,6.75019399280427));
#5028=IFCCARTESIANPOINT((-89.3407881617604,6.73805993009591));
#5029=IFCCARTESIANPOINT((-79.7855493827665,6.76079447567463));
#5030=IFCCARTESIANPOINT((-69.1800176600809,6.73937324102735));
#5031=IFCCARTESIANPOINT((-46.8351909345947,7.0039552761009));
#5032=IFCCARTESIANPOINT((-15.8384327385284,6.98772630043095));
#5033=IFCCARTESIANPOINT((-15.8301635824319,19.8441174198524));
#5034=IFCCARTESIANPOINT((-12.6804684600502,19.8528718713205));
#5035=IFCCARTESIANPOINT((-12.6575389330101,54.9695102995611));
#5036=IFCCARTESIANPOINT((-15.8072340548097,54.9607558428543));
#5037=IFCCARTESIANPOINT((-15.8069860946562,55.616308237717));
#5038=IFCCARTESIANPOINT((-15.9156911958416,55.6167566427612));
#5039=IFCCARTESIANPOINT((-15.9166508112685,55.725329564244));
#5040=IFCPOLYLINE((#5017,#5018,#5019,#5020,#5021,#5022,#5023,#5024,#5025,#5026,#5027,#5028,#5029,#5030,#5031,#5032,#5033,#5034,#5035,#5036,#5037,#5038,#5039));
#5041=IFCARBITRARYPROFILEDEFWITHVOIDS(.AREA.,$,#4941,(#4966,#4978,#5016,#5040));
#5042=IFCEXTRUDEDAREASOLID(#5041,#4806,#4807,0.1);
#5043=IFCCARTESIANPOINT((0.,0.,0.));
#5044=IFCDIRECTION((0.,0.,1.));
#5045=IFCDIRECTION((1.,0.,0.));
#5046=IFCAXIS2PLACEMENT3D(#5043,#5044,#5045);
#5047=IFCDIRECTION((0.,0.,1.));
#5048=IFCCARTESIANPOINT((-349.685235980258,-30.2439620741643));
#5049=IFCCARTESIANPOINT((-320.503728739102,4.98407220205991));
#5050=IFCCARTESIANPOINT((-310.479167138838,4.97455538919894));
#5051=IFCCARTESIANPOINT((-310.485984051629,4.24523411109112));
#5052=IFCCARTESIANPOINT((-310.066345893574,-26.151666731399));
#5053=IFCCARTESIANPOINT((-321.077962886164,-26.1470607916126));
#5054=IFCCARTESIANPOINT((-321.086239242664,-26.6414376742323));
#5055=IFCCARTESIANPOINT((-321.000924523658,-26.6121221747017));
#5056=IFCCARTESIANPOINT((-318.820300711202,-31.9712433515233));
#5057=IFCCARTESIANPOINT((-341.937541528227,-41.3856079568504));
#5058=IFCCARTESIANPOINT((-346.793599330966,-37.3630421553389));
#5059=IFCCARTESIANPOINT((-349.685235980258,-30.2439620741643));
#5060=IFCPOLYLINE((#5048,#5049,#5050,#5051,#5052,#5053,#5054,#5055,#5056,#5057,#5058,#5059));
#5061=IFCARBITRARYCLOSEDPROFILEDEF(.AREA.,$,#5060);
#5062=IFCEXTRUDEDAREASOLID(#5061,#5046,#5047,0.1);
#5063=IFCSHAPEREPRESENTATION(#11,'Body','SweptSolid',(#4802,#5042,#5062));
#5064=IFCPRODUCTDEFINITIONSHAPE($,$,(#5063));
#5065=IFCSLAB('3Ji_MMl9D25v8GVkPyUyWq',#5,'NL.IMKAD.KadastraalObject.45150673170000',$,$,#4787,#5064,$,.NOTDEFINED.);
#5066=IFCSTYLEDITEM(#4802,(#1388),$);
#5067=IFCSTYLEDITEM(#5042,(#1388),$);
#5068=IFCSTYLEDITEM(#5062,(#1388),$);
#5069=IFCPROPERTYSINGLEVALUE('objectid',$,IFCTEXT('3234763'),$);
#5070=IFCPROPERTYSINGLEVALUE('globalid',$,IFCTEXT('{9356842B-86E9-0728-B906-109B62DABBA2}'),$);
#5071=IFCPROPERTYSINGLEVALUE('identificatie',$,IFCTEXT('NL.IMKAD.KadastraalObject.45150673170000'),$);
#5072=IFCPROPERTYSINGLEVALUE('namespace',$,IFCTEXT('NL.IMKAD.KadastraalObject'),$);
#5073=IFCPROPERTYSINGLEVALUE('lokaalid',$,IFCTEXT('45150673170000'),$);
#5074=IFCPROPERTYSINGLEVALUE('begingeldigheid',$,IFCTEXT('1759822278000'),$);
#5075=IFCPROPERTYSINGLEVALUE('tijdstipregistratie',$,IFCTEXT('1759822278000'),$);
#5076=IFCPROPERTYSINGLEVALUE('volgnummer',$,IFCTEXT('0'),$);
#5077=IFCPROPERTYSINGLEVALUE('statushistorie',$,IFCTEXT('G'),$);
#5078=IFCPROPERTYSINGLEVALUE('kadastralegemeentecode',$,IFCTEXT('951'),$);
#5079=IFCPROPERTYSINGLEVALUE('kadastralegemeentewaarde',$,IFCTEXT('Strijp'),$);
#5080=IFCPROPERTYSINGLEVALUE('sectie',$,IFCTEXT('C'),$);
#5081=IFCPROPERTYSINGLEVALUE('perceelnummer',$,IFCTEXT('6731'),$);
#5082=IFCPROPERTYSINGLEVALUE('akrkadastralegemeentecode',$,IFCTEXT('STR03'),$);
#5083=IFCPROPERTYSINGLEVALUE('kadastralegrootte',$,IFCTEXT('93679'),$);
#5084=IFCPROPERTYSINGLEVALUE('soortgrootte',$,IFCTEXT('Voorlopig'),$);
#5085=IFCPROPERTYSINGLEVALUE('perceelnummerrotatie',$,IFCTEXT('0.0'),$);
#5086=IFCPROPERTYSINGLEVALUE('perceelnummerverschuivingx',$,IFCTEXT('0.0'),$);
#5087=IFCPROPERTYSINGLEVALUE('perceelnummerverschuivingy',$,IFCTEXT('0.0'),$);
#5088=IFCPROPERTYSINGLEVALUE('plaatscoordinatenx',$,IFCTEXT('160043.256'),$);
#5089=IFCPROPERTYSINGLEVALUE('plaatscoordinateny',$,IFCTEXT('384129.933'),$);
#5090=IFCPROPERTYSINGLEVALUE('id',$,IFCTEXT('1'),$);
#5091=IFCPROPERTYSET('02FF3gt3D7hQrofzzoeg$t',#5,'CPset_BRK-Perceel',$,(#5069,#5070,#5071,#5072,#5073,#5074,#5075,#5076,#5077,#5078,#5079,#5080,#5081,#5082,#5083,#5084,#5085,#5086,#5087,#5088,#5089,#5090));
#5092=IFCRELDEFINESBYPROPERTIES('0qZ2qBlOL6qBljHraWwc7w',#5,$,$,(#5065),#5091);
#5093=IFCCARTESIANPOINT((0.,0.,-0.1));
#5094=IFCDIRECTION((0.,0.,1.));
#5095=IFCDIRECTION((1.,0.,0.));
#5096=IFCAXIS2PLACEMENT3D(#5093,#5094,#5095);
#5097=IFCLOCALPLACEMENT(#37,#5096);
#5098=IFCCARTESIANPOINT((0.,0.,0.));
#5099=IFCDIRECTION((0.,0.,1.));
#5100=IFCDIRECTION((1.,0.,0.));
#5101=IFCAXIS2PLACEMENT3D(#5098,#5099,#5100);
#5102=IFCDIRECTION((0.,0.,1.));
#5103=IFCCARTESIANPOINT((-135.806524041662,-189.299120263546));
#5104=IFCCARTESIANPOINT((-111.83651347406,-222.067512019537));
#5105=IFCCARTESIANPOINT((-105.290359617764,-219.450885432772));
#5106=IFCCARTESIANPOINT((-94.3466879183834,-246.480057190114));
#5107=IFCCARTESIANPOINT((-154.327249587135,-196.794537386799));
#5108=IFCCARTESIANPOINT((-135.806524041662,-189.299120263546));
#5109=IFCPOLYLINE((#5103,#5104,#5105,#5106,#5107,#5108));
#5110=IFCARBITRARYCLOSEDPROFILEDEF(.AREA.,$,#5109);
#5111=IFCEXTRUDEDAREASOLID(#5110,#5101,#5102,0.1);
#5112=IFCSHAPEREPRESENTATION(#11,'Body','SweptSolid',(#5111));
#5113=IFCPRODUCTDEFINITIONSHAPE($,$,(#5112));
#5114=IFCSLAB('0iEZUdbZz9RvJKoQpYKkkw',#5,'NL.IMKAD.KadastraalObject.45150541870000',$,$,#5097,#5113,$,.NOTDEFINED.);
#5115=IFCSTYLEDITEM(#5111,(#1388),$);
#5116=IFCPROPERTYSINGLEVALUE('objectid',$,IFCTEXT('3289055'),$);
#5117=IFCPROPERTYSINGLEVALUE('globalid',$,IFCTEXT('{24DF2795-7A6D-9B62-7CF4-EAC8CEB7F9C7}'),$);
#5118=IFCPROPERTYSINGLEVALUE('identificatie',$,IFCTEXT('NL.IMKAD.KadastraalObject.45150541870000'),$);
#5119=IFCPROPERTYSINGLEVALUE('namespace',$,IFCTEXT('NL.IMKAD.KadastraalObject'),$);
#5120=IFCPROPERTYSINGLEVALUE('lokaalid',$,IFCTEXT('45150541870000'),$);
#5121=IFCPROPERTYSINGLEVALUE('begingeldigheid',$,IFCTEXT('1310389979000'),$);
#5122=IFCPROPERTYSINGLEVALUE('tijdstipregistratie',$,IFCTEXT('1310389979000'),$);
#5123=IFCPROPERTYSINGLEVALUE('volgnummer',$,IFCTEXT('0'),$);
#5124=IFCPROPERTYSINGLEVALUE('statushistorie',$,IFCTEXT('G'),$);
#5125=IFCPROPERTYSINGLEVALUE('kadastralegemeentecode',$,IFCTEXT('951'),$);
#5126=IFCPROPERTYSINGLEVALUE('kadastralegemeentewaarde',$,IFCTEXT('Strijp'),$);
#5127=IFCPROPERTYSINGLEVALUE('sectie',$,IFCTEXT('C'),$);
#5128=IFCPROPERTYSINGLEVALUE('perceelnummer',$,IFCTEXT('5418'),$);
#5129=IFCPROPERTYSINGLEVALUE('akrkadastralegemeentecode',$,IFCTEXT('STR03'),$);
#5130=IFCPROPERTYSINGLEVALUE('kadastralegrootte',$,IFCTEXT('7695'),$);
#5131=IFCPROPERTYSINGLEVALUE('soortgrootte',$,IFCTEXT('Vastgesteld'),$);
#5132=IFCPROPERTYSINGLEVALUE('perceelnummerrotatie',$,IFCTEXT('0.0'),$);
#5133=IFCPROPERTYSINGLEVALUE('perceelnummerverschuivingx',$,IFCTEXT('0.0'),$);
#5134=IFCPROPERTYSINGLEVALUE('perceelnummerverschuivingy',$,IFCTEXT('0.0'),$);
#5135=IFCPROPERTYSINGLEVALUE('plaatscoordinatenx',$,IFCTEXT('159789.631'),$);
#5136=IFCPROPERTYSINGLEVALUE('plaatscoordinateny',$,IFCTEXT('384074.402'),$);
#5137=IFCPROPERTYSINGLEVALUE('id',$,IFCTEXT('1'),$);
#5138=IFCPROPERTYSET('2$atk$mxbFoxo4avM3nJa2',#5,'CPset_BRK-Perceel',$,(#5116,#5117,#5118,#5119,#5120,#5121,#5122,#5123,#5124,#5125,#5126,#5127,#5128,#5129,#5130,#5131,#5132,#5133,#5134,#5135,#5136,#5137));
#5139=IFCRELDEFINESBYPROPERTIES('0Z9GAKCUf8uO7tRlBhST6h',#5,$,$,(#5114),#5138);
#5140=IFCCARTESIANPOINT((0.,0.,-0.1));
#5141=IFCDIRECTION((0.,0.,1.));
#5142=IFCDIRECTION((1.,0.,0.));
#5143=IFCAXIS2PLACEMENT3D(#5140,#5141,#5142);
#5144=IFCLOCALPLACEMENT(#37,#5143);
#5145=IFCCARTESIANPOINT((0.,0.,0.));
#5146=IFCDIRECTION((0.,0.,1.));
#5147=IFCDIRECTION((1.,0.,0.));
#5148=IFCAXIS2PLACEMENT3D(#5145,#5146,#5147);
#5149=IFCDIRECTION((0.,0.,1.));
#5150=IFCCARTESIANPOINT((-22.0858844023023,-62.9506164643099));
#5151=IFCCARTESIANPOINT((-21.7139376901905,-63.8638374908478));
#5152=IFCCARTESIANPOINT((-21.5294061570312,-63.7868562374497));
#5153=IFCCARTESIANPOINT((-20.4034627846559,-66.5660531594767));
#5154=IFCCARTESIANPOINT((-20.5981148369319,-66.6411436260678));
#5155=IFCCARTESIANPOINT((-16.9833182423026,-75.6645739359665));
#5156=IFCCARTESIANPOINT((-28.7123776984226,-80.3870441842591));
#5157=IFCCARTESIANPOINT((-28.4054871552798,-81.1217163511319));
#5158=IFCCARTESIANPOINT((-31.0824960575555,-82.2089478485868));
#5159=IFCCARTESIANPOINT((-31.36714557503,-81.4615345437196));
#5160=IFCCARTESIANPOINT((-122.597450923378,-118.741336847248));
#5161=IFCCARTESIANPOINT((-134.564836521604,-89.4150012792088));
#5162=IFCCARTESIANPOINT((-130.777293651161,-87.8712500014226));
#5163=IFCCARTESIANPOINT((-32.4118381612352,-47.7654115260229));
#5164=IFCCARTESIANPOINT((-28.8651017825759,-46.3195491276565));
#5165=IFCCARTESIANPOINT((-22.0858844023023,-62.9506164643099));
#5166=IFCPOLYLINE((#5150,#5151,#5152,#5153,#5154,#5155,#5156,#5157,#5158,#5159,#5160,#5161,#5162,#5163,#5164,#5165));
#5167=IFCARBITRARYCLOSEDPROFILEDEF(.AREA.,$,#5166);
#5168=IFCEXTRUDEDAREASOLID(#5167,#5148,#5149,0.1);
#5169=IFCSHAPEREPRESENTATION(#11,'Body','SweptSolid',(#5168));
#5170=IFCPRODUCTDEFINITIONSHAPE($,$,(#5169));
#5171=IFCSLAB('0HCBPlQjbFZu0_ldwGE9MV',#5,'NL.IMKAD.KadastraalObject.45150573870000',$,$,#5144,#5170,$,.NOTDEFINED.);
#5172=IFCSTYLEDITEM(#5168,(#1388),$);
#5173=IFCPROPERTYSINGLEVALUE('objectid',$,IFCTEXT('3289205'),$);
#5174=IFCPROPERTYSINGLEVALUE('globalid',$,IFCTEXT('{C765B2E5-CAE5-5A19-5DD0-D1B835584C7F}'),$);
#5175=IFCPROPERTYSINGLEVALUE('identificatie',$,IFCTEXT('NL.IMKAD.KadastraalObject.45150573870000'),$);
#5176=IFCPROPERTYSINGLEVALUE('namespace',$,IFCTEXT('NL.IMKAD.KadastraalObject'),$);
#5177=IFCPROPERTYSINGLEVALUE('lokaalid',$,IFCTEXT('45150573870000'),$);
#5178=IFCPROPERTYSINGLEVALUE('begingeldigheid',$,IFCTEXT('1412166429000'),$);
#5179=IFCPROPERTYSINGLEVALUE('tijdstipregistratie',$,IFCTEXT('1412166429000'),$);
#5180=IFCPROPERTYSINGLEVALUE('volgnummer',$,IFCTEXT('0'),$);
#5181=IFCPROPERTYSINGLEVALUE('statushistorie',$,IFCTEXT('G'),$);
#5182=IFCPROPERTYSINGLEVALUE('kadastralegemeentecode',$,IFCTEXT('951'),$);
#5183=IFCPROPERTYSINGLEVALUE('kadastralegemeentewaarde',$,IFCTEXT('Strijp'),$);
#5184=IFCPROPERTYSINGLEVALUE('sectie',$,IFCTEXT('C'),$);
#5185=IFCPROPERTYSINGLEVALUE('perceelnummer',$,IFCTEXT('5738'),$);
#5186=IFCPROPERTYSINGLEVALUE('akrkadastralegemeentecode',$,IFCTEXT('STR03'),$);
#5187=IFCPROPERTYSINGLEVALUE('kadastralegrootte',$,IFCTEXT('3611'),$);
#5188=IFCPROPERTYSINGLEVALUE('soortgrootte',$,IFCTEXT('Vastgesteld'),$);
#5189=IFCPROPERTYSINGLEVALUE('perceelnummerrotatie',$,IFCTEXT('0.0'),$);
#5190=IFCPROPERTYSINGLEVALUE('perceelnummerverschuivingx',$,IFCTEXT('0.0'),$);
#5191=IFCPROPERTYSINGLEVALUE('perceelnummerverschuivingy',$,IFCTEXT('0.0'),$);
#5192=IFCPROPERTYSINGLEVALUE('plaatscoordinatenx',$,IFCTEXT('159956.109'),$);
#5193=IFCPROPERTYSINGLEVALUE('plaatscoordinateny',$,IFCTEXT('384164.255'),$);
#5194=IFCPROPERTYSINGLEVALUE('id',$,IFCTEXT('1'),$);
#5195=IFCPROPERTYSET('163igyKED63xdhsGj$MLVe',#5,'CPset_BRK-Perceel',$,(#5173,#5174,#5175,#5176,#5177,#5178,#5179,#5180,#5181,#5182,#5183,#5184,#5185,#5186,#5187,#5188,#5189,#5190,#5191,#5192,#5193,#5194));
#5196=IFCRELDEFINESBYPROPERTIES('1wjONoLyrDGOtyIskJbEnb',#5,$,$,(#5171),#5195);
#5197=IFCCARTESIANPOINT((0.,0.,-0.1));
#5198=IFCDIRECTION((0.,0.,1.));
#5199=IFCDIRECTION((1.,0.,0.));
#5200=IFCAXIS2PLACEMENT3D(#5197,#5198,#5199);
#5201=IFCLOCALPLACEMENT(#37,#5200);
#5202=IFCCARTESIANPOINT((0.,0.,0.));
#5203=IFCDIRECTION((0.,0.,1.));
#5204=IFCDIRECTION((1.,0.,0.));
#5205=IFCAXIS2PLACEMENT3D(#5202,#5203,#5204);
#5206=IFCDIRECTION((0.,0.,1.));
#5207=IFCCARTESIANPOINT((33.4288004710106,-118.336841649318));
#5208=IFCCARTESIANPOINT((34.9942351660284,-122.226750673086));
#5209=IFCCARTESIANPOINT((35.3175403357309,-122.099810653483));
#5210=IFCCARTESIANPOINT((35.512703151413,-122.590003958379));
#5211=IFCCARTESIANPOINT((40.850749942736,-120.426983276324));
#5212=IFCCARTESIANPOINT((45.6111219162995,-132.113422798167));
#5213=IFCCARTESIANPOINT((40.0428316506732,-134.396067644644));
#5214=IFCCARTESIANPOINT((40.0820262891066,-134.488267322595));
#5215=IFCCARTESIANPOINT((38.4369491395773,-135.166840220918));
#5216=IFCCARTESIANPOINT((38.3991625269118,-135.074508362799));
#5217=IFCCARTESIANPOINT((34.9847286563308,-136.446872141736));
#5218=IFCCARTESIANPOINT((35.0211072484672,-136.5393361795));
#5219=IFCCARTESIANPOINT((33.3727715596324,-137.198328939092));
#5220=IFCCARTESIANPOINT((33.3397147544019,-137.103422420798));
#5221=IFCCARTESIANPOINT((22.8124118142587,-141.433251259557));
#5222=IFCCARTESIANPOINT((18.5265822629735,-130.8904543799));
#5223=IFCCARTESIANPOINT((18.4355492276372,-130.934511007799));
#5224=IFCCARTESIANPOINT((6.46152596804313,-101.484510806156));
#5225=IFCCARTESIANPOINT((6.5546279262926,-101.447362113919));
#5226=IFCCARTESIANPOINT((2.27309137946577,-90.9275993392221));
#5227=IFCCARTESIANPOINT((12.7851761155471,-86.6474937925232));
#5228=IFCCARTESIANPOINT((12.7494354467199,-86.5542596570449));
#5229=IFCCARTESIANPOINT((19.4757588985667,-83.8141870616237));
#5230=IFCCARTESIANPOINT((20.1435101102397,-85.4801661489182));
#5231=IFCCARTESIANPOINT((20.0222706714994,-85.5277686556219));
#5232=IFCCARTESIANPOINT((21.4120767361892,-88.9086054033833));
#5233=IFCCARTESIANPOINT((21.7320371370006,-88.7762976487866));
#5234=IFCCARTESIANPOINT((22.4134950169537,-90.4445410858607));
#5235=IFCCARTESIANPOINT((22.0899484693364,-90.5764752746909));
#5236=IFCCARTESIANPOINT((23.6771414290124,-94.4636314994423));
#5237=IFCCARTESIANPOINT((24.001325899415,-94.3309272076003));
#5238=IFCCARTESIANPOINT((24.6818814990984,-95.9971246985369));
#5239=IFCCARTESIANPOINT((24.3569269257423,-96.1291910675936));
#5240=IFCCARTESIANPOINT((25.9455279110989,-100.016215112119));
#5241=IFCCARTESIANPOINT((26.2690744611609,-99.8842809203779));
#5242=IFCCARTESIANPOINT((26.9494978782895,-101.549070388428));
#5243=IFCCARTESIANPOINT((26.625313407887,-101.681774680212));
#5244=IFCCARTESIANPOINT((28.2139143903914,-105.568798722408));
#5245=IFCCARTESIANPOINT((28.5374609433056,-105.436864533054));
#5246=IFCCARTESIANPOINT((29.2172464400064,-107.102424101147));
#5247=IFCCARTESIANPOINT((28.8936998900317,-107.234358292888));
#5248=IFCCARTESIANPOINT((30.480892852036,-111.121514514729));
#5249=IFCCARTESIANPOINT((30.8050773224386,-110.988810222945));
#5250=IFCCARTESIANPOINT((31.4856329221511,-112.655007713882));
#5251=IFCCARTESIANPOINT((31.1620863692369,-112.786941903178));
#5252=IFCCARTESIANPOINT((32.7492793341808,-116.674098127405));
#5253=IFCCARTESIANPOINT((33.0734638045542,-116.541393835621));
#5254=IFCCARTESIANPOINT((33.7540194014437,-118.207591324113));
#5255=IFCCARTESIANPOINT((33.4288004710106,-118.336841649318));
#5256=IFCPOLYLINE((#5207,#5208,#5209,#5210,#5211,#5212,#5213,#5214,#5215,#5216,#5217,#5218,#5219,#5220,#5221,#5222,#5223,#5224,#5225,#5226,#5227,#5228,#5229,#5230,#5231,#5232,#5233,#5234,#5235,#5236,#5237,#5238,#5239,#5240,#5241,#5242,#5243,#5244,#5245,#5246,#5247,#5248,#5249,#5250,#5251,#5252,#5253,#5254,#5255));
#5257=IFCARBITRARYCLOSEDPROFILEDEF(.AREA.,$,#5256);
#5258=IFCEXTRUDEDAREASOLID(#5257,#5205,#5206,0.1);
#5259=IFCSHAPEREPRESENTATION(#11,'Body','SweptSolid',(#5258));
#5260=IFCPRODUCTDEFINITIONSHAPE($,$,(#5259));
#5261=IFCSLAB('0tTLRi9Ev3Jg_4Uve2mfkD',#5,'NL.IMKAD.KadastraalObject.45150574070000',$,$,#5201,#5260,$,.NOTDEFINED.);
#5262=IFCSTYLEDITEM(#5258,(#1388),$);
#5263=IFCPROPERTYSINGLEVALUE('objectid',$,IFCTEXT('3289206'),$);
#5264=IFCPROPERTYSINGLEVALUE('globalid',$,IFCTEXT('{ABF5DC7A-81E5-1E56-2A85-432992522C4D}'),$);
#5265=IFCPROPERTYSINGLEVALUE('identificatie',$,IFCTEXT('NL.IMKAD.KadastraalObject.45150574070000'),$);
#5266=IFCPROPERTYSINGLEVALUE('namespace',$,IFCTEXT('NL.IMKAD.KadastraalObject'),$);
#5267=IFCPROPERTYSINGLEVALUE('lokaalid',$,IFCTEXT('45150574070000'),$);
#5268=IFCPROPERTYSINGLEVALUE('begingeldigheid',$,IFCTEXT('1393598045000'),$);
#5269=IFCPROPERTYSINGLEVALUE('tijdstipregistratie',$,IFCTEXT('1393598045000'),$);
#5270=IFCPROPERTYSINGLEVALUE('volgnummer',$,IFCTEXT('0'),$);
#5271=IFCPROPERTYSINGLEVALUE('statushistorie',$,IFCTEXT('G'),$);
#5272=IFCPROPERTYSINGLEVALUE('kadastralegemeentecode',$,IFCTEXT('951'),$);
#5273=IFCPROPERTYSINGLEVALUE('kadastralegemeentewaarde',$,IFCTEXT('Strijp'),$);
#5274=IFCPROPERTYSINGLEVALUE('sectie',$,IFCTEXT('C'),$);
#5275=IFCPROPERTYSINGLEVALUE('perceelnummer',$,IFCTEXT('5740'),$);
#5276=IFCPROPERTYSINGLEVALUE('akrkadastralegemeentecode',$,IFCTEXT('STR03'),$);
#5277=IFCPROPERTYSINGLEVALUE('kadastralegrootte',$,IFCTEXT('1086'),$);
#5278=IFCPROPERTYSINGLEVALUE('soortgrootte',$,IFCTEXT('Vastgesteld'),$);
#5279=IFCPROPERTYSINGLEVALUE('perceelnummerrotatie',$,IFCTEXT('0.0'),$);
#5280=IFCPROPERTYSINGLEVALUE('perceelnummerverschuivingx',$,IFCTEXT('0.0'),$);
#5281=IFCPROPERTYSINGLEVALUE('perceelnummerverschuivingy',$,IFCTEXT('0.0'),$);
#5282=IFCPROPERTYSINGLEVALUE('plaatscoordinatenx',$,IFCTEXT('159998.22'),$);
#5283=IFCPROPERTYSINGLEVALUE('plaatscoordinateny',$,IFCTEXT('384065.732'),$);
#5284=IFCPROPERTYSINGLEVALUE('id',$,IFCTEXT('1'),$);
#5285=IFCPROPERTYSET('0AgA8nb_DAux0qcFpPWosw',#5,'CPset_BRK-Perceel',$,(#5263,#5264,#5265,#5266,#5267,#5268,#5269,#5270,#5271,#5272,#5273,#5274,#5275,#5276,#5277,#5278,#5279,#5280,#5281,#5282,#5283,#5284));
#5286=IFCRELDEFINESBYPROPERTIES('3FN$Ml4v17685a4TjDyYOC',#5,$,$,(#5261),#5285);
#5287=IFCCARTESIANPOINT((0.,0.,-0.1));
#5288=IFCDIRECTION((0.,0.,1.));
#5289=IFCDIRECTION((1.,0.,0.));
#5290=IFCAXIS2PLACEMENT3D(#5287,#5288,#5289);
#5291=IFCLOCALPLACEMENT(#37,#5290);
#5292=IFCCARTESIANPOINT((0.,0.,0.));
#5293=IFCDIRECTION((0.,0.,1.));
#5294=IFCDIRECTION((1.,0.,0.));
#5295=IFCAXIS2PLACEMENT3D(#5292,#5293,#5294);
#5296=IFCDIRECTION((0.,0.,1.));
#5297=IFCCARTESIANPOINT((211.358081047161,93.6431487335358));
#5298=IFCCARTESIANPOINT((211.364211147709,78.5907019083388));
#5299=IFCCARTESIANPOINT((199.164562039572,78.5860509011545));
#5300=IFCCARTESIANPOINT((199.158569807507,93.5916364286677));
#5301=IFCCARTESIANPOINT((211.358081047161,93.6431487335358));
#5302=IFCPOLYLINE((#5297,#5298,#5299,#5300,#5301));
#5303=IFCARBITRARYCLOSEDPROFILEDEF(.AREA.,$,#5302);
#5304=IFCEXTRUDEDAREASOLID(#5303,#5295,#5296,0.1);
#5305=IFCSHAPEREPRESENTATION(#11,'Body','SweptSolid',(#5304));
#5306=IFCPRODUCTDEFINITIONSHAPE($,$,(#5305));
#5307=IFCSLAB('2$dREj7ZH9_P_vjpD$q1UD',#5,'NL.IMKAD.KadastraalObject.45150645470000',$,$,#5291,#5306,$,.NOTDEFINED.);
#5308=IFCSTYLEDITEM(#5304,(#1388),$);
#5309=IFCPROPERTYSINGLEVALUE('objectid',$,IFCTEXT('3300334'),$);
#5310=IFCPROPERTYSINGLEVALUE('globalid',$,IFCTEXT('{9D5EA2FE-5334-B362-E52A-E3ED3D7118CC}'),$);
#5311=IFCPROPERTYSINGLEVALUE('identificatie',$,IFCTEXT('NL.IMKAD.KadastraalObject.45150645470000'),$);
#5312=IFCPROPERTYSINGLEVALUE('namespace',$,IFCTEXT('NL.IMKAD.KadastraalObject'),$);
#5313=IFCPROPERTYSINGLEVALUE('lokaalid',$,IFCTEXT('45150645470000'),$);
#5314=IFCPROPERTYSINGLEVALUE('begingeldigheid',$,IFCTEXT('1608628039000'),$);
#5315=IFCPROPERTYSINGLEVALUE('tijdstipregistratie',$,IFCTEXT('1608628039000'),$);
#5316=IFCPROPERTYSINGLEVALUE('volgnummer',$,IFCTEXT('0'),$);
#5317=IFCPROPERTYSINGLEVALUE('statushistorie',$,IFCTEXT('G'),$);
#5318=IFCPROPERTYSINGLEVALUE('kadastralegemeentecode',$,IFCTEXT('951'),$);
#5319=IFCPROPERTYSINGLEVALUE('kadastralegemeentewaarde',$,IFCTEXT('Strijp'),$);
#5320=IFCPROPERTYSINGLEVALUE('sectie',$,IFCTEXT('C'),$);
#5321=IFCPROPERTYSINGLEVALUE('perceelnummer',$,IFCTEXT('6454'),$);
#5322=IFCPROPERTYSINGLEVALUE('akrkadastralegemeentecode',$,IFCTEXT('STR03'),$);
#5323=IFCPROPERTYSINGLEVALUE('kadastralegrootte',$,IFCTEXT('183'),$);
#5324=IFCPROPERTYSINGLEVALUE('soortgrootte',$,IFCTEXT('Voorlopig'),$);
#5325=IFCPROPERTYSINGLEVALUE('perceelnummerrotatie',$,IFCTEXT('0.0'),$);
#5326=IFCPROPERTYSINGLEVALUE('perceelnummerverschuivingx',$,IFCTEXT('0.0'),$);
#5327=IFCPROPERTYSINGLEVALUE('perceelnummerverschuivingy',$,IFCTEXT('0.0'),$);
#5328=IFCPROPERTYSINGLEVALUE('plaatscoordinatenx',$,IFCTEXT('160268.839'),$);
#5329=IFCPROPERTYSINGLEVALUE('plaatscoordinateny',$,IFCTEXT('384053.242'),$);
#5330=IFCPROPERTYSINGLEVALUE('id',$,IFCTEXT('1'),$);
#5331=IFCPROPERTYSET('2ZCMk0R8r769y3ZEkTNbJU',#5,'CPset_BRK-Perceel',$,(#5309,#5310,#5311,#5312,#5313,#5314,#5315,#5316,#5317,#5318,#5319,#5320,#5321,#5322,#5323,#5324,#5325,#5326,#5327,#5328,#5329,#5330));
#5332=IFCRELDEFINESBYPROPERTIES('1yzqm8bcn2lBwbiYgWBBSP',#5,$,$,(#5307),#5331);
#5333=IFCCARTESIANPOINT((0.,0.,-0.1));
#5334=IFCDIRECTION((0.,0.,1.));
#5335=IFCDIRECTION((1.,0.,0.));
#5336=IFCAXIS2PLACEMENT3D(#5333,#5334,#5335);
#5337=IFCLOCALPLACEMENT(#37,#5336);
#5338=IFCCARTESIANPOINT((0.,0.,0.));
#5339=IFCDIRECTION((0.,0.,1.));
#5340=IFCDIRECTION((1.,0.,0.));
#5341=IFCAXIS2PLACEMENT3D(#5338,#5339,#5340);
#5342=IFCDIRECTION((0.,0.,1.));
#5343=IFCCARTESIANPOINT((98.5133282266906,15.9989486786653));
#5344=IFCCARTESIANPOINT((98.5127090608294,57.6835821137065));
#5345=IFCCARTESIANPOINT((140.019466138707,57.695201323193));
#5346=IFCCARTESIANPOINT((139.903580388898,55.6538156456081));
#5347=IFCCARTESIANPOINT((139.037922269345,55.6528052748181));
#5348=IFCCARTESIANPOINT((139.038243961986,55.5434622503817));
#5349=IFCCARTESIANPOINT((109.798652158643,55.5662693349295));
#5350=IFCCARTESIANPOINT((109.798968386371,55.6763824594091));
#5351=IFCCARTESIANPOINT((108.931373524101,55.6808719986002));
#5352=IFCCARTESIANPOINT((108.931643575168,55.6326026779716));
#5353=IFCCARTESIANPOINT((105.831867174624,55.6292446241132));
#5354=IFCCARTESIANPOINT((105.833308441419,32.1610115010408));
#5355=IFCCARTESIANPOINT((108.933590582135,32.1665476807975));
#5356=IFCCARTESIANPOINT((108.934577044798,17.0781072032987));
#5357=IFCCARTESIANPOINT((98.5133282266906,15.9989486786653));
#5358=IFCPOLYLINE((#5343,#5344,#5345,#5346,#5347,#5348,#5349,#5350,#5351,#5352,#5353,#5354,#5355,#5356,#5357));
#5359=IFCARBITRARYCLOSEDPROFILEDEF(.AREA.,$,#5358);
#5360=IFCEXTRUDEDAREASOLID(#5359,#5341,#5342,0.1);
#5361=IFCSHAPEREPRESENTATION(#11,'Body','SweptSolid',(#5360));
#5362=IFCPRODUCTDEFINITIONSHAPE($,$,(#5361));
#5363=IFCSLAB('24yoVljCD6vPU94Juq9Wei',#5,'NL.IMKAD.KadastraalObject.45150640370000',$,$,#5337,#5362,$,.NOTDEFINED.);
#5364=IFCSTYLEDITEM(#5360,(#1388),$);
#5365=IFCPROPERTYSINGLEVALUE('objectid',$,IFCTEXT('3300724'),$);
#5366=IFCPROPERTYSINGLEVALUE('globalid',$,IFCTEXT('{8A018349-9334-BD76-4083-F7C586B7E67B}'),$);
#5367=IFCPROPERTYSINGLEVALUE('identificatie',$,IFCTEXT('NL.IMKAD.KadastraalObject.45150640370000'),$);
#5368=IFCPROPERTYSINGLEVALUE('namespace',$,IFCTEXT('NL.IMKAD.KadastraalObject'),$);
#5369=IFCPROPERTYSINGLEVALUE('lokaalid',$,IFCTEXT('45150640370000'),$);
#5370=IFCPROPERTYSINGLEVALUE('begingeldigheid',$,IFCTEXT('1754990192000'),$);
#5371=IFCPROPERTYSINGLEVALUE('tijdstipregistratie',$,IFCTEXT('1754990192000'),$);
#5372=IFCPROPERTYSINGLEVALUE('volgnummer',$,IFCTEXT('0'),$);
#5373=IFCPROPERTYSINGLEVALUE('statushistorie',$,IFCTEXT('G'),$);
#5374=IFCPROPERTYSINGLEVALUE('kadastralegemeentecode',$,IFCTEXT('951'),$);
#5375=IFCPROPERTYSINGLEVALUE('kadastralegemeentewaarde',$,IFCTEXT('Strijp'),$);
#5376=IFCPROPERTYSINGLEVALUE('sectie',$,IFCTEXT('C'),$);
#5377=IFCPROPERTYSINGLEVALUE('perceelnummer',$,IFCTEXT('6403'),$);
#5378=IFCPROPERTYSINGLEVALUE('akrkadastralegemeentecode',$,IFCTEXT('STR03'),$);
#5379=IFCPROPERTYSINGLEVALUE('kadastralegrootte',$,IFCTEXT('420'),$);
#5380=IFCPROPERTYSINGLEVALUE('soortgrootte',$,IFCTEXT('Vastgesteld'),$);
#5381=IFCPROPERTYSINGLEVALUE('perceelnummerrotatie',$,IFCTEXT('0.0'),$);
#5382=IFCPROPERTYSINGLEVALUE('perceelnummerverschuivingx',$,IFCTEXT('0.0'),$);
#5383=IFCPROPERTYSINGLEVALUE('perceelnummerverschuivingy',$,IFCTEXT('0.0'),$);
#5384=IFCPROPERTYSINGLEVALUE('plaatscoordinatenx',$,IFCTEXT('160169.368'),$);
#5385=IFCPROPERTYSINGLEVALUE('plaatscoordinateny',$,IFCTEXT('384104.652'),$);
#5386=IFCPROPERTYSINGLEVALUE('id',$,IFCTEXT('1'),$);
#5387=IFCPROPERTYSET('37RVR0IbnAehFscDKk48yg',#5,'CPset_BRK-Perceel',$,(#5365,#5366,#5367,#5368,#5369,#5370,#5371,#5372,#5373,#5374,#5375,#5376,#5377,#5378,#5379,#5380,#5381,#5382,#5383,#5384,#5385,#5386));
#5388=IFCRELDEFINESBYPROPERTIES('3asKMgbZb57uv_kPuoMI6w',#5,$,$,(#5363),#5387);
#5389=IFCRELCONTAINEDINSPATIALSTRUCTURE('2rHGeSvezDKv7Q3NiKcWS1',#5,'Building Storey Container',$,(#1397,#1427,#1481,#1528,#1576,#1628,#1675,#1755,#1805,#1850,#1988,#2067,#2123,#2180,#2238,#2290,#2346,#2395,#2474,#2527,#2608,#2662,#2718,#2784,#2857,#2935,#3001,#3055,#3107,#3187,#3243,#3306,#3366,#3437,#3547,#3651,#3702,#3757,#3835,#3899,#3948,#3996,#4046,#4098,#4152,#4217,#4269,#4315,#4367,#4423,#4468,#4522,#4568,#4616,#4685,#4757,#5065,#5114,#5171,#5261,#5307,#5363),#38);
#5390=IFCMATERIAL('GEO-Nulpunt');
#5391=IFCRELASSOCIATESMATERIAL('3ES5ofba9BleNzOaJfzX2X',#5,$,$,(#1397),#5390);
#5392=IFCMATERIAL('BRK-Perceel');
#5393=IFCRELASSOCIATESMATERIAL('12C49xaxP5ZBD_FgpEq9HT',#5,$,$,(#1427,#1481,#1528,#1576,#1628,#1675,#1755,#1805,#1850,#1988,#2067,#2123,#2180,#2238,#2290,#2346,#2395,#2474,#2527,#2608,#2662,#2718,#2784,#2857,#2935,#3001,#3055,#3107,#3187,#3243,#3306,#3366,#3437,#3547,#3651,#3702,#3757,#3835,#3899,#3948,#3996,#4046,#4098,#4152,#4217,#4269,#4315,#4367,#4423,#4468,#4522,#4568,#4616,#4685,#4757,#5065,#5114,#5171,#5261,#5307,#5363),#5392);
#5394=IFCPRESENTATIONLAYERASSIGNMENT('GEO-Nulpunt',$,(#1390),$);
#5395=IFCPRESENTATIONLAYERASSIGNMENT('BRK-Perceel',$,(#1425,#1479,#1526,#1574,#1626,#1673,#1753,#1803,#1848,#1986,#2065,#2121,#2178,#2236,#2288,#2344,#2393,#2472,#2525,#2606,#2660,#2716,#2782,#2855,#2933,#2999,#3053,#3105,#3185,#3241,#3304,#3364,#3435,#3545,#3649,#3700,#3755,#3833,#3897,#3946,#3994,#4044,#4096,#4150,#4215,#4267,#4313,#4365,#4421,#4466,#4520,#4566,#4614,#4683,#4755,#5063,#5112,#5169,#5259,#5305,#5361),$);
ENDSEC;
END-ISO-10303-21;
