ISO-10303-21;
HEADER;
FILE_DESCRIPTION(('ViewDefinition [CoordinationView_V2.0]'),'2;1');
FILE_NAME('3D-omgeving.nl-BGT-Paal.ifc','2025-12-18T11:11:04',('3D-omgeving.nl'),('On-Track B.V.'),'3D-omgeving.nl','OnTrack - 3Domgeving - 1.1.0','none');
FILE_SCHEMA(('IFC2X3'));
ENDSEC;
DATA;
#1=IFCPERSON($,$,'3D-omgeving.nl',$,$,$,$,$);
#2=IFCORGANIZATION($,'On-Track B.V.',$,$,$);
#3=IFCPERSONANDORGANIZATION(#1,#2,$);
#4=IFCAPPLICATION(#2,'OnTrack - 3Domgeving - 1.1.0','3D-omgeving.nl','');
#5=IFCOWNERHISTORY(#3,#4,$,.ADDED.,$,#3,#4,1766056264);
#6=IFCDIRECTION((1.,0.,0.));
#7=IFCDIRECTION((0.,0.,1.));
#8=IFCCARTESIANPOINT((0.,0.,0.));
#9=IFCAXIS2PLACEMENT3D(#8,#7,#6);
#10=IFCDIRECTION((0.,1.,0.));
#11=IFCGEOMETRICREPRESENTATIONCONTEXT($,'Model',3,1.E-05,#9,#10);
#12=IFCDIMENSIONALEXPONENTS(0,0,0,0,0,0,0);
#13=IFCSIUNIT(*,.LENGTHUNIT.,$,.METRE.);
#14=IFCSIUNIT(*,.AREAUNIT.,$,.SQUARE_METRE.);
#15=IFCSIUNIT(*,.VOLUMEUNIT.,$,.CUBIC_METRE.);
#16=IFCSIUNIT(*,.PLANEANGLEUNIT.,$,.RADIAN.);
#17=IFCMEASUREWITHUNIT(IFCPLANEANGLEMEASURE(0.0174532925199433),#16);
#18=IFCCONVERSIONBASEDUNIT(#12,.PLANEANGLEUNIT.,'DEGREE',#17);
#19=IFCUNITASSIGNMENT((#13,#14,#15,#18));
#20=IFCPROJECT('0Hwclcri54lhPkeX1OGWoo',#5,'3D-omgeving.nl-BGT-Paal.ifc',$,$,$,$,(#11),#19);
#21=IFCCARTESIANPOINT((0.,0.,0.));
#22=IFCDIRECTION((0.,0.,1.));
#23=IFCDIRECTION((1.,0.,0.));
#24=IFCAXIS2PLACEMENT3D(#21,#22,#23);
#25=IFCLOCALPLACEMENT($,#24);
#26=IFCSITE('2riVkeUU18wBNfVnk2xsIf',#5,'Site',$,$,#25,$,$,.ELEMENT.,$,$,$,$,$);
#27=IFCCARTESIANPOINT((0.,0.,0.));
#28=IFCDIRECTION((0.,0.,1.));
#29=IFCDIRECTION((1.,0.,0.));
#30=IFCAXIS2PLACEMENT3D(#27,#28,#29);
#31=IFCLOCALPLACEMENT(#25,#30);
#32=IFCBUILDING('3_0ooKyMXFah5KszOReWqM',#5,'Building',$,$,#31,$,$,.ELEMENT.,$,$,$);
#33=IFCCARTESIANPOINT((0.,0.,0.));
#34=IFCDIRECTION((0.,0.,1.));
#35=IFCDIRECTION((1.,0.,0.));
#36=IFCAXIS2PLACEMENT3D(#33,#34,#35);
#37=IFCLOCALPLACEMENT(#31,#36);
#38=IFCBUILDINGSTOREY('2q9zXoqEr26fxnveA8OjDy',#5,'Storey',$,$,#37,$,$,.ELEMENT.,0.);
#39=IFCRELAGGREGATES('3soWCYNQ54qecKXOA6bEPY',#5,'Building Container',$,#32,(#38));
#40=IFCRELAGGREGATES('2hD6ZUQM91_fSuMiYNpJ4Q',#5,'Site Container',$,#26,(#32));
#41=IFCRELAGGREGATES('028ymNqRHAEuGOPpzLinm1',#5,'Project Container',$,#20,(#26));
#42=IFCCARTESIANPOINT((-0.163989797234535,3.60955709766131E-15,0.025000000372529));
#43=IFCCARTESIANPOINT((-3.49224636838827E-14,0.0819948986172674,0.025000000372529));
#44=IFCCARTESIANPOINT((-3.07940352633606E-14,0.249699994921684,0.025000000372529));
#45=IFCCARTESIANPOINT((-0.499399989843369,1.08286712929839E-14,0.025000000372529));
#46=IFCPOLYLOOP((#42,#43,#44,#45));
#47=IFCFACEBOUND(#46,.T.);
#48=IFCFACE((#47));
#49=IFCCARTESIANPOINT((-0.163989797234535,3.60955709766131E-15,-4.00741339852274E-32));
#50=IFCCARTESIANPOINT((-0.499399989843369,1.08286712929839E-14,-1.6029653594091E-31));
#51=IFCCARTESIANPOINT((-3.07940352633606E-14,0.249699994921684,-8.01482679704548E-32));
#52=IFCCARTESIANPOINT((-3.49224636838827E-14,0.0819948986172674,-1.20222401955682E-31));
#53=IFCPOLYLOOP((#49,#50,#51,#52));
#54=IFCFACEBOUND(#53,.T.);
#55=IFCFACE((#54));
#56=IFCCARTESIANPOINT((-0.163989797234535,3.60955709766131E-15,0.025000000372529));
#57=IFCCARTESIANPOINT((-0.499399989843369,1.08286712929839E-14,0.025000000372529));
#58=IFCCARTESIANPOINT((-0.499399989843369,1.08286712929839E-14,-1.6029653594091E-31));
#59=IFCCARTESIANPOINT((-0.163989797234535,3.60955709766131E-15,-4.00741339852274E-32));
#60=IFCPOLYLOOP((#56,#57,#58,#59));
#61=IFCFACEBOUND(#60,.T.);
#62=IFCFACE((#61));
#63=IFCCARTESIANPOINT((-0.499399989843369,1.08286712929839E-14,0.025000000372529));
#64=IFCCARTESIANPOINT((-3.07940352633606E-14,0.249699994921684,0.025000000372529));
#65=IFCCARTESIANPOINT((-3.07940352633606E-14,0.249699994921684,-8.01482679704548E-32));
#66=IFCCARTESIANPOINT((-0.499399989843369,1.08286712929839E-14,-1.6029653594091E-31));
#67=IFCPOLYLOOP((#63,#64,#65,#66));
#68=IFCFACEBOUND(#67,.T.);
#69=IFCFACE((#68));
#70=IFCCARTESIANPOINT((-3.07940352633606E-14,0.249699994921684,0.025000000372529));
#71=IFCCARTESIANPOINT((-3.49224636838827E-14,0.0819948986172674,0.025000000372529));
#72=IFCCARTESIANPOINT((-3.49224636838827E-14,0.0819948986172674,-1.20222401955682E-31));
#73=IFCCARTESIANPOINT((-3.07940352633606E-14,0.249699994921684,-8.01482679704548E-32));
#74=IFCPOLYLOOP((#70,#71,#72,#73));
#75=IFCFACEBOUND(#74,.T.);
#76=IFCFACE((#75));
#77=IFCCARTESIANPOINT((-3.49224636838827E-14,0.0819948986172674,0.025000000372529));
#78=IFCCARTESIANPOINT((-0.163989797234535,3.60955709766131E-15,0.025000000372529));
#79=IFCCARTESIANPOINT((-0.163989797234535,3.60955709766131E-15,-4.00741339852274E-32));
#80=IFCCARTESIANPOINT((-3.49224636838827E-14,0.0819948986172674,-1.20222401955682E-31));
#81=IFCPOLYLOOP((#77,#78,#79,#80));
#82=IFCFACEBOUND(#81,.T.);
#83=IFCFACE((#82));
#84=IFCCLOSEDSHELL((#48,#55,#62,#69,#76,#83));
#85=IFCFACETEDBREP(#84);
#86=IFCCARTESIANPOINT((0.163989797234464,-7.14860482562451E-16,0.025000000372529));
#87=IFCCARTESIANPOINT((-3.36583769022504E-14,-0.0819948986172689,0.025000000372529));
#88=IFCCARTESIANPOINT((-3.3351143936189E-14,-0.249699994921685,0.025000000372529));
#89=IFCCARTESIANPOINT((0.499399989843298,9.37348095282042E-16,0.025000000372529));
#90=IFCPOLYLOOP((#86,#87,#88,#89));
#91=IFCFACEBOUND(#90,.T.);
#92=IFCFACE((#91));
#93=IFCCARTESIANPOINT((0.163989797234464,-7.15985144223407E-16,-1.35706275413179E-17));
#94=IFCCARTESIANPOINT((0.499399989843298,9.36223433621086E-16,-5.8462899550157E-18));
#95=IFCCARTESIANPOINT((-3.33505681980427E-14,-0.249699994921685,-6.11411448598479E-18));
#96=IFCCARTESIANPOINT((-3.36578011641042E-14,-0.0819948986172689,-1.36585740599824E-17));
#97=IFCPOLYLOOP((#93,#94,#95,#96));
#98=IFCFACEBOUND(#97,.T.);
#99=IFCFACE((#98));
#100=IFCCARTESIANPOINT((0.163989797234464,-7.14860482562451E-16,0.025000000372529));
#101=IFCCARTESIANPOINT((0.499399989843298,9.37348095282042E-16,0.025000000372529));
#102=IFCCARTESIANPOINT((0.499399989843298,9.36223433621086E-16,-5.8462899550157E-18));
#103=IFCCARTESIANPOINT((0.163989797234464,-7.15985144223407E-16,-1.35706275413179E-17));
#104=IFCPOLYLOOP((#100,#101,#102,#103));
#105=IFCFACEBOUND(#104,.T.);
#106=IFCFACE((#105));
#107=IFCCARTESIANPOINT((0.499399989843298,9.37348095282042E-16,0.025000000372529));
#108=IFCCARTESIANPOINT((-3.3351143936189E-14,-0.249699994921685,0.025000000372529));
#109=IFCCARTESIANPOINT((-3.33505681980427E-14,-0.249699994921685,-6.11411448598479E-18));
#110=IFCCARTESIANPOINT((0.499399989843298,9.36223433621086E-16,-5.8462899550157E-18));
#111=IFCPOLYLOOP((#107,#108,#109,#110));
#112=IFCFACEBOUND(#111,.T.);
#113=IFCFACE((#112));
#114=IFCCARTESIANPOINT((-3.3351143936189E-14,-0.249699994921685,0.025000000372529));
#115=IFCCARTESIANPOINT((-3.36583769022504E-14,-0.0819948986172689,0.025000000372529));
#116=IFCCARTESIANPOINT((-3.36578011641042E-14,-0.0819948986172689,-1.36585740599824E-17));
#117=IFCCARTESIANPOINT((-3.33505681980427E-14,-0.249699994921685,-6.11411448598479E-18));
#118=IFCPOLYLOOP((#114,#115,#116,#117));
#119=IFCFACEBOUND(#118,.T.);
#120=IFCFACE((#119));
#121=IFCCARTESIANPOINT((-3.36583769022504E-14,-0.0819948986172689,0.025000000372529));
#122=IFCCARTESIANPOINT((0.163989797234464,-7.14860482562451E-16,0.025000000372529));
#123=IFCCARTESIANPOINT((0.163989797234464,-7.15985144223407E-16,-1.35706275413179E-17));
#124=IFCCARTESIANPOINT((-3.36578011641042E-14,-0.0819948986172689,-1.36585740599824E-17));
#125=IFCPOLYLOOP((#121,#122,#123,#124));
#126=IFCFACEBOUND(#125,.T.);
#127=IFCFACE((#126));
#128=IFCCLOSEDSHELL((#92,#99,#106,#113,#120,#127));
#129=IFCFACETEDBREP(#128);
#130=IFCCARTESIANPOINT((-3.34786420808086E-14,-0.0819948986172674,0.025000000372529));
#131=IFCCARTESIANPOINT((-3.3207925298484E-14,-0.249699994921684,0.025000000372529));
#132=IFCCARTESIANPOINT((-3.3207925298484E-14,-0.249699994921684,0.));
#133=IFCCARTESIANPOINT((-3.34786420808086E-14,-0.0819948986172674,0.));
#134=IFCPOLYLOOP((#130,#131,#132,#133));
#135=IFCFACEBOUND(#134,.T.);
#136=IFCFACE((#135));
#137=IFCCARTESIANPOINT((-0.499399989843369,-2.16573425859679E-15,0.025000000372529));
#138=IFCCARTESIANPOINT((-0.163989797234535,-1.44382283906452E-15,0.025000000372529));
#139=IFCCARTESIANPOINT((-0.163989797234535,-1.44382283906452E-15,0.));
#140=IFCCARTESIANPOINT((-0.499399989843369,-2.16573425859679E-15,0.));
#141=IFCPOLYLOOP((#137,#138,#139,#140));
#142=IFCFACEBOUND(#141,.T.);
#143=IFCFACE((#142));
#144=IFCCARTESIANPOINT((-0.163989797234535,-1.44382283906452E-15,0.025000000372529));
#145=IFCCARTESIANPOINT((-3.34786420808086E-14,-0.0819948986172674,0.025000000372529));
#146=IFCCARTESIANPOINT((-3.34786420808086E-14,-0.0819948986172674,0.));
#147=IFCCARTESIANPOINT((-0.163989797234535,-1.44382283906452E-15,0.));
#148=IFCPOLYLOOP((#144,#145,#146,#147));
#149=IFCFACEBOUND(#148,.T.);
#150=IFCFACE((#149));
#151=IFCCARTESIANPOINT((-3.3207925298484E-14,-0.249699994921684,0.));
#152=IFCCARTESIANPOINT((-0.499399989843369,-2.16573425859679E-15,0.));
#153=IFCCARTESIANPOINT((-0.163989797234535,-1.44382283906452E-15,0.));
#154=IFCCARTESIANPOINT((-3.34786420808086E-14,-0.0819948986172674,0.));
#155=IFCPOLYLOOP((#151,#152,#153,#154));
#156=IFCFACEBOUND(#155,.T.);
#157=IFCFACE((#156));
#158=IFCCARTESIANPOINT((-3.3207925298484E-14,-0.249699994921684,0.025000000372529));
#159=IFCCARTESIANPOINT((-0.499399989843369,-2.16573425859679E-15,0.025000000372529));
#160=IFCCARTESIANPOINT((-0.499399989843369,-2.16573425859679E-15,0.));
#161=IFCCARTESIANPOINT((-3.3207925298484E-14,-0.249699994921684,0.));
#162=IFCPOLYLOOP((#158,#159,#160,#161));
#163=IFCFACEBOUND(#162,.T.);
#164=IFCFACE((#163));
#165=IFCCARTESIANPOINT((-3.3207925298484E-14,-0.249699994921684,0.025000000372529));
#166=IFCCARTESIANPOINT((-3.34786420808086E-14,-0.0819948986172674,0.025000000372529));
#167=IFCCARTESIANPOINT((-0.163989797234535,-1.44382283906452E-15,0.025000000372529));
#168=IFCCARTESIANPOINT((-0.499399989843369,-2.16573425859679E-15,0.025000000372529));
#169=IFCPOLYLOOP((#165,#166,#167,#168));
#170=IFCFACEBOUND(#169,.T.);
#171=IFCFACE((#170));
#172=IFCCLOSEDSHELL((#136,#143,#150,#157,#164,#171));
#173=IFCFACETEDBREP(#172);
#174=IFCCARTESIANPOINT((-0.083979956805706,-0.572234034538269,0.025000000372529));
#175=IFCCARTESIANPOINT((-0.083979956805706,-0.546187996864319,0.025000000372529));
#176=IFCCARTESIANPOINT((-0.083979956805706,-0.546187996864319,0.));
#177=IFCCARTESIANPOINT((-0.083979956805706,-0.572234034538269,0.));
#178=IFCPOLYLOOP((#174,#175,#176,#177));
#179=IFCFACEBOUND(#178,.T.);
#180=IFCFACE((#179));
#181=IFCCARTESIANPOINT((0.0382549688220024,-0.396435499191284,0.025000000372529));
#182=IFCCARTESIANPOINT((-0.0714229121804237,-0.396435499191284,0.025000000372529));
#183=IFCCARTESIANPOINT((-0.0714229121804237,-0.396435499191284,0.));
#184=IFCCARTESIANPOINT((0.0382549688220024,-0.396435499191284,0.));
#185=IFCPOLYLOOP((#181,#182,#183,#184));
#186=IFCFACEBOUND(#185,.T.);
#187=IFCFACE((#186));
#188=IFCCARTESIANPOINT((-0.083979956805706,-0.546187996864319,0.025000000372529));
#189=IFCCARTESIANPOINT((0.0187326986342669,-0.420323312282563,0.025000000372529));
#190=IFCCARTESIANPOINT((0.0187326986342669,-0.420323312282563,0.));
#191=IFCCARTESIANPOINT((-0.083979956805706,-0.546187996864319,0.));
#192=IFCPOLYLOOP((#188,#189,#190,#191));
#193=IFCFACEBOUND(#192,.T.);
#194=IFCFACE((#193));
#195=IFCCARTESIANPOINT((-0.0714229121804237,-0.396435499191284,0.025000000372529));
#196=IFCCARTESIANPOINT((-0.0714229121804237,-0.371321439743042,0.025000000372529));
#197=IFCCARTESIANPOINT((-0.0714229121804237,-0.371321439743042,0.));
#198=IFCCARTESIANPOINT((-0.0714229121804237,-0.396435499191284,0.));
#199=IFCPOLYLOOP((#195,#196,#197,#198));
#200=IFCFACEBOUND(#199,.T.);
#201=IFCFACE((#200));
#202=IFCCARTESIANPOINT((-0.0531759671866894,-0.547119975090027,0.025000000372529));
#203=IFCCARTESIANPOINT((0.0729830339550972,-0.547119975090027,0.025000000372529));
#204=IFCCARTESIANPOINT((0.0729830339550972,-0.547119975090027,0.));
#205=IFCCARTESIANPOINT((-0.0531759671866894,-0.547119975090027,0.));
#206=IFCPOLYLOOP((#202,#203,#204,#205));
#207=IFCFACEBOUND(#206,.T.);
#208=IFCFACE((#207));
#209=IFCCARTESIANPOINT((-0.083979956805706,-0.572234034538269,0.));
#210=IFCCARTESIANPOINT((-0.083979956805706,-0.546187996864319,0.));
#211=IFCCARTESIANPOINT((0.0187326986342669,-0.420323312282563,0.));
#212=IFCCARTESIANPOINT((0.0382549688220024,-0.396435499191284,0.));
#213=IFCCARTESIANPOINT((-0.0714229121804237,-0.396435499191284,0.));
#214=IFCCARTESIANPOINT((-0.0714229121804237,-0.371321439743042,0.));
#215=IFCCARTESIANPOINT((0.0698437690734863,-0.371321439743042,0.));
#216=IFCCARTESIANPOINT((0.0698437690734863,-0.396435499191284,0.));
#217=IFCCARTESIANPOINT((-0.0425809659063816,-0.534170508384705,0.));
#218=IFCCARTESIANPOINT((-0.0531759671866894,-0.547119975090027,0.));
#219=IFCCARTESIANPOINT((0.0729830339550972,-0.547119975090027,0.));
#220=IFCCARTESIANPOINT((0.0729830339550972,-0.572234034538269,0.));
#221=IFCPOLYLOOP((#209,#210,#211,#212,#213,#214,#215,#216,#217,#218,#219,#220));
#222=IFCFACEBOUND(#221,.T.);
#223=IFCFACE((#222));
#224=IFCCARTESIANPOINT((0.0729830339550972,-0.547119975090027,0.025000000372529));
#225=IFCCARTESIANPOINT((0.0729830339550972,-0.572234034538269,0.025000000372529));
#226=IFCCARTESIANPOINT((0.0729830339550972,-0.572234034538269,0.));
#227=IFCCARTESIANPOINT((0.0729830339550972,-0.547119975090027,0.));
#228=IFCPOLYLOOP((#224,#225,#226,#227));
#229=IFCFACEBOUND(#228,.T.);
#230=IFCFACE((#229));
#231=IFCCARTESIANPOINT((-0.0425809659063816,-0.534170508384705,0.025000000372529));
#232=IFCCARTESIANPOINT((-0.0531759671866894,-0.547119975090027,0.025000000372529));
#233=IFCCARTESIANPOINT((-0.0531759671866894,-0.547119975090027,0.));
#234=IFCCARTESIANPOINT((-0.0425809659063816,-0.534170508384705,0.));
#235=IFCPOLYLOOP((#231,#232,#233,#234));
#236=IFCFACEBOUND(#235,.T.);
#237=IFCFACE((#236));
#238=IFCCARTESIANPOINT((-0.083979956805706,-0.572234034538269,0.025000000372529));
#239=IFCCARTESIANPOINT((0.0729830339550972,-0.572234034538269,0.025000000372529));
#240=IFCCARTESIANPOINT((0.0729830339550972,-0.547119975090027,0.025000000372529));
#241=IFCCARTESIANPOINT((-0.0531759671866894,-0.547119975090027,0.025000000372529));
#242=IFCCARTESIANPOINT((-0.0425809659063816,-0.534170508384705,0.025000000372529));
#243=IFCCARTESIANPOINT((0.0698437690734863,-0.396435499191284,0.025000000372529));
#244=IFCCARTESIANPOINT((0.0698437690734863,-0.371321439743042,0.025000000372529));
#245=IFCCARTESIANPOINT((-0.0714229121804237,-0.371321439743042,0.025000000372529));
#246=IFCCARTESIANPOINT((-0.0714229121804237,-0.396435499191284,0.025000000372529));
#247=IFCCARTESIANPOINT((0.0382549688220024,-0.396435499191284,0.025000000372529));
#248=IFCCARTESIANPOINT((0.0187326986342669,-0.420323312282563,0.025000000372529));
#249=IFCCARTESIANPOINT((-0.083979956805706,-0.546187996864319,0.025000000372529));
#250=IFCPOLYLOOP((#238,#239,#240,#241,#242,#243,#244,#245,#246,#247,#248,#249));
#251=IFCFACEBOUND(#250,.T.);
#252=IFCFACE((#251));
#253=IFCCARTESIANPOINT((0.0187326986342669,-0.420323312282563,0.025000000372529));
#254=IFCCARTESIANPOINT((0.0382549688220024,-0.396435499191284,0.025000000372529));
#255=IFCCARTESIANPOINT((0.0382549688220024,-0.396435499191284,0.));
#256=IFCCARTESIANPOINT((0.0187326986342669,-0.420323312282563,0.));
#257=IFCPOLYLOOP((#253,#254,#255,#256));
#258=IFCFACEBOUND(#257,.T.);
#259=IFCFACE((#258));
#260=IFCCARTESIANPOINT((0.0698437690734863,-0.396435499191284,0.025000000372529));
#261=IFCCARTESIANPOINT((-0.0425809659063816,-0.534170508384705,0.025000000372529));
#262=IFCCARTESIANPOINT((-0.0425809659063816,-0.534170508384705,0.));
#263=IFCCARTESIANPOINT((0.0698437690734863,-0.396435499191284,0.));
#264=IFCPOLYLOOP((#260,#261,#262,#263));
#265=IFCFACEBOUND(#264,.T.);
#266=IFCFACE((#265));
#267=IFCCARTESIANPOINT((0.0698437690734863,-0.371321439743042,0.025000000372529));
#268=IFCCARTESIANPOINT((0.0698437690734863,-0.396435499191284,0.025000000372529));
#269=IFCCARTESIANPOINT((0.0698437690734863,-0.396435499191284,0.));
#270=IFCCARTESIANPOINT((0.0698437690734863,-0.371321439743042,0.));
#271=IFCPOLYLOOP((#267,#268,#269,#270));
#272=IFCFACEBOUND(#271,.T.);
#273=IFCFACE((#272));
#274=IFCCARTESIANPOINT((0.0729830339550972,-0.572234034538269,0.025000000372529));
#275=IFCCARTESIANPOINT((-0.083979956805706,-0.572234034538269,0.025000000372529));
#276=IFCCARTESIANPOINT((-0.083979956805706,-0.572234034538269,0.));
#277=IFCCARTESIANPOINT((0.0729830339550972,-0.572234034538269,0.));
#278=IFCPOLYLOOP((#274,#275,#276,#277));
#279=IFCFACEBOUND(#278,.T.);
#280=IFCFACE((#279));
#281=IFCCARTESIANPOINT((-0.0714229121804237,-0.371321439743042,0.025000000372529));
#282=IFCCARTESIANPOINT((0.0698437690734863,-0.371321439743042,0.025000000372529));
#283=IFCCARTESIANPOINT((0.0698437690734863,-0.371321439743042,0.));
#284=IFCCARTESIANPOINT((-0.0714229121804237,-0.371321439743042,0.));
#285=IFCPOLYLOOP((#281,#282,#283,#284));
#286=IFCFACEBOUND(#285,.T.);
#287=IFCFACE((#286));
#288=IFCCLOSEDSHELL((#180,#187,#194,#201,#208,#223,#230,#237,#252,#259,#266,#273,#280,#287));
#289=IFCFACETEDBREP(#288);
#290=IFCCARTESIANPOINT((0.745889663696289,-0.104676522314549,0.025000000372529));
#291=IFCCARTESIANPOINT((0.719132363796234,-0.101261354982853,0.025000000372529));
#292=IFCCARTESIANPOINT((0.719132363796234,-0.101261354982853,0.));
#293=IFCCARTESIANPOINT((0.745889663696289,-0.104676522314549,0.));
#294=IFCPOLYLOOP((#290,#291,#292,#293));
#295=IFCFACEBOUND(#294,.T.);
#296=IFCFACE((#295));
#297=IFCCARTESIANPOINT((0.77109569311142,-0.101586312055588,0.025000000372529));
#298=IFCCARTESIANPOINT((0.745889663696289,-0.104676522314549,0.025000000372529));
#299=IFCCARTESIANPOINT((0.745889663696289,-0.104676522314549,0.));
#300=IFCCARTESIANPOINT((0.77109569311142,-0.101586312055588,0.));
#301=IFCPOLYLOOP((#297,#298,#299,#300));
#302=IFCFACEBOUND(#301,.T.);
#303=IFCFACE((#302));
#304=IFCCARTESIANPOINT((0.794523656368256,-0.0923156887292863,0.025000000372529));
#305=IFCCARTESIANPOINT((0.77109569311142,-0.101586312055588,0.025000000372529));
#306=IFCCARTESIANPOINT((0.77109569311142,-0.101586312055588,0.));
#307=IFCCARTESIANPOINT((0.794523656368256,-0.0923156887292863,0.));
#308=IFCPOLYLOOP((#304,#305,#306,#307));
#309=IFCFACEBOUND(#308,.T.);
#310=IFCFACE((#309));
#311=IFCCARTESIANPOINT((0.838565230369568,-0.0302785206586121,0.025000000372529));
#312=IFCCARTESIANPOINT((0.829349815845489,-0.0559198968112466,0.025000000372529));
#313=IFCCARTESIANPOINT((0.829349815845489,-0.0559198968112466,0.));
#314=IFCCARTESIANPOINT((0.838565230369568,-0.0302785206586121,0.));
#315=IFCPOLYLOOP((#311,#312,#313,#314));
#316=IFCFACEBOUND(#315,.T.);
#317=IFCFACE((#316));
#318=IFCCARTESIANPOINT((0.829349815845489,-0.0559198968112466,0.025000000372529));
#319=IFCCARTESIANPOINT((0.814499616622925,-0.0770363211631774,0.025000000372529));
#320=IFCCARTESIANPOINT((0.814499616622925,-0.0770363211631774,0.));
#321=IFCCARTESIANPOINT((0.829349815845489,-0.0559198968112466,0.));
#322=IFCPOLYLOOP((#318,#319,#320,#321));
#323=IFCFACEBOUND(#322,.T.);
#324=IFCFACE((#323));
#325=IFCCARTESIANPOINT((0.650142252445221,-0.00372970383614336,0.025000000372529));
#326=IFCCARTESIANPOINT((0.653011679649353,-0.0294262617826464,0.025000000372529));
#327=IFCCARTESIANPOINT((0.661620140075684,-0.0537371300160888,0.025000000372529));
#328=IFCCARTESIANPOINT((0.67579585313797,-0.0748658180236818,0.025000000372529));
#329=IFCCARTESIANPOINT((0.695367157459259,-0.091015838086605,0.025000000372529));
#330=IFCCARTESIANPOINT((0.719132363796234,-0.101261354982853,0.025000000372529));
#331=IFCCARTESIANPOINT((0.745889663696289,-0.104676522314549,0.025000000372529));
#332=IFCCARTESIANPOINT((0.77109569311142,-0.101586312055588,0.025000000372529));
#333=IFCCARTESIANPOINT((0.794523656368256,-0.0923156887292863,0.025000000372529));
#334=IFCCARTESIANPOINT((0.814499616622925,-0.0770363211631774,0.025000000372529));
#335=IFCCARTESIANPOINT((0.829349815845489,-0.0559198968112466,0.025000000372529));
#336=IFCCARTESIANPOINT((0.838565230369568,-0.0302785206586121,0.025000000372529));
#337=IFCCARTESIANPOINT((0.841637074947357,-0.00142431003041575,0.025000000372529));
#338=IFCCARTESIANPOINT((0.83871853351593,0.0270497556775809,0.025000000372529));
#339=IFCCARTESIANPOINT((0.829962968826294,0.0523355118930338,0.025000000372529));
#340=IFCCARTESIANPOINT((0.815640091896057,0.0734151527285577,0.025000000372529));
#341=IFCCARTESIANPOINT((0.796019673347473,0.0892708674073216,0.025000000372529));
#342=IFCCARTESIANPOINT((0.77238941192627,0.0992036759853361,0.025000000372529));
#343=IFCCARTESIANPOINT((0.74603682756424,0.102514617145061,0.025000000372529));
#344=IFCCARTESIANPOINT((0.725843131542206,0.100751847028732,0.025000000372529));
#345=IFCCARTESIANPOINT((0.707593142986298,0.0954635441303251,0.025000000372529));
#346=IFCCARTESIANPOINT((0.691286742687225,0.0866497084498407,0.025000000372529));
#347=IFCCARTESIANPOINT((0.676924049854279,0.0743103325366972,0.025000000372529));
#348=IFCCARTESIANPOINT((0.665206968784332,0.0588562190532682,0.025000000372529));
#349=IFCCARTESIANPOINT((0.656837701797485,0.0406981781125066,0.025000000372529));
#350=IFCCARTESIANPOINT((0.651816070079803,0.0198362041264772,0.025000000372529));
#351=IFCCARTESIANPOINT((0.675256311893463,-0.00397495832294255,0.025000000372529));
#352=IFCCARTESIANPOINT((0.680492460727692,0.0336041860282421,0.025000000372529));
#353=IFCCARTESIANPOINT((0.687037706375122,0.0476894676685332,0.025000000372529));
#354=IFCCARTESIANPOINT((0.696201026439667,0.0586385577917101,0.025000000372529));
#355=IFCCARTESIANPOINT((0.719169139862061,0.0727100446820262,0.025000000372529));
#356=IFCCARTESIANPOINT((0.746183931827545,0.0774005353450775,0.025000000372529));
#357=IFCCARTESIANPOINT((0.765626490116119,0.074966385960579,0.025000000372529));
#358=IFCCARTESIANPOINT((0.783045709133148,0.0676639303565028,0.025000000372529));
#359=IFCCARTESIANPOINT((0.797485113143921,0.0559346228837969,0.025000000372529));
#360=IFCCARTESIANPOINT((0.807988107204437,0.0402199327945712,0.025000000372529));
#361=IFCCARTESIANPOINT((0.814389288425445,0.0210042297840115,0.025000000372529));
#362=IFCCARTESIANPOINT((0.816523015499115,-0.00122810632456125,0.025000000372529));
#363=IFCCARTESIANPOINT((0.81153815984726,-0.0344723761081697,0.025000000372529));
#364=IFCCARTESIANPOINT((0.80530720949173,-0.0478847399353985,0.025000000372529));
#365=IFCCARTESIANPOINT((0.796583771705627,-0.0591572560369969,0.025000000372529));
#366=IFCCARTESIANPOINT((0.773903846740723,-0.07446114718914,0.025000000372529));
#367=IFCCARTESIANPOINT((0.745742499828339,-0.079562447965145,0.025000000372529));
#368=IFCCARTESIANPOINT((0.717985808849335,-0.0745102018117905,0.025000000372529));
#369=IFCCARTESIANPOINT((0.695342659950256,-0.0593534633517263,0.025000000372529));
#370=IFCCARTESIANPOINT((0.6802778840065,-0.0354043431580064,0.025000000372529));
#371=IFCPOLYLOOP((#325,#326,#327,#328,#329,#330,#331,#332,#333,#334,#335,#336,#337,#338,#339,#340,#341,#342,#343,#344,#345,#346,#347,#348,#349,#350,#351,#352,#353,#354,#355,#356,#357,#358,#359,#360,#361,#362,#363,#364,#365,#366,#367,#368,#369,#370));
#372=IFCFACEBOUND(#371,.T.);
#373=IFCFACE((#372));
#374=IFCCARTESIANPOINT((0.650142252445221,-0.00372970383614336,0.));
#375=IFCCARTESIANPOINT((0.651816070079803,0.0198362041264772,0.));
#376=IFCCARTESIANPOINT((0.656837701797485,0.0406981781125066,0.));
#377=IFCCARTESIANPOINT((0.665206968784332,0.0588562190532682,0.));
#378=IFCCARTESIANPOINT((0.676924049854279,0.0743103325366972,0.));
#379=IFCCARTESIANPOINT((0.691286742687225,0.0866497084498407,0.));
#380=IFCCARTESIANPOINT((0.707593142986298,0.0954635441303251,0.));
#381=IFCCARTESIANPOINT((0.725843131542206,0.100751847028732,0.));
#382=IFCCARTESIANPOINT((0.74603682756424,0.102514617145061,0.));
#383=IFCCARTESIANPOINT((0.77238941192627,0.0992036759853361,0.));
#384=IFCCARTESIANPOINT((0.796019673347473,0.0892708674073216,0.));
#385=IFCCARTESIANPOINT((0.815640091896057,0.0734151527285577,0.));
#386=IFCCARTESIANPOINT((0.829962968826294,0.0523355118930338,0.));
#387=IFCCARTESIANPOINT((0.83871853351593,0.0270497556775809,0.));
#388=IFCCARTESIANPOINT((0.841637074947357,-0.00142431003041575,0.));
#389=IFCCARTESIANPOINT((0.838565230369568,-0.0302785206586121,0.));
#390=IFCCARTESIANPOINT((0.829349815845489,-0.0559198968112466,0.));
#391=IFCCARTESIANPOINT((0.814499616622925,-0.0770363211631774,0.));
#392=IFCCARTESIANPOINT((0.794523656368256,-0.0923156887292863,0.));
#393=IFCCARTESIANPOINT((0.77109569311142,-0.101586312055588,0.));
#394=IFCCARTESIANPOINT((0.745889663696289,-0.104676522314549,0.));
#395=IFCCARTESIANPOINT((0.719132363796234,-0.101261354982853,0.));
#396=IFCCARTESIANPOINT((0.695367157459259,-0.091015838086605,0.));
#397=IFCCARTESIANPOINT((0.67579585313797,-0.0748658180236818,0.));
#398=IFCCARTESIANPOINT((0.661620140075684,-0.0537371300160888,0.));
#399=IFCCARTESIANPOINT((0.653011679649353,-0.0294262617826464,0.));
#400=IFCCARTESIANPOINT((0.675256311893463,-0.00397495832294255,0.));
#401=IFCCARTESIANPOINT((0.6802778840065,-0.0354043431580064,0.));
#402=IFCCARTESIANPOINT((0.695342659950256,-0.0593534633517263,0.));
#403=IFCCARTESIANPOINT((0.717985808849335,-0.0745102018117905,0.));
#404=IFCCARTESIANPOINT((0.745742499828339,-0.079562447965145,0.));
#405=IFCCARTESIANPOINT((0.773903846740723,-0.07446114718914,0.));
#406=IFCCARTESIANPOINT((0.796583771705627,-0.0591572560369969,0.));
#407=IFCCARTESIANPOINT((0.80530720949173,-0.0478847399353985,0.));
#408=IFCCARTESIANPOINT((0.81153815984726,-0.0344723761081697,0.));
#409=IFCCARTESIANPOINT((0.816523015499115,-0.00122810632456125,0.));
#410=IFCCARTESIANPOINT((0.814389288425445,0.0210042297840115,0.));
#411=IFCCARTESIANPOINT((0.807988107204437,0.0402199327945712,0.));
#412=IFCCARTESIANPOINT((0.797485113143921,0.0559346228837969,0.));
#413=IFCCARTESIANPOINT((0.783045709133148,0.0676639303565028,0.));
#414=IFCCARTESIANPOINT((0.765626490116119,0.074966385960579,0.));
#415=IFCCARTESIANPOINT((0.746183931827545,0.0774005353450775,0.));
#416=IFCCARTESIANPOINT((0.719169139862061,0.0727100446820262,0.));
#417=IFCCARTESIANPOINT((0.696201026439667,0.0586385577917101,0.));
#418=IFCCARTESIANPOINT((0.687037706375122,0.0476894676685332,0.));
#419=IFCCARTESIANPOINT((0.680492460727692,0.0336041860282421,0.));
#420=IFCPOLYLOOP((#374,#375,#376,#377,#378,#379,#380,#381,#382,#383,#384,#385,#386,#387,#388,#389,#390,#391,#392,#393,#394,#395,#396,#397,#398,#399,#400,#401,#402,#403,#404,#405,#406,#407,#408,#409,#410,#411,#412,#413,#414,#415,#416,#417,#418,#419));
#421=IFCFACEBOUND(#420,.T.);
#422=IFCFACE((#421));
#423=IFCCARTESIANPOINT((0.67579585313797,-0.0748658180236818,0.025000000372529));
#424=IFCCARTESIANPOINT((0.661620140075684,-0.0537371300160888,0.025000000372529));
#425=IFCCARTESIANPOINT((0.661620140075684,-0.0537371300160888,0.));
#426=IFCCARTESIANPOINT((0.67579585313797,-0.0748658180236818,0.));
#427=IFCPOLYLOOP((#423,#424,#425,#426));
#428=IFCFACEBOUND(#427,.T.);
#429=IFCFACE((#428));
#430=IFCCARTESIANPOINT((0.815640091896057,0.0734151527285577,0.025000000372529));
#431=IFCCARTESIANPOINT((0.829962968826294,0.0523355118930338,0.025000000372529));
#432=IFCCARTESIANPOINT((0.829962968826294,0.0523355118930338,0.));
#433=IFCCARTESIANPOINT((0.815640091896057,0.0734151527285577,0.));
#434=IFCPOLYLOOP((#430,#431,#432,#433));
#435=IFCFACEBOUND(#434,.T.);
#436=IFCFACE((#435));
#437=IFCCARTESIANPOINT((0.796019673347473,0.0892708674073216,0.025000000372529));
#438=IFCCARTESIANPOINT((0.815640091896057,0.0734151527285577,0.025000000372529));
#439=IFCCARTESIANPOINT((0.815640091896057,0.0734151527285577,0.));
#440=IFCCARTESIANPOINT((0.796019673347473,0.0892708674073216,0.));
#441=IFCPOLYLOOP((#437,#438,#439,#440));
#442=IFCFACEBOUND(#441,.T.);
#443=IFCFACE((#442));
#444=IFCCARTESIANPOINT((0.661620140075684,-0.0537371300160888,0.025000000372529));
#445=IFCCARTESIANPOINT((0.653011679649353,-0.0294262617826464,0.025000000372529));
#446=IFCCARTESIANPOINT((0.653011679649353,-0.0294262617826464,0.));
#447=IFCCARTESIANPOINT((0.661620140075684,-0.0537371300160888,0.));
#448=IFCPOLYLOOP((#444,#445,#446,#447));
#449=IFCFACEBOUND(#448,.T.);
#450=IFCFACE((#449));
#451=IFCCARTESIANPOINT((0.653011679649353,-0.0294262617826464,0.025000000372529));
#452=IFCCARTESIANPOINT((0.650142252445221,-0.00372970383614336,0.025000000372529));
#453=IFCCARTESIANPOINT((0.650142252445221,-0.00372970383614336,0.));
#454=IFCCARTESIANPOINT((0.653011679649353,-0.0294262617826464,0.));
#455=IFCPOLYLOOP((#451,#452,#453,#454));
#456=IFCFACEBOUND(#455,.T.);
#457=IFCFACE((#456));
#458=IFCCARTESIANPOINT((0.74603682756424,0.102514617145061,0.025000000372529));
#459=IFCCARTESIANPOINT((0.77238941192627,0.0992036759853361,0.025000000372529));
#460=IFCCARTESIANPOINT((0.77238941192627,0.0992036759853361,0.));
#461=IFCCARTESIANPOINT((0.74603682756424,0.102514617145061,0.));
#462=IFCPOLYLOOP((#458,#459,#460,#461));
#463=IFCFACEBOUND(#462,.T.);
#464=IFCFACE((#463));
#465=IFCCARTESIANPOINT((0.707593142986298,0.0954635441303251,0.025000000372529));
#466=IFCCARTESIANPOINT((0.725843131542206,0.100751847028732,0.025000000372529));
#467=IFCCARTESIANPOINT((0.725843131542206,0.100751847028732,0.));
#468=IFCCARTESIANPOINT((0.707593142986298,0.0954635441303251,0.));
#469=IFCPOLYLOOP((#465,#466,#467,#468));
#470=IFCFACEBOUND(#469,.T.);
#471=IFCFACE((#470));
#472=IFCCARTESIANPOINT((0.725843131542206,0.100751847028732,0.025000000372529));
#473=IFCCARTESIANPOINT((0.74603682756424,0.102514617145061,0.025000000372529));
#474=IFCCARTESIANPOINT((0.74603682756424,0.102514617145061,0.));
#475=IFCCARTESIANPOINT((0.725843131542206,0.100751847028732,0.));
#476=IFCPOLYLOOP((#472,#473,#474,#475));
#477=IFCFACEBOUND(#476,.T.);
#478=IFCFACE((#477));
#479=IFCCARTESIANPOINT((0.719169139862061,0.0727100446820262,0.025000000372529));
#480=IFCCARTESIANPOINT((0.696201026439667,0.0586385577917101,0.025000000372529));
#481=IFCCARTESIANPOINT((0.696201026439667,0.0586385577917101,0.));
#482=IFCCARTESIANPOINT((0.719169139862061,0.0727100446820262,0.));
#483=IFCPOLYLOOP((#479,#480,#481,#482));
#484=IFCFACEBOUND(#483,.T.);
#485=IFCFACE((#484));
#486=IFCCARTESIANPOINT((0.691286742687225,0.0866497084498407,0.025000000372529));
#487=IFCCARTESIANPOINT((0.707593142986298,0.0954635441303251,0.025000000372529));
#488=IFCCARTESIANPOINT((0.707593142986298,0.0954635441303251,0.));
#489=IFCCARTESIANPOINT((0.691286742687225,0.0866497084498407,0.));
#490=IFCPOLYLOOP((#486,#487,#488,#489));
#491=IFCFACEBOUND(#490,.T.);
#492=IFCFACE((#491));
#493=IFCCARTESIANPOINT((0.746183931827545,0.0774005353450775,0.025000000372529));
#494=IFCCARTESIANPOINT((0.719169139862061,0.0727100446820262,0.025000000372529));
#495=IFCCARTESIANPOINT((0.719169139862061,0.0727100446820262,0.));
#496=IFCCARTESIANPOINT((0.746183931827545,0.0774005353450775,0.));
#497=IFCPOLYLOOP((#493,#494,#495,#496));
#498=IFCFACEBOUND(#497,.T.);
#499=IFCFACE((#498));
#500=IFCCARTESIANPOINT((0.765626490116119,0.074966385960579,0.025000000372529));
#501=IFCCARTESIANPOINT((0.746183931827545,0.0774005353450775,0.025000000372529));
#502=IFCCARTESIANPOINT((0.746183931827545,0.0774005353450775,0.));
#503=IFCCARTESIANPOINT((0.765626490116119,0.074966385960579,0.));
#504=IFCPOLYLOOP((#500,#501,#502,#503));
#505=IFCFACEBOUND(#504,.T.);
#506=IFCFACE((#505));
#507=IFCCARTESIANPOINT((0.77238941192627,0.0992036759853361,0.025000000372529));
#508=IFCCARTESIANPOINT((0.796019673347473,0.0892708674073216,0.025000000372529));
#509=IFCCARTESIANPOINT((0.796019673347473,0.0892708674073216,0.));
#510=IFCCARTESIANPOINT((0.77238941192627,0.0992036759853361,0.));
#511=IFCPOLYLOOP((#507,#508,#509,#510));
#512=IFCFACEBOUND(#511,.T.);
#513=IFCFACE((#512));
#514=IFCCARTESIANPOINT((0.687037706375122,0.0476894676685332,0.025000000372529));
#515=IFCCARTESIANPOINT((0.680492460727692,0.0336041860282421,0.025000000372529));
#516=IFCCARTESIANPOINT((0.680492460727692,0.0336041860282421,0.));
#517=IFCCARTESIANPOINT((0.687037706375122,0.0476894676685332,0.));
#518=IFCPOLYLOOP((#514,#515,#516,#517));
#519=IFCFACEBOUND(#518,.T.);
#520=IFCFACE((#519));
#521=IFCCARTESIANPOINT((0.696201026439667,0.0586385577917101,0.025000000372529));
#522=IFCCARTESIANPOINT((0.687037706375122,0.0476894676685332,0.025000000372529));
#523=IFCCARTESIANPOINT((0.687037706375122,0.0476894676685332,0.));
#524=IFCCARTESIANPOINT((0.696201026439667,0.0586385577917101,0.));
#525=IFCPOLYLOOP((#521,#522,#523,#524));
#526=IFCFACEBOUND(#525,.T.);
#527=IFCFACE((#526));
#528=IFCCARTESIANPOINT((0.680492460727692,0.0336041860282421,0.025000000372529));
#529=IFCCARTESIANPOINT((0.675256311893463,-0.00397495832294255,0.025000000372529));
#530=IFCCARTESIANPOINT((0.675256311893463,-0.00397495832294255,0.));
#531=IFCCARTESIANPOINT((0.680492460727692,0.0336041860282421,0.));
#532=IFCPOLYLOOP((#528,#529,#530,#531));
#533=IFCFACEBOUND(#532,.T.);
#534=IFCFACE((#533));
#535=IFCCARTESIANPOINT((0.796583771705627,-0.0591572560369969,0.025000000372529));
#536=IFCCARTESIANPOINT((0.80530720949173,-0.0478847399353985,0.025000000372529));
#537=IFCCARTESIANPOINT((0.80530720949173,-0.0478847399353985,0.));
#538=IFCCARTESIANPOINT((0.796583771705627,-0.0591572560369969,0.));
#539=IFCPOLYLOOP((#535,#536,#537,#538));
#540=IFCFACEBOUND(#539,.T.);
#541=IFCFACE((#540));
#542=IFCCARTESIANPOINT((0.80530720949173,-0.0478847399353985,0.025000000372529));
#543=IFCCARTESIANPOINT((0.81153815984726,-0.0344723761081697,0.025000000372529));
#544=IFCCARTESIANPOINT((0.81153815984726,-0.0344723761081697,0.));
#545=IFCCARTESIANPOINT((0.80530720949173,-0.0478847399353985,0.));
#546=IFCPOLYLOOP((#542,#543,#544,#545));
#547=IFCFACEBOUND(#546,.T.);
#548=IFCFACE((#547));
#549=IFCCARTESIANPOINT((0.81153815984726,-0.0344723761081697,0.025000000372529));
#550=IFCCARTESIANPOINT((0.816523015499115,-0.00122810632456125,0.025000000372529));
#551=IFCCARTESIANPOINT((0.816523015499115,-0.00122810632456125,0.));
#552=IFCCARTESIANPOINT((0.81153815984726,-0.0344723761081697,0.));
#553=IFCPOLYLOOP((#549,#550,#551,#552));
#554=IFCFACEBOUND(#553,.T.);
#555=IFCFACE((#554));
#556=IFCCARTESIANPOINT((0.816523015499115,-0.00122810632456125,0.025000000372529));
#557=IFCCARTESIANPOINT((0.814389288425445,0.0210042297840115,0.025000000372529));
#558=IFCCARTESIANPOINT((0.814389288425445,0.0210042297840115,0.));
#559=IFCCARTESIANPOINT((0.816523015499115,-0.00122810632456125,0.));
#560=IFCPOLYLOOP((#556,#557,#558,#559));
#561=IFCFACEBOUND(#560,.T.);
#562=IFCFACE((#561));
#563=IFCCARTESIANPOINT((0.814389288425445,0.0210042297840115,0.025000000372529));
#564=IFCCARTESIANPOINT((0.807988107204437,0.0402199327945712,0.025000000372529));
#565=IFCCARTESIANPOINT((0.807988107204437,0.0402199327945712,0.));
#566=IFCCARTESIANPOINT((0.814389288425445,0.0210042297840115,0.));
#567=IFCPOLYLOOP((#563,#564,#565,#566));
#568=IFCFACEBOUND(#567,.T.);
#569=IFCFACE((#568));
#570=IFCCARTESIANPOINT((0.807988107204437,0.0402199327945712,0.025000000372529));
#571=IFCCARTESIANPOINT((0.797485113143921,0.0559346228837969,0.025000000372529));
#572=IFCCARTESIANPOINT((0.797485113143921,0.0559346228837969,0.));
#573=IFCCARTESIANPOINT((0.807988107204437,0.0402199327945712,0.));
#574=IFCPOLYLOOP((#570,#571,#572,#573));
#575=IFCFACEBOUND(#574,.T.);
#576=IFCFACE((#575));
#577=IFCCARTESIANPOINT((0.797485113143921,0.0559346228837969,0.025000000372529));
#578=IFCCARTESIANPOINT((0.783045709133148,0.0676639303565028,0.025000000372529));
#579=IFCCARTESIANPOINT((0.783045709133148,0.0676639303565028,0.));
#580=IFCCARTESIANPOINT((0.797485113143921,0.0559346228837969,0.));
#581=IFCPOLYLOOP((#577,#578,#579,#580));
#582=IFCFACEBOUND(#581,.T.);
#583=IFCFACE((#582));
#584=IFCCARTESIANPOINT((0.783045709133148,0.0676639303565028,0.025000000372529));
#585=IFCCARTESIANPOINT((0.765626490116119,0.074966385960579,0.025000000372529));
#586=IFCCARTESIANPOINT((0.765626490116119,0.074966385960579,0.));
#587=IFCCARTESIANPOINT((0.783045709133148,0.0676639303565028,0.));
#588=IFCPOLYLOOP((#584,#585,#586,#587));
#589=IFCFACEBOUND(#588,.T.);
#590=IFCFACE((#589));
#591=IFCCARTESIANPOINT((0.675256311893463,-0.00397495832294255,0.025000000372529));
#592=IFCCARTESIANPOINT((0.6802778840065,-0.0354043431580064,0.025000000372529));
#593=IFCCARTESIANPOINT((0.6802778840065,-0.0354043431580064,0.));
#594=IFCCARTESIANPOINT((0.675256311893463,-0.00397495832294255,0.));
#595=IFCPOLYLOOP((#591,#592,#593,#594));
#596=IFCFACEBOUND(#595,.T.);
#597=IFCFACE((#596));
#598=IFCCARTESIANPOINT((0.6802778840065,-0.0354043431580064,0.025000000372529));
#599=IFCCARTESIANPOINT((0.695342659950256,-0.0593534633517263,0.025000000372529));
#600=IFCCARTESIANPOINT((0.695342659950256,-0.0593534633517263,0.));
#601=IFCCARTESIANPOINT((0.6802778840065,-0.0354043431580064,0.));
#602=IFCPOLYLOOP((#598,#599,#600,#601));
#603=IFCFACEBOUND(#602,.T.);
#604=IFCFACE((#603));
#605=IFCCARTESIANPOINT((0.695342659950256,-0.0593534633517263,0.025000000372529));
#606=IFCCARTESIANPOINT((0.717985808849335,-0.0745102018117905,0.025000000372529));
#607=IFCCARTESIANPOINT((0.717985808849335,-0.0745102018117905,0.));
#608=IFCCARTESIANPOINT((0.695342659950256,-0.0593534633517263,0.));
#609=IFCPOLYLOOP((#605,#606,#607,#608));
#610=IFCFACEBOUND(#609,.T.);
#611=IFCFACE((#610));
#612=IFCCARTESIANPOINT((0.717985808849335,-0.0745102018117905,0.025000000372529));
#613=IFCCARTESIANPOINT((0.745742499828339,-0.079562447965145,0.025000000372529));
#614=IFCCARTESIANPOINT((0.745742499828339,-0.079562447965145,0.));
#615=IFCCARTESIANPOINT((0.717985808849335,-0.0745102018117905,0.));
#616=IFCPOLYLOOP((#612,#613,#614,#615));
#617=IFCFACEBOUND(#616,.T.);
#618=IFCFACE((#617));
#619=IFCCARTESIANPOINT((0.745742499828339,-0.079562447965145,0.025000000372529));
#620=IFCCARTESIANPOINT((0.773903846740723,-0.07446114718914,0.025000000372529));
#621=IFCCARTESIANPOINT((0.773903846740723,-0.07446114718914,0.));
#622=IFCCARTESIANPOINT((0.745742499828339,-0.079562447965145,0.));
#623=IFCPOLYLOOP((#619,#620,#621,#622));
#624=IFCFACEBOUND(#623,.T.);
#625=IFCFACE((#624));
#626=IFCCARTESIANPOINT((0.773903846740723,-0.07446114718914,0.025000000372529));
#627=IFCCARTESIANPOINT((0.796583771705627,-0.0591572560369969,0.025000000372529));
#628=IFCCARTESIANPOINT((0.796583771705627,-0.0591572560369969,0.));
#629=IFCCARTESIANPOINT((0.773903846740723,-0.07446114718914,0.));
#630=IFCPOLYLOOP((#626,#627,#628,#629));
#631=IFCFACEBOUND(#630,.T.);
#632=IFCFACE((#631));
#633=IFCCARTESIANPOINT((0.650142252445221,-0.00372970383614336,0.025000000372529));
#634=IFCCARTESIANPOINT((0.651816070079803,0.0198362041264772,0.025000000372529));
#635=IFCCARTESIANPOINT((0.651816070079803,0.0198362041264772,0.));
#636=IFCCARTESIANPOINT((0.650142252445221,-0.00372970383614336,0.));
#637=IFCPOLYLOOP((#633,#634,#635,#636));
#638=IFCFACEBOUND(#637,.T.);
#639=IFCFACE((#638));
#640=IFCCARTESIANPOINT((0.651816070079803,0.0198362041264772,0.025000000372529));
#641=IFCCARTESIANPOINT((0.656837701797485,0.0406981781125066,0.025000000372529));
#642=IFCCARTESIANPOINT((0.656837701797485,0.0406981781125066,0.));
#643=IFCCARTESIANPOINT((0.651816070079803,0.0198362041264772,0.));
#644=IFCPOLYLOOP((#640,#641,#642,#643));
#645=IFCFACEBOUND(#644,.T.);
#646=IFCFACE((#645));
#647=IFCCARTESIANPOINT((0.695367157459259,-0.091015838086605,0.025000000372529));
#648=IFCCARTESIANPOINT((0.67579585313797,-0.0748658180236818,0.025000000372529));
#649=IFCCARTESIANPOINT((0.67579585313797,-0.0748658180236818,0.));
#650=IFCCARTESIANPOINT((0.695367157459259,-0.091015838086605,0.));
#651=IFCPOLYLOOP((#647,#648,#649,#650));
#652=IFCFACEBOUND(#651,.T.);
#653=IFCFACE((#652));
#654=IFCCARTESIANPOINT((0.719132363796234,-0.101261354982853,0.025000000372529));
#655=IFCCARTESIANPOINT((0.695367157459259,-0.091015838086605,0.025000000372529));
#656=IFCCARTESIANPOINT((0.695367157459259,-0.091015838086605,0.));
#657=IFCCARTESIANPOINT((0.719132363796234,-0.101261354982853,0.));
#658=IFCPOLYLOOP((#654,#655,#656,#657));
#659=IFCFACEBOUND(#658,.T.);
#660=IFCFACE((#659));
#661=IFCCARTESIANPOINT((0.656837701797485,0.0406981781125066,0.025000000372529));
#662=IFCCARTESIANPOINT((0.665206968784332,0.0588562190532682,0.025000000372529));
#663=IFCCARTESIANPOINT((0.665206968784332,0.0588562190532682,0.));
#664=IFCCARTESIANPOINT((0.656837701797485,0.0406981781125066,0.));
#665=IFCPOLYLOOP((#661,#662,#663,#664));
#666=IFCFACEBOUND(#665,.T.);
#667=IFCFACE((#666));
#668=IFCCARTESIANPOINT((0.814499616622925,-0.0770363211631774,0.025000000372529));
#669=IFCCARTESIANPOINT((0.794523656368256,-0.0923156887292863,0.025000000372529));
#670=IFCCARTESIANPOINT((0.794523656368256,-0.0923156887292863,0.));
#671=IFCCARTESIANPOINT((0.814499616622925,-0.0770363211631774,0.));
#672=IFCPOLYLOOP((#668,#669,#670,#671));
#673=IFCFACEBOUND(#672,.T.);
#674=IFCFACE((#673));
#675=IFCCARTESIANPOINT((0.676924049854279,0.0743103325366972,0.025000000372529));
#676=IFCCARTESIANPOINT((0.691286742687225,0.0866497084498407,0.025000000372529));
#677=IFCCARTESIANPOINT((0.691286742687225,0.0866497084498407,0.));
#678=IFCCARTESIANPOINT((0.676924049854279,0.0743103325366972,0.));
#679=IFCPOLYLOOP((#675,#676,#677,#678));
#680=IFCFACEBOUND(#679,.T.);
#681=IFCFACE((#680));
#682=IFCCARTESIANPOINT((0.665206968784332,0.0588562190532682,0.025000000372529));
#683=IFCCARTESIANPOINT((0.676924049854279,0.0743103325366972,0.025000000372529));
#684=IFCCARTESIANPOINT((0.676924049854279,0.0743103325366972,0.));
#685=IFCCARTESIANPOINT((0.665206968784332,0.0588562190532682,0.));
#686=IFCPOLYLOOP((#682,#683,#684,#685));
#687=IFCFACEBOUND(#686,.T.);
#688=IFCFACE((#687));
#689=IFCCARTESIANPOINT((0.841637074947357,-0.00142431003041575,0.025000000372529));
#690=IFCCARTESIANPOINT((0.838565230369568,-0.0302785206586121,0.025000000372529));
#691=IFCCARTESIANPOINT((0.838565230369568,-0.0302785206586121,0.));
#692=IFCCARTESIANPOINT((0.841637074947357,-0.00142431003041575,0.));
#693=IFCPOLYLOOP((#689,#690,#691,#692));
#694=IFCFACEBOUND(#693,.T.);
#695=IFCFACE((#694));
#696=IFCCARTESIANPOINT((0.829962968826294,0.0523355118930338,0.025000000372529));
#697=IFCCARTESIANPOINT((0.83871853351593,0.0270497556775809,0.025000000372529));
#698=IFCCARTESIANPOINT((0.83871853351593,0.0270497556775809,0.));
#699=IFCCARTESIANPOINT((0.829962968826294,0.0523355118930338,0.));
#700=IFCPOLYLOOP((#696,#697,#698,#699));
#701=IFCFACEBOUND(#700,.T.);
#702=IFCFACE((#701));
#703=IFCCARTESIANPOINT((0.83871853351593,0.0270497556775809,0.025000000372529));
#704=IFCCARTESIANPOINT((0.841637074947357,-0.00142431003041575,0.025000000372529));
#705=IFCCARTESIANPOINT((0.841637074947357,-0.00142431003041575,0.));
#706=IFCCARTESIANPOINT((0.83871853351593,0.0270497556775809,0.));
#707=IFCPOLYLOOP((#703,#704,#705,#706));
#708=IFCFACEBOUND(#707,.T.);
#709=IFCFACE((#708));
#710=IFCCLOSEDSHELL((#296,#303,#310,#317,#324,#373,#422,#429,#436,#443,#450,#457,#464,#471,#478,#485,#492,#499,#506,#513,#520,#527,#534,#541,#548,#555,#562,#569,#576,#583,#590,#597,#604,#611,#618,#625,#632,#639,#646,#653,#660,#667,#674,#681,#688,#695,#702,#709));
#711=IFCFACETEDBREP(#710);
#712=IFCCARTESIANPOINT((-0.0784814953804016,0.400612980127335,0.025000000372529));
#713=IFCCARTESIANPOINT((-0.0533674135804176,0.400612980127335,0.025000000372529));
#714=IFCCARTESIANPOINT((-0.0533674135804176,0.559832274913788,0.025000000372529));
#715=IFCCARTESIANPOINT((0.0516015812754631,0.400612980127335,0.025000000372529));
#716=IFCCARTESIANPOINT((0.0784814953804016,0.400612980127335,0.025000000372529));
#717=IFCCARTESIANPOINT((0.0784814953804016,0.601525604724884,0.025000000372529));
#718=IFCCARTESIANPOINT((0.0533674135804176,0.601525604724884,0.025000000372529));
#719=IFCCARTESIANPOINT((0.0533674135804176,0.442355304956436,0.025000000372529));
#720=IFCCARTESIANPOINT((-0.0516015812754631,0.601525604724884,0.025000000372529));
#721=IFCCARTESIANPOINT((-0.0784814953804016,0.601525604724884,0.025000000372529));
#722=IFCPOLYLOOP((#712,#713,#714,#715,#716,#717,#718,#719,#720,#721));
#723=IFCFACEBOUND(#722,.T.);
#724=IFCFACE((#723));
#725=IFCCARTESIANPOINT((-0.0516015812754631,0.601525604724884,0.025000000372529));
#726=IFCCARTESIANPOINT((0.0533674135804176,0.442355304956436,0.025000000372529));
#727=IFCCARTESIANPOINT((0.0533674135804176,0.442355304956436,0.));
#728=IFCCARTESIANPOINT((-0.0516015812754631,0.601525604724884,0.));
#729=IFCPOLYLOOP((#725,#726,#727,#728));
#730=IFCFACEBOUND(#729,.T.);
#731=IFCFACE((#730));
#732=IFCCARTESIANPOINT((0.0533674135804176,0.601525604724884,0.025000000372529));
#733=IFCCARTESIANPOINT((0.0784814953804016,0.601525604724884,0.025000000372529));
#734=IFCCARTESIANPOINT((0.0784814953804016,0.601525604724884,0.));
#735=IFCCARTESIANPOINT((0.0533674135804176,0.601525604724884,0.));
#736=IFCPOLYLOOP((#732,#733,#734,#735));
#737=IFCFACEBOUND(#736,.T.);
#738=IFCFACE((#737));
#739=IFCCARTESIANPOINT((-0.0533674135804176,0.400612980127335,0.025000000372529));
#740=IFCCARTESIANPOINT((-0.0784814953804016,0.400612980127335,0.025000000372529));
#741=IFCCARTESIANPOINT((-0.0784814953804016,0.400612980127335,0.));
#742=IFCCARTESIANPOINT((-0.0533674135804176,0.400612980127335,0.));
#743=IFCPOLYLOOP((#739,#740,#741,#742));
#744=IFCFACEBOUND(#743,.T.);
#745=IFCFACE((#744));
#746=IFCCARTESIANPOINT((-0.0533674135804176,0.559832274913788,0.025000000372529));
#747=IFCCARTESIANPOINT((-0.0533674135804176,0.400612980127335,0.025000000372529));
#748=IFCCARTESIANPOINT((-0.0533674135804176,0.400612980127335,0.));
#749=IFCCARTESIANPOINT((-0.0533674135804176,0.559832274913788,0.));
#750=IFCPOLYLOOP((#746,#747,#748,#749));
#751=IFCFACEBOUND(#750,.T.);
#752=IFCFACE((#751));
#753=IFCCARTESIANPOINT((0.0784814953804016,0.400612980127335,0.025000000372529));
#754=IFCCARTESIANPOINT((0.0516015812754631,0.400612980127335,0.025000000372529));
#755=IFCCARTESIANPOINT((0.0516015812754631,0.400612980127335,0.));
#756=IFCCARTESIANPOINT((0.0784814953804016,0.400612980127335,0.));
#757=IFCPOLYLOOP((#753,#754,#755,#756));
#758=IFCFACEBOUND(#757,.T.);
#759=IFCFACE((#758));
#760=IFCCARTESIANPOINT((0.0784814953804016,0.601525604724884,0.025000000372529));
#761=IFCCARTESIANPOINT((0.0784814953804016,0.400612980127335,0.025000000372529));
#762=IFCCARTESIANPOINT((0.0784814953804016,0.400612980127335,0.));
#763=IFCCARTESIANPOINT((0.0784814953804016,0.601525604724884,0.));
#764=IFCPOLYLOOP((#760,#761,#762,#763));
#765=IFCFACEBOUND(#764,.T.);
#766=IFCFACE((#765));
#767=IFCCARTESIANPOINT((-0.0784814953804016,0.400612980127335,0.));
#768=IFCCARTESIANPOINT((-0.0784814953804016,0.601525604724884,0.));
#769=IFCCARTESIANPOINT((-0.0516015812754631,0.601525604724884,0.));
#770=IFCCARTESIANPOINT((0.0533674135804176,0.442355304956436,0.));
#771=IFCCARTESIANPOINT((0.0533674135804176,0.601525604724884,0.));
#772=IFCCARTESIANPOINT((0.0784814953804016,0.601525604724884,0.));
#773=IFCCARTESIANPOINT((0.0784814953804016,0.400612980127335,0.));
#774=IFCCARTESIANPOINT((0.0516015812754631,0.400612980127335,0.));
#775=IFCCARTESIANPOINT((-0.0533674135804176,0.559832274913788,0.));
#776=IFCCARTESIANPOINT((-0.0533674135804176,0.400612980127335,0.));
#777=IFCPOLYLOOP((#767,#768,#769,#770,#771,#772,#773,#774,#775,#776));
#778=IFCFACEBOUND(#777,.T.);
#779=IFCFACE((#778));
#780=IFCCARTESIANPOINT((0.0533674135804176,0.442355304956436,0.025000000372529));
#781=IFCCARTESIANPOINT((0.0533674135804176,0.601525604724884,0.025000000372529));
#782=IFCCARTESIANPOINT((0.0533674135804176,0.601525604724884,0.));
#783=IFCCARTESIANPOINT((0.0533674135804176,0.442355304956436,0.));
#784=IFCPOLYLOOP((#780,#781,#782,#783));
#785=IFCFACEBOUND(#784,.T.);
#786=IFCFACE((#785));
#787=IFCCARTESIANPOINT((0.0516015812754631,0.400612980127335,0.025000000372529));
#788=IFCCARTESIANPOINT((-0.0533674135804176,0.559832274913788,0.025000000372529));
#789=IFCCARTESIANPOINT((-0.0533674135804176,0.559832274913788,0.));
#790=IFCCARTESIANPOINT((0.0516015812754631,0.400612980127335,0.));
#791=IFCPOLYLOOP((#787,#788,#789,#790));
#792=IFCFACEBOUND(#791,.T.);
#793=IFCFACE((#792));
#794=IFCCARTESIANPOINT((-0.0784814953804016,0.400612980127335,0.025000000372529));
#795=IFCCARTESIANPOINT((-0.0784814953804016,0.601525604724884,0.025000000372529));
#796=IFCCARTESIANPOINT((-0.0784814953804016,0.601525604724884,0.));
#797=IFCCARTESIANPOINT((-0.0784814953804016,0.400612980127335,0.));
#798=IFCPOLYLOOP((#794,#795,#796,#797));
#799=IFCFACEBOUND(#798,.T.);
#800=IFCFACE((#799));
#801=IFCCARTESIANPOINT((-0.0784814953804016,0.601525604724884,0.025000000372529));
#802=IFCCARTESIANPOINT((-0.0516015812754631,0.601525604724884,0.025000000372529));
#803=IFCCARTESIANPOINT((-0.0516015812754631,0.601525604724884,0.));
#804=IFCCARTESIANPOINT((-0.0784814953804016,0.601525604724884,0.));
#805=IFCPOLYLOOP((#801,#802,#803,#804));
#806=IFCFACEBOUND(#805,.T.);
#807=IFCFACE((#806));
#808=IFCCLOSEDSHELL((#724,#731,#738,#745,#752,#759,#766,#779,#786,#793,#800,#807));
#809=IFCFACETEDBREP(#808);
#810=IFCCARTESIANPOINT((-0.839721858501434,-0.0906706377863882,0.));
#811=IFCCARTESIANPOINT((-0.894511759281158,0.110241986811161,0.));
#812=IFCCARTESIANPOINT((-0.868612825870514,0.110241986811161,0.));
#813=IFCCARTESIANPOINT((-0.836827874183655,-0.0218031257390972,0.));
#814=IFCCARTESIANPOINT((-0.827017664909363,-0.0625644475221637,0.));
#815=IFCCARTESIANPOINT((-0.816520750522613,-0.026512015610933,0.));
#816=IFCCARTESIANPOINT((-0.776691436767578,0.110241986811161,0.));
#817=IFCCARTESIANPOINT((-0.739363670349121,0.110241986811161,0.));
#818=IFCCARTESIANPOINT((-0.710423588752747,0.0111100496724247,0.));
#819=IFCCARTESIANPOINT((-0.688890218734741,-0.0625644475221637,0.));
#820=IFCCARTESIANPOINT((-0.67937433719635,-0.0229803491383793,0.));
#821=IFCCARTESIANPOINT((-0.64734411239624,0.110241986811161,0.));
#822=IFCCARTESIANPOINT((-0.62139618396759,0.110241986811161,0.));
#823=IFCCARTESIANPOINT((-0.67613697052002,-0.0906706377863882,0.));
#824=IFCCARTESIANPOINT((-0.703016877174377,-0.0906706377863882,0.));
#825=IFCCARTESIANPOINT((-0.751233994960785,0.06433030962944,0.));
#826=IFCCARTESIANPOINT((-0.757953941822052,0.0859617739915848,0.));
#827=IFCCARTESIANPOINT((-0.765507817268372,0.0599157288670539,0.));
#828=IFCCARTESIANPOINT((-0.809408366680145,-0.0906706377863882,0.));
#829=IFCPOLYLOOP((#810,#811,#812,#813,#814,#815,#816,#817,#818,#819,#820,#821,#822,#823,#824,#825,#826,#827,#828));
#830=IFCFACEBOUND(#829,.T.);
#831=IFCFACE((#830));
#832=IFCCARTESIANPOINT((-0.839721858501434,-0.0906706377863882,0.025000000372529));
#833=IFCCARTESIANPOINT((-0.809408366680145,-0.0906706377863882,0.025000000372529));
#834=IFCCARTESIANPOINT((-0.765507817268372,0.0599157288670539,0.025000000372529));
#835=IFCCARTESIANPOINT((-0.757953941822052,0.0859617739915848,0.025000000372529));
#836=IFCCARTESIANPOINT((-0.751233994960785,0.06433030962944,0.025000000372529));
#837=IFCCARTESIANPOINT((-0.703016877174377,-0.0906706377863882,0.025000000372529));
#838=IFCCARTESIANPOINT((-0.67613697052002,-0.0906706377863882,0.025000000372529));
#839=IFCCARTESIANPOINT((-0.62139618396759,0.110241986811161,0.025000000372529));
#840=IFCCARTESIANPOINT((-0.64734411239624,0.110241986811161,0.025000000372529));
#841=IFCCARTESIANPOINT((-0.67937433719635,-0.0229803491383793,0.025000000372529));
#842=IFCCARTESIANPOINT((-0.688890218734741,-0.0625644475221637,0.025000000372529));
#843=IFCCARTESIANPOINT((-0.710423588752747,0.0111100496724247,0.025000000372529));
#844=IFCCARTESIANPOINT((-0.739363670349121,0.110241986811161,0.025000000372529));
#845=IFCCARTESIANPOINT((-0.776691436767578,0.110241986811161,0.025000000372529));
#846=IFCCARTESIANPOINT((-0.816520750522613,-0.026512015610933,0.025000000372529));
#847=IFCCARTESIANPOINT((-0.827017664909363,-0.0625644475221637,0.025000000372529));
#848=IFCCARTESIANPOINT((-0.836827874183655,-0.0218031257390972,0.025000000372529));
#849=IFCCARTESIANPOINT((-0.868612825870514,0.110241986811161,0.025000000372529));
#850=IFCCARTESIANPOINT((-0.894511759281158,0.110241986811161,0.025000000372529));
#851=IFCPOLYLOOP((#832,#833,#834,#835,#836,#837,#838,#839,#840,#841,#842,#843,#844,#845,#846,#847,#848,#849,#850));
#852=IFCFACEBOUND(#851,.T.);
#853=IFCFACE((#852));
#854=IFCCARTESIANPOINT((-0.64734411239624,0.110241986811161,0.025000000372529));
#855=IFCCARTESIANPOINT((-0.62139618396759,0.110241986811161,0.025000000372529));
#856=IFCCARTESIANPOINT((-0.62139618396759,0.110241986811161,0.));
#857=IFCCARTESIANPOINT((-0.64734411239624,0.110241986811161,0.));
#858=IFCPOLYLOOP((#854,#855,#856,#857));
#859=IFCFACEBOUND(#858,.T.);
#860=IFCFACE((#859));
#861=IFCCARTESIANPOINT((-0.62139618396759,0.110241986811161,0.025000000372529));
#862=IFCCARTESIANPOINT((-0.67613697052002,-0.0906706377863882,0.025000000372529));
#863=IFCCARTESIANPOINT((-0.67613697052002,-0.0906706377863882,0.));
#864=IFCCARTESIANPOINT((-0.62139618396759,0.110241986811161,0.));
#865=IFCPOLYLOOP((#861,#862,#863,#864));
#866=IFCFACEBOUND(#865,.T.);
#867=IFCFACE((#866));
#868=IFCCARTESIANPOINT((-0.67613697052002,-0.0906706377863882,0.025000000372529));
#869=IFCCARTESIANPOINT((-0.703016877174377,-0.0906706377863882,0.025000000372529));
#870=IFCCARTESIANPOINT((-0.703016877174377,-0.0906706377863882,0.));
#871=IFCCARTESIANPOINT((-0.67613697052002,-0.0906706377863882,0.));
#872=IFCPOLYLOOP((#868,#869,#870,#871));
#873=IFCFACEBOUND(#872,.T.);
#874=IFCFACE((#873));
#875=IFCCARTESIANPOINT((-0.703016877174377,-0.0906706377863882,0.025000000372529));
#876=IFCCARTESIANPOINT((-0.751233994960785,0.06433030962944,0.025000000372529));
#877=IFCCARTESIANPOINT((-0.751233994960785,0.06433030962944,0.));
#878=IFCCARTESIANPOINT((-0.703016877174377,-0.0906706377863882,0.));
#879=IFCPOLYLOOP((#875,#876,#877,#878));
#880=IFCFACEBOUND(#879,.T.);
#881=IFCFACE((#880));
#882=IFCCARTESIANPOINT((-0.751233994960785,0.06433030962944,0.025000000372529));
#883=IFCCARTESIANPOINT((-0.757953941822052,0.0859617739915848,0.025000000372529));
#884=IFCCARTESIANPOINT((-0.757953941822052,0.0859617739915848,0.));
#885=IFCCARTESIANPOINT((-0.751233994960785,0.06433030962944,0.));
#886=IFCPOLYLOOP((#882,#883,#884,#885));
#887=IFCFACEBOUND(#886,.T.);
#888=IFCFACE((#887));
#889=IFCCARTESIANPOINT((-0.757953941822052,0.0859617739915848,0.025000000372529));
#890=IFCCARTESIANPOINT((-0.765507817268372,0.0599157288670539,0.025000000372529));
#891=IFCCARTESIANPOINT((-0.765507817268372,0.0599157288670539,0.));
#892=IFCCARTESIANPOINT((-0.757953941822052,0.0859617739915848,0.));
#893=IFCPOLYLOOP((#889,#890,#891,#892));
#894=IFCFACEBOUND(#893,.T.);
#895=IFCFACE((#894));
#896=IFCCARTESIANPOINT((-0.765507817268372,0.0599157288670539,0.025000000372529));
#897=IFCCARTESIANPOINT((-0.809408366680145,-0.0906706377863882,0.025000000372529));
#898=IFCCARTESIANPOINT((-0.809408366680145,-0.0906706377863882,0.));
#899=IFCCARTESIANPOINT((-0.765507817268372,0.0599157288670539,0.));
#900=IFCPOLYLOOP((#896,#897,#898,#899));
#901=IFCFACEBOUND(#900,.T.);
#902=IFCFACE((#901));
#903=IFCCARTESIANPOINT((-0.809408366680145,-0.0906706377863882,0.025000000372529));
#904=IFCCARTESIANPOINT((-0.839721858501434,-0.0906706377863882,0.025000000372529));
#905=IFCCARTESIANPOINT((-0.839721858501434,-0.0906706377863882,0.));
#906=IFCCARTESIANPOINT((-0.809408366680145,-0.0906706377863882,0.));
#907=IFCPOLYLOOP((#903,#904,#905,#906));
#908=IFCFACEBOUND(#907,.T.);
#909=IFCFACE((#908));
#910=IFCCARTESIANPOINT((-0.836827874183655,-0.0218031257390972,0.025000000372529));
#911=IFCCARTESIANPOINT((-0.827017664909363,-0.0625644475221637,0.025000000372529));
#912=IFCCARTESIANPOINT((-0.827017664909363,-0.0625644475221637,0.));
#913=IFCCARTESIANPOINT((-0.836827874183655,-0.0218031257390972,0.));
#914=IFCPOLYLOOP((#910,#911,#912,#913));
#915=IFCFACEBOUND(#914,.T.);
#916=IFCFACE((#915));
#917=IFCCARTESIANPOINT((-0.827017664909363,-0.0625644475221637,0.025000000372529));
#918=IFCCARTESIANPOINT((-0.816520750522613,-0.026512015610933,0.025000000372529));
#919=IFCCARTESIANPOINT((-0.816520750522613,-0.026512015610933,0.));
#920=IFCCARTESIANPOINT((-0.827017664909363,-0.0625644475221637,0.));
#921=IFCPOLYLOOP((#917,#918,#919,#920));
#922=IFCFACEBOUND(#921,.T.);
#923=IFCFACE((#922));
#924=IFCCARTESIANPOINT((-0.816520750522613,-0.026512015610933,0.025000000372529));
#925=IFCCARTESIANPOINT((-0.776691436767578,0.110241986811161,0.025000000372529));
#926=IFCCARTESIANPOINT((-0.776691436767578,0.110241986811161,0.));
#927=IFCCARTESIANPOINT((-0.816520750522613,-0.026512015610933,0.));
#928=IFCPOLYLOOP((#924,#925,#926,#927));
#929=IFCFACEBOUND(#928,.T.);
#930=IFCFACE((#929));
#931=IFCCARTESIANPOINT((-0.776691436767578,0.110241986811161,0.025000000372529));
#932=IFCCARTESIANPOINT((-0.739363670349121,0.110241986811161,0.025000000372529));
#933=IFCCARTESIANPOINT((-0.739363670349121,0.110241986811161,0.));
#934=IFCCARTESIANPOINT((-0.776691436767578,0.110241986811161,0.));
#935=IFCPOLYLOOP((#931,#932,#933,#934));
#936=IFCFACEBOUND(#935,.T.);
#937=IFCFACE((#936));
#938=IFCCARTESIANPOINT((-0.739363670349121,0.110241986811161,0.025000000372529));
#939=IFCCARTESIANPOINT((-0.710423588752747,0.0111100496724247,0.025000000372529));
#940=IFCCARTESIANPOINT((-0.710423588752747,0.0111100496724247,0.));
#941=IFCCARTESIANPOINT((-0.739363670349121,0.110241986811161,0.));
#942=IFCPOLYLOOP((#938,#939,#940,#941));
#943=IFCFACEBOUND(#942,.T.);
#944=IFCFACE((#943));
#945=IFCCARTESIANPOINT((-0.710423588752747,0.0111100496724247,0.025000000372529));
#946=IFCCARTESIANPOINT((-0.688890218734741,-0.0625644475221637,0.025000000372529));
#947=IFCCARTESIANPOINT((-0.688890218734741,-0.0625644475221637,0.));
#948=IFCCARTESIANPOINT((-0.710423588752747,0.0111100496724247,0.));
#949=IFCPOLYLOOP((#945,#946,#947,#948));
#950=IFCFACEBOUND(#949,.T.);
#951=IFCFACE((#950));
#952=IFCCARTESIANPOINT((-0.688890218734741,-0.0625644475221637,0.025000000372529));
#953=IFCCARTESIANPOINT((-0.67937433719635,-0.0229803491383793,0.025000000372529));
#954=IFCCARTESIANPOINT((-0.67937433719635,-0.0229803491383793,0.));
#955=IFCCARTESIANPOINT((-0.688890218734741,-0.0625644475221637,0.));
#956=IFCPOLYLOOP((#952,#953,#954,#955));
#957=IFCFACEBOUND(#956,.T.);
#958=IFCFACE((#957));
#959=IFCCARTESIANPOINT((-0.67937433719635,-0.0229803491383793,0.025000000372529));
#960=IFCCARTESIANPOINT((-0.64734411239624,0.110241986811161,0.025000000372529));
#961=IFCCARTESIANPOINT((-0.64734411239624,0.110241986811161,0.));
#962=IFCCARTESIANPOINT((-0.67937433719635,-0.0229803491383793,0.));
#963=IFCPOLYLOOP((#959,#960,#961,#962));
#964=IFCFACEBOUND(#963,.T.);
#965=IFCFACE((#964));
#966=IFCCARTESIANPOINT((-0.839721858501434,-0.0906706377863882,0.025000000372529));
#967=IFCCARTESIANPOINT((-0.894511759281158,0.110241986811161,0.025000000372529));
#968=IFCCARTESIANPOINT((-0.894511759281158,0.110241986811161,0.));
#969=IFCCARTESIANPOINT((-0.839721858501434,-0.0906706377863882,0.));
#970=IFCPOLYLOOP((#966,#967,#968,#969));
#971=IFCFACEBOUND(#970,.T.);
#972=IFCFACE((#971));
#973=IFCCARTESIANPOINT((-0.894511759281158,0.110241986811161,0.025000000372529));
#974=IFCCARTESIANPOINT((-0.868612825870514,0.110241986811161,0.025000000372529));
#975=IFCCARTESIANPOINT((-0.868612825870514,0.110241986811161,0.));
#976=IFCCARTESIANPOINT((-0.894511759281158,0.110241986811161,0.));
#977=IFCPOLYLOOP((#973,#974,#975,#976));
#978=IFCFACEBOUND(#977,.T.);
#979=IFCFACE((#978));
#980=IFCCARTESIANPOINT((-0.868612825870514,0.110241986811161,0.025000000372529));
#981=IFCCARTESIANPOINT((-0.836827874183655,-0.0218031257390972,0.025000000372529));
#982=IFCCARTESIANPOINT((-0.836827874183655,-0.0218031257390972,0.));
#983=IFCCARTESIANPOINT((-0.868612825870514,0.110241986811161,0.));
#984=IFCPOLYLOOP((#980,#981,#982,#983));
#985=IFCFACEBOUND(#984,.T.);
#986=IFCFACE((#985));
#987=IFCCLOSEDSHELL((#831,#853,#860,#867,#874,#881,#888,#895,#902,#909,#916,#923,#930,#937,#944,#951,#958,#965,#972,#979,#986));
#988=IFCFACETEDBREP(#987);
#989=IFCCARTESIANPOINT((0.499399989843403,1.44382283906452E-15,0.));
#990=IFCCARTESIANPOINT((4.06077759309077E-16,0.,0.));
#991=IFCCARTESIANPOINT((0.,0.249699994921685,0.));
#992=IFCPOLYLOOP((#989,#990,#991));
#993=IFCFACEBOUND(#992,.T.);
#994=IFCFACE((#993));
#995=IFCCARTESIANPOINT((0.0789583325386393,0.00200000009499587,0.172827646136284));
#996=IFCCARTESIANPOINT((0.0789583325386393,0.00200000009499587,0.126567378640175));
#997=IFCCARTESIANPOINT((0.104999996721779,0.00200000009499587,0.141602545976639));
#998=IFCCARTESIANPOINT((0.131041660904919,0.00200000009499587,0.126567378640175));
#999=IFCCARTESIANPOINT((0.180000007152592,0.00200000009499587,0.0983012691140175));
#1000=IFCCARTESIANPOINT((0.180000007152592,0.00200000009499587,0.138412982225418));
#1001=IFCCARTESIANPOINT((0.179203912615811,0.00200000009499587,0.145131692290306));
#1002=IFCCARTESIANPOINT((0.176859751343762,0.00200000009499587,0.151478335261345));
#1003=IFCCARTESIANPOINT((0.173097327351605,0.00200000009499587,0.157101407647133));
#1004=IFCCARTESIANPOINT((0.168125003576313,0.00200000009499587,0.161689519882202));
#1005=IFCCARTESIANPOINT((0.104999996721779,0.00200000009499587,0.198134750127792));
#1006=IFCCARTESIANPOINT((0.0846875011921275,0.00200000009499587,0.186407327651978));
#1007=IFCCARTESIANPOINT((0.0822574198246348,0.00200000009499587,0.183514386415482));
#1008=IFCCARTESIANPOINT((0.080449245870148,0.00200000009499587,0.180197030305862));
#1009=IFCCARTESIANPOINT((0.0793348029256213,0.00200000009499587,0.176586985588074));
#1010=IFCPOLYLOOP((#995,#996,#997,#998,#999,#1000,#1001,#1002,#1003,#1004,#1005,#1006,#1007,#1008,#1009));
#1011=IFCFACEBOUND(#1010,.T.);
#1012=IFCFACE((#1011));
#1013=IFCCARTESIANPOINT((0.131041660904919,0.00200000009499587,0.0803071036934853));
#1014=IFCCARTESIANPOINT((0.131041660904919,0.00200000009499587,0.126567378640175));
#1015=IFCCARTESIANPOINT((0.104999996721779,0.00200000009499587,0.111532211303711));
#1016=IFCCARTESIANPOINT((0.0789583325386393,0.00200000009499587,0.126567378640175));
#1017=IFCCARTESIANPOINT((0.0299999993294823,0.00200000009499587,0.154833480715752));
#1018=IFCCARTESIANPOINT((0.0299999993294823,0.00200000009499587,0.114721767604351));
#1019=IFCCARTESIANPOINT((0.0307960845530379,0.00200000009499587,0.108003057539463));
#1020=IFCCARTESIANPOINT((0.0331402495503771,0.00200000009499587,0.101656422019005));
#1021=IFCCARTESIANPOINT((0.0369026735425341,0.00200000009499587,0.0960333496332169));
#1022=IFCCARTESIANPOINT((0.0418750010431159,0.00200000009499587,0.0914452373981476));
#1023=IFCCARTESIANPOINT((0.104999996721779,0.00200000009499587,0.0549999997019768));
#1024=IFCCARTESIANPOINT((0.125312507152592,0.00200000009499587,0.0667274296283722));
#1025=IFCCARTESIANPOINT((0.127742573618923,0.00200000009499587,0.0696203634142876));
#1026=IFCCARTESIANPOINT((0.129550755023991,0.00200000009499587,0.0729377269744873));
#1027=IFCCARTESIANPOINT((0.130665197968518,0.00200000009499587,0.0765477642416954));
#1028=IFCPOLYLOOP((#1013,#1014,#1015,#1016,#1017,#1018,#1019,#1020,#1021,#1022,#1023,#1024,#1025,#1026,#1027));
#1029=IFCFACEBOUND(#1028,.T.);
#1030=IFCFACE((#1029));
#1031=IFCCARTESIANPOINT((0.104999996721779,0.,0.141602545976639));
#1032=IFCCARTESIANPOINT((0.0789583325386393,0.,0.126567378640175));
#1033=IFCCARTESIANPOINT((0.104999996721779,0.,0.111532211303711));
#1034=IFCCARTESIANPOINT((0.131041660904919,0.,0.126567378640175));
#1035=IFCPOLYLOOP((#1031,#1032,#1033,#1034));
#1036=IFCFACEBOUND(#1035,.T.);
#1037=IFCFACE((#1036));
#1038=IFCCARTESIANPOINT((4.06077759309077E-16,0.,0.300000011920929));
#1039=IFCCARTESIANPOINT((4.06077759309077E-16,0.,0.));
#1040=IFCCARTESIANPOINT((0.499399989843403,1.44382283906452E-15,0.));
#1041=IFCCARTESIANPOINT((0.499399989843403,1.44382283906452E-15,0.025000000372529));
#1042=IFCCARTESIANPOINT((0.0822574198246348,0.,0.183514386415482));
#1043=IFCCARTESIANPOINT((0.0846875011921275,0.,0.186407327651978));
#1044=IFCCARTESIANPOINT((0.104999996721779,0.,0.198134750127792));
#1045=IFCCARTESIANPOINT((0.168125003576313,0.,0.161689519882202));
#1046=IFCCARTESIANPOINT((0.173097327351605,0.,0.157101407647133));
#1047=IFCCARTESIANPOINT((0.176859751343762,0.,0.151478335261345));
#1048=IFCCARTESIANPOINT((0.179203912615811,0.,0.145131692290306));
#1049=IFCCARTESIANPOINT((0.180000007152592,0.,0.138412982225418));
#1050=IFCCARTESIANPOINT((0.180000007152592,0.,0.0983012691140175));
#1051=IFCCARTESIANPOINT((0.131041660904919,0.,0.126567378640175));
#1052=IFCCARTESIANPOINT((0.131041660904919,0.,0.0803071036934853));
#1053=IFCCARTESIANPOINT((0.130665197968518,0.,0.0765477642416954));
#1054=IFCCARTESIANPOINT((0.129550755023991,0.,0.0729377269744873));
#1055=IFCCARTESIANPOINT((0.127742573618923,0.,0.0696203634142876));
#1056=IFCCARTESIANPOINT((0.125312507152592,0.,0.0667274296283722));
#1057=IFCCARTESIANPOINT((0.104999996721779,0.,0.0549999997019768));
#1058=IFCCARTESIANPOINT((0.0418750010431159,0.,0.0914452373981476));
#1059=IFCCARTESIANPOINT((0.0369026735425341,0.,0.0960333496332169));
#1060=IFCCARTESIANPOINT((0.0331402495503771,0.,0.101656422019005));
#1061=IFCCARTESIANPOINT((0.0307960845530379,0.,0.108003057539463));
#1062=IFCCARTESIANPOINT((0.0299999993294823,0.,0.114721767604351));
#1063=IFCCARTESIANPOINT((0.0299999993294823,0.,0.154833480715752));
#1064=IFCCARTESIANPOINT((0.0789583325386393,0.,0.126567378640175));
#1065=IFCCARTESIANPOINT((0.0789583325386393,0.,0.172827646136284));
#1066=IFCCARTESIANPOINT((0.0793348029256213,0.,0.176586985588074));
#1067=IFCCARTESIANPOINT((0.080449245870148,0.,0.180197030305862));
#1068=IFCPOLYLOOP((#1038,#1039,#1040,#1041,#1042,#1043,#1044,#1045,#1046,#1047,#1048,#1049,#1050,#1051,#1052,#1053,#1054,#1055,#1056,#1057,#1058,#1059,#1060,#1061,#1062,#1063,#1064,#1065,#1066,#1067));
#1069=IFCFACEBOUND(#1068,.T.);
#1070=IFCFACE((#1069));
#1071=IFCCARTESIANPOINT((0.0307960845530379,0.,0.108003057539463));
#1072=IFCCARTESIANPOINT((0.0307960845530379,0.00200000009499587,0.108003057539463));
#1073=IFCCARTESIANPOINT((0.0299999993294823,0.00200000009499587,0.114721767604351));
#1074=IFCCARTESIANPOINT((0.0299999993294823,0.,0.114721767604351));
#1075=IFCPOLYLOOP((#1071,#1072,#1073,#1074));
#1076=IFCFACEBOUND(#1075,.T.);
#1077=IFCFACE((#1076));
#1078=IFCCARTESIANPOINT((0.104999996721779,0.,0.141602545976639));
#1079=IFCCARTESIANPOINT((0.131041660904919,0.,0.126567378640175));
#1080=IFCCARTESIANPOINT((0.131041660904919,0.00200000009499587,0.126567378640175));
#1081=IFCCARTESIANPOINT((0.104999996721779,0.00200000009499587,0.141602545976639));
#1082=IFCPOLYLOOP((#1078,#1079,#1080,#1081));
#1083=IFCFACEBOUND(#1082,.T.);
#1084=IFCFACE((#1083));
#1085=IFCCARTESIANPOINT((0.0418750010431159,0.00200000009499587,0.0914452373981476));
#1086=IFCCARTESIANPOINT((0.0418750010431159,0.,0.0914452373981476));
#1087=IFCCARTESIANPOINT((0.104999996721779,0.,0.0549999997019768));
#1088=IFCCARTESIANPOINT((0.104999996721779,0.00200000009499587,0.0549999997019768));
#1089=IFCPOLYLOOP((#1085,#1086,#1087,#1088));
#1090=IFCFACEBOUND(#1089,.T.);
#1091=IFCFACE((#1090));
#1092=IFCCARTESIANPOINT((4.06077759309077E-16,0.,0.300000011920929));
#1093=IFCCARTESIANPOINT((0.499399989843403,1.44382283906452E-15,0.025000000372529));
#1094=IFCCARTESIANPOINT((0.,0.249699994921685,0.025000000372529));
#1095=IFCPOLYLOOP((#1092,#1093,#1094));
#1096=IFCFACEBOUND(#1095,.T.);
#1097=IFCFACE((#1096));
#1098=IFCCARTESIANPOINT((0.,0.249699994921685,0.025000000372529));
#1099=IFCCARTESIANPOINT((0.499399989843403,1.44382283906452E-15,0.025000000372529));
#1100=IFCCARTESIANPOINT((0.499399989843403,1.44382283906452E-15,0.));
#1101=IFCCARTESIANPOINT((0.,0.249699994921685,0.));
#1102=IFCPOLYLOOP((#1098,#1099,#1100,#1101));
#1103=IFCFACEBOUND(#1102,.T.);
#1104=IFCFACE((#1103));
#1105=IFCCARTESIANPOINT((0.180000007152592,0.00200000009499587,0.0983012691140175));
#1106=IFCCARTESIANPOINT((0.180000007152592,0.,0.0983012691140175));
#1107=IFCCARTESIANPOINT((0.180000007152592,0.,0.138412982225418));
#1108=IFCCARTESIANPOINT((0.180000007152592,0.00200000009499587,0.138412982225418));
#1109=IFCPOLYLOOP((#1105,#1106,#1107,#1108));
#1110=IFCFACEBOUND(#1109,.T.);
#1111=IFCFACE((#1110));
#1112=IFCCARTESIANPOINT((0.131041660904919,0.00200000009499587,0.0803071036934853));
#1113=IFCCARTESIANPOINT((0.131041660904919,0.,0.0803071036934853));
#1114=IFCCARTESIANPOINT((0.131041660904919,0.,0.126567378640175));
#1115=IFCCARTESIANPOINT((0.131041660904919,0.00200000009499587,0.126567378640175));
#1116=IFCPOLYLOOP((#1112,#1113,#1114,#1115));
#1117=IFCFACEBOUND(#1116,.T.);
#1118=IFCFACE((#1117));
#1119=IFCCARTESIANPOINT((4.06077759309077E-16,0.,0.300000011920929));
#1120=IFCCARTESIANPOINT((0.,0.249699994921685,0.025000000372529));
#1121=IFCCARTESIANPOINT((0.,0.249699994921685,0.));
#1122=IFCCARTESIANPOINT((4.06077759309077E-16,0.,0.));
#1123=IFCPOLYLOOP((#1119,#1120,#1121,#1122));
#1124=IFCFACEBOUND(#1123,.T.);
#1125=IFCFACE((#1124));
#1126=IFCCARTESIANPOINT((0.0299999993294823,0.00200000009499587,0.154833480715752));
#1127=IFCCARTESIANPOINT((0.0299999993294823,0.,0.154833480715752));
#1128=IFCCARTESIANPOINT((0.0299999993294823,0.,0.114721767604351));
#1129=IFCCARTESIANPOINT((0.0299999993294823,0.00200000009499587,0.114721767604351));
#1130=IFCPOLYLOOP((#1126,#1127,#1128,#1129));
#1131=IFCFACEBOUND(#1130,.T.);
#1132=IFCFACE((#1131));
#1133=IFCCARTESIANPOINT((0.168125003576313,0.00200000009499587,0.161689519882202));
#1134=IFCCARTESIANPOINT((0.168125003576313,0.,0.161689519882202));
#1135=IFCCARTESIANPOINT((0.104999996721779,0.,0.198134750127792));
#1136=IFCCARTESIANPOINT((0.104999996721779,0.00200000009499587,0.198134750127792));
#1137=IFCPOLYLOOP((#1133,#1134,#1135,#1136));
#1138=IFCFACEBOUND(#1137,.T.);
#1139=IFCFACE((#1138));
#1140=IFCCARTESIANPOINT((0.104999996721779,0.,0.111532211303711));
#1141=IFCCARTESIANPOINT((0.0789583325386393,0.,0.126567378640175));
#1142=IFCCARTESIANPOINT((0.0789583325386393,0.00200000009499587,0.126567378640175));
#1143=IFCCARTESIANPOINT((0.104999996721779,0.00200000009499587,0.111532211303711));
#1144=IFCPOLYLOOP((#1140,#1141,#1142,#1143));
#1145=IFCFACEBOUND(#1144,.T.);
#1146=IFCFACE((#1145));
#1147=IFCCARTESIANPOINT((0.104999996721779,0.00200000009499587,0.198134750127792));
#1148=IFCCARTESIANPOINT((0.104999996721779,0.,0.198134750127792));
#1149=IFCCARTESIANPOINT((0.0846875011921275,0.,0.186407327651978));
#1150=IFCCARTESIANPOINT((0.0846875011921275,0.00200000009499587,0.186407327651978));
#1151=IFCPOLYLOOP((#1147,#1148,#1149,#1150));
#1152=IFCFACEBOUND(#1151,.T.);
#1153=IFCFACE((#1152));
#1154=IFCCARTESIANPOINT((0.131041660904919,0.00200000009499587,0.126567378640175));
#1155=IFCCARTESIANPOINT((0.131041660904919,0.,0.126567378640175));
#1156=IFCCARTESIANPOINT((0.104999996721779,0.,0.111532211303711));
#1157=IFCCARTESIANPOINT((0.104999996721779,0.00200000009499587,0.111532211303711));
#1158=IFCPOLYLOOP((#1154,#1155,#1156,#1157));
#1159=IFCFACEBOUND(#1158,.T.);
#1160=IFCFACE((#1159));
#1161=IFCCARTESIANPOINT((0.0369026735425341,0.,0.0960333496332169));
#1162=IFCCARTESIANPOINT((0.0418750010431159,0.,0.0914452373981476));
#1163=IFCCARTESIANPOINT((0.0418750010431159,0.00200000009499587,0.0914452373981476));
#1164=IFCCARTESIANPOINT((0.0369026735425341,0.00200000009499587,0.0960333496332169));
#1165=IFCPOLYLOOP((#1161,#1162,#1163,#1164));
#1166=IFCFACEBOUND(#1165,.T.);
#1167=IFCFACE((#1166));
#1168=IFCCARTESIANPOINT((0.0369026735425341,0.,0.0960333496332169));
#1169=IFCCARTESIANPOINT((0.0369026735425341,0.00200000009499587,0.0960333496332169));
#1170=IFCCARTESIANPOINT((0.0331402495503771,0.00200000009499587,0.101656422019005));
#1171=IFCCARTESIANPOINT((0.0331402495503771,0.,0.101656422019005));
#1172=IFCPOLYLOOP((#1168,#1169,#1170,#1171));
#1173=IFCFACEBOUND(#1172,.T.);
#1174=IFCFACE((#1173));
#1175=IFCCARTESIANPOINT((0.0331402495503771,0.,0.101656422019005));
#1176=IFCCARTESIANPOINT((0.0331402495503771,0.00200000009499587,0.101656422019005));
#1177=IFCCARTESIANPOINT((0.0307960845530379,0.00200000009499587,0.108003057539463));
#1178=IFCCARTESIANPOINT((0.0307960845530379,0.,0.108003057539463));
#1179=IFCPOLYLOOP((#1175,#1176,#1177,#1178));
#1180=IFCFACEBOUND(#1179,.T.);
#1181=IFCFACE((#1180));
#1182=IFCCARTESIANPOINT((0.0822574198246348,0.,0.183514386415482));
#1183=IFCCARTESIANPOINT((0.0822574198246348,0.00200000009499587,0.183514386415482));
#1184=IFCCARTESIANPOINT((0.0846875011921275,0.00200000009499587,0.186407327651978));
#1185=IFCCARTESIANPOINT((0.0846875011921275,0.,0.186407327651978));
#1186=IFCPOLYLOOP((#1182,#1183,#1184,#1185));
#1187=IFCFACEBOUND(#1186,.T.);
#1188=IFCFACE((#1187));
#1189=IFCCARTESIANPOINT((0.130665197968518,0.,0.0765477642416954));
#1190=IFCCARTESIANPOINT((0.131041660904919,0.,0.0803071036934853));
#1191=IFCCARTESIANPOINT((0.131041660904919,0.00200000009499587,0.0803071036934853));
#1192=IFCCARTESIANPOINT((0.130665197968518,0.00200000009499587,0.0765477642416954));
#1193=IFCPOLYLOOP((#1189,#1190,#1191,#1192));
#1194=IFCFACEBOUND(#1193,.T.);
#1195=IFCFACE((#1194));
#1196=IFCCARTESIANPOINT((0.130665197968518,0.,0.0765477642416954));
#1197=IFCCARTESIANPOINT((0.130665197968518,0.00200000009499587,0.0765477642416954));
#1198=IFCCARTESIANPOINT((0.129550755023991,0.00200000009499587,0.0729377269744873));
#1199=IFCCARTESIANPOINT((0.129550755023991,0.,0.0729377269744873));
#1200=IFCPOLYLOOP((#1196,#1197,#1198,#1199));
#1201=IFCFACEBOUND(#1200,.T.);
#1202=IFCFACE((#1201));
#1203=IFCCARTESIANPOINT((0.129550755023991,0.,0.0729377269744873));
#1204=IFCCARTESIANPOINT((0.129550755023991,0.00200000009499587,0.0729377269744873));
#1205=IFCCARTESIANPOINT((0.127742573618923,0.00200000009499587,0.0696203634142876));
#1206=IFCCARTESIANPOINT((0.127742573618923,0.,0.0696203634142876));
#1207=IFCPOLYLOOP((#1203,#1204,#1205,#1206));
#1208=IFCFACEBOUND(#1207,.T.);
#1209=IFCFACE((#1208));
#1210=IFCCARTESIANPOINT((0.127742573618923,0.,0.0696203634142876));
#1211=IFCCARTESIANPOINT((0.127742573618923,0.00200000009499587,0.0696203634142876));
#1212=IFCCARTESIANPOINT((0.125312507152592,0.00200000009499587,0.0667274296283722));
#1213=IFCCARTESIANPOINT((0.125312507152592,0.,0.0667274296283722));
#1214=IFCPOLYLOOP((#1210,#1211,#1212,#1213));
#1215=IFCFACEBOUND(#1214,.T.);
#1216=IFCFACE((#1215));
#1217=IFCCARTESIANPOINT((0.0789583325386393,0.00200000009499587,0.126567378640175));
#1218=IFCCARTESIANPOINT((0.0789583325386393,0.,0.126567378640175));
#1219=IFCCARTESIANPOINT((0.104999996721779,0.,0.141602545976639));
#1220=IFCCARTESIANPOINT((0.104999996721779,0.00200000009499587,0.141602545976639));
#1221=IFCPOLYLOOP((#1217,#1218,#1219,#1220));
#1222=IFCFACEBOUND(#1221,.T.);
#1223=IFCFACE((#1222));
#1224=IFCCARTESIANPOINT((0.104999996721779,0.00200000009499587,0.0549999997019768));
#1225=IFCCARTESIANPOINT((0.104999996721779,0.,0.0549999997019768));
#1226=IFCCARTESIANPOINT((0.125312507152592,0.,0.0667274296283722));
#1227=IFCCARTESIANPOINT((0.125312507152592,0.00200000009499587,0.0667274296283722));
#1228=IFCPOLYLOOP((#1224,#1225,#1226,#1227));
#1229=IFCFACEBOUND(#1228,.T.);
#1230=IFCFACE((#1229));
#1231=IFCCARTESIANPOINT((0.0789583325386393,0.00200000009499587,0.172827646136284));
#1232=IFCCARTESIANPOINT((0.0789583325386393,0.,0.172827646136284));
#1233=IFCCARTESIANPOINT((0.0789583325386393,0.,0.126567378640175));
#1234=IFCCARTESIANPOINT((0.0789583325386393,0.00200000009499587,0.126567378640175));
#1235=IFCPOLYLOOP((#1231,#1232,#1233,#1234));
#1236=IFCFACEBOUND(#1235,.T.);
#1237=IFCFACE((#1236));
#1238=IFCCARTESIANPOINT((0.173097327351605,0.,0.157101407647133));
#1239=IFCCARTESIANPOINT((0.168125003576313,0.,0.161689519882202));
#1240=IFCCARTESIANPOINT((0.168125003576313,0.00200000009499587,0.161689519882202));
#1241=IFCCARTESIANPOINT((0.173097327351605,0.00200000009499587,0.157101407647133));
#1242=IFCPOLYLOOP((#1238,#1239,#1240,#1241));
#1243=IFCFACEBOUND(#1242,.T.);
#1244=IFCFACE((#1243));
#1245=IFCCARTESIANPOINT((0.173097327351605,0.,0.157101407647133));
#1246=IFCCARTESIANPOINT((0.173097327351605,0.00200000009499587,0.157101407647133));
#1247=IFCCARTESIANPOINT((0.176859751343762,0.00200000009499587,0.151478335261345));
#1248=IFCCARTESIANPOINT((0.176859751343762,0.,0.151478335261345));
#1249=IFCPOLYLOOP((#1245,#1246,#1247,#1248));
#1250=IFCFACEBOUND(#1249,.T.);
#1251=IFCFACE((#1250));
#1252=IFCCARTESIANPOINT((0.176859751343762,0.,0.151478335261345));
#1253=IFCCARTESIANPOINT((0.176859751343762,0.00200000009499587,0.151478335261345));
#1254=IFCCARTESIANPOINT((0.179203912615811,0.00200000009499587,0.145131692290306));
#1255=IFCCARTESIANPOINT((0.179203912615811,0.,0.145131692290306));
#1256=IFCPOLYLOOP((#1252,#1253,#1254,#1255));
#1257=IFCFACEBOUND(#1256,.T.);
#1258=IFCFACE((#1257));
#1259=IFCCARTESIANPOINT((0.179203912615811,0.,0.145131692290306));
#1260=IFCCARTESIANPOINT((0.179203912615811,0.00200000009499587,0.145131692290306));
#1261=IFCCARTESIANPOINT((0.180000007152592,0.00200000009499587,0.138412982225418));
#1262=IFCCARTESIANPOINT((0.180000007152592,0.,0.138412982225418));
#1263=IFCPOLYLOOP((#1259,#1260,#1261,#1262));
#1264=IFCFACEBOUND(#1263,.T.);
#1265=IFCFACE((#1264));
#1266=IFCCARTESIANPOINT((0.0793348029256213,0.,0.176586985588074));
#1267=IFCCARTESIANPOINT((0.0789583325386393,0.,0.172827646136284));
#1268=IFCCARTESIANPOINT((0.0789583325386393,0.00200000009499587,0.172827646136284));
#1269=IFCCARTESIANPOINT((0.0793348029256213,0.00200000009499587,0.176586985588074));
#1270=IFCPOLYLOOP((#1266,#1267,#1268,#1269));
#1271=IFCFACEBOUND(#1270,.T.);
#1272=IFCFACE((#1271));
#1273=IFCCARTESIANPOINT((0.0793348029256213,0.,0.176586985588074));
#1274=IFCCARTESIANPOINT((0.0793348029256213,0.00200000009499587,0.176586985588074));
#1275=IFCCARTESIANPOINT((0.080449245870148,0.00200000009499587,0.180197030305862));
#1276=IFCCARTESIANPOINT((0.080449245870148,0.,0.180197030305862));
#1277=IFCPOLYLOOP((#1273,#1274,#1275,#1276));
#1278=IFCFACEBOUND(#1277,.T.);
#1279=IFCFACE((#1278));
#1280=IFCCARTESIANPOINT((0.080449245870148,0.,0.180197030305862));
#1281=IFCCARTESIANPOINT((0.080449245870148,0.00200000009499587,0.180197030305862));
#1282=IFCCARTESIANPOINT((0.0822574198246348,0.00200000009499587,0.183514386415482));
#1283=IFCCARTESIANPOINT((0.0822574198246348,0.,0.183514386415482));
#1284=IFCPOLYLOOP((#1280,#1281,#1282,#1283));
#1285=IFCFACEBOUND(#1284,.T.);
#1286=IFCFACE((#1285));
#1287=IFCCARTESIANPOINT((0.180000007152592,0.00200000009499587,0.0983012691140175));
#1288=IFCCARTESIANPOINT((0.131041660904919,0.00200000009499587,0.126567378640175));
#1289=IFCCARTESIANPOINT((0.131041660904919,0.,0.126567378640175));
#1290=IFCCARTESIANPOINT((0.180000007152592,0.,0.0983012691140175));
#1291=IFCPOLYLOOP((#1287,#1288,#1289,#1290));
#1292=IFCFACEBOUND(#1291,.T.);
#1293=IFCFACE((#1292));
#1294=IFCCARTESIANPOINT((0.0299999993294823,0.00200000009499587,0.154833480715752));
#1295=IFCCARTESIANPOINT((0.0789583325386393,0.00200000009499587,0.126567378640175));
#1296=IFCCARTESIANPOINT((0.0789583325386393,0.,0.126567378640175));
#1297=IFCCARTESIANPOINT((0.0299999993294823,0.,0.154833480715752));
#1298=IFCPOLYLOOP((#1294,#1295,#1296,#1297));
#1299=IFCFACEBOUND(#1298,.T.);
#1300=IFCFACE((#1299));
#1301=IFCCLOSEDSHELL((#994,#1012,#1030,#1037,#1070,#1077,#1084,#1091,#1097,#1104,#1111,#1118,#1125,#1132,#1139,#1146,#1153,#1160,#1167,#1174,#1181,#1188,#1195,#1202,#1209,#1216,#1223,#1230,#1237,#1244,#1251,#1258,#1265,#1272,#1279,#1286,#1293,#1300));
#1302=IFCFACETEDBREP(#1301);
#1303=IFCCARTESIANPOINT((0.0299999993294477,0.00100000004749721,0.154833480715752));
#1304=IFCCARTESIANPOINT((0.104999996721745,0.00100000004749721,0.198134750127792));
#1305=IFCCARTESIANPOINT((0.104999996721745,0.00200000009499515,0.198134750127792));
#1306=IFCCARTESIANPOINT((0.0299999993294477,0.00200000009499515,0.154833480715752));
#1307=IFCPOLYLOOP((#1303,#1304,#1305,#1306));
#1308=IFCFACEBOUND(#1307,.T.);
#1309=IFCFACE((#1308));
#1310=IFCCARTESIANPOINT((0.180000007152557,0.00100000004749721,0.0983012691140175));
#1311=IFCCARTESIANPOINT((0.104999996721745,0.00100000004749721,0.0549999997019768));
#1312=IFCCARTESIANPOINT((0.104999996721745,0.00200000009499515,0.0549999997019768));
#1313=IFCCARTESIANPOINT((0.180000007152557,0.00200000009499515,0.0983012691140175));
#1314=IFCPOLYLOOP((#1310,#1311,#1312,#1313));
#1315=IFCFACEBOUND(#1314,.T.);
#1316=IFCFACE((#1315));
#1317=IFCCARTESIANPOINT((0.104999996721745,0.00100000004749721,0.198134750127792));
#1318=IFCCARTESIANPOINT((0.180000007152557,0.00100000004749721,0.154833480715752));
#1319=IFCCARTESIANPOINT((0.180000007152557,0.00200000009499515,0.154833480715752));
#1320=IFCCARTESIANPOINT((0.104999996721745,0.00200000009499515,0.198134750127792));
#1321=IFCPOLYLOOP((#1317,#1318,#1319,#1320));
#1322=IFCFACEBOUND(#1321,.T.);
#1323=IFCFACE((#1322));
#1324=IFCCARTESIANPOINT((0.0299999993294477,0.00100000004749721,0.0983012691140175));
#1325=IFCCARTESIANPOINT((0.0299999993294477,0.00100000004749721,0.154833480715752));
#1326=IFCCARTESIANPOINT((0.0299999993294477,0.00200000009499515,0.154833480715752));
#1327=IFCCARTESIANPOINT((0.0299999993294477,0.00200000009499515,0.0983012691140175));
#1328=IFCPOLYLOOP((#1324,#1325,#1326,#1327));
#1329=IFCFACEBOUND(#1328,.T.);
#1330=IFCFACE((#1329));
#1331=IFCCARTESIANPOINT((0.0299999993294477,0.00200000009499515,0.154833480715752));
#1332=IFCCARTESIANPOINT((0.104999996721745,0.00200000009499515,0.198134750127792));
#1333=IFCCARTESIANPOINT((0.180000007152557,0.00200000009499515,0.154833480715752));
#1334=IFCCARTESIANPOINT((0.180000007152557,0.00200000009499515,0.0983012691140175));
#1335=IFCCARTESIANPOINT((0.104999996721745,0.00200000009499515,0.0549999997019768));
#1336=IFCCARTESIANPOINT((0.0299999993294477,0.00200000009499515,0.0983012691140175));
#1337=IFCPOLYLOOP((#1331,#1332,#1333,#1334,#1335,#1336));
#1338=IFCFACEBOUND(#1337,.T.);
#1339=IFCFACE((#1338));
#1340=IFCCARTESIANPOINT((0.180000007152557,0.00100000004749721,0.154833480715752));
#1341=IFCCARTESIANPOINT((0.180000007152557,0.00100000004749721,0.0983012691140175));
#1342=IFCCARTESIANPOINT((0.180000007152557,0.00200000009499515,0.0983012691140175));
#1343=IFCCARTESIANPOINT((0.180000007152557,0.00200000009499515,0.154833480715752));
#1344=IFCPOLYLOOP((#1340,#1341,#1342,#1343));
#1345=IFCFACEBOUND(#1344,.T.);
#1346=IFCFACE((#1345));
#1347=IFCCARTESIANPOINT((0.0299999993294477,0.00100000004749721,0.154833480715752));
#1348=IFCCARTESIANPOINT((0.0299999993294477,0.00100000004749721,0.0983012691140175));
#1349=IFCCARTESIANPOINT((0.104999996721745,0.00100000004749721,0.0549999997019768));
#1350=IFCCARTESIANPOINT((0.180000007152557,0.00100000004749721,0.0983012691140175));
#1351=IFCCARTESIANPOINT((0.180000007152557,0.00100000004749721,0.154833480715752));
#1352=IFCCARTESIANPOINT((0.104999996721745,0.00100000004749721,0.198134750127792));
#1353=IFCPOLYLOOP((#1347,#1348,#1349,#1350,#1351,#1352));
#1354=IFCFACEBOUND(#1353,.T.);
#1355=IFCFACE((#1354));
#1356=IFCCARTESIANPOINT((0.104999996721745,0.00100000004749721,0.0549999997019768));
#1357=IFCCARTESIANPOINT((0.0299999993294477,0.00100000004749721,0.0983012691140175));
#1358=IFCCARTESIANPOINT((0.0299999993294477,0.00200000009499515,0.0983012691140175));
#1359=IFCCARTESIANPOINT((0.104999996721745,0.00200000009499515,0.0549999997019768));
#1360=IFCPOLYLOOP((#1356,#1357,#1358,#1359));
#1361=IFCFACEBOUND(#1360,.T.);
#1362=IFCFACE((#1361));
#1363=IFCCLOSEDSHELL((#1309,#1316,#1323,#1330,#1339,#1346,#1355,#1362));
#1364=IFCFACETEDBREP(#1363);
#1365=IFCCOLOURRGB($,0.345098039215686,0.619607843137255,0.650980392156863);
#1366=IFCSURFACESTYLERENDERING(#1365,0.,$,$,$,$,$,$,.NOTDEFINED.);
#1367=IFCSURFACESTYLE($,.BOTH.,(#1366));
#1368=IFCPRESENTATIONSTYLEASSIGNMENT((#1367));
#1369=IFCSTYLEDITEM(#85,(#1368),$);
#1370=IFCCOLOURRGB($,0.0470588235294118,0.149019607843137,0.349019607843137);
#1371=IFCSURFACESTYLERENDERING(#1370,0.,$,$,$,$,$,$,.NOTDEFINED.);
#1372=IFCSURFACESTYLE($,.BOTH.,(#1371));
#1373=IFCPRESENTATIONSTYLEASSIGNMENT((#1372));
#1374=IFCSTYLEDITEM(#129,(#1373),$);
#1375=IFCCOLOURRGB($,0.949019607843137,0.56078431372549,0.219607843137255);
#1376=IFCSURFACESTYLERENDERING(#1375,0.,$,$,$,$,$,$,.NOTDEFINED.);
#1377=IFCSURFACESTYLE($,.BOTH.,(#1376));
#1378=IFCPRESENTATIONSTYLEASSIGNMENT((#1377));
#1379=IFCSTYLEDITEM(#173,(#1378),$);
#1380=IFCSTYLEDITEM(#289,(#1373),$);
#1381=IFCSTYLEDITEM(#711,(#1373),$);
#1382=IFCSTYLEDITEM(#809,(#1373),$);
#1383=IFCSTYLEDITEM(#988,(#1373),$);
#1384=IFCSTYLEDITEM(#1302,(#1373),$);
#1385=IFCCOLOURRGB($,1.,1.,1.);
#1386=IFCSURFACESTYLERENDERING(#1385,0.,$,$,$,$,$,$,.NOTDEFINED.);
#1387=IFCSURFACESTYLE($,.BOTH.,(#1386));
#1388=IFCPRESENTATIONSTYLEASSIGNMENT((#1387));
#1389=IFCSTYLEDITEM(#1364,(#1388),$);
#1390=IFCSHAPEREPRESENTATION(#11,'Body','Brep',(#85,#129,#173,#289,#711,#809,#988,#1302,#1364));
#1391=IFCCARTESIANPOINT((-0.,-0.,0.));
#1392=IFCDIRECTION((0.,0.,1.));
#1393=IFCDIRECTION((0.637921483011472,0.770101409888622,0.));
#1394=IFCAXIS2PLACEMENT3D(#1391,#1392,#1393);
#1395=IFCLOCALPLACEMENT(#37,#1394);
#1396=IFCPRODUCTDEFINITIONSHAPE($,$,(#1390));
#1397=IFCBUILDINGELEMENTPROXY('2U$QOBhkX3_w7dHxyAHdwW',#5,'GEO-Nulpunt',$,'nulpunt:nulpunt',#1395,#1396,$,$);
#1398=IFCPROPERTYSINGLEVALUE('RD-Y',$,IFCTEXT('384156.389'),$);
#1399=IFCPROPERTYSINGLEVALUE('RD-X',$,IFCTEXT('160071.588'),$);
#1400=IFCPROPERTYSINGLEVALUE('Latitude',$,IFCTEXT('51.44647491'),$);
#1401=IFCPROPERTYSINGLEVALUE('Longitude',$,IFCTEXT('5.46015425'),$);
#1402=IFCPROPERTYSET('3r2iMR9nX7xedQxLZqyPNq',#5,'CPset_GEO-Nulpunt',$,(#1398,#1399,#1400,#1401));
#1403=IFCRELDEFINESBYPROPERTIES('1gwu9oxwfDGguHCH1wzR50',#5,$,$,(#1397),#1402);
#1404=IFCCARTESIANPOINT((-0.0599999986588955,0.,0.));
#1405=IFCCARTESIANPOINT((-0.0424264036118984,0.0424264045432209,-1.90476328043587E-12));
#1406=IFCCARTESIANPOINT((0.,0.0599999995902181,-2.69381246198463E-12));
#1407=IFCCARTESIANPOINT((0.0424264036118984,0.0424264045432209,-1.90476328043587E-12));
#1408=IFCCARTESIANPOINT((0.0599999986588955,0.,0.));
#1409=IFCCARTESIANPOINT((0.0424264036118984,-0.0424264026805758,1.90476328043587E-12));
#1410=IFCCARTESIANPOINT((0.,-0.0599999977275729,2.69381246198463E-12));
#1411=IFCCARTESIANPOINT((-0.0424264036118984,-0.0424264026805758,1.90476328043587E-12));
#1412=IFCPOLYLOOP((#1404,#1405,#1406,#1407,#1408,#1409,#1410,#1411));
#1413=IFCFACEBOUND(#1412,.T.);
#1414=IFCFACE((#1413));
#1415=IFCCARTESIANPOINT((-3.92780639231205E-05,0.0800249810746144,2.99999733268855));
#1416=IFCCARTESIANPOINT((-0.0566078200936318,0.0565935272207688,2.99999733268961));
#1417=IFCCARTESIANPOINT((-0.0566078200079973,0.0565935101245138,3.09600018716001));
#1418=IFCCARTESIANPOINT((-3.92779782887093E-05,0.0800249639783594,3.09600018715896));
#1419=IFCPOLYLOOP((#1415,#1416,#1417,#1418));
#1420=IFCFACEBOUND(#1419,.T.);
#1421=IFCFACE((#1420));
#1422=IFCCARTESIANPOINT((0.0565292611718178,0.0565935272207688,2.99999733268961));
#1423=IFCCARTESIANPOINT((-3.92780639231205E-05,0.0800249810746144,2.99999733268855));
#1424=IFCCARTESIANPOINT((-3.92779782887093E-05,0.0800249639783594,3.09600018715896));
#1425=IFCCARTESIANPOINT((0.0565292612574523,0.0565935101245138,3.09600018716001));
#1426=IFCPOLYLOOP((#1422,#1423,#1424,#1425));
#1427=IFCFACEBOUND(#1426,.T.);
#1428=IFCFACE((#1427));
#1429=IFCCARTESIANPOINT((0.079960722476244,2.49865880440154E-05,2.99999733269215));
#1430=IFCCARTESIANPOINT((0.0565292611718178,0.0565935272207688,2.99999733268961));
#1431=IFCCARTESIANPOINT((0.0565292612574523,0.0565935101245138,3.09600018716001));
#1432=IFCCARTESIANPOINT((0.0799607225618784,2.4969491789014E-05,3.09600018716255));
#1433=IFCPOLYLOOP((#1429,#1430,#1431,#1432));
#1434=IFCFACEBOUND(#1433,.T.);
#1435=IFCFACE((#1434));
#1436=IFCCARTESIANPOINT((0.0565292611718178,-0.0565435540446807,2.99999733269469));
#1437=IFCCARTESIANPOINT((0.079960722476244,2.49865880440154E-05,2.99999733269215));
#1438=IFCCARTESIANPOINT((0.0799607225618784,2.4969491789014E-05,3.09600018716255));
#1439=IFCCARTESIANPOINT((0.0565292612574523,-0.0565435711409357,3.09600018716509));
#1440=IFCPOLYLOOP((#1436,#1437,#1438,#1439));
#1441=IFCFACEBOUND(#1440,.T.);
#1442=IFCFACE((#1441));
#1443=IFCCARTESIANPOINT((0.,-0.0799750153491069,2.99999713898064));
#1444=IFCCARTESIANPOINT((0.0565292611718178,-0.0565435540446807,2.99999733269469));
#1445=IFCCARTESIANPOINT((0.0565292612574523,-0.0565435711409357,3.09600018716509));
#1446=IFCCARTESIANPOINT((8.56344111533139E-11,-0.0799750324453619,3.09599999345105));
#1447=IFCPOLYLOOP((#1443,#1444,#1445,#1446));
#1448=IFCFACEBOUND(#1447,.T.);
#1449=IFCFACE((#1448));
#1450=IFCCARTESIANPOINT((-3.92780639231205E-05,-0.0799750153491069,2.99999733269574));
#1451=IFCCARTESIANPOINT((0.,-0.0799750153491069,2.99999713898064));
#1452=IFCCARTESIANPOINT((8.56344111533139E-11,-0.0799750324453619,3.09599999345105));
#1453=IFCCARTESIANPOINT((-3.92779782887093E-05,-0.0799750324453619,3.09600018716614));
#1454=IFCPOLYLOOP((#1450,#1451,#1452,#1453));
#1455=IFCFACEBOUND(#1454,.T.);
#1456=IFCFACE((#1455));
#1457=IFCCARTESIANPOINT((-0.0566078200936318,-0.0565435540446807,2.99999733269469));
#1458=IFCCARTESIANPOINT((-3.92780639231205E-05,-0.0799750153491069,2.99999733269574));
#1459=IFCCARTESIANPOINT((-3.92779782887093E-05,-0.0799750324453619,3.09600018716614));
#1460=IFCCARTESIANPOINT((-0.0566078200079973,-0.0565435711409357,3.09600018716509));
#1461=IFCPOLYLOOP((#1457,#1458,#1459,#1460));
#1462=IFCFACEBOUND(#1461,.T.);
#1463=IFCFACE((#1462));
#1464=IFCCARTESIANPOINT((-0.0800392739474772,2.49865880440154E-05,2.99999733269215));
#1465=IFCCARTESIANPOINT((-0.0566078200936318,-0.0565435540446807,2.99999733269469));
#1466=IFCCARTESIANPOINT((-0.0566078200079973,-0.0565435711409357,3.09600018716509));
#1467=IFCCARTESIANPOINT((-0.0800392738618428,2.4969491789014E-05,3.09600018716255));
#1468=IFCPOLYLOOP((#1464,#1465,#1466,#1467));
#1469=IFCFACEBOUND(#1468,.T.);
#1470=IFCFACE((#1469));
#1471=IFCCARTESIANPOINT((-0.0566078200936318,0.0565935272207688,2.99999733268961));
#1472=IFCCARTESIANPOINT((-0.0800392739474772,2.49865880440154E-05,2.99999733269215));
#1473=IFCCARTESIANPOINT((-0.0800392738618428,2.4969491789014E-05,3.09600018716255));
#1474=IFCCARTESIANPOINT((-0.0566078200079973,0.0565935101245138,3.09600018716001));
#1475=IFCPOLYLOOP((#1471,#1472,#1473,#1474));
#1476=IFCFACEBOUND(#1475,.T.);
#1477=IFCFACE((#1476));
#1478=IFCCARTESIANPOINT((-0.0566078200936318,-0.0565435540446807,2.99999733269469));
#1479=IFCCARTESIANPOINT((-0.0800392739474772,2.49865880440154E-05,2.99999733269215));
#1480=IFCCARTESIANPOINT((-0.0566078200936318,0.0565935272207688,2.99999733268961));
#1481=IFCCARTESIANPOINT((-3.92780639231205E-05,0.0800249810746144,2.99999733268855));
#1482=IFCCARTESIANPOINT((0.0565292611718178,0.0565935272207688,2.99999733268961));
#1483=IFCCARTESIANPOINT((0.079960722476244,2.49865880440154E-05,2.99999733269215));
#1484=IFCCARTESIANPOINT((0.0565292611718178,-0.0565435540446807,2.99999733269469));
#1485=IFCCARTESIANPOINT((0.,-0.0799750153491069,2.99999713898064));
#1486=IFCCARTESIANPOINT((-3.92780639231205E-05,-0.0799750153491069,2.99999733269574));
#1487=IFCCARTESIANPOINT((-0.0424264036118984,0.0424264046779097,2.99999733269024));
#1488=IFCCARTESIANPOINT((-0.0599999986588955,1.34688750085205E-10,2.99999733269215));
#1489=IFCCARTESIANPOINT((-0.0424264036118984,-0.0424264025458871,2.99999733269405));
#1490=IFCCARTESIANPOINT((0.,-0.0599999975928841,2.99999733269484));
#1491=IFCCARTESIANPOINT((0.0424264036118984,-0.0424264025458862,2.99999713897896));
#1492=IFCCARTESIANPOINT((0.0599999986588955,1.34688750085205E-10,2.99999733269215));
#1493=IFCCARTESIANPOINT((0.0424264036118984,0.0424264046779097,2.99999733269024));
#1494=IFCCARTESIANPOINT((0.,0.0599999997249069,2.99999733268945));
#1495=IFCPOLYLOOP((#1478,#1479,#1480,#1481,#1482,#1483,#1484,#1485,#1486,#1487,#1488,#1489,#1490,#1491,#1492,#1493,#1494));
#1496=IFCFACEBOUND(#1495,.T.);
#1497=IFCFACE((#1496));
#1498=IFCCARTESIANPOINT((-0.0424264036118984,0.0424264045432209,-1.90476328043587E-12));
#1499=IFCCARTESIANPOINT((-0.0599999986588955,0.,0.));
#1500=IFCCARTESIANPOINT((-0.0599999986588955,1.34688750085205E-10,2.99999733269215));
#1501=IFCCARTESIANPOINT((-0.0424264036118984,0.0424264046779097,2.99999733269024));
#1502=IFCPOLYLOOP((#1498,#1499,#1500,#1501));
#1503=IFCFACEBOUND(#1502,.T.);
#1504=IFCFACE((#1503));
#1505=IFCCARTESIANPOINT((0.,0.0599999995902181,-2.69381246198463E-12));
#1506=IFCCARTESIANPOINT((-0.0424264036118984,0.0424264045432209,-1.90476328043587E-12));
#1507=IFCCARTESIANPOINT((-0.0424264036118984,0.0424264046779097,2.99999733269024));
#1508=IFCCARTESIANPOINT((0.,0.0599999997249069,2.99999733268945));
#1509=IFCPOLYLOOP((#1505,#1506,#1507,#1508));
#1510=IFCFACEBOUND(#1509,.T.);
#1511=IFCFACE((#1510));
#1512=IFCCARTESIANPOINT((0.0424264036118984,0.0424264045432209,-1.90476328043587E-12));
#1513=IFCCARTESIANPOINT((0.,0.0599999995902181,-2.69381246198463E-12));
#1514=IFCCARTESIANPOINT((0.,0.0599999997249069,2.99999733268945));
#1515=IFCCARTESIANPOINT((0.0424264036118984,0.0424264046779097,2.99999733269024));
#1516=IFCPOLYLOOP((#1512,#1513,#1514,#1515));
#1517=IFCFACEBOUND(#1516,.T.);
#1518=IFCFACE((#1517));
#1519=IFCCARTESIANPOINT((0.0599999986588955,0.,0.));
#1520=IFCCARTESIANPOINT((0.0424264036118984,0.0424264045432209,-1.90476328043587E-12));
#1521=IFCCARTESIANPOINT((0.0424264036118984,0.0424264046779097,2.99999733269024));
#1522=IFCCARTESIANPOINT((0.0599999986588955,1.34688750085205E-10,2.99999733269215));
#1523=IFCPOLYLOOP((#1519,#1520,#1521,#1522));
#1524=IFCFACEBOUND(#1523,.T.);
#1525=IFCFACE((#1524));
#1526=IFCCARTESIANPOINT((0.0424264036118984,-0.0424264026805758,1.90476328043587E-12));
#1527=IFCCARTESIANPOINT((0.0599999986588955,0.,0.));
#1528=IFCCARTESIANPOINT((0.0599999986588955,1.34688750085205E-10,2.99999733269215));
#1529=IFCCARTESIANPOINT((0.0424264036118984,-0.0424264025458862,2.99999713897896));
#1530=IFCPOLYLOOP((#1526,#1527,#1528,#1529));
#1531=IFCFACEBOUND(#1530,.T.);
#1532=IFCFACE((#1531));
#1533=IFCCARTESIANPOINT((0.,-0.0599999977275729,2.69381246198463E-12));
#1534=IFCCARTESIANPOINT((0.0424264036118984,-0.0424264026805758,1.90476328043587E-12));
#1535=IFCCARTESIANPOINT((0.0424264036118984,-0.0424264025458862,2.99999713897896));
#1536=IFCCARTESIANPOINT((0.,-0.0599999975928841,2.99999733269484));
#1537=IFCPOLYLOOP((#1533,#1534,#1535,#1536));
#1538=IFCFACEBOUND(#1537,.T.);
#1539=IFCFACE((#1538));
#1540=IFCCARTESIANPOINT((-0.0424264036118984,-0.0424264026805758,1.90476328043587E-12));
#1541=IFCCARTESIANPOINT((0.,-0.0599999977275729,2.69381246198463E-12));
#1542=IFCCARTESIANPOINT((0.,-0.0599999975928841,2.99999733269484));
#1543=IFCCARTESIANPOINT((-0.0424264036118984,-0.0424264025458871,2.99999733269405));
#1544=IFCPOLYLOOP((#1540,#1541,#1542,#1543));
#1545=IFCFACEBOUND(#1544,.T.);
#1546=IFCFACE((#1545));
#1547=IFCCARTESIANPOINT((-0.0599999986588955,0.,0.));
#1548=IFCCARTESIANPOINT((-0.0424264036118984,-0.0424264026805758,1.90476328043587E-12));
#1549=IFCCARTESIANPOINT((-0.0424264036118984,-0.0424264025458871,2.99999733269405));
#1550=IFCCARTESIANPOINT((-0.0599999986588955,1.34688750085205E-10,2.99999733269215));
#1551=IFCPOLYLOOP((#1547,#1548,#1549,#1550));
#1552=IFCFACEBOUND(#1551,.T.);
#1553=IFCFACE((#1552));
#1554=IFCCARTESIANPOINT((-0.0800392738618428,2.4969491789014E-05,3.09600018716255));
#1555=IFCCARTESIANPOINT((-0.0566078200079973,-0.0565435711409357,3.09600018716509));
#1556=IFCCARTESIANPOINT((-3.92779782887093E-05,-0.0799750324453619,3.09600018716614));
#1557=IFCCARTESIANPOINT((8.56344111533139E-11,-0.0799750324453619,3.09599999345105));
#1558=IFCCARTESIANPOINT((0.0565292612574523,-0.0565435711409357,3.09600018716509));
#1559=IFCCARTESIANPOINT((0.0799607225618784,2.4969491789014E-05,3.09600018716255));
#1560=IFCCARTESIANPOINT((0.0565292612574523,0.0565935101245138,3.09600018716001));
#1561=IFCCARTESIANPOINT((-3.92779782887093E-05,0.0800249639783594,3.09600018715896));
#1562=IFCCARTESIANPOINT((-0.0566078200079973,0.0565935101245138,3.09600018716001));
#1563=IFCPOLYLOOP((#1554,#1555,#1556,#1557,#1558,#1559,#1560,#1561,#1562));
#1564=IFCFACEBOUND(#1563,.T.);
#1565=IFCFACE((#1564));
#1566=IFCCARTESIANPOINT((-0.249996658414602,0.144276389068823,3.29600028693029));
#1567=IFCCARTESIANPOINT((-0.249996658414602,0.144276389069604,3.3133933991129));
#1568=IFCCARTESIANPOINT((-0.144344191998243,0.249928855485963,3.31339339910816));
#1569=IFCCARTESIANPOINT((-0.144344191998243,0.249928855485182,3.29600028692554));
#1570=IFCPOLYLOOP((#1566,#1567,#1568,#1569));
#1571=IFCFACEBOUND(#1570,.T.);
#1572=IFCFACE((#1571));
#1573=IFCCARTESIANPOINT((-0.288668166846036,-4.75875358914404E-05,3.29600028693676));
#1574=IFCCARTESIANPOINT((-0.288668166846036,-4.75875351107383E-05,3.31339339911938));
#1575=IFCCARTESIANPOINT((-0.249996658414602,0.144276389069604,3.3133933991129));
#1576=IFCCARTESIANPOINT((-0.249996658414602,0.144276389068823,3.29600028693029));
#1577=IFCPOLYLOOP((#1573,#1574,#1575,#1576));
#1578=IFCFACEBOUND(#1577,.T.);
#1579=IFCFACE((#1578));
#1580=IFCCARTESIANPOINT((0.144303757697344,0.249928855485182,3.29600028692554));
#1581=IFCCARTESIANPOINT((0.144303757697344,0.249928855485963,3.31339339910816));
#1582=IFCCARTESIANPOINT((0.249956224113703,0.144276389069604,3.3133933991129));
#1583=IFCCARTESIANPOINT((0.249956224113703,0.144276389068823,3.29600028693029));
#1584=IFCPOLYLOOP((#1580,#1581,#1582,#1583));
#1585=IFCFACEBOUND(#1584,.T.);
#1586=IFCFACE((#1585));
#1587=IFCCARTESIANPOINT((0.288627732545138,-4.75875351107383E-05,3.31339339911938));
#1588=IFCCARTESIANPOINT((0.260903704911471,-4.75869782621992E-05,3.32658797502518));
#1589=IFCCARTESIANPOINT((0.225946504622698,-0.130509546808557,3.32658797503104));
#1590=IFCCARTESIANPOINT((0.249956224113703,-0.144371560625983,3.31339339912586));
#1591=IFCPOLYLOOP((#1587,#1588,#1589,#1590));
#1592=IFCFACEBOUND(#1591,.T.);
#1593=IFCFACE((#1592));
#1594=IFCCARTESIANPOINT((0.144303757697344,-0.250024027043123,3.29600028694799));
#1595=IFCCARTESIANPOINT((0.144303757697344,-0.250024027042342,3.31339339913061));
#1596=IFCCARTESIANPOINT((-2.02171504492377E-05,-0.288695535473777,3.31339339913234));
#1597=IFCCARTESIANPOINT((-2.02171504492377E-05,-0.288695535474557,3.29600028694972));
#1598=IFCPOLYLOOP((#1594,#1595,#1596,#1597));
#1599=IFCFACEBOUND(#1598,.T.);
#1600=IFCFACE((#1599));
#1601=IFCCARTESIANPOINT((-2.02171504492377E-05,-0.288695535474557,3.29600028694972));
#1602=IFCCARTESIANPOINT((-2.02171504492377E-05,-0.288695535473777,3.31339339913234));
#1603=IFCCARTESIANPOINT((-0.144344191998243,-0.250024027042342,3.31339339913061));
#1604=IFCCARTESIANPOINT((-0.144344191998243,-0.250024027043123,3.29600028694799));
#1605=IFCPOLYLOOP((#1601,#1602,#1603,#1604));
#1606=IFCFACEBOUND(#1605,.T.);
#1607=IFCFACE((#1606));
#1608=IFCCARTESIANPOINT((-0.144344191998243,-0.250024027043123,3.29600028694799));
#1609=IFCCARTESIANPOINT((-0.144344191998243,-0.250024027042342,3.31339339913061));
#1610=IFCCARTESIANPOINT((-0.249996658414602,-0.144371560625983,3.31339339912586));
#1611=IFCCARTESIANPOINT((-0.249996658414602,-0.144371560626764,3.29600028694324));
#1612=IFCPOLYLOOP((#1608,#1609,#1610,#1611));
#1613=IFCFACEBOUND(#1612,.T.);
#1614=IFCFACE((#1613));
#1615=IFCCARTESIANPOINT((-0.249996658414602,-0.144371560626764,3.29600028694324));
#1616=IFCCARTESIANPOINT((-0.249996658414602,-0.144371560625983,3.31339339912586));
#1617=IFCCARTESIANPOINT((-0.288668166846036,-4.75875351107383E-05,3.31339339911938));
#1618=IFCCARTESIANPOINT((-0.288668166846036,-4.75875358914404E-05,3.29600028693676));
#1619=IFCPOLYLOOP((#1615,#1616,#1617,#1618));
#1620=IFCFACEBOUND(#1619,.T.);
#1621=IFCFACE((#1620));
#1622=IFCCARTESIANPOINT((-2.02171504492377E-05,0.288600363916617,3.2960002869238));
#1623=IFCCARTESIANPOINT((-2.02171504492377E-05,0.288600363917397,3.31339339910642));
#1624=IFCCARTESIANPOINT((0.144303757697344,0.249928855485963,3.31339339910816));
#1625=IFCCARTESIANPOINT((0.144303757697344,0.249928855485182,3.29600028692554));
#1626=IFCPOLYLOOP((#1622,#1623,#1624,#1625));
#1627=IFCFACEBOUND(#1626,.T.);
#1628=IFCFACE((#1627));
#1629=IFCCARTESIANPOINT((-0.144344191998243,0.249928855485182,3.29600028692554));
#1630=IFCCARTESIANPOINT((-0.144344191998243,0.249928855485963,3.31339339910816));
#1631=IFCCARTESIANPOINT((-2.02171504492377E-05,0.288600363917397,3.31339339910642));
#1632=IFCCARTESIANPOINT((-2.02171504492377E-05,0.288600363916617,3.2960002869238));
#1633=IFCPOLYLOOP((#1629,#1630,#1631,#1632));
#1634=IFCFACEBOUND(#1633,.T.);
#1635=IFCFACE((#1634));
#1636=IFCCARTESIANPOINT((0.288627732545138,-4.75875358914404E-05,3.29600028693676));
#1637=IFCCARTESIANPOINT((0.288627732545138,-4.75875351107383E-05,3.31339339911938));
#1638=IFCCARTESIANPOINT((0.249956224113703,-0.144371560625983,3.31339339912586));
#1639=IFCCARTESIANPOINT((0.249956224113703,-0.144371560626764,3.29600028694324));
#1640=IFCPOLYLOOP((#1636,#1637,#1638,#1639));
#1641=IFCFACEBOUND(#1640,.T.);
#1642=IFCFACE((#1641));
#1643=IFCCARTESIANPOINT((0.249956224113703,-0.144371560626764,3.29600028694324));
#1644=IFCCARTESIANPOINT((0.249956224113703,-0.144371560625983,3.31339339912586));
#1645=IFCCARTESIANPOINT((0.144303757697344,-0.250024027042342,3.31339339913061));
#1646=IFCCARTESIANPOINT((0.144303757697344,-0.250024027043123,3.29600028694799));
#1647=IFCPOLYLOOP((#1643,#1644,#1645,#1646));
#1648=IFCFACEBOUND(#1647,.T.);
#1649=IFCFACE((#1648));
#1650=IFCCARTESIANPOINT((-2.02171504492377E-05,0.288600363917397,3.31339339910642));
#1651=IFCCARTESIANPOINT((-2.02169119698159E-05,0.260876336284323,3.32658797501346));
#1652=IFCCARTESIANPOINT((0.130441743880511,0.22591913599555,3.32658797501503));
#1653=IFCCARTESIANPOINT((0.144303757697344,0.249928855485963,3.31339339910816));
#1654=IFCPOLYLOOP((#1650,#1651,#1652,#1653));
#1655=IFCFACEBOUND(#1654,.T.);
#1656=IFCFACE((#1655));
#1657=IFCCARTESIANPOINT((-0.249996658414602,0.144276389069604,3.3133933991129));
#1658=IFCCARTESIANPOINT((-0.225986938923597,0.130414375253363,3.32658797501933));
#1659=IFCCARTESIANPOINT((-0.130482178181409,0.22591913599555,3.32658797501503));
#1660=IFCCARTESIANPOINT((-0.144344191998243,0.249928855485963,3.31339339910816));
#1661=IFCPOLYLOOP((#1657,#1658,#1659,#1660));
#1662=IFCFACEBOUND(#1661,.T.);
#1663=IFCFACE((#1662));
#1664=IFCCARTESIANPOINT((0.249956224113703,0.144276389068823,3.29600028693029));
#1665=IFCCARTESIANPOINT((0.249956224113703,0.144276389069604,3.3133933991129));
#1666=IFCCARTESIANPOINT((0.288627732545138,-4.75875351107383E-05,3.31339339911938));
#1667=IFCCARTESIANPOINT((0.288627732545138,-4.75875358914404E-05,3.29600028693676));
#1668=IFCPOLYLOOP((#1664,#1665,#1666,#1667));
#1669=IFCFACEBOUND(#1668,.T.);
#1670=IFCFACE((#1669));
#1671=IFCCARTESIANPOINT((0.144303757697344,0.249928855485963,3.31339339910816));
#1672=IFCCARTESIANPOINT((0.130441743880511,0.22591913599555,3.32658797501503));
#1673=IFCCARTESIANPOINT((0.225946504622698,0.130414375253363,3.32658797501933));
#1674=IFCCARTESIANPOINT((0.249956224113703,0.144276389069604,3.3133933991129));
#1675=IFCPOLYLOOP((#1671,#1672,#1673,#1674));
#1676=IFCFACEBOUND(#1675,.T.);
#1677=IFCFACE((#1676));
#1678=IFCCARTESIANPOINT((-0.144344191998243,0.249928855485963,3.31339339910816));
#1679=IFCCARTESIANPOINT((-0.130482178181409,0.22591913599555,3.32658797501503));
#1680=IFCCARTESIANPOINT((-2.02169119698159E-05,0.260876336284323,3.32658797501346));
#1681=IFCCARTESIANPOINT((-2.02171504492377E-05,0.288600363917397,3.31339339910642));
#1682=IFCPOLYLOOP((#1678,#1679,#1680,#1681));
#1683=IFCFACEBOUND(#1682,.T.);
#1684=IFCFACE((#1683));
#1685=IFCCARTESIANPOINT((0.249956224113703,-0.144371560625983,3.31339339912586));
#1686=IFCCARTESIANPOINT((0.225946504622698,-0.130509546808557,3.32658797503104));
#1687=IFCCARTESIANPOINT((0.130441743880511,-0.226014307550745,3.32658797503533));
#1688=IFCCARTESIANPOINT((0.144303757697344,-0.250024027042342,3.31339339913061));
#1689=IFCPOLYLOOP((#1685,#1686,#1687,#1688));
#1690=IFCFACEBOUND(#1689,.T.);
#1691=IFCFACE((#1690));
#1692=IFCCARTESIANPOINT((-0.144344191998243,-0.250024027042342,3.31339339913061));
#1693=IFCCARTESIANPOINT((-0.130482178181409,-0.226014307550745,3.32658797503533));
#1694=IFCCARTESIANPOINT((-0.225986938923597,-0.130509546808557,3.32658797503104));
#1695=IFCCARTESIANPOINT((-0.249996658414602,-0.144371560625983,3.31339339912586));
#1696=IFCPOLYLOOP((#1692,#1693,#1694,#1695));
#1697=IFCFACEBOUND(#1696,.T.);
#1698=IFCFACE((#1697));
#1699=IFCCARTESIANPOINT((-0.288668166846036,-4.75875351107383E-05,3.31339339911938));
#1700=IFCCARTESIANPOINT((-0.260944139212369,-4.75869782621992E-05,3.32658797502518));
#1701=IFCCARTESIANPOINT((-0.225986938923597,0.130414375253363,3.32658797501933));
#1702=IFCCARTESIANPOINT((-0.249996658414602,0.144276389069604,3.3133933991129));
#1703=IFCPOLYLOOP((#1699,#1700,#1701,#1702));
#1704=IFCFACEBOUND(#1703,.T.);
#1705=IFCFACE((#1704));
#1706=IFCCARTESIANPOINT((0.249956224113703,0.144276389069604,3.3133933991129));
#1707=IFCCARTESIANPOINT((0.225946504622698,0.130414375253363,3.32658797501933));
#1708=IFCCARTESIANPOINT((0.260903704911471,-4.75869782621992E-05,3.32658797502518));
#1709=IFCCARTESIANPOINT((0.288627732545138,-4.75875351107383E-05,3.31339339911938));
#1710=IFCPOLYLOOP((#1706,#1707,#1708,#1709));
#1711=IFCFACEBOUND(#1710,.T.);
#1712=IFCFACE((#1711));
#1713=IFCCARTESIANPOINT((0.144303757697344,-0.250024027042342,3.31339339913061));
#1714=IFCCARTESIANPOINT((0.130441743880511,-0.226014307550745,3.32658797503533));
#1715=IFCCARTESIANPOINT((-2.02169119698159E-05,-0.260971507839517,3.3265879750369));
#1716=IFCCARTESIANPOINT((-2.02171504492377E-05,-0.288695535473777,3.31339339913234));
#1717=IFCPOLYLOOP((#1713,#1714,#1715,#1716));
#1718=IFCFACEBOUND(#1717,.T.);
#1719=IFCFACE((#1718));
#1720=IFCCARTESIANPOINT((-0.249996658414602,-0.144371560625983,3.31339339912586));
#1721=IFCCARTESIANPOINT((-0.225986938923597,-0.130509546808557,3.32658797503104));
#1722=IFCCARTESIANPOINT((-0.260944139212369,-4.75869782621992E-05,3.32658797502518));
#1723=IFCCARTESIANPOINT((-0.288668166846036,-4.75875351107383E-05,3.31339339911938));
#1724=IFCPOLYLOOP((#1720,#1721,#1722,#1723));
#1725=IFCFACEBOUND(#1724,.T.);
#1726=IFCFACE((#1725));
#1727=IFCCARTESIANPOINT((-2.02171504492377E-05,-0.288695535473777,3.31339339913234));
#1728=IFCCARTESIANPOINT((-2.02169119698159E-05,-0.260971507839517,3.3265879750369));
#1729=IFCCARTESIANPOINT((-0.130482178181409,-0.226014307550745,3.32658797503533));
#1730=IFCCARTESIANPOINT((-0.144344191998243,-0.250024027042342,3.31339339913061));
#1731=IFCPOLYLOOP((#1727,#1728,#1729,#1730));
#1732=IFCFACEBOUND(#1731,.T.);
#1733=IFCFACE((#1732));
#1734=IFCCARTESIANPOINT((-2.02169119698159E-05,-0.260971507839517,3.3265879750369));
#1735=IFCCARTESIANPOINT((-2.02216514408295E-05,-0.0691998366632914,3.33258610964132));
#1736=IFCCARTESIANPOINT((-0.0345963500440115,-0.0599351887026286,3.33258610964091));
#1737=IFCCARTESIANPOINT((-0.130482178181409,-0.226014307550745,3.32658797503533));
#1738=IFCPOLYLOOP((#1734,#1735,#1736,#1737));
#1739=IFCFACEBOUND(#1738,.T.);
#1740=IFCFACE((#1739));
#1741=IFCCARTESIANPOINT((-0.0345963500440115,-0.0599351887026286,3.33258610964091));
#1742=IFCCARTESIANPOINT((-2.02216514408295E-05,-0.0691998366632914,3.33258610964132));
#1743=IFCCARTESIANPOINT((0.0345559008419519,-0.0599351887026286,3.33258610964091));
#1744=IFCCARTESIANPOINT((0.0598673708736902,-0.0346237112203097,3.33258610963977));
#1745=IFCCARTESIANPOINT((0.069132018834353,-4.75849564950351E-05,3.33258610963822));
#1746=IFCCARTESIANPOINT((0.0598673708736902,0.0345285396656537,3.33258610963666));
#1747=IFCCARTESIANPOINT((0.0345559008419519,0.0598400171479726,3.33258610963553));
#1748=IFCCARTESIANPOINT((-2.02216514408295E-05,0.0691046651086354,3.33258610963512));
#1749=IFCCARTESIANPOINT((-0.0345963500440115,0.0598400171479726,3.33258610963553));
#1750=IFCCARTESIANPOINT((-0.0599078349769111,0.0345285396656537,3.33258610963666));
#1751=IFCCARTESIANPOINT((-0.0691724829375739,-4.75849564950351E-05,3.33258610963822));
#1752=IFCCARTESIANPOINT((-0.0599078349769111,-0.0346237112203097,3.33258610963977));
#1753=IFCPOLYLOOP((#1741,#1742,#1743,#1744,#1745,#1746,#1747,#1748,#1749,#1750,#1751,#1752));
#1754=IFCFACEBOUND(#1753,.T.);
#1755=IFCFACE((#1754));
#1756=IFCCARTESIANPOINT((-0.225986938923597,0.130414375253363,3.32658797501933));
#1757=IFCCARTESIANPOINT((-0.0599078349769111,0.0345285396656537,3.33258610963666));
#1758=IFCCARTESIANPOINT((-0.0345963500440115,0.0598400171479726,3.33258610963553));
#1759=IFCCARTESIANPOINT((-0.130482178181409,0.22591913599555,3.32658797501503));
#1760=IFCPOLYLOOP((#1756,#1757,#1758,#1759));
#1761=IFCFACEBOUND(#1760,.T.);
#1762=IFCFACE((#1761));
#1763=IFCCARTESIANPOINT((0.260903704911471,-4.75869782621992E-05,3.32658797502518));
#1764=IFCCARTESIANPOINT((0.069132018834353,-4.75849564950351E-05,3.33258610963822));
#1765=IFCCARTESIANPOINT((0.0598673708736902,-0.0346237112203097,3.33258610963977));
#1766=IFCCARTESIANPOINT((0.225946504622698,-0.130509546808557,3.32658797503104));
#1767=IFCPOLYLOOP((#1763,#1764,#1765,#1766));
#1768=IFCFACEBOUND(#1767,.T.);
#1769=IFCFACE((#1768));
#1770=IFCCARTESIANPOINT((-0.130482178181409,0.22591913599555,3.32658797501503));
#1771=IFCCARTESIANPOINT((-0.0345963500440115,0.0598400171479726,3.33258610963553));
#1772=IFCCARTESIANPOINT((-2.02216514408295E-05,0.0691046651086354,3.33258610963512));
#1773=IFCCARTESIANPOINT((-2.02169119698159E-05,0.260876336284323,3.32658797501346));
#1774=IFCPOLYLOOP((#1770,#1771,#1772,#1773));
#1775=IFCFACEBOUND(#1774,.T.);
#1776=IFCFACE((#1775));
#1777=IFCCARTESIANPOINT((0.225946504622698,-0.130509546808557,3.32658797503104));
#1778=IFCCARTESIANPOINT((0.0598673708736902,-0.0346237112203097,3.33258610963977));
#1779=IFCCARTESIANPOINT((0.0345559008419519,-0.0599351887026286,3.33258610964091));
#1780=IFCCARTESIANPOINT((0.130441743880511,-0.226014307550745,3.32658797503533));
#1781=IFCPOLYLOOP((#1777,#1778,#1779,#1780));
#1782=IFCFACEBOUND(#1781,.T.);
#1783=IFCFACE((#1782));
#1784=IFCCARTESIANPOINT((-0.130482178181409,-0.226014307550745,3.32658797503533));
#1785=IFCCARTESIANPOINT((-0.0345963500440115,-0.0599351887026286,3.33258610964091));
#1786=IFCCARTESIANPOINT((-0.0599078349769111,-0.0346237112203097,3.33258610963977));
#1787=IFCCARTESIANPOINT((-0.225986938923597,-0.130509546808557,3.32658797503104));
#1788=IFCPOLYLOOP((#1784,#1785,#1786,#1787));
#1789=IFCFACEBOUND(#1788,.T.);
#1790=IFCFACE((#1789));
#1791=IFCCARTESIANPOINT((-2.02169119698159E-05,0.260876336284323,3.32658797501346));
#1792=IFCCARTESIANPOINT((-2.02216514408295E-05,0.0691046651086354,3.33258610963512));
#1793=IFCCARTESIANPOINT((0.0345559008419519,0.0598400171479726,3.33258610963553));
#1794=IFCCARTESIANPOINT((0.130441743880511,0.22591913599555,3.32658797501503));
#1795=IFCPOLYLOOP((#1791,#1792,#1793,#1794));
#1796=IFCFACEBOUND(#1795,.T.);
#1797=IFCFACE((#1796));
#1798=IFCCARTESIANPOINT((0.225946504622698,0.130414375253363,3.32658797501933));
#1799=IFCCARTESIANPOINT((0.0598673708736902,0.0345285396656537,3.33258610963666));
#1800=IFCCARTESIANPOINT((0.069132018834353,-4.75849564950351E-05,3.33258610963822));
#1801=IFCCARTESIANPOINT((0.260903704911471,-4.75869782621992E-05,3.32658797502518));
#1802=IFCPOLYLOOP((#1798,#1799,#1800,#1801));
#1803=IFCFACEBOUND(#1802,.T.);
#1804=IFCFACE((#1803));
#1805=IFCCARTESIANPOINT((0.130441743880511,-0.226014307550745,3.32658797503533));
#1806=IFCCARTESIANPOINT((0.0345559008419519,-0.0599351887026286,3.33258610964091));
#1807=IFCCARTESIANPOINT((-2.02216514408295E-05,-0.0691998366632914,3.33258610964132));
#1808=IFCCARTESIANPOINT((-2.02169119698159E-05,-0.260971507839517,3.3265879750369));
#1809=IFCPOLYLOOP((#1805,#1806,#1807,#1808));
#1810=IFCFACEBOUND(#1809,.T.);
#1811=IFCFACE((#1810));
#1812=IFCCARTESIANPOINT((-0.225986938923597,-0.130509546808557,3.32658797503104));
#1813=IFCCARTESIANPOINT((-0.0599078349769111,-0.0346237112203097,3.33258610963977));
#1814=IFCCARTESIANPOINT((-0.0691724829375739,-4.75849564950351E-05,3.33258610963822));
#1815=IFCCARTESIANPOINT((-0.260944139212369,-4.75869782621992E-05,3.32658797502518));
#1816=IFCPOLYLOOP((#1812,#1813,#1814,#1815));
#1817=IFCFACEBOUND(#1816,.T.);
#1818=IFCFACE((#1817));
#1819=IFCCARTESIANPOINT((0.130441743880511,0.22591913599555,3.32658797501503));
#1820=IFCCARTESIANPOINT((0.0345559008419519,0.0598400171479726,3.33258610963553));
#1821=IFCCARTESIANPOINT((0.0598673708736902,0.0345285396656537,3.33258610963666));
#1822=IFCCARTESIANPOINT((0.225946504622698,0.130414375253363,3.32658797501933));
#1823=IFCPOLYLOOP((#1819,#1820,#1821,#1822));
#1824=IFCFACEBOUND(#1823,.T.);
#1825=IFCFACE((#1824));
#1826=IFCCARTESIANPOINT((-0.260944139212369,-4.75869782621992E-05,3.32658797502518));
#1827=IFCCARTESIANPOINT((-0.0691724829375739,-4.75849564950351E-05,3.33258610963822));
#1828=IFCCARTESIANPOINT((-0.0599078349769111,0.0345285396656537,3.33258610963666));
#1829=IFCCARTESIANPOINT((-0.225986938923597,0.130414375253363,3.32658797501933));
#1830=IFCPOLYLOOP((#1826,#1827,#1828,#1829));
#1831=IFCFACEBOUND(#1830,.T.);
#1832=IFCFACE((#1831));
#1833=IFCCARTESIANPOINT((0.144303757697344,-0.250024027043123,3.29600028694799));
#1834=IFCCARTESIANPOINT((-2.02171504492377E-05,-0.288695535474557,3.29600028694972));
#1835=IFCCARTESIANPOINT((-0.144344191998243,-0.250024027043123,3.29600028694799));
#1836=IFCCARTESIANPOINT((-0.249996658414602,-0.144371560626764,3.29600028694324));
#1837=IFCCARTESIANPOINT((-0.288668166846036,-4.75875358914404E-05,3.29600028693676));
#1838=IFCCARTESIANPOINT((-0.249996658414602,0.144276389068823,3.29600028693029));
#1839=IFCCARTESIANPOINT((-0.144344191998243,0.249928855485182,3.29600028692554));
#1840=IFCCARTESIANPOINT((-2.02171504492377E-05,0.288600363916617,3.2960002869238));
#1841=IFCCARTESIANPOINT((0.144303757697344,0.249928855485182,3.29600028692554));
#1842=IFCCARTESIANPOINT((0.249956224113703,0.144276389068823,3.29600028693029));
#1843=IFCCARTESIANPOINT((0.288627732545138,-4.75875358914404E-05,3.29600028693676));
#1844=IFCCARTESIANPOINT((0.249956224113703,-0.144371560626764,3.29600028694324));
#1845=IFCPOLYLOOP((#1833,#1834,#1835,#1836,#1837,#1838,#1839,#1840,#1841,#1842,#1843,#1844));
#1846=IFCFACEBOUND(#1845,.T.);
#1847=IFCFACE((#1846));
#1848=IFCCLOSEDSHELL((#1414,#1421,#1428,#1435,#1442,#1449,#1456,#1463,#1470,#1477,#1497,#1504,#1511,#1518,#1525,#1532,#1539,#1546,#1553,#1565,#1572,#1579,#1586,#1593,#1600,#1607,#1614,#1621,#1628,#1635,#1642,#1649,#1656,#1663,#1670,#1677,#1684,#1691,#1698,#1705,#1712,#1719,#1726,#1733,#1740,#1755,#1762,#1769,#1776,#1783,#1790,#1797,#1804,#1811,#1818,#1825,#1832,#1847));
#1849=IFCFACETEDBREP(#1848);
#1850=IFCCARTESIANPOINT((-2.02171504497528E-05,0.288600363916617,3.2960002869238));
#1851=IFCCARTESIANPOINT((0.144303757697344,0.249928855485182,3.29600028692554));
#1852=IFCCARTESIANPOINT((0.0499797835946083,0.0865549530361313,3.09600009768813));
#1853=IFCCARTESIANPOINT((-2.02171504497528E-05,0.099952415702166,3.09600009768753));
#1854=IFCPOLYLOOP((#1850,#1851,#1852,#1853));
#1855=IFCFACEBOUND(#1854,.T.);
#1856=IFCFACE((#1855));
#1857=IFCCARTESIANPOINT((0.144303757697344,0.249928855485182,3.29600028692554));
#1858=IFCCARTESIANPOINT((0.249956224113703,0.144276389068823,3.29600028693028));
#1859=IFCCARTESIANPOINT((0.0865823216736317,0.049952414957108,3.09600009768977));
#1860=IFCCARTESIANPOINT((0.0499797835946083,0.0865549530361313,3.09600009768813));
#1861=IFCPOLYLOOP((#1857,#1858,#1859,#1860));
#1862=IFCFACEBOUND(#1861,.T.);
#1863=IFCFACE((#1862));
#1864=IFCCARTESIANPOINT((0.288627732545138,-4.75875358916283E-05,3.29600028693676));
#1865=IFCCARTESIANPOINT((0.249956224113703,-0.144371560626764,3.29600028694324));
#1866=IFCCARTESIANPOINT((0.0865823216736317,-0.0500475865330082,3.09600009769426));
#1867=IFCCARTESIANPOINT((0.0999797843396664,-4.75857879501241E-05,3.09600009769202));
#1868=IFCPOLYLOOP((#1864,#1865,#1866,#1867));
#1869=IFCFACEBOUND(#1868,.T.);
#1870=IFCFACE((#1869));
#1871=IFCCARTESIANPOINT((-2.02171504497528E-05,-0.288695535474558,3.29600028694972));
#1872=IFCCARTESIANPOINT((-0.144344191998243,-0.250024027043123,3.29600028694799));
#1873=IFCCARTESIANPOINT((-0.0500202178955079,-0.0866501246120316,3.0960000976959));
#1874=IFCCARTESIANPOINT((-2.02171504497528E-05,-0.100047587278066,3.09600009769651));
#1875=IFCPOLYLOOP((#1871,#1872,#1873,#1874));
#1876=IFCFACEBOUND(#1875,.T.);
#1877=IFCFACE((#1876));
#1878=IFCCARTESIANPOINT((-0.144344191998243,-0.250024027043123,3.29600028694799));
#1879=IFCCARTESIANPOINT((-0.249996658414602,-0.144371560626764,3.29600028694324));
#1880=IFCCARTESIANPOINT((-0.0866227559745312,-0.0500475865330082,3.09600009769426));
#1881=IFCCARTESIANPOINT((-0.0500202178955079,-0.0866501246120316,3.0960000976959));
#1882=IFCPOLYLOOP((#1878,#1879,#1880,#1881));
#1883=IFCFACEBOUND(#1882,.T.);
#1884=IFCFACE((#1883));
#1885=IFCCARTESIANPOINT((-0.249996658414602,-0.144371560626764,3.29600028694324));
#1886=IFCCARTESIANPOINT((-0.288668166846037,-4.75875358916283E-05,3.29600028693676));
#1887=IFCCARTESIANPOINT((-0.100020218640566,-4.75857879501241E-05,3.09600009769202));
#1888=IFCCARTESIANPOINT((-0.0866227559745312,-0.0500475865330082,3.09600009769426));
#1889=IFCPOLYLOOP((#1885,#1886,#1887,#1888));
#1890=IFCFACEBOUND(#1889,.T.);
#1891=IFCFACE((#1890));
#1892=IFCCARTESIANPOINT((-0.288668166846037,-4.75875358916283E-05,3.29600028693676));
#1893=IFCCARTESIANPOINT((-0.249996658414602,0.144276389068823,3.29600028693028));
#1894=IFCCARTESIANPOINT((-0.0866227559745312,0.049952414957108,3.09600009768977));
#1895=IFCCARTESIANPOINT((-0.100020218640566,-4.75857879501241E-05,3.09600009769202));
#1896=IFCPOLYLOOP((#1892,#1893,#1894,#1895));
#1897=IFCFACEBOUND(#1896,.T.);
#1898=IFCFACE((#1897));
#1899=IFCCARTESIANPOINT((-0.249996658414602,0.144276389068823,3.29600028693028));
#1900=IFCCARTESIANPOINT((-0.144344191998243,0.249928855485182,3.29600028692554));
#1901=IFCCARTESIANPOINT((-0.0500202178955079,0.0865549530361313,3.09600009768813));
#1902=IFCCARTESIANPOINT((-0.0866227559745312,0.049952414957108,3.09600009768977));
#1903=IFCPOLYLOOP((#1899,#1900,#1901,#1902));
#1904=IFCFACEBOUND(#1903,.T.);
#1905=IFCFACE((#1904));
#1906=IFCCARTESIANPOINT((-0.144344191998243,0.249928855485182,3.29600028692554));
#1907=IFCCARTESIANPOINT((-2.02171504497528E-05,0.288600363916617,3.2960002869238));
#1908=IFCCARTESIANPOINT((-2.02171504497528E-05,0.099952415702166,3.09600009768753));
#1909=IFCCARTESIANPOINT((-0.0500202178955079,0.0865549530361313,3.09600009768813));
#1910=IFCPOLYLOOP((#1906,#1907,#1908,#1909));
#1911=IFCFACEBOUND(#1910,.T.);
#1912=IFCFACE((#1911));
#1913=IFCCARTESIANPOINT((-2.02171504497528E-05,-0.100047587278066,3.09600009769651));
#1914=IFCCARTESIANPOINT((-0.0500202178955079,-0.0866501246120316,3.0960000976959));
#1915=IFCCARTESIANPOINT((-0.0866227559745312,-0.0500475865330082,3.09600009769426));
#1916=IFCCARTESIANPOINT((-0.100020218640566,-4.75857879501241E-05,3.09600009769202));
#1917=IFCCARTESIANPOINT((-0.0866227559745312,0.049952414957108,3.09600009768977));
#1918=IFCCARTESIANPOINT((-0.0500202178955079,0.0865549530361313,3.09600009768813));
#1919=IFCCARTESIANPOINT((-2.02171504497528E-05,0.099952415702166,3.09600009768753));
#1920=IFCCARTESIANPOINT((0.0499797835946083,0.0865549530361313,3.09600009768813));
#1921=IFCCARTESIANPOINT((0.0865823216736317,0.049952414957108,3.09600009768977));
#1922=IFCCARTESIANPOINT((0.0999797843396664,-4.75857879501241E-05,3.09600009769202));
#1923=IFCCARTESIANPOINT((0.0865823216736317,-0.0500475865330082,3.09600009769426));
#1924=IFCCARTESIANPOINT((0.0499797835946083,-0.0866501246120316,3.0960000976959));
#1925=IFCPOLYLOOP((#1913,#1914,#1915,#1916,#1917,#1918,#1919,#1920,#1921,#1922,#1923,#1924));
#1926=IFCFACEBOUND(#1925,.T.);
#1927=IFCFACE((#1926));
#1928=IFCCARTESIANPOINT((0.249956224113703,0.144276389068823,3.29600028693028));
#1929=IFCCARTESIANPOINT((0.288627732545138,-4.75875358916283E-05,3.29600028693676));
#1930=IFCCARTESIANPOINT((0.0999797843396664,-4.75857879501241E-05,3.09600009769202));
#1931=IFCCARTESIANPOINT((0.0865823216736317,0.049952414957108,3.09600009768977));
#1932=IFCPOLYLOOP((#1928,#1929,#1930,#1931));
#1933=IFCFACEBOUND(#1932,.T.);
#1934=IFCFACE((#1933));
#1935=IFCCARTESIANPOINT((0.144303757697344,-0.250024027043123,3.29600028694799));
#1936=IFCCARTESIANPOINT((0.249956224113703,-0.144371560626764,3.29600028694324));
#1937=IFCCARTESIANPOINT((0.288627732545138,-4.75875358916283E-05,3.29600028693676));
#1938=IFCCARTESIANPOINT((0.249956224113703,0.144276389068823,3.29600028693028));
#1939=IFCCARTESIANPOINT((0.144303757697344,0.249928855485182,3.29600028692554));
#1940=IFCCARTESIANPOINT((-2.02171504497528E-05,0.288600363916617,3.2960002869238));
#1941=IFCCARTESIANPOINT((-0.144344191998243,0.249928855485182,3.29600028692554));
#1942=IFCCARTESIANPOINT((-0.249996658414602,0.144276389068823,3.29600028693028));
#1943=IFCCARTESIANPOINT((-0.288668166846037,-4.75875358916283E-05,3.29600028693676));
#1944=IFCCARTESIANPOINT((-0.249996658414602,-0.144371560626764,3.29600028694324));
#1945=IFCCARTESIANPOINT((-0.144344191998243,-0.250024027043123,3.29600028694799));
#1946=IFCCARTESIANPOINT((-2.02171504497528E-05,-0.288695535474558,3.29600028694972));
#1947=IFCPOLYLOOP((#1935,#1936,#1937,#1938,#1939,#1940,#1941,#1942,#1943,#1944,#1945,#1946));
#1948=IFCFACEBOUND(#1947,.T.);
#1949=IFCFACE((#1948));
#1950=IFCCARTESIANPOINT((0.144303757697344,-0.250024027043123,3.29600028694799));
#1951=IFCCARTESIANPOINT((0.0499797835946083,-0.0866501246120316,3.0960000976959));
#1952=IFCCARTESIANPOINT((0.0865823216736317,-0.0500475865330082,3.09600009769426));
#1953=IFCCARTESIANPOINT((0.249956224113703,-0.144371560626764,3.29600028694324));
#1954=IFCPOLYLOOP((#1950,#1951,#1952,#1953));
#1955=IFCFACEBOUND(#1954,.T.);
#1956=IFCFACE((#1955));
#1957=IFCCARTESIANPOINT((0.0499797835946083,-0.0866501246120316,3.0960000976959));
#1958=IFCCARTESIANPOINT((0.144303757697344,-0.250024027043123,3.29600028694799));
#1959=IFCCARTESIANPOINT((-2.02171504497528E-05,-0.288695535474558,3.29600028694972));
#1960=IFCCARTESIANPOINT((-2.02171504497528E-05,-0.100047587278066,3.09600009769651));
#1961=IFCPOLYLOOP((#1957,#1958,#1959,#1960));
#1962=IFCFACEBOUND(#1961,.T.);
#1963=IFCFACE((#1962));
#1964=IFCCLOSEDSHELL((#1856,#1863,#1870,#1877,#1884,#1891,#1898,#1905,#1912,#1927,#1934,#1949,#1956,#1963));
#1965=IFCFACETEDBREP(#1964);
#1966=IFCCOLOURRGB($,0.219607843137255,0.219607843137255,0.219607843137255);
#1967=IFCSURFACESTYLERENDERING(#1966,0.,$,$,$,$,$,$,.NOTDEFINED.);
#1968=IFCSURFACESTYLE($,.BOTH.,(#1967));
#1969=IFCPRESENTATIONSTYLEASSIGNMENT((#1968));
#1970=IFCSTYLEDITEM(#1849,(#1969),$);
#1971=IFCCOLOURRGB($,0.8,0.8,0.8);
#1972=IFCSURFACESTYLERENDERING(#1971,0.,$,$,$,$,$,$,.NOTDEFINED.);
#1973=IFCSURFACESTYLE($,.BOTH.,(#1972));
#1974=IFCPRESENTATIONSTYLEASSIGNMENT((#1973));
#1975=IFCSTYLEDITEM(#1965,(#1974),$);
#1976=IFCSHAPEREPRESENTATION(#11,'Body','Brep',(#1849,#1965));
#1977=IFCREPRESENTATIONMAP(#9,#1976);
#1978=IFCBUILDINGELEMENTPROXYTYPE('2YVJMfqUv0d86Q9446q8RD',#5,'element',$,$,$,(#1977),$,$,.NOTDEFINED.);
#1979=IFCCARTESIANPOINT((261.026965987141,-56.1823771760683,0.));
#1980=IFCCARTESIANTRANSFORMATIONOPERATOR3D($,$,#1979,1.,$);
#1981=IFCMAPPEDITEM(#1977,#1980);
#1982=IFCSHAPEREPRESENTATION(#11,'Body','MappedRepresentation',(#1981));
#1983=IFCCARTESIANPOINT((0.,0.,0.));
#1984=IFCDIRECTION((0.,0.,1.));
#1985=IFCDIRECTION((1.,0.,0.));
#1986=IFCAXIS2PLACEMENT3D(#1983,#1984,#1985);
#1987=IFCLOCALPLACEMENT(#37,#1986);
#1988=IFCPRODUCTDEFINITIONSHAPE($,$,(#1982));
#1989=IFCBUILDINGELEMENTPROXY('2exhh$e_PFgABz44Bd1_gs',#5,'G0772.271e9f0b8a3540ceb9da414cde116099',$,$,#1987,#1988,$,$);
#1990=IFCPROPERTYSINGLEVALUE('hectometeraanduiding',$,IFCTEXT(''),$);
#1991=IFCPROPERTYSINGLEVALUE('plus-type',$,IFCTEXT('lichtmast'),$);
#1992=IFCPROPERTYSINGLEVALUE('subtype',$,IFCTEXT('2'),$);
#1993=IFCPROPERTYSINGLEVALUE('identificatie',$,IFCTEXT('G0772.271e9f0b8a3540ceb9da414cde116099'),$);
#1994=IFCPROPERTYSINGLEVALUE('bgt-status',$,IFCTEXT('bestaand'),$);
#1995=IFCPROPERTYSINGLEVALUE('objectBeginTijd',$,IFCTEXT('2011-10-18T22:00:00'),$);
#1996=IFCPROPERTYSINGLEVALUE('bronhouder',$,IFCTEXT('G0772'),$);
#1997=IFCPROPERTYSINGLEVALUE('inOnderzoek',$,IFCBOOLEAN(.F.),$);
#1998=IFCPROPERTYSINGLEVALUE('relatieveHoogteligging',$,IFCTEXT('0'),$);
#1999=IFCPROPERTYSINGLEVALUE('tijdstipRegistratie',$,IFCTEXT('2016-01-07T12:25:24'),$);
#2000=IFCPROPERTYSINGLEVALUE('LV-publicatiedatum',$,IFCTEXT('2016-04-05T11:55:43'),$);
#2001=IFCPROPERTYSINGLEVALUE('objecttype',$,IFCTEXT('paal_p'),$);
#2002=IFCPROPERTYSET('2iaSuQWSXEc9DSgMgkieLV',#5,'CPset_BGT',$,(#1990,#1991,#1992,#1993,#1994,#1995,#1996,#1997,#1998,#1999,#2000,#2001));
#2003=IFCRELDEFINESBYPROPERTIES('1XezfDdcXBP8WMeOCE51_h',#5,$,$,(#1989),#2002);
#2004=IFCCARTESIANPOINT((267.91175632627,-9.82089298946084,0.));
#2005=IFCCARTESIANTRANSFORMATIONOPERATOR3D($,$,#2004,1.,$);
#2006=IFCMAPPEDITEM(#1977,#2005);
#2007=IFCSHAPEREPRESENTATION(#11,'Body','MappedRepresentation',(#2006));
#2008=IFCCARTESIANPOINT((0.,0.,0.));
#2009=IFCDIRECTION((0.,0.,1.));
#2010=IFCDIRECTION((1.,0.,0.));
#2011=IFCAXIS2PLACEMENT3D(#2008,#2009,#2010);
#2012=IFCLOCALPLACEMENT(#37,#2011);
#2013=IFCPRODUCTDEFINITIONSHAPE($,$,(#2007));
#2014=IFCBUILDINGELEMENTPROXY('28kZpgPlr1gAAHgL_ek1Pr',#5,'G0772.30741dcb51554202b8b327bd4c84bf66',$,$,#2012,#2013,$,$);
#2015=IFCPROPERTYSINGLEVALUE('hectometeraanduiding',$,IFCTEXT(''),$);
#2016=IFCPROPERTYSINGLEVALUE('plus-type',$,IFCTEXT('lichtmast'),$);
#2017=IFCPROPERTYSINGLEVALUE('subtype',$,IFCTEXT('2'),$);
#2018=IFCPROPERTYSINGLEVALUE('identificatie',$,IFCTEXT('G0772.30741dcb51554202b8b327bd4c84bf66'),$);
#2019=IFCPROPERTYSINGLEVALUE('bgt-status',$,IFCTEXT('bestaand'),$);
#2020=IFCPROPERTYSINGLEVALUE('objectBeginTijd',$,IFCTEXT('2015-03-24T23:00:00'),$);
#2021=IFCPROPERTYSINGLEVALUE('bronhouder',$,IFCTEXT('G0772'),$);
#2022=IFCPROPERTYSINGLEVALUE('inOnderzoek',$,IFCBOOLEAN(.F.),$);
#2023=IFCPROPERTYSINGLEVALUE('relatieveHoogteligging',$,IFCTEXT('0'),$);
#2024=IFCPROPERTYSINGLEVALUE('tijdstipRegistratie',$,IFCTEXT('2016-01-07T12:25:24'),$);
#2025=IFCPROPERTYSINGLEVALUE('LV-publicatiedatum',$,IFCTEXT('2016-04-05T11:55:43'),$);
#2026=IFCPROPERTYSINGLEVALUE('objecttype',$,IFCTEXT('paal_p'),$);
#2027=IFCPROPERTYSET('3db0UI0iz5386$Bwnn4zqu',#5,'CPset_BGT',$,(#2015,#2016,#2017,#2018,#2019,#2020,#2021,#2022,#2023,#2024,#2025,#2026));
#2028=IFCRELDEFINESBYPROPERTIES('1TBbirVnb53P7SxF8fjzoP',#5,$,$,(#2014),#2027);
#2029=IFCCARTESIANPOINT((256.523651079304,-50.4873332919669,0.));
#2030=IFCCARTESIANTRANSFORMATIONOPERATOR3D($,$,#2029,1.,$);
#2031=IFCMAPPEDITEM(#1977,#2030);
#2032=IFCSHAPEREPRESENTATION(#11,'Body','MappedRepresentation',(#2031));
#2033=IFCCARTESIANPOINT((0.,0.,0.));
#2034=IFCDIRECTION((0.,0.,1.));
#2035=IFCDIRECTION((1.,0.,0.));
#2036=IFCAXIS2PLACEMENT3D(#2033,#2034,#2035);
#2037=IFCLOCALPLACEMENT(#37,#2036);
#2038=IFCPRODUCTDEFINITIONSHAPE($,$,(#2032));
#2039=IFCBUILDINGELEMENTPROXY('1n3E9qhLvDdQov5iPqKepZ',#5,'G0772.7310d70673834a30a3220f69f5759663',$,$,#2037,#2038,$,$);
#2040=IFCPROPERTYSINGLEVALUE('hectometeraanduiding',$,IFCTEXT(''),$);
#2041=IFCPROPERTYSINGLEVALUE('plus-type',$,IFCTEXT('lichtmast'),$);
#2042=IFCPROPERTYSINGLEVALUE('subtype',$,IFCTEXT('2'),$);
#2043=IFCPROPERTYSINGLEVALUE('identificatie',$,IFCTEXT('G0772.7310d70673834a30a3220f69f5759663'),$);
#2044=IFCPROPERTYSINGLEVALUE('bgt-status',$,IFCTEXT('bestaand'),$);
#2045=IFCPROPERTYSINGLEVALUE('objectBeginTijd',$,IFCTEXT('2014-03-13T23:00:00'),$);
#2046=IFCPROPERTYSINGLEVALUE('bronhouder',$,IFCTEXT('G0772'),$);
#2047=IFCPROPERTYSINGLEVALUE('inOnderzoek',$,IFCBOOLEAN(.F.),$);
#2048=IFCPROPERTYSINGLEVALUE('relatieveHoogteligging',$,IFCTEXT('0'),$);
#2049=IFCPROPERTYSINGLEVALUE('tijdstipRegistratie',$,IFCTEXT('2016-01-07T12:25:24'),$);
#2050=IFCPROPERTYSINGLEVALUE('LV-publicatiedatum',$,IFCTEXT('2016-04-05T11:55:43'),$);
#2051=IFCPROPERTYSINGLEVALUE('objecttype',$,IFCTEXT('paal_p'),$);
#2052=IFCPROPERTYSET('2d2__euR597wBue9v_Ofl0',#5,'CPset_BGT',$,(#2040,#2041,#2042,#2043,#2044,#2045,#2046,#2047,#2048,#2049,#2050,#2051));
#2053=IFCRELDEFINESBYPROPERTIES('08v0LIND9CWxC17WzEtaGC',#5,$,$,(#2039),#2052);
#2054=IFCCARTESIANPOINT((325.729961942096,52.8182918101666,0.));
#2055=IFCCARTESIANTRANSFORMATIONOPERATOR3D($,$,#2054,1.,$);
#2056=IFCMAPPEDITEM(#1977,#2055);
#2057=IFCSHAPEREPRESENTATION(#11,'Body','MappedRepresentation',(#2056));
#2058=IFCCARTESIANPOINT((0.,0.,0.));
#2059=IFCDIRECTION((0.,0.,1.));
#2060=IFCDIRECTION((1.,0.,0.));
#2061=IFCAXIS2PLACEMENT3D(#2058,#2059,#2060);
#2062=IFCLOCALPLACEMENT(#37,#2061);
#2063=IFCPRODUCTDEFINITIONSHAPE($,$,(#2057));
#2064=IFCBUILDINGELEMENTPROXY('1oGWj7vfv6MAWjYu3q$DwX',#5,'G0772.a3467a43b2d9453fa1133ad6b863de79',$,$,#2062,#2063,$,$);
#2065=IFCPROPERTYSINGLEVALUE('hectometeraanduiding',$,IFCTEXT(''),$);
#2066=IFCPROPERTYSINGLEVALUE('plus-type',$,IFCTEXT('lichtmast'),$);
#2067=IFCPROPERTYSINGLEVALUE('subtype',$,IFCTEXT('2'),$);
#2068=IFCPROPERTYSINGLEVALUE('identificatie',$,IFCTEXT('G0772.a3467a43b2d9453fa1133ad6b863de79'),$);
#2069=IFCPROPERTYSINGLEVALUE('bgt-status',$,IFCTEXT('bestaand'),$);
#2070=IFCPROPERTYSINGLEVALUE('objectBeginTijd',$,IFCTEXT('2006-09-25T22:00:00'),$);
#2071=IFCPROPERTYSINGLEVALUE('bronhouder',$,IFCTEXT('G0772'),$);
#2072=IFCPROPERTYSINGLEVALUE('inOnderzoek',$,IFCBOOLEAN(.F.),$);
#2073=IFCPROPERTYSINGLEVALUE('relatieveHoogteligging',$,IFCTEXT('0'),$);
#2074=IFCPROPERTYSINGLEVALUE('tijdstipRegistratie',$,IFCTEXT('2016-01-07T12:25:24'),$);
#2075=IFCPROPERTYSINGLEVALUE('LV-publicatiedatum',$,IFCTEXT('2016-04-05T11:55:43'),$);
#2076=IFCPROPERTYSINGLEVALUE('objecttype',$,IFCTEXT('paal_p'),$);
#2077=IFCPROPERTYSET('2OxsllRV976hWxMa38zdG7',#5,'CPset_BGT',$,(#2065,#2066,#2067,#2068,#2069,#2070,#2071,#2072,#2073,#2074,#2075,#2076));
#2078=IFCRELDEFINESBYPROPERTIES('0WU27GXAbAx93nVHEzusJp',#5,$,$,(#2064),#2077);
#2079=IFCCARTESIANPOINT((278.516543415113,-16.9005080073257,0.));
#2080=IFCCARTESIANTRANSFORMATIONOPERATOR3D($,$,#2079,1.,$);
#2081=IFCMAPPEDITEM(#1977,#2080);
#2082=IFCSHAPEREPRESENTATION(#11,'Body','MappedRepresentation',(#2081));
#2083=IFCCARTESIANPOINT((0.,0.,0.));
#2084=IFCDIRECTION((0.,0.,1.));
#2085=IFCDIRECTION((1.,0.,0.));
#2086=IFCAXIS2PLACEMENT3D(#2083,#2084,#2085);
#2087=IFCLOCALPLACEMENT(#37,#2086);
#2088=IFCPRODUCTDEFINITIONSHAPE($,$,(#2082));
#2089=IFCBUILDINGELEMENTPROXY('1YBrk8arn0IB8cDxpQRwGw',#5,'G0772.b09524a5d78d41d89303df425ae1e16a',$,$,#2087,#2088,$,$);
#2090=IFCPROPERTYSINGLEVALUE('hectometeraanduiding',$,IFCTEXT(''),$);
#2091=IFCPROPERTYSINGLEVALUE('plus-type',$,IFCTEXT('lichtmast'),$);
#2092=IFCPROPERTYSINGLEVALUE('subtype',$,IFCTEXT('2'),$);
#2093=IFCPROPERTYSINGLEVALUE('identificatie',$,IFCTEXT('G0772.b09524a5d78d41d89303df425ae1e16a'),$);
#2094=IFCPROPERTYSINGLEVALUE('bgt-status',$,IFCTEXT('bestaand'),$);
#2095=IFCPROPERTYSINGLEVALUE('objectBeginTijd',$,IFCTEXT('2006-09-25T22:00:00'),$);
#2096=IFCPROPERTYSINGLEVALUE('bronhouder',$,IFCTEXT('G0772'),$);
#2097=IFCPROPERTYSINGLEVALUE('inOnderzoek',$,IFCBOOLEAN(.F.),$);
#2098=IFCPROPERTYSINGLEVALUE('relatieveHoogteligging',$,IFCTEXT('0'),$);
#2099=IFCPROPERTYSINGLEVALUE('tijdstipRegistratie',$,IFCTEXT('2016-01-07T12:25:24'),$);
#2100=IFCPROPERTYSINGLEVALUE('LV-publicatiedatum',$,IFCTEXT('2016-04-05T11:55:43'),$);
#2101=IFCPROPERTYSINGLEVALUE('objecttype',$,IFCTEXT('paal_p'),$);
#2102=IFCPROPERTYSET('3e95YaVgj7guD1BcVY08vE',#5,'CPset_BGT',$,(#2090,#2091,#2092,#2093,#2094,#2095,#2096,#2097,#2098,#2099,#2100,#2101));
#2103=IFCRELDEFINESBYPROPERTIES('2W9hVupsn7AfC3OB2C2MqD',#5,$,$,(#2089),#2102);
#2104=IFCCARTESIANPOINT((310.58721542664,41.9870992180659,0.));
#2105=IFCCARTESIANTRANSFORMATIONOPERATOR3D($,$,#2104,1.,$);
#2106=IFCMAPPEDITEM(#1977,#2105);
#2107=IFCSHAPEREPRESENTATION(#11,'Body','MappedRepresentation',(#2106));
#2108=IFCCARTESIANPOINT((0.,0.,0.));
#2109=IFCDIRECTION((0.,0.,1.));
#2110=IFCDIRECTION((1.,0.,0.));
#2111=IFCAXIS2PLACEMENT3D(#2108,#2109,#2110);
#2112=IFCLOCALPLACEMENT(#37,#2111);
#2113=IFCPRODUCTDEFINITIONSHAPE($,$,(#2107));
#2114=IFCBUILDINGELEMENTPROXY('1wO9L11h17RuJa30F3hA02',#5,'G0772.c67758cb78ad45c2afe4b761dd9616ab',$,$,#2112,#2113,$,$);
#2115=IFCPROPERTYSINGLEVALUE('hectometeraanduiding',$,IFCTEXT(''),$);
#2116=IFCPROPERTYSINGLEVALUE('plus-type',$,IFCTEXT('lichtmast'),$);
#2117=IFCPROPERTYSINGLEVALUE('subtype',$,IFCTEXT('2'),$);
#2118=IFCPROPERTYSINGLEVALUE('identificatie',$,IFCTEXT('G0772.c67758cb78ad45c2afe4b761dd9616ab'),$);
#2119=IFCPROPERTYSINGLEVALUE('bgt-status',$,IFCTEXT('bestaand'),$);
#2120=IFCPROPERTYSINGLEVALUE('objectBeginTijd',$,IFCTEXT('2006-09-25T22:00:00'),$);
#2121=IFCPROPERTYSINGLEVALUE('bronhouder',$,IFCTEXT('G0772'),$);
#2122=IFCPROPERTYSINGLEVALUE('inOnderzoek',$,IFCBOOLEAN(.F.),$);
#2123=IFCPROPERTYSINGLEVALUE('relatieveHoogteligging',$,IFCTEXT('0'),$);
#2124=IFCPROPERTYSINGLEVALUE('tijdstipRegistratie',$,IFCTEXT('2016-01-07T12:25:24'),$);
#2125=IFCPROPERTYSINGLEVALUE('LV-publicatiedatum',$,IFCTEXT('2016-04-05T11:55:43'),$);
#2126=IFCPROPERTYSINGLEVALUE('objecttype',$,IFCTEXT('paal_p'),$);
#2127=IFCPROPERTYSET('32II25idX01hRY3nkvnEQV',#5,'CPset_BGT',$,(#2115,#2116,#2117,#2118,#2119,#2120,#2121,#2122,#2123,#2124,#2125,#2126));
#2128=IFCRELDEFINESBYPROPERTIES('2N_HuSTmP0UOm80bvasxZu',#5,$,$,(#2114),#2127);
#2129=IFCCARTESIANPOINT((274.259670736297,-48.7527409116738,0.));
#2130=IFCCARTESIANTRANSFORMATIONOPERATOR3D($,$,#2129,1.,$);
#2131=IFCMAPPEDITEM(#1977,#2130);
#2132=IFCSHAPEREPRESENTATION(#11,'Body','MappedRepresentation',(#2131));
#2133=IFCCARTESIANPOINT((0.,0.,0.));
#2134=IFCDIRECTION((0.,0.,1.));
#2135=IFCDIRECTION((1.,0.,0.));
#2136=IFCAXIS2PLACEMENT3D(#2133,#2134,#2135);
#2137=IFCLOCALPLACEMENT(#37,#2136);
#2138=IFCPRODUCTDEFINITIONSHAPE($,$,(#2132));
#2139=IFCBUILDINGELEMENTPROXY('1dcWOnly1CNOWuzwHxI0cY',#5,'G0772.08b0a8cb1a9c4578860e6e5c1dad0f7b',$,$,#2137,#2138,$,$);
#2140=IFCPROPERTYSINGLEVALUE('hectometeraanduiding',$,IFCTEXT(''),$);
#2141=IFCPROPERTYSINGLEVALUE('plus-type',$,IFCTEXT('lichtmast'),$);
#2142=IFCPROPERTYSINGLEVALUE('subtype',$,IFCTEXT('2'),$);
#2143=IFCPROPERTYSINGLEVALUE('identificatie',$,IFCTEXT('G0772.08b0a8cb1a9c4578860e6e5c1dad0f7b'),$);
#2144=IFCPROPERTYSINGLEVALUE('bgt-status',$,IFCTEXT('bestaand'),$);
#2145=IFCPROPERTYSINGLEVALUE('objectBeginTijd',$,IFCTEXT('2014-03-13T23:00:00'),$);
#2146=IFCPROPERTYSINGLEVALUE('bronhouder',$,IFCTEXT('G0772'),$);
#2147=IFCPROPERTYSINGLEVALUE('inOnderzoek',$,IFCBOOLEAN(.F.),$);
#2148=IFCPROPERTYSINGLEVALUE('relatieveHoogteligging',$,IFCTEXT('0'),$);
#2149=IFCPROPERTYSINGLEVALUE('tijdstipRegistratie',$,IFCTEXT('2016-01-07T12:25:24'),$);
#2150=IFCPROPERTYSINGLEVALUE('LV-publicatiedatum',$,IFCTEXT('2016-04-05T11:55:43'),$);
#2151=IFCPROPERTYSINGLEVALUE('objecttype',$,IFCTEXT('paal_p'),$);
#2152=IFCPROPERTYSET('3pLTLCXBjETeZKQmhTqRUh',#5,'CPset_BGT',$,(#2140,#2141,#2142,#2143,#2144,#2145,#2146,#2147,#2148,#2149,#2150,#2151));
#2153=IFCRELDEFINESBYPROPERTIES('3R5QEb$3TESBNYAGmb_Equ',#5,$,$,(#2139),#2152);
#2154=IFCCARTESIANPOINT((309.044886794494,21.2247486673295,0.));
#2155=IFCCARTESIANTRANSFORMATIONOPERATOR3D($,$,#2154,1.,$);
#2156=IFCMAPPEDITEM(#1977,#2155);
#2157=IFCSHAPEREPRESENTATION(#11,'Body','MappedRepresentation',(#2156));
#2158=IFCCARTESIANPOINT((0.,0.,0.));
#2159=IFCDIRECTION((0.,0.,1.));
#2160=IFCDIRECTION((1.,0.,0.));
#2161=IFCAXIS2PLACEMENT3D(#2158,#2159,#2160);
#2162=IFCLOCALPLACEMENT(#37,#2161);
#2163=IFCPRODUCTDEFINITIONSHAPE($,$,(#2157));
#2164=IFCBUILDINGELEMENTPROXY('1jq5$p5u58LBhAoz4ujIKs',#5,'G0772.38c04fa21e524b0e8ae347d9a6975235',$,$,#2162,#2163,$,$);
#2165=IFCPROPERTYSINGLEVALUE('hectometeraanduiding',$,IFCTEXT(''),$);
#2166=IFCPROPERTYSINGLEVALUE('plus-type',$,IFCTEXT('lichtmast'),$);
#2167=IFCPROPERTYSINGLEVALUE('subtype',$,IFCTEXT('2'),$);
#2168=IFCPROPERTYSINGLEVALUE('identificatie',$,IFCTEXT('G0772.38c04fa21e524b0e8ae347d9a6975235'),$);
#2169=IFCPROPERTYSINGLEVALUE('bgt-status',$,IFCTEXT('bestaand'),$);
#2170=IFCPROPERTYSINGLEVALUE('objectBeginTijd',$,IFCTEXT('2006-09-25T22:00:00'),$);
#2171=IFCPROPERTYSINGLEVALUE('bronhouder',$,IFCTEXT('G0772'),$);
#2172=IFCPROPERTYSINGLEVALUE('inOnderzoek',$,IFCBOOLEAN(.F.),$);
#2173=IFCPROPERTYSINGLEVALUE('relatieveHoogteligging',$,IFCTEXT('0'),$);
#2174=IFCPROPERTYSINGLEVALUE('tijdstipRegistratie',$,IFCTEXT('2016-01-07T12:25:24'),$);
#2175=IFCPROPERTYSINGLEVALUE('LV-publicatiedatum',$,IFCTEXT('2016-04-05T11:55:43'),$);
#2176=IFCPROPERTYSINGLEVALUE('objecttype',$,IFCTEXT('paal_p'),$);
#2177=IFCPROPERTYSET('1K_g6AQID1xRmCwplgAgAB',#5,'CPset_BGT',$,(#2165,#2166,#2167,#2168,#2169,#2170,#2171,#2172,#2173,#2174,#2175,#2176));
#2178=IFCRELDEFINESBYPROPERTIES('3yy1Diu7vDu9D2RzdCIcwR',#5,$,$,(#2164),#2177);
#2179=IFCCARTESIANPOINT((282.170942476019,14.3184717567055,0.));
#2180=IFCCARTESIANTRANSFORMATIONOPERATOR3D($,$,#2179,1.,$);
#2181=IFCMAPPEDITEM(#1977,#2180);
#2182=IFCSHAPEREPRESENTATION(#11,'Body','MappedRepresentation',(#2181));
#2183=IFCCARTESIANPOINT((0.,0.,0.));
#2184=IFCDIRECTION((0.,0.,1.));
#2185=IFCDIRECTION((1.,0.,0.));
#2186=IFCAXIS2PLACEMENT3D(#2183,#2184,#2185);
#2187=IFCLOCALPLACEMENT(#37,#2186);
#2188=IFCPRODUCTDEFINITIONSHAPE($,$,(#2182));
#2189=IFCBUILDINGELEMENTPROXY('1USm2aK9j0IfPRLgFTOexg',#5,'G0772.39d329adb9b746f8811ffc77baae867a',$,$,#2187,#2188,$,$);
#2190=IFCPROPERTYSINGLEVALUE('hectometeraanduiding',$,IFCTEXT(''),$);
#2191=IFCPROPERTYSINGLEVALUE('plus-type',$,IFCTEXT('lichtmast'),$);
#2192=IFCPROPERTYSINGLEVALUE('subtype',$,IFCTEXT('2'),$);
#2193=IFCPROPERTYSINGLEVALUE('identificatie',$,IFCTEXT('G0772.39d329adb9b746f8811ffc77baae867a'),$);
#2194=IFCPROPERTYSINGLEVALUE('bgt-status',$,IFCTEXT('bestaand'),$);
#2195=IFCPROPERTYSINGLEVALUE('objectBeginTijd',$,IFCTEXT('2006-09-25T22:00:00'),$);
#2196=IFCPROPERTYSINGLEVALUE('bronhouder',$,IFCTEXT('G0772'),$);
#2197=IFCPROPERTYSINGLEVALUE('inOnderzoek',$,IFCBOOLEAN(.F.),$);
#2198=IFCPROPERTYSINGLEVALUE('relatieveHoogteligging',$,IFCTEXT('0'),$);
#2199=IFCPROPERTYSINGLEVALUE('tijdstipRegistratie',$,IFCTEXT('2016-01-07T12:25:24'),$);
#2200=IFCPROPERTYSINGLEVALUE('LV-publicatiedatum',$,IFCTEXT('2016-04-05T11:55:43'),$);
#2201=IFCPROPERTYSINGLEVALUE('objecttype',$,IFCTEXT('paal_p'),$);
#2202=IFCPROPERTYSET('1ODtBalrnD$umWOSRbtPC5',#5,'CPset_BGT',$,(#2190,#2191,#2192,#2193,#2194,#2195,#2196,#2197,#2198,#2199,#2200,#2201));
#2203=IFCRELDEFINESBYPROPERTIES('1QOhBvT3LFVQ3u9KG8uXzY',#5,$,$,(#2189),#2202);
#2204=IFCCARTESIANPOINT((293.206986043253,2.13808985048672,0.));
#2205=IFCCARTESIANTRANSFORMATIONOPERATOR3D($,$,#2204,1.,$);
#2206=IFCMAPPEDITEM(#1977,#2205);
#2207=IFCSHAPEREPRESENTATION(#11,'Body','MappedRepresentation',(#2206));
#2208=IFCCARTESIANPOINT((0.,0.,0.));
#2209=IFCDIRECTION((0.,0.,1.));
#2210=IFCDIRECTION((1.,0.,0.));
#2211=IFCAXIS2PLACEMENT3D(#2208,#2209,#2210);
#2212=IFCLOCALPLACEMENT(#37,#2211);
#2213=IFCPRODUCTDEFINITIONSHAPE($,$,(#2207));
#2214=IFCBUILDINGELEMENTPROXY('0CHIoi_VH08vb$uHG0973t',#5,'G0772.434a62084bc2414d8d4ea409e53c296b',$,$,#2212,#2213,$,$);
#2215=IFCPROPERTYSINGLEVALUE('hectometeraanduiding',$,IFCTEXT(''),$);
#2216=IFCPROPERTYSINGLEVALUE('plus-type',$,IFCTEXT('lichtmast'),$);
#2217=IFCPROPERTYSINGLEVALUE('subtype',$,IFCTEXT('2'),$);
#2218=IFCPROPERTYSINGLEVALUE('identificatie',$,IFCTEXT('G0772.434a62084bc2414d8d4ea409e53c296b'),$);
#2219=IFCPROPERTYSINGLEVALUE('bgt-status',$,IFCTEXT('bestaand'),$);
#2220=IFCPROPERTYSINGLEVALUE('objectBeginTijd',$,IFCTEXT('2006-09-25T22:00:00'),$);
#2221=IFCPROPERTYSINGLEVALUE('bronhouder',$,IFCTEXT('G0772'),$);
#2222=IFCPROPERTYSINGLEVALUE('inOnderzoek',$,IFCBOOLEAN(.F.),$);
#2223=IFCPROPERTYSINGLEVALUE('relatieveHoogteligging',$,IFCTEXT('0'),$);
#2224=IFCPROPERTYSINGLEVALUE('tijdstipRegistratie',$,IFCTEXT('2016-01-07T12:25:24'),$);
#2225=IFCPROPERTYSINGLEVALUE('LV-publicatiedatum',$,IFCTEXT('2016-04-05T11:55:43'),$);
#2226=IFCPROPERTYSINGLEVALUE('objecttype',$,IFCTEXT('paal_p'),$);
#2227=IFCPROPERTYSET('0C3zDZpwjFqRYFMWcfgJ92',#5,'CPset_BGT',$,(#2215,#2216,#2217,#2218,#2219,#2220,#2221,#2222,#2223,#2224,#2225,#2226));
#2228=IFCRELDEFINESBYPROPERTIES('2OmMGxETjD_QHlK7UbVEyT',#5,$,$,(#2214),#2227);
#2229=IFCCARTESIANPOINT((297.147311264154,28.7376800194033,0.));
#2230=IFCCARTESIANTRANSFORMATIONOPERATOR3D($,$,#2229,1.,$);
#2231=IFCMAPPEDITEM(#1977,#2230);
#2232=IFCSHAPEREPRESENTATION(#11,'Body','MappedRepresentation',(#2231));
#2233=IFCCARTESIANPOINT((0.,0.,0.));
#2234=IFCDIRECTION((0.,0.,1.));
#2235=IFCDIRECTION((1.,0.,0.));
#2236=IFCAXIS2PLACEMENT3D(#2233,#2234,#2235);
#2237=IFCLOCALPLACEMENT(#37,#2236);
#2238=IFCPRODUCTDEFINITIONSHAPE($,$,(#2232));
#2239=IFCBUILDINGELEMENTPROXY('2zSlt_JkX0PP5gmArm9AaC',#5,'G0772.d870fdbe4d214d25b6535cf5a596893d',$,$,#2237,#2238,$,$);
#2240=IFCPROPERTYSINGLEVALUE('hectometeraanduiding',$,IFCTEXT(''),$);
#2241=IFCPROPERTYSINGLEVALUE('plus-type',$,IFCTEXT('lichtmast'),$);
#2242=IFCPROPERTYSINGLEVALUE('subtype',$,IFCTEXT('2'),$);
#2243=IFCPROPERTYSINGLEVALUE('identificatie',$,IFCTEXT('G0772.d870fdbe4d214d25b6535cf5a596893d'),$);
#2244=IFCPROPERTYSINGLEVALUE('bgt-status',$,IFCTEXT('bestaand'),$);
#2245=IFCPROPERTYSINGLEVALUE('objectBeginTijd',$,IFCTEXT('2006-09-25T22:00:00'),$);
#2246=IFCPROPERTYSINGLEVALUE('bronhouder',$,IFCTEXT('G0772'),$);
#2247=IFCPROPERTYSINGLEVALUE('inOnderzoek',$,IFCBOOLEAN(.F.),$);
#2248=IFCPROPERTYSINGLEVALUE('relatieveHoogteligging',$,IFCTEXT('0'),$);
#2249=IFCPROPERTYSINGLEVALUE('tijdstipRegistratie',$,IFCTEXT('2016-01-07T12:25:24'),$);
#2250=IFCPROPERTYSINGLEVALUE('LV-publicatiedatum',$,IFCTEXT('2016-04-05T11:55:43'),$);
#2251=IFCPROPERTYSINGLEVALUE('objecttype',$,IFCTEXT('paal_p'),$);
#2252=IFCPROPERTYSET('0b16dlvbr4yQP9AwGSsm2d',#5,'CPset_BGT',$,(#2240,#2241,#2242,#2243,#2244,#2245,#2246,#2247,#2248,#2249,#2250,#2251));
#2253=IFCRELDEFINESBYPROPERTIES('0sUAE5RRDEkgWbtYb19Ist',#5,$,$,(#2239),#2252);
#2254=IFCCARTESIANPOINT((153.698520989303,-190.469729295874,0.));
#2255=IFCCARTESIANTRANSFORMATIONOPERATOR3D($,$,#2254,1.,$);
#2256=IFCMAPPEDITEM(#1977,#2255);
#2257=IFCSHAPEREPRESENTATION(#11,'Body','MappedRepresentation',(#2256));
#2258=IFCCARTESIANPOINT((0.,0.,0.));
#2259=IFCDIRECTION((0.,0.,1.));
#2260=IFCDIRECTION((1.,0.,0.));
#2261=IFCAXIS2PLACEMENT3D(#2258,#2259,#2260);
#2262=IFCLOCALPLACEMENT(#37,#2261);
#2263=IFCPRODUCTDEFINITIONSHAPE($,$,(#2257));
#2264=IFCBUILDINGELEMENTPROXY('1EndgYcNz4WfpXUyU2ZC8L',#5,'G0772.2263a7afadc3485dbb2de843fcb97115',$,$,#2262,#2263,$,$);
#2265=IFCPROPERTYSINGLEVALUE('hectometeraanduiding',$,IFCTEXT(''),$);
#2266=IFCPROPERTYSINGLEVALUE('plus-type',$,IFCTEXT('lichtmast'),$);
#2267=IFCPROPERTYSINGLEVALUE('subtype',$,IFCTEXT('2'),$);
#2268=IFCPROPERTYSINGLEVALUE('identificatie',$,IFCTEXT('G0772.2263a7afadc3485dbb2de843fcb97115'),$);
#2269=IFCPROPERTYSINGLEVALUE('bgt-status',$,IFCTEXT('bestaand'),$);
#2270=IFCPROPERTYSINGLEVALUE('objectBeginTijd',$,IFCTEXT('2015-10-06T22:00:00'),$);
#2271=IFCPROPERTYSINGLEVALUE('bronhouder',$,IFCTEXT('G0772'),$);
#2272=IFCPROPERTYSINGLEVALUE('inOnderzoek',$,IFCBOOLEAN(.F.),$);
#2273=IFCPROPERTYSINGLEVALUE('relatieveHoogteligging',$,IFCTEXT('0'),$);
#2274=IFCPROPERTYSINGLEVALUE('tijdstipRegistratie',$,IFCTEXT('2016-09-09T06:55:17'),$);
#2275=IFCPROPERTYSINGLEVALUE('LV-publicatiedatum',$,IFCTEXT('2016-09-09T16:50:14'),$);
#2276=IFCPROPERTYSINGLEVALUE('objecttype',$,IFCTEXT('paal_p'),$);
#2277=IFCPROPERTYSET('3DIoaKeLn7ivrFankSArpb',#5,'CPset_BGT',$,(#2265,#2266,#2267,#2268,#2269,#2270,#2271,#2272,#2273,#2274,#2275,#2276));
#2278=IFCRELDEFINESBYPROPERTIES('33mOW_flj5weUo3rdj6zQw',#5,$,$,(#2264),#2277);
#2279=IFCCARTESIANPOINT((165.248407666717,-174.850904284336,0.));
#2280=IFCCARTESIANTRANSFORMATIONOPERATOR3D($,$,#2279,1.,$);
#2281=IFCMAPPEDITEM(#1977,#2280);
#2282=IFCSHAPEREPRESENTATION(#11,'Body','MappedRepresentation',(#2281));
#2283=IFCCARTESIANPOINT((0.,0.,0.));
#2284=IFCDIRECTION((0.,0.,1.));
#2285=IFCDIRECTION((1.,0.,0.));
#2286=IFCAXIS2PLACEMENT3D(#2283,#2284,#2285);
#2287=IFCLOCALPLACEMENT(#37,#2286);
#2288=IFCPRODUCTDEFINITIONSHAPE($,$,(#2282));
#2289=IFCBUILDINGELEMENTPROXY('1YvBCXJnT3TOpd6eS9wLhZ',#5,'G0772.2eeb9234fa194c8a9b040ca11ee89399',$,$,#2287,#2288,$,$);
#2290=IFCPROPERTYSINGLEVALUE('hectometeraanduiding',$,IFCTEXT(''),$);
#2291=IFCPROPERTYSINGLEVALUE('plus-type',$,IFCTEXT('lichtmast'),$);
#2292=IFCPROPERTYSINGLEVALUE('subtype',$,IFCTEXT('2'),$);
#2293=IFCPROPERTYSINGLEVALUE('identificatie',$,IFCTEXT('G0772.2eeb9234fa194c8a9b040ca11ee89399'),$);
#2294=IFCPROPERTYSINGLEVALUE('bgt-status',$,IFCTEXT('bestaand'),$);
#2295=IFCPROPERTYSINGLEVALUE('objectBeginTijd',$,IFCTEXT('2015-10-06T22:00:00'),$);
#2296=IFCPROPERTYSINGLEVALUE('bronhouder',$,IFCTEXT('G0772'),$);
#2297=IFCPROPERTYSINGLEVALUE('inOnderzoek',$,IFCBOOLEAN(.F.),$);
#2298=IFCPROPERTYSINGLEVALUE('relatieveHoogteligging',$,IFCTEXT('0'),$);
#2299=IFCPROPERTYSINGLEVALUE('tijdstipRegistratie',$,IFCTEXT('2016-09-09T06:55:17'),$);
#2300=IFCPROPERTYSINGLEVALUE('LV-publicatiedatum',$,IFCTEXT('2016-09-09T16:50:14'),$);
#2301=IFCPROPERTYSINGLEVALUE('objecttype',$,IFCTEXT('paal_p'),$);
#2302=IFCPROPERTYSET('3bseUNZRf0ueDzljdqu0pJ',#5,'CPset_BGT',$,(#2290,#2291,#2292,#2293,#2294,#2295,#2296,#2297,#2298,#2299,#2300,#2301));
#2303=IFCRELDEFINESBYPROPERTIES('3X_zE_wUv2lhFcEtqRLElG',#5,$,$,(#2289),#2302);
#2304=IFCCARTESIANPOINT((247.837222514267,-43.877477334172,0.));
#2305=IFCCARTESIANTRANSFORMATIONOPERATOR3D($,$,#2304,1.,$);
#2306=IFCMAPPEDITEM(#1977,#2305);
#2307=IFCSHAPEREPRESENTATION(#11,'Body','MappedRepresentation',(#2306));
#2308=IFCCARTESIANPOINT((0.,0.,0.));
#2309=IFCDIRECTION((0.,0.,1.));
#2310=IFCDIRECTION((1.,0.,0.));
#2311=IFCAXIS2PLACEMENT3D(#2308,#2309,#2310);
#2312=IFCLOCALPLACEMENT(#37,#2311);
#2313=IFCPRODUCTDEFINITIONSHAPE($,$,(#2307));
#2314=IFCBUILDINGELEMENTPROXY('08LMDaMGn5bBnVyioI3FCN',#5,'G0772.34a3db98ecad49359d64a5fa657d9c61',$,$,#2312,#2313,$,$);
#2315=IFCPROPERTYSINGLEVALUE('hectometeraanduiding',$,IFCTEXT(''),$);
#2316=IFCPROPERTYSINGLEVALUE('plus-type',$,IFCTEXT('lichtmast'),$);
#2317=IFCPROPERTYSINGLEVALUE('subtype',$,IFCTEXT('2'),$);
#2318=IFCPROPERTYSINGLEVALUE('identificatie',$,IFCTEXT('G0772.34a3db98ecad49359d64a5fa657d9c61'),$);
#2319=IFCPROPERTYSINGLEVALUE('bgt-status',$,IFCTEXT('bestaand'),$);
#2320=IFCPROPERTYSINGLEVALUE('objectBeginTijd',$,IFCTEXT('2015-10-06T22:00:00'),$);
#2321=IFCPROPERTYSINGLEVALUE('bronhouder',$,IFCTEXT('G0772'),$);
#2322=IFCPROPERTYSINGLEVALUE('inOnderzoek',$,IFCBOOLEAN(.F.),$);
#2323=IFCPROPERTYSINGLEVALUE('relatieveHoogteligging',$,IFCTEXT('0'),$);
#2324=IFCPROPERTYSINGLEVALUE('tijdstipRegistratie',$,IFCTEXT('2016-09-09T06:55:17'),$);
#2325=IFCPROPERTYSINGLEVALUE('LV-publicatiedatum',$,IFCTEXT('2016-09-09T16:50:14'),$);
#2326=IFCPROPERTYSINGLEVALUE('objecttype',$,IFCTEXT('paal_p'),$);
#2327=IFCPROPERTYSET('3Ov_7$rm9A$OzEC9Vkgv6d',#5,'CPset_BGT',$,(#2315,#2316,#2317,#2318,#2319,#2320,#2321,#2322,#2323,#2324,#2325,#2326));
#2328=IFCRELDEFINESBYPROPERTIES('3hMQGeo7T7Tf0mDxfyBc9k',#5,$,$,(#2314),#2327);
#2329=IFCCARTESIANPOINT((122.86835470263,-174.835132027918,0.));
#2330=IFCCARTESIANTRANSFORMATIONOPERATOR3D($,$,#2329,1.,$);
#2331=IFCMAPPEDITEM(#1977,#2330);
#2332=IFCSHAPEREPRESENTATION(#11,'Body','MappedRepresentation',(#2331));
#2333=IFCCARTESIANPOINT((0.,0.,0.));
#2334=IFCDIRECTION((0.,0.,1.));
#2335=IFCDIRECTION((1.,0.,0.));
#2336=IFCAXIS2PLACEMENT3D(#2333,#2334,#2335);
#2337=IFCLOCALPLACEMENT(#37,#2336);
#2338=IFCPRODUCTDEFINITIONSHAPE($,$,(#2332));
#2339=IFCBUILDINGELEMENTPROXY('2JUAxeFnX60QtkHtgHzsVi',#5,'G0772.76ae19043ee94e43ba8c82cd0091030a',$,$,#2337,#2338,$,$);
#2340=IFCPROPERTYSINGLEVALUE('hectometeraanduiding',$,IFCTEXT(''),$);
#2341=IFCPROPERTYSINGLEVALUE('plus-type',$,IFCTEXT('lichtmast'),$);
#2342=IFCPROPERTYSINGLEVALUE('subtype',$,IFCTEXT('2'),$);
#2343=IFCPROPERTYSINGLEVALUE('identificatie',$,IFCTEXT('G0772.76ae19043ee94e43ba8c82cd0091030a'),$);
#2344=IFCPROPERTYSINGLEVALUE('bgt-status',$,IFCTEXT('bestaand'),$);
#2345=IFCPROPERTYSINGLEVALUE('objectBeginTijd',$,IFCTEXT('2023-12-28T23:00:00'),$);
#2346=IFCPROPERTYSINGLEVALUE('bronhouder',$,IFCTEXT('G0772'),$);
#2347=IFCPROPERTYSINGLEVALUE('inOnderzoek',$,IFCBOOLEAN(.F.),$);
#2348=IFCPROPERTYSINGLEVALUE('relatieveHoogteligging',$,IFCTEXT('0'),$);
#2349=IFCPROPERTYSINGLEVALUE('tijdstipRegistratie',$,IFCTEXT('2024-02-05T09:01:29'),$);
#2350=IFCPROPERTYSINGLEVALUE('LV-publicatiedatum',$,IFCTEXT('2024-02-05T09:09:27'),$);
#2351=IFCPROPERTYSINGLEVALUE('objecttype',$,IFCTEXT('paal_p'),$);
#2352=IFCPROPERTYSET('0lbnDpkBz5ORR3bUbxmahX',#5,'CPset_BGT',$,(#2340,#2341,#2342,#2343,#2344,#2345,#2346,#2347,#2348,#2349,#2350,#2351));
#2353=IFCRELDEFINESBYPROPERTIES('0uHLHtRXfDa8tGJDWuqN6o',#5,$,$,(#2339),#2352);
#2354=IFCCARTESIANPOINT((133.098597123928,-230.731785201409,0.));
#2355=IFCCARTESIANTRANSFORMATIONOPERATOR3D($,$,#2354,1.,$);
#2356=IFCMAPPEDITEM(#1977,#2355);
#2357=IFCSHAPEREPRESENTATION(#11,'Body','MappedRepresentation',(#2356));
#2358=IFCCARTESIANPOINT((0.,0.,0.));
#2359=IFCDIRECTION((0.,0.,1.));
#2360=IFCDIRECTION((1.,0.,0.));
#2361=IFCAXIS2PLACEMENT3D(#2358,#2359,#2360);
#2362=IFCLOCALPLACEMENT(#37,#2361);
#2363=IFCPRODUCTDEFINITIONSHAPE($,$,(#2357));
#2364=IFCBUILDINGELEMENTPROXY('0G1n$7IQvAaxKJd_OZmB7h',#5,'G0772.fe20ec96f6004a6d9d5cda9a03221761',$,$,#2362,#2363,$,$);
#2365=IFCPROPERTYSINGLEVALUE('hectometeraanduiding',$,IFCTEXT(''),$);
#2366=IFCPROPERTYSINGLEVALUE('plus-type',$,IFCTEXT('lichtmast'),$);
#2367=IFCPROPERTYSINGLEVALUE('subtype',$,IFCTEXT('2'),$);
#2368=IFCPROPERTYSINGLEVALUE('identificatie',$,IFCTEXT('G0772.fe20ec96f6004a6d9d5cda9a03221761'),$);
#2369=IFCPROPERTYSINGLEVALUE('bgt-status',$,IFCTEXT('bestaand'),$);
#2370=IFCPROPERTYSINGLEVALUE('objectBeginTijd',$,IFCTEXT('2014-03-13T23:00:00'),$);
#2371=IFCPROPERTYSINGLEVALUE('bronhouder',$,IFCTEXT('G0772'),$);
#2372=IFCPROPERTYSINGLEVALUE('inOnderzoek',$,IFCBOOLEAN(.F.),$);
#2373=IFCPROPERTYSINGLEVALUE('relatieveHoogteligging',$,IFCTEXT('0'),$);
#2374=IFCPROPERTYSINGLEVALUE('tijdstipRegistratie',$,IFCTEXT('2016-01-07T12:25:24'),$);
#2375=IFCPROPERTYSINGLEVALUE('LV-publicatiedatum',$,IFCTEXT('2016-04-05T11:55:43'),$);
#2376=IFCPROPERTYSINGLEVALUE('objecttype',$,IFCTEXT('paal_p'),$);
#2377=IFCPROPERTYSET('12hFeE9vj6xhCqvbrJ4HV2',#5,'CPset_BGT',$,(#2365,#2366,#2367,#2368,#2369,#2370,#2371,#2372,#2373,#2374,#2375,#2376));
#2378=IFCRELDEFINESBYPROPERTIES('0AnvFYaUD9xgVZkzhf0CZT',#5,$,$,(#2364),#2377);
#2379=IFCCARTESIANPOINT((98.6545160345268,-213.119014837139,0.));
#2380=IFCCARTESIANTRANSFORMATIONOPERATOR3D($,$,#2379,1.,$);
#2381=IFCMAPPEDITEM(#1977,#2380);
#2382=IFCSHAPEREPRESENTATION(#11,'Body','MappedRepresentation',(#2381));
#2383=IFCCARTESIANPOINT((0.,0.,0.));
#2384=IFCDIRECTION((0.,0.,1.));
#2385=IFCDIRECTION((1.,0.,0.));
#2386=IFCAXIS2PLACEMENT3D(#2383,#2384,#2385);
#2387=IFCLOCALPLACEMENT(#37,#2386);
#2388=IFCPRODUCTDEFINITIONSHAPE($,$,(#2382));
#2389=IFCBUILDINGELEMENTPROXY('2aNCR4InrFtgaK3T4U9rLw',#5,'G0772.7a124355504b4f0590f4bf6336e1c755',$,$,#2387,#2388,$,$);
#2390=IFCPROPERTYSINGLEVALUE('hectometeraanduiding',$,IFCTEXT(''),$);
#2391=IFCPROPERTYSINGLEVALUE('plus-type',$,IFCTEXT('lichtmast'),$);
#2392=IFCPROPERTYSINGLEVALUE('subtype',$,IFCTEXT('2'),$);
#2393=IFCPROPERTYSINGLEVALUE('identificatie',$,IFCTEXT('G0772.7a124355504b4f0590f4bf6336e1c755'),$);
#2394=IFCPROPERTYSINGLEVALUE('bgt-status',$,IFCTEXT('bestaand'),$);
#2395=IFCPROPERTYSINGLEVALUE('objectBeginTijd',$,IFCTEXT('2015-10-06T22:00:00'),$);
#2396=IFCPROPERTYSINGLEVALUE('bronhouder',$,IFCTEXT('G0772'),$);
#2397=IFCPROPERTYSINGLEVALUE('inOnderzoek',$,IFCBOOLEAN(.F.),$);
#2398=IFCPROPERTYSINGLEVALUE('relatieveHoogteligging',$,IFCTEXT('0'),$);
#2399=IFCPROPERTYSINGLEVALUE('tijdstipRegistratie',$,IFCTEXT('2016-09-09T06:55:17'),$);
#2400=IFCPROPERTYSINGLEVALUE('LV-publicatiedatum',$,IFCTEXT('2016-09-09T16:50:14'),$);
#2401=IFCPROPERTYSINGLEVALUE('objecttype',$,IFCTEXT('paal_p'),$);
#2402=IFCPROPERTYSET('2$vvapwJTBwhzC8GWkrXoj',#5,'CPset_BGT',$,(#2390,#2391,#2392,#2393,#2394,#2395,#2396,#2397,#2398,#2399,#2400,#2401));
#2403=IFCRELDEFINESBYPROPERTIES('3GrH$7hGj5FfSiU$nDqnuc',#5,$,$,(#2389),#2402);
#2404=IFCCARTESIANPOINT((27.7451657933125,-148.782555730548,0.));
#2405=IFCCARTESIANTRANSFORMATIONOPERATOR3D($,$,#2404,1.,$);
#2406=IFCMAPPEDITEM(#1977,#2405);
#2407=IFCSHAPEREPRESENTATION(#11,'Body','MappedRepresentation',(#2406));
#2408=IFCCARTESIANPOINT((0.,0.,0.));
#2409=IFCDIRECTION((0.,0.,1.));
#2410=IFCDIRECTION((1.,0.,0.));
#2411=IFCAXIS2PLACEMENT3D(#2408,#2409,#2410);
#2412=IFCLOCALPLACEMENT(#37,#2411);
#2413=IFCPRODUCTDEFINITIONSHAPE($,$,(#2407));
#2414=IFCBUILDINGELEMENTPROXY('23XQxpMwLDTBceriYg5ELS',#5,'G0772.0ccbd87dd8ed436d86eb02a59ada8e11',$,$,#2412,#2413,$,$);
#2415=IFCPROPERTYSINGLEVALUE('hectometeraanduiding',$,IFCTEXT(''),$);
#2416=IFCPROPERTYSINGLEVALUE('plus-type',$,IFCTEXT('lichtmast'),$);
#2417=IFCPROPERTYSINGLEVALUE('subtype',$,IFCTEXT('2'),$);
#2418=IFCPROPERTYSINGLEVALUE('identificatie',$,IFCTEXT('G0772.0ccbd87dd8ed436d86eb02a59ada8e11'),$);
#2419=IFCPROPERTYSINGLEVALUE('bgt-status',$,IFCTEXT('bestaand'),$);
#2420=IFCPROPERTYSINGLEVALUE('objectBeginTijd',$,IFCTEXT('2015-04-06T22:00:00'),$);
#2421=IFCPROPERTYSINGLEVALUE('bronhouder',$,IFCTEXT('G0772'),$);
#2422=IFCPROPERTYSINGLEVALUE('inOnderzoek',$,IFCBOOLEAN(.F.),$);
#2423=IFCPROPERTYSINGLEVALUE('relatieveHoogteligging',$,IFCTEXT('0'),$);
#2424=IFCPROPERTYSINGLEVALUE('tijdstipRegistratie',$,IFCTEXT('2016-01-07T12:25:24'),$);
#2425=IFCPROPERTYSINGLEVALUE('LV-publicatiedatum',$,IFCTEXT('2016-04-05T11:55:43'),$);
#2426=IFCPROPERTYSINGLEVALUE('objecttype',$,IFCTEXT('paal_p'),$);
#2427=IFCPROPERTYSET('0M3EOBrhr8we0E$dl61kgw',#5,'CPset_BGT',$,(#2415,#2416,#2417,#2418,#2419,#2420,#2421,#2422,#2423,#2424,#2425,#2426));
#2428=IFCRELDEFINESBYPROPERTIES('2r6BPbeAvF4RlTZ90JYbif',#5,$,$,(#2414),#2427);
#2429=IFCCARTESIANPOINT((-113.600047879474,-6.3154119051178,0.));
#2430=IFCCARTESIANTRANSFORMATIONOPERATOR3D($,$,#2429,1.,$);
#2431=IFCMAPPEDITEM(#1977,#2430);
#2432=IFCSHAPEREPRESENTATION(#11,'Body','MappedRepresentation',(#2431));
#2433=IFCCARTESIANPOINT((0.,0.,0.));
#2434=IFCDIRECTION((0.,0.,1.));
#2435=IFCDIRECTION((1.,0.,0.));
#2436=IFCAXIS2PLACEMENT3D(#2433,#2434,#2435);
#2437=IFCLOCALPLACEMENT(#37,#2436);
#2438=IFCPRODUCTDEFINITIONSHAPE($,$,(#2432));
#2439=IFCBUILDINGELEMENTPROXY('0BhzCTYCz1Nf$ZeUSxXd1e',#5,'G0772.1322a3cb4eac41f5b67aa36ec23c3680',$,$,#2437,#2438,$,$);
#2440=IFCPROPERTYSINGLEVALUE('hectometeraanduiding',$,IFCTEXT(''),$);
#2441=IFCPROPERTYSINGLEVALUE('plus-type',$,IFCTEXT('lichtmast'),$);
#2442=IFCPROPERTYSINGLEVALUE('subtype',$,IFCTEXT('2'),$);
#2443=IFCPROPERTYSINGLEVALUE('identificatie',$,IFCTEXT('G0772.1322a3cb4eac41f5b67aa36ec23c3680'),$);
#2444=IFCPROPERTYSINGLEVALUE('bgt-status',$,IFCTEXT('bestaand'),$);
#2445=IFCPROPERTYSINGLEVALUE('objectBeginTijd',$,IFCTEXT('2011-10-03T22:00:00'),$);
#2446=IFCPROPERTYSINGLEVALUE('bronhouder',$,IFCTEXT('G0772'),$);
#2447=IFCPROPERTYSINGLEVALUE('inOnderzoek',$,IFCBOOLEAN(.F.),$);
#2448=IFCPROPERTYSINGLEVALUE('relatieveHoogteligging',$,IFCTEXT('0'),$);
#2449=IFCPROPERTYSINGLEVALUE('tijdstipRegistratie',$,IFCTEXT('2016-01-07T12:25:24'),$);
#2450=IFCPROPERTYSINGLEVALUE('LV-publicatiedatum',$,IFCTEXT('2016-04-05T11:55:43'),$);
#2451=IFCPROPERTYSINGLEVALUE('objecttype',$,IFCTEXT('paal_p'),$);
#2452=IFCPROPERTYSET('0Jj491BZn26Ry0p0IwKZP1',#5,'CPset_BGT',$,(#2440,#2441,#2442,#2443,#2444,#2445,#2446,#2447,#2448,#2449,#2450,#2451));
#2453=IFCRELDEFINESBYPROPERTIES('2Jq$dswVHEqgfOps6kQNp$',#5,$,$,(#2439),#2452);
#2454=IFCCARTESIANPOINT((-2.50322934557335,-115.816636229923,0.));
#2455=IFCCARTESIANTRANSFORMATIONOPERATOR3D($,$,#2454,1.,$);
#2456=IFCMAPPEDITEM(#1977,#2455);
#2457=IFCSHAPEREPRESENTATION(#11,'Body','MappedRepresentation',(#2456));
#2458=IFCCARTESIANPOINT((0.,0.,0.));
#2459=IFCDIRECTION((0.,0.,1.));
#2460=IFCDIRECTION((1.,0.,0.));
#2461=IFCAXIS2PLACEMENT3D(#2458,#2459,#2460);
#2462=IFCLOCALPLACEMENT(#37,#2461);
#2463=IFCPRODUCTDEFINITIONSHAPE($,$,(#2457));
#2464=IFCBUILDINGELEMENTPROXY('26yb4K1WLDSg$a2ZhgPMau',#5,'G0772.1542faa475464ba2b02400c21f30bac8',$,$,#2462,#2463,$,$);
#2465=IFCPROPERTYSINGLEVALUE('hectometeraanduiding',$,IFCTEXT(''),$);
#2466=IFCPROPERTYSINGLEVALUE('plus-type',$,IFCTEXT('lichtmast'),$);
#2467=IFCPROPERTYSINGLEVALUE('subtype',$,IFCTEXT('2'),$);
#2468=IFCPROPERTYSINGLEVALUE('identificatie',$,IFCTEXT('G0772.1542faa475464ba2b02400c21f30bac8'),$);
#2469=IFCPROPERTYSINGLEVALUE('bgt-status',$,IFCTEXT('bestaand'),$);
#2470=IFCPROPERTYSINGLEVALUE('objectBeginTijd',$,IFCTEXT('2015-04-06T22:00:00'),$);
#2471=IFCPROPERTYSINGLEVALUE('bronhouder',$,IFCTEXT('G0772'),$);
#2472=IFCPROPERTYSINGLEVALUE('inOnderzoek',$,IFCBOOLEAN(.F.),$);
#2473=IFCPROPERTYSINGLEVALUE('relatieveHoogteligging',$,IFCTEXT('0'),$);
#2474=IFCPROPERTYSINGLEVALUE('tijdstipRegistratie',$,IFCTEXT('2016-01-07T12:25:24'),$);
#2475=IFCPROPERTYSINGLEVALUE('LV-publicatiedatum',$,IFCTEXT('2016-04-05T11:55:43'),$);
#2476=IFCPROPERTYSINGLEVALUE('objecttype',$,IFCTEXT('paal_p'),$);
#2477=IFCPROPERTYSET('2xU5WOyDL1uuB88_cCjkGG',#5,'CPset_BGT',$,(#2465,#2466,#2467,#2468,#2469,#2470,#2471,#2472,#2473,#2474,#2475,#2476));
#2478=IFCRELDEFINESBYPROPERTIES('2m3WcNQcTBl9mynYOEPg8$',#5,$,$,(#2464),#2477);
#2479=IFCCARTESIANPOINT((-1.66494607154164,-117.173287309823,0.));
#2480=IFCCARTESIANTRANSFORMATIONOPERATOR3D($,$,#2479,1.,$);
#2481=IFCMAPPEDITEM(#1977,#2480);
#2482=IFCSHAPEREPRESENTATION(#11,'Body','MappedRepresentation',(#2481));
#2483=IFCCARTESIANPOINT((0.,0.,0.));
#2484=IFCDIRECTION((0.,0.,1.));
#2485=IFCDIRECTION((1.,0.,0.));
#2486=IFCAXIS2PLACEMENT3D(#2483,#2484,#2485);
#2487=IFCLOCALPLACEMENT(#37,#2486);
#2488=IFCPRODUCTDEFINITIONSHAPE($,$,(#2482));
#2489=IFCBUILDINGELEMENTPROXY('0EWo$5E0zD28SEL5PsfQ$E',#5,'G0772.16ee64fcbad64d00acfa7a8ad96e66cf',$,$,#2487,#2488,$,$);
#2490=IFCPROPERTYSINGLEVALUE('hectometeraanduiding',$,IFCTEXT(''),$);
#2491=IFCPROPERTYSINGLEVALUE('plus-type',$,IFCTEXT('lichtmast'),$);
#2492=IFCPROPERTYSINGLEVALUE('subtype',$,IFCTEXT('2'),$);
#2493=IFCPROPERTYSINGLEVALUE('identificatie',$,IFCTEXT('G0772.16ee64fcbad64d00acfa7a8ad96e66cf'),$);
#2494=IFCPROPERTYSINGLEVALUE('bgt-status',$,IFCTEXT('bestaand'),$);
#2495=IFCPROPERTYSINGLEVALUE('objectBeginTijd',$,IFCTEXT('2012-10-10T22:00:00'),$);
#2496=IFCPROPERTYSINGLEVALUE('bronhouder',$,IFCTEXT('G0772'),$);
#2497=IFCPROPERTYSINGLEVALUE('inOnderzoek',$,IFCBOOLEAN(.F.),$);
#2498=IFCPROPERTYSINGLEVALUE('relatieveHoogteligging',$,IFCTEXT('0'),$);
#2499=IFCPROPERTYSINGLEVALUE('tijdstipRegistratie',$,IFCTEXT('2016-01-07T12:25:24'),$);
#2500=IFCPROPERTYSINGLEVALUE('LV-publicatiedatum',$,IFCTEXT('2016-04-05T11:55:43'),$);
#2501=IFCPROPERTYSINGLEVALUE('objecttype',$,IFCTEXT('paal_p'),$);
#2502=IFCPROPERTYSET('0YiOI6Zn50S9nJJHdmwaOq',#5,'CPset_BGT',$,(#2490,#2491,#2492,#2493,#2494,#2495,#2496,#2497,#2498,#2499,#2500,#2501));
#2503=IFCRELDEFINESBYPROPERTIES('2F6mENSjP6lwVLLAm_rKrB',#5,$,$,(#2489),#2502);
#2504=IFCCARTESIANPOINT((37.2550020127965,-140.551858975145,0.));
#2505=IFCCARTESIANTRANSFORMATIONOPERATOR3D($,$,#2504,1.,$);
#2506=IFCMAPPEDITEM(#1977,#2505);
#2507=IFCSHAPEREPRESENTATION(#11,'Body','MappedRepresentation',(#2506));
#2508=IFCCARTESIANPOINT((0.,0.,0.));
#2509=IFCDIRECTION((0.,0.,1.));
#2510=IFCDIRECTION((1.,0.,0.));
#2511=IFCAXIS2PLACEMENT3D(#2508,#2509,#2510);
#2512=IFCLOCALPLACEMENT(#37,#2511);
#2513=IFCPRODUCTDEFINITIONSHAPE($,$,(#2507));
#2514=IFCBUILDINGELEMENTPROXY('0rOHdwOh16Aefqyh1_a4p0',#5,'G0772.273d35393a614eddbc255ed5b1abd8a1',$,$,#2512,#2513,$,$);
#2515=IFCPROPERTYSINGLEVALUE('hectometeraanduiding',$,IFCTEXT(''),$);
#2516=IFCPROPERTYSINGLEVALUE('plus-type',$,IFCTEXT('lichtmast'),$);
#2517=IFCPROPERTYSINGLEVALUE('subtype',$,IFCTEXT('2'),$);
#2518=IFCPROPERTYSINGLEVALUE('identificatie',$,IFCTEXT('G0772.273d35393a614eddbc255ed5b1abd8a1'),$);
#2519=IFCPROPERTYSINGLEVALUE('bgt-status',$,IFCTEXT('bestaand'),$);
#2520=IFCPROPERTYSINGLEVALUE('objectBeginTijd',$,IFCTEXT('2014-09-03T22:00:00'),$);
#2521=IFCPROPERTYSINGLEVALUE('bronhouder',$,IFCTEXT('G0772'),$);
#2522=IFCPROPERTYSINGLEVALUE('inOnderzoek',$,IFCBOOLEAN(.F.),$);
#2523=IFCPROPERTYSINGLEVALUE('relatieveHoogteligging',$,IFCTEXT('0'),$);
#2524=IFCPROPERTYSINGLEVALUE('tijdstipRegistratie',$,IFCTEXT('2016-01-07T12:25:24'),$);
#2525=IFCPROPERTYSINGLEVALUE('LV-publicatiedatum',$,IFCTEXT('2016-04-05T11:55:43'),$);
#2526=IFCPROPERTYSINGLEVALUE('objecttype',$,IFCTEXT('paal_p'),$);
#2527=IFCPROPERTYSET('0gPzhI9ab7mumME033prk8',#5,'CPset_BGT',$,(#2515,#2516,#2517,#2518,#2519,#2520,#2521,#2522,#2523,#2524,#2525,#2526));
#2528=IFCRELDEFINESBYPROPERTIES('0_sM3Vg$f8LxCoSsDMwBoE',#5,$,$,(#2514),#2527);
#2529=IFCCARTESIANPOINT((34.7204045363469,-141.650578972476,0.));
#2530=IFCCARTESIANTRANSFORMATIONOPERATOR3D($,$,#2529,1.,$);
#2531=IFCMAPPEDITEM(#1977,#2530);
#2532=IFCSHAPEREPRESENTATION(#11,'Body','MappedRepresentation',(#2531));
#2533=IFCCARTESIANPOINT((0.,0.,0.));
#2534=IFCDIRECTION((0.,0.,1.));
#2535=IFCDIRECTION((1.,0.,0.));
#2536=IFCAXIS2PLACEMENT3D(#2533,#2534,#2535);
#2537=IFCLOCALPLACEMENT(#37,#2536);
#2538=IFCPRODUCTDEFINITIONSHAPE($,$,(#2532));
#2539=IFCBUILDINGELEMENTPROXY('3wpdqZcg95PglmUPpbbvBx',#5,'G0772.29d31261919b4e81ab66e284f81ecd52',$,$,#2537,#2538,$,$);
#2540=IFCPROPERTYSINGLEVALUE('hectometeraanduiding',$,IFCTEXT(''),$);
#2541=IFCPROPERTYSINGLEVALUE('plus-type',$,IFCTEXT('lichtmast'),$);
#2542=IFCPROPERTYSINGLEVALUE('subtype',$,IFCTEXT('2'),$);
#2543=IFCPROPERTYSINGLEVALUE('identificatie',$,IFCTEXT('G0772.29d31261919b4e81ab66e284f81ecd52'),$);
#2544=IFCPROPERTYSINGLEVALUE('bgt-status',$,IFCTEXT('bestaand'),$);
#2545=IFCPROPERTYSINGLEVALUE('objectBeginTijd',$,IFCTEXT('2014-09-03T22:00:00'),$);
#2546=IFCPROPERTYSINGLEVALUE('bronhouder',$,IFCTEXT('G0772'),$);
#2547=IFCPROPERTYSINGLEVALUE('inOnderzoek',$,IFCBOOLEAN(.F.),$);
#2548=IFCPROPERTYSINGLEVALUE('relatieveHoogteligging',$,IFCTEXT('0'),$);
#2549=IFCPROPERTYSINGLEVALUE('tijdstipRegistratie',$,IFCTEXT('2016-01-07T12:25:24'),$);
#2550=IFCPROPERTYSINGLEVALUE('LV-publicatiedatum',$,IFCTEXT('2016-04-05T11:55:43'),$);
#2551=IFCPROPERTYSINGLEVALUE('objecttype',$,IFCTEXT('paal_p'),$);
#2552=IFCPROPERTYSET('3vhlyn1u1DOhlrMfyyxMt6',#5,'CPset_BGT',$,(#2540,#2541,#2542,#2543,#2544,#2545,#2546,#2547,#2548,#2549,#2550,#2551));
#2553=IFCRELDEFINESBYPROPERTIES('0eoJlthWrErR04$inJb4gU',#5,$,$,(#2539),#2552);
#2554=IFCCARTESIANPOINT((-113.58537568539,-6.29769957269309,0.));
#2555=IFCCARTESIANTRANSFORMATIONOPERATOR3D($,$,#2554,1.,$);
#2556=IFCMAPPEDITEM(#1977,#2555);
#2557=IFCSHAPEREPRESENTATION(#11,'Body','MappedRepresentation',(#2556));
#2558=IFCCARTESIANPOINT((0.,0.,0.));
#2559=IFCDIRECTION((0.,0.,1.));
#2560=IFCDIRECTION((1.,0.,0.));
#2561=IFCAXIS2PLACEMENT3D(#2558,#2559,#2560);
#2562=IFCLOCALPLACEMENT(#37,#2561);
#2563=IFCPRODUCTDEFINITIONSHAPE($,$,(#2557));
#2564=IFCBUILDINGELEMENTPROXY('2D4F7eEzL8TOgEZyW6ZjW9',#5,'G0772.38efc3068dc949a0bea81ce2aa39c649',$,$,#2562,#2563,$,$);
#2565=IFCPROPERTYSINGLEVALUE('hectometeraanduiding',$,IFCTEXT(''),$);
#2566=IFCPROPERTYSINGLEVALUE('plus-type',$,IFCTEXT('lichtmast'),$);
#2567=IFCPROPERTYSINGLEVALUE('subtype',$,IFCTEXT('2'),$);
#2568=IFCPROPERTYSINGLEVALUE('identificatie',$,IFCTEXT('G0772.38efc3068dc949a0bea81ce2aa39c649'),$);
#2569=IFCPROPERTYSINGLEVALUE('bgt-status',$,IFCTEXT('bestaand'),$);
#2570=IFCPROPERTYSINGLEVALUE('objectBeginTijd',$,IFCTEXT('2010-06-03T22:00:00'),$);
#2571=IFCPROPERTYSINGLEVALUE('bronhouder',$,IFCTEXT('G0772'),$);
#2572=IFCPROPERTYSINGLEVALUE('inOnderzoek',$,IFCBOOLEAN(.F.),$);
#2573=IFCPROPERTYSINGLEVALUE('relatieveHoogteligging',$,IFCTEXT('0'),$);
#2574=IFCPROPERTYSINGLEVALUE('tijdstipRegistratie',$,IFCTEXT('2016-01-07T12:25:24'),$);
#2575=IFCPROPERTYSINGLEVALUE('LV-publicatiedatum',$,IFCTEXT('2016-04-05T11:55:43'),$);
#2576=IFCPROPERTYSINGLEVALUE('objecttype',$,IFCTEXT('paal_p'),$);
#2577=IFCPROPERTYSET('2bipAUIErERw9eGmTr_CVg',#5,'CPset_BGT',$,(#2565,#2566,#2567,#2568,#2569,#2570,#2571,#2572,#2573,#2574,#2575,#2576));
#2578=IFCRELDEFINESBYPROPERTIES('1cgFlCPbf82wGRnPlggnBo',#5,$,$,(#2564),#2577);
#2579=IFCCARTESIANPOINT((-12.1145599262964,-93.9451345789712,0.));
#2580=IFCCARTESIANTRANSFORMATIONOPERATOR3D($,$,#2579,1.,$);
#2581=IFCMAPPEDITEM(#1977,#2580);
#2582=IFCSHAPEREPRESENTATION(#11,'Body','MappedRepresentation',(#2581));
#2583=IFCCARTESIANPOINT((0.,0.,0.));
#2584=IFCDIRECTION((0.,0.,1.));
#2585=IFCDIRECTION((1.,0.,0.));
#2586=IFCAXIS2PLACEMENT3D(#2583,#2584,#2585);
#2587=IFCLOCALPLACEMENT(#37,#2586);
#2588=IFCPRODUCTDEFINITIONSHAPE($,$,(#2582));
#2589=IFCBUILDINGELEMENTPROXY('1QpdKXOyH0PPnXpHfRElxc',#5,'G0772.3d96bb4e295a4440bf2456db03604bf9',$,$,#2587,#2588,$,$);
#2590=IFCPROPERTYSINGLEVALUE('hectometeraanduiding',$,IFCTEXT(''),$);
#2591=IFCPROPERTYSINGLEVALUE('plus-type',$,IFCTEXT('lichtmast'),$);
#2592=IFCPROPERTYSINGLEVALUE('subtype',$,IFCTEXT('2'),$);
#2593=IFCPROPERTYSINGLEVALUE('identificatie',$,IFCTEXT('G0772.3d96bb4e295a4440bf2456db03604bf9'),$);
#2594=IFCPROPERTYSINGLEVALUE('bgt-status',$,IFCTEXT('bestaand'),$);
#2595=IFCPROPERTYSINGLEVALUE('objectBeginTijd',$,IFCTEXT('2015-04-06T22:00:00'),$);
#2596=IFCPROPERTYSINGLEVALUE('bronhouder',$,IFCTEXT('G0772'),$);
#2597=IFCPROPERTYSINGLEVALUE('inOnderzoek',$,IFCBOOLEAN(.F.),$);
#2598=IFCPROPERTYSINGLEVALUE('relatieveHoogteligging',$,IFCTEXT('0'),$);
#2599=IFCPROPERTYSINGLEVALUE('tijdstipRegistratie',$,IFCTEXT('2016-01-07T12:25:24'),$);
#2600=IFCPROPERTYSINGLEVALUE('LV-publicatiedatum',$,IFCTEXT('2016-04-05T11:55:43'),$);
#2601=IFCPROPERTYSINGLEVALUE('objecttype',$,IFCTEXT('paal_p'),$);
#2602=IFCPROPERTYSET('0M7Gtv4IvAJOvS1hXhkQW0',#5,'CPset_BGT',$,(#2590,#2591,#2592,#2593,#2594,#2595,#2596,#2597,#2598,#2599,#2600,#2601));
#2603=IFCRELDEFINESBYPROPERTIES('1nYoZf0Qb0tQP8Ox7pA0m3',#5,$,$,(#2589),#2602);
#2604=IFCCARTESIANPOINT((-24.505361742602,-89.99194266001,0.));
#2605=IFCCARTESIANTRANSFORMATIONOPERATOR3D($,$,#2604,1.,$);
#2606=IFCMAPPEDITEM(#1977,#2605);
#2607=IFCSHAPEREPRESENTATION(#11,'Body','MappedRepresentation',(#2606));
#2608=IFCCARTESIANPOINT((0.,0.,0.));
#2609=IFCDIRECTION((0.,0.,1.));
#2610=IFCDIRECTION((1.,0.,0.));
#2611=IFCAXIS2PLACEMENT3D(#2608,#2609,#2610);
#2612=IFCLOCALPLACEMENT(#37,#2611);
#2613=IFCPRODUCTDEFINITIONSHAPE($,$,(#2607));
#2614=IFCBUILDINGELEMENTPROXY('0yPmpLzyv43OMpila1ZD2V',#5,'G0772.473cc52ebee24f7899ac1d425a4a8d83',$,$,#2612,#2613,$,$);
#2615=IFCPROPERTYSINGLEVALUE('hectometeraanduiding',$,IFCTEXT(''),$);
#2616=IFCPROPERTYSINGLEVALUE('plus-type',$,IFCTEXT('lichtmast'),$);
#2617=IFCPROPERTYSINGLEVALUE('subtype',$,IFCTEXT('2'),$);
#2618=IFCPROPERTYSINGLEVALUE('identificatie',$,IFCTEXT('G0772.473cc52ebee24f7899ac1d425a4a8d83'),$);
#2619=IFCPROPERTYSINGLEVALUE('bgt-status',$,IFCTEXT('bestaand'),$);
#2620=IFCPROPERTYSINGLEVALUE('objectBeginTijd',$,IFCTEXT('2012-10-10T22:00:00'),$);
#2621=IFCPROPERTYSINGLEVALUE('bronhouder',$,IFCTEXT('G0772'),$);
#2622=IFCPROPERTYSINGLEVALUE('inOnderzoek',$,IFCBOOLEAN(.F.),$);
#2623=IFCPROPERTYSINGLEVALUE('relatieveHoogteligging',$,IFCTEXT('0'),$);
#2624=IFCPROPERTYSINGLEVALUE('tijdstipRegistratie',$,IFCTEXT('2016-01-07T12:25:24'),$);
#2625=IFCPROPERTYSINGLEVALUE('LV-publicatiedatum',$,IFCTEXT('2016-04-05T11:55:43'),$);
#2626=IFCPROPERTYSINGLEVALUE('objecttype',$,IFCTEXT('paal_p'),$);
#2627=IFCPROPERTYSET('22hBGmzAb9exL$BZ0$YdwJ',#5,'CPset_BGT',$,(#2615,#2616,#2617,#2618,#2619,#2620,#2621,#2622,#2623,#2624,#2625,#2626));
#2628=IFCRELDEFINESBYPROPERTIES('1vQFr9$hzFx9gioih$7ry4',#5,$,$,(#2614),#2627);
#2629=IFCCARTESIANPOINT((-133.256408048066,-16.0021693566232,0.));
#2630=IFCCARTESIANTRANSFORMATIONOPERATOR3D($,$,#2629,1.,$);
#2631=IFCMAPPEDITEM(#1977,#2630);
#2632=IFCSHAPEREPRESENTATION(#11,'Body','MappedRepresentation',(#2631));
#2633=IFCCARTESIANPOINT((0.,0.,0.));
#2634=IFCDIRECTION((0.,0.,1.));
#2635=IFCDIRECTION((1.,0.,0.));
#2636=IFCAXIS2PLACEMENT3D(#2633,#2634,#2635);
#2637=IFCLOCALPLACEMENT(#37,#2636);
#2638=IFCPRODUCTDEFINITIONSHAPE($,$,(#2632));
#2639=IFCBUILDINGELEMENTPROXY('2nx6bVGX1DahzuEzzLV0FB',#5,'G0772.7ab5ccffbab14c4cbd94481a252b3fcb',$,$,#2637,#2638,$,$);
#2640=IFCPROPERTYSINGLEVALUE('hectometeraanduiding',$,IFCTEXT(''),$);
#2641=IFCPROPERTYSINGLEVALUE('plus-type',$,IFCTEXT('lichtmast'),$);
#2642=IFCPROPERTYSINGLEVALUE('subtype',$,IFCTEXT('2'),$);
#2643=IFCPROPERTYSINGLEVALUE('identificatie',$,IFCTEXT('G0772.7ab5ccffbab14c4cbd94481a252b3fcb'),$);
#2644=IFCPROPERTYSINGLEVALUE('bgt-status',$,IFCTEXT('bestaand'),$);
#2645=IFCPROPERTYSINGLEVALUE('objectBeginTijd',$,IFCTEXT('2011-10-03T22:00:00'),$);
#2646=IFCPROPERTYSINGLEVALUE('bronhouder',$,IFCTEXT('G0772'),$);
#2647=IFCPROPERTYSINGLEVALUE('inOnderzoek',$,IFCBOOLEAN(.F.),$);
#2648=IFCPROPERTYSINGLEVALUE('relatieveHoogteligging',$,IFCTEXT('0'),$);
#2649=IFCPROPERTYSINGLEVALUE('tijdstipRegistratie',$,IFCTEXT('2016-01-07T12:25:24'),$);
#2650=IFCPROPERTYSINGLEVALUE('LV-publicatiedatum',$,IFCTEXT('2016-04-05T11:55:43'),$);
#2651=IFCPROPERTYSINGLEVALUE('objecttype',$,IFCTEXT('paal_p'),$);
#2652=IFCPROPERTYSET('3AzCksv0D5LxlkZe3LfjEc',#5,'CPset_BGT',$,(#2640,#2641,#2642,#2643,#2644,#2645,#2646,#2647,#2648,#2649,#2650,#2651));
#2653=IFCRELDEFINESBYPROPERTIES('2xPswDtqj1MfvRSnYQUewq',#5,$,$,(#2639),#2652);
#2654=IFCCARTESIANPOINT((5.82788370916387,-135.565458657395,0.));
#2655=IFCCARTESIANTRANSFORMATIONOPERATOR3D($,$,#2654,1.,$);
#2656=IFCMAPPEDITEM(#1977,#2655);
#2657=IFCSHAPEREPRESENTATION(#11,'Body','MappedRepresentation',(#2656));
#2658=IFCCARTESIANPOINT((0.,0.,0.));
#2659=IFCDIRECTION((0.,0.,1.));
#2660=IFCDIRECTION((1.,0.,0.));
#2661=IFCAXIS2PLACEMENT3D(#2658,#2659,#2660);
#2662=IFCLOCALPLACEMENT(#37,#2661);
#2663=IFCPRODUCTDEFINITIONSHAPE($,$,(#2657));
#2664=IFCBUILDINGELEMENTPROXY('2i0asXnlXBDvh7hcRs9g$U',#5,'G0772.a97c2c7b4f794caba75e460fd79d9584',$,$,#2662,#2663,$,$);
#2665=IFCPROPERTYSINGLEVALUE('hectometeraanduiding',$,IFCTEXT(''),$);
#2666=IFCPROPERTYSINGLEVALUE('plus-type',$,IFCTEXT('lichtmast'),$);
#2667=IFCPROPERTYSINGLEVALUE('subtype',$,IFCTEXT('2'),$);
#2668=IFCPROPERTYSINGLEVALUE('identificatie',$,IFCTEXT('G0772.a97c2c7b4f794caba75e460fd79d9584'),$);
#2669=IFCPROPERTYSINGLEVALUE('bgt-status',$,IFCTEXT('bestaand'),$);
#2670=IFCPROPERTYSINGLEVALUE('objectBeginTijd',$,IFCTEXT('2012-10-10T22:00:00'),$);
#2671=IFCPROPERTYSINGLEVALUE('bronhouder',$,IFCTEXT('G0772'),$);
#2672=IFCPROPERTYSINGLEVALUE('inOnderzoek',$,IFCBOOLEAN(.F.),$);
#2673=IFCPROPERTYSINGLEVALUE('relatieveHoogteligging',$,IFCTEXT('0'),$);
#2674=IFCPROPERTYSINGLEVALUE('tijdstipRegistratie',$,IFCTEXT('2016-01-07T12:25:24'),$);
#2675=IFCPROPERTYSINGLEVALUE('LV-publicatiedatum',$,IFCTEXT('2016-04-05T11:55:43'),$);
#2676=IFCPROPERTYSINGLEVALUE('objecttype',$,IFCTEXT('paal_p'),$);
#2677=IFCPROPERTYSET('0R4AEOyP1DYvwvzSJAFJxZ',#5,'CPset_BGT',$,(#2665,#2666,#2667,#2668,#2669,#2670,#2671,#2672,#2673,#2674,#2675,#2676));
#2678=IFCRELDEFINESBYPROPERTIES('1iPoeBElT2s8ckYJvzlOW_',#5,$,$,(#2664),#2677);
#2679=IFCCARTESIANPOINT((-113.819561537472,-15.3479463641997,0.));
#2680=IFCCARTESIANTRANSFORMATIONOPERATOR3D($,$,#2679,1.,$);
#2681=IFCMAPPEDITEM(#1977,#2680);
#2682=IFCSHAPEREPRESENTATION(#11,'Body','MappedRepresentation',(#2681));
#2683=IFCCARTESIANPOINT((0.,0.,0.));
#2684=IFCDIRECTION((0.,0.,1.));
#2685=IFCDIRECTION((1.,0.,0.));
#2686=IFCAXIS2PLACEMENT3D(#2683,#2684,#2685);
#2687=IFCLOCALPLACEMENT(#37,#2686);
#2688=IFCPRODUCTDEFINITIONSHAPE($,$,(#2682));
#2689=IFCBUILDINGELEMENTPROXY('1JqSkTk0b6jgcllnkh4A3Q',#5,'G0772.d734fdc24364431c9d297a8e0c8a3d10',$,$,#2687,#2688,$,$);
#2690=IFCPROPERTYSINGLEVALUE('hectometeraanduiding',$,IFCTEXT(''),$);
#2691=IFCPROPERTYSINGLEVALUE('plus-type',$,IFCTEXT('lichtmast'),$);
#2692=IFCPROPERTYSINGLEVALUE('subtype',$,IFCTEXT('2'),$);
#2693=IFCPROPERTYSINGLEVALUE('identificatie',$,IFCTEXT('G0772.d734fdc24364431c9d297a8e0c8a3d10'),$);
#2694=IFCPROPERTYSINGLEVALUE('bgt-status',$,IFCTEXT('bestaand'),$);
#2695=IFCPROPERTYSINGLEVALUE('objectBeginTijd',$,IFCTEXT('2011-10-03T22:00:00'),$);
#2696=IFCPROPERTYSINGLEVALUE('bronhouder',$,IFCTEXT('G0772'),$);
#2697=IFCPROPERTYSINGLEVALUE('inOnderzoek',$,IFCBOOLEAN(.F.),$);
#2698=IFCPROPERTYSINGLEVALUE('relatieveHoogteligging',$,IFCTEXT('0'),$);
#2699=IFCPROPERTYSINGLEVALUE('tijdstipRegistratie',$,IFCTEXT('2016-01-07T12:25:24'),$);
#2700=IFCPROPERTYSINGLEVALUE('LV-publicatiedatum',$,IFCTEXT('2016-04-05T11:55:43'),$);
#2701=IFCPROPERTYSINGLEVALUE('objecttype',$,IFCTEXT('paal_p'),$);
#2702=IFCPROPERTYSET('1QF7qwvYfA2RwULI6MOTBI',#5,'CPset_BGT',$,(#2690,#2691,#2692,#2693,#2694,#2695,#2696,#2697,#2698,#2699,#2700,#2701));
#2703=IFCRELDEFINESBYPROPERTIES('2LIlDW5lP5z9GrMQzhL1No',#5,$,$,(#2689),#2702);
#2704=IFCCARTESIANPOINT((-19.0001709453936,-107.910205502296,0.));
#2705=IFCCARTESIANTRANSFORMATIONOPERATOR3D($,$,#2704,1.,$);
#2706=IFCMAPPEDITEM(#1977,#2705);
#2707=IFCSHAPEREPRESENTATION(#11,'Body','MappedRepresentation',(#2706));
#2708=IFCCARTESIANPOINT((0.,0.,0.));
#2709=IFCDIRECTION((0.,0.,1.));
#2710=IFCDIRECTION((1.,0.,0.));
#2711=IFCAXIS2PLACEMENT3D(#2708,#2709,#2710);
#2712=IFCLOCALPLACEMENT(#37,#2711);
#2713=IFCPRODUCTDEFINITIONSHAPE($,$,(#2707));
#2714=IFCBUILDINGELEMENTPROXY('1l$5dqbOHF0Pg4WSDwGI$Z',#5,'G0772.dd081476d31047809ae2c8b96323fd12',$,$,#2712,#2713,$,$);
#2715=IFCPROPERTYSINGLEVALUE('hectometeraanduiding',$,IFCTEXT(''),$);
#2716=IFCPROPERTYSINGLEVALUE('plus-type',$,IFCTEXT('lichtmast'),$);
#2717=IFCPROPERTYSINGLEVALUE('subtype',$,IFCTEXT('2'),$);
#2718=IFCPROPERTYSINGLEVALUE('identificatie',$,IFCTEXT('G0772.dd081476d31047809ae2c8b96323fd12'),$);
#2719=IFCPROPERTYSINGLEVALUE('bgt-status',$,IFCTEXT('bestaand'),$);
#2720=IFCPROPERTYSINGLEVALUE('objectBeginTijd',$,IFCTEXT('2015-04-06T22:00:00'),$);
#2721=IFCPROPERTYSINGLEVALUE('bronhouder',$,IFCTEXT('G0772'),$);
#2722=IFCPROPERTYSINGLEVALUE('inOnderzoek',$,IFCBOOLEAN(.F.),$);
#2723=IFCPROPERTYSINGLEVALUE('relatieveHoogteligging',$,IFCTEXT('0'),$);
#2724=IFCPROPERTYSINGLEVALUE('tijdstipRegistratie',$,IFCTEXT('2016-01-07T12:25:24'),$);
#2725=IFCPROPERTYSINGLEVALUE('LV-publicatiedatum',$,IFCTEXT('2016-04-05T11:55:43'),$);
#2726=IFCPROPERTYSINGLEVALUE('objecttype',$,IFCTEXT('paal_p'),$);
#2727=IFCPROPERTYSET('2aGx_4j8T5oetM0u$PGV48',#5,'CPset_BGT',$,(#2715,#2716,#2717,#2718,#2719,#2720,#2721,#2722,#2723,#2724,#2725,#2726));
#2728=IFCRELDEFINESBYPROPERTIES('3CLCEYO_9BJgE0Z_jQvK86',#5,$,$,(#2714),#2727);
#2729=IFCCARTESIANPOINT((-32.8229987559898,-102.327981185925,0.));
#2730=IFCCARTESIANTRANSFORMATIONOPERATOR3D($,$,#2729,1.,$);
#2731=IFCMAPPEDITEM(#1977,#2730);
#2732=IFCSHAPEREPRESENTATION(#11,'Body','MappedRepresentation',(#2731));
#2733=IFCCARTESIANPOINT((0.,0.,0.));
#2734=IFCDIRECTION((0.,0.,1.));
#2735=IFCDIRECTION((1.,0.,0.));
#2736=IFCAXIS2PLACEMENT3D(#2733,#2734,#2735);
#2737=IFCLOCALPLACEMENT(#37,#2736);
#2738=IFCPRODUCTDEFINITIONSHAPE($,$,(#2732));
#2739=IFCBUILDINGELEMENTPROXY('3ma3XyMp14bxTEw0LUBno$',#5,'G0772.08b76f7c11e5430bbe765a4fa5627b34',$,$,#2737,#2738,$,$);
#2740=IFCPROPERTYSINGLEVALUE('hectometeraanduiding',$,IFCTEXT(''),$);
#2741=IFCPROPERTYSINGLEVALUE('plus-type',$,IFCTEXT('lichtmast'),$);
#2742=IFCPROPERTYSINGLEVALUE('subtype',$,IFCTEXT('2'),$);
#2743=IFCPROPERTYSINGLEVALUE('identificatie',$,IFCTEXT('G0772.08b76f7c11e5430bbe765a4fa5627b34'),$);
#2744=IFCPROPERTYSINGLEVALUE('bgt-status',$,IFCTEXT('bestaand'),$);
#2745=IFCPROPERTYSINGLEVALUE('objectBeginTijd',$,IFCTEXT('2015-04-06T22:00:00'),$);
#2746=IFCPROPERTYSINGLEVALUE('bronhouder',$,IFCTEXT('G0772'),$);
#2747=IFCPROPERTYSINGLEVALUE('inOnderzoek',$,IFCBOOLEAN(.F.),$);
#2748=IFCPROPERTYSINGLEVALUE('relatieveHoogteligging',$,IFCTEXT('0'),$);
#2749=IFCPROPERTYSINGLEVALUE('tijdstipRegistratie',$,IFCTEXT('2016-01-07T12:25:24'),$);
#2750=IFCPROPERTYSINGLEVALUE('LV-publicatiedatum',$,IFCTEXT('2016-04-05T11:55:43'),$);
#2751=IFCPROPERTYSINGLEVALUE('objecttype',$,IFCTEXT('paal_p'),$);
#2752=IFCPROPERTYSET('2TR8I9PUL03A7rWQl$wTKq',#5,'CPset_BGT',$,(#2740,#2741,#2742,#2743,#2744,#2745,#2746,#2747,#2748,#2749,#2750,#2751));
#2753=IFCRELDEFINESBYPROPERTIES('1Zp0SXB5j88ha9BK5Xs873',#5,$,$,(#2739),#2752);
#2754=IFCCARTESIANPOINT((4.4975649685075,-132.341676864424,0.));
#2755=IFCCARTESIANTRANSFORMATIONOPERATOR3D($,$,#2754,1.,$);
#2756=IFCMAPPEDITEM(#1977,#2755);
#2757=IFCSHAPEREPRESENTATION(#11,'Body','MappedRepresentation',(#2756));
#2758=IFCCARTESIANPOINT((0.,0.,0.));
#2759=IFCDIRECTION((0.,0.,1.));
#2760=IFCDIRECTION((1.,0.,0.));
#2761=IFCAXIS2PLACEMENT3D(#2758,#2759,#2760);
#2762=IFCLOCALPLACEMENT(#37,#2761);
#2763=IFCPRODUCTDEFINITIONSHAPE($,$,(#2757));
#2764=IFCBUILDINGELEMENTPROXY('0WQV701tj4IfsX06yCGS8u',#5,'G0772.1dd1719594e74020a063cecfc1e3c8b6',$,$,#2762,#2763,$,$);
#2765=IFCPROPERTYSINGLEVALUE('hectometeraanduiding',$,IFCTEXT(''),$);
#2766=IFCPROPERTYSINGLEVALUE('plus-type',$,IFCTEXT('lichtmast'),$);
#2767=IFCPROPERTYSINGLEVALUE('subtype',$,IFCTEXT('2'),$);
#2768=IFCPROPERTYSINGLEVALUE('identificatie',$,IFCTEXT('G0772.1dd1719594e74020a063cecfc1e3c8b6'),$);
#2769=IFCPROPERTYSINGLEVALUE('bgt-status',$,IFCTEXT('bestaand'),$);
#2770=IFCPROPERTYSINGLEVALUE('objectBeginTijd',$,IFCTEXT('2015-04-06T22:00:00'),$);
#2771=IFCPROPERTYSINGLEVALUE('bronhouder',$,IFCTEXT('G0772'),$);
#2772=IFCPROPERTYSINGLEVALUE('inOnderzoek',$,IFCBOOLEAN(.F.),$);
#2773=IFCPROPERTYSINGLEVALUE('relatieveHoogteligging',$,IFCTEXT('0'),$);
#2774=IFCPROPERTYSINGLEVALUE('tijdstipRegistratie',$,IFCTEXT('2016-01-07T12:25:24'),$);
#2775=IFCPROPERTYSINGLEVALUE('LV-publicatiedatum',$,IFCTEXT('2016-04-05T11:55:43'),$);
#2776=IFCPROPERTYSINGLEVALUE('objecttype',$,IFCTEXT('paal_p'),$);
#2777=IFCPROPERTYSET('04vDD_b1D4DvklGzTFvGIg',#5,'CPset_BGT',$,(#2765,#2766,#2767,#2768,#2769,#2770,#2771,#2772,#2773,#2774,#2775,#2776));
#2778=IFCRELDEFINESBYPROPERTIES('0q2SOzL8P1nwp5_$6$H6g0',#5,$,$,(#2764),#2777);
#2779=IFCCARTESIANPOINT((-135.404371727112,-6.33820552018005,0.));
#2780=IFCCARTESIANTRANSFORMATIONOPERATOR3D($,$,#2779,1.,$);
#2781=IFCMAPPEDITEM(#1977,#2780);
#2782=IFCSHAPEREPRESENTATION(#11,'Body','MappedRepresentation',(#2781));
#2783=IFCCARTESIANPOINT((0.,0.,0.));
#2784=IFCDIRECTION((0.,0.,1.));
#2785=IFCDIRECTION((1.,0.,0.));
#2786=IFCAXIS2PLACEMENT3D(#2783,#2784,#2785);
#2787=IFCLOCALPLACEMENT(#37,#2786);
#2788=IFCPRODUCTDEFINITIONSHAPE($,$,(#2782));
#2789=IFCBUILDINGELEMENTPROXY('00fc6HhcX6$vQ4d6z5ibdC',#5,'G0772.55621d32fbe446c5b0dd46053e5dcf43',$,$,#2787,#2788,$,$);
#2790=IFCPROPERTYSINGLEVALUE('hectometeraanduiding',$,IFCTEXT(''),$);
#2791=IFCPROPERTYSINGLEVALUE('plus-type',$,IFCTEXT('lichtmast'),$);
#2792=IFCPROPERTYSINGLEVALUE('subtype',$,IFCTEXT('2'),$);
#2793=IFCPROPERTYSINGLEVALUE('identificatie',$,IFCTEXT('G0772.55621d32fbe446c5b0dd46053e5dcf43'),$);
#2794=IFCPROPERTYSINGLEVALUE('bgt-status',$,IFCTEXT('bestaand'),$);
#2795=IFCPROPERTYSINGLEVALUE('objectBeginTijd',$,IFCTEXT('2011-10-03T22:00:00'),$);
#2796=IFCPROPERTYSINGLEVALUE('bronhouder',$,IFCTEXT('G0772'),$);
#2797=IFCPROPERTYSINGLEVALUE('inOnderzoek',$,IFCBOOLEAN(.F.),$);
#2798=IFCPROPERTYSINGLEVALUE('relatieveHoogteligging',$,IFCTEXT('0'),$);
#2799=IFCPROPERTYSINGLEVALUE('tijdstipRegistratie',$,IFCTEXT('2016-01-07T12:25:24'),$);
#2800=IFCPROPERTYSINGLEVALUE('LV-publicatiedatum',$,IFCTEXT('2016-04-05T11:55:43'),$);
#2801=IFCPROPERTYSINGLEVALUE('objecttype',$,IFCTEXT('paal_p'),$);
#2802=IFCPROPERTYSET('3W1prUByTFiPCGKn02oxvB',#5,'CPset_BGT',$,(#2790,#2791,#2792,#2793,#2794,#2795,#2796,#2797,#2798,#2799,#2800,#2801));
#2803=IFCRELDEFINESBYPROPERTIES('2iOU_ic3r9NevMKBB2s3m8',#5,$,$,(#2789),#2802);
#2804=IFCCARTESIANPOINT((-113.744120266492,-15.3571991812787,0.));
#2805=IFCCARTESIANTRANSFORMATIONOPERATOR3D($,$,#2804,1.,$);
#2806=IFCMAPPEDITEM(#1977,#2805);
#2807=IFCSHAPEREPRESENTATION(#11,'Body','MappedRepresentation',(#2806));
#2808=IFCCARTESIANPOINT((0.,0.,0.));
#2809=IFCDIRECTION((0.,0.,1.));
#2810=IFCDIRECTION((1.,0.,0.));
#2811=IFCAXIS2PLACEMENT3D(#2808,#2809,#2810);
#2812=IFCLOCALPLACEMENT(#37,#2811);
#2813=IFCPRODUCTDEFINITIONSHAPE($,$,(#2807));
#2814=IFCBUILDINGELEMENTPROXY('06PY0SGvvBQwHkd_p9lFyt',#5,'G0772.708246fa1b1943aeab007e23a2d0e076',$,$,#2812,#2813,$,$);
#2815=IFCPROPERTYSINGLEVALUE('hectometeraanduiding',$,IFCTEXT(''),$);
#2816=IFCPROPERTYSINGLEVALUE('plus-type',$,IFCTEXT('lichtmast'),$);
#2817=IFCPROPERTYSINGLEVALUE('subtype',$,IFCTEXT('2'),$);
#2818=IFCPROPERTYSINGLEVALUE('identificatie',$,IFCTEXT('G0772.708246fa1b1943aeab007e23a2d0e076'),$);
#2819=IFCPROPERTYSINGLEVALUE('bgt-status',$,IFCTEXT('bestaand'),$);
#2820=IFCPROPERTYSINGLEVALUE('objectBeginTijd',$,IFCTEXT('2010-06-03T22:00:00'),$);
#2821=IFCPROPERTYSINGLEVALUE('bronhouder',$,IFCTEXT('G0772'),$);
#2822=IFCPROPERTYSINGLEVALUE('inOnderzoek',$,IFCBOOLEAN(.F.),$);
#2823=IFCPROPERTYSINGLEVALUE('relatieveHoogteligging',$,IFCTEXT('0'),$);
#2824=IFCPROPERTYSINGLEVALUE('tijdstipRegistratie',$,IFCTEXT('2016-01-07T12:25:24'),$);
#2825=IFCPROPERTYSINGLEVALUE('LV-publicatiedatum',$,IFCTEXT('2016-04-05T11:55:43'),$);
#2826=IFCPROPERTYSINGLEVALUE('objecttype',$,IFCTEXT('paal_p'),$);
#2827=IFCPROPERTYSET('2IlSkNyRT5Iv68JS4YPKlu',#5,'CPset_BGT',$,(#2815,#2816,#2817,#2818,#2819,#2820,#2821,#2822,#2823,#2824,#2825,#2826));
#2828=IFCRELDEFINESBYPROPERTIES('1WMI$mNHPE$AkHSU5vSA6b',#5,$,$,(#2814),#2827);
#2829=IFCCARTESIANPOINT((-226.811396437901,56.8346495563746,0.));
#2830=IFCCARTESIANTRANSFORMATIONOPERATOR3D($,$,#2829,1.,$);
#2831=IFCMAPPEDITEM(#1977,#2830);
#2832=IFCSHAPEREPRESENTATION(#11,'Body','MappedRepresentation',(#2831));
#2833=IFCCARTESIANPOINT((0.,0.,0.));
#2834=IFCDIRECTION((0.,0.,1.));
#2835=IFCDIRECTION((1.,0.,0.));
#2836=IFCAXIS2PLACEMENT3D(#2833,#2834,#2835);
#2837=IFCLOCALPLACEMENT(#37,#2836);
#2838=IFCPRODUCTDEFINITIONSHAPE($,$,(#2832));
#2839=IFCBUILDINGELEMENTPROXY('2goPUO8Qj5XxusHQ6oALY$',#5,'G0772.64896c57abf64cccbc5657e623ac4b8a',$,$,#2837,#2838,$,$);
#2840=IFCPROPERTYSINGLEVALUE('hectometeraanduiding',$,IFCTEXT(''),$);
#2841=IFCPROPERTYSINGLEVALUE('plus-type',$,IFCTEXT('lichtmast'),$);
#2842=IFCPROPERTYSINGLEVALUE('subtype',$,IFCTEXT('2'),$);
#2843=IFCPROPERTYSINGLEVALUE('identificatie',$,IFCTEXT('G0772.64896c57abf64cccbc5657e623ac4b8a'),$);
#2844=IFCPROPERTYSINGLEVALUE('bgt-status',$,IFCTEXT('bestaand'),$);
#2845=IFCPROPERTYSINGLEVALUE('objectBeginTijd',$,IFCTEXT('2019-05-09T22:00:00'),$);
#2846=IFCPROPERTYSINGLEVALUE('bronhouder',$,IFCTEXT('G0772'),$);
#2847=IFCPROPERTYSINGLEVALUE('inOnderzoek',$,IFCBOOLEAN(.F.),$);
#2848=IFCPROPERTYSINGLEVALUE('relatieveHoogteligging',$,IFCTEXT('0'),$);
#2849=IFCPROPERTYSINGLEVALUE('tijdstipRegistratie',$,IFCTEXT('2019-05-13T11:54:26'),$);
#2850=IFCPROPERTYSINGLEVALUE('LV-publicatiedatum',$,IFCTEXT('2019-05-13T13:27:55'),$);
#2851=IFCPROPERTYSINGLEVALUE('objecttype',$,IFCTEXT('paal_p'),$);
#2852=IFCPROPERTYSET('3SjNU3hxn75Bb8e$vpTNNK',#5,'CPset_BGT',$,(#2840,#2841,#2842,#2843,#2844,#2845,#2846,#2847,#2848,#2849,#2850,#2851));
#2853=IFCRELDEFINESBYPROPERTIES('140dWXbzH7FPqCUap$mjFq',#5,$,$,(#2839),#2852);
#2854=IFCCARTESIANPOINT((-231.313367990515,79.3938919447828,0.));
#2855=IFCCARTESIANTRANSFORMATIONOPERATOR3D($,$,#2854,1.,$);
#2856=IFCMAPPEDITEM(#1977,#2855);
#2857=IFCSHAPEREPRESENTATION(#11,'Body','MappedRepresentation',(#2856));
#2858=IFCCARTESIANPOINT((0.,0.,0.));
#2859=IFCDIRECTION((0.,0.,1.));
#2860=IFCDIRECTION((1.,0.,0.));
#2861=IFCAXIS2PLACEMENT3D(#2858,#2859,#2860);
#2862=IFCLOCALPLACEMENT(#37,#2861);
#2863=IFCPRODUCTDEFINITIONSHAPE($,$,(#2857));
#2864=IFCBUILDINGELEMENTPROXY('34RXkeE3570h7RpSqJjYm2',#5,'G0772.85039cf544784b39add2508d57895cd4',$,$,#2862,#2863,$,$);
#2865=IFCPROPERTYSINGLEVALUE('hectometeraanduiding',$,IFCTEXT(''),$);
#2866=IFCPROPERTYSINGLEVALUE('plus-type',$,IFCTEXT('lichtmast'),$);
#2867=IFCPROPERTYSINGLEVALUE('subtype',$,IFCTEXT('2'),$);
#2868=IFCPROPERTYSINGLEVALUE('identificatie',$,IFCTEXT('G0772.85039cf544784b39add2508d57895cd4'),$);
#2869=IFCPROPERTYSINGLEVALUE('bgt-status',$,IFCTEXT('bestaand'),$);
#2870=IFCPROPERTYSINGLEVALUE('objectBeginTijd',$,IFCTEXT('2019-05-09T22:00:00'),$);
#2871=IFCPROPERTYSINGLEVALUE('bronhouder',$,IFCTEXT('G0772'),$);
#2872=IFCPROPERTYSINGLEVALUE('inOnderzoek',$,IFCBOOLEAN(.F.),$);
#2873=IFCPROPERTYSINGLEVALUE('relatieveHoogteligging',$,IFCTEXT('0'),$);
#2874=IFCPROPERTYSINGLEVALUE('tijdstipRegistratie',$,IFCTEXT('2019-05-13T11:54:26'),$);
#2875=IFCPROPERTYSINGLEVALUE('LV-publicatiedatum',$,IFCTEXT('2019-05-13T13:27:55'),$);
#2876=IFCPROPERTYSINGLEVALUE('objecttype',$,IFCTEXT('paal_p'),$);
#2877=IFCPROPERTYSET('0xpVyU58T9JhLwRXt2XO_C',#5,'CPset_BGT',$,(#2865,#2866,#2867,#2868,#2869,#2870,#2871,#2872,#2873,#2874,#2875,#2876));
#2878=IFCRELDEFINESBYPROPERTIES('1ObulGHD13nRpTS4M2$7xf',#5,$,$,(#2864),#2877);
#2879=IFCCARTESIANPOINT((-226.798910590442,72.9143954842002,0.));
#2880=IFCCARTESIANTRANSFORMATIONOPERATOR3D($,$,#2879,1.,$);
#2881=IFCMAPPEDITEM(#1977,#2880);
#2882=IFCSHAPEREPRESENTATION(#11,'Body','MappedRepresentation',(#2881));
#2883=IFCCARTESIANPOINT((0.,0.,0.));
#2884=IFCDIRECTION((0.,0.,1.));
#2885=IFCDIRECTION((1.,0.,0.));
#2886=IFCAXIS2PLACEMENT3D(#2883,#2884,#2885);
#2887=IFCLOCALPLACEMENT(#37,#2886);
#2888=IFCPRODUCTDEFINITIONSHAPE($,$,(#2882));
#2889=IFCBUILDINGELEMENTPROXY('0VKCgJEtrB8vliX7SJw_dh',#5,'G0772.c0b83ee3d4c04672a16f4f075ac83deb',$,$,#2887,#2888,$,$);
#2890=IFCPROPERTYSINGLEVALUE('hectometeraanduiding',$,IFCTEXT(''),$);
#2891=IFCPROPERTYSINGLEVALUE('plus-type',$,IFCTEXT('lichtmast'),$);
#2892=IFCPROPERTYSINGLEVALUE('subtype',$,IFCTEXT('2'),$);
#2893=IFCPROPERTYSINGLEVALUE('identificatie',$,IFCTEXT('G0772.c0b83ee3d4c04672a16f4f075ac83deb'),$);
#2894=IFCPROPERTYSINGLEVALUE('bgt-status',$,IFCTEXT('bestaand'),$);
#2895=IFCPROPERTYSINGLEVALUE('objectBeginTijd',$,IFCTEXT('2019-05-09T22:00:00'),$);
#2896=IFCPROPERTYSINGLEVALUE('bronhouder',$,IFCTEXT('G0772'),$);
#2897=IFCPROPERTYSINGLEVALUE('inOnderzoek',$,IFCBOOLEAN(.F.),$);
#2898=IFCPROPERTYSINGLEVALUE('relatieveHoogteligging',$,IFCTEXT('0'),$);
#2899=IFCPROPERTYSINGLEVALUE('tijdstipRegistratie',$,IFCTEXT('2019-05-13T11:54:26'),$);
#2900=IFCPROPERTYSINGLEVALUE('LV-publicatiedatum',$,IFCTEXT('2019-05-13T13:27:55'),$);
#2901=IFCPROPERTYSINGLEVALUE('objecttype',$,IFCTEXT('paal_p'),$);
#2902=IFCPROPERTYSET('34rdy3pqT4MO8vU_kZOoe7',#5,'CPset_BGT',$,(#2890,#2891,#2892,#2893,#2894,#2895,#2896,#2897,#2898,#2899,#2900,#2901));
#2903=IFCRELDEFINESBYPROPERTIES('0nL46_Xkb2_8pXtBqy6S31',#5,$,$,(#2889),#2902);
#2904=IFCCARTESIANPOINT((8.27739455775009,-86.3973829719471,0.));
#2905=IFCCARTESIANTRANSFORMATIONOPERATOR3D($,$,#2904,1.,$);
#2906=IFCMAPPEDITEM(#1977,#2905);
#2907=IFCSHAPEREPRESENTATION(#11,'Body','MappedRepresentation',(#2906));
#2908=IFCCARTESIANPOINT((0.,0.,0.));
#2909=IFCDIRECTION((0.,0.,1.));
#2910=IFCDIRECTION((1.,0.,0.));
#2911=IFCAXIS2PLACEMENT3D(#2908,#2909,#2910);
#2912=IFCLOCALPLACEMENT(#37,#2911);
#2913=IFCPRODUCTDEFINITIONSHAPE($,$,(#2907));
#2914=IFCBUILDINGELEMENTPROXY('3ui0Kbb8H3Vv3R25NnEVZg',#5,'G0772.185ed4fc455246ed865c805c380530b0',$,$,#2912,#2913,$,$);
#2915=IFCPROPERTYSINGLEVALUE('hectometeraanduiding',$,IFCTEXT(''),$);
#2916=IFCPROPERTYSINGLEVALUE('plus-type',$,IFCTEXT('lichtmast'),$);
#2917=IFCPROPERTYSINGLEVALUE('subtype',$,IFCTEXT('2'),$);
#2918=IFCPROPERTYSINGLEVALUE('identificatie',$,IFCTEXT('G0772.185ed4fc455246ed865c805c380530b0'),$);
#2919=IFCPROPERTYSINGLEVALUE('bgt-status',$,IFCTEXT('bestaand'),$);
#2920=IFCPROPERTYSINGLEVALUE('objectBeginTijd',$,IFCTEXT('2011-10-03T22:00:00'),$);
#2921=IFCPROPERTYSINGLEVALUE('bronhouder',$,IFCTEXT('G0772'),$);
#2922=IFCPROPERTYSINGLEVALUE('inOnderzoek',$,IFCBOOLEAN(.F.),$);
#2923=IFCPROPERTYSINGLEVALUE('relatieveHoogteligging',$,IFCTEXT('0'),$);
#2924=IFCPROPERTYSINGLEVALUE('tijdstipRegistratie',$,IFCTEXT('2016-01-07T12:25:24'),$);
#2925=IFCPROPERTYSINGLEVALUE('LV-publicatiedatum',$,IFCTEXT('2016-04-05T11:55:43'),$);
#2926=IFCPROPERTYSINGLEVALUE('objecttype',$,IFCTEXT('paal_p'),$);
#2927=IFCPROPERTYSET('3zfuj5N6H3U8n88TJbyMQQ',#5,'CPset_BGT',$,(#2915,#2916,#2917,#2918,#2919,#2920,#2921,#2922,#2923,#2924,#2925,#2926));
#2928=IFCRELDEFINESBYPROPERTIES('06JFIGSP98PeD8Upp0rke5',#5,$,$,(#2914),#2927);
#2929=IFCCARTESIANPOINT((-89.7280168133148,-6.3030517930747,0.));
#2930=IFCCARTESIANTRANSFORMATIONOPERATOR3D($,$,#2929,1.,$);
#2931=IFCMAPPEDITEM(#1977,#2930);
#2932=IFCSHAPEREPRESENTATION(#11,'Body','MappedRepresentation',(#2931));
#2933=IFCCARTESIANPOINT((0.,0.,0.));
#2934=IFCDIRECTION((0.,0.,1.));
#2935=IFCDIRECTION((1.,0.,0.));
#2936=IFCAXIS2PLACEMENT3D(#2933,#2934,#2935);
#2937=IFCLOCALPLACEMENT(#37,#2936);
#2938=IFCPRODUCTDEFINITIONSHAPE($,$,(#2932));
#2939=IFCBUILDINGELEMENTPROXY('0dRldu5yP1oBecNbkrcARE',#5,'G0772.631f66f1c3084c7f9e8f4d7177d9cff3',$,$,#2937,#2938,$,$);
#2940=IFCPROPERTYSINGLEVALUE('hectometeraanduiding',$,IFCTEXT(''),$);
#2941=IFCPROPERTYSINGLEVALUE('plus-type',$,IFCTEXT('lichtmast'),$);
#2942=IFCPROPERTYSINGLEVALUE('subtype',$,IFCTEXT('2'),$);
#2943=IFCPROPERTYSINGLEVALUE('identificatie',$,IFCTEXT('G0772.631f66f1c3084c7f9e8f4d7177d9cff3'),$);
#2944=IFCPROPERTYSINGLEVALUE('bgt-status',$,IFCTEXT('bestaand'),$);
#2945=IFCPROPERTYSINGLEVALUE('objectBeginTijd',$,IFCTEXT('2010-06-03T22:00:00'),$);
#2946=IFCPROPERTYSINGLEVALUE('bronhouder',$,IFCTEXT('G0772'),$);
#2947=IFCPROPERTYSINGLEVALUE('inOnderzoek',$,IFCBOOLEAN(.F.),$);
#2948=IFCPROPERTYSINGLEVALUE('relatieveHoogteligging',$,IFCTEXT('0'),$);
#2949=IFCPROPERTYSINGLEVALUE('tijdstipRegistratie',$,IFCTEXT('2016-01-07T12:25:24'),$);
#2950=IFCPROPERTYSINGLEVALUE('LV-publicatiedatum',$,IFCTEXT('2016-04-05T11:55:43'),$);
#2951=IFCPROPERTYSINGLEVALUE('objecttype',$,IFCTEXT('paal_p'),$);
#2952=IFCPROPERTYSET('1uBypKWhr1zh2KlNBjx8zx',#5,'CPset_BGT',$,(#2940,#2941,#2942,#2943,#2944,#2945,#2946,#2947,#2948,#2949,#2950,#2951));
#2953=IFCRELDEFINESBYPROPERTIES('09M44jA3b0Nw3epyQKG_E2',#5,$,$,(#2939),#2952);
#2954=IFCCARTESIANPOINT((-89.7056148935517,-15.3100352588808,0.));
#2955=IFCCARTESIANTRANSFORMATIONOPERATOR3D($,$,#2954,1.,$);
#2956=IFCMAPPEDITEM(#1977,#2955);
#2957=IFCSHAPEREPRESENTATION(#11,'Body','MappedRepresentation',(#2956));
#2958=IFCCARTESIANPOINT((0.,0.,0.));
#2959=IFCDIRECTION((0.,0.,1.));
#2960=IFCDIRECTION((1.,0.,0.));
#2961=IFCAXIS2PLACEMENT3D(#2958,#2959,#2960);
#2962=IFCLOCALPLACEMENT(#37,#2961);
#2963=IFCPRODUCTDEFINITIONSHAPE($,$,(#2957));
#2964=IFCBUILDINGELEMENTPROXY('2qgTtsijf6Cuu1Fc0sbZDr',#5,'G0772.67c55954927c40c5954ddf387401c498',$,$,#2962,#2963,$,$);
#2965=IFCPROPERTYSINGLEVALUE('hectometeraanduiding',$,IFCTEXT(''),$);
#2966=IFCPROPERTYSINGLEVALUE('plus-type',$,IFCTEXT('lichtmast'),$);
#2967=IFCPROPERTYSINGLEVALUE('subtype',$,IFCTEXT('2'),$);
#2968=IFCPROPERTYSINGLEVALUE('identificatie',$,IFCTEXT('G0772.67c55954927c40c5954ddf387401c498'),$);
#2969=IFCPROPERTYSINGLEVALUE('bgt-status',$,IFCTEXT('bestaand'),$);
#2970=IFCPROPERTYSINGLEVALUE('objectBeginTijd',$,IFCTEXT('2010-06-03T22:00:00'),$);
#2971=IFCPROPERTYSINGLEVALUE('bronhouder',$,IFCTEXT('G0772'),$);
#2972=IFCPROPERTYSINGLEVALUE('inOnderzoek',$,IFCBOOLEAN(.F.),$);
#2973=IFCPROPERTYSINGLEVALUE('relatieveHoogteligging',$,IFCTEXT('0'),$);
#2974=IFCPROPERTYSINGLEVALUE('tijdstipRegistratie',$,IFCTEXT('2016-01-07T12:25:24'),$);
#2975=IFCPROPERTYSINGLEVALUE('LV-publicatiedatum',$,IFCTEXT('2016-04-05T11:55:43'),$);
#2976=IFCPROPERTYSINGLEVALUE('objecttype',$,IFCTEXT('paal_p'),$);
#2977=IFCPROPERTYSET('3Z7bpntyz8Oe_7lqKANHSQ',#5,'CPset_BGT',$,(#2965,#2966,#2967,#2968,#2969,#2970,#2971,#2972,#2973,#2974,#2975,#2976));
#2978=IFCRELDEFINESBYPROPERTIES('1m_amP3Q98rwBgXA8o2Sqj',#5,$,$,(#2964),#2977);
#2979=IFCCARTESIANPOINT((5.05894178480958,-86.5361696729087,0.));
#2980=IFCCARTESIANTRANSFORMATIONOPERATOR3D($,$,#2979,1.,$);
#2981=IFCMAPPEDITEM(#1977,#2980);
#2982=IFCSHAPEREPRESENTATION(#11,'Body','MappedRepresentation',(#2981));
#2983=IFCCARTESIANPOINT((0.,0.,0.));
#2984=IFCDIRECTION((0.,0.,1.));
#2985=IFCDIRECTION((1.,0.,0.));
#2986=IFCAXIS2PLACEMENT3D(#2983,#2984,#2985);
#2987=IFCLOCALPLACEMENT(#37,#2986);
#2988=IFCPRODUCTDEFINITIONSHAPE($,$,(#2982));
#2989=IFCBUILDINGELEMENTPROXY('2EzgxTVmf87wANiY9Is1Az',#5,'G0772.451837bbfa0e47598fed5792922a635d',$,$,#2987,#2988,$,$);
#2990=IFCPROPERTYSINGLEVALUE('hectometeraanduiding',$,IFCTEXT(''),$);
#2991=IFCPROPERTYSINGLEVALUE('plus-type',$,IFCTEXT('lichtmast'),$);
#2992=IFCPROPERTYSINGLEVALUE('subtype',$,IFCTEXT('2'),$);
#2993=IFCPROPERTYSINGLEVALUE('identificatie',$,IFCTEXT('G0772.451837bbfa0e47598fed5792922a635d'),$);
#2994=IFCPROPERTYSINGLEVALUE('bgt-status',$,IFCTEXT('bestaand'),$);
#2995=IFCPROPERTYSINGLEVALUE('objectBeginTijd',$,IFCTEXT('2019-02-04T23:00:00'),$);
#2996=IFCPROPERTYSINGLEVALUE('bronhouder',$,IFCTEXT('G0772'),$);
#2997=IFCPROPERTYSINGLEVALUE('inOnderzoek',$,IFCBOOLEAN(.F.),$);
#2998=IFCPROPERTYSINGLEVALUE('relatieveHoogteligging',$,IFCTEXT('0'),$);
#2999=IFCPROPERTYSINGLEVALUE('tijdstipRegistratie',$,IFCTEXT('2019-02-15T14:37:34'),$);
#3000=IFCPROPERTYSINGLEVALUE('LV-publicatiedatum',$,IFCTEXT('2019-02-15T15:21:14'),$);
#3001=IFCPROPERTYSINGLEVALUE('objecttype',$,IFCTEXT('paal_p'),$);
#3002=IFCPROPERTYSET('2BB5KW07vDpgY2$REaYBPk',#5,'CPset_BGT',$,(#2990,#2991,#2992,#2993,#2994,#2995,#2996,#2997,#2998,#2999,#3000,#3001));
#3003=IFCRELDEFINESBYPROPERTIES('3unvAKBCbAChitKX$LyPEc',#5,$,$,(#2989),#3002);
#3004=IFCCARTESIANPOINT((-194.505178907741,91.409537305939,0.));
#3005=IFCCARTESIANTRANSFORMATIONOPERATOR3D($,$,#3004,1.,$);
#3006=IFCMAPPEDITEM(#1977,#3005);
#3007=IFCSHAPEREPRESENTATION(#11,'Body','MappedRepresentation',(#3006));
#3008=IFCCARTESIANPOINT((0.,0.,0.));
#3009=IFCDIRECTION((0.,0.,1.));
#3010=IFCDIRECTION((1.,0.,0.));
#3011=IFCAXIS2PLACEMENT3D(#3008,#3009,#3010);
#3012=IFCLOCALPLACEMENT(#37,#3011);
#3013=IFCPRODUCTDEFINITIONSHAPE($,$,(#3007));
#3014=IFCBUILDINGELEMENTPROXY('07BoBqoS9FFuEyg$nj8Yxs',#5,'G0772.3718cf53467a4601b081c507f1ad3577',$,$,#3012,#3013,$,$);
#3015=IFCPROPERTYSINGLEVALUE('hectometeraanduiding',$,IFCTEXT(''),$);
#3016=IFCPROPERTYSINGLEVALUE('plus-type',$,IFCTEXT('lichtmast'),$);
#3017=IFCPROPERTYSINGLEVALUE('subtype',$,IFCTEXT('2'),$);
#3018=IFCPROPERTYSINGLEVALUE('identificatie',$,IFCTEXT('G0772.3718cf53467a4601b081c507f1ad3577'),$);
#3019=IFCPROPERTYSINGLEVALUE('bgt-status',$,IFCTEXT('bestaand'),$);
#3020=IFCPROPERTYSINGLEVALUE('objectBeginTijd',$,IFCTEXT('2019-05-09T22:00:00'),$);
#3021=IFCPROPERTYSINGLEVALUE('bronhouder',$,IFCTEXT('G0772'),$);
#3022=IFCPROPERTYSINGLEVALUE('inOnderzoek',$,IFCBOOLEAN(.F.),$);
#3023=IFCPROPERTYSINGLEVALUE('relatieveHoogteligging',$,IFCTEXT('0'),$);
#3024=IFCPROPERTYSINGLEVALUE('tijdstipRegistratie',$,IFCTEXT('2019-05-13T11:54:26'),$);
#3025=IFCPROPERTYSINGLEVALUE('LV-publicatiedatum',$,IFCTEXT('2019-05-13T13:27:55'),$);
#3026=IFCPROPERTYSINGLEVALUE('objecttype',$,IFCTEXT('paal_p'),$);
#3027=IFCPROPERTYSET('1dxskdmyvCGhaf5DWz1toy',#5,'CPset_BGT',$,(#3015,#3016,#3017,#3018,#3019,#3020,#3021,#3022,#3023,#3024,#3025,#3026));
#3028=IFCRELDEFINESBYPROPERTIES('173lHOWW5FWPAXMVQDhUBj',#5,$,$,(#3014),#3027);
#3029=IFCCARTESIANPOINT((-215.48567740529,91.2886580516933,0.));
#3030=IFCCARTESIANTRANSFORMATIONOPERATOR3D($,$,#3029,1.,$);
#3031=IFCMAPPEDITEM(#1977,#3030);
#3032=IFCSHAPEREPRESENTATION(#11,'Body','MappedRepresentation',(#3031));
#3033=IFCCARTESIANPOINT((0.,0.,0.));
#3034=IFCDIRECTION((0.,0.,1.));
#3035=IFCDIRECTION((1.,0.,0.));
#3036=IFCAXIS2PLACEMENT3D(#3033,#3034,#3035);
#3037=IFCLOCALPLACEMENT(#37,#3036);
#3038=IFCPRODUCTDEFINITIONSHAPE($,$,(#3032));
#3039=IFCBUILDINGELEMENTPROXY('3JtHG6Tx96vA1bRnY$Tm81',#5,'G0772.7e88a6f7710544e5b01e24ae90a63b41',$,$,#3037,#3038,$,$);
#3040=IFCPROPERTYSINGLEVALUE('hectometeraanduiding',$,IFCTEXT(''),$);
#3041=IFCPROPERTYSINGLEVALUE('plus-type',$,IFCTEXT('lichtmast'),$);
#3042=IFCPROPERTYSINGLEVALUE('subtype',$,IFCTEXT('2'),$);
#3043=IFCPROPERTYSINGLEVALUE('identificatie',$,IFCTEXT('G0772.7e88a6f7710544e5b01e24ae90a63b41'),$);
#3044=IFCPROPERTYSINGLEVALUE('bgt-status',$,IFCTEXT('bestaand'),$);
#3045=IFCPROPERTYSINGLEVALUE('objectBeginTijd',$,IFCTEXT('2019-05-09T22:00:00'),$);
#3046=IFCPROPERTYSINGLEVALUE('bronhouder',$,IFCTEXT('G0772'),$);
#3047=IFCPROPERTYSINGLEVALUE('inOnderzoek',$,IFCBOOLEAN(.F.),$);
#3048=IFCPROPERTYSINGLEVALUE('relatieveHoogteligging',$,IFCTEXT('0'),$);
#3049=IFCPROPERTYSINGLEVALUE('tijdstipRegistratie',$,IFCTEXT('2019-05-13T11:54:26'),$);
#3050=IFCPROPERTYSINGLEVALUE('LV-publicatiedatum',$,IFCTEXT('2019-05-13T13:27:55'),$);
#3051=IFCPROPERTYSINGLEVALUE('objecttype',$,IFCTEXT('paal_p'),$);
#3052=IFCPROPERTYSET('1j$uLmq1T4iQKpXOc2YRUL',#5,'CPset_BGT',$,(#3040,#3041,#3042,#3043,#3044,#3045,#3046,#3047,#3048,#3049,#3050,#3051));
#3053=IFCRELDEFINESBYPROPERTIES('2oZ6uiArD8p9xh$m5Rw_iH',#5,$,$,(#3039),#3052);
#3054=IFCCARTESIANPOINT((12.7176577291975,-290.91400538676,0.));
#3055=IFCCARTESIANTRANSFORMATIONOPERATOR3D($,$,#3054,1.,$);
#3056=IFCMAPPEDITEM(#1977,#3055);
#3057=IFCSHAPEREPRESENTATION(#11,'Body','MappedRepresentation',(#3056));
#3058=IFCCARTESIANPOINT((0.,0.,0.));
#3059=IFCDIRECTION((0.,0.,1.));
#3060=IFCDIRECTION((1.,0.,0.));
#3061=IFCAXIS2PLACEMENT3D(#3058,#3059,#3060);
#3062=IFCLOCALPLACEMENT(#37,#3061);
#3063=IFCPRODUCTDEFINITIONSHAPE($,$,(#3057));
#3064=IFCBUILDINGELEMENTPROXY('1xrufwI09EaPkGDatH5QYm',#5,'G0772.43c570513dca4b7e8f8c178fee501396',$,$,#3062,#3063,$,$);
#3065=IFCPROPERTYSINGLEVALUE('hectometeraanduiding',$,IFCTEXT(''),$);
#3066=IFCPROPERTYSINGLEVALUE('plus-type',$,IFCTEXT('lichtmast'),$);
#3067=IFCPROPERTYSINGLEVALUE('subtype',$,IFCTEXT('2'),$);
#3068=IFCPROPERTYSINGLEVALUE('identificatie',$,IFCTEXT('G0772.43c570513dca4b7e8f8c178fee501396'),$);
#3069=IFCPROPERTYSINGLEVALUE('bgt-status',$,IFCTEXT('bestaand'),$);
#3070=IFCPROPERTYSINGLEVALUE('objectBeginTijd',$,IFCTEXT('2014-03-13T23:00:00'),$);
#3071=IFCPROPERTYSINGLEVALUE('bronhouder',$,IFCTEXT('G0772'),$);
#3072=IFCPROPERTYSINGLEVALUE('inOnderzoek',$,IFCBOOLEAN(.F.),$);
#3073=IFCPROPERTYSINGLEVALUE('relatieveHoogteligging',$,IFCTEXT('0'),$);
#3074=IFCPROPERTYSINGLEVALUE('tijdstipRegistratie',$,IFCTEXT('2016-01-07T12:25:24'),$);
#3075=IFCPROPERTYSINGLEVALUE('LV-publicatiedatum',$,IFCTEXT('2016-04-05T11:55:43'),$);
#3076=IFCPROPERTYSINGLEVALUE('objecttype',$,IFCTEXT('paal_p'),$);
#3077=IFCPROPERTYSET('2Pjv77Sef19O5ZB5aPN5ec',#5,'CPset_BGT',$,(#3065,#3066,#3067,#3068,#3069,#3070,#3071,#3072,#3073,#3074,#3075,#3076));
#3078=IFCRELDEFINESBYPROPERTIES('0$OzgMGqXAFg9sPPPKSLCn',#5,$,$,(#3064),#3077);
#3079=IFCCARTESIANPOINT((-81.1099441596598,-206.972277564579,0.));
#3080=IFCCARTESIANTRANSFORMATIONOPERATOR3D($,$,#3079,1.,$);
#3081=IFCMAPPEDITEM(#1977,#3080);
#3082=IFCSHAPEREPRESENTATION(#11,'Body','MappedRepresentation',(#3081));
#3083=IFCCARTESIANPOINT((0.,0.,0.));
#3084=IFCDIRECTION((0.,0.,1.));
#3085=IFCDIRECTION((1.,0.,0.));
#3086=IFCAXIS2PLACEMENT3D(#3083,#3084,#3085);
#3087=IFCLOCALPLACEMENT(#37,#3086);
#3088=IFCPRODUCTDEFINITIONSHAPE($,$,(#3082));
#3089=IFCBUILDINGELEMENTPROXY('3RJJZ7i_vFBxk9eg4bOTD8',#5,'G0772.0ce26fa582554d9caca6d9ae5d7a6cd7',$,$,#3087,#3088,$,$);
#3090=IFCPROPERTYSINGLEVALUE('hectometeraanduiding',$,IFCTEXT(''),$);
#3091=IFCPROPERTYSINGLEVALUE('plus-type',$,IFCTEXT('lichtmast'),$);
#3092=IFCPROPERTYSINGLEVALUE('subtype',$,IFCTEXT('2'),$);
#3093=IFCPROPERTYSINGLEVALUE('identificatie',$,IFCTEXT('G0772.0ce26fa582554d9caca6d9ae5d7a6cd7'),$);
#3094=IFCPROPERTYSINGLEVALUE('bgt-status',$,IFCTEXT('bestaand'),$);
#3095=IFCPROPERTYSINGLEVALUE('objectBeginTijd',$,IFCTEXT('2015-04-06T22:00:00'),$);
#3096=IFCPROPERTYSINGLEVALUE('bronhouder',$,IFCTEXT('G0772'),$);
#3097=IFCPROPERTYSINGLEVALUE('inOnderzoek',$,IFCBOOLEAN(.F.),$);
#3098=IFCPROPERTYSINGLEVALUE('relatieveHoogteligging',$,IFCTEXT('0'),$);
#3099=IFCPROPERTYSINGLEVALUE('tijdstipRegistratie',$,IFCTEXT('2016-01-07T12:25:24'),$);
#3100=IFCPROPERTYSINGLEVALUE('LV-publicatiedatum',$,IFCTEXT('2016-04-05T11:55:43'),$);
#3101=IFCPROPERTYSINGLEVALUE('objecttype',$,IFCTEXT('paal_p'),$);
#3102=IFCPROPERTYSET('1kLFKYsO5B3gt5DEHICygk',#5,'CPset_BGT',$,(#3090,#3091,#3092,#3093,#3094,#3095,#3096,#3097,#3098,#3099,#3100,#3101));
#3103=IFCRELDEFINESBYPROPERTIES('2N83A9ItXCtx09yMTNrUY5',#5,$,$,(#3089),#3102);
#3104=IFCCARTESIANPOINT((-169.209012642299,-148.797746466356,0.));
#3105=IFCCARTESIANTRANSFORMATIONOPERATOR3D($,$,#3104,1.,$);
#3106=IFCMAPPEDITEM(#1977,#3105);
#3107=IFCSHAPEREPRESENTATION(#11,'Body','MappedRepresentation',(#3106));
#3108=IFCCARTESIANPOINT((0.,0.,0.));
#3109=IFCDIRECTION((0.,0.,1.));
#3110=IFCDIRECTION((1.,0.,0.));
#3111=IFCAXIS2PLACEMENT3D(#3108,#3109,#3110);
#3112=IFCLOCALPLACEMENT(#37,#3111);
#3113=IFCPRODUCTDEFINITIONSHAPE($,$,(#3107));
#3114=IFCBUILDINGELEMENTPROXY('1SGAz7DQj0bhN4eTL$Q2rY',#5,'G0772.157461bfee4344aa9aa94c1400eb4ca6',$,$,#3112,#3113,$,$);
#3115=IFCPROPERTYSINGLEVALUE('hectometeraanduiding',$,IFCTEXT(''),$);
#3116=IFCPROPERTYSINGLEVALUE('plus-type',$,IFCTEXT('lichtmast'),$);
#3117=IFCPROPERTYSINGLEVALUE('subtype',$,IFCTEXT('2'),$);
#3118=IFCPROPERTYSINGLEVALUE('identificatie',$,IFCTEXT('G0772.157461bfee4344aa9aa94c1400eb4ca6'),$);
#3119=IFCPROPERTYSINGLEVALUE('bgt-status',$,IFCTEXT('bestaand'),$);
#3120=IFCPROPERTYSINGLEVALUE('objectBeginTijd',$,IFCTEXT('2011-10-03T22:00:00'),$);
#3121=IFCPROPERTYSINGLEVALUE('bronhouder',$,IFCTEXT('G0772'),$);
#3122=IFCPROPERTYSINGLEVALUE('inOnderzoek',$,IFCBOOLEAN(.F.),$);
#3123=IFCPROPERTYSINGLEVALUE('relatieveHoogteligging',$,IFCTEXT('0'),$);
#3124=IFCPROPERTYSINGLEVALUE('tijdstipRegistratie',$,IFCTEXT('2016-01-07T12:25:24'),$);
#3125=IFCPROPERTYSINGLEVALUE('LV-publicatiedatum',$,IFCTEXT('2016-04-05T11:55:43'),$);
#3126=IFCPROPERTYSINGLEVALUE('objecttype',$,IFCTEXT('paal_p'),$);
#3127=IFCPROPERTYSET('0yH3zHazX8AfJ$iBpwdPzS',#5,'CPset_BGT',$,(#3115,#3116,#3117,#3118,#3119,#3120,#3121,#3122,#3123,#3124,#3125,#3126));
#3128=IFCRELDEFINESBYPROPERTIES('33KpMK_mv5KBzimuAgLPs9',#5,$,$,(#3114),#3127);
#3129=IFCCARTESIANPOINT((-261.423247277417,-66.9339289175696,0.));
#3130=IFCCARTESIANTRANSFORMATIONOPERATOR3D($,$,#3129,1.,$);
#3131=IFCMAPPEDITEM(#1977,#3130);
#3132=IFCSHAPEREPRESENTATION(#11,'Body','MappedRepresentation',(#3131));
#3133=IFCCARTESIANPOINT((0.,0.,0.));
#3134=IFCDIRECTION((0.,0.,1.));
#3135=IFCDIRECTION((1.,0.,0.));
#3136=IFCAXIS2PLACEMENT3D(#3133,#3134,#3135);
#3137=IFCLOCALPLACEMENT(#37,#3136);
#3138=IFCPRODUCTDEFINITIONSHAPE($,$,(#3132));
#3139=IFCBUILDINGELEMENTPROXY('0IXbhJhA10Y8vOnvSyJedk',#5,'G0772.2c88076546a242ce8f2d14fe47a2d8e8',$,$,#3137,#3138,$,$);
#3140=IFCPROPERTYSINGLEVALUE('hectometeraanduiding',$,IFCTEXT(''),$);
#3141=IFCPROPERTYSINGLEVALUE('plus-type',$,IFCTEXT('lichtmast'),$);
#3142=IFCPROPERTYSINGLEVALUE('subtype',$,IFCTEXT('2'),$);
#3143=IFCPROPERTYSINGLEVALUE('identificatie',$,IFCTEXT('G0772.2c88076546a242ce8f2d14fe47a2d8e8'),$);
#3144=IFCPROPERTYSINGLEVALUE('bgt-status',$,IFCTEXT('bestaand'),$);
#3145=IFCPROPERTYSINGLEVALUE('objectBeginTijd',$,IFCTEXT('2013-02-24T23:00:00'),$);
#3146=IFCPROPERTYSINGLEVALUE('bronhouder',$,IFCTEXT('G0772'),$);
#3147=IFCPROPERTYSINGLEVALUE('inOnderzoek',$,IFCBOOLEAN(.F.),$);
#3148=IFCPROPERTYSINGLEVALUE('relatieveHoogteligging',$,IFCTEXT('0'),$);
#3149=IFCPROPERTYSINGLEVALUE('tijdstipRegistratie',$,IFCTEXT('2016-01-07T12:25:24'),$);
#3150=IFCPROPERTYSINGLEVALUE('LV-publicatiedatum',$,IFCTEXT('2016-04-05T11:55:43'),$);
#3151=IFCPROPERTYSINGLEVALUE('objecttype',$,IFCTEXT('paal_p'),$);
#3152=IFCPROPERTYSET('0I2ErXvkn0neoochCjeZqx',#5,'CPset_BGT',$,(#3140,#3141,#3142,#3143,#3144,#3145,#3146,#3147,#3148,#3149,#3150,#3151));
#3153=IFCRELDEFINESBYPROPERTIES('1kzAa4rAnFd8LNeQMfU75v',#5,$,$,(#3139),#3152);
#3154=IFCCARTESIANPOINT((-247.033476782206,-56.0633394626784,0.));
#3155=IFCCARTESIANTRANSFORMATIONOPERATOR3D($,$,#3154,1.,$);
#3156=IFCMAPPEDITEM(#1977,#3155);
#3157=IFCSHAPEREPRESENTATION(#11,'Body','MappedRepresentation',(#3156));
#3158=IFCCARTESIANPOINT((0.,0.,0.));
#3159=IFCDIRECTION((0.,0.,1.));
#3160=IFCDIRECTION((1.,0.,0.));
#3161=IFCAXIS2PLACEMENT3D(#3158,#3159,#3160);
#3162=IFCLOCALPLACEMENT(#37,#3161);
#3163=IFCPRODUCTDEFINITIONSHAPE($,$,(#3157));
#3164=IFCBUILDINGELEMENTPROXY('1k6C9ErnD1zx5qCHqbN5m2',#5,'G0772.3a92054fc0ad4bf4b87dfdc29a8478ea',$,$,#3162,#3163,$,$);
#3165=IFCPROPERTYSINGLEVALUE('hectometeraanduiding',$,IFCTEXT(''),$);
#3166=IFCPROPERTYSINGLEVALUE('plus-type',$,IFCTEXT('lichtmast'),$);
#3167=IFCPROPERTYSINGLEVALUE('subtype',$,IFCTEXT('2'),$);
#3168=IFCPROPERTYSINGLEVALUE('identificatie',$,IFCTEXT('G0772.3a92054fc0ad4bf4b87dfdc29a8478ea'),$);
#3169=IFCPROPERTYSINGLEVALUE('bgt-status',$,IFCTEXT('bestaand'),$);
#3170=IFCPROPERTYSINGLEVALUE('objectBeginTijd',$,IFCTEXT('2013-02-24T23:00:00'),$);
#3171=IFCPROPERTYSINGLEVALUE('bronhouder',$,IFCTEXT('G0772'),$);
#3172=IFCPROPERTYSINGLEVALUE('inOnderzoek',$,IFCBOOLEAN(.F.),$);
#3173=IFCPROPERTYSINGLEVALUE('relatieveHoogteligging',$,IFCTEXT('0'),$);
#3174=IFCPROPERTYSINGLEVALUE('tijdstipRegistratie',$,IFCTEXT('2016-01-07T12:25:24'),$);
#3175=IFCPROPERTYSINGLEVALUE('LV-publicatiedatum',$,IFCTEXT('2016-04-05T11:55:43'),$);
#3176=IFCPROPERTYSINGLEVALUE('objecttype',$,IFCTEXT('paal_p'),$);
#3177=IFCPROPERTYSET('3QU154xTfAguT$EFYfPEYF',#5,'CPset_BGT',$,(#3165,#3166,#3167,#3168,#3169,#3170,#3171,#3172,#3173,#3174,#3175,#3176));
#3178=IFCRELDEFINESBYPROPERTIES('2V7f8lhxr8kPId73geYud2',#5,$,$,(#3164),#3177);
#3179=IFCCARTESIANPOINT((-155.987723189843,-192.192219123768,0.));
#3180=IFCCARTESIANTRANSFORMATIONOPERATOR3D($,$,#3179,1.,$);
#3181=IFCMAPPEDITEM(#1977,#3180);
#3182=IFCSHAPEREPRESENTATION(#11,'Body','MappedRepresentation',(#3181));
#3183=IFCCARTESIANPOINT((0.,0.,0.));
#3184=IFCDIRECTION((0.,0.,1.));
#3185=IFCDIRECTION((1.,0.,0.));
#3186=IFCAXIS2PLACEMENT3D(#3183,#3184,#3185);
#3187=IFCLOCALPLACEMENT(#37,#3186);
#3188=IFCPRODUCTDEFINITIONSHAPE($,$,(#3182));
#3189=IFCBUILDINGELEMENTPROXY('0WRlQoODLEJBRWyClpt$sn',#5,'G0772.5b96d7e95819421ab50f6c6e734687a4',$,$,#3187,#3188,$,$);
#3190=IFCPROPERTYSINGLEVALUE('hectometeraanduiding',$,IFCTEXT(''),$);
#3191=IFCPROPERTYSINGLEVALUE('plus-type',$,IFCTEXT('lichtmast'),$);
#3192=IFCPROPERTYSINGLEVALUE('subtype',$,IFCTEXT('2'),$);
#3193=IFCPROPERTYSINGLEVALUE('identificatie',$,IFCTEXT('G0772.5b96d7e95819421ab50f6c6e734687a4'),$);
#3194=IFCPROPERTYSINGLEVALUE('bgt-status',$,IFCTEXT('bestaand'),$);
#3195=IFCPROPERTYSINGLEVALUE('objectBeginTijd',$,IFCTEXT('2015-04-06T22:00:00'),$);
#3196=IFCPROPERTYSINGLEVALUE('bronhouder',$,IFCTEXT('G0772'),$);
#3197=IFCPROPERTYSINGLEVALUE('inOnderzoek',$,IFCBOOLEAN(.F.),$);
#3198=IFCPROPERTYSINGLEVALUE('relatieveHoogteligging',$,IFCTEXT('0'),$);
#3199=IFCPROPERTYSINGLEVALUE('tijdstipRegistratie',$,IFCTEXT('2016-01-07T12:25:24'),$);
#3200=IFCPROPERTYSINGLEVALUE('LV-publicatiedatum',$,IFCTEXT('2016-04-05T11:55:43'),$);
#3201=IFCPROPERTYSINGLEVALUE('objecttype',$,IFCTEXT('paal_p'),$);
#3202=IFCPROPERTYSET('13wqCZZhT7zByfIjjgQd9w',#5,'CPset_BGT',$,(#3190,#3191,#3192,#3193,#3194,#3195,#3196,#3197,#3198,#3199,#3200,#3201));
#3203=IFCRELDEFINESBYPROPERTIES('3nVa$Gry9D8gNQtbO2KJvK',#5,$,$,(#3189),#3202);
#3204=IFCCARTESIANPOINT((-125.767137525254,-170.837058667967,0.));
#3205=IFCCARTESIANTRANSFORMATIONOPERATOR3D($,$,#3204,1.,$);
#3206=IFCMAPPEDITEM(#1977,#3205);
#3207=IFCSHAPEREPRESENTATION(#11,'Body','MappedRepresentation',(#3206));
#3208=IFCCARTESIANPOINT((0.,0.,0.));
#3209=IFCDIRECTION((0.,0.,1.));
#3210=IFCDIRECTION((1.,0.,0.));
#3211=IFCAXIS2PLACEMENT3D(#3208,#3209,#3210);
#3212=IFCLOCALPLACEMENT(#37,#3211);
#3213=IFCPRODUCTDEFINITIONSHAPE($,$,(#3207));
#3214=IFCBUILDINGELEMENTPROXY('1LJRrNFlPD5vCl3wH5aC46',#5,'G0772.6082b5620aca4f15b09f2c3dfa83d7f3',$,$,#3212,#3213,$,$);
#3215=IFCPROPERTYSINGLEVALUE('hectometeraanduiding',$,IFCTEXT(''),$);
#3216=IFCPROPERTYSINGLEVALUE('plus-type',$,IFCTEXT('lichtmast'),$);
#3217=IFCPROPERTYSINGLEVALUE('subtype',$,IFCTEXT('2'),$);
#3218=IFCPROPERTYSINGLEVALUE('identificatie',$,IFCTEXT('G0772.6082b5620aca4f15b09f2c3dfa83d7f3'),$);
#3219=IFCPROPERTYSINGLEVALUE('bgt-status',$,IFCTEXT('bestaand'),$);
#3220=IFCPROPERTYSINGLEVALUE('objectBeginTijd',$,IFCTEXT('2015-04-06T22:00:00'),$);
#3221=IFCPROPERTYSINGLEVALUE('bronhouder',$,IFCTEXT('G0772'),$);
#3222=IFCPROPERTYSINGLEVALUE('inOnderzoek',$,IFCBOOLEAN(.F.),$);
#3223=IFCPROPERTYSINGLEVALUE('relatieveHoogteligging',$,IFCTEXT('0'),$);
#3224=IFCPROPERTYSINGLEVALUE('tijdstipRegistratie',$,IFCTEXT('2016-01-07T12:25:24'),$);
#3225=IFCPROPERTYSINGLEVALUE('LV-publicatiedatum',$,IFCTEXT('2016-04-05T11:55:43'),$);
#3226=IFCPROPERTYSINGLEVALUE('objecttype',$,IFCTEXT('paal_p'),$);
#3227=IFCPROPERTYSET('3XOA2xEpTAsv5S5EXOXk9h',#5,'CPset_BGT',$,(#3215,#3216,#3217,#3218,#3219,#3220,#3221,#3222,#3223,#3224,#3225,#3226));
#3228=IFCRELDEFINESBYPROPERTIES('2PTJqMshr53f98m08smekD',#5,$,$,(#3214),#3227);
#3229=IFCCARTESIANPOINT((-28.0372776566364,-231.821205091896,0.));
#3230=IFCCARTESIANTRANSFORMATIONOPERATOR3D($,$,#3229,1.,$);
#3231=IFCMAPPEDITEM(#1977,#3230);
#3232=IFCSHAPEREPRESENTATION(#11,'Body','MappedRepresentation',(#3231));
#3233=IFCCARTESIANPOINT((0.,0.,0.));
#3234=IFCDIRECTION((0.,0.,1.));
#3235=IFCDIRECTION((1.,0.,0.));
#3236=IFCAXIS2PLACEMENT3D(#3233,#3234,#3235);
#3237=IFCLOCALPLACEMENT(#37,#3236);
#3238=IFCPRODUCTDEFINITIONSHAPE($,$,(#3232));
#3239=IFCBUILDINGELEMENTPROXY('3f7fMXaVjFueJ0onuTm0zR',#5,'G0772.75e39e9da89f4530943a3f7e7372026f',$,$,#3237,#3238,$,$);
#3240=IFCPROPERTYSINGLEVALUE('hectometeraanduiding',$,IFCTEXT(''),$);
#3241=IFCPROPERTYSINGLEVALUE('plus-type',$,IFCTEXT('lichtmast'),$);
#3242=IFCPROPERTYSINGLEVALUE('subtype',$,IFCTEXT('2'),$);
#3243=IFCPROPERTYSINGLEVALUE('identificatie',$,IFCTEXT('G0772.75e39e9da89f4530943a3f7e7372026f'),$);
#3244=IFCPROPERTYSINGLEVALUE('bgt-status',$,IFCTEXT('bestaand'),$);
#3245=IFCPROPERTYSINGLEVALUE('objectBeginTijd',$,IFCTEXT('2012-10-10T22:00:00'),$);
#3246=IFCPROPERTYSINGLEVALUE('bronhouder',$,IFCTEXT('G0772'),$);
#3247=IFCPROPERTYSINGLEVALUE('inOnderzoek',$,IFCBOOLEAN(.F.),$);
#3248=IFCPROPERTYSINGLEVALUE('relatieveHoogteligging',$,IFCTEXT('0'),$);
#3249=IFCPROPERTYSINGLEVALUE('tijdstipRegistratie',$,IFCTEXT('2016-01-07T12:25:24'),$);
#3250=IFCPROPERTYSINGLEVALUE('LV-publicatiedatum',$,IFCTEXT('2016-04-05T11:55:43'),$);
#3251=IFCPROPERTYSINGLEVALUE('objecttype',$,IFCTEXT('paal_p'),$);
#3252=IFCPROPERTYSET('2SKs2NEwL6YeZJjiGw4ptj',#5,'CPset_BGT',$,(#3240,#3241,#3242,#3243,#3244,#3245,#3246,#3247,#3248,#3249,#3250,#3251));
#3253=IFCRELDEFINESBYPROPERTIES('3uAzFJBlL8zBPgqAPOYZBR',#5,$,$,(#3239),#3252);
#3254=IFCCARTESIANPOINT((-170.358942316641,-158.102280992258,0.));
#3255=IFCCARTESIANTRANSFORMATIONOPERATOR3D($,$,#3254,1.,$);
#3256=IFCMAPPEDITEM(#1977,#3255);
#3257=IFCSHAPEREPRESENTATION(#11,'Body','MappedRepresentation',(#3256));
#3258=IFCCARTESIANPOINT((0.,0.,0.));
#3259=IFCDIRECTION((0.,0.,1.));
#3260=IFCDIRECTION((1.,0.,0.));
#3261=IFCAXIS2PLACEMENT3D(#3258,#3259,#3260);
#3262=IFCLOCALPLACEMENT(#37,#3261);
#3263=IFCPRODUCTDEFINITIONSHAPE($,$,(#3257));
#3264=IFCBUILDINGELEMENTPROXY('2qvjbvcU55_uYBQSyfOnF2',#5,'G0772.7a2ef93381ce4ad4a73a9a81f98ec39f',$,$,#3262,#3263,$,$);
#3265=IFCPROPERTYSINGLEVALUE('hectometeraanduiding',$,IFCTEXT(''),$);
#3266=IFCPROPERTYSINGLEVALUE('plus-type',$,IFCTEXT('lichtmast'),$);
#3267=IFCPROPERTYSINGLEVALUE('subtype',$,IFCTEXT('2'),$);
#3268=IFCPROPERTYSINGLEVALUE('identificatie',$,IFCTEXT('G0772.7a2ef93381ce4ad4a73a9a81f98ec39f'),$);
#3269=IFCPROPERTYSINGLEVALUE('bgt-status',$,IFCTEXT('bestaand'),$);
#3270=IFCPROPERTYSINGLEVALUE('objectBeginTijd',$,IFCTEXT('2014-03-10T23:00:00'),$);
#3271=IFCPROPERTYSINGLEVALUE('bronhouder',$,IFCTEXT('G0772'),$);
#3272=IFCPROPERTYSINGLEVALUE('inOnderzoek',$,IFCBOOLEAN(.F.),$);
#3273=IFCPROPERTYSINGLEVALUE('relatieveHoogteligging',$,IFCTEXT('0'),$);
#3274=IFCPROPERTYSINGLEVALUE('tijdstipRegistratie',$,IFCTEXT('2016-01-07T12:25:24'),$);
#3275=IFCPROPERTYSINGLEVALUE('LV-publicatiedatum',$,IFCTEXT('2016-04-05T11:55:43'),$);
#3276=IFCPROPERTYSINGLEVALUE('objecttype',$,IFCTEXT('paal_p'),$);
#3277=IFCPROPERTYSET('2CtcWi49P0NvOLS9tVglxA',#5,'CPset_BGT',$,(#3265,#3266,#3267,#3268,#3269,#3270,#3271,#3272,#3273,#3274,#3275,#3276));
#3278=IFCRELDEFINESBYPROPERTIES('0SRP2K5T9978KsLaDOD3sp',#5,$,$,(#3264),#3277);
#3279=IFCCARTESIANPOINT((-162.603480443591,-146.170574151445,0.));
#3280=IFCCARTESIANTRANSFORMATIONOPERATOR3D($,$,#3279,1.,$);
#3281=IFCMAPPEDITEM(#1977,#3280);
#3282=IFCSHAPEREPRESENTATION(#11,'Body','MappedRepresentation',(#3281));
#3283=IFCCARTESIANPOINT((0.,0.,0.));
#3284=IFCDIRECTION((0.,0.,1.));
#3285=IFCDIRECTION((1.,0.,0.));
#3286=IFCAXIS2PLACEMENT3D(#3283,#3284,#3285);
#3287=IFCLOCALPLACEMENT(#37,#3286);
#3288=IFCPRODUCTDEFINITIONSHAPE($,$,(#3282));
#3289=IFCBUILDINGELEMENTPROXY('2dtQLH_gbCV8eOzGwLsy90',#5,'G0772.7c01ffc60f8443078733b945eb302bb5',$,$,#3287,#3288,$,$);
#3290=IFCPROPERTYSINGLEVALUE('hectometeraanduiding',$,IFCTEXT(''),$);
#3291=IFCPROPERTYSINGLEVALUE('plus-type',$,IFCTEXT('lichtmast'),$);
#3292=IFCPROPERTYSINGLEVALUE('subtype',$,IFCTEXT('2'),$);
#3293=IFCPROPERTYSINGLEVALUE('identificatie',$,IFCTEXT('G0772.7c01ffc60f8443078733b945eb302bb5'),$);
#3294=IFCPROPERTYSINGLEVALUE('bgt-status',$,IFCTEXT('bestaand'),$);
#3295=IFCPROPERTYSINGLEVALUE('objectBeginTijd',$,IFCTEXT('2014-03-10T23:00:00'),$);
#3296=IFCPROPERTYSINGLEVALUE('bronhouder',$,IFCTEXT('G0772'),$);
#3297=IFCPROPERTYSINGLEVALUE('inOnderzoek',$,IFCBOOLEAN(.F.),$);
#3298=IFCPROPERTYSINGLEVALUE('relatieveHoogteligging',$,IFCTEXT('0'),$);
#3299=IFCPROPERTYSINGLEVALUE('tijdstipRegistratie',$,IFCTEXT('2016-01-07T12:25:24'),$);
#3300=IFCPROPERTYSINGLEVALUE('LV-publicatiedatum',$,IFCTEXT('2016-04-05T11:55:43'),$);
#3301=IFCPROPERTYSINGLEVALUE('objecttype',$,IFCTEXT('paal_p'),$);
#3302=IFCPROPERTYSET('2BsWXjYs1ESPjrOVGjbiqr',#5,'CPset_BGT',$,(#3290,#3291,#3292,#3293,#3294,#3295,#3296,#3297,#3298,#3299,#3300,#3301));
#3303=IFCRELDEFINESBYPROPERTIES('11YroOAOD1iAt$47uFJXyW',#5,$,$,(#3289),#3302);
#3304=IFCCARTESIANPOINT((-133.059865385905,-182.553453563654,0.));
#3305=IFCCARTESIANTRANSFORMATIONOPERATOR3D($,$,#3304,1.,$);
#3306=IFCMAPPEDITEM(#1977,#3305);
#3307=IFCSHAPEREPRESENTATION(#11,'Body','MappedRepresentation',(#3306));
#3308=IFCCARTESIANPOINT((0.,0.,0.));
#3309=IFCDIRECTION((0.,0.,1.));
#3310=IFCDIRECTION((1.,0.,0.));
#3311=IFCAXIS2PLACEMENT3D(#3308,#3309,#3310);
#3312=IFCLOCALPLACEMENT(#37,#3311);
#3313=IFCPRODUCTDEFINITIONSHAPE($,$,(#3307));
#3314=IFCBUILDINGELEMENTPROXY('3MyEYEWcX6lfW5TF5cCeyj',#5,'G0772.8632221ce5a445dd804f665983e8d9d6',$,$,#3312,#3313,$,$);
#3315=IFCPROPERTYSINGLEVALUE('hectometeraanduiding',$,IFCTEXT(''),$);
#3316=IFCPROPERTYSINGLEVALUE('plus-type',$,IFCTEXT('lichtmast'),$);
#3317=IFCPROPERTYSINGLEVALUE('subtype',$,IFCTEXT('2'),$);
#3318=IFCPROPERTYSINGLEVALUE('identificatie',$,IFCTEXT('G0772.8632221ce5a445dd804f665983e8d9d6'),$);
#3319=IFCPROPERTYSINGLEVALUE('bgt-status',$,IFCTEXT('bestaand'),$);
#3320=IFCPROPERTYSINGLEVALUE('objectBeginTijd',$,IFCTEXT('2015-04-06T22:00:00'),$);
#3321=IFCPROPERTYSINGLEVALUE('bronhouder',$,IFCTEXT('G0772'),$);
#3322=IFCPROPERTYSINGLEVALUE('inOnderzoek',$,IFCBOOLEAN(.F.),$);
#3323=IFCPROPERTYSINGLEVALUE('relatieveHoogteligging',$,IFCTEXT('0'),$);
#3324=IFCPROPERTYSINGLEVALUE('tijdstipRegistratie',$,IFCTEXT('2016-01-07T12:25:24'),$);
#3325=IFCPROPERTYSINGLEVALUE('LV-publicatiedatum',$,IFCTEXT('2016-04-05T11:55:43'),$);
#3326=IFCPROPERTYSINGLEVALUE('objecttype',$,IFCTEXT('paal_p'),$);
#3327=IFCPROPERTYSET('0S4BKgSJ18QvbEFepZZp8m',#5,'CPset_BGT',$,(#3315,#3316,#3317,#3318,#3319,#3320,#3321,#3322,#3323,#3324,#3325,#3326));
#3328=IFCRELDEFINESBYPROPERTIES('2StLIC$ijCXAhOL2S22lqM',#5,$,$,(#3314),#3327);
#3329=IFCCARTESIANPOINT((-145.115214281454,-139.126230062626,0.));
#3330=IFCCARTESIANTRANSFORMATIONOPERATOR3D($,$,#3329,1.,$);
#3331=IFCMAPPEDITEM(#1977,#3330);
#3332=IFCSHAPEREPRESENTATION(#11,'Body','MappedRepresentation',(#3331));
#3333=IFCCARTESIANPOINT((0.,0.,0.));
#3334=IFCDIRECTION((0.,0.,1.));
#3335=IFCDIRECTION((1.,0.,0.));
#3336=IFCAXIS2PLACEMENT3D(#3333,#3334,#3335);
#3337=IFCLOCALPLACEMENT(#37,#3336);
#3338=IFCPRODUCTDEFINITIONSHAPE($,$,(#3332));
#3339=IFCBUILDINGELEMENTPROXY('3zWcm7eWn4a8lXUG0DM83Z',#5,'G0772.88b4744251c440eb8efa6c5dbc1385f4',$,$,#3337,#3338,$,$);
#3340=IFCPROPERTYSINGLEVALUE('hectometeraanduiding',$,IFCTEXT(''),$);
#3341=IFCPROPERTYSINGLEVALUE('plus-type',$,IFCTEXT('lichtmast'),$);
#3342=IFCPROPERTYSINGLEVALUE('subtype',$,IFCTEXT('2'),$);
#3343=IFCPROPERTYSINGLEVALUE('identificatie',$,IFCTEXT('G0772.88b4744251c440eb8efa6c5dbc1385f4'),$);
#3344=IFCPROPERTYSINGLEVALUE('bgt-status',$,IFCTEXT('bestaand'),$);
#3345=IFCPROPERTYSINGLEVALUE('objectBeginTijd',$,IFCTEXT('2014-03-10T23:00:00'),$);
#3346=IFCPROPERTYSINGLEVALUE('bronhouder',$,IFCTEXT('G0772'),$);
#3347=IFCPROPERTYSINGLEVALUE('inOnderzoek',$,IFCBOOLEAN(.F.),$);
#3348=IFCPROPERTYSINGLEVALUE('relatieveHoogteligging',$,IFCTEXT('0'),$);
#3349=IFCPROPERTYSINGLEVALUE('tijdstipRegistratie',$,IFCTEXT('2016-01-07T12:25:24'),$);
#3350=IFCPROPERTYSINGLEVALUE('LV-publicatiedatum',$,IFCTEXT('2016-04-05T11:55:43'),$);
#3351=IFCPROPERTYSINGLEVALUE('objecttype',$,IFCTEXT('paal_p'),$);
#3352=IFCPROPERTYSET('1CsFh98xz26O39MkLJ5BV8',#5,'CPset_BGT',$,(#3340,#3341,#3342,#3343,#3344,#3345,#3346,#3347,#3348,#3349,#3350,#3351));
#3353=IFCRELDEFINESBYPROPERTIES('0HmEaBosTEAhOP16wYdrVT',#5,$,$,(#3339),#3352);
#3354=IFCCARTESIANPOINT((-284.708185375872,-58.5610546949902,0.));
#3355=IFCCARTESIANTRANSFORMATIONOPERATOR3D($,$,#3354,1.,$);
#3356=IFCMAPPEDITEM(#1977,#3355);
#3357=IFCSHAPEREPRESENTATION(#11,'Body','MappedRepresentation',(#3356));
#3358=IFCCARTESIANPOINT((0.,0.,0.));
#3359=IFCDIRECTION((0.,0.,1.));
#3360=IFCDIRECTION((1.,0.,0.));
#3361=IFCAXIS2PLACEMENT3D(#3358,#3359,#3360);
#3362=IFCLOCALPLACEMENT(#37,#3361);
#3363=IFCPRODUCTDEFINITIONSHAPE($,$,(#3357));
#3364=IFCBUILDINGELEMENTPROXY('0a0WJPP4D0afBtF8QYcuKd',#5,'G0772.b0d9f6b2d11e41129e81a781ff327c99',$,$,#3362,#3363,$,$);
#3365=IFCPROPERTYSINGLEVALUE('hectometeraanduiding',$,IFCTEXT(''),$);
#3366=IFCPROPERTYSINGLEVALUE('plus-type',$,IFCTEXT('lichtmast'),$);
#3367=IFCPROPERTYSINGLEVALUE('subtype',$,IFCTEXT('2'),$);
#3368=IFCPROPERTYSINGLEVALUE('identificatie',$,IFCTEXT('G0772.b0d9f6b2d11e41129e81a781ff327c99'),$);
#3369=IFCPROPERTYSINGLEVALUE('bgt-status',$,IFCTEXT('bestaand'),$);
#3370=IFCPROPERTYSINGLEVALUE('objectBeginTijd',$,IFCTEXT('2015-04-06T22:00:00'),$);
#3371=IFCPROPERTYSINGLEVALUE('bronhouder',$,IFCTEXT('G0772'),$);
#3372=IFCPROPERTYSINGLEVALUE('inOnderzoek',$,IFCBOOLEAN(.F.),$);
#3373=IFCPROPERTYSINGLEVALUE('relatieveHoogteligging',$,IFCTEXT('0'),$);
#3374=IFCPROPERTYSINGLEVALUE('tijdstipRegistratie',$,IFCTEXT('2016-01-07T12:25:24'),$);
#3375=IFCPROPERTYSINGLEVALUE('LV-publicatiedatum',$,IFCTEXT('2016-04-05T11:55:43'),$);
#3376=IFCPROPERTYSINGLEVALUE('objecttype',$,IFCTEXT('paal_p'),$);
#3377=IFCPROPERTYSET('1E$TfQTUr8NO$$Nm7Oni6P',#5,'CPset_BGT',$,(#3365,#3366,#3367,#3368,#3369,#3370,#3371,#3372,#3373,#3374,#3375,#3376));
#3378=IFCRELDEFINESBYPROPERTIES('2x6c$C9_f069W$ncN2S1Cs',#5,$,$,(#3364),#3377);
#3379=IFCCARTESIANPOINT((-184.294415069831,-154.966671299597,0.));
#3380=IFCCARTESIANTRANSFORMATIONOPERATOR3D($,$,#3379,1.,$);
#3381=IFCMAPPEDITEM(#1977,#3380);
#3382=IFCSHAPEREPRESENTATION(#11,'Body','MappedRepresentation',(#3381));
#3383=IFCCARTESIANPOINT((0.,0.,0.));
#3384=IFCDIRECTION((0.,0.,1.));
#3385=IFCDIRECTION((1.,0.,0.));
#3386=IFCAXIS2PLACEMENT3D(#3383,#3384,#3385);
#3387=IFCLOCALPLACEMENT(#37,#3386);
#3388=IFCPRODUCTDEFINITIONSHAPE($,$,(#3382));
#3389=IFCBUILDINGELEMENTPROXY('2N7kagnbj0WOvekVDAy1J_',#5,'G0772.b6a784648d8048858da15fcd210e9867',$,$,#3387,#3388,$,$);
#3390=IFCPROPERTYSINGLEVALUE('hectometeraanduiding',$,IFCTEXT(''),$);
#3391=IFCPROPERTYSINGLEVALUE('plus-type',$,IFCTEXT('lichtmast'),$);
#3392=IFCPROPERTYSINGLEVALUE('subtype',$,IFCTEXT('2'),$);
#3393=IFCPROPERTYSINGLEVALUE('identificatie',$,IFCTEXT('G0772.b6a784648d8048858da15fcd210e9867'),$);
#3394=IFCPROPERTYSINGLEVALUE('bgt-status',$,IFCTEXT('bestaand'),$);
#3395=IFCPROPERTYSINGLEVALUE('objectBeginTijd',$,IFCTEXT('2014-03-10T23:00:00'),$);
#3396=IFCPROPERTYSINGLEVALUE('bronhouder',$,IFCTEXT('G0772'),$);
#3397=IFCPROPERTYSINGLEVALUE('inOnderzoek',$,IFCBOOLEAN(.F.),$);
#3398=IFCPROPERTYSINGLEVALUE('relatieveHoogteligging',$,IFCTEXT('0'),$);
#3399=IFCPROPERTYSINGLEVALUE('tijdstipRegistratie',$,IFCTEXT('2016-01-07T12:25:24'),$);
#3400=IFCPROPERTYSINGLEVALUE('LV-publicatiedatum',$,IFCTEXT('2016-04-05T11:55:43'),$);
#3401=IFCPROPERTYSINGLEVALUE('objecttype',$,IFCTEXT('paal_p'),$);
#3402=IFCPROPERTYSET('1dbcR17XP0QhY32RQSNkrp',#5,'CPset_BGT',$,(#3390,#3391,#3392,#3393,#3394,#3395,#3396,#3397,#3398,#3399,#3400,#3401));
#3403=IFCRELDEFINESBYPROPERTIES('29667Zpyr2aer_V36xF1j$',#5,$,$,(#3389),#3402);
#3404=IFCCARTESIANPOINT((-17.5651738362503,-249.115524811787,0.));
#3405=IFCCARTESIANTRANSFORMATIONOPERATOR3D($,$,#3404,1.,$);
#3406=IFCMAPPEDITEM(#1977,#3405);
#3407=IFCSHAPEREPRESENTATION(#11,'Body','MappedRepresentation',(#3406));
#3408=IFCCARTESIANPOINT((0.,0.,0.));
#3409=IFCDIRECTION((0.,0.,1.));
#3410=IFCDIRECTION((1.,0.,0.));
#3411=IFCAXIS2PLACEMENT3D(#3408,#3409,#3410);
#3412=IFCLOCALPLACEMENT(#37,#3411);
#3413=IFCPRODUCTDEFINITIONSHAPE($,$,(#3407));
#3414=IFCBUILDINGELEMENTPROXY('3D7PBpO$T5sugjvj8GmCP5',#5,'G0772.bc728686366b464c9dcac06af87873cd',$,$,#3412,#3413,$,$);
#3415=IFCPROPERTYSINGLEVALUE('hectometeraanduiding',$,IFCTEXT(''),$);
#3416=IFCPROPERTYSINGLEVALUE('plus-type',$,IFCTEXT('lichtmast'),$);
#3417=IFCPROPERTYSINGLEVALUE('subtype',$,IFCTEXT('2'),$);
#3418=IFCPROPERTYSINGLEVALUE('identificatie',$,IFCTEXT('G0772.bc728686366b464c9dcac06af87873cd'),$);
#3419=IFCPROPERTYSINGLEVALUE('bgt-status',$,IFCTEXT('bestaand'),$);
#3420=IFCPROPERTYSINGLEVALUE('objectBeginTijd',$,IFCTEXT('2012-10-10T22:00:00'),$);
#3421=IFCPROPERTYSINGLEVALUE('bronhouder',$,IFCTEXT('G0772'),$);
#3422=IFCPROPERTYSINGLEVALUE('inOnderzoek',$,IFCBOOLEAN(.F.),$);
#3423=IFCPROPERTYSINGLEVALUE('relatieveHoogteligging',$,IFCTEXT('0'),$);
#3424=IFCPROPERTYSINGLEVALUE('tijdstipRegistratie',$,IFCTEXT('2016-01-07T12:25:24'),$);
#3425=IFCPROPERTYSINGLEVALUE('LV-publicatiedatum',$,IFCTEXT('2016-04-05T11:55:43'),$);
#3426=IFCPROPERTYSINGLEVALUE('objecttype',$,IFCTEXT('paal_p'),$);
#3427=IFCPROPERTYSET('3_Vdbxbez3sxk5KfqQhD1I',#5,'CPset_BGT',$,(#3415,#3416,#3417,#3418,#3419,#3420,#3421,#3422,#3423,#3424,#3425,#3426));
#3428=IFCRELDEFINESBYPROPERTIES('1uiGMdUM13au6ulAS8AGa1',#5,$,$,(#3414),#3427);
#3429=IFCCARTESIANPOINT((-122.013506317599,-150.063849051774,0.));
#3430=IFCCARTESIANTRANSFORMATIONOPERATOR3D($,$,#3429,1.,$);
#3431=IFCMAPPEDITEM(#1977,#3430);
#3432=IFCSHAPEREPRESENTATION(#11,'Body','MappedRepresentation',(#3431));
#3433=IFCCARTESIANPOINT((0.,0.,0.));
#3434=IFCDIRECTION((0.,0.,1.));
#3435=IFCDIRECTION((1.,0.,0.));
#3436=IFCAXIS2PLACEMENT3D(#3433,#3434,#3435);
#3437=IFCLOCALPLACEMENT(#37,#3436);
#3438=IFCPRODUCTDEFINITIONSHAPE($,$,(#3432));
#3439=IFCBUILDINGELEMENTPROXY('2$$uUkatz11wNUSIgeTBzw',#5,'G0772.c20db4f299d24fb4bf336e0e97b46e0b',$,$,#3437,#3438,$,$);
#3440=IFCPROPERTYSINGLEVALUE('hectometeraanduiding',$,IFCTEXT(''),$);
#3441=IFCPROPERTYSINGLEVALUE('plus-type',$,IFCTEXT('lichtmast'),$);
#3442=IFCPROPERTYSINGLEVALUE('subtype',$,IFCTEXT('2'),$);
#3443=IFCPROPERTYSINGLEVALUE('identificatie',$,IFCTEXT('G0772.c20db4f299d24fb4bf336e0e97b46e0b'),$);
#3444=IFCPROPERTYSINGLEVALUE('bgt-status',$,IFCTEXT('bestaand'),$);
#3445=IFCPROPERTYSINGLEVALUE('objectBeginTijd',$,IFCTEXT('2011-10-03T22:00:00'),$);
#3446=IFCPROPERTYSINGLEVALUE('bronhouder',$,IFCTEXT('G0772'),$);
#3447=IFCPROPERTYSINGLEVALUE('inOnderzoek',$,IFCBOOLEAN(.F.),$);
#3448=IFCPROPERTYSINGLEVALUE('relatieveHoogteligging',$,IFCTEXT('0'),$);
#3449=IFCPROPERTYSINGLEVALUE('tijdstipRegistratie',$,IFCTEXT('2016-01-07T12:25:24'),$);
#3450=IFCPROPERTYSINGLEVALUE('LV-publicatiedatum',$,IFCTEXT('2016-04-05T11:55:43'),$);
#3451=IFCPROPERTYSINGLEVALUE('objecttype',$,IFCTEXT('paal_p'),$);
#3452=IFCPROPERTYSET('0$mHp07H5AEfIeiemz$FqD',#5,'CPset_BGT',$,(#3440,#3441,#3442,#3443,#3444,#3445,#3446,#3447,#3448,#3449,#3450,#3451));
#3453=IFCRELDEFINESBYPROPERTIES('1Ov_urrlH0HAr36yvjNcH7',#5,$,$,(#3439),#3452);
#3454=IFCCARTESIANPOINT((-276.52128831044,-78.294296735723,0.));
#3455=IFCCARTESIANTRANSFORMATIONOPERATOR3D($,$,#3454,1.,$);
#3456=IFCMAPPEDITEM(#1977,#3455);
#3457=IFCSHAPEREPRESENTATION(#11,'Body','MappedRepresentation',(#3456));
#3458=IFCCARTESIANPOINT((0.,0.,0.));
#3459=IFCDIRECTION((0.,0.,1.));
#3460=IFCDIRECTION((1.,0.,0.));
#3461=IFCAXIS2PLACEMENT3D(#3458,#3459,#3460);
#3462=IFCLOCALPLACEMENT(#37,#3461);
#3463=IFCPRODUCTDEFINITIONSHAPE($,$,(#3457));
#3464=IFCBUILDINGELEMENTPROXY('3Ogtrrp0PEkhIGmm4oCXQC',#5,'G0772.c25186a81018406fb9baaf61f5b16ef7',$,$,#3462,#3463,$,$);
#3465=IFCPROPERTYSINGLEVALUE('hectometeraanduiding',$,IFCTEXT(''),$);
#3466=IFCPROPERTYSINGLEVALUE('plus-type',$,IFCTEXT('lichtmast'),$);
#3467=IFCPROPERTYSINGLEVALUE('subtype',$,IFCTEXT('2'),$);
#3468=IFCPROPERTYSINGLEVALUE('identificatie',$,IFCTEXT('G0772.c25186a81018406fb9baaf61f5b16ef7'),$);
#3469=IFCPROPERTYSINGLEVALUE('bgt-status',$,IFCTEXT('bestaand'),$);
#3470=IFCPROPERTYSINGLEVALUE('objectBeginTijd',$,IFCTEXT('2013-02-24T23:00:00'),$);
#3471=IFCPROPERTYSINGLEVALUE('bronhouder',$,IFCTEXT('G0772'),$);
#3472=IFCPROPERTYSINGLEVALUE('inOnderzoek',$,IFCBOOLEAN(.F.),$);
#3473=IFCPROPERTYSINGLEVALUE('relatieveHoogteligging',$,IFCTEXT('0'),$);
#3474=IFCPROPERTYSINGLEVALUE('tijdstipRegistratie',$,IFCTEXT('2016-01-07T12:25:24'),$);
#3475=IFCPROPERTYSINGLEVALUE('LV-publicatiedatum',$,IFCTEXT('2016-04-05T11:55:43'),$);
#3476=IFCPROPERTYSINGLEVALUE('objecttype',$,IFCTEXT('paal_p'),$);
#3477=IFCPROPERTYSET('12SNx$kJT8AgaCcV6fE_Lx',#5,'CPset_BGT',$,(#3465,#3466,#3467,#3468,#3469,#3470,#3471,#3472,#3473,#3474,#3475,#3476));
#3478=IFCRELDEFINESBYPROPERTIES('0z5Ghr3sn9bewcNyqsbk1R',#5,$,$,(#3464),#3477);
#3479=IFCCARTESIANPOINT((-175.924844367662,-171.380261499842,0.));
#3480=IFCCARTESIANTRANSFORMATIONOPERATOR3D($,$,#3479,1.,$);
#3481=IFCMAPPEDITEM(#1977,#3480);
#3482=IFCSHAPEREPRESENTATION(#11,'Body','MappedRepresentation',(#3481));
#3483=IFCCARTESIANPOINT((0.,0.,0.));
#3484=IFCDIRECTION((0.,0.,1.));
#3485=IFCDIRECTION((1.,0.,0.));
#3486=IFCAXIS2PLACEMENT3D(#3483,#3484,#3485);
#3487=IFCLOCALPLACEMENT(#37,#3486);
#3488=IFCPRODUCTDEFINITIONSHAPE($,$,(#3482));
#3489=IFCBUILDINGELEMENTPROXY('2VIqJ0slXCGBabT5PCQzZU',#5,'G0772.d809f2d6d5b84587824a6118e0aef684',$,$,#3487,#3488,$,$);
#3490=IFCPROPERTYSINGLEVALUE('hectometeraanduiding',$,IFCTEXT(''),$);
#3491=IFCPROPERTYSINGLEVALUE('plus-type',$,IFCTEXT('lichtmast'),$);
#3492=IFCPROPERTYSINGLEVALUE('subtype',$,IFCTEXT('2'),$);
#3493=IFCPROPERTYSINGLEVALUE('identificatie',$,IFCTEXT('G0772.d809f2d6d5b84587824a6118e0aef684'),$);
#3494=IFCPROPERTYSINGLEVALUE('bgt-status',$,IFCTEXT('bestaand'),$);
#3495=IFCPROPERTYSINGLEVALUE('objectBeginTijd',$,IFCTEXT('2015-04-06T22:00:00'),$);
#3496=IFCPROPERTYSINGLEVALUE('bronhouder',$,IFCTEXT('G0772'),$);
#3497=IFCPROPERTYSINGLEVALUE('inOnderzoek',$,IFCBOOLEAN(.F.),$);
#3498=IFCPROPERTYSINGLEVALUE('relatieveHoogteligging',$,IFCTEXT('0'),$);
#3499=IFCPROPERTYSINGLEVALUE('tijdstipRegistratie',$,IFCTEXT('2016-01-07T12:25:24'),$);
#3500=IFCPROPERTYSINGLEVALUE('LV-publicatiedatum',$,IFCTEXT('2016-04-05T11:55:43'),$);
#3501=IFCPROPERTYSINGLEVALUE('objecttype',$,IFCTEXT('paal_p'),$);
#3502=IFCPROPERTYSET('1abg1nmJnAOwSul3GzpE4b',#5,'CPset_BGT',$,(#3490,#3491,#3492,#3493,#3494,#3495,#3496,#3497,#3498,#3499,#3500,#3501));
#3503=IFCRELDEFINESBYPROPERTIES('18vCLQy$L5JwXlz31aASHi',#5,$,$,(#3489),#3502);
#3504=IFCCARTESIANPOINT((-59.3500525456329,-221.962644002517,0.));
#3505=IFCCARTESIANTRANSFORMATIONOPERATOR3D($,$,#3504,1.,$);
#3506=IFCMAPPEDITEM(#1977,#3505);
#3507=IFCSHAPEREPRESENTATION(#11,'Body','MappedRepresentation',(#3506));
#3508=IFCCARTESIANPOINT((0.,0.,0.));
#3509=IFCDIRECTION((0.,0.,1.));
#3510=IFCDIRECTION((1.,0.,0.));
#3511=IFCAXIS2PLACEMENT3D(#3508,#3509,#3510);
#3512=IFCLOCALPLACEMENT(#37,#3511);
#3513=IFCPRODUCTDEFINITIONSHAPE($,$,(#3507));
#3514=IFCBUILDINGELEMENTPROXY('3VQ2$k1nzF5BI46uhg6pxU',#5,'G0772.eade32604b0c4e7993da7fdd070e447b',$,$,#3512,#3513,$,$);
#3515=IFCPROPERTYSINGLEVALUE('hectometeraanduiding',$,IFCTEXT(''),$);
#3516=IFCPROPERTYSINGLEVALUE('plus-type',$,IFCTEXT('lichtmast'),$);
#3517=IFCPROPERTYSINGLEVALUE('subtype',$,IFCTEXT('2'),$);
#3518=IFCPROPERTYSINGLEVALUE('identificatie',$,IFCTEXT('G0772.eade32604b0c4e7993da7fdd070e447b'),$);
#3519=IFCPROPERTYSINGLEVALUE('bgt-status',$,IFCTEXT('bestaand'),$);
#3520=IFCPROPERTYSINGLEVALUE('objectBeginTijd',$,IFCTEXT('2012-10-10T22:00:00'),$);
#3521=IFCPROPERTYSINGLEVALUE('bronhouder',$,IFCTEXT('G0772'),$);
#3522=IFCPROPERTYSINGLEVALUE('inOnderzoek',$,IFCBOOLEAN(.F.),$);
#3523=IFCPROPERTYSINGLEVALUE('relatieveHoogteligging',$,IFCTEXT('0'),$);
#3524=IFCPROPERTYSINGLEVALUE('tijdstipRegistratie',$,IFCTEXT('2016-01-07T12:25:24'),$);
#3525=IFCPROPERTYSINGLEVALUE('LV-publicatiedatum',$,IFCTEXT('2016-04-05T11:55:43'),$);
#3526=IFCPROPERTYSINGLEVALUE('objecttype',$,IFCTEXT('paal_p'),$);
#3527=IFCPROPERTYSET('3Go2d92kLDveGAhc2ls0g6',#5,'CPset_BGT',$,(#3515,#3516,#3517,#3518,#3519,#3520,#3521,#3522,#3523,#3524,#3525,#3526));
#3528=IFCRELDEFINESBYPROPERTIES('14grnqJAD4cAwvf9NMywn9',#5,$,$,(#3514),#3527);
#3529=IFCCARTESIANPOINT((-147.830727277178,-179.915294358972,0.));
#3530=IFCCARTESIANTRANSFORMATIONOPERATOR3D($,$,#3529,1.,$);
#3531=IFCMAPPEDITEM(#1977,#3530);
#3532=IFCSHAPEREPRESENTATION(#11,'Body','MappedRepresentation',(#3531));
#3533=IFCCARTESIANPOINT((0.,0.,0.));
#3534=IFCDIRECTION((0.,0.,1.));
#3535=IFCDIRECTION((1.,0.,0.));
#3536=IFCAXIS2PLACEMENT3D(#3533,#3534,#3535);
#3537=IFCLOCALPLACEMENT(#37,#3536);
#3538=IFCPRODUCTDEFINITIONSHAPE($,$,(#3532));
#3539=IFCBUILDINGELEMENTPROXY('3PJLl8YfLDh8XZkN7AhvKF',#5,'G0772.f1a445929fa44f519ed3004df676b414',$,$,#3537,#3538,$,$);
#3540=IFCPROPERTYSINGLEVALUE('hectometeraanduiding',$,IFCTEXT(''),$);
#3541=IFCPROPERTYSINGLEVALUE('plus-type',$,IFCTEXT('lichtmast'),$);
#3542=IFCPROPERTYSINGLEVALUE('subtype',$,IFCTEXT('2'),$);
#3543=IFCPROPERTYSINGLEVALUE('identificatie',$,IFCTEXT('G0772.f1a445929fa44f519ed3004df676b414'),$);
#3544=IFCPROPERTYSINGLEVALUE('bgt-status',$,IFCTEXT('bestaand'),$);
#3545=IFCPROPERTYSINGLEVALUE('objectBeginTijd',$,IFCTEXT('2015-04-06T22:00:00'),$);
#3546=IFCPROPERTYSINGLEVALUE('bronhouder',$,IFCTEXT('G0772'),$);
#3547=IFCPROPERTYSINGLEVALUE('inOnderzoek',$,IFCBOOLEAN(.F.),$);
#3548=IFCPROPERTYSINGLEVALUE('relatieveHoogteligging',$,IFCTEXT('0'),$);
#3549=IFCPROPERTYSINGLEVALUE('tijdstipRegistratie',$,IFCTEXT('2016-01-07T12:25:24'),$);
#3550=IFCPROPERTYSINGLEVALUE('LV-publicatiedatum',$,IFCTEXT('2016-04-05T11:55:43'),$);
#3551=IFCPROPERTYSINGLEVALUE('objecttype',$,IFCTEXT('paal_p'),$);
#3552=IFCPROPERTYSET('3hyf4AB6L8Fgf_OHAfjKuB',#5,'CPset_BGT',$,(#3540,#3541,#3542,#3543,#3544,#3545,#3546,#3547,#3548,#3549,#3550,#3551));
#3553=IFCRELDEFINESBYPROPERTIES('3vOlIVZXnFXwLYJAwI3dY1',#5,$,$,(#3539),#3552);
#3554=IFCCARTESIANPOINT((-332.162237504235,-15.5031419540755,0.));
#3555=IFCCARTESIANTRANSFORMATIONOPERATOR3D($,$,#3554,1.,$);
#3556=IFCMAPPEDITEM(#1977,#3555);
#3557=IFCSHAPEREPRESENTATION(#11,'Body','MappedRepresentation',(#3556));
#3558=IFCCARTESIANPOINT((0.,0.,0.));
#3559=IFCDIRECTION((0.,0.,1.));
#3560=IFCDIRECTION((1.,0.,0.));
#3561=IFCAXIS2PLACEMENT3D(#3558,#3559,#3560);
#3562=IFCLOCALPLACEMENT(#37,#3561);
#3563=IFCPRODUCTDEFINITIONSHAPE($,$,(#3557));
#3564=IFCBUILDINGELEMENTPROXY('3Ok3uZeMX32xHwCkTzj7Qj',#5,'G0772.01afb079719041d3a42a2adb407109a4',$,$,#3562,#3563,$,$);
#3565=IFCPROPERTYSINGLEVALUE('hectometeraanduiding',$,IFCTEXT(''),$);
#3566=IFCPROPERTYSINGLEVALUE('plus-type',$,IFCTEXT('lichtmast'),$);
#3567=IFCPROPERTYSINGLEVALUE('subtype',$,IFCTEXT('2'),$);
#3568=IFCPROPERTYSINGLEVALUE('identificatie',$,IFCTEXT('G0772.01afb079719041d3a42a2adb407109a4'),$);
#3569=IFCPROPERTYSINGLEVALUE('bgt-status',$,IFCTEXT('bestaand'),$);
#3570=IFCPROPERTYSINGLEVALUE('objectBeginTijd',$,IFCTEXT('2015-04-06T22:00:00'),$);
#3571=IFCPROPERTYSINGLEVALUE('bronhouder',$,IFCTEXT('G0772'),$);
#3572=IFCPROPERTYSINGLEVALUE('inOnderzoek',$,IFCBOOLEAN(.F.),$);
#3573=IFCPROPERTYSINGLEVALUE('relatieveHoogteligging',$,IFCTEXT('0'),$);
#3574=IFCPROPERTYSINGLEVALUE('tijdstipRegistratie',$,IFCTEXT('2016-01-07T12:25:24'),$);
#3575=IFCPROPERTYSINGLEVALUE('LV-publicatiedatum',$,IFCTEXT('2016-04-05T11:55:43'),$);
#3576=IFCPROPERTYSINGLEVALUE('objecttype',$,IFCTEXT('paal_p'),$);
#3577=IFCPROPERTYSET('18aFdje2T91e9YEaBAWw5G',#5,'CPset_BGT',$,(#3565,#3566,#3567,#3568,#3569,#3570,#3571,#3572,#3573,#3574,#3575,#3576));
#3578=IFCRELDEFINESBYPROPERTIES('0$nDZ4f9r4R89dQ1_b0boq',#5,$,$,(#3564),#3577);
#3579=IFCCARTESIANPOINT((-148.067638017965,-149.089314629149,0.));
#3580=IFCCARTESIANTRANSFORMATIONOPERATOR3D($,$,#3579,1.,$);
#3581=IFCMAPPEDITEM(#1977,#3580);
#3582=IFCSHAPEREPRESENTATION(#11,'Body','MappedRepresentation',(#3581));
#3583=IFCCARTESIANPOINT((0.,0.,0.));
#3584=IFCDIRECTION((0.,0.,1.));
#3585=IFCDIRECTION((1.,0.,0.));
#3586=IFCAXIS2PLACEMENT3D(#3583,#3584,#3585);
#3587=IFCLOCALPLACEMENT(#37,#3586);
#3588=IFCPRODUCTDEFINITIONSHAPE($,$,(#3582));
#3589=IFCBUILDINGELEMENTPROXY('2RuI087ejDUgiEPz7jfT6e',#5,'G0772.068ae0116e0c4fd08b66dbb8b9d3a9d9',$,$,#3587,#3588,$,$);
#3590=IFCPROPERTYSINGLEVALUE('hectometeraanduiding',$,IFCTEXT(''),$);
#3591=IFCPROPERTYSINGLEVALUE('plus-type',$,IFCTEXT('lichtmast'),$);
#3592=IFCPROPERTYSINGLEVALUE('subtype',$,IFCTEXT('2'),$);
#3593=IFCPROPERTYSINGLEVALUE('identificatie',$,IFCTEXT('G0772.068ae0116e0c4fd08b66dbb8b9d3a9d9'),$);
#3594=IFCPROPERTYSINGLEVALUE('bgt-status',$,IFCTEXT('bestaand'),$);
#3595=IFCPROPERTYSINGLEVALUE('objectBeginTijd',$,IFCTEXT('2014-03-10T23:00:00'),$);
#3596=IFCPROPERTYSINGLEVALUE('bronhouder',$,IFCTEXT('G0772'),$);
#3597=IFCPROPERTYSINGLEVALUE('inOnderzoek',$,IFCBOOLEAN(.F.),$);
#3598=IFCPROPERTYSINGLEVALUE('relatieveHoogteligging',$,IFCTEXT('0'),$);
#3599=IFCPROPERTYSINGLEVALUE('tijdstipRegistratie',$,IFCTEXT('2016-01-07T12:25:24'),$);
#3600=IFCPROPERTYSINGLEVALUE('LV-publicatiedatum',$,IFCTEXT('2016-04-05T11:55:43'),$);
#3601=IFCPROPERTYSINGLEVALUE('objecttype',$,IFCTEXT('paal_p'),$);
#3602=IFCPROPERTYSET('3loko_hcjBdhDgZ9OPmUTw',#5,'CPset_BGT',$,(#3590,#3591,#3592,#3593,#3594,#3595,#3596,#3597,#3598,#3599,#3600,#3601));
#3603=IFCRELDEFINESBYPROPERTIES('3kmyUoVC91u93tt6pxJRiE',#5,$,$,(#3589),#3602);
#3604=IFCCARTESIANPOINT((-111.059891868324,-197.808919378498,0.));
#3605=IFCCARTESIANTRANSFORMATIONOPERATOR3D($,$,#3604,1.,$);
#3606=IFCMAPPEDITEM(#1977,#3605);
#3607=IFCSHAPEREPRESENTATION(#11,'Body','MappedRepresentation',(#3606));
#3608=IFCCARTESIANPOINT((0.,0.,0.));
#3609=IFCDIRECTION((0.,0.,1.));
#3610=IFCDIRECTION((1.,0.,0.));
#3611=IFCAXIS2PLACEMENT3D(#3608,#3609,#3610);
#3612=IFCLOCALPLACEMENT(#37,#3611);
#3613=IFCPRODUCTDEFINITIONSHAPE($,$,(#3607));
#3614=IFCBUILDINGELEMENTPROXY('2gVx4LsB15YQBRZZGFR9XZ',#5,'G0772.2f592b4a30854bbf86c894b6cecfa682',$,$,#3612,#3613,$,$);
#3615=IFCPROPERTYSINGLEVALUE('hectometeraanduiding',$,IFCTEXT(''),$);
#3616=IFCPROPERTYSINGLEVALUE('plus-type',$,IFCTEXT('lichtmast'),$);
#3617=IFCPROPERTYSINGLEVALUE('subtype',$,IFCTEXT('2'),$);
#3618=IFCPROPERTYSINGLEVALUE('identificatie',$,IFCTEXT('G0772.2f592b4a30854bbf86c894b6cecfa682'),$);
#3619=IFCPROPERTYSINGLEVALUE('bgt-status',$,IFCTEXT('bestaand'),$);
#3620=IFCPROPERTYSINGLEVALUE('objectBeginTijd',$,IFCTEXT('2015-04-06T22:00:00'),$);
#3621=IFCPROPERTYSINGLEVALUE('bronhouder',$,IFCTEXT('G0772'),$);
#3622=IFCPROPERTYSINGLEVALUE('inOnderzoek',$,IFCBOOLEAN(.F.),$);
#3623=IFCPROPERTYSINGLEVALUE('relatieveHoogteligging',$,IFCTEXT('0'),$);
#3624=IFCPROPERTYSINGLEVALUE('tijdstipRegistratie',$,IFCTEXT('2016-01-07T12:25:24'),$);
#3625=IFCPROPERTYSINGLEVALUE('LV-publicatiedatum',$,IFCTEXT('2016-04-05T11:55:43'),$);
#3626=IFCPROPERTYSINGLEVALUE('objecttype',$,IFCTEXT('paal_p'),$);
#3627=IFCPROPERTYSET('2xlT3XtXX3GOh8H0TTfyJl',#5,'CPset_BGT',$,(#3615,#3616,#3617,#3618,#3619,#3620,#3621,#3622,#3623,#3624,#3625,#3626));
#3628=IFCRELDEFINESBYPROPERTIES('1WQeQo3592qBEeQgHjJBkv',#5,$,$,(#3614),#3627);
#3629=IFCCARTESIANPOINT((-50.3843026390532,-243.350014893163,0.));
#3630=IFCCARTESIANTRANSFORMATIONOPERATOR3D($,$,#3629,1.,$);
#3631=IFCMAPPEDITEM(#1977,#3630);
#3632=IFCSHAPEREPRESENTATION(#11,'Body','MappedRepresentation',(#3631));
#3633=IFCCARTESIANPOINT((0.,0.,0.));
#3634=IFCDIRECTION((0.,0.,1.));
#3635=IFCDIRECTION((1.,0.,0.));
#3636=IFCAXIS2PLACEMENT3D(#3633,#3634,#3635);
#3637=IFCLOCALPLACEMENT(#37,#3636);
#3638=IFCPRODUCTDEFINITIONSHAPE($,$,(#3632));
#3639=IFCBUILDINGELEMENTPROXY('1rnKWB3CHANPj8P1LJCAx7',#5,'G0772.315b53d056fd4b939755da220d61e059',$,$,#3637,#3638,$,$);
#3640=IFCPROPERTYSINGLEVALUE('hectometeraanduiding',$,IFCTEXT(''),$);
#3641=IFCPROPERTYSINGLEVALUE('plus-type',$,IFCTEXT('lichtmast'),$);
#3642=IFCPROPERTYSINGLEVALUE('subtype',$,IFCTEXT('2'),$);
#3643=IFCPROPERTYSINGLEVALUE('identificatie',$,IFCTEXT('G0772.315b53d056fd4b939755da220d61e059'),$);
#3644=IFCPROPERTYSINGLEVALUE('bgt-status',$,IFCTEXT('bestaand'),$);
#3645=IFCPROPERTYSINGLEVALUE('objectBeginTijd',$,IFCTEXT('2012-10-10T22:00:00'),$);
#3646=IFCPROPERTYSINGLEVALUE('bronhouder',$,IFCTEXT('G0772'),$);
#3647=IFCPROPERTYSINGLEVALUE('inOnderzoek',$,IFCBOOLEAN(.F.),$);
#3648=IFCPROPERTYSINGLEVALUE('relatieveHoogteligging',$,IFCTEXT('0'),$);
#3649=IFCPROPERTYSINGLEVALUE('tijdstipRegistratie',$,IFCTEXT('2016-01-07T12:25:24'),$);
#3650=IFCPROPERTYSINGLEVALUE('LV-publicatiedatum',$,IFCTEXT('2016-04-05T11:55:43'),$);
#3651=IFCPROPERTYSINGLEVALUE('objecttype',$,IFCTEXT('paal_p'),$);
#3652=IFCPROPERTYSET('0Rt5DiIjD8eg9Koqh2vfO$',#5,'CPset_BGT',$,(#3640,#3641,#3642,#3643,#3644,#3645,#3646,#3647,#3648,#3649,#3650,#3651));
#3653=IFCRELDEFINESBYPROPERTIES('0pZdMpA65DCAaGJtIwmlLL',#5,$,$,(#3639),#3652);
#3654=IFCCARTESIANPOINT((-97.840600003954,-230.340830044763,0.));
#3655=IFCCARTESIANTRANSFORMATIONOPERATOR3D($,$,#3654,1.,$);
#3656=IFCMAPPEDITEM(#1977,#3655);
#3657=IFCSHAPEREPRESENTATION(#11,'Body','MappedRepresentation',(#3656));
#3658=IFCCARTESIANPOINT((0.,0.,0.));
#3659=IFCDIRECTION((0.,0.,1.));
#3660=IFCDIRECTION((1.,0.,0.));
#3661=IFCAXIS2PLACEMENT3D(#3658,#3659,#3660);
#3662=IFCLOCALPLACEMENT(#37,#3661);
#3663=IFCPRODUCTDEFINITIONSHAPE($,$,(#3657));
#3664=IFCBUILDINGELEMENTPROXY('0z6PUKRCbCj9WqGoMlbTW6',#5,'G0772.593b714160694ab2b11790413dc771b1',$,$,#3662,#3663,$,$);
#3665=IFCPROPERTYSINGLEVALUE('hectometeraanduiding',$,IFCTEXT(''),$);
#3666=IFCPROPERTYSINGLEVALUE('plus-type',$,IFCTEXT('lichtmast'),$);
#3667=IFCPROPERTYSINGLEVALUE('subtype',$,IFCTEXT('2'),$);
#3668=IFCPROPERTYSINGLEVALUE('identificatie',$,IFCTEXT('G0772.593b714160694ab2b11790413dc771b1'),$);
#3669=IFCPROPERTYSINGLEVALUE('bgt-status',$,IFCTEXT('bestaand'),$);
#3670=IFCPROPERTYSINGLEVALUE('objectBeginTijd',$,IFCTEXT('2015-04-06T22:00:00'),$);
#3671=IFCPROPERTYSINGLEVALUE('bronhouder',$,IFCTEXT('G0772'),$);
#3672=IFCPROPERTYSINGLEVALUE('inOnderzoek',$,IFCBOOLEAN(.F.),$);
#3673=IFCPROPERTYSINGLEVALUE('relatieveHoogteligging',$,IFCTEXT('0'),$);
#3674=IFCPROPERTYSINGLEVALUE('tijdstipRegistratie',$,IFCTEXT('2016-01-07T12:25:24'),$);
#3675=IFCPROPERTYSINGLEVALUE('LV-publicatiedatum',$,IFCTEXT('2016-04-05T11:55:43'),$);
#3676=IFCPROPERTYSINGLEVALUE('objecttype',$,IFCTEXT('paal_p'),$);
#3677=IFCPROPERTYSET('1J0QQ6KNH4HxouN6G7O$QJ',#5,'CPset_BGT',$,(#3665,#3666,#3667,#3668,#3669,#3670,#3671,#3672,#3673,#3674,#3675,#3676));
#3678=IFCRELDEFINESBYPROPERTIES('0r90KrbX92gBTebY3w94eS',#5,$,$,(#3664),#3677);
#3679=IFCCARTESIANPOINT((-133.091552567756,-154.02706255595,0.));
#3680=IFCCARTESIANTRANSFORMATIONOPERATOR3D($,$,#3679,1.,$);
#3681=IFCMAPPEDITEM(#1977,#3680);
#3682=IFCSHAPEREPRESENTATION(#11,'Body','MappedRepresentation',(#3681));
#3683=IFCCARTESIANPOINT((0.,0.,0.));
#3684=IFCDIRECTION((0.,0.,1.));
#3685=IFCDIRECTION((1.,0.,0.));
#3686=IFCAXIS2PLACEMENT3D(#3683,#3684,#3685);
#3687=IFCLOCALPLACEMENT(#37,#3686);
#3688=IFCPRODUCTDEFINITIONSHAPE($,$,(#3682));
#3689=IFCBUILDINGELEMENTPROXY('3E_m_Zzrv9GRm4i4jnxdSr',#5,'G0772.62151d708aac4b96aef10e1a139bbcea',$,$,#3687,#3688,$,$);
#3690=IFCPROPERTYSINGLEVALUE('hectometeraanduiding',$,IFCTEXT(''),$);
#3691=IFCPROPERTYSINGLEVALUE('plus-type',$,IFCTEXT('lichtmast'),$);
#3692=IFCPROPERTYSINGLEVALUE('subtype',$,IFCTEXT('2'),$);
#3693=IFCPROPERTYSINGLEVALUE('identificatie',$,IFCTEXT('G0772.62151d708aac4b96aef10e1a139bbcea'),$);
#3694=IFCPROPERTYSINGLEVALUE('bgt-status',$,IFCTEXT('bestaand'),$);
#3695=IFCPROPERTYSINGLEVALUE('objectBeginTijd',$,IFCTEXT('2015-04-06T22:00:00'),$);
#3696=IFCPROPERTYSINGLEVALUE('bronhouder',$,IFCTEXT('G0772'),$);
#3697=IFCPROPERTYSINGLEVALUE('inOnderzoek',$,IFCBOOLEAN(.F.),$);
#3698=IFCPROPERTYSINGLEVALUE('relatieveHoogteligging',$,IFCTEXT('0'),$);
#3699=IFCPROPERTYSINGLEVALUE('tijdstipRegistratie',$,IFCTEXT('2016-01-07T12:25:24'),$);
#3700=IFCPROPERTYSINGLEVALUE('LV-publicatiedatum',$,IFCTEXT('2016-04-05T11:55:43'),$);
#3701=IFCPROPERTYSINGLEVALUE('objecttype',$,IFCTEXT('paal_p'),$);
#3702=IFCPROPERTYSET('3UhJ355Tb1kQN1urHCGqfA',#5,'CPset_BGT',$,(#3690,#3691,#3692,#3693,#3694,#3695,#3696,#3697,#3698,#3699,#3700,#3701));
#3703=IFCRELDEFINESBYPROPERTIES('19e5uhVfX5MwYchJRsouYt',#5,$,$,(#3689),#3702);
#3704=IFCCARTESIANPOINT((-104.784481437149,-213.794111680065,0.));
#3705=IFCCARTESIANTRANSFORMATIONOPERATOR3D($,$,#3704,1.,$);
#3706=IFCMAPPEDITEM(#1977,#3705);
#3707=IFCSHAPEREPRESENTATION(#11,'Body','MappedRepresentation',(#3706));
#3708=IFCCARTESIANPOINT((0.,0.,0.));
#3709=IFCDIRECTION((0.,0.,1.));
#3710=IFCDIRECTION((1.,0.,0.));
#3711=IFCAXIS2PLACEMENT3D(#3708,#3709,#3710);
#3712=IFCLOCALPLACEMENT(#37,#3711);
#3713=IFCPRODUCTDEFINITIONSHAPE($,$,(#3707));
#3714=IFCBUILDINGELEMENTPROXY('2XBP$Hqsv0suc9N6BQ9Ogc',#5,'G0772.64e42de62ff4439285bed10825691393',$,$,#3712,#3713,$,$);
#3715=IFCPROPERTYSINGLEVALUE('hectometeraanduiding',$,IFCTEXT(''),$);
#3716=IFCPROPERTYSINGLEVALUE('plus-type',$,IFCTEXT('lichtmast'),$);
#3717=IFCPROPERTYSINGLEVALUE('subtype',$,IFCTEXT('2'),$);
#3718=IFCPROPERTYSINGLEVALUE('identificatie',$,IFCTEXT('G0772.64e42de62ff4439285bed10825691393'),$);
#3719=IFCPROPERTYSINGLEVALUE('bgt-status',$,IFCTEXT('bestaand'),$);
#3720=IFCPROPERTYSINGLEVALUE('objectBeginTijd',$,IFCTEXT('2015-04-06T22:00:00'),$);
#3721=IFCPROPERTYSINGLEVALUE('bronhouder',$,IFCTEXT('G0772'),$);
#3722=IFCPROPERTYSINGLEVALUE('inOnderzoek',$,IFCBOOLEAN(.F.),$);
#3723=IFCPROPERTYSINGLEVALUE('relatieveHoogteligging',$,IFCTEXT('0'),$);
#3724=IFCPROPERTYSINGLEVALUE('tijdstipRegistratie',$,IFCTEXT('2016-01-07T12:25:24'),$);
#3725=IFCPROPERTYSINGLEVALUE('LV-publicatiedatum',$,IFCTEXT('2016-04-05T11:55:43'),$);
#3726=IFCPROPERTYSINGLEVALUE('objecttype',$,IFCTEXT('paal_p'),$);
#3727=IFCPROPERTYSET('2T0aPeYXv0$O3NvW1voxfm',#5,'CPset_BGT',$,(#3715,#3716,#3717,#3718,#3719,#3720,#3721,#3722,#3723,#3724,#3725,#3726));
#3728=IFCRELDEFINESBYPROPERTIES('2eXOHDXur6ohYlRWs8jHB_',#5,$,$,(#3714),#3727);
#3729=IFCCARTESIANPOINT((-42.494056263502,-258.90946916159,0.));
#3730=IFCCARTESIANTRANSFORMATIONOPERATOR3D($,$,#3729,1.,$);
#3731=IFCMAPPEDITEM(#1977,#3730);
#3732=IFCSHAPEREPRESENTATION(#11,'Body','MappedRepresentation',(#3731));
#3733=IFCCARTESIANPOINT((0.,0.,0.));
#3734=IFCDIRECTION((0.,0.,1.));
#3735=IFCDIRECTION((1.,0.,0.));
#3736=IFCAXIS2PLACEMENT3D(#3733,#3734,#3735);
#3737=IFCLOCALPLACEMENT(#37,#3736);
#3738=IFCPRODUCTDEFINITIONSHAPE($,$,(#3732));
#3739=IFCBUILDINGELEMENTPROXY('1zDMafdkL9GfJcdjht$$W$',#5,'G0772.8294ab03a04d4af0a5b3a5c390fca915',$,$,#3737,#3738,$,$);
#3740=IFCPROPERTYSINGLEVALUE('hectometeraanduiding',$,IFCTEXT(''),$);
#3741=IFCPROPERTYSINGLEVALUE('plus-type',$,IFCTEXT('lichtmast'),$);
#3742=IFCPROPERTYSINGLEVALUE('subtype',$,IFCTEXT('2'),$);
#3743=IFCPROPERTYSINGLEVALUE('identificatie',$,IFCTEXT('G0772.8294ab03a04d4af0a5b3a5c390fca915'),$);
#3744=IFCPROPERTYSINGLEVALUE('bgt-status',$,IFCTEXT('bestaand'),$);
#3745=IFCPROPERTYSINGLEVALUE('objectBeginTijd',$,IFCTEXT('2012-10-10T22:00:00'),$);
#3746=IFCPROPERTYSINGLEVALUE('bronhouder',$,IFCTEXT('G0772'),$);
#3747=IFCPROPERTYSINGLEVALUE('inOnderzoek',$,IFCBOOLEAN(.F.),$);
#3748=IFCPROPERTYSINGLEVALUE('relatieveHoogteligging',$,IFCTEXT('0'),$);
#3749=IFCPROPERTYSINGLEVALUE('tijdstipRegistratie',$,IFCTEXT('2016-01-07T12:25:24'),$);
#3750=IFCPROPERTYSINGLEVALUE('LV-publicatiedatum',$,IFCTEXT('2016-04-05T11:55:43'),$);
#3751=IFCPROPERTYSINGLEVALUE('objecttype',$,IFCTEXT('paal_p'),$);
#3752=IFCPROPERTYSET('1$c44ims15E8RxdOOaXaA_',#5,'CPset_BGT',$,(#3740,#3741,#3742,#3743,#3744,#3745,#3746,#3747,#3748,#3749,#3750,#3751));
#3753=IFCRELDEFINESBYPROPERTIES('37haBSdJ14RxPTnQunGoX9',#5,$,$,(#3739),#3752);
#3754=IFCCARTESIANPOINT((-294.117118488066,-15.3548481652397,0.));
#3755=IFCCARTESIANTRANSFORMATIONOPERATOR3D($,$,#3754,1.,$);
#3756=IFCMAPPEDITEM(#1977,#3755);
#3757=IFCSHAPEREPRESENTATION(#11,'Body','MappedRepresentation',(#3756));
#3758=IFCCARTESIANPOINT((0.,0.,0.));
#3759=IFCDIRECTION((0.,0.,1.));
#3760=IFCDIRECTION((1.,0.,0.));
#3761=IFCAXIS2PLACEMENT3D(#3758,#3759,#3760);
#3762=IFCLOCALPLACEMENT(#37,#3761);
#3763=IFCPRODUCTDEFINITIONSHAPE($,$,(#3757));
#3764=IFCBUILDINGELEMENTPROXY('3oPLzb7xjEXv6N_QhyWk0k',#5,'G0772.8dcbbfe7e27e493994fa197d0a45020d',$,$,#3762,#3763,$,$);
#3765=IFCPROPERTYSINGLEVALUE('hectometeraanduiding',$,IFCTEXT(''),$);
#3766=IFCPROPERTYSINGLEVALUE('plus-type',$,IFCTEXT('lichtmast'),$);
#3767=IFCPROPERTYSINGLEVALUE('subtype',$,IFCTEXT('2'),$);
#3768=IFCPROPERTYSINGLEVALUE('identificatie',$,IFCTEXT('G0772.8dcbbfe7e27e493994fa197d0a45020d'),$);
#3769=IFCPROPERTYSINGLEVALUE('bgt-status',$,IFCTEXT('bestaand'),$);
#3770=IFCPROPERTYSINGLEVALUE('objectBeginTijd',$,IFCTEXT('2015-04-06T22:00:00'),$);
#3771=IFCPROPERTYSINGLEVALUE('bronhouder',$,IFCTEXT('G0772'),$);
#3772=IFCPROPERTYSINGLEVALUE('inOnderzoek',$,IFCBOOLEAN(.F.),$);
#3773=IFCPROPERTYSINGLEVALUE('relatieveHoogteligging',$,IFCTEXT('0'),$);
#3774=IFCPROPERTYSINGLEVALUE('tijdstipRegistratie',$,IFCTEXT('2016-01-07T12:25:24'),$);
#3775=IFCPROPERTYSINGLEVALUE('LV-publicatiedatum',$,IFCTEXT('2016-04-05T11:55:43'),$);
#3776=IFCPROPERTYSINGLEVALUE('objecttype',$,IFCTEXT('paal_p'),$);
#3777=IFCPROPERTYSET('11rhETgBT7aucRqPOtB7I7',#5,'CPset_BGT',$,(#3765,#3766,#3767,#3768,#3769,#3770,#3771,#3772,#3773,#3774,#3775,#3776));
#3778=IFCRELDEFINESBYPROPERTIES('0ZDzqhh0z3vAwr7AwAsQ8f',#5,$,$,(#3764),#3777);
#3779=IFCCARTESIANPOINT((-117.718106390268,-181.876708471624,0.));
#3780=IFCCARTESIANTRANSFORMATIONOPERATOR3D($,$,#3779,1.,$);
#3781=IFCMAPPEDITEM(#1977,#3780);
#3782=IFCSHAPEREPRESENTATION(#11,'Body','MappedRepresentation',(#3781));
#3783=IFCCARTESIANPOINT((0.,0.,0.));
#3784=IFCDIRECTION((0.,0.,1.));
#3785=IFCDIRECTION((1.,0.,0.));
#3786=IFCAXIS2PLACEMENT3D(#3783,#3784,#3785);
#3787=IFCLOCALPLACEMENT(#37,#3786);
#3788=IFCPRODUCTDEFINITIONSHAPE($,$,(#3782));
#3789=IFCBUILDINGELEMENTPROXY('3ubkjjsIbEEux5gzJ3Q1Sd',#5,'G0772.436612a2d9ea425282a181a6da038034',$,$,#3787,#3788,$,$);
#3790=IFCPROPERTYSINGLEVALUE('hectometeraanduiding',$,IFCTEXT(''),$);
#3791=IFCPROPERTYSINGLEVALUE('plus-type',$,IFCTEXT('lichtmast'),$);
#3792=IFCPROPERTYSINGLEVALUE('subtype',$,IFCTEXT('2'),$);
#3793=IFCPROPERTYSINGLEVALUE('identificatie',$,IFCTEXT('G0772.436612a2d9ea425282a181a6da038034'),$);
#3794=IFCPROPERTYSINGLEVALUE('bgt-status',$,IFCTEXT('bestaand'),$);
#3795=IFCPROPERTYSINGLEVALUE('objectBeginTijd',$,IFCTEXT('2015-10-06T22:00:00'),$);
#3796=IFCPROPERTYSINGLEVALUE('bronhouder',$,IFCTEXT('G0772'),$);
#3797=IFCPROPERTYSINGLEVALUE('inOnderzoek',$,IFCBOOLEAN(.F.),$);
#3798=IFCPROPERTYSINGLEVALUE('relatieveHoogteligging',$,IFCTEXT('0'),$);
#3799=IFCPROPERTYSINGLEVALUE('tijdstipRegistratie',$,IFCTEXT('2016-07-01T04:02:38'),$);
#3800=IFCPROPERTYSINGLEVALUE('LV-publicatiedatum',$,IFCTEXT('2016-07-01T06:42:12'),$);
#3801=IFCPROPERTYSINGLEVALUE('objecttype',$,IFCTEXT('paal_p'),$);
#3802=IFCPROPERTYSET('0xJpGjbWLDDfELKYAByYht',#5,'CPset_BGT',$,(#3790,#3791,#3792,#3793,#3794,#3795,#3796,#3797,#3798,#3799,#3800,#3801));
#3803=IFCRELDEFINESBYPROPERTIES('0_r0TpNhD2GB11KqR5UCGl',#5,$,$,(#3789),#3802);
#3804=IFCCARTESIANPOINT((-294.033516462165,-6.38762854592642,0.));
#3805=IFCCARTESIANTRANSFORMATIONOPERATOR3D($,$,#3804,1.,$);
#3806=IFCMAPPEDITEM(#1977,#3805);
#3807=IFCSHAPEREPRESENTATION(#11,'Body','MappedRepresentation',(#3806));
#3808=IFCCARTESIANPOINT((0.,0.,0.));
#3809=IFCDIRECTION((0.,0.,1.));
#3810=IFCDIRECTION((1.,0.,0.));
#3811=IFCAXIS2PLACEMENT3D(#3808,#3809,#3810);
#3812=IFCLOCALPLACEMENT(#37,#3811);
#3813=IFCPRODUCTDEFINITIONSHAPE($,$,(#3807));
#3814=IFCBUILDINGELEMENTPROXY('0$YkMar_T1VBrapUf1oSYa',#5,'G0772.929952fab8f748d8839e3fa16b7107d8',$,$,#3812,#3813,$,$);
#3815=IFCPROPERTYSINGLEVALUE('hectometeraanduiding',$,IFCTEXT(''),$);
#3816=IFCPROPERTYSINGLEVALUE('plus-type',$,IFCTEXT('lichtmast'),$);
#3817=IFCPROPERTYSINGLEVALUE('subtype',$,IFCTEXT('2'),$);
#3818=IFCPROPERTYSINGLEVALUE('identificatie',$,IFCTEXT('G0772.929952fab8f748d8839e3fa16b7107d8'),$);
#3819=IFCPROPERTYSINGLEVALUE('bgt-status',$,IFCTEXT('bestaand'),$);
#3820=IFCPROPERTYSINGLEVALUE('objectBeginTijd',$,IFCTEXT('2015-10-06T22:00:00'),$);
#3821=IFCPROPERTYSINGLEVALUE('bronhouder',$,IFCTEXT('G0772'),$);
#3822=IFCPROPERTYSINGLEVALUE('inOnderzoek',$,IFCBOOLEAN(.F.),$);
#3823=IFCPROPERTYSINGLEVALUE('relatieveHoogteligging',$,IFCTEXT('0'),$);
#3824=IFCPROPERTYSINGLEVALUE('tijdstipRegistratie',$,IFCTEXT('2016-07-01T04:02:38'),$);
#3825=IFCPROPERTYSINGLEVALUE('LV-publicatiedatum',$,IFCTEXT('2016-07-01T06:42:12'),$);
#3826=IFCPROPERTYSINGLEVALUE('objecttype',$,IFCTEXT('paal_p'),$);
#3827=IFCPROPERTYSET('0N0D3wLlH9dukKReIthEiI',#5,'CPset_BGT',$,(#3815,#3816,#3817,#3818,#3819,#3820,#3821,#3822,#3823,#3824,#3825,#3826));
#3828=IFCRELDEFINESBYPROPERTIES('02cwSRx114nRnYq_WU_nFb',#5,$,$,(#3814),#3827);
#3829=IFCCARTESIANPOINT((-118.046109367628,-156.949809365498,0.));
#3830=IFCCARTESIANTRANSFORMATIONOPERATOR3D($,$,#3829,1.,$);
#3831=IFCMAPPEDITEM(#1977,#3830);
#3832=IFCSHAPEREPRESENTATION(#11,'Body','MappedRepresentation',(#3831));
#3833=IFCCARTESIANPOINT((0.,0.,0.));
#3834=IFCDIRECTION((0.,0.,1.));
#3835=IFCDIRECTION((1.,0.,0.));
#3836=IFCAXIS2PLACEMENT3D(#3833,#3834,#3835);
#3837=IFCLOCALPLACEMENT(#37,#3836);
#3838=IFCPRODUCTDEFINITIONSHAPE($,$,(#3832));
#3839=IFCBUILDINGELEMENTPROXY('0EJlp4p_n6PgsLCD_X4NDy',#5,'G0772.8587dbdaff1a483394e6c9f564779cc6',$,$,#3837,#3838,$,$);
#3840=IFCPROPERTYSINGLEVALUE('hectometeraanduiding',$,IFCTEXT(''),$);
#3841=IFCPROPERTYSINGLEVALUE('plus-type',$,IFCTEXT('lichtmast'),$);
#3842=IFCPROPERTYSINGLEVALUE('subtype',$,IFCTEXT('2'),$);
#3843=IFCPROPERTYSINGLEVALUE('identificatie',$,IFCTEXT('G0772.8587dbdaff1a483394e6c9f564779cc6'),$);
#3844=IFCPROPERTYSINGLEVALUE('bgt-status',$,IFCTEXT('bestaand'),$);
#3845=IFCPROPERTYSINGLEVALUE('objectBeginTijd',$,IFCTEXT('2015-10-06T22:00:00'),$);
#3846=IFCPROPERTYSINGLEVALUE('bronhouder',$,IFCTEXT('G0772'),$);
#3847=IFCPROPERTYSINGLEVALUE('inOnderzoek',$,IFCBOOLEAN(.F.),$);
#3848=IFCPROPERTYSINGLEVALUE('relatieveHoogteligging',$,IFCTEXT('0'),$);
#3849=IFCPROPERTYSINGLEVALUE('tijdstipRegistratie',$,IFCTEXT('2016-07-01T04:02:38'),$);
#3850=IFCPROPERTYSINGLEVALUE('LV-publicatiedatum',$,IFCTEXT('2016-07-01T06:42:12'),$);
#3851=IFCPROPERTYSINGLEVALUE('objecttype',$,IFCTEXT('paal_p'),$);
#3852=IFCPROPERTYSET('1G90Y7vePEbOfTpEVSQkOw',#5,'CPset_BGT',$,(#3840,#3841,#3842,#3843,#3844,#3845,#3846,#3847,#3848,#3849,#3850,#3851));
#3853=IFCRELDEFINESBYPROPERTIES('0ZU$yzUzD6b8CDIAuvzX3S',#5,$,$,(#3839),#3852);
#3854=IFCCARTESIANPOINT((-91.5754138277553,-246.54998989898,0.));
#3855=IFCCARTESIANTRANSFORMATIONOPERATOR3D($,$,#3854,1.,$);
#3856=IFCMAPPEDITEM(#1977,#3855);
#3857=IFCSHAPEREPRESENTATION(#11,'Body','MappedRepresentation',(#3856));
#3858=IFCCARTESIANPOINT((0.,0.,0.));
#3859=IFCDIRECTION((0.,0.,1.));
#3860=IFCDIRECTION((1.,0.,0.));
#3861=IFCAXIS2PLACEMENT3D(#3858,#3859,#3860);
#3862=IFCLOCALPLACEMENT(#37,#3861);
#3863=IFCPRODUCTDEFINITIONSHAPE($,$,(#3857));
#3864=IFCBUILDINGELEMENTPROXY('3A$7bbHSLB992o3Y9pSevB',#5,'G0772.d5e3ae6616184157a1c987c83b563261',$,$,#3862,#3863,$,$);
#3865=IFCPROPERTYSINGLEVALUE('hectometeraanduiding',$,IFCTEXT(''),$);
#3866=IFCPROPERTYSINGLEVALUE('plus-type',$,IFCTEXT('lichtmast'),$);
#3867=IFCPROPERTYSINGLEVALUE('subtype',$,IFCTEXT('2'),$);
#3868=IFCPROPERTYSINGLEVALUE('identificatie',$,IFCTEXT('G0772.d5e3ae6616184157a1c987c83b563261'),$);
#3869=IFCPROPERTYSINGLEVALUE('bgt-status',$,IFCTEXT('bestaand'),$);
#3870=IFCPROPERTYSINGLEVALUE('objectBeginTijd',$,IFCTEXT('2015-10-06T22:00:00'),$);
#3871=IFCPROPERTYSINGLEVALUE('bronhouder',$,IFCTEXT('G0772'),$);
#3872=IFCPROPERTYSINGLEVALUE('inOnderzoek',$,IFCBOOLEAN(.F.),$);
#3873=IFCPROPERTYSINGLEVALUE('relatieveHoogteligging',$,IFCTEXT('0'),$);
#3874=IFCPROPERTYSINGLEVALUE('tijdstipRegistratie',$,IFCTEXT('2016-07-01T04:02:38'),$);
#3875=IFCPROPERTYSINGLEVALUE('LV-publicatiedatum',$,IFCTEXT('2016-07-01T06:42:12'),$);
#3876=IFCPROPERTYSINGLEVALUE('objecttype',$,IFCTEXT('paal_p'),$);
#3877=IFCPROPERTYSET('3soHlWaiL3hu_3UKGlhFEz',#5,'CPset_BGT',$,(#3865,#3866,#3867,#3868,#3869,#3870,#3871,#3872,#3873,#3874,#3875,#3876));
#3878=IFCRELDEFINESBYPROPERTIES('1EWQ0r79vFK9IvsySN22ln',#5,$,$,(#3864),#3877);
#3879=IFCCARTESIANPOINT((-155.213250286644,-162.894847625226,0.));
#3880=IFCCARTESIANTRANSFORMATIONOPERATOR3D($,$,#3879,1.,$);
#3881=IFCMAPPEDITEM(#1977,#3880);
#3882=IFCSHAPEREPRESENTATION(#11,'Body','MappedRepresentation',(#3881));
#3883=IFCCARTESIANPOINT((0.,0.,0.));
#3884=IFCDIRECTION((0.,0.,1.));
#3885=IFCDIRECTION((1.,0.,0.));
#3886=IFCAXIS2PLACEMENT3D(#3883,#3884,#3885);
#3887=IFCLOCALPLACEMENT(#37,#3886);
#3888=IFCPRODUCTDEFINITIONSHAPE($,$,(#3882));
#3889=IFCBUILDINGELEMENTPROXY('3Dxp9fBCD4oArFCmsMbnkm',#5,'G0772.da79442c1887462691f28ee07af6259a',$,$,#3887,#3888,$,$);
#3890=IFCPROPERTYSINGLEVALUE('hectometeraanduiding',$,IFCTEXT(''),$);
#3891=IFCPROPERTYSINGLEVALUE('plus-type',$,IFCTEXT('lichtmast'),$);
#3892=IFCPROPERTYSINGLEVALUE('subtype',$,IFCTEXT('2'),$);
#3893=IFCPROPERTYSINGLEVALUE('identificatie',$,IFCTEXT('G0772.da79442c1887462691f28ee07af6259a'),$);
#3894=IFCPROPERTYSINGLEVALUE('bgt-status',$,IFCTEXT('bestaand'),$);
#3895=IFCPROPERTYSINGLEVALUE('objectBeginTijd',$,IFCTEXT('2023-12-10T23:00:00'),$);
#3896=IFCPROPERTYSINGLEVALUE('bronhouder',$,IFCTEXT('G0772'),$);
#3897=IFCPROPERTYSINGLEVALUE('inOnderzoek',$,IFCBOOLEAN(.F.),$);
#3898=IFCPROPERTYSINGLEVALUE('relatieveHoogteligging',$,IFCTEXT('0'),$);
#3899=IFCPROPERTYSINGLEVALUE('tijdstipRegistratie',$,IFCTEXT('2024-02-05T09:01:29'),$);
#3900=IFCPROPERTYSINGLEVALUE('LV-publicatiedatum',$,IFCTEXT('2024-02-05T09:09:27'),$);
#3901=IFCPROPERTYSINGLEVALUE('objecttype',$,IFCTEXT('paal_p'),$);
#3902=IFCPROPERTYSET('1ZSJZqbl5DOuVN1vYrRN9v',#5,'CPset_BGT',$,(#3890,#3891,#3892,#3893,#3894,#3895,#3896,#3897,#3898,#3899,#3900,#3901));
#3903=IFCRELDEFINESBYPROPERTIES('0ZhnRvCqH6SvkqnyYCqAy0',#5,$,$,(#3889),#3902);
#3904=IFCCARTESIANPOINT((69.5123266146984,-0.273762785771396,0.));
#3905=IFCCARTESIANTRANSFORMATIONOPERATOR3D($,$,#3904,1.,$);
#3906=IFCMAPPEDITEM(#1977,#3905);
#3907=IFCSHAPEREPRESENTATION(#11,'Body','MappedRepresentation',(#3906));
#3908=IFCCARTESIANPOINT((0.,0.,0.));
#3909=IFCDIRECTION((0.,0.,1.));
#3910=IFCDIRECTION((1.,0.,0.));
#3911=IFCAXIS2PLACEMENT3D(#3908,#3909,#3910);
#3912=IFCLOCALPLACEMENT(#37,#3911);
#3913=IFCPRODUCTDEFINITIONSHAPE($,$,(#3907));
#3914=IFCBUILDINGELEMENTPROXY('1_aQq5_LTCEgtxZgHDyYMV',#5,'G0772.2b0806ee69ca48bea67898e5c91760fe',$,$,#3912,#3913,$,$);
#3915=IFCPROPERTYSINGLEVALUE('hectometeraanduiding',$,IFCTEXT(''),$);
#3916=IFCPROPERTYSINGLEVALUE('plus-type',$,IFCTEXT('lichtmast'),$);
#3917=IFCPROPERTYSINGLEVALUE('subtype',$,IFCTEXT('2'),$);
#3918=IFCPROPERTYSINGLEVALUE('identificatie',$,IFCTEXT('G0772.2b0806ee69ca48bea67898e5c91760fe'),$);
#3919=IFCPROPERTYSINGLEVALUE('bgt-status',$,IFCTEXT('bestaand'),$);
#3920=IFCPROPERTYSINGLEVALUE('objectBeginTijd',$,IFCTEXT('2010-06-03T22:00:00'),$);
#3921=IFCPROPERTYSINGLEVALUE('bronhouder',$,IFCTEXT('G0772'),$);
#3922=IFCPROPERTYSINGLEVALUE('inOnderzoek',$,IFCBOOLEAN(.F.),$);
#3923=IFCPROPERTYSINGLEVALUE('relatieveHoogteligging',$,IFCTEXT('0'),$);
#3924=IFCPROPERTYSINGLEVALUE('tijdstipRegistratie',$,IFCTEXT('2016-01-07T12:25:24'),$);
#3925=IFCPROPERTYSINGLEVALUE('LV-publicatiedatum',$,IFCTEXT('2016-04-05T11:55:43'),$);
#3926=IFCPROPERTYSINGLEVALUE('objecttype',$,IFCTEXT('paal_p'),$);
#3927=IFCPROPERTYSET('0fCP2LihzEwAdeRAiSsmX2',#5,'CPset_BGT',$,(#3915,#3916,#3917,#3918,#3919,#3920,#3921,#3922,#3923,#3924,#3925,#3926));
#3928=IFCRELDEFINESBYPROPERTIES('3dLl5eN2z7MPDVNEuftvTJ',#5,$,$,(#3914),#3927);
#3929=IFCCARTESIANPOINT((140.872395073005,8.5807584678405,0.));
#3930=IFCCARTESIANTRANSFORMATIONOPERATOR3D($,$,#3929,1.,$);
#3931=IFCMAPPEDITEM(#1977,#3930);
#3932=IFCSHAPEREPRESENTATION(#11,'Body','MappedRepresentation',(#3931));
#3933=IFCCARTESIANPOINT((0.,0.,0.));
#3934=IFCDIRECTION((0.,0.,1.));
#3935=IFCDIRECTION((1.,0.,0.));
#3936=IFCAXIS2PLACEMENT3D(#3933,#3934,#3935);
#3937=IFCLOCALPLACEMENT(#37,#3936);
#3938=IFCPRODUCTDEFINITIONSHAPE($,$,(#3932));
#3939=IFCBUILDINGELEMENTPROXY('0Imlq3efj8KwWD3g1lCjEq',#5,'G0772.300e3e87f5db44d593f18ae4e15c4790',$,$,#3937,#3938,$,$);
#3940=IFCPROPERTYSINGLEVALUE('hectometeraanduiding',$,IFCTEXT(''),$);
#3941=IFCPROPERTYSINGLEVALUE('plus-type',$,IFCTEXT('lichtmast'),$);
#3942=IFCPROPERTYSINGLEVALUE('subtype',$,IFCTEXT('2'),$);
#3943=IFCPROPERTYSINGLEVALUE('identificatie',$,IFCTEXT('G0772.300e3e87f5db44d593f18ae4e15c4790'),$);
#3944=IFCPROPERTYSINGLEVALUE('bgt-status',$,IFCTEXT('bestaand'),$);
#3945=IFCPROPERTYSINGLEVALUE('objectBeginTijd',$,IFCTEXT('2011-10-03T22:00:00'),$);
#3946=IFCPROPERTYSINGLEVALUE('bronhouder',$,IFCTEXT('G0772'),$);
#3947=IFCPROPERTYSINGLEVALUE('inOnderzoek',$,IFCBOOLEAN(.F.),$);
#3948=IFCPROPERTYSINGLEVALUE('relatieveHoogteligging',$,IFCTEXT('0'),$);
#3949=IFCPROPERTYSINGLEVALUE('tijdstipRegistratie',$,IFCTEXT('2016-01-07T12:25:24'),$);
#3950=IFCPROPERTYSINGLEVALUE('LV-publicatiedatum',$,IFCTEXT('2016-04-05T11:55:43'),$);
#3951=IFCPROPERTYSINGLEVALUE('objecttype',$,IFCTEXT('paal_p'),$);
#3952=IFCPROPERTYSET('3ltkBbFT14_fXnmd16wac7',#5,'CPset_BGT',$,(#3940,#3941,#3942,#3943,#3944,#3945,#3946,#3947,#3948,#3949,#3950,#3951));
#3953=IFCRELDEFINESBYPROPERTIES('1LPGxL_YLFCgnzwMMRldwO',#5,$,$,(#3939),#3952);
#3954=IFCCARTESIANPOINT((96.0755523701373,-6.52002114307834,0.));
#3955=IFCCARTESIANTRANSFORMATIONOPERATOR3D($,$,#3954,1.,$);
#3956=IFCMAPPEDITEM(#1977,#3955);
#3957=IFCSHAPEREPRESENTATION(#11,'Body','MappedRepresentation',(#3956));
#3958=IFCCARTESIANPOINT((0.,0.,0.));
#3959=IFCDIRECTION((0.,0.,1.));
#3960=IFCDIRECTION((1.,0.,0.));
#3961=IFCAXIS2PLACEMENT3D(#3958,#3959,#3960);
#3962=IFCLOCALPLACEMENT(#37,#3961);
#3963=IFCPRODUCTDEFINITIONSHAPE($,$,(#3957));
#3964=IFCBUILDINGELEMENTPROXY('1B6r_K1qn0$RiDZgnlsIci',#5,'G0772.380278d3cdae401e9a39db8d265aa0d0',$,$,#3962,#3963,$,$);
#3965=IFCPROPERTYSINGLEVALUE('hectometeraanduiding',$,IFCTEXT(''),$);
#3966=IFCPROPERTYSINGLEVALUE('plus-type',$,IFCTEXT('lichtmast'),$);
#3967=IFCPROPERTYSINGLEVALUE('subtype',$,IFCTEXT('2'),$);
#3968=IFCPROPERTYSINGLEVALUE('identificatie',$,IFCTEXT('G0772.380278d3cdae401e9a39db8d265aa0d0'),$);
#3969=IFCPROPERTYSINGLEVALUE('bgt-status',$,IFCTEXT('bestaand'),$);
#3970=IFCPROPERTYSINGLEVALUE('objectBeginTijd',$,IFCTEXT('2010-06-03T22:00:00'),$);
#3971=IFCPROPERTYSINGLEVALUE('bronhouder',$,IFCTEXT('G0772'),$);
#3972=IFCPROPERTYSINGLEVALUE('inOnderzoek',$,IFCBOOLEAN(.F.),$);
#3973=IFCPROPERTYSINGLEVALUE('relatieveHoogteligging',$,IFCTEXT('0'),$);
#3974=IFCPROPERTYSINGLEVALUE('tijdstipRegistratie',$,IFCTEXT('2016-01-07T12:25:24'),$);
#3975=IFCPROPERTYSINGLEVALUE('LV-publicatiedatum',$,IFCTEXT('2016-04-05T11:55:43'),$);
#3976=IFCPROPERTYSINGLEVALUE('objecttype',$,IFCTEXT('paal_p'),$);
#3977=IFCPROPERTYSET('0B95YZcAb3fxlUb8AXSu9Y',#5,'CPset_BGT',$,(#3965,#3966,#3967,#3968,#3969,#3970,#3971,#3972,#3973,#3974,#3975,#3976));
#3978=IFCRELDEFINESBYPROPERTIES('2GVlXSCxTENxEA4PFPMrOP',#5,$,$,(#3964),#3977);
#3979=IFCCARTESIANPOINT((67.2437274186814,-62.2783393562422,0.));
#3980=IFCCARTESIANTRANSFORMATIONOPERATOR3D($,$,#3979,1.,$);
#3981=IFCMAPPEDITEM(#1977,#3980);
#3982=IFCSHAPEREPRESENTATION(#11,'Body','MappedRepresentation',(#3981));
#3983=IFCCARTESIANPOINT((0.,0.,0.));
#3984=IFCDIRECTION((0.,0.,1.));
#3985=IFCDIRECTION((1.,0.,0.));
#3986=IFCAXIS2PLACEMENT3D(#3983,#3984,#3985);
#3987=IFCLOCALPLACEMENT(#37,#3986);
#3988=IFCPRODUCTDEFINITIONSHAPE($,$,(#3982));
#3989=IFCBUILDINGELEMENTPROXY('0y46_WGCz9HBNhYqSACs17',#5,'G0772.461c52b43ee242c99939928bc9d830c1',$,$,#3987,#3988,$,$);
#3990=IFCPROPERTYSINGLEVALUE('hectometeraanduiding',$,IFCTEXT(''),$);
#3991=IFCPROPERTYSINGLEVALUE('plus-type',$,IFCTEXT('lichtmast'),$);
#3992=IFCPROPERTYSINGLEVALUE('subtype',$,IFCTEXT('2'),$);
#3993=IFCPROPERTYSINGLEVALUE('identificatie',$,IFCTEXT('G0772.461c52b43ee242c99939928bc9d830c1'),$);
#3994=IFCPROPERTYSINGLEVALUE('bgt-status',$,IFCTEXT('bestaand'),$);
#3995=IFCPROPERTYSINGLEVALUE('objectBeginTijd',$,IFCTEXT('2011-10-03T22:00:00'),$);
#3996=IFCPROPERTYSINGLEVALUE('bronhouder',$,IFCTEXT('G0772'),$);
#3997=IFCPROPERTYSINGLEVALUE('inOnderzoek',$,IFCBOOLEAN(.F.),$);
#3998=IFCPROPERTYSINGLEVALUE('relatieveHoogteligging',$,IFCTEXT('0'),$);
#3999=IFCPROPERTYSINGLEVALUE('tijdstipRegistratie',$,IFCTEXT('2016-01-07T12:25:24'),$);
#4000=IFCPROPERTYSINGLEVALUE('LV-publicatiedatum',$,IFCTEXT('2016-04-05T11:55:43'),$);
#4001=IFCPROPERTYSINGLEVALUE('objecttype',$,IFCTEXT('paal_p'),$);
#4002=IFCPROPERTYSET('0pB5$iNh50D9WzRvdojJCN',#5,'CPset_BGT',$,(#3990,#3991,#3992,#3993,#3994,#3995,#3996,#3997,#3998,#3999,#4000,#4001));
#4003=IFCRELDEFINESBYPROPERTIES('3T3ZIZRLD9J8YnLWQNTSVe',#5,$,$,(#3989),#4002);
#4004=IFCCARTESIANPOINT((96.5230350679194,-54.7804948273697,0.));
#4005=IFCCARTESIANTRANSFORMATIONOPERATOR3D($,$,#4004,1.,$);
#4006=IFCMAPPEDITEM(#1977,#4005);
#4007=IFCSHAPEREPRESENTATION(#11,'Body','MappedRepresentation',(#4006));
#4008=IFCCARTESIANPOINT((0.,0.,0.));
#4009=IFCDIRECTION((0.,0.,1.));
#4010=IFCDIRECTION((1.,0.,0.));
#4011=IFCAXIS2PLACEMENT3D(#4008,#4009,#4010);
#4012=IFCLOCALPLACEMENT(#37,#4011);
#4013=IFCPRODUCTDEFINITIONSHAPE($,$,(#4007));
#4014=IFCBUILDINGELEMENTPROXY('3wIXn$djHDKw_7Xt5sPv9g',#5,'G0772.4aac06447dc048bfaefc64299b4b49eb',$,$,#4012,#4013,$,$);
#4015=IFCPROPERTYSINGLEVALUE('hectometeraanduiding',$,IFCTEXT(''),$);
#4016=IFCPROPERTYSINGLEVALUE('plus-type',$,IFCTEXT('lichtmast'),$);
#4017=IFCPROPERTYSINGLEVALUE('subtype',$,IFCTEXT('2'),$);
#4018=IFCPROPERTYSINGLEVALUE('identificatie',$,IFCTEXT('G0772.4aac06447dc048bfaefc64299b4b49eb'),$);
#4019=IFCPROPERTYSINGLEVALUE('bgt-status',$,IFCTEXT('bestaand'),$);
#4020=IFCPROPERTYSINGLEVALUE('objectBeginTijd',$,IFCTEXT('2013-02-24T23:00:00'),$);
#4021=IFCPROPERTYSINGLEVALUE('bronhouder',$,IFCTEXT('G0772'),$);
#4022=IFCPROPERTYSINGLEVALUE('inOnderzoek',$,IFCBOOLEAN(.F.),$);
#4023=IFCPROPERTYSINGLEVALUE('relatieveHoogteligging',$,IFCTEXT('0'),$);
#4024=IFCPROPERTYSINGLEVALUE('tijdstipRegistratie',$,IFCTEXT('2016-01-07T12:25:24'),$);
#4025=IFCPROPERTYSINGLEVALUE('LV-publicatiedatum',$,IFCTEXT('2016-04-05T11:55:43'),$);
#4026=IFCPROPERTYSINGLEVALUE('objecttype',$,IFCTEXT('paal_p'),$);
#4027=IFCPROPERTYSET('32qB46psr9$h898h9PeOdM',#5,'CPset_BGT',$,(#4015,#4016,#4017,#4018,#4019,#4020,#4021,#4022,#4023,#4024,#4025,#4026));
#4028=IFCRELDEFINESBYPROPERTIES('2mmR9ZSLL29OjMaY3Jg$ft',#5,$,$,(#4014),#4027);
#4029=IFCCARTESIANPOINT((96.037093255989,-6.50374550063862,0.));
#4030=IFCCARTESIANTRANSFORMATIONOPERATOR3D($,$,#4029,1.,$);
#4031=IFCMAPPEDITEM(#1977,#4030);
#4032=IFCSHAPEREPRESENTATION(#11,'Body','MappedRepresentation',(#4031));
#4033=IFCCARTESIANPOINT((0.,0.,0.));
#4034=IFCDIRECTION((0.,0.,1.));
#4035=IFCDIRECTION((1.,0.,0.));
#4036=IFCAXIS2PLACEMENT3D(#4033,#4034,#4035);
#4037=IFCLOCALPLACEMENT(#37,#4036);
#4038=IFCPRODUCTDEFINITIONSHAPE($,$,(#4032));
#4039=IFCBUILDINGELEMENTPROXY('0GO7axgiX7JRKQnG7ltyfg',#5,'G0772.5a75b07d81c04d398eaa2fa4d54ee077',$,$,#4037,#4038,$,$);
#4040=IFCPROPERTYSINGLEVALUE('hectometeraanduiding',$,IFCTEXT(''),$);
#4041=IFCPROPERTYSINGLEVALUE('plus-type',$,IFCTEXT('lichtmast'),$);
#4042=IFCPROPERTYSINGLEVALUE('subtype',$,IFCTEXT('2'),$);
#4043=IFCPROPERTYSINGLEVALUE('identificatie',$,IFCTEXT('G0772.5a75b07d81c04d398eaa2fa4d54ee077'),$);
#4044=IFCPROPERTYSINGLEVALUE('bgt-status',$,IFCTEXT('bestaand'),$);
#4045=IFCPROPERTYSINGLEVALUE('objectBeginTijd',$,IFCTEXT('2011-10-03T22:00:00'),$);
#4046=IFCPROPERTYSINGLEVALUE('bronhouder',$,IFCTEXT('G0772'),$);
#4047=IFCPROPERTYSINGLEVALUE('inOnderzoek',$,IFCBOOLEAN(.F.),$);
#4048=IFCPROPERTYSINGLEVALUE('relatieveHoogteligging',$,IFCTEXT('0'),$);
#4049=IFCPROPERTYSINGLEVALUE('tijdstipRegistratie',$,IFCTEXT('2016-01-07T12:25:24'),$);
#4050=IFCPROPERTYSINGLEVALUE('LV-publicatiedatum',$,IFCTEXT('2016-04-05T11:55:43'),$);
#4051=IFCPROPERTYSINGLEVALUE('objecttype',$,IFCTEXT('paal_p'),$);
#4052=IFCPROPERTYSET('0Psfxqenn6jQFLrFywGv4O',#5,'CPset_BGT',$,(#4040,#4041,#4042,#4043,#4044,#4045,#4046,#4047,#4048,#4049,#4050,#4051));
#4053=IFCRELDEFINESBYPROPERTIES('3boxNzfw91QRV6ZqxTp3XA',#5,$,$,(#4039),#4052);
#4054=IFCCARTESIANPOINT((70.4485469921492,-9.11186515021836,0.));
#4055=IFCCARTESIANTRANSFORMATIONOPERATOR3D($,$,#4054,1.,$);
#4056=IFCMAPPEDITEM(#1977,#4055);
#4057=IFCSHAPEREPRESENTATION(#11,'Body','MappedRepresentation',(#4056));
#4058=IFCCARTESIANPOINT((0.,0.,0.));
#4059=IFCDIRECTION((0.,0.,1.));
#4060=IFCDIRECTION((1.,0.,0.));
#4061=IFCAXIS2PLACEMENT3D(#4058,#4059,#4060);
#4062=IFCLOCALPLACEMENT(#37,#4061);
#4063=IFCPRODUCTDEFINITIONSHAPE($,$,(#4057));
#4064=IFCBUILDINGELEMENTPROXY('3PeUcpz$5AROz6P4bf1zet',#5,'G0772.5bcb16b5bbf34ad7aa328d616a4ffeea',$,$,#4062,#4063,$,$);
#4065=IFCPROPERTYSINGLEVALUE('hectometeraanduiding',$,IFCTEXT(''),$);
#4066=IFCPROPERTYSINGLEVALUE('plus-type',$,IFCTEXT('lichtmast'),$);
#4067=IFCPROPERTYSINGLEVALUE('subtype',$,IFCTEXT('2'),$);
#4068=IFCPROPERTYSINGLEVALUE('identificatie',$,IFCTEXT('G0772.5bcb16b5bbf34ad7aa328d616a4ffeea'),$);
#4069=IFCPROPERTYSINGLEVALUE('bgt-status',$,IFCTEXT('bestaand'),$);
#4070=IFCPROPERTYSINGLEVALUE('objectBeginTijd',$,IFCTEXT('2010-06-03T22:00:00'),$);
#4071=IFCPROPERTYSINGLEVALUE('bronhouder',$,IFCTEXT('G0772'),$);
#4072=IFCPROPERTYSINGLEVALUE('inOnderzoek',$,IFCBOOLEAN(.F.),$);
#4073=IFCPROPERTYSINGLEVALUE('relatieveHoogteligging',$,IFCTEXT('0'),$);
#4074=IFCPROPERTYSINGLEVALUE('tijdstipRegistratie',$,IFCTEXT('2016-01-07T12:25:24'),$);
#4075=IFCPROPERTYSINGLEVALUE('LV-publicatiedatum',$,IFCTEXT('2016-04-05T11:55:43'),$);
#4076=IFCPROPERTYSINGLEVALUE('objecttype',$,IFCTEXT('paal_p'),$);
#4077=IFCPROPERTYSET('1IfkdpZTL2nRYMts0ycxxq',#5,'CPset_BGT',$,(#4065,#4066,#4067,#4068,#4069,#4070,#4071,#4072,#4073,#4074,#4075,#4076));
#4078=IFCRELDEFINESBYPROPERTIES('2Pi6ogNdDFk8h5zgx14oEf',#5,$,$,(#4064),#4077);
#4079=IFCCARTESIANPOINT((47.7803662547667,-11.7498041291256,0.));
#4080=IFCCARTESIANTRANSFORMATIONOPERATOR3D($,$,#4079,1.,$);
#4081=IFCMAPPEDITEM(#1977,#4080);
#4082=IFCSHAPEREPRESENTATION(#11,'Body','MappedRepresentation',(#4081));
#4083=IFCCARTESIANPOINT((0.,0.,0.));
#4084=IFCDIRECTION((0.,0.,1.));
#4085=IFCDIRECTION((1.,0.,0.));
#4086=IFCAXIS2PLACEMENT3D(#4083,#4084,#4085);
#4087=IFCLOCALPLACEMENT(#37,#4086);
#4088=IFCPRODUCTDEFINITIONSHAPE($,$,(#4082));
#4089=IFCBUILDINGELEMENTPROXY('2gT5O7Bcr24PEnCKPfhl1u',#5,'G0772.6f821e51ef3242b5be6de2e17182a079',$,$,#4087,#4088,$,$);
#4090=IFCPROPERTYSINGLEVALUE('hectometeraanduiding',$,IFCTEXT(''),$);
#4091=IFCPROPERTYSINGLEVALUE('plus-type',$,IFCTEXT('lichtmast'),$);
#4092=IFCPROPERTYSINGLEVALUE('subtype',$,IFCTEXT('2'),$);
#4093=IFCPROPERTYSINGLEVALUE('identificatie',$,IFCTEXT('G0772.6f821e51ef3242b5be6de2e17182a079'),$);
#4094=IFCPROPERTYSINGLEVALUE('bgt-status',$,IFCTEXT('bestaand'),$);
#4095=IFCPROPERTYSINGLEVALUE('objectBeginTijd',$,IFCTEXT('2011-10-03T22:00:00'),$);
#4096=IFCPROPERTYSINGLEVALUE('bronhouder',$,IFCTEXT('G0772'),$);
#4097=IFCPROPERTYSINGLEVALUE('inOnderzoek',$,IFCBOOLEAN(.F.),$);
#4098=IFCPROPERTYSINGLEVALUE('relatieveHoogteligging',$,IFCTEXT('0'),$);
#4099=IFCPROPERTYSINGLEVALUE('tijdstipRegistratie',$,IFCTEXT('2016-01-07T12:25:24'),$);
#4100=IFCPROPERTYSINGLEVALUE('LV-publicatiedatum',$,IFCTEXT('2016-04-05T11:55:43'),$);
#4101=IFCPROPERTYSINGLEVALUE('objecttype',$,IFCTEXT('paal_p'),$);
#4102=IFCPROPERTYSET('04P3Q_ANT9aBajrirA3cyf',#5,'CPset_BGT',$,(#4090,#4091,#4092,#4093,#4094,#4095,#4096,#4097,#4098,#4099,#4100,#4101));
#4103=IFCRELDEFINESBYPROPERTIES('05JuQfmt5AVQD48_4Ke_pQ',#5,$,$,(#4089),#4102);
#4104=IFCCARTESIANPOINT((95.5459978490544,2.44219359493582,0.));
#4105=IFCCARTESIANTRANSFORMATIONOPERATOR3D($,$,#4104,1.,$);
#4106=IFCMAPPEDITEM(#1977,#4105);
#4107=IFCSHAPEREPRESENTATION(#11,'Body','MappedRepresentation',(#4106));
#4108=IFCCARTESIANPOINT((0.,0.,0.));
#4109=IFCDIRECTION((0.,0.,1.));
#4110=IFCDIRECTION((1.,0.,0.));
#4111=IFCAXIS2PLACEMENT3D(#4108,#4109,#4110);
#4112=IFCLOCALPLACEMENT(#37,#4111);
#4113=IFCPRODUCTDEFINITIONSHAPE($,$,(#4107));
#4114=IFCBUILDINGELEMENTPROXY('1WPAVC9bDB7u$IFOpL6yM2',#5,'G0772.7eff7a0faf704ce6929cb92f575ed691',$,$,#4112,#4113,$,$);
#4115=IFCPROPERTYSINGLEVALUE('hectometeraanduiding',$,IFCTEXT(''),$);
#4116=IFCPROPERTYSINGLEVALUE('plus-type',$,IFCTEXT('lichtmast'),$);
#4117=IFCPROPERTYSINGLEVALUE('subtype',$,IFCTEXT('2'),$);
#4118=IFCPROPERTYSINGLEVALUE('identificatie',$,IFCTEXT('G0772.7eff7a0faf704ce6929cb92f575ed691'),$);
#4119=IFCPROPERTYSINGLEVALUE('bgt-status',$,IFCTEXT('bestaand'),$);
#4120=IFCPROPERTYSINGLEVALUE('objectBeginTijd',$,IFCTEXT('2011-10-03T22:00:00'),$);
#4121=IFCPROPERTYSINGLEVALUE('bronhouder',$,IFCTEXT('G0772'),$);
#4122=IFCPROPERTYSINGLEVALUE('inOnderzoek',$,IFCBOOLEAN(.F.),$);
#4123=IFCPROPERTYSINGLEVALUE('relatieveHoogteligging',$,IFCTEXT('0'),$);
#4124=IFCPROPERTYSINGLEVALUE('tijdstipRegistratie',$,IFCTEXT('2016-01-07T12:25:24'),$);
#4125=IFCPROPERTYSINGLEVALUE('LV-publicatiedatum',$,IFCTEXT('2016-04-05T11:55:43'),$);
#4126=IFCPROPERTYSINGLEVALUE('objecttype',$,IFCTEXT('paal_p'),$);
#4127=IFCPROPERTYSET('1sEivVLYv1aRiQgow_xU2A',#5,'CPset_BGT',$,(#4115,#4116,#4117,#4118,#4119,#4120,#4121,#4122,#4123,#4124,#4125,#4126));
#4128=IFCRELDEFINESBYPROPERTIES('129ZPlfarCPBtSjfrFqpcR',#5,$,$,(#4114),#4127);
#4129=IFCCARTESIANPOINT((120.07249266727,-3.96472617454128,0.));
#4130=IFCCARTESIANTRANSFORMATIONOPERATOR3D($,$,#4129,1.,$);
#4131=IFCMAPPEDITEM(#1977,#4130);
#4132=IFCSHAPEREPRESENTATION(#11,'Body','MappedRepresentation',(#4131));
#4133=IFCCARTESIANPOINT((0.,0.,0.));
#4134=IFCDIRECTION((0.,0.,1.));
#4135=IFCDIRECTION((1.,0.,0.));
#4136=IFCAXIS2PLACEMENT3D(#4133,#4134,#4135);
#4137=IFCLOCALPLACEMENT(#37,#4136);
#4138=IFCPRODUCTDEFINITIONSHAPE($,$,(#4132));
#4139=IFCBUILDINGELEMENTPROXY('1HQ0Qcx2j9avwVXyFe0K8Q',#5,'G0772.9b20350e29f449c1871858a367d91ea4',$,$,#4137,#4138,$,$);
#4140=IFCPROPERTYSINGLEVALUE('hectometeraanduiding',$,IFCTEXT(''),$);
#4141=IFCPROPERTYSINGLEVALUE('plus-type',$,IFCTEXT('lichtmast'),$);
#4142=IFCPROPERTYSINGLEVALUE('subtype',$,IFCTEXT('2'),$);
#4143=IFCPROPERTYSINGLEVALUE('identificatie',$,IFCTEXT('G0772.9b20350e29f449c1871858a367d91ea4'),$);
#4144=IFCPROPERTYSINGLEVALUE('bgt-status',$,IFCTEXT('bestaand'),$);
#4145=IFCPROPERTYSINGLEVALUE('objectBeginTijd',$,IFCTEXT('2010-06-03T22:00:00'),$);
#4146=IFCPROPERTYSINGLEVALUE('bronhouder',$,IFCTEXT('G0772'),$);
#4147=IFCPROPERTYSINGLEVALUE('inOnderzoek',$,IFCBOOLEAN(.F.),$);
#4148=IFCPROPERTYSINGLEVALUE('relatieveHoogteligging',$,IFCTEXT('0'),$);
#4149=IFCPROPERTYSINGLEVALUE('tijdstipRegistratie',$,IFCTEXT('2016-01-07T12:25:24'),$);
#4150=IFCPROPERTYSINGLEVALUE('LV-publicatiedatum',$,IFCTEXT('2016-04-05T11:55:43'),$);
#4151=IFCPROPERTYSINGLEVALUE('objecttype',$,IFCTEXT('paal_p'),$);
#4152=IFCPROPERTYSET('1073a5Tl98HwX9NNnyZlCv',#5,'CPset_BGT',$,(#4140,#4141,#4142,#4143,#4144,#4145,#4146,#4147,#4148,#4149,#4150,#4151));
#4153=IFCRELDEFINESBYPROPERTIES('2nd9tYivT1ZQFGU_jgnjrD',#5,$,$,(#4139),#4152);
#4154=IFCCARTESIANPOINT((46.697017129598,-2.12368010781938,0.));
#4155=IFCCARTESIANTRANSFORMATIONOPERATOR3D($,$,#4154,1.,$);
#4156=IFCMAPPEDITEM(#1977,#4155);
#4157=IFCSHAPEREPRESENTATION(#11,'Body','MappedRepresentation',(#4156));
#4158=IFCCARTESIANPOINT((0.,0.,0.));
#4159=IFCDIRECTION((0.,0.,1.));
#4160=IFCDIRECTION((1.,0.,0.));
#4161=IFCAXIS2PLACEMENT3D(#4158,#4159,#4160);
#4162=IFCLOCALPLACEMENT(#37,#4161);
#4163=IFCPRODUCTDEFINITIONSHAPE($,$,(#4157));
#4164=IFCBUILDINGELEMENTPROXY('1nk0lJFqn8twapTY3EG7mQ',#5,'G0772.9fdb294ee4c44311a23e2f53a695742b',$,$,#4162,#4163,$,$);
#4165=IFCPROPERTYSINGLEVALUE('hectometeraanduiding',$,IFCTEXT(''),$);
#4166=IFCPROPERTYSINGLEVALUE('plus-type',$,IFCTEXT('lichtmast'),$);
#4167=IFCPROPERTYSINGLEVALUE('subtype',$,IFCTEXT('2'),$);
#4168=IFCPROPERTYSINGLEVALUE('identificatie',$,IFCTEXT('G0772.9fdb294ee4c44311a23e2f53a695742b'),$);
#4169=IFCPROPERTYSINGLEVALUE('bgt-status',$,IFCTEXT('bestaand'),$);
#4170=IFCPROPERTYSINGLEVALUE('objectBeginTijd',$,IFCTEXT('2011-10-03T22:00:00'),$);
#4171=IFCPROPERTYSINGLEVALUE('bronhouder',$,IFCTEXT('G0772'),$);
#4172=IFCPROPERTYSINGLEVALUE('inOnderzoek',$,IFCBOOLEAN(.F.),$);
#4173=IFCPROPERTYSINGLEVALUE('relatieveHoogteligging',$,IFCTEXT('0'),$);
#4174=IFCPROPERTYSINGLEVALUE('tijdstipRegistratie',$,IFCTEXT('2016-01-07T12:25:24'),$);
#4175=IFCPROPERTYSINGLEVALUE('LV-publicatiedatum',$,IFCTEXT('2016-04-05T11:55:43'),$);
#4176=IFCPROPERTYSINGLEVALUE('objecttype',$,IFCTEXT('paal_p'),$);
#4177=IFCPROPERTYSET('30kifU3hr45eJovy7quOeZ',#5,'CPset_BGT',$,(#4165,#4166,#4167,#4168,#4169,#4170,#4171,#4172,#4173,#4174,#4175,#4176));
#4178=IFCRELDEFINESBYPROPERTIES('3JoOXmTfLExgl0uMlfIzL_',#5,$,$,(#4164),#4177);
#4179=IFCCARTESIANPOINT((27.3192180679471,-14.36166015052,0.));
#4180=IFCCARTESIANTRANSFORMATIONOPERATOR3D($,$,#4179,1.,$);
#4181=IFCMAPPEDITEM(#1977,#4180);
#4182=IFCSHAPEREPRESENTATION(#11,'Body','MappedRepresentation',(#4181));
#4183=IFCCARTESIANPOINT((0.,0.,0.));
#4184=IFCDIRECTION((0.,0.,1.));
#4185=IFCDIRECTION((1.,0.,0.));
#4186=IFCAXIS2PLACEMENT3D(#4183,#4184,#4185);
#4187=IFCLOCALPLACEMENT(#37,#4186);
#4188=IFCPRODUCTDEFINITIONSHAPE($,$,(#4182));
#4189=IFCBUILDINGELEMENTPROXY('2uHsc7NU1BfwZnlnKr887L',#5,'G0772.e4913ec340c24713ad890466df38b224',$,$,#4187,#4188,$,$);
#4190=IFCPROPERTYSINGLEVALUE('hectometeraanduiding',$,IFCTEXT(''),$);
#4191=IFCPROPERTYSINGLEVALUE('plus-type',$,IFCTEXT('lichtmast'),$);
#4192=IFCPROPERTYSINGLEVALUE('subtype',$,IFCTEXT('2'),$);
#4193=IFCPROPERTYSINGLEVALUE('identificatie',$,IFCTEXT('G0772.e4913ec340c24713ad890466df38b224'),$);
#4194=IFCPROPERTYSINGLEVALUE('bgt-status',$,IFCTEXT('bestaand'),$);
#4195=IFCPROPERTYSINGLEVALUE('objectBeginTijd',$,IFCTEXT('2011-10-03T22:00:00'),$);
#4196=IFCPROPERTYSINGLEVALUE('bronhouder',$,IFCTEXT('G0772'),$);
#4197=IFCPROPERTYSINGLEVALUE('inOnderzoek',$,IFCBOOLEAN(.F.),$);
#4198=IFCPROPERTYSINGLEVALUE('relatieveHoogteligging',$,IFCTEXT('0'),$);
#4199=IFCPROPERTYSINGLEVALUE('tijdstipRegistratie',$,IFCTEXT('2016-01-07T12:25:24'),$);
#4200=IFCPROPERTYSINGLEVALUE('LV-publicatiedatum',$,IFCTEXT('2016-04-05T11:55:43'),$);
#4201=IFCPROPERTYSINGLEVALUE('objecttype',$,IFCTEXT('paal_p'),$);
#4202=IFCPROPERTYSET('30553FT9zBPvuxt3ZE5XV4',#5,'CPset_BGT',$,(#4190,#4191,#4192,#4193,#4194,#4195,#4196,#4197,#4198,#4199,#4200,#4201));
#4203=IFCRELDEFINESBYPROPERTIES('3loBQ1PJ10r9qYPLAeUsIW',#5,$,$,(#4189),#4202);
#4204=IFCCARTESIANPOINT((142.631687766028,-0.491151431400795,0.));
#4205=IFCCARTESIANTRANSFORMATIONOPERATOR3D($,$,#4204,1.,$);
#4206=IFCMAPPEDITEM(#1977,#4205);
#4207=IFCSHAPEREPRESENTATION(#11,'Body','MappedRepresentation',(#4206));
#4208=IFCCARTESIANPOINT((0.,0.,0.));
#4209=IFCDIRECTION((0.,0.,1.));
#4210=IFCDIRECTION((1.,0.,0.));
#4211=IFCAXIS2PLACEMENT3D(#4208,#4209,#4210);
#4212=IFCLOCALPLACEMENT(#37,#4211);
#4213=IFCPRODUCTDEFINITIONSHAPE($,$,(#4207));
#4214=IFCBUILDINGELEMENTPROXY('1EGE_MGXv2peZyvKwaN1sP',#5,'G0772.7172adf2796f41588fea6416af6d2c90',$,$,#4212,#4213,$,$);
#4215=IFCPROPERTYSINGLEVALUE('hectometeraanduiding',$,IFCTEXT(''),$);
#4216=IFCPROPERTYSINGLEVALUE('plus-type',$,IFCTEXT('lichtmast'),$);
#4217=IFCPROPERTYSINGLEVALUE('subtype',$,IFCTEXT('2'),$);
#4218=IFCPROPERTYSINGLEVALUE('identificatie',$,IFCTEXT('G0772.7172adf2796f41588fea6416af6d2c90'),$);
#4219=IFCPROPERTYSINGLEVALUE('bgt-status',$,IFCTEXT('bestaand'),$);
#4220=IFCPROPERTYSINGLEVALUE('objectBeginTijd',$,IFCTEXT('2011-10-03T22:00:00'),$);
#4221=IFCPROPERTYSINGLEVALUE('bronhouder',$,IFCTEXT('G0772'),$);
#4222=IFCPROPERTYSINGLEVALUE('inOnderzoek',$,IFCBOOLEAN(.F.),$);
#4223=IFCPROPERTYSINGLEVALUE('relatieveHoogteligging',$,IFCTEXT('0'),$);
#4224=IFCPROPERTYSINGLEVALUE('tijdstipRegistratie',$,IFCTEXT('2016-01-07T12:25:24'),$);
#4225=IFCPROPERTYSINGLEVALUE('LV-publicatiedatum',$,IFCTEXT('2016-04-05T11:55:43'),$);
#4226=IFCPROPERTYSINGLEVALUE('objecttype',$,IFCTEXT('paal_p'),$);
#4227=IFCPROPERTYSET('2zmMeSjaT3r9cLyDUKx9ww',#5,'CPset_BGT',$,(#4215,#4216,#4217,#4218,#4219,#4220,#4221,#4222,#4223,#4224,#4225,#4226));
#4228=IFCRELDEFINESBYPROPERTIES('3ooTgrl0L6JOQAEYRuaWMY',#5,$,$,(#4214),#4227);
#4229=IFCCARTESIANPOINT((118.77731289799,5.02788559097098,0.));
#4230=IFCCARTESIANTRANSFORMATIONOPERATOR3D($,$,#4229,1.,$);
#4231=IFCMAPPEDITEM(#1977,#4230);
#4232=IFCSHAPEREPRESENTATION(#11,'Body','MappedRepresentation',(#4231));
#4233=IFCCARTESIANPOINT((0.,0.,0.));
#4234=IFCDIRECTION((0.,0.,1.));
#4235=IFCDIRECTION((1.,0.,0.));
#4236=IFCAXIS2PLACEMENT3D(#4233,#4234,#4235);
#4237=IFCLOCALPLACEMENT(#37,#4236);
#4238=IFCPRODUCTDEFINITIONSHAPE($,$,(#4232));
#4239=IFCBUILDINGELEMENTPROXY('0UGINH1Z994x70PI5GGB8n',#5,'G0772.930bf946bcdd43269bc1a94c3da9a260',$,$,#4237,#4238,$,$);
#4240=IFCPROPERTYSINGLEVALUE('hectometeraanduiding',$,IFCTEXT(''),$);
#4241=IFCPROPERTYSINGLEVALUE('plus-type',$,IFCTEXT('lichtmast'),$);
#4242=IFCPROPERTYSINGLEVALUE('subtype',$,IFCTEXT('2'),$);
#4243=IFCPROPERTYSINGLEVALUE('identificatie',$,IFCTEXT('G0772.930bf946bcdd43269bc1a94c3da9a260'),$);
#4244=IFCPROPERTYSINGLEVALUE('bgt-status',$,IFCTEXT('bestaand'),$);
#4245=IFCPROPERTYSINGLEVALUE('objectBeginTijd',$,IFCTEXT('2010-06-03T22:00:00'),$);
#4246=IFCPROPERTYSINGLEVALUE('bronhouder',$,IFCTEXT('G0772'),$);
#4247=IFCPROPERTYSINGLEVALUE('inOnderzoek',$,IFCBOOLEAN(.F.),$);
#4248=IFCPROPERTYSINGLEVALUE('relatieveHoogteligging',$,IFCTEXT('0'),$);
#4249=IFCPROPERTYSINGLEVALUE('tijdstipRegistratie',$,IFCTEXT('2016-01-07T12:25:24'),$);
#4250=IFCPROPERTYSINGLEVALUE('LV-publicatiedatum',$,IFCTEXT('2016-04-05T11:55:43'),$);
#4251=IFCPROPERTYSINGLEVALUE('objecttype',$,IFCTEXT('paal_p'),$);
#4252=IFCPROPERTYSET('3oFzHaqEj31xmv13SV$4qJ',#5,'CPset_BGT',$,(#4240,#4241,#4242,#4243,#4244,#4245,#4246,#4247,#4248,#4249,#4250,#4251));
#4253=IFCRELDEFINESBYPROPERTIES('1u9UW$VHD738BYV$xdmge9',#5,$,$,(#4239),#4252);
#4254=IFCCARTESIANPOINT((120.947941034363,-28.5724818250746,0.));
#4255=IFCCARTESIANTRANSFORMATIONOPERATOR3D($,$,#4254,1.,$);
#4256=IFCMAPPEDITEM(#1977,#4255);
#4257=IFCSHAPEREPRESENTATION(#11,'Body','MappedRepresentation',(#4256));
#4258=IFCCARTESIANPOINT((0.,0.,0.));
#4259=IFCDIRECTION((0.,0.,1.));
#4260=IFCDIRECTION((1.,0.,0.));
#4261=IFCAXIS2PLACEMENT3D(#4258,#4259,#4260);
#4262=IFCLOCALPLACEMENT(#37,#4261);
#4263=IFCPRODUCTDEFINITIONSHAPE($,$,(#4257));
#4264=IFCBUILDINGELEMENTPROXY('1iIeGvD1zBDwsN9aDdUfKW',#5,'G0772.e06d4b7405ef4a36b6dc0315fef5ba0d',$,$,#4262,#4263,$,$);
#4265=IFCPROPERTYSINGLEVALUE('hectometeraanduiding',$,IFCTEXT(''),$);
#4266=IFCPROPERTYSINGLEVALUE('plus-type',$,IFCTEXT('lichtmast'),$);
#4267=IFCPROPERTYSINGLEVALUE('subtype',$,IFCTEXT('2'),$);
#4268=IFCPROPERTYSINGLEVALUE('identificatie',$,IFCTEXT('G0772.e06d4b7405ef4a36b6dc0315fef5ba0d'),$);
#4269=IFCPROPERTYSINGLEVALUE('bgt-status',$,IFCTEXT('bestaand'),$);
#4270=IFCPROPERTYSINGLEVALUE('objectBeginTijd',$,IFCTEXT('2021-12-09T23:00:00'),$);
#4271=IFCPROPERTYSINGLEVALUE('bronhouder',$,IFCTEXT('G0772'),$);
#4272=IFCPROPERTYSINGLEVALUE('inOnderzoek',$,IFCBOOLEAN(.F.),$);
#4273=IFCPROPERTYSINGLEVALUE('relatieveHoogteligging',$,IFCTEXT('0'),$);
#4274=IFCPROPERTYSINGLEVALUE('tijdstipRegistratie',$,IFCTEXT('2021-12-14T12:48:03'),$);
#4275=IFCPROPERTYSINGLEVALUE('LV-publicatiedatum',$,IFCTEXT('2021-12-14T13:30:56'),$);
#4276=IFCPROPERTYSINGLEVALUE('objecttype',$,IFCTEXT('paal_p'),$);
#4277=IFCPROPERTYSET('1$qjpMwGX4h8O3ZldpJul5',#5,'CPset_BGT',$,(#4265,#4266,#4267,#4268,#4269,#4270,#4271,#4272,#4273,#4274,#4275,#4276));
#4278=IFCRELDEFINESBYPROPERTIES('37lEiEQJnEd85uqht8rm_8',#5,$,$,(#4264),#4277);
#4279=IFCCARTESIANPOINT((274.954981819115,1.31527042784728,0.));
#4280=IFCCARTESIANTRANSFORMATIONOPERATOR3D($,$,#4279,1.,$);
#4281=IFCMAPPEDITEM(#1977,#4280);
#4282=IFCSHAPEREPRESENTATION(#11,'Body','MappedRepresentation',(#4281));
#4283=IFCCARTESIANPOINT((0.,0.,0.));
#4284=IFCDIRECTION((0.,0.,1.));
#4285=IFCDIRECTION((1.,0.,0.));
#4286=IFCAXIS2PLACEMENT3D(#4283,#4284,#4285);
#4287=IFCLOCALPLACEMENT(#37,#4286);
#4288=IFCPRODUCTDEFINITIONSHAPE($,$,(#4282));
#4289=IFCBUILDINGELEMENTPROXY('37QpnHVzj92hMYd5mYI40G',#5,'G0772.5f2e26a92e5c48df83a35e389adf1d82',$,$,#4287,#4288,$,$);
#4290=IFCPROPERTYSINGLEVALUE('hectometeraanduiding',$,IFCTEXT(''),$);
#4291=IFCPROPERTYSINGLEVALUE('plus-type',$,IFCTEXT('lichtmast'),$);
#4292=IFCPROPERTYSINGLEVALUE('subtype',$,IFCTEXT('2'),$);
#4293=IFCPROPERTYSINGLEVALUE('identificatie',$,IFCTEXT('G0772.5f2e26a92e5c48df83a35e389adf1d82'),$);
#4294=IFCPROPERTYSINGLEVALUE('bgt-status',$,IFCTEXT('bestaand'),$);
#4295=IFCPROPERTYSINGLEVALUE('objectBeginTijd',$,IFCTEXT('2006-09-25T22:00:00'),$);
#4296=IFCPROPERTYSINGLEVALUE('bronhouder',$,IFCTEXT('G0772'),$);
#4297=IFCPROPERTYSINGLEVALUE('inOnderzoek',$,IFCBOOLEAN(.F.),$);
#4298=IFCPROPERTYSINGLEVALUE('relatieveHoogteligging',$,IFCTEXT('0'),$);
#4299=IFCPROPERTYSINGLEVALUE('tijdstipRegistratie',$,IFCTEXT('2016-01-07T12:25:24'),$);
#4300=IFCPROPERTYSINGLEVALUE('LV-publicatiedatum',$,IFCTEXT('2016-04-05T11:55:43'),$);
#4301=IFCPROPERTYSINGLEVALUE('objecttype',$,IFCTEXT('paal_p'),$);
#4302=IFCPROPERTYSET('3Dw_7gVpXAu9AUE8gFpN1r',#5,'CPset_BGT',$,(#4290,#4291,#4292,#4293,#4294,#4295,#4296,#4297,#4298,#4299,#4300,#4301));
#4303=IFCRELDEFINESBYPROPERTIES('2CQjQfSUv8BALpA3RN2ct7',#5,$,$,(#4289),#4302);
#4304=IFCCARTESIANPOINT((262.296200045705,-72.5018794020871,0.));
#4305=IFCCARTESIANTRANSFORMATIONOPERATOR3D($,$,#4304,1.,$);
#4306=IFCMAPPEDITEM(#1977,#4305);
#4307=IFCSHAPEREPRESENTATION(#11,'Body','MappedRepresentation',(#4306));
#4308=IFCCARTESIANPOINT((0.,0.,0.));
#4309=IFCDIRECTION((0.,0.,1.));
#4310=IFCDIRECTION((1.,0.,0.));
#4311=IFCAXIS2PLACEMENT3D(#4308,#4309,#4310);
#4312=IFCLOCALPLACEMENT(#37,#4311);
#4313=IFCPRODUCTDEFINITIONSHAPE($,$,(#4307));
#4314=IFCBUILDINGELEMENTPROXY('0i_iWazB51PQJYoXaE6fVN',#5,'G0772.74f9ca8a30c3466684e6cca3fb5f4840',$,$,#4312,#4313,$,$);
#4315=IFCPROPERTYSINGLEVALUE('hectometeraanduiding',$,IFCTEXT(''),$);
#4316=IFCPROPERTYSINGLEVALUE('plus-type',$,IFCTEXT('lichtmast'),$);
#4317=IFCPROPERTYSINGLEVALUE('subtype',$,IFCTEXT('2'),$);
#4318=IFCPROPERTYSINGLEVALUE('identificatie',$,IFCTEXT('G0772.74f9ca8a30c3466684e6cca3fb5f4840'),$);
#4319=IFCPROPERTYSINGLEVALUE('bgt-status',$,IFCTEXT('bestaand'),$);
#4320=IFCPROPERTYSINGLEVALUE('objectBeginTijd',$,IFCTEXT('2014-03-13T23:00:00'),$);
#4321=IFCPROPERTYSINGLEVALUE('bronhouder',$,IFCTEXT('G0772'),$);
#4322=IFCPROPERTYSINGLEVALUE('inOnderzoek',$,IFCBOOLEAN(.F.),$);
#4323=IFCPROPERTYSINGLEVALUE('relatieveHoogteligging',$,IFCTEXT('0'),$);
#4324=IFCPROPERTYSINGLEVALUE('tijdstipRegistratie',$,IFCTEXT('2016-01-07T12:25:24'),$);
#4325=IFCPROPERTYSINGLEVALUE('LV-publicatiedatum',$,IFCTEXT('2016-04-05T11:55:43'),$);
#4326=IFCPROPERTYSINGLEVALUE('objecttype',$,IFCTEXT('paal_p'),$);
#4327=IFCPROPERTYSET('3eM25FxdP0BfFZSR1N6dD2',#5,'CPset_BGT',$,(#4315,#4316,#4317,#4318,#4319,#4320,#4321,#4322,#4323,#4324,#4325,#4326));
#4328=IFCRELDEFINESBYPROPERTIES('2vpQdVLQr8T96E4lBPqVNh',#5,$,$,(#4314),#4327);
#4329=IFCCARTESIANPOINT((325.478958261112,37.690570694569,0.));
#4330=IFCCARTESIANTRANSFORMATIONOPERATOR3D($,$,#4329,1.,$);
#4331=IFCMAPPEDITEM(#1977,#4330);
#4332=IFCSHAPEREPRESENTATION(#11,'Body','MappedRepresentation',(#4331));
#4333=IFCCARTESIANPOINT((0.,0.,0.));
#4334=IFCDIRECTION((0.,0.,1.));
#4335=IFCDIRECTION((1.,0.,0.));
#4336=IFCAXIS2PLACEMENT3D(#4333,#4334,#4335);
#4337=IFCLOCALPLACEMENT(#37,#4336);
#4338=IFCPRODUCTDEFINITIONSHAPE($,$,(#4332));
#4339=IFCBUILDINGELEMENTPROXY('2ybWjGaSvFlgq7B9uvQx9j',#5,'G0772.a1d46c2d0a8f4e69a7c5fa3fc6e2ca3a',$,$,#4337,#4338,$,$);
#4340=IFCPROPERTYSINGLEVALUE('hectometeraanduiding',$,IFCTEXT(''),$);
#4341=IFCPROPERTYSINGLEVALUE('plus-type',$,IFCTEXT('lichtmast'),$);
#4342=IFCPROPERTYSINGLEVALUE('subtype',$,IFCTEXT('2'),$);
#4343=IFCPROPERTYSINGLEVALUE('identificatie',$,IFCTEXT('G0772.a1d46c2d0a8f4e69a7c5fa3fc6e2ca3a'),$);
#4344=IFCPROPERTYSINGLEVALUE('bgt-status',$,IFCTEXT('bestaand'),$);
#4345=IFCPROPERTYSINGLEVALUE('objectBeginTijd',$,IFCTEXT('2006-09-25T22:00:00'),$);
#4346=IFCPROPERTYSINGLEVALUE('bronhouder',$,IFCTEXT('G0772'),$);
#4347=IFCPROPERTYSINGLEVALUE('inOnderzoek',$,IFCBOOLEAN(.F.),$);
#4348=IFCPROPERTYSINGLEVALUE('relatieveHoogteligging',$,IFCTEXT('0'),$);
#4349=IFCPROPERTYSINGLEVALUE('tijdstipRegistratie',$,IFCTEXT('2016-01-07T12:25:24'),$);
#4350=IFCPROPERTYSINGLEVALUE('LV-publicatiedatum',$,IFCTEXT('2016-04-05T11:55:43'),$);
#4351=IFCPROPERTYSINGLEVALUE('objecttype',$,IFCTEXT('paal_p'),$);
#4352=IFCPROPERTYSET('2$P5cqKS5Fx8nBwZQsYOuc',#5,'CPset_BGT',$,(#4340,#4341,#4342,#4343,#4344,#4345,#4346,#4347,#4348,#4349,#4350,#4351));
#4353=IFCRELDEFINESBYPROPERTIES('2wvkaXM3n8DBkdENH8kXqM',#5,$,$,(#4339),#4352);
#4354=IFCCARTESIANPOINT((267.709906288859,-25.5100416776841,0.));
#4355=IFCCARTESIANTRANSFORMATIONOPERATOR3D($,$,#4354,1.,$);
#4356=IFCMAPPEDITEM(#1977,#4355);
#4357=IFCSHAPEREPRESENTATION(#11,'Body','MappedRepresentation',(#4356));
#4358=IFCCARTESIANPOINT((0.,0.,0.));
#4359=IFCDIRECTION((0.,0.,1.));
#4360=IFCDIRECTION((1.,0.,0.));
#4361=IFCAXIS2PLACEMENT3D(#4358,#4359,#4360);
#4362=IFCLOCALPLACEMENT(#37,#4361);
#4363=IFCPRODUCTDEFINITIONSHAPE($,$,(#4357));
#4364=IFCBUILDINGELEMENTPROXY('2CXUP07_b2khD_iIu9za$3',#5,'G0772.893c1edcec5f4870979037d65f697b38',$,$,#4362,#4363,$,$);
#4365=IFCPROPERTYSINGLEVALUE('hectometeraanduiding',$,IFCTEXT(''),$);
#4366=IFCPROPERTYSINGLEVALUE('plus-type',$,IFCTEXT('lichtmast'),$);
#4367=IFCPROPERTYSINGLEVALUE('subtype',$,IFCTEXT('2'),$);
#4368=IFCPROPERTYSINGLEVALUE('identificatie',$,IFCTEXT('G0772.893c1edcec5f4870979037d65f697b38'),$);
#4369=IFCPROPERTYSINGLEVALUE('bgt-status',$,IFCTEXT('bestaand'),$);
#4370=IFCPROPERTYSINGLEVALUE('objectBeginTijd',$,IFCTEXT('2014-03-13T23:00:00'),$);
#4371=IFCPROPERTYSINGLEVALUE('bronhouder',$,IFCTEXT('G0772'),$);
#4372=IFCPROPERTYSINGLEVALUE('inOnderzoek',$,IFCBOOLEAN(.F.),$);
#4373=IFCPROPERTYSINGLEVALUE('relatieveHoogteligging',$,IFCTEXT('0'),$);
#4374=IFCPROPERTYSINGLEVALUE('tijdstipRegistratie',$,IFCTEXT('2016-01-07T12:25:24'),$);
#4375=IFCPROPERTYSINGLEVALUE('LV-publicatiedatum',$,IFCTEXT('2016-04-05T11:55:43'),$);
#4376=IFCPROPERTYSINGLEVALUE('objecttype',$,IFCTEXT('paal_p'),$);
#4377=IFCPROPERTYSET('35_gnZNlPENhJFZjBwN$qA',#5,'CPset_BGT',$,(#4365,#4366,#4367,#4368,#4369,#4370,#4371,#4372,#4373,#4374,#4375,#4376));
#4378=IFCRELDEFINESBYPROPERTIES('3wG9KUFeD5ZuMWy0DIF7q$',#5,$,$,(#4364),#4377);
#4379=IFCCARTESIANPOINT((169.243852317071,-184.524669169099,0.));
#4380=IFCCARTESIANTRANSFORMATIONOPERATOR3D($,$,#4379,1.,$);
#4381=IFCMAPPEDITEM(#1977,#4380);
#4382=IFCSHAPEREPRESENTATION(#11,'Body','MappedRepresentation',(#4381));
#4383=IFCCARTESIANPOINT((0.,0.,0.));
#4384=IFCDIRECTION((0.,0.,1.));
#4385=IFCDIRECTION((1.,0.,0.));
#4386=IFCAXIS2PLACEMENT3D(#4383,#4384,#4385);
#4387=IFCLOCALPLACEMENT(#37,#4386);
#4388=IFCPRODUCTDEFINITIONSHAPE($,$,(#4382));
#4389=IFCBUILDINGELEMENTPROXY('0R0x_O4tb5IuzVJkB1Uv$5',#5,'G0772.06574aa8cd1b4071a56047d763f3f982',$,$,#4387,#4388,$,$);
#4390=IFCPROPERTYSINGLEVALUE('hectometeraanduiding',$,IFCTEXT(''),$);
#4391=IFCPROPERTYSINGLEVALUE('plus-type',$,IFCTEXT('lichtmast'),$);
#4392=IFCPROPERTYSINGLEVALUE('subtype',$,IFCTEXT('2'),$);
#4393=IFCPROPERTYSINGLEVALUE('identificatie',$,IFCTEXT('G0772.06574aa8cd1b4071a56047d763f3f982'),$);
#4394=IFCPROPERTYSINGLEVALUE('bgt-status',$,IFCTEXT('bestaand'),$);
#4395=IFCPROPERTYSINGLEVALUE('objectBeginTijd',$,IFCTEXT('2015-10-06T22:00:00'),$);
#4396=IFCPROPERTYSINGLEVALUE('bronhouder',$,IFCTEXT('G0772'),$);
#4397=IFCPROPERTYSINGLEVALUE('inOnderzoek',$,IFCBOOLEAN(.F.),$);
#4398=IFCPROPERTYSINGLEVALUE('relatieveHoogteligging',$,IFCTEXT('0'),$);
#4399=IFCPROPERTYSINGLEVALUE('tijdstipRegistratie',$,IFCTEXT('2016-09-09T06:55:17'),$);
#4400=IFCPROPERTYSINGLEVALUE('LV-publicatiedatum',$,IFCTEXT('2016-09-09T16:50:14'),$);
#4401=IFCPROPERTYSINGLEVALUE('objecttype',$,IFCTEXT('paal_p'),$);
#4402=IFCPROPERTYSET('0P2Q__EG1Ew89G92KnHjjA',#5,'CPset_BGT',$,(#4390,#4391,#4392,#4393,#4394,#4395,#4396,#4397,#4398,#4399,#4400,#4401));
#4403=IFCRELDEFINESBYPROPERTIES('0NUjDIBz52p9liYpXxgonp',#5,$,$,(#4389),#4402);
#4404=IFCCARTESIANPOINT((229.285863822937,-51.618912001315,0.));
#4405=IFCCARTESIANTRANSFORMATIONOPERATOR3D($,$,#4404,1.,$);
#4406=IFCMAPPEDITEM(#1977,#4405);
#4407=IFCSHAPEREPRESENTATION(#11,'Body','MappedRepresentation',(#4406));
#4408=IFCCARTESIANPOINT((0.,0.,0.));
#4409=IFCDIRECTION((0.,0.,1.));
#4410=IFCDIRECTION((1.,0.,0.));
#4411=IFCAXIS2PLACEMENT3D(#4408,#4409,#4410);
#4412=IFCLOCALPLACEMENT(#37,#4411);
#4413=IFCPRODUCTDEFINITIONSHAPE($,$,(#4407));
#4414=IFCBUILDINGELEMENTPROXY('3DyPD74ZH6VOthqwMBVunF',#5,'G0772.368adf71669b474cb91a628956e9cd39',$,$,#4412,#4413,$,$);
#4415=IFCPROPERTYSINGLEVALUE('hectometeraanduiding',$,IFCTEXT(''),$);
#4416=IFCPROPERTYSINGLEVALUE('plus-type',$,IFCTEXT('lichtmast'),$);
#4417=IFCPROPERTYSINGLEVALUE('subtype',$,IFCTEXT('2'),$);
#4418=IFCPROPERTYSINGLEVALUE('identificatie',$,IFCTEXT('G0772.368adf71669b474cb91a628956e9cd39'),$);
#4419=IFCPROPERTYSINGLEVALUE('bgt-status',$,IFCTEXT('bestaand'),$);
#4420=IFCPROPERTYSINGLEVALUE('objectBeginTijd',$,IFCTEXT('2015-10-06T22:00:00'),$);
#4421=IFCPROPERTYSINGLEVALUE('bronhouder',$,IFCTEXT('G0772'),$);
#4422=IFCPROPERTYSINGLEVALUE('inOnderzoek',$,IFCBOOLEAN(.F.),$);
#4423=IFCPROPERTYSINGLEVALUE('relatieveHoogteligging',$,IFCTEXT('0'),$);
#4424=IFCPROPERTYSINGLEVALUE('tijdstipRegistratie',$,IFCTEXT('2016-09-09T06:55:17'),$);
#4425=IFCPROPERTYSINGLEVALUE('LV-publicatiedatum',$,IFCTEXT('2016-09-09T16:50:14'),$);
#4426=IFCPROPERTYSINGLEVALUE('objecttype',$,IFCTEXT('paal_p'),$);
#4427=IFCPROPERTYSET('0WY4wIVSf3xAwx1uErdxjL',#5,'CPset_BGT',$,(#4415,#4416,#4417,#4418,#4419,#4420,#4421,#4422,#4423,#4424,#4425,#4426));
#4428=IFCRELDEFINESBYPROPERTIES('3fcubpwgbFnPXlFeb0lJ$z',#5,$,$,(#4414),#4427);
#4429=IFCCARTESIANPOINT((172.588537409058,-171.847957504157,0.));
#4430=IFCCARTESIANTRANSFORMATIONOPERATOR3D($,$,#4429,1.,$);
#4431=IFCMAPPEDITEM(#1977,#4430);
#4432=IFCSHAPEREPRESENTATION(#11,'Body','MappedRepresentation',(#4431));
#4433=IFCCARTESIANPOINT((0.,0.,0.));
#4434=IFCDIRECTION((0.,0.,1.));
#4435=IFCDIRECTION((1.,0.,0.));
#4436=IFCAXIS2PLACEMENT3D(#4433,#4434,#4435);
#4437=IFCLOCALPLACEMENT(#37,#4436);
#4438=IFCPRODUCTDEFINITIONSHAPE($,$,(#4432));
#4439=IFCBUILDINGELEMENTPROXY('3Ost62ZWTE1Q82we50GB3J',#5,'G0772.e71faa9461974f3f936e53a025d9748e',$,$,#4437,#4438,$,$);
#4440=IFCPROPERTYSINGLEVALUE('hectometeraanduiding',$,IFCTEXT(''),$);
#4441=IFCPROPERTYSINGLEVALUE('plus-type',$,IFCTEXT('lichtmast'),$);
#4442=IFCPROPERTYSINGLEVALUE('subtype',$,IFCTEXT('2'),$);
#4443=IFCPROPERTYSINGLEVALUE('identificatie',$,IFCTEXT('G0772.e71faa9461974f3f936e53a025d9748e'),$);
#4444=IFCPROPERTYSINGLEVALUE('bgt-status',$,IFCTEXT('bestaand'),$);
#4445=IFCPROPERTYSINGLEVALUE('objectBeginTijd',$,IFCTEXT('2015-10-06T22:00:00'),$);
#4446=IFCPROPERTYSINGLEVALUE('bronhouder',$,IFCTEXT('G0772'),$);
#4447=IFCPROPERTYSINGLEVALUE('inOnderzoek',$,IFCBOOLEAN(.F.),$);
#4448=IFCPROPERTYSINGLEVALUE('relatieveHoogteligging',$,IFCTEXT('0'),$);
#4449=IFCPROPERTYSINGLEVALUE('tijdstipRegistratie',$,IFCTEXT('2016-09-09T06:55:17'),$);
#4450=IFCPROPERTYSINGLEVALUE('LV-publicatiedatum',$,IFCTEXT('2016-09-09T16:50:14'),$);
#4451=IFCPROPERTYSINGLEVALUE('objecttype',$,IFCTEXT('paal_p'),$);
#4452=IFCPROPERTYSET('3NIWrGYRjEAeeZUEPNmn3K',#5,'CPset_BGT',$,(#4440,#4441,#4442,#4443,#4444,#4445,#4446,#4447,#4448,#4449,#4450,#4451));
#4453=IFCRELDEFINESBYPROPERTIES('3VW1uIPsr1weAjzhDYV1B4',#5,$,$,(#4439),#4452);
#4454=IFCCARTESIANPOINT((275.65588228163,-18.0589564868133,0.));
#4455=IFCCARTESIANTRANSFORMATIONOPERATOR3D($,$,#4454,1.,$);
#4456=IFCMAPPEDITEM(#1977,#4455);
#4457=IFCSHAPEREPRESENTATION(#11,'Body','MappedRepresentation',(#4456));
#4458=IFCCARTESIANPOINT((0.,0.,0.));
#4459=IFCDIRECTION((0.,0.,1.));
#4460=IFCDIRECTION((1.,0.,0.));
#4461=IFCAXIS2PLACEMENT3D(#4458,#4459,#4460);
#4462=IFCLOCALPLACEMENT(#37,#4461);
#4463=IFCPRODUCTDEFINITIONSHAPE($,$,(#4457));
#4464=IFCBUILDINGELEMENTPROXY('1WynVX45X97wSi5lISrWKd',#5,'G0772.69a135ce93c243b38a90922e3fdd4b35',$,$,#4462,#4463,$,$);
#4465=IFCPROPERTYSINGLEVALUE('hectometeraanduiding',$,IFCTEXT(''),$);
#4466=IFCPROPERTYSINGLEVALUE('plus-type',$,IFCTEXT('lichtmast'),$);
#4467=IFCPROPERTYSINGLEVALUE('subtype',$,IFCTEXT('2'),$);
#4468=IFCPROPERTYSINGLEVALUE('identificatie',$,IFCTEXT('G0772.69a135ce93c243b38a90922e3fdd4b35'),$);
#4469=IFCPROPERTYSINGLEVALUE('bgt-status',$,IFCTEXT('bestaand'),$);
#4470=IFCPROPERTYSINGLEVALUE('objectBeginTijd',$,IFCTEXT('2024-01-30T23:00:00'),$);
#4471=IFCPROPERTYSINGLEVALUE('bronhouder',$,IFCTEXT('G0772'),$);
#4472=IFCPROPERTYSINGLEVALUE('inOnderzoek',$,IFCBOOLEAN(.F.),$);
#4473=IFCPROPERTYSINGLEVALUE('relatieveHoogteligging',$,IFCTEXT('0'),$);
#4474=IFCPROPERTYSINGLEVALUE('tijdstipRegistratie',$,IFCTEXT('2024-02-01T12:01:05'),$);
#4475=IFCPROPERTYSINGLEVALUE('LV-publicatiedatum',$,IFCTEXT('2024-02-01T12:09:19'),$);
#4476=IFCPROPERTYSINGLEVALUE('objecttype',$,IFCTEXT('paal_p'),$);
#4477=IFCPROPERTYSET('0t_0vwRaz6_fp40LknGfIV',#5,'CPset_BGT',$,(#4465,#4466,#4467,#4468,#4469,#4470,#4471,#4472,#4473,#4474,#4475,#4476));
#4478=IFCRELDEFINESBYPROPERTIES('3z1vICsXj5se37AUNWod0R',#5,$,$,(#4464),#4477);
#4479=IFCCARTESIANPOINT((144.235547354067,-166.191583671141,0.));
#4480=IFCCARTESIANTRANSFORMATIONOPERATOR3D($,$,#4479,1.,$);
#4481=IFCMAPPEDITEM(#1977,#4480);
#4482=IFCSHAPEREPRESENTATION(#11,'Body','MappedRepresentation',(#4481));
#4483=IFCCARTESIANPOINT((0.,0.,0.));
#4484=IFCDIRECTION((0.,0.,1.));
#4485=IFCDIRECTION((1.,0.,0.));
#4486=IFCAXIS2PLACEMENT3D(#4483,#4484,#4485);
#4487=IFCLOCALPLACEMENT(#37,#4486);
#4488=IFCPRODUCTDEFINITIONSHAPE($,$,(#4482));
#4489=IFCBUILDINGELEMENTPROXY('0HaJKmDgD21wmTqrXhpu$M',#5,'G0772.c2314e011242470c9acd74219f9e9a10',$,$,#4487,#4488,$,$);
#4490=IFCPROPERTYSINGLEVALUE('hectometeraanduiding',$,IFCTEXT(''),$);
#4491=IFCPROPERTYSINGLEVALUE('plus-type',$,IFCTEXT('lichtmast'),$);
#4492=IFCPROPERTYSINGLEVALUE('subtype',$,IFCTEXT('2'),$);
#4493=IFCPROPERTYSINGLEVALUE('identificatie',$,IFCTEXT('G0772.c2314e011242470c9acd74219f9e9a10'),$);
#4494=IFCPROPERTYSINGLEVALUE('bgt-status',$,IFCTEXT('bestaand'),$);
#4495=IFCPROPERTYSINGLEVALUE('objectBeginTijd',$,IFCTEXT('2023-12-28T23:00:00'),$);
#4496=IFCPROPERTYSINGLEVALUE('bronhouder',$,IFCTEXT('G0772'),$);
#4497=IFCPROPERTYSINGLEVALUE('inOnderzoek',$,IFCBOOLEAN(.F.),$);
#4498=IFCPROPERTYSINGLEVALUE('relatieveHoogteligging',$,IFCTEXT('0'),$);
#4499=IFCPROPERTYSINGLEVALUE('tijdstipRegistratie',$,IFCTEXT('2024-02-05T09:01:29'),$);
#4500=IFCPROPERTYSINGLEVALUE('LV-publicatiedatum',$,IFCTEXT('2024-02-05T09:09:27'),$);
#4501=IFCPROPERTYSINGLEVALUE('objecttype',$,IFCTEXT('paal_p'),$);
#4502=IFCPROPERTYSET('1ocBtuu39DR8TB9SDkVxaf',#5,'CPset_BGT',$,(#4490,#4491,#4492,#4493,#4494,#4495,#4496,#4497,#4498,#4499,#4500,#4501));
#4503=IFCRELDEFINESBYPROPERTIES('1moMWw1BPAvR$A81564jNS',#5,$,$,(#4489),#4502);
#4504=IFCCARTESIANPOINT((246.730787947046,-29.4510417539859,0.));
#4505=IFCCARTESIANTRANSFORMATIONOPERATOR3D($,$,#4504,1.,$);
#4506=IFCMAPPEDITEM(#1977,#4505);
#4507=IFCSHAPEREPRESENTATION(#11,'Body','MappedRepresentation',(#4506));
#4508=IFCCARTESIANPOINT((0.,0.,0.));
#4509=IFCDIRECTION((0.,0.,1.));
#4510=IFCDIRECTION((1.,0.,0.));
#4511=IFCAXIS2PLACEMENT3D(#4508,#4509,#4510);
#4512=IFCLOCALPLACEMENT(#37,#4511);
#4513=IFCPRODUCTDEFINITIONSHAPE($,$,(#4507));
#4514=IFCBUILDINGELEMENTPROXY('3ShxW4AnHCDfdkqZaLX9O1',#5,'G0772.83890ad8eb4b47ff98f1eb1082093190',$,$,#4512,#4513,$,$);
#4515=IFCPROPERTYSINGLEVALUE('hectometeraanduiding',$,IFCTEXT(''),$);
#4516=IFCPROPERTYSINGLEVALUE('plus-type',$,IFCTEXT('lichtmast'),$);
#4517=IFCPROPERTYSINGLEVALUE('subtype',$,IFCTEXT('2'),$);
#4518=IFCPROPERTYSINGLEVALUE('identificatie',$,IFCTEXT('G0772.83890ad8eb4b47ff98f1eb1082093190'),$);
#4519=IFCPROPERTYSINGLEVALUE('bgt-status',$,IFCTEXT('bestaand'),$);
#4520=IFCPROPERTYSINGLEVALUE('objectBeginTijd',$,IFCTEXT('2025-02-13T23:00:00'),$);
#4521=IFCPROPERTYSINGLEVALUE('bronhouder',$,IFCTEXT('G0772'),$);
#4522=IFCPROPERTYSINGLEVALUE('inOnderzoek',$,IFCBOOLEAN(.F.),$);
#4523=IFCPROPERTYSINGLEVALUE('relatieveHoogteligging',$,IFCTEXT('0'),$);
#4524=IFCPROPERTYSINGLEVALUE('tijdstipRegistratie',$,IFCTEXT('2025-02-25T09:37:15'),$);
#4525=IFCPROPERTYSINGLEVALUE('LV-publicatiedatum',$,IFCTEXT('2025-02-25T09:45:00'),$);
#4526=IFCPROPERTYSINGLEVALUE('objecttype',$,IFCTEXT('paal_p'),$);
#4527=IFCPROPERTYSET('0xSNhY$If22eEerS7O8rzg',#5,'CPset_BGT',$,(#4515,#4516,#4517,#4518,#4519,#4520,#4521,#4522,#4523,#4524,#4525,#4526));
#4528=IFCRELDEFINESBYPROPERTIES('0CvfwZmPb8z8HqhqHNYpsB',#5,$,$,(#4514),#4527);
#4529=IFCCARTESIANPOINT((30.1959499959194,-272.558991754544,0.));
#4530=IFCCARTESIANTRANSFORMATIONOPERATOR3D($,$,#4529,1.,$);
#4531=IFCMAPPEDITEM(#1977,#4530);
#4532=IFCSHAPEREPRESENTATION(#11,'Body','MappedRepresentation',(#4531));
#4533=IFCCARTESIANPOINT((0.,0.,0.));
#4534=IFCDIRECTION((0.,0.,1.));
#4535=IFCDIRECTION((1.,0.,0.));
#4536=IFCAXIS2PLACEMENT3D(#4533,#4534,#4535);
#4537=IFCLOCALPLACEMENT(#37,#4536);
#4538=IFCPRODUCTDEFINITIONSHAPE($,$,(#4532));
#4539=IFCBUILDINGELEMENTPROXY('3rDKWUSBvFORh7$XpYor7Y',#5,'G0772.15ad6482bd794cc6ac38c1a5319797f5',$,$,#4537,#4538,$,$);
#4540=IFCPROPERTYSINGLEVALUE('hectometeraanduiding',$,IFCTEXT(''),$);
#4541=IFCPROPERTYSINGLEVALUE('plus-type',$,IFCTEXT('lichtmast'),$);
#4542=IFCPROPERTYSINGLEVALUE('subtype',$,IFCTEXT('2'),$);
#4543=IFCPROPERTYSINGLEVALUE('identificatie',$,IFCTEXT('G0772.15ad6482bd794cc6ac38c1a5319797f5'),$);
#4544=IFCPROPERTYSINGLEVALUE('bgt-status',$,IFCTEXT('bestaand'),$);
#4545=IFCPROPERTYSINGLEVALUE('objectBeginTijd',$,IFCTEXT('2014-03-13T23:00:00'),$);
#4546=IFCPROPERTYSINGLEVALUE('bronhouder',$,IFCTEXT('G0772'),$);
#4547=IFCPROPERTYSINGLEVALUE('inOnderzoek',$,IFCBOOLEAN(.F.),$);
#4548=IFCPROPERTYSINGLEVALUE('relatieveHoogteligging',$,IFCTEXT('0'),$);
#4549=IFCPROPERTYSINGLEVALUE('tijdstipRegistratie',$,IFCTEXT('2016-01-07T12:25:24'),$);
#4550=IFCPROPERTYSINGLEVALUE('LV-publicatiedatum',$,IFCTEXT('2016-04-05T11:55:43'),$);
#4551=IFCPROPERTYSINGLEVALUE('objecttype',$,IFCTEXT('paal_p'),$);
#4552=IFCPROPERTYSET('1kudAZYMv1r9xWA8BgEFA$',#5,'CPset_BGT',$,(#4540,#4541,#4542,#4543,#4544,#4545,#4546,#4547,#4548,#4549,#4550,#4551));
#4553=IFCRELDEFINESBYPROPERTIES('00eU7400P65RCYFm_0fcRz',#5,$,$,(#4539),#4552);
#4554=IFCCARTESIANPOINT((67.8894684064726,-225.23211458273,0.));
#4555=IFCCARTESIANTRANSFORMATIONOPERATOR3D($,$,#4554,1.,$);
#4556=IFCMAPPEDITEM(#1977,#4555);
#4557=IFCSHAPEREPRESENTATION(#11,'Body','MappedRepresentation',(#4556));
#4558=IFCCARTESIANPOINT((0.,0.,0.));
#4559=IFCDIRECTION((0.,0.,1.));
#4560=IFCDIRECTION((1.,0.,0.));
#4561=IFCAXIS2PLACEMENT3D(#4558,#4559,#4560);
#4562=IFCLOCALPLACEMENT(#37,#4561);
#4563=IFCPRODUCTDEFINITIONSHAPE($,$,(#4557));
#4564=IFCBUILDINGELEMENTPROXY('3EoPdjpS56Xv9XzrGh8RiK',#5,'G0772.7ccc060ac9dd4be2a0ffdba4deb95b6d',$,$,#4562,#4563,$,$);
#4565=IFCPROPERTYSINGLEVALUE('hectometeraanduiding',$,IFCTEXT(''),$);
#4566=IFCPROPERTYSINGLEVALUE('plus-type',$,IFCTEXT('lichtmast'),$);
#4567=IFCPROPERTYSINGLEVALUE('subtype',$,IFCTEXT('2'),$);
#4568=IFCPROPERTYSINGLEVALUE('identificatie',$,IFCTEXT('G0772.7ccc060ac9dd4be2a0ffdba4deb95b6d'),$);
#4569=IFCPROPERTYSINGLEVALUE('bgt-status',$,IFCTEXT('bestaand'),$);
#4570=IFCPROPERTYSINGLEVALUE('objectBeginTijd',$,IFCTEXT('2015-10-06T22:00:00'),$);
#4571=IFCPROPERTYSINGLEVALUE('bronhouder',$,IFCTEXT('G0772'),$);
#4572=IFCPROPERTYSINGLEVALUE('inOnderzoek',$,IFCBOOLEAN(.F.),$);
#4573=IFCPROPERTYSINGLEVALUE('relatieveHoogteligging',$,IFCTEXT('0'),$);
#4574=IFCPROPERTYSINGLEVALUE('tijdstipRegistratie',$,IFCTEXT('2016-09-09T06:55:17'),$);
#4575=IFCPROPERTYSINGLEVALUE('LV-publicatiedatum',$,IFCTEXT('2016-09-09T16:50:14'),$);
#4576=IFCPROPERTYSINGLEVALUE('objecttype',$,IFCTEXT('paal_p'),$);
#4577=IFCPROPERTYSET('1aAMSTKnjBXOvDKSw7Gukp',#5,'CPset_BGT',$,(#4565,#4566,#4567,#4568,#4569,#4570,#4571,#4572,#4573,#4574,#4575,#4576));
#4578=IFCRELDEFINESBYPROPERTIES('2dTwZzhOX61ePBi$WAWI1H',#5,$,$,(#4564),#4577);
#4579=IFCCARTESIANPOINT((298.943849585048,41.473599580233,0.));
#4580=IFCCARTESIANTRANSFORMATIONOPERATOR3D($,$,#4579,1.,$);
#4581=IFCMAPPEDITEM(#1977,#4580);
#4582=IFCSHAPEREPRESENTATION(#11,'Body','MappedRepresentation',(#4581));
#4583=IFCCARTESIANPOINT((0.,0.,0.));
#4584=IFCDIRECTION((0.,0.,1.));
#4585=IFCDIRECTION((1.,0.,0.));
#4586=IFCAXIS2PLACEMENT3D(#4583,#4584,#4585);
#4587=IFCLOCALPLACEMENT(#37,#4586);
#4588=IFCPRODUCTDEFINITIONSHAPE($,$,(#4582));
#4589=IFCBUILDINGELEMENTPROXY('3VP1vwC9jDR8aNI1pBuLfJ',#5,'G0772.cc76a3c1d9c543afb2b93da78448d605',$,$,#4587,#4588,$,$);
#4590=IFCPROPERTYSINGLEVALUE('hectometeraanduiding',$,IFCTEXT(''),$);
#4591=IFCPROPERTYSINGLEVALUE('plus-type',$,IFCTEXT('lichtmast'),$);
#4592=IFCPROPERTYSINGLEVALUE('subtype',$,IFCTEXT('2'),$);
#4593=IFCPROPERTYSINGLEVALUE('identificatie',$,IFCTEXT('G0772.cc76a3c1d9c543afb2b93da78448d605'),$);
#4594=IFCPROPERTYSINGLEVALUE('bgt-status',$,IFCTEXT('bestaand'),$);
#4595=IFCPROPERTYSINGLEVALUE('objectBeginTijd',$,IFCTEXT('2011-10-19T22:00:00'),$);
#4596=IFCPROPERTYSINGLEVALUE('bronhouder',$,IFCTEXT('G0772'),$);
#4597=IFCPROPERTYSINGLEVALUE('inOnderzoek',$,IFCBOOLEAN(.F.),$);
#4598=IFCPROPERTYSINGLEVALUE('relatieveHoogteligging',$,IFCTEXT('0'),$);
#4599=IFCPROPERTYSINGLEVALUE('tijdstipRegistratie',$,IFCTEXT('2016-01-07T12:25:24'),$);
#4600=IFCPROPERTYSINGLEVALUE('LV-publicatiedatum',$,IFCTEXT('2016-04-05T11:55:43'),$);
#4601=IFCPROPERTYSINGLEVALUE('objecttype',$,IFCTEXT('paal_p'),$);
#4602=IFCPROPERTYSET('1NfiFc9H5869v8NhsRgv$j',#5,'CPset_BGT',$,(#4590,#4591,#4592,#4593,#4594,#4595,#4596,#4597,#4598,#4599,#4600,#4601));
#4603=IFCRELDEFINESBYPROPERTIES('3KiZngdqrFff113fsW5r2t',#5,$,$,(#4589),#4602);
#4604=IFCCARTESIANPOINT((-9.21551372445538,-299.278304758889,0.));
#4605=IFCCARTESIANTRANSFORMATIONOPERATOR3D($,$,#4604,1.,$);
#4606=IFCMAPPEDITEM(#1977,#4605);
#4607=IFCSHAPEREPRESENTATION(#11,'Body','MappedRepresentation',(#4606));
#4608=IFCCARTESIANPOINT((0.,0.,0.));
#4609=IFCDIRECTION((0.,0.,1.));
#4610=IFCDIRECTION((1.,0.,0.));
#4611=IFCAXIS2PLACEMENT3D(#4608,#4609,#4610);
#4612=IFCLOCALPLACEMENT(#37,#4611);
#4613=IFCPRODUCTDEFINITIONSHAPE($,$,(#4607));
#4614=IFCBUILDINGELEMENTPROXY('1GdD3IqpD1GP207DuBTPQT',#5,'G0772.087f6122fa8b4204a35f59d62823c59d',$,$,#4612,#4613,$,$);
#4615=IFCPROPERTYSINGLEVALUE('hectometeraanduiding',$,IFCTEXT(''),$);
#4616=IFCPROPERTYSINGLEVALUE('plus-type',$,IFCTEXT('lichtmast'),$);
#4617=IFCPROPERTYSINGLEVALUE('subtype',$,IFCTEXT('2'),$);
#4618=IFCPROPERTYSINGLEVALUE('identificatie',$,IFCTEXT('G0772.087f6122fa8b4204a35f59d62823c59d'),$);
#4619=IFCPROPERTYSINGLEVALUE('bgt-status',$,IFCTEXT('bestaand'),$);
#4620=IFCPROPERTYSINGLEVALUE('objectBeginTijd',$,IFCTEXT('2014-03-13T23:00:00'),$);
#4621=IFCPROPERTYSINGLEVALUE('bronhouder',$,IFCTEXT('G0772'),$);
#4622=IFCPROPERTYSINGLEVALUE('inOnderzoek',$,IFCBOOLEAN(.F.),$);
#4623=IFCPROPERTYSINGLEVALUE('relatieveHoogteligging',$,IFCTEXT('0'),$);
#4624=IFCPROPERTYSINGLEVALUE('tijdstipRegistratie',$,IFCTEXT('2016-01-07T12:25:24'),$);
#4625=IFCPROPERTYSINGLEVALUE('LV-publicatiedatum',$,IFCTEXT('2016-04-05T11:55:43'),$);
#4626=IFCPROPERTYSINGLEVALUE('objecttype',$,IFCTEXT('paal_p'),$);
#4627=IFCPROPERTYSET('2zWErR67D2yAGpIXHFOfei',#5,'CPset_BGT',$,(#4615,#4616,#4617,#4618,#4619,#4620,#4621,#4622,#4623,#4624,#4625,#4626));
#4628=IFCRELDEFINESBYPROPERTIES('2H3TAbKZLD8w44e62fIwBk',#5,$,$,(#4614),#4627);
#4629=IFCCARTESIANPOINT((23.6971641105774,-260.942709775467,0.));
#4630=IFCCARTESIANTRANSFORMATIONOPERATOR3D($,$,#4629,1.,$);
#4631=IFCMAPPEDITEM(#1977,#4630);
#4632=IFCSHAPEREPRESENTATION(#11,'Body','MappedRepresentation',(#4631));
#4633=IFCCARTESIANPOINT((0.,0.,0.));
#4634=IFCDIRECTION((0.,0.,1.));
#4635=IFCDIRECTION((1.,0.,0.));
#4636=IFCAXIS2PLACEMENT3D(#4633,#4634,#4635);
#4637=IFCLOCALPLACEMENT(#37,#4636);
#4638=IFCPRODUCTDEFINITIONSHAPE($,$,(#4632));
#4639=IFCBUILDINGELEMENTPROXY('1l7E_vp1vCcwRFflgCg7Ii',#5,'G0772.4f32fbdaebe14093bb71cb15b5fcb6c3',$,$,#4637,#4638,$,$);
#4640=IFCPROPERTYSINGLEVALUE('hectometeraanduiding',$,IFCTEXT(''),$);
#4641=IFCPROPERTYSINGLEVALUE('plus-type',$,IFCTEXT('lichtmast'),$);
#4642=IFCPROPERTYSINGLEVALUE('subtype',$,IFCTEXT('2'),$);
#4643=IFCPROPERTYSINGLEVALUE('identificatie',$,IFCTEXT('G0772.4f32fbdaebe14093bb71cb15b5fcb6c3'),$);
#4644=IFCPROPERTYSINGLEVALUE('bgt-status',$,IFCTEXT('bestaand'),$);
#4645=IFCPROPERTYSINGLEVALUE('objectBeginTijd',$,IFCTEXT('2014-03-13T23:00:00'),$);
#4646=IFCPROPERTYSINGLEVALUE('bronhouder',$,IFCTEXT('G0772'),$);
#4647=IFCPROPERTYSINGLEVALUE('inOnderzoek',$,IFCBOOLEAN(.F.),$);
#4648=IFCPROPERTYSINGLEVALUE('relatieveHoogteligging',$,IFCTEXT('0'),$);
#4649=IFCPROPERTYSINGLEVALUE('tijdstipRegistratie',$,IFCTEXT('2016-01-07T12:25:24'),$);
#4650=IFCPROPERTYSINGLEVALUE('LV-publicatiedatum',$,IFCTEXT('2016-04-05T11:55:43'),$);
#4651=IFCPROPERTYSINGLEVALUE('objecttype',$,IFCTEXT('paal_p'),$);
#4652=IFCPROPERTYSET('3Q4kPeAzX9JwvXNH2WkgZb',#5,'CPset_BGT',$,(#4640,#4641,#4642,#4643,#4644,#4645,#4646,#4647,#4648,#4649,#4650,#4651));
#4653=IFCRELDEFINESBYPROPERTIES('14zbuA7$v0dgOxbh$lNFKs',#5,$,$,(#4639),#4652);
#4654=IFCCARTESIANPOINT((8.17399758764077,-281.558746036142,0.));
#4655=IFCCARTESIANTRANSFORMATIONOPERATOR3D($,$,#4654,1.,$);
#4656=IFCMAPPEDITEM(#1977,#4655);
#4657=IFCSHAPEREPRESENTATION(#11,'Body','MappedRepresentation',(#4656));
#4658=IFCCARTESIANPOINT((0.,0.,0.));
#4659=IFCDIRECTION((0.,0.,1.));
#4660=IFCDIRECTION((1.,0.,0.));
#4661=IFCAXIS2PLACEMENT3D(#4658,#4659,#4660);
#4662=IFCLOCALPLACEMENT(#37,#4661);
#4663=IFCPRODUCTDEFINITIONSHAPE($,$,(#4657));
#4664=IFCBUILDINGELEMENTPROXY('3jtqm8KV1AwBXA9Ix1pGwx',#5,'G0772.477514f67e404a39aada07c83c8ccec4',$,$,#4662,#4663,$,$);
#4665=IFCPROPERTYSINGLEVALUE('hectometeraanduiding',$,IFCTEXT(''),$);
#4666=IFCPROPERTYSINGLEVALUE('plus-type',$,IFCTEXT('lichtmast'),$);
#4667=IFCPROPERTYSINGLEVALUE('subtype',$,IFCTEXT('2'),$);
#4668=IFCPROPERTYSINGLEVALUE('identificatie',$,IFCTEXT('G0772.477514f67e404a39aada07c83c8ccec4'),$);
#4669=IFCPROPERTYSINGLEVALUE('bgt-status',$,IFCTEXT('bestaand'),$);
#4670=IFCPROPERTYSINGLEVALUE('objectBeginTijd',$,IFCTEXT('2014-03-13T23:00:00'),$);
#4671=IFCPROPERTYSINGLEVALUE('bronhouder',$,IFCTEXT('G0772'),$);
#4672=IFCPROPERTYSINGLEVALUE('inOnderzoek',$,IFCBOOLEAN(.F.),$);
#4673=IFCPROPERTYSINGLEVALUE('relatieveHoogteligging',$,IFCTEXT('0'),$);
#4674=IFCPROPERTYSINGLEVALUE('tijdstipRegistratie',$,IFCTEXT('2016-01-07T12:25:24'),$);
#4675=IFCPROPERTYSINGLEVALUE('LV-publicatiedatum',$,IFCTEXT('2016-04-05T11:55:43'),$);
#4676=IFCPROPERTYSINGLEVALUE('objecttype',$,IFCTEXT('paal_p'),$);
#4677=IFCPROPERTYSET('2pg2nnv398xPjCJ4H6U419',#5,'CPset_BGT',$,(#4665,#4666,#4667,#4668,#4669,#4670,#4671,#4672,#4673,#4674,#4675,#4676));
#4678=IFCRELDEFINESBYPROPERTIES('0HChGwTP12oxF8geOGMEoU',#5,$,$,(#4664),#4677);
#4679=IFCCARTESIANPOINT((202.614717112825,-43.3757152205217,0.));
#4680=IFCCARTESIANTRANSFORMATIONOPERATOR3D($,$,#4679,1.,$);
#4681=IFCMAPPEDITEM(#1977,#4680);
#4682=IFCSHAPEREPRESENTATION(#11,'Body','MappedRepresentation',(#4681));
#4683=IFCCARTESIANPOINT((0.,0.,0.));
#4684=IFCDIRECTION((0.,0.,1.));
#4685=IFCDIRECTION((1.,0.,0.));
#4686=IFCAXIS2PLACEMENT3D(#4683,#4684,#4685);
#4687=IFCLOCALPLACEMENT(#37,#4686);
#4688=IFCPRODUCTDEFINITIONSHAPE($,$,(#4682));
#4689=IFCBUILDINGELEMENTPROXY('0ijdKCB457guWQ5vVovl0R',#5,'G0772.ca43aa6274a941b78853e60ffca9dd0c',$,$,#4687,#4688,$,$);
#4690=IFCPROPERTYSINGLEVALUE('hectometeraanduiding',$,IFCTEXT(''),$);
#4691=IFCPROPERTYSINGLEVALUE('plus-type',$,IFCTEXT('lichtmast'),$);
#4692=IFCPROPERTYSINGLEVALUE('subtype',$,IFCTEXT('2'),$);
#4693=IFCPROPERTYSINGLEVALUE('identificatie',$,IFCTEXT('G0772.ca43aa6274a941b78853e60ffca9dd0c'),$);
#4694=IFCPROPERTYSINGLEVALUE('bgt-status',$,IFCTEXT('bestaand'),$);
#4695=IFCPROPERTYSINGLEVALUE('objectBeginTijd',$,IFCTEXT('2015-10-06T22:00:00'),$);
#4696=IFCPROPERTYSINGLEVALUE('bronhouder',$,IFCTEXT('G0772'),$);
#4697=IFCPROPERTYSINGLEVALUE('inOnderzoek',$,IFCBOOLEAN(.F.),$);
#4698=IFCPROPERTYSINGLEVALUE('relatieveHoogteligging',$,IFCTEXT('0'),$);
#4699=IFCPROPERTYSINGLEVALUE('tijdstipRegistratie',$,IFCTEXT('2016-09-09T06:55:17'),$);
#4700=IFCPROPERTYSINGLEVALUE('LV-publicatiedatum',$,IFCTEXT('2016-09-09T16:50:14'),$);
#4701=IFCPROPERTYSINGLEVALUE('objecttype',$,IFCTEXT('paal_p'),$);
#4702=IFCPROPERTYSET('3ev267szH0V90Dr41dcVyQ',#5,'CPset_BGT',$,(#4690,#4691,#4692,#4693,#4694,#4695,#4696,#4697,#4698,#4699,#4700,#4701));
#4703=IFCRELDEFINESBYPROPERTIES('1ipFmh5NvFD93f4tsY0qOp',#5,$,$,(#4689),#4702);
#4704=IFCCARTESIANPOINT((248.720134425006,-2.43518010590924,0.));
#4705=IFCCARTESIANTRANSFORMATIONOPERATOR3D($,$,#4704,1.,$);
#4706=IFCMAPPEDITEM(#1977,#4705);
#4707=IFCSHAPEREPRESENTATION(#11,'Body','MappedRepresentation',(#4706));
#4708=IFCCARTESIANPOINT((0.,0.,0.));
#4709=IFCDIRECTION((0.,0.,1.));
#4710=IFCDIRECTION((1.,0.,0.));
#4711=IFCAXIS2PLACEMENT3D(#4708,#4709,#4710);
#4712=IFCLOCALPLACEMENT(#37,#4711);
#4713=IFCPRODUCTDEFINITIONSHAPE($,$,(#4707));
#4714=IFCBUILDINGELEMENTPROXY('2sTrswHlz0MfhU0K6Q3v8n',#5,'G0772.dfa8f3fa5599443380b8495b691d43d4',$,$,#4712,#4713,$,$);
#4715=IFCPROPERTYSINGLEVALUE('hectometeraanduiding',$,IFCTEXT(''),$);
#4716=IFCPROPERTYSINGLEVALUE('plus-type',$,IFCTEXT('lichtmast'),$);
#4717=IFCPROPERTYSINGLEVALUE('subtype',$,IFCTEXT('2'),$);
#4718=IFCPROPERTYSINGLEVALUE('identificatie',$,IFCTEXT('G0772.dfa8f3fa5599443380b8495b691d43d4'),$);
#4719=IFCPROPERTYSINGLEVALUE('bgt-status',$,IFCTEXT('bestaand'),$);
#4720=IFCPROPERTYSINGLEVALUE('objectBeginTijd',$,IFCTEXT('2025-02-13T23:00:00'),$);
#4721=IFCPROPERTYSINGLEVALUE('bronhouder',$,IFCTEXT('G0772'),$);
#4722=IFCPROPERTYSINGLEVALUE('inOnderzoek',$,IFCBOOLEAN(.F.),$);
#4723=IFCPROPERTYSINGLEVALUE('relatieveHoogteligging',$,IFCTEXT('0'),$);
#4724=IFCPROPERTYSINGLEVALUE('tijdstipRegistratie',$,IFCTEXT('2025-02-25T09:37:15'),$);
#4725=IFCPROPERTYSINGLEVALUE('LV-publicatiedatum',$,IFCTEXT('2025-02-25T09:45:00'),$);
#4726=IFCPROPERTYSINGLEVALUE('objecttype',$,IFCTEXT('paal_p'),$);
#4727=IFCPROPERTYSET('0F1zHknQH4KOjAfAAO_nEf',#5,'CPset_BGT',$,(#4715,#4716,#4717,#4718,#4719,#4720,#4721,#4722,#4723,#4724,#4725,#4726));
#4728=IFCRELDEFINESBYPROPERTIES('2S4Zy1rp931v8P0XxQdkiN',#5,$,$,(#4714),#4727);
#4729=IFCCARTESIANPOINT((286.719981771777,85.9091342308093,0.));
#4730=IFCCARTESIANTRANSFORMATIONOPERATOR3D($,$,#4729,1.,$);
#4731=IFCMAPPEDITEM(#1977,#4730);
#4732=IFCSHAPEREPRESENTATION(#11,'Body','MappedRepresentation',(#4731));
#4733=IFCCARTESIANPOINT((0.,0.,0.));
#4734=IFCDIRECTION((0.,0.,1.));
#4735=IFCDIRECTION((1.,0.,0.));
#4736=IFCAXIS2PLACEMENT3D(#4733,#4734,#4735);
#4737=IFCLOCALPLACEMENT(#37,#4736);
#4738=IFCPRODUCTDEFINITIONSHAPE($,$,(#4732));
#4739=IFCBUILDINGELEMENTPROXY('2uKt$KvyHC_881dB1MbG3D',#5,'G0772.102a4de7e5ac4078b48c8c3126310aae',$,$,#4737,#4738,$,$);
#4740=IFCPROPERTYSINGLEVALUE('hectometeraanduiding',$,IFCTEXT(''),$);
#4741=IFCPROPERTYSINGLEVALUE('plus-type',$,IFCTEXT('lichtmast'),$);
#4742=IFCPROPERTYSINGLEVALUE('subtype',$,IFCTEXT('2'),$);
#4743=IFCPROPERTYSINGLEVALUE('identificatie',$,IFCTEXT('G0772.102a4de7e5ac4078b48c8c3126310aae'),$);
#4744=IFCPROPERTYSINGLEVALUE('bgt-status',$,IFCTEXT('bestaand'),$);
#4745=IFCPROPERTYSINGLEVALUE('objectBeginTijd',$,IFCTEXT('2011-10-19T22:00:00'),$);
#4746=IFCPROPERTYSINGLEVALUE('bronhouder',$,IFCTEXT('G0772'),$);
#4747=IFCPROPERTYSINGLEVALUE('inOnderzoek',$,IFCBOOLEAN(.F.),$);
#4748=IFCPROPERTYSINGLEVALUE('relatieveHoogteligging',$,IFCTEXT('0'),$);
#4749=IFCPROPERTYSINGLEVALUE('tijdstipRegistratie',$,IFCTEXT('2016-01-07T12:25:24'),$);
#4750=IFCPROPERTYSINGLEVALUE('LV-publicatiedatum',$,IFCTEXT('2016-04-05T11:55:43'),$);
#4751=IFCPROPERTYSINGLEVALUE('objecttype',$,IFCTEXT('paal_p'),$);
#4752=IFCPROPERTYSET('0Q6h3FNQDBzxYHl_CTfNAj',#5,'CPset_BGT',$,(#4740,#4741,#4742,#4743,#4744,#4745,#4746,#4747,#4748,#4749,#4750,#4751));
#4753=IFCRELDEFINESBYPROPERTIES('2W6sgoytL2Ku0SkXrqnthb',#5,$,$,(#4739),#4752);
#4754=IFCCARTESIANPOINT((275.778858858917,59.6899605137878,0.));
#4755=IFCCARTESIANTRANSFORMATIONOPERATOR3D($,$,#4754,1.,$);
#4756=IFCMAPPEDITEM(#1977,#4755);
#4757=IFCSHAPEREPRESENTATION(#11,'Body','MappedRepresentation',(#4756));
#4758=IFCCARTESIANPOINT((0.,0.,0.));
#4759=IFCDIRECTION((0.,0.,1.));
#4760=IFCDIRECTION((1.,0.,0.));
#4761=IFCAXIS2PLACEMENT3D(#4758,#4759,#4760);
#4762=IFCLOCALPLACEMENT(#37,#4761);
#4763=IFCPRODUCTDEFINITIONSHAPE($,$,(#4757));
#4764=IFCBUILDINGELEMENTPROXY('0WDMh25u5EzRHTYu8VaAPb',#5,'G0772.2cdaefc104d8457c817905b649715674',$,$,#4762,#4763,$,$);
#4765=IFCPROPERTYSINGLEVALUE('hectometeraanduiding',$,IFCTEXT(''),$);
#4766=IFCPROPERTYSINGLEVALUE('plus-type',$,IFCTEXT('lichtmast'),$);
#4767=IFCPROPERTYSINGLEVALUE('subtype',$,IFCTEXT('2'),$);
#4768=IFCPROPERTYSINGLEVALUE('identificatie',$,IFCTEXT('G0772.2cdaefc104d8457c817905b649715674'),$);
#4769=IFCPROPERTYSINGLEVALUE('bgt-status',$,IFCTEXT('bestaand'),$);
#4770=IFCPROPERTYSINGLEVALUE('objectBeginTijd',$,IFCTEXT('2011-10-19T22:00:00'),$);
#4771=IFCPROPERTYSINGLEVALUE('bronhouder',$,IFCTEXT('G0772'),$);
#4772=IFCPROPERTYSINGLEVALUE('inOnderzoek',$,IFCBOOLEAN(.F.),$);
#4773=IFCPROPERTYSINGLEVALUE('relatieveHoogteligging',$,IFCTEXT('0'),$);
#4774=IFCPROPERTYSINGLEVALUE('tijdstipRegistratie',$,IFCTEXT('2016-01-07T12:25:24'),$);
#4775=IFCPROPERTYSINGLEVALUE('LV-publicatiedatum',$,IFCTEXT('2016-04-05T11:55:43'),$);
#4776=IFCPROPERTYSINGLEVALUE('objecttype',$,IFCTEXT('paal_p'),$);
#4777=IFCPROPERTYSET('2Z9iDiu5DF796dT5$dO3ht',#5,'CPset_BGT',$,(#4765,#4766,#4767,#4768,#4769,#4770,#4771,#4772,#4773,#4774,#4775,#4776));
#4778=IFCRELDEFINESBYPROPERTIES('1osVn_WzD55g0kkyyNQA4v',#5,$,$,(#4764),#4777);
#4779=IFCCARTESIANPOINT((297.709803654143,70.5518795610406,0.));
#4780=IFCCARTESIANTRANSFORMATIONOPERATOR3D($,$,#4779,1.,$);
#4781=IFCMAPPEDITEM(#1977,#4780);
#4782=IFCSHAPEREPRESENTATION(#11,'Body','MappedRepresentation',(#4781));
#4783=IFCCARTESIANPOINT((0.,0.,0.));
#4784=IFCDIRECTION((0.,0.,1.));
#4785=IFCDIRECTION((1.,0.,0.));
#4786=IFCAXIS2PLACEMENT3D(#4783,#4784,#4785);
#4787=IFCLOCALPLACEMENT(#37,#4786);
#4788=IFCPRODUCTDEFINITIONSHAPE($,$,(#4782));
#4789=IFCBUILDINGELEMENTPROXY('0OflYmrsP7QQRZ8SVhNiZP',#5,'G0772.34ae6266df2a40aa996c893b9cc81f50',$,$,#4787,#4788,$,$);
#4790=IFCPROPERTYSINGLEVALUE('hectometeraanduiding',$,IFCTEXT(''),$);
#4791=IFCPROPERTYSINGLEVALUE('plus-type',$,IFCTEXT('lichtmast'),$);
#4792=IFCPROPERTYSINGLEVALUE('subtype',$,IFCTEXT('2'),$);
#4793=IFCPROPERTYSINGLEVALUE('identificatie',$,IFCTEXT('G0772.34ae6266df2a40aa996c893b9cc81f50'),$);
#4794=IFCPROPERTYSINGLEVALUE('bgt-status',$,IFCTEXT('bestaand'),$);
#4795=IFCPROPERTYSINGLEVALUE('objectBeginTijd',$,IFCTEXT('2011-10-19T22:00:00'),$);
#4796=IFCPROPERTYSINGLEVALUE('bronhouder',$,IFCTEXT('G0772'),$);
#4797=IFCPROPERTYSINGLEVALUE('inOnderzoek',$,IFCBOOLEAN(.F.),$);
#4798=IFCPROPERTYSINGLEVALUE('relatieveHoogteligging',$,IFCTEXT('0'),$);
#4799=IFCPROPERTYSINGLEVALUE('tijdstipRegistratie',$,IFCTEXT('2016-01-07T12:25:24'),$);
#4800=IFCPROPERTYSINGLEVALUE('LV-publicatiedatum',$,IFCTEXT('2016-04-05T11:55:43'),$);
#4801=IFCPROPERTYSINGLEVALUE('objecttype',$,IFCTEXT('paal_p'),$);
#4802=IFCPROPERTYSET('08lqf50y161R7aPqDdsj8M',#5,'CPset_BGT',$,(#4790,#4791,#4792,#4793,#4794,#4795,#4796,#4797,#4798,#4799,#4800,#4801));
#4803=IFCRELDEFINESBYPROPERTIES('0X70J8JaLAMejZYxp5JFZ1',#5,$,$,(#4789),#4802);
#4804=IFCCARTESIANPOINT((279.40660686433,48.7885152238305,0.));
#4805=IFCCARTESIANTRANSFORMATIONOPERATOR3D($,$,#4804,1.,$);
#4806=IFCMAPPEDITEM(#1977,#4805);
#4807=IFCSHAPEREPRESENTATION(#11,'Body','MappedRepresentation',(#4806));
#4808=IFCCARTESIANPOINT((0.,0.,0.));
#4809=IFCDIRECTION((0.,0.,1.));
#4810=IFCDIRECTION((1.,0.,0.));
#4811=IFCAXIS2PLACEMENT3D(#4808,#4809,#4810);
#4812=IFCLOCALPLACEMENT(#37,#4811);
#4813=IFCPRODUCTDEFINITIONSHAPE($,$,(#4807));
#4814=IFCBUILDINGELEMENTPROXY('0UGrzyC6L7Ae3iLsAlascf',#5,'G0772.37f020d865534d399781719a59785069',$,$,#4812,#4813,$,$);
#4815=IFCPROPERTYSINGLEVALUE('hectometeraanduiding',$,IFCTEXT(''),$);
#4816=IFCPROPERTYSINGLEVALUE('plus-type',$,IFCTEXT('lichtmast'),$);
#4817=IFCPROPERTYSINGLEVALUE('subtype',$,IFCTEXT('2'),$);
#4818=IFCPROPERTYSINGLEVALUE('identificatie',$,IFCTEXT('G0772.37f020d865534d399781719a59785069'),$);
#4819=IFCPROPERTYSINGLEVALUE('bgt-status',$,IFCTEXT('bestaand'),$);
#4820=IFCPROPERTYSINGLEVALUE('objectBeginTijd',$,IFCTEXT('2015-03-24T23:00:00'),$);
#4821=IFCPROPERTYSINGLEVALUE('bronhouder',$,IFCTEXT('G0772'),$);
#4822=IFCPROPERTYSINGLEVALUE('inOnderzoek',$,IFCBOOLEAN(.F.),$);
#4823=IFCPROPERTYSINGLEVALUE('relatieveHoogteligging',$,IFCTEXT('0'),$);
#4824=IFCPROPERTYSINGLEVALUE('tijdstipRegistratie',$,IFCTEXT('2016-01-07T12:25:24'),$);
#4825=IFCPROPERTYSINGLEVALUE('LV-publicatiedatum',$,IFCTEXT('2016-04-05T11:55:43'),$);
#4826=IFCPROPERTYSINGLEVALUE('objecttype',$,IFCTEXT('paal_p'),$);
#4827=IFCPROPERTYSET('21M4GnbZTF3eSHuEXGxcYg',#5,'CPset_BGT',$,(#4815,#4816,#4817,#4818,#4819,#4820,#4821,#4822,#4823,#4824,#4825,#4826));
#4828=IFCRELDEFINESBYPROPERTIES('22Q6YkRIbDKhmZxWBWc3U_',#5,$,$,(#4814),#4827);
#4829=IFCCARTESIANPOINT((267.604953693604,77.749023289769,0.));
#4830=IFCCARTESIANTRANSFORMATIONOPERATOR3D($,$,#4829,1.,$);
#4831=IFCMAPPEDITEM(#1977,#4830);
#4832=IFCSHAPEREPRESENTATION(#11,'Body','MappedRepresentation',(#4831));
#4833=IFCCARTESIANPOINT((0.,0.,0.));
#4834=IFCDIRECTION((0.,0.,1.));
#4835=IFCDIRECTION((1.,0.,0.));
#4836=IFCAXIS2PLACEMENT3D(#4833,#4834,#4835);
#4837=IFCLOCALPLACEMENT(#37,#4836);
#4838=IFCPRODUCTDEFINITIONSHAPE($,$,(#4832));
#4839=IFCBUILDINGELEMENTPROXY('1wUO98yDrDMPeZsm4AEUb2',#5,'G0772.3e085c8f8dd649ecb1b0453b0902caac',$,$,#4837,#4838,$,$);
#4840=IFCPROPERTYSINGLEVALUE('hectometeraanduiding',$,IFCTEXT(''),$);
#4841=IFCPROPERTYSINGLEVALUE('plus-type',$,IFCTEXT('lichtmast'),$);
#4842=IFCPROPERTYSINGLEVALUE('subtype',$,IFCTEXT('2'),$);
#4843=IFCPROPERTYSINGLEVALUE('identificatie',$,IFCTEXT('G0772.3e085c8f8dd649ecb1b0453b0902caac'),$);
#4844=IFCPROPERTYSINGLEVALUE('bgt-status',$,IFCTEXT('bestaand'),$);
#4845=IFCPROPERTYSINGLEVALUE('objectBeginTijd',$,IFCTEXT('2011-10-19T22:00:00'),$);
#4846=IFCPROPERTYSINGLEVALUE('bronhouder',$,IFCTEXT('G0772'),$);
#4847=IFCPROPERTYSINGLEVALUE('inOnderzoek',$,IFCBOOLEAN(.F.),$);
#4848=IFCPROPERTYSINGLEVALUE('relatieveHoogteligging',$,IFCTEXT('0'),$);
#4849=IFCPROPERTYSINGLEVALUE('tijdstipRegistratie',$,IFCTEXT('2016-01-07T12:25:24'),$);
#4850=IFCPROPERTYSINGLEVALUE('LV-publicatiedatum',$,IFCTEXT('2016-04-05T11:55:43'),$);
#4851=IFCPROPERTYSINGLEVALUE('objecttype',$,IFCTEXT('paal_p'),$);
#4852=IFCPROPERTYSET('0HHxTfyqv0oxDwGF2UNUJC',#5,'CPset_BGT',$,(#4840,#4841,#4842,#4843,#4844,#4845,#4846,#4847,#4848,#4849,#4850,#4851));
#4853=IFCRELDEFINESBYPROPERTIES('39upsIxdzAkQYEhqomZt3c',#5,$,$,(#4839),#4852);
#4854=IFCCARTESIANPOINT((276.262624013325,30.5618432338233,0.));
#4855=IFCCARTESIANTRANSFORMATIONOPERATOR3D($,$,#4854,1.,$);
#4856=IFCMAPPEDITEM(#1977,#4855);
#4857=IFCSHAPEREPRESENTATION(#11,'Body','MappedRepresentation',(#4856));
#4858=IFCCARTESIANPOINT((0.,0.,0.));
#4859=IFCDIRECTION((0.,0.,1.));
#4860=IFCDIRECTION((1.,0.,0.));
#4861=IFCAXIS2PLACEMENT3D(#4858,#4859,#4860);
#4862=IFCLOCALPLACEMENT(#37,#4861);
#4863=IFCPRODUCTDEFINITIONSHAPE($,$,(#4857));
#4864=IFCBUILDINGELEMENTPROXY('3RcZKaHYb2bBJ20zX_IMJw',#5,'G0772.b4856c5913dd4d00897987990962a65e',$,$,#4862,#4863,$,$);
#4865=IFCPROPERTYSINGLEVALUE('hectometeraanduiding',$,IFCTEXT(''),$);
#4866=IFCPROPERTYSINGLEVALUE('plus-type',$,IFCTEXT('lichtmast'),$);
#4867=IFCPROPERTYSINGLEVALUE('subtype',$,IFCTEXT('2'),$);
#4868=IFCPROPERTYSINGLEVALUE('identificatie',$,IFCTEXT('G0772.b4856c5913dd4d00897987990962a65e'),$);
#4869=IFCPROPERTYSINGLEVALUE('bgt-status',$,IFCTEXT('bestaand'),$);
#4870=IFCPROPERTYSINGLEVALUE('objectBeginTijd',$,IFCTEXT('2011-10-19T22:00:00'),$);
#4871=IFCPROPERTYSINGLEVALUE('bronhouder',$,IFCTEXT('G0772'),$);
#4872=IFCPROPERTYSINGLEVALUE('inOnderzoek',$,IFCBOOLEAN(.F.),$);
#4873=IFCPROPERTYSINGLEVALUE('relatieveHoogteligging',$,IFCTEXT('0'),$);
#4874=IFCPROPERTYSINGLEVALUE('tijdstipRegistratie',$,IFCTEXT('2016-01-07T12:25:24'),$);
#4875=IFCPROPERTYSINGLEVALUE('LV-publicatiedatum',$,IFCTEXT('2016-04-05T11:55:43'),$);
#4876=IFCPROPERTYSINGLEVALUE('objecttype',$,IFCTEXT('paal_p'),$);
#4877=IFCPROPERTYSET('0YqN2nZ7zBlfPgcVTIJnJ3',#5,'CPset_BGT',$,(#4865,#4866,#4867,#4868,#4869,#4870,#4871,#4872,#4873,#4874,#4875,#4876));
#4878=IFCRELDEFINESBYPROPERTIES('3e1$Zpspv5lB4TYkn9bqzi',#5,$,$,(#4864),#4877);
#4879=IFCCARTESIANPOINT((302.661922170169,60.8855386191863,0.));
#4880=IFCCARTESIANTRANSFORMATIONOPERATOR3D($,$,#4879,1.,$);
#4881=IFCMAPPEDITEM(#1977,#4880);
#4882=IFCSHAPEREPRESENTATION(#11,'Body','MappedRepresentation',(#4881));
#4883=IFCCARTESIANPOINT((0.,0.,0.));
#4884=IFCDIRECTION((0.,0.,1.));
#4885=IFCDIRECTION((1.,0.,0.));
#4886=IFCAXIS2PLACEMENT3D(#4883,#4884,#4885);
#4887=IFCLOCALPLACEMENT(#37,#4886);
#4888=IFCPRODUCTDEFINITIONSHAPE($,$,(#4882));
#4889=IFCBUILDINGELEMENTPROXY('1h_ESPwaj0hwBh$BiLFVDh',#5,'G0772.2e496a24f38f4065b2bb57ab378d85d4',$,$,#4887,#4888,$,$);
#4890=IFCPROPERTYSINGLEVALUE('hectometeraanduiding',$,IFCTEXT(''),$);
#4891=IFCPROPERTYSINGLEVALUE('plus-type',$,IFCTEXT('lichtmast'),$);
#4892=IFCPROPERTYSINGLEVALUE('subtype',$,IFCTEXT('2'),$);
#4893=IFCPROPERTYSINGLEVALUE('identificatie',$,IFCTEXT('G0772.2e496a24f38f4065b2bb57ab378d85d4'),$);
#4894=IFCPROPERTYSINGLEVALUE('bgt-status',$,IFCTEXT('bestaand'),$);
#4895=IFCPROPERTYSINGLEVALUE('objectBeginTijd',$,IFCTEXT('2016-03-24T23:00:00'),$);
#4896=IFCPROPERTYSINGLEVALUE('bronhouder',$,IFCTEXT('G0772'),$);
#4897=IFCPROPERTYSINGLEVALUE('inOnderzoek',$,IFCBOOLEAN(.F.),$);
#4898=IFCPROPERTYSINGLEVALUE('relatieveHoogteligging',$,IFCTEXT('0'),$);
#4899=IFCPROPERTYSINGLEVALUE('tijdstipRegistratie',$,IFCTEXT('2016-07-01T04:02:38'),$);
#4900=IFCPROPERTYSINGLEVALUE('LV-publicatiedatum',$,IFCTEXT('2016-07-01T06:42:12'),$);
#4901=IFCPROPERTYSINGLEVALUE('objecttype',$,IFCTEXT('paal_p'),$);
#4902=IFCPROPERTYSET('3FuKCO2WjEVvK9pQ6Rg22J',#5,'CPset_BGT',$,(#4890,#4891,#4892,#4893,#4894,#4895,#4896,#4897,#4898,#4899,#4900,#4901));
#4903=IFCRELDEFINESBYPROPERTIES('2PFhI6jJb0k8sxwp8a6UDs',#5,$,$,(#4889),#4902);
#4904=IFCCARTESIANPOINT((229.813896363688,-23.811981091334,0.));
#4905=IFCCARTESIANTRANSFORMATIONOPERATOR3D($,$,#4904,1.,$);
#4906=IFCMAPPEDITEM(#1977,#4905);
#4907=IFCSHAPEREPRESENTATION(#11,'Body','MappedRepresentation',(#4906));
#4908=IFCCARTESIANPOINT((0.,0.,0.));
#4909=IFCDIRECTION((0.,0.,1.));
#4910=IFCDIRECTION((1.,0.,0.));
#4911=IFCAXIS2PLACEMENT3D(#4908,#4909,#4910);
#4912=IFCLOCALPLACEMENT(#37,#4911);
#4913=IFCPRODUCTDEFINITIONSHAPE($,$,(#4907));
#4914=IFCBUILDINGELEMENTPROXY('2CukHKweDEA9i_hYLbdIuo',#5,'G0772.35836e25eda949fea711b6b774852625',$,$,#4912,#4913,$,$);
#4915=IFCPROPERTYSINGLEVALUE('hectometeraanduiding',$,IFCTEXT(''),$);
#4916=IFCPROPERTYSINGLEVALUE('plus-type',$,IFCTEXT('lichtmast'),$);
#4917=IFCPROPERTYSINGLEVALUE('subtype',$,IFCTEXT('2'),$);
#4918=IFCPROPERTYSINGLEVALUE('identificatie',$,IFCTEXT('G0772.35836e25eda949fea711b6b774852625'),$);
#4919=IFCPROPERTYSINGLEVALUE('bgt-status',$,IFCTEXT('bestaand'),$);
#4920=IFCPROPERTYSINGLEVALUE('objectBeginTijd',$,IFCTEXT('2015-10-06T22:00:00'),$);
#4921=IFCPROPERTYSINGLEVALUE('bronhouder',$,IFCTEXT('G0772'),$);
#4922=IFCPROPERTYSINGLEVALUE('inOnderzoek',$,IFCBOOLEAN(.F.),$);
#4923=IFCPROPERTYSINGLEVALUE('relatieveHoogteligging',$,IFCTEXT('0'),$);
#4924=IFCPROPERTYSINGLEVALUE('tijdstipRegistratie',$,IFCTEXT('2016-09-09T06:55:17'),$);
#4925=IFCPROPERTYSINGLEVALUE('LV-publicatiedatum',$,IFCTEXT('2016-09-09T16:50:14'),$);
#4926=IFCPROPERTYSINGLEVALUE('objecttype',$,IFCTEXT('paal_p'),$);
#4927=IFCPROPERTYSET('2VV0S7M4DDu9I$hnfOsQYb',#5,'CPset_BGT',$,(#4915,#4916,#4917,#4918,#4919,#4920,#4921,#4922,#4923,#4924,#4925,#4926));
#4928=IFCRELDEFINESBYPROPERTIES('1vDSY7NfvFzu6U95hknk8z',#5,$,$,(#4914),#4927);
#4929=IFCCARTESIANPOINT((195.887177730474,-26.2057143218699,0.));
#4930=IFCCARTESIANTRANSFORMATIONOPERATOR3D($,$,#4929,1.,$);
#4931=IFCMAPPEDITEM(#1977,#4930);
#4932=IFCSHAPEREPRESENTATION(#11,'Body','MappedRepresentation',(#4931));
#4933=IFCCARTESIANPOINT((0.,0.,0.));
#4934=IFCDIRECTION((0.,0.,1.));
#4935=IFCDIRECTION((1.,0.,0.));
#4936=IFCAXIS2PLACEMENT3D(#4933,#4934,#4935);
#4937=IFCLOCALPLACEMENT(#37,#4936);
#4938=IFCPRODUCTDEFINITIONSHAPE($,$,(#4932));
#4939=IFCBUILDINGELEMENTPROXY('0n6Venbjj4bvsN_85zFEiq',#5,'G0772.5358c091b99a4e39adb004ef64066b8f',$,$,#4937,#4938,$,$);
#4940=IFCPROPERTYSINGLEVALUE('hectometeraanduiding',$,IFCTEXT(''),$);
#4941=IFCPROPERTYSINGLEVALUE('plus-type',$,IFCTEXT('lichtmast'),$);
#4942=IFCPROPERTYSINGLEVALUE('subtype',$,IFCTEXT('2'),$);
#4943=IFCPROPERTYSINGLEVALUE('identificatie',$,IFCTEXT('G0772.5358c091b99a4e39adb004ef64066b8f'),$);
#4944=IFCPROPERTYSINGLEVALUE('bgt-status',$,IFCTEXT('bestaand'),$);
#4945=IFCPROPERTYSINGLEVALUE('objectBeginTijd',$,IFCTEXT('2015-10-06T22:00:00'),$);
#4946=IFCPROPERTYSINGLEVALUE('bronhouder',$,IFCTEXT('G0772'),$);
#4947=IFCPROPERTYSINGLEVALUE('inOnderzoek',$,IFCBOOLEAN(.F.),$);
#4948=IFCPROPERTYSINGLEVALUE('relatieveHoogteligging',$,IFCTEXT('0'),$);
#4949=IFCPROPERTYSINGLEVALUE('tijdstipRegistratie',$,IFCTEXT('2016-09-09T06:55:17'),$);
#4950=IFCPROPERTYSINGLEVALUE('LV-publicatiedatum',$,IFCTEXT('2016-09-09T16:50:14'),$);
#4951=IFCPROPERTYSINGLEVALUE('objecttype',$,IFCTEXT('paal_p'),$);
#4952=IFCPROPERTYSET('2_vU_FMwD2bRjNTshrtgWZ',#5,'CPset_BGT',$,(#4940,#4941,#4942,#4943,#4944,#4945,#4946,#4947,#4948,#4949,#4950,#4951));
#4953=IFCRELDEFINESBYPROPERTIES('0YLUK7gBXCWO8P3GnC5NV$',#5,$,$,(#4939),#4952);
#4954=IFCCARTESIANPOINT((211.71226969565,2.93568650743691,0.));
#4955=IFCCARTESIANTRANSFORMATIONOPERATOR3D($,$,#4954,1.,$);
#4956=IFCMAPPEDITEM(#1977,#4955);
#4957=IFCSHAPEREPRESENTATION(#11,'Body','MappedRepresentation',(#4956));
#4958=IFCCARTESIANPOINT((0.,0.,0.));
#4959=IFCDIRECTION((0.,0.,1.));
#4960=IFCDIRECTION((1.,0.,0.));
#4961=IFCAXIS2PLACEMENT3D(#4958,#4959,#4960);
#4962=IFCLOCALPLACEMENT(#37,#4961);
#4963=IFCPRODUCTDEFINITIONSHAPE($,$,(#4957));
#4964=IFCBUILDINGELEMENTPROXY('17jbQJuzH7i909D7tWm7B1',#5,'G0772.9018ba0f4afa442d9a122338a82557c9',$,$,#4962,#4963,$,$);
#4965=IFCPROPERTYSINGLEVALUE('hectometeraanduiding',$,IFCTEXT(''),$);
#4966=IFCPROPERTYSINGLEVALUE('plus-type',$,IFCTEXT('lichtmast'),$);
#4967=IFCPROPERTYSINGLEVALUE('subtype',$,IFCTEXT('2'),$);
#4968=IFCPROPERTYSINGLEVALUE('identificatie',$,IFCTEXT('G0772.9018ba0f4afa442d9a122338a82557c9'),$);
#4969=IFCPROPERTYSINGLEVALUE('bgt-status',$,IFCTEXT('bestaand'),$);
#4970=IFCPROPERTYSINGLEVALUE('objectBeginTijd',$,IFCTEXT('2015-10-06T22:00:00'),$);
#4971=IFCPROPERTYSINGLEVALUE('bronhouder',$,IFCTEXT('G0772'),$);
#4972=IFCPROPERTYSINGLEVALUE('inOnderzoek',$,IFCBOOLEAN(.F.),$);
#4973=IFCPROPERTYSINGLEVALUE('relatieveHoogteligging',$,IFCTEXT('0'),$);
#4974=IFCPROPERTYSINGLEVALUE('tijdstipRegistratie',$,IFCTEXT('2016-09-09T06:55:17'),$);
#4975=IFCPROPERTYSINGLEVALUE('LV-publicatiedatum',$,IFCTEXT('2016-09-09T16:50:14'),$);
#4976=IFCPROPERTYSINGLEVALUE('objecttype',$,IFCTEXT('paal_p'),$);
#4977=IFCPROPERTYSET('1HiMyTa2r6V9IOARlt4zhB',#5,'CPset_BGT',$,(#4965,#4966,#4967,#4968,#4969,#4970,#4971,#4972,#4973,#4974,#4975,#4976));
#4978=IFCRELDEFINESBYPROPERTIES('3kNuAyKTbC5xEu0est4DTv',#5,$,$,(#4964),#4977);
#4979=IFCCARTESIANPOINT((239.23237847563,-28.5285704000853,0.));
#4980=IFCCARTESIANTRANSFORMATIONOPERATOR3D($,$,#4979,1.,$);
#4981=IFCMAPPEDITEM(#1977,#4980);
#4982=IFCSHAPEREPRESENTATION(#11,'Body','MappedRepresentation',(#4981));
#4983=IFCCARTESIANPOINT((0.,0.,0.));
#4984=IFCDIRECTION((0.,0.,1.));
#4985=IFCDIRECTION((1.,0.,0.));
#4986=IFCAXIS2PLACEMENT3D(#4983,#4984,#4985);
#4987=IFCLOCALPLACEMENT(#37,#4986);
#4988=IFCPRODUCTDEFINITIONSHAPE($,$,(#4982));
#4989=IFCBUILDINGELEMENTPROXY('2WCYBCBIPAdQ1cTacQR27g',#5,'G0772.98256855cf50410c804157e6547ad6fe',$,$,#4987,#4988,$,$);
#4990=IFCPROPERTYSINGLEVALUE('hectometeraanduiding',$,IFCTEXT(''),$);
#4991=IFCPROPERTYSINGLEVALUE('plus-type',$,IFCTEXT('lichtmast'),$);
#4992=IFCPROPERTYSINGLEVALUE('subtype',$,IFCTEXT('2'),$);
#4993=IFCPROPERTYSINGLEVALUE('identificatie',$,IFCTEXT('G0772.98256855cf50410c804157e6547ad6fe'),$);
#4994=IFCPROPERTYSINGLEVALUE('bgt-status',$,IFCTEXT('bestaand'),$);
#4995=IFCPROPERTYSINGLEVALUE('objectBeginTijd',$,IFCTEXT('2015-10-06T22:00:00'),$);
#4996=IFCPROPERTYSINGLEVALUE('bronhouder',$,IFCTEXT('G0772'),$);
#4997=IFCPROPERTYSINGLEVALUE('inOnderzoek',$,IFCBOOLEAN(.F.),$);
#4998=IFCPROPERTYSINGLEVALUE('relatieveHoogteligging',$,IFCTEXT('0'),$);
#4999=IFCPROPERTYSINGLEVALUE('tijdstipRegistratie',$,IFCTEXT('2016-09-09T06:55:17'),$);
#5000=IFCPROPERTYSINGLEVALUE('LV-publicatiedatum',$,IFCTEXT('2016-09-09T16:50:14'),$);
#5001=IFCPROPERTYSINGLEVALUE('objecttype',$,IFCTEXT('paal_p'),$);
#5002=IFCPROPERTYSET('2kIE8XC4X8yexsYR7atMtz',#5,'CPset_BGT',$,(#4990,#4991,#4992,#4993,#4994,#4995,#4996,#4997,#4998,#4999,#5000,#5001));
#5003=IFCRELDEFINESBYPROPERTIES('2NnumC8Z1C6fupmOuzrNcg',#5,$,$,(#4989),#5002);
#5004=IFCCARTESIANPOINT((222.64036790785,-35.3531261598109,0.));
#5005=IFCCARTESIANTRANSFORMATIONOPERATOR3D($,$,#5004,1.,$);
#5006=IFCMAPPEDITEM(#1977,#5005);
#5007=IFCSHAPEREPRESENTATION(#11,'Body','MappedRepresentation',(#5006));
#5008=IFCCARTESIANPOINT((0.,0.,0.));
#5009=IFCDIRECTION((0.,0.,1.));
#5010=IFCDIRECTION((1.,0.,0.));
#5011=IFCAXIS2PLACEMENT3D(#5008,#5009,#5010);
#5012=IFCLOCALPLACEMENT(#37,#5011);
#5013=IFCPRODUCTDEFINITIONSHAPE($,$,(#5007));
#5014=IFCBUILDINGELEMENTPROXY('19TQtqwsfFLQxWw$oenttN',#5,'G0772.9b9fd450c8db42538931d2730588dc86',$,$,#5012,#5013,$,$);
#5015=IFCPROPERTYSINGLEVALUE('hectometeraanduiding',$,IFCTEXT(''),$);
#5016=IFCPROPERTYSINGLEVALUE('plus-type',$,IFCTEXT('lichtmast'),$);
#5017=IFCPROPERTYSINGLEVALUE('subtype',$,IFCTEXT('2'),$);
#5018=IFCPROPERTYSINGLEVALUE('identificatie',$,IFCTEXT('G0772.9b9fd450c8db42538931d2730588dc86'),$);
#5019=IFCPROPERTYSINGLEVALUE('bgt-status',$,IFCTEXT('bestaand'),$);
#5020=IFCPROPERTYSINGLEVALUE('objectBeginTijd',$,IFCTEXT('2015-10-06T22:00:00'),$);
#5021=IFCPROPERTYSINGLEVALUE('bronhouder',$,IFCTEXT('G0772'),$);
#5022=IFCPROPERTYSINGLEVALUE('inOnderzoek',$,IFCBOOLEAN(.F.),$);
#5023=IFCPROPERTYSINGLEVALUE('relatieveHoogteligging',$,IFCTEXT('0'),$);
#5024=IFCPROPERTYSINGLEVALUE('tijdstipRegistratie',$,IFCTEXT('2016-09-09T06:55:17'),$);
#5025=IFCPROPERTYSINGLEVALUE('LV-publicatiedatum',$,IFCTEXT('2016-09-09T16:50:14'),$);
#5026=IFCPROPERTYSINGLEVALUE('objecttype',$,IFCTEXT('paal_p'),$);
#5027=IFCPROPERTYSET('1C1ko8RNPDpe85MIGKdpW6',#5,'CPset_BGT',$,(#5015,#5016,#5017,#5018,#5019,#5020,#5021,#5022,#5023,#5024,#5025,#5026));
#5028=IFCRELDEFINESBYPROPERTIES('3jsxpUng9EOhrbieNXXNAG',#5,$,$,(#5014),#5027);
#5029=IFCCARTESIANPOINT((225.406614883977,-13.2010415024706,0.));
#5030=IFCCARTESIANTRANSFORMATIONOPERATOR3D($,$,#5029,1.,$);
#5031=IFCMAPPEDITEM(#1977,#5030);
#5032=IFCSHAPEREPRESENTATION(#11,'Body','MappedRepresentation',(#5031));
#5033=IFCCARTESIANPOINT((0.,0.,0.));
#5034=IFCDIRECTION((0.,0.,1.));
#5035=IFCDIRECTION((1.,0.,0.));
#5036=IFCAXIS2PLACEMENT3D(#5033,#5034,#5035);
#5037=IFCLOCALPLACEMENT(#37,#5036);
#5038=IFCPRODUCTDEFINITIONSHAPE($,$,(#5032));
#5039=IFCBUILDINGELEMENTPROXY('2j67x5V6T2EPXTWqnjVm3W',#5,'G0772.c19f52511f904458a7d9dba708cf8393',$,$,#5037,#5038,$,$);
#5040=IFCPROPERTYSINGLEVALUE('hectometeraanduiding',$,IFCTEXT(''),$);
#5041=IFCPROPERTYSINGLEVALUE('plus-type',$,IFCTEXT('lichtmast'),$);
#5042=IFCPROPERTYSINGLEVALUE('subtype',$,IFCTEXT('2'),$);
#5043=IFCPROPERTYSINGLEVALUE('identificatie',$,IFCTEXT('G0772.c19f52511f904458a7d9dba708cf8393'),$);
#5044=IFCPROPERTYSINGLEVALUE('bgt-status',$,IFCTEXT('bestaand'),$);
#5045=IFCPROPERTYSINGLEVALUE('objectBeginTijd',$,IFCTEXT('2015-10-06T22:00:00'),$);
#5046=IFCPROPERTYSINGLEVALUE('bronhouder',$,IFCTEXT('G0772'),$);
#5047=IFCPROPERTYSINGLEVALUE('inOnderzoek',$,IFCBOOLEAN(.F.),$);
#5048=IFCPROPERTYSINGLEVALUE('relatieveHoogteligging',$,IFCTEXT('0'),$);
#5049=IFCPROPERTYSINGLEVALUE('tijdstipRegistratie',$,IFCTEXT('2016-09-09T06:55:17'),$);
#5050=IFCPROPERTYSINGLEVALUE('LV-publicatiedatum',$,IFCTEXT('2016-09-09T16:50:14'),$);
#5051=IFCPROPERTYSINGLEVALUE('objecttype',$,IFCTEXT('paal_p'),$);
#5052=IFCPROPERTYSET('1ZLsqAGYj0zgcEl$rY6tU8',#5,'CPset_BGT',$,(#5040,#5041,#5042,#5043,#5044,#5045,#5046,#5047,#5048,#5049,#5050,#5051));
#5053=IFCRELDEFINESBYPROPERTIES('2EtNcAVHL6wgGWIZmiLt5p',#5,$,$,(#5039),#5052);
#5054=IFCCARTESIANPOINT((258.24269360688,50.0388894202188,0.));
#5055=IFCCARTESIANTRANSFORMATIONOPERATOR3D($,$,#5054,1.,$);
#5056=IFCMAPPEDITEM(#1977,#5055);
#5057=IFCSHAPEREPRESENTATION(#11,'Body','MappedRepresentation',(#5056));
#5058=IFCCARTESIANPOINT((0.,0.,0.));
#5059=IFCDIRECTION((0.,0.,1.));
#5060=IFCDIRECTION((1.,0.,0.));
#5061=IFCAXIS2PLACEMENT3D(#5058,#5059,#5060);
#5062=IFCLOCALPLACEMENT(#37,#5061);
#5063=IFCPRODUCTDEFINITIONSHAPE($,$,(#5057));
#5064=IFCBUILDINGELEMENTPROXY('1m60LkPmH2i9tyvbrW57gk',#5,'G0772.205976dd953f4fe3bf412a12a3ed2068',$,$,#5062,#5063,$,$);
#5065=IFCPROPERTYSINGLEVALUE('hectometeraanduiding',$,IFCTEXT(''),$);
#5066=IFCPROPERTYSINGLEVALUE('plus-type',$,IFCTEXT('lichtmast'),$);
#5067=IFCPROPERTYSINGLEVALUE('subtype',$,IFCTEXT('2'),$);
#5068=IFCPROPERTYSINGLEVALUE('identificatie',$,IFCTEXT('G0772.205976dd953f4fe3bf412a12a3ed2068'),$);
#5069=IFCPROPERTYSINGLEVALUE('bgt-status',$,IFCTEXT('bestaand'),$);
#5070=IFCPROPERTYSINGLEVALUE('objectBeginTijd',$,IFCTEXT('2023-12-10T23:00:00'),$);
#5071=IFCPROPERTYSINGLEVALUE('bronhouder',$,IFCTEXT('G0772'),$);
#5072=IFCPROPERTYSINGLEVALUE('inOnderzoek',$,IFCBOOLEAN(.F.),$);
#5073=IFCPROPERTYSINGLEVALUE('relatieveHoogteligging',$,IFCTEXT('0'),$);
#5074=IFCPROPERTYSINGLEVALUE('tijdstipRegistratie',$,IFCTEXT('2024-02-05T09:01:29'),$);
#5075=IFCPROPERTYSINGLEVALUE('LV-publicatiedatum',$,IFCTEXT('2024-02-05T09:09:27'),$);
#5076=IFCPROPERTYSINGLEVALUE('objecttype',$,IFCTEXT('paal_p'),$);
#5077=IFCPROPERTYSET('0uBVaksrrB4A9QKjCnwxHC',#5,'CPset_BGT',$,(#5065,#5066,#5067,#5068,#5069,#5070,#5071,#5072,#5073,#5074,#5075,#5076));
#5078=IFCRELDEFINESBYPROPERTIES('3s1DkzO5X52fq8xRJxta30',#5,$,$,(#5064),#5077);
#5079=IFCCARTESIANPOINT((233.799537654762,25.8561188572785,0.));
#5080=IFCCARTESIANTRANSFORMATIONOPERATOR3D($,$,#5079,1.,$);
#5081=IFCMAPPEDITEM(#1977,#5080);
#5082=IFCSHAPEREPRESENTATION(#11,'Body','MappedRepresentation',(#5081));
#5083=IFCCARTESIANPOINT((0.,0.,0.));
#5084=IFCDIRECTION((0.,0.,1.));
#5085=IFCDIRECTION((1.,0.,0.));
#5086=IFCAXIS2PLACEMENT3D(#5083,#5084,#5085);
#5087=IFCLOCALPLACEMENT(#37,#5086);
#5088=IFCPRODUCTDEFINITIONSHAPE($,$,(#5082));
#5089=IFCBUILDINGELEMENTPROXY('37HFHg$Jn4sgyGVy5Y5MIs',#5,'G0772.262fdf2ca3974ec98e49de948e4c9919',$,$,#5087,#5088,$,$);
#5090=IFCPROPERTYSINGLEVALUE('hectometeraanduiding',$,IFCTEXT(''),$);
#5091=IFCPROPERTYSINGLEVALUE('plus-type',$,IFCTEXT('lichtmast'),$);
#5092=IFCPROPERTYSINGLEVALUE('subtype',$,IFCTEXT('2'),$);
#5093=IFCPROPERTYSINGLEVALUE('identificatie',$,IFCTEXT('G0772.262fdf2ca3974ec98e49de948e4c9919'),$);
#5094=IFCPROPERTYSINGLEVALUE('bgt-status',$,IFCTEXT('bestaand'),$);
#5095=IFCPROPERTYSINGLEVALUE('objectBeginTijd',$,IFCTEXT('2025-02-13T23:00:00'),$);
#5096=IFCPROPERTYSINGLEVALUE('bronhouder',$,IFCTEXT('G0772'),$);
#5097=IFCPROPERTYSINGLEVALUE('inOnderzoek',$,IFCBOOLEAN(.F.),$);
#5098=IFCPROPERTYSINGLEVALUE('relatieveHoogteligging',$,IFCTEXT('0'),$);
#5099=IFCPROPERTYSINGLEVALUE('tijdstipRegistratie',$,IFCTEXT('2025-02-25T09:37:15'),$);
#5100=IFCPROPERTYSINGLEVALUE('LV-publicatiedatum',$,IFCTEXT('2025-02-25T09:45:00'),$);
#5101=IFCPROPERTYSINGLEVALUE('objecttype',$,IFCTEXT('paal_p'),$);
#5102=IFCPROPERTYSET('2OBegnaKz54B_Hy8OHdz7G',#5,'CPset_BGT',$,(#5090,#5091,#5092,#5093,#5094,#5095,#5096,#5097,#5098,#5099,#5100,#5101));
#5103=IFCRELDEFINESBYPROPERTIES('0TAUf1JQ9BfOPKL_XYNYpu',#5,$,$,(#5089),#5102);
#5104=IFCCARTESIANPOINT((203.593528716126,24.2654997955542,0.));
#5105=IFCCARTESIANTRANSFORMATIONOPERATOR3D($,$,#5104,1.,$);
#5106=IFCMAPPEDITEM(#1977,#5105);
#5107=IFCSHAPEREPRESENTATION(#11,'Body','MappedRepresentation',(#5106));
#5108=IFCCARTESIANPOINT((0.,0.,0.));
#5109=IFCDIRECTION((0.,0.,1.));
#5110=IFCDIRECTION((1.,0.,0.));
#5111=IFCAXIS2PLACEMENT3D(#5108,#5109,#5110);
#5112=IFCLOCALPLACEMENT(#37,#5111);
#5113=IFCPRODUCTDEFINITIONSHAPE($,$,(#5107));
#5114=IFCBUILDINGELEMENTPROXY('0F$95L5eLFl8gfVT1v8t5$',#5,'G0772.4a50f4a06e53451e919e5f102f94dc79',$,$,#5112,#5113,$,$);
#5115=IFCPROPERTYSINGLEVALUE('hectometeraanduiding',$,IFCTEXT(''),$);
#5116=IFCPROPERTYSINGLEVALUE('plus-type',$,IFCTEXT('lichtmast'),$);
#5117=IFCPROPERTYSINGLEVALUE('subtype',$,IFCTEXT('2'),$);
#5118=IFCPROPERTYSINGLEVALUE('identificatie',$,IFCTEXT('G0772.4a50f4a06e53451e919e5f102f94dc79'),$);
#5119=IFCPROPERTYSINGLEVALUE('bgt-status',$,IFCTEXT('bestaand'),$);
#5120=IFCPROPERTYSINGLEVALUE('objectBeginTijd',$,IFCTEXT('2011-10-03T22:00:00'),$);
#5121=IFCPROPERTYSINGLEVALUE('bronhouder',$,IFCTEXT('G0772'),$);
#5122=IFCPROPERTYSINGLEVALUE('inOnderzoek',$,IFCBOOLEAN(.F.),$);
#5123=IFCPROPERTYSINGLEVALUE('relatieveHoogteligging',$,IFCTEXT('0'),$);
#5124=IFCPROPERTYSINGLEVALUE('tijdstipRegistratie',$,IFCTEXT('2016-01-07T12:25:24'),$);
#5125=IFCPROPERTYSINGLEVALUE('LV-publicatiedatum',$,IFCTEXT('2016-04-05T11:55:43'),$);
#5126=IFCPROPERTYSINGLEVALUE('objecttype',$,IFCTEXT('paal_p'),$);
#5127=IFCPROPERTYSET('2aZG1QQmbBKA_yKbQPAxgu',#5,'CPset_BGT',$,(#5115,#5116,#5117,#5118,#5119,#5120,#5121,#5122,#5123,#5124,#5125,#5126));
#5128=IFCRELDEFINESBYPROPERTIES('122kCr0C5BIQb1x0t1ru7G',#5,$,$,(#5114),#5127);
#5129=IFCCARTESIANPOINT((237.303546048322,86.7373445855337,0.));
#5130=IFCCARTESIANTRANSFORMATIONOPERATOR3D($,$,#5129,1.,$);
#5131=IFCMAPPEDITEM(#1977,#5130);
#5132=IFCSHAPEREPRESENTATION(#11,'Body','MappedRepresentation',(#5131));
#5133=IFCCARTESIANPOINT((0.,0.,0.));
#5134=IFCDIRECTION((0.,0.,1.));
#5135=IFCDIRECTION((1.,0.,0.));
#5136=IFCAXIS2PLACEMENT3D(#5133,#5134,#5135);
#5137=IFCLOCALPLACEMENT(#37,#5136);
#5138=IFCPRODUCTDEFINITIONSHAPE($,$,(#5132));
#5139=IFCBUILDINGELEMENTPROXY('2hBZ4ZpfD0zB0PuUdRrTop',#5,'G0772.4d766da481394f0c9f9e251d2de56fab',$,$,#5137,#5138,$,$);
#5140=IFCPROPERTYSINGLEVALUE('hectometeraanduiding',$,IFCTEXT(''),$);
#5141=IFCPROPERTYSINGLEVALUE('plus-type',$,IFCTEXT('lichtmast'),$);
#5142=IFCPROPERTYSINGLEVALUE('subtype',$,IFCTEXT('2'),$);
#5143=IFCPROPERTYSINGLEVALUE('identificatie',$,IFCTEXT('G0772.4d766da481394f0c9f9e251d2de56fab'),$);
#5144=IFCPROPERTYSINGLEVALUE('bgt-status',$,IFCTEXT('bestaand'),$);
#5145=IFCPROPERTYSINGLEVALUE('objectBeginTijd',$,IFCTEXT('2011-10-18T22:00:00'),$);
#5146=IFCPROPERTYSINGLEVALUE('bronhouder',$,IFCTEXT('G0772'),$);
#5147=IFCPROPERTYSINGLEVALUE('inOnderzoek',$,IFCBOOLEAN(.F.),$);
#5148=IFCPROPERTYSINGLEVALUE('relatieveHoogteligging',$,IFCTEXT('0'),$);
#5149=IFCPROPERTYSINGLEVALUE('tijdstipRegistratie',$,IFCTEXT('2016-01-07T12:25:24'),$);
#5150=IFCPROPERTYSINGLEVALUE('LV-publicatiedatum',$,IFCTEXT('2016-04-05T11:55:43'),$);
#5151=IFCPROPERTYSINGLEVALUE('objecttype',$,IFCTEXT('paal_p'),$);
#5152=IFCPROPERTYSET('3bbbPNzDT2rOv5dIeY2ohJ',#5,'CPset_BGT',$,(#5140,#5141,#5142,#5143,#5144,#5145,#5146,#5147,#5148,#5149,#5150,#5151));
#5153=IFCRELDEFINESBYPROPERTIES('34ntHyZK1B0xogmHw$nBJe',#5,$,$,(#5139),#5152);
#5154=IFCCARTESIANPOINT((167.747262250894,4.59809451410547,0.));
#5155=IFCCARTESIANTRANSFORMATIONOPERATOR3D($,$,#5154,1.,$);
#5156=IFCMAPPEDITEM(#1977,#5155);
#5157=IFCSHAPEREPRESENTATION(#11,'Body','MappedRepresentation',(#5156));
#5158=IFCCARTESIANPOINT((0.,0.,0.));
#5159=IFCDIRECTION((0.,0.,1.));
#5160=IFCDIRECTION((1.,0.,0.));
#5161=IFCAXIS2PLACEMENT3D(#5158,#5159,#5160);
#5162=IFCLOCALPLACEMENT(#37,#5161);
#5163=IFCPRODUCTDEFINITIONSHAPE($,$,(#5157));
#5164=IFCBUILDINGELEMENTPROXY('3WWOGg0jT9tOJdUO4J8o_6',#5,'G0772.5437445176354038ac3a57c39c06ac8b',$,$,#5162,#5163,$,$);
#5165=IFCPROPERTYSINGLEVALUE('hectometeraanduiding',$,IFCTEXT(''),$);
#5166=IFCPROPERTYSINGLEVALUE('plus-type',$,IFCTEXT('lichtmast'),$);
#5167=IFCPROPERTYSINGLEVALUE('subtype',$,IFCTEXT('2'),$);
#5168=IFCPROPERTYSINGLEVALUE('identificatie',$,IFCTEXT('G0772.5437445176354038ac3a57c39c06ac8b'),$);
#5169=IFCPROPERTYSINGLEVALUE('bgt-status',$,IFCTEXT('bestaand'),$);
#5170=IFCPROPERTYSINGLEVALUE('objectBeginTijd',$,IFCTEXT('2011-10-18T22:00:00'),$);
#5171=IFCPROPERTYSINGLEVALUE('bronhouder',$,IFCTEXT('G0772'),$);
#5172=IFCPROPERTYSINGLEVALUE('inOnderzoek',$,IFCBOOLEAN(.F.),$);
#5173=IFCPROPERTYSINGLEVALUE('relatieveHoogteligging',$,IFCTEXT('0'),$);
#5174=IFCPROPERTYSINGLEVALUE('tijdstipRegistratie',$,IFCTEXT('2016-01-07T12:25:24'),$);
#5175=IFCPROPERTYSINGLEVALUE('LV-publicatiedatum',$,IFCTEXT('2016-04-05T11:55:43'),$);
#5176=IFCPROPERTYSINGLEVALUE('objecttype',$,IFCTEXT('paal_p'),$);
#5177=IFCPROPERTYSET('3o0OC9xb586uEXflmHS4oU',#5,'CPset_BGT',$,(#5165,#5166,#5167,#5168,#5169,#5170,#5171,#5172,#5173,#5174,#5175,#5176));
#5178=IFCRELDEFINESBYPROPERTIES('2Xv6CTioLDAAYmcQZp1ZAn',#5,$,$,(#5164),#5177);
#5179=IFCCARTESIANPOINT((207.901223110064,25.1784045050736,0.));
#5180=IFCCARTESIANTRANSFORMATIONOPERATOR3D($,$,#5179,1.,$);
#5181=IFCMAPPEDITEM(#1977,#5180);
#5182=IFCSHAPEREPRESENTATION(#11,'Body','MappedRepresentation',(#5181));
#5183=IFCCARTESIANPOINT((0.,0.,0.));
#5184=IFCDIRECTION((0.,0.,1.));
#5185=IFCDIRECTION((1.,0.,0.));
#5186=IFCAXIS2PLACEMENT3D(#5183,#5184,#5185);
#5187=IFCLOCALPLACEMENT(#37,#5186);
#5188=IFCPRODUCTDEFINITIONSHAPE($,$,(#5182));
#5189=IFCBUILDINGELEMENTPROXY('0WydzOrojFVuvIAbd4q2Ie',#5,'G0772.54fe868a5fab42229668e5dccd4f3a87',$,$,#5187,#5188,$,$);
#5190=IFCPROPERTYSINGLEVALUE('hectometeraanduiding',$,IFCTEXT(''),$);
#5191=IFCPROPERTYSINGLEVALUE('plus-type',$,IFCTEXT('lichtmast'),$);
#5192=IFCPROPERTYSINGLEVALUE('subtype',$,IFCTEXT('2'),$);
#5193=IFCPROPERTYSINGLEVALUE('identificatie',$,IFCTEXT('G0772.54fe868a5fab42229668e5dccd4f3a87'),$);
#5194=IFCPROPERTYSINGLEVALUE('bgt-status',$,IFCTEXT('bestaand'),$);
#5195=IFCPROPERTYSINGLEVALUE('objectBeginTijd',$,IFCTEXT('2011-10-18T22:00:00'),$);
#5196=IFCPROPERTYSINGLEVALUE('bronhouder',$,IFCTEXT('G0772'),$);
#5197=IFCPROPERTYSINGLEVALUE('inOnderzoek',$,IFCBOOLEAN(.F.),$);
#5198=IFCPROPERTYSINGLEVALUE('relatieveHoogteligging',$,IFCTEXT('0'),$);
#5199=IFCPROPERTYSINGLEVALUE('tijdstipRegistratie',$,IFCTEXT('2016-01-07T12:25:24'),$);
#5200=IFCPROPERTYSINGLEVALUE('LV-publicatiedatum',$,IFCTEXT('2016-04-05T11:55:43'),$);
#5201=IFCPROPERTYSINGLEVALUE('objecttype',$,IFCTEXT('paal_p'),$);
#5202=IFCPROPERTYSET('1x1QTWT2j3LQVIpo59YeXT',#5,'CPset_BGT',$,(#5190,#5191,#5192,#5193,#5194,#5195,#5196,#5197,#5198,#5199,#5200,#5201));
#5203=IFCRELDEFINESBYPROPERTIES('3FtlQYvnz9nR8rERhwIGED',#5,$,$,(#5189),#5202);
#5204=IFCCARTESIANPOINT((185.277071355173,18.8031823620549,0.));
#5205=IFCCARTESIANTRANSFORMATIONOPERATOR3D($,$,#5204,1.,$);
#5206=IFCMAPPEDITEM(#1977,#5205);
#5207=IFCSHAPEREPRESENTATION(#11,'Body','MappedRepresentation',(#5206));
#5208=IFCCARTESIANPOINT((0.,0.,0.));
#5209=IFCDIRECTION((0.,0.,1.));
#5210=IFCDIRECTION((1.,0.,0.));
#5211=IFCAXIS2PLACEMENT3D(#5208,#5209,#5210);
#5212=IFCLOCALPLACEMENT(#37,#5211);
#5213=IFCPRODUCTDEFINITIONSHAPE($,$,(#5207));
#5214=IFCBUILDINGELEMENTPROXY('1TPNKzgXD5oh1A72bJYC3F',#5,'G0772.67a21ef8e43b4145b7fb082bf413f83c',$,$,#5212,#5213,$,$);
#5215=IFCPROPERTYSINGLEVALUE('hectometeraanduiding',$,IFCTEXT(''),$);
#5216=IFCPROPERTYSINGLEVALUE('plus-type',$,IFCTEXT('lichtmast'),$);
#5217=IFCPROPERTYSINGLEVALUE('subtype',$,IFCTEXT('2'),$);
#5218=IFCPROPERTYSINGLEVALUE('identificatie',$,IFCTEXT('G0772.67a21ef8e43b4145b7fb082bf413f83c'),$);
#5219=IFCPROPERTYSINGLEVALUE('bgt-status',$,IFCTEXT('bestaand'),$);
#5220=IFCPROPERTYSINGLEVALUE('objectBeginTijd',$,IFCTEXT('2011-10-18T22:00:00'),$);
#5221=IFCPROPERTYSINGLEVALUE('bronhouder',$,IFCTEXT('G0772'),$);
#5222=IFCPROPERTYSINGLEVALUE('inOnderzoek',$,IFCBOOLEAN(.F.),$);
#5223=IFCPROPERTYSINGLEVALUE('relatieveHoogteligging',$,IFCTEXT('0'),$);
#5224=IFCPROPERTYSINGLEVALUE('tijdstipRegistratie',$,IFCTEXT('2016-01-07T12:25:24'),$);
#5225=IFCPROPERTYSINGLEVALUE('LV-publicatiedatum',$,IFCTEXT('2016-04-05T11:55:43'),$);
#5226=IFCPROPERTYSINGLEVALUE('objecttype',$,IFCTEXT('paal_p'),$);
#5227=IFCPROPERTYSET('2d98wj6a162gWiAZZwnfci',#5,'CPset_BGT',$,(#5215,#5216,#5217,#5218,#5219,#5220,#5221,#5222,#5223,#5224,#5225,#5226));
#5228=IFCRELDEFINESBYPROPERTIES('192tEyV8f6O9u085vg0UaY',#5,$,$,(#5214),#5227);
#5229=IFCCARTESIANPOINT((253.841478270188,99.0176723834011,0.));
#5230=IFCCARTESIANTRANSFORMATIONOPERATOR3D($,$,#5229,1.,$);
#5231=IFCMAPPEDITEM(#1977,#5230);
#5232=IFCSHAPEREPRESENTATION(#11,'Body','MappedRepresentation',(#5231));
#5233=IFCCARTESIANPOINT((0.,0.,0.));
#5234=IFCDIRECTION((0.,0.,1.));
#5235=IFCDIRECTION((1.,0.,0.));
#5236=IFCAXIS2PLACEMENT3D(#5233,#5234,#5235);
#5237=IFCLOCALPLACEMENT(#37,#5236);
#5238=IFCPRODUCTDEFINITIONSHAPE($,$,(#5232));
#5239=IFCBUILDINGELEMENTPROXY('0SfRaQDyj2bvImN5UmSod7',#5,'G0772.a628d240b8b941b88d9d2bf0d224ac2e',$,$,#5237,#5238,$,$);
#5240=IFCPROPERTYSINGLEVALUE('hectometeraanduiding',$,IFCTEXT(''),$);
#5241=IFCPROPERTYSINGLEVALUE('plus-type',$,IFCTEXT('lichtmast'),$);
#5242=IFCPROPERTYSINGLEVALUE('subtype',$,IFCTEXT('2'),$);
#5243=IFCPROPERTYSINGLEVALUE('identificatie',$,IFCTEXT('G0772.a628d240b8b941b88d9d2bf0d224ac2e'),$);
#5244=IFCPROPERTYSINGLEVALUE('bgt-status',$,IFCTEXT('bestaand'),$);
#5245=IFCPROPERTYSINGLEVALUE('objectBeginTijd',$,IFCTEXT('2006-09-25T22:00:00'),$);
#5246=IFCPROPERTYSINGLEVALUE('bronhouder',$,IFCTEXT('G0772'),$);
#5247=IFCPROPERTYSINGLEVALUE('inOnderzoek',$,IFCBOOLEAN(.F.),$);
#5248=IFCPROPERTYSINGLEVALUE('relatieveHoogteligging',$,IFCTEXT('0'),$);
#5249=IFCPROPERTYSINGLEVALUE('tijdstipRegistratie',$,IFCTEXT('2016-01-07T12:25:24'),$);
#5250=IFCPROPERTYSINGLEVALUE('LV-publicatiedatum',$,IFCTEXT('2016-04-05T11:55:43'),$);
#5251=IFCPROPERTYSINGLEVALUE('objecttype',$,IFCTEXT('paal_p'),$);
#5252=IFCPROPERTYSET('1QAZZMrxvC0OK$wjs$b_Mw',#5,'CPset_BGT',$,(#5240,#5241,#5242,#5243,#5244,#5245,#5246,#5247,#5248,#5249,#5250,#5251));
#5253=IFCRELDEFINESBYPROPERTIES('1BpUtl2qb4yejlK1FdR7fr',#5,$,$,(#5239),#5252);
#5254=IFCCARTESIANPOINT((187.356754901906,9.41263363766484,0.));
#5255=IFCCARTESIANTRANSFORMATIONOPERATOR3D($,$,#5254,1.,$);
#5256=IFCMAPPEDITEM(#1977,#5255);
#5257=IFCSHAPEREPRESENTATION(#11,'Body','MappedRepresentation',(#5256));
#5258=IFCCARTESIANPOINT((0.,0.,0.));
#5259=IFCDIRECTION((0.,0.,1.));
#5260=IFCDIRECTION((1.,0.,0.));
#5261=IFCAXIS2PLACEMENT3D(#5258,#5259,#5260);
#5262=IFCLOCALPLACEMENT(#37,#5261);
#5263=IFCPRODUCTDEFINITIONSHAPE($,$,(#5257));
#5264=IFCBUILDINGELEMENTPROXY('1emOOCC6PDSuFa1Er_u5xz',#5,'G0772.ac2f9b366e0944ae930a5cba5621432e',$,$,#5262,#5263,$,$);
#5265=IFCPROPERTYSINGLEVALUE('hectometeraanduiding',$,IFCTEXT(''),$);
#5266=IFCPROPERTYSINGLEVALUE('plus-type',$,IFCTEXT('lichtmast'),$);
#5267=IFCPROPERTYSINGLEVALUE('subtype',$,IFCTEXT('2'),$);
#5268=IFCPROPERTYSINGLEVALUE('identificatie',$,IFCTEXT('G0772.ac2f9b366e0944ae930a5cba5621432e'),$);
#5269=IFCPROPERTYSINGLEVALUE('bgt-status',$,IFCTEXT('bestaand'),$);
#5270=IFCPROPERTYSINGLEVALUE('objectBeginTijd',$,IFCTEXT('2011-10-18T22:00:00'),$);
#5271=IFCPROPERTYSINGLEVALUE('bronhouder',$,IFCTEXT('G0772'),$);
#5272=IFCPROPERTYSINGLEVALUE('inOnderzoek',$,IFCBOOLEAN(.F.),$);
#5273=IFCPROPERTYSINGLEVALUE('relatieveHoogteligging',$,IFCTEXT('0'),$);
#5274=IFCPROPERTYSINGLEVALUE('tijdstipRegistratie',$,IFCTEXT('2016-01-07T12:25:24'),$);
#5275=IFCPROPERTYSINGLEVALUE('LV-publicatiedatum',$,IFCTEXT('2016-04-05T11:55:43'),$);
#5276=IFCPROPERTYSINGLEVALUE('objecttype',$,IFCTEXT('paal_p'),$);
#5277=IFCPROPERTYSET('0xK1d0CoXAnOHSc38akPEG',#5,'CPset_BGT',$,(#5265,#5266,#5267,#5268,#5269,#5270,#5271,#5272,#5273,#5274,#5275,#5276));
#5278=IFCRELDEFINESBYPROPERTIES('2pW5JENQ9E6RM_Y6rxwnKU',#5,$,$,(#5264),#5277);
#5279=IFCCARTESIANPOINT((158.151606902829,-25.1197127979831,0.));
#5280=IFCCARTESIANTRANSFORMATIONOPERATOR3D($,$,#5279,1.,$);
#5281=IFCMAPPEDITEM(#1977,#5280);
#5282=IFCSHAPEREPRESENTATION(#11,'Body','MappedRepresentation',(#5281));
#5283=IFCCARTESIANPOINT((0.,0.,0.));
#5284=IFCDIRECTION((0.,0.,1.));
#5285=IFCDIRECTION((1.,0.,0.));
#5286=IFCAXIS2PLACEMENT3D(#5283,#5284,#5285);
#5287=IFCLOCALPLACEMENT(#37,#5286);
#5288=IFCPRODUCTDEFINITIONSHAPE($,$,(#5282));
#5289=IFCBUILDINGELEMENTPROXY('0DsR70zTzA_ACUU1l$1eBe',#5,'G0772.afaf4dab51374eb1ba22460052bdfbd5',$,$,#5287,#5288,$,$);
#5290=IFCPROPERTYSINGLEVALUE('hectometeraanduiding',$,IFCTEXT(''),$);
#5291=IFCPROPERTYSINGLEVALUE('plus-type',$,IFCTEXT('lichtmast'),$);
#5292=IFCPROPERTYSINGLEVALUE('subtype',$,IFCTEXT('2'),$);
#5293=IFCPROPERTYSINGLEVALUE('identificatie',$,IFCTEXT('G0772.afaf4dab51374eb1ba22460052bdfbd5'),$);
#5294=IFCPROPERTYSINGLEVALUE('bgt-status',$,IFCTEXT('bestaand'),$);
#5295=IFCPROPERTYSINGLEVALUE('objectBeginTijd',$,IFCTEXT('2015-04-06T22:00:00'),$);
#5296=IFCPROPERTYSINGLEVALUE('bronhouder',$,IFCTEXT('G0772'),$);
#5297=IFCPROPERTYSINGLEVALUE('inOnderzoek',$,IFCBOOLEAN(.F.),$);
#5298=IFCPROPERTYSINGLEVALUE('relatieveHoogteligging',$,IFCTEXT('0'),$);
#5299=IFCPROPERTYSINGLEVALUE('tijdstipRegistratie',$,IFCTEXT('2016-01-07T12:25:24'),$);
#5300=IFCPROPERTYSINGLEVALUE('LV-publicatiedatum',$,IFCTEXT('2016-04-05T11:55:43'),$);
#5301=IFCPROPERTYSINGLEVALUE('objecttype',$,IFCTEXT('paal_p'),$);
#5302=IFCPROPERTYSET('0pxqDwWOf9VOfxWWoQxG2B',#5,'CPset_BGT',$,(#5290,#5291,#5292,#5293,#5294,#5295,#5296,#5297,#5298,#5299,#5300,#5301));
#5303=IFCRELDEFINESBYPROPERTIES('1OC1KyvlHDQuFRtNnVRotQ',#5,$,$,(#5289),#5302);
#5304=IFCCARTESIANPOINT((165.734737929481,13.530466811324,0.));
#5305=IFCCARTESIANTRANSFORMATIONOPERATOR3D($,$,#5304,1.,$);
#5306=IFCMAPPEDITEM(#1977,#5305);
#5307=IFCSHAPEREPRESENTATION(#11,'Body','MappedRepresentation',(#5306));
#5308=IFCCARTESIANPOINT((0.,0.,0.));
#5309=IFCDIRECTION((0.,0.,1.));
#5310=IFCDIRECTION((1.,0.,0.));
#5311=IFCAXIS2PLACEMENT3D(#5308,#5309,#5310);
#5312=IFCLOCALPLACEMENT(#37,#5311);
#5313=IFCPRODUCTDEFINITIONSHAPE($,$,(#5307));
#5314=IFCBUILDINGELEMENTPROXY('1nG520y9jFpguPfSFq1byU',#5,'G0772.befd0da2c0c64b4f838f48b532a302eb',$,$,#5312,#5313,$,$);
#5315=IFCPROPERTYSINGLEVALUE('hectometeraanduiding',$,IFCTEXT(''),$);
#5316=IFCPROPERTYSINGLEVALUE('plus-type',$,IFCTEXT('lichtmast'),$);
#5317=IFCPROPERTYSINGLEVALUE('subtype',$,IFCTEXT('2'),$);
#5318=IFCPROPERTYSINGLEVALUE('identificatie',$,IFCTEXT('G0772.befd0da2c0c64b4f838f48b532a302eb'),$);
#5319=IFCPROPERTYSINGLEVALUE('bgt-status',$,IFCTEXT('bestaand'),$);
#5320=IFCPROPERTYSINGLEVALUE('objectBeginTijd',$,IFCTEXT('2011-10-18T22:00:00'),$);
#5321=IFCPROPERTYSINGLEVALUE('bronhouder',$,IFCTEXT('G0772'),$);
#5322=IFCPROPERTYSINGLEVALUE('inOnderzoek',$,IFCBOOLEAN(.F.),$);
#5323=IFCPROPERTYSINGLEVALUE('relatieveHoogteligging',$,IFCTEXT('0'),$);
#5324=IFCPROPERTYSINGLEVALUE('tijdstipRegistratie',$,IFCTEXT('2016-01-07T12:25:24'),$);
#5325=IFCPROPERTYSINGLEVALUE('LV-publicatiedatum',$,IFCTEXT('2016-04-05T11:55:43'),$);
#5326=IFCPROPERTYSINGLEVALUE('objecttype',$,IFCTEXT('paal_p'),$);
#5327=IFCPROPERTYSET('1KqRCSsTf9fwrpH7P5D5j2',#5,'CPset_BGT',$,(#5315,#5316,#5317,#5318,#5319,#5320,#5321,#5322,#5323,#5324,#5325,#5326));
#5328=IFCRELDEFINESBYPROPERTIES('3ZgbmelQn9uOpW$kpHN7mm',#5,$,$,(#5314),#5327);
#5329=IFCCARTESIANPOINT((210.035721948021,15.8697049336042,0.));
#5330=IFCCARTESIANTRANSFORMATIONOPERATOR3D($,$,#5329,1.,$);
#5331=IFCMAPPEDITEM(#1977,#5330);
#5332=IFCSHAPEREPRESENTATION(#11,'Body','MappedRepresentation',(#5331));
#5333=IFCCARTESIANPOINT((0.,0.,0.));
#5334=IFCDIRECTION((0.,0.,1.));
#5335=IFCDIRECTION((1.,0.,0.));
#5336=IFCAXIS2PLACEMENT3D(#5333,#5334,#5335);
#5337=IFCLOCALPLACEMENT(#37,#5336);
#5338=IFCPRODUCTDEFINITIONSHAPE($,$,(#5332));
#5339=IFCBUILDINGELEMENTPROXY('1nAnOgYkr1vOOkFA6qnKPu',#5,'G0772.c83bd461faff40eaa189dea4d2cf203d',$,$,#5337,#5338,$,$);
#5340=IFCPROPERTYSINGLEVALUE('hectometeraanduiding',$,IFCTEXT(''),$);
#5341=IFCPROPERTYSINGLEVALUE('plus-type',$,IFCTEXT('lichtmast'),$);
#5342=IFCPROPERTYSINGLEVALUE('subtype',$,IFCTEXT('2'),$);
#5343=IFCPROPERTYSINGLEVALUE('identificatie',$,IFCTEXT('G0772.c83bd461faff40eaa189dea4d2cf203d'),$);
#5344=IFCPROPERTYSINGLEVALUE('bgt-status',$,IFCTEXT('bestaand'),$);
#5345=IFCPROPERTYSINGLEVALUE('objectBeginTijd',$,IFCTEXT('2011-10-18T22:00:00'),$);
#5346=IFCPROPERTYSINGLEVALUE('bronhouder',$,IFCTEXT('G0772'),$);
#5347=IFCPROPERTYSINGLEVALUE('inOnderzoek',$,IFCBOOLEAN(.F.),$);
#5348=IFCPROPERTYSINGLEVALUE('relatieveHoogteligging',$,IFCTEXT('0'),$);
#5349=IFCPROPERTYSINGLEVALUE('tijdstipRegistratie',$,IFCTEXT('2016-01-07T12:25:24'),$);
#5350=IFCPROPERTYSINGLEVALUE('LV-publicatiedatum',$,IFCTEXT('2016-04-05T11:55:43'),$);
#5351=IFCPROPERTYSINGLEVALUE('objecttype',$,IFCTEXT('paal_p'),$);
#5352=IFCPROPERTYSET('1ucYuJ5W91ZPiR$TpH6wBN',#5,'CPset_BGT',$,(#5340,#5341,#5342,#5343,#5344,#5345,#5346,#5347,#5348,#5349,#5350,#5351));
#5353=IFCRELDEFINESBYPROPERTIES('2L5R5JIe91ah9OpXWoqe3L',#5,$,$,(#5339),#5352);
#5354=IFCCARTESIANPOINT((252.22143148561,86.4368132547825,0.));
#5355=IFCCARTESIANTRANSFORMATIONOPERATOR3D($,$,#5354,1.,$);
#5356=IFCMAPPEDITEM(#1977,#5355);
#5357=IFCSHAPEREPRESENTATION(#11,'Body','MappedRepresentation',(#5356));
#5358=IFCCARTESIANPOINT((0.,0.,0.));
#5359=IFCDIRECTION((0.,0.,1.));
#5360=IFCDIRECTION((1.,0.,0.));
#5361=IFCAXIS2PLACEMENT3D(#5358,#5359,#5360);
#5362=IFCLOCALPLACEMENT(#37,#5361);
#5363=IFCPRODUCTDEFINITIONSHAPE($,$,(#5357));
#5364=IFCBUILDINGELEMENTPROXY('1A$JMbxCH1FfNcTGie5ith',#5,'G0772.ee08ca9e0b8b44928e540045824fbd8f',$,$,#5362,#5363,$,$);
#5365=IFCPROPERTYSINGLEVALUE('hectometeraanduiding',$,IFCTEXT(''),$);
#5366=IFCPROPERTYSINGLEVALUE('plus-type',$,IFCTEXT('lichtmast'),$);
#5367=IFCPROPERTYSINGLEVALUE('subtype',$,IFCTEXT('2'),$);
#5368=IFCPROPERTYSINGLEVALUE('identificatie',$,IFCTEXT('G0772.ee08ca9e0b8b44928e540045824fbd8f'),$);
#5369=IFCPROPERTYSINGLEVALUE('bgt-status',$,IFCTEXT('bestaand'),$);
#5370=IFCPROPERTYSINGLEVALUE('objectBeginTijd',$,IFCTEXT('2011-10-19T22:00:00'),$);
#5371=IFCPROPERTYSINGLEVALUE('bronhouder',$,IFCTEXT('G0772'),$);
#5372=IFCPROPERTYSINGLEVALUE('inOnderzoek',$,IFCBOOLEAN(.F.),$);
#5373=IFCPROPERTYSINGLEVALUE('relatieveHoogteligging',$,IFCTEXT('0'),$);
#5374=IFCPROPERTYSINGLEVALUE('tijdstipRegistratie',$,IFCTEXT('2016-01-07T12:25:24'),$);
#5375=IFCPROPERTYSINGLEVALUE('LV-publicatiedatum',$,IFCTEXT('2016-04-05T11:55:43'),$);
#5376=IFCPROPERTYSINGLEVALUE('objecttype',$,IFCTEXT('paal_p'),$);
#5377=IFCPROPERTYSET('1dIkYNbEb3oBEXIoMR$en4',#5,'CPset_BGT',$,(#5365,#5366,#5367,#5368,#5369,#5370,#5371,#5372,#5373,#5374,#5375,#5376));
#5378=IFCRELDEFINESBYPROPERTIES('0lTZYfn2P50fxNquxVuO8p',#5,$,$,(#5364),#5377);
#5379=IFCCARTESIANPOINT((188.804392794409,-3.39798998233164,0.));
#5380=IFCCARTESIANTRANSFORMATIONOPERATOR3D($,$,#5379,1.,$);
#5381=IFCMAPPEDITEM(#1977,#5380);
#5382=IFCSHAPEREPRESENTATION(#11,'Body','MappedRepresentation',(#5381));
#5383=IFCCARTESIANPOINT((0.,0.,0.));
#5384=IFCDIRECTION((0.,0.,1.));
#5385=IFCDIRECTION((1.,0.,0.));
#5386=IFCAXIS2PLACEMENT3D(#5383,#5384,#5385);
#5387=IFCLOCALPLACEMENT(#37,#5386);
#5388=IFCPRODUCTDEFINITIONSHAPE($,$,(#5382));
#5389=IFCBUILDINGELEMENTPROXY('1gJtAAm$r0B8EYJ4A00bXV',#5,'G0772.c14111d355064085add1786c7a4e7552',$,$,#5387,#5388,$,$);
#5390=IFCPROPERTYSINGLEVALUE('hectometeraanduiding',$,IFCTEXT(''),$);
#5391=IFCPROPERTYSINGLEVALUE('plus-type',$,IFCTEXT('lichtmast'),$);
#5392=IFCPROPERTYSINGLEVALUE('subtype',$,IFCTEXT('2'),$);
#5393=IFCPROPERTYSINGLEVALUE('identificatie',$,IFCTEXT('G0772.c14111d355064085add1786c7a4e7552'),$);
#5394=IFCPROPERTYSINGLEVALUE('bgt-status',$,IFCTEXT('bestaand'),$);
#5395=IFCPROPERTYSINGLEVALUE('objectBeginTijd',$,IFCTEXT('2015-10-06T22:00:00'),$);
#5396=IFCPROPERTYSINGLEVALUE('bronhouder',$,IFCTEXT('G0772'),$);
#5397=IFCPROPERTYSINGLEVALUE('inOnderzoek',$,IFCBOOLEAN(.F.),$);
#5398=IFCPROPERTYSINGLEVALUE('relatieveHoogteligging',$,IFCTEXT('0'),$);
#5399=IFCPROPERTYSINGLEVALUE('tijdstipRegistratie',$,IFCTEXT('2016-09-09T06:55:17'),$);
#5400=IFCPROPERTYSINGLEVALUE('LV-publicatiedatum',$,IFCTEXT('2016-09-09T16:50:14'),$);
#5401=IFCPROPERTYSINGLEVALUE('objecttype',$,IFCTEXT('paal_p'),$);
#5402=IFCPROPERTYSET('0jp0s7qSP1wBFU$pFCvtgF',#5,'CPset_BGT',$,(#5390,#5391,#5392,#5393,#5394,#5395,#5396,#5397,#5398,#5399,#5400,#5401));
#5403=IFCRELDEFINESBYPROPERTIES('0kHa1zt1L3d9SNeP618Zb9',#5,$,$,(#5389),#5402);
#5404=IFCCARTESIANPOINT((173.087173027539,-9.71358400018653,0.));
#5405=IFCCARTESIANTRANSFORMATIONOPERATOR3D($,$,#5404,1.,$);
#5406=IFCMAPPEDITEM(#1977,#5405);
#5407=IFCSHAPEREPRESENTATION(#11,'Body','MappedRepresentation',(#5406));
#5408=IFCCARTESIANPOINT((0.,0.,0.));
#5409=IFCDIRECTION((0.,0.,1.));
#5410=IFCDIRECTION((1.,0.,0.));
#5411=IFCAXIS2PLACEMENT3D(#5408,#5409,#5410);
#5412=IFCLOCALPLACEMENT(#37,#5411);
#5413=IFCPRODUCTDEFINITIONSHAPE($,$,(#5407));
#5414=IFCBUILDINGELEMENTPROXY('0VrG_yD799JQokZLUI4KBU',#5,'G0772.7b5dc5f4adae48c5a7e6cce0d5614b5d',$,$,#5412,#5413,$,$);
#5415=IFCPROPERTYSINGLEVALUE('hectometeraanduiding',$,IFCTEXT(''),$);
#5416=IFCPROPERTYSINGLEVALUE('plus-type',$,IFCTEXT('lichtmast'),$);
#5417=IFCPROPERTYSINGLEVALUE('subtype',$,IFCTEXT('2'),$);
#5418=IFCPROPERTYSINGLEVALUE('identificatie',$,IFCTEXT('G0772.7b5dc5f4adae48c5a7e6cce0d5614b5d'),$);
#5419=IFCPROPERTYSINGLEVALUE('bgt-status',$,IFCTEXT('bestaand'),$);
#5420=IFCPROPERTYSINGLEVALUE('objectBeginTijd',$,IFCTEXT('2023-12-10T23:00:00'),$);
#5421=IFCPROPERTYSINGLEVALUE('bronhouder',$,IFCTEXT('G0772'),$);
#5422=IFCPROPERTYSINGLEVALUE('inOnderzoek',$,IFCBOOLEAN(.F.),$);
#5423=IFCPROPERTYSINGLEVALUE('relatieveHoogteligging',$,IFCTEXT('0'),$);
#5424=IFCPROPERTYSINGLEVALUE('tijdstipRegistratie',$,IFCTEXT('2024-02-05T09:01:29'),$);
#5425=IFCPROPERTYSINGLEVALUE('LV-publicatiedatum',$,IFCTEXT('2024-02-05T09:09:27'),$);
#5426=IFCPROPERTYSINGLEVALUE('objecttype',$,IFCTEXT('paal_p'),$);
#5427=IFCPROPERTYSET('0S36zmnIL3D9qWbEPts3zi',#5,'CPset_BGT',$,(#5415,#5416,#5417,#5418,#5419,#5420,#5421,#5422,#5423,#5424,#5425,#5426));
#5428=IFCRELDEFINESBYPROPERTIES('14xBlQQVz1HQr1p5DpyXiT',#5,$,$,(#5414),#5427);
#5429=IFCCARTESIANPOINT((-89.6544376169622,-15.3407417137059,0.));
#5430=IFCCARTESIANTRANSFORMATIONOPERATOR3D($,$,#5429,1.,$);
#5431=IFCMAPPEDITEM(#1977,#5430);
#5432=IFCSHAPEREPRESENTATION(#11,'Body','MappedRepresentation',(#5431));
#5433=IFCCARTESIANPOINT((0.,0.,0.));
#5434=IFCDIRECTION((0.,0.,1.));
#5435=IFCDIRECTION((1.,0.,0.));
#5436=IFCAXIS2PLACEMENT3D(#5433,#5434,#5435);
#5437=IFCLOCALPLACEMENT(#37,#5436);
#5438=IFCPRODUCTDEFINITIONSHAPE($,$,(#5432));
#5439=IFCBUILDINGELEMENTPROXY('2EYLg2oyn7aQuSMsF8v$sT',#5,'G0772.e5630e573d67451ea46b6c73f47d4a55',$,$,#5437,#5438,$,$);
#5440=IFCPROPERTYSINGLEVALUE('hectometeraanduiding',$,IFCTEXT(''),$);
#5441=IFCPROPERTYSINGLEVALUE('plus-type',$,IFCTEXT('lichtmast'),$);
#5442=IFCPROPERTYSINGLEVALUE('subtype',$,IFCTEXT('2'),$);
#5443=IFCPROPERTYSINGLEVALUE('identificatie',$,IFCTEXT('G0772.e5630e573d67451ea46b6c73f47d4a55'),$);
#5444=IFCPROPERTYSINGLEVALUE('bgt-status',$,IFCTEXT('bestaand'),$);
#5445=IFCPROPERTYSINGLEVALUE('objectBeginTijd',$,IFCTEXT('2011-10-03T22:00:00'),$);
#5446=IFCPROPERTYSINGLEVALUE('bronhouder',$,IFCTEXT('G0772'),$);
#5447=IFCPROPERTYSINGLEVALUE('inOnderzoek',$,IFCBOOLEAN(.F.),$);
#5448=IFCPROPERTYSINGLEVALUE('relatieveHoogteligging',$,IFCTEXT('0'),$);
#5449=IFCPROPERTYSINGLEVALUE('tijdstipRegistratie',$,IFCTEXT('2016-01-07T12:25:24'),$);
#5450=IFCPROPERTYSINGLEVALUE('LV-publicatiedatum',$,IFCTEXT('2016-04-05T11:55:43'),$);
#5451=IFCPROPERTYSINGLEVALUE('objecttype',$,IFCTEXT('paal_p'),$);
#5452=IFCPROPERTYSET('1$wJ5oQlf1eerK2lUNNgVi',#5,'CPset_BGT',$,(#5440,#5441,#5442,#5443,#5444,#5445,#5446,#5447,#5448,#5449,#5450,#5451));
#5453=IFCRELDEFINESBYPROPERTIES('0j7b0zeHD5T9YJWN4Em_tc',#5,$,$,(#5439),#5452);
#5454=IFCCARTESIANPOINT((-8.93831961750402,-274.208655909577,0.));
#5455=IFCCARTESIANTRANSFORMATIONOPERATOR3D($,$,#5454,1.,$);
#5456=IFCMAPPEDITEM(#1977,#5455);
#5457=IFCSHAPEREPRESENTATION(#11,'Body','MappedRepresentation',(#5456));
#5458=IFCCARTESIANPOINT((0.,0.,0.));
#5459=IFCDIRECTION((0.,0.,1.));
#5460=IFCDIRECTION((1.,0.,0.));
#5461=IFCAXIS2PLACEMENT3D(#5458,#5459,#5460);
#5462=IFCLOCALPLACEMENT(#37,#5461);
#5463=IFCPRODUCTDEFINITIONSHAPE($,$,(#5457));
#5464=IFCBUILDINGELEMENTPROXY('25Moy9l4576fpuANs3Bc5W',#5,'G0772.afa337b4730a43e4957f9dee28cc1e99',$,$,#5462,#5463,$,$);
#5465=IFCPROPERTYSINGLEVALUE('hectometeraanduiding',$,IFCTEXT(''),$);
#5466=IFCPROPERTYSINGLEVALUE('plus-type',$,IFCTEXT('lichtmast'),$);
#5467=IFCPROPERTYSINGLEVALUE('subtype',$,IFCTEXT('2'),$);
#5468=IFCPROPERTYSINGLEVALUE('identificatie',$,IFCTEXT('G0772.afa337b4730a43e4957f9dee28cc1e99'),$);
#5469=IFCPROPERTYSINGLEVALUE('bgt-status',$,IFCTEXT('bestaand'),$);
#5470=IFCPROPERTYSINGLEVALUE('objectBeginTijd',$,IFCTEXT('2014-03-13T23:00:00'),$);
#5471=IFCPROPERTYSINGLEVALUE('bronhouder',$,IFCTEXT('G0772'),$);
#5472=IFCPROPERTYSINGLEVALUE('inOnderzoek',$,IFCBOOLEAN(.F.),$);
#5473=IFCPROPERTYSINGLEVALUE('relatieveHoogteligging',$,IFCTEXT('0'),$);
#5474=IFCPROPERTYSINGLEVALUE('tijdstipRegistratie',$,IFCTEXT('2016-01-07T12:25:24'),$);
#5475=IFCPROPERTYSINGLEVALUE('LV-publicatiedatum',$,IFCTEXT('2016-04-05T11:55:43'),$);
#5476=IFCPROPERTYSINGLEVALUE('objecttype',$,IFCTEXT('paal_p'),$);
#5477=IFCPROPERTYSET('2AgTHx1Hr15uzvSkVt4HNw',#5,'CPset_BGT',$,(#5465,#5466,#5467,#5468,#5469,#5470,#5471,#5472,#5473,#5474,#5475,#5476));
#5478=IFCRELDEFINESBYPROPERTIES('0cmA4HWej0gu6aj6N_K6XE',#5,$,$,(#5464),#5477);
#5479=IFCCARTESIANPOINT((-12.7894257878361,-290.138112060551,0.));
#5480=IFCCARTESIANTRANSFORMATIONOPERATOR3D($,$,#5479,1.,$);
#5481=IFCMAPPEDITEM(#1977,#5480);
#5482=IFCSHAPEREPRESENTATION(#11,'Body','MappedRepresentation',(#5481));
#5483=IFCCARTESIANPOINT((0.,0.,0.));
#5484=IFCDIRECTION((0.,0.,1.));
#5485=IFCDIRECTION((1.,0.,0.));
#5486=IFCAXIS2PLACEMENT3D(#5483,#5484,#5485);
#5487=IFCLOCALPLACEMENT(#37,#5486);
#5488=IFCPRODUCTDEFINITIONSHAPE($,$,(#5482));
#5489=IFCBUILDINGELEMENTPROXY('1gDYpFmH9DKgD_p0cUoq8_',#5,'G0772.2198522396f64dd29aa9ac9e809f4a52',$,$,#5487,#5488,$,$);
#5490=IFCPROPERTYSINGLEVALUE('hectometeraanduiding',$,IFCTEXT(''),$);
#5491=IFCPROPERTYSINGLEVALUE('plus-type',$,IFCTEXT('lichtmast'),$);
#5492=IFCPROPERTYSINGLEVALUE('subtype',$,IFCTEXT('2'),$);
#5493=IFCPROPERTYSINGLEVALUE('identificatie',$,IFCTEXT('G0772.2198522396f64dd29aa9ac9e809f4a52'),$);
#5494=IFCPROPERTYSINGLEVALUE('bgt-status',$,IFCTEXT('bestaand'),$);
#5495=IFCPROPERTYSINGLEVALUE('objectBeginTijd',$,IFCTEXT('2014-03-13T23:00:00'),$);
#5496=IFCPROPERTYSINGLEVALUE('bronhouder',$,IFCTEXT('G0772'),$);
#5497=IFCPROPERTYSINGLEVALUE('inOnderzoek',$,IFCBOOLEAN(.F.),$);
#5498=IFCPROPERTYSINGLEVALUE('relatieveHoogteligging',$,IFCTEXT('0'),$);
#5499=IFCPROPERTYSINGLEVALUE('tijdstipRegistratie',$,IFCTEXT('2016-01-07T12:25:24'),$);
#5500=IFCPROPERTYSINGLEVALUE('LV-publicatiedatum',$,IFCTEXT('2016-04-05T11:55:43'),$);
#5501=IFCPROPERTYSINGLEVALUE('objecttype',$,IFCTEXT('paal_p'),$);
#5502=IFCPROPERTYSET('38jAUinnDE$fmcbIQPPxwt',#5,'CPset_BGT',$,(#5490,#5491,#5492,#5493,#5494,#5495,#5496,#5497,#5498,#5499,#5500,#5501));
#5503=IFCRELDEFINESBYPROPERTIES('0imSLLg$r2weCr0VKRDs8I',#5,$,$,(#5489),#5502);
#5504=IFCCARTESIANPOINT((256.542084890156,37.4234792409115,0.));
#5505=IFCCARTESIANTRANSFORMATIONOPERATOR3D($,$,#5504,1.,$);
#5506=IFCMAPPEDITEM(#1977,#5505);
#5507=IFCSHAPEREPRESENTATION(#11,'Body','MappedRepresentation',(#5506));
#5508=IFCCARTESIANPOINT((0.,0.,0.));
#5509=IFCDIRECTION((0.,0.,1.));
#5510=IFCDIRECTION((1.,0.,0.));
#5511=IFCAXIS2PLACEMENT3D(#5508,#5509,#5510);
#5512=IFCLOCALPLACEMENT(#37,#5511);
#5513=IFCPRODUCTDEFINITIONSHAPE($,$,(#5507));
#5514=IFCBUILDINGELEMENTPROXY('2LhnzYnFn8AgzVbNaEFyuG',#5,'G0772.20852c4f379e492db75c1fc85ffed3d6',$,$,#5512,#5513,$,$);
#5515=IFCPROPERTYSINGLEVALUE('hectometeraanduiding',$,IFCTEXT(''),$);
#5516=IFCPROPERTYSINGLEVALUE('plus-type',$,IFCTEXT('lichtmast'),$);
#5517=IFCPROPERTYSINGLEVALUE('subtype',$,IFCTEXT('2'),$);
#5518=IFCPROPERTYSINGLEVALUE('identificatie',$,IFCTEXT('G0772.20852c4f379e492db75c1fc85ffed3d6'),$);
#5519=IFCPROPERTYSINGLEVALUE('bgt-status',$,IFCTEXT('bestaand'),$);
#5520=IFCPROPERTYSINGLEVALUE('objectBeginTijd',$,IFCTEXT('2011-10-19T22:00:00'),$);
#5521=IFCPROPERTYSINGLEVALUE('bronhouder',$,IFCTEXT('G0772'),$);
#5522=IFCPROPERTYSINGLEVALUE('inOnderzoek',$,IFCBOOLEAN(.F.),$);
#5523=IFCPROPERTYSINGLEVALUE('relatieveHoogteligging',$,IFCTEXT('0'),$);
#5524=IFCPROPERTYSINGLEVALUE('tijdstipRegistratie',$,IFCTEXT('2016-01-07T12:25:24'),$);
#5525=IFCPROPERTYSINGLEVALUE('LV-publicatiedatum',$,IFCTEXT('2016-04-05T11:55:43'),$);
#5526=IFCPROPERTYSINGLEVALUE('objecttype',$,IFCTEXT('paal_p'),$);
#5527=IFCPROPERTYSET('2_mvZFF192te67Y20p0Oa9',#5,'CPset_BGT',$,(#5515,#5516,#5517,#5518,#5519,#5520,#5521,#5522,#5523,#5524,#5525,#5526));
#5528=IFCRELDEFINESBYPROPERTIES('34zh7to3X6gBcWkcLu7PRp',#5,$,$,(#5514),#5527);
#5529=IFCCARTESIANPOINT((246.898595075443,19.6995658695814,0.));
#5530=IFCCARTESIANTRANSFORMATIONOPERATOR3D($,$,#5529,1.,$);
#5531=IFCMAPPEDITEM(#1977,#5530);
#5532=IFCSHAPEREPRESENTATION(#11,'Body','MappedRepresentation',(#5531));
#5533=IFCCARTESIANPOINT((0.,0.,0.));
#5534=IFCDIRECTION((0.,0.,1.));
#5535=IFCDIRECTION((1.,0.,0.));
#5536=IFCAXIS2PLACEMENT3D(#5533,#5534,#5535);
#5537=IFCLOCALPLACEMENT(#37,#5536);
#5538=IFCPRODUCTDEFINITIONSHAPE($,$,(#5532));
#5539=IFCBUILDINGELEMENTPROXY('1KhSkkmbf0SeVMKavhf9Et',#5,'G0772.f07af5cb77b149469af85315159a36cd',$,$,#5537,#5538,$,$);
#5540=IFCPROPERTYSINGLEVALUE('hectometeraanduiding',$,IFCTEXT(''),$);
#5541=IFCPROPERTYSINGLEVALUE('plus-type',$,IFCTEXT('lichtmast'),$);
#5542=IFCPROPERTYSINGLEVALUE('subtype',$,IFCTEXT('2'),$);
#5543=IFCPROPERTYSINGLEVALUE('identificatie',$,IFCTEXT('G0772.f07af5cb77b149469af85315159a36cd'),$);
#5544=IFCPROPERTYSINGLEVALUE('bgt-status',$,IFCTEXT('bestaand'),$);
#5545=IFCPROPERTYSINGLEVALUE('objectBeginTijd',$,IFCTEXT('2025-02-13T23:00:00'),$);
#5546=IFCPROPERTYSINGLEVALUE('bronhouder',$,IFCTEXT('G0772'),$);
#5547=IFCPROPERTYSINGLEVALUE('inOnderzoek',$,IFCBOOLEAN(.F.),$);
#5548=IFCPROPERTYSINGLEVALUE('relatieveHoogteligging',$,IFCTEXT('0'),$);
#5549=IFCPROPERTYSINGLEVALUE('tijdstipRegistratie',$,IFCTEXT('2025-02-25T09:37:15'),$);
#5550=IFCPROPERTYSINGLEVALUE('LV-publicatiedatum',$,IFCTEXT('2025-02-25T09:45:00'),$);
#5551=IFCPROPERTYSINGLEVALUE('objecttype',$,IFCTEXT('paal_p'),$);
#5552=IFCPROPERTYSET('0VrLBxH31BOR5w$tRRoaR3',#5,'CPset_BGT',$,(#5540,#5541,#5542,#5543,#5544,#5545,#5546,#5547,#5548,#5549,#5550,#5551));
#5553=IFCRELDEFINESBYPROPERTIES('3t75n4bczDPO7KQBZCSTgu',#5,$,$,(#5539),#5552);
#5554=IFCCARTESIANPOINT((89.6868436077784,-248.088862652774,0.));
#5555=IFCCARTESIANTRANSFORMATIONOPERATOR3D($,$,#5554,1.,$);
#5556=IFCMAPPEDITEM(#1977,#5555);
#5557=IFCSHAPEREPRESENTATION(#11,'Body','MappedRepresentation',(#5556));
#5558=IFCCARTESIANPOINT((0.,0.,0.));
#5559=IFCDIRECTION((0.,0.,1.));
#5560=IFCDIRECTION((1.,0.,0.));
#5561=IFCAXIS2PLACEMENT3D(#5558,#5559,#5560);
#5562=IFCLOCALPLACEMENT(#37,#5561);
#5563=IFCPRODUCTDEFINITIONSHAPE($,$,(#5557));
#5564=IFCBUILDINGELEMENTPROXY('1BWOsmp_vEIgWic_x8PVO8',#5,'G0772.0aed32bcd50f4a17b95e8516d6d6dadb',$,$,#5562,#5563,$,$);
#5565=IFCPROPERTYSINGLEVALUE('hectometeraanduiding',$,IFCTEXT(''),$);
#5566=IFCPROPERTYSINGLEVALUE('plus-type',$,IFCTEXT('lichtmast'),$);
#5567=IFCPROPERTYSINGLEVALUE('subtype',$,IFCTEXT('2'),$);
#5568=IFCPROPERTYSINGLEVALUE('identificatie',$,IFCTEXT('G0772.0aed32bcd50f4a17b95e8516d6d6dadb'),$);
#5569=IFCPROPERTYSINGLEVALUE('bgt-status',$,IFCTEXT('bestaand'),$);
#5570=IFCPROPERTYSINGLEVALUE('objectBeginTijd',$,IFCTEXT('2014-03-13T23:00:00'),$);
#5571=IFCPROPERTYSINGLEVALUE('bronhouder',$,IFCTEXT('G0772'),$);
#5572=IFCPROPERTYSINGLEVALUE('inOnderzoek',$,IFCBOOLEAN(.F.),$);
#5573=IFCPROPERTYSINGLEVALUE('relatieveHoogteligging',$,IFCTEXT('0'),$);
#5574=IFCPROPERTYSINGLEVALUE('tijdstipRegistratie',$,IFCTEXT('2016-01-07T12:25:24'),$);
#5575=IFCPROPERTYSINGLEVALUE('LV-publicatiedatum',$,IFCTEXT('2016-04-05T11:55:43'),$);
#5576=IFCPROPERTYSINGLEVALUE('objecttype',$,IFCTEXT('paal_p'),$);
#5577=IFCPROPERTYSET('1QQMtaiUvAEAqZuVRTwtbc',#5,'CPset_BGT',$,(#5565,#5566,#5567,#5568,#5569,#5570,#5571,#5572,#5573,#5574,#5575,#5576));
#5578=IFCRELDEFINESBYPROPERTIES('1mV2399QL3XBuFITx7TGX2',#5,$,$,(#5564),#5577);
#5579=IFCCARTESIANPOINT((51.0996301777777,-266.172698631592,0.));
#5580=IFCCARTESIANTRANSFORMATIONOPERATOR3D($,$,#5579,1.,$);
#5581=IFCMAPPEDITEM(#1977,#5580);
#5582=IFCSHAPEREPRESENTATION(#11,'Body','MappedRepresentation',(#5581));
#5583=IFCCARTESIANPOINT((0.,0.,0.));
#5584=IFCDIRECTION((0.,0.,1.));
#5585=IFCDIRECTION((1.,0.,0.));
#5586=IFCAXIS2PLACEMENT3D(#5583,#5584,#5585);
#5587=IFCLOCALPLACEMENT(#37,#5586);
#5588=IFCPRODUCTDEFINITIONSHAPE($,$,(#5582));
#5589=IFCBUILDINGELEMENTPROXY('2f4va60Ab8t8cANbM1yp5r',#5,'G0772.33224a4a72934c5f9ee209072b40c0f5',$,$,#5587,#5588,$,$);
#5590=IFCPROPERTYSINGLEVALUE('hectometeraanduiding',$,IFCTEXT(''),$);
#5591=IFCPROPERTYSINGLEVALUE('plus-type',$,IFCTEXT('lichtmast'),$);
#5592=IFCPROPERTYSINGLEVALUE('subtype',$,IFCTEXT('2'),$);
#5593=IFCPROPERTYSINGLEVALUE('identificatie',$,IFCTEXT('G0772.33224a4a72934c5f9ee209072b40c0f5'),$);
#5594=IFCPROPERTYSINGLEVALUE('bgt-status',$,IFCTEXT('bestaand'),$);
#5595=IFCPROPERTYSINGLEVALUE('objectBeginTijd',$,IFCTEXT('2014-03-13T23:00:00'),$);
#5596=IFCPROPERTYSINGLEVALUE('bronhouder',$,IFCTEXT('G0772'),$);
#5597=IFCPROPERTYSINGLEVALUE('inOnderzoek',$,IFCBOOLEAN(.F.),$);
#5598=IFCPROPERTYSINGLEVALUE('relatieveHoogteligging',$,IFCTEXT('0'),$);
#5599=IFCPROPERTYSINGLEVALUE('tijdstipRegistratie',$,IFCTEXT('2016-01-07T12:25:24'),$);
#5600=IFCPROPERTYSINGLEVALUE('LV-publicatiedatum',$,IFCTEXT('2016-04-05T11:55:43'),$);
#5601=IFCPROPERTYSINGLEVALUE('objecttype',$,IFCTEXT('paal_p'),$);
#5602=IFCPROPERTYSET('2Ux1c2$0L328sHs12raaD$',#5,'CPset_BGT',$,(#5590,#5591,#5592,#5593,#5594,#5595,#5596,#5597,#5598,#5599,#5600,#5601));
#5603=IFCRELDEFINESBYPROPERTIES('22kL0M5gLChus7iGc5R2Wp',#5,$,$,(#5589),#5602);
#5604=IFCCARTESIANPOINT((68.0584018643131,-257.149685393961,0.));
#5605=IFCCARTESIANTRANSFORMATIONOPERATOR3D($,$,#5604,1.,$);
#5606=IFCMAPPEDITEM(#1977,#5605);
#5607=IFCSHAPEREPRESENTATION(#11,'Body','MappedRepresentation',(#5606));
#5608=IFCCARTESIANPOINT((0.,0.,0.));
#5609=IFCDIRECTION((0.,0.,1.));
#5610=IFCDIRECTION((1.,0.,0.));
#5611=IFCAXIS2PLACEMENT3D(#5608,#5609,#5610);
#5612=IFCLOCALPLACEMENT(#37,#5611);
#5613=IFCPRODUCTDEFINITIONSHAPE($,$,(#5607));
#5614=IFCBUILDINGELEMENTPROXY('2Ra023$W56rewcL2065Qnw',#5,'G0772.4fcaf430931a4dc895ae917c2b1ae735',$,$,#5612,#5613,$,$);
#5615=IFCPROPERTYSINGLEVALUE('hectometeraanduiding',$,IFCTEXT(''),$);
#5616=IFCPROPERTYSINGLEVALUE('plus-type',$,IFCTEXT('lichtmast'),$);
#5617=IFCPROPERTYSINGLEVALUE('subtype',$,IFCTEXT('2'),$);
#5618=IFCPROPERTYSINGLEVALUE('identificatie',$,IFCTEXT('G0772.4fcaf430931a4dc895ae917c2b1ae735'),$);
#5619=IFCPROPERTYSINGLEVALUE('bgt-status',$,IFCTEXT('bestaand'),$);
#5620=IFCPROPERTYSINGLEVALUE('objectBeginTijd',$,IFCTEXT('2014-03-13T23:00:00'),$);
#5621=IFCPROPERTYSINGLEVALUE('bronhouder',$,IFCTEXT('G0772'),$);
#5622=IFCPROPERTYSINGLEVALUE('inOnderzoek',$,IFCBOOLEAN(.F.),$);
#5623=IFCPROPERTYSINGLEVALUE('relatieveHoogteligging',$,IFCTEXT('0'),$);
#5624=IFCPROPERTYSINGLEVALUE('tijdstipRegistratie',$,IFCTEXT('2016-01-07T12:25:24'),$);
#5625=IFCPROPERTYSINGLEVALUE('LV-publicatiedatum',$,IFCTEXT('2016-04-05T11:55:43'),$);
#5626=IFCPROPERTYSINGLEVALUE('objecttype',$,IFCTEXT('paal_p'),$);
#5627=IFCPROPERTYSET('1l5XR2uLXCYBW_e_rMLo1J',#5,'CPset_BGT',$,(#5615,#5616,#5617,#5618,#5619,#5620,#5621,#5622,#5623,#5624,#5625,#5626));
#5628=IFCRELDEFINESBYPROPERTIES('2GFTTEuVvEBRMB6cr_7i8w',#5,$,$,(#5614),#5627);
#5629=IFCCARTESIANPOINT((124.127233792795,-239.727970002801,0.));
#5630=IFCCARTESIANTRANSFORMATIONOPERATOR3D($,$,#5629,1.,$);
#5631=IFCMAPPEDITEM(#1977,#5630);
#5632=IFCSHAPEREPRESENTATION(#11,'Body','MappedRepresentation',(#5631));
#5633=IFCCARTESIANPOINT((0.,0.,0.));
#5634=IFCDIRECTION((0.,0.,1.));
#5635=IFCDIRECTION((1.,0.,0.));
#5636=IFCAXIS2PLACEMENT3D(#5633,#5634,#5635);
#5637=IFCLOCALPLACEMENT(#37,#5636);
#5638=IFCPRODUCTDEFINITIONSHAPE($,$,(#5632));
#5639=IFCBUILDINGELEMENTPROXY('0ErwjsS6z0HgbgEHoPYFgo',#5,'G0772.71be9b035d2d4f90a59a322da9c59155',$,$,#5637,#5638,$,$);
#5640=IFCPROPERTYSINGLEVALUE('hectometeraanduiding',$,IFCTEXT(''),$);
#5641=IFCPROPERTYSINGLEVALUE('plus-type',$,IFCTEXT('lichtmast'),$);
#5642=IFCPROPERTYSINGLEVALUE('subtype',$,IFCTEXT('2'),$);
#5643=IFCPROPERTYSINGLEVALUE('identificatie',$,IFCTEXT('G0772.71be9b035d2d4f90a59a322da9c59155'),$);
#5644=IFCPROPERTYSINGLEVALUE('bgt-status',$,IFCTEXT('bestaand'),$);
#5645=IFCPROPERTYSINGLEVALUE('objectBeginTijd',$,IFCTEXT('2014-03-13T23:00:00'),$);
#5646=IFCPROPERTYSINGLEVALUE('bronhouder',$,IFCTEXT('G0772'),$);
#5647=IFCPROPERTYSINGLEVALUE('inOnderzoek',$,IFCBOOLEAN(.F.),$);
#5648=IFCPROPERTYSINGLEVALUE('relatieveHoogteligging',$,IFCTEXT('0'),$);
#5649=IFCPROPERTYSINGLEVALUE('tijdstipRegistratie',$,IFCTEXT('2016-01-07T12:25:24'),$);
#5650=IFCPROPERTYSINGLEVALUE('LV-publicatiedatum',$,IFCTEXT('2016-04-05T11:55:43'),$);
#5651=IFCPROPERTYSINGLEVALUE('objecttype',$,IFCTEXT('paal_p'),$);
#5652=IFCPROPERTYSET('0JChjfZlXAkxZP4cxWBzFo',#5,'CPset_BGT',$,(#5640,#5641,#5642,#5643,#5644,#5645,#5646,#5647,#5648,#5649,#5650,#5651));
#5653=IFCRELDEFINESBYPROPERTIES('14uSmgw711$xkv7eKMR1WZ',#5,$,$,(#5639),#5652);
#5654=IFCCARTESIANPOINT((115.368975837628,-248.95911671326,0.));
#5655=IFCCARTESIANTRANSFORMATIONOPERATOR3D($,$,#5654,1.,$);
#5656=IFCMAPPEDITEM(#1977,#5655);
#5657=IFCSHAPEREPRESENTATION(#11,'Body','MappedRepresentation',(#5656));
#5658=IFCCARTESIANPOINT((0.,0.,0.));
#5659=IFCDIRECTION((0.,0.,1.));
#5660=IFCDIRECTION((1.,0.,0.));
#5661=IFCAXIS2PLACEMENT3D(#5658,#5659,#5660);
#5662=IFCLOCALPLACEMENT(#37,#5661);
#5663=IFCPRODUCTDEFINITIONSHAPE($,$,(#5657));
#5664=IFCBUILDINGELEMENTPROXY('28i$i0etjB$x5UADXJLER7',#5,'G0772.82b8c18dd53b45cb8dd1035e415e1d99',$,$,#5662,#5663,$,$);
#5665=IFCPROPERTYSINGLEVALUE('hectometeraanduiding',$,IFCTEXT(''),$);
#5666=IFCPROPERTYSINGLEVALUE('plus-type',$,IFCTEXT('lichtmast'),$);
#5667=IFCPROPERTYSINGLEVALUE('subtype',$,IFCTEXT('2'),$);
#5668=IFCPROPERTYSINGLEVALUE('identificatie',$,IFCTEXT('G0772.82b8c18dd53b45cb8dd1035e415e1d99'),$);
#5669=IFCPROPERTYSINGLEVALUE('bgt-status',$,IFCTEXT('bestaand'),$);
#5670=IFCPROPERTYSINGLEVALUE('objectBeginTijd',$,IFCTEXT('2014-03-13T23:00:00'),$);
#5671=IFCPROPERTYSINGLEVALUE('bronhouder',$,IFCTEXT('G0772'),$);
#5672=IFCPROPERTYSINGLEVALUE('inOnderzoek',$,IFCBOOLEAN(.F.),$);
#5673=IFCPROPERTYSINGLEVALUE('relatieveHoogteligging',$,IFCTEXT('0'),$);
#5674=IFCPROPERTYSINGLEVALUE('tijdstipRegistratie',$,IFCTEXT('2016-01-07T12:25:24'),$);
#5675=IFCPROPERTYSINGLEVALUE('LV-publicatiedatum',$,IFCTEXT('2016-04-05T11:55:43'),$);
#5676=IFCPROPERTYSINGLEVALUE('objecttype',$,IFCTEXT('paal_p'),$);
#5677=IFCPROPERTYSET('3RbBiEyH19F8woTJdUnhee',#5,'CPset_BGT',$,(#5665,#5666,#5667,#5668,#5669,#5670,#5671,#5672,#5673,#5674,#5675,#5676));
#5678=IFCRELDEFINESBYPROPERTIES('38LJC$1dv6r8i5TlIf3hBE',#5,$,$,(#5664),#5677);
#5679=IFCCARTESIANPOINT((34.110907782102,-281.988185862836,0.));
#5680=IFCCARTESIANTRANSFORMATIONOPERATOR3D($,$,#5679,1.,$);
#5681=IFCMAPPEDITEM(#1977,#5680);
#5682=IFCSHAPEREPRESENTATION(#11,'Body','MappedRepresentation',(#5681));
#5683=IFCCARTESIANPOINT((0.,0.,0.));
#5684=IFCDIRECTION((0.,0.,1.));
#5685=IFCDIRECTION((1.,0.,0.));
#5686=IFCAXIS2PLACEMENT3D(#5683,#5684,#5685);
#5687=IFCLOCALPLACEMENT(#37,#5686);
#5688=IFCPRODUCTDEFINITIONSHAPE($,$,(#5682));
#5689=IFCBUILDINGELEMENTPROXY('0cEqUcIADELAn5HeEfpXO$',#5,'G0772.e1fef43d3c8e4ec99af131cfabb52b38',$,$,#5687,#5688,$,$);
#5690=IFCPROPERTYSINGLEVALUE('hectometeraanduiding',$,IFCTEXT(''),$);
#5691=IFCPROPERTYSINGLEVALUE('plus-type',$,IFCTEXT('lichtmast'),$);
#5692=IFCPROPERTYSINGLEVALUE('subtype',$,IFCTEXT('2'),$);
#5693=IFCPROPERTYSINGLEVALUE('identificatie',$,IFCTEXT('G0772.e1fef43d3c8e4ec99af131cfabb52b38'),$);
#5694=IFCPROPERTYSINGLEVALUE('bgt-status',$,IFCTEXT('bestaand'),$);
#5695=IFCPROPERTYSINGLEVALUE('objectBeginTijd',$,IFCTEXT('2014-03-13T23:00:00'),$);
#5696=IFCPROPERTYSINGLEVALUE('bronhouder',$,IFCTEXT('G0772'),$);
#5697=IFCPROPERTYSINGLEVALUE('inOnderzoek',$,IFCBOOLEAN(.F.),$);
#5698=IFCPROPERTYSINGLEVALUE('relatieveHoogteligging',$,IFCTEXT('0'),$);
#5699=IFCPROPERTYSINGLEVALUE('tijdstipRegistratie',$,IFCTEXT('2016-01-07T12:25:24'),$);
#5700=IFCPROPERTYSINGLEVALUE('LV-publicatiedatum',$,IFCTEXT('2016-04-05T11:55:43'),$);
#5701=IFCPROPERTYSINGLEVALUE('objecttype',$,IFCTEXT('paal_p'),$);
#5702=IFCPROPERTYSET('05DjQRul99hxAP09UvKSJX',#5,'CPset_BGT',$,(#5690,#5691,#5692,#5693,#5694,#5695,#5696,#5697,#5698,#5699,#5700,#5701));
#5703=IFCRELDEFINESBYPROPERTIES('0wjW6HmIL4yhAk9atz$h46',#5,$,$,(#5689),#5702);
#5704=IFCCARTESIANPOINT((93.7080696996127,-257.56063665339,0.));
#5705=IFCCARTESIANTRANSFORMATIONOPERATOR3D($,$,#5704,1.,$);
#5706=IFCMAPPEDITEM(#1977,#5705);
#5707=IFCSHAPEREPRESENTATION(#11,'Body','MappedRepresentation',(#5706));
#5708=IFCCARTESIANPOINT((0.,0.,0.));
#5709=IFCDIRECTION((0.,0.,1.));
#5710=IFCDIRECTION((1.,0.,0.));
#5711=IFCAXIS2PLACEMENT3D(#5708,#5709,#5710);
#5712=IFCLOCALPLACEMENT(#37,#5711);
#5713=IFCPRODUCTDEFINITIONSHAPE($,$,(#5707));
#5714=IFCBUILDINGELEMENTPROXY('1jvmzOlGz62AI6Ume94M_f',#5,'G0772.367b710f700f40e1a74fdb61fb9d2ce0',$,$,#5712,#5713,$,$);
#5715=IFCPROPERTYSINGLEVALUE('hectometeraanduiding',$,IFCTEXT(''),$);
#5716=IFCPROPERTYSINGLEVALUE('plus-type',$,IFCTEXT('lichtmast'),$);
#5717=IFCPROPERTYSINGLEVALUE('subtype',$,IFCTEXT('2'),$);
#5718=IFCPROPERTYSINGLEVALUE('identificatie',$,IFCTEXT('G0772.367b710f700f40e1a74fdb61fb9d2ce0'),$);
#5719=IFCPROPERTYSINGLEVALUE('bgt-status',$,IFCTEXT('bestaand'),$);
#5720=IFCPROPERTYSINGLEVALUE('objectBeginTijd',$,IFCTEXT('2014-03-13T23:00:00'),$);
#5721=IFCPROPERTYSINGLEVALUE('bronhouder',$,IFCTEXT('G0772'),$);
#5722=IFCPROPERTYSINGLEVALUE('inOnderzoek',$,IFCBOOLEAN(.F.),$);
#5723=IFCPROPERTYSINGLEVALUE('relatieveHoogteligging',$,IFCTEXT('0'),$);
#5724=IFCPROPERTYSINGLEVALUE('tijdstipRegistratie',$,IFCTEXT('2016-01-07T12:25:24'),$);
#5725=IFCPROPERTYSINGLEVALUE('LV-publicatiedatum',$,IFCTEXT('2016-04-05T11:55:43'),$);
#5726=IFCPROPERTYSINGLEVALUE('objecttype',$,IFCTEXT('paal_p'),$);
#5727=IFCPROPERTYSET('1in01Zr_L6Fxuhcs05osfI',#5,'CPset_BGT',$,(#5715,#5716,#5717,#5718,#5719,#5720,#5721,#5722,#5723,#5724,#5725,#5726));
#5728=IFCRELDEFINESBYPROPERTIES('2Vbk0cjgH5cREw4kRIWE5U',#5,$,$,(#5714),#5727);
#5729=IFCCARTESIANPOINT((111.596245208319,-239.826935122954,0.));
#5730=IFCCARTESIANTRANSFORMATIONOPERATOR3D($,$,#5729,1.,$);
#5731=IFCMAPPEDITEM(#1977,#5730);
#5732=IFCSHAPEREPRESENTATION(#11,'Body','MappedRepresentation',(#5731));
#5733=IFCCARTESIANPOINT((0.,0.,0.));
#5734=IFCDIRECTION((0.,0.,1.));
#5735=IFCDIRECTION((1.,0.,0.));
#5736=IFCAXIS2PLACEMENT3D(#5733,#5734,#5735);
#5737=IFCLOCALPLACEMENT(#37,#5736);
#5738=IFCPRODUCTDEFINITIONSHAPE($,$,(#5732));
#5739=IFCBUILDINGELEMENTPROXY('1ziNDCX3514h7pgkURsZFa',#5,'G0772.547de97aa0184704a615a4b3ddaec4f3',$,$,#5737,#5738,$,$);
#5740=IFCPROPERTYSINGLEVALUE('hectometeraanduiding',$,IFCTEXT(''),$);
#5741=IFCPROPERTYSINGLEVALUE('plus-type',$,IFCTEXT('lichtmast'),$);
#5742=IFCPROPERTYSINGLEVALUE('subtype',$,IFCTEXT('2'),$);
#5743=IFCPROPERTYSINGLEVALUE('identificatie',$,IFCTEXT('G0772.547de97aa0184704a615a4b3ddaec4f3'),$);
#5744=IFCPROPERTYSINGLEVALUE('bgt-status',$,IFCTEXT('bestaand'),$);
#5745=IFCPROPERTYSINGLEVALUE('objectBeginTijd',$,IFCTEXT('2014-03-13T23:00:00'),$);
#5746=IFCPROPERTYSINGLEVALUE('bronhouder',$,IFCTEXT('G0772'),$);
#5747=IFCPROPERTYSINGLEVALUE('inOnderzoek',$,IFCBOOLEAN(.F.),$);
#5748=IFCPROPERTYSINGLEVALUE('relatieveHoogteligging',$,IFCTEXT('0'),$);
#5749=IFCPROPERTYSINGLEVALUE('tijdstipRegistratie',$,IFCTEXT('2016-01-07T12:25:24'),$);
#5750=IFCPROPERTYSINGLEVALUE('LV-publicatiedatum',$,IFCTEXT('2016-04-05T11:55:43'),$);
#5751=IFCPROPERTYSINGLEVALUE('objecttype',$,IFCTEXT('paal_p'),$);
#5752=IFCPROPERTYSET('3jBWFduGv9t8t3RDDnYi9Y',#5,'CPset_BGT',$,(#5740,#5741,#5742,#5743,#5744,#5745,#5746,#5747,#5748,#5749,#5750,#5751));
#5753=IFCRELDEFINESBYPROPERTIES('00ndnzj1jAtuWZW$KoJx0z',#5,$,$,(#5739),#5752);
#5754=IFCCARTESIANPOINT((126.692079316563,-201.517638789373,0.));
#5755=IFCCARTESIANTRANSFORMATIONOPERATOR3D($,$,#5754,1.,$);
#5756=IFCMAPPEDITEM(#1977,#5755);
#5757=IFCSHAPEREPRESENTATION(#11,'Body','MappedRepresentation',(#5756));
#5758=IFCCARTESIANPOINT((0.,0.,0.));
#5759=IFCDIRECTION((0.,0.,1.));
#5760=IFCDIRECTION((1.,0.,0.));
#5761=IFCAXIS2PLACEMENT3D(#5758,#5759,#5760);
#5762=IFCLOCALPLACEMENT(#37,#5761);
#5763=IFCPRODUCTDEFINITIONSHAPE($,$,(#5757));
#5764=IFCBUILDINGELEMENTPROXY('0FKvMxJRf7jekwm2aebrIC',#5,'G0772.39c8f5b1d1164f1eb4deea59d39d32ee',$,$,#5762,#5763,$,$);
#5765=IFCPROPERTYSINGLEVALUE('hectometeraanduiding',$,IFCTEXT(''),$);
#5766=IFCPROPERTYSINGLEVALUE('plus-type',$,IFCTEXT('lichtmast'),$);
#5767=IFCPROPERTYSINGLEVALUE('subtype',$,IFCTEXT('2'),$);
#5768=IFCPROPERTYSINGLEVALUE('identificatie',$,IFCTEXT('G0772.39c8f5b1d1164f1eb4deea59d39d32ee'),$);
#5769=IFCPROPERTYSINGLEVALUE('bgt-status',$,IFCTEXT('bestaand'),$);
#5770=IFCPROPERTYSINGLEVALUE('objectBeginTijd',$,IFCTEXT('2015-10-06T22:00:00'),$);
#5771=IFCPROPERTYSINGLEVALUE('bronhouder',$,IFCTEXT('G0772'),$);
#5772=IFCPROPERTYSINGLEVALUE('inOnderzoek',$,IFCBOOLEAN(.F.),$);
#5773=IFCPROPERTYSINGLEVALUE('relatieveHoogteligging',$,IFCTEXT('0'),$);
#5774=IFCPROPERTYSINGLEVALUE('tijdstipRegistratie',$,IFCTEXT('2016-09-09T06:55:17'),$);
#5775=IFCPROPERTYSINGLEVALUE('LV-publicatiedatum',$,IFCTEXT('2016-09-09T16:50:14'),$);
#5776=IFCPROPERTYSINGLEVALUE('objecttype',$,IFCTEXT('paal_p'),$);
#5777=IFCPROPERTYSET('1Rmj9FuYLE1xUpEUy0MAY3',#5,'CPset_BGT',$,(#5765,#5766,#5767,#5768,#5769,#5770,#5771,#5772,#5773,#5774,#5775,#5776));
#5778=IFCRELDEFINESBYPROPERTIES('2QbGsQyv10ReIWWE71FVgp',#5,$,$,(#5764),#5777);
#5779=IFCCARTESIANPOINT((107.334053954197,-197.193662486214,0.));
#5780=IFCCARTESIANTRANSFORMATIONOPERATOR3D($,$,#5779,1.,$);
#5781=IFCMAPPEDITEM(#1977,#5780);
#5782=IFCSHAPEREPRESENTATION(#11,'Body','MappedRepresentation',(#5781));
#5783=IFCCARTESIANPOINT((0.,0.,0.));
#5784=IFCDIRECTION((0.,0.,1.));
#5785=IFCDIRECTION((1.,0.,0.));
#5786=IFCAXIS2PLACEMENT3D(#5783,#5784,#5785);
#5787=IFCLOCALPLACEMENT(#37,#5786);
#5788=IFCPRODUCTDEFINITIONSHAPE($,$,(#5782));
#5789=IFCBUILDINGELEMENTPROXY('3yixPac4LAwRFL_dmGWCfn',#5,'G0772.5b7800f41fbf4c7cb5623d5e6a6ae06d',$,$,#5787,#5788,$,$);
#5790=IFCPROPERTYSINGLEVALUE('hectometeraanduiding',$,IFCTEXT(''),$);
#5791=IFCPROPERTYSINGLEVALUE('plus-type',$,IFCTEXT('lichtmast'),$);
#5792=IFCPROPERTYSINGLEVALUE('subtype',$,IFCTEXT('2'),$);
#5793=IFCPROPERTYSINGLEVALUE('identificatie',$,IFCTEXT('G0772.5b7800f41fbf4c7cb5623d5e6a6ae06d'),$);
#5794=IFCPROPERTYSINGLEVALUE('bgt-status',$,IFCTEXT('bestaand'),$);
#5795=IFCPROPERTYSINGLEVALUE('objectBeginTijd',$,IFCTEXT('2015-10-06T22:00:00'),$);
#5796=IFCPROPERTYSINGLEVALUE('bronhouder',$,IFCTEXT('G0772'),$);
#5797=IFCPROPERTYSINGLEVALUE('inOnderzoek',$,IFCBOOLEAN(.F.),$);
#5798=IFCPROPERTYSINGLEVALUE('relatieveHoogteligging',$,IFCTEXT('0'),$);
#5799=IFCPROPERTYSINGLEVALUE('tijdstipRegistratie',$,IFCTEXT('2016-09-09T06:55:17'),$);
#5800=IFCPROPERTYSINGLEVALUE('LV-publicatiedatum',$,IFCTEXT('2016-09-09T16:50:14'),$);
#5801=IFCPROPERTYSINGLEVALUE('objecttype',$,IFCTEXT('paal_p'),$);
#5802=IFCPROPERTYSET('2rNiySSW9FbvL67B16A$xk',#5,'CPset_BGT',$,(#5790,#5791,#5792,#5793,#5794,#5795,#5796,#5797,#5798,#5799,#5800,#5801));
#5803=IFCRELDEFINESBYPROPERTIES('2Z3OoPJAD2MPiVKTQkhKzI',#5,$,$,(#5789),#5802);
#5804=IFCCARTESIANPOINT((-11.482067020348,75.1761233684374,0.));
#5805=IFCCARTESIANTRANSFORMATIONOPERATOR3D($,$,#5804,1.,$);
#5806=IFCMAPPEDITEM(#1977,#5805);
#5807=IFCSHAPEREPRESENTATION(#11,'Body','MappedRepresentation',(#5806));
#5808=IFCCARTESIANPOINT((0.,0.,0.));
#5809=IFCDIRECTION((0.,0.,1.));
#5810=IFCDIRECTION((1.,0.,0.));
#5811=IFCAXIS2PLACEMENT3D(#5808,#5809,#5810);
#5812=IFCLOCALPLACEMENT(#37,#5811);
#5813=IFCPRODUCTDEFINITIONSHAPE($,$,(#5807));
#5814=IFCBUILDINGELEMENTPROXY('38uQtf6qDCgv2QEl4O0ElO',#5,'G0772.123e91b8019644109f9b691b90cfe7c0',$,$,#5812,#5813,$,$);
#5815=IFCPROPERTYSINGLEVALUE('hectometeraanduiding',$,IFCTEXT(''),$);
#5816=IFCPROPERTYSINGLEVALUE('plus-type',$,IFCTEXT('lichtmast'),$);
#5817=IFCPROPERTYSINGLEVALUE('subtype',$,IFCTEXT('2'),$);
#5818=IFCPROPERTYSINGLEVALUE('identificatie',$,IFCTEXT('G0772.123e91b8019644109f9b691b90cfe7c0'),$);
#5819=IFCPROPERTYSINGLEVALUE('bgt-status',$,IFCTEXT('bestaand'),$);
#5820=IFCPROPERTYSINGLEVALUE('objectBeginTijd',$,IFCTEXT('2013-02-24T23:00:00'),$);
#5821=IFCPROPERTYSINGLEVALUE('bronhouder',$,IFCTEXT('G0772'),$);
#5822=IFCPROPERTYSINGLEVALUE('inOnderzoek',$,IFCBOOLEAN(.F.),$);
#5823=IFCPROPERTYSINGLEVALUE('relatieveHoogteligging',$,IFCTEXT('0'),$);
#5824=IFCPROPERTYSINGLEVALUE('tijdstipRegistratie',$,IFCTEXT('2016-01-07T12:25:24'),$);
#5825=IFCPROPERTYSINGLEVALUE('LV-publicatiedatum',$,IFCTEXT('2016-04-05T11:55:43'),$);
#5826=IFCPROPERTYSINGLEVALUE('objecttype',$,IFCTEXT('paal_p'),$);
#5827=IFCPROPERTYSET('0LpCW9NYbE0xtEweeFh6oZ',#5,'CPset_BGT',$,(#5815,#5816,#5817,#5818,#5819,#5820,#5821,#5822,#5823,#5824,#5825,#5826));
#5828=IFCRELDEFINESBYPROPERTIES('07oahbzK54j95Uh$BF8_7F',#5,$,$,(#5814),#5827);
#5829=IFCCARTESIANPOINT((-65.000890821917,-15.4070019910578,0.));
#5830=IFCCARTESIANTRANSFORMATIONOPERATOR3D($,$,#5829,1.,$);
#5831=IFCMAPPEDITEM(#1977,#5830);
#5832=IFCSHAPEREPRESENTATION(#11,'Body','MappedRepresentation',(#5831));
#5833=IFCCARTESIANPOINT((0.,0.,0.));
#5834=IFCDIRECTION((0.,0.,1.));
#5835=IFCDIRECTION((1.,0.,0.));
#5836=IFCAXIS2PLACEMENT3D(#5833,#5834,#5835);
#5837=IFCLOCALPLACEMENT(#37,#5836);
#5838=IFCPRODUCTDEFINITIONSHAPE($,$,(#5832));
#5839=IFCBUILDINGELEMENTPROXY('21vy0wL7T8SRHpj3RvFjOl',#5,'G0772.51aa70b4c187490897ffabcf425fd74c',$,$,#5837,#5838,$,$);
#5840=IFCPROPERTYSINGLEVALUE('hectometeraanduiding',$,IFCTEXT(''),$);
#5841=IFCPROPERTYSINGLEVALUE('plus-type',$,IFCTEXT('lichtmast'),$);
#5842=IFCPROPERTYSINGLEVALUE('subtype',$,IFCTEXT('2'),$);
#5843=IFCPROPERTYSINGLEVALUE('identificatie',$,IFCTEXT('G0772.51aa70b4c187490897ffabcf425fd74c'),$);
#5844=IFCPROPERTYSINGLEVALUE('bgt-status',$,IFCTEXT('bestaand'),$);
#5845=IFCPROPERTYSINGLEVALUE('objectBeginTijd',$,IFCTEXT('2010-06-03T22:00:00'),$);
#5846=IFCPROPERTYSINGLEVALUE('bronhouder',$,IFCTEXT('G0772'),$);
#5847=IFCPROPERTYSINGLEVALUE('inOnderzoek',$,IFCBOOLEAN(.F.),$);
#5848=IFCPROPERTYSINGLEVALUE('relatieveHoogteligging',$,IFCTEXT('0'),$);
#5849=IFCPROPERTYSINGLEVALUE('tijdstipRegistratie',$,IFCTEXT('2016-01-07T12:25:24'),$);
#5850=IFCPROPERTYSINGLEVALUE('LV-publicatiedatum',$,IFCTEXT('2016-04-05T11:55:43'),$);
#5851=IFCPROPERTYSINGLEVALUE('objecttype',$,IFCTEXT('paal_p'),$);
#5852=IFCPROPERTYSET('1iK1_$Ibr9W9cdaRnHwUvE',#5,'CPset_BGT',$,(#5840,#5841,#5842,#5843,#5844,#5845,#5846,#5847,#5848,#5849,#5850,#5851));
#5853=IFCRELDEFINESBYPROPERTIES('2xCydrrH1FguF9OYWd8Jw5',#5,$,$,(#5839),#5852);
#5854=IFCCARTESIANPOINT((-7.98627529366058,245.299119736417,0.));
#5855=IFCCARTESIANTRANSFORMATIONOPERATOR3D($,$,#5854,1.,$);
#5856=IFCMAPPEDITEM(#1977,#5855);
#5857=IFCSHAPEREPRESENTATION(#11,'Body','MappedRepresentation',(#5856));
#5858=IFCCARTESIANPOINT((0.,0.,0.));
#5859=IFCDIRECTION((0.,0.,1.));
#5860=IFCDIRECTION((1.,0.,0.));
#5861=IFCAXIS2PLACEMENT3D(#5858,#5859,#5860);
#5862=IFCLOCALPLACEMENT(#37,#5861);
#5863=IFCPRODUCTDEFINITIONSHAPE($,$,(#5857));
#5864=IFCBUILDINGELEMENTPROXY('2q_3eA9hLFwvFpfgVsMJF5',#5,'G0772.181479bf95c4453284aa7a58961b42d0',$,$,#5862,#5863,$,$);
#5865=IFCPROPERTYSINGLEVALUE('hectometeraanduiding',$,IFCTEXT(''),$);
#5866=IFCPROPERTYSINGLEVALUE('plus-type',$,IFCTEXT('lichtmast'),$);
#5867=IFCPROPERTYSINGLEVALUE('subtype',$,IFCTEXT('2'),$);
#5868=IFCPROPERTYSINGLEVALUE('identificatie',$,IFCTEXT('G0772.181479bf95c4453284aa7a58961b42d0'),$);
#5869=IFCPROPERTYSINGLEVALUE('bgt-status',$,IFCTEXT('bestaand'),$);
#5870=IFCPROPERTYSINGLEVALUE('objectBeginTijd',$,IFCTEXT('2006-09-25T22:00:00'),$);
#5871=IFCPROPERTYSINGLEVALUE('bronhouder',$,IFCTEXT('G0772'),$);
#5872=IFCPROPERTYSINGLEVALUE('inOnderzoek',$,IFCBOOLEAN(.F.),$);
#5873=IFCPROPERTYSINGLEVALUE('relatieveHoogteligging',$,IFCTEXT('0'),$);
#5874=IFCPROPERTYSINGLEVALUE('tijdstipRegistratie',$,IFCTEXT('2016-01-09T11:15:15'),$);
#5875=IFCPROPERTYSINGLEVALUE('LV-publicatiedatum',$,IFCTEXT('2016-04-13T12:01:06'),$);
#5876=IFCPROPERTYSINGLEVALUE('objecttype',$,IFCTEXT('paal_p'),$);
#5877=IFCPROPERTYSET('1dxNzt1qj51u48HQxn0qCe',#5,'CPset_BGT',$,(#5865,#5866,#5867,#5868,#5869,#5870,#5871,#5872,#5873,#5874,#5875,#5876));
#5878=IFCRELDEFINESBYPROPERTIES('1ZPuHfVsDFKgcvP0ZN4ym9',#5,$,$,(#5864),#5877);
#5879=IFCCARTESIANPOINT((118.25105798617,212.623544111964,0.));
#5880=IFCCARTESIANTRANSFORMATIONOPERATOR3D($,$,#5879,1.,$);
#5881=IFCMAPPEDITEM(#1977,#5880);
#5882=IFCSHAPEREPRESENTATION(#11,'Body','MappedRepresentation',(#5881));
#5883=IFCCARTESIANPOINT((0.,0.,0.));
#5884=IFCDIRECTION((0.,0.,1.));
#5885=IFCDIRECTION((1.,0.,0.));
#5886=IFCAXIS2PLACEMENT3D(#5883,#5884,#5885);
#5887=IFCLOCALPLACEMENT(#37,#5886);
#5888=IFCPRODUCTDEFINITIONSHAPE($,$,(#5882));
#5889=IFCBUILDINGELEMENTPROXY('0N6YHf1Kb9nx97E18YG3mg',#5,'G0772.21c53cc4e4a04333aa0a6c9a1e327499',$,$,#5887,#5888,$,$);
#5890=IFCPROPERTYSINGLEVALUE('hectometeraanduiding',$,IFCTEXT(''),$);
#5891=IFCPROPERTYSINGLEVALUE('plus-type',$,IFCTEXT('lichtmast'),$);
#5892=IFCPROPERTYSINGLEVALUE('subtype',$,IFCTEXT('2'),$);
#5893=IFCPROPERTYSINGLEVALUE('identificatie',$,IFCTEXT('G0772.21c53cc4e4a04333aa0a6c9a1e327499'),$);
#5894=IFCPROPERTYSINGLEVALUE('bgt-status',$,IFCTEXT('bestaand'),$);
#5895=IFCPROPERTYSINGLEVALUE('objectBeginTijd',$,IFCTEXT('2006-09-25T22:00:00'),$);
#5896=IFCPROPERTYSINGLEVALUE('bronhouder',$,IFCTEXT('G0772'),$);
#5897=IFCPROPERTYSINGLEVALUE('inOnderzoek',$,IFCBOOLEAN(.F.),$);
#5898=IFCPROPERTYSINGLEVALUE('relatieveHoogteligging',$,IFCTEXT('0'),$);
#5899=IFCPROPERTYSINGLEVALUE('tijdstipRegistratie',$,IFCTEXT('2016-01-09T11:15:15'),$);
#5900=IFCPROPERTYSINGLEVALUE('LV-publicatiedatum',$,IFCTEXT('2016-04-13T12:01:06'),$);
#5901=IFCPROPERTYSINGLEVALUE('objecttype',$,IFCTEXT('paal_p'),$);
#5902=IFCPROPERTYSET('3eB3e1dePDlOnYctdYfpTh',#5,'CPset_BGT',$,(#5890,#5891,#5892,#5893,#5894,#5895,#5896,#5897,#5898,#5899,#5900,#5901));
#5903=IFCRELDEFINESBYPROPERTIES('3R31HCm5D4_u$YD52$GXI4',#5,$,$,(#5889),#5902);
#5904=IFCCARTESIANPOINT((65.9390177167661,269.648468029976,0.));
#5905=IFCCARTESIANTRANSFORMATIONOPERATOR3D($,$,#5904,1.,$);
#5906=IFCMAPPEDITEM(#1977,#5905);
#5907=IFCSHAPEREPRESENTATION(#11,'Body','MappedRepresentation',(#5906));
#5908=IFCCARTESIANPOINT((0.,0.,0.));
#5909=IFCDIRECTION((0.,0.,1.));
#5910=IFCDIRECTION((1.,0.,0.));
#5911=IFCAXIS2PLACEMENT3D(#5908,#5909,#5910);
#5912=IFCLOCALPLACEMENT(#37,#5911);
#5913=IFCPRODUCTDEFINITIONSHAPE($,$,(#5907));
#5914=IFCBUILDINGELEMENTPROXY('19L0TUG0v8_RWg3c6rXVTf',#5,'G0772.2ec42a01030d4ad4845bbd5fa419ca41',$,$,#5912,#5913,$,$);
#5915=IFCPROPERTYSINGLEVALUE('hectometeraanduiding',$,IFCTEXT(''),$);
#5916=IFCPROPERTYSINGLEVALUE('plus-type',$,IFCTEXT('lichtmast'),$);
#5917=IFCPROPERTYSINGLEVALUE('subtype',$,IFCTEXT('2'),$);
#5918=IFCPROPERTYSINGLEVALUE('identificatie',$,IFCTEXT('G0772.2ec42a01030d4ad4845bbd5fa419ca41'),$);
#5919=IFCPROPERTYSINGLEVALUE('bgt-status',$,IFCTEXT('bestaand'),$);
#5920=IFCPROPERTYSINGLEVALUE('objectBeginTijd',$,IFCTEXT('2006-09-25T22:00:00'),$);
#5921=IFCPROPERTYSINGLEVALUE('bronhouder',$,IFCTEXT('G0772'),$);
#5922=IFCPROPERTYSINGLEVALUE('inOnderzoek',$,IFCBOOLEAN(.F.),$);
#5923=IFCPROPERTYSINGLEVALUE('relatieveHoogteligging',$,IFCTEXT('0'),$);
#5924=IFCPROPERTYSINGLEVALUE('tijdstipRegistratie',$,IFCTEXT('2016-01-09T11:15:15'),$);
#5925=IFCPROPERTYSINGLEVALUE('LV-publicatiedatum',$,IFCTEXT('2016-04-13T12:01:06'),$);
#5926=IFCPROPERTYSINGLEVALUE('objecttype',$,IFCTEXT('paal_p'),$);
#5927=IFCPROPERTYSET('0mQGHrTpHBnQIkSz_4ElZX',#5,'CPset_BGT',$,(#5915,#5916,#5917,#5918,#5919,#5920,#5921,#5922,#5923,#5924,#5925,#5926));
#5928=IFCRELDEFINESBYPROPERTIES('2hGbtk8PfAXflGhiBMqHYU',#5,$,$,(#5914),#5927);
#5929=IFCCARTESIANPOINT((69.907837534236,238.386617168901,0.));
#5930=IFCCARTESIANTRANSFORMATIONOPERATOR3D($,$,#5929,1.,$);
#5931=IFCMAPPEDITEM(#1977,#5930);
#5932=IFCSHAPEREPRESENTATION(#11,'Body','MappedRepresentation',(#5931));
#5933=IFCCARTESIANPOINT((0.,0.,0.));
#5934=IFCDIRECTION((0.,0.,1.));
#5935=IFCDIRECTION((1.,0.,0.));
#5936=IFCAXIS2PLACEMENT3D(#5933,#5934,#5935);
#5937=IFCLOCALPLACEMENT(#37,#5936);
#5938=IFCPRODUCTDEFINITIONSHAPE($,$,(#5932));
#5939=IFCBUILDINGELEMENTPROXY('2h2X_ygKD2d9o3ouKFb$W1',#5,'G0772.71c47c164112403888c426143c85703f',$,$,#5937,#5938,$,$);
#5940=IFCPROPERTYSINGLEVALUE('hectometeraanduiding',$,IFCTEXT(''),$);
#5941=IFCPROPERTYSINGLEVALUE('plus-type',$,IFCTEXT('lichtmast'),$);
#5942=IFCPROPERTYSINGLEVALUE('subtype',$,IFCTEXT('2'),$);
#5943=IFCPROPERTYSINGLEVALUE('identificatie',$,IFCTEXT('G0772.71c47c164112403888c426143c85703f'),$);
#5944=IFCPROPERTYSINGLEVALUE('bgt-status',$,IFCTEXT('bestaand'),$);
#5945=IFCPROPERTYSINGLEVALUE('objectBeginTijd',$,IFCTEXT('2006-09-25T22:00:00'),$);
#5946=IFCPROPERTYSINGLEVALUE('bronhouder',$,IFCTEXT('G0772'),$);
#5947=IFCPROPERTYSINGLEVALUE('inOnderzoek',$,IFCBOOLEAN(.F.),$);
#5948=IFCPROPERTYSINGLEVALUE('relatieveHoogteligging',$,IFCTEXT('0'),$);
#5949=IFCPROPERTYSINGLEVALUE('tijdstipRegistratie',$,IFCTEXT('2016-01-09T11:15:15'),$);
#5950=IFCPROPERTYSINGLEVALUE('LV-publicatiedatum',$,IFCTEXT('2016-04-13T12:01:06'),$);
#5951=IFCPROPERTYSINGLEVALUE('objecttype',$,IFCTEXT('paal_p'),$);
#5952=IFCPROPERTYSET('2qDQA8WHD6GOKuDFYpmRS8',#5,'CPset_BGT',$,(#5940,#5941,#5942,#5943,#5944,#5945,#5946,#5947,#5948,#5949,#5950,#5951));
#5953=IFCRELDEFINESBYPROPERTIES('0QQl_9XAD7B8ZA_mBiEVSq',#5,$,$,(#5939),#5952);
#5954=IFCCARTESIANPOINT((93.9973104914243,236.211329223355,0.));
#5955=IFCCARTESIANTRANSFORMATIONOPERATOR3D($,$,#5954,1.,$);
#5956=IFCMAPPEDITEM(#1977,#5955);
#5957=IFCSHAPEREPRESENTATION(#11,'Body','MappedRepresentation',(#5956));
#5958=IFCCARTESIANPOINT((0.,0.,0.));
#5959=IFCDIRECTION((0.,0.,1.));
#5960=IFCDIRECTION((1.,0.,0.));
#5961=IFCAXIS2PLACEMENT3D(#5958,#5959,#5960);
#5962=IFCLOCALPLACEMENT(#37,#5961);
#5963=IFCPRODUCTDEFINITIONSHAPE($,$,(#5957));
#5964=IFCBUILDINGELEMENTPROXY('1r1xYw2n1FagODwkXBpuk3',#5,'G0772.74a628d125c341089245c0e70e1f8858',$,$,#5962,#5963,$,$);
#5965=IFCPROPERTYSINGLEVALUE('hectometeraanduiding',$,IFCTEXT(''),$);
#5966=IFCPROPERTYSINGLEVALUE('plus-type',$,IFCTEXT('lichtmast'),$);
#5967=IFCPROPERTYSINGLEVALUE('subtype',$,IFCTEXT('2'),$);
#5968=IFCPROPERTYSINGLEVALUE('identificatie',$,IFCTEXT('G0772.74a628d125c341089245c0e70e1f8858'),$);
#5969=IFCPROPERTYSINGLEVALUE('bgt-status',$,IFCTEXT('bestaand'),$);
#5970=IFCPROPERTYSINGLEVALUE('objectBeginTijd',$,IFCTEXT('2006-09-25T22:00:00'),$);
#5971=IFCPROPERTYSINGLEVALUE('bronhouder',$,IFCTEXT('G0772'),$);
#5972=IFCPROPERTYSINGLEVALUE('inOnderzoek',$,IFCBOOLEAN(.F.),$);
#5973=IFCPROPERTYSINGLEVALUE('relatieveHoogteligging',$,IFCTEXT('0'),$);
#5974=IFCPROPERTYSINGLEVALUE('tijdstipRegistratie',$,IFCTEXT('2016-01-09T11:15:15'),$);
#5975=IFCPROPERTYSINGLEVALUE('LV-publicatiedatum',$,IFCTEXT('2016-04-13T12:01:06'),$);
#5976=IFCPROPERTYSINGLEVALUE('objecttype',$,IFCTEXT('paal_p'),$);
#5977=IFCPROPERTYSET('2a0i4wX5rDF8yx01_qEm1E',#5,'CPset_BGT',$,(#5965,#5966,#5967,#5968,#5969,#5970,#5971,#5972,#5973,#5974,#5975,#5976));
#5978=IFCRELDEFINESBYPROPERTIES('0G382Y5JvE0h4_8HoLpgU7',#5,$,$,(#5964),#5977);
#5979=IFCCARTESIANPOINT((-34.4566167388984,279.160893180349,0.));
#5980=IFCCARTESIANTRANSFORMATIONOPERATOR3D($,$,#5979,1.,$);
#5981=IFCMAPPEDITEM(#1977,#5980);
#5982=IFCSHAPEREPRESENTATION(#11,'Body','MappedRepresentation',(#5981));
#5983=IFCCARTESIANPOINT((0.,0.,0.));
#5984=IFCDIRECTION((0.,0.,1.));
#5985=IFCDIRECTION((1.,0.,0.));
#5986=IFCAXIS2PLACEMENT3D(#5983,#5984,#5985);
#5987=IFCLOCALPLACEMENT(#37,#5986);
#5988=IFCPRODUCTDEFINITIONSHAPE($,$,(#5982));
#5989=IFCBUILDINGELEMENTPROXY('0aSoBlvSLDNRjBPskHh2nm',#5,'G0772.793af1e2662446ac90e355289687cc56',$,$,#5987,#5988,$,$);
#5990=IFCPROPERTYSINGLEVALUE('hectometeraanduiding',$,IFCTEXT(''),$);
#5991=IFCPROPERTYSINGLEVALUE('plus-type',$,IFCTEXT('lichtmast'),$);
#5992=IFCPROPERTYSINGLEVALUE('subtype',$,IFCTEXT('2'),$);
#5993=IFCPROPERTYSINGLEVALUE('identificatie',$,IFCTEXT('G0772.793af1e2662446ac90e355289687cc56'),$);
#5994=IFCPROPERTYSINGLEVALUE('bgt-status',$,IFCTEXT('bestaand'),$);
#5995=IFCPROPERTYSINGLEVALUE('objectBeginTijd',$,IFCTEXT('2006-09-25T22:00:00'),$);
#5996=IFCPROPERTYSINGLEVALUE('bronhouder',$,IFCTEXT('G0772'),$);
#5997=IFCPROPERTYSINGLEVALUE('inOnderzoek',$,IFCBOOLEAN(.F.),$);
#5998=IFCPROPERTYSINGLEVALUE('relatieveHoogteligging',$,IFCTEXT('0'),$);
#5999=IFCPROPERTYSINGLEVALUE('tijdstipRegistratie',$,IFCTEXT('2016-01-09T11:15:15'),$);
#6000=IFCPROPERTYSINGLEVALUE('LV-publicatiedatum',$,IFCTEXT('2016-04-13T12:01:06'),$);
#6001=IFCPROPERTYSINGLEVALUE('objecttype',$,IFCTEXT('paal_p'),$);
#6002=IFCPROPERTYSET('00UbYlX8HCOgh2m1IgolNr',#5,'CPset_BGT',$,(#5990,#5991,#5992,#5993,#5994,#5995,#5996,#5997,#5998,#5999,#6000,#6001));
#6003=IFCRELDEFINESBYPROPERTIES('1DOhT6PEDDr9FtQvl57ao4',#5,$,$,(#5989),#6002);
#6004=IFCCARTESIANPOINT((-32.7151342021243,247.506712562754,0.));
#6005=IFCCARTESIANTRANSFORMATIONOPERATOR3D($,$,#6004,1.,$);
#6006=IFCMAPPEDITEM(#1977,#6005);
#6007=IFCSHAPEREPRESENTATION(#11,'Body','MappedRepresentation',(#6006));
#6008=IFCCARTESIANPOINT((0.,0.,0.));
#6009=IFCDIRECTION((0.,0.,1.));
#6010=IFCDIRECTION((1.,0.,0.));
#6011=IFCAXIS2PLACEMENT3D(#6008,#6009,#6010);
#6012=IFCLOCALPLACEMENT(#37,#6011);
#6013=IFCPRODUCTDEFINITIONSHAPE($,$,(#6007));
#6014=IFCBUILDINGELEMENTPROXY('2kxAeDeCL5Ygi1gA45xeoQ',#5,'G0772.8ca8893105074b02b0784d7c7878b556',$,$,#6012,#6013,$,$);
#6015=IFCPROPERTYSINGLEVALUE('hectometeraanduiding',$,IFCTEXT(''),$);
#6016=IFCPROPERTYSINGLEVALUE('plus-type',$,IFCTEXT('lichtmast'),$);
#6017=IFCPROPERTYSINGLEVALUE('subtype',$,IFCTEXT('2'),$);
#6018=IFCPROPERTYSINGLEVALUE('identificatie',$,IFCTEXT('G0772.8ca8893105074b02b0784d7c7878b556'),$);
#6019=IFCPROPERTYSINGLEVALUE('bgt-status',$,IFCTEXT('bestaand'),$);
#6020=IFCPROPERTYSINGLEVALUE('objectBeginTijd',$,IFCTEXT('2006-09-25T22:00:00'),$);
#6021=IFCPROPERTYSINGLEVALUE('bronhouder',$,IFCTEXT('G0772'),$);
#6022=IFCPROPERTYSINGLEVALUE('inOnderzoek',$,IFCBOOLEAN(.F.),$);
#6023=IFCPROPERTYSINGLEVALUE('relatieveHoogteligging',$,IFCTEXT('0'),$);
#6024=IFCPROPERTYSINGLEVALUE('tijdstipRegistratie',$,IFCTEXT('2016-01-09T11:15:15'),$);
#6025=IFCPROPERTYSINGLEVALUE('LV-publicatiedatum',$,IFCTEXT('2016-04-13T12:01:06'),$);
#6026=IFCPROPERTYSINGLEVALUE('objecttype',$,IFCTEXT('paal_p'),$);
#6027=IFCPROPERTYSET('2e92yyL895Vu97V0sVvzMD',#5,'CPset_BGT',$,(#6015,#6016,#6017,#6018,#6019,#6020,#6021,#6022,#6023,#6024,#6025,#6026));
#6028=IFCRELDEFINESBYPROPERTIES('1l4sYBZiv6TAd2yJeIR7DS',#5,$,$,(#6014),#6027);
#6029=IFCCARTESIANPOINT((44.4986508089059,240.616279465205,0.));
#6030=IFCCARTESIANTRANSFORMATIONOPERATOR3D($,$,#6029,1.,$);
#6031=IFCMAPPEDITEM(#1977,#6030);
#6032=IFCSHAPEREPRESENTATION(#11,'Body','MappedRepresentation',(#6031));
#6033=IFCCARTESIANPOINT((0.,0.,0.));
#6034=IFCDIRECTION((0.,0.,1.));
#6035=IFCDIRECTION((1.,0.,0.));
#6036=IFCAXIS2PLACEMENT3D(#6033,#6034,#6035);
#6037=IFCLOCALPLACEMENT(#37,#6036);
#6038=IFCPRODUCTDEFINITIONSHAPE($,$,(#6032));
#6039=IFCBUILDINGELEMENTPROXY('2ta751ufP309xZN3qZP5W6',#5,'G0772.9b1176e0b5764f819a4c9354f1641c1f',$,$,#6037,#6038,$,$);
#6040=IFCPROPERTYSINGLEVALUE('hectometeraanduiding',$,IFCTEXT(''),$);
#6041=IFCPROPERTYSINGLEVALUE('plus-type',$,IFCTEXT('lichtmast'),$);
#6042=IFCPROPERTYSINGLEVALUE('subtype',$,IFCTEXT('2'),$);
#6043=IFCPROPERTYSINGLEVALUE('identificatie',$,IFCTEXT('G0772.9b1176e0b5764f819a4c9354f1641c1f'),$);
#6044=IFCPROPERTYSINGLEVALUE('bgt-status',$,IFCTEXT('bestaand'),$);
#6045=IFCPROPERTYSINGLEVALUE('objectBeginTijd',$,IFCTEXT('2006-09-25T22:00:00'),$);
#6046=IFCPROPERTYSINGLEVALUE('bronhouder',$,IFCTEXT('G0772'),$);
#6047=IFCPROPERTYSINGLEVALUE('inOnderzoek',$,IFCBOOLEAN(.F.),$);
#6048=IFCPROPERTYSINGLEVALUE('relatieveHoogteligging',$,IFCTEXT('0'),$);
#6049=IFCPROPERTYSINGLEVALUE('tijdstipRegistratie',$,IFCTEXT('2016-01-09T11:15:15'),$);
#6050=IFCPROPERTYSINGLEVALUE('LV-publicatiedatum',$,IFCTEXT('2016-04-13T12:01:06'),$);
#6051=IFCPROPERTYSINGLEVALUE('objecttype',$,IFCTEXT('paal_p'),$);
#6052=IFCPROPERTYSET('0TvrjmScb5Efkk7pjJWmNr',#5,'CPset_BGT',$,(#6040,#6041,#6042,#6043,#6044,#6045,#6046,#6047,#6048,#6049,#6050,#6051));
#6053=IFCRELDEFINESBYPROPERTIES('16s5XOU5X7$eY_apD0tyn_',#5,$,$,(#6039),#6052);
#6054=IFCCARTESIANPOINT((17.7610494182736,242.985435407318,0.));
#6055=IFCCARTESIANTRANSFORMATIONOPERATOR3D($,$,#6054,1.,$);
#6056=IFCMAPPEDITEM(#1977,#6055);
#6057=IFCSHAPEREPRESENTATION(#11,'Body','MappedRepresentation',(#6056));
#6058=IFCCARTESIANPOINT((0.,0.,0.));
#6059=IFCDIRECTION((0.,0.,1.));
#6060=IFCDIRECTION((1.,0.,0.));
#6061=IFCAXIS2PLACEMENT3D(#6058,#6059,#6060);
#6062=IFCLOCALPLACEMENT(#37,#6061);
#6063=IFCPRODUCTDEFINITIONSHAPE($,$,(#6057));
#6064=IFCBUILDINGELEMENTPROXY('1o8oWALSrAxh2nWT4BvtJk',#5,'G0772.b0dab2be2e8243d29cd1faa5c8bb26cf',$,$,#6062,#6063,$,$);
#6065=IFCPROPERTYSINGLEVALUE('hectometeraanduiding',$,IFCTEXT(''),$);
#6066=IFCPROPERTYSINGLEVALUE('plus-type',$,IFCTEXT('lichtmast'),$);
#6067=IFCPROPERTYSINGLEVALUE('subtype',$,IFCTEXT('2'),$);
#6068=IFCPROPERTYSINGLEVALUE('identificatie',$,IFCTEXT('G0772.b0dab2be2e8243d29cd1faa5c8bb26cf'),$);
#6069=IFCPROPERTYSINGLEVALUE('bgt-status',$,IFCTEXT('bestaand'),$);
#6070=IFCPROPERTYSINGLEVALUE('objectBeginTijd',$,IFCTEXT('2006-09-25T22:00:00'),$);
#6071=IFCPROPERTYSINGLEVALUE('bronhouder',$,IFCTEXT('G0772'),$);
#6072=IFCPROPERTYSINGLEVALUE('inOnderzoek',$,IFCBOOLEAN(.F.),$);
#6073=IFCPROPERTYSINGLEVALUE('relatieveHoogteligging',$,IFCTEXT('0'),$);
#6074=IFCPROPERTYSINGLEVALUE('tijdstipRegistratie',$,IFCTEXT('2016-01-09T11:15:15'),$);
#6075=IFCPROPERTYSINGLEVALUE('LV-publicatiedatum',$,IFCTEXT('2016-04-13T12:01:06'),$);
#6076=IFCPROPERTYSINGLEVALUE('objecttype',$,IFCTEXT('paal_p'),$);
#6077=IFCPROPERTYSET('0w$7XdUaj7GgiW8RJbKtPv',#5,'CPset_BGT',$,(#6065,#6066,#6067,#6068,#6069,#6070,#6071,#6072,#6073,#6074,#6075,#6076));
#6078=IFCRELDEFINESBYPROPERTIES('359T3TVb5AVgpQIA2RHx90',#5,$,$,(#6064),#6077);
#6079=IFCCARTESIANPOINT((-56.3500864804082,249.250955322233,0.));
#6080=IFCCARTESIANTRANSFORMATIONOPERATOR3D($,$,#6079,1.,$);
#6081=IFCMAPPEDITEM(#1977,#6080);
#6082=IFCSHAPEREPRESENTATION(#11,'Body','MappedRepresentation',(#6081));
#6083=IFCCARTESIANPOINT((0.,0.,0.));
#6084=IFCDIRECTION((0.,0.,1.));
#6085=IFCDIRECTION((1.,0.,0.));
#6086=IFCAXIS2PLACEMENT3D(#6083,#6084,#6085);
#6087=IFCLOCALPLACEMENT(#37,#6086);
#6088=IFCPRODUCTDEFINITIONSHAPE($,$,(#6082));
#6089=IFCBUILDINGELEMENTPROXY('2M8Cr_Ez5BkgvnJc3$8OUl',#5,'G0772.b80f444ff8e842529102c5035b68a470',$,$,#6087,#6088,$,$);
#6090=IFCPROPERTYSINGLEVALUE('hectometeraanduiding',$,IFCTEXT(''),$);
#6091=IFCPROPERTYSINGLEVALUE('plus-type',$,IFCTEXT('lichtmast'),$);
#6092=IFCPROPERTYSINGLEVALUE('subtype',$,IFCTEXT('2'),$);
#6093=IFCPROPERTYSINGLEVALUE('identificatie',$,IFCTEXT('G0772.b80f444ff8e842529102c5035b68a470'),$);
#6094=IFCPROPERTYSINGLEVALUE('bgt-status',$,IFCTEXT('bestaand'),$);
#6095=IFCPROPERTYSINGLEVALUE('objectBeginTijd',$,IFCTEXT('2006-09-25T22:00:00'),$);
#6096=IFCPROPERTYSINGLEVALUE('bronhouder',$,IFCTEXT('G0772'),$);
#6097=IFCPROPERTYSINGLEVALUE('inOnderzoek',$,IFCBOOLEAN(.F.),$);
#6098=IFCPROPERTYSINGLEVALUE('relatieveHoogteligging',$,IFCTEXT('0'),$);
#6099=IFCPROPERTYSINGLEVALUE('tijdstipRegistratie',$,IFCTEXT('2016-01-09T11:15:15'),$);
#6100=IFCPROPERTYSINGLEVALUE('LV-publicatiedatum',$,IFCTEXT('2016-04-13T12:01:06'),$);
#6101=IFCPROPERTYSINGLEVALUE('objecttype',$,IFCTEXT('paal_p'),$);
#6102=IFCPROPERTYSET('14R$rm9p542vJxLVwUedQD',#5,'CPset_BGT',$,(#6090,#6091,#6092,#6093,#6094,#6095,#6096,#6097,#6098,#6099,#6100,#6101));
#6103=IFCRELDEFINESBYPROPERTIES('3kOw8gC3T3TxjOp7Kj16UJ',#5,$,$,(#6089),#6102);
#6104=IFCCARTESIANPOINT((32.1759126325778,286.279018113215,0.));
#6105=IFCCARTESIANTRANSFORMATIONOPERATOR3D($,$,#6104,1.,$);
#6106=IFCMAPPEDITEM(#1977,#6105);
#6107=IFCSHAPEREPRESENTATION(#11,'Body','MappedRepresentation',(#6106));
#6108=IFCCARTESIANPOINT((0.,0.,0.));
#6109=IFCDIRECTION((0.,0.,1.));
#6110=IFCDIRECTION((1.,0.,0.));
#6111=IFCAXIS2PLACEMENT3D(#6108,#6109,#6110);
#6112=IFCLOCALPLACEMENT(#37,#6111);
#6113=IFCPRODUCTDEFINITIONSHAPE($,$,(#6107));
#6114=IFCBUILDINGELEMENTPROXY('1GwCgQ0JjABBn3TP6Sz2qE',#5,'G0772.c3a62af72e9843fbbcf2a9fa856d5aaf',$,$,#6112,#6113,$,$);
#6115=IFCPROPERTYSINGLEVALUE('hectometeraanduiding',$,IFCTEXT(''),$);
#6116=IFCPROPERTYSINGLEVALUE('plus-type',$,IFCTEXT('lichtmast'),$);
#6117=IFCPROPERTYSINGLEVALUE('subtype',$,IFCTEXT('2'),$);
#6118=IFCPROPERTYSINGLEVALUE('identificatie',$,IFCTEXT('G0772.c3a62af72e9843fbbcf2a9fa856d5aaf'),$);
#6119=IFCPROPERTYSINGLEVALUE('bgt-status',$,IFCTEXT('bestaand'),$);
#6120=IFCPROPERTYSINGLEVALUE('objectBeginTijd',$,IFCTEXT('2014-01-15T23:00:00'),$);
#6121=IFCPROPERTYSINGLEVALUE('bronhouder',$,IFCTEXT('G0772'),$);
#6122=IFCPROPERTYSINGLEVALUE('inOnderzoek',$,IFCBOOLEAN(.F.),$);
#6123=IFCPROPERTYSINGLEVALUE('relatieveHoogteligging',$,IFCTEXT('0'),$);
#6124=IFCPROPERTYSINGLEVALUE('tijdstipRegistratie',$,IFCTEXT('2016-01-09T11:15:15'),$);
#6125=IFCPROPERTYSINGLEVALUE('LV-publicatiedatum',$,IFCTEXT('2016-04-13T12:01:06'),$);
#6126=IFCPROPERTYSINGLEVALUE('objecttype',$,IFCTEXT('paal_p'),$);
#6127=IFCPROPERTYSET('32t7raw2PFp82sOVitRsPt',#5,'CPset_BGT',$,(#6115,#6116,#6117,#6118,#6119,#6120,#6121,#6122,#6123,#6124,#6125,#6126));
#6128=IFCRELDEFINESBYPROPERTIES('1AGgwk3pj0weJbvkfAuQ6g',#5,$,$,(#6114),#6127);
#6129=IFCCARTESIANPOINT((13.3700302918151,301.728511127178,0.));
#6130=IFCCARTESIANTRANSFORMATIONOPERATOR3D($,$,#6129,1.,$);
#6131=IFCMAPPEDITEM(#1977,#6130);
#6132=IFCSHAPEREPRESENTATION(#11,'Body','MappedRepresentation',(#6131));
#6133=IFCCARTESIANPOINT((0.,0.,0.));
#6134=IFCDIRECTION((0.,0.,1.));
#6135=IFCDIRECTION((1.,0.,0.));
#6136=IFCAXIS2PLACEMENT3D(#6133,#6134,#6135);
#6137=IFCLOCALPLACEMENT(#37,#6136);
#6138=IFCPRODUCTDEFINITIONSHAPE($,$,(#6132));
#6139=IFCBUILDINGELEMENTPROXY('3UuZA8EPD0TBmrssmhMfxn',#5,'G0772.cd79033b39844bbc85c6d24a47b3cefa',$,$,#6137,#6138,$,$);
#6140=IFCPROPERTYSINGLEVALUE('hectometeraanduiding',$,IFCTEXT(''),$);
#6141=IFCPROPERTYSINGLEVALUE('plus-type',$,IFCTEXT('lichtmast'),$);
#6142=IFCPROPERTYSINGLEVALUE('subtype',$,IFCTEXT('2'),$);
#6143=IFCPROPERTYSINGLEVALUE('identificatie',$,IFCTEXT('G0772.cd79033b39844bbc85c6d24a47b3cefa'),$);
#6144=IFCPROPERTYSINGLEVALUE('bgt-status',$,IFCTEXT('bestaand'),$);
#6145=IFCPROPERTYSINGLEVALUE('objectBeginTijd',$,IFCTEXT('2006-09-25T22:00:00'),$);
#6146=IFCPROPERTYSINGLEVALUE('bronhouder',$,IFCTEXT('G0772'),$);
#6147=IFCPROPERTYSINGLEVALUE('inOnderzoek',$,IFCBOOLEAN(.F.),$);
#6148=IFCPROPERTYSINGLEVALUE('relatieveHoogteligging',$,IFCTEXT('0'),$);
#6149=IFCPROPERTYSINGLEVALUE('tijdstipRegistratie',$,IFCTEXT('2016-01-09T11:15:15'),$);
#6150=IFCPROPERTYSINGLEVALUE('LV-publicatiedatum',$,IFCTEXT('2016-04-13T12:01:06'),$);
#6151=IFCPROPERTYSINGLEVALUE('objecttype',$,IFCTEXT('paal_p'),$);
#6152=IFCPROPERTYSET('0GpJxvmpDFRxPi$9KMUhaG',#5,'CPset_BGT',$,(#6140,#6141,#6142,#6143,#6144,#6145,#6146,#6147,#6148,#6149,#6150,#6151));
#6153=IFCRELDEFINESBYPROPERTIES('1M50c7pFPCd8u4seONPlWU',#5,$,$,(#6139),#6152);
#6154=IFCCARTESIANPOINT((16.7218175882008,277.523676694429,0.));
#6155=IFCCARTESIANTRANSFORMATIONOPERATOR3D($,$,#6154,1.,$);
#6156=IFCMAPPEDITEM(#1977,#6155);
#6157=IFCSHAPEREPRESENTATION(#11,'Body','MappedRepresentation',(#6156));
#6158=IFCCARTESIANPOINT((0.,0.,0.));
#6159=IFCDIRECTION((0.,0.,1.));
#6160=IFCDIRECTION((1.,0.,0.));
#6161=IFCAXIS2PLACEMENT3D(#6158,#6159,#6160);
#6162=IFCLOCALPLACEMENT(#37,#6161);
#6163=IFCPRODUCTDEFINITIONSHAPE($,$,(#6157));
#6164=IFCBUILDINGELEMENTPROXY('3fNwbgg514kghgg_AAIGKC',#5,'G0772.d8142cae0d124e7dbcd6416ee1db9e70',$,$,#6162,#6163,$,$);
#6165=IFCPROPERTYSINGLEVALUE('hectometeraanduiding',$,IFCTEXT(''),$);
#6166=IFCPROPERTYSINGLEVALUE('plus-type',$,IFCTEXT('lichtmast'),$);
#6167=IFCPROPERTYSINGLEVALUE('subtype',$,IFCTEXT('2'),$);
#6168=IFCPROPERTYSINGLEVALUE('identificatie',$,IFCTEXT('G0772.d8142cae0d124e7dbcd6416ee1db9e70'),$);
#6169=IFCPROPERTYSINGLEVALUE('bgt-status',$,IFCTEXT('bestaand'),$);
#6170=IFCPROPERTYSINGLEVALUE('objectBeginTijd',$,IFCTEXT('2006-09-25T22:00:00'),$);
#6171=IFCPROPERTYSINGLEVALUE('bronhouder',$,IFCTEXT('G0772'),$);
#6172=IFCPROPERTYSINGLEVALUE('inOnderzoek',$,IFCBOOLEAN(.F.),$);
#6173=IFCPROPERTYSINGLEVALUE('relatieveHoogteligging',$,IFCTEXT('0'),$);
#6174=IFCPROPERTYSINGLEVALUE('tijdstipRegistratie',$,IFCTEXT('2016-01-09T11:15:15'),$);
#6175=IFCPROPERTYSINGLEVALUE('LV-publicatiedatum',$,IFCTEXT('2016-04-13T12:01:06'),$);
#6176=IFCPROPERTYSINGLEVALUE('objecttype',$,IFCTEXT('paal_p'),$);
#6177=IFCPROPERTYSET('3LkDj9YXzEugms7w4EtXEb',#5,'CPset_BGT',$,(#6165,#6166,#6167,#6168,#6169,#6170,#6171,#6172,#6173,#6174,#6175,#6176));
#6178=IFCRELDEFINESBYPROPERTIES('1Nfe$iFt55SBqnGLKNT$sL',#5,$,$,(#6164),#6177);
#6179=IFCCARTESIANPOINT((-173.642287744588,91.4668200595188,0.));
#6180=IFCCARTESIANTRANSFORMATIONOPERATOR3D($,$,#6179,1.,$);
#6181=IFCMAPPEDITEM(#1977,#6180);
#6182=IFCSHAPEREPRESENTATION(#11,'Body','MappedRepresentation',(#6181));
#6183=IFCCARTESIANPOINT((0.,0.,0.));
#6184=IFCDIRECTION((0.,0.,1.));
#6185=IFCDIRECTION((1.,0.,0.));
#6186=IFCAXIS2PLACEMENT3D(#6183,#6184,#6185);
#6187=IFCLOCALPLACEMENT(#37,#6186);
#6188=IFCPRODUCTDEFINITIONSHAPE($,$,(#6182));
#6189=IFCBUILDINGELEMENTPROXY('3B3wUNFqjB6Qt5fwQDahxj',#5,'G0772.cd1b2de694fe4b799ba034d218095275',$,$,#6187,#6188,$,$);
#6190=IFCPROPERTYSINGLEVALUE('hectometeraanduiding',$,IFCTEXT(''),$);
#6191=IFCPROPERTYSINGLEVALUE('plus-type',$,IFCTEXT('lichtmast'),$);
#6192=IFCPROPERTYSINGLEVALUE('subtype',$,IFCTEXT('2'),$);
#6193=IFCPROPERTYSINGLEVALUE('identificatie',$,IFCTEXT('G0772.cd1b2de694fe4b799ba034d218095275'),$);
#6194=IFCPROPERTYSINGLEVALUE('bgt-status',$,IFCTEXT('bestaand'),$);
#6195=IFCPROPERTYSINGLEVALUE('objectBeginTijd',$,IFCTEXT('2019-05-09T22:00:00'),$);
#6196=IFCPROPERTYSINGLEVALUE('bronhouder',$,IFCTEXT('G0772'),$);
#6197=IFCPROPERTYSINGLEVALUE('inOnderzoek',$,IFCBOOLEAN(.F.),$);
#6198=IFCPROPERTYSINGLEVALUE('relatieveHoogteligging',$,IFCTEXT('0'),$);
#6199=IFCPROPERTYSINGLEVALUE('tijdstipRegistratie',$,IFCTEXT('2019-05-13T11:54:26'),$);
#6200=IFCPROPERTYSINGLEVALUE('LV-publicatiedatum',$,IFCTEXT('2019-05-13T13:27:55'),$);
#6201=IFCPROPERTYSINGLEVALUE('objecttype',$,IFCTEXT('paal_p'),$);
#6202=IFCPROPERTYSET('1ib4h5$Gv4ZApyt9pMh7db',#5,'CPset_BGT',$,(#6190,#6191,#6192,#6193,#6194,#6195,#6196,#6197,#6198,#6199,#6200,#6201));
#6203=IFCRELDEFINESBYPROPERTIES('3VIZI1QqD1hvMcu4ogRalH',#5,$,$,(#6189),#6202);
#6204=IFCCARTESIANPOINT((-21.9423531375069,264.882101511874,0.));
#6205=IFCCARTESIANTRANSFORMATIONOPERATOR3D($,$,#6204,1.,$);
#6206=IFCMAPPEDITEM(#1977,#6205);
#6207=IFCSHAPEREPRESENTATION(#11,'Body','MappedRepresentation',(#6206));
#6208=IFCCARTESIANPOINT((0.,0.,0.));
#6209=IFCDIRECTION((0.,0.,1.));
#6210=IFCDIRECTION((1.,0.,0.));
#6211=IFCAXIS2PLACEMENT3D(#6208,#6209,#6210);
#6212=IFCLOCALPLACEMENT(#37,#6211);
#6213=IFCPRODUCTDEFINITIONSHAPE($,$,(#6207));
#6214=IFCBUILDINGELEMENTPROXY('14S$LFYZP5jBpNkQWxsSDK',#5,'G0772.b66c8de568f74ba5bff3b94184781719',$,$,#6212,#6213,$,$);
#6215=IFCPROPERTYSINGLEVALUE('hectometeraanduiding',$,IFCTEXT(''),$);
#6216=IFCPROPERTYSINGLEVALUE('plus-type',$,IFCTEXT('lichtmast'),$);
#6217=IFCPROPERTYSINGLEVALUE('subtype',$,IFCTEXT('2'),$);
#6218=IFCPROPERTYSINGLEVALUE('identificatie',$,IFCTEXT('G0772.b66c8de568f74ba5bff3b94184781719'),$);
#6219=IFCPROPERTYSINGLEVALUE('bgt-status',$,IFCTEXT('bestaand'),$);
#6220=IFCPROPERTYSINGLEVALUE('objectBeginTijd',$,IFCTEXT('2020-03-31T22:00:00'),$);
#6221=IFCPROPERTYSINGLEVALUE('bronhouder',$,IFCTEXT('G0772'),$);
#6222=IFCPROPERTYSINGLEVALUE('inOnderzoek',$,IFCBOOLEAN(.F.),$);
#6223=IFCPROPERTYSINGLEVALUE('relatieveHoogteligging',$,IFCTEXT('0'),$);
#6224=IFCPROPERTYSINGLEVALUE('tijdstipRegistratie',$,IFCTEXT('2020-04-06T07:34:02'),$);
#6225=IFCPROPERTYSINGLEVALUE('LV-publicatiedatum',$,IFCTEXT('2020-04-06T09:28:01'),$);
#6226=IFCPROPERTYSINGLEVALUE('objecttype',$,IFCTEXT('paal_p'),$);
#6227=IFCPROPERTYSET('07PUq_1a5Dz8zECvNTaTps',#5,'CPset_BGT',$,(#6215,#6216,#6217,#6218,#6219,#6220,#6221,#6222,#6223,#6224,#6225,#6226));
#6228=IFCRELDEFINESBYPROPERTIES('23777Kn4P918bLU8Nh656I',#5,$,$,(#6214),#6227);
#6229=IFCCARTESIANPOINT((3.41630014404655,262.812465372961,0.));
#6230=IFCCARTESIANTRANSFORMATIONOPERATOR3D($,$,#6229,1.,$);
#6231=IFCMAPPEDITEM(#1977,#6230);
#6232=IFCSHAPEREPRESENTATION(#11,'Body','MappedRepresentation',(#6231));
#6233=IFCCARTESIANPOINT((0.,0.,0.));
#6234=IFCDIRECTION((0.,0.,1.));
#6235=IFCDIRECTION((1.,0.,0.));
#6236=IFCAXIS2PLACEMENT3D(#6233,#6234,#6235);
#6237=IFCLOCALPLACEMENT(#37,#6236);
#6238=IFCPRODUCTDEFINITIONSHAPE($,$,(#6232));
#6239=IFCBUILDINGELEMENTPROXY('1geUY8XynC$RVfSZvLtyWB',#5,'G0772.dd51ff80bca74c539bf96ca3662093d4',$,$,#6237,#6238,$,$);
#6240=IFCPROPERTYSINGLEVALUE('hectometeraanduiding',$,IFCTEXT(''),$);
#6241=IFCPROPERTYSINGLEVALUE('plus-type',$,IFCTEXT('lichtmast'),$);
#6242=IFCPROPERTYSINGLEVALUE('subtype',$,IFCTEXT('2'),$);
#6243=IFCPROPERTYSINGLEVALUE('identificatie',$,IFCTEXT('G0772.dd51ff80bca74c539bf96ca3662093d4'),$);
#6244=IFCPROPERTYSINGLEVALUE('bgt-status',$,IFCTEXT('bestaand'),$);
#6245=IFCPROPERTYSINGLEVALUE('objectBeginTijd',$,IFCTEXT('2020-03-31T22:00:00'),$);
#6246=IFCPROPERTYSINGLEVALUE('bronhouder',$,IFCTEXT('G0772'),$);
#6247=IFCPROPERTYSINGLEVALUE('inOnderzoek',$,IFCBOOLEAN(.F.),$);
#6248=IFCPROPERTYSINGLEVALUE('relatieveHoogteligging',$,IFCTEXT('0'),$);
#6249=IFCPROPERTYSINGLEVALUE('tijdstipRegistratie',$,IFCTEXT('2020-04-06T07:34:02'),$);
#6250=IFCPROPERTYSINGLEVALUE('LV-publicatiedatum',$,IFCTEXT('2020-04-06T09:28:01'),$);
#6251=IFCPROPERTYSINGLEVALUE('objecttype',$,IFCTEXT('paal_p'),$);
#6252=IFCPROPERTYSET('316emqaQD7hw1c5MN$avn3',#5,'CPset_BGT',$,(#6240,#6241,#6242,#6243,#6244,#6245,#6246,#6247,#6248,#6249,#6250,#6251));
#6253=IFCRELDEFINESBYPROPERTIES('2SKgcKL5T6W85QvpzXnmoa',#5,$,$,(#6239),#6252);
#6254=IFCCARTESIANPOINT((24.7673837336188,262.352376736875,0.));
#6255=IFCCARTESIANTRANSFORMATIONOPERATOR3D($,$,#6254,1.,$);
#6256=IFCMAPPEDITEM(#1977,#6255);
#6257=IFCSHAPEREPRESENTATION(#11,'Body','MappedRepresentation',(#6256));
#6258=IFCCARTESIANPOINT((0.,0.,0.));
#6259=IFCDIRECTION((0.,0.,1.));
#6260=IFCDIRECTION((1.,0.,0.));
#6261=IFCAXIS2PLACEMENT3D(#6258,#6259,#6260);
#6262=IFCLOCALPLACEMENT(#37,#6261);
#6263=IFCPRODUCTDEFINITIONSHAPE($,$,(#6257));
#6264=IFCBUILDINGELEMENTPROXY('0GECrjA598gPFUv82Y1Ryd',#5,'G0772.453ad619a64f47dbaa029d69f367cb7c',$,$,#6262,#6263,$,$);
#6265=IFCPROPERTYSINGLEVALUE('hectometeraanduiding',$,IFCTEXT(''),$);
#6266=IFCPROPERTYSINGLEVALUE('plus-type',$,IFCTEXT('lichtmast'),$);
#6267=IFCPROPERTYSINGLEVALUE('subtype',$,IFCTEXT('2'),$);
#6268=IFCPROPERTYSINGLEVALUE('identificatie',$,IFCTEXT('G0772.453ad619a64f47dbaa029d69f367cb7c'),$);
#6269=IFCPROPERTYSINGLEVALUE('bgt-status',$,IFCTEXT('bestaand'),$);
#6270=IFCPROPERTYSINGLEVALUE('objectBeginTijd',$,IFCTEXT('2020-07-01T22:00:00'),$);
#6271=IFCPROPERTYSINGLEVALUE('bronhouder',$,IFCTEXT('G0772'),$);
#6272=IFCPROPERTYSINGLEVALUE('inOnderzoek',$,IFCBOOLEAN(.F.),$);
#6273=IFCPROPERTYSINGLEVALUE('relatieveHoogteligging',$,IFCTEXT('0'),$);
#6274=IFCPROPERTYSINGLEVALUE('tijdstipRegistratie',$,IFCTEXT('2020-07-24T13:55:03'),$);
#6275=IFCPROPERTYSINGLEVALUE('LV-publicatiedatum',$,IFCTEXT('2020-07-24T15:51:17'),$);
#6276=IFCPROPERTYSINGLEVALUE('objecttype',$,IFCTEXT('paal_p'),$);
#6277=IFCPROPERTYSET('3UAJG4ddfDvg1q6RsEV0r8',#5,'CPset_BGT',$,(#6265,#6266,#6267,#6268,#6269,#6270,#6271,#6272,#6273,#6274,#6275,#6276));
#6278=IFCRELDEFINESBYPROPERTIES('2LpMfDIhXBeQ1AD6QoXzG5',#5,$,$,(#6264),#6277);
#6279=IFCCARTESIANPOINT((-5.34149998149951,63.070964863,0.));
#6280=IFCCARTESIANTRANSFORMATIONOPERATOR3D($,$,#6279,1.,$);
#6281=IFCMAPPEDITEM(#1977,#6280);
#6282=IFCSHAPEREPRESENTATION(#11,'Body','MappedRepresentation',(#6281));
#6283=IFCCARTESIANPOINT((0.,0.,0.));
#6284=IFCDIRECTION((0.,0.,1.));
#6285=IFCDIRECTION((1.,0.,0.));
#6286=IFCAXIS2PLACEMENT3D(#6283,#6284,#6285);
#6287=IFCLOCALPLACEMENT(#37,#6286);
#6288=IFCPRODUCTDEFINITIONSHAPE($,$,(#6282));
#6289=IFCBUILDINGELEMENTPROXY('1wKmJ5U0D2gx7iOB_FxixG',#5,'G0772.05a48226263449b49469c094c2c75221',$,$,#6287,#6288,$,$);
#6290=IFCPROPERTYSINGLEVALUE('hectometeraanduiding',$,IFCTEXT(''),$);
#6291=IFCPROPERTYSINGLEVALUE('plus-type',$,IFCTEXT('lichtmast'),$);
#6292=IFCPROPERTYSINGLEVALUE('subtype',$,IFCTEXT('2'),$);
#6293=IFCPROPERTYSINGLEVALUE('identificatie',$,IFCTEXT('G0772.05a48226263449b49469c094c2c75221'),$);
#6294=IFCPROPERTYSINGLEVALUE('bgt-status',$,IFCTEXT('bestaand'),$);
#6295=IFCPROPERTYSINGLEVALUE('objectBeginTijd',$,IFCTEXT('2022-05-05T22:00:00'),$);
#6296=IFCPROPERTYSINGLEVALUE('bronhouder',$,IFCTEXT('G0772'),$);
#6297=IFCPROPERTYSINGLEVALUE('inOnderzoek',$,IFCBOOLEAN(.F.),$);
#6298=IFCPROPERTYSINGLEVALUE('relatieveHoogteligging',$,IFCTEXT('0'),$);
#6299=IFCPROPERTYSINGLEVALUE('tijdstipRegistratie',$,IFCTEXT('2022-05-10T08:25:06'),$);
#6300=IFCPROPERTYSINGLEVALUE('LV-publicatiedatum',$,IFCTEXT('2022-05-10T09:36:03'),$);
#6301=IFCPROPERTYSINGLEVALUE('objecttype',$,IFCTEXT('paal_p'),$);
#6302=IFCPROPERTYSET('19TUos3E5AC9lYprrQizEa',#5,'CPset_BGT',$,(#6290,#6291,#6292,#6293,#6294,#6295,#6296,#6297,#6298,#6299,#6300,#6301));
#6303=IFCRELDEFINESBYPROPERTIES('2BVHYXVv92mv2D7zDQWYKv',#5,$,$,(#6289),#6302);
#6304=IFCCARTESIANPOINT((-5.45788089596317,42.3103768298752,0.));
#6305=IFCCARTESIANTRANSFORMATIONOPERATOR3D($,$,#6304,1.,$);
#6306=IFCMAPPEDITEM(#1977,#6305);
#6307=IFCSHAPEREPRESENTATION(#11,'Body','MappedRepresentation',(#6306));
#6308=IFCCARTESIANPOINT((0.,0.,0.));
#6309=IFCDIRECTION((0.,0.,1.));
#6310=IFCDIRECTION((1.,0.,0.));
#6311=IFCAXIS2PLACEMENT3D(#6308,#6309,#6310);
#6312=IFCLOCALPLACEMENT(#37,#6311);
#6313=IFCPRODUCTDEFINITIONSHAPE($,$,(#6307));
#6314=IFCBUILDINGELEMENTPROXY('3Cl79mJeHBKuWgqk0NgIvl',#5,'G0772.5f1425c44beb49478c2862029856a3ba',$,$,#6312,#6313,$,$);
#6315=IFCPROPERTYSINGLEVALUE('hectometeraanduiding',$,IFCTEXT(''),$);
#6316=IFCPROPERTYSINGLEVALUE('plus-type',$,IFCTEXT('lichtmast'),$);
#6317=IFCPROPERTYSINGLEVALUE('subtype',$,IFCTEXT('2'),$);
#6318=IFCPROPERTYSINGLEVALUE('identificatie',$,IFCTEXT('G0772.5f1425c44beb49478c2862029856a3ba'),$);
#6319=IFCPROPERTYSINGLEVALUE('bgt-status',$,IFCTEXT('bestaand'),$);
#6320=IFCPROPERTYSINGLEVALUE('objectBeginTijd',$,IFCTEXT('2022-05-05T22:00:00'),$);
#6321=IFCPROPERTYSINGLEVALUE('bronhouder',$,IFCTEXT('G0772'),$);
#6322=IFCPROPERTYSINGLEVALUE('inOnderzoek',$,IFCBOOLEAN(.F.),$);
#6323=IFCPROPERTYSINGLEVALUE('relatieveHoogteligging',$,IFCTEXT('0'),$);
#6324=IFCPROPERTYSINGLEVALUE('tijdstipRegistratie',$,IFCTEXT('2022-05-10T08:25:06'),$);
#6325=IFCPROPERTYSINGLEVALUE('LV-publicatiedatum',$,IFCTEXT('2022-05-10T09:36:03'),$);
#6326=IFCPROPERTYSINGLEVALUE('objecttype',$,IFCTEXT('paal_p'),$);
#6327=IFCPROPERTYSET('3hePQDsIP0f86np47NEUzZ',#5,'CPset_BGT',$,(#6315,#6316,#6317,#6318,#6319,#6320,#6321,#6322,#6323,#6324,#6325,#6326));
#6328=IFCRELDEFINESBYPROPERTIES('0aboSeu0PANOoPh2REJUrt',#5,$,$,(#6314),#6327);
#6329=IFCCARTESIANPOINT((-47.1154515798844,267.290174353402,0.));
#6330=IFCCARTESIANTRANSFORMATIONOPERATOR3D($,$,#6329,1.,$);
#6331=IFCMAPPEDITEM(#1977,#6330);
#6332=IFCSHAPEREPRESENTATION(#11,'Body','MappedRepresentation',(#6331));
#6333=IFCCARTESIANPOINT((0.,0.,0.));
#6334=IFCDIRECTION((0.,0.,1.));
#6335=IFCDIRECTION((1.,0.,0.));
#6336=IFCAXIS2PLACEMENT3D(#6333,#6334,#6335);
#6337=IFCLOCALPLACEMENT(#37,#6336);
#6338=IFCPRODUCTDEFINITIONSHAPE($,$,(#6332));
#6339=IFCBUILDINGELEMENTPROXY('2tnLO5OQTFbAJcXwYZHSPa',#5,'G0772.b01160aae5a8430c8d0952917b753260',$,$,#6337,#6338,$,$);
#6340=IFCPROPERTYSINGLEVALUE('hectometeraanduiding',$,IFCTEXT(''),$);
#6341=IFCPROPERTYSINGLEVALUE('plus-type',$,IFCTEXT('lichtmast'),$);
#6342=IFCPROPERTYSINGLEVALUE('subtype',$,IFCTEXT('2'),$);
#6343=IFCPROPERTYSINGLEVALUE('identificatie',$,IFCTEXT('G0772.b01160aae5a8430c8d0952917b753260'),$);
#6344=IFCPROPERTYSINGLEVALUE('bgt-status',$,IFCTEXT('bestaand'),$);
#6345=IFCPROPERTYSINGLEVALUE('objectBeginTijd',$,IFCTEXT('2023-11-13T23:00:00'),$);
#6346=IFCPROPERTYSINGLEVALUE('bronhouder',$,IFCTEXT('G0772'),$);
#6347=IFCPROPERTYSINGLEVALUE('inOnderzoek',$,IFCBOOLEAN(.F.),$);
#6348=IFCPROPERTYSINGLEVALUE('relatieveHoogteligging',$,IFCTEXT('0'),$);
#6349=IFCPROPERTYSINGLEVALUE('tijdstipRegistratie',$,IFCTEXT('2024-02-05T09:01:29'),$);
#6350=IFCPROPERTYSINGLEVALUE('LV-publicatiedatum',$,IFCTEXT('2024-02-05T09:09:27'),$);
#6351=IFCPROPERTYSINGLEVALUE('objecttype',$,IFCTEXT('paal_p'),$);
#6352=IFCPROPERTYSET('0nHrcIijTAivb3SlaqMqAE',#5,'CPset_BGT',$,(#6340,#6341,#6342,#6343,#6344,#6345,#6346,#6347,#6348,#6349,#6350,#6351));
#6353=IFCRELDEFINESBYPROPERTIES('0RAKQa9256auIFWowUjo8d',#5,$,$,(#6339),#6352);
#6354=IFCCARTESIANPOINT((80.1987244083139,255.879407093511,0.));
#6355=IFCCARTESIANTRANSFORMATIONOPERATOR3D($,$,#6354,1.,$);
#6356=IFCMAPPEDITEM(#1977,#6355);
#6357=IFCSHAPEREPRESENTATION(#11,'Body','MappedRepresentation',(#6356));
#6358=IFCCARTESIANPOINT((0.,0.,0.));
#6359=IFCDIRECTION((0.,0.,1.));
#6360=IFCDIRECTION((1.,0.,0.));
#6361=IFCAXIS2PLACEMENT3D(#6358,#6359,#6360);
#6362=IFCLOCALPLACEMENT(#37,#6361);
#6363=IFCPRODUCTDEFINITIONSHAPE($,$,(#6357));
#6364=IFCBUILDINGELEMENTPROXY('1qFRPSmSv25QsBI4heL5Rp',#5,'G0772.f46a3b7e8bca40c082623e605abbd69d',$,$,#6362,#6363,$,$);
#6365=IFCPROPERTYSINGLEVALUE('hectometeraanduiding',$,IFCTEXT(''),$);
#6366=IFCPROPERTYSINGLEVALUE('plus-type',$,IFCTEXT('lichtmast'),$);
#6367=IFCPROPERTYSINGLEVALUE('subtype',$,IFCTEXT('2'),$);
#6368=IFCPROPERTYSINGLEVALUE('identificatie',$,IFCTEXT('G0772.f46a3b7e8bca40c082623e605abbd69d'),$);
#6369=IFCPROPERTYSINGLEVALUE('bgt-status',$,IFCTEXT('bestaand'),$);
#6370=IFCPROPERTYSINGLEVALUE('objectBeginTijd',$,IFCTEXT('2023-11-13T23:00:00'),$);
#6371=IFCPROPERTYSINGLEVALUE('bronhouder',$,IFCTEXT('G0772'),$);
#6372=IFCPROPERTYSINGLEVALUE('inOnderzoek',$,IFCBOOLEAN(.F.),$);
#6373=IFCPROPERTYSINGLEVALUE('relatieveHoogteligging',$,IFCTEXT('0'),$);
#6374=IFCPROPERTYSINGLEVALUE('tijdstipRegistratie',$,IFCTEXT('2024-02-05T09:01:29'),$);
#6375=IFCPROPERTYSINGLEVALUE('LV-publicatiedatum',$,IFCTEXT('2024-02-05T09:09:27'),$);
#6376=IFCPROPERTYSINGLEVALUE('objecttype',$,IFCTEXT('paal_p'),$);
#6377=IFCPROPERTYSET('2$e_8j38D82A3MyyWz$tCU',#5,'CPset_BGT',$,(#6365,#6366,#6367,#6368,#6369,#6370,#6371,#6372,#6373,#6374,#6375,#6376));
#6378=IFCRELDEFINESBYPROPERTIES('0CV44uUXf4zQy3VjZdFWRt',#5,$,$,(#6364),#6377);
#6379=IFCCARTESIANPOINT((53.2125697765441,258.346676675195,0.));
#6380=IFCCARTESIANTRANSFORMATIONOPERATOR3D($,$,#6379,1.,$);
#6381=IFCMAPPEDITEM(#1977,#6380);
#6382=IFCSHAPEREPRESENTATION(#11,'Body','MappedRepresentation',(#6381));
#6383=IFCCARTESIANPOINT((0.,0.,0.));
#6384=IFCDIRECTION((0.,0.,1.));
#6385=IFCDIRECTION((1.,0.,0.));
#6386=IFCAXIS2PLACEMENT3D(#6383,#6384,#6385);
#6387=IFCLOCALPLACEMENT(#37,#6386);
#6388=IFCPRODUCTDEFINITIONSHAPE($,$,(#6382));
#6389=IFCBUILDINGELEMENTPROXY('3VLMBhxRr0fg$f7WtUJEe1',#5,'G0772.fc99eca0704646388268f4a64089a5f5',$,$,#6387,#6388,$,$);
#6390=IFCPROPERTYSINGLEVALUE('hectometeraanduiding',$,IFCTEXT(''),$);
#6391=IFCPROPERTYSINGLEVALUE('plus-type',$,IFCTEXT('lichtmast'),$);
#6392=IFCPROPERTYSINGLEVALUE('subtype',$,IFCTEXT('2'),$);
#6393=IFCPROPERTYSINGLEVALUE('identificatie',$,IFCTEXT('G0772.fc99eca0704646388268f4a64089a5f5'),$);
#6394=IFCPROPERTYSINGLEVALUE('bgt-status',$,IFCTEXT('bestaand'),$);
#6395=IFCPROPERTYSINGLEVALUE('objectBeginTijd',$,IFCTEXT('2023-11-13T23:00:00'),$);
#6396=IFCPROPERTYSINGLEVALUE('bronhouder',$,IFCTEXT('G0772'),$);
#6397=IFCPROPERTYSINGLEVALUE('inOnderzoek',$,IFCBOOLEAN(.F.),$);
#6398=IFCPROPERTYSINGLEVALUE('relatieveHoogteligging',$,IFCTEXT('0'),$);
#6399=IFCPROPERTYSINGLEVALUE('tijdstipRegistratie',$,IFCTEXT('2024-02-05T09:01:29'),$);
#6400=IFCPROPERTYSINGLEVALUE('LV-publicatiedatum',$,IFCTEXT('2024-02-05T09:09:27'),$);
#6401=IFCPROPERTYSINGLEVALUE('objecttype',$,IFCTEXT('paal_p'),$);
#6402=IFCPROPERTYSET('3cMUCBxXXBeAgISsvy7e0X',#5,'CPset_BGT',$,(#6390,#6391,#6392,#6393,#6394,#6395,#6396,#6397,#6398,#6399,#6400,#6401));
#6403=IFCRELDEFINESBYPROPERTIES('2OOVN4_SP6re3J8tddD$H6',#5,$,$,(#6389),#6402);
#6404=IFCCARTESIANPOINT((114.912510905036,209.088595259818,0.));
#6405=IFCCARTESIANTRANSFORMATIONOPERATOR3D($,$,#6404,1.,$);
#6406=IFCMAPPEDITEM(#1977,#6405);
#6407=IFCSHAPEREPRESENTATION(#11,'Body','MappedRepresentation',(#6406));
#6408=IFCCARTESIANPOINT((0.,0.,0.));
#6409=IFCDIRECTION((0.,0.,1.));
#6410=IFCDIRECTION((1.,0.,0.));
#6411=IFCAXIS2PLACEMENT3D(#6408,#6409,#6410);
#6412=IFCLOCALPLACEMENT(#37,#6411);
#6413=IFCPRODUCTDEFINITIONSHAPE($,$,(#6407));
#6414=IFCBUILDINGELEMENTPROXY('0aGusyFp5DjwYZ_FviVxJ$',#5,'G0772.c82e9793a2cf4c6cbf7f2b24e8367bf3',$,$,#6412,#6413,$,$);
#6415=IFCPROPERTYSINGLEVALUE('hectometeraanduiding',$,IFCTEXT(''),$);
#6416=IFCPROPERTYSINGLEVALUE('plus-type',$,IFCTEXT('lichtmast'),$);
#6417=IFCPROPERTYSINGLEVALUE('subtype',$,IFCTEXT('2'),$);
#6418=IFCPROPERTYSINGLEVALUE('identificatie',$,IFCTEXT('G0772.c82e9793a2cf4c6cbf7f2b24e8367bf3'),$);
#6419=IFCPROPERTYSINGLEVALUE('bgt-status',$,IFCTEXT('bestaand'),$);
#6420=IFCPROPERTYSINGLEVALUE('objectBeginTijd',$,IFCTEXT('2025-07-10T22:00:00'),$);
#6421=IFCPROPERTYSINGLEVALUE('bronhouder',$,IFCTEXT('G0772'),$);
#6422=IFCPROPERTYSINGLEVALUE('inOnderzoek',$,IFCBOOLEAN(.F.),$);
#6423=IFCPROPERTYSINGLEVALUE('relatieveHoogteligging',$,IFCTEXT('0'),$);
#6424=IFCPROPERTYSINGLEVALUE('tijdstipRegistratie',$,IFCTEXT('2025-07-14T13:26:47'),$);
#6425=IFCPROPERTYSINGLEVALUE('LV-publicatiedatum',$,IFCTEXT('2025-07-14T14:32:57'),$);
#6426=IFCPROPERTYSINGLEVALUE('objecttype',$,IFCTEXT('paal_p'),$);
#6427=IFCPROPERTYSET('30vDgH5an7w8Z3v3SFySzG',#5,'CPset_BGT',$,(#6415,#6416,#6417,#6418,#6419,#6420,#6421,#6422,#6423,#6424,#6425,#6426));
#6428=IFCRELDEFINESBYPROPERTIES('1DOIT_r9j3UBzeBBlmUj$x',#5,$,$,(#6414),#6427);
#6429=IFCCARTESIANPOINT((-43.6788898384839,324.07067478617,0.));
#6430=IFCCARTESIANTRANSFORMATIONOPERATOR3D($,$,#6429,1.,$);
#6431=IFCMAPPEDITEM(#1977,#6430);
#6432=IFCSHAPEREPRESENTATION(#11,'Body','MappedRepresentation',(#6431));
#6433=IFCCARTESIANPOINT((0.,0.,0.));
#6434=IFCDIRECTION((0.,0.,1.));
#6435=IFCDIRECTION((1.,0.,0.));
#6436=IFCAXIS2PLACEMENT3D(#6433,#6434,#6435);
#6437=IFCLOCALPLACEMENT(#37,#6436);
#6438=IFCPRODUCTDEFINITIONSHAPE($,$,(#6432));
#6439=IFCBUILDINGELEMENTPROXY('1K1yaQwgX0wAbsKlWsWote',#5,'G0772.5ce7d37f1bfd4a00a8a1d3995ece2cd0',$,$,#6437,#6438,$,$);
#6440=IFCPROPERTYSINGLEVALUE('hectometeraanduiding',$,IFCTEXT(''),$);
#6441=IFCPROPERTYSINGLEVALUE('plus-type',$,IFCTEXT('lichtmast'),$);
#6442=IFCPROPERTYSINGLEVALUE('subtype',$,IFCTEXT('2'),$);
#6443=IFCPROPERTYSINGLEVALUE('identificatie',$,IFCTEXT('G0772.5ce7d37f1bfd4a00a8a1d3995ece2cd0'),$);
#6444=IFCPROPERTYSINGLEVALUE('bgt-status',$,IFCTEXT('bestaand'),$);
#6445=IFCPROPERTYSINGLEVALUE('objectBeginTijd',$,IFCTEXT('2006-09-25T22:00:00'),$);
#6446=IFCPROPERTYSINGLEVALUE('bronhouder',$,IFCTEXT('G0772'),$);
#6447=IFCPROPERTYSINGLEVALUE('inOnderzoek',$,IFCBOOLEAN(.F.),$);
#6448=IFCPROPERTYSINGLEVALUE('relatieveHoogteligging',$,IFCTEXT('0'),$);
#6449=IFCPROPERTYSINGLEVALUE('tijdstipRegistratie',$,IFCTEXT('2016-01-09T11:15:15'),$);
#6450=IFCPROPERTYSINGLEVALUE('LV-publicatiedatum',$,IFCTEXT('2016-04-13T12:01:06'),$);
#6451=IFCPROPERTYSINGLEVALUE('objecttype',$,IFCTEXT('paal_p'),$);
#6452=IFCPROPERTYSET('0u5XgAB2L2YuVoyaURLfG9',#5,'CPset_BGT',$,(#6440,#6441,#6442,#6443,#6444,#6445,#6446,#6447,#6448,#6449,#6450,#6451));
#6453=IFCRELDEFINESBYPROPERTIES('2BwOggohjDgAa1cgOtNTrA',#5,$,$,(#6439),#6452);
#6454=IFCCARTESIANPOINT((-81.0291851575312,248.863119683112,0.));
#6455=IFCCARTESIANTRANSFORMATIONOPERATOR3D($,$,#6454,1.,$);
#6456=IFCMAPPEDITEM(#1977,#6455);
#6457=IFCSHAPEREPRESENTATION(#11,'Body','MappedRepresentation',(#6456));
#6458=IFCCARTESIANPOINT((0.,0.,0.));
#6459=IFCDIRECTION((0.,0.,1.));
#6460=IFCDIRECTION((1.,0.,0.));
#6461=IFCAXIS2PLACEMENT3D(#6458,#6459,#6460);
#6462=IFCLOCALPLACEMENT(#37,#6461);
#6463=IFCPRODUCTDEFINITIONSHAPE($,$,(#6457));
#6464=IFCBUILDINGELEMENTPROXY('0LV4DQ_ArDoBX7x7bo29Hb',#5,'G0772.a88edf89b8ae4feeb42ba2a5ca808d94',$,$,#6462,#6463,$,$);
#6465=IFCPROPERTYSINGLEVALUE('hectometeraanduiding',$,IFCTEXT(''),$);
#6466=IFCPROPERTYSINGLEVALUE('plus-type',$,IFCTEXT('lichtmast'),$);
#6467=IFCPROPERTYSINGLEVALUE('subtype',$,IFCTEXT('2'),$);
#6468=IFCPROPERTYSINGLEVALUE('identificatie',$,IFCTEXT('G0772.a88edf89b8ae4feeb42ba2a5ca808d94'),$);
#6469=IFCPROPERTYSINGLEVALUE('bgt-status',$,IFCTEXT('bestaand'),$);
#6470=IFCPROPERTYSINGLEVALUE('objectBeginTijd',$,IFCTEXT('2006-09-25T22:00:00'),$);
#6471=IFCPROPERTYSINGLEVALUE('bronhouder',$,IFCTEXT('G0772'),$);
#6472=IFCPROPERTYSINGLEVALUE('inOnderzoek',$,IFCBOOLEAN(.F.),$);
#6473=IFCPROPERTYSINGLEVALUE('relatieveHoogteligging',$,IFCTEXT('0'),$);
#6474=IFCPROPERTYSINGLEVALUE('tijdstipRegistratie',$,IFCTEXT('2016-01-09T11:15:15'),$);
#6475=IFCPROPERTYSINGLEVALUE('LV-publicatiedatum',$,IFCTEXT('2016-04-13T12:01:06'),$);
#6476=IFCPROPERTYSINGLEVALUE('objecttype',$,IFCTEXT('paal_p'),$);
#6477=IFCPROPERTYSET('39elUbEKj0qQMhBZWTiUn1',#5,'CPset_BGT',$,(#6465,#6466,#6467,#6468,#6469,#6470,#6471,#6472,#6473,#6474,#6475,#6476));
#6478=IFCRELDEFINESBYPROPERTIES('2MlUaB5izA99G50vO9$sgS',#5,$,$,(#6464),#6477);
#6479=IFCCARTESIANPOINT((-39.240571454051,302.257575329219,0.));
#6480=IFCCARTESIANTRANSFORMATIONOPERATOR3D($,$,#6479,1.,$);
#6481=IFCMAPPEDITEM(#1977,#6480);
#6482=IFCSHAPEREPRESENTATION(#11,'Body','MappedRepresentation',(#6481));
#6483=IFCCARTESIANPOINT((0.,0.,0.));
#6484=IFCDIRECTION((0.,0.,1.));
#6485=IFCDIRECTION((1.,0.,0.));
#6486=IFCAXIS2PLACEMENT3D(#6483,#6484,#6485);
#6487=IFCLOCALPLACEMENT(#37,#6486);
#6488=IFCPRODUCTDEFINITIONSHAPE($,$,(#6482));
#6489=IFCBUILDINGELEMENTPROXY('3uIqNoKOLBah2pdERXWlEf',#5,'G0772.dfccbe96706f4f9f90458181b189479d',$,$,#6487,#6488,$,$);
#6490=IFCPROPERTYSINGLEVALUE('hectometeraanduiding',$,IFCTEXT(''),$);
#6491=IFCPROPERTYSINGLEVALUE('plus-type',$,IFCTEXT('lichtmast'),$);
#6492=IFCPROPERTYSINGLEVALUE('subtype',$,IFCTEXT('2'),$);
#6493=IFCPROPERTYSINGLEVALUE('identificatie',$,IFCTEXT('G0772.dfccbe96706f4f9f90458181b189479d'),$);
#6494=IFCPROPERTYSINGLEVALUE('bgt-status',$,IFCTEXT('bestaand'),$);
#6495=IFCPROPERTYSINGLEVALUE('objectBeginTijd',$,IFCTEXT('2006-09-25T22:00:00'),$);
#6496=IFCPROPERTYSINGLEVALUE('bronhouder',$,IFCTEXT('G0772'),$);
#6497=IFCPROPERTYSINGLEVALUE('inOnderzoek',$,IFCBOOLEAN(.F.),$);
#6498=IFCPROPERTYSINGLEVALUE('relatieveHoogteligging',$,IFCTEXT('0'),$);
#6499=IFCPROPERTYSINGLEVALUE('tijdstipRegistratie',$,IFCTEXT('2016-01-09T11:15:15'),$);
#6500=IFCPROPERTYSINGLEVALUE('LV-publicatiedatum',$,IFCTEXT('2016-04-13T12:01:06'),$);
#6501=IFCPROPERTYSINGLEVALUE('objecttype',$,IFCTEXT('paal_p'),$);
#6502=IFCPROPERTYSET('0YvWKGAtD4ZPYhsJvLsjSm',#5,'CPset_BGT',$,(#6490,#6491,#6492,#6493,#6494,#6495,#6496,#6497,#6498,#6499,#6500,#6501));
#6503=IFCRELDEFINESBYPROPERTIES('0hFP7QDST9Dul_1Yijpm97',#5,$,$,(#6489),#6502);
#6504=IFCCARTESIANPOINT((-108.289784429333,246.128573222435,0.));
#6505=IFCCARTESIANTRANSFORMATIONOPERATOR3D($,$,#6504,1.,$);
#6506=IFCMAPPEDITEM(#1977,#6505);
#6507=IFCSHAPEREPRESENTATION(#11,'Body','MappedRepresentation',(#6506));
#6508=IFCCARTESIANPOINT((0.,0.,0.));
#6509=IFCDIRECTION((0.,0.,1.));
#6510=IFCDIRECTION((1.,0.,0.));
#6511=IFCAXIS2PLACEMENT3D(#6508,#6509,#6510);
#6512=IFCLOCALPLACEMENT(#37,#6511);
#6513=IFCPRODUCTDEFINITIONSHAPE($,$,(#6507));
#6514=IFCBUILDINGELEMENTPROXY('1mhqYidFn6p899blDF5OH0',#5,'G0772.f61cd1557c4d4cfe85cf14a7dc84fac0',$,$,#6512,#6513,$,$);
#6515=IFCPROPERTYSINGLEVALUE('hectometeraanduiding',$,IFCTEXT(''),$);
#6516=IFCPROPERTYSINGLEVALUE('plus-type',$,IFCTEXT('lichtmast'),$);
#6517=IFCPROPERTYSINGLEVALUE('subtype',$,IFCTEXT('2'),$);
#6518=IFCPROPERTYSINGLEVALUE('identificatie',$,IFCTEXT('G0772.f61cd1557c4d4cfe85cf14a7dc84fac0'),$);
#6519=IFCPROPERTYSINGLEVALUE('bgt-status',$,IFCTEXT('bestaand'),$);
#6520=IFCPROPERTYSINGLEVALUE('objectBeginTijd',$,IFCTEXT('2006-09-25T22:00:00'),$);
#6521=IFCPROPERTYSINGLEVALUE('bronhouder',$,IFCTEXT('G0772'),$);
#6522=IFCPROPERTYSINGLEVALUE('inOnderzoek',$,IFCBOOLEAN(.F.),$);
#6523=IFCPROPERTYSINGLEVALUE('relatieveHoogteligging',$,IFCTEXT('0'),$);
#6524=IFCPROPERTYSINGLEVALUE('tijdstipRegistratie',$,IFCTEXT('2016-01-09T11:15:15'),$);
#6525=IFCPROPERTYSINGLEVALUE('LV-publicatiedatum',$,IFCTEXT('2016-04-13T12:01:06'),$);
#6526=IFCPROPERTYSINGLEVALUE('objecttype',$,IFCTEXT('paal_p'),$);
#6527=IFCPROPERTYSET('3kn18EbXL1sxQ89yA3DZYw',#5,'CPset_BGT',$,(#6515,#6516,#6517,#6518,#6519,#6520,#6521,#6522,#6523,#6524,#6525,#6526));
#6528=IFCRELDEFINESBYPROPERTIES('2GqtDw4311hR$hRvzUXGhG',#5,$,$,(#6514),#6527);
#6529=IFCCARTESIANPOINT((-98.4861552553193,267.041473954276,0.));
#6530=IFCCARTESIANTRANSFORMATIONOPERATOR3D($,$,#6529,1.,$);
#6531=IFCMAPPEDITEM(#1977,#6530);
#6532=IFCSHAPEREPRESENTATION(#11,'Body','MappedRepresentation',(#6531));
#6533=IFCCARTESIANPOINT((0.,0.,0.));
#6534=IFCDIRECTION((0.,0.,1.));
#6535=IFCDIRECTION((1.,0.,0.));
#6536=IFCAXIS2PLACEMENT3D(#6533,#6534,#6535);
#6537=IFCLOCALPLACEMENT(#37,#6536);
#6538=IFCPRODUCTDEFINITIONSHAPE($,$,(#6532));
#6539=IFCBUILDINGELEMENTPROXY('243_OWT892NO_7g0CvggQn',#5,'G0772.2cfd74fbd8234524950326854558384d',$,$,#6537,#6538,$,$);
#6540=IFCPROPERTYSINGLEVALUE('hectometeraanduiding',$,IFCTEXT(''),$);
#6541=IFCPROPERTYSINGLEVALUE('plus-type',$,IFCTEXT('lichtmast'),$);
#6542=IFCPROPERTYSINGLEVALUE('subtype',$,IFCTEXT('2'),$);
#6543=IFCPROPERTYSINGLEVALUE('identificatie',$,IFCTEXT('G0772.2cfd74fbd8234524950326854558384d'),$);
#6544=IFCPROPERTYSINGLEVALUE('bgt-status',$,IFCTEXT('bestaand'),$);
#6545=IFCPROPERTYSINGLEVALUE('objectBeginTijd',$,IFCTEXT('2020-03-31T22:00:00'),$);
#6546=IFCPROPERTYSINGLEVALUE('bronhouder',$,IFCTEXT('G0772'),$);
#6547=IFCPROPERTYSINGLEVALUE('inOnderzoek',$,IFCBOOLEAN(.F.),$);
#6548=IFCPROPERTYSINGLEVALUE('relatieveHoogteligging',$,IFCTEXT('0'),$);
#6549=IFCPROPERTYSINGLEVALUE('tijdstipRegistratie',$,IFCTEXT('2020-04-06T07:34:02'),$);
#6550=IFCPROPERTYSINGLEVALUE('LV-publicatiedatum',$,IFCTEXT('2020-04-06T09:28:01'),$);
#6551=IFCPROPERTYSINGLEVALUE('objecttype',$,IFCTEXT('paal_p'),$);
#6552=IFCPROPERTYSET('1Z1sQTU$H37uSGFauk2nyp',#5,'CPset_BGT',$,(#6540,#6541,#6542,#6543,#6544,#6545,#6546,#6547,#6548,#6549,#6550,#6551));
#6553=IFCRELDEFINESBYPROPERTIES('3OWu7J_k9CxeVIs6BztJwA',#5,$,$,(#6539),#6552);
#6554=IFCCARTESIANPOINT((-73.8864746249747,267.571709641954,0.));
#6555=IFCCARTESIANTRANSFORMATIONOPERATOR3D($,$,#6554,1.,$);
#6556=IFCMAPPEDITEM(#1977,#6555);
#6557=IFCSHAPEREPRESENTATION(#11,'Body','MappedRepresentation',(#6556));
#6558=IFCCARTESIANPOINT((0.,0.,0.));
#6559=IFCDIRECTION((0.,0.,1.));
#6560=IFCDIRECTION((1.,0.,0.));
#6561=IFCAXIS2PLACEMENT3D(#6558,#6559,#6560);
#6562=IFCLOCALPLACEMENT(#37,#6561);
#6563=IFCPRODUCTDEFINITIONSHAPE($,$,(#6557));
#6564=IFCBUILDINGELEMENTPROXY('36a2TVLuX6E9bObvBVERaa',#5,'G0772.e22946ab91af415e8d4a1575362e906a',$,$,#6562,#6563,$,$);
#6565=IFCPROPERTYSINGLEVALUE('hectometeraanduiding',$,IFCTEXT(''),$);
#6566=IFCPROPERTYSINGLEVALUE('plus-type',$,IFCTEXT('lichtmast'),$);
#6567=IFCPROPERTYSINGLEVALUE('subtype',$,IFCTEXT('2'),$);
#6568=IFCPROPERTYSINGLEVALUE('identificatie',$,IFCTEXT('G0772.e22946ab91af415e8d4a1575362e906a'),$);
#6569=IFCPROPERTYSINGLEVALUE('bgt-status',$,IFCTEXT('bestaand'),$);
#6570=IFCPROPERTYSINGLEVALUE('objectBeginTijd',$,IFCTEXT('2023-11-13T23:00:00'),$);
#6571=IFCPROPERTYSINGLEVALUE('bronhouder',$,IFCTEXT('G0772'),$);
#6572=IFCPROPERTYSINGLEVALUE('inOnderzoek',$,IFCBOOLEAN(.F.),$);
#6573=IFCPROPERTYSINGLEVALUE('relatieveHoogteligging',$,IFCTEXT('0'),$);
#6574=IFCPROPERTYSINGLEVALUE('tijdstipRegistratie',$,IFCTEXT('2024-02-05T09:01:29'),$);
#6575=IFCPROPERTYSINGLEVALUE('LV-publicatiedatum',$,IFCTEXT('2024-02-05T09:09:27'),$);
#6576=IFCPROPERTYSINGLEVALUE('objecttype',$,IFCTEXT('paal_p'),$);
#6577=IFCPROPERTYSET('3T48WlyqLD6wwVXm4gYD7A',#5,'CPset_BGT',$,(#6565,#6566,#6567,#6568,#6569,#6570,#6571,#6572,#6573,#6574,#6575,#6576));
#6578=IFCRELDEFINESBYPROPERTIES('3HxjPXAjP8SfrtOxQAUDFX',#5,$,$,(#6564),#6577);
#6579=IFCCARTESIANPOINT((-91.8012267435261,266.008545693301,0.));
#6580=IFCCARTESIANTRANSFORMATIONOPERATOR3D($,$,#6579,1.,$);
#6581=IFCMAPPEDITEM(#1977,#6580);
#6582=IFCSHAPEREPRESENTATION(#11,'Body','MappedRepresentation',(#6581));
#6583=IFCCARTESIANPOINT((0.,0.,0.));
#6584=IFCDIRECTION((0.,0.,1.));
#6585=IFCDIRECTION((1.,0.,0.));
#6586=IFCAXIS2PLACEMENT3D(#6583,#6584,#6585);
#6587=IFCLOCALPLACEMENT(#37,#6586);
#6588=IFCPRODUCTDEFINITIONSHAPE($,$,(#6582));
#6589=IFCBUILDINGELEMENTPROXY('0dBbxqbMXFO8$yAcMLMuuR',#5,'G0772.6625efa09aa341f5883c11c0f5590adb',$,$,#6587,#6588,$,$);
#6590=IFCPROPERTYSINGLEVALUE('hectometeraanduiding',$,IFCTEXT(''),$);
#6591=IFCPROPERTYSINGLEVALUE('plus-type',$,IFCTEXT('lichtmast'),$);
#6592=IFCPROPERTYSINGLEVALUE('subtype',$,IFCTEXT('2'),$);
#6593=IFCPROPERTYSINGLEVALUE('identificatie',$,IFCTEXT('G0772.6625efa09aa341f5883c11c0f5590adb'),$);
#6594=IFCPROPERTYSINGLEVALUE('bgt-status',$,IFCTEXT('bestaand'),$);
#6595=IFCPROPERTYSINGLEVALUE('objectBeginTijd',$,IFCTEXT('2024-02-08T23:00:00'),$);
#6596=IFCPROPERTYSINGLEVALUE('bronhouder',$,IFCTEXT('G0772'),$);
#6597=IFCPROPERTYSINGLEVALUE('inOnderzoek',$,IFCBOOLEAN(.F.),$);
#6598=IFCPROPERTYSINGLEVALUE('relatieveHoogteligging',$,IFCTEXT('0'),$);
#6599=IFCPROPERTYSINGLEVALUE('tijdstipRegistratie',$,IFCTEXT('2024-02-09T16:18:26'),$);
#6600=IFCPROPERTYSINGLEVALUE('LV-publicatiedatum',$,IFCTEXT('2024-02-09T16:32:17'),$);
#6601=IFCPROPERTYSINGLEVALUE('objecttype',$,IFCTEXT('paal_p'),$);
#6602=IFCPROPERTYSET('3cLfRxGPPAGuySTGS4ymH2',#5,'CPset_BGT',$,(#6590,#6591,#6592,#6593,#6594,#6595,#6596,#6597,#6598,#6599,#6600,#6601));
#6603=IFCRELDEFINESBYPROPERTIES('3usn6BQr9FgO1Ac3qpBV8t',#5,$,$,(#6589),#6602);
#6604=IFCCARTESIANPOINT((127.001007761661,-42.0530198037741,0.));
#6605=IFCCARTESIANTRANSFORMATIONOPERATOR3D($,$,#6604,1.,$);
#6606=IFCMAPPEDITEM(#1977,#6605);
#6607=IFCSHAPEREPRESENTATION(#11,'Body','MappedRepresentation',(#6606));
#6608=IFCCARTESIANPOINT((0.,0.,0.));
#6609=IFCDIRECTION((0.,0.,1.));
#6610=IFCDIRECTION((1.,0.,0.));
#6611=IFCAXIS2PLACEMENT3D(#6608,#6609,#6610);
#6612=IFCLOCALPLACEMENT(#37,#6611);
#6613=IFCPRODUCTDEFINITIONSHAPE($,$,(#6607));
#6614=IFCBUILDINGELEMENTPROXY('3wIl9KFR9AAgFQR6jhlXZf',#5,'G0772.31ae60503f0641c99aaafe4dbafc2be8',$,$,#6612,#6613,$,$);
#6615=IFCPROPERTYSINGLEVALUE('hectometeraanduiding',$,IFCTEXT(''),$);
#6616=IFCPROPERTYSINGLEVALUE('plus-type',$,IFCTEXT('lichtmast'),$);
#6617=IFCPROPERTYSINGLEVALUE('subtype',$,IFCTEXT('2'),$);
#6618=IFCPROPERTYSINGLEVALUE('identificatie',$,IFCTEXT('G0772.31ae60503f0641c99aaafe4dbafc2be8'),$);
#6619=IFCPROPERTYSINGLEVALUE('bgt-status',$,IFCTEXT('bestaand'),$);
#6620=IFCPROPERTYSINGLEVALUE('objectBeginTijd',$,IFCTEXT('2013-02-24T23:00:00'),$);
#6621=IFCPROPERTYSINGLEVALUE('bronhouder',$,IFCTEXT('G0772'),$);
#6622=IFCPROPERTYSINGLEVALUE('inOnderzoek',$,IFCBOOLEAN(.F.),$);
#6623=IFCPROPERTYSINGLEVALUE('relatieveHoogteligging',$,IFCTEXT('0'),$);
#6624=IFCPROPERTYSINGLEVALUE('tijdstipRegistratie',$,IFCTEXT('2016-01-07T12:25:24'),$);
#6625=IFCPROPERTYSINGLEVALUE('LV-publicatiedatum',$,IFCTEXT('2016-04-05T11:55:43'),$);
#6626=IFCPROPERTYSINGLEVALUE('objecttype',$,IFCTEXT('paal_p'),$);
#6627=IFCPROPERTYSET('33UJp6AtT8SfSmV2X1xETQ',#5,'CPset_BGT',$,(#6615,#6616,#6617,#6618,#6619,#6620,#6621,#6622,#6623,#6624,#6625,#6626));
#6628=IFCRELDEFINESBYPROPERTIES('21b5BgN1n5CgP0qCKfMIzc',#5,$,$,(#6614),#6627);
#6629=IFCCARTESIANPOINT((25.6953402877261,-2.66202370513929,0.));
#6630=IFCCARTESIANTRANSFORMATIONOPERATOR3D($,$,#6629,1.,$);
#6631=IFCMAPPEDITEM(#1977,#6630);
#6632=IFCSHAPEREPRESENTATION(#11,'Body','MappedRepresentation',(#6631));
#6633=IFCCARTESIANPOINT((0.,0.,0.));
#6634=IFCDIRECTION((0.,0.,1.));
#6635=IFCDIRECTION((1.,0.,0.));
#6636=IFCAXIS2PLACEMENT3D(#6633,#6634,#6635);
#6637=IFCLOCALPLACEMENT(#37,#6636);
#6638=IFCPRODUCTDEFINITIONSHAPE($,$,(#6632));
#6639=IFCBUILDINGELEMENTPROXY('2W30dYyqDC48OnC4SWO7yI',#5,'G0772.f22658aa59d44c7493691e6c2e1f2b40',$,$,#6637,#6638,$,$);
#6640=IFCPROPERTYSINGLEVALUE('hectometeraanduiding',$,IFCTEXT(''),$);
#6641=IFCPROPERTYSINGLEVALUE('plus-type',$,IFCTEXT('lichtmast'),$);
#6642=IFCPROPERTYSINGLEVALUE('subtype',$,IFCTEXT('2'),$);
#6643=IFCPROPERTYSINGLEVALUE('identificatie',$,IFCTEXT('G0772.f22658aa59d44c7493691e6c2e1f2b40'),$);
#6644=IFCPROPERTYSINGLEVALUE('bgt-status',$,IFCTEXT('bestaand'),$);
#6645=IFCPROPERTYSINGLEVALUE('objectBeginTijd',$,IFCTEXT('2010-06-03T22:00:00'),$);
#6646=IFCPROPERTYSINGLEVALUE('bronhouder',$,IFCTEXT('G0772'),$);
#6647=IFCPROPERTYSINGLEVALUE('inOnderzoek',$,IFCBOOLEAN(.F.),$);
#6648=IFCPROPERTYSINGLEVALUE('relatieveHoogteligging',$,IFCTEXT('0'),$);
#6649=IFCPROPERTYSINGLEVALUE('tijdstipRegistratie',$,IFCTEXT('2016-01-07T12:25:24'),$);
#6650=IFCPROPERTYSINGLEVALUE('LV-publicatiedatum',$,IFCTEXT('2016-04-05T11:55:43'),$);
#6651=IFCPROPERTYSINGLEVALUE('objecttype',$,IFCTEXT('paal_p'),$);
#6652=IFCPROPERTYSET('0sbNLOnV57TOnOBEimZYlS',#5,'CPset_BGT',$,(#6640,#6641,#6642,#6643,#6644,#6645,#6646,#6647,#6648,#6649,#6650,#6651));
#6653=IFCRELDEFINESBYPROPERTIES('0Ld9ShtCTFDwosnjvfnE_H',#5,$,$,(#6639),#6652);
#6654=IFCCARTESIANPOINT((-5.76067453020369,19.9797574919648,0.));
#6655=IFCCARTESIANTRANSFORMATIONOPERATOR3D($,$,#6654,1.,$);
#6656=IFCMAPPEDITEM(#1977,#6655);
#6657=IFCSHAPEREPRESENTATION(#11,'Body','MappedRepresentation',(#6656));
#6658=IFCCARTESIANPOINT((0.,0.,0.));
#6659=IFCDIRECTION((0.,0.,1.));
#6660=IFCDIRECTION((1.,0.,0.));
#6661=IFCAXIS2PLACEMENT3D(#6658,#6659,#6660);
#6662=IFCLOCALPLACEMENT(#37,#6661);
#6663=IFCPRODUCTDEFINITIONSHAPE($,$,(#6657));
#6664=IFCBUILDINGELEMENTPROXY('0ImqyhvC53j89DaO80T4Qw',#5,'G0772.0b208aaa1dd545f1b6c9242fac92a13d',$,$,#6662,#6663,$,$);
#6665=IFCPROPERTYSINGLEVALUE('hectometeraanduiding',$,IFCTEXT(''),$);
#6666=IFCPROPERTYSINGLEVALUE('plus-type',$,IFCTEXT('lichtmast'),$);
#6667=IFCPROPERTYSINGLEVALUE('subtype',$,IFCTEXT('2'),$);
#6668=IFCPROPERTYSINGLEVALUE('identificatie',$,IFCTEXT('G0772.0b208aaa1dd545f1b6c9242fac92a13d'),$);
#6669=IFCPROPERTYSINGLEVALUE('bgt-status',$,IFCTEXT('bestaand'),$);
#6670=IFCPROPERTYSINGLEVALUE('objectBeginTijd',$,IFCTEXT('2022-05-05T22:00:00'),$);
#6671=IFCPROPERTYSINGLEVALUE('bronhouder',$,IFCTEXT('G0772'),$);
#6672=IFCPROPERTYSINGLEVALUE('inOnderzoek',$,IFCBOOLEAN(.F.),$);
#6673=IFCPROPERTYSINGLEVALUE('relatieveHoogteligging',$,IFCTEXT('0'),$);
#6674=IFCPROPERTYSINGLEVALUE('tijdstipRegistratie',$,IFCTEXT('2022-05-10T08:25:06'),$);
#6675=IFCPROPERTYSINGLEVALUE('LV-publicatiedatum',$,IFCTEXT('2022-05-10T09:36:03'),$);
#6676=IFCPROPERTYSINGLEVALUE('objecttype',$,IFCTEXT('paal_p'),$);
#6677=IFCPROPERTYSET('1hsMp5RBjEX9hz9ptJKZ8h',#5,'CPset_BGT',$,(#6665,#6666,#6667,#6668,#6669,#6670,#6671,#6672,#6673,#6674,#6675,#6676));
#6678=IFCRELDEFINESBYPROPERTIES('3Aven_6W94EB8quVJyh3I6',#5,$,$,(#6664),#6677);
#6679=IFCCARTESIANPOINT((-5.77299050820875,6.40992988372454,0.));
#6680=IFCCARTESIANTRANSFORMATIONOPERATOR3D($,$,#6679,1.,$);
#6681=IFCMAPPEDITEM(#1977,#6680);
#6682=IFCSHAPEREPRESENTATION(#11,'Body','MappedRepresentation',(#6681));
#6683=IFCCARTESIANPOINT((0.,0.,0.));
#6684=IFCDIRECTION((0.,0.,1.));
#6685=IFCDIRECTION((1.,0.,0.));
#6686=IFCAXIS2PLACEMENT3D(#6683,#6684,#6685);
#6687=IFCLOCALPLACEMENT(#37,#6686);
#6688=IFCPRODUCTDEFINITIONSHAPE($,$,(#6682));
#6689=IFCBUILDINGELEMENTPROXY('02RANTCI187xCkOLM1E1bT',#5,'G0772.fb1dd4a8398943aa97c462fdff557311',$,$,#6687,#6688,$,$);
#6690=IFCPROPERTYSINGLEVALUE('hectometeraanduiding',$,IFCTEXT(''),$);
#6691=IFCPROPERTYSINGLEVALUE('plus-type',$,IFCTEXT('lichtmast'),$);
#6692=IFCPROPERTYSINGLEVALUE('subtype',$,IFCTEXT('2'),$);
#6693=IFCPROPERTYSINGLEVALUE('identificatie',$,IFCTEXT('G0772.fb1dd4a8398943aa97c462fdff557311'),$);
#6694=IFCPROPERTYSINGLEVALUE('bgt-status',$,IFCTEXT('bestaand'),$);
#6695=IFCPROPERTYSINGLEVALUE('objectBeginTijd',$,IFCTEXT('2022-05-05T22:00:00'),$);
#6696=IFCPROPERTYSINGLEVALUE('bronhouder',$,IFCTEXT('G0772'),$);
#6697=IFCPROPERTYSINGLEVALUE('inOnderzoek',$,IFCBOOLEAN(.F.),$);
#6698=IFCPROPERTYSINGLEVALUE('relatieveHoogteligging',$,IFCTEXT('0'),$);
#6699=IFCPROPERTYSINGLEVALUE('tijdstipRegistratie',$,IFCTEXT('2022-05-10T08:25:06'),$);
#6700=IFCPROPERTYSINGLEVALUE('LV-publicatiedatum',$,IFCTEXT('2022-05-10T09:36:03'),$);
#6701=IFCPROPERTYSINGLEVALUE('objecttype',$,IFCTEXT('paal_p'),$);
#6702=IFCPROPERTYSET('3D0nPY7$DAZBNlx2Su7DBp',#5,'CPset_BGT',$,(#6690,#6691,#6692,#6693,#6694,#6695,#6696,#6697,#6698,#6699,#6700,#6701));
#6703=IFCRELDEFINESBYPROPERTIES('05US_LYHPAmwPkOTEpCxgM',#5,$,$,(#6689),#6702);
#6704=IFCCARTESIANPOINT((232.589365845401,37.6805285757873,0.));
#6705=IFCCARTESIANTRANSFORMATIONOPERATOR3D($,$,#6704,1.,$);
#6706=IFCMAPPEDITEM(#1977,#6705);
#6707=IFCSHAPEREPRESENTATION(#11,'Body','MappedRepresentation',(#6706));
#6708=IFCCARTESIANPOINT((0.,0.,0.));
#6709=IFCDIRECTION((0.,0.,1.));
#6710=IFCDIRECTION((1.,0.,0.));
#6711=IFCAXIS2PLACEMENT3D(#6708,#6709,#6710);
#6712=IFCLOCALPLACEMENT(#37,#6711);
#6713=IFCPRODUCTDEFINITIONSHAPE($,$,(#6707));
#6714=IFCBUILDINGELEMENTPROXY('3CHHcq7a19ggpHhRoM1Klj',#5,'G0772.9f7f2316cb16476ea61c99b89adcd654',$,$,#6712,#6713,$,$);
#6715=IFCPROPERTYSINGLEVALUE('hectometeraanduiding',$,IFCTEXT(''),$);
#6716=IFCPROPERTYSINGLEVALUE('plus-type',$,IFCTEXT('lichtmast'),$);
#6717=IFCPROPERTYSINGLEVALUE('subtype',$,IFCTEXT('2'),$);
#6718=IFCPROPERTYSINGLEVALUE('identificatie',$,IFCTEXT('G0772.9f7f2316cb16476ea61c99b89adcd654'),$);
#6719=IFCPROPERTYSINGLEVALUE('bgt-status',$,IFCTEXT('bestaand'),$);
#6720=IFCPROPERTYSINGLEVALUE('objectBeginTijd',$,IFCTEXT('2025-02-13T23:00:00'),$);
#6721=IFCPROPERTYSINGLEVALUE('bronhouder',$,IFCTEXT('G0772'),$);
#6722=IFCPROPERTYSINGLEVALUE('inOnderzoek',$,IFCBOOLEAN(.F.),$);
#6723=IFCPROPERTYSINGLEVALUE('relatieveHoogteligging',$,IFCTEXT('0'),$);
#6724=IFCPROPERTYSINGLEVALUE('tijdstipRegistratie',$,IFCTEXT('2025-02-25T09:37:15'),$);
#6725=IFCPROPERTYSINGLEVALUE('LV-publicatiedatum',$,IFCTEXT('2025-02-25T09:45:00'),$);
#6726=IFCPROPERTYSINGLEVALUE('objecttype',$,IFCTEXT('paal_p'),$);
#6727=IFCPROPERTYSET('3BzLnnxLbFxeB7uVdzVnIm',#5,'CPset_BGT',$,(#6715,#6716,#6717,#6718,#6719,#6720,#6721,#6722,#6723,#6724,#6725,#6726));
#6728=IFCRELDEFINESBYPROPERTIES('0X2qUP70PF1Ask64KcI4b9',#5,$,$,(#6714),#6727);
#6729=IFCCARTESIANPOINT((10.5294176619791,-237.183516366,0.));
#6730=IFCCARTESIANTRANSFORMATIONOPERATOR3D($,$,#6729,1.,$);
#6731=IFCMAPPEDITEM(#1977,#6730);
#6732=IFCSHAPEREPRESENTATION(#11,'Body','MappedRepresentation',(#6731));
#6733=IFCCARTESIANPOINT((0.,0.,0.));
#6734=IFCDIRECTION((0.,0.,1.));
#6735=IFCDIRECTION((1.,0.,0.));
#6736=IFCAXIS2PLACEMENT3D(#6733,#6734,#6735);
#6737=IFCLOCALPLACEMENT(#37,#6736);
#6738=IFCPRODUCTDEFINITIONSHAPE($,$,(#6732));
#6739=IFCBUILDINGELEMENTPROXY('2BNNLOxW15kBbc0ge1Kw9B',#5,'G0772.f610af1e4f4d493996029f9e42494d35',$,$,#6737,#6738,$,$);
#6740=IFCPROPERTYSINGLEVALUE('hectometeraanduiding',$,IFCTEXT(''),$);
#6741=IFCPROPERTYSINGLEVALUE('plus-type',$,IFCTEXT('lichtmast'),$);
#6742=IFCPROPERTYSINGLEVALUE('subtype',$,IFCTEXT('2'),$);
#6743=IFCPROPERTYSINGLEVALUE('identificatie',$,IFCTEXT('G0772.f610af1e4f4d493996029f9e42494d35'),$);
#6744=IFCPROPERTYSINGLEVALUE('bgt-status',$,IFCTEXT('bestaand'),$);
#6745=IFCPROPERTYSINGLEVALUE('objectBeginTijd',$,IFCTEXT('2012-10-10T22:00:00'),$);
#6746=IFCPROPERTYSINGLEVALUE('bronhouder',$,IFCTEXT('G0772'),$);
#6747=IFCPROPERTYSINGLEVALUE('inOnderzoek',$,IFCBOOLEAN(.F.),$);
#6748=IFCPROPERTYSINGLEVALUE('relatieveHoogteligging',$,IFCTEXT('0'),$);
#6749=IFCPROPERTYSINGLEVALUE('tijdstipRegistratie',$,IFCTEXT('2016-01-07T12:25:24'),$);
#6750=IFCPROPERTYSINGLEVALUE('LV-publicatiedatum',$,IFCTEXT('2016-04-05T11:55:43'),$);
#6751=IFCPROPERTYSINGLEVALUE('objecttype',$,IFCTEXT('paal_p'),$);
#6752=IFCPROPERTYSET('0udrqEDM96bQVFs3XzhFKo',#5,'CPset_BGT',$,(#6740,#6741,#6742,#6743,#6744,#6745,#6746,#6747,#6748,#6749,#6750,#6751));
#6753=IFCRELDEFINESBYPROPERTIES('3ZMguAH3PDZfMZWUnU4Lff',#5,$,$,(#6739),#6752);
#6754=IFCCARTESIANPOINT((54.1267485953867,-273.808139619825,0.));
#6755=IFCCARTESIANTRANSFORMATIONOPERATOR3D($,$,#6754,1.,$);
#6756=IFCMAPPEDITEM(#1977,#6755);
#6757=IFCSHAPEREPRESENTATION(#11,'Body','MappedRepresentation',(#6756));
#6758=IFCCARTESIANPOINT((0.,0.,0.));
#6759=IFCDIRECTION((0.,0.,1.));
#6760=IFCDIRECTION((1.,0.,0.));
#6761=IFCAXIS2PLACEMENT3D(#6758,#6759,#6760);
#6762=IFCLOCALPLACEMENT(#37,#6761);
#6763=IFCPRODUCTDEFINITIONSHAPE($,$,(#6757));
#6764=IFCBUILDINGELEMENTPROXY('3ie09SbFX3Yg6DMdzrqCEG',#5,'G0772.ff73fb21cf814a8cb29273de55065721',$,$,#6762,#6763,$,$);
#6765=IFCPROPERTYSINGLEVALUE('hectometeraanduiding',$,IFCTEXT(''),$);
#6766=IFCPROPERTYSINGLEVALUE('plus-type',$,IFCTEXT('lichtmast'),$);
#6767=IFCPROPERTYSINGLEVALUE('subtype',$,IFCTEXT('2'),$);
#6768=IFCPROPERTYSINGLEVALUE('identificatie',$,IFCTEXT('G0772.ff73fb21cf814a8cb29273de55065721'),$);
#6769=IFCPROPERTYSINGLEVALUE('bgt-status',$,IFCTEXT('bestaand'),$);
#6770=IFCPROPERTYSINGLEVALUE('objectBeginTijd',$,IFCTEXT('2014-03-13T23:00:00'),$);
#6771=IFCPROPERTYSINGLEVALUE('bronhouder',$,IFCTEXT('G0772'),$);
#6772=IFCPROPERTYSINGLEVALUE('inOnderzoek',$,IFCBOOLEAN(.F.),$);
#6773=IFCPROPERTYSINGLEVALUE('relatieveHoogteligging',$,IFCTEXT('0'),$);
#6774=IFCPROPERTYSINGLEVALUE('tijdstipRegistratie',$,IFCTEXT('2016-01-07T12:25:24'),$);
#6775=IFCPROPERTYSINGLEVALUE('LV-publicatiedatum',$,IFCTEXT('2016-04-05T11:55:43'),$);
#6776=IFCPROPERTYSINGLEVALUE('objecttype',$,IFCTEXT('paal_p'),$);
#6777=IFCPROPERTYSET('0aNeuzzWDBlPm3VjJcTqbf',#5,'CPset_BGT',$,(#6765,#6766,#6767,#6768,#6769,#6770,#6771,#6772,#6773,#6774,#6775,#6776));
#6778=IFCRELDEFINESBYPROPERTIES('30lUNKTnT4PA9F1cTwcCIr',#5,$,$,(#6764),#6777);
#6779=IFCCARTESIANPOINT((-121.364051624871,-123.141811729118,0.));
#6780=IFCCARTESIANTRANSFORMATIONOPERATOR3D($,$,#6779,1.,$);
#6781=IFCMAPPEDITEM(#1977,#6780);
#6782=IFCSHAPEREPRESENTATION(#11,'Body','MappedRepresentation',(#6781));
#6783=IFCCARTESIANPOINT((0.,0.,0.));
#6784=IFCDIRECTION((0.,0.,1.));
#6785=IFCDIRECTION((1.,0.,0.));
#6786=IFCAXIS2PLACEMENT3D(#6783,#6784,#6785);
#6787=IFCLOCALPLACEMENT(#37,#6786);
#6788=IFCPRODUCTDEFINITIONSHAPE($,$,(#6782));
#6789=IFCBUILDINGELEMENTPROXY('3F1W0prWH1xhiqViQD$lzZ',#5,'G0772.1f550c903e8b42b187f477b1c4533705',$,$,#6787,#6788,$,$);
#6790=IFCPROPERTYSINGLEVALUE('hectometeraanduiding',$,IFCTEXT(''),$);
#6791=IFCPROPERTYSINGLEVALUE('plus-type',$,IFCTEXT('lichtmast'),$);
#6792=IFCPROPERTYSINGLEVALUE('subtype',$,IFCTEXT('2'),$);
#6793=IFCPROPERTYSINGLEVALUE('identificatie',$,IFCTEXT('G0772.1f550c903e8b42b187f477b1c4533705'),$);
#6794=IFCPROPERTYSINGLEVALUE('bgt-status',$,IFCTEXT('bestaand'),$);
#6795=IFCPROPERTYSINGLEVALUE('objectBeginTijd',$,IFCTEXT('2011-10-03T22:00:00'),$);
#6796=IFCPROPERTYSINGLEVALUE('bronhouder',$,IFCTEXT('G0772'),$);
#6797=IFCPROPERTYSINGLEVALUE('inOnderzoek',$,IFCBOOLEAN(.F.),$);
#6798=IFCPROPERTYSINGLEVALUE('relatieveHoogteligging',$,IFCTEXT('0'),$);
#6799=IFCPROPERTYSINGLEVALUE('tijdstipRegistratie',$,IFCTEXT('2016-01-07T12:25:24'),$);
#6800=IFCPROPERTYSINGLEVALUE('LV-publicatiedatum',$,IFCTEXT('2016-04-05T11:55:43'),$);
#6801=IFCPROPERTYSINGLEVALUE('objecttype',$,IFCTEXT('paal_p'),$);
#6802=IFCPROPERTYSET('3Eahw6VZH5aeumG_Nm_29$',#5,'CPset_BGT',$,(#6790,#6791,#6792,#6793,#6794,#6795,#6796,#6797,#6798,#6799,#6800,#6801));
#6803=IFCRELDEFINESBYPROPERTIES('0IB8X7xLH1Yw4i82GXn7BY',#5,$,$,(#6789),#6802);
#6804=IFCCARTESIANPOINT((-12.4895347341371,-227.566231999604,0.));
#6805=IFCCARTESIANTRANSFORMATIONOPERATOR3D($,$,#6804,1.,$);
#6806=IFCMAPPEDITEM(#1977,#6805);
#6807=IFCSHAPEREPRESENTATION(#11,'Body','MappedRepresentation',(#6806));
#6808=IFCCARTESIANPOINT((0.,0.,0.));
#6809=IFCDIRECTION((0.,0.,1.));
#6810=IFCDIRECTION((1.,0.,0.));
#6811=IFCAXIS2PLACEMENT3D(#6808,#6809,#6810);
#6812=IFCLOCALPLACEMENT(#37,#6811);
#6813=IFCPRODUCTDEFINITIONSHAPE($,$,(#6807));
#6814=IFCBUILDINGELEMENTPROXY('0B1uCOQjrAGRTqKgyhKgnh',#5,'G0772.1fc3d553b8064764a4b798f4623eb6c7',$,$,#6812,#6813,$,$);
#6815=IFCPROPERTYSINGLEVALUE('hectometeraanduiding',$,IFCTEXT(''),$);
#6816=IFCPROPERTYSINGLEVALUE('plus-type',$,IFCTEXT('lichtmast'),$);
#6817=IFCPROPERTYSINGLEVALUE('subtype',$,IFCTEXT('2'),$);
#6818=IFCPROPERTYSINGLEVALUE('identificatie',$,IFCTEXT('G0772.1fc3d553b8064764a4b798f4623eb6c7'),$);
#6819=IFCPROPERTYSINGLEVALUE('bgt-status',$,IFCTEXT('bestaand'),$);
#6820=IFCPROPERTYSINGLEVALUE('objectBeginTijd',$,IFCTEXT('2012-10-10T22:00:00'),$);
#6821=IFCPROPERTYSINGLEVALUE('bronhouder',$,IFCTEXT('G0772'),$);
#6822=IFCPROPERTYSINGLEVALUE('inOnderzoek',$,IFCBOOLEAN(.F.),$);
#6823=IFCPROPERTYSINGLEVALUE('relatieveHoogteligging',$,IFCTEXT('0'),$);
#6824=IFCPROPERTYSINGLEVALUE('tijdstipRegistratie',$,IFCTEXT('2016-01-07T12:25:24'),$);
#6825=IFCPROPERTYSINGLEVALUE('LV-publicatiedatum',$,IFCTEXT('2016-04-05T11:55:43'),$);
#6826=IFCPROPERTYSINGLEVALUE('objecttype',$,IFCTEXT('paal_p'),$);
#6827=IFCPROPERTYSET('24dyvuRfz0PA45XGhV53qM',#5,'CPset_BGT',$,(#6815,#6816,#6817,#6818,#6819,#6820,#6821,#6822,#6823,#6824,#6825,#6826));
#6828=IFCRELDEFINESBYPROPERTIES('0p7pU3VtDApfd8ZUhmDhmt',#5,$,$,(#6814),#6827);
#6829=IFCCARTESIANPOINT((-20.1491834938352,-209.09171122429,0.));
#6830=IFCCARTESIANTRANSFORMATIONOPERATOR3D($,$,#6829,1.,$);
#6831=IFCMAPPEDITEM(#1977,#6830);
#6832=IFCSHAPEREPRESENTATION(#11,'Body','MappedRepresentation',(#6831));
#6833=IFCCARTESIANPOINT((0.,0.,0.));
#6834=IFCDIRECTION((0.,0.,1.));
#6835=IFCDIRECTION((1.,0.,0.));
#6836=IFCAXIS2PLACEMENT3D(#6833,#6834,#6835);
#6837=IFCLOCALPLACEMENT(#37,#6836);
#6838=IFCPRODUCTDEFINITIONSHAPE($,$,(#6832));
#6839=IFCBUILDINGELEMENTPROXY('3e5xKeCMf2MPn0wu2q0Bxz',#5,'G0772.2f80f6897490485ca329479223fbc6ef',$,$,#6837,#6838,$,$);
#6840=IFCPROPERTYSINGLEVALUE('hectometeraanduiding',$,IFCTEXT(''),$);
#6841=IFCPROPERTYSINGLEVALUE('plus-type',$,IFCTEXT('lichtmast'),$);
#6842=IFCPROPERTYSINGLEVALUE('subtype',$,IFCTEXT('2'),$);
#6843=IFCPROPERTYSINGLEVALUE('identificatie',$,IFCTEXT('G0772.2f80f6897490485ca329479223fbc6ef'),$);
#6844=IFCPROPERTYSINGLEVALUE('bgt-status',$,IFCTEXT('bestaand'),$);
#6845=IFCPROPERTYSINGLEVALUE('objectBeginTijd',$,IFCTEXT('2012-10-10T22:00:00'),$);
#6846=IFCPROPERTYSINGLEVALUE('bronhouder',$,IFCTEXT('G0772'),$);
#6847=IFCPROPERTYSINGLEVALUE('inOnderzoek',$,IFCBOOLEAN(.F.),$);
#6848=IFCPROPERTYSINGLEVALUE('relatieveHoogteligging',$,IFCTEXT('0'),$);
#6849=IFCPROPERTYSINGLEVALUE('tijdstipRegistratie',$,IFCTEXT('2016-01-07T12:25:24'),$);
#6850=IFCPROPERTYSINGLEVALUE('LV-publicatiedatum',$,IFCTEXT('2016-04-05T11:55:43'),$);
#6851=IFCPROPERTYSINGLEVALUE('objecttype',$,IFCTEXT('paal_p'),$);
#6852=IFCPROPERTYSET('1XAAMvYl9A$u_QOiGekJ5T',#5,'CPset_BGT',$,(#6840,#6841,#6842,#6843,#6844,#6845,#6846,#6847,#6848,#6849,#6850,#6851));
#6853=IFCRELDEFINESBYPROPERTIES('2IhuiDNLP66Bw8bptvOIJK',#5,$,$,(#6839),#6852);
#6854=IFCCARTESIANPOINT((-273.508435902506,-6.40112005412811,0.));
#6855=IFCCARTESIANTRANSFORMATIONOPERATOR3D($,$,#6854,1.,$);
#6856=IFCMAPPEDITEM(#1977,#6855);
#6857=IFCSHAPEREPRESENTATION(#11,'Body','MappedRepresentation',(#6856));
#6858=IFCCARTESIANPOINT((0.,0.,0.));
#6859=IFCDIRECTION((0.,0.,1.));
#6860=IFCDIRECTION((1.,0.,0.));
#6861=IFCAXIS2PLACEMENT3D(#6858,#6859,#6860);
#6862=IFCLOCALPLACEMENT(#37,#6861);
#6863=IFCPRODUCTDEFINITIONSHAPE($,$,(#6857));
#6864=IFCBUILDINGELEMENTPROXY('1TiNN6VDH1nRv3U50uD09J',#5,'G0772.871504c0382748d29bc99aa687047bc6',$,$,#6862,#6863,$,$);
#6865=IFCPROPERTYSINGLEVALUE('hectometeraanduiding',$,IFCTEXT(''),$);
#6866=IFCPROPERTYSINGLEVALUE('plus-type',$,IFCTEXT('lichtmast'),$);
#6867=IFCPROPERTYSINGLEVALUE('subtype',$,IFCTEXT('2'),$);
#6868=IFCPROPERTYSINGLEVALUE('identificatie',$,IFCTEXT('G0772.871504c0382748d29bc99aa687047bc6'),$);
#6869=IFCPROPERTYSINGLEVALUE('bgt-status',$,IFCTEXT('bestaand'),$);
#6870=IFCPROPERTYSINGLEVALUE('objectBeginTijd',$,IFCTEXT('2015-04-06T22:00:00'),$);
#6871=IFCPROPERTYSINGLEVALUE('bronhouder',$,IFCTEXT('G0772'),$);
#6872=IFCPROPERTYSINGLEVALUE('inOnderzoek',$,IFCBOOLEAN(.F.),$);
#6873=IFCPROPERTYSINGLEVALUE('relatieveHoogteligging',$,IFCTEXT('0'),$);
#6874=IFCPROPERTYSINGLEVALUE('tijdstipRegistratie',$,IFCTEXT('2016-01-07T12:25:24'),$);
#6875=IFCPROPERTYSINGLEVALUE('LV-publicatiedatum',$,IFCTEXT('2016-04-05T11:55:43'),$);
#6876=IFCPROPERTYSINGLEVALUE('objecttype',$,IFCTEXT('paal_p'),$);
#6877=IFCPROPERTYSET('218cIBYRv5mxHr$mOouv$_',#5,'CPset_BGT',$,(#6865,#6866,#6867,#6868,#6869,#6870,#6871,#6872,#6873,#6874,#6875,#6876));
#6878=IFCRELDEFINESBYPROPERTIES('0nKJOSFG53eOAwIZm3pLai',#5,$,$,(#6864),#6877);
#6879=IFCCARTESIANPOINT((-272.946646323981,-15.3965296873939,0.));
#6880=IFCCARTESIANTRANSFORMATIONOPERATOR3D($,$,#6879,1.,$);
#6881=IFCMAPPEDITEM(#1977,#6880);
#6882=IFCSHAPEREPRESENTATION(#11,'Body','MappedRepresentation',(#6881));
#6883=IFCCARTESIANPOINT((0.,0.,0.));
#6884=IFCDIRECTION((0.,0.,1.));
#6885=IFCDIRECTION((1.,0.,0.));
#6886=IFCAXIS2PLACEMENT3D(#6883,#6884,#6885);
#6887=IFCLOCALPLACEMENT(#37,#6886);
#6888=IFCPRODUCTDEFINITIONSHAPE($,$,(#6882));
#6889=IFCBUILDINGELEMENTPROXY('1oPEIBm851fhdz0KvWIuhU',#5,'G0772.8a2fcf2c2b76442ab3fc400725df93aa',$,$,#6887,#6888,$,$);
#6890=IFCPROPERTYSINGLEVALUE('hectometeraanduiding',$,IFCTEXT(''),$);
#6891=IFCPROPERTYSINGLEVALUE('plus-type',$,IFCTEXT('lichtmast'),$);
#6892=IFCPROPERTYSINGLEVALUE('subtype',$,IFCTEXT('2'),$);
#6893=IFCPROPERTYSINGLEVALUE('identificatie',$,IFCTEXT('G0772.8a2fcf2c2b76442ab3fc400725df93aa'),$);
#6894=IFCPROPERTYSINGLEVALUE('bgt-status',$,IFCTEXT('bestaand'),$);
#6895=IFCPROPERTYSINGLEVALUE('objectBeginTijd',$,IFCTEXT('2015-04-06T22:00:00'),$);
#6896=IFCPROPERTYSINGLEVALUE('bronhouder',$,IFCTEXT('G0772'),$);
#6897=IFCPROPERTYSINGLEVALUE('inOnderzoek',$,IFCBOOLEAN(.F.),$);
#6898=IFCPROPERTYSINGLEVALUE('relatieveHoogteligging',$,IFCTEXT('0'),$);
#6899=IFCPROPERTYSINGLEVALUE('tijdstipRegistratie',$,IFCTEXT('2016-01-07T12:25:24'),$);
#6900=IFCPROPERTYSINGLEVALUE('LV-publicatiedatum',$,IFCTEXT('2016-04-05T11:55:43'),$);
#6901=IFCPROPERTYSINGLEVALUE('objecttype',$,IFCTEXT('paal_p'),$);
#6902=IFCPROPERTYSET('0zq_alypj48vTiZWEXlgbe',#5,'CPset_BGT',$,(#6890,#6891,#6892,#6893,#6894,#6895,#6896,#6897,#6898,#6899,#6900,#6901));
#6903=IFCRELDEFINESBYPROPERTIES('3DRVWV3iT2Zfb4F69M9bVS',#5,$,$,(#6889),#6902);
#6904=IFCCARTESIANPOINT((-58.9793901634694,-198.024827155576,0.));
#6905=IFCCARTESIANTRANSFORMATIONOPERATOR3D($,$,#6904,1.,$);
#6906=IFCMAPPEDITEM(#1977,#6905);
#6907=IFCSHAPEREPRESENTATION(#11,'Body','MappedRepresentation',(#6906));
#6908=IFCCARTESIANPOINT((0.,0.,0.));
#6909=IFCDIRECTION((0.,0.,1.));
#6910=IFCDIRECTION((1.,0.,0.));
#6911=IFCAXIS2PLACEMENT3D(#6908,#6909,#6910);
#6912=IFCLOCALPLACEMENT(#37,#6911);
#6913=IFCPRODUCTDEFINITIONSHAPE($,$,(#6907));
#6914=IFCBUILDINGELEMENTPROXY('26WhFASqv7XwBjztDGCBFX',#5,'G0772.b9b2f7ebe8a647f9b32fbcfafaa56730',$,$,#6912,#6913,$,$);
#6915=IFCPROPERTYSINGLEVALUE('hectometeraanduiding',$,IFCTEXT(''),$);
#6916=IFCPROPERTYSINGLEVALUE('plus-type',$,IFCTEXT('lichtmast'),$);
#6917=IFCPROPERTYSINGLEVALUE('subtype',$,IFCTEXT('2'),$);
#6918=IFCPROPERTYSINGLEVALUE('identificatie',$,IFCTEXT('G0772.b9b2f7ebe8a647f9b32fbcfafaa56730'),$);
#6919=IFCPROPERTYSINGLEVALUE('bgt-status',$,IFCTEXT('bestaand'),$);
#6920=IFCPROPERTYSINGLEVALUE('objectBeginTijd',$,IFCTEXT('2015-04-06T22:00:00'),$);
#6921=IFCPROPERTYSINGLEVALUE('bronhouder',$,IFCTEXT('G0772'),$);
#6922=IFCPROPERTYSINGLEVALUE('inOnderzoek',$,IFCBOOLEAN(.F.),$);
#6923=IFCPROPERTYSINGLEVALUE('relatieveHoogteligging',$,IFCTEXT('0'),$);
#6924=IFCPROPERTYSINGLEVALUE('tijdstipRegistratie',$,IFCTEXT('2016-01-07T12:25:24'),$);
#6925=IFCPROPERTYSINGLEVALUE('LV-publicatiedatum',$,IFCTEXT('2016-04-05T11:55:43'),$);
#6926=IFCPROPERTYSINGLEVALUE('objecttype',$,IFCTEXT('paal_p'),$);
#6927=IFCPROPERTYSET('2QdrVgAwn96QrGtbkYlCxl',#5,'CPset_BGT',$,(#6915,#6916,#6917,#6918,#6919,#6920,#6921,#6922,#6923,#6924,#6925,#6926));
#6928=IFCRELDEFINESBYPROPERTIES('0rQjwXDqX1CwtI5u1ak7tM',#5,$,$,(#6914),#6927);
#6929=IFCCARTESIANPOINT((-43.1054528707464,-212.859659909154,0.));
#6930=IFCCARTESIANTRANSFORMATIONOPERATOR3D($,$,#6929,1.,$);
#6931=IFCMAPPEDITEM(#1977,#6930);
#6932=IFCSHAPEREPRESENTATION(#11,'Body','MappedRepresentation',(#6931));
#6933=IFCCARTESIANPOINT((0.,0.,0.));
#6934=IFCDIRECTION((0.,0.,1.));
#6935=IFCDIRECTION((1.,0.,0.));
#6936=IFCAXIS2PLACEMENT3D(#6933,#6934,#6935);
#6937=IFCLOCALPLACEMENT(#37,#6936);
#6938=IFCPRODUCTDEFINITIONSHAPE($,$,(#6932));
#6939=IFCBUILDINGELEMENTPROXY('12dHcHyT15PO4uzwoV5rEh',#5,'G0772.cf7e05f96edc427fa881ab779f27dd0c',$,$,#6937,#6938,$,$);
#6940=IFCPROPERTYSINGLEVALUE('hectometeraanduiding',$,IFCTEXT(''),$);
#6941=IFCPROPERTYSINGLEVALUE('plus-type',$,IFCTEXT('lichtmast'),$);
#6942=IFCPROPERTYSINGLEVALUE('subtype',$,IFCTEXT('2'),$);
#6943=IFCPROPERTYSINGLEVALUE('identificatie',$,IFCTEXT('G0772.cf7e05f96edc427fa881ab779f27dd0c'),$);
#6944=IFCPROPERTYSINGLEVALUE('bgt-status',$,IFCTEXT('bestaand'),$);
#6945=IFCPROPERTYSINGLEVALUE('objectBeginTijd',$,IFCTEXT('2015-04-06T22:00:00'),$);
#6946=IFCPROPERTYSINGLEVALUE('bronhouder',$,IFCTEXT('G0772'),$);
#6947=IFCPROPERTYSINGLEVALUE('inOnderzoek',$,IFCBOOLEAN(.F.),$);
#6948=IFCPROPERTYSINGLEVALUE('relatieveHoogteligging',$,IFCTEXT('0'),$);
#6949=IFCPROPERTYSINGLEVALUE('tijdstipRegistratie',$,IFCTEXT('2016-01-07T12:25:24'),$);
#6950=IFCPROPERTYSINGLEVALUE('LV-publicatiedatum',$,IFCTEXT('2016-04-05T11:55:43'),$);
#6951=IFCPROPERTYSINGLEVALUE('objecttype',$,IFCTEXT('paal_p'),$);
#6952=IFCPROPERTYSET('14TCNSDAT7_9UYWMRvan4L',#5,'CPset_BGT',$,(#6940,#6941,#6942,#6943,#6944,#6945,#6946,#6947,#6948,#6949,#6950,#6951));
#6953=IFCRELDEFINESBYPROPERTIES('2_0pPjWuv52gziYsrhY$Ni',#5,$,$,(#6939),#6952);
#6954=IFCCARTESIANPOINT((-116.695473674481,-127.737552139733,0.));
#6955=IFCCARTESIANTRANSFORMATIONOPERATOR3D($,$,#6954,1.,$);
#6956=IFCMAPPEDITEM(#1977,#6955);
#6957=IFCSHAPEREPRESENTATION(#11,'Body','MappedRepresentation',(#6956));
#6958=IFCCARTESIANPOINT((0.,0.,0.));
#6959=IFCDIRECTION((0.,0.,1.));
#6960=IFCDIRECTION((1.,0.,0.));
#6961=IFCAXIS2PLACEMENT3D(#6958,#6959,#6960);
#6962=IFCLOCALPLACEMENT(#37,#6961);
#6963=IFCPRODUCTDEFINITIONSHAPE($,$,(#6957));
#6964=IFCBUILDINGELEMENTPROXY('1d4jhj2SL4ohKTxN9Z8wlj',#5,'G0772.0dc43fd8d0b249a89aeafd4cf96918d3',$,$,#6962,#6963,$,$);
#6965=IFCPROPERTYSINGLEVALUE('hectometeraanduiding',$,IFCTEXT(''),$);
#6966=IFCPROPERTYSINGLEVALUE('plus-type',$,IFCTEXT('lichtmast'),$);
#6967=IFCPROPERTYSINGLEVALUE('subtype',$,IFCTEXT('2'),$);
#6968=IFCPROPERTYSINGLEVALUE('identificatie',$,IFCTEXT('G0772.0dc43fd8d0b249a89aeafd4cf96918d3'),$);
#6969=IFCPROPERTYSINGLEVALUE('bgt-status',$,IFCTEXT('bestaand'),$);
#6970=IFCPROPERTYSINGLEVALUE('objectBeginTijd',$,IFCTEXT('2015-04-06T22:00:00'),$);
#6971=IFCPROPERTYSINGLEVALUE('bronhouder',$,IFCTEXT('G0772'),$);
#6972=IFCPROPERTYSINGLEVALUE('inOnderzoek',$,IFCBOOLEAN(.F.),$);
#6973=IFCPROPERTYSINGLEVALUE('relatieveHoogteligging',$,IFCTEXT('0'),$);
#6974=IFCPROPERTYSINGLEVALUE('tijdstipRegistratie',$,IFCTEXT('2016-01-07T12:25:24'),$);
#6975=IFCPROPERTYSINGLEVALUE('LV-publicatiedatum',$,IFCTEXT('2016-04-05T11:55:43'),$);
#6976=IFCPROPERTYSINGLEVALUE('objecttype',$,IFCTEXT('paal_p'),$);
#6977=IFCPROPERTYSET('0$Gy3ySpX6BuROHKLrwvHM',#5,'CPset_BGT',$,(#6965,#6966,#6967,#6968,#6969,#6970,#6971,#6972,#6973,#6974,#6975,#6976));
#6978=IFCRELDEFINESBYPROPERTIES('2zFI6AaajFIO6YbRdz6J2X',#5,$,$,(#6964),#6977);
#6979=IFCCARTESIANPOINT((-43.9709116532758,-191.777897765161,0.));
#6980=IFCCARTESIANTRANSFORMATIONOPERATOR3D($,$,#6979,1.,$);
#6981=IFCMAPPEDITEM(#1977,#6980);
#6982=IFCSHAPEREPRESENTATION(#11,'Body','MappedRepresentation',(#6981));
#6983=IFCCARTESIANPOINT((0.,0.,0.));
#6984=IFCDIRECTION((0.,0.,1.));
#6985=IFCDIRECTION((1.,0.,0.));
#6986=IFCAXIS2PLACEMENT3D(#6983,#6984,#6985);
#6987=IFCLOCALPLACEMENT(#37,#6986);
#6988=IFCPRODUCTDEFINITIONSHAPE($,$,(#6982));
#6989=IFCBUILDINGELEMENTPROXY('1tALo0Aqb7ZAyT6w8iECAu',#5,'G0772.2be2d5bbfdb34c8b8d136a2bdef5e2a9',$,$,#6987,#6988,$,$);
#6990=IFCPROPERTYSINGLEVALUE('hectometeraanduiding',$,IFCTEXT(''),$);
#6991=IFCPROPERTYSINGLEVALUE('plus-type',$,IFCTEXT('lichtmast'),$);
#6992=IFCPROPERTYSINGLEVALUE('subtype',$,IFCTEXT('2'),$);
#6993=IFCPROPERTYSINGLEVALUE('identificatie',$,IFCTEXT('G0772.2be2d5bbfdb34c8b8d136a2bdef5e2a9'),$);
#6994=IFCPROPERTYSINGLEVALUE('bgt-status',$,IFCTEXT('bestaand'),$);
#6995=IFCPROPERTYSINGLEVALUE('objectBeginTijd',$,IFCTEXT('2015-04-06T22:00:00'),$);
#6996=IFCPROPERTYSINGLEVALUE('bronhouder',$,IFCTEXT('G0772'),$);
#6997=IFCPROPERTYSINGLEVALUE('inOnderzoek',$,IFCBOOLEAN(.F.),$);
#6998=IFCPROPERTYSINGLEVALUE('relatieveHoogteligging',$,IFCTEXT('0'),$);
#6999=IFCPROPERTYSINGLEVALUE('tijdstipRegistratie',$,IFCTEXT('2016-01-07T12:25:24'),$);
#7000=IFCPROPERTYSINGLEVALUE('LV-publicatiedatum',$,IFCTEXT('2016-04-05T11:55:43'),$);
#7001=IFCPROPERTYSINGLEVALUE('objecttype',$,IFCTEXT('paal_p'),$);
#7002=IFCPROPERTYSET('0yeKz9uvj7qvQl0FJQ1DE4',#5,'CPset_BGT',$,(#6990,#6991,#6992,#6993,#6994,#6995,#6996,#6997,#6998,#6999,#7000,#7001));
#7003=IFCRELDEFINESBYPROPERTIES('0jxRxugVj22BjRB3YwHxYv',#5,$,$,(#6989),#7002);
#7004=IFCCARTESIANPOINT((-252.214862359164,-15.4708710294217,0.));
#7005=IFCCARTESIANTRANSFORMATIONOPERATOR3D($,$,#7004,1.,$);
#7006=IFCMAPPEDITEM(#1977,#7005);
#7007=IFCSHAPEREPRESENTATION(#11,'Body','MappedRepresentation',(#7006));
#7008=IFCCARTESIANPOINT((0.,0.,0.));
#7009=IFCDIRECTION((0.,0.,1.));
#7010=IFCDIRECTION((1.,0.,0.));
#7011=IFCAXIS2PLACEMENT3D(#7008,#7009,#7010);
#7012=IFCLOCALPLACEMENT(#37,#7011);
#7013=IFCPRODUCTDEFINITIONSHAPE($,$,(#7007));
#7014=IFCBUILDINGELEMENTPROXY('2pfo8FHAf1f86ItoHWPlcT',#5,'G0772.42e02378bf0e443bbab37473473aa4b1',$,$,#7012,#7013,$,$);
#7015=IFCPROPERTYSINGLEVALUE('hectometeraanduiding',$,IFCTEXT(''),$);
#7016=IFCPROPERTYSINGLEVALUE('plus-type',$,IFCTEXT('lichtmast'),$);
#7017=IFCPROPERTYSINGLEVALUE('subtype',$,IFCTEXT('2'),$);
#7018=IFCPROPERTYSINGLEVALUE('identificatie',$,IFCTEXT('G0772.42e02378bf0e443bbab37473473aa4b1'),$);
#7019=IFCPROPERTYSINGLEVALUE('bgt-status',$,IFCTEXT('bestaand'),$);
#7020=IFCPROPERTYSINGLEVALUE('objectBeginTijd',$,IFCTEXT('2015-04-06T22:00:00'),$);
#7021=IFCPROPERTYSINGLEVALUE('bronhouder',$,IFCTEXT('G0772'),$);
#7022=IFCPROPERTYSINGLEVALUE('inOnderzoek',$,IFCBOOLEAN(.F.),$);
#7023=IFCPROPERTYSINGLEVALUE('relatieveHoogteligging',$,IFCTEXT('0'),$);
#7024=IFCPROPERTYSINGLEVALUE('tijdstipRegistratie',$,IFCTEXT('2016-01-07T12:25:24'),$);
#7025=IFCPROPERTYSINGLEVALUE('LV-publicatiedatum',$,IFCTEXT('2016-04-05T11:55:43'),$);
#7026=IFCPROPERTYSINGLEVALUE('objecttype',$,IFCTEXT('paal_p'),$);
#7027=IFCPROPERTYSET('073c7pkebFIBT8E0_tLEfO',#5,'CPset_BGT',$,(#7015,#7016,#7017,#7018,#7019,#7020,#7021,#7022,#7023,#7024,#7025,#7026));
#7028=IFCRELDEFINESBYPROPERTIES('2m3IcC_8HDtxwM3itBb2zv',#5,$,$,(#7014),#7027);
#7029=IFCCARTESIANPOINT((-232.756698924204,-45.388723638549,0.));
#7030=IFCCARTESIANTRANSFORMATIONOPERATOR3D($,$,#7029,1.,$);
#7031=IFCMAPPEDITEM(#1977,#7030);
#7032=IFCSHAPEREPRESENTATION(#11,'Body','MappedRepresentation',(#7031));
#7033=IFCCARTESIANPOINT((0.,0.,0.));
#7034=IFCDIRECTION((0.,0.,1.));
#7035=IFCDIRECTION((1.,0.,0.));
#7036=IFCAXIS2PLACEMENT3D(#7033,#7034,#7035);
#7037=IFCLOCALPLACEMENT(#37,#7036);
#7038=IFCPRODUCTDEFINITIONSHAPE($,$,(#7032));
#7039=IFCBUILDINGELEMENTPROXY('39PL3Sz812HQU4ioRsS2Yz',#5,'G0772.563f76f862414ba2ae1c767162f08034',$,$,#7037,#7038,$,$);
#7040=IFCPROPERTYSINGLEVALUE('hectometeraanduiding',$,IFCTEXT(''),$);
#7041=IFCPROPERTYSINGLEVALUE('plus-type',$,IFCTEXT('lichtmast'),$);
#7042=IFCPROPERTYSINGLEVALUE('subtype',$,IFCTEXT('2'),$);
#7043=IFCPROPERTYSINGLEVALUE('identificatie',$,IFCTEXT('G0772.563f76f862414ba2ae1c767162f08034'),$);
#7044=IFCPROPERTYSINGLEVALUE('bgt-status',$,IFCTEXT('bestaand'),$);
#7045=IFCPROPERTYSINGLEVALUE('objectBeginTijd',$,IFCTEXT('2013-02-24T23:00:00'),$);
#7046=IFCPROPERTYSINGLEVALUE('bronhouder',$,IFCTEXT('G0772'),$);
#7047=IFCPROPERTYSINGLEVALUE('inOnderzoek',$,IFCBOOLEAN(.F.),$);
#7048=IFCPROPERTYSINGLEVALUE('relatieveHoogteligging',$,IFCTEXT('0'),$);
#7049=IFCPROPERTYSINGLEVALUE('tijdstipRegistratie',$,IFCTEXT('2016-01-07T12:25:24'),$);
#7050=IFCPROPERTYSINGLEVALUE('LV-publicatiedatum',$,IFCTEXT('2016-04-05T11:55:43'),$);
#7051=IFCPROPERTYSINGLEVALUE('objecttype',$,IFCTEXT('paal_p'),$);
#7052=IFCPROPERTYSET('34a$fg3GP4fBuSuP6acyEC',#5,'CPset_BGT',$,(#7040,#7041,#7042,#7043,#7044,#7045,#7046,#7047,#7048,#7049,#7050,#7051));
#7053=IFCRELDEFINESBYPROPERTIES('1Tt_$l1Tv46gOipMemAB_2',#5,$,$,(#7039),#7052);
#7054=IFCCARTESIANPOINT((-131.344259758684,-127.16389347933,0.));
#7055=IFCCARTESIANTRANSFORMATIONOPERATOR3D($,$,#7054,1.,$);
#7056=IFCMAPPEDITEM(#1977,#7055);
#7057=IFCSHAPEREPRESENTATION(#11,'Body','MappedRepresentation',(#7056));
#7058=IFCCARTESIANPOINT((0.,0.,0.));
#7059=IFCDIRECTION((0.,0.,1.));
#7060=IFCDIRECTION((1.,0.,0.));
#7061=IFCAXIS2PLACEMENT3D(#7058,#7059,#7060);
#7062=IFCLOCALPLACEMENT(#37,#7061);
#7063=IFCPRODUCTDEFINITIONSHAPE($,$,(#7057));
#7064=IFCBUILDINGELEMENTPROXY('2W4wbT$H99Zx7xukpSkesQ',#5,'G0772.61b69d9669c74a3a83c950829bb01721',$,$,#7062,#7063,$,$);
#7065=IFCPROPERTYSINGLEVALUE('hectometeraanduiding',$,IFCTEXT(''),$);
#7066=IFCPROPERTYSINGLEVALUE('plus-type',$,IFCTEXT('lichtmast'),$);
#7067=IFCPROPERTYSINGLEVALUE('subtype',$,IFCTEXT('2'),$);
#7068=IFCPROPERTYSINGLEVALUE('identificatie',$,IFCTEXT('G0772.61b69d9669c74a3a83c950829bb01721'),$);
#7069=IFCPROPERTYSINGLEVALUE('bgt-status',$,IFCTEXT('bestaand'),$);
#7070=IFCPROPERTYSINGLEVALUE('objectBeginTijd',$,IFCTEXT('2011-10-03T22:00:00'),$);
#7071=IFCPROPERTYSINGLEVALUE('bronhouder',$,IFCTEXT('G0772'),$);
#7072=IFCPROPERTYSINGLEVALUE('inOnderzoek',$,IFCBOOLEAN(.F.),$);
#7073=IFCPROPERTYSINGLEVALUE('relatieveHoogteligging',$,IFCTEXT('0'),$);
#7074=IFCPROPERTYSINGLEVALUE('tijdstipRegistratie',$,IFCTEXT('2016-01-07T12:25:24'),$);
#7075=IFCPROPERTYSINGLEVALUE('LV-publicatiedatum',$,IFCTEXT('2016-04-05T11:55:43'),$);
#7076=IFCPROPERTYSINGLEVALUE('objecttype',$,IFCTEXT('paal_p'),$);
#7077=IFCPROPERTYSET('2e_BsRK1TBQhcSuuVaunXt',#5,'CPset_BGT',$,(#7065,#7066,#7067,#7068,#7069,#7070,#7071,#7072,#7073,#7074,#7075,#7076));
#7078=IFCRELDEFINESBYPROPERTIES('3XLwtavoLFSh$tKno4xk5M',#5,$,$,(#7064),#7077);
#7079=IFCCARTESIANPOINT((-109.977893520641,-144.612328016141,0.));
#7080=IFCCARTESIANTRANSFORMATIONOPERATOR3D($,$,#7079,1.,$);
#7081=IFCMAPPEDITEM(#1977,#7080);
#7082=IFCSHAPEREPRESENTATION(#11,'Body','MappedRepresentation',(#7081));
#7083=IFCCARTESIANPOINT((0.,0.,0.));
#7084=IFCDIRECTION((0.,0.,1.));
#7085=IFCDIRECTION((1.,0.,0.));
#7086=IFCAXIS2PLACEMENT3D(#7083,#7084,#7085);
#7087=IFCLOCALPLACEMENT(#37,#7086);
#7088=IFCPRODUCTDEFINITIONSHAPE($,$,(#7082));
#7089=IFCBUILDINGELEMENTPROXY('3nYs4YKV92TQ14hC3lvJWI',#5,'G0772.7751c2ad1dc64d3e88369bd9623f9378',$,$,#7087,#7088,$,$);
#7090=IFCPROPERTYSINGLEVALUE('hectometeraanduiding',$,IFCTEXT(''),$);
#7091=IFCPROPERTYSINGLEVALUE('plus-type',$,IFCTEXT('lichtmast'),$);
#7092=IFCPROPERTYSINGLEVALUE('subtype',$,IFCTEXT('2'),$);
#7093=IFCPROPERTYSINGLEVALUE('identificatie',$,IFCTEXT('G0772.7751c2ad1dc64d3e88369bd9623f9378'),$);
#7094=IFCPROPERTYSINGLEVALUE('bgt-status',$,IFCTEXT('bestaand'),$);
#7095=IFCPROPERTYSINGLEVALUE('objectBeginTijd',$,IFCTEXT('2015-04-06T22:00:00'),$);
#7096=IFCPROPERTYSINGLEVALUE('bronhouder',$,IFCTEXT('G0772'),$);
#7097=IFCPROPERTYSINGLEVALUE('inOnderzoek',$,IFCBOOLEAN(.F.),$);
#7098=IFCPROPERTYSINGLEVALUE('relatieveHoogteligging',$,IFCTEXT('0'),$);
#7099=IFCPROPERTYSINGLEVALUE('tijdstipRegistratie',$,IFCTEXT('2016-01-07T12:25:24'),$);
#7100=IFCPROPERTYSINGLEVALUE('LV-publicatiedatum',$,IFCTEXT('2016-04-05T11:55:43'),$);
#7101=IFCPROPERTYSINGLEVALUE('objecttype',$,IFCTEXT('paal_p'),$);
#7102=IFCPROPERTYSET('2fXX1BNPvBXOYIvGtKaXic',#5,'CPset_BGT',$,(#7090,#7091,#7092,#7093,#7094,#7095,#7096,#7097,#7098,#7099,#7100,#7101));
#7103=IFCRELDEFINESBYPROPERTIES('2joMDuJwr2_RgAXP71ZADk',#5,$,$,(#7089),#7102);
#7104=IFCCARTESIANPOINT((-124.783665757335,-139.726062215224,0.));
#7105=IFCCARTESIANTRANSFORMATIONOPERATOR3D($,$,#7104,1.,$);
#7106=IFCMAPPEDITEM(#1977,#7105);
#7107=IFCSHAPEREPRESENTATION(#11,'Body','MappedRepresentation',(#7106));
#7108=IFCCARTESIANPOINT((0.,0.,0.));
#7109=IFCDIRECTION((0.,0.,1.));
#7110=IFCDIRECTION((1.,0.,0.));
#7111=IFCAXIS2PLACEMENT3D(#7108,#7109,#7110);
#7112=IFCLOCALPLACEMENT(#37,#7111);
#7113=IFCPRODUCTDEFINITIONSHAPE($,$,(#7107));
#7114=IFCBUILDINGELEMENTPROXY('3O9Fy34UTFVAuvQD8yYhzA',#5,'G0772.00cad336d6304f6ea228e660bd0b10b8',$,$,#7112,#7113,$,$);
#7115=IFCPROPERTYSINGLEVALUE('hectometeraanduiding',$,IFCTEXT(''),$);
#7116=IFCPROPERTYSINGLEVALUE('plus-type',$,IFCTEXT('lichtmast'),$);
#7117=IFCPROPERTYSINGLEVALUE('subtype',$,IFCTEXT('2'),$);
#7118=IFCPROPERTYSINGLEVALUE('identificatie',$,IFCTEXT('G0772.00cad336d6304f6ea228e660bd0b10b8'),$);
#7119=IFCPROPERTYSINGLEVALUE('bgt-status',$,IFCTEXT('bestaand'),$);
#7120=IFCPROPERTYSINGLEVALUE('objectBeginTijd',$,IFCTEXT('2023-12-10T23:00:00'),$);
#7121=IFCPROPERTYSINGLEVALUE('bronhouder',$,IFCTEXT('G0772'),$);
#7122=IFCPROPERTYSINGLEVALUE('inOnderzoek',$,IFCBOOLEAN(.F.),$);
#7123=IFCPROPERTYSINGLEVALUE('relatieveHoogteligging',$,IFCTEXT('0'),$);
#7124=IFCPROPERTYSINGLEVALUE('tijdstipRegistratie',$,IFCTEXT('2024-02-05T09:01:29'),$);
#7125=IFCPROPERTYSINGLEVALUE('LV-publicatiedatum',$,IFCTEXT('2024-02-05T09:09:27'),$);
#7126=IFCPROPERTYSINGLEVALUE('objecttype',$,IFCTEXT('paal_p'),$);
#7127=IFCPROPERTYSET('2V7u8C8sT4fgyECp3vyQAh',#5,'CPset_BGT',$,(#7115,#7116,#7117,#7118,#7119,#7120,#7121,#7122,#7123,#7124,#7125,#7126));
#7128=IFCRELDEFINESBYPROPERTIES('3PcfCIGebEDQMx19_c3BDy',#5,$,$,(#7114),#7127);
#7129=IFCCARTESIANPOINT((-103.018438278727,-161.665388613415,0.));
#7130=IFCCARTESIANTRANSFORMATIONOPERATOR3D($,$,#7129,1.,$);
#7131=IFCMAPPEDITEM(#1977,#7130);
#7132=IFCSHAPEREPRESENTATION(#11,'Body','MappedRepresentation',(#7131));
#7133=IFCCARTESIANPOINT((0.,0.,0.));
#7134=IFCDIRECTION((0.,0.,1.));
#7135=IFCDIRECTION((1.,0.,0.));
#7136=IFCAXIS2PLACEMENT3D(#7133,#7134,#7135);
#7137=IFCLOCALPLACEMENT(#37,#7136);
#7138=IFCPRODUCTDEFINITIONSHAPE($,$,(#7132));
#7139=IFCBUILDINGELEMENTPROXY('3GRSqoqrzEsuMyXr7oiGsM',#5,'G0772.4ef53068eaf84e2f9800f0d166caeee2',$,$,#7137,#7138,$,$);
#7140=IFCPROPERTYSINGLEVALUE('hectometeraanduiding',$,IFCTEXT(''),$);
#7141=IFCPROPERTYSINGLEVALUE('plus-type',$,IFCTEXT('lichtmast'),$);
#7142=IFCPROPERTYSINGLEVALUE('subtype',$,IFCTEXT('2'),$);
#7143=IFCPROPERTYSINGLEVALUE('identificatie',$,IFCTEXT('G0772.4ef53068eaf84e2f9800f0d166caeee2'),$);
#7144=IFCPROPERTYSINGLEVALUE('bgt-status',$,IFCTEXT('bestaand'),$);
#7145=IFCPROPERTYSINGLEVALUE('objectBeginTijd',$,IFCTEXT('2023-12-10T23:00:00'),$);
#7146=IFCPROPERTYSINGLEVALUE('bronhouder',$,IFCTEXT('G0772'),$);
#7147=IFCPROPERTYSINGLEVALUE('inOnderzoek',$,IFCBOOLEAN(.F.),$);
#7148=IFCPROPERTYSINGLEVALUE('relatieveHoogteligging',$,IFCTEXT('0'),$);
#7149=IFCPROPERTYSINGLEVALUE('tijdstipRegistratie',$,IFCTEXT('2024-02-05T09:01:29'),$);
#7150=IFCPROPERTYSINGLEVALUE('LV-publicatiedatum',$,IFCTEXT('2024-02-05T09:09:27'),$);
#7151=IFCPROPERTYSINGLEVALUE('objecttype',$,IFCTEXT('paal_p'),$);
#7152=IFCPROPERTYSET('07S2JJiaT9Sw_pJF3SBidg',#5,'CPset_BGT',$,(#7140,#7141,#7142,#7143,#7144,#7145,#7146,#7147,#7148,#7149,#7150,#7151));
#7153=IFCRELDEFINESBYPROPERTIES('1_83fzmezCXeSQoQAcclOg',#5,$,$,(#7139),#7152);
#7154=IFCCARTESIANPOINT((-241.733505099401,-23.202687762503,0.));
#7155=IFCCARTESIANTRANSFORMATIONOPERATOR3D($,$,#7154,1.,$);
#7156=IFCMAPPEDITEM(#1977,#7155);
#7157=IFCSHAPEREPRESENTATION(#11,'Body','MappedRepresentation',(#7156));
#7158=IFCCARTESIANPOINT((0.,0.,0.));
#7159=IFCDIRECTION((0.,0.,1.));
#7160=IFCDIRECTION((1.,0.,0.));
#7161=IFCAXIS2PLACEMENT3D(#7158,#7159,#7160);
#7162=IFCLOCALPLACEMENT(#37,#7161);
#7163=IFCPRODUCTDEFINITIONSHAPE($,$,(#7157));
#7164=IFCBUILDINGELEMENTPROXY('2bmv9Dg4v7xhy_Skdw4VmK',#5,'G0772.7aa8135efb0b4505ac3b37574d983f52',$,$,#7162,#7163,$,$);
#7165=IFCPROPERTYSINGLEVALUE('hectometeraanduiding',$,IFCTEXT(''),$);
#7166=IFCPROPERTYSINGLEVALUE('plus-type',$,IFCTEXT('lichtmast'),$);
#7167=IFCPROPERTYSINGLEVALUE('subtype',$,IFCTEXT('2'),$);
#7168=IFCPROPERTYSINGLEVALUE('identificatie',$,IFCTEXT('G0772.7aa8135efb0b4505ac3b37574d983f52'),$);
#7169=IFCPROPERTYSINGLEVALUE('bgt-status',$,IFCTEXT('bestaand'),$);
#7170=IFCPROPERTYSINGLEVALUE('objectBeginTijd',$,IFCTEXT('2013-02-24T23:00:00'),$);
#7171=IFCPROPERTYSINGLEVALUE('bronhouder',$,IFCTEXT('G0772'),$);
#7172=IFCPROPERTYSINGLEVALUE('inOnderzoek',$,IFCBOOLEAN(.F.),$);
#7173=IFCPROPERTYSINGLEVALUE('relatieveHoogteligging',$,IFCTEXT('0'),$);
#7174=IFCPROPERTYSINGLEVALUE('tijdstipRegistratie',$,IFCTEXT('2025-11-11T14:01:47'),$);
#7175=IFCPROPERTYSINGLEVALUE('LV-publicatiedatum',$,IFCTEXT('2025-11-11T14:06:16'),$);
#7176=IFCPROPERTYSINGLEVALUE('objecttype',$,IFCTEXT('paal_p'),$);
#7177=IFCPROPERTYSET('3Io6OtvUn3zxJZulQxTNGG',#5,'CPset_BGT',$,(#7165,#7166,#7167,#7168,#7169,#7170,#7171,#7172,#7173,#7174,#7175,#7176));
#7178=IFCRELDEFINESBYPROPERTIES('1xVZ3N9yj6uQNZTTvBYpPr',#5,$,$,(#7164),#7177);
#7179=IFCCARTESIANPOINT((39.6693247781077,-225.605785013817,0.));
#7180=IFCCARTESIANTRANSFORMATIONOPERATOR3D($,$,#7179,1.,$);
#7181=IFCMAPPEDITEM(#1977,#7180);
#7182=IFCSHAPEREPRESENTATION(#11,'Body','MappedRepresentation',(#7181));
#7183=IFCCARTESIANPOINT((0.,0.,0.));
#7184=IFCDIRECTION((0.,0.,1.));
#7185=IFCDIRECTION((1.,0.,0.));
#7186=IFCAXIS2PLACEMENT3D(#7183,#7184,#7185);
#7187=IFCLOCALPLACEMENT(#37,#7186);
#7188=IFCPRODUCTDEFINITIONSHAPE($,$,(#7182));
#7189=IFCBUILDINGELEMENTPROXY('2G2yEm4Sz9fBMu7OXglRZD',#5,'G0772.10e0e3feb1db4c1d99c2d702d79935f6',$,$,#7187,#7188,$,$);
#7190=IFCPROPERTYSINGLEVALUE('hectometeraanduiding',$,IFCTEXT(''),$);
#7191=IFCPROPERTYSINGLEVALUE('plus-type',$,IFCTEXT('lichtmast'),$);
#7192=IFCPROPERTYSINGLEVALUE('subtype',$,IFCTEXT('2'),$);
#7193=IFCPROPERTYSINGLEVALUE('identificatie',$,IFCTEXT('G0772.10e0e3feb1db4c1d99c2d702d79935f6'),$);
#7194=IFCPROPERTYSINGLEVALUE('bgt-status',$,IFCTEXT('bestaand'),$);
#7195=IFCPROPERTYSINGLEVALUE('objectBeginTijd',$,IFCTEXT('2014-03-18T23:00:00'),$);
#7196=IFCPROPERTYSINGLEVALUE('bronhouder',$,IFCTEXT('G0772'),$);
#7197=IFCPROPERTYSINGLEVALUE('inOnderzoek',$,IFCBOOLEAN(.F.),$);
#7198=IFCPROPERTYSINGLEVALUE('relatieveHoogteligging',$,IFCTEXT('0'),$);
#7199=IFCPROPERTYSINGLEVALUE('tijdstipRegistratie',$,IFCTEXT('2016-01-07T12:25:24'),$);
#7200=IFCPROPERTYSINGLEVALUE('LV-publicatiedatum',$,IFCTEXT('2016-04-05T11:55:43'),$);
#7201=IFCPROPERTYSINGLEVALUE('objecttype',$,IFCTEXT('paal_p'),$);
#7202=IFCPROPERTYSET('1bQdSL3Of6vhoIvIBxpnHs',#5,'CPset_BGT',$,(#7190,#7191,#7192,#7193,#7194,#7195,#7196,#7197,#7198,#7199,#7200,#7201));
#7203=IFCRELDEFINESBYPROPERTIES('2XxZeIT5L6LBpTMZ6IzHUO',#5,$,$,(#7189),#7202);
#7204=IFCCARTESIANPOINT((36.6055379421159,-210.816232240875,0.));
#7205=IFCCARTESIANTRANSFORMATIONOPERATOR3D($,$,#7204,1.,$);
#7206=IFCMAPPEDITEM(#1977,#7205);
#7207=IFCSHAPEREPRESENTATION(#11,'Body','MappedRepresentation',(#7206));
#7208=IFCCARTESIANPOINT((0.,0.,0.));
#7209=IFCDIRECTION((0.,0.,1.));
#7210=IFCDIRECTION((1.,0.,0.));
#7211=IFCAXIS2PLACEMENT3D(#7208,#7209,#7210);
#7212=IFCLOCALPLACEMENT(#37,#7211);
#7213=IFCPRODUCTDEFINITIONSHAPE($,$,(#7207));
#7214=IFCBUILDINGELEMENTPROXY('1RbNhXTpX2BBx8d9cbxpFd',#5,'G0772.855e59975013451994cff3ce13c932cc',$,$,#7212,#7213,$,$);
#7215=IFCPROPERTYSINGLEVALUE('hectometeraanduiding',$,IFCTEXT(''),$);
#7216=IFCPROPERTYSINGLEVALUE('plus-type',$,IFCTEXT('lichtmast'),$);
#7217=IFCPROPERTYSINGLEVALUE('subtype',$,IFCTEXT('2'),$);
#7218=IFCPROPERTYSINGLEVALUE('identificatie',$,IFCTEXT('G0772.855e59975013451994cff3ce13c932cc'),$);
#7219=IFCPROPERTYSINGLEVALUE('bgt-status',$,IFCTEXT('bestaand'),$);
#7220=IFCPROPERTYSINGLEVALUE('objectBeginTijd',$,IFCTEXT('2015-04-06T22:00:00'),$);
#7221=IFCPROPERTYSINGLEVALUE('bronhouder',$,IFCTEXT('G0772'),$);
#7222=IFCPROPERTYSINGLEVALUE('inOnderzoek',$,IFCBOOLEAN(.F.),$);
#7223=IFCPROPERTYSINGLEVALUE('relatieveHoogteligging',$,IFCTEXT('0'),$);
#7224=IFCPROPERTYSINGLEVALUE('tijdstipRegistratie',$,IFCTEXT('2016-01-07T12:25:24'),$);
#7225=IFCPROPERTYSINGLEVALUE('LV-publicatiedatum',$,IFCTEXT('2016-04-05T11:55:43'),$);
#7226=IFCPROPERTYSINGLEVALUE('objecttype',$,IFCTEXT('paal_p'),$);
#7227=IFCPROPERTYSET('1w$MQhwujCZBdmVrOlaIs5',#5,'CPset_BGT',$,(#7215,#7216,#7217,#7218,#7219,#7220,#7221,#7222,#7223,#7224,#7225,#7226));
#7228=IFCRELDEFINESBYPROPERTIES('0nGtCNpdbBOAcuZFrbJWwR',#5,$,$,(#7214),#7227);
#7229=IFCCARTESIANPOINT((-42.6865718824265,-152.130272560753,0.));
#7230=IFCCARTESIANTRANSFORMATIONOPERATOR3D($,$,#7229,1.,$);
#7231=IFCMAPPEDITEM(#1977,#7230);
#7232=IFCSHAPEREPRESENTATION(#11,'Body','MappedRepresentation',(#7231));
#7233=IFCCARTESIANPOINT((0.,0.,0.));
#7234=IFCDIRECTION((0.,0.,1.));
#7235=IFCDIRECTION((1.,0.,0.));
#7236=IFCAXIS2PLACEMENT3D(#7233,#7234,#7235);
#7237=IFCLOCALPLACEMENT(#37,#7236);
#7238=IFCPRODUCTDEFINITIONSHAPE($,$,(#7232));
#7239=IFCBUILDINGELEMENTPROXY('0TS_mbSHHDbfoUqE6dnodB',#5,'G0772.08e3c2c406ea41319bbef4c6d4ec7dd9',$,$,#7237,#7238,$,$);
#7240=IFCPROPERTYSINGLEVALUE('hectometeraanduiding',$,IFCTEXT(''),$);
#7241=IFCPROPERTYSINGLEVALUE('plus-type',$,IFCTEXT('lichtmast'),$);
#7242=IFCPROPERTYSINGLEVALUE('subtype',$,IFCTEXT('2'),$);
#7243=IFCPROPERTYSINGLEVALUE('identificatie',$,IFCTEXT('G0772.08e3c2c406ea41319bbef4c6d4ec7dd9'),$);
#7244=IFCPROPERTYSINGLEVALUE('bgt-status',$,IFCTEXT('bestaand'),$);
#7245=IFCPROPERTYSINGLEVALUE('objectBeginTijd',$,IFCTEXT('2015-04-06T22:00:00'),$);
#7246=IFCPROPERTYSINGLEVALUE('bronhouder',$,IFCTEXT('G0772'),$);
#7247=IFCPROPERTYSINGLEVALUE('inOnderzoek',$,IFCBOOLEAN(.F.),$);
#7248=IFCPROPERTYSINGLEVALUE('relatieveHoogteligging',$,IFCTEXT('0'),$);
#7249=IFCPROPERTYSINGLEVALUE('tijdstipRegistratie',$,IFCTEXT('2016-01-07T12:25:24'),$);
#7250=IFCPROPERTYSINGLEVALUE('LV-publicatiedatum',$,IFCTEXT('2016-04-05T11:55:43'),$);
#7251=IFCPROPERTYSINGLEVALUE('objecttype',$,IFCTEXT('paal_p'),$);
#7252=IFCPROPERTYSET('2VJKP0RyL0rxLmkC41yaDy',#5,'CPset_BGT',$,(#7240,#7241,#7242,#7243,#7244,#7245,#7246,#7247,#7248,#7249,#7250,#7251));
#7253=IFCRELDEFINESBYPROPERTIES('1cFd131kX5ehd$WVnQWkiF',#5,$,$,(#7239),#7252);
#7254=IFCCARTESIANPOINT((3.68457903913804,-176.836308831407,0.));
#7255=IFCCARTESIANTRANSFORMATIONOPERATOR3D($,$,#7254,1.,$);
#7256=IFCMAPPEDITEM(#1977,#7255);
#7257=IFCSHAPEREPRESENTATION(#11,'Body','MappedRepresentation',(#7256));
#7258=IFCCARTESIANPOINT((0.,0.,0.));
#7259=IFCDIRECTION((0.,0.,1.));
#7260=IFCDIRECTION((1.,0.,0.));
#7261=IFCAXIS2PLACEMENT3D(#7258,#7259,#7260);
#7262=IFCLOCALPLACEMENT(#37,#7261);
#7263=IFCPRODUCTDEFINITIONSHAPE($,$,(#7257));
#7264=IFCBUILDINGELEMENTPROXY('2nNlVLKc52aQvrqpraXMdR',#5,'G0772.0a619b70aae249cda9eb875c4b800c2b',$,$,#7262,#7263,$,$);
#7265=IFCPROPERTYSINGLEVALUE('hectometeraanduiding',$,IFCTEXT(''),$);
#7266=IFCPROPERTYSINGLEVALUE('plus-type',$,IFCTEXT('lichtmast'),$);
#7267=IFCPROPERTYSINGLEVALUE('subtype',$,IFCTEXT('2'),$);
#7268=IFCPROPERTYSINGLEVALUE('identificatie',$,IFCTEXT('G0772.0a619b70aae249cda9eb875c4b800c2b'),$);
#7269=IFCPROPERTYSINGLEVALUE('bgt-status',$,IFCTEXT('bestaand'),$);
#7270=IFCPROPERTYSINGLEVALUE('objectBeginTijd',$,IFCTEXT('2012-10-10T22:00:00'),$);
#7271=IFCPROPERTYSINGLEVALUE('bronhouder',$,IFCTEXT('G0772'),$);
#7272=IFCPROPERTYSINGLEVALUE('inOnderzoek',$,IFCBOOLEAN(.F.),$);
#7273=IFCPROPERTYSINGLEVALUE('relatieveHoogteligging',$,IFCTEXT('0'),$);
#7274=IFCPROPERTYSINGLEVALUE('tijdstipRegistratie',$,IFCTEXT('2016-01-07T12:25:24'),$);
#7275=IFCPROPERTYSINGLEVALUE('LV-publicatiedatum',$,IFCTEXT('2016-04-05T11:55:43'),$);
#7276=IFCPROPERTYSINGLEVALUE('objecttype',$,IFCTEXT('paal_p'),$);
#7277=IFCPROPERTYSET('2qghXsBFD5_g3wz0nxyajy',#5,'CPset_BGT',$,(#7265,#7266,#7267,#7268,#7269,#7270,#7271,#7272,#7273,#7274,#7275,#7276));
#7278=IFCRELDEFINESBYPROPERTIES('1cB5xvCt19$h5nSqjouflL',#5,$,$,(#7264),#7277);
#7279=IFCCARTESIANPOINT((-63.8798553062952,-126.100388010149,0.));
#7280=IFCCARTESIANTRANSFORMATIONOPERATOR3D($,$,#7279,1.,$);
#7281=IFCMAPPEDITEM(#1977,#7280);
#7282=IFCSHAPEREPRESENTATION(#11,'Body','MappedRepresentation',(#7281));
#7283=IFCCARTESIANPOINT((0.,0.,0.));
#7284=IFCDIRECTION((0.,0.,1.));
#7285=IFCDIRECTION((1.,0.,0.));
#7286=IFCAXIS2PLACEMENT3D(#7283,#7284,#7285);
#7287=IFCLOCALPLACEMENT(#37,#7286);
#7288=IFCPRODUCTDEFINITIONSHAPE($,$,(#7282));
#7289=IFCBUILDINGELEMENTPROXY('2IHv$A$O588Bg$6g_BkBxa',#5,'G0772.0fba8ca654db4d51ad1a9389a6badd90',$,$,#7287,#7288,$,$);
#7290=IFCPROPERTYSINGLEVALUE('hectometeraanduiding',$,IFCTEXT(''),$);
#7291=IFCPROPERTYSINGLEVALUE('plus-type',$,IFCTEXT('lichtmast'),$);
#7292=IFCPROPERTYSINGLEVALUE('subtype',$,IFCTEXT('2'),$);
#7293=IFCPROPERTYSINGLEVALUE('identificatie',$,IFCTEXT('G0772.0fba8ca654db4d51ad1a9389a6badd90'),$);
#7294=IFCPROPERTYSINGLEVALUE('bgt-status',$,IFCTEXT('bestaand'),$);
#7295=IFCPROPERTYSINGLEVALUE('objectBeginTijd',$,IFCTEXT('2015-04-06T22:00:00'),$);
#7296=IFCPROPERTYSINGLEVALUE('bronhouder',$,IFCTEXT('G0772'),$);
#7297=IFCPROPERTYSINGLEVALUE('inOnderzoek',$,IFCBOOLEAN(.F.),$);
#7298=IFCPROPERTYSINGLEVALUE('relatieveHoogteligging',$,IFCTEXT('0'),$);
#7299=IFCPROPERTYSINGLEVALUE('tijdstipRegistratie',$,IFCTEXT('2016-01-07T12:25:24'),$);
#7300=IFCPROPERTYSINGLEVALUE('LV-publicatiedatum',$,IFCTEXT('2016-04-05T11:55:43'),$);
#7301=IFCPROPERTYSINGLEVALUE('objecttype',$,IFCTEXT('paal_p'),$);
#7302=IFCPROPERTYSET('3SU5Yc$UH7n9fL18iWWhvT',#5,'CPset_BGT',$,(#7290,#7291,#7292,#7293,#7294,#7295,#7296,#7297,#7298,#7299,#7300,#7301));
#7303=IFCRELDEFINESBYPROPERTIES('2DRDYJ8UDEAOuCpkBV_2t$',#5,$,$,(#7289),#7302);
#7304=IFCCARTESIANPOINT((-92.9186806900252,-117.37492605485,0.));
#7305=IFCCARTESIANTRANSFORMATIONOPERATOR3D($,$,#7304,1.,$);
#7306=IFCMAPPEDITEM(#1977,#7305);
#7307=IFCSHAPEREPRESENTATION(#11,'Body','MappedRepresentation',(#7306));
#7308=IFCCARTESIANPOINT((0.,0.,0.));
#7309=IFCDIRECTION((0.,0.,1.));
#7310=IFCDIRECTION((1.,0.,0.));
#7311=IFCAXIS2PLACEMENT3D(#7308,#7309,#7310);
#7312=IFCLOCALPLACEMENT(#37,#7311);
#7313=IFCPRODUCTDEFINITIONSHAPE($,$,(#7307));
#7314=IFCBUILDINGELEMENTPROXY('2PuGxSrZX3luNgFU3lS8Ho',#5,'G0772.224b1912531b42a1a3b652f7b7290a9e',$,$,#7312,#7313,$,$);
#7315=IFCPROPERTYSINGLEVALUE('hectometeraanduiding',$,IFCTEXT(''),$);
#7316=IFCPROPERTYSINGLEVALUE('plus-type',$,IFCTEXT('lichtmast'),$);
#7317=IFCPROPERTYSINGLEVALUE('subtype',$,IFCTEXT('2'),$);
#7318=IFCPROPERTYSINGLEVALUE('identificatie',$,IFCTEXT('G0772.224b1912531b42a1a3b652f7b7290a9e'),$);
#7319=IFCPROPERTYSINGLEVALUE('bgt-status',$,IFCTEXT('bestaand'),$);
#7320=IFCPROPERTYSINGLEVALUE('objectBeginTijd',$,IFCTEXT('2015-04-06T22:00:00'),$);
#7321=IFCPROPERTYSINGLEVALUE('bronhouder',$,IFCTEXT('G0772'),$);
#7322=IFCPROPERTYSINGLEVALUE('inOnderzoek',$,IFCBOOLEAN(.F.),$);
#7323=IFCPROPERTYSINGLEVALUE('relatieveHoogteligging',$,IFCTEXT('0'),$);
#7324=IFCPROPERTYSINGLEVALUE('tijdstipRegistratie',$,IFCTEXT('2016-01-07T12:25:24'),$);
#7325=IFCPROPERTYSINGLEVALUE('LV-publicatiedatum',$,IFCTEXT('2016-04-05T11:55:43'),$);
#7326=IFCPROPERTYSINGLEVALUE('objecttype',$,IFCTEXT('paal_p'),$);
#7327=IFCPROPERTYSET('1wkswvpw9ACBdC6dl_vTNy',#5,'CPset_BGT',$,(#7315,#7316,#7317,#7318,#7319,#7320,#7321,#7322,#7323,#7324,#7325,#7326));
#7328=IFCRELDEFINESBYPROPERTIES('2GCs6O1F9BURDk0y9sWyUm',#5,$,$,(#7314),#7327);
#7329=IFCCARTESIANPOINT((15.1735778375587,-204.713259679906,0.));
#7330=IFCCARTESIANTRANSFORMATIONOPERATOR3D($,$,#7329,1.,$);
#7331=IFCMAPPEDITEM(#1977,#7330);
#7332=IFCSHAPEREPRESENTATION(#11,'Body','MappedRepresentation',(#7331));
#7333=IFCCARTESIANPOINT((0.,0.,0.));
#7334=IFCDIRECTION((0.,0.,1.));
#7335=IFCDIRECTION((1.,0.,0.));
#7336=IFCAXIS2PLACEMENT3D(#7333,#7334,#7335);
#7337=IFCLOCALPLACEMENT(#37,#7336);
#7338=IFCPRODUCTDEFINITIONSHAPE($,$,(#7332));
#7339=IFCBUILDINGELEMENTPROXY('00D$ABhjr8gxpeqF9VPbVk',#5,'G0772.3877e7722e524a4781a0645970340eae',$,$,#7337,#7338,$,$);
#7340=IFCPROPERTYSINGLEVALUE('hectometeraanduiding',$,IFCTEXT(''),$);
#7341=IFCPROPERTYSINGLEVALUE('plus-type',$,IFCTEXT('lichtmast'),$);
#7342=IFCPROPERTYSINGLEVALUE('subtype',$,IFCTEXT('2'),$);
#7343=IFCPROPERTYSINGLEVALUE('identificatie',$,IFCTEXT('G0772.3877e7722e524a4781a0645970340eae'),$);
#7344=IFCPROPERTYSINGLEVALUE('bgt-status',$,IFCTEXT('bestaand'),$);
#7345=IFCPROPERTYSINGLEVALUE('objectBeginTijd',$,IFCTEXT('2012-10-10T22:00:00'),$);
#7346=IFCPROPERTYSINGLEVALUE('bronhouder',$,IFCTEXT('G0772'),$);
#7347=IFCPROPERTYSINGLEVALUE('inOnderzoek',$,IFCBOOLEAN(.F.),$);
#7348=IFCPROPERTYSINGLEVALUE('relatieveHoogteligging',$,IFCTEXT('0'),$);
#7349=IFCPROPERTYSINGLEVALUE('tijdstipRegistratie',$,IFCTEXT('2016-01-07T12:25:24'),$);
#7350=IFCPROPERTYSINGLEVALUE('LV-publicatiedatum',$,IFCTEXT('2016-04-05T11:55:43'),$);
#7351=IFCPROPERTYSINGLEVALUE('objecttype',$,IFCTEXT('paal_p'),$);
#7352=IFCPROPERTYSET('3M20DM0Lv9QPNPJ6zvHKVE',#5,'CPset_BGT',$,(#7340,#7341,#7342,#7343,#7344,#7345,#7346,#7347,#7348,#7349,#7350,#7351));
#7353=IFCRELDEFINESBYPROPERTIES('112n1HCsH3vRvrULHo9eMG',#5,$,$,(#7339),#7352);
#7354=IFCCARTESIANPOINT((-163.292988276429,-48.7212630663998,0.));
#7355=IFCCARTESIANTRANSFORMATIONOPERATOR3D($,$,#7354,1.,$);
#7356=IFCMAPPEDITEM(#1977,#7355);
#7357=IFCSHAPEREPRESENTATION(#11,'Body','MappedRepresentation',(#7356));
#7358=IFCCARTESIANPOINT((0.,0.,0.));
#7359=IFCDIRECTION((0.,0.,1.));
#7360=IFCDIRECTION((1.,0.,0.));
#7361=IFCAXIS2PLACEMENT3D(#7358,#7359,#7360);
#7362=IFCLOCALPLACEMENT(#37,#7361);
#7363=IFCPRODUCTDEFINITIONSHAPE($,$,(#7357));
#7364=IFCBUILDINGELEMENTPROXY('0nPjMZJUbD2hUZgwF6jtOc',#5,'G0772.3afb432846e8431d82b0542b170bca04',$,$,#7362,#7363,$,$);
#7365=IFCPROPERTYSINGLEVALUE('hectometeraanduiding',$,IFCTEXT(''),$);
#7366=IFCPROPERTYSINGLEVALUE('plus-type',$,IFCTEXT('lichtmast'),$);
#7367=IFCPROPERTYSINGLEVALUE('subtype',$,IFCTEXT('2'),$);
#7368=IFCPROPERTYSINGLEVALUE('identificatie',$,IFCTEXT('G0772.3afb432846e8431d82b0542b170bca04'),$);
#7369=IFCPROPERTYSINGLEVALUE('bgt-status',$,IFCTEXT('bestaand'),$);
#7370=IFCPROPERTYSINGLEVALUE('objectBeginTijd',$,IFCTEXT('2011-10-03T22:00:00'),$);
#7371=IFCPROPERTYSINGLEVALUE('bronhouder',$,IFCTEXT('G0772'),$);
#7372=IFCPROPERTYSINGLEVALUE('inOnderzoek',$,IFCBOOLEAN(.F.),$);
#7373=IFCPROPERTYSINGLEVALUE('relatieveHoogteligging',$,IFCTEXT('0'),$);
#7374=IFCPROPERTYSINGLEVALUE('tijdstipRegistratie',$,IFCTEXT('2016-01-07T12:25:24'),$);
#7375=IFCPROPERTYSINGLEVALUE('LV-publicatiedatum',$,IFCTEXT('2016-04-05T11:55:43'),$);
#7376=IFCPROPERTYSINGLEVALUE('objecttype',$,IFCTEXT('paal_p'),$);
#7377=IFCPROPERTYSET('3UUj8jLXHCXRCzvXaonN9D',#5,'CPset_BGT',$,(#7365,#7366,#7367,#7368,#7369,#7370,#7371,#7372,#7373,#7374,#7375,#7376));
#7378=IFCRELDEFINESBYPROPERTIES('28nh0Xnb59nuyg62Bp56Ju',#5,$,$,(#7364),#7377);
#7379=IFCCARTESIANPOINT((-33.4482330105675,-163.333128084545,0.));
#7380=IFCCARTESIANTRANSFORMATIONOPERATOR3D($,$,#7379,1.,$);
#7381=IFCMAPPEDITEM(#1977,#7380);
#7382=IFCSHAPEREPRESENTATION(#11,'Body','MappedRepresentation',(#7381));
#7383=IFCCARTESIANPOINT((0.,0.,0.));
#7384=IFCDIRECTION((0.,0.,1.));
#7385=IFCDIRECTION((1.,0.,0.));
#7386=IFCAXIS2PLACEMENT3D(#7383,#7384,#7385);
#7387=IFCLOCALPLACEMENT(#37,#7386);
#7388=IFCPRODUCTDEFINITIONSHAPE($,$,(#7382));
#7389=IFCBUILDINGELEMENTPROXY('2AX5KJuG1F8vhxQoYoAo5V',#5,'G0772.51e58eee50a846dc934c5cad4cb7b738',$,$,#7387,#7388,$,$);
#7390=IFCPROPERTYSINGLEVALUE('hectometeraanduiding',$,IFCTEXT(''),$);
#7391=IFCPROPERTYSINGLEVALUE('plus-type',$,IFCTEXT('lichtmast'),$);
#7392=IFCPROPERTYSINGLEVALUE('subtype',$,IFCTEXT('2'),$);
#7393=IFCPROPERTYSINGLEVALUE('identificatie',$,IFCTEXT('G0772.51e58eee50a846dc934c5cad4cb7b738'),$);
#7394=IFCPROPERTYSINGLEVALUE('bgt-status',$,IFCTEXT('bestaand'),$);
#7395=IFCPROPERTYSINGLEVALUE('objectBeginTijd',$,IFCTEXT('2015-04-06T22:00:00'),$);
#7396=IFCPROPERTYSINGLEVALUE('bronhouder',$,IFCTEXT('G0772'),$);
#7397=IFCPROPERTYSINGLEVALUE('inOnderzoek',$,IFCBOOLEAN(.F.),$);
#7398=IFCPROPERTYSINGLEVALUE('relatieveHoogteligging',$,IFCTEXT('0'),$);
#7399=IFCPROPERTYSINGLEVALUE('tijdstipRegistratie',$,IFCTEXT('2016-01-07T12:25:24'),$);
#7400=IFCPROPERTYSINGLEVALUE('LV-publicatiedatum',$,IFCTEXT('2016-04-05T11:55:43'),$);
#7401=IFCPROPERTYSINGLEVALUE('objecttype',$,IFCTEXT('paal_p'),$);
#7402=IFCPROPERTYSET('1KTiNYSX5CiuNxGQvlfJEZ',#5,'CPset_BGT',$,(#7390,#7391,#7392,#7393,#7394,#7395,#7396,#7397,#7398,#7399,#7400,#7401));
#7403=IFCRELDEFINESBYPROPERTIES('10Dn7tC1jDrv4QH_OeLWm_',#5,$,$,(#7389),#7402);
#7404=IFCCARTESIANPOINT((-11.7628056294052,-182.780696680595,0.));
#7405=IFCCARTESIANTRANSFORMATIONOPERATOR3D($,$,#7404,1.,$);
#7406=IFCMAPPEDITEM(#1977,#7405);
#7407=IFCSHAPEREPRESENTATION(#11,'Body','MappedRepresentation',(#7406));
#7408=IFCCARTESIANPOINT((0.,0.,0.));
#7409=IFCDIRECTION((0.,0.,1.));
#7410=IFCDIRECTION((1.,0.,0.));
#7411=IFCAXIS2PLACEMENT3D(#7408,#7409,#7410);
#7412=IFCLOCALPLACEMENT(#37,#7411);
#7413=IFCPRODUCTDEFINITIONSHAPE($,$,(#7407));
#7414=IFCBUILDINGELEMENTPROXY('2nfMLXg$f1sPOXAmLd47eZ',#5,'G0772.6b661be6225e47fe9ed9a8105e1321e6',$,$,#7412,#7413,$,$);
#7415=IFCPROPERTYSINGLEVALUE('hectometeraanduiding',$,IFCTEXT(''),$);
#7416=IFCPROPERTYSINGLEVALUE('plus-type',$,IFCTEXT('lichtmast'),$);
#7417=IFCPROPERTYSINGLEVALUE('subtype',$,IFCTEXT('2'),$);
#7418=IFCPROPERTYSINGLEVALUE('identificatie',$,IFCTEXT('G0772.6b661be6225e47fe9ed9a8105e1321e6'),$);
#7419=IFCPROPERTYSINGLEVALUE('bgt-status',$,IFCTEXT('bestaand'),$);
#7420=IFCPROPERTYSINGLEVALUE('objectBeginTijd',$,IFCTEXT('2012-10-10T22:00:00'),$);
#7421=IFCPROPERTYSINGLEVALUE('bronhouder',$,IFCTEXT('G0772'),$);
#7422=IFCPROPERTYSINGLEVALUE('inOnderzoek',$,IFCBOOLEAN(.F.),$);
#7423=IFCPROPERTYSINGLEVALUE('relatieveHoogteligging',$,IFCTEXT('0'),$);
#7424=IFCPROPERTYSINGLEVALUE('tijdstipRegistratie',$,IFCTEXT('2016-01-07T12:25:24'),$);
#7425=IFCPROPERTYSINGLEVALUE('LV-publicatiedatum',$,IFCTEXT('2016-04-05T11:55:43'),$);
#7426=IFCPROPERTYSINGLEVALUE('objecttype',$,IFCTEXT('paal_p'),$);
#7427=IFCPROPERTYSET('27kIK7JRr4oxtcW2zrFHij',#5,'CPset_BGT',$,(#7415,#7416,#7417,#7418,#7419,#7420,#7421,#7422,#7423,#7424,#7425,#7426));
#7428=IFCRELDEFINESBYPROPERTIES('2plpCaj9j4hvQpUc9QCX75',#5,$,$,(#7414),#7427);
#7429=IFCCARTESIANPOINT((-209.819849863037,-15.4795572151197,0.));
#7430=IFCCARTESIANTRANSFORMATIONOPERATOR3D($,$,#7429,1.,$);
#7431=IFCMAPPEDITEM(#1977,#7430);
#7432=IFCSHAPEREPRESENTATION(#11,'Body','MappedRepresentation',(#7431));
#7433=IFCCARTESIANPOINT((0.,0.,0.));
#7434=IFCDIRECTION((0.,0.,1.));
#7435=IFCDIRECTION((1.,0.,0.));
#7436=IFCAXIS2PLACEMENT3D(#7433,#7434,#7435);
#7437=IFCLOCALPLACEMENT(#37,#7436);
#7438=IFCPRODUCTDEFINITIONSHAPE($,$,(#7432));
#7439=IFCBUILDINGELEMENTPROXY('3lMZuo6v5AuuDHllZf15Bu',#5,'G0772.992d9832e5604747b39f699cb7c08c75',$,$,#7437,#7438,$,$);
#7440=IFCPROPERTYSINGLEVALUE('hectometeraanduiding',$,IFCTEXT(''),$);
#7441=IFCPROPERTYSINGLEVALUE('plus-type',$,IFCTEXT('lichtmast'),$);
#7442=IFCPROPERTYSINGLEVALUE('subtype',$,IFCTEXT('2'),$);
#7443=IFCPROPERTYSINGLEVALUE('identificatie',$,IFCTEXT('G0772.992d9832e5604747b39f699cb7c08c75'),$);
#7444=IFCPROPERTYSINGLEVALUE('bgt-status',$,IFCTEXT('bestaand'),$);
#7445=IFCPROPERTYSINGLEVALUE('objectBeginTijd',$,IFCTEXT('2015-04-06T22:00:00'),$);
#7446=IFCPROPERTYSINGLEVALUE('bronhouder',$,IFCTEXT('G0772'),$);
#7447=IFCPROPERTYSINGLEVALUE('inOnderzoek',$,IFCBOOLEAN(.F.),$);
#7448=IFCPROPERTYSINGLEVALUE('relatieveHoogteligging',$,IFCTEXT('0'),$);
#7449=IFCPROPERTYSINGLEVALUE('tijdstipRegistratie',$,IFCTEXT('2016-01-07T12:25:24'),$);
#7450=IFCPROPERTYSINGLEVALUE('LV-publicatiedatum',$,IFCTEXT('2016-04-05T11:55:43'),$);
#7451=IFCPROPERTYSINGLEVALUE('objecttype',$,IFCTEXT('paal_p'),$);
#7452=IFCPROPERTYSET('0YDUnYloj3$BBiBPhAvdrI',#5,'CPset_BGT',$,(#7440,#7441,#7442,#7443,#7444,#7445,#7446,#7447,#7448,#7449,#7450,#7451));
#7453=IFCRELDEFINESBYPROPERTIES('0r$jTSWuj32QF7FPdfElN$',#5,$,$,(#7439),#7452);
#7454=IFCCARTESIANPOINT((-156.809862512426,-64.4149432060658,0.));
#7455=IFCCARTESIANTRANSFORMATIONOPERATOR3D($,$,#7454,1.,$);
#7456=IFCMAPPEDITEM(#1977,#7455);
#7457=IFCSHAPEREPRESENTATION(#11,'Body','MappedRepresentation',(#7456));
#7458=IFCCARTESIANPOINT((0.,0.,0.));
#7459=IFCDIRECTION((0.,0.,1.));
#7460=IFCDIRECTION((1.,0.,0.));
#7461=IFCAXIS2PLACEMENT3D(#7458,#7459,#7460);
#7462=IFCLOCALPLACEMENT(#37,#7461);
#7463=IFCPRODUCTDEFINITIONSHAPE($,$,(#7457));
#7464=IFCBUILDINGELEMENTPROXY('2KEO4xv5DEZPdwzwf_zU2R',#5,'G0772.b78a5fec07164013918a77bc4608ee56',$,$,#7462,#7463,$,$);
#7465=IFCPROPERTYSINGLEVALUE('hectometeraanduiding',$,IFCTEXT(''),$);
#7466=IFCPROPERTYSINGLEVALUE('plus-type',$,IFCTEXT('lichtmast'),$);
#7467=IFCPROPERTYSINGLEVALUE('subtype',$,IFCTEXT('2'),$);
#7468=IFCPROPERTYSINGLEVALUE('identificatie',$,IFCTEXT('G0772.b78a5fec07164013918a77bc4608ee56'),$);
#7469=IFCPROPERTYSINGLEVALUE('bgt-status',$,IFCTEXT('bestaand'),$);
#7470=IFCPROPERTYSINGLEVALUE('objectBeginTijd',$,IFCTEXT('2010-06-03T22:00:00'),$);
#7471=IFCPROPERTYSINGLEVALUE('bronhouder',$,IFCTEXT('G0772'),$);
#7472=IFCPROPERTYSINGLEVALUE('inOnderzoek',$,IFCBOOLEAN(.F.),$);
#7473=IFCPROPERTYSINGLEVALUE('relatieveHoogteligging',$,IFCTEXT('0'),$);
#7474=IFCPROPERTYSINGLEVALUE('tijdstipRegistratie',$,IFCTEXT('2016-01-07T12:25:24'),$);
#7475=IFCPROPERTYSINGLEVALUE('LV-publicatiedatum',$,IFCTEXT('2016-04-05T11:55:43'),$);
#7476=IFCPROPERTYSINGLEVALUE('objecttype',$,IFCTEXT('paal_p'),$);
#7477=IFCPROPERTYSET('2kCTVOgMnCO9lSzh3ePBtq',#5,'CPset_BGT',$,(#7465,#7466,#7467,#7468,#7469,#7470,#7471,#7472,#7473,#7474,#7475,#7476));
#7478=IFCRELDEFINESBYPROPERTIES('1gllyA7SH52wPdcyEFsEH$',#5,$,$,(#7464),#7477);
#7479=IFCCARTESIANPOINT((-152.549030169292,-46.0940787956933,0.));
#7480=IFCCARTESIANTRANSFORMATIONOPERATOR3D($,$,#7479,1.,$);
#7481=IFCMAPPEDITEM(#1977,#7480);
#7482=IFCSHAPEREPRESENTATION(#11,'Body','MappedRepresentation',(#7481));
#7483=IFCCARTESIANPOINT((0.,0.,0.));
#7484=IFCDIRECTION((0.,0.,1.));
#7485=IFCDIRECTION((1.,0.,0.));
#7486=IFCAXIS2PLACEMENT3D(#7483,#7484,#7485);
#7487=IFCLOCALPLACEMENT(#37,#7486);
#7488=IFCPRODUCTDEFINITIONSHAPE($,$,(#7482));
#7489=IFCBUILDINGELEMENTPROXY('19Aib$$Bf5XAFhA04tDKVm',#5,'G0772.d818d9aeb4d74948bf6867acc7d70d9f',$,$,#7487,#7488,$,$);
#7490=IFCPROPERTYSINGLEVALUE('hectometeraanduiding',$,IFCTEXT(''),$);
#7491=IFCPROPERTYSINGLEVALUE('plus-type',$,IFCTEXT('lichtmast'),$);
#7492=IFCPROPERTYSINGLEVALUE('subtype',$,IFCTEXT('2'),$);
#7493=IFCPROPERTYSINGLEVALUE('identificatie',$,IFCTEXT('G0772.d818d9aeb4d74948bf6867acc7d70d9f'),$);
#7494=IFCPROPERTYSINGLEVALUE('bgt-status',$,IFCTEXT('bestaand'),$);
#7495=IFCPROPERTYSINGLEVALUE('objectBeginTijd',$,IFCTEXT('2011-10-03T22:00:00'),$);
#7496=IFCPROPERTYSINGLEVALUE('bronhouder',$,IFCTEXT('G0772'),$);
#7497=IFCPROPERTYSINGLEVALUE('inOnderzoek',$,IFCBOOLEAN(.F.),$);
#7498=IFCPROPERTYSINGLEVALUE('relatieveHoogteligging',$,IFCTEXT('0'),$);
#7499=IFCPROPERTYSINGLEVALUE('tijdstipRegistratie',$,IFCTEXT('2016-01-07T12:25:24'),$);
#7500=IFCPROPERTYSINGLEVALUE('LV-publicatiedatum',$,IFCTEXT('2016-04-05T11:55:43'),$);
#7501=IFCPROPERTYSINGLEVALUE('objecttype',$,IFCTEXT('paal_p'),$);
#7502=IFCPROPERTYSET('24h7MWv6r5BwbpaEnTZgW0',#5,'CPset_BGT',$,(#7490,#7491,#7492,#7493,#7494,#7495,#7496,#7497,#7498,#7499,#7500,#7501));
#7503=IFCRELDEFINESBYPROPERTIES('09X6QDN3vAj88bvjv$Qvse',#5,$,$,(#7489),#7502);
#7504=IFCCARTESIANPOINT((-19.7151759928965,-170.606991016248,0.));
#7505=IFCCARTESIANTRANSFORMATIONOPERATOR3D($,$,#7504,1.,$);
#7506=IFCMAPPEDITEM(#1977,#7505);
#7507=IFCSHAPEREPRESENTATION(#11,'Body','MappedRepresentation',(#7506));
#7508=IFCCARTESIANPOINT((0.,0.,0.));
#7509=IFCDIRECTION((0.,0.,1.));
#7510=IFCDIRECTION((1.,0.,0.));
#7511=IFCAXIS2PLACEMENT3D(#7508,#7509,#7510);
#7512=IFCLOCALPLACEMENT(#37,#7511);
#7513=IFCPRODUCTDEFINITIONSHAPE($,$,(#7507));
#7514=IFCBUILDINGELEMENTPROXY('1gTWXXyMP4ax_k0cI4XsM1',#5,'G0772.e86a720a3a74437799e88eb285ffecdb',$,$,#7512,#7513,$,$);
#7515=IFCPROPERTYSINGLEVALUE('hectometeraanduiding',$,IFCTEXT(''),$);
#7516=IFCPROPERTYSINGLEVALUE('plus-type',$,IFCTEXT('lichtmast'),$);
#7517=IFCPROPERTYSINGLEVALUE('subtype',$,IFCTEXT('2'),$);
#7518=IFCPROPERTYSINGLEVALUE('identificatie',$,IFCTEXT('G0772.e86a720a3a74437799e88eb285ffecdb'),$);
#7519=IFCPROPERTYSINGLEVALUE('bgt-status',$,IFCTEXT('bestaand'),$);
#7520=IFCPROPERTYSINGLEVALUE('objectBeginTijd',$,IFCTEXT('2015-04-06T22:00:00'),$);
#7521=IFCPROPERTYSINGLEVALUE('bronhouder',$,IFCTEXT('G0772'),$);
#7522=IFCPROPERTYSINGLEVALUE('inOnderzoek',$,IFCBOOLEAN(.F.),$);
#7523=IFCPROPERTYSINGLEVALUE('relatieveHoogteligging',$,IFCTEXT('0'),$);
#7524=IFCPROPERTYSINGLEVALUE('tijdstipRegistratie',$,IFCTEXT('2016-01-07T12:25:24'),$);
#7525=IFCPROPERTYSINGLEVALUE('LV-publicatiedatum',$,IFCTEXT('2016-04-05T11:55:43'),$);
#7526=IFCPROPERTYSINGLEVALUE('objecttype',$,IFCTEXT('paal_p'),$);
#7527=IFCPROPERTYSET('2Gc5ODSKfB3QySsMcgXAPW',#5,'CPset_BGT',$,(#7515,#7516,#7517,#7518,#7519,#7520,#7521,#7522,#7523,#7524,#7525,#7526));
#7528=IFCRELDEFINESBYPROPERTIES('2ZfOkDjov7Me2PUsl869oz',#5,$,$,(#7514),#7527);
#7529=IFCCARTESIANPOINT((-188.777869743586,-15.4537569289678,0.));
#7530=IFCCARTESIANTRANSFORMATIONOPERATOR3D($,$,#7529,1.,$);
#7531=IFCMAPPEDITEM(#1977,#7530);
#7532=IFCSHAPEREPRESENTATION(#11,'Body','MappedRepresentation',(#7531));
#7533=IFCCARTESIANPOINT((0.,0.,0.));
#7534=IFCDIRECTION((0.,0.,1.));
#7535=IFCDIRECTION((1.,0.,0.));
#7536=IFCAXIS2PLACEMENT3D(#7533,#7534,#7535);
#7537=IFCLOCALPLACEMENT(#37,#7536);
#7538=IFCPRODUCTDEFINITIONSHAPE($,$,(#7532));
#7539=IFCBUILDINGELEMENTPROXY('2tsTYLw85EWBP6iR6$PE8f',#5,'G0772.6526d8cfe11046d89c75fac6e916b090',$,$,#7537,#7538,$,$);
#7540=IFCPROPERTYSINGLEVALUE('hectometeraanduiding',$,IFCTEXT(''),$);
#7541=IFCPROPERTYSINGLEVALUE('plus-type',$,IFCTEXT('lichtmast'),$);
#7542=IFCPROPERTYSINGLEVALUE('subtype',$,IFCTEXT('2'),$);
#7543=IFCPROPERTYSINGLEVALUE('identificatie',$,IFCTEXT('G0772.6526d8cfe11046d89c75fac6e916b090'),$);
#7544=IFCPROPERTYSINGLEVALUE('bgt-status',$,IFCTEXT('bestaand'),$);
#7545=IFCPROPERTYSINGLEVALUE('objectBeginTijd',$,IFCTEXT('2015-04-06T22:00:00'),$);
#7546=IFCPROPERTYSINGLEVALUE('bronhouder',$,IFCTEXT('G0772'),$);
#7547=IFCPROPERTYSINGLEVALUE('inOnderzoek',$,IFCBOOLEAN(.F.),$);
#7548=IFCPROPERTYSINGLEVALUE('relatieveHoogteligging',$,IFCTEXT('0'),$);
#7549=IFCPROPERTYSINGLEVALUE('tijdstipRegistratie',$,IFCTEXT('2016-01-07T12:25:24'),$);
#7550=IFCPROPERTYSINGLEVALUE('LV-publicatiedatum',$,IFCTEXT('2016-04-05T11:55:43'),$);
#7551=IFCPROPERTYSINGLEVALUE('objecttype',$,IFCTEXT('paal_p'),$);
#7552=IFCPROPERTYSET('0JXtM6rnn2IuZPjOYmoMGt',#5,'CPset_BGT',$,(#7540,#7541,#7542,#7543,#7544,#7545,#7546,#7547,#7548,#7549,#7550,#7551));
#7553=IFCRELDEFINESBYPROPERTIES('1DjoKPhiX1YAUZTjPkhvK5',#5,$,$,(#7539),#7552);
#7554=IFCCARTESIANPOINT((-146.767074827716,-60.2953688930138,0.));
#7555=IFCCARTESIANTRANSFORMATIONOPERATOR3D($,$,#7554,1.,$);
#7556=IFCMAPPEDITEM(#1977,#7555);
#7557=IFCSHAPEREPRESENTATION(#11,'Body','MappedRepresentation',(#7556));
#7558=IFCCARTESIANPOINT((0.,0.,0.));
#7559=IFCDIRECTION((0.,0.,1.));
#7560=IFCDIRECTION((1.,0.,0.));
#7561=IFCAXIS2PLACEMENT3D(#7558,#7559,#7560);
#7562=IFCLOCALPLACEMENT(#37,#7561);
#7563=IFCPRODUCTDEFINITIONSHAPE($,$,(#7557));
#7564=IFCBUILDINGELEMENTPROXY('3p1RrkT$z12xiy_9MlGZq6',#5,'G0772.7f5aeec042024c38a1cc7898ee3c1f95',$,$,#7562,#7563,$,$);
#7565=IFCPROPERTYSINGLEVALUE('hectometeraanduiding',$,IFCTEXT(''),$);
#7566=IFCPROPERTYSINGLEVALUE('plus-type',$,IFCTEXT('lichtmast'),$);
#7567=IFCPROPERTYSINGLEVALUE('subtype',$,IFCTEXT('2'),$);
#7568=IFCPROPERTYSINGLEVALUE('identificatie',$,IFCTEXT('G0772.7f5aeec042024c38a1cc7898ee3c1f95'),$);
#7569=IFCPROPERTYSINGLEVALUE('bgt-status',$,IFCTEXT('bestaand'),$);
#7570=IFCPROPERTYSINGLEVALUE('objectBeginTijd',$,IFCTEXT('2010-06-03T22:00:00'),$);
#7571=IFCPROPERTYSINGLEVALUE('bronhouder',$,IFCTEXT('G0772'),$);
#7572=IFCPROPERTYSINGLEVALUE('inOnderzoek',$,IFCBOOLEAN(.F.),$);
#7573=IFCPROPERTYSINGLEVALUE('relatieveHoogteligging',$,IFCTEXT('0'),$);
#7574=IFCPROPERTYSINGLEVALUE('tijdstipRegistratie',$,IFCTEXT('2016-01-07T12:25:24'),$);
#7575=IFCPROPERTYSINGLEVALUE('LV-publicatiedatum',$,IFCTEXT('2016-04-05T11:55:43'),$);
#7576=IFCPROPERTYSINGLEVALUE('objecttype',$,IFCTEXT('paal_p'),$);
#7577=IFCPROPERTYSET('1r40FvqGr96eOPS_$Tdvkr',#5,'CPset_BGT',$,(#7565,#7566,#7567,#7568,#7569,#7570,#7571,#7572,#7573,#7574,#7575,#7576));
#7578=IFCRELDEFINESBYPROPERTIES('39T_f79xj6fuI__BlBJfHR',#5,$,$,(#7564),#7577);
#7579=IFCCARTESIANPOINT((-138.321648669982,-80.9063151598675,0.));
#7580=IFCCARTESIANTRANSFORMATIONOPERATOR3D($,$,#7579,1.,$);
#7581=IFCMAPPEDITEM(#1977,#7580);
#7582=IFCSHAPEREPRESENTATION(#11,'Body','MappedRepresentation',(#7581));
#7583=IFCCARTESIANPOINT((0.,0.,0.));
#7584=IFCDIRECTION((0.,0.,1.));
#7585=IFCDIRECTION((1.,0.,0.));
#7586=IFCAXIS2PLACEMENT3D(#7583,#7584,#7585);
#7587=IFCLOCALPLACEMENT(#37,#7586);
#7588=IFCPRODUCTDEFINITIONSHAPE($,$,(#7582));
#7589=IFCBUILDINGELEMENTPROXY('1Av7vUSXHEFgEQImyXOfen',#5,'G0772.88748130a1824483ab859303bb75aa51',$,$,#7587,#7588,$,$);
#7590=IFCPROPERTYSINGLEVALUE('hectometeraanduiding',$,IFCTEXT(''),$);
#7591=IFCPROPERTYSINGLEVALUE('plus-type',$,IFCTEXT('lichtmast'),$);
#7592=IFCPROPERTYSINGLEVALUE('subtype',$,IFCTEXT('2'),$);
#7593=IFCPROPERTYSINGLEVALUE('identificatie',$,IFCTEXT('G0772.88748130a1824483ab859303bb75aa51'),$);
#7594=IFCPROPERTYSINGLEVALUE('bgt-status',$,IFCTEXT('bestaand'),$);
#7595=IFCPROPERTYSINGLEVALUE('objectBeginTijd',$,IFCTEXT('2010-06-03T22:00:00'),$);
#7596=IFCPROPERTYSINGLEVALUE('bronhouder',$,IFCTEXT('G0772'),$);
#7597=IFCPROPERTYSINGLEVALUE('inOnderzoek',$,IFCBOOLEAN(.F.),$);
#7598=IFCPROPERTYSINGLEVALUE('relatieveHoogteligging',$,IFCTEXT('0'),$);
#7599=IFCPROPERTYSINGLEVALUE('tijdstipRegistratie',$,IFCTEXT('2016-01-07T12:25:24'),$);
#7600=IFCPROPERTYSINGLEVALUE('LV-publicatiedatum',$,IFCTEXT('2016-04-05T11:55:43'),$);
#7601=IFCPROPERTYSINGLEVALUE('objecttype',$,IFCTEXT('paal_p'),$);
#7602=IFCPROPERTYSET('1ML1jzB7X6O8Zc8JY9ICSH',#5,'CPset_BGT',$,(#7590,#7591,#7592,#7593,#7594,#7595,#7596,#7597,#7598,#7599,#7600,#7601));
#7603=IFCRELDEFINESBYPROPERTIES('3oilXmS4jE8BAfsA_mfIeq',#5,$,$,(#7589),#7602);
#7604=IFCCARTESIANPOINT((-50.7740411979903,-133.683130097168,0.));
#7605=IFCCARTESIANTRANSFORMATIONOPERATOR3D($,$,#7604,1.,$);
#7606=IFCMAPPEDITEM(#1977,#7605);
#7607=IFCSHAPEREPRESENTATION(#11,'Body','MappedRepresentation',(#7606));
#7608=IFCCARTESIANPOINT((0.,0.,0.));
#7609=IFCDIRECTION((0.,0.,1.));
#7610=IFCDIRECTION((1.,0.,0.));
#7611=IFCAXIS2PLACEMENT3D(#7608,#7609,#7610);
#7612=IFCLOCALPLACEMENT(#37,#7611);
#7613=IFCPRODUCTDEFINITIONSHAPE($,$,(#7607));
#7614=IFCBUILDINGELEMENTPROXY('0uj3PHFv10ZQ57NPYXxC8g',#5,'G0772.d2ba9e0c817a488d869a547215c8ae45',$,$,#7612,#7613,$,$);
#7615=IFCPROPERTYSINGLEVALUE('hectometeraanduiding',$,IFCTEXT(''),$);
#7616=IFCPROPERTYSINGLEVALUE('plus-type',$,IFCTEXT('lichtmast'),$);
#7617=IFCPROPERTYSINGLEVALUE('subtype',$,IFCTEXT('2'),$);
#7618=IFCPROPERTYSINGLEVALUE('identificatie',$,IFCTEXT('G0772.d2ba9e0c817a488d869a547215c8ae45'),$);
#7619=IFCPROPERTYSINGLEVALUE('bgt-status',$,IFCTEXT('bestaand'),$);
#7620=IFCPROPERTYSINGLEVALUE('objectBeginTijd',$,IFCTEXT('2015-04-06T22:00:00'),$);
#7621=IFCPROPERTYSINGLEVALUE('bronhouder',$,IFCTEXT('G0772'),$);
#7622=IFCPROPERTYSINGLEVALUE('inOnderzoek',$,IFCBOOLEAN(.F.),$);
#7623=IFCPROPERTYSINGLEVALUE('relatieveHoogteligging',$,IFCTEXT('0'),$);
#7624=IFCPROPERTYSINGLEVALUE('tijdstipRegistratie',$,IFCTEXT('2016-01-07T12:25:24'),$);
#7625=IFCPROPERTYSINGLEVALUE('LV-publicatiedatum',$,IFCTEXT('2016-04-05T11:55:43'),$);
#7626=IFCPROPERTYSINGLEVALUE('objecttype',$,IFCTEXT('paal_p'),$);
#7627=IFCPROPERTYSET('0D7tJlEPzDHvi8l0lZy2KL',#5,'CPset_BGT',$,(#7615,#7616,#7617,#7618,#7619,#7620,#7621,#7622,#7623,#7624,#7625,#7626));
#7628=IFCRELDEFINESBYPROPERTIES('0GGUOjQy95$9VURRX3GTiD',#5,$,$,(#7614),#7627);
#7629=IFCCARTESIANPOINT((-209.753281758487,-6.29305958613986,0.));
#7630=IFCCARTESIANTRANSFORMATIONOPERATOR3D($,$,#7629,1.,$);
#7631=IFCMAPPEDITEM(#1977,#7630);
#7632=IFCSHAPEREPRESENTATION(#11,'Body','MappedRepresentation',(#7631));
#7633=IFCCARTESIANPOINT((0.,0.,0.));
#7634=IFCDIRECTION((0.,0.,1.));
#7635=IFCDIRECTION((1.,0.,0.));
#7636=IFCAXIS2PLACEMENT3D(#7633,#7634,#7635);
#7637=IFCLOCALPLACEMENT(#37,#7636);
#7638=IFCPRODUCTDEFINITIONSHAPE($,$,(#7632));
#7639=IFCBUILDINGELEMENTPROXY('1NAxruYNHFaf3ogs3DgVKr',#5,'G0772.f48d7f46812e48d1a75ba3cde2de6aaf',$,$,#7637,#7638,$,$);
#7640=IFCPROPERTYSINGLEVALUE('hectometeraanduiding',$,IFCTEXT(''),$);
#7641=IFCPROPERTYSINGLEVALUE('plus-type',$,IFCTEXT('lichtmast'),$);
#7642=IFCPROPERTYSINGLEVALUE('subtype',$,IFCTEXT('2'),$);
#7643=IFCPROPERTYSINGLEVALUE('identificatie',$,IFCTEXT('G0772.f48d7f46812e48d1a75ba3cde2de6aaf'),$);
#7644=IFCPROPERTYSINGLEVALUE('bgt-status',$,IFCTEXT('bestaand'),$);
#7645=IFCPROPERTYSINGLEVALUE('objectBeginTijd',$,IFCTEXT('2015-04-06T22:00:00'),$);
#7646=IFCPROPERTYSINGLEVALUE('bronhouder',$,IFCTEXT('G0772'),$);
#7647=IFCPROPERTYSINGLEVALUE('inOnderzoek',$,IFCBOOLEAN(.F.),$);
#7648=IFCPROPERTYSINGLEVALUE('relatieveHoogteligging',$,IFCTEXT('0'),$);
#7649=IFCPROPERTYSINGLEVALUE('tijdstipRegistratie',$,IFCTEXT('2016-01-07T12:25:24'),$);
#7650=IFCPROPERTYSINGLEVALUE('LV-publicatiedatum',$,IFCTEXT('2016-04-05T11:55:43'),$);
#7651=IFCPROPERTYSINGLEVALUE('objecttype',$,IFCTEXT('paal_p'),$);
#7652=IFCPROPERTYSET('0DjEK6OIrEKeBrLX7yJPC4',#5,'CPset_BGT',$,(#7640,#7641,#7642,#7643,#7644,#7645,#7646,#7647,#7648,#7649,#7650,#7651));
#7653=IFCRELDEFINESBYPROPERTIES('1cTijtBPT0XR2TwXH6Ld5d',#5,$,$,(#7639),#7652);
#7654=IFCCARTESIANPOINT((-78.553784599324,-120.984419274551,0.));
#7655=IFCCARTESIANTRANSFORMATIONOPERATOR3D($,$,#7654,1.,$);
#7656=IFCMAPPEDITEM(#1977,#7655);
#7657=IFCSHAPEREPRESENTATION(#11,'Body','MappedRepresentation',(#7656));
#7658=IFCCARTESIANPOINT((0.,0.,0.));
#7659=IFCDIRECTION((0.,0.,1.));
#7660=IFCDIRECTION((1.,0.,0.));
#7661=IFCAXIS2PLACEMENT3D(#7658,#7659,#7660);
#7662=IFCLOCALPLACEMENT(#37,#7661);
#7663=IFCPRODUCTDEFINITIONSHAPE($,$,(#7657));
#7664=IFCBUILDINGELEMENTPROXY('2DyZB9ZLX2we$_lyRCSHAW',#5,'G0772.b60236a9f4ea4b4086205763568a925e',$,$,#7662,#7663,$,$);
#7665=IFCPROPERTYSINGLEVALUE('hectometeraanduiding',$,IFCTEXT(''),$);
#7666=IFCPROPERTYSINGLEVALUE('plus-type',$,IFCTEXT('lichtmast'),$);
#7667=IFCPROPERTYSINGLEVALUE('subtype',$,IFCTEXT('2'),$);
#7668=IFCPROPERTYSINGLEVALUE('identificatie',$,IFCTEXT('G0772.b60236a9f4ea4b4086205763568a925e'),$);
#7669=IFCPROPERTYSINGLEVALUE('bgt-status',$,IFCTEXT('bestaand'),$);
#7670=IFCPROPERTYSINGLEVALUE('objectBeginTijd',$,IFCTEXT('2016-03-24T23:00:00'),$);
#7671=IFCPROPERTYSINGLEVALUE('bronhouder',$,IFCTEXT('G0772'),$);
#7672=IFCPROPERTYSINGLEVALUE('inOnderzoek',$,IFCBOOLEAN(.F.),$);
#7673=IFCPROPERTYSINGLEVALUE('relatieveHoogteligging',$,IFCTEXT('0'),$);
#7674=IFCPROPERTYSINGLEVALUE('tijdstipRegistratie',$,IFCTEXT('2016-07-01T04:02:38'),$);
#7675=IFCPROPERTYSINGLEVALUE('LV-publicatiedatum',$,IFCTEXT('2016-07-01T06:42:12'),$);
#7676=IFCPROPERTYSINGLEVALUE('objecttype',$,IFCTEXT('paal_p'),$);
#7677=IFCPROPERTYSET('1Ds09wqS977BncmadqYV0Z',#5,'CPset_BGT',$,(#7665,#7666,#7667,#7668,#7669,#7670,#7671,#7672,#7673,#7674,#7675,#7676));
#7678=IFCRELDEFINESBYPROPERTIES('1cWv97HfzEsACXWxUwu1eX',#5,$,$,(#7664),#7677);
#7679=IFCCARTESIANPOINT((-226.712263715017,9.03933530166978,0.));
#7680=IFCCARTESIANTRANSFORMATIONOPERATOR3D($,$,#7679,1.,$);
#7681=IFCMAPPEDITEM(#1977,#7680);
#7682=IFCSHAPEREPRESENTATION(#11,'Body','MappedRepresentation',(#7681));
#7683=IFCCARTESIANPOINT((0.,0.,0.));
#7684=IFCDIRECTION((0.,0.,1.));
#7685=IFCDIRECTION((1.,0.,0.));
#7686=IFCAXIS2PLACEMENT3D(#7683,#7684,#7685);
#7687=IFCLOCALPLACEMENT(#37,#7686);
#7688=IFCPRODUCTDEFINITIONSHAPE($,$,(#7682));
#7689=IFCBUILDINGELEMENTPROXY('1ezoakDGr3s9W3TS_vwhu6',#5,'G0772.4282e5e095464f83a62384d7e0d713c9',$,$,#7687,#7688,$,$);
#7690=IFCPROPERTYSINGLEVALUE('hectometeraanduiding',$,IFCTEXT(''),$);
#7691=IFCPROPERTYSINGLEVALUE('plus-type',$,IFCTEXT('lichtmast'),$);
#7692=IFCPROPERTYSINGLEVALUE('subtype',$,IFCTEXT('2'),$);
#7693=IFCPROPERTYSINGLEVALUE('identificatie',$,IFCTEXT('G0772.4282e5e095464f83a62384d7e0d713c9'),$);
#7694=IFCPROPERTYSINGLEVALUE('bgt-status',$,IFCTEXT('bestaand'),$);
#7695=IFCPROPERTYSINGLEVALUE('objectBeginTijd',$,IFCTEXT('2019-05-09T22:00:00'),$);
#7696=IFCPROPERTYSINGLEVALUE('bronhouder',$,IFCTEXT('G0772'),$);
#7697=IFCPROPERTYSINGLEVALUE('inOnderzoek',$,IFCBOOLEAN(.F.),$);
#7698=IFCPROPERTYSINGLEVALUE('relatieveHoogteligging',$,IFCTEXT('0'),$);
#7699=IFCPROPERTYSINGLEVALUE('tijdstipRegistratie',$,IFCTEXT('2019-05-13T11:54:26'),$);
#7700=IFCPROPERTYSINGLEVALUE('LV-publicatiedatum',$,IFCTEXT('2019-05-13T13:27:55'),$);
#7701=IFCPROPERTYSINGLEVALUE('objecttype',$,IFCTEXT('paal_p'),$);
#7702=IFCPROPERTYSET('25_7C6ek11pPb5dT69Rsdg',#5,'CPset_BGT',$,(#7690,#7691,#7692,#7693,#7694,#7695,#7696,#7697,#7698,#7699,#7700,#7701));
#7703=IFCRELDEFINESBYPROPERTIES('2hyzzOxYfCuAfLxIr3d1PR',#5,$,$,(#7689),#7702);
#7704=IFCCARTESIANPOINT((-64.974948577903,-6.29462952283211,0.));
#7705=IFCCARTESIANTRANSFORMATIONOPERATOR3D($,$,#7704,1.,$);
#7706=IFCMAPPEDITEM(#1977,#7705);
#7707=IFCSHAPEREPRESENTATION(#11,'Body','MappedRepresentation',(#7706));
#7708=IFCCARTESIANPOINT((0.,0.,0.));
#7709=IFCDIRECTION((0.,0.,1.));
#7710=IFCDIRECTION((1.,0.,0.));
#7711=IFCAXIS2PLACEMENT3D(#7708,#7709,#7710);
#7712=IFCLOCALPLACEMENT(#37,#7711);
#7713=IFCPRODUCTDEFINITIONSHAPE($,$,(#7707));
#7714=IFCBUILDINGELEMENTPROXY('2U7wf6HDL4LRWwJ4_fYaWA',#5,'G0772.2b44c0f28b4d4aa3a20dab61cb02655d',$,$,#7712,#7713,$,$);
#7715=IFCPROPERTYSINGLEVALUE('hectometeraanduiding',$,IFCTEXT(''),$);
#7716=IFCPROPERTYSINGLEVALUE('plus-type',$,IFCTEXT('lichtmast'),$);
#7717=IFCPROPERTYSINGLEVALUE('subtype',$,IFCTEXT('2'),$);
#7718=IFCPROPERTYSINGLEVALUE('identificatie',$,IFCTEXT('G0772.2b44c0f28b4d4aa3a20dab61cb02655d'),$);
#7719=IFCPROPERTYSINGLEVALUE('bgt-status',$,IFCTEXT('bestaand'),$);
#7720=IFCPROPERTYSINGLEVALUE('objectBeginTijd',$,IFCTEXT('2010-06-03T22:00:00'),$);
#7721=IFCPROPERTYSINGLEVALUE('bronhouder',$,IFCTEXT('G0772'),$);
#7722=IFCPROPERTYSINGLEVALUE('inOnderzoek',$,IFCBOOLEAN(.F.),$);
#7723=IFCPROPERTYSINGLEVALUE('relatieveHoogteligging',$,IFCTEXT('0'),$);
#7724=IFCPROPERTYSINGLEVALUE('tijdstipRegistratie',$,IFCTEXT('2016-01-07T12:25:24'),$);
#7725=IFCPROPERTYSINGLEVALUE('LV-publicatiedatum',$,IFCTEXT('2016-04-05T11:55:43'),$);
#7726=IFCPROPERTYSINGLEVALUE('objecttype',$,IFCTEXT('paal_p'),$);
#7727=IFCPROPERTYSET('32z5NUBQLFDALhKvUMbQOT',#5,'CPset_BGT',$,(#7715,#7716,#7717,#7718,#7719,#7720,#7721,#7722,#7723,#7724,#7725,#7726));
#7728=IFCRELDEFINESBYPROPERTIES('1bj7gelHv0kQ0QXRuq0iut',#5,$,$,(#7714),#7727);
#7729=IFCCARTESIANPOINT((-68.9017203784315,54.107768775837,0.));
#7730=IFCCARTESIANTRANSFORMATIONOPERATOR3D($,$,#7729,1.,$);
#7731=IFCMAPPEDITEM(#1977,#7730);
#7732=IFCSHAPEREPRESENTATION(#11,'Body','MappedRepresentation',(#7731));
#7733=IFCCARTESIANPOINT((0.,0.,0.));
#7734=IFCDIRECTION((0.,0.,1.));
#7735=IFCDIRECTION((1.,0.,0.));
#7736=IFCAXIS2PLACEMENT3D(#7733,#7734,#7735);
#7737=IFCLOCALPLACEMENT(#37,#7736);
#7738=IFCPRODUCTDEFINITIONSHAPE($,$,(#7732));
#7739=IFCBUILDINGELEMENTPROXY('13mzvxO4L8c9CtL9MBsNa4',#5,'G0772.52a99f32f074400a94829fc77c031003',$,$,#7737,#7738,$,$);
#7740=IFCPROPERTYSINGLEVALUE('hectometeraanduiding',$,IFCTEXT(''),$);
#7741=IFCPROPERTYSINGLEVALUE('plus-type',$,IFCTEXT('lichtmast'),$);
#7742=IFCPROPERTYSINGLEVALUE('subtype',$,IFCTEXT('2'),$);
#7743=IFCPROPERTYSINGLEVALUE('identificatie',$,IFCTEXT('G0772.52a99f32f074400a94829fc77c031003'),$);
#7744=IFCPROPERTYSINGLEVALUE('bgt-status',$,IFCTEXT('bestaand'),$);
#7745=IFCPROPERTYSINGLEVALUE('objectBeginTijd',$,IFCTEXT('2013-02-24T23:00:00'),$);
#7746=IFCPROPERTYSINGLEVALUE('bronhouder',$,IFCTEXT('G0772'),$);
#7747=IFCPROPERTYSINGLEVALUE('inOnderzoek',$,IFCBOOLEAN(.F.),$);
#7748=IFCPROPERTYSINGLEVALUE('relatieveHoogteligging',$,IFCTEXT('0'),$);
#7749=IFCPROPERTYSINGLEVALUE('tijdstipRegistratie',$,IFCTEXT('2016-01-07T12:25:24'),$);
#7750=IFCPROPERTYSINGLEVALUE('LV-publicatiedatum',$,IFCTEXT('2016-04-05T11:55:43'),$);
#7751=IFCPROPERTYSINGLEVALUE('objecttype',$,IFCTEXT('paal_p'),$);
#7752=IFCPROPERTYSET('2kRr1bETL3AxkdT6Blg8dn',#5,'CPset_BGT',$,(#7740,#7741,#7742,#7743,#7744,#7745,#7746,#7747,#7748,#7749,#7750,#7751));
#7753=IFCRELDEFINESBYPROPERTIES('3uy$H2qbr9GufzpJ0iKN4$',#5,$,$,(#7739),#7752);
#7754=IFCCARTESIANPOINT((-42.2745647835836,-6.24666505405912,0.));
#7755=IFCCARTESIANTRANSFORMATIONOPERATOR3D($,$,#7754,1.,$);
#7756=IFCMAPPEDITEM(#1977,#7755);
#7757=IFCSHAPEREPRESENTATION(#11,'Body','MappedRepresentation',(#7756));
#7758=IFCCARTESIANPOINT((0.,0.,0.));
#7759=IFCDIRECTION((0.,0.,1.));
#7760=IFCDIRECTION((1.,0.,0.));
#7761=IFCAXIS2PLACEMENT3D(#7758,#7759,#7760);
#7762=IFCLOCALPLACEMENT(#37,#7761);
#7763=IFCPRODUCTDEFINITIONSHAPE($,$,(#7757));
#7764=IFCBUILDINGELEMENTPROXY('0rduUysyzF0fADi7GUIJO8',#5,'G0772.6e9b429f367c4d619edb791ebd22b9cd',$,$,#7762,#7763,$,$);
#7765=IFCPROPERTYSINGLEVALUE('hectometeraanduiding',$,IFCTEXT(''),$);
#7766=IFCPROPERTYSINGLEVALUE('plus-type',$,IFCTEXT('lichtmast'),$);
#7767=IFCPROPERTYSINGLEVALUE('subtype',$,IFCTEXT('2'),$);
#7768=IFCPROPERTYSINGLEVALUE('identificatie',$,IFCTEXT('G0772.6e9b429f367c4d619edb791ebd22b9cd'),$);
#7769=IFCPROPERTYSINGLEVALUE('bgt-status',$,IFCTEXT('bestaand'),$);
#7770=IFCPROPERTYSINGLEVALUE('objectBeginTijd',$,IFCTEXT('2011-10-03T22:00:00'),$);
#7771=IFCPROPERTYSINGLEVALUE('bronhouder',$,IFCTEXT('G0772'),$);
#7772=IFCPROPERTYSINGLEVALUE('inOnderzoek',$,IFCBOOLEAN(.F.),$);
#7773=IFCPROPERTYSINGLEVALUE('relatieveHoogteligging',$,IFCTEXT('0'),$);
#7774=IFCPROPERTYSINGLEVALUE('tijdstipRegistratie',$,IFCTEXT('2016-01-07T12:25:24'),$);
#7775=IFCPROPERTYSINGLEVALUE('LV-publicatiedatum',$,IFCTEXT('2016-04-05T11:55:43'),$);
#7776=IFCPROPERTYSINGLEVALUE('objecttype',$,IFCTEXT('paal_p'),$);
#7777=IFCPROPERTYSET('0rRuCmtkv59eInI$ddU8B1',#5,'CPset_BGT',$,(#7765,#7766,#7767,#7768,#7769,#7770,#7771,#7772,#7773,#7774,#7775,#7776));
#7778=IFCRELDEFINESBYPROPERTIES('0bxkwSfB10oP_G$WfWjSqG',#5,$,$,(#7764),#7777);
#7779=IFCCARTESIANPOINT((-18.54826777571,-15.8863235176541,0.));
#7780=IFCCARTESIANTRANSFORMATIONOPERATOR3D($,$,#7779,1.,$);
#7781=IFCMAPPEDITEM(#1977,#7780);
#7782=IFCSHAPEREPRESENTATION(#11,'Body','MappedRepresentation',(#7781));
#7783=IFCCARTESIANPOINT((0.,0.,0.));
#7784=IFCDIRECTION((0.,0.,1.));
#7785=IFCDIRECTION((1.,0.,0.));
#7786=IFCAXIS2PLACEMENT3D(#7783,#7784,#7785);
#7787=IFCLOCALPLACEMENT(#37,#7786);
#7788=IFCPRODUCTDEFINITIONSHAPE($,$,(#7782));
#7789=IFCBUILDINGELEMENTPROXY('2IniFyHjfE69al3iXcaH3A',#5,'G0772.a073f62139304e4c99f62fb92df1c50f',$,$,#7787,#7788,$,$);
#7790=IFCPROPERTYSINGLEVALUE('hectometeraanduiding',$,IFCTEXT(''),$);
#7791=IFCPROPERTYSINGLEVALUE('plus-type',$,IFCTEXT('lichtmast'),$);
#7792=IFCPROPERTYSINGLEVALUE('subtype',$,IFCTEXT('2'),$);
#7793=IFCPROPERTYSINGLEVALUE('identificatie',$,IFCTEXT('G0772.a073f62139304e4c99f62fb92df1c50f'),$);
#7794=IFCPROPERTYSINGLEVALUE('bgt-status',$,IFCTEXT('bestaand'),$);
#7795=IFCPROPERTYSINGLEVALUE('objectBeginTijd',$,IFCTEXT('2011-10-03T22:00:00'),$);
#7796=IFCPROPERTYSINGLEVALUE('bronhouder',$,IFCTEXT('G0772'),$);
#7797=IFCPROPERTYSINGLEVALUE('inOnderzoek',$,IFCBOOLEAN(.F.),$);
#7798=IFCPROPERTYSINGLEVALUE('relatieveHoogteligging',$,IFCTEXT('0'),$);
#7799=IFCPROPERTYSINGLEVALUE('tijdstipRegistratie',$,IFCTEXT('2016-01-07T12:25:24'),$);
#7800=IFCPROPERTYSINGLEVALUE('LV-publicatiedatum',$,IFCTEXT('2016-04-05T11:55:43'),$);
#7801=IFCPROPERTYSINGLEVALUE('objecttype',$,IFCTEXT('paal_p'),$);
#7802=IFCPROPERTYSET('1DiZPqv2vFBe9cohLpWj4X',#5,'CPset_BGT',$,(#7790,#7791,#7792,#7793,#7794,#7795,#7796,#7797,#7798,#7799,#7800,#7801));
#7803=IFCRELDEFINESBYPROPERTIES('3xlgToeEzFvB6mTG6jSa1c',#5,$,$,(#7789),#7802);
#7804=IFCCARTESIANPOINT((-42.1383546134166,-15.4219389894861,0.));
#7805=IFCCARTESIANTRANSFORMATIONOPERATOR3D($,$,#7804,1.,$);
#7806=IFCMAPPEDITEM(#1977,#7805);
#7807=IFCSHAPEREPRESENTATION(#11,'Body','MappedRepresentation',(#7806));
#7808=IFCCARTESIANPOINT((0.,0.,0.));
#7809=IFCDIRECTION((0.,0.,1.));
#7810=IFCDIRECTION((1.,0.,0.));
#7811=IFCAXIS2PLACEMENT3D(#7808,#7809,#7810);
#7812=IFCLOCALPLACEMENT(#37,#7811);
#7813=IFCPRODUCTDEFINITIONSHAPE($,$,(#7807));
#7814=IFCBUILDINGELEMENTPROXY('0vO0trpFLDC9fU$gpp3g2B',#5,'G0772.a428021753b444de866a2c0007bd226a',$,$,#7812,#7813,$,$);
#7815=IFCPROPERTYSINGLEVALUE('hectometeraanduiding',$,IFCTEXT(''),$);
#7816=IFCPROPERTYSINGLEVALUE('plus-type',$,IFCTEXT('lichtmast'),$);
#7817=IFCPROPERTYSINGLEVALUE('subtype',$,IFCTEXT('2'),$);
#7818=IFCPROPERTYSINGLEVALUE('identificatie',$,IFCTEXT('G0772.a428021753b444de866a2c0007bd226a'),$);
#7819=IFCPROPERTYSINGLEVALUE('bgt-status',$,IFCTEXT('bestaand'),$);
#7820=IFCPROPERTYSINGLEVALUE('objectBeginTijd',$,IFCTEXT('2011-10-03T22:00:00'),$);
#7821=IFCPROPERTYSINGLEVALUE('bronhouder',$,IFCTEXT('G0772'),$);
#7822=IFCPROPERTYSINGLEVALUE('inOnderzoek',$,IFCBOOLEAN(.F.),$);
#7823=IFCPROPERTYSINGLEVALUE('relatieveHoogteligging',$,IFCTEXT('0'),$);
#7824=IFCPROPERTYSINGLEVALUE('tijdstipRegistratie',$,IFCTEXT('2016-01-07T12:25:24'),$);
#7825=IFCPROPERTYSINGLEVALUE('LV-publicatiedatum',$,IFCTEXT('2016-04-05T11:55:43'),$);
#7826=IFCPROPERTYSINGLEVALUE('objecttype',$,IFCTEXT('paal_p'),$);
#7827=IFCPROPERTYSET('3qDulKMDr4bALE2pS9WxQO',#5,'CPset_BGT',$,(#7815,#7816,#7817,#7818,#7819,#7820,#7821,#7822,#7823,#7824,#7825,#7826));
#7828=IFCRELDEFINESBYPROPERTIES('0WoceoT_n13Psnnz2v2EqD',#5,$,$,(#7814),#7827);
#7829=IFCCARTESIANPOINT((-18.6254543195537,-5.4484268311644,0.));
#7830=IFCCARTESIANTRANSFORMATIONOPERATOR3D($,$,#7829,1.,$);
#7831=IFCMAPPEDITEM(#1977,#7830);
#7832=IFCSHAPEREPRESENTATION(#11,'Body','MappedRepresentation',(#7831));
#7833=IFCCARTESIANPOINT((0.,0.,0.));
#7834=IFCDIRECTION((0.,0.,1.));
#7835=IFCDIRECTION((1.,0.,0.));
#7836=IFCAXIS2PLACEMENT3D(#7833,#7834,#7835);
#7837=IFCLOCALPLACEMENT(#37,#7836);
#7838=IFCPRODUCTDEFINITIONSHAPE($,$,(#7832));
#7839=IFCBUILDINGELEMENTPROXY('2e8byvmDf9qQueB6hi9$Bw',#5,'G0772.e1171eb9c4e14500b5ae0d579675871e',$,$,#7837,#7838,$,$);
#7840=IFCPROPERTYSINGLEVALUE('hectometeraanduiding',$,IFCTEXT(''),$);
#7841=IFCPROPERTYSINGLEVALUE('plus-type',$,IFCTEXT('lichtmast'),$);
#7842=IFCPROPERTYSINGLEVALUE('subtype',$,IFCTEXT('2'),$);
#7843=IFCPROPERTYSINGLEVALUE('identificatie',$,IFCTEXT('G0772.e1171eb9c4e14500b5ae0d579675871e'),$);
#7844=IFCPROPERTYSINGLEVALUE('bgt-status',$,IFCTEXT('bestaand'),$);
#7845=IFCPROPERTYSINGLEVALUE('objectBeginTijd',$,IFCTEXT('2011-10-03T22:00:00'),$);
#7846=IFCPROPERTYSINGLEVALUE('bronhouder',$,IFCTEXT('G0772'),$);
#7847=IFCPROPERTYSINGLEVALUE('inOnderzoek',$,IFCBOOLEAN(.F.),$);
#7848=IFCPROPERTYSINGLEVALUE('relatieveHoogteligging',$,IFCTEXT('0'),$);
#7849=IFCPROPERTYSINGLEVALUE('tijdstipRegistratie',$,IFCTEXT('2016-01-07T12:25:24'),$);
#7850=IFCPROPERTYSINGLEVALUE('LV-publicatiedatum',$,IFCTEXT('2016-04-05T11:55:43'),$);
#7851=IFCPROPERTYSINGLEVALUE('objecttype',$,IFCTEXT('paal_p'),$);
#7852=IFCPROPERTYSET('3bFTGf89XDIh99mlODD2Xn',#5,'CPset_BGT',$,(#7840,#7841,#7842,#7843,#7844,#7845,#7846,#7847,#7848,#7849,#7850,#7851));
#7853=IFCRELDEFINESBYPROPERTIES('06wkwDvcP5SAsaS$PBdMRx',#5,$,$,(#7839),#7852);
#7854=IFCCARTESIANPOINT((-68.9072177122289,29.1247043564799,0.));
#7855=IFCCARTESIANTRANSFORMATIONOPERATOR3D($,$,#7854,1.,$);
#7856=IFCMAPPEDITEM(#1977,#7855);
#7857=IFCSHAPEREPRESENTATION(#11,'Body','MappedRepresentation',(#7856));
#7858=IFCCARTESIANPOINT((0.,0.,0.));
#7859=IFCDIRECTION((0.,0.,1.));
#7860=IFCDIRECTION((1.,0.,0.));
#7861=IFCAXIS2PLACEMENT3D(#7858,#7859,#7860);
#7862=IFCLOCALPLACEMENT(#37,#7861);
#7863=IFCPRODUCTDEFINITIONSHAPE($,$,(#7857));
#7864=IFCBUILDINGELEMENTPROXY('3Jk_t$zcTAlQac745k$ZxM',#5,'G0772.e213ea2663404564b612c6d98aca2e12',$,$,#7862,#7863,$,$);
#7865=IFCPROPERTYSINGLEVALUE('hectometeraanduiding',$,IFCTEXT(''),$);
#7866=IFCPROPERTYSINGLEVALUE('plus-type',$,IFCTEXT('lichtmast'),$);
#7867=IFCPROPERTYSINGLEVALUE('subtype',$,IFCTEXT('2'),$);
#7868=IFCPROPERTYSINGLEVALUE('identificatie',$,IFCTEXT('G0772.e213ea2663404564b612c6d98aca2e12'),$);
#7869=IFCPROPERTYSINGLEVALUE('bgt-status',$,IFCTEXT('bestaand'),$);
#7870=IFCPROPERTYSINGLEVALUE('objectBeginTijd',$,IFCTEXT('2013-02-24T23:00:00'),$);
#7871=IFCPROPERTYSINGLEVALUE('bronhouder',$,IFCTEXT('G0772'),$);
#7872=IFCPROPERTYSINGLEVALUE('inOnderzoek',$,IFCBOOLEAN(.F.),$);
#7873=IFCPROPERTYSINGLEVALUE('relatieveHoogteligging',$,IFCTEXT('0'),$);
#7874=IFCPROPERTYSINGLEVALUE('tijdstipRegistratie',$,IFCTEXT('2016-01-07T12:25:24'),$);
#7875=IFCPROPERTYSINGLEVALUE('LV-publicatiedatum',$,IFCTEXT('2016-04-05T11:55:43'),$);
#7876=IFCPROPERTYSINGLEVALUE('objecttype',$,IFCTEXT('paal_p'),$);
#7877=IFCPROPERTYSET('26zZX8QrjDAeG4smNa3IMh',#5,'CPset_BGT',$,(#7865,#7866,#7867,#7868,#7869,#7870,#7871,#7872,#7873,#7874,#7875,#7876));
#7878=IFCRELDEFINESBYPROPERTIES('2dOuueY1988A_E7awMkbhp',#5,$,$,(#7864),#7877);
#7879=IFCCARTESIANPOINT((37.5277255581168,-74.4903985775309,0.));
#7880=IFCCARTESIANTRANSFORMATIONOPERATOR3D($,$,#7879,1.,$);
#7881=IFCMAPPEDITEM(#1977,#7880);
#7882=IFCSHAPEREPRESENTATION(#11,'Body','MappedRepresentation',(#7881));
#7883=IFCCARTESIANPOINT((0.,0.,0.));
#7884=IFCDIRECTION((0.,0.,1.));
#7885=IFCDIRECTION((1.,0.,0.));
#7886=IFCAXIS2PLACEMENT3D(#7883,#7884,#7885);
#7887=IFCLOCALPLACEMENT(#37,#7886);
#7888=IFCPRODUCTDEFINITIONSHAPE($,$,(#7882));
#7889=IFCBUILDINGELEMENTPROXY('3Iv4eYQXz8tRscIxCBfVrr',#5,'G0772.2a4c9965c6e0497984978bdb308bba1b',$,$,#7887,#7888,$,$);
#7890=IFCPROPERTYSINGLEVALUE('hectometeraanduiding',$,IFCTEXT(''),$);
#7891=IFCPROPERTYSINGLEVALUE('plus-type',$,IFCTEXT('lichtmast'),$);
#7892=IFCPROPERTYSINGLEVALUE('subtype',$,IFCTEXT('2'),$);
#7893=IFCPROPERTYSINGLEVALUE('identificatie',$,IFCTEXT('G0772.2a4c9965c6e0497984978bdb308bba1b'),$);
#7894=IFCPROPERTYSINGLEVALUE('bgt-status',$,IFCTEXT('bestaand'),$);
#7895=IFCPROPERTYSINGLEVALUE('objectBeginTijd',$,IFCTEXT('2011-10-03T22:00:00'),$);
#7896=IFCPROPERTYSINGLEVALUE('bronhouder',$,IFCTEXT('G0772'),$);
#7897=IFCPROPERTYSINGLEVALUE('inOnderzoek',$,IFCBOOLEAN(.F.),$);
#7898=IFCPROPERTYSINGLEVALUE('relatieveHoogteligging',$,IFCTEXT('0'),$);
#7899=IFCPROPERTYSINGLEVALUE('tijdstipRegistratie',$,IFCTEXT('2016-01-07T12:25:24'),$);
#7900=IFCPROPERTYSINGLEVALUE('LV-publicatiedatum',$,IFCTEXT('2016-04-05T11:55:43'),$);
#7901=IFCPROPERTYSINGLEVALUE('objecttype',$,IFCTEXT('paal_p'),$);
#7902=IFCPROPERTYSET('1FlYm6WWfCPBndI9mnhmTo',#5,'CPset_BGT',$,(#7890,#7891,#7892,#7893,#7894,#7895,#7896,#7897,#7898,#7899,#7900,#7901));
#7903=IFCRELDEFINESBYPROPERTIES('3dcmXVJdnCOwI1AXpa2aR6',#5,$,$,(#7889),#7902);
#7904=IFCCARTESIANPOINT((-31.3097698859347,6.44299068796681,0.));
#7905=IFCCARTESIANTRANSFORMATIONOPERATOR3D($,$,#7904,1.,$);
#7906=IFCMAPPEDITEM(#1977,#7905);
#7907=IFCSHAPEREPRESENTATION(#11,'Body','MappedRepresentation',(#7906));
#7908=IFCCARTESIANPOINT((0.,0.,0.));
#7909=IFCDIRECTION((0.,0.,1.));
#7910=IFCDIRECTION((1.,0.,0.));
#7911=IFCAXIS2PLACEMENT3D(#7908,#7909,#7910);
#7912=IFCLOCALPLACEMENT(#37,#7911);
#7913=IFCPRODUCTDEFINITIONSHAPE($,$,(#7907));
#7914=IFCBUILDINGELEMENTPROXY('1ocxd6c1f15v1rdG0Mc$R$',#5,'G0772.2b8370bf56d541a99f6ee15d23000339',$,$,#7912,#7913,$,$);
#7915=IFCPROPERTYSINGLEVALUE('hectometeraanduiding',$,IFCTEXT(''),$);
#7916=IFCPROPERTYSINGLEVALUE('plus-type',$,IFCTEXT('lichtmast'),$);
#7917=IFCPROPERTYSINGLEVALUE('subtype',$,IFCTEXT('2'),$);
#7918=IFCPROPERTYSINGLEVALUE('identificatie',$,IFCTEXT('G0772.2b8370bf56d541a99f6ee15d23000339'),$);
#7919=IFCPROPERTYSINGLEVALUE('bgt-status',$,IFCTEXT('bestaand'),$);
#7920=IFCPROPERTYSINGLEVALUE('objectBeginTijd',$,IFCTEXT('2015-10-06T22:00:00'),$);
#7921=IFCPROPERTYSINGLEVALUE('bronhouder',$,IFCTEXT('G0772'),$);
#7922=IFCPROPERTYSINGLEVALUE('inOnderzoek',$,IFCBOOLEAN(.F.),$);
#7923=IFCPROPERTYSINGLEVALUE('relatieveHoogteligging',$,IFCTEXT('0'),$);
#7924=IFCPROPERTYSINGLEVALUE('tijdstipRegistratie',$,IFCTEXT('2016-07-01T04:02:38'),$);
#7925=IFCPROPERTYSINGLEVALUE('LV-publicatiedatum',$,IFCTEXT('2016-07-01T06:42:12'),$);
#7926=IFCPROPERTYSINGLEVALUE('objecttype',$,IFCTEXT('paal_p'),$);
#7927=IFCPROPERTYSET('1J0ZPElQX079nHGClujDrb',#5,'CPset_BGT',$,(#7915,#7916,#7917,#7918,#7919,#7920,#7921,#7922,#7923,#7924,#7925,#7926));
#7928=IFCRELDEFINESBYPROPERTIES('0MkswqLr16rP2UZ9NA8lgT',#5,$,$,(#7914),#7927);
#7929=IFCCARTESIANPOINT((74.490536399273,-271.135112070478,0.));
#7930=IFCCARTESIANTRANSFORMATIONOPERATOR3D($,$,#7929,1.,$);
#7931=IFCMAPPEDITEM(#1977,#7930);
#7932=IFCSHAPEREPRESENTATION(#11,'Body','MappedRepresentation',(#7931));
#7933=IFCCARTESIANPOINT((0.,0.,0.));
#7934=IFCDIRECTION((0.,0.,1.));
#7935=IFCDIRECTION((1.,0.,0.));
#7936=IFCAXIS2PLACEMENT3D(#7933,#7934,#7935);
#7937=IFCLOCALPLACEMENT(#37,#7936);
#7938=IFCPRODUCTDEFINITIONSHAPE($,$,(#7932));
#7939=IFCBUILDINGELEMENTPROXY('2oyLezMrLB69lHWazIfalP',#5,'G0772.3fbb3ba0df2044b8825e3369d956de38',$,$,#7937,#7938,$,$);
#7940=IFCPROPERTYSINGLEVALUE('hectometeraanduiding',$,IFCTEXT(''),$);
#7941=IFCPROPERTYSINGLEVALUE('plus-type',$,IFCTEXT('lichtmast'),$);
#7942=IFCPROPERTYSINGLEVALUE('subtype',$,IFCTEXT('2'),$);
#7943=IFCPROPERTYSINGLEVALUE('identificatie',$,IFCTEXT('G0772.3fbb3ba0df2044b8825e3369d956de38'),$);
#7944=IFCPROPERTYSINGLEVALUE('bgt-status',$,IFCTEXT('bestaand'),$);
#7945=IFCPROPERTYSINGLEVALUE('objectBeginTijd',$,IFCTEXT('2014-03-13T23:00:00'),$);
#7946=IFCPROPERTYSINGLEVALUE('bronhouder',$,IFCTEXT('G0772'),$);
#7947=IFCPROPERTYSINGLEVALUE('inOnderzoek',$,IFCBOOLEAN(.F.),$);
#7948=IFCPROPERTYSINGLEVALUE('relatieveHoogteligging',$,IFCTEXT('0'),$);
#7949=IFCPROPERTYSINGLEVALUE('tijdstipRegistratie',$,IFCTEXT('2016-01-07T12:25:24'),$);
#7950=IFCPROPERTYSINGLEVALUE('LV-publicatiedatum',$,IFCTEXT('2016-04-05T11:55:43'),$);
#7951=IFCPROPERTYSINGLEVALUE('objecttype',$,IFCTEXT('paal_p'),$);
#7952=IFCPROPERTYSET('1J7fjRSfT8_A7Bb53SU$dI',#5,'CPset_BGT',$,(#7940,#7941,#7942,#7943,#7944,#7945,#7946,#7947,#7948,#7949,#7950,#7951));
#7953=IFCRELDEFINESBYPROPERTIES('3RATmPiGH3Kx9_goaPkpif',#5,$,$,(#7939),#7952);
#7954=IFCCARTESIANPOINT((51.8201730485889,-245.787915508554,0.));
#7955=IFCCARTESIANTRANSFORMATIONOPERATOR3D($,$,#7954,1.,$);
#7956=IFCMAPPEDITEM(#1977,#7955);
#7957=IFCSHAPEREPRESENTATION(#11,'Body','MappedRepresentation',(#7956));
#7958=IFCCARTESIANPOINT((0.,0.,0.));
#7959=IFCDIRECTION((0.,0.,1.));
#7960=IFCDIRECTION((1.,0.,0.));
#7961=IFCAXIS2PLACEMENT3D(#7958,#7959,#7960);
#7962=IFCLOCALPLACEMENT(#37,#7961);
#7963=IFCPRODUCTDEFINITIONSHAPE($,$,(#7957));
#7964=IFCBUILDINGELEMENTPROXY('07zKH8boT4dAxL9hXCsLWL',#5,'G0772.5d28ff4b5e7046619ffaeca74d8f31ef',$,$,#7962,#7963,$,$);
#7965=IFCPROPERTYSINGLEVALUE('hectometeraanduiding',$,IFCTEXT(''),$);
#7966=IFCPROPERTYSINGLEVALUE('plus-type',$,IFCTEXT('lichtmast'),$);
#7967=IFCPROPERTYSINGLEVALUE('subtype',$,IFCTEXT('2'),$);
#7968=IFCPROPERTYSINGLEVALUE('identificatie',$,IFCTEXT('G0772.5d28ff4b5e7046619ffaeca74d8f31ef'),$);
#7969=IFCPROPERTYSINGLEVALUE('bgt-status',$,IFCTEXT('bestaand'),$);
#7970=IFCPROPERTYSINGLEVALUE('objectBeginTijd',$,IFCTEXT('2023-12-10T23:00:00'),$);
#7971=IFCPROPERTYSINGLEVALUE('bronhouder',$,IFCTEXT('G0772'),$);
#7972=IFCPROPERTYSINGLEVALUE('inOnderzoek',$,IFCBOOLEAN(.F.),$);
#7973=IFCPROPERTYSINGLEVALUE('relatieveHoogteligging',$,IFCTEXT('0'),$);
#7974=IFCPROPERTYSINGLEVALUE('tijdstipRegistratie',$,IFCTEXT('2024-02-05T09:01:29'),$);
#7975=IFCPROPERTYSINGLEVALUE('LV-publicatiedatum',$,IFCTEXT('2024-02-05T09:09:27'),$);
#7976=IFCPROPERTYSINGLEVALUE('objecttype',$,IFCTEXT('paal_p'),$);
#7977=IFCPROPERTYSET('29m0g2OAT1Wh0Nqbaf9q41',#5,'CPset_BGT',$,(#7965,#7966,#7967,#7968,#7969,#7970,#7971,#7972,#7973,#7974,#7975,#7976));
#7978=IFCRELDEFINESBYPROPERTIES('12WG7w$H9C68WHmH3aHM5b',#5,$,$,(#7964),#7977);
#7979=IFCCARTESIANPOINT((-233.90437140633,-6.28332200559089,0.));
#7980=IFCCARTESIANTRANSFORMATIONOPERATOR3D($,$,#7979,1.,$);
#7981=IFCMAPPEDITEM(#1977,#7980);
#7982=IFCSHAPEREPRESENTATION(#11,'Body','MappedRepresentation',(#7981));
#7983=IFCCARTESIANPOINT((0.,0.,0.));
#7984=IFCDIRECTION((0.,0.,1.));
#7985=IFCDIRECTION((1.,0.,0.));
#7986=IFCAXIS2PLACEMENT3D(#7983,#7984,#7985);
#7987=IFCLOCALPLACEMENT(#37,#7986);
#7988=IFCPRODUCTDEFINITIONSHAPE($,$,(#7982));
#7989=IFCBUILDINGELEMENTPROXY('2Lxo5SQwn6ShYajbif5lkK',#5,'G0772.016cae7c4f4d410894526824bb156377',$,$,#7987,#7988,$,$);
#7990=IFCPROPERTYSINGLEVALUE('hectometeraanduiding',$,IFCTEXT(''),$);
#7991=IFCPROPERTYSINGLEVALUE('plus-type',$,IFCTEXT('lichtmast'),$);
#7992=IFCPROPERTYSINGLEVALUE('subtype',$,IFCTEXT('2'),$);
#7993=IFCPROPERTYSINGLEVALUE('identificatie',$,IFCTEXT('G0772.016cae7c4f4d410894526824bb156377'),$);
#7994=IFCPROPERTYSINGLEVALUE('bgt-status',$,IFCTEXT('bestaand'),$);
#7995=IFCPROPERTYSINGLEVALUE('objectBeginTijd',$,IFCTEXT('2015-04-06T22:00:00'),$);
#7996=IFCPROPERTYSINGLEVALUE('bronhouder',$,IFCTEXT('G0772'),$);
#7997=IFCPROPERTYSINGLEVALUE('inOnderzoek',$,IFCBOOLEAN(.F.),$);
#7998=IFCPROPERTYSINGLEVALUE('relatieveHoogteligging',$,IFCTEXT('0'),$);
#7999=IFCPROPERTYSINGLEVALUE('tijdstipRegistratie',$,IFCTEXT('2016-01-07T12:25:24'),$);
#8000=IFCPROPERTYSINGLEVALUE('LV-publicatiedatum',$,IFCTEXT('2016-04-05T11:55:43'),$);
#8001=IFCPROPERTYSINGLEVALUE('objecttype',$,IFCTEXT('paal_p'),$);
#8002=IFCPROPERTYSET('1CPJ9vtIHFJvfk2ZbeVeZE',#5,'CPset_BGT',$,(#7990,#7991,#7992,#7993,#7994,#7995,#7996,#7997,#7998,#7999,#8000,#8001));
#8003=IFCRELDEFINESBYPROPERTIES('3GSGJ$Kv13aBHJxLiRHL7z',#5,$,$,(#7989),#8002);
#8004=IFCCARTESIANPOINT((-0.240049526590155,-211.251769944385,0.));
#8005=IFCCARTESIANTRANSFORMATIONOPERATOR3D($,$,#8004,1.,$);
#8006=IFCMAPPEDITEM(#1977,#8005);
#8007=IFCSHAPEREPRESENTATION(#11,'Body','MappedRepresentation',(#8006));
#8008=IFCCARTESIANPOINT((0.,0.,0.));
#8009=IFCDIRECTION((0.,0.,1.));
#8010=IFCDIRECTION((1.,0.,0.));
#8011=IFCAXIS2PLACEMENT3D(#8008,#8009,#8010);
#8012=IFCLOCALPLACEMENT(#37,#8011);
#8013=IFCPRODUCTDEFINITIONSHAPE($,$,(#8007));
#8014=IFCBUILDINGELEMENTPROXY('0p9nCAbzz0xQSE4U6KMwor',#5,'G0772.56b8a87e1b5a41bbbb465158f692fc10',$,$,#8012,#8013,$,$);
#8015=IFCPROPERTYSINGLEVALUE('hectometeraanduiding',$,IFCTEXT(''),$);
#8016=IFCPROPERTYSINGLEVALUE('plus-type',$,IFCTEXT('lichtmast'),$);
#8017=IFCPROPERTYSINGLEVALUE('subtype',$,IFCTEXT('2'),$);
#8018=IFCPROPERTYSINGLEVALUE('identificatie',$,IFCTEXT('G0772.56b8a87e1b5a41bbbb465158f692fc10'),$);
#8019=IFCPROPERTYSINGLEVALUE('bgt-status',$,IFCTEXT('bestaand'),$);
#8020=IFCPROPERTYSINGLEVALUE('objectBeginTijd',$,IFCTEXT('2012-10-10T22:00:00'),$);
#8021=IFCPROPERTYSINGLEVALUE('bronhouder',$,IFCTEXT('G0772'),$);
#8022=IFCPROPERTYSINGLEVALUE('inOnderzoek',$,IFCBOOLEAN(.F.),$);
#8023=IFCPROPERTYSINGLEVALUE('relatieveHoogteligging',$,IFCTEXT('0'),$);
#8024=IFCPROPERTYSINGLEVALUE('tijdstipRegistratie',$,IFCTEXT('2016-01-07T12:25:24'),$);
#8025=IFCPROPERTYSINGLEVALUE('LV-publicatiedatum',$,IFCTEXT('2016-04-05T11:55:43'),$);
#8026=IFCPROPERTYSINGLEVALUE('objecttype',$,IFCTEXT('paal_p'),$);
#8027=IFCPROPERTYSET('1TXb5V9NH4Nxuo0Ehd9Q8H',#5,'CPset_BGT',$,(#8015,#8016,#8017,#8018,#8019,#8020,#8021,#8022,#8023,#8024,#8025,#8026));
#8028=IFCRELDEFINESBYPROPERTIES('1ZiAJsQZXBWg0dszk6iSvb',#5,$,$,(#8014),#8027);
#8029=IFCCARTESIANPOINT((-148.36148243997,-85.0724864082877,0.));
#8030=IFCCARTESIANTRANSFORMATIONOPERATOR3D($,$,#8029,1.,$);
#8031=IFCMAPPEDITEM(#1977,#8030);
#8032=IFCSHAPEREPRESENTATION(#11,'Body','MappedRepresentation',(#8031));
#8033=IFCCARTESIANPOINT((0.,0.,0.));
#8034=IFCDIRECTION((0.,0.,1.));
#8035=IFCDIRECTION((1.,0.,0.));
#8036=IFCAXIS2PLACEMENT3D(#8033,#8034,#8035);
#8037=IFCLOCALPLACEMENT(#37,#8036);
#8038=IFCPRODUCTDEFINITIONSHAPE($,$,(#8032));
#8039=IFCBUILDINGELEMENTPROXY('13jzEans1BivqC1mBr16UJ',#5,'G0772.874f32c7c0ae43e0adb567732426668d',$,$,#8037,#8038,$,$);
#8040=IFCPROPERTYSINGLEVALUE('hectometeraanduiding',$,IFCTEXT(''),$);
#8041=IFCPROPERTYSINGLEVALUE('plus-type',$,IFCTEXT('lichtmast'),$);
#8042=IFCPROPERTYSINGLEVALUE('subtype',$,IFCTEXT('2'),$);
#8043=IFCPROPERTYSINGLEVALUE('identificatie',$,IFCTEXT('G0772.874f32c7c0ae43e0adb567732426668d'),$);
#8044=IFCPROPERTYSINGLEVALUE('bgt-status',$,IFCTEXT('bestaand'),$);
#8045=IFCPROPERTYSINGLEVALUE('objectBeginTijd',$,IFCTEXT('2010-06-03T22:00:00'),$);
#8046=IFCPROPERTYSINGLEVALUE('bronhouder',$,IFCTEXT('G0772'),$);
#8047=IFCPROPERTYSINGLEVALUE('inOnderzoek',$,IFCBOOLEAN(.F.),$);
#8048=IFCPROPERTYSINGLEVALUE('relatieveHoogteligging',$,IFCTEXT('0'),$);
#8049=IFCPROPERTYSINGLEVALUE('tijdstipRegistratie',$,IFCTEXT('2016-01-07T12:25:24'),$);
#8050=IFCPROPERTYSINGLEVALUE('LV-publicatiedatum',$,IFCTEXT('2016-04-05T11:55:43'),$);
#8051=IFCPROPERTYSINGLEVALUE('objecttype',$,IFCTEXT('paal_p'),$);
#8052=IFCPROPERTYSET('1Sf0QdMMz3rh_v7_m51W6U',#5,'CPset_BGT',$,(#8040,#8041,#8042,#8043,#8044,#8045,#8046,#8047,#8048,#8049,#8050,#8051));
#8053=IFCRELDEFINESBYPROPERTIES('3ihOBpml50zhg2zEdOjctR',#5,$,$,(#8039),#8052);
#8054=IFCCARTESIANPOINT((-251.67156032566,-5.95340246363776,0.));
#8055=IFCCARTESIANTRANSFORMATIONOPERATOR3D($,$,#8054,1.,$);
#8056=IFCMAPPEDITEM(#1977,#8055);
#8057=IFCSHAPEREPRESENTATION(#11,'Body','MappedRepresentation',(#8056));
#8058=IFCCARTESIANPOINT((0.,0.,0.));
#8059=IFCDIRECTION((0.,0.,1.));
#8060=IFCDIRECTION((1.,0.,0.));
#8061=IFCAXIS2PLACEMENT3D(#8058,#8059,#8060);
#8062=IFCLOCALPLACEMENT(#37,#8061);
#8063=IFCPRODUCTDEFINITIONSHAPE($,$,(#8057));
#8064=IFCBUILDINGELEMENTPROXY('1kkXns5nX8Vvmy1ptq7OS4',#5,'G0772.e41fd140295f4150b1c912fef8218987',$,$,#8062,#8063,$,$);
#8065=IFCPROPERTYSINGLEVALUE('hectometeraanduiding',$,IFCTEXT(''),$);
#8066=IFCPROPERTYSINGLEVALUE('plus-type',$,IFCTEXT('lichtmast'),$);
#8067=IFCPROPERTYSINGLEVALUE('subtype',$,IFCTEXT('2'),$);
#8068=IFCPROPERTYSINGLEVALUE('identificatie',$,IFCTEXT('G0772.e41fd140295f4150b1c912fef8218987'),$);
#8069=IFCPROPERTYSINGLEVALUE('bgt-status',$,IFCTEXT('bestaand'),$);
#8070=IFCPROPERTYSINGLEVALUE('objectBeginTijd',$,IFCTEXT('2015-04-06T22:00:00'),$);
#8071=IFCPROPERTYSINGLEVALUE('bronhouder',$,IFCTEXT('G0772'),$);
#8072=IFCPROPERTYSINGLEVALUE('inOnderzoek',$,IFCBOOLEAN(.F.),$);
#8073=IFCPROPERTYSINGLEVALUE('relatieveHoogteligging',$,IFCTEXT('0'),$);
#8074=IFCPROPERTYSINGLEVALUE('tijdstipRegistratie',$,IFCTEXT('2016-01-07T12:25:24'),$);
#8075=IFCPROPERTYSINGLEVALUE('LV-publicatiedatum',$,IFCTEXT('2016-04-05T11:55:43'),$);
#8076=IFCPROPERTYSINGLEVALUE('objecttype',$,IFCTEXT('paal_p'),$);
#8077=IFCPROPERTYSET('2sc8RoHcXEpBxTgof1BLRE',#5,'CPset_BGT',$,(#8065,#8066,#8067,#8068,#8069,#8070,#8071,#8072,#8073,#8074,#8075,#8076));
#8078=IFCRELDEFINESBYPROPERTIES('2N66lt1FT9T9fQhb2FKeND',#5,$,$,(#8064),#8077);
#8079=IFCCARTESIANPOINT((-102.38053768492,-132.252288966614,0.));
#8080=IFCCARTESIANTRANSFORMATIONOPERATOR3D($,$,#8079,1.,$);
#8081=IFCMAPPEDITEM(#1977,#8080);
#8082=IFCSHAPEREPRESENTATION(#11,'Body','MappedRepresentation',(#8081));
#8083=IFCCARTESIANPOINT((0.,0.,0.));
#8084=IFCDIRECTION((0.,0.,1.));
#8085=IFCDIRECTION((1.,0.,0.));
#8086=IFCAXIS2PLACEMENT3D(#8083,#8084,#8085);
#8087=IFCLOCALPLACEMENT(#37,#8086);
#8088=IFCPRODUCTDEFINITIONSHAPE($,$,(#8082));
#8089=IFCBUILDINGELEMENTPROXY('2UwBpPNHTA998o4CBrsePf',#5,'G0772.ed72863dfc294a9a927bbc1b758a485e',$,$,#8087,#8088,$,$);
#8090=IFCPROPERTYSINGLEVALUE('hectometeraanduiding',$,IFCTEXT(''),$);
#8091=IFCPROPERTYSINGLEVALUE('plus-type',$,IFCTEXT('lichtmast'),$);
#8092=IFCPROPERTYSINGLEVALUE('subtype',$,IFCTEXT('2'),$);
#8093=IFCPROPERTYSINGLEVALUE('identificatie',$,IFCTEXT('G0772.ed72863dfc294a9a927bbc1b758a485e'),$);
#8094=IFCPROPERTYSINGLEVALUE('bgt-status',$,IFCTEXT('bestaand'),$);
#8095=IFCPROPERTYSINGLEVALUE('objectBeginTijd',$,IFCTEXT('2011-10-03T22:00:00'),$);
#8096=IFCPROPERTYSINGLEVALUE('bronhouder',$,IFCTEXT('G0772'),$);
#8097=IFCPROPERTYSINGLEVALUE('inOnderzoek',$,IFCBOOLEAN(.F.),$);
#8098=IFCPROPERTYSINGLEVALUE('relatieveHoogteligging',$,IFCTEXT('0'),$);
#8099=IFCPROPERTYSINGLEVALUE('tijdstipRegistratie',$,IFCTEXT('2016-01-07T12:25:24'),$);
#8100=IFCPROPERTYSINGLEVALUE('LV-publicatiedatum',$,IFCTEXT('2016-04-05T11:55:43'),$);
#8101=IFCPROPERTYSINGLEVALUE('objecttype',$,IFCTEXT('paal_p'),$);
#8102=IFCPROPERTYSET('08JczmZjT2EhFxtjS7lrfn',#5,'CPset_BGT',$,(#8090,#8091,#8092,#8093,#8094,#8095,#8096,#8097,#8098,#8099,#8100,#8101));
#8103=IFCRELDEFINESBYPROPERTIES('079uzG9ST7efd25GnITS1f',#5,$,$,(#8089),#8102);
#8104=IFCCARTESIANPOINT((-233.697340351384,-15.2900183556485,0.));
#8105=IFCCARTESIANTRANSFORMATIONOPERATOR3D($,$,#8104,1.,$);
#8106=IFCMAPPEDITEM(#1977,#8105);
#8107=IFCSHAPEREPRESENTATION(#11,'Body','MappedRepresentation',(#8106));
#8108=IFCCARTESIANPOINT((0.,0.,0.));
#8109=IFCDIRECTION((0.,0.,1.));
#8110=IFCDIRECTION((1.,0.,0.));
#8111=IFCAXIS2PLACEMENT3D(#8108,#8109,#8110);
#8112=IFCLOCALPLACEMENT(#37,#8111);
#8113=IFCPRODUCTDEFINITIONSHAPE($,$,(#8107));
#8114=IFCBUILDINGELEMENTPROXY('0oWFGhhEDDAOkTW5JaOzbD',#5,'G0772.8ba9070474c348199dfb9a36f830f82a',$,$,#8112,#8113,$,$);
#8115=IFCPROPERTYSINGLEVALUE('hectometeraanduiding',$,IFCTEXT(''),$);
#8116=IFCPROPERTYSINGLEVALUE('plus-type',$,IFCTEXT('lichtmast'),$);
#8117=IFCPROPERTYSINGLEVALUE('subtype',$,IFCTEXT('2'),$);
#8118=IFCPROPERTYSINGLEVALUE('identificatie',$,IFCTEXT('G0772.8ba9070474c348199dfb9a36f830f82a'),$);
#8119=IFCPROPERTYSINGLEVALUE('bgt-status',$,IFCTEXT('bestaand'),$);
#8120=IFCPROPERTYSINGLEVALUE('objectBeginTijd',$,IFCTEXT('2015-04-06T22:00:00'),$);
#8121=IFCPROPERTYSINGLEVALUE('bronhouder',$,IFCTEXT('G0772'),$);
#8122=IFCPROPERTYSINGLEVALUE('inOnderzoek',$,IFCBOOLEAN(.F.),$);
#8123=IFCPROPERTYSINGLEVALUE('relatieveHoogteligging',$,IFCTEXT('0'),$);
#8124=IFCPROPERTYSINGLEVALUE('tijdstipRegistratie',$,IFCTEXT('2016-01-07T12:25:24'),$);
#8125=IFCPROPERTYSINGLEVALUE('LV-publicatiedatum',$,IFCTEXT('2016-04-05T11:55:43'),$);
#8126=IFCPROPERTYSINGLEVALUE('objecttype',$,IFCTEXT('paal_p'),$);
#8127=IFCPROPERTYSET('3ugwg5WO18rAbpAX8G6P0z',#5,'CPset_BGT',$,(#8115,#8116,#8117,#8118,#8119,#8120,#8121,#8122,#8123,#8124,#8125,#8126));
#8128=IFCRELDEFINESBYPROPERTIES('26AVcSijL6Rgj0aK5D4JN$',#5,$,$,(#8114),#8127);
#8129=IFCCARTESIANPOINT((-85.761464766023,-134.756717108074,0.));
#8130=IFCCARTESIANTRANSFORMATIONOPERATOR3D($,$,#8129,1.,$);
#8131=IFCMAPPEDITEM(#1977,#8130);
#8132=IFCSHAPEREPRESENTATION(#11,'Body','MappedRepresentation',(#8131));
#8133=IFCCARTESIANPOINT((0.,0.,0.));
#8134=IFCDIRECTION((0.,0.,1.));
#8135=IFCDIRECTION((1.,0.,0.));
#8136=IFCAXIS2PLACEMENT3D(#8133,#8134,#8135);
#8137=IFCLOCALPLACEMENT(#37,#8136);
#8138=IFCPRODUCTDEFINITIONSHAPE($,$,(#8132));
#8139=IFCBUILDINGELEMENTPROXY('3MHNUC05jCOPY1UJOF4i8z',#5,'G0772.3aa5fff274044f4e90be21a5fa8de035',$,$,#8137,#8138,$,$);
#8140=IFCPROPERTYSINGLEVALUE('hectometeraanduiding',$,IFCTEXT(''),$);
#8141=IFCPROPERTYSINGLEVALUE('plus-type',$,IFCTEXT('lichtmast'),$);
#8142=IFCPROPERTYSINGLEVALUE('subtype',$,IFCTEXT('2'),$);
#8143=IFCPROPERTYSINGLEVALUE('identificatie',$,IFCTEXT('G0772.3aa5fff274044f4e90be21a5fa8de035'),$);
#8144=IFCPROPERTYSINGLEVALUE('bgt-status',$,IFCTEXT('bestaand'),$);
#8145=IFCPROPERTYSINGLEVALUE('objectBeginTijd',$,IFCTEXT('2015-10-06T22:00:00'),$);
#8146=IFCPROPERTYSINGLEVALUE('bronhouder',$,IFCTEXT('G0772'),$);
#8147=IFCPROPERTYSINGLEVALUE('inOnderzoek',$,IFCBOOLEAN(.F.),$);
#8148=IFCPROPERTYSINGLEVALUE('relatieveHoogteligging',$,IFCTEXT('0'),$);
#8149=IFCPROPERTYSINGLEVALUE('tijdstipRegistratie',$,IFCTEXT('2016-07-01T04:02:38'),$);
#8150=IFCPROPERTYSINGLEVALUE('LV-publicatiedatum',$,IFCTEXT('2016-07-01T06:42:12'),$);
#8151=IFCPROPERTYSINGLEVALUE('objecttype',$,IFCTEXT('paal_p'),$);
#8152=IFCPROPERTYSET('1eR30QH0v3nxe3UeYsXYsc',#5,'CPset_BGT',$,(#8140,#8141,#8142,#8143,#8144,#8145,#8146,#8147,#8148,#8149,#8150,#8151));
#8153=IFCRELDEFINESBYPROPERTIES('0jh7An2Ln0hP8xF2VJis56',#5,$,$,(#8139),#8152);
#8154=IFCCARTESIANPOINT((42.9998443508812,-198.71401498327,0.));
#8155=IFCCARTESIANTRANSFORMATIONOPERATOR3D($,$,#8154,1.,$);
#8156=IFCMAPPEDITEM(#1977,#8155);
#8157=IFCSHAPEREPRESENTATION(#11,'Body','MappedRepresentation',(#8156));
#8158=IFCCARTESIANPOINT((0.,0.,0.));
#8159=IFCDIRECTION((0.,0.,1.));
#8160=IFCDIRECTION((1.,0.,0.));
#8161=IFCAXIS2PLACEMENT3D(#8158,#8159,#8160);
#8162=IFCLOCALPLACEMENT(#37,#8161);
#8163=IFCPRODUCTDEFINITIONSHAPE($,$,(#8157));
#8164=IFCBUILDINGELEMENTPROXY('0esD_25S13M8fGdmEKtjBa',#5,'G0772.6de0b62038a24b6e8bea987dcf2fdd0a',$,$,#8162,#8163,$,$);
#8165=IFCPROPERTYSINGLEVALUE('hectometeraanduiding',$,IFCTEXT(''),$);
#8166=IFCPROPERTYSINGLEVALUE('plus-type',$,IFCTEXT('lichtmast'),$);
#8167=IFCPROPERTYSINGLEVALUE('subtype',$,IFCTEXT('2'),$);
#8168=IFCPROPERTYSINGLEVALUE('identificatie',$,IFCTEXT('G0772.6de0b62038a24b6e8bea987dcf2fdd0a'),$);
#8169=IFCPROPERTYSINGLEVALUE('bgt-status',$,IFCTEXT('bestaand'),$);
#8170=IFCPROPERTYSINGLEVALUE('objectBeginTijd',$,IFCTEXT('2012-10-10T22:00:00'),$);
#8171=IFCPROPERTYSINGLEVALUE('bronhouder',$,IFCTEXT('G0772'),$);
#8172=IFCPROPERTYSINGLEVALUE('inOnderzoek',$,IFCBOOLEAN(.F.),$);
#8173=IFCPROPERTYSINGLEVALUE('relatieveHoogteligging',$,IFCTEXT('0'),$);
#8174=IFCPROPERTYSINGLEVALUE('tijdstipRegistratie',$,IFCTEXT('2016-01-07T12:25:24'),$);
#8175=IFCPROPERTYSINGLEVALUE('LV-publicatiedatum',$,IFCTEXT('2016-04-05T11:55:43'),$);
#8176=IFCPROPERTYSINGLEVALUE('objecttype',$,IFCTEXT('paal_p'),$);
#8177=IFCPROPERTYSET('3abH18GfvDbR9RbX1MAgmb',#5,'CPset_BGT',$,(#8165,#8166,#8167,#8168,#8169,#8170,#8171,#8172,#8173,#8174,#8175,#8176));
#8178=IFCRELDEFINESBYPROPERTIES('20I8M9q$z4ZhDPaim6Z0pO',#5,$,$,(#8164),#8177);
#8179=IFCCARTESIANPOINT((28.9743196890922,-192.387337185151,0.));
#8180=IFCCARTESIANTRANSFORMATIONOPERATOR3D($,$,#8179,1.,$);
#8181=IFCMAPPEDITEM(#1977,#8180);
#8182=IFCSHAPEREPRESENTATION(#11,'Body','MappedRepresentation',(#8181));
#8183=IFCCARTESIANPOINT((0.,0.,0.));
#8184=IFCDIRECTION((0.,0.,1.));
#8185=IFCDIRECTION((1.,0.,0.));
#8186=IFCAXIS2PLACEMENT3D(#8183,#8184,#8185);
#8187=IFCLOCALPLACEMENT(#37,#8186);
#8188=IFCPRODUCTDEFINITIONSHAPE($,$,(#8182));
#8189=IFCBUILDINGELEMENTPROXY('2x9ZgAqaj9OPAn_aRIcf$r',#5,'G0772.20ddeaadc6894c09874e1096d048adc0',$,$,#8187,#8188,$,$);
#8190=IFCPROPERTYSINGLEVALUE('hectometeraanduiding',$,IFCTEXT(''),$);
#8191=IFCPROPERTYSINGLEVALUE('plus-type',$,IFCTEXT('lichtmast'),$);
#8192=IFCPROPERTYSINGLEVALUE('subtype',$,IFCTEXT('2'),$);
#8193=IFCPROPERTYSINGLEVALUE('identificatie',$,IFCTEXT('G0772.20ddeaadc6894c09874e1096d048adc0'),$);
#8194=IFCPROPERTYSINGLEVALUE('bgt-status',$,IFCTEXT('bestaand'),$);
#8195=IFCPROPERTYSINGLEVALUE('objectBeginTijd',$,IFCTEXT('2015-04-06T22:00:00'),$);
#8196=IFCPROPERTYSINGLEVALUE('bronhouder',$,IFCTEXT('G0772'),$);
#8197=IFCPROPERTYSINGLEVALUE('inOnderzoek',$,IFCBOOLEAN(.F.),$);
#8198=IFCPROPERTYSINGLEVALUE('relatieveHoogteligging',$,IFCTEXT('0'),$);
#8199=IFCPROPERTYSINGLEVALUE('tijdstipRegistratie',$,IFCTEXT('2016-01-07T12:25:24'),$);
#8200=IFCPROPERTYSINGLEVALUE('LV-publicatiedatum',$,IFCTEXT('2016-04-05T11:55:43'),$);
#8201=IFCPROPERTYSINGLEVALUE('objecttype',$,IFCTEXT('paal_p'),$);
#8202=IFCPROPERTYSET('12F7x$El57sOOo7rrujq6B',#5,'CPset_BGT',$,(#8190,#8191,#8192,#8193,#8194,#8195,#8196,#8197,#8198,#8199,#8200,#8201));
#8203=IFCRELDEFINESBYPROPERTIES('3smnSiGWTCcgwE_3$VxeRY',#5,$,$,(#8189),#8202);
#8204=IFCCARTESIANPOINT((12.5180964846804,-152.451326269598,0.));
#8205=IFCCARTESIANTRANSFORMATIONOPERATOR3D($,$,#8204,1.,$);
#8206=IFCMAPPEDITEM(#1977,#8205);
#8207=IFCSHAPEREPRESENTATION(#11,'Body','MappedRepresentation',(#8206));
#8208=IFCCARTESIANPOINT((0.,0.,0.));
#8209=IFCDIRECTION((0.,0.,1.));
#8210=IFCDIRECTION((1.,0.,0.));
#8211=IFCAXIS2PLACEMENT3D(#8208,#8209,#8210);
#8212=IFCLOCALPLACEMENT(#37,#8211);
#8213=IFCPRODUCTDEFINITIONSHAPE($,$,(#8207));
#8214=IFCBUILDINGELEMENTPROXY('2Vy63TsWvAhOwy98Qg_As6',#5,'G0772.231e8fd59b5c4ddba7dc8755a3be242e',$,$,#8212,#8213,$,$);
#8215=IFCPROPERTYSINGLEVALUE('hectometeraanduiding',$,IFCTEXT(''),$);
#8216=IFCPROPERTYSINGLEVALUE('plus-type',$,IFCTEXT('lichtmast'),$);
#8217=IFCPROPERTYSINGLEVALUE('subtype',$,IFCTEXT('2'),$);
#8218=IFCPROPERTYSINGLEVALUE('identificatie',$,IFCTEXT('G0772.231e8fd59b5c4ddba7dc8755a3be242e'),$);
#8219=IFCPROPERTYSINGLEVALUE('bgt-status',$,IFCTEXT('bestaand'),$);
#8220=IFCPROPERTYSINGLEVALUE('objectBeginTijd',$,IFCTEXT('2012-10-10T22:00:00'),$);
#8221=IFCPROPERTYSINGLEVALUE('bronhouder',$,IFCTEXT('G0772'),$);
#8222=IFCPROPERTYSINGLEVALUE('inOnderzoek',$,IFCBOOLEAN(.F.),$);
#8223=IFCPROPERTYSINGLEVALUE('relatieveHoogteligging',$,IFCTEXT('0'),$);
#8224=IFCPROPERTYSINGLEVALUE('tijdstipRegistratie',$,IFCTEXT('2016-01-07T12:25:24'),$);
#8225=IFCPROPERTYSINGLEVALUE('LV-publicatiedatum',$,IFCTEXT('2016-04-05T11:55:43'),$);
#8226=IFCPROPERTYSINGLEVALUE('objecttype',$,IFCTEXT('paal_p'),$);
#8227=IFCPROPERTYSET('0LITpWWUf2Ef0t2ENKDsnH',#5,'CPset_BGT',$,(#8215,#8216,#8217,#8218,#8219,#8220,#8221,#8222,#8223,#8224,#8225,#8226));
#8228=IFCRELDEFINESBYPROPERTIES('0uKhl7k0n9MxyfNUf2uoOl',#5,$,$,(#8214),#8227);
#8229=IFCCARTESIANPOINT((-70.8422760631365,-109.08382680628,0.));
#8230=IFCCARTESIANTRANSFORMATIONOPERATOR3D($,$,#8229,1.,$);
#8231=IFCMAPPEDITEM(#1977,#8230);
#8232=IFCSHAPEREPRESENTATION(#11,'Body','MappedRepresentation',(#8231));
#8233=IFCCARTESIANPOINT((0.,0.,0.));
#8234=IFCDIRECTION((0.,0.,1.));
#8235=IFCDIRECTION((1.,0.,0.));
#8236=IFCAXIS2PLACEMENT3D(#8233,#8234,#8235);
#8237=IFCLOCALPLACEMENT(#37,#8236);
#8238=IFCPRODUCTDEFINITIONSHAPE($,$,(#8232));
#8239=IFCBUILDINGELEMENTPROXY('0IUwx16jj9FADzuTvFeqCV',#5,'G0772.4b9aba087c8545119623baa28df21245',$,$,#8237,#8238,$,$);
#8240=IFCPROPERTYSINGLEVALUE('hectometeraanduiding',$,IFCTEXT(''),$);
#8241=IFCPROPERTYSINGLEVALUE('plus-type',$,IFCTEXT('lichtmast'),$);
#8242=IFCPROPERTYSINGLEVALUE('subtype',$,IFCTEXT('2'),$);
#8243=IFCPROPERTYSINGLEVALUE('identificatie',$,IFCTEXT('G0772.4b9aba087c8545119623baa28df21245'),$);
#8244=IFCPROPERTYSINGLEVALUE('bgt-status',$,IFCTEXT('bestaand'),$);
#8245=IFCPROPERTYSINGLEVALUE('objectBeginTijd',$,IFCTEXT('2015-04-06T22:00:00'),$);
#8246=IFCPROPERTYSINGLEVALUE('bronhouder',$,IFCTEXT('G0772'),$);
#8247=IFCPROPERTYSINGLEVALUE('inOnderzoek',$,IFCBOOLEAN(.F.),$);
#8248=IFCPROPERTYSINGLEVALUE('relatieveHoogteligging',$,IFCTEXT('0'),$);
#8249=IFCPROPERTYSINGLEVALUE('tijdstipRegistratie',$,IFCTEXT('2016-01-07T12:25:24'),$);
#8250=IFCPROPERTYSINGLEVALUE('LV-publicatiedatum',$,IFCTEXT('2016-04-05T11:55:43'),$);
#8251=IFCPROPERTYSINGLEVALUE('objecttype',$,IFCTEXT('paal_p'),$);
#8252=IFCPROPERTYSET('0E0gvn9uLEdxTKQou2z7Z5',#5,'CPset_BGT',$,(#8240,#8241,#8242,#8243,#8244,#8245,#8246,#8247,#8248,#8249,#8250,#8251));
#8253=IFCRELDEFINESBYPROPERTIES('3THOw77JbCQP1IGWAYZcTQ',#5,$,$,(#8239),#8252);
#8254=IFCCARTESIANPOINT((1.39549591008108,-159.026634510199,0.));
#8255=IFCCARTESIANTRANSFORMATIONOPERATOR3D($,$,#8254,1.,$);
#8256=IFCMAPPEDITEM(#1977,#8255);
#8257=IFCSHAPEREPRESENTATION(#11,'Body','MappedRepresentation',(#8256));
#8258=IFCCARTESIANPOINT((0.,0.,0.));
#8259=IFCDIRECTION((0.,0.,1.));
#8260=IFCDIRECTION((1.,0.,0.));
#8261=IFCAXIS2PLACEMENT3D(#8258,#8259,#8260);
#8262=IFCLOCALPLACEMENT(#37,#8261);
#8263=IFCPRODUCTDEFINITIONSHAPE($,$,(#8257));
#8264=IFCBUILDINGELEMENTPROXY('2mY22$d5fDvu9VdxEpPfM$',#5,'G0772.5d5a7ae46a464290afe9d1edc35cd53e',$,$,#8262,#8263,$,$);
#8265=IFCPROPERTYSINGLEVALUE('hectometeraanduiding',$,IFCTEXT(''),$);
#8266=IFCPROPERTYSINGLEVALUE('plus-type',$,IFCTEXT('lichtmast'),$);
#8267=IFCPROPERTYSINGLEVALUE('subtype',$,IFCTEXT('2'),$);
#8268=IFCPROPERTYSINGLEVALUE('identificatie',$,IFCTEXT('G0772.5d5a7ae46a464290afe9d1edc35cd53e'),$);
#8269=IFCPROPERTYSINGLEVALUE('bgt-status',$,IFCTEXT('bestaand'),$);
#8270=IFCPROPERTYSINGLEVALUE('objectBeginTijd',$,IFCTEXT('2015-04-06T22:00:00'),$);
#8271=IFCPROPERTYSINGLEVALUE('bronhouder',$,IFCTEXT('G0772'),$);
#8272=IFCPROPERTYSINGLEVALUE('inOnderzoek',$,IFCBOOLEAN(.F.),$);
#8273=IFCPROPERTYSINGLEVALUE('relatieveHoogteligging',$,IFCTEXT('0'),$);
#8274=IFCPROPERTYSINGLEVALUE('tijdstipRegistratie',$,IFCTEXT('2016-01-07T12:25:24'),$);
#8275=IFCPROPERTYSINGLEVALUE('LV-publicatiedatum',$,IFCTEXT('2016-04-05T11:55:43'),$);
#8276=IFCPROPERTYSINGLEVALUE('objecttype',$,IFCTEXT('paal_p'),$);
#8277=IFCPROPERTYSET('0oCSSErNfD7fnsfNz5OzvK',#5,'CPset_BGT',$,(#8265,#8266,#8267,#8268,#8269,#8270,#8271,#8272,#8273,#8274,#8275,#8276));
#8278=IFCRELDEFINESBYPROPERTIES('13CHUFPNr8fOr6usaotvMC',#5,$,$,(#8264),#8277);
#8279=IFCCARTESIANPOINT((35.2050085488299,-179.941820790351,0.));
#8280=IFCCARTESIANTRANSFORMATIONOPERATOR3D($,$,#8279,1.,$);
#8281=IFCMAPPEDITEM(#1977,#8280);
#8282=IFCSHAPEREPRESENTATION(#11,'Body','MappedRepresentation',(#8281));
#8283=IFCCARTESIANPOINT((0.,0.,0.));
#8284=IFCDIRECTION((0.,0.,1.));
#8285=IFCDIRECTION((1.,0.,0.));
#8286=IFCAXIS2PLACEMENT3D(#8283,#8284,#8285);
#8287=IFCLOCALPLACEMENT(#37,#8286);
#8288=IFCPRODUCTDEFINITIONSHAPE($,$,(#8282));
#8289=IFCBUILDINGELEMENTPROXY('0$babC7kX2kBR2gR8QIJDD',#5,'G0772.78b2eaf308ee491082ebe3652686b9c2',$,$,#8287,#8288,$,$);
#8290=IFCPROPERTYSINGLEVALUE('hectometeraanduiding',$,IFCTEXT(''),$);
#8291=IFCPROPERTYSINGLEVALUE('plus-type',$,IFCTEXT('lichtmast'),$);
#8292=IFCPROPERTYSINGLEVALUE('subtype',$,IFCTEXT('2'),$);
#8293=IFCPROPERTYSINGLEVALUE('identificatie',$,IFCTEXT('G0772.78b2eaf308ee491082ebe3652686b9c2'),$);
#8294=IFCPROPERTYSINGLEVALUE('bgt-status',$,IFCTEXT('bestaand'),$);
#8295=IFCPROPERTYSINGLEVALUE('objectBeginTijd',$,IFCTEXT('2012-10-10T22:00:00'),$);
#8296=IFCPROPERTYSINGLEVALUE('bronhouder',$,IFCTEXT('G0772'),$);
#8297=IFCPROPERTYSINGLEVALUE('inOnderzoek',$,IFCBOOLEAN(.F.),$);
#8298=IFCPROPERTYSINGLEVALUE('relatieveHoogteligging',$,IFCTEXT('0'),$);
#8299=IFCPROPERTYSINGLEVALUE('tijdstipRegistratie',$,IFCTEXT('2016-01-07T12:25:24'),$);
#8300=IFCPROPERTYSINGLEVALUE('LV-publicatiedatum',$,IFCTEXT('2016-04-05T11:55:43'),$);
#8301=IFCPROPERTYSINGLEVALUE('objecttype',$,IFCTEXT('paal_p'),$);
#8302=IFCPROPERTYSET('0jB7HvOln7u9c$PyeZOm2C',#5,'CPset_BGT',$,(#8290,#8291,#8292,#8293,#8294,#8295,#8296,#8297,#8298,#8299,#8300,#8301));
#8303=IFCRELDEFINESBYPROPERTIES('2rKY5o81PFqAV$WZ9jptqE',#5,$,$,(#8289),#8302);
#8304=IFCCARTESIANPOINT((-169.773982005776,-6.11730895086657,0.));
#8305=IFCCARTESIANTRANSFORMATIONOPERATOR3D($,$,#8304,1.,$);
#8306=IFCMAPPEDITEM(#1977,#8305);
#8307=IFCSHAPEREPRESENTATION(#11,'Body','MappedRepresentation',(#8306));
#8308=IFCCARTESIANPOINT((0.,0.,0.));
#8309=IFCDIRECTION((0.,0.,1.));
#8310=IFCDIRECTION((1.,0.,0.));
#8311=IFCAXIS2PLACEMENT3D(#8308,#8309,#8310);
#8312=IFCLOCALPLACEMENT(#37,#8311);
#8313=IFCPRODUCTDEFINITIONSHAPE($,$,(#8307));
#8314=IFCBUILDINGELEMENTPROXY('2G6RXtXYf0vxQsNXi_UAtE',#5,'G0772.8ba02cebdfd54524969e909bd375d18c',$,$,#8312,#8313,$,$);
#8315=IFCPROPERTYSINGLEVALUE('hectometeraanduiding',$,IFCTEXT(''),$);
#8316=IFCPROPERTYSINGLEVALUE('plus-type',$,IFCTEXT('lichtmast'),$);
#8317=IFCPROPERTYSINGLEVALUE('subtype',$,IFCTEXT('2'),$);
#8318=IFCPROPERTYSINGLEVALUE('identificatie',$,IFCTEXT('G0772.8ba02cebdfd54524969e909bd375d18c'),$);
#8319=IFCPROPERTYSINGLEVALUE('bgt-status',$,IFCTEXT('bestaand'),$);
#8320=IFCPROPERTYSINGLEVALUE('objectBeginTijd',$,IFCTEXT('2015-04-06T22:00:00'),$);
#8321=IFCPROPERTYSINGLEVALUE('bronhouder',$,IFCTEXT('G0772'),$);
#8322=IFCPROPERTYSINGLEVALUE('inOnderzoek',$,IFCBOOLEAN(.F.),$);
#8323=IFCPROPERTYSINGLEVALUE('relatieveHoogteligging',$,IFCTEXT('0'),$);
#8324=IFCPROPERTYSINGLEVALUE('tijdstipRegistratie',$,IFCTEXT('2016-01-07T12:25:24'),$);
#8325=IFCPROPERTYSINGLEVALUE('LV-publicatiedatum',$,IFCTEXT('2016-04-05T11:55:43'),$);
#8326=IFCPROPERTYSINGLEVALUE('objecttype',$,IFCTEXT('paal_p'),$);
#8327=IFCPROPERTYSET('32jML1s0DAzfRGM1aj1uIJ',#5,'CPset_BGT',$,(#8315,#8316,#8317,#8318,#8319,#8320,#8321,#8322,#8323,#8324,#8325,#8326));
#8328=IFCRELDEFINESBYPROPERTIES('1L1BGY3oP5p8Jdj29Cf3yu',#5,$,$,(#8314),#8327);
#8329=IFCCARTESIANPOINT((-163.997723067965,-30.1762178555364,0.));
#8330=IFCCARTESIANTRANSFORMATIONOPERATOR3D($,$,#8329,1.,$);
#8331=IFCMAPPEDITEM(#1977,#8330);
#8332=IFCSHAPEREPRESENTATION(#11,'Body','MappedRepresentation',(#8331));
#8333=IFCCARTESIANPOINT((0.,0.,0.));
#8334=IFCDIRECTION((0.,0.,1.));
#8335=IFCDIRECTION((1.,0.,0.));
#8336=IFCAXIS2PLACEMENT3D(#8333,#8334,#8335);
#8337=IFCLOCALPLACEMENT(#37,#8336);
#8338=IFCPRODUCTDEFINITIONSHAPE($,$,(#8332));
#8339=IFCBUILDINGELEMENTPROXY('0jqdSdmjX5FR2XoIYF11KX',#5,'G0772.8e79ca9eadf54248b0ceb75718e2f0da',$,$,#8337,#8338,$,$);
#8340=IFCPROPERTYSINGLEVALUE('hectometeraanduiding',$,IFCTEXT(''),$);
#8341=IFCPROPERTYSINGLEVALUE('plus-type',$,IFCTEXT('lichtmast'),$);
#8342=IFCPROPERTYSINGLEVALUE('subtype',$,IFCTEXT('2'),$);
#8343=IFCPROPERTYSINGLEVALUE('identificatie',$,IFCTEXT('G0772.8e79ca9eadf54248b0ceb75718e2f0da'),$);
#8344=IFCPROPERTYSINGLEVALUE('bgt-status',$,IFCTEXT('bestaand'),$);
#8345=IFCPROPERTYSINGLEVALUE('objectBeginTijd',$,IFCTEXT('2011-10-03T22:00:00'),$);
#8346=IFCPROPERTYSINGLEVALUE('bronhouder',$,IFCTEXT('G0772'),$);
#8347=IFCPROPERTYSINGLEVALUE('inOnderzoek',$,IFCBOOLEAN(.F.),$);
#8348=IFCPROPERTYSINGLEVALUE('relatieveHoogteligging',$,IFCTEXT('0'),$);
#8349=IFCPROPERTYSINGLEVALUE('tijdstipRegistratie',$,IFCTEXT('2016-01-07T12:25:24'),$);
#8350=IFCPROPERTYSINGLEVALUE('LV-publicatiedatum',$,IFCTEXT('2016-04-05T11:55:43'),$);
#8351=IFCPROPERTYSINGLEVALUE('objecttype',$,IFCTEXT('paal_p'),$);
#8352=IFCPROPERTYSET('0RNrxUv8n6TxTbJjaYTvOy',#5,'CPset_BGT',$,(#8340,#8341,#8342,#8343,#8344,#8345,#8346,#8347,#8348,#8349,#8350,#8351));
#8353=IFCRELDEFINESBYPROPERTIES('2JXDeo5rv51fbFr_A7bRTW',#5,$,$,(#8339),#8352);
#8354=IFCCARTESIANPOINT((-217.259104017052,17.8208103899378,0.));
#8355=IFCCARTESIANTRANSFORMATIONOPERATOR3D($,$,#8354,1.,$);
#8356=IFCMAPPEDITEM(#1977,#8355);
#8357=IFCSHAPEREPRESENTATION(#11,'Body','MappedRepresentation',(#8356));
#8358=IFCCARTESIANPOINT((0.,0.,0.));
#8359=IFCDIRECTION((0.,0.,1.));
#8360=IFCDIRECTION((1.,0.,0.));
#8361=IFCAXIS2PLACEMENT3D(#8358,#8359,#8360);
#8362=IFCLOCALPLACEMENT(#37,#8361);
#8363=IFCPRODUCTDEFINITIONSHAPE($,$,(#8357));
#8364=IFCBUILDINGELEMENTPROXY('1sQ8CSOwX0ReyN53cRj_Zc',#5,'G0772.9b359ae87da94d5480bd2d4abeed5ace',$,$,#8362,#8363,$,$);
#8365=IFCPROPERTYSINGLEVALUE('hectometeraanduiding',$,IFCTEXT(''),$);
#8366=IFCPROPERTYSINGLEVALUE('plus-type',$,IFCTEXT('lichtmast'),$);
#8367=IFCPROPERTYSINGLEVALUE('subtype',$,IFCTEXT('2'),$);
#8368=IFCPROPERTYSINGLEVALUE('identificatie',$,IFCTEXT('G0772.9b359ae87da94d5480bd2d4abeed5ace'),$);
#8369=IFCPROPERTYSINGLEVALUE('bgt-status',$,IFCTEXT('bestaand'),$);
#8370=IFCPROPERTYSINGLEVALUE('objectBeginTijd',$,IFCTEXT('2014-09-03T22:00:00'),$);
#8371=IFCPROPERTYSINGLEVALUE('bronhouder',$,IFCTEXT('G0772'),$);
#8372=IFCPROPERTYSINGLEVALUE('inOnderzoek',$,IFCBOOLEAN(.F.),$);
#8373=IFCPROPERTYSINGLEVALUE('relatieveHoogteligging',$,IFCTEXT('0'),$);
#8374=IFCPROPERTYSINGLEVALUE('tijdstipRegistratie',$,IFCTEXT('2016-01-07T12:25:24'),$);
#8375=IFCPROPERTYSINGLEVALUE('LV-publicatiedatum',$,IFCTEXT('2016-04-05T11:55:43'),$);
#8376=IFCPROPERTYSINGLEVALUE('objecttype',$,IFCTEXT('paal_p'),$);
#8377=IFCPROPERTYSET('0uODz_tyP6TR6oa3PYM3Ux',#5,'CPset_BGT',$,(#8365,#8366,#8367,#8368,#8369,#8370,#8371,#8372,#8373,#8374,#8375,#8376));
#8378=IFCRELDEFINESBYPROPERTIES('1Hti8Djr5Dee6lNGDk5vVg',#5,$,$,(#8364),#8377);
#8379=IFCCARTESIANPOINT((21.5947576166654,-174.414923417964,0.));
#8380=IFCCARTESIANTRANSFORMATIONOPERATOR3D($,$,#8379,1.,$);
#8381=IFCMAPPEDITEM(#1977,#8380);
#8382=IFCSHAPEREPRESENTATION(#11,'Body','MappedRepresentation',(#8381));
#8383=IFCCARTESIANPOINT((0.,0.,0.));
#8384=IFCDIRECTION((0.,0.,1.));
#8385=IFCDIRECTION((1.,0.,0.));
#8386=IFCAXIS2PLACEMENT3D(#8383,#8384,#8385);
#8387=IFCLOCALPLACEMENT(#37,#8386);
#8388=IFCPRODUCTDEFINITIONSHAPE($,$,(#8382));
#8389=IFCBUILDINGELEMENTPROXY('22n6_KuQj9svGpjZeVNkxw',#5,'G0772.baef46fa84f4488aa452d1db579256a2',$,$,#8387,#8388,$,$);
#8390=IFCPROPERTYSINGLEVALUE('hectometeraanduiding',$,IFCTEXT(''),$);
#8391=IFCPROPERTYSINGLEVALUE('plus-type',$,IFCTEXT('lichtmast'),$);
#8392=IFCPROPERTYSINGLEVALUE('subtype',$,IFCTEXT('2'),$);
#8393=IFCPROPERTYSINGLEVALUE('identificatie',$,IFCTEXT('G0772.baef46fa84f4488aa452d1db579256a2'),$);
#8394=IFCPROPERTYSINGLEVALUE('bgt-status',$,IFCTEXT('bestaand'),$);
#8395=IFCPROPERTYSINGLEVALUE('objectBeginTijd',$,IFCTEXT('2015-04-06T22:00:00'),$);
#8396=IFCPROPERTYSINGLEVALUE('bronhouder',$,IFCTEXT('G0772'),$);
#8397=IFCPROPERTYSINGLEVALUE('inOnderzoek',$,IFCBOOLEAN(.F.),$);
#8398=IFCPROPERTYSINGLEVALUE('relatieveHoogteligging',$,IFCTEXT('0'),$);
#8399=IFCPROPERTYSINGLEVALUE('tijdstipRegistratie',$,IFCTEXT('2016-01-07T12:25:24'),$);
#8400=IFCPROPERTYSINGLEVALUE('LV-publicatiedatum',$,IFCTEXT('2016-04-05T11:55:43'),$);
#8401=IFCPROPERTYSINGLEVALUE('objecttype',$,IFCTEXT('paal_p'),$);
#8402=IFCPROPERTYSET('3w1N9D2yP5C9lcnc1pa4Ef',#5,'CPset_BGT',$,(#8390,#8391,#8392,#8393,#8394,#8395,#8396,#8397,#8398,#8399,#8400,#8401));
#8403=IFCRELDEFINESBYPROPERTIES('0hAD_9oyH8y8rlkpec0qIJ',#5,$,$,(#8389),#8402);
#8404=IFCCARTESIANPOINT((-56.3415363859385,-111.908563044504,0.));
#8405=IFCCARTESIANTRANSFORMATIONOPERATOR3D($,$,#8404,1.,$);
#8406=IFCMAPPEDITEM(#1977,#8405);
#8407=IFCSHAPEREPRESENTATION(#11,'Body','MappedRepresentation',(#8406));
#8408=IFCCARTESIANPOINT((0.,0.,0.));
#8409=IFCDIRECTION((0.,0.,1.));
#8410=IFCDIRECTION((1.,0.,0.));
#8411=IFCAXIS2PLACEMENT3D(#8408,#8409,#8410);
#8412=IFCLOCALPLACEMENT(#37,#8411);
#8413=IFCPRODUCTDEFINITIONSHAPE($,$,(#8407));
#8414=IFCBUILDINGELEMENTPROXY('2t9q1NeWHBVxYDasiaTVuM',#5,'G0772.c0bac602439e448ca9ccfc3d83d6cbc3',$,$,#8412,#8413,$,$);
#8415=IFCPROPERTYSINGLEVALUE('hectometeraanduiding',$,IFCTEXT(''),$);
#8416=IFCPROPERTYSINGLEVALUE('plus-type',$,IFCTEXT('lichtmast'),$);
#8417=IFCPROPERTYSINGLEVALUE('subtype',$,IFCTEXT('2'),$);
#8418=IFCPROPERTYSINGLEVALUE('identificatie',$,IFCTEXT('G0772.c0bac602439e448ca9ccfc3d83d6cbc3'),$);
#8419=IFCPROPERTYSINGLEVALUE('bgt-status',$,IFCTEXT('bestaand'),$);
#8420=IFCPROPERTYSINGLEVALUE('objectBeginTijd',$,IFCTEXT('2015-04-06T22:00:00'),$);
#8421=IFCPROPERTYSINGLEVALUE('bronhouder',$,IFCTEXT('G0772'),$);
#8422=IFCPROPERTYSINGLEVALUE('inOnderzoek',$,IFCBOOLEAN(.F.),$);
#8423=IFCPROPERTYSINGLEVALUE('relatieveHoogteligging',$,IFCTEXT('0'),$);
#8424=IFCPROPERTYSINGLEVALUE('tijdstipRegistratie',$,IFCTEXT('2016-01-07T12:25:24'),$);
#8425=IFCPROPERTYSINGLEVALUE('LV-publicatiedatum',$,IFCTEXT('2016-04-05T11:55:43'),$);
#8426=IFCPROPERTYSINGLEVALUE('objecttype',$,IFCTEXT('paal_p'),$);
#8427=IFCPROPERTYSET('0I8ItUkQX8wgkJFsu6bMWr',#5,'CPset_BGT',$,(#8415,#8416,#8417,#8418,#8419,#8420,#8421,#8422,#8423,#8424,#8425,#8426));
#8428=IFCRELDEFINESBYPROPERTIES('3GUmLQE2v67w1AEX4XbJSz',#5,$,$,(#8414),#8427);
#8429=IFCCARTESIANPOINT((10.8861115947948,-148.223210102879,0.));
#8430=IFCCARTESIANTRANSFORMATIONOPERATOR3D($,$,#8429,1.,$);
#8431=IFCMAPPEDITEM(#1977,#8430);
#8432=IFCSHAPEREPRESENTATION(#11,'Body','MappedRepresentation',(#8431));
#8433=IFCCARTESIANPOINT((0.,0.,0.));
#8434=IFCDIRECTION((0.,0.,1.));
#8435=IFCDIRECTION((1.,0.,0.));
#8436=IFCAXIS2PLACEMENT3D(#8433,#8434,#8435);
#8437=IFCLOCALPLACEMENT(#37,#8436);
#8438=IFCPRODUCTDEFINITIONSHAPE($,$,(#8432));
#8439=IFCBUILDINGELEMENTPROXY('2uwcH6AN93geXeCrKd7bTJ',#5,'G0772.c77c21a2596d418fae331a0ffe8ae4b4',$,$,#8437,#8438,$,$);
#8440=IFCPROPERTYSINGLEVALUE('hectometeraanduiding',$,IFCTEXT(''),$);
#8441=IFCPROPERTYSINGLEVALUE('plus-type',$,IFCTEXT('lichtmast'),$);
#8442=IFCPROPERTYSINGLEVALUE('subtype',$,IFCTEXT('2'),$);
#8443=IFCPROPERTYSINGLEVALUE('identificatie',$,IFCTEXT('G0772.c77c21a2596d418fae331a0ffe8ae4b4'),$);
#8444=IFCPROPERTYSINGLEVALUE('bgt-status',$,IFCTEXT('bestaand'),$);
#8445=IFCPROPERTYSINGLEVALUE('objectBeginTijd',$,IFCTEXT('2015-04-06T22:00:00'),$);
#8446=IFCPROPERTYSINGLEVALUE('bronhouder',$,IFCTEXT('G0772'),$);
#8447=IFCPROPERTYSINGLEVALUE('inOnderzoek',$,IFCBOOLEAN(.F.),$);
#8448=IFCPROPERTYSINGLEVALUE('relatieveHoogteligging',$,IFCTEXT('0'),$);
#8449=IFCPROPERTYSINGLEVALUE('tijdstipRegistratie',$,IFCTEXT('2016-01-07T12:25:24'),$);
#8450=IFCPROPERTYSINGLEVALUE('LV-publicatiedatum',$,IFCTEXT('2016-04-05T11:55:43'),$);
#8451=IFCPROPERTYSINGLEVALUE('objecttype',$,IFCTEXT('paal_p'),$);
#8452=IFCPROPERTYSET('1mkEMkIEv0HQxrgcG5KaGE',#5,'CPset_BGT',$,(#8440,#8441,#8442,#8443,#8444,#8445,#8446,#8447,#8448,#8449,#8450,#8451));
#8453=IFCRELDEFINESBYPROPERTIES('33fOP31r51HuzgOC_XYxyM',#5,$,$,(#8439),#8452);
#8454=IFCCARTESIANPOINT((-47.6873361671169,-99.7305568213342,0.));
#8455=IFCCARTESIANTRANSFORMATIONOPERATOR3D($,$,#8454,1.,$);
#8456=IFCMAPPEDITEM(#1977,#8455);
#8457=IFCSHAPEREPRESENTATION(#11,'Body','MappedRepresentation',(#8456));
#8458=IFCCARTESIANPOINT((0.,0.,0.));
#8459=IFCDIRECTION((0.,0.,1.));
#8460=IFCDIRECTION((1.,0.,0.));
#8461=IFCAXIS2PLACEMENT3D(#8458,#8459,#8460);
#8462=IFCLOCALPLACEMENT(#37,#8461);
#8463=IFCPRODUCTDEFINITIONSHAPE($,$,(#8457));
#8464=IFCBUILDINGELEMENTPROXY('0D7Vwtq7TD6Rfz7pGfZdf6',#5,'G0772.c86001419c5446f390db991b569eb616',$,$,#8462,#8463,$,$);
#8465=IFCPROPERTYSINGLEVALUE('hectometeraanduiding',$,IFCTEXT(''),$);
#8466=IFCPROPERTYSINGLEVALUE('plus-type',$,IFCTEXT('lichtmast'),$);
#8467=IFCPROPERTYSINGLEVALUE('subtype',$,IFCTEXT('2'),$);
#8468=IFCPROPERTYSINGLEVALUE('identificatie',$,IFCTEXT('G0772.c86001419c5446f390db991b569eb616'),$);
#8469=IFCPROPERTYSINGLEVALUE('bgt-status',$,IFCTEXT('bestaand'),$);
#8470=IFCPROPERTYSINGLEVALUE('objectBeginTijd',$,IFCTEXT('2015-04-06T22:00:00'),$);
#8471=IFCPROPERTYSINGLEVALUE('bronhouder',$,IFCTEXT('G0772'),$);
#8472=IFCPROPERTYSINGLEVALUE('inOnderzoek',$,IFCBOOLEAN(.F.),$);
#8473=IFCPROPERTYSINGLEVALUE('relatieveHoogteligging',$,IFCTEXT('0'),$);
#8474=IFCPROPERTYSINGLEVALUE('tijdstipRegistratie',$,IFCTEXT('2016-01-07T12:25:24'),$);
#8475=IFCPROPERTYSINGLEVALUE('LV-publicatiedatum',$,IFCTEXT('2016-04-05T11:55:43'),$);
#8476=IFCPROPERTYSINGLEVALUE('objecttype',$,IFCTEXT('paal_p'),$);
#8477=IFCPROPERTYSET('20$_fjOUzDtvYvbfkbmKy1',#5,'CPset_BGT',$,(#8465,#8466,#8467,#8468,#8469,#8470,#8471,#8472,#8473,#8474,#8475,#8476));
#8478=IFCRELDEFINESBYPROPERTIES('34fqXkMIX9TuG5d4NL1y6Y',#5,$,$,(#8464),#8477);
#8479=IFCCARTESIANPOINT((-41.4918456130254,-117.013003459317,0.));
#8480=IFCCARTESIANTRANSFORMATIONOPERATOR3D($,$,#8479,1.,$);
#8481=IFCMAPPEDITEM(#1977,#8480);
#8482=IFCSHAPEREPRESENTATION(#11,'Body','MappedRepresentation',(#8481));
#8483=IFCCARTESIANPOINT((0.,0.,0.));
#8484=IFCDIRECTION((0.,0.,1.));
#8485=IFCDIRECTION((1.,0.,0.));
#8486=IFCAXIS2PLACEMENT3D(#8483,#8484,#8485);
#8487=IFCLOCALPLACEMENT(#37,#8486);
#8488=IFCPRODUCTDEFINITIONSHAPE($,$,(#8482));
#8489=IFCBUILDINGELEMENTPROXY('3pLVlXOrD0T8jWFIGf3Jyy',#5,'G0772.d6fb82ffdaae4dae840b5b41533e3b69',$,$,#8487,#8488,$,$);
#8490=IFCPROPERTYSINGLEVALUE('hectometeraanduiding',$,IFCTEXT(''),$);
#8491=IFCPROPERTYSINGLEVALUE('plus-type',$,IFCTEXT('lichtmast'),$);
#8492=IFCPROPERTYSINGLEVALUE('subtype',$,IFCTEXT('2'),$);
#8493=IFCPROPERTYSINGLEVALUE('identificatie',$,IFCTEXT('G0772.d6fb82ffdaae4dae840b5b41533e3b69'),$);
#8494=IFCPROPERTYSINGLEVALUE('bgt-status',$,IFCTEXT('bestaand'),$);
#8495=IFCPROPERTYSINGLEVALUE('objectBeginTijd',$,IFCTEXT('2015-04-06T22:00:00'),$);
#8496=IFCPROPERTYSINGLEVALUE('bronhouder',$,IFCTEXT('G0772'),$);
#8497=IFCPROPERTYSINGLEVALUE('inOnderzoek',$,IFCBOOLEAN(.F.),$);
#8498=IFCPROPERTYSINGLEVALUE('relatieveHoogteligging',$,IFCTEXT('0'),$);
#8499=IFCPROPERTYSINGLEVALUE('tijdstipRegistratie',$,IFCTEXT('2016-01-07T12:25:24'),$);
#8500=IFCPROPERTYSINGLEVALUE('LV-publicatiedatum',$,IFCTEXT('2016-04-05T11:55:43'),$);
#8501=IFCPROPERTYSINGLEVALUE('objecttype',$,IFCTEXT('paal_p'),$);
#8502=IFCPROPERTYSET('2Ue4iOKVf7pAqPvI21Shcm',#5,'CPset_BGT',$,(#8490,#8491,#8492,#8493,#8494,#8495,#8496,#8497,#8498,#8499,#8500,#8501));
#8503=IFCRELDEFINESBYPROPERTIES('0h7Pleghn9oO5eZGzF6T0P',#5,$,$,(#8489),#8502);
#8504=IFCCARTESIANPOINT((-169.426545423485,-15.2805661131279,0.));
#8505=IFCCARTESIANTRANSFORMATIONOPERATOR3D($,$,#8504,1.,$);
#8506=IFCMAPPEDITEM(#1977,#8505);
#8507=IFCSHAPEREPRESENTATION(#11,'Body','MappedRepresentation',(#8506));
#8508=IFCCARTESIANPOINT((0.,0.,0.));
#8509=IFCDIRECTION((0.,0.,1.));
#8510=IFCDIRECTION((1.,0.,0.));
#8511=IFCAXIS2PLACEMENT3D(#8508,#8509,#8510);
#8512=IFCLOCALPLACEMENT(#37,#8511);
#8513=IFCPRODUCTDEFINITIONSHAPE($,$,(#8507));
#8514=IFCBUILDINGELEMENTPROXY('1eSI$pgIP90BQu7F0QE8kx',#5,'G0772.daac3b04b1ff41b4ba8dbca426489f6a',$,$,#8512,#8513,$,$);
#8515=IFCPROPERTYSINGLEVALUE('hectometeraanduiding',$,IFCTEXT(''),$);
#8516=IFCPROPERTYSINGLEVALUE('plus-type',$,IFCTEXT('lichtmast'),$);
#8517=IFCPROPERTYSINGLEVALUE('subtype',$,IFCTEXT('2'),$);
#8518=IFCPROPERTYSINGLEVALUE('identificatie',$,IFCTEXT('G0772.daac3b04b1ff41b4ba8dbca426489f6a'),$);
#8519=IFCPROPERTYSINGLEVALUE('bgt-status',$,IFCTEXT('bestaand'),$);
#8520=IFCPROPERTYSINGLEVALUE('objectBeginTijd',$,IFCTEXT('2015-04-06T22:00:00'),$);
#8521=IFCPROPERTYSINGLEVALUE('bronhouder',$,IFCTEXT('G0772'),$);
#8522=IFCPROPERTYSINGLEVALUE('inOnderzoek',$,IFCBOOLEAN(.F.),$);
#8523=IFCPROPERTYSINGLEVALUE('relatieveHoogteligging',$,IFCTEXT('0'),$);
#8524=IFCPROPERTYSINGLEVALUE('tijdstipRegistratie',$,IFCTEXT('2016-01-07T12:25:24'),$);
#8525=IFCPROPERTYSINGLEVALUE('LV-publicatiedatum',$,IFCTEXT('2016-04-05T11:55:43'),$);
#8526=IFCPROPERTYSINGLEVALUE('objecttype',$,IFCTEXT('paal_p'),$);
#8527=IFCPROPERTYSET('3s9BJ33NnAp9G0r0f6AgK5',#5,'CPset_BGT',$,(#8515,#8516,#8517,#8518,#8519,#8520,#8521,#8522,#8523,#8524,#8525,#8526));
#8528=IFCRELDEFINESBYPROPERTIES('02ludf5FHCBQzwr4h_k0H$',#5,$,$,(#8514),#8527);
#8529=IFCCARTESIANPOINT((-151.784314402496,-33.7604156417656,0.));
#8530=IFCCARTESIANTRANSFORMATIONOPERATOR3D($,$,#8529,1.,$);
#8531=IFCMAPPEDITEM(#1977,#8530);
#8532=IFCSHAPEREPRESENTATION(#11,'Body','MappedRepresentation',(#8531));
#8533=IFCCARTESIANPOINT((0.,0.,0.));
#8534=IFCDIRECTION((0.,0.,1.));
#8535=IFCDIRECTION((1.,0.,0.));
#8536=IFCAXIS2PLACEMENT3D(#8533,#8534,#8535);
#8537=IFCLOCALPLACEMENT(#37,#8536);
#8538=IFCPRODUCTDEFINITIONSHAPE($,$,(#8532));
#8539=IFCBUILDINGELEMENTPROXY('3x4UgN9AH0RP4oR30wPccP',#5,'G0772.e06ce04d64f746ce802f5cf5c5171f92',$,$,#8537,#8538,$,$);
#8540=IFCPROPERTYSINGLEVALUE('hectometeraanduiding',$,IFCTEXT(''),$);
#8541=IFCPROPERTYSINGLEVALUE('plus-type',$,IFCTEXT('lichtmast'),$);
#8542=IFCPROPERTYSINGLEVALUE('subtype',$,IFCTEXT('2'),$);
#8543=IFCPROPERTYSINGLEVALUE('identificatie',$,IFCTEXT('G0772.e06ce04d64f746ce802f5cf5c5171f92'),$);
#8544=IFCPROPERTYSINGLEVALUE('bgt-status',$,IFCTEXT('bestaand'),$);
#8545=IFCPROPERTYSINGLEVALUE('objectBeginTijd',$,IFCTEXT('2011-10-03T22:00:00'),$);
#8546=IFCPROPERTYSINGLEVALUE('bronhouder',$,IFCTEXT('G0772'),$);
#8547=IFCPROPERTYSINGLEVALUE('inOnderzoek',$,IFCBOOLEAN(.F.),$);
#8548=IFCPROPERTYSINGLEVALUE('relatieveHoogteligging',$,IFCTEXT('0'),$);
#8549=IFCPROPERTYSINGLEVALUE('tijdstipRegistratie',$,IFCTEXT('2016-01-07T12:25:24'),$);
#8550=IFCPROPERTYSINGLEVALUE('LV-publicatiedatum',$,IFCTEXT('2016-04-05T11:55:43'),$);
#8551=IFCPROPERTYSINGLEVALUE('objecttype',$,IFCTEXT('paal_p'),$);
#8552=IFCPROPERTYSET('1i3E7rc0D7Jg3OFO5lS346',#5,'CPset_BGT',$,(#8540,#8541,#8542,#8543,#8544,#8545,#8546,#8547,#8548,#8549,#8550,#8551));
#8553=IFCRELDEFINESBYPROPERTIES('2jcnM82l58WRilE47Pnq1n',#5,$,$,(#8539),#8552);
#8554=IFCCARTESIANPOINT((-189.055715327704,-6.13908281596377,0.));
#8555=IFCCARTESIANTRANSFORMATIONOPERATOR3D($,$,#8554,1.,$);
#8556=IFCMAPPEDITEM(#1977,#8555);
#8557=IFCSHAPEREPRESENTATION(#11,'Body','MappedRepresentation',(#8556));
#8558=IFCCARTESIANPOINT((0.,0.,0.));
#8559=IFCDIRECTION((0.,0.,1.));
#8560=IFCDIRECTION((1.,0.,0.));
#8561=IFCAXIS2PLACEMENT3D(#8558,#8559,#8560);
#8562=IFCLOCALPLACEMENT(#37,#8561);
#8563=IFCPRODUCTDEFINITIONSHAPE($,$,(#8557));
#8564=IFCBUILDINGELEMENTPROXY('3JNjiokT92TfCHv4ydlh6n',#5,'G0772.228baec2e9d14264a680ee6e594d0a94',$,$,#8562,#8563,$,$);
#8565=IFCPROPERTYSINGLEVALUE('hectometeraanduiding',$,IFCTEXT(''),$);
#8566=IFCPROPERTYSINGLEVALUE('plus-type',$,IFCTEXT('lichtmast'),$);
#8567=IFCPROPERTYSINGLEVALUE('subtype',$,IFCTEXT('2'),$);
#8568=IFCPROPERTYSINGLEVALUE('identificatie',$,IFCTEXT('G0772.228baec2e9d14264a680ee6e594d0a94'),$);
#8569=IFCPROPERTYSINGLEVALUE('bgt-status',$,IFCTEXT('bestaand'),$);
#8570=IFCPROPERTYSINGLEVALUE('objectBeginTijd',$,IFCTEXT('2015-04-06T22:00:00'),$);
#8571=IFCPROPERTYSINGLEVALUE('bronhouder',$,IFCTEXT('G0772'),$);
#8572=IFCPROPERTYSINGLEVALUE('inOnderzoek',$,IFCBOOLEAN(.F.),$);
#8573=IFCPROPERTYSINGLEVALUE('relatieveHoogteligging',$,IFCTEXT('0'),$);
#8574=IFCPROPERTYSINGLEVALUE('tijdstipRegistratie',$,IFCTEXT('2016-01-07T12:25:24'),$);
#8575=IFCPROPERTYSINGLEVALUE('LV-publicatiedatum',$,IFCTEXT('2016-04-05T11:55:43'),$);
#8576=IFCPROPERTYSINGLEVALUE('objecttype',$,IFCTEXT('paal_p'),$);
#8577=IFCPROPERTYSET('1CfaUwBoTAw8bkTqPuQoAU',#5,'CPset_BGT',$,(#8565,#8566,#8567,#8568,#8569,#8570,#8571,#8572,#8573,#8574,#8575,#8576));
#8578=IFCRELDEFINESBYPROPERTIES('3s$1NbWvz2OAXgL3V$cCfa',#5,$,$,(#8564),#8577);
#8579=IFCCARTESIANPOINT((-152.47301751122,-12.7004119848716,0.));
#8580=IFCCARTESIANTRANSFORMATIONOPERATOR3D($,$,#8579,1.,$);
#8581=IFCMAPPEDITEM(#1977,#8580);
#8582=IFCSHAPEREPRESENTATION(#11,'Body','MappedRepresentation',(#8581));
#8583=IFCCARTESIANPOINT((0.,0.,0.));
#8584=IFCDIRECTION((0.,0.,1.));
#8585=IFCDIRECTION((1.,0.,0.));
#8586=IFCAXIS2PLACEMENT3D(#8583,#8584,#8585);
#8587=IFCLOCALPLACEMENT(#37,#8586);
#8588=IFCPRODUCTDEFINITIONSHAPE($,$,(#8582));
#8589=IFCBUILDINGELEMENTPROXY('3pbk6$e1HA4PugiLOQQ6ye',#5,'G0772.8aef5f12d3024ce396dfd470d8dece74',$,$,#8587,#8588,$,$);
#8590=IFCPROPERTYSINGLEVALUE('hectometeraanduiding',$,IFCTEXT(''),$);
#8591=IFCPROPERTYSINGLEVALUE('plus-type',$,IFCTEXT('lichtmast'),$);
#8592=IFCPROPERTYSINGLEVALUE('subtype',$,IFCTEXT('2'),$);
#8593=IFCPROPERTYSINGLEVALUE('identificatie',$,IFCTEXT('G0772.8aef5f12d3024ce396dfd470d8dece74'),$);
#8594=IFCPROPERTYSINGLEVALUE('bgt-status',$,IFCTEXT('bestaand'),$);
#8595=IFCPROPERTYSINGLEVALUE('objectBeginTijd',$,IFCTEXT('2011-10-03T22:00:00'),$);
#8596=IFCPROPERTYSINGLEVALUE('bronhouder',$,IFCTEXT('G0772'),$);
#8597=IFCPROPERTYSINGLEVALUE('inOnderzoek',$,IFCBOOLEAN(.F.),$);
#8598=IFCPROPERTYSINGLEVALUE('relatieveHoogteligging',$,IFCTEXT('0'),$);
#8599=IFCPROPERTYSINGLEVALUE('tijdstipRegistratie',$,IFCTEXT('2016-01-07T12:25:24'),$);
#8600=IFCPROPERTYSINGLEVALUE('LV-publicatiedatum',$,IFCTEXT('2016-04-05T11:55:43'),$);
#8601=IFCPROPERTYSINGLEVALUE('objecttype',$,IFCTEXT('paal_p'),$);
#8602=IFCPROPERTYSET('0uo4kRkWL09uUyBZivyA_F',#5,'CPset_BGT',$,(#8590,#8591,#8592,#8593,#8594,#8595,#8596,#8597,#8598,#8599,#8600,#8601));
#8603=IFCRELDEFINESBYPROPERTIES('382iQN7DrFsxKVjC3Rpku5',#5,$,$,(#8589),#8602);
#8604=IFCCARTESIANPOINT((-226.624987229297,24.1559476145194,0.));
#8605=IFCCARTESIANTRANSFORMATIONOPERATOR3D($,$,#8604,1.,$);
#8606=IFCMAPPEDITEM(#1977,#8605);
#8607=IFCSHAPEREPRESENTATION(#11,'Body','MappedRepresentation',(#8606));
#8608=IFCCARTESIANPOINT((0.,0.,0.));
#8609=IFCDIRECTION((0.,0.,1.));
#8610=IFCDIRECTION((1.,0.,0.));
#8611=IFCAXIS2PLACEMENT3D(#8608,#8609,#8610);
#8612=IFCLOCALPLACEMENT(#37,#8611);
#8613=IFCPRODUCTDEFINITIONSHAPE($,$,(#8607));
#8614=IFCBUILDINGELEMENTPROXY('02zQsRFUr3XAkgfG2Yse0o',#5,'G0772.2b08747930df4ff9ad6ec2c71eed7e02',$,$,#8612,#8613,$,$);
#8615=IFCPROPERTYSINGLEVALUE('hectometeraanduiding',$,IFCTEXT(''),$);
#8616=IFCPROPERTYSINGLEVALUE('plus-type',$,IFCTEXT('lichtmast'),$);
#8617=IFCPROPERTYSINGLEVALUE('subtype',$,IFCTEXT('2'),$);
#8618=IFCPROPERTYSINGLEVALUE('identificatie',$,IFCTEXT('G0772.2b08747930df4ff9ad6ec2c71eed7e02'),$);
#8619=IFCPROPERTYSINGLEVALUE('bgt-status',$,IFCTEXT('bestaand'),$);
#8620=IFCPROPERTYSINGLEVALUE('objectBeginTijd',$,IFCTEXT('2019-05-09T22:00:00'),$);
#8621=IFCPROPERTYSINGLEVALUE('bronhouder',$,IFCTEXT('G0772'),$);
#8622=IFCPROPERTYSINGLEVALUE('inOnderzoek',$,IFCBOOLEAN(.F.),$);
#8623=IFCPROPERTYSINGLEVALUE('relatieveHoogteligging',$,IFCTEXT('0'),$);
#8624=IFCPROPERTYSINGLEVALUE('tijdstipRegistratie',$,IFCTEXT('2019-05-13T11:54:26'),$);
#8625=IFCPROPERTYSINGLEVALUE('LV-publicatiedatum',$,IFCTEXT('2019-05-13T13:27:55'),$);
#8626=IFCPROPERTYSINGLEVALUE('objecttype',$,IFCTEXT('paal_p'),$);
#8627=IFCPROPERTYSET('0DISisnwLCwwFSm9pyZlgh',#5,'CPset_BGT',$,(#8615,#8616,#8617,#8618,#8619,#8620,#8621,#8622,#8623,#8624,#8625,#8626));
#8628=IFCRELDEFINESBYPROPERTIES('3V0hI6YA1A4A7UIodDPH4r',#5,$,$,(#8614),#8627);
#8629=IFCCARTESIANPOINT((-226.791750740696,40.6698532680166,0.));
#8630=IFCCARTESIANTRANSFORMATIONOPERATOR3D($,$,#8629,1.,$);
#8631=IFCMAPPEDITEM(#1977,#8630);
#8632=IFCSHAPEREPRESENTATION(#11,'Body','MappedRepresentation',(#8631));
#8633=IFCCARTESIANPOINT((0.,0.,0.));
#8634=IFCDIRECTION((0.,0.,1.));
#8635=IFCDIRECTION((1.,0.,0.));
#8636=IFCAXIS2PLACEMENT3D(#8633,#8634,#8635);
#8637=IFCLOCALPLACEMENT(#37,#8636);
#8638=IFCPRODUCTDEFINITIONSHAPE($,$,(#8632));
#8639=IFCBUILDINGELEMENTPROXY('13UPPeml1DZRp0Qb7B6i1n',#5,'G0772.f5d4e0e2543743709749de9883694bb8',$,$,#8637,#8638,$,$);
#8640=IFCPROPERTYSINGLEVALUE('hectometeraanduiding',$,IFCTEXT(''),$);
#8641=IFCPROPERTYSINGLEVALUE('plus-type',$,IFCTEXT('lichtmast'),$);
#8642=IFCPROPERTYSINGLEVALUE('subtype',$,IFCTEXT('2'),$);
#8643=IFCPROPERTYSINGLEVALUE('identificatie',$,IFCTEXT('G0772.f5d4e0e2543743709749de9883694bb8'),$);
#8644=IFCPROPERTYSINGLEVALUE('bgt-status',$,IFCTEXT('bestaand'),$);
#8645=IFCPROPERTYSINGLEVALUE('objectBeginTijd',$,IFCTEXT('2019-05-09T22:00:00'),$);
#8646=IFCPROPERTYSINGLEVALUE('bronhouder',$,IFCTEXT('G0772'),$);
#8647=IFCPROPERTYSINGLEVALUE('inOnderzoek',$,IFCBOOLEAN(.F.),$);
#8648=IFCPROPERTYSINGLEVALUE('relatieveHoogteligging',$,IFCTEXT('0'),$);
#8649=IFCPROPERTYSINGLEVALUE('tijdstipRegistratie',$,IFCTEXT('2019-05-13T11:54:26'),$);
#8650=IFCPROPERTYSINGLEVALUE('LV-publicatiedatum',$,IFCTEXT('2019-05-13T13:27:55'),$);
#8651=IFCPROPERTYSINGLEVALUE('objecttype',$,IFCTEXT('paal_p'),$);
#8652=IFCPROPERTYSET('1v7so1k7n2XQ7iH9UO7YGu',#5,'CPset_BGT',$,(#8640,#8641,#8642,#8643,#8644,#8645,#8646,#8647,#8648,#8649,#8650,#8651));
#8653=IFCRELDEFINESBYPROPERTIES('0cFQiCuQL9i8PrQvgJXTFM',#5,$,$,(#8639),#8652);
#8654=IFCCARTESIANPOINT((-147.505812172079,-26.1891380966408,0.));
#8655=IFCCARTESIANTRANSFORMATIONOPERATOR3D($,$,#8654,1.,$);
#8656=IFCMAPPEDITEM(#1977,#8655);
#8657=IFCSHAPEREPRESENTATION(#11,'Body','MappedRepresentation',(#8656));
#8658=IFCCARTESIANPOINT((0.,0.,0.));
#8659=IFCDIRECTION((0.,0.,1.));
#8660=IFCDIRECTION((1.,0.,0.));
#8661=IFCAXIS2PLACEMENT3D(#8658,#8659,#8660);
#8662=IFCLOCALPLACEMENT(#37,#8661);
#8663=IFCPRODUCTDEFINITIONSHAPE($,$,(#8657));
#8664=IFCBUILDINGELEMENTPROXY('1XLa_yWCb5aQr5DBAjHAL3',#5,'G0772.d5541c62c7094fd4904674307b83f86e',$,$,#8662,#8663,$,$);
#8665=IFCPROPERTYSINGLEVALUE('hectometeraanduiding',$,IFCTEXT(''),$);
#8666=IFCPROPERTYSINGLEVALUE('plus-type',$,IFCTEXT('lichtmast'),$);
#8667=IFCPROPERTYSINGLEVALUE('subtype',$,IFCTEXT('2'),$);
#8668=IFCPROPERTYSINGLEVALUE('identificatie',$,IFCTEXT('G0772.d5541c62c7094fd4904674307b83f86e'),$);
#8669=IFCPROPERTYSINGLEVALUE('bgt-status',$,IFCTEXT('bestaand'),$);
#8670=IFCPROPERTYSINGLEVALUE('objectBeginTijd',$,IFCTEXT('2025-11-05T23:00:00'),$);
#8671=IFCPROPERTYSINGLEVALUE('bronhouder',$,IFCTEXT('G0772'),$);
#8672=IFCPROPERTYSINGLEVALUE('inOnderzoek',$,IFCBOOLEAN(.F.),$);
#8673=IFCPROPERTYSINGLEVALUE('relatieveHoogteligging',$,IFCTEXT('0'),$);
#8674=IFCPROPERTYSINGLEVALUE('tijdstipRegistratie',$,IFCTEXT('2025-11-07T13:50:43'),$);
#8675=IFCPROPERTYSINGLEVALUE('LV-publicatiedatum',$,IFCTEXT('2025-11-07T13:56:32'),$);
#8676=IFCPROPERTYSINGLEVALUE('objecttype',$,IFCTEXT('paal_p'),$);
#8677=IFCPROPERTYSET('3U9N5HZBD4BOS5jgx$jrAM',#5,'CPset_BGT',$,(#8665,#8666,#8667,#8668,#8669,#8670,#8671,#8672,#8673,#8674,#8675,#8676));
#8678=IFCRELDEFINESBYPROPERTIES('0$CbFOF7v2wQZ9UZXKoPV4',#5,$,$,(#8664),#8677);
#8679=IFCRELDEFINESBYTYPE('2Wh2DBETD6mxd8tqdgRuRq',#5,'element',$,(#8664),#1978);
#8680=IFCCARTESIANPOINT((0.05,-0.05,0.1));
#8681=IFCCARTESIANPOINT((0.,0.,0.));
#8682=IFCCARTESIANPOINT((0.05,0.05,0.1));
#8683=IFCPOLYLOOP((#8680,#8681,#8682));
#8684=IFCFACEBOUND(#8683,.T.);
#8685=IFCFACE((#8684));
#8686=IFCCARTESIANPOINT((-0.05,0.05,0.1));
#8687=IFCCARTESIANPOINT((0.,0.,0.));
#8688=IFCCARTESIANPOINT((-0.05,-0.05,0.1));
#8689=IFCPOLYLOOP((#8686,#8687,#8688));
#8690=IFCFACEBOUND(#8689,.T.);
#8691=IFCFACE((#8690));
#8692=IFCCARTESIANPOINT((0.,0.,0.));
#8693=IFCCARTESIANPOINT((0.05,-0.05,0.1));
#8694=IFCCARTESIANPOINT((-0.05,-0.05,0.1));
#8695=IFCPOLYLOOP((#8692,#8693,#8694));
#8696=IFCFACEBOUND(#8695,.T.);
#8697=IFCFACE((#8696));
#8698=IFCCARTESIANPOINT((0.05,0.05,0.1));
#8699=IFCCARTESIANPOINT((0.,0.,0.));
#8700=IFCCARTESIANPOINT((-0.05,0.05,0.1));
#8701=IFCPOLYLOOP((#8698,#8699,#8700));
#8702=IFCFACEBOUND(#8701,.T.);
#8703=IFCFACE((#8702));
#8704=IFCCARTESIANPOINT((-0.05,0.05,0.1));
#8705=IFCCARTESIANPOINT((-0.05,-0.05,0.1));
#8706=IFCCARTESIANPOINT((0.05,-0.05,0.1));
#8707=IFCCARTESIANPOINT((0.05,0.05,0.1));
#8708=IFCPOLYLOOP((#8704,#8705,#8706,#8707));
#8709=IFCFACEBOUND(#8708,.T.);
#8710=IFCFACE((#8709));
#8711=IFCCLOSEDSHELL((#8685,#8691,#8697,#8703,#8710));
#8712=IFCFACETEDBREP(#8711);
#8713=IFCSTYLEDITEM(#8712,(#1388),$);
#8714=IFCSHAPEREPRESENTATION(#11,'Body','Brep',(#8712));
#8715=IFCREPRESENTATIONMAP(#9,#8714);
#8716=IFCBUILDINGELEMENTPROXYTYPE('3UQSL4W352OuagOSd10I14',#5,'element',$,$,$,(#8715),$,$,.NOTDEFINED.);
#8717=IFCCARTESIANPOINT((270.467720105633,-9.63066376320785,0.));
#8718=IFCCARTESIANTRANSFORMATIONOPERATOR3D($,$,#8717,1.,$);
#8719=IFCMAPPEDITEM(#8715,#8718);
#8720=IFCSHAPEREPRESENTATION(#11,'Body','MappedRepresentation',(#8719));
#8721=IFCCARTESIANPOINT((0.,0.,0.));
#8722=IFCDIRECTION((0.,0.,1.));
#8723=IFCDIRECTION((1.,0.,0.));
#8724=IFCAXIS2PLACEMENT3D(#8721,#8722,#8723);
#8725=IFCLOCALPLACEMENT(#37,#8724);
#8726=IFCPRODUCTDEFINITIONSHAPE($,$,(#8720));
#8727=IFCBUILDINGELEMENTPROXY('2Mdcwg9Ob6Owu5W8LACN9d',#5,'G0772.775f69466a36447cba68dd90da96f353',$,$,#8725,#8726,$,$);
#8728=IFCPROPERTYSINGLEVALUE('hectometeraanduiding',$,IFCTEXT(''),$);
#8729=IFCPROPERTYSINGLEVALUE('plus-type',$,IFCTEXT('poller'),$);
#8730=IFCPROPERTYSINGLEVALUE('subtype',$,IFCTEXT('2'),$);
#8731=IFCPROPERTYSINGLEVALUE('identificatie',$,IFCTEXT('G0772.775f69466a36447cba68dd90da96f353'),$);
#8732=IFCPROPERTYSINGLEVALUE('bgt-status',$,IFCTEXT('bestaand'),$);
#8733=IFCPROPERTYSINGLEVALUE('objectBeginTijd',$,IFCTEXT('2011-10-19T22:00:00'),$);
#8734=IFCPROPERTYSINGLEVALUE('bronhouder',$,IFCTEXT('G0772'),$);
#8735=IFCPROPERTYSINGLEVALUE('inOnderzoek',$,IFCBOOLEAN(.F.),$);
#8736=IFCPROPERTYSINGLEVALUE('relatieveHoogteligging',$,IFCTEXT('0'),$);
#8737=IFCPROPERTYSINGLEVALUE('tijdstipRegistratie',$,IFCTEXT('2016-01-07T12:25:24'),$);
#8738=IFCPROPERTYSINGLEVALUE('LV-publicatiedatum',$,IFCTEXT('2016-04-05T11:55:43'),$);
#8739=IFCPROPERTYSINGLEVALUE('objecttype',$,IFCTEXT('paal_p'),$);
#8740=IFCPROPERTYSET('2gkm3s_qvEoemr9KrsQnVS',#5,'CPset_BGT',$,(#8728,#8729,#8730,#8731,#8732,#8733,#8734,#8735,#8736,#8737,#8738,#8739));
#8741=IFCRELDEFINESBYPROPERTIES('2P2qUz6mv3wRrLDNPcbRbR',#5,$,$,(#8727),#8740);
#8742=IFCRELDEFINESBYTYPE('03xC2uvsX3HRSYrkl9GBNU',#5,'element',$,(#8727),#8716);
#8743=IFCCARTESIANPOINT((-0.05,0.05,0.7));
#8744=IFCCARTESIANPOINT((-0.05,-0.05,0.7));
#8745=IFCCARTESIANPOINT((0.05,-0.05,0.7));
#8746=IFCCARTESIANPOINT((0.05,0.05,0.7));
#8747=IFCPOLYLOOP((#8743,#8744,#8745,#8746));
#8748=IFCFACEBOUND(#8747,.T.);
#8749=IFCFACE((#8748));
#8750=IFCCARTESIANPOINT((-0.05,-0.05,-5.63993296509579E-18));
#8751=IFCCARTESIANPOINT((-0.05,0.05,-5.63993296509579E-18));
#8752=IFCCARTESIANPOINT((0.05,0.05,-5.63993296509579E-18));
#8753=IFCCARTESIANPOINT((0.05,-0.05,-5.63993296509579E-18));
#8754=IFCPOLYLOOP((#8750,#8751,#8752,#8753));
#8755=IFCFACEBOUND(#8754,.T.);
#8756=IFCFACE((#8755));
#8757=IFCCARTESIANPOINT((-0.05,-0.05,0.7));
#8758=IFCCARTESIANPOINT((-0.05,0.05,0.7));
#8759=IFCCARTESIANPOINT((-0.05,0.05,-5.63993296509579E-18));
#8760=IFCCARTESIANPOINT((-0.05,-0.05,-5.63993296509579E-18));
#8761=IFCPOLYLOOP((#8757,#8758,#8759,#8760));
#8762=IFCFACEBOUND(#8761,.T.);
#8763=IFCFACE((#8762));
#8764=IFCCARTESIANPOINT((0.05,-0.05,0.7));
#8765=IFCCARTESIANPOINT((-0.05,-0.05,0.7));
#8766=IFCCARTESIANPOINT((-0.05,-0.05,-5.63993296509579E-18));
#8767=IFCCARTESIANPOINT((0.05,-0.05,-5.63993296509579E-18));
#8768=IFCPOLYLOOP((#8764,#8765,#8766,#8767));
#8769=IFCFACEBOUND(#8768,.T.);
#8770=IFCFACE((#8769));
#8771=IFCCARTESIANPOINT((0.05,0.05,0.7));
#8772=IFCCARTESIANPOINT((0.05,-0.05,0.7));
#8773=IFCCARTESIANPOINT((0.05,-0.05,-5.63993296509579E-18));
#8774=IFCCARTESIANPOINT((0.05,0.05,-5.63993296509579E-18));
#8775=IFCPOLYLOOP((#8771,#8772,#8773,#8774));
#8776=IFCFACEBOUND(#8775,.T.);
#8777=IFCFACE((#8776));
#8778=IFCCARTESIANPOINT((-0.05,0.05,0.7));
#8779=IFCCARTESIANPOINT((0.05,0.05,0.7));
#8780=IFCCARTESIANPOINT((0.05,0.05,-5.63993296509579E-18));
#8781=IFCCARTESIANPOINT((-0.05,0.05,-5.63993296509579E-18));
#8782=IFCPOLYLOOP((#8778,#8779,#8780,#8781));
#8783=IFCFACEBOUND(#8782,.T.);
#8784=IFCFACE((#8783));
#8785=IFCCLOSEDSHELL((#8749,#8756,#8763,#8770,#8777,#8784));
#8786=IFCFACETEDBREP(#8785);
#8787=IFCSTYLEDITEM(#8786,(#1388),$);
#8788=IFCSHAPEREPRESENTATION(#11,'Body','Brep',(#8786));
#8789=IFCREPRESENTATIONMAP(#9,#8788);
#8790=IFCBUILDINGELEMENTPROXYTYPE('1HBc6$Hnz2IOuc41IYa$95',#5,'element',$,$,$,(#8789),$,$,.NOTDEFINED.);
#8791=IFCCARTESIANPOINT((270.704817960563,-6.44439484679606,0.));
#8792=IFCCARTESIANTRANSFORMATIONOPERATOR3D($,$,#8791,1.,$);
#8793=IFCMAPPEDITEM(#8789,#8792);
#8794=IFCSHAPEREPRESENTATION(#11,'Body','MappedRepresentation',(#8793));
#8795=IFCCARTESIANPOINT((0.,0.,0.));
#8796=IFCDIRECTION((0.,0.,1.));
#8797=IFCDIRECTION((1.,0.,0.));
#8798=IFCAXIS2PLACEMENT3D(#8795,#8796,#8797);
#8799=IFCLOCALPLACEMENT(#37,#8798);
#8800=IFCPRODUCTDEFINITIONSHAPE($,$,(#8794));
#8801=IFCBUILDINGELEMENTPROXY('1ZapKKxxDCpP1sCOOtArKS',#5,'G0772.9a1b2a3e7c114f6c8092b9f16ea7f06b',$,$,#8799,#8800,$,$);
#8802=IFCPROPERTYSINGLEVALUE('hectometeraanduiding',$,IFCTEXT(''),$);
#8803=IFCPROPERTYSINGLEVALUE('plus-type',$,IFCTEXT('afsluitpaal'),$);
#8804=IFCPROPERTYSINGLEVALUE('subtype',$,IFCTEXT('2'),$);
#8805=IFCPROPERTYSINGLEVALUE('identificatie',$,IFCTEXT('G0772.9a1b2a3e7c114f6c8092b9f16ea7f06b'),$);
#8806=IFCPROPERTYSINGLEVALUE('bgt-status',$,IFCTEXT('bestaand'),$);
#8807=IFCPROPERTYSINGLEVALUE('objectBeginTijd',$,IFCTEXT('2018-05-14T22:00:00'),$);
#8808=IFCPROPERTYSINGLEVALUE('bronhouder',$,IFCTEXT('G0772'),$);
#8809=IFCPROPERTYSINGLEVALUE('inOnderzoek',$,IFCBOOLEAN(.F.),$);
#8810=IFCPROPERTYSINGLEVALUE('relatieveHoogteligging',$,IFCTEXT('0'),$);
#8811=IFCPROPERTYSINGLEVALUE('tijdstipRegistratie',$,IFCTEXT('2022-01-20T16:31:02'),$);
#8812=IFCPROPERTYSINGLEVALUE('LV-publicatiedatum',$,IFCTEXT('2022-01-20T16:49:00'),$);
#8813=IFCPROPERTYSINGLEVALUE('objecttype',$,IFCTEXT('paal_p'),$);
#8814=IFCPROPERTYSET('2m5Lw9IOjE3xH2a54Y$$kG',#5,'CPset_BGT',$,(#8802,#8803,#8804,#8805,#8806,#8807,#8808,#8809,#8810,#8811,#8812,#8813));
#8815=IFCRELDEFINESBYPROPERTIES('2mEf7dS9z4vxPC7A57vZef',#5,$,$,(#8801),#8814);
#8816=IFCCARTESIANPOINT((186.981085993873,-19.6995747614419,0.));
#8817=IFCCARTESIANTRANSFORMATIONOPERATOR3D($,$,#8816,1.,$);
#8818=IFCMAPPEDITEM(#8789,#8817);
#8819=IFCSHAPEREPRESENTATION(#11,'Body','MappedRepresentation',(#8818));
#8820=IFCCARTESIANPOINT((0.,0.,0.));
#8821=IFCDIRECTION((0.,0.,1.));
#8822=IFCDIRECTION((1.,0.,0.));
#8823=IFCAXIS2PLACEMENT3D(#8820,#8821,#8822);
#8824=IFCLOCALPLACEMENT(#37,#8823);
#8825=IFCPRODUCTDEFINITIONSHAPE($,$,(#8819));
#8826=IFCBUILDINGELEMENTPROXY('3Grsfw0kf1y8hw8zxkP_RA',#5,'G0772.463ad2d17795499693033ec919ff925b',$,$,#8824,#8825,$,$);
#8827=IFCPROPERTYSINGLEVALUE('hectometeraanduiding',$,IFCTEXT(''),$);
#8828=IFCPROPERTYSINGLEVALUE('plus-type',$,IFCTEXT('afsluitpaal'),$);
#8829=IFCPROPERTYSINGLEVALUE('subtype',$,IFCTEXT('2'),$);
#8830=IFCPROPERTYSINGLEVALUE('identificatie',$,IFCTEXT('G0772.463ad2d17795499693033ec919ff925b'),$);
#8831=IFCPROPERTYSINGLEVALUE('bgt-status',$,IFCTEXT('bestaand'),$);
#8832=IFCPROPERTYSINGLEVALUE('objectBeginTijd',$,IFCTEXT('2025-02-13T23:00:00'),$);
#8833=IFCPROPERTYSINGLEVALUE('bronhouder',$,IFCTEXT('G0772'),$);
#8834=IFCPROPERTYSINGLEVALUE('inOnderzoek',$,IFCBOOLEAN(.F.),$);
#8835=IFCPROPERTYSINGLEVALUE('relatieveHoogteligging',$,IFCTEXT('0'),$);
#8836=IFCPROPERTYSINGLEVALUE('tijdstipRegistratie',$,IFCTEXT('2025-02-25T09:37:15'),$);
#8837=IFCPROPERTYSINGLEVALUE('LV-publicatiedatum',$,IFCTEXT('2025-02-25T09:45:00'),$);
#8838=IFCPROPERTYSINGLEVALUE('objecttype',$,IFCTEXT('paal_p'),$);
#8839=IFCPROPERTYSET('2y3K3lTI932vdcNtwMtI8X',#5,'CPset_BGT',$,(#8827,#8828,#8829,#8830,#8831,#8832,#8833,#8834,#8835,#8836,#8837,#8838));
#8840=IFCRELDEFINESBYPROPERTIES('2uThljDBH5OfaD6KYi3W6K',#5,$,$,(#8826),#8839);
#8841=IFCCARTESIANPOINT((152.728752955358,-12.3832667840761,0.));
#8842=IFCCARTESIANTRANSFORMATIONOPERATOR3D($,$,#8841,1.,$);
#8843=IFCMAPPEDITEM(#8789,#8842);
#8844=IFCSHAPEREPRESENTATION(#11,'Body','MappedRepresentation',(#8843));
#8845=IFCCARTESIANPOINT((0.,0.,0.));
#8846=IFCDIRECTION((0.,0.,1.));
#8847=IFCDIRECTION((1.,0.,0.));
#8848=IFCAXIS2PLACEMENT3D(#8845,#8846,#8847);
#8849=IFCLOCALPLACEMENT(#37,#8848);
#8850=IFCPRODUCTDEFINITIONSHAPE($,$,(#8844));
#8851=IFCBUILDINGELEMENTPROXY('2WsYZYAojDxPqHZywHl41E',#5,'G0772.88cd95f443ee4bda849fe2ea47b2fae0',$,$,#8849,#8850,$,$);
#8852=IFCPROPERTYSINGLEVALUE('hectometeraanduiding',$,IFCTEXT(''),$);
#8853=IFCPROPERTYSINGLEVALUE('plus-type',$,IFCTEXT('afsluitpaal'),$);
#8854=IFCPROPERTYSINGLEVALUE('subtype',$,IFCTEXT('2'),$);
#8855=IFCPROPERTYSINGLEVALUE('identificatie',$,IFCTEXT('G0772.88cd95f443ee4bda849fe2ea47b2fae0'),$);
#8856=IFCPROPERTYSINGLEVALUE('bgt-status',$,IFCTEXT('bestaand'),$);
#8857=IFCPROPERTYSINGLEVALUE('objectBeginTijd',$,IFCTEXT('2018-05-14T22:00:00'),$);
#8858=IFCPROPERTYSINGLEVALUE('bronhouder',$,IFCTEXT('G0772'),$);
#8859=IFCPROPERTYSINGLEVALUE('inOnderzoek',$,IFCBOOLEAN(.F.),$);
#8860=IFCPROPERTYSINGLEVALUE('relatieveHoogteligging',$,IFCTEXT('0'),$);
#8861=IFCPROPERTYSINGLEVALUE('tijdstipRegistratie',$,IFCTEXT('2022-01-20T16:31:02'),$);
#8862=IFCPROPERTYSINGLEVALUE('LV-publicatiedatum',$,IFCTEXT('2022-01-20T16:49:00'),$);
#8863=IFCPROPERTYSINGLEVALUE('objecttype',$,IFCTEXT('paal_p'),$);
#8864=IFCPROPERTYSET('1ZqZX0SaL1Zwhe3aepaPdr',#5,'CPset_BGT',$,(#8852,#8853,#8854,#8855,#8856,#8857,#8858,#8859,#8860,#8861,#8862,#8863));
#8865=IFCRELDEFINESBYPROPERTIES('3CO_JsTUP4VBX_HL8_vc$e',#5,$,$,(#8851),#8864);
#8866=IFCCARTESIANPOINT((-31.2294989808288,-194.397060438758,0.));
#8867=IFCCARTESIANTRANSFORMATIONOPERATOR3D($,$,#8866,1.,$);
#8868=IFCMAPPEDITEM(#8789,#8867);
#8869=IFCSHAPEREPRESENTATION(#11,'Body','MappedRepresentation',(#8868));
#8870=IFCCARTESIANPOINT((0.,0.,0.));
#8871=IFCDIRECTION((0.,0.,1.));
#8872=IFCDIRECTION((1.,0.,0.));
#8873=IFCAXIS2PLACEMENT3D(#8870,#8871,#8872);
#8874=IFCLOCALPLACEMENT(#37,#8873);
#8875=IFCPRODUCTDEFINITIONSHAPE($,$,(#8869));
#8876=IFCBUILDINGELEMENTPROXY('3hq7Np5Uf9oeID8rYTJCAM',#5,'G0772.79dc5432c2e247ffb1ebc221e4121b22',$,$,#8874,#8875,$,$);
#8877=IFCPROPERTYSINGLEVALUE('hectometeraanduiding',$,IFCTEXT(''),$);
#8878=IFCPROPERTYSINGLEVALUE('plus-type',$,IFCTEXT('afsluitpaal'),$);
#8879=IFCPROPERTYSINGLEVALUE('subtype',$,IFCTEXT('2'),$);
#8880=IFCPROPERTYSINGLEVALUE('identificatie',$,IFCTEXT('G0772.79dc5432c2e247ffb1ebc221e4121b22'),$);
#8881=IFCPROPERTYSINGLEVALUE('bgt-status',$,IFCTEXT('bestaand'),$);
#8882=IFCPROPERTYSINGLEVALUE('objectBeginTijd',$,IFCTEXT('2018-05-14T22:00:00'),$);
#8883=IFCPROPERTYSINGLEVALUE('bronhouder',$,IFCTEXT('G0772'),$);
#8884=IFCPROPERTYSINGLEVALUE('inOnderzoek',$,IFCBOOLEAN(.F.),$);
#8885=IFCPROPERTYSINGLEVALUE('relatieveHoogteligging',$,IFCTEXT('0'),$);
#8886=IFCPROPERTYSINGLEVALUE('tijdstipRegistratie',$,IFCTEXT('2022-01-20T16:31:02'),$);
#8887=IFCPROPERTYSINGLEVALUE('LV-publicatiedatum',$,IFCTEXT('2022-01-20T16:49:00'),$);
#8888=IFCPROPERTYSINGLEVALUE('objecttype',$,IFCTEXT('paal_p'),$);
#8889=IFCPROPERTYSET('2q1SrojiLAHfKRp3WQjRJg',#5,'CPset_BGT',$,(#8877,#8878,#8879,#8880,#8881,#8882,#8883,#8884,#8885,#8886,#8887,#8888));
#8890=IFCRELDEFINESBYPROPERTIES('293OmiMuv03PJ6l_y7bccw',#5,$,$,(#8876),#8889);
#8891=IFCCARTESIANPOINT((-35.8457296356792,-196.191898465273,0.));
#8892=IFCCARTESIANTRANSFORMATIONOPERATOR3D($,$,#8891,1.,$);
#8893=IFCMAPPEDITEM(#8789,#8892);
#8894=IFCSHAPEREPRESENTATION(#11,'Body','MappedRepresentation',(#8893));
#8895=IFCCARTESIANPOINT((0.,0.,0.));
#8896=IFCDIRECTION((0.,0.,1.));
#8897=IFCDIRECTION((1.,0.,0.));
#8898=IFCAXIS2PLACEMENT3D(#8895,#8896,#8897);
#8899=IFCLOCALPLACEMENT(#37,#8898);
#8900=IFCPRODUCTDEFINITIONSHAPE($,$,(#8894));
#8901=IFCBUILDINGELEMENTPROXY('1O_KCre$nFuBLUbfe6BM9B',#5,'G0772.8057b21226de448bbfe43686ed63f330',$,$,#8899,#8900,$,$);
#8902=IFCPROPERTYSINGLEVALUE('hectometeraanduiding',$,IFCTEXT(''),$);
#8903=IFCPROPERTYSINGLEVALUE('plus-type',$,IFCTEXT('afsluitpaal'),$);
#8904=IFCPROPERTYSINGLEVALUE('subtype',$,IFCTEXT('2'),$);
#8905=IFCPROPERTYSINGLEVALUE('identificatie',$,IFCTEXT('G0772.8057b21226de448bbfe43686ed63f330'),$);
#8906=IFCPROPERTYSINGLEVALUE('bgt-status',$,IFCTEXT('bestaand'),$);
#8907=IFCPROPERTYSINGLEVALUE('objectBeginTijd',$,IFCTEXT('2018-05-14T22:00:00'),$);
#8908=IFCPROPERTYSINGLEVALUE('bronhouder',$,IFCTEXT('G0772'),$);
#8909=IFCPROPERTYSINGLEVALUE('inOnderzoek',$,IFCBOOLEAN(.F.),$);
#8910=IFCPROPERTYSINGLEVALUE('relatieveHoogteligging',$,IFCTEXT('0'),$);
#8911=IFCPROPERTYSINGLEVALUE('tijdstipRegistratie',$,IFCTEXT('2022-01-20T16:31:02'),$);
#8912=IFCPROPERTYSINGLEVALUE('LV-publicatiedatum',$,IFCTEXT('2022-01-20T16:49:00'),$);
#8913=IFCPROPERTYSINGLEVALUE('objecttype',$,IFCTEXT('paal_p'),$);
#8914=IFCPROPERTYSET('0A8rycGjT1pOSfwBKeEdab',#5,'CPset_BGT',$,(#8902,#8903,#8904,#8905,#8906,#8907,#8908,#8909,#8910,#8911,#8912,#8913));
#8915=IFCRELDEFINESBYPROPERTIES('1uFE8_HgrCPf2ivkClFmMT',#5,$,$,(#8901),#8914);
#8916=IFCCARTESIANPOINT((-0.0121537767408881,-177.433340227348,0.));
#8917=IFCCARTESIANTRANSFORMATIONOPERATOR3D($,$,#8916,1.,$);
#8918=IFCMAPPEDITEM(#8789,#8917);
#8919=IFCSHAPEREPRESENTATION(#11,'Body','MappedRepresentation',(#8918));
#8920=IFCCARTESIANPOINT((0.,0.,0.));
#8921=IFCDIRECTION((0.,0.,1.));
#8922=IFCDIRECTION((1.,0.,0.));
#8923=IFCAXIS2PLACEMENT3D(#8920,#8921,#8922);
#8924=IFCLOCALPLACEMENT(#37,#8923);
#8925=IFCPRODUCTDEFINITIONSHAPE($,$,(#8919));
#8926=IFCBUILDINGELEMENTPROXY('1KjSfQRMTB69nKBtDdxUEv',#5,'G0772.42ce99a56d8a451eb40a247bb34f5ba6',$,$,#8924,#8925,$,$);
#8927=IFCPROPERTYSINGLEVALUE('hectometeraanduiding',$,IFCTEXT(''),$);
#8928=IFCPROPERTYSINGLEVALUE('plus-type',$,IFCTEXT('afsluitpaal'),$);
#8929=IFCPROPERTYSINGLEVALUE('subtype',$,IFCTEXT('2'),$);
#8930=IFCPROPERTYSINGLEVALUE('identificatie',$,IFCTEXT('G0772.42ce99a56d8a451eb40a247bb34f5ba6'),$);
#8931=IFCPROPERTYSINGLEVALUE('bgt-status',$,IFCTEXT('bestaand'),$);
#8932=IFCPROPERTYSINGLEVALUE('objectBeginTijd',$,IFCTEXT('2018-05-14T22:00:00'),$);
#8933=IFCPROPERTYSINGLEVALUE('bronhouder',$,IFCTEXT('G0772'),$);
#8934=IFCPROPERTYSINGLEVALUE('inOnderzoek',$,IFCBOOLEAN(.F.),$);
#8935=IFCPROPERTYSINGLEVALUE('relatieveHoogteligging',$,IFCTEXT('0'),$);
#8936=IFCPROPERTYSINGLEVALUE('tijdstipRegistratie',$,IFCTEXT('2022-01-20T16:31:02'),$);
#8937=IFCPROPERTYSINGLEVALUE('LV-publicatiedatum',$,IFCTEXT('2022-01-20T16:49:00'),$);
#8938=IFCPROPERTYSINGLEVALUE('objecttype',$,IFCTEXT('paal_p'),$);
#8939=IFCPROPERTYSET('2$BuavWtTBG8LvrTCuq72d',#5,'CPset_BGT',$,(#8927,#8928,#8929,#8930,#8931,#8932,#8933,#8934,#8935,#8936,#8937,#8938));
#8940=IFCRELDEFINESBYPROPERTIES('1TQHFATc54J9hZrMkfG1U$',#5,$,$,(#8926),#8939);
#8941=IFCCARTESIANPOINT((-6.5578903365822,-181.802029835235,0.));
#8942=IFCCARTESIANTRANSFORMATIONOPERATOR3D($,$,#8941,1.,$);
#8943=IFCMAPPEDITEM(#8789,#8942);
#8944=IFCSHAPEREPRESENTATION(#11,'Body','MappedRepresentation',(#8943));
#8945=IFCCARTESIANPOINT((0.,0.,0.));
#8946=IFCDIRECTION((0.,0.,1.));
#8947=IFCDIRECTION((1.,0.,0.));
#8948=IFCAXIS2PLACEMENT3D(#8945,#8946,#8947);
#8949=IFCLOCALPLACEMENT(#37,#8948);
#8950=IFCPRODUCTDEFINITIONSHAPE($,$,(#8944));
#8951=IFCBUILDINGELEMENTPROXY('2NCY1w1t174Ayzm9ZXYa8L',#5,'G0772.cfd6fd8f835244f896124f6792770763',$,$,#8949,#8950,$,$);
#8952=IFCPROPERTYSINGLEVALUE('hectometeraanduiding',$,IFCTEXT(''),$);
#8953=IFCPROPERTYSINGLEVALUE('plus-type',$,IFCTEXT('afsluitpaal'),$);
#8954=IFCPROPERTYSINGLEVALUE('subtype',$,IFCTEXT('2'),$);
#8955=IFCPROPERTYSINGLEVALUE('identificatie',$,IFCTEXT('G0772.cfd6fd8f835244f896124f6792770763'),$);
#8956=IFCPROPERTYSINGLEVALUE('bgt-status',$,IFCTEXT('bestaand'),$);
#8957=IFCPROPERTYSINGLEVALUE('objectBeginTijd',$,IFCTEXT('2018-05-14T22:00:00'),$);
#8958=IFCPROPERTYSINGLEVALUE('bronhouder',$,IFCTEXT('G0772'),$);
#8959=IFCPROPERTYSINGLEVALUE('inOnderzoek',$,IFCBOOLEAN(.F.),$);
#8960=IFCPROPERTYSINGLEVALUE('relatieveHoogteligging',$,IFCTEXT('0'),$);
#8961=IFCPROPERTYSINGLEVALUE('tijdstipRegistratie',$,IFCTEXT('2022-01-20T16:31:02'),$);
#8962=IFCPROPERTYSINGLEVALUE('LV-publicatiedatum',$,IFCTEXT('2022-01-20T16:49:00'),$);
#8963=IFCPROPERTYSINGLEVALUE('objecttype',$,IFCTEXT('paal_p'),$);
#8964=IFCPROPERTYSET('3QHS1QFrb8WfDwxXivjb0_',#5,'CPset_BGT',$,(#8952,#8953,#8954,#8955,#8956,#8957,#8958,#8959,#8960,#8961,#8962,#8963));
#8965=IFCRELDEFINESBYPROPERTIES('3C4yC58oL5euBbx02U9HNn',#5,$,$,(#8951),#8964);
#8966=IFCCARTESIANPOINT((-15.9469986819604,-185.546323824441,0.));
#8967=IFCCARTESIANTRANSFORMATIONOPERATOR3D($,$,#8966,1.,$);
#8968=IFCMAPPEDITEM(#8789,#8967);
#8969=IFCSHAPEREPRESENTATION(#11,'Body','MappedRepresentation',(#8968));
#8970=IFCCARTESIANPOINT((0.,0.,0.));
#8971=IFCDIRECTION((0.,0.,1.));
#8972=IFCDIRECTION((1.,0.,0.));
#8973=IFCAXIS2PLACEMENT3D(#8970,#8971,#8972);
#8974=IFCLOCALPLACEMENT(#37,#8973);
#8975=IFCPRODUCTDEFINITIONSHAPE($,$,(#8969));
#8976=IFCBUILDINGELEMENTPROXY('1_ir31vMP7B9RYiGN1Zm6n',#5,'G0772.000a2e163ac5465e9f847fcf9c82e142',$,$,#8974,#8975,$,$);
#8977=IFCPROPERTYSINGLEVALUE('hectometeraanduiding',$,IFCTEXT(''),$);
#8978=IFCPROPERTYSINGLEVALUE('plus-type',$,IFCTEXT('afsluitpaal'),$);
#8979=IFCPROPERTYSINGLEVALUE('subtype',$,IFCTEXT('2'),$);
#8980=IFCPROPERTYSINGLEVALUE('identificatie',$,IFCTEXT('G0772.000a2e163ac5465e9f847fcf9c82e142'),$);
#8981=IFCPROPERTYSINGLEVALUE('bgt-status',$,IFCTEXT('bestaand'),$);
#8982=IFCPROPERTYSINGLEVALUE('objectBeginTijd',$,IFCTEXT('2018-05-14T22:00:00'),$);
#8983=IFCPROPERTYSINGLEVALUE('bronhouder',$,IFCTEXT('G0772'),$);
#8984=IFCPROPERTYSINGLEVALUE('inOnderzoek',$,IFCBOOLEAN(.F.),$);
#8985=IFCPROPERTYSINGLEVALUE('relatieveHoogteligging',$,IFCTEXT('0'),$);
#8986=IFCPROPERTYSINGLEVALUE('tijdstipRegistratie',$,IFCTEXT('2022-01-20T16:31:02'),$);
#8987=IFCPROPERTYSINGLEVALUE('LV-publicatiedatum',$,IFCTEXT('2022-01-20T16:49:00'),$);
#8988=IFCPROPERTYSINGLEVALUE('objecttype',$,IFCTEXT('paal_p'),$);
#8989=IFCPROPERTYSET('1lgN4OKbj8c88HNnaKWevu',#5,'CPset_BGT',$,(#8977,#8978,#8979,#8980,#8981,#8982,#8983,#8984,#8985,#8986,#8987,#8988));
#8990=IFCRELDEFINESBYPROPERTIES('1B9UtZuNDFZeDQHnLWopx7',#5,$,$,(#8976),#8989);
#8991=IFCCARTESIANPOINT((-94.0519401377824,-137.176304492343,0.));
#8992=IFCCARTESIANTRANSFORMATIONOPERATOR3D($,$,#8991,1.,$);
#8993=IFCMAPPEDITEM(#8789,#8992);
#8994=IFCSHAPEREPRESENTATION(#11,'Body','MappedRepresentation',(#8993));
#8995=IFCCARTESIANPOINT((0.,0.,0.));
#8996=IFCDIRECTION((0.,0.,1.));
#8997=IFCDIRECTION((1.,0.,0.));
#8998=IFCAXIS2PLACEMENT3D(#8995,#8996,#8997);
#8999=IFCLOCALPLACEMENT(#37,#8998);
#9000=IFCPRODUCTDEFINITIONSHAPE($,$,(#8994));
#9001=IFCBUILDINGELEMENTPROXY('1Nfwq1Ppf2YRIksxx4O6_r',#5,'G0772.7adbeeae66cd4e67af22148753e99b58',$,$,#8999,#9000,$,$);
#9002=IFCPROPERTYSINGLEVALUE('hectometeraanduiding',$,IFCTEXT(''),$);
#9003=IFCPROPERTYSINGLEVALUE('plus-type',$,IFCTEXT('afsluitpaal'),$);
#9004=IFCPROPERTYSINGLEVALUE('subtype',$,IFCTEXT('2'),$);
#9005=IFCPROPERTYSINGLEVALUE('identificatie',$,IFCTEXT('G0772.7adbeeae66cd4e67af22148753e99b58'),$);
#9006=IFCPROPERTYSINGLEVALUE('bgt-status',$,IFCTEXT('bestaand'),$);
#9007=IFCPROPERTYSINGLEVALUE('objectBeginTijd',$,IFCTEXT('2018-05-21T22:00:00'),$);
#9008=IFCPROPERTYSINGLEVALUE('bronhouder',$,IFCTEXT('G0772'),$);
#9009=IFCPROPERTYSINGLEVALUE('inOnderzoek',$,IFCBOOLEAN(.F.),$);
#9010=IFCPROPERTYSINGLEVALUE('relatieveHoogteligging',$,IFCTEXT('0'),$);
#9011=IFCPROPERTYSINGLEVALUE('tijdstipRegistratie',$,IFCTEXT('2022-01-20T16:31:02'),$);
#9012=IFCPROPERTYSINGLEVALUE('LV-publicatiedatum',$,IFCTEXT('2022-01-20T16:49:00'),$);
#9013=IFCPROPERTYSINGLEVALUE('objecttype',$,IFCTEXT('paal_p'),$);
#9014=IFCPROPERTYSET('1mjzcRxFjDzfZCUeFzwJU9',#5,'CPset_BGT',$,(#9002,#9003,#9004,#9005,#9006,#9007,#9008,#9009,#9010,#9011,#9012,#9013));
#9015=IFCRELDEFINESBYPROPERTIES('3K9SJxvCn9cvG$xI7RVmvd',#5,$,$,(#9001),#9014);
#9016=IFCCARTESIANPOINT((-21.7718400097219,-190.626445132715,0.));
#9017=IFCCARTESIANTRANSFORMATIONOPERATOR3D($,$,#9016,1.,$);
#9018=IFCMAPPEDITEM(#8789,#9017);
#9019=IFCSHAPEREPRESENTATION(#11,'Body','MappedRepresentation',(#9018));
#9020=IFCCARTESIANPOINT((0.,0.,0.));
#9021=IFCDIRECTION((0.,0.,1.));
#9022=IFCDIRECTION((1.,0.,0.));
#9023=IFCAXIS2PLACEMENT3D(#9020,#9021,#9022);
#9024=IFCLOCALPLACEMENT(#37,#9023);
#9025=IFCPRODUCTDEFINITIONSHAPE($,$,(#9019));
#9026=IFCBUILDINGELEMENTPROXY('3Tm1QygYbFnfxi2$BKbC6R',#5,'G0772.7cf222a0e46c4439901467204c5be306',$,$,#9024,#9025,$,$);
#9027=IFCPROPERTYSINGLEVALUE('hectometeraanduiding',$,IFCTEXT(''),$);
#9028=IFCPROPERTYSINGLEVALUE('plus-type',$,IFCTEXT('afsluitpaal'),$);
#9029=IFCPROPERTYSINGLEVALUE('subtype',$,IFCTEXT('2'),$);
#9030=IFCPROPERTYSINGLEVALUE('identificatie',$,IFCTEXT('G0772.7cf222a0e46c4439901467204c5be306'),$);
#9031=IFCPROPERTYSINGLEVALUE('bgt-status',$,IFCTEXT('bestaand'),$);
#9032=IFCPROPERTYSINGLEVALUE('objectBeginTijd',$,IFCTEXT('2018-05-14T22:00:00'),$);
#9033=IFCPROPERTYSINGLEVALUE('bronhouder',$,IFCTEXT('G0772'),$);
#9034=IFCPROPERTYSINGLEVALUE('inOnderzoek',$,IFCBOOLEAN(.F.),$);
#9035=IFCPROPERTYSINGLEVALUE('relatieveHoogteligging',$,IFCTEXT('0'),$);
#9036=IFCPROPERTYSINGLEVALUE('tijdstipRegistratie',$,IFCTEXT('2022-01-20T16:31:02'),$);
#9037=IFCPROPERTYSINGLEVALUE('LV-publicatiedatum',$,IFCTEXT('2022-01-20T16:49:00'),$);
#9038=IFCPROPERTYSINGLEVALUE('objecttype',$,IFCTEXT('paal_p'),$);
#9039=IFCPROPERTYSET('1cErh4qbfD4A0iLMoeB3Xb',#5,'CPset_BGT',$,(#9027,#9028,#9029,#9030,#9031,#9032,#9033,#9034,#9035,#9036,#9037,#9038));
#9040=IFCRELDEFINESBYPROPERTIES('2yafjFA8H3fhFmNle8y8eN',#5,$,$,(#9026),#9039);
#9041=IFCCARTESIANPOINT((-94.4972093329125,-137.71383527643,0.));
#9042=IFCCARTESIANTRANSFORMATIONOPERATOR3D($,$,#9041,1.,$);
#9043=IFCMAPPEDITEM(#8789,#9042);
#9044=IFCSHAPEREPRESENTATION(#11,'Body','MappedRepresentation',(#9043));
#9045=IFCCARTESIANPOINT((0.,0.,0.));
#9046=IFCDIRECTION((0.,0.,1.));
#9047=IFCDIRECTION((1.,0.,0.));
#9048=IFCAXIS2PLACEMENT3D(#9045,#9046,#9047);
#9049=IFCLOCALPLACEMENT(#37,#9048);
#9050=IFCPRODUCTDEFINITIONSHAPE($,$,(#9044));
#9051=IFCBUILDINGELEMENTPROXY('0BCOm2Gc5CkuwnGH9yfs5o',#5,'G0772.dbd96380c2ac434985992243b19b5983',$,$,#9049,#9050,$,$);
#9052=IFCPROPERTYSINGLEVALUE('hectometeraanduiding',$,IFCTEXT(''),$);
#9053=IFCPROPERTYSINGLEVALUE('plus-type',$,IFCTEXT('afsluitpaal'),$);
#9054=IFCPROPERTYSINGLEVALUE('subtype',$,IFCTEXT('2'),$);
#9055=IFCPROPERTYSINGLEVALUE('identificatie',$,IFCTEXT('G0772.dbd96380c2ac434985992243b19b5983'),$);
#9056=IFCPROPERTYSINGLEVALUE('bgt-status',$,IFCTEXT('bestaand'),$);
#9057=IFCPROPERTYSINGLEVALUE('objectBeginTijd',$,IFCTEXT('2018-05-21T22:00:00'),$);
#9058=IFCPROPERTYSINGLEVALUE('bronhouder',$,IFCTEXT('G0772'),$);
#9059=IFCPROPERTYSINGLEVALUE('inOnderzoek',$,IFCBOOLEAN(.F.),$);
#9060=IFCPROPERTYSINGLEVALUE('relatieveHoogteligging',$,IFCTEXT('0'),$);
#9061=IFCPROPERTYSINGLEVALUE('tijdstipRegistratie',$,IFCTEXT('2022-01-20T16:31:02'),$);
#9062=IFCPROPERTYSINGLEVALUE('LV-publicatiedatum',$,IFCTEXT('2022-01-20T16:49:00'),$);
#9063=IFCPROPERTYSINGLEVALUE('objecttype',$,IFCTEXT('paal_p'),$);
#9064=IFCPROPERTYSET('3IRhGLRCb4P8q5wtzsvFb4',#5,'CPset_BGT',$,(#9052,#9053,#9054,#9055,#9056,#9057,#9058,#9059,#9060,#9061,#9062,#9063));
#9065=IFCRELDEFINESBYPROPERTIES('3V1Ls4cgzA_faJB2nR9NS3',#5,$,$,(#9051),#9064);
#9066=IFCRELDEFINESBYTYPE('1UFt8plSf55gC6DqwYnXYf',#5,'element',$,(#9051),#8790);
#9067=IFCCARTESIANPOINT((0.05,-0.05,0.1));
#9068=IFCCARTESIANPOINT((0.,0.,0.));
#9069=IFCCARTESIANPOINT((0.05,0.05,0.1));
#9070=IFCPOLYLOOP((#9067,#9068,#9069));
#9071=IFCFACEBOUND(#9070,.T.);
#9072=IFCFACE((#9071));
#9073=IFCCARTESIANPOINT((-0.05,0.05,0.1));
#9074=IFCCARTESIANPOINT((0.,0.,0.));
#9075=IFCCARTESIANPOINT((-0.05,-0.05,0.1));
#9076=IFCPOLYLOOP((#9073,#9074,#9075));
#9077=IFCFACEBOUND(#9076,.T.);
#9078=IFCFACE((#9077));
#9079=IFCCARTESIANPOINT((0.,0.,0.));
#9080=IFCCARTESIANPOINT((0.05,-0.05,0.1));
#9081=IFCCARTESIANPOINT((-0.05,-0.05,0.1));
#9082=IFCPOLYLOOP((#9079,#9080,#9081));
#9083=IFCFACEBOUND(#9082,.T.);
#9084=IFCFACE((#9083));
#9085=IFCCARTESIANPOINT((0.05,0.05,0.1));
#9086=IFCCARTESIANPOINT((0.,0.,0.));
#9087=IFCCARTESIANPOINT((-0.05,0.05,0.1));
#9088=IFCPOLYLOOP((#9085,#9086,#9087));
#9089=IFCFACEBOUND(#9088,.T.);
#9090=IFCFACE((#9089));
#9091=IFCCARTESIANPOINT((-0.05,0.05,0.1));
#9092=IFCCARTESIANPOINT((-0.05,-0.05,0.1));
#9093=IFCCARTESIANPOINT((0.05,-0.05,0.1));
#9094=IFCCARTESIANPOINT((0.05,0.05,0.1));
#9095=IFCPOLYLOOP((#9091,#9092,#9093,#9094));
#9096=IFCFACEBOUND(#9095,.T.);
#9097=IFCFACE((#9096));
#9098=IFCCLOSEDSHELL((#9072,#9078,#9084,#9090,#9097));
#9099=IFCFACETEDBREP(#9098);
#9100=IFCSTYLEDITEM(#9099,(#1388),$);
#9101=IFCSHAPEREPRESENTATION(#11,'Body','Brep',(#9099));
#9102=IFCREPRESENTATIONMAP(#9,#9101);
#9103=IFCBUILDINGELEMENTPROXYTYPE('3Pgh93x09F2954WunwDqnU',#5,'element',$,$,$,(#9102),$,$,.NOTDEFINED.);
#9104=IFCCARTESIANPOINT((-212.550687818934,80.5870896559791,0.));
#9105=IFCCARTESIANTRANSFORMATIONOPERATOR3D($,$,#9104,1.,$);
#9106=IFCMAPPEDITEM(#9102,#9105);
#9107=IFCSHAPEREPRESENTATION(#11,'Body','MappedRepresentation',(#9106));
#9108=IFCCARTESIANPOINT((0.,0.,0.));
#9109=IFCDIRECTION((0.,0.,1.));
#9110=IFCDIRECTION((1.,0.,0.));
#9111=IFCAXIS2PLACEMENT3D(#9108,#9109,#9110);
#9112=IFCLOCALPLACEMENT(#37,#9111);
#9113=IFCPRODUCTDEFINITIONSHAPE($,$,(#9107));
#9114=IFCBUILDINGELEMENTPROXY('2RpB5S_UPA1fe3xjR6VPxk',#5,'G0772.953dd8a6074348959bb910c4de0dc1bc',$,$,#9112,#9113,$,$);
#9115=IFCPROPERTYSINGLEVALUE('hectometeraanduiding',$,IFCTEXT(''),$);
#9116=IFCPROPERTYSINGLEVALUE('plus-type',$,IFCTEXT('verkeersregelinstallatiepaal'),$);
#9117=IFCPROPERTYSINGLEVALUE('subtype',$,IFCTEXT('2'),$);
#9118=IFCPROPERTYSINGLEVALUE('identificatie',$,IFCTEXT('G0772.953dd8a6074348959bb910c4de0dc1bc'),$);
#9119=IFCPROPERTYSINGLEVALUE('bgt-status',$,IFCTEXT('bestaand'),$);
#9120=IFCPROPERTYSINGLEVALUE('objectBeginTijd',$,IFCTEXT('2011-10-03T22:00:00'),$);
#9121=IFCPROPERTYSINGLEVALUE('bronhouder',$,IFCTEXT('G0772'),$);
#9122=IFCPROPERTYSINGLEVALUE('inOnderzoek',$,IFCBOOLEAN(.F.),$);
#9123=IFCPROPERTYSINGLEVALUE('relatieveHoogteligging',$,IFCTEXT('0'),$);
#9124=IFCPROPERTYSINGLEVALUE('tijdstipRegistratie',$,IFCTEXT('2016-01-07T12:25:24'),$);
#9125=IFCPROPERTYSINGLEVALUE('LV-publicatiedatum',$,IFCTEXT('2016-04-05T11:55:43'),$);
#9126=IFCPROPERTYSINGLEVALUE('objecttype',$,IFCTEXT('paal_p'),$);
#9127=IFCPROPERTYSET('1OPwBQuIL2dPGo2LcUqWtT',#5,'CPset_BGT',$,(#9115,#9116,#9117,#9118,#9119,#9120,#9121,#9122,#9123,#9124,#9125,#9126));
#9128=IFCRELDEFINESBYPROPERTIES('1JUZlJkpT7qemRPX3dQAQJ',#5,$,$,(#9114),#9127);
#9129=IFCCARTESIANPOINT((-194.139056110551,84.2941658400814,0.));
#9130=IFCCARTESIANTRANSFORMATIONOPERATOR3D($,$,#9129,1.,$);
#9131=IFCMAPPEDITEM(#9102,#9130);
#9132=IFCSHAPEREPRESENTATION(#11,'Body','MappedRepresentation',(#9131));
#9133=IFCCARTESIANPOINT((0.,0.,0.));
#9134=IFCDIRECTION((0.,0.,1.));
#9135=IFCDIRECTION((1.,0.,0.));
#9136=IFCAXIS2PLACEMENT3D(#9133,#9134,#9135);
#9137=IFCLOCALPLACEMENT(#37,#9136);
#9138=IFCPRODUCTDEFINITIONSHAPE($,$,(#9132));
#9139=IFCBUILDINGELEMENTPROXY('2B67BafY5ARfv7rjDYfZ_w',#5,'G0772.2160cb475b8a4e88ad8682a4dd173767',$,$,#9137,#9138,$,$);
#9140=IFCPROPERTYSINGLEVALUE('hectometeraanduiding',$,IFCTEXT(''),$);
#9141=IFCPROPERTYSINGLEVALUE('plus-type',$,IFCTEXT('verkeersregelinstallatiepaal'),$);
#9142=IFCPROPERTYSINGLEVALUE('subtype',$,IFCTEXT('2'),$);
#9143=IFCPROPERTYSINGLEVALUE('identificatie',$,IFCTEXT('G0772.2160cb475b8a4e88ad8682a4dd173767'),$);
#9144=IFCPROPERTYSINGLEVALUE('bgt-status',$,IFCTEXT('bestaand'),$);
#9145=IFCPROPERTYSINGLEVALUE('objectBeginTijd',$,IFCTEXT('2011-10-03T22:00:00'),$);
#9146=IFCPROPERTYSINGLEVALUE('bronhouder',$,IFCTEXT('G0772'),$);
#9147=IFCPROPERTYSINGLEVALUE('inOnderzoek',$,IFCBOOLEAN(.F.),$);
#9148=IFCPROPERTYSINGLEVALUE('relatieveHoogteligging',$,IFCTEXT('0'),$);
#9149=IFCPROPERTYSINGLEVALUE('tijdstipRegistratie',$,IFCTEXT('2016-01-07T12:25:24'),$);
#9150=IFCPROPERTYSINGLEVALUE('LV-publicatiedatum',$,IFCTEXT('2016-04-05T11:55:43'),$);
#9151=IFCPROPERTYSINGLEVALUE('objecttype',$,IFCTEXT('paal_p'),$);
#9152=IFCPROPERTYSET('25UXNbe9H5$9BTF7R63Ka_',#5,'CPset_BGT',$,(#9140,#9141,#9142,#9143,#9144,#9145,#9146,#9147,#9148,#9149,#9150,#9151));
#9153=IFCRELDEFINESBYPROPERTIES('0dlShH9eDF7xhXTJDWmomw',#5,$,$,(#9139),#9152);
#9154=IFCCARTESIANPOINT((-197.879925199668,84.4245132927317,0.));
#9155=IFCCARTESIANTRANSFORMATIONOPERATOR3D($,$,#9154,1.,$);
#9156=IFCMAPPEDITEM(#9102,#9155);
#9157=IFCSHAPEREPRESENTATION(#11,'Body','MappedRepresentation',(#9156));
#9158=IFCCARTESIANPOINT((0.,0.,0.));
#9159=IFCDIRECTION((0.,0.,1.));
#9160=IFCDIRECTION((1.,0.,0.));
#9161=IFCAXIS2PLACEMENT3D(#9158,#9159,#9160);
#9162=IFCLOCALPLACEMENT(#37,#9161);
#9163=IFCPRODUCTDEFINITIONSHAPE($,$,(#9157));
#9164=IFCBUILDINGELEMENTPROXY('2Rxe0w2Yb8o9kGIwvC2G1j',#5,'G0772.7c85ff76af264a50a2c1e3ab1a8ebfd9',$,$,#9162,#9163,$,$);
#9165=IFCPROPERTYSINGLEVALUE('hectometeraanduiding',$,IFCTEXT(''),$);
#9166=IFCPROPERTYSINGLEVALUE('plus-type',$,IFCTEXT('verkeersregelinstallatiepaal'),$);
#9167=IFCPROPERTYSINGLEVALUE('subtype',$,IFCTEXT('2'),$);
#9168=IFCPROPERTYSINGLEVALUE('identificatie',$,IFCTEXT('G0772.7c85ff76af264a50a2c1e3ab1a8ebfd9'),$);
#9169=IFCPROPERTYSINGLEVALUE('bgt-status',$,IFCTEXT('bestaand'),$);
#9170=IFCPROPERTYSINGLEVALUE('objectBeginTijd',$,IFCTEXT('2011-10-03T22:00:00'),$);
#9171=IFCPROPERTYSINGLEVALUE('bronhouder',$,IFCTEXT('G0772'),$);
#9172=IFCPROPERTYSINGLEVALUE('inOnderzoek',$,IFCBOOLEAN(.F.),$);
#9173=IFCPROPERTYSINGLEVALUE('relatieveHoogteligging',$,IFCTEXT('0'),$);
#9174=IFCPROPERTYSINGLEVALUE('tijdstipRegistratie',$,IFCTEXT('2016-01-07T12:25:24'),$);
#9175=IFCPROPERTYSINGLEVALUE('LV-publicatiedatum',$,IFCTEXT('2016-04-05T11:55:43'),$);
#9176=IFCPROPERTYSINGLEVALUE('objecttype',$,IFCTEXT('paal_p'),$);
#9177=IFCPROPERTYSET('2SJ7ViBqPD4ez$elCl0$Ed',#5,'CPset_BGT',$,(#9165,#9166,#9167,#9168,#9169,#9170,#9171,#9172,#9173,#9174,#9175,#9176));
#9178=IFCRELDEFINESBYPROPERTIES('1yWACmv1rFzhTWJkKn26ZS',#5,$,$,(#9164),#9177);
#9179=IFCCARTESIANPOINT((-197.212752574298,84.2172629896668,0.));
#9180=IFCCARTESIANTRANSFORMATIONOPERATOR3D($,$,#9179,1.,$);
#9181=IFCMAPPEDITEM(#9102,#9180);
#9182=IFCSHAPEREPRESENTATION(#11,'Body','MappedRepresentation',(#9181));
#9183=IFCCARTESIANPOINT((0.,0.,0.));
#9184=IFCDIRECTION((0.,0.,1.));
#9185=IFCDIRECTION((1.,0.,0.));
#9186=IFCAXIS2PLACEMENT3D(#9183,#9184,#9185);
#9187=IFCLOCALPLACEMENT(#37,#9186);
#9188=IFCPRODUCTDEFINITIONSHAPE($,$,(#9182));
#9189=IFCBUILDINGELEMENTPROXY('3zsYcNXkP3BuFCWqHvEgav',#5,'G0772.a9eda6c73a7c489281a12fdfe25c26df',$,$,#9187,#9188,$,$);
#9190=IFCPROPERTYSINGLEVALUE('hectometeraanduiding',$,IFCTEXT(''),$);
#9191=IFCPROPERTYSINGLEVALUE('plus-type',$,IFCTEXT('verkeersregelinstallatiepaal'),$);
#9192=IFCPROPERTYSINGLEVALUE('subtype',$,IFCTEXT('2'),$);
#9193=IFCPROPERTYSINGLEVALUE('identificatie',$,IFCTEXT('G0772.a9eda6c73a7c489281a12fdfe25c26df'),$);
#9194=IFCPROPERTYSINGLEVALUE('bgt-status',$,IFCTEXT('bestaand'),$);
#9195=IFCPROPERTYSINGLEVALUE('objectBeginTijd',$,IFCTEXT('2011-10-03T22:00:00'),$);
#9196=IFCPROPERTYSINGLEVALUE('bronhouder',$,IFCTEXT('G0772'),$);
#9197=IFCPROPERTYSINGLEVALUE('inOnderzoek',$,IFCBOOLEAN(.F.),$);
#9198=IFCPROPERTYSINGLEVALUE('relatieveHoogteligging',$,IFCTEXT('0'),$);
#9199=IFCPROPERTYSINGLEVALUE('tijdstipRegistratie',$,IFCTEXT('2016-01-07T12:25:24'),$);
#9200=IFCPROPERTYSINGLEVALUE('LV-publicatiedatum',$,IFCTEXT('2016-04-05T11:55:43'),$);
#9201=IFCPROPERTYSINGLEVALUE('objecttype',$,IFCTEXT('paal_p'),$);
#9202=IFCPROPERTYSET('1iZYDpukzEienvBZiOCx5e',#5,'CPset_BGT',$,(#9190,#9191,#9192,#9193,#9194,#9195,#9196,#9197,#9198,#9199,#9200,#9201));
#9203=IFCRELDEFINESBYPROPERTIES('2rR1boyk52xuQ9OJ8qp8$V',#5,$,$,(#9189),#9202);
#9204=IFCCARTESIANPOINT((-200.160278675641,84.1656986402231,0.));
#9205=IFCCARTESIANTRANSFORMATIONOPERATOR3D($,$,#9204,1.,$);
#9206=IFCMAPPEDITEM(#9102,#9205);
#9207=IFCSHAPEREPRESENTATION(#11,'Body','MappedRepresentation',(#9206));
#9208=IFCCARTESIANPOINT((0.,0.,0.));
#9209=IFCDIRECTION((0.,0.,1.));
#9210=IFCDIRECTION((1.,0.,0.));
#9211=IFCAXIS2PLACEMENT3D(#9208,#9209,#9210);
#9212=IFCLOCALPLACEMENT(#37,#9211);
#9213=IFCPRODUCTDEFINITIONSHAPE($,$,(#9207));
#9214=IFCBUILDINGELEMENTPROXY('2rfQWt_ErE3uvIb05jOTMJ',#5,'G0772.b69e48577e9f4a409b0f78803b75b104',$,$,#9212,#9213,$,$);
#9215=IFCPROPERTYSINGLEVALUE('hectometeraanduiding',$,IFCTEXT(''),$);
#9216=IFCPROPERTYSINGLEVALUE('plus-type',$,IFCTEXT('verkeersregelinstallatiepaal'),$);
#9217=IFCPROPERTYSINGLEVALUE('subtype',$,IFCTEXT('2'),$);
#9218=IFCPROPERTYSINGLEVALUE('identificatie',$,IFCTEXT('G0772.b69e48577e9f4a409b0f78803b75b104'),$);
#9219=IFCPROPERTYSINGLEVALUE('bgt-status',$,IFCTEXT('bestaand'),$);
#9220=IFCPROPERTYSINGLEVALUE('objectBeginTijd',$,IFCTEXT('2011-10-03T22:00:00'),$);
#9221=IFCPROPERTYSINGLEVALUE('bronhouder',$,IFCTEXT('G0772'),$);
#9222=IFCPROPERTYSINGLEVALUE('inOnderzoek',$,IFCBOOLEAN(.F.),$);
#9223=IFCPROPERTYSINGLEVALUE('relatieveHoogteligging',$,IFCTEXT('0'),$);
#9224=IFCPROPERTYSINGLEVALUE('tijdstipRegistratie',$,IFCTEXT('2016-01-07T12:25:24'),$);
#9225=IFCPROPERTYSINGLEVALUE('LV-publicatiedatum',$,IFCTEXT('2016-04-05T11:55:43'),$);
#9226=IFCPROPERTYSINGLEVALUE('objecttype',$,IFCTEXT('paal_p'),$);
#9227=IFCPROPERTYSET('22NDNP7iTFaP3$FB54SQW6',#5,'CPset_BGT',$,(#9215,#9216,#9217,#9218,#9219,#9220,#9221,#9222,#9223,#9224,#9225,#9226));
#9228=IFCRELDEFINESBYPROPERTIES('1qnZDc34964xX1suM6qkxP',#5,$,$,(#9214),#9227);
#9229=IFCCARTESIANPOINT((-197.911285842856,80.6354092416004,0.));
#9230=IFCCARTESIANTRANSFORMATIONOPERATOR3D($,$,#9229,1.,$);
#9231=IFCMAPPEDITEM(#9102,#9230);
#9232=IFCSHAPEREPRESENTATION(#11,'Body','MappedRepresentation',(#9231));
#9233=IFCCARTESIANPOINT((0.,0.,0.));
#9234=IFCDIRECTION((0.,0.,1.));
#9235=IFCDIRECTION((1.,0.,0.));
#9236=IFCAXIS2PLACEMENT3D(#9233,#9234,#9235);
#9237=IFCLOCALPLACEMENT(#37,#9236);
#9238=IFCPRODUCTDEFINITIONSHAPE($,$,(#9232));
#9239=IFCBUILDINGELEMENTPROXY('1tQ1klQnj77gihrHw85kH9',#5,'G0772.1163f5c60bcf42b297c8dfdcaf3b4a7e',$,$,#9237,#9238,$,$);
#9240=IFCPROPERTYSINGLEVALUE('hectometeraanduiding',$,IFCTEXT(''),$);
#9241=IFCPROPERTYSINGLEVALUE('plus-type',$,IFCTEXT('verkeersregelinstallatiepaal'),$);
#9242=IFCPROPERTYSINGLEVALUE('subtype',$,IFCTEXT('2'),$);
#9243=IFCPROPERTYSINGLEVALUE('identificatie',$,IFCTEXT('G0772.1163f5c60bcf42b297c8dfdcaf3b4a7e'),$);
#9244=IFCPROPERTYSINGLEVALUE('bgt-status',$,IFCTEXT('bestaand'),$);
#9245=IFCPROPERTYSINGLEVALUE('objectBeginTijd',$,IFCTEXT('2011-10-03T22:00:00'),$);
#9246=IFCPROPERTYSINGLEVALUE('bronhouder',$,IFCTEXT('G0772'),$);
#9247=IFCPROPERTYSINGLEVALUE('inOnderzoek',$,IFCBOOLEAN(.F.),$);
#9248=IFCPROPERTYSINGLEVALUE('relatieveHoogteligging',$,IFCTEXT('0'),$);
#9249=IFCPROPERTYSINGLEVALUE('tijdstipRegistratie',$,IFCTEXT('2016-01-07T12:25:24'),$);
#9250=IFCPROPERTYSINGLEVALUE('LV-publicatiedatum',$,IFCTEXT('2016-04-05T11:55:43'),$);
#9251=IFCPROPERTYSINGLEVALUE('objecttype',$,IFCTEXT('paal_p'),$);
#9252=IFCPROPERTYSET('1PTWaWgFH5AQMsH_Ch2Bkw',#5,'CPset_BGT',$,(#9240,#9241,#9242,#9243,#9244,#9245,#9246,#9247,#9248,#9249,#9250,#9251));
#9253=IFCRELDEFINESBYPROPERTIES('03X1oLTjj4IAzeu0$VREp1',#5,$,$,(#9239),#9252);
#9254=IFCCARTESIANPOINT((-212.603268673847,84.0977214016602,0.));
#9255=IFCCARTESIANTRANSFORMATIONOPERATOR3D($,$,#9254,1.,$);
#9256=IFCMAPPEDITEM(#9102,#9255);
#9257=IFCSHAPEREPRESENTATION(#11,'Body','MappedRepresentation',(#9256));
#9258=IFCCARTESIANPOINT((0.,0.,0.));
#9259=IFCDIRECTION((0.,0.,1.));
#9260=IFCDIRECTION((1.,0.,0.));
#9261=IFCAXIS2PLACEMENT3D(#9258,#9259,#9260);
#9262=IFCLOCALPLACEMENT(#37,#9261);
#9263=IFCPRODUCTDEFINITIONSHAPE($,$,(#9257));
#9264=IFCBUILDINGELEMENTPROXY('0Oxg8Jrt95uvcxAaXP7YpM',#5,'G0772.804674224d5244d9a92fa0490f98c3b8',$,$,#9262,#9263,$,$);
#9265=IFCPROPERTYSINGLEVALUE('hectometeraanduiding',$,IFCTEXT(''),$);
#9266=IFCPROPERTYSINGLEVALUE('plus-type',$,IFCTEXT('verkeersregelinstallatiepaal'),$);
#9267=IFCPROPERTYSINGLEVALUE('subtype',$,IFCTEXT('2'),$);
#9268=IFCPROPERTYSINGLEVALUE('identificatie',$,IFCTEXT('G0772.804674224d5244d9a92fa0490f98c3b8'),$);
#9269=IFCPROPERTYSINGLEVALUE('bgt-status',$,IFCTEXT('bestaand'),$);
#9270=IFCPROPERTYSINGLEVALUE('objectBeginTijd',$,IFCTEXT('2011-10-03T22:00:00'),$);
#9271=IFCPROPERTYSINGLEVALUE('bronhouder',$,IFCTEXT('G0772'),$);
#9272=IFCPROPERTYSINGLEVALUE('inOnderzoek',$,IFCBOOLEAN(.F.),$);
#9273=IFCPROPERTYSINGLEVALUE('relatieveHoogteligging',$,IFCTEXT('0'),$);
#9274=IFCPROPERTYSINGLEVALUE('tijdstipRegistratie',$,IFCTEXT('2016-01-07T12:25:24'),$);
#9275=IFCPROPERTYSINGLEVALUE('LV-publicatiedatum',$,IFCTEXT('2016-04-05T11:55:43'),$);
#9276=IFCPROPERTYSINGLEVALUE('objecttype',$,IFCTEXT('paal_p'),$);
#9277=IFCPROPERTYSET('0kC6XdnCT65vrah7HShFfL',#5,'CPset_BGT',$,(#9265,#9266,#9267,#9268,#9269,#9270,#9271,#9272,#9273,#9274,#9275,#9276));
#9278=IFCRELDEFINESBYPROPERTIES('3AblfUT0LD_PtoG_F_3IRq',#5,$,$,(#9264),#9277);
#9279=IFCCARTESIANPOINT((-200.095370731404,80.4254040049273,0.));
#9280=IFCCARTESIANTRANSFORMATIONOPERATOR3D($,$,#9279,1.,$);
#9281=IFCMAPPEDITEM(#9102,#9280);
#9282=IFCSHAPEREPRESENTATION(#11,'Body','MappedRepresentation',(#9281));
#9283=IFCCARTESIANPOINT((0.,0.,0.));
#9284=IFCDIRECTION((0.,0.,1.));
#9285=IFCDIRECTION((1.,0.,0.));
#9286=IFCAXIS2PLACEMENT3D(#9283,#9284,#9285);
#9287=IFCLOCALPLACEMENT(#37,#9286);
#9288=IFCPRODUCTDEFINITIONSHAPE($,$,(#9282));
#9289=IFCBUILDINGELEMENTPROXY('3mO713CA53QPxKzEBmgxVM',#5,'G0772.b9405397113c4bb098910a127f7a973b',$,$,#9287,#9288,$,$);
#9290=IFCPROPERTYSINGLEVALUE('hectometeraanduiding',$,IFCTEXT(''),$);
#9291=IFCPROPERTYSINGLEVALUE('plus-type',$,IFCTEXT('verkeersregelinstallatiepaal'),$);
#9292=IFCPROPERTYSINGLEVALUE('subtype',$,IFCTEXT('2'),$);
#9293=IFCPROPERTYSINGLEVALUE('identificatie',$,IFCTEXT('G0772.b9405397113c4bb098910a127f7a973b'),$);
#9294=IFCPROPERTYSINGLEVALUE('bgt-status',$,IFCTEXT('bestaand'),$);
#9295=IFCPROPERTYSINGLEVALUE('objectBeginTijd',$,IFCTEXT('2011-10-03T22:00:00'),$);
#9296=IFCPROPERTYSINGLEVALUE('bronhouder',$,IFCTEXT('G0772'),$);
#9297=IFCPROPERTYSINGLEVALUE('inOnderzoek',$,IFCBOOLEAN(.F.),$);
#9298=IFCPROPERTYSINGLEVALUE('relatieveHoogteligging',$,IFCTEXT('0'),$);
#9299=IFCPROPERTYSINGLEVALUE('tijdstipRegistratie',$,IFCTEXT('2016-01-07T12:25:24'),$);
#9300=IFCPROPERTYSINGLEVALUE('LV-publicatiedatum',$,IFCTEXT('2016-04-05T11:55:43'),$);
#9301=IFCPROPERTYSINGLEVALUE('objecttype',$,IFCTEXT('paal_p'),$);
#9302=IFCPROPERTYSET('29wBoDXL92z82gIrIALLPS',#5,'CPset_BGT',$,(#9290,#9291,#9292,#9293,#9294,#9295,#9296,#9297,#9298,#9299,#9300,#9301));
#9303=IFCRELDEFINESBYPROPERTIES('2TcPt_oj9Dev$U7YUblBbd',#5,$,$,(#9289),#9302);
#9304=IFCCARTESIANPOINT((-197.183568233188,80.4338426754694,0.));
#9305=IFCCARTESIANTRANSFORMATIONOPERATOR3D($,$,#9304,1.,$);
#9306=IFCMAPPEDITEM(#9102,#9305);
#9307=IFCSHAPEREPRESENTATION(#11,'Body','MappedRepresentation',(#9306));
#9308=IFCCARTESIANPOINT((0.,0.,0.));
#9309=IFCDIRECTION((0.,0.,1.));
#9310=IFCDIRECTION((1.,0.,0.));
#9311=IFCAXIS2PLACEMENT3D(#9308,#9309,#9310);
#9312=IFCLOCALPLACEMENT(#37,#9311);
#9313=IFCPRODUCTDEFINITIONSHAPE($,$,(#9307));
#9314=IFCBUILDINGELEMENTPROXY('38NiSaH4XAcPuCjRwITvgN',#5,'G0772.ed66da1a6598454a985de4c0e1510f29',$,$,#9312,#9313,$,$);
#9315=IFCPROPERTYSINGLEVALUE('hectometeraanduiding',$,IFCTEXT(''),$);
#9316=IFCPROPERTYSINGLEVALUE('plus-type',$,IFCTEXT('verkeersregelinstallatiepaal'),$);
#9317=IFCPROPERTYSINGLEVALUE('subtype',$,IFCTEXT('2'),$);
#9318=IFCPROPERTYSINGLEVALUE('identificatie',$,IFCTEXT('G0772.ed66da1a6598454a985de4c0e1510f29'),$);
#9319=IFCPROPERTYSINGLEVALUE('bgt-status',$,IFCTEXT('bestaand'),$);
#9320=IFCPROPERTYSINGLEVALUE('objectBeginTijd',$,IFCTEXT('2011-10-03T22:00:00'),$);
#9321=IFCPROPERTYSINGLEVALUE('bronhouder',$,IFCTEXT('G0772'),$);
#9322=IFCPROPERTYSINGLEVALUE('inOnderzoek',$,IFCBOOLEAN(.F.),$);
#9323=IFCPROPERTYSINGLEVALUE('relatieveHoogteligging',$,IFCTEXT('0'),$);
#9324=IFCPROPERTYSINGLEVALUE('tijdstipRegistratie',$,IFCTEXT('2016-01-07T12:25:24'),$);
#9325=IFCPROPERTYSINGLEVALUE('LV-publicatiedatum',$,IFCTEXT('2016-04-05T11:55:43'),$);
#9326=IFCPROPERTYSINGLEVALUE('objecttype',$,IFCTEXT('paal_p'),$);
#9327=IFCPROPERTYSET('0C$yvFVwL43Px5hYnunpJT',#5,'CPset_BGT',$,(#9315,#9316,#9317,#9318,#9319,#9320,#9321,#9322,#9323,#9324,#9325,#9326));
#9328=IFCRELDEFINESBYPROPERTIES('2lcTqOBHTEHubPO8hZrybi',#5,$,$,(#9314),#9327);
#9329=IFCCARTESIANPOINT((-95.1384321585065,-212.476651504112,0.));
#9330=IFCCARTESIANTRANSFORMATIONOPERATOR3D($,$,#9329,1.,$);
#9331=IFCMAPPEDITEM(#9102,#9330);
#9332=IFCSHAPEREPRESENTATION(#11,'Body','MappedRepresentation',(#9331));
#9333=IFCCARTESIANPOINT((0.,0.,0.));
#9334=IFCDIRECTION((0.,0.,1.));
#9335=IFCDIRECTION((1.,0.,0.));
#9336=IFCAXIS2PLACEMENT3D(#9333,#9334,#9335);
#9337=IFCLOCALPLACEMENT(#37,#9336);
#9338=IFCPRODUCTDEFINITIONSHAPE($,$,(#9332));
#9339=IFCBUILDINGELEMENTPROXY('1josh9z_nA5u9S8eHkFaLs',#5,'G0772.2c8515337417462f85a68c493075fccb',$,$,#9337,#9338,$,$);
#9340=IFCPROPERTYSINGLEVALUE('hectometeraanduiding',$,IFCTEXT(''),$);
#9341=IFCPROPERTYSINGLEVALUE('plus-type',$,IFCTEXT('verkeersregelinstallatiepaal'),$);
#9342=IFCPROPERTYSINGLEVALUE('subtype',$,IFCTEXT('2'),$);
#9343=IFCPROPERTYSINGLEVALUE('identificatie',$,IFCTEXT('G0772.2c8515337417462f85a68c493075fccb'),$);
#9344=IFCPROPERTYSINGLEVALUE('bgt-status',$,IFCTEXT('bestaand'),$);
#9345=IFCPROPERTYSINGLEVALUE('objectBeginTijd',$,IFCTEXT('2025-11-05T23:00:00'),$);
#9346=IFCPROPERTYSINGLEVALUE('bronhouder',$,IFCTEXT('G0772'),$);
#9347=IFCPROPERTYSINGLEVALUE('inOnderzoek',$,IFCBOOLEAN(.F.),$);
#9348=IFCPROPERTYSINGLEVALUE('relatieveHoogteligging',$,IFCTEXT('0'),$);
#9349=IFCPROPERTYSINGLEVALUE('tijdstipRegistratie',$,IFCTEXT('2025-11-07T13:50:43'),$);
#9350=IFCPROPERTYSINGLEVALUE('LV-publicatiedatum',$,IFCTEXT('2025-11-07T13:56:32'),$);
#9351=IFCPROPERTYSINGLEVALUE('objecttype',$,IFCTEXT('paal_p'),$);
#9352=IFCPROPERTYSET('13NddsoFPDPw_9eTc9RMDM',#5,'CPset_BGT',$,(#9340,#9341,#9342,#9343,#9344,#9345,#9346,#9347,#9348,#9349,#9350,#9351));
#9353=IFCRELDEFINESBYPROPERTIES('2i9Wne5rDFSg2MdKtk6DRb',#5,$,$,(#9339),#9352);
#9354=IFCCARTESIANPOINT((-87.9019382789265,-209.194375871157,0.));
#9355=IFCCARTESIANTRANSFORMATIONOPERATOR3D($,$,#9354,1.,$);
#9356=IFCMAPPEDITEM(#9102,#9355);
#9357=IFCSHAPEREPRESENTATION(#11,'Body','MappedRepresentation',(#9356));
#9358=IFCCARTESIANPOINT((0.,0.,0.));
#9359=IFCDIRECTION((0.,0.,1.));
#9360=IFCDIRECTION((1.,0.,0.));
#9361=IFCAXIS2PLACEMENT3D(#9358,#9359,#9360);
#9362=IFCLOCALPLACEMENT(#37,#9361);
#9363=IFCPRODUCTDEFINITIONSHAPE($,$,(#9357));
#9364=IFCBUILDINGELEMENTPROXY('01ZtCB82j4NxXlT6Jz_z8Y',#5,'G0772.76eb2f97e6354676841381fc640d7346',$,$,#9362,#9363,$,$);
#9365=IFCPROPERTYSINGLEVALUE('hectometeraanduiding',$,IFCTEXT(''),$);
#9366=IFCPROPERTYSINGLEVALUE('plus-type',$,IFCTEXT('verkeersregelinstallatiepaal'),$);
#9367=IFCPROPERTYSINGLEVALUE('subtype',$,IFCTEXT('2'),$);
#9368=IFCPROPERTYSINGLEVALUE('identificatie',$,IFCTEXT('G0772.76eb2f97e6354676841381fc640d7346'),$);
#9369=IFCPROPERTYSINGLEVALUE('bgt-status',$,IFCTEXT('bestaand'),$);
#9370=IFCPROPERTYSINGLEVALUE('objectBeginTijd',$,IFCTEXT('2025-11-05T23:00:00'),$);
#9371=IFCPROPERTYSINGLEVALUE('bronhouder',$,IFCTEXT('G0772'),$);
#9372=IFCPROPERTYSINGLEVALUE('inOnderzoek',$,IFCBOOLEAN(.F.),$);
#9373=IFCPROPERTYSINGLEVALUE('relatieveHoogteligging',$,IFCTEXT('0'),$);
#9374=IFCPROPERTYSINGLEVALUE('tijdstipRegistratie',$,IFCTEXT('2025-11-07T13:50:43'),$);
#9375=IFCPROPERTYSINGLEVALUE('LV-publicatiedatum',$,IFCTEXT('2025-11-07T13:56:32'),$);
#9376=IFCPROPERTYSINGLEVALUE('objecttype',$,IFCTEXT('paal_p'),$);
#9377=IFCPROPERTYSET('0hSpQh54z8iwCtx4pcSc9y',#5,'CPset_BGT',$,(#9365,#9366,#9367,#9368,#9369,#9370,#9371,#9372,#9373,#9374,#9375,#9376));
#9378=IFCRELDEFINESBYPROPERTIES('2hQr7Lt51Dhh4PBZ5gVdLP',#5,$,$,(#9364),#9377);
#9379=IFCCARTESIANPOINT((-98.5275557952409,-204.608863315836,0.));
#9380=IFCCARTESIANTRANSFORMATIONOPERATOR3D($,$,#9379,1.,$);
#9381=IFCMAPPEDITEM(#9102,#9380);
#9382=IFCSHAPEREPRESENTATION(#11,'Body','MappedRepresentation',(#9381));
#9383=IFCCARTESIANPOINT((0.,0.,0.));
#9384=IFCDIRECTION((0.,0.,1.));
#9385=IFCDIRECTION((1.,0.,0.));
#9386=IFCAXIS2PLACEMENT3D(#9383,#9384,#9385);
#9387=IFCLOCALPLACEMENT(#37,#9386);
#9388=IFCPRODUCTDEFINITIONSHAPE($,$,(#9382));
#9389=IFCBUILDINGELEMENTPROXY('2bOLI1V_D3FBywzb3IZWkf',#5,'G0772.8c8e99cd4a0f4099824465ab3809f77f',$,$,#9387,#9388,$,$);
#9390=IFCPROPERTYSINGLEVALUE('hectometeraanduiding',$,IFCTEXT(''),$);
#9391=IFCPROPERTYSINGLEVALUE('plus-type',$,IFCTEXT('verkeersregelinstallatiepaal'),$);
#9392=IFCPROPERTYSINGLEVALUE('subtype',$,IFCTEXT('2'),$);
#9393=IFCPROPERTYSINGLEVALUE('identificatie',$,IFCTEXT('G0772.8c8e99cd4a0f4099824465ab3809f77f'),$);
#9394=IFCPROPERTYSINGLEVALUE('bgt-status',$,IFCTEXT('bestaand'),$);
#9395=IFCPROPERTYSINGLEVALUE('objectBeginTijd',$,IFCTEXT('2025-11-05T23:00:00'),$);
#9396=IFCPROPERTYSINGLEVALUE('bronhouder',$,IFCTEXT('G0772'),$);
#9397=IFCPROPERTYSINGLEVALUE('inOnderzoek',$,IFCBOOLEAN(.F.),$);
#9398=IFCPROPERTYSINGLEVALUE('relatieveHoogteligging',$,IFCTEXT('0'),$);
#9399=IFCPROPERTYSINGLEVALUE('tijdstipRegistratie',$,IFCTEXT('2025-11-07T13:50:43'),$);
#9400=IFCPROPERTYSINGLEVALUE('LV-publicatiedatum',$,IFCTEXT('2025-11-07T13:56:32'),$);
#9401=IFCPROPERTYSINGLEVALUE('objecttype',$,IFCTEXT('paal_p'),$);
#9402=IFCPROPERTYSET('3hs$qg12f6ieKcnqfZuObx',#5,'CPset_BGT',$,(#9390,#9391,#9392,#9393,#9394,#9395,#9396,#9397,#9398,#9399,#9400,#9401));
#9403=IFCRELDEFINESBYPROPERTIES('1BgyeM76TBXRqgqmQG8_6A',#5,$,$,(#9389),#9402);
#9404=IFCCARTESIANPOINT((-90.8944717341801,-202.086219322635,0.));
#9405=IFCCARTESIANTRANSFORMATIONOPERATOR3D($,$,#9404,1.,$);
#9406=IFCMAPPEDITEM(#9102,#9405);
#9407=IFCSHAPEREPRESENTATION(#11,'Body','MappedRepresentation',(#9406));
#9408=IFCCARTESIANPOINT((0.,0.,0.));
#9409=IFCDIRECTION((0.,0.,1.));
#9410=IFCDIRECTION((1.,0.,0.));
#9411=IFCAXIS2PLACEMENT3D(#9408,#9409,#9410);
#9412=IFCLOCALPLACEMENT(#37,#9411);
#9413=IFCPRODUCTDEFINITIONSHAPE($,$,(#9407));
#9414=IFCBUILDINGELEMENTPROXY('1x944FYhjERhNkpiRsOKZH',#5,'G0772.f7910bf1a6ed4f838373099babeec77b',$,$,#9412,#9413,$,$);
#9415=IFCPROPERTYSINGLEVALUE('hectometeraanduiding',$,IFCTEXT(''),$);
#9416=IFCPROPERTYSINGLEVALUE('plus-type',$,IFCTEXT('verkeersregelinstallatiepaal'),$);
#9417=IFCPROPERTYSINGLEVALUE('subtype',$,IFCTEXT('2'),$);
#9418=IFCPROPERTYSINGLEVALUE('identificatie',$,IFCTEXT('G0772.f7910bf1a6ed4f838373099babeec77b'),$);
#9419=IFCPROPERTYSINGLEVALUE('bgt-status',$,IFCTEXT('bestaand'),$);
#9420=IFCPROPERTYSINGLEVALUE('objectBeginTijd',$,IFCTEXT('2025-11-05T23:00:00'),$);
#9421=IFCPROPERTYSINGLEVALUE('bronhouder',$,IFCTEXT('G0772'),$);
#9422=IFCPROPERTYSINGLEVALUE('inOnderzoek',$,IFCBOOLEAN(.F.),$);
#9423=IFCPROPERTYSINGLEVALUE('relatieveHoogteligging',$,IFCTEXT('0'),$);
#9424=IFCPROPERTYSINGLEVALUE('tijdstipRegistratie',$,IFCTEXT('2025-11-07T13:50:43'),$);
#9425=IFCPROPERTYSINGLEVALUE('LV-publicatiedatum',$,IFCTEXT('2025-11-07T13:56:32'),$);
#9426=IFCPROPERTYSINGLEVALUE('objecttype',$,IFCTEXT('paal_p'),$);
#9427=IFCPROPERTYSET('2oWjhjhRv9vQvRHDnxXZdV',#5,'CPset_BGT',$,(#9415,#9416,#9417,#9418,#9419,#9420,#9421,#9422,#9423,#9424,#9425,#9426));
#9428=IFCRELDEFINESBYPROPERTIES('2vsCo$xV5DaezrDbNOnVfQ',#5,$,$,(#9414),#9427);
#9429=IFCCARTESIANPOINT((84.1323112972896,1.28265260875924,0.));
#9430=IFCCARTESIANTRANSFORMATIONOPERATOR3D($,$,#9429,1.,$);
#9431=IFCMAPPEDITEM(#9102,#9430);
#9432=IFCSHAPEREPRESENTATION(#11,'Body','MappedRepresentation',(#9431));
#9433=IFCCARTESIANPOINT((0.,0.,0.));
#9434=IFCDIRECTION((0.,0.,1.));
#9435=IFCDIRECTION((1.,0.,0.));
#9436=IFCAXIS2PLACEMENT3D(#9433,#9434,#9435);
#9437=IFCLOCALPLACEMENT(#37,#9436);
#9438=IFCPRODUCTDEFINITIONSHAPE($,$,(#9432));
#9439=IFCBUILDINGELEMENTPROXY('0b1G2xki13ZAUXH9p6qDtF',#5,'G0772.2322920b208e4de89dd6fe52c1b465f1',$,$,#9437,#9438,$,$);
#9440=IFCPROPERTYSINGLEVALUE('hectometeraanduiding',$,IFCTEXT(''),$);
#9441=IFCPROPERTYSINGLEVALUE('plus-type',$,IFCTEXT('verkeersregelinstallatiepaal'),$);
#9442=IFCPROPERTYSINGLEVALUE('subtype',$,IFCTEXT('2'),$);
#9443=IFCPROPERTYSINGLEVALUE('identificatie',$,IFCTEXT('G0772.2322920b208e4de89dd6fe52c1b465f1'),$);
#9444=IFCPROPERTYSINGLEVALUE('bgt-status',$,IFCTEXT('bestaand'),$);
#9445=IFCPROPERTYSINGLEVALUE('objectBeginTijd',$,IFCTEXT('2011-10-03T22:00:00'),$);
#9446=IFCPROPERTYSINGLEVALUE('bronhouder',$,IFCTEXT('G0772'),$);
#9447=IFCPROPERTYSINGLEVALUE('inOnderzoek',$,IFCBOOLEAN(.F.),$);
#9448=IFCPROPERTYSINGLEVALUE('relatieveHoogteligging',$,IFCTEXT('0'),$);
#9449=IFCPROPERTYSINGLEVALUE('tijdstipRegistratie',$,IFCTEXT('2016-01-07T12:25:24'),$);
#9450=IFCPROPERTYSINGLEVALUE('LV-publicatiedatum',$,IFCTEXT('2016-04-05T11:55:43'),$);
#9451=IFCPROPERTYSINGLEVALUE('objecttype',$,IFCTEXT('paal_p'),$);
#9452=IFCPROPERTYSET('1TtxmDRT1D4hoy8uTgTjsA',#5,'CPset_BGT',$,(#9440,#9441,#9442,#9443,#9444,#9445,#9446,#9447,#9448,#9449,#9450,#9451));
#9453=IFCRELDEFINESBYPROPERTIES('2l9qvlnG55GfhO7TNJjYsN',#5,$,$,(#9439),#9452);
#9454=IFCCARTESIANPOINT((79.9677995869715,-7.73741724767024,0.));
#9455=IFCCARTESIANTRANSFORMATIONOPERATOR3D($,$,#9454,1.,$);
#9456=IFCMAPPEDITEM(#9102,#9455);
#9457=IFCSHAPEREPRESENTATION(#11,'Body','MappedRepresentation',(#9456));
#9458=IFCCARTESIANPOINT((0.,0.,0.));
#9459=IFCDIRECTION((0.,0.,1.));
#9460=IFCDIRECTION((1.,0.,0.));
#9461=IFCAXIS2PLACEMENT3D(#9458,#9459,#9460);
#9462=IFCLOCALPLACEMENT(#37,#9461);
#9463=IFCPRODUCTDEFINITIONSHAPE($,$,(#9457));
#9464=IFCBUILDINGELEMENTPROXY('1shvwOUIn8P94yzkwek50M',#5,'G0772.23fa4152c7e24f4dad65ba5a80d416d4',$,$,#9462,#9463,$,$);
#9465=IFCPROPERTYSINGLEVALUE('hectometeraanduiding',$,IFCTEXT(''),$);
#9466=IFCPROPERTYSINGLEVALUE('plus-type',$,IFCTEXT('verkeersregelinstallatiepaal'),$);
#9467=IFCPROPERTYSINGLEVALUE('subtype',$,IFCTEXT('2'),$);
#9468=IFCPROPERTYSINGLEVALUE('identificatie',$,IFCTEXT('G0772.23fa4152c7e24f4dad65ba5a80d416d4'),$);
#9469=IFCPROPERTYSINGLEVALUE('bgt-status',$,IFCTEXT('bestaand'),$);
#9470=IFCPROPERTYSINGLEVALUE('objectBeginTijd',$,IFCTEXT('2011-10-03T22:00:00'),$);
#9471=IFCPROPERTYSINGLEVALUE('bronhouder',$,IFCTEXT('G0772'),$);
#9472=IFCPROPERTYSINGLEVALUE('inOnderzoek',$,IFCBOOLEAN(.F.),$);
#9473=IFCPROPERTYSINGLEVALUE('relatieveHoogteligging',$,IFCTEXT('0'),$);
#9474=IFCPROPERTYSINGLEVALUE('tijdstipRegistratie',$,IFCTEXT('2016-01-07T12:25:24'),$);
#9475=IFCPROPERTYSINGLEVALUE('LV-publicatiedatum',$,IFCTEXT('2016-04-05T11:55:43'),$);
#9476=IFCPROPERTYSINGLEVALUE('objecttype',$,IFCTEXT('paal_p'),$);
#9477=IFCPROPERTYSET('1IWVuUtqbCGwtre5cZvpbT',#5,'CPset_BGT',$,(#9465,#9466,#9467,#9468,#9469,#9470,#9471,#9472,#9473,#9474,#9475,#9476));
#9478=IFCRELDEFINESBYPROPERTIES('12wcGHRo5AyfRRAoPdhO$Q',#5,$,$,(#9464),#9477);
#9479=IFCCARTESIANPOINT((147.590986665367,0.675391935335938,0.));
#9480=IFCCARTESIANTRANSFORMATIONOPERATOR3D($,$,#9479,1.,$);
#9481=IFCMAPPEDITEM(#9102,#9480);
#9482=IFCSHAPEREPRESENTATION(#11,'Body','MappedRepresentation',(#9481));
#9483=IFCCARTESIANPOINT((0.,0.,0.));
#9484=IFCDIRECTION((0.,0.,1.));
#9485=IFCDIRECTION((1.,0.,0.));
#9486=IFCAXIS2PLACEMENT3D(#9483,#9484,#9485);
#9487=IFCLOCALPLACEMENT(#37,#9486);
#9488=IFCPRODUCTDEFINITIONSHAPE($,$,(#9482));
#9489=IFCBUILDINGELEMENTPROXY('03wM4T$ObFu9$o4AWJPEIn',#5,'G0772.72fc1eee9c30456588bd7fd5ecad6306',$,$,#9487,#9488,$,$);
#9490=IFCPROPERTYSINGLEVALUE('hectometeraanduiding',$,IFCTEXT(''),$);
#9491=IFCPROPERTYSINGLEVALUE('plus-type',$,IFCTEXT('verkeersregelinstallatiepaal'),$);
#9492=IFCPROPERTYSINGLEVALUE('subtype',$,IFCTEXT('2'),$);
#9493=IFCPROPERTYSINGLEVALUE('identificatie',$,IFCTEXT('G0772.72fc1eee9c30456588bd7fd5ecad6306'),$);
#9494=IFCPROPERTYSINGLEVALUE('bgt-status',$,IFCTEXT('bestaand'),$);
#9495=IFCPROPERTYSINGLEVALUE('objectBeginTijd',$,IFCTEXT('2011-10-03T22:00:00'),$);
#9496=IFCPROPERTYSINGLEVALUE('bronhouder',$,IFCTEXT('G0772'),$);
#9497=IFCPROPERTYSINGLEVALUE('inOnderzoek',$,IFCBOOLEAN(.F.),$);
#9498=IFCPROPERTYSINGLEVALUE('relatieveHoogteligging',$,IFCTEXT('0'),$);
#9499=IFCPROPERTYSINGLEVALUE('tijdstipRegistratie',$,IFCTEXT('2016-01-07T12:25:24'),$);
#9500=IFCPROPERTYSINGLEVALUE('LV-publicatiedatum',$,IFCTEXT('2016-04-05T11:55:43'),$);
#9501=IFCPROPERTYSINGLEVALUE('objecttype',$,IFCTEXT('paal_p'),$);
#9502=IFCPROPERTYSET('0kfop8qVH5w8zoV_PUfUru',#5,'CPset_BGT',$,(#9490,#9491,#9492,#9493,#9494,#9495,#9496,#9497,#9498,#9499,#9500,#9501));
#9503=IFCRELDEFINESBYPROPERTIES('3OqlN_sST4o8c0EresDTWl',#5,$,$,(#9489),#9502);
#9504=IFCCARTESIANPOINT((2.93593735600007,-76.9565090737888,0.));
#9505=IFCCARTESIANTRANSFORMATIONOPERATOR3D($,$,#9504,1.,$);
#9506=IFCMAPPEDITEM(#9102,#9505);
#9507=IFCSHAPEREPRESENTATION(#11,'Body','MappedRepresentation',(#9506));
#9508=IFCCARTESIANPOINT((0.,0.,0.));
#9509=IFCDIRECTION((0.,0.,1.));
#9510=IFCDIRECTION((1.,0.,0.));
#9511=IFCAXIS2PLACEMENT3D(#9508,#9509,#9510);
#9512=IFCLOCALPLACEMENT(#37,#9511);
#9513=IFCPRODUCTDEFINITIONSHAPE($,$,(#9507));
#9514=IFCBUILDINGELEMENTPROXY('3_0T930x9FXxK48remM06V',#5,'G0772.9cc1b07287874d16b5d97c9a21d91893',$,$,#9512,#9513,$,$);
#9515=IFCPROPERTYSINGLEVALUE('hectometeraanduiding',$,IFCTEXT(''),$);
#9516=IFCPROPERTYSINGLEVALUE('plus-type',$,IFCTEXT('verkeersregelinstallatiepaal'),$);
#9517=IFCPROPERTYSINGLEVALUE('subtype',$,IFCTEXT('2'),$);
#9518=IFCPROPERTYSINGLEVALUE('identificatie',$,IFCTEXT('G0772.9cc1b07287874d16b5d97c9a21d91893'),$);
#9519=IFCPROPERTYSINGLEVALUE('bgt-status',$,IFCTEXT('bestaand'),$);
#9520=IFCPROPERTYSINGLEVALUE('objectBeginTijd',$,IFCTEXT('2015-10-06T22:00:00'),$);
#9521=IFCPROPERTYSINGLEVALUE('bronhouder',$,IFCTEXT('G0772'),$);
#9522=IFCPROPERTYSINGLEVALUE('inOnderzoek',$,IFCBOOLEAN(.F.),$);
#9523=IFCPROPERTYSINGLEVALUE('relatieveHoogteligging',$,IFCTEXT('0'),$);
#9524=IFCPROPERTYSINGLEVALUE('tijdstipRegistratie',$,IFCTEXT('2016-07-01T04:02:38'),$);
#9525=IFCPROPERTYSINGLEVALUE('LV-publicatiedatum',$,IFCTEXT('2016-07-01T06:42:12'),$);
#9526=IFCPROPERTYSINGLEVALUE('objecttype',$,IFCTEXT('paal_p'),$);
#9527=IFCPROPERTYSET('17skOgnDjDhOvzgiygKvjk',#5,'CPset_BGT',$,(#9515,#9516,#9517,#9518,#9519,#9520,#9521,#9522,#9523,#9524,#9525,#9526));
#9528=IFCRELDEFINESBYPROPERTIES('1HlCjux0jAP8fEQjSqqCW6',#5,$,$,(#9514),#9527);
#9529=IFCCARTESIANPOINT((266.904014652682,26.4170098433387,0.));
#9530=IFCCARTESIANTRANSFORMATIONOPERATOR3D($,$,#9529,1.,$);
#9531=IFCMAPPEDITEM(#9102,#9530);
#9532=IFCSHAPEREPRESENTATION(#11,'Body','MappedRepresentation',(#9531));
#9533=IFCCARTESIANPOINT((0.,0.,0.));
#9534=IFCDIRECTION((0.,0.,1.));
#9535=IFCDIRECTION((1.,0.,0.));
#9536=IFCAXIS2PLACEMENT3D(#9533,#9534,#9535);
#9537=IFCLOCALPLACEMENT(#37,#9536);
#9538=IFCPRODUCTDEFINITIONSHAPE($,$,(#9532));
#9539=IFCBUILDINGELEMENTPROXY('2k6F2rz0b5S9vl1kPvD3eI',#5,'G0772.3d48bf7e69884b4ebe1702cfc39e7456',$,$,#9537,#9538,$,$);
#9540=IFCPROPERTYSINGLEVALUE('hectometeraanduiding',$,IFCTEXT(''),$);
#9541=IFCPROPERTYSINGLEVALUE('plus-type',$,IFCTEXT('verkeersregelinstallatiepaal'),$);
#9542=IFCPROPERTYSINGLEVALUE('subtype',$,IFCTEXT('2'),$);
#9543=IFCPROPERTYSINGLEVALUE('identificatie',$,IFCTEXT('G0772.3d48bf7e69884b4ebe1702cfc39e7456'),$);
#9544=IFCPROPERTYSINGLEVALUE('bgt-status',$,IFCTEXT('bestaand'),$);
#9545=IFCPROPERTYSINGLEVALUE('objectBeginTijd',$,IFCTEXT('2011-10-19T22:00:00'),$);
#9546=IFCPROPERTYSINGLEVALUE('bronhouder',$,IFCTEXT('G0772'),$);
#9547=IFCPROPERTYSINGLEVALUE('inOnderzoek',$,IFCBOOLEAN(.F.),$);
#9548=IFCPROPERTYSINGLEVALUE('relatieveHoogteligging',$,IFCTEXT('0'),$);
#9549=IFCPROPERTYSINGLEVALUE('tijdstipRegistratie',$,IFCTEXT('2016-01-07T12:25:24'),$);
#9550=IFCPROPERTYSINGLEVALUE('LV-publicatiedatum',$,IFCTEXT('2016-04-05T11:55:43'),$);
#9551=IFCPROPERTYSINGLEVALUE('objecttype',$,IFCTEXT('paal_p'),$);
#9552=IFCPROPERTYSET('1UaXw2waHEzOBS6CBvSTmx',#5,'CPset_BGT',$,(#9540,#9541,#9542,#9543,#9544,#9545,#9546,#9547,#9548,#9549,#9550,#9551));
#9553=IFCRELDEFINESBYPROPERTIES('1NKcKAiAD1IRE9OgTEQFAp',#5,$,$,(#9539),#9552);
#9554=IFCCARTESIANPOINT((259.442701073218,12.9028574959375,0.));
#9555=IFCCARTESIANTRANSFORMATIONOPERATOR3D($,$,#9554,1.,$);
#9556=IFCMAPPEDITEM(#9102,#9555);
#9557=IFCSHAPEREPRESENTATION(#11,'Body','MappedRepresentation',(#9556));
#9558=IFCCARTESIANPOINT((0.,0.,0.));
#9559=IFCDIRECTION((0.,0.,1.));
#9560=IFCDIRECTION((1.,0.,0.));
#9561=IFCAXIS2PLACEMENT3D(#9558,#9559,#9560);
#9562=IFCLOCALPLACEMENT(#37,#9561);
#9563=IFCPRODUCTDEFINITIONSHAPE($,$,(#9557));
#9564=IFCBUILDINGELEMENTPROXY('1sG_2C5NH9du0ANtRojUXs',#5,'G0772.b0aeed860f6b413994061f5cc5afa3f4',$,$,#9562,#9563,$,$);
#9565=IFCPROPERTYSINGLEVALUE('hectometeraanduiding',$,IFCTEXT(''),$);
#9566=IFCPROPERTYSINGLEVALUE('plus-type',$,IFCTEXT('verkeersregelinstallatiepaal'),$);
#9567=IFCPROPERTYSINGLEVALUE('subtype',$,IFCTEXT('2'),$);
#9568=IFCPROPERTYSINGLEVALUE('identificatie',$,IFCTEXT('G0772.b0aeed860f6b413994061f5cc5afa3f4'),$);
#9569=IFCPROPERTYSINGLEVALUE('bgt-status',$,IFCTEXT('bestaand'),$);
#9570=IFCPROPERTYSINGLEVALUE('objectBeginTijd',$,IFCTEXT('2015-03-24T23:00:00'),$);
#9571=IFCPROPERTYSINGLEVALUE('bronhouder',$,IFCTEXT('G0772'),$);
#9572=IFCPROPERTYSINGLEVALUE('inOnderzoek',$,IFCBOOLEAN(.F.),$);
#9573=IFCPROPERTYSINGLEVALUE('relatieveHoogteligging',$,IFCTEXT('0'),$);
#9574=IFCPROPERTYSINGLEVALUE('tijdstipRegistratie',$,IFCTEXT('2016-01-07T12:25:24'),$);
#9575=IFCPROPERTYSINGLEVALUE('LV-publicatiedatum',$,IFCTEXT('2016-04-05T11:55:43'),$);
#9576=IFCPROPERTYSINGLEVALUE('objecttype',$,IFCTEXT('paal_p'),$);
#9577=IFCPROPERTYSET('3BQGcG1rP9H8$WhH9OqkHw',#5,'CPset_BGT',$,(#9565,#9566,#9567,#9568,#9569,#9570,#9571,#9572,#9573,#9574,#9575,#9576));
#9578=IFCRELDEFINESBYPROPERTIES('2w3IswB4bEq8RQaOgUxMbu',#5,$,$,(#9564),#9577);
#9579=IFCCARTESIANPOINT((260.948640135903,20.6620032955543,0.));
#9580=IFCCARTESIANTRANSFORMATIONOPERATOR3D($,$,#9579,1.,$);
#9581=IFCMAPPEDITEM(#9102,#9580);
#9582=IFCSHAPEREPRESENTATION(#11,'Body','MappedRepresentation',(#9581));
#9583=IFCCARTESIANPOINT((0.,0.,0.));
#9584=IFCDIRECTION((0.,0.,1.));
#9585=IFCDIRECTION((1.,0.,0.));
#9586=IFCAXIS2PLACEMENT3D(#9583,#9584,#9585);
#9587=IFCLOCALPLACEMENT(#37,#9586);
#9588=IFCPRODUCTDEFINITIONSHAPE($,$,(#9582));
#9589=IFCBUILDINGELEMENTPROXY('3ZnQnZnkL5vAeDDc8zqal8',#5,'G0772.b10857f750594115bc7445e92a0a2de5',$,$,#9587,#9588,$,$);
#9590=IFCPROPERTYSINGLEVALUE('hectometeraanduiding',$,IFCTEXT(''),$);
#9591=IFCPROPERTYSINGLEVALUE('plus-type',$,IFCTEXT('verkeersregelinstallatiepaal'),$);
#9592=IFCPROPERTYSINGLEVALUE('subtype',$,IFCTEXT('2'),$);
#9593=IFCPROPERTYSINGLEVALUE('identificatie',$,IFCTEXT('G0772.b10857f750594115bc7445e92a0a2de5'),$);
#9594=IFCPROPERTYSINGLEVALUE('bgt-status',$,IFCTEXT('bestaand'),$);
#9595=IFCPROPERTYSINGLEVALUE('objectBeginTijd',$,IFCTEXT('2011-10-19T22:00:00'),$);
#9596=IFCPROPERTYSINGLEVALUE('bronhouder',$,IFCTEXT('G0772'),$);
#9597=IFCPROPERTYSINGLEVALUE('inOnderzoek',$,IFCBOOLEAN(.F.),$);
#9598=IFCPROPERTYSINGLEVALUE('relatieveHoogteligging',$,IFCTEXT('0'),$);
#9599=IFCPROPERTYSINGLEVALUE('tijdstipRegistratie',$,IFCTEXT('2016-01-07T12:25:24'),$);
#9600=IFCPROPERTYSINGLEVALUE('LV-publicatiedatum',$,IFCTEXT('2016-04-05T11:55:43'),$);
#9601=IFCPROPERTYSINGLEVALUE('objecttype',$,IFCTEXT('paal_p'),$);
#9602=IFCPROPERTYSET('1OcyfbD0X16urrjmd_rvfn',#5,'CPset_BGT',$,(#9590,#9591,#9592,#9593,#9594,#9595,#9596,#9597,#9598,#9599,#9600,#9601));
#9603=IFCRELDEFINESBYPROPERTIES('28VEnfEFnCKwrFUKMgBO$q',#5,$,$,(#9589),#9602);
#9604=IFCCARTESIANPOINT((247.474539950752,10.9845998627716,0.));
#9605=IFCCARTESIANTRANSFORMATIONOPERATOR3D($,$,#9604,1.,$);
#9606=IFCMAPPEDITEM(#9102,#9605);
#9607=IFCSHAPEREPRESENTATION(#11,'Body','MappedRepresentation',(#9606));
#9608=IFCCARTESIANPOINT((0.,0.,0.));
#9609=IFCDIRECTION((0.,0.,1.));
#9610=IFCDIRECTION((1.,0.,0.));
#9611=IFCAXIS2PLACEMENT3D(#9608,#9609,#9610);
#9612=IFCLOCALPLACEMENT(#37,#9611);
#9613=IFCPRODUCTDEFINITIONSHAPE($,$,(#9607));
#9614=IFCBUILDINGELEMENTPROXY('2hyGVm8E17CwpJ9PAGFKBM',#5,'G0772.0d395343bfe340c082ae9ddc54fd9005',$,$,#9612,#9613,$,$);
#9615=IFCPROPERTYSINGLEVALUE('hectometeraanduiding',$,IFCTEXT(''),$);
#9616=IFCPROPERTYSINGLEVALUE('plus-type',$,IFCTEXT('verkeersregelinstallatiepaal'),$);
#9617=IFCPROPERTYSINGLEVALUE('subtype',$,IFCTEXT('2'),$);
#9618=IFCPROPERTYSINGLEVALUE('identificatie',$,IFCTEXT('G0772.0d395343bfe340c082ae9ddc54fd9005'),$);
#9619=IFCPROPERTYSINGLEVALUE('bgt-status',$,IFCTEXT('bestaand'),$);
#9620=IFCPROPERTYSINGLEVALUE('objectBeginTijd',$,IFCTEXT('2025-02-13T23:00:00'),$);
#9621=IFCPROPERTYSINGLEVALUE('bronhouder',$,IFCTEXT('G0772'),$);
#9622=IFCPROPERTYSINGLEVALUE('inOnderzoek',$,IFCBOOLEAN(.F.),$);
#9623=IFCPROPERTYSINGLEVALUE('relatieveHoogteligging',$,IFCTEXT('0'),$);
#9624=IFCPROPERTYSINGLEVALUE('tijdstipRegistratie',$,IFCTEXT('2025-02-25T09:37:15'),$);
#9625=IFCPROPERTYSINGLEVALUE('LV-publicatiedatum',$,IFCTEXT('2025-02-25T09:45:00'),$);
#9626=IFCPROPERTYSINGLEVALUE('objecttype',$,IFCTEXT('paal_p'),$);
#9627=IFCPROPERTYSET('0T3ACTP0H6awg8Zt$EZITy',#5,'CPset_BGT',$,(#9615,#9616,#9617,#9618,#9619,#9620,#9621,#9622,#9623,#9624,#9625,#9626));
#9628=IFCRELDEFINESBYPROPERTIES('2G70yfM95Awvwd_Y5VQgib',#5,$,$,(#9614),#9627);
#9629=IFCCARTESIANPOINT((268.828718879522,35.7147331474698,0.));
#9630=IFCCARTESIANTRANSFORMATIONOPERATOR3D($,$,#9629,1.,$);
#9631=IFCMAPPEDITEM(#9102,#9630);
#9632=IFCSHAPEREPRESENTATION(#11,'Body','MappedRepresentation',(#9631));
#9633=IFCCARTESIANPOINT((0.,0.,0.));
#9634=IFCDIRECTION((0.,0.,1.));
#9635=IFCDIRECTION((1.,0.,0.));
#9636=IFCAXIS2PLACEMENT3D(#9633,#9634,#9635);
#9637=IFCLOCALPLACEMENT(#37,#9636);
#9638=IFCPRODUCTDEFINITIONSHAPE($,$,(#9632));
#9639=IFCBUILDINGELEMENTPROXY('3aLvAiY9n2tuLuclYa381R',#5,'G0772.08e4c21fa0e24c2786d58cb36ab3e3a4',$,$,#9637,#9638,$,$);
#9640=IFCPROPERTYSINGLEVALUE('hectometeraanduiding',$,IFCTEXT(''),$);
#9641=IFCPROPERTYSINGLEVALUE('plus-type',$,IFCTEXT('verkeersregelinstallatiepaal'),$);
#9642=IFCPROPERTYSINGLEVALUE('subtype',$,IFCTEXT('2'),$);
#9643=IFCPROPERTYSINGLEVALUE('identificatie',$,IFCTEXT('G0772.08e4c21fa0e24c2786d58cb36ab3e3a4'),$);
#9644=IFCPROPERTYSINGLEVALUE('bgt-status',$,IFCTEXT('bestaand'),$);
#9645=IFCPROPERTYSINGLEVALUE('objectBeginTijd',$,IFCTEXT('2015-03-24T23:00:00'),$);
#9646=IFCPROPERTYSINGLEVALUE('bronhouder',$,IFCTEXT('G0772'),$);
#9647=IFCPROPERTYSINGLEVALUE('inOnderzoek',$,IFCBOOLEAN(.F.),$);
#9648=IFCPROPERTYSINGLEVALUE('relatieveHoogteligging',$,IFCTEXT('0'),$);
#9649=IFCPROPERTYSINGLEVALUE('tijdstipRegistratie',$,IFCTEXT('2016-01-07T12:25:24'),$);
#9650=IFCPROPERTYSINGLEVALUE('LV-publicatiedatum',$,IFCTEXT('2016-04-05T11:55:43'),$);
#9651=IFCPROPERTYSINGLEVALUE('objecttype',$,IFCTEXT('paal_p'),$);
#9652=IFCPROPERTYSET('3MjSpQbLP1KuxWaGM7TZpP',#5,'CPset_BGT',$,(#9640,#9641,#9642,#9643,#9644,#9645,#9646,#9647,#9648,#9649,#9650,#9651));
#9653=IFCRELDEFINESBYPROPERTIES('1UKBzSvevFFPEh2PyK1cnt',#5,$,$,(#9639),#9652);
#9654=IFCCARTESIANPOINT((266.760882992152,24.9760395703488,0.));
#9655=IFCCARTESIANTRANSFORMATIONOPERATOR3D($,$,#9654,1.,$);
#9656=IFCMAPPEDITEM(#9102,#9655);
#9657=IFCSHAPEREPRESENTATION(#11,'Body','MappedRepresentation',(#9656));
#9658=IFCCARTESIANPOINT((0.,0.,0.));
#9659=IFCDIRECTION((0.,0.,1.));
#9660=IFCDIRECTION((1.,0.,0.));
#9661=IFCAXIS2PLACEMENT3D(#9658,#9659,#9660);
#9662=IFCLOCALPLACEMENT(#37,#9661);
#9663=IFCPRODUCTDEFINITIONSHAPE($,$,(#9657));
#9664=IFCBUILDINGELEMENTPROXY('2Qtgnxlm53th5sFPwrU$NO',#5,'G0772.202b5cf27df74720a788f9a01855b9be',$,$,#9662,#9663,$,$);
#9665=IFCPROPERTYSINGLEVALUE('hectometeraanduiding',$,IFCTEXT(''),$);
#9666=IFCPROPERTYSINGLEVALUE('plus-type',$,IFCTEXT('verkeersregelinstallatiepaal'),$);
#9667=IFCPROPERTYSINGLEVALUE('subtype',$,IFCTEXT('2'),$);
#9668=IFCPROPERTYSINGLEVALUE('identificatie',$,IFCTEXT('G0772.202b5cf27df74720a788f9a01855b9be'),$);
#9669=IFCPROPERTYSINGLEVALUE('bgt-status',$,IFCTEXT('bestaand'),$);
#9670=IFCPROPERTYSINGLEVALUE('objectBeginTijd',$,IFCTEXT('2011-10-19T22:00:00'),$);
#9671=IFCPROPERTYSINGLEVALUE('bronhouder',$,IFCTEXT('G0772'),$);
#9672=IFCPROPERTYSINGLEVALUE('inOnderzoek',$,IFCBOOLEAN(.F.),$);
#9673=IFCPROPERTYSINGLEVALUE('relatieveHoogteligging',$,IFCTEXT('0'),$);
#9674=IFCPROPERTYSINGLEVALUE('tijdstipRegistratie',$,IFCTEXT('2016-01-07T12:25:24'),$);
#9675=IFCPROPERTYSINGLEVALUE('LV-publicatiedatum',$,IFCTEXT('2016-04-05T11:55:43'),$);
#9676=IFCPROPERTYSINGLEVALUE('objecttype',$,IFCTEXT('paal_p'),$);
#9677=IFCPROPERTYSET('3NCcjxXrX5KgymW_4lgTgh',#5,'CPset_BGT',$,(#9665,#9666,#9667,#9668,#9669,#9670,#9671,#9672,#9673,#9674,#9675,#9676));
#9678=IFCRELDEFINESBYPROPERTIES('0CHBaFVyf9Qhyjn6L2hq2S',#5,$,$,(#9664),#9677);
#9679=IFCCARTESIANPOINT((264.596481001354,42.2292459107121,0.));
#9680=IFCCARTESIANTRANSFORMATIONOPERATOR3D($,$,#9679,1.,$);
#9681=IFCMAPPEDITEM(#9102,#9680);
#9682=IFCSHAPEREPRESENTATION(#11,'Body','MappedRepresentation',(#9681));
#9683=IFCCARTESIANPOINT((0.,0.,0.));
#9684=IFCDIRECTION((0.,0.,1.));
#9685=IFCDIRECTION((1.,0.,0.));
#9686=IFCAXIS2PLACEMENT3D(#9683,#9684,#9685);
#9687=IFCLOCALPLACEMENT(#37,#9686);
#9688=IFCPRODUCTDEFINITIONSHAPE($,$,(#9682));
#9689=IFCBUILDINGELEMENTPROXY('06GD3z$PbDbveLpiNkIbHi',#5,'G0772.6a4cc39cea024544b95e67da80c573f2',$,$,#9687,#9688,$,$);
#9690=IFCPROPERTYSINGLEVALUE('hectometeraanduiding',$,IFCTEXT(''),$);
#9691=IFCPROPERTYSINGLEVALUE('plus-type',$,IFCTEXT('verkeersregelinstallatiepaal'),$);
#9692=IFCPROPERTYSINGLEVALUE('subtype',$,IFCTEXT('2'),$);
#9693=IFCPROPERTYSINGLEVALUE('identificatie',$,IFCTEXT('G0772.6a4cc39cea024544b95e67da80c573f2'),$);
#9694=IFCPROPERTYSINGLEVALUE('bgt-status',$,IFCTEXT('bestaand'),$);
#9695=IFCPROPERTYSINGLEVALUE('objectBeginTijd',$,IFCTEXT('2011-10-19T22:00:00'),$);
#9696=IFCPROPERTYSINGLEVALUE('bronhouder',$,IFCTEXT('G0772'),$);
#9697=IFCPROPERTYSINGLEVALUE('inOnderzoek',$,IFCBOOLEAN(.F.),$);
#9698=IFCPROPERTYSINGLEVALUE('relatieveHoogteligging',$,IFCTEXT('0'),$);
#9699=IFCPROPERTYSINGLEVALUE('tijdstipRegistratie',$,IFCTEXT('2016-01-07T12:25:24'),$);
#9700=IFCPROPERTYSINGLEVALUE('LV-publicatiedatum',$,IFCTEXT('2016-04-05T11:55:43'),$);
#9701=IFCPROPERTYSINGLEVALUE('objecttype',$,IFCTEXT('paal_p'),$);
#9702=IFCPROPERTYSET('0BVLJnnUbF0g6pXn$GAT5u',#5,'CPset_BGT',$,(#9690,#9691,#9692,#9693,#9694,#9695,#9696,#9697,#9698,#9699,#9700,#9701));
#9703=IFCRELDEFINESBYPROPERTIES('2m5zZUTAT8NB_C$mrB259A',#5,$,$,(#9689),#9702);
#9704=IFCCARTESIANPOINT((264.726926233358,55.0324768326827,0.));
#9705=IFCCARTESIANTRANSFORMATIONOPERATOR3D($,$,#9704,1.,$);
#9706=IFCMAPPEDITEM(#9102,#9705);
#9707=IFCSHAPEREPRESENTATION(#11,'Body','MappedRepresentation',(#9706));
#9708=IFCCARTESIANPOINT((0.,0.,0.));
#9709=IFCDIRECTION((0.,0.,1.));
#9710=IFCDIRECTION((1.,0.,0.));
#9711=IFCAXIS2PLACEMENT3D(#9708,#9709,#9710);
#9712=IFCLOCALPLACEMENT(#37,#9711);
#9713=IFCPRODUCTDEFINITIONSHAPE($,$,(#9707));
#9714=IFCBUILDINGELEMENTPROXY('28NtdqGUf7luP8Elod_uii',#5,'G0772.bfc0924d01ee490db4caca17a3f4028b',$,$,#9712,#9713,$,$);
#9715=IFCPROPERTYSINGLEVALUE('hectometeraanduiding',$,IFCTEXT(''),$);
#9716=IFCPROPERTYSINGLEVALUE('plus-type',$,IFCTEXT('verkeersregelinstallatiepaal'),$);
#9717=IFCPROPERTYSINGLEVALUE('subtype',$,IFCTEXT('2'),$);
#9718=IFCPROPERTYSINGLEVALUE('identificatie',$,IFCTEXT('G0772.bfc0924d01ee490db4caca17a3f4028b'),$);
#9719=IFCPROPERTYSINGLEVALUE('bgt-status',$,IFCTEXT('bestaand'),$);
#9720=IFCPROPERTYSINGLEVALUE('objectBeginTijd',$,IFCTEXT('2011-10-19T22:00:00'),$);
#9721=IFCPROPERTYSINGLEVALUE('bronhouder',$,IFCTEXT('G0772'),$);
#9722=IFCPROPERTYSINGLEVALUE('inOnderzoek',$,IFCBOOLEAN(.F.),$);
#9723=IFCPROPERTYSINGLEVALUE('relatieveHoogteligging',$,IFCTEXT('0'),$);
#9724=IFCPROPERTYSINGLEVALUE('tijdstipRegistratie',$,IFCTEXT('2016-01-07T12:25:24'),$);
#9725=IFCPROPERTYSINGLEVALUE('LV-publicatiedatum',$,IFCTEXT('2016-04-05T11:55:43'),$);
#9726=IFCPROPERTYSINGLEVALUE('objecttype',$,IFCTEXT('paal_p'),$);
#9727=IFCPROPERTYSET('0l3AMG_YXEAugxqG_84ge1',#5,'CPset_BGT',$,(#9715,#9716,#9717,#9718,#9719,#9720,#9721,#9722,#9723,#9724,#9725,#9726));
#9728=IFCRELDEFINESBYPROPERTIES('2U_cvrKpL1HfY7b5GlbuMA',#5,$,$,(#9714),#9727);
#9729=IFCCARTESIANPOINT((260.442518129159,35.5858379406272,0.));
#9730=IFCCARTESIANTRANSFORMATIONOPERATOR3D($,$,#9729,1.,$);
#9731=IFCMAPPEDITEM(#9102,#9730);
#9732=IFCSHAPEREPRESENTATION(#11,'Body','MappedRepresentation',(#9731));
#9733=IFCCARTESIANPOINT((0.,0.,0.));
#9734=IFCDIRECTION((0.,0.,1.));
#9735=IFCDIRECTION((1.,0.,0.));
#9736=IFCAXIS2PLACEMENT3D(#9733,#9734,#9735);
#9737=IFCLOCALPLACEMENT(#37,#9736);
#9738=IFCPRODUCTDEFINITIONSHAPE($,$,(#9732));
#9739=IFCBUILDINGELEMENTPROXY('1hFl6kYlH2XxvMdpOAhyxw',#5,'G0772.c065ed77eb304703aee87287a7b70ea4',$,$,#9737,#9738,$,$);
#9740=IFCPROPERTYSINGLEVALUE('hectometeraanduiding',$,IFCTEXT(''),$);
#9741=IFCPROPERTYSINGLEVALUE('plus-type',$,IFCTEXT('verkeersregelinstallatiepaal'),$);
#9742=IFCPROPERTYSINGLEVALUE('subtype',$,IFCTEXT('2'),$);
#9743=IFCPROPERTYSINGLEVALUE('identificatie',$,IFCTEXT('G0772.c065ed77eb304703aee87287a7b70ea4'),$);
#9744=IFCPROPERTYSINGLEVALUE('bgt-status',$,IFCTEXT('bestaand'),$);
#9745=IFCPROPERTYSINGLEVALUE('objectBeginTijd',$,IFCTEXT('2011-10-19T22:00:00'),$);
#9746=IFCPROPERTYSINGLEVALUE('bronhouder',$,IFCTEXT('G0772'),$);
#9747=IFCPROPERTYSINGLEVALUE('inOnderzoek',$,IFCBOOLEAN(.F.),$);
#9748=IFCPROPERTYSINGLEVALUE('relatieveHoogteligging',$,IFCTEXT('0'),$);
#9749=IFCPROPERTYSINGLEVALUE('tijdstipRegistratie',$,IFCTEXT('2016-01-07T12:25:24'),$);
#9750=IFCPROPERTYSINGLEVALUE('LV-publicatiedatum',$,IFCTEXT('2016-04-05T11:55:43'),$);
#9751=IFCPROPERTYSINGLEVALUE('objecttype',$,IFCTEXT('paal_p'),$);
#9752=IFCPROPERTYSET('0SYhNVOuzAzf7YX7UmwHAW',#5,'CPset_BGT',$,(#9740,#9741,#9742,#9743,#9744,#9745,#9746,#9747,#9748,#9749,#9750,#9751));
#9753=IFCRELDEFINESBYPROPERTIES('2r$$lbjgf3$vOH_vk72iGE',#5,$,$,(#9739),#9752);
#9754=IFCCARTESIANPOINT((268.288738322299,43.9558103827294,0.));
#9755=IFCCARTESIANTRANSFORMATIONOPERATOR3D($,$,#9754,1.,$);
#9756=IFCMAPPEDITEM(#9102,#9755);
#9757=IFCSHAPEREPRESENTATION(#11,'Body','MappedRepresentation',(#9756));
#9758=IFCCARTESIANPOINT((0.,0.,0.));
#9759=IFCDIRECTION((0.,0.,1.));
#9760=IFCDIRECTION((1.,0.,0.));
#9761=IFCAXIS2PLACEMENT3D(#9758,#9759,#9760);
#9762=IFCLOCALPLACEMENT(#37,#9761);
#9763=IFCPRODUCTDEFINITIONSHAPE($,$,(#9757));
#9764=IFCBUILDINGELEMENTPROXY('2tDdr7$71Ble1Hitvjmg7U',#5,'G0772.e8a27f067d3f41788064c8f281a76dc6',$,$,#9762,#9763,$,$);
#9765=IFCPROPERTYSINGLEVALUE('hectometeraanduiding',$,IFCTEXT(''),$);
#9766=IFCPROPERTYSINGLEVALUE('plus-type',$,IFCTEXT('verkeersregelinstallatiepaal'),$);
#9767=IFCPROPERTYSINGLEVALUE('subtype',$,IFCTEXT('2'),$);
#9768=IFCPROPERTYSINGLEVALUE('identificatie',$,IFCTEXT('G0772.e8a27f067d3f41788064c8f281a76dc6'),$);
#9769=IFCPROPERTYSINGLEVALUE('bgt-status',$,IFCTEXT('bestaand'),$);
#9770=IFCPROPERTYSINGLEVALUE('objectBeginTijd',$,IFCTEXT('2015-03-24T23:00:00'),$);
#9771=IFCPROPERTYSINGLEVALUE('bronhouder',$,IFCTEXT('G0772'),$);
#9772=IFCPROPERTYSINGLEVALUE('inOnderzoek',$,IFCBOOLEAN(.F.),$);
#9773=IFCPROPERTYSINGLEVALUE('relatieveHoogteligging',$,IFCTEXT('0'),$);
#9774=IFCPROPERTYSINGLEVALUE('tijdstipRegistratie',$,IFCTEXT('2016-01-07T12:25:24'),$);
#9775=IFCPROPERTYSINGLEVALUE('LV-publicatiedatum',$,IFCTEXT('2016-04-05T11:55:43'),$);
#9776=IFCPROPERTYSINGLEVALUE('objecttype',$,IFCTEXT('paal_p'),$);
#9777=IFCPROPERTYSET('0ZC4VIfXL76wewiY4ZmT3S',#5,'CPset_BGT',$,(#9765,#9766,#9767,#9768,#9769,#9770,#9771,#9772,#9773,#9774,#9775,#9776));
#9778=IFCRELDEFINESBYPROPERTIES('1Viz8v4qTDbwlD7VwNfBjy',#5,$,$,(#9764),#9777);
#9779=IFCCARTESIANPOINT((267.732782838604,53.6229215592612,0.));
#9780=IFCCARTESIANTRANSFORMATIONOPERATOR3D($,$,#9779,1.,$);
#9781=IFCMAPPEDITEM(#9102,#9780);
#9782=IFCSHAPEREPRESENTATION(#11,'Body','MappedRepresentation',(#9781));
#9783=IFCCARTESIANPOINT((0.,0.,0.));
#9784=IFCDIRECTION((0.,0.,1.));
#9785=IFCDIRECTION((1.,0.,0.));
#9786=IFCAXIS2PLACEMENT3D(#9783,#9784,#9785);
#9787=IFCLOCALPLACEMENT(#37,#9786);
#9788=IFCPRODUCTDEFINITIONSHAPE($,$,(#9782));
#9789=IFCBUILDINGELEMENTPROXY('2Jj91UkD1C4gwXVpYOr6iu',#5,'G0772.3b63787c3abe4e95aaaebec0afa8a810',$,$,#9787,#9788,$,$);
#9790=IFCPROPERTYSINGLEVALUE('hectometeraanduiding',$,IFCTEXT(''),$);
#9791=IFCPROPERTYSINGLEVALUE('plus-type',$,IFCTEXT('verkeersregelinstallatiepaal'),$);
#9792=IFCPROPERTYSINGLEVALUE('subtype',$,IFCTEXT('2'),$);
#9793=IFCPROPERTYSINGLEVALUE('identificatie',$,IFCTEXT('G0772.3b63787c3abe4e95aaaebec0afa8a810'),$);
#9794=IFCPROPERTYSINGLEVALUE('bgt-status',$,IFCTEXT('bestaand'),$);
#9795=IFCPROPERTYSINGLEVALUE('objectBeginTijd',$,IFCTEXT('2011-10-19T22:00:00'),$);
#9796=IFCPROPERTYSINGLEVALUE('bronhouder',$,IFCTEXT('G0772'),$);
#9797=IFCPROPERTYSINGLEVALUE('inOnderzoek',$,IFCBOOLEAN(.F.),$);
#9798=IFCPROPERTYSINGLEVALUE('relatieveHoogteligging',$,IFCTEXT('0'),$);
#9799=IFCPROPERTYSINGLEVALUE('tijdstipRegistratie',$,IFCTEXT('2016-01-07T12:25:24'),$);
#9800=IFCPROPERTYSINGLEVALUE('LV-publicatiedatum',$,IFCTEXT('2016-04-05T11:55:43'),$);
#9801=IFCPROPERTYSINGLEVALUE('objecttype',$,IFCTEXT('paal_p'),$);
#9802=IFCPROPERTYSET('2PJ1Xt7JrDpwfCiWJl1ZrE',#5,'CPset_BGT',$,(#9790,#9791,#9792,#9793,#9794,#9795,#9796,#9797,#9798,#9799,#9800,#9801));
#9803=IFCRELDEFINESBYPROPERTIES('1hW86f$bLCrOJNwwcqwIoe',#5,$,$,(#9789),#9802);
#9804=IFCCARTESIANPOINT((269.112894033256,28.034859614505,0.));
#9805=IFCCARTESIANTRANSFORMATIONOPERATOR3D($,$,#9804,1.,$);
#9806=IFCMAPPEDITEM(#9102,#9805);
#9807=IFCSHAPEREPRESENTATION(#11,'Body','MappedRepresentation',(#9806));
#9808=IFCCARTESIANPOINT((0.,0.,0.));
#9809=IFCDIRECTION((0.,0.,1.));
#9810=IFCDIRECTION((1.,0.,0.));
#9811=IFCAXIS2PLACEMENT3D(#9808,#9809,#9810);
#9812=IFCLOCALPLACEMENT(#37,#9811);
#9813=IFCPRODUCTDEFINITIONSHAPE($,$,(#9807));
#9814=IFCBUILDINGELEMENTPROXY('0TD8g1A8b2kOEtET0_kG5Y',#5,'G0772.705a5ce9a02e4c7491584e1ec8a06d89',$,$,#9812,#9813,$,$);
#9815=IFCPROPERTYSINGLEVALUE('hectometeraanduiding',$,IFCTEXT(''),$);
#9816=IFCPROPERTYSINGLEVALUE('plus-type',$,IFCTEXT('verkeersregelinstallatiepaal'),$);
#9817=IFCPROPERTYSINGLEVALUE('subtype',$,IFCTEXT('2'),$);
#9818=IFCPROPERTYSINGLEVALUE('identificatie',$,IFCTEXT('G0772.705a5ce9a02e4c7491584e1ec8a06d89'),$);
#9819=IFCPROPERTYSINGLEVALUE('bgt-status',$,IFCTEXT('bestaand'),$);
#9820=IFCPROPERTYSINGLEVALUE('objectBeginTijd',$,IFCTEXT('2011-10-19T22:00:00'),$);
#9821=IFCPROPERTYSINGLEVALUE('bronhouder',$,IFCTEXT('G0772'),$);
#9822=IFCPROPERTYSINGLEVALUE('inOnderzoek',$,IFCBOOLEAN(.F.),$);
#9823=IFCPROPERTYSINGLEVALUE('relatieveHoogteligging',$,IFCTEXT('0'),$);
#9824=IFCPROPERTYSINGLEVALUE('tijdstipRegistratie',$,IFCTEXT('2016-01-07T12:25:24'),$);
#9825=IFCPROPERTYSINGLEVALUE('LV-publicatiedatum',$,IFCTEXT('2016-04-05T11:55:43'),$);
#9826=IFCPROPERTYSINGLEVALUE('objecttype',$,IFCTEXT('paal_p'),$);
#9827=IFCPROPERTYSET('30EcP8Ppb01Rwhj_O_UqKX',#5,'CPset_BGT',$,(#9815,#9816,#9817,#9818,#9819,#9820,#9821,#9822,#9823,#9824,#9825,#9826));
#9828=IFCRELDEFINESBYPROPERTIES('26LR2SdUD0sf0TsTku01Ci',#5,$,$,(#9814),#9827);
#9829=IFCCARTESIANPOINT((267.458279708837,56.6226712207426,0.));
#9830=IFCCARTESIANTRANSFORMATIONOPERATOR3D($,$,#9829,1.,$);
#9831=IFCMAPPEDITEM(#9102,#9830);
#9832=IFCSHAPEREPRESENTATION(#11,'Body','MappedRepresentation',(#9831));
#9833=IFCCARTESIANPOINT((0.,0.,0.));
#9834=IFCDIRECTION((0.,0.,1.));
#9835=IFCDIRECTION((1.,0.,0.));
#9836=IFCAXIS2PLACEMENT3D(#9833,#9834,#9835);
#9837=IFCLOCALPLACEMENT(#37,#9836);
#9838=IFCPRODUCTDEFINITIONSHAPE($,$,(#9832));
#9839=IFCBUILDINGELEMENTPROXY('0O8Yz7ULb518$mqLWDVCn7',#5,'G0772.fa67497c1c4f407eb89c79a680b99551',$,$,#9837,#9838,$,$);
#9840=IFCPROPERTYSINGLEVALUE('hectometeraanduiding',$,IFCTEXT(''),$);
#9841=IFCPROPERTYSINGLEVALUE('plus-type',$,IFCTEXT('verkeersregelinstallatiepaal'),$);
#9842=IFCPROPERTYSINGLEVALUE('subtype',$,IFCTEXT('2'),$);
#9843=IFCPROPERTYSINGLEVALUE('identificatie',$,IFCTEXT('G0772.fa67497c1c4f407eb89c79a680b99551'),$);
#9844=IFCPROPERTYSINGLEVALUE('bgt-status',$,IFCTEXT('bestaand'),$);
#9845=IFCPROPERTYSINGLEVALUE('objectBeginTijd',$,IFCTEXT('2011-10-19T22:00:00'),$);
#9846=IFCPROPERTYSINGLEVALUE('bronhouder',$,IFCTEXT('G0772'),$);
#9847=IFCPROPERTYSINGLEVALUE('inOnderzoek',$,IFCBOOLEAN(.F.),$);
#9848=IFCPROPERTYSINGLEVALUE('relatieveHoogteligging',$,IFCTEXT('0'),$);
#9849=IFCPROPERTYSINGLEVALUE('tijdstipRegistratie',$,IFCTEXT('2016-01-07T12:25:24'),$);
#9850=IFCPROPERTYSINGLEVALUE('LV-publicatiedatum',$,IFCTEXT('2016-04-05T11:55:43'),$);
#9851=IFCPROPERTYSINGLEVALUE('objecttype',$,IFCTEXT('paal_p'),$);
#9852=IFCPROPERTYSET('0NvRBYpyX1J8RJSU4jM2NK',#5,'CPset_BGT',$,(#9840,#9841,#9842,#9843,#9844,#9845,#9846,#9847,#9848,#9849,#9850,#9851));
#9853=IFCRELDEFINESBYPROPERTIES('3L9yTatHL6WQYhNepy2Ut8',#5,$,$,(#9839),#9852);
#9854=IFCCARTESIANPOINT((247.248201159644,17.2842719773762,0.));
#9855=IFCCARTESIANTRANSFORMATIONOPERATOR3D($,$,#9854,1.,$);
#9856=IFCMAPPEDITEM(#9102,#9855);
#9857=IFCSHAPEREPRESENTATION(#11,'Body','MappedRepresentation',(#9856));
#9858=IFCCARTESIANPOINT((0.,0.,0.));
#9859=IFCDIRECTION((0.,0.,1.));
#9860=IFCDIRECTION((1.,0.,0.));
#9861=IFCAXIS2PLACEMENT3D(#9858,#9859,#9860);
#9862=IFCLOCALPLACEMENT(#37,#9861);
#9863=IFCPRODUCTDEFINITIONSHAPE($,$,(#9857));
#9864=IFCBUILDINGELEMENTPROXY('3k9tAIVJjEYhEdrC3Yeyp9',#5,'G0772.8c788e53c395461c965a56f7a6f8d7c3',$,$,#9862,#9863,$,$);
#9865=IFCPROPERTYSINGLEVALUE('hectometeraanduiding',$,IFCTEXT(''),$);
#9866=IFCPROPERTYSINGLEVALUE('plus-type',$,IFCTEXT('verkeersregelinstallatiepaal'),$);
#9867=IFCPROPERTYSINGLEVALUE('subtype',$,IFCTEXT('2'),$);
#9868=IFCPROPERTYSINGLEVALUE('identificatie',$,IFCTEXT('G0772.8c788e53c395461c965a56f7a6f8d7c3'),$);
#9869=IFCPROPERTYSINGLEVALUE('bgt-status',$,IFCTEXT('bestaand'),$);
#9870=IFCPROPERTYSINGLEVALUE('objectBeginTijd',$,IFCTEXT('2025-02-13T23:00:00'),$);
#9871=IFCPROPERTYSINGLEVALUE('bronhouder',$,IFCTEXT('G0772'),$);
#9872=IFCPROPERTYSINGLEVALUE('inOnderzoek',$,IFCBOOLEAN(.F.),$);
#9873=IFCPROPERTYSINGLEVALUE('relatieveHoogteligging',$,IFCTEXT('0'),$);
#9874=IFCPROPERTYSINGLEVALUE('tijdstipRegistratie',$,IFCTEXT('2025-02-25T09:37:15'),$);
#9875=IFCPROPERTYSINGLEVALUE('LV-publicatiedatum',$,IFCTEXT('2025-02-25T09:45:00'),$);
#9876=IFCPROPERTYSINGLEVALUE('objecttype',$,IFCTEXT('paal_p'),$);
#9877=IFCPROPERTYSET('24r_IJEpf3Eu7AeuHlH07q',#5,'CPset_BGT',$,(#9865,#9866,#9867,#9868,#9869,#9870,#9871,#9872,#9873,#9874,#9875,#9876));
#9878=IFCRELDEFINESBYPROPERTIES('2DwHSTGer0Ffi1ts63FAPg',#5,$,$,(#9864),#9877);
#9879=IFCCARTESIANPOINT((163.858739338932,12.875669676112,0.));
#9880=IFCCARTESIANTRANSFORMATIONOPERATOR3D($,$,#9879,1.,$);
#9881=IFCMAPPEDITEM(#9102,#9880);
#9882=IFCSHAPEREPRESENTATION(#11,'Body','MappedRepresentation',(#9881));
#9883=IFCCARTESIANPOINT((0.,0.,0.));
#9884=IFCDIRECTION((0.,0.,1.));
#9885=IFCDIRECTION((1.,0.,0.));
#9886=IFCAXIS2PLACEMENT3D(#9883,#9884,#9885);
#9887=IFCLOCALPLACEMENT(#37,#9886);
#9888=IFCPRODUCTDEFINITIONSHAPE($,$,(#9882));
#9889=IFCBUILDINGELEMENTPROXY('1w0fA9I3r95QW8rrtF5U5B',#5,'G0772.53dd88f0290e42d69702bcba03870380',$,$,#9887,#9888,$,$);
#9890=IFCPROPERTYSINGLEVALUE('hectometeraanduiding',$,IFCTEXT(''),$);
#9891=IFCPROPERTYSINGLEVALUE('plus-type',$,IFCTEXT('verkeersregelinstallatiepaal'),$);
#9892=IFCPROPERTYSINGLEVALUE('subtype',$,IFCTEXT('2'),$);
#9893=IFCPROPERTYSINGLEVALUE('identificatie',$,IFCTEXT('G0772.53dd88f0290e42d69702bcba03870380'),$);
#9894=IFCPROPERTYSINGLEVALUE('bgt-status',$,IFCTEXT('bestaand'),$);
#9895=IFCPROPERTYSINGLEVALUE('objectBeginTijd',$,IFCTEXT('2011-10-18T22:00:00'),$);
#9896=IFCPROPERTYSINGLEVALUE('bronhouder',$,IFCTEXT('G0772'),$);
#9897=IFCPROPERTYSINGLEVALUE('inOnderzoek',$,IFCBOOLEAN(.F.),$);
#9898=IFCPROPERTYSINGLEVALUE('relatieveHoogteligging',$,IFCTEXT('0'),$);
#9899=IFCPROPERTYSINGLEVALUE('tijdstipRegistratie',$,IFCTEXT('2016-01-07T12:25:24'),$);
#9900=IFCPROPERTYSINGLEVALUE('LV-publicatiedatum',$,IFCTEXT('2016-04-05T11:55:43'),$);
#9901=IFCPROPERTYSINGLEVALUE('objecttype',$,IFCTEXT('paal_p'),$);
#9902=IFCPROPERTYSET('3X3sgxbp9AffoRJDZq2x24',#5,'CPset_BGT',$,(#9890,#9891,#9892,#9893,#9894,#9895,#9896,#9897,#9898,#9899,#9900,#9901));
#9903=IFCRELDEFINESBYPROPERTIES('3eQV0cR45AhePANn$HQWhY',#5,$,$,(#9889),#9902);
#9904=IFCCARTESIANPOINT((248.155929207191,59.0825862829806,0.));
#9905=IFCCARTESIANTRANSFORMATIONOPERATOR3D($,$,#9904,1.,$);
#9906=IFCMAPPEDITEM(#9102,#9905);
#9907=IFCSHAPEREPRESENTATION(#11,'Body','MappedRepresentation',(#9906));
#9908=IFCCARTESIANPOINT((0.,0.,0.));
#9909=IFCDIRECTION((0.,0.,1.));
#9910=IFCDIRECTION((1.,0.,0.));
#9911=IFCAXIS2PLACEMENT3D(#9908,#9909,#9910);
#9912=IFCLOCALPLACEMENT(#37,#9911);
#9913=IFCPRODUCTDEFINITIONSHAPE($,$,(#9907));
#9914=IFCBUILDINGELEMENTPROXY('1s2vWNQUnASgvAp_9oNVEO',#5,'G0772.7b3a5d598077495182b00efa59027e98',$,$,#9912,#9913,$,$);
#9915=IFCPROPERTYSINGLEVALUE('hectometeraanduiding',$,IFCTEXT(''),$);
#9916=IFCPROPERTYSINGLEVALUE('plus-type',$,IFCTEXT('verkeersregelinstallatiepaal'),$);
#9917=IFCPROPERTYSINGLEVALUE('subtype',$,IFCTEXT('2'),$);
#9918=IFCPROPERTYSINGLEVALUE('identificatie',$,IFCTEXT('G0772.7b3a5d598077495182b00efa59027e98'),$);
#9919=IFCPROPERTYSINGLEVALUE('bgt-status',$,IFCTEXT('bestaand'),$);
#9920=IFCPROPERTYSINGLEVALUE('objectBeginTijd',$,IFCTEXT('2011-10-19T22:00:00'),$);
#9921=IFCPROPERTYSINGLEVALUE('bronhouder',$,IFCTEXT('G0772'),$);
#9922=IFCPROPERTYSINGLEVALUE('inOnderzoek',$,IFCBOOLEAN(.F.),$);
#9923=IFCPROPERTYSINGLEVALUE('relatieveHoogteligging',$,IFCTEXT('0'),$);
#9924=IFCPROPERTYSINGLEVALUE('tijdstipRegistratie',$,IFCTEXT('2016-01-07T12:25:24'),$);
#9925=IFCPROPERTYSINGLEVALUE('LV-publicatiedatum',$,IFCTEXT('2016-04-05T11:55:43'),$);
#9926=IFCPROPERTYSINGLEVALUE('objecttype',$,IFCTEXT('paal_p'),$);
#9927=IFCPROPERTYSET('1rIYdJ9NXF7hmUR5P$D$27',#5,'CPset_BGT',$,(#9915,#9916,#9917,#9918,#9919,#9920,#9921,#9922,#9923,#9924,#9925,#9926));
#9928=IFCRELDEFINESBYPROPERTIES('25Qv_9sHn5GA6XYVTw6MbI',#5,$,$,(#9914),#9927);
#9929=IFCCARTESIANPOINT((247.837923681276,68.6434862659662,0.));
#9930=IFCCARTESIANTRANSFORMATIONOPERATOR3D($,$,#9929,1.,$);
#9931=IFCMAPPEDITEM(#9102,#9930);
#9932=IFCSHAPEREPRESENTATION(#11,'Body','MappedRepresentation',(#9931));
#9933=IFCCARTESIANPOINT((0.,0.,0.));
#9934=IFCDIRECTION((0.,0.,1.));
#9935=IFCDIRECTION((1.,0.,0.));
#9936=IFCAXIS2PLACEMENT3D(#9933,#9934,#9935);
#9937=IFCLOCALPLACEMENT(#37,#9936);
#9938=IFCPRODUCTDEFINITIONSHAPE($,$,(#9932));
#9939=IFCBUILDINGELEMENTPROXY('1aLO5SUxD9gPdm9WOzq1Z7',#5,'G0772.cc7a0f65530547a8b6efb6fee0b5822b',$,$,#9937,#9938,$,$);
#9940=IFCPROPERTYSINGLEVALUE('hectometeraanduiding',$,IFCTEXT(''),$);
#9941=IFCPROPERTYSINGLEVALUE('plus-type',$,IFCTEXT('verkeersregelinstallatiepaal'),$);
#9942=IFCPROPERTYSINGLEVALUE('subtype',$,IFCTEXT('2'),$);
#9943=IFCPROPERTYSINGLEVALUE('identificatie',$,IFCTEXT('G0772.cc7a0f65530547a8b6efb6fee0b5822b'),$);
#9944=IFCPROPERTYSINGLEVALUE('bgt-status',$,IFCTEXT('bestaand'),$);
#9945=IFCPROPERTYSINGLEVALUE('objectBeginTijd',$,IFCTEXT('2011-10-19T22:00:00'),$);
#9946=IFCPROPERTYSINGLEVALUE('bronhouder',$,IFCTEXT('G0772'),$);
#9947=IFCPROPERTYSINGLEVALUE('inOnderzoek',$,IFCBOOLEAN(.F.),$);
#9948=IFCPROPERTYSINGLEVALUE('relatieveHoogteligging',$,IFCTEXT('0'),$);
#9949=IFCPROPERTYSINGLEVALUE('tijdstipRegistratie',$,IFCTEXT('2016-01-07T12:25:24'),$);
#9950=IFCPROPERTYSINGLEVALUE('LV-publicatiedatum',$,IFCTEXT('2016-04-05T11:55:43'),$);
#9951=IFCPROPERTYSINGLEVALUE('objecttype',$,IFCTEXT('paal_p'),$);
#9952=IFCPROPERTYSET('2hBKOfZozBiBgJQra1kBaQ',#5,'CPset_BGT',$,(#9940,#9941,#9942,#9943,#9944,#9945,#9946,#9947,#9948,#9949,#9950,#9951));
#9953=IFCRELDEFINESBYPROPERTIES('3r3bExZEf5Bh5$_K6jlF3r',#5,$,$,(#9939),#9952);
#9954=IFCCARTESIANPOINT((176.527488207706,7.05868634284707,0.));
#9955=IFCCARTESIANTRANSFORMATIONOPERATOR3D($,$,#9954,1.,$);
#9956=IFCMAPPEDITEM(#9102,#9955);
#9957=IFCSHAPEREPRESENTATION(#11,'Body','MappedRepresentation',(#9956));
#9958=IFCCARTESIANPOINT((0.,0.,0.));
#9959=IFCDIRECTION((0.,0.,1.));
#9960=IFCDIRECTION((1.,0.,0.));
#9961=IFCAXIS2PLACEMENT3D(#9958,#9959,#9960);
#9962=IFCLOCALPLACEMENT(#37,#9961);
#9963=IFCPRODUCTDEFINITIONSHAPE($,$,(#9957));
#9964=IFCBUILDINGELEMENTPROXY('3aPba26bX8mRnspRnBfEHN',#5,'G0772.dcda5d5650d348f8bfbdfb5dd49a7f75',$,$,#9962,#9963,$,$);
#9965=IFCPROPERTYSINGLEVALUE('hectometeraanduiding',$,IFCTEXT(''),$);
#9966=IFCPROPERTYSINGLEVALUE('plus-type',$,IFCTEXT('verkeersregelinstallatiepaal'),$);
#9967=IFCPROPERTYSINGLEVALUE('subtype',$,IFCTEXT('2'),$);
#9968=IFCPROPERTYSINGLEVALUE('identificatie',$,IFCTEXT('G0772.dcda5d5650d348f8bfbdfb5dd49a7f75'),$);
#9969=IFCPROPERTYSINGLEVALUE('bgt-status',$,IFCTEXT('bestaand'),$);
#9970=IFCPROPERTYSINGLEVALUE('objectBeginTijd',$,IFCTEXT('2011-10-18T22:00:00'),$);
#9971=IFCPROPERTYSINGLEVALUE('bronhouder',$,IFCTEXT('G0772'),$);
#9972=IFCPROPERTYSINGLEVALUE('inOnderzoek',$,IFCBOOLEAN(.F.),$);
#9973=IFCPROPERTYSINGLEVALUE('relatieveHoogteligging',$,IFCTEXT('0'),$);
#9974=IFCPROPERTYSINGLEVALUE('tijdstipRegistratie',$,IFCTEXT('2016-01-07T12:25:24'),$);
#9975=IFCPROPERTYSINGLEVALUE('LV-publicatiedatum',$,IFCTEXT('2016-04-05T11:55:43'),$);
#9976=IFCPROPERTYSINGLEVALUE('objecttype',$,IFCTEXT('paal_p'),$);
#9977=IFCPROPERTYSET('1Qj1aFC214KOXvKzhwuqri',#5,'CPset_BGT',$,(#9965,#9966,#9967,#9968,#9969,#9970,#9971,#9972,#9973,#9974,#9975,#9976));
#9978=IFCRELDEFINESBYPROPERTIES('268lAKgNr9rQb2PxuNtPQL',#5,$,$,(#9964),#9977);
#9979=IFCCARTESIANPOINT((174.64397260602,15.4868426642497,0.));
#9980=IFCCARTESIANTRANSFORMATIONOPERATOR3D($,$,#9979,1.,$);
#9981=IFCMAPPEDITEM(#9102,#9980);
#9982=IFCSHAPEREPRESENTATION(#11,'Body','MappedRepresentation',(#9981));
#9983=IFCCARTESIANPOINT((0.,0.,0.));
#9984=IFCDIRECTION((0.,0.,1.));
#9985=IFCDIRECTION((1.,0.,0.));
#9986=IFCAXIS2PLACEMENT3D(#9983,#9984,#9985);
#9987=IFCLOCALPLACEMENT(#37,#9986);
#9988=IFCPRODUCTDEFINITIONSHAPE($,$,(#9982));
#9989=IFCBUILDINGELEMENTPROXY('3LmAXYTBL2Ivj$8ti80elP',#5,'G0772.55b2855999334da39cb775b1b980cfb7',$,$,#9987,#9988,$,$);
#9990=IFCPROPERTYSINGLEVALUE('hectometeraanduiding',$,IFCTEXT(''),$);
#9991=IFCPROPERTYSINGLEVALUE('plus-type',$,IFCTEXT('verkeersregelinstallatiepaal'),$);
#9992=IFCPROPERTYSINGLEVALUE('subtype',$,IFCTEXT('2'),$);
#9993=IFCPROPERTYSINGLEVALUE('identificatie',$,IFCTEXT('G0772.55b2855999334da39cb775b1b980cfb7'),$);
#9994=IFCPROPERTYSINGLEVALUE('bgt-status',$,IFCTEXT('bestaand'),$);
#9995=IFCPROPERTYSINGLEVALUE('objectBeginTijd',$,IFCTEXT('2011-10-18T22:00:00'),$);
#9996=IFCPROPERTYSINGLEVALUE('bronhouder',$,IFCTEXT('G0772'),$);
#9997=IFCPROPERTYSINGLEVALUE('inOnderzoek',$,IFCBOOLEAN(.F.),$);
#9998=IFCPROPERTYSINGLEVALUE('relatieveHoogteligging',$,IFCTEXT('0'),$);
#9999=IFCPROPERTYSINGLEVALUE('tijdstipRegistratie',$,IFCTEXT('2016-01-07T12:25:24'),$);
#10000=IFCPROPERTYSINGLEVALUE('LV-publicatiedatum',$,IFCTEXT('2016-04-05T11:55:43'),$);
#10001=IFCPROPERTYSINGLEVALUE('objecttype',$,IFCTEXT('paal_p'),$);
#10002=IFCPROPERTYSET('2P9zfGDJ58kPP9r38gT5u$',#5,'CPset_BGT',$,(#9990,#9991,#9992,#9993,#9994,#9995,#9996,#9997,#9998,#9999,#10000,#10001));
#10003=IFCRELDEFINESBYPROPERTIES('24hRknqMnDiAJN6BrAOBoF',#5,$,$,(#9989),#10002);
#10004=IFCCARTESIANPOINT((255.910108081618,74.4097140629892,0.));
#10005=IFCCARTESIANTRANSFORMATIONOPERATOR3D($,$,#10004,1.,$);
#10006=IFCMAPPEDITEM(#9102,#10005);
#10007=IFCSHAPEREPRESENTATION(#11,'Body','MappedRepresentation',(#10006));
#10008=IFCCARTESIANPOINT((0.,0.,0.));
#10009=IFCDIRECTION((0.,0.,1.));
#10010=IFCDIRECTION((1.,0.,0.));
#10011=IFCAXIS2PLACEMENT3D(#10008,#10009,#10010);
#10012=IFCLOCALPLACEMENT(#37,#10011);
#10013=IFCPRODUCTDEFINITIONSHAPE($,$,(#10007));
#10014=IFCBUILDINGELEMENTPROXY('07iZZB11DD3QwVul5nUtiB',#5,'G0772.aa7bfaae969e4376a84339b743cee652',$,$,#10012,#10013,$,$);
#10015=IFCPROPERTYSINGLEVALUE('hectometeraanduiding',$,IFCTEXT(''),$);
#10016=IFCPROPERTYSINGLEVALUE('plus-type',$,IFCTEXT('verkeersregelinstallatiepaal'),$);
#10017=IFCPROPERTYSINGLEVALUE('subtype',$,IFCTEXT('2'),$);
#10018=IFCPROPERTYSINGLEVALUE('identificatie',$,IFCTEXT('G0772.aa7bfaae969e4376a84339b743cee652'),$);
#10019=IFCPROPERTYSINGLEVALUE('bgt-status',$,IFCTEXT('bestaand'),$);
#10020=IFCPROPERTYSINGLEVALUE('objectBeginTijd',$,IFCTEXT('2011-10-19T22:00:00'),$);
#10021=IFCPROPERTYSINGLEVALUE('bronhouder',$,IFCTEXT('G0772'),$);
#10022=IFCPROPERTYSINGLEVALUE('inOnderzoek',$,IFCBOOLEAN(.F.),$);
#10023=IFCPROPERTYSINGLEVALUE('relatieveHoogteligging',$,IFCTEXT('0'),$);
#10024=IFCPROPERTYSINGLEVALUE('tijdstipRegistratie',$,IFCTEXT('2016-01-07T12:25:24'),$);
#10025=IFCPROPERTYSINGLEVALUE('LV-publicatiedatum',$,IFCTEXT('2016-04-05T11:55:43'),$);
#10026=IFCPROPERTYSINGLEVALUE('objecttype',$,IFCTEXT('paal_p'),$);
#10027=IFCPROPERTYSET('3UE7MLYF515A3gBrAsOaXv',#5,'CPset_BGT',$,(#10015,#10016,#10017,#10018,#10019,#10020,#10021,#10022,#10023,#10024,#10025,#10026));
#10028=IFCRELDEFINESBYPROPERTIES('18VXXcpRjBBBNdPHRuTxqX',#5,$,$,(#10014),#10027);
#10029=IFCCARTESIANPOINT((259.785809185152,70.4902393587981,0.));
#10030=IFCCARTESIANTRANSFORMATIONOPERATOR3D($,$,#10029,1.,$);
#10031=IFCMAPPEDITEM(#9102,#10030);
#10032=IFCSHAPEREPRESENTATION(#11,'Body','MappedRepresentation',(#10031));
#10033=IFCCARTESIANPOINT((0.,0.,0.));
#10034=IFCDIRECTION((0.,0.,1.));
#10035=IFCDIRECTION((1.,0.,0.));
#10036=IFCAXIS2PLACEMENT3D(#10033,#10034,#10035);
#10037=IFCLOCALPLACEMENT(#37,#10036);
#10038=IFCPRODUCTDEFINITIONSHAPE($,$,(#10032));
#10039=IFCBUILDINGELEMENTPROXY('2dCgUvf0zEM87UPo8JNCJl',#5,'G0772.c92567d795c4460b963757c74ee083ca',$,$,#10037,#10038,$,$);
#10040=IFCPROPERTYSINGLEVALUE('hectometeraanduiding',$,IFCTEXT(''),$);
#10041=IFCPROPERTYSINGLEVALUE('plus-type',$,IFCTEXT('verkeersregelinstallatiepaal'),$);
#10042=IFCPROPERTYSINGLEVALUE('subtype',$,IFCTEXT('2'),$);
#10043=IFCPROPERTYSINGLEVALUE('identificatie',$,IFCTEXT('G0772.c92567d795c4460b963757c74ee083ca'),$);
#10044=IFCPROPERTYSINGLEVALUE('bgt-status',$,IFCTEXT('bestaand'),$);
#10045=IFCPROPERTYSINGLEVALUE('objectBeginTijd',$,IFCTEXT('2011-10-19T22:00:00'),$);
#10046=IFCPROPERTYSINGLEVALUE('bronhouder',$,IFCTEXT('G0772'),$);
#10047=IFCPROPERTYSINGLEVALUE('inOnderzoek',$,IFCBOOLEAN(.F.),$);
#10048=IFCPROPERTYSINGLEVALUE('relatieveHoogteligging',$,IFCTEXT('0'),$);
#10049=IFCPROPERTYSINGLEVALUE('tijdstipRegistratie',$,IFCTEXT('2016-01-07T12:25:24'),$);
#10050=IFCPROPERTYSINGLEVALUE('LV-publicatiedatum',$,IFCTEXT('2016-04-05T11:55:43'),$);
#10051=IFCPROPERTYSINGLEVALUE('objecttype',$,IFCTEXT('paal_p'),$);
#10052=IFCPROPERTYSET('2SIQgikVH15haM4YWNSLlY',#5,'CPset_BGT',$,(#10040,#10041,#10042,#10043,#10044,#10045,#10046,#10047,#10048,#10049,#10050,#10051));
#10053=IFCRELDEFINESBYPROPERTIES('2_hek2EiD1ifBQivjRSZZY',#5,$,$,(#10039),#10052);
#10054=IFCCARTESIANPOINT((235.64884967808,60.0831489510019,0.));
#10055=IFCCARTESIANTRANSFORMATIONOPERATOR3D($,$,#10054,1.,$);
#10056=IFCMAPPEDITEM(#9102,#10055);
#10057=IFCSHAPEREPRESENTATION(#11,'Body','MappedRepresentation',(#10056));
#10058=IFCCARTESIANPOINT((0.,0.,0.));
#10059=IFCDIRECTION((0.,0.,1.));
#10060=IFCDIRECTION((1.,0.,0.));
#10061=IFCAXIS2PLACEMENT3D(#10058,#10059,#10060);
#10062=IFCLOCALPLACEMENT(#37,#10061);
#10063=IFCPRODUCTDEFINITIONSHAPE($,$,(#10057));
#10064=IFCBUILDINGELEMENTPROXY('1Qj0aUEcPEu9QAl0fT1oD6',#5,'G0772.de07a9dae3c64506b244d32b61a174d9',$,$,#10062,#10063,$,$);
#10065=IFCPROPERTYSINGLEVALUE('hectometeraanduiding',$,IFCTEXT(''),$);
#10066=IFCPROPERTYSINGLEVALUE('plus-type',$,IFCTEXT('verkeersregelinstallatiepaal'),$);
#10067=IFCPROPERTYSINGLEVALUE('subtype',$,IFCTEXT('2'),$);
#10068=IFCPROPERTYSINGLEVALUE('identificatie',$,IFCTEXT('G0772.de07a9dae3c64506b244d32b61a174d9'),$);
#10069=IFCPROPERTYSINGLEVALUE('bgt-status',$,IFCTEXT('bestaand'),$);
#10070=IFCPROPERTYSINGLEVALUE('objectBeginTijd',$,IFCTEXT('2011-10-18T22:00:00'),$);
#10071=IFCPROPERTYSINGLEVALUE('bronhouder',$,IFCTEXT('G0772'),$);
#10072=IFCPROPERTYSINGLEVALUE('inOnderzoek',$,IFCBOOLEAN(.F.),$);
#10073=IFCPROPERTYSINGLEVALUE('relatieveHoogteligging',$,IFCTEXT('0'),$);
#10074=IFCPROPERTYSINGLEVALUE('tijdstipRegistratie',$,IFCTEXT('2016-01-07T12:25:24'),$);
#10075=IFCPROPERTYSINGLEVALUE('LV-publicatiedatum',$,IFCTEXT('2016-04-05T11:55:43'),$);
#10076=IFCPROPERTYSINGLEVALUE('objecttype',$,IFCTEXT('paal_p'),$);
#10077=IFCPROPERTYSET('0hMa99I$f4uhDzR2waMINo',#5,'CPset_BGT',$,(#10065,#10066,#10067,#10068,#10069,#10070,#10071,#10072,#10073,#10074,#10075,#10076));
#10078=IFCRELDEFINESBYPROPERTIES('3M2rWbHjb4WhUl2YKIzqcG',#5,$,$,(#10064),#10077);
#10079=IFCCARTESIANPOINT((227.056815314427,43.5736911921413,0.));
#10080=IFCCARTESIANTRANSFORMATIONOPERATOR3D($,$,#10079,1.,$);
#10081=IFCMAPPEDITEM(#9102,#10080);
#10082=IFCSHAPEREPRESENTATION(#11,'Body','MappedRepresentation',(#10081));
#10083=IFCCARTESIANPOINT((0.,0.,0.));
#10084=IFCDIRECTION((0.,0.,1.));
#10085=IFCDIRECTION((1.,0.,0.));
#10086=IFCAXIS2PLACEMENT3D(#10083,#10084,#10085);
#10087=IFCLOCALPLACEMENT(#37,#10086);
#10088=IFCPRODUCTDEFINITIONSHAPE($,$,(#10082));
#10089=IFCBUILDINGELEMENTPROXY('3VgMuk$uvEQf8Fl3axdcF8',#5,'G0772.3963e57e89a748b59cb5f100bc40a2aa',$,$,#10087,#10088,$,$);
#10090=IFCPROPERTYSINGLEVALUE('hectometeraanduiding',$,IFCTEXT(''),$);
#10091=IFCPROPERTYSINGLEVALUE('plus-type',$,IFCTEXT('verkeersregelinstallatiepaal'),$);
#10092=IFCPROPERTYSINGLEVALUE('subtype',$,IFCTEXT('2'),$);
#10093=IFCPROPERTYSINGLEVALUE('identificatie',$,IFCTEXT('G0772.3963e57e89a748b59cb5f100bc40a2aa'),$);
#10094=IFCPROPERTYSINGLEVALUE('bgt-status',$,IFCTEXT('bestaand'),$);
#10095=IFCPROPERTYSINGLEVALUE('objectBeginTijd',$,IFCTEXT('2025-02-13T23:00:00'),$);
#10096=IFCPROPERTYSINGLEVALUE('bronhouder',$,IFCTEXT('G0772'),$);
#10097=IFCPROPERTYSINGLEVALUE('inOnderzoek',$,IFCBOOLEAN(.F.),$);
#10098=IFCPROPERTYSINGLEVALUE('relatieveHoogteligging',$,IFCTEXT('0'),$);
#10099=IFCPROPERTYSINGLEVALUE('tijdstipRegistratie',$,IFCTEXT('2025-02-25T09:37:15'),$);
#10100=IFCPROPERTYSINGLEVALUE('LV-publicatiedatum',$,IFCTEXT('2025-02-25T09:45:00'),$);
#10101=IFCPROPERTYSINGLEVALUE('objecttype',$,IFCTEXT('paal_p'),$);
#10102=IFCPROPERTYSET('1Mpnaia3vANxe0GaRLe730',#5,'CPset_BGT',$,(#10090,#10091,#10092,#10093,#10094,#10095,#10096,#10097,#10098,#10099,#10100,#10101));
#10103=IFCRELDEFINESBYPROPERTIES('1928PJCxf19eTygMhBXSXK',#5,$,$,(#10089),#10102);
#10104=IFCCARTESIANPOINT((228.047653557674,33.2307975169388,0.));
#10105=IFCCARTESIANTRANSFORMATIONOPERATOR3D($,$,#10104,1.,$);
#10106=IFCMAPPEDITEM(#9102,#10105);
#10107=IFCSHAPEREPRESENTATION(#11,'Body','MappedRepresentation',(#10106));
#10108=IFCCARTESIANPOINT((0.,0.,0.));
#10109=IFCDIRECTION((0.,0.,1.));
#10110=IFCDIRECTION((1.,0.,0.));
#10111=IFCAXIS2PLACEMENT3D(#10108,#10109,#10110);
#10112=IFCLOCALPLACEMENT(#37,#10111);
#10113=IFCPRODUCTDEFINITIONSHAPE($,$,(#10107));
#10114=IFCBUILDINGELEMENTPROXY('3VoMpksBXAoPdieyt0_P9o',#5,'G0772.e02f6d384cfb42c6ab808a85f2e55865',$,$,#10112,#10113,$,$);
#10115=IFCPROPERTYSINGLEVALUE('hectometeraanduiding',$,IFCTEXT(''),$);
#10116=IFCPROPERTYSINGLEVALUE('plus-type',$,IFCTEXT('verkeersregelinstallatiepaal'),$);
#10117=IFCPROPERTYSINGLEVALUE('subtype',$,IFCTEXT('2'),$);
#10118=IFCPROPERTYSINGLEVALUE('identificatie',$,IFCTEXT('G0772.e02f6d384cfb42c6ab808a85f2e55865'),$);
#10119=IFCPROPERTYSINGLEVALUE('bgt-status',$,IFCTEXT('bestaand'),$);
#10120=IFCPROPERTYSINGLEVALUE('objectBeginTijd',$,IFCTEXT('2025-02-13T23:00:00'),$);
#10121=IFCPROPERTYSINGLEVALUE('bronhouder',$,IFCTEXT('G0772'),$);
#10122=IFCPROPERTYSINGLEVALUE('inOnderzoek',$,IFCBOOLEAN(.F.),$);
#10123=IFCPROPERTYSINGLEVALUE('relatieveHoogteligging',$,IFCTEXT('0'),$);
#10124=IFCPROPERTYSINGLEVALUE('tijdstipRegistratie',$,IFCTEXT('2025-02-25T09:37:15'),$);
#10125=IFCPROPERTYSINGLEVALUE('LV-publicatiedatum',$,IFCTEXT('2025-02-25T09:45:00'),$);
#10126=IFCPROPERTYSINGLEVALUE('objecttype',$,IFCTEXT('paal_p'),$);
#10127=IFCPROPERTYSET('0KWm$Izof84wjk5f0_0HuU',#5,'CPset_BGT',$,(#10115,#10116,#10117,#10118,#10119,#10120,#10121,#10122,#10123,#10124,#10125,#10126));
#10128=IFCRELDEFINESBYPROPERTIES('1GZx1KWN17rgFiL3mtfBWT',#5,$,$,(#10114),#10127);
#10129=IFCCARTESIANPOINT((227.616544992808,37.149779324187,0.));
#10130=IFCCARTESIANTRANSFORMATIONOPERATOR3D($,$,#10129,1.,$);
#10131=IFCMAPPEDITEM(#9102,#10130);
#10132=IFCSHAPEREPRESENTATION(#11,'Body','MappedRepresentation',(#10131));
#10133=IFCCARTESIANPOINT((0.,0.,0.));
#10134=IFCDIRECTION((0.,0.,1.));
#10135=IFCDIRECTION((1.,0.,0.));
#10136=IFCAXIS2PLACEMENT3D(#10133,#10134,#10135);
#10137=IFCLOCALPLACEMENT(#37,#10136);
#10138=IFCPRODUCTDEFINITIONSHAPE($,$,(#10132));
#10139=IFCBUILDINGELEMENTPROXY('17nF8vqaP5AexXXxq2zdFf',#5,'G0772.617365642936421abaf7af5b17caa36c',$,$,#10137,#10138,$,$);
#10140=IFCPROPERTYSINGLEVALUE('hectometeraanduiding',$,IFCTEXT(''),$);
#10141=IFCPROPERTYSINGLEVALUE('plus-type',$,IFCTEXT('verkeersregelinstallatiepaal'),$);
#10142=IFCPROPERTYSINGLEVALUE('subtype',$,IFCTEXT('2'),$);
#10143=IFCPROPERTYSINGLEVALUE('identificatie',$,IFCTEXT('G0772.617365642936421abaf7af5b17caa36c'),$);
#10144=IFCPROPERTYSINGLEVALUE('bgt-status',$,IFCTEXT('bestaand'),$);
#10145=IFCPROPERTYSINGLEVALUE('objectBeginTijd',$,IFCTEXT('2025-08-19T22:00:00'),$);
#10146=IFCPROPERTYSINGLEVALUE('bronhouder',$,IFCTEXT('G0772'),$);
#10147=IFCPROPERTYSINGLEVALUE('inOnderzoek',$,IFCBOOLEAN(.F.),$);
#10148=IFCPROPERTYSINGLEVALUE('relatieveHoogteligging',$,IFCTEXT('0'),$);
#10149=IFCPROPERTYSINGLEVALUE('tijdstipRegistratie',$,IFCTEXT('2025-09-17T12:43:44'),$);
#10150=IFCPROPERTYSINGLEVALUE('LV-publicatiedatum',$,IFCTEXT('2025-09-17T13:48:46'),$);
#10151=IFCPROPERTYSINGLEVALUE('objecttype',$,IFCTEXT('paal_p'),$);
#10152=IFCPROPERTYSET('0LTlNpZ9H3Z9QKBn3mkPAu',#5,'CPset_BGT',$,(#10140,#10141,#10142,#10143,#10144,#10145,#10146,#10147,#10148,#10149,#10150,#10151));
#10153=IFCRELDEFINESBYPROPERTIES('0KIAUpUc94dPZDKUaJ9fSj',#5,$,$,(#10139),#10152);
#10154=IFCCARTESIANPOINT((166.325084283453,4.35947383439634,0.));
#10155=IFCCARTESIANTRANSFORMATIONOPERATOR3D($,$,#10154,1.,$);
#10156=IFCMAPPEDITEM(#9102,#10155);
#10157=IFCSHAPEREPRESENTATION(#11,'Body','MappedRepresentation',(#10156));
#10158=IFCCARTESIANPOINT((0.,0.,0.));
#10159=IFCDIRECTION((0.,0.,1.));
#10160=IFCDIRECTION((1.,0.,0.));
#10161=IFCAXIS2PLACEMENT3D(#10158,#10159,#10160);
#10162=IFCLOCALPLACEMENT(#37,#10161);
#10163=IFCPRODUCTDEFINITIONSHAPE($,$,(#10157));
#10164=IFCBUILDINGELEMENTPROXY('3qGG56LnnDc8jI1JELAA3m',#5,'G0772.89f327065c7a46869254175c7cd26a79',$,$,#10162,#10163,$,$);
#10165=IFCPROPERTYSINGLEVALUE('hectometeraanduiding',$,IFCTEXT(''),$);
#10166=IFCPROPERTYSINGLEVALUE('plus-type',$,IFCTEXT('verkeersregelinstallatiepaal'),$);
#10167=IFCPROPERTYSINGLEVALUE('subtype',$,IFCTEXT('2'),$);
#10168=IFCPROPERTYSINGLEVALUE('identificatie',$,IFCTEXT('G0772.89f327065c7a46869254175c7cd26a79'),$);
#10169=IFCPROPERTYSINGLEVALUE('bgt-status',$,IFCTEXT('bestaand'),$);
#10170=IFCPROPERTYSINGLEVALUE('objectBeginTijd',$,IFCTEXT('2025-11-05T23:00:00'),$);
#10171=IFCPROPERTYSINGLEVALUE('bronhouder',$,IFCTEXT('G0772'),$);
#10172=IFCPROPERTYSINGLEVALUE('inOnderzoek',$,IFCBOOLEAN(.F.),$);
#10173=IFCPROPERTYSINGLEVALUE('relatieveHoogteligging',$,IFCTEXT('0'),$);
#10174=IFCPROPERTYSINGLEVALUE('tijdstipRegistratie',$,IFCTEXT('2025-11-07T13:50:43'),$);
#10175=IFCPROPERTYSINGLEVALUE('LV-publicatiedatum',$,IFCTEXT('2025-11-07T13:56:32'),$);
#10176=IFCPROPERTYSINGLEVALUE('objecttype',$,IFCTEXT('paal_p'),$);
#10177=IFCPROPERTYSET('3LpNOZUz1DVA5gQIaipme4',#5,'CPset_BGT',$,(#10165,#10166,#10167,#10168,#10169,#10170,#10171,#10172,#10173,#10174,#10175,#10176));
#10178=IFCRELDEFINESBYPROPERTIES('2$d0SEZOj0R8cX_BpCt1d8',#5,$,$,(#10164),#10177);
#10179=IFCCARTESIANPOINT((259.951554991101,49.099896997679,0.));
#10180=IFCCARTESIANTRANSFORMATIONOPERATOR3D($,$,#10179,1.,$);
#10181=IFCMAPPEDITEM(#9102,#10180);
#10182=IFCSHAPEREPRESENTATION(#11,'Body','MappedRepresentation',(#10181));
#10183=IFCCARTESIANPOINT((0.,0.,0.));
#10184=IFCDIRECTION((0.,0.,1.));
#10185=IFCDIRECTION((1.,0.,0.));
#10186=IFCAXIS2PLACEMENT3D(#10183,#10184,#10185);
#10187=IFCLOCALPLACEMENT(#37,#10186);
#10188=IFCPRODUCTDEFINITIONSHAPE($,$,(#10182));
#10189=IFCBUILDINGELEMENTPROXY('27Uwu9UT55KQUC4td3_tim',#5,'G0772.25d54ae06f0048a38fcaf460128df6a0',$,$,#10187,#10188,$,$);
#10190=IFCPROPERTYSINGLEVALUE('hectometeraanduiding',$,IFCTEXT(''),$);
#10191=IFCPROPERTYSINGLEVALUE('plus-type',$,IFCTEXT('verkeersregelinstallatiepaal'),$);
#10192=IFCPROPERTYSINGLEVALUE('subtype',$,IFCTEXT('2'),$);
#10193=IFCPROPERTYSINGLEVALUE('identificatie',$,IFCTEXT('G0772.25d54ae06f0048a38fcaf460128df6a0'),$);
#10194=IFCPROPERTYSINGLEVALUE('bgt-status',$,IFCTEXT('bestaand'),$);
#10195=IFCPROPERTYSINGLEVALUE('objectBeginTijd',$,IFCTEXT('2011-10-19T22:00:00'),$);
#10196=IFCPROPERTYSINGLEVALUE('bronhouder',$,IFCTEXT('G0772'),$);
#10197=IFCPROPERTYSINGLEVALUE('inOnderzoek',$,IFCBOOLEAN(.F.),$);
#10198=IFCPROPERTYSINGLEVALUE('relatieveHoogteligging',$,IFCTEXT('0'),$);
#10199=IFCPROPERTYSINGLEVALUE('tijdstipRegistratie',$,IFCTEXT('2016-01-07T12:25:24'),$);
#10200=IFCPROPERTYSINGLEVALUE('LV-publicatiedatum',$,IFCTEXT('2016-04-05T11:55:43'),$);
#10201=IFCPROPERTYSINGLEVALUE('objecttype',$,IFCTEXT('paal_p'),$);
#10202=IFCPROPERTYSET('3ful52Zxr6OA238l5ocK_Q',#5,'CPset_BGT',$,(#10190,#10191,#10192,#10193,#10194,#10195,#10196,#10197,#10198,#10199,#10200,#10201));
#10203=IFCRELDEFINESBYPROPERTIES('1Kb8Cv48rEdwHS854q92EF',#5,$,$,(#10189),#10202);
#10204=IFCCARTESIANPOINT((258.24269360688,50.0388894202188,0.));
#10205=IFCCARTESIANTRANSFORMATIONOPERATOR3D($,$,#10204,1.,$);
#10206=IFCMAPPEDITEM(#9102,#10205);
#10207=IFCSHAPEREPRESENTATION(#11,'Body','MappedRepresentation',(#10206));
#10208=IFCCARTESIANPOINT((0.,0.,0.));
#10209=IFCDIRECTION((0.,0.,1.));
#10210=IFCDIRECTION((1.,0.,0.));
#10211=IFCAXIS2PLACEMENT3D(#10208,#10209,#10210);
#10212=IFCLOCALPLACEMENT(#37,#10211);
#10213=IFCPRODUCTDEFINITIONSHAPE($,$,(#10207));
#10214=IFCBUILDINGELEMENTPROXY('1C__BygzrA$B2XNGWlbToE',#5,'G0772.d2123ac461e2423bad3b0139e04f1dd8',$,$,#10212,#10213,$,$);
#10215=IFCPROPERTYSINGLEVALUE('hectometeraanduiding',$,IFCTEXT(''),$);
#10216=IFCPROPERTYSINGLEVALUE('plus-type',$,IFCTEXT('verkeersregelinstallatiepaal'),$);
#10217=IFCPROPERTYSINGLEVALUE('subtype',$,IFCTEXT('2'),$);
#10218=IFCPROPERTYSINGLEVALUE('identificatie',$,IFCTEXT('G0772.d2123ac461e2423bad3b0139e04f1dd8'),$);
#10219=IFCPROPERTYSINGLEVALUE('bgt-status',$,IFCTEXT('bestaand'),$);
#10220=IFCPROPERTYSINGLEVALUE('objectBeginTijd',$,IFCTEXT('2011-10-19T22:00:00'),$);
#10221=IFCPROPERTYSINGLEVALUE('bronhouder',$,IFCTEXT('G0772'),$);
#10222=IFCPROPERTYSINGLEVALUE('inOnderzoek',$,IFCBOOLEAN(.F.),$);
#10223=IFCPROPERTYSINGLEVALUE('relatieveHoogteligging',$,IFCTEXT('0'),$);
#10224=IFCPROPERTYSINGLEVALUE('tijdstipRegistratie',$,IFCTEXT('2016-01-07T12:25:24'),$);
#10225=IFCPROPERTYSINGLEVALUE('LV-publicatiedatum',$,IFCTEXT('2016-04-05T11:55:43'),$);
#10226=IFCPROPERTYSINGLEVALUE('objecttype',$,IFCTEXT('paal_p'),$);
#10227=IFCPROPERTYSET('37$BXNy1L6dgpoRpGZmSDK',#5,'CPset_BGT',$,(#10215,#10216,#10217,#10218,#10219,#10220,#10221,#10222,#10223,#10224,#10225,#10226));
#10228=IFCRELDEFINESBYPROPERTIES('3P_eD$C$rCIA0HT3u6R7bb',#5,$,$,(#10214),#10227);
#10229=IFCCARTESIANPOINT((266.830284253869,70.0606569965021,0.));
#10230=IFCCARTESIANTRANSFORMATIONOPERATOR3D($,$,#10229,1.,$);
#10231=IFCMAPPEDITEM(#9102,#10230);
#10232=IFCSHAPEREPRESENTATION(#11,'Body','MappedRepresentation',(#10231));
#10233=IFCCARTESIANPOINT((0.,0.,0.));
#10234=IFCDIRECTION((0.,0.,1.));
#10235=IFCDIRECTION((1.,0.,0.));
#10236=IFCAXIS2PLACEMENT3D(#10233,#10234,#10235);
#10237=IFCLOCALPLACEMENT(#37,#10236);
#10238=IFCPRODUCTDEFINITIONSHAPE($,$,(#10232));
#10239=IFCBUILDINGELEMENTPROXY('3LatQO6690SfPAhw3aJInn',#5,'G0772.6d4a5d3788be4c418d968b27e6ec8f5b',$,$,#10237,#10238,$,$);
#10240=IFCPROPERTYSINGLEVALUE('hectometeraanduiding',$,IFCTEXT(''),$);
#10241=IFCPROPERTYSINGLEVALUE('plus-type',$,IFCTEXT('verkeersregelinstallatiepaal'),$);
#10242=IFCPROPERTYSINGLEVALUE('subtype',$,IFCTEXT('2'),$);
#10243=IFCPROPERTYSINGLEVALUE('identificatie',$,IFCTEXT('G0772.6d4a5d3788be4c418d968b27e6ec8f5b'),$);
#10244=IFCPROPERTYSINGLEVALUE('bgt-status',$,IFCTEXT('bestaand'),$);
#10245=IFCPROPERTYSINGLEVALUE('objectBeginTijd',$,IFCTEXT('2011-10-19T22:00:00'),$);
#10246=IFCPROPERTYSINGLEVALUE('bronhouder',$,IFCTEXT('G0772'),$);
#10247=IFCPROPERTYSINGLEVALUE('inOnderzoek',$,IFCBOOLEAN(.F.),$);
#10248=IFCPROPERTYSINGLEVALUE('relatieveHoogteligging',$,IFCTEXT('0'),$);
#10249=IFCPROPERTYSINGLEVALUE('tijdstipRegistratie',$,IFCTEXT('2016-01-07T12:25:24'),$);
#10250=IFCPROPERTYSINGLEVALUE('LV-publicatiedatum',$,IFCTEXT('2016-04-05T11:55:43'),$);
#10251=IFCPROPERTYSINGLEVALUE('objecttype',$,IFCTEXT('paal_p'),$);
#10252=IFCPROPERTYSET('2MWKgsbJz63RKGouD9mB1k',#5,'CPset_BGT',$,(#10240,#10241,#10242,#10243,#10244,#10245,#10246,#10247,#10248,#10249,#10250,#10251));
#10253=IFCRELDEFINESBYPROPERTIES('3lJcadw5r3O9Mihssznxl2',#5,$,$,(#10239),#10252);
#10254=IFCCARTESIANPOINT((228.939251342934,22.3260396842961,0.));
#10255=IFCCARTESIANTRANSFORMATIONOPERATOR3D($,$,#10254,1.,$);
#10256=IFCMAPPEDITEM(#9102,#10255);
#10257=IFCSHAPEREPRESENTATION(#11,'Body','MappedRepresentation',(#10256));
#10258=IFCCARTESIANPOINT((0.,0.,0.));
#10259=IFCDIRECTION((0.,0.,1.));
#10260=IFCDIRECTION((1.,0.,0.));
#10261=IFCAXIS2PLACEMENT3D(#10258,#10259,#10260);
#10262=IFCLOCALPLACEMENT(#37,#10261);
#10263=IFCPRODUCTDEFINITIONSHAPE($,$,(#10257));
#10264=IFCBUILDINGELEMENTPROXY('3X2od2_Dj7xu7E8RsvRMqD',#5,'G0772.a110b809147245f0a44162aeca189dc4',$,$,#10262,#10263,$,$);
#10265=IFCPROPERTYSINGLEVALUE('hectometeraanduiding',$,IFCTEXT(''),$);
#10266=IFCPROPERTYSINGLEVALUE('plus-type',$,IFCTEXT('verkeersregelinstallatiepaal'),$);
#10267=IFCPROPERTYSINGLEVALUE('subtype',$,IFCTEXT('2'),$);
#10268=IFCPROPERTYSINGLEVALUE('identificatie',$,IFCTEXT('G0772.a110b809147245f0a44162aeca189dc4'),$);
#10269=IFCPROPERTYSINGLEVALUE('bgt-status',$,IFCTEXT('bestaand'),$);
#10270=IFCPROPERTYSINGLEVALUE('objectBeginTijd',$,IFCTEXT('2025-02-13T23:00:00'),$);
#10271=IFCPROPERTYSINGLEVALUE('bronhouder',$,IFCTEXT('G0772'),$);
#10272=IFCPROPERTYSINGLEVALUE('inOnderzoek',$,IFCBOOLEAN(.F.),$);
#10273=IFCPROPERTYSINGLEVALUE('relatieveHoogteligging',$,IFCTEXT('0'),$);
#10274=IFCPROPERTYSINGLEVALUE('tijdstipRegistratie',$,IFCTEXT('2025-02-25T09:37:15'),$);
#10275=IFCPROPERTYSINGLEVALUE('LV-publicatiedatum',$,IFCTEXT('2025-02-25T09:45:00'),$);
#10276=IFCPROPERTYSINGLEVALUE('objecttype',$,IFCTEXT('paal_p'),$);
#10277=IFCPROPERTYSET('3RbjEEzwD6y9qJlnVpp$iB',#5,'CPset_BGT',$,(#10265,#10266,#10267,#10268,#10269,#10270,#10271,#10272,#10273,#10274,#10275,#10276));
#10278=IFCRELDEFINESBYPROPERTIES('2l5viFOdb4YhsHd$Ri7B_r',#5,$,$,(#10264),#10277);
#10279=IFCCARTESIANPOINT((228.749526524916,23.8401643467369,0.));
#10280=IFCCARTESIANTRANSFORMATIONOPERATOR3D($,$,#10279,1.,$);
#10281=IFCMAPPEDITEM(#9102,#10280);
#10282=IFCSHAPEREPRESENTATION(#11,'Body','MappedRepresentation',(#10281));
#10283=IFCCARTESIANPOINT((0.,0.,0.));
#10284=IFCDIRECTION((0.,0.,1.));
#10285=IFCDIRECTION((1.,0.,0.));
#10286=IFCAXIS2PLACEMENT3D(#10283,#10284,#10285);
#10287=IFCLOCALPLACEMENT(#37,#10286);
#10288=IFCPRODUCTDEFINITIONSHAPE($,$,(#10282));
#10289=IFCBUILDINGELEMENTPROXY('2$abxn9jXAbeA2Rlf3NKiZ',#5,'G0772.c75b27bb06a346e993ff4e6c98ac39b5',$,$,#10287,#10288,$,$);
#10290=IFCPROPERTYSINGLEVALUE('hectometeraanduiding',$,IFCTEXT(''),$);
#10291=IFCPROPERTYSINGLEVALUE('plus-type',$,IFCTEXT('verkeersregelinstallatiepaal'),$);
#10292=IFCPROPERTYSINGLEVALUE('subtype',$,IFCTEXT('2'),$);
#10293=IFCPROPERTYSINGLEVALUE('identificatie',$,IFCTEXT('G0772.c75b27bb06a346e993ff4e6c98ac39b5'),$);
#10294=IFCPROPERTYSINGLEVALUE('bgt-status',$,IFCTEXT('bestaand'),$);
#10295=IFCPROPERTYSINGLEVALUE('objectBeginTijd',$,IFCTEXT('2025-02-13T23:00:00'),$);
#10296=IFCPROPERTYSINGLEVALUE('bronhouder',$,IFCTEXT('G0772'),$);
#10297=IFCPROPERTYSINGLEVALUE('inOnderzoek',$,IFCBOOLEAN(.F.),$);
#10298=IFCPROPERTYSINGLEVALUE('relatieveHoogteligging',$,IFCTEXT('0'),$);
#10299=IFCPROPERTYSINGLEVALUE('tijdstipRegistratie',$,IFCTEXT('2025-02-25T09:37:15'),$);
#10300=IFCPROPERTYSINGLEVALUE('LV-publicatiedatum',$,IFCTEXT('2025-02-25T09:45:00'),$);
#10301=IFCPROPERTYSINGLEVALUE('objecttype',$,IFCTEXT('paal_p'),$);
#10302=IFCPROPERTYSET('2AESRf3FX19wozg5AsmBY$',#5,'CPset_BGT',$,(#10290,#10291,#10292,#10293,#10294,#10295,#10296,#10297,#10298,#10299,#10300,#10301));
#10303=IFCRELDEFINESBYPROPERTIES('0yubNkcWD2Pw2Zj6VDKU0q',#5,$,$,(#10289),#10302);
#10304=IFCCARTESIANPOINT((229.868447561777,12.4809022354311,0.));
#10305=IFCCARTESIANTRANSFORMATIONOPERATOR3D($,$,#10304,1.,$);
#10306=IFCMAPPEDITEM(#9102,#10305);
#10307=IFCSHAPEREPRESENTATION(#11,'Body','MappedRepresentation',(#10306));
#10308=IFCCARTESIANPOINT((0.,0.,0.));
#10309=IFCDIRECTION((0.,0.,1.));
#10310=IFCDIRECTION((1.,0.,0.));
#10311=IFCAXIS2PLACEMENT3D(#10308,#10309,#10310);
#10312=IFCLOCALPLACEMENT(#37,#10311);
#10313=IFCPRODUCTDEFINITIONSHAPE($,$,(#10307));
#10314=IFCBUILDINGELEMENTPROXY('1tMCIxjyf9JfKsKMsV8t7I',#5,'G0772.052bb9f762a043ddb7ad128f5e8bb3cc',$,$,#10312,#10313,$,$);
#10315=IFCPROPERTYSINGLEVALUE('hectometeraanduiding',$,IFCTEXT(''),$);
#10316=IFCPROPERTYSINGLEVALUE('plus-type',$,IFCTEXT('verkeersregelinstallatiepaal'),$);
#10317=IFCPROPERTYSINGLEVALUE('subtype',$,IFCTEXT('2'),$);
#10318=IFCPROPERTYSINGLEVALUE('identificatie',$,IFCTEXT('G0772.052bb9f762a043ddb7ad128f5e8bb3cc'),$);
#10319=IFCPROPERTYSINGLEVALUE('bgt-status',$,IFCTEXT('bestaand'),$);
#10320=IFCPROPERTYSINGLEVALUE('objectBeginTijd',$,IFCTEXT('2025-02-13T23:00:00'),$);
#10321=IFCPROPERTYSINGLEVALUE('bronhouder',$,IFCTEXT('G0772'),$);
#10322=IFCPROPERTYSINGLEVALUE('inOnderzoek',$,IFCBOOLEAN(.F.),$);
#10323=IFCPROPERTYSINGLEVALUE('relatieveHoogteligging',$,IFCTEXT('0'),$);
#10324=IFCPROPERTYSINGLEVALUE('tijdstipRegistratie',$,IFCTEXT('2025-02-25T09:37:15'),$);
#10325=IFCPROPERTYSINGLEVALUE('LV-publicatiedatum',$,IFCTEXT('2025-02-25T09:45:00'),$);
#10326=IFCPROPERTYSINGLEVALUE('objecttype',$,IFCTEXT('paal_p'),$);
#10327=IFCPROPERTYSET('30Cj8D3IX6RBkgmJdX4uQh',#5,'CPset_BGT',$,(#10315,#10316,#10317,#10318,#10319,#10320,#10321,#10322,#10323,#10324,#10325,#10326));
#10328=IFCRELDEFINESBYPROPERTIES('1MKW4Wsa9DJOQ$a6sOH87e',#5,$,$,(#10314),#10327);
#10329=IFCCARTESIANPOINT((239.163518022688,7.84576576214749,0.));
#10330=IFCCARTESIANTRANSFORMATIONOPERATOR3D($,$,#10329,1.,$);
#10331=IFCMAPPEDITEM(#9102,#10330);
#10332=IFCSHAPEREPRESENTATION(#11,'Body','MappedRepresentation',(#10331));
#10333=IFCCARTESIANPOINT((0.,0.,0.));
#10334=IFCDIRECTION((0.,0.,1.));
#10335=IFCDIRECTION((1.,0.,0.));
#10336=IFCAXIS2PLACEMENT3D(#10333,#10334,#10335);
#10337=IFCLOCALPLACEMENT(#37,#10336);
#10338=IFCPRODUCTDEFINITIONSHAPE($,$,(#10332));
#10339=IFCBUILDINGELEMENTPROXY('0W9pH8EH55L83neQG7yDTZ',#5,'G0772.73473da465fc43b7a1f5f87d72f17beb',$,$,#10337,#10338,$,$);
#10340=IFCPROPERTYSINGLEVALUE('hectometeraanduiding',$,IFCTEXT(''),$);
#10341=IFCPROPERTYSINGLEVALUE('plus-type',$,IFCTEXT('verkeersregelinstallatiepaal'),$);
#10342=IFCPROPERTYSINGLEVALUE('subtype',$,IFCTEXT('2'),$);
#10343=IFCPROPERTYSINGLEVALUE('identificatie',$,IFCTEXT('G0772.73473da465fc43b7a1f5f87d72f17beb'),$);
#10344=IFCPROPERTYSINGLEVALUE('bgt-status',$,IFCTEXT('bestaand'),$);
#10345=IFCPROPERTYSINGLEVALUE('objectBeginTijd',$,IFCTEXT('2025-02-13T23:00:00'),$);
#10346=IFCPROPERTYSINGLEVALUE('bronhouder',$,IFCTEXT('G0772'),$);
#10347=IFCPROPERTYSINGLEVALUE('inOnderzoek',$,IFCBOOLEAN(.F.),$);
#10348=IFCPROPERTYSINGLEVALUE('relatieveHoogteligging',$,IFCTEXT('0'),$);
#10349=IFCPROPERTYSINGLEVALUE('tijdstipRegistratie',$,IFCTEXT('2025-02-25T09:37:15'),$);
#10350=IFCPROPERTYSINGLEVALUE('LV-publicatiedatum',$,IFCTEXT('2025-02-25T09:45:00'),$);
#10351=IFCPROPERTYSINGLEVALUE('objecttype',$,IFCTEXT('paal_p'),$);
#10352=IFCPROPERTYSET('3MTrdpCEz4thgmy_0z9cIC',#5,'CPset_BGT',$,(#10340,#10341,#10342,#10343,#10344,#10345,#10346,#10347,#10348,#10349,#10350,#10351));
#10353=IFCRELDEFINESBYPROPERTIES('2CX$KZG$rEgAxzWVMpdxyO',#5,$,$,(#10339),#10352);
#10354=IFCCARTESIANPOINT((145.910341028852,8.90952821326209,0.));
#10355=IFCCARTESIANTRANSFORMATIONOPERATOR3D($,$,#10354,1.,$);
#10356=IFCMAPPEDITEM(#9102,#10355);
#10357=IFCSHAPEREPRESENTATION(#11,'Body','MappedRepresentation',(#10356));
#10358=IFCCARTESIANPOINT((0.,0.,0.));
#10359=IFCDIRECTION((0.,0.,1.));
#10360=IFCDIRECTION((1.,0.,0.));
#10361=IFCAXIS2PLACEMENT3D(#10358,#10359,#10360);
#10362=IFCLOCALPLACEMENT(#37,#10361);
#10363=IFCPRODUCTDEFINITIONSHAPE($,$,(#10357));
#10364=IFCBUILDINGELEMENTPROXY('2wtjIeuS11DRPsxNhgOZUV',#5,'G0772.f0284a36812b40c9a97bff4b7d10ec9e',$,$,#10362,#10363,$,$);
#10365=IFCPROPERTYSINGLEVALUE('hectometeraanduiding',$,IFCTEXT(''),$);
#10366=IFCPROPERTYSINGLEVALUE('plus-type',$,IFCTEXT('verkeersregelinstallatiepaal'),$);
#10367=IFCPROPERTYSINGLEVALUE('subtype',$,IFCTEXT('2'),$);
#10368=IFCPROPERTYSINGLEVALUE('identificatie',$,IFCTEXT('G0772.f0284a36812b40c9a97bff4b7d10ec9e'),$);
#10369=IFCPROPERTYSINGLEVALUE('bgt-status',$,IFCTEXT('bestaand'),$);
#10370=IFCPROPERTYSINGLEVALUE('objectBeginTijd',$,IFCTEXT('2025-11-05T23:00:00'),$);
#10371=IFCPROPERTYSINGLEVALUE('bronhouder',$,IFCTEXT('G0772'),$);
#10372=IFCPROPERTYSINGLEVALUE('inOnderzoek',$,IFCBOOLEAN(.F.),$);
#10373=IFCPROPERTYSINGLEVALUE('relatieveHoogteligging',$,IFCTEXT('0'),$);
#10374=IFCPROPERTYSINGLEVALUE('tijdstipRegistratie',$,IFCTEXT('2025-11-07T13:50:43'),$);
#10375=IFCPROPERTYSINGLEVALUE('LV-publicatiedatum',$,IFCTEXT('2025-11-07T13:56:32'),$);
#10376=IFCPROPERTYSINGLEVALUE('objecttype',$,IFCTEXT('paal_p'),$);
#10377=IFCPROPERTYSET('2UN4QEXZb7cxqmlQQALBgg',#5,'CPset_BGT',$,(#10365,#10366,#10367,#10368,#10369,#10370,#10371,#10372,#10373,#10374,#10375,#10376));
#10378=IFCRELDEFINESBYPROPERTIES('1mwiUGCbvC7AESeDF1vPxZ',#5,$,$,(#10364),#10377);
#10379=IFCCARTESIANPOINT((-131.701047737413,-123.264922930801,0.));
#10380=IFCCARTESIANTRANSFORMATIONOPERATOR3D($,$,#10379,1.,$);
#10381=IFCMAPPEDITEM(#9102,#10380);
#10382=IFCSHAPEREPRESENTATION(#11,'Body','MappedRepresentation',(#10381));
#10383=IFCCARTESIANPOINT((0.,0.,0.));
#10384=IFCDIRECTION((0.,0.,1.));
#10385=IFCDIRECTION((1.,0.,0.));
#10386=IFCAXIS2PLACEMENT3D(#10383,#10384,#10385);
#10387=IFCLOCALPLACEMENT(#37,#10386);
#10388=IFCPRODUCTDEFINITIONSHAPE($,$,(#10382));
#10389=IFCBUILDINGELEMENTPROXY('02xxx01FvFsxVSuZTJ3Qzy',#5,'G0772.a0c8320a113f455696841a80c9c71e1b',$,$,#10387,#10388,$,$);
#10390=IFCPROPERTYSINGLEVALUE('hectometeraanduiding',$,IFCTEXT(''),$);
#10391=IFCPROPERTYSINGLEVALUE('plus-type',$,IFCTEXT('verkeersregelinstallatiepaal'),$);
#10392=IFCPROPERTYSINGLEVALUE('subtype',$,IFCTEXT('2'),$);
#10393=IFCPROPERTYSINGLEVALUE('identificatie',$,IFCTEXT('G0772.a0c8320a113f455696841a80c9c71e1b'),$);
#10394=IFCPROPERTYSINGLEVALUE('bgt-status',$,IFCTEXT('bestaand'),$);
#10395=IFCPROPERTYSINGLEVALUE('objectBeginTijd',$,IFCTEXT('2011-10-03T22:00:00'),$);
#10396=IFCPROPERTYSINGLEVALUE('bronhouder',$,IFCTEXT('G0772'),$);
#10397=IFCPROPERTYSINGLEVALUE('inOnderzoek',$,IFCBOOLEAN(.F.),$);
#10398=IFCPROPERTYSINGLEVALUE('relatieveHoogteligging',$,IFCTEXT('0'),$);
#10399=IFCPROPERTYSINGLEVALUE('tijdstipRegistratie',$,IFCTEXT('2016-01-07T12:25:24'),$);
#10400=IFCPROPERTYSINGLEVALUE('LV-publicatiedatum',$,IFCTEXT('2016-04-05T11:55:43'),$);
#10401=IFCPROPERTYSINGLEVALUE('objecttype',$,IFCTEXT('paal_p'),$);
#10402=IFCPROPERTYSET('332OqXQVT9YAC5FExItUCl',#5,'CPset_BGT',$,(#10390,#10391,#10392,#10393,#10394,#10395,#10396,#10397,#10398,#10399,#10400,#10401));
#10403=IFCRELDEFINESBYPROPERTIES('1ObSVa061BcRGSdquWhjud',#5,$,$,(#10389),#10402);
#10404=IFCCARTESIANPOINT((-123.816633990005,-120.347952437412,0.));
#10405=IFCCARTESIANTRANSFORMATIONOPERATOR3D($,$,#10404,1.,$);
#10406=IFCMAPPEDITEM(#9102,#10405);
#10407=IFCSHAPEREPRESENTATION(#11,'Body','MappedRepresentation',(#10406));
#10408=IFCCARTESIANPOINT((0.,0.,0.));
#10409=IFCDIRECTION((0.,0.,1.));
#10410=IFCDIRECTION((1.,0.,0.));
#10411=IFCAXIS2PLACEMENT3D(#10408,#10409,#10410);
#10412=IFCLOCALPLACEMENT(#37,#10411);
#10413=IFCPRODUCTDEFINITIONSHAPE($,$,(#10407));
#10414=IFCBUILDINGELEMENTPROXY('3lWOSoHtX7H9iLa0CE965n',#5,'G0772.c223729fe2bb42fb9def0a675d09a812',$,$,#10412,#10413,$,$);
#10415=IFCPROPERTYSINGLEVALUE('hectometeraanduiding',$,IFCTEXT(''),$);
#10416=IFCPROPERTYSINGLEVALUE('plus-type',$,IFCTEXT('verkeersregelinstallatiepaal'),$);
#10417=IFCPROPERTYSINGLEVALUE('subtype',$,IFCTEXT('2'),$);
#10418=IFCPROPERTYSINGLEVALUE('identificatie',$,IFCTEXT('G0772.c223729fe2bb42fb9def0a675d09a812'),$);
#10419=IFCPROPERTYSINGLEVALUE('bgt-status',$,IFCTEXT('bestaand'),$);
#10420=IFCPROPERTYSINGLEVALUE('objectBeginTijd',$,IFCTEXT('2011-10-03T22:00:00'),$);
#10421=IFCPROPERTYSINGLEVALUE('bronhouder',$,IFCTEXT('G0772'),$);
#10422=IFCPROPERTYSINGLEVALUE('inOnderzoek',$,IFCBOOLEAN(.F.),$);
#10423=IFCPROPERTYSINGLEVALUE('relatieveHoogteligging',$,IFCTEXT('0'),$);
#10424=IFCPROPERTYSINGLEVALUE('tijdstipRegistratie',$,IFCTEXT('2016-01-07T12:25:24'),$);
#10425=IFCPROPERTYSINGLEVALUE('LV-publicatiedatum',$,IFCTEXT('2016-04-05T11:55:43'),$);
#10426=IFCPROPERTYSINGLEVALUE('objecttype',$,IFCTEXT('paal_p'),$);
#10427=IFCPROPERTYSET('0mr2gyjm9DowSILZZRl3oJ',#5,'CPset_BGT',$,(#10415,#10416,#10417,#10418,#10419,#10420,#10421,#10422,#10423,#10424,#10425,#10426));
#10428=IFCRELDEFINESBYPROPERTIES('0sOmLF2rbFhv29G2oVd2vf',#5,$,$,(#10414),#10427);
#10429=IFCCARTESIANPOINT((-122.092299954267,-147.000273108075,0.));
#10430=IFCCARTESIANTRANSFORMATIONOPERATOR3D($,$,#10429,1.,$);
#10431=IFCMAPPEDITEM(#9102,#10430);
#10432=IFCSHAPEREPRESENTATION(#11,'Body','MappedRepresentation',(#10431));
#10433=IFCCARTESIANPOINT((0.,0.,0.));
#10434=IFCDIRECTION((0.,0.,1.));
#10435=IFCDIRECTION((1.,0.,0.));
#10436=IFCAXIS2PLACEMENT3D(#10433,#10434,#10435);
#10437=IFCLOCALPLACEMENT(#37,#10436);
#10438=IFCPRODUCTDEFINITIONSHAPE($,$,(#10432));
#10439=IFCBUILDINGELEMENTPROXY('0nWK2lwqf9g8xw0RLkI4qw',#5,'G0772.e79ef1b7f7de427abf840914d51a8255',$,$,#10437,#10438,$,$);
#10440=IFCPROPERTYSINGLEVALUE('hectometeraanduiding',$,IFCTEXT(''),$);
#10441=IFCPROPERTYSINGLEVALUE('plus-type',$,IFCTEXT('verkeersregelinstallatiepaal'),$);
#10442=IFCPROPERTYSINGLEVALUE('subtype',$,IFCTEXT('2'),$);
#10443=IFCPROPERTYSINGLEVALUE('identificatie',$,IFCTEXT('G0772.e79ef1b7f7de427abf840914d51a8255'),$);
#10444=IFCPROPERTYSINGLEVALUE('bgt-status',$,IFCTEXT('bestaand'),$);
#10445=IFCPROPERTYSINGLEVALUE('objectBeginTijd',$,IFCTEXT('2012-10-10T22:00:00'),$);
#10446=IFCPROPERTYSINGLEVALUE('bronhouder',$,IFCTEXT('G0772'),$);
#10447=IFCPROPERTYSINGLEVALUE('inOnderzoek',$,IFCBOOLEAN(.F.),$);
#10448=IFCPROPERTYSINGLEVALUE('relatieveHoogteligging',$,IFCTEXT('0'),$);
#10449=IFCPROPERTYSINGLEVALUE('tijdstipRegistratie',$,IFCTEXT('2016-01-07T12:25:24'),$);
#10450=IFCPROPERTYSINGLEVALUE('LV-publicatiedatum',$,IFCTEXT('2016-04-05T11:55:43'),$);
#10451=IFCPROPERTYSINGLEVALUE('objecttype',$,IFCTEXT('paal_p'),$);
#10452=IFCPROPERTYSET('3jfl$Q6HrBwQ2kAxEbbexK',#5,'CPset_BGT',$,(#10440,#10441,#10442,#10443,#10444,#10445,#10446,#10447,#10448,#10449,#10450,#10451));
#10453=IFCRELDEFINESBYPROPERTIES('2R9lg7w1j2UB4cgIDep9jo',#5,$,$,(#10439),#10452);
#10454=IFCCARTESIANPOINT((-116.603517112701,-138.060427756107,0.));
#10455=IFCCARTESIANTRANSFORMATIONOPERATOR3D($,$,#10454,1.,$);
#10456=IFCMAPPEDITEM(#9102,#10455);
#10457=IFCSHAPEREPRESENTATION(#11,'Body','MappedRepresentation',(#10456));
#10458=IFCCARTESIANPOINT((0.,0.,0.));
#10459=IFCDIRECTION((0.,0.,1.));
#10460=IFCDIRECTION((1.,0.,0.));
#10461=IFCAXIS2PLACEMENT3D(#10458,#10459,#10460);
#10462=IFCLOCALPLACEMENT(#37,#10461);
#10463=IFCPRODUCTDEFINITIONSHAPE($,$,(#10457));
#10464=IFCBUILDINGELEMENTPROXY('0n$cKN4rv2tPQsnsNkLYE5',#5,'G0772.51b2fa3facfa4a1e8be2fc9d562ab3c3',$,$,#10462,#10463,$,$);
#10465=IFCPROPERTYSINGLEVALUE('hectometeraanduiding',$,IFCTEXT(''),$);
#10466=IFCPROPERTYSINGLEVALUE('plus-type',$,IFCTEXT('verkeersregelinstallatiepaal'),$);
#10467=IFCPROPERTYSINGLEVALUE('subtype',$,IFCTEXT('2'),$);
#10468=IFCPROPERTYSINGLEVALUE('identificatie',$,IFCTEXT('G0772.51b2fa3facfa4a1e8be2fc9d562ab3c3'),$);
#10469=IFCPROPERTYSINGLEVALUE('bgt-status',$,IFCTEXT('bestaand'),$);
#10470=IFCPROPERTYSINGLEVALUE('objectBeginTijd',$,IFCTEXT('2013-02-24T23:00:00'),$);
#10471=IFCPROPERTYSINGLEVALUE('bronhouder',$,IFCTEXT('G0772'),$);
#10472=IFCPROPERTYSINGLEVALUE('inOnderzoek',$,IFCBOOLEAN(.F.),$);
#10473=IFCPROPERTYSINGLEVALUE('relatieveHoogteligging',$,IFCTEXT('0'),$);
#10474=IFCPROPERTYSINGLEVALUE('tijdstipRegistratie',$,IFCTEXT('2016-01-07T12:25:24'),$);
#10475=IFCPROPERTYSINGLEVALUE('LV-publicatiedatum',$,IFCTEXT('2016-04-05T11:55:43'),$);
#10476=IFCPROPERTYSINGLEVALUE('objecttype',$,IFCTEXT('paal_p'),$);
#10477=IFCPROPERTYSET('3qxiXc4Tb5juE4clo4jXZZ',#5,'CPset_BGT',$,(#10465,#10466,#10467,#10468,#10469,#10470,#10471,#10472,#10473,#10474,#10475,#10476));
#10478=IFCRELDEFINESBYPROPERTIES('30fSAhL5fCxxIXSq9nH2H6',#5,$,$,(#10464),#10477);
#10479=IFCCARTESIANPOINT((-114.299419072777,-144.000987765263,0.));
#10480=IFCCARTESIANTRANSFORMATIONOPERATOR3D($,$,#10479,1.,$);
#10481=IFCMAPPEDITEM(#9102,#10480);
#10482=IFCSHAPEREPRESENTATION(#11,'Body','MappedRepresentation',(#10481));
#10483=IFCCARTESIANPOINT((0.,0.,0.));
#10484=IFCDIRECTION((0.,0.,1.));
#10485=IFCDIRECTION((1.,0.,0.));
#10486=IFCAXIS2PLACEMENT3D(#10483,#10484,#10485);
#10487=IFCLOCALPLACEMENT(#37,#10486);
#10488=IFCPRODUCTDEFINITIONSHAPE($,$,(#10482));
#10489=IFCBUILDINGELEMENTPROXY('3m2H0URPP8OhgsQZpVpZ2A',#5,'G0772.edbb5446280d4e0fb1c9ba550dae0b1a',$,$,#10487,#10488,$,$);
#10490=IFCPROPERTYSINGLEVALUE('hectometeraanduiding',$,IFCTEXT(''),$);
#10491=IFCPROPERTYSINGLEVALUE('plus-type',$,IFCTEXT('verkeersregelinstallatiepaal'),$);
#10492=IFCPROPERTYSINGLEVALUE('subtype',$,IFCTEXT('2'),$);
#10493=IFCPROPERTYSINGLEVALUE('identificatie',$,IFCTEXT('G0772.edbb5446280d4e0fb1c9ba550dae0b1a'),$);
#10494=IFCPROPERTYSINGLEVALUE('bgt-status',$,IFCTEXT('bestaand'),$);
#10495=IFCPROPERTYSINGLEVALUE('objectBeginTijd',$,IFCTEXT('2013-02-24T23:00:00'),$);
#10496=IFCPROPERTYSINGLEVALUE('bronhouder',$,IFCTEXT('G0772'),$);
#10497=IFCPROPERTYSINGLEVALUE('inOnderzoek',$,IFCBOOLEAN(.F.),$);
#10498=IFCPROPERTYSINGLEVALUE('relatieveHoogteligging',$,IFCTEXT('0'),$);
#10499=IFCPROPERTYSINGLEVALUE('tijdstipRegistratie',$,IFCTEXT('2016-01-07T12:25:24'),$);
#10500=IFCPROPERTYSINGLEVALUE('LV-publicatiedatum',$,IFCTEXT('2016-04-05T11:55:43'),$);
#10501=IFCPROPERTYSINGLEVALUE('objecttype',$,IFCTEXT('paal_p'),$);
#10502=IFCPROPERTYSET('0sF_DOcmT4NQ9EczAgBJf9',#5,'CPset_BGT',$,(#10490,#10491,#10492,#10493,#10494,#10495,#10496,#10497,#10498,#10499,#10500,#10501));
#10503=IFCRELDEFINESBYPROPERTIES('0erteyAxn7XhRxQzsEQaYn',#5,$,$,(#10489),#10502);
#10504=IFCCARTESIANPOINT((-128.073118929082,-132.095362192893,0.));
#10505=IFCCARTESIANTRANSFORMATIONOPERATOR3D($,$,#10504,1.,$);
#10506=IFCMAPPEDITEM(#9102,#10505);
#10507=IFCSHAPEREPRESENTATION(#11,'Body','MappedRepresentation',(#10506));
#10508=IFCCARTESIANPOINT((0.,0.,0.));
#10509=IFCDIRECTION((0.,0.,1.));
#10510=IFCDIRECTION((1.,0.,0.));
#10511=IFCAXIS2PLACEMENT3D(#10508,#10509,#10510);
#10512=IFCLOCALPLACEMENT(#37,#10511);
#10513=IFCPRODUCTDEFINITIONSHAPE($,$,(#10507));
#10514=IFCBUILDINGELEMENTPROXY('0kiVEzg0r9FRQFWfbfLpfI',#5,'G0772.2f7d2fcf0b944a948434682481bfa90e',$,$,#10512,#10513,$,$);
#10515=IFCPROPERTYSINGLEVALUE('hectometeraanduiding',$,IFCTEXT(''),$);
#10516=IFCPROPERTYSINGLEVALUE('plus-type',$,IFCTEXT('verkeersregelinstallatiepaal'),$);
#10517=IFCPROPERTYSINGLEVALUE('subtype',$,IFCTEXT('2'),$);
#10518=IFCPROPERTYSINGLEVALUE('identificatie',$,IFCTEXT('G0772.2f7d2fcf0b944a948434682481bfa90e'),$);
#10519=IFCPROPERTYSINGLEVALUE('bgt-status',$,IFCTEXT('bestaand'),$);
#10520=IFCPROPERTYSINGLEVALUE('objectBeginTijd',$,IFCTEXT('2025-11-05T23:00:00'),$);
#10521=IFCPROPERTYSINGLEVALUE('bronhouder',$,IFCTEXT('G0772'),$);
#10522=IFCPROPERTYSINGLEVALUE('inOnderzoek',$,IFCBOOLEAN(.F.),$);
#10523=IFCPROPERTYSINGLEVALUE('relatieveHoogteligging',$,IFCTEXT('0'),$);
#10524=IFCPROPERTYSINGLEVALUE('tijdstipRegistratie',$,IFCTEXT('2025-11-07T13:50:43'),$);
#10525=IFCPROPERTYSINGLEVALUE('LV-publicatiedatum',$,IFCTEXT('2025-11-07T13:56:32'),$);
#10526=IFCPROPERTYSINGLEVALUE('objecttype',$,IFCTEXT('paal_p'),$);
#10527=IFCPROPERTYSET('1Cl8hSVhf8$epfiKJeHlGI',#5,'CPset_BGT',$,(#10515,#10516,#10517,#10518,#10519,#10520,#10521,#10522,#10523,#10524,#10525,#10526));
#10528=IFCRELDEFINESBYPROPERTIES('1Ya5PZfYj5j9mWksgUYor8',#5,$,$,(#10514),#10527);
#10529=IFCCARTESIANPOINT((-120.571986124502,-129.112811833213,0.));
#10530=IFCCARTESIANTRANSFORMATIONOPERATOR3D($,$,#10529,1.,$);
#10531=IFCMAPPEDITEM(#9102,#10530);
#10532=IFCSHAPEREPRESENTATION(#11,'Body','MappedRepresentation',(#10531));
#10533=IFCCARTESIANPOINT((0.,0.,0.));
#10534=IFCDIRECTION((0.,0.,1.));
#10535=IFCDIRECTION((1.,0.,0.));
#10536=IFCAXIS2PLACEMENT3D(#10533,#10534,#10535);
#10537=IFCLOCALPLACEMENT(#37,#10536);
#10538=IFCPRODUCTDEFINITIONSHAPE($,$,(#10532));
#10539=IFCBUILDINGELEMENTPROXY('3tQu7GKDzFqvlQCgLXIHFm',#5,'G0772.3fd39fc382c04339bdf69a6c81c1f8b7',$,$,#10537,#10538,$,$);
#10540=IFCPROPERTYSINGLEVALUE('hectometeraanduiding',$,IFCTEXT(''),$);
#10541=IFCPROPERTYSINGLEVALUE('plus-type',$,IFCTEXT('verkeersregelinstallatiepaal'),$);
#10542=IFCPROPERTYSINGLEVALUE('subtype',$,IFCTEXT('2'),$);
#10543=IFCPROPERTYSINGLEVALUE('identificatie',$,IFCTEXT('G0772.3fd39fc382c04339bdf69a6c81c1f8b7'),$);
#10544=IFCPROPERTYSINGLEVALUE('bgt-status',$,IFCTEXT('bestaand'),$);
#10545=IFCPROPERTYSINGLEVALUE('objectBeginTijd',$,IFCTEXT('2025-11-05T23:00:00'),$);
#10546=IFCPROPERTYSINGLEVALUE('bronhouder',$,IFCTEXT('G0772'),$);
#10547=IFCPROPERTYSINGLEVALUE('inOnderzoek',$,IFCBOOLEAN(.F.),$);
#10548=IFCPROPERTYSINGLEVALUE('relatieveHoogteligging',$,IFCTEXT('0'),$);
#10549=IFCPROPERTYSINGLEVALUE('tijdstipRegistratie',$,IFCTEXT('2025-11-07T13:50:43'),$);
#10550=IFCPROPERTYSINGLEVALUE('LV-publicatiedatum',$,IFCTEXT('2025-11-07T13:56:32'),$);
#10551=IFCPROPERTYSINGLEVALUE('objecttype',$,IFCTEXT('paal_p'),$);
#10552=IFCPROPERTYSET('2I4oZZIgb52AyxHpQUg6Yi',#5,'CPset_BGT',$,(#10540,#10541,#10542,#10543,#10544,#10545,#10546,#10547,#10548,#10549,#10550,#10551));
#10553=IFCRELDEFINESBYPROPERTIES('0PkVUrFHX99O0j3HTyeLV9',#5,$,$,(#10539),#10552);
#10554=IFCCARTESIANPOINT((-117.745656704792,-136.130038636795,0.));
#10555=IFCCARTESIANTRANSFORMATIONOPERATOR3D($,$,#10554,1.,$);
#10556=IFCMAPPEDITEM(#9102,#10555);
#10557=IFCSHAPEREPRESENTATION(#11,'Body','MappedRepresentation',(#10556));
#10558=IFCCARTESIANPOINT((0.,0.,0.));
#10559=IFCDIRECTION((0.,0.,1.));
#10560=IFCDIRECTION((1.,0.,0.));
#10561=IFCAXIS2PLACEMENT3D(#10558,#10559,#10560);
#10562=IFCLOCALPLACEMENT(#37,#10561);
#10563=IFCPRODUCTDEFINITIONSHAPE($,$,(#10557));
#10564=IFCBUILDINGELEMENTPROXY('2ocV0XbKbCCOR3r4rRy5o5',#5,'G0772.eee676c805bd4fec9f58f6f736c64921',$,$,#10562,#10563,$,$);
#10565=IFCPROPERTYSINGLEVALUE('hectometeraanduiding',$,IFCTEXT(''),$);
#10566=IFCPROPERTYSINGLEVALUE('plus-type',$,IFCTEXT('verkeersregelinstallatiepaal'),$);
#10567=IFCPROPERTYSINGLEVALUE('subtype',$,IFCTEXT('2'),$);
#10568=IFCPROPERTYSINGLEVALUE('identificatie',$,IFCTEXT('G0772.eee676c805bd4fec9f58f6f736c64921'),$);
#10569=IFCPROPERTYSINGLEVALUE('bgt-status',$,IFCTEXT('bestaand'),$);
#10570=IFCPROPERTYSINGLEVALUE('objectBeginTijd',$,IFCTEXT('2025-11-05T23:00:00'),$);
#10571=IFCPROPERTYSINGLEVALUE('bronhouder',$,IFCTEXT('G0772'),$);
#10572=IFCPROPERTYSINGLEVALUE('inOnderzoek',$,IFCBOOLEAN(.F.),$);
#10573=IFCPROPERTYSINGLEVALUE('relatieveHoogteligging',$,IFCTEXT('0'),$);
#10574=IFCPROPERTYSINGLEVALUE('tijdstipRegistratie',$,IFCTEXT('2025-11-07T13:50:43'),$);
#10575=IFCPROPERTYSINGLEVALUE('LV-publicatiedatum',$,IFCTEXT('2025-11-07T13:56:32'),$);
#10576=IFCPROPERTYSINGLEVALUE('objecttype',$,IFCTEXT('paal_p'),$);
#10577=IFCPROPERTYSET('2FlNUrh6HAswHshYoXlDMH',#5,'CPset_BGT',$,(#10565,#10566,#10567,#10568,#10569,#10570,#10571,#10572,#10573,#10574,#10575,#10576));
#10578=IFCRELDEFINESBYPROPERTIES('1xvUNuj5908BcCIkItazPb',#5,$,$,(#10564),#10577);
#10579=IFCCARTESIANPOINT((-152.099001474533,-49.306750452437,0.));
#10580=IFCCARTESIANTRANSFORMATIONOPERATOR3D($,$,#10579,1.,$);
#10581=IFCMAPPEDITEM(#9102,#10580);
#10582=IFCSHAPEREPRESENTATION(#11,'Body','MappedRepresentation',(#10581));
#10583=IFCCARTESIANPOINT((0.,0.,0.));
#10584=IFCDIRECTION((0.,0.,1.));
#10585=IFCDIRECTION((1.,0.,0.));
#10586=IFCAXIS2PLACEMENT3D(#10583,#10584,#10585);
#10587=IFCLOCALPLACEMENT(#37,#10586);
#10588=IFCPRODUCTDEFINITIONSHAPE($,$,(#10582));
#10589=IFCBUILDINGELEMENTPROXY('0N7G3bZCzBMxMMk6cnt_yj',#5,'G0772.4e29618e3fca435ab6bc6fa51762f835',$,$,#10587,#10588,$,$);
#10590=IFCPROPERTYSINGLEVALUE('hectometeraanduiding',$,IFCTEXT(''),$);
#10591=IFCPROPERTYSINGLEVALUE('plus-type',$,IFCTEXT('verkeersregelinstallatiepaal'),$);
#10592=IFCPROPERTYSINGLEVALUE('subtype',$,IFCTEXT('2'),$);
#10593=IFCPROPERTYSINGLEVALUE('identificatie',$,IFCTEXT('G0772.4e29618e3fca435ab6bc6fa51762f835'),$);
#10594=IFCPROPERTYSINGLEVALUE('bgt-status',$,IFCTEXT('bestaand'),$);
#10595=IFCPROPERTYSINGLEVALUE('objectBeginTijd',$,IFCTEXT('2011-10-03T22:00:00'),$);
#10596=IFCPROPERTYSINGLEVALUE('bronhouder',$,IFCTEXT('G0772'),$);
#10597=IFCPROPERTYSINGLEVALUE('inOnderzoek',$,IFCBOOLEAN(.F.),$);
#10598=IFCPROPERTYSINGLEVALUE('relatieveHoogteligging',$,IFCTEXT('0'),$);
#10599=IFCPROPERTYSINGLEVALUE('tijdstipRegistratie',$,IFCTEXT('2016-01-07T12:25:24'),$);
#10600=IFCPROPERTYSINGLEVALUE('LV-publicatiedatum',$,IFCTEXT('2016-04-05T11:55:43'),$);
#10601=IFCPROPERTYSINGLEVALUE('objecttype',$,IFCTEXT('paal_p'),$);
#10602=IFCPROPERTYSET('17U25g0aXDWw5suGqbeVcQ',#5,'CPset_BGT',$,(#10590,#10591,#10592,#10593,#10594,#10595,#10596,#10597,#10598,#10599,#10600,#10601));
#10603=IFCRELDEFINESBYPROPERTIES('0SK_IVEqn7penk8Ygq7r$i',#5,$,$,(#10589),#10602);
#10604=IFCCARTESIANPOINT((-161.505259076628,-53.140721099684,0.));
#10605=IFCCARTESIANTRANSFORMATIONOPERATOR3D($,$,#10604,1.,$);
#10606=IFCMAPPEDITEM(#9102,#10605);
#10607=IFCSHAPEREPRESENTATION(#11,'Body','MappedRepresentation',(#10606));
#10608=IFCCARTESIANPOINT((0.,0.,0.));
#10609=IFCDIRECTION((0.,0.,1.));
#10610=IFCDIRECTION((1.,0.,0.));
#10611=IFCAXIS2PLACEMENT3D(#10608,#10609,#10610);
#10612=IFCLOCALPLACEMENT(#37,#10611);
#10613=IFCPRODUCTDEFINITIONSHAPE($,$,(#10607));
#10614=IFCBUILDINGELEMENTPROXY('0fj5XIOLn36vRxxins$ola',#5,'G0772.65f319dd061f4a5e95fb2353b67b20da',$,$,#10612,#10613,$,$);
#10615=IFCPROPERTYSINGLEVALUE('hectometeraanduiding',$,IFCTEXT(''),$);
#10616=IFCPROPERTYSINGLEVALUE('plus-type',$,IFCTEXT('verkeersregelinstallatiepaal'),$);
#10617=IFCPROPERTYSINGLEVALUE('subtype',$,IFCTEXT('2'),$);
#10618=IFCPROPERTYSINGLEVALUE('identificatie',$,IFCTEXT('G0772.65f319dd061f4a5e95fb2353b67b20da'),$);
#10619=IFCPROPERTYSINGLEVALUE('bgt-status',$,IFCTEXT('bestaand'),$);
#10620=IFCPROPERTYSINGLEVALUE('objectBeginTijd',$,IFCTEXT('2011-10-03T22:00:00'),$);
#10621=IFCPROPERTYSINGLEVALUE('bronhouder',$,IFCTEXT('G0772'),$);
#10622=IFCPROPERTYSINGLEVALUE('inOnderzoek',$,IFCBOOLEAN(.F.),$);
#10623=IFCPROPERTYSINGLEVALUE('relatieveHoogteligging',$,IFCTEXT('0'),$);
#10624=IFCPROPERTYSINGLEVALUE('tijdstipRegistratie',$,IFCTEXT('2016-01-07T12:25:24'),$);
#10625=IFCPROPERTYSINGLEVALUE('LV-publicatiedatum',$,IFCTEXT('2016-04-05T11:55:43'),$);
#10626=IFCPROPERTYSINGLEVALUE('objecttype',$,IFCTEXT('paal_p'),$);
#10627=IFCPROPERTYSET('38PMwRHRDAjQyXuq8Nec4G',#5,'CPset_BGT',$,(#10615,#10616,#10617,#10618,#10619,#10620,#10621,#10622,#10623,#10624,#10625,#10626));
#10628=IFCRELDEFINESBYPROPERTIES('1makuw4szFVvt0dfquVUVl',#5,$,$,(#10614),#10627);
#10629=IFCCARTESIANPOINT((-34.4313548616483,-14.9576633964316,0.));
#10630=IFCCARTESIANTRANSFORMATIONOPERATOR3D($,$,#10629,1.,$);
#10631=IFCMAPPEDITEM(#9102,#10630);
#10632=IFCSHAPEREPRESENTATION(#11,'Body','MappedRepresentation',(#10631));
#10633=IFCCARTESIANPOINT((0.,0.,0.));
#10634=IFCDIRECTION((0.,0.,1.));
#10635=IFCDIRECTION((1.,0.,0.));
#10636=IFCAXIS2PLACEMENT3D(#10633,#10634,#10635);
#10637=IFCLOCALPLACEMENT(#37,#10636);
#10638=IFCPRODUCTDEFINITIONSHAPE($,$,(#10632));
#10639=IFCBUILDINGELEMENTPROXY('09jGcx13r6TQiDwLw9JYNa',#5,'G0772.4fba3c2c01ee465fa712ee16ab802284',$,$,#10637,#10638,$,$);
#10640=IFCPROPERTYSINGLEVALUE('hectometeraanduiding',$,IFCTEXT(''),$);
#10641=IFCPROPERTYSINGLEVALUE('plus-type',$,IFCTEXT('verkeersregelinstallatiepaal'),$);
#10642=IFCPROPERTYSINGLEVALUE('subtype',$,IFCTEXT('2'),$);
#10643=IFCPROPERTYSINGLEVALUE('identificatie',$,IFCTEXT('G0772.4fba3c2c01ee465fa712ee16ab802284'),$);
#10644=IFCPROPERTYSINGLEVALUE('bgt-status',$,IFCTEXT('bestaand'),$);
#10645=IFCPROPERTYSINGLEVALUE('objectBeginTijd',$,IFCTEXT('2011-10-03T22:00:00'),$);
#10646=IFCPROPERTYSINGLEVALUE('bronhouder',$,IFCTEXT('G0772'),$);
#10647=IFCPROPERTYSINGLEVALUE('inOnderzoek',$,IFCBOOLEAN(.F.),$);
#10648=IFCPROPERTYSINGLEVALUE('relatieveHoogteligging',$,IFCTEXT('0'),$);
#10649=IFCPROPERTYSINGLEVALUE('tijdstipRegistratie',$,IFCTEXT('2016-01-07T12:25:24'),$);
#10650=IFCPROPERTYSINGLEVALUE('LV-publicatiedatum',$,IFCTEXT('2016-04-05T11:55:43'),$);
#10651=IFCPROPERTYSINGLEVALUE('objecttype',$,IFCTEXT('paal_p'),$);
#10652=IFCPROPERTYSET('1HQv4PgwjAoegyOYU5NpTD',#5,'CPset_BGT',$,(#10640,#10641,#10642,#10643,#10644,#10645,#10646,#10647,#10648,#10649,#10650,#10651));
#10653=IFCRELDEFINESBYPROPERTIES('31GgohL3PDwAUbigwovrdr',#5,$,$,(#10639),#10652);
#10654=IFCCARTESIANPOINT((-37.9322401377431,-6.3986738367239,0.));
#10655=IFCCARTESIANTRANSFORMATIONOPERATOR3D($,$,#10654,1.,$);
#10656=IFCMAPPEDITEM(#9102,#10655);
#10657=IFCSHAPEREPRESENTATION(#11,'Body','MappedRepresentation',(#10656));
#10658=IFCCARTESIANPOINT((0.,0.,0.));
#10659=IFCDIRECTION((0.,0.,1.));
#10660=IFCDIRECTION((1.,0.,0.));
#10661=IFCAXIS2PLACEMENT3D(#10658,#10659,#10660);
#10662=IFCLOCALPLACEMENT(#37,#10661);
#10663=IFCPRODUCTDEFINITIONSHAPE($,$,(#10657));
#10664=IFCBUILDINGELEMENTPROXY('3UYrlvVtj2GegcIet9WOz8',#5,'G0772.a9dd485f96594db09bb11481f84ca58d',$,$,#10662,#10663,$,$);
#10665=IFCPROPERTYSINGLEVALUE('hectometeraanduiding',$,IFCTEXT(''),$);
#10666=IFCPROPERTYSINGLEVALUE('plus-type',$,IFCTEXT('verkeersregelinstallatiepaal'),$);
#10667=IFCPROPERTYSINGLEVALUE('subtype',$,IFCTEXT('2'),$);
#10668=IFCPROPERTYSINGLEVALUE('identificatie',$,IFCTEXT('G0772.a9dd485f96594db09bb11481f84ca58d'),$);
#10669=IFCPROPERTYSINGLEVALUE('bgt-status',$,IFCTEXT('bestaand'),$);
#10670=IFCPROPERTYSINGLEVALUE('objectBeginTijd',$,IFCTEXT('2011-10-03T22:00:00'),$);
#10671=IFCPROPERTYSINGLEVALUE('bronhouder',$,IFCTEXT('G0772'),$);
#10672=IFCPROPERTYSINGLEVALUE('inOnderzoek',$,IFCBOOLEAN(.F.),$);
#10673=IFCPROPERTYSINGLEVALUE('relatieveHoogteligging',$,IFCTEXT('0'),$);
#10674=IFCPROPERTYSINGLEVALUE('tijdstipRegistratie',$,IFCTEXT('2016-01-07T12:25:24'),$);
#10675=IFCPROPERTYSINGLEVALUE('LV-publicatiedatum',$,IFCTEXT('2016-04-05T11:55:43'),$);
#10676=IFCPROPERTYSINGLEVALUE('objecttype',$,IFCTEXT('paal_p'),$);
#10677=IFCPROPERTYSET('1yHsgLFvfCKQcKom2ovzdG',#5,'CPset_BGT',$,(#10665,#10666,#10667,#10668,#10669,#10670,#10671,#10672,#10673,#10674,#10675,#10676));
#10678=IFCRELDEFINESBYPROPERTIES('1l_e0rH6HAOB626weGNuQ1',#5,$,$,(#10664),#10677);
#10679=IFCCARTESIANPOINT((-21.5070576157013,-15.5909395594499,0.));
#10680=IFCCARTESIANTRANSFORMATIONOPERATOR3D($,$,#10679,1.,$);
#10681=IFCMAPPEDITEM(#9102,#10680);
#10682=IFCSHAPEREPRESENTATION(#11,'Body','MappedRepresentation',(#10681));
#10683=IFCCARTESIANPOINT((0.,0.,0.));
#10684=IFCDIRECTION((0.,0.,1.));
#10685=IFCDIRECTION((1.,0.,0.));
#10686=IFCAXIS2PLACEMENT3D(#10683,#10684,#10685);
#10687=IFCLOCALPLACEMENT(#37,#10686);
#10688=IFCPRODUCTDEFINITIONSHAPE($,$,(#10682));
#10689=IFCBUILDINGELEMENTPROXY('2oxUh2hfn7mvEpWkYh3Udj',#5,'G0772.d7cfbc8c2d194568a6ca6ce0c178eabc',$,$,#10687,#10688,$,$);
#10690=IFCPROPERTYSINGLEVALUE('hectometeraanduiding',$,IFCTEXT(''),$);
#10691=IFCPROPERTYSINGLEVALUE('plus-type',$,IFCTEXT('verkeersregelinstallatiepaal'),$);
#10692=IFCPROPERTYSINGLEVALUE('subtype',$,IFCTEXT('2'),$);
#10693=IFCPROPERTYSINGLEVALUE('identificatie',$,IFCTEXT('G0772.d7cfbc8c2d194568a6ca6ce0c178eabc'),$);
#10694=IFCPROPERTYSINGLEVALUE('bgt-status',$,IFCTEXT('bestaand'),$);
#10695=IFCPROPERTYSINGLEVALUE('objectBeginTijd',$,IFCTEXT('2010-06-03T22:00:00'),$);
#10696=IFCPROPERTYSINGLEVALUE('bronhouder',$,IFCTEXT('G0772'),$);
#10697=IFCPROPERTYSINGLEVALUE('inOnderzoek',$,IFCBOOLEAN(.F.),$);
#10698=IFCPROPERTYSINGLEVALUE('relatieveHoogteligging',$,IFCTEXT('0'),$);
#10699=IFCPROPERTYSINGLEVALUE('tijdstipRegistratie',$,IFCTEXT('2016-01-07T12:25:24'),$);
#10700=IFCPROPERTYSINGLEVALUE('LV-publicatiedatum',$,IFCTEXT('2016-04-05T11:55:43'),$);
#10701=IFCPROPERTYSINGLEVALUE('objecttype',$,IFCTEXT('paal_p'),$);
#10702=IFCPROPERTYSET('39ZStzh9z7Mg2kNscvj02P',#5,'CPset_BGT',$,(#10690,#10691,#10692,#10693,#10694,#10695,#10696,#10697,#10698,#10699,#10700,#10701));
#10703=IFCRELDEFINESBYPROPERTIES('05ZYevBmH5fO8kgwNNdRJs',#5,$,$,(#10689),#10702);
#10704=IFCCARTESIANPOINT((-37.8855335116386,-15.0063650771626,0.));
#10705=IFCCARTESIANTRANSFORMATIONOPERATOR3D($,$,#10704,1.,$);
#10706=IFCMAPPEDITEM(#9102,#10705);
#10707=IFCSHAPEREPRESENTATION(#11,'Body','MappedRepresentation',(#10706));
#10708=IFCCARTESIANPOINT((0.,0.,0.));
#10709=IFCDIRECTION((0.,0.,1.));
#10710=IFCDIRECTION((1.,0.,0.));
#10711=IFCAXIS2PLACEMENT3D(#10708,#10709,#10710);
#10712=IFCLOCALPLACEMENT(#37,#10711);
#10713=IFCPRODUCTDEFINITIONSHAPE($,$,(#10707));
#10714=IFCBUILDINGELEMENTPROXY('0P8U8WD6T4twSIf5jGqTJh',#5,'G0772.266f1a1380cc4610a6adad1232618c8a',$,$,#10712,#10713,$,$);
#10715=IFCPROPERTYSINGLEVALUE('hectometeraanduiding',$,IFCTEXT(''),$);
#10716=IFCPROPERTYSINGLEVALUE('plus-type',$,IFCTEXT('verkeersregelinstallatiepaal'),$);
#10717=IFCPROPERTYSINGLEVALUE('subtype',$,IFCTEXT('2'),$);
#10718=IFCPROPERTYSINGLEVALUE('identificatie',$,IFCTEXT('G0772.266f1a1380cc4610a6adad1232618c8a'),$);
#10719=IFCPROPERTYSINGLEVALUE('bgt-status',$,IFCTEXT('bestaand'),$);
#10720=IFCPROPERTYSINGLEVALUE('objectBeginTijd',$,IFCTEXT('2010-06-03T22:00:00'),$);
#10721=IFCPROPERTYSINGLEVALUE('bronhouder',$,IFCTEXT('G0772'),$);
#10722=IFCPROPERTYSINGLEVALUE('inOnderzoek',$,IFCBOOLEAN(.F.),$);
#10723=IFCPROPERTYSINGLEVALUE('relatieveHoogteligging',$,IFCTEXT('0'),$);
#10724=IFCPROPERTYSINGLEVALUE('tijdstipRegistratie',$,IFCTEXT('2016-01-07T12:25:24'),$);
#10725=IFCPROPERTYSINGLEVALUE('LV-publicatiedatum',$,IFCTEXT('2016-04-05T11:55:43'),$);
#10726=IFCPROPERTYSINGLEVALUE('objecttype',$,IFCTEXT('paal_p'),$);
#10727=IFCPROPERTYSET('0xXkicRIL86P12Owv0ASJf',#5,'CPset_BGT',$,(#10715,#10716,#10717,#10718,#10719,#10720,#10721,#10722,#10723,#10724,#10725,#10726));
#10728=IFCRELDEFINESBYPROPERTIES('3AiZxH1514NP$_ZFIl4N7s',#5,$,$,(#10714),#10727);
#10729=IFCCARTESIANPOINT((-35.4750788981037,-5.87468562833965,0.));
#10730=IFCCARTESIANTRANSFORMATIONOPERATOR3D($,$,#10729,1.,$);
#10731=IFCMAPPEDITEM(#9102,#10730);
#10732=IFCSHAPEREPRESENTATION(#11,'Body','MappedRepresentation',(#10731));
#10733=IFCCARTESIANPOINT((0.,0.,0.));
#10734=IFCDIRECTION((0.,0.,1.));
#10735=IFCDIRECTION((1.,0.,0.));
#10736=IFCAXIS2PLACEMENT3D(#10733,#10734,#10735);
#10737=IFCLOCALPLACEMENT(#37,#10736);
#10738=IFCPRODUCTDEFINITIONSHAPE($,$,(#10732));
#10739=IFCBUILDINGELEMENTPROXY('0PvcmeNH56U8gOh_9X_1eP',#5,'G0772.4c284748bf8241a6bb7f14a8a342c6ac',$,$,#10737,#10738,$,$);
#10740=IFCPROPERTYSINGLEVALUE('hectometeraanduiding',$,IFCTEXT(''),$);
#10741=IFCPROPERTYSINGLEVALUE('plus-type',$,IFCTEXT('verkeersregelinstallatiepaal'),$);
#10742=IFCPROPERTYSINGLEVALUE('subtype',$,IFCTEXT('2'),$);
#10743=IFCPROPERTYSINGLEVALUE('identificatie',$,IFCTEXT('G0772.4c284748bf8241a6bb7f14a8a342c6ac'),$);
#10744=IFCPROPERTYSINGLEVALUE('bgt-status',$,IFCTEXT('bestaand'),$);
#10745=IFCPROPERTYSINGLEVALUE('objectBeginTijd',$,IFCTEXT('2010-06-03T22:00:00'),$);
#10746=IFCPROPERTYSINGLEVALUE('bronhouder',$,IFCTEXT('G0772'),$);
#10747=IFCPROPERTYSINGLEVALUE('inOnderzoek',$,IFCBOOLEAN(.F.),$);
#10748=IFCPROPERTYSINGLEVALUE('relatieveHoogteligging',$,IFCTEXT('0'),$);
#10749=IFCPROPERTYSINGLEVALUE('tijdstipRegistratie',$,IFCTEXT('2016-01-07T12:25:24'),$);
#10750=IFCPROPERTYSINGLEVALUE('LV-publicatiedatum',$,IFCTEXT('2016-04-05T11:55:43'),$);
#10751=IFCPROPERTYSINGLEVALUE('objecttype',$,IFCTEXT('paal_p'),$);
#10752=IFCPROPERTYSET('2qOOJPRLr4D9_ZoNzgGRag',#5,'CPset_BGT',$,(#10740,#10741,#10742,#10743,#10744,#10745,#10746,#10747,#10748,#10749,#10750,#10751));
#10753=IFCRELDEFINESBYPROPERTIES('3H6WnH2l16oPGlATfAmIUf',#5,$,$,(#10739),#10752);
#10754=IFCCARTESIANPOINT((-21.2715895650035,-6.06259721686365,0.));
#10755=IFCCARTESIANTRANSFORMATIONOPERATOR3D($,$,#10754,1.,$);
#10756=IFCMAPPEDITEM(#9102,#10755);
#10757=IFCSHAPEREPRESENTATION(#11,'Body','MappedRepresentation',(#10756));
#10758=IFCCARTESIANPOINT((0.,0.,0.));
#10759=IFCDIRECTION((0.,0.,1.));
#10760=IFCDIRECTION((1.,0.,0.));
#10761=IFCAXIS2PLACEMENT3D(#10758,#10759,#10760);
#10762=IFCLOCALPLACEMENT(#37,#10761);
#10763=IFCPRODUCTDEFINITIONSHAPE($,$,(#10757));
#10764=IFCBUILDINGELEMENTPROXY('373hbORw5BsRjCgLz_UKav',#5,'G0772.5186defdb587464aa029d4b09ec620c7',$,$,#10762,#10763,$,$);
#10765=IFCPROPERTYSINGLEVALUE('hectometeraanduiding',$,IFCTEXT(''),$);
#10766=IFCPROPERTYSINGLEVALUE('plus-type',$,IFCTEXT('verkeersregelinstallatiepaal'),$);
#10767=IFCPROPERTYSINGLEVALUE('subtype',$,IFCTEXT('2'),$);
#10768=IFCPROPERTYSINGLEVALUE('identificatie',$,IFCTEXT('G0772.5186defdb587464aa029d4b09ec620c7'),$);
#10769=IFCPROPERTYSINGLEVALUE('bgt-status',$,IFCTEXT('bestaand'),$);
#10770=IFCPROPERTYSINGLEVALUE('objectBeginTijd',$,IFCTEXT('2025-11-05T23:00:00'),$);
#10771=IFCPROPERTYSINGLEVALUE('bronhouder',$,IFCTEXT('G0772'),$);
#10772=IFCPROPERTYSINGLEVALUE('inOnderzoek',$,IFCBOOLEAN(.F.),$);
#10773=IFCPROPERTYSINGLEVALUE('relatieveHoogteligging',$,IFCTEXT('0'),$);
#10774=IFCPROPERTYSINGLEVALUE('tijdstipRegistratie',$,IFCTEXT('2025-11-07T13:50:43'),$);
#10775=IFCPROPERTYSINGLEVALUE('LV-publicatiedatum',$,IFCTEXT('2025-11-07T13:56:32'),$);
#10776=IFCPROPERTYSINGLEVALUE('objecttype',$,IFCTEXT('paal_p'),$);
#10777=IFCPROPERTYSET('38KQ1ioeH8uwKTCAykpEf1',#5,'CPset_BGT',$,(#10765,#10766,#10767,#10768,#10769,#10770,#10771,#10772,#10773,#10774,#10775,#10776));
#10778=IFCRELDEFINESBYPROPERTIES('0eZ3KrULv8kfhGXGdYQiRE',#5,$,$,(#10764),#10777);
#10779=IFCCARTESIANPOINT((-147.331486271083,-25.2544640998822,0.));
#10780=IFCCARTESIANTRANSFORMATIONOPERATOR3D($,$,#10779,1.,$);
#10781=IFCMAPPEDITEM(#9102,#10780);
#10782=IFCSHAPEREPRESENTATION(#11,'Body','MappedRepresentation',(#10781));
#10783=IFCCARTESIANPOINT((0.,0.,0.));
#10784=IFCDIRECTION((0.,0.,1.));
#10785=IFCDIRECTION((1.,0.,0.));
#10786=IFCAXIS2PLACEMENT3D(#10783,#10784,#10785);
#10787=IFCLOCALPLACEMENT(#37,#10786);
#10788=IFCPRODUCTDEFINITIONSHAPE($,$,(#10782));
#10789=IFCBUILDINGELEMENTPROXY('3Vo6miPcP3I8MGKOYemTYd',#5,'G0772.1e0aa3b8a1234148bbea63820d7a26b0',$,$,#10787,#10788,$,$);
#10790=IFCPROPERTYSINGLEVALUE('hectometeraanduiding',$,IFCTEXT(''),$);
#10791=IFCPROPERTYSINGLEVALUE('plus-type',$,IFCTEXT('verkeersregelinstallatiepaal'),$);
#10792=IFCPROPERTYSINGLEVALUE('subtype',$,IFCTEXT('2'),$);
#10793=IFCPROPERTYSINGLEVALUE('identificatie',$,IFCTEXT('G0772.1e0aa3b8a1234148bbea63820d7a26b0'),$);
#10794=IFCPROPERTYSINGLEVALUE('bgt-status',$,IFCTEXT('bestaand'),$);
#10795=IFCPROPERTYSINGLEVALUE('objectBeginTijd',$,IFCTEXT('2025-11-05T23:00:00'),$);
#10796=IFCPROPERTYSINGLEVALUE('bronhouder',$,IFCTEXT('G0772'),$);
#10797=IFCPROPERTYSINGLEVALUE('inOnderzoek',$,IFCBOOLEAN(.F.),$);
#10798=IFCPROPERTYSINGLEVALUE('relatieveHoogteligging',$,IFCTEXT('0'),$);
#10799=IFCPROPERTYSINGLEVALUE('tijdstipRegistratie',$,IFCTEXT('2025-11-07T13:50:43'),$);
#10800=IFCPROPERTYSINGLEVALUE('LV-publicatiedatum',$,IFCTEXT('2025-11-07T13:56:32'),$);
#10801=IFCPROPERTYSINGLEVALUE('objecttype',$,IFCTEXT('paal_p'),$);
#10802=IFCPROPERTYSET('2XLv$4PabBv81XT9rNCd_E',#5,'CPset_BGT',$,(#10790,#10791,#10792,#10793,#10794,#10795,#10796,#10797,#10798,#10799,#10800,#10801));
#10803=IFCRELDEFINESBYPROPERTIES('2kA3mBG3LCFenoUO27sAE3',#5,$,$,(#10789),#10802);
#10804=IFCCARTESIANPOINT((-162.342830605689,-25.4790331733529,0.));
#10805=IFCCARTESIANTRANSFORMATIONOPERATOR3D($,$,#10804,1.,$);
#10806=IFCMAPPEDITEM(#9102,#10805);
#10807=IFCSHAPEREPRESENTATION(#11,'Body','MappedRepresentation',(#10806));
#10808=IFCCARTESIANPOINT((0.,0.,0.));
#10809=IFCDIRECTION((0.,0.,1.));
#10810=IFCDIRECTION((1.,0.,0.));
#10811=IFCAXIS2PLACEMENT3D(#10808,#10809,#10810);
#10812=IFCLOCALPLACEMENT(#37,#10811);
#10813=IFCPRODUCTDEFINITIONSHAPE($,$,(#10807));
#10814=IFCBUILDINGELEMENTPROXY('1BcU_NmVT7ZBKL48IzGwLK',#5,'G0772.b9d80685e84441fdbf33d9108b97f0f9',$,$,#10812,#10813,$,$);
#10815=IFCPROPERTYSINGLEVALUE('hectometeraanduiding',$,IFCTEXT(''),$);
#10816=IFCPROPERTYSINGLEVALUE('plus-type',$,IFCTEXT('verkeersregelinstallatiepaal'),$);
#10817=IFCPROPERTYSINGLEVALUE('subtype',$,IFCTEXT('2'),$);
#10818=IFCPROPERTYSINGLEVALUE('identificatie',$,IFCTEXT('G0772.b9d80685e84441fdbf33d9108b97f0f9'),$);
#10819=IFCPROPERTYSINGLEVALUE('bgt-status',$,IFCTEXT('bestaand'),$);
#10820=IFCPROPERTYSINGLEVALUE('objectBeginTijd',$,IFCTEXT('2025-11-05T23:00:00'),$);
#10821=IFCPROPERTYSINGLEVALUE('bronhouder',$,IFCTEXT('G0772'),$);
#10822=IFCPROPERTYSINGLEVALUE('inOnderzoek',$,IFCBOOLEAN(.F.),$);
#10823=IFCPROPERTYSINGLEVALUE('relatieveHoogteligging',$,IFCTEXT('0'),$);
#10824=IFCPROPERTYSINGLEVALUE('tijdstipRegistratie',$,IFCTEXT('2025-11-07T13:50:43'),$);
#10825=IFCPROPERTYSINGLEVALUE('LV-publicatiedatum',$,IFCTEXT('2025-11-07T13:56:32'),$);
#10826=IFCPROPERTYSINGLEVALUE('objecttype',$,IFCTEXT('paal_p'),$);
#10827=IFCPROPERTYSET('1XUOLSiwP8WeRHPPYw6w2k',#5,'CPset_BGT',$,(#10815,#10816,#10817,#10818,#10819,#10820,#10821,#10822,#10823,#10824,#10825,#10826));
#10828=IFCRELDEFINESBYPROPERTIES('1SCpSWYh9EtRBvdd894efs',#5,$,$,(#10814),#10827);
#10829=IFCCARTESIANPOINT((-152.067293758999,-12.2560807605041,0.));
#10830=IFCCARTESIANTRANSFORMATIONOPERATOR3D($,$,#10829,1.,$);
#10831=IFCMAPPEDITEM(#9102,#10830);
#10832=IFCSHAPEREPRESENTATION(#11,'Body','MappedRepresentation',(#10831));
#10833=IFCCARTESIANPOINT((0.,0.,0.));
#10834=IFCDIRECTION((0.,0.,1.));
#10835=IFCDIRECTION((1.,0.,0.));
#10836=IFCAXIS2PLACEMENT3D(#10833,#10834,#10835);
#10837=IFCLOCALPLACEMENT(#37,#10836);
#10838=IFCPRODUCTDEFINITIONSHAPE($,$,(#10832));
#10839=IFCBUILDINGELEMENTPROXY('2L$fPSUHbDLANkZTKZ2KcO',#5,'G0772.c56659b34c7e4589a97bdfc901dfa94f',$,$,#10837,#10838,$,$);
#10840=IFCPROPERTYSINGLEVALUE('hectometeraanduiding',$,IFCTEXT(''),$);
#10841=IFCPROPERTYSINGLEVALUE('plus-type',$,IFCTEXT('verkeersregelinstallatiepaal'),$);
#10842=IFCPROPERTYSINGLEVALUE('subtype',$,IFCTEXT('2'),$);
#10843=IFCPROPERTYSINGLEVALUE('identificatie',$,IFCTEXT('G0772.c56659b34c7e4589a97bdfc901dfa94f'),$);
#10844=IFCPROPERTYSINGLEVALUE('bgt-status',$,IFCTEXT('bestaand'),$);
#10845=IFCPROPERTYSINGLEVALUE('objectBeginTijd',$,IFCTEXT('2025-11-05T23:00:00'),$);
#10846=IFCPROPERTYSINGLEVALUE('bronhouder',$,IFCTEXT('G0772'),$);
#10847=IFCPROPERTYSINGLEVALUE('inOnderzoek',$,IFCBOOLEAN(.F.),$);
#10848=IFCPROPERTYSINGLEVALUE('relatieveHoogteligging',$,IFCTEXT('0'),$);
#10849=IFCPROPERTYSINGLEVALUE('tijdstipRegistratie',$,IFCTEXT('2025-11-07T13:50:43'),$);
#10850=IFCPROPERTYSINGLEVALUE('LV-publicatiedatum',$,IFCTEXT('2025-11-07T13:56:32'),$);
#10851=IFCPROPERTYSINGLEVALUE('objecttype',$,IFCTEXT('paal_p'),$);
#10852=IFCPROPERTYSET('0lk1eptWX2berkba2tLNTp',#5,'CPset_BGT',$,(#10840,#10841,#10842,#10843,#10844,#10845,#10846,#10847,#10848,#10849,#10850,#10851));
#10853=IFCRELDEFINESBYPROPERTIES('1XsslqCx52XeNsh7yYJiSv',#5,$,$,(#10839),#10852);
#10854=IFCCARTESIANPOINT((-160.62592202393,-16.3584848388564,0.));
#10855=IFCCARTESIANTRANSFORMATIONOPERATOR3D($,$,#10854,1.,$);
#10856=IFCMAPPEDITEM(#9102,#10855);
#10857=IFCSHAPEREPRESENTATION(#11,'Body','MappedRepresentation',(#10856));
#10858=IFCCARTESIANPOINT((0.,0.,0.));
#10859=IFCDIRECTION((0.,0.,1.));
#10860=IFCDIRECTION((1.,0.,0.));
#10861=IFCAXIS2PLACEMENT3D(#10858,#10859,#10860);
#10862=IFCLOCALPLACEMENT(#37,#10861);
#10863=IFCPRODUCTDEFINITIONSHAPE($,$,(#10857));
#10864=IFCBUILDINGELEMENTPROXY('2kvNBqVU1EkwypPYMtdUoY',#5,'G0772.c6e5291ce6cf45a9a16042795790df14',$,$,#10862,#10863,$,$);
#10865=IFCPROPERTYSINGLEVALUE('hectometeraanduiding',$,IFCTEXT(''),$);
#10866=IFCPROPERTYSINGLEVALUE('plus-type',$,IFCTEXT('verkeersregelinstallatiepaal'),$);
#10867=IFCPROPERTYSINGLEVALUE('subtype',$,IFCTEXT('2'),$);
#10868=IFCPROPERTYSINGLEVALUE('identificatie',$,IFCTEXT('G0772.c6e5291ce6cf45a9a16042795790df14'),$);
#10869=IFCPROPERTYSINGLEVALUE('bgt-status',$,IFCTEXT('bestaand'),$);
#10870=IFCPROPERTYSINGLEVALUE('objectBeginTijd',$,IFCTEXT('2025-11-05T23:00:00'),$);
#10871=IFCPROPERTYSINGLEVALUE('bronhouder',$,IFCTEXT('G0772'),$);
#10872=IFCPROPERTYSINGLEVALUE('inOnderzoek',$,IFCBOOLEAN(.F.),$);
#10873=IFCPROPERTYSINGLEVALUE('relatieveHoogteligging',$,IFCTEXT('0'),$);
#10874=IFCPROPERTYSINGLEVALUE('tijdstipRegistratie',$,IFCTEXT('2025-11-07T13:50:43'),$);
#10875=IFCPROPERTYSINGLEVALUE('LV-publicatiedatum',$,IFCTEXT('2025-11-07T13:56:32'),$);
#10876=IFCPROPERTYSINGLEVALUE('objecttype',$,IFCTEXT('paal_p'),$);
#10877=IFCPROPERTYSET('3nAOsjmSrEqhjfMlp37QcO',#5,'CPset_BGT',$,(#10865,#10866,#10867,#10868,#10869,#10870,#10871,#10872,#10873,#10874,#10875,#10876));
#10878=IFCRELDEFINESBYPROPERTIES('0DqLq2qw91TfTqPq8jwVCQ',#5,$,$,(#10864),#10877);
#10879=IFCCARTESIANPOINT((-161.362958896236,-23.2599503824022,0.));
#10880=IFCCARTESIANTRANSFORMATIONOPERATOR3D($,$,#10879,1.,$);
#10881=IFCMAPPEDITEM(#9102,#10880);
#10882=IFCSHAPEREPRESENTATION(#11,'Body','MappedRepresentation',(#10881));
#10883=IFCCARTESIANPOINT((0.,0.,0.));
#10884=IFCDIRECTION((0.,0.,1.));
#10885=IFCDIRECTION((1.,0.,0.));
#10886=IFCAXIS2PLACEMENT3D(#10883,#10884,#10885);
#10887=IFCLOCALPLACEMENT(#37,#10886);
#10888=IFCPRODUCTDEFINITIONSHAPE($,$,(#10882));
#10889=IFCBUILDINGELEMENTPROXY('3urByxkVHF5hY$NGVhXNVZ',#5,'G0772.cc9481eea19b48c58cc31f3c44c69ffa',$,$,#10887,#10888,$,$);
#10890=IFCPROPERTYSINGLEVALUE('hectometeraanduiding',$,IFCTEXT(''),$);
#10891=IFCPROPERTYSINGLEVALUE('plus-type',$,IFCTEXT('verkeersregelinstallatiepaal'),$);
#10892=IFCPROPERTYSINGLEVALUE('subtype',$,IFCTEXT('2'),$);
#10893=IFCPROPERTYSINGLEVALUE('identificatie',$,IFCTEXT('G0772.cc9481eea19b48c58cc31f3c44c69ffa'),$);
#10894=IFCPROPERTYSINGLEVALUE('bgt-status',$,IFCTEXT('bestaand'),$);
#10895=IFCPROPERTYSINGLEVALUE('objectBeginTijd',$,IFCTEXT('2025-11-05T23:00:00'),$);
#10896=IFCPROPERTYSINGLEVALUE('bronhouder',$,IFCTEXT('G0772'),$);
#10897=IFCPROPERTYSINGLEVALUE('inOnderzoek',$,IFCBOOLEAN(.F.),$);
#10898=IFCPROPERTYSINGLEVALUE('relatieveHoogteligging',$,IFCTEXT('0'),$);
#10899=IFCPROPERTYSINGLEVALUE('tijdstipRegistratie',$,IFCTEXT('2025-11-07T13:50:43'),$);
#10900=IFCPROPERTYSINGLEVALUE('LV-publicatiedatum',$,IFCTEXT('2025-11-07T13:56:32'),$);
#10901=IFCPROPERTYSINGLEVALUE('objecttype',$,IFCTEXT('paal_p'),$);
#10902=IFCPROPERTYSET('3A_d5Y0dL0w8GonbyCDqPo',#5,'CPset_BGT',$,(#10890,#10891,#10892,#10893,#10894,#10895,#10896,#10897,#10898,#10899,#10900,#10901));
#10903=IFCRELDEFINESBYPROPERTIES('0mUi_s0GHAzgI3PKKKPpf4',#5,$,$,(#10889),#10902);
#10904=IFCRELDEFINESBYTYPE('0oGmJQV3j3rB6$1ZNN8NQK',#5,'element',$,(#10889),#9103);
#10905=IFCCARTESIANPOINT((0.05,-0.05,0.1));
#10906=IFCCARTESIANPOINT((0.,0.,0.));
#10907=IFCCARTESIANPOINT((0.05,0.05,0.1));
#10908=IFCPOLYLOOP((#10905,#10906,#10907));
#10909=IFCFACEBOUND(#10908,.T.);
#10910=IFCFACE((#10909));
#10911=IFCCARTESIANPOINT((-0.05,0.05,0.1));
#10912=IFCCARTESIANPOINT((0.,0.,0.));
#10913=IFCCARTESIANPOINT((-0.05,-0.05,0.1));
#10914=IFCPOLYLOOP((#10911,#10912,#10913));
#10915=IFCFACEBOUND(#10914,.T.);
#10916=IFCFACE((#10915));
#10917=IFCCARTESIANPOINT((0.,0.,0.));
#10918=IFCCARTESIANPOINT((0.05,-0.05,0.1));
#10919=IFCCARTESIANPOINT((-0.05,-0.05,0.1));
#10920=IFCPOLYLOOP((#10917,#10918,#10919));
#10921=IFCFACEBOUND(#10920,.T.);
#10922=IFCFACE((#10921));
#10923=IFCCARTESIANPOINT((0.05,0.05,0.1));
#10924=IFCCARTESIANPOINT((0.,0.,0.));
#10925=IFCCARTESIANPOINT((-0.05,0.05,0.1));
#10926=IFCPOLYLOOP((#10923,#10924,#10925));
#10927=IFCFACEBOUND(#10926,.T.);
#10928=IFCFACE((#10927));
#10929=IFCCARTESIANPOINT((-0.05,0.05,0.1));
#10930=IFCCARTESIANPOINT((-0.05,-0.05,0.1));
#10931=IFCCARTESIANPOINT((0.05,-0.05,0.1));
#10932=IFCCARTESIANPOINT((0.05,0.05,0.1));
#10933=IFCPOLYLOOP((#10929,#10930,#10931,#10932));
#10934=IFCFACEBOUND(#10933,.T.);
#10935=IFCFACE((#10934));
#10936=IFCCLOSEDSHELL((#10910,#10916,#10922,#10928,#10935));
#10937=IFCFACETEDBREP(#10936);
#10938=IFCSTYLEDITEM(#10937,(#1388),$);
#10939=IFCSHAPEREPRESENTATION(#11,'Body','Brep',(#10937));
#10940=IFCREPRESENTATIONMAP(#9,#10939);
#10941=IFCBUILDINGELEMENTPROXYTYPE('2DMhqjiIT8vPGsPl$hN9Ym',#5,'element',$,$,$,(#10940),$,$,.NOTDEFINED.);
#10942=IFCCARTESIANPOINT((-127.315884172771,-14.9913775445311,0.));
#10943=IFCCARTESIANTRANSFORMATIONOPERATOR3D($,$,#10942,1.,$);
#10944=IFCMAPPEDITEM(#10940,#10943);
#10945=IFCSHAPEREPRESENTATION(#11,'Body','MappedRepresentation',(#10944));
#10946=IFCCARTESIANPOINT((0.,0.,0.));
#10947=IFCDIRECTION((0.,0.,1.));
#10948=IFCDIRECTION((1.,0.,0.));
#10949=IFCAXIS2PLACEMENT3D(#10946,#10947,#10948);
#10950=IFCLOCALPLACEMENT(#37,#10949);
#10951=IFCPRODUCTDEFINITIONSHAPE($,$,(#10945));
#10952=IFCBUILDINGELEMENTPROXY('2u2Ph1a919J9dTxWcqUvZH',#5,'G0772.558a956422804ecfab8934d55c13a9cc',$,$,#10950,#10951,$,$);
#10953=IFCPROPERTYSINGLEVALUE('hectometeraanduiding',$,IFCTEXT(''),$);
#10954=IFCPROPERTYSINGLEVALUE('plus-type',$,IFCTEXT('verkeersbordpaal'),$);
#10955=IFCPROPERTYSINGLEVALUE('subtype',$,IFCTEXT('2'),$);
#10956=IFCPROPERTYSINGLEVALUE('identificatie',$,IFCTEXT('G0772.558a956422804ecfab8934d55c13a9cc'),$);
#10957=IFCPROPERTYSINGLEVALUE('bgt-status',$,IFCTEXT('bestaand'),$);
#10958=IFCPROPERTYSINGLEVALUE('objectBeginTijd',$,IFCTEXT('2018-05-21T22:00:00'),$);
#10959=IFCPROPERTYSINGLEVALUE('bronhouder',$,IFCTEXT('G0772'),$);
#10960=IFCPROPERTYSINGLEVALUE('inOnderzoek',$,IFCBOOLEAN(.F.),$);
#10961=IFCPROPERTYSINGLEVALUE('relatieveHoogteligging',$,IFCTEXT('0'),$);
#10962=IFCPROPERTYSINGLEVALUE('tijdstipRegistratie',$,IFCTEXT('2022-01-20T16:31:02'),$);
#10963=IFCPROPERTYSINGLEVALUE('LV-publicatiedatum',$,IFCTEXT('2022-01-20T16:49:00'),$);
#10964=IFCPROPERTYSINGLEVALUE('objecttype',$,IFCTEXT('paal_p'),$);
#10965=IFCPROPERTYSET('2juKdbTnH1CAW8FCcqsNGA',#5,'CPset_BGT',$,(#10953,#10954,#10955,#10956,#10957,#10958,#10959,#10960,#10961,#10962,#10963,#10964));
#10966=IFCRELDEFINESBYPROPERTIES('3kSPcnbTnEuh4tFN$1E6Vq',#5,$,$,(#10952),#10965);
#10967=IFCCARTESIANPOINT((-13.4171859944181,-97.0006111909752,0.));
#10968=IFCCARTESIANTRANSFORMATIONOPERATOR3D($,$,#10967,1.,$);
#10969=IFCMAPPEDITEM(#10940,#10968);
#10970=IFCSHAPEREPRESENTATION(#11,'Body','MappedRepresentation',(#10969));
#10971=IFCCARTESIANPOINT((0.,0.,0.));
#10972=IFCDIRECTION((0.,0.,1.));
#10973=IFCDIRECTION((1.,0.,0.));
#10974=IFCAXIS2PLACEMENT3D(#10971,#10972,#10973);
#10975=IFCLOCALPLACEMENT(#37,#10974);
#10976=IFCPRODUCTDEFINITIONSHAPE($,$,(#10970));
#10977=IFCBUILDINGELEMENTPROXY('1kz7baXab519AgVM4q1dZE',#5,'G0772.da7cdd27188f48549f45f0dc8641b77e',$,$,#10975,#10976,$,$);
#10978=IFCPROPERTYSINGLEVALUE('hectometeraanduiding',$,IFCTEXT(''),$);
#10979=IFCPROPERTYSINGLEVALUE('plus-type',$,IFCTEXT('verkeersbordpaal'),$);
#10980=IFCPROPERTYSINGLEVALUE('subtype',$,IFCTEXT('2'),$);
#10981=IFCPROPERTYSINGLEVALUE('identificatie',$,IFCTEXT('G0772.da7cdd27188f48549f45f0dc8641b77e'),$);
#10982=IFCPROPERTYSINGLEVALUE('bgt-status',$,IFCTEXT('bestaand'),$);
#10983=IFCPROPERTYSINGLEVALUE('objectBeginTijd',$,IFCTEXT('2018-05-21T22:00:00'),$);
#10984=IFCPROPERTYSINGLEVALUE('bronhouder',$,IFCTEXT('G0772'),$);
#10985=IFCPROPERTYSINGLEVALUE('inOnderzoek',$,IFCBOOLEAN(.F.),$);
#10986=IFCPROPERTYSINGLEVALUE('relatieveHoogteligging',$,IFCTEXT('0'),$);
#10987=IFCPROPERTYSINGLEVALUE('tijdstipRegistratie',$,IFCTEXT('2022-01-20T16:31:02'),$);
#10988=IFCPROPERTYSINGLEVALUE('LV-publicatiedatum',$,IFCTEXT('2022-01-20T16:49:00'),$);
#10989=IFCPROPERTYSINGLEVALUE('objecttype',$,IFCTEXT('paal_p'),$);
#10990=IFCPROPERTYSET('3xK3U6v2PDqAe8k2a4iIBz',#5,'CPset_BGT',$,(#10978,#10979,#10980,#10981,#10982,#10983,#10984,#10985,#10986,#10987,#10988,#10989));
#10991=IFCRELDEFINESBYPROPERTIES('3DZUaaqaD30wgZeHs4Wr7p',#5,$,$,(#10977),#10990);
#10992=IFCCARTESIANPOINT((-37.6045600101061,-293.116801290715,0.));
#10993=IFCCARTESIANTRANSFORMATIONOPERATOR3D($,$,#10992,1.,$);
#10994=IFCMAPPEDITEM(#10940,#10993);
#10995=IFCSHAPEREPRESENTATION(#11,'Body','MappedRepresentation',(#10994));
#10996=IFCCARTESIANPOINT((0.,0.,0.));
#10997=IFCDIRECTION((0.,0.,1.));
#10998=IFCDIRECTION((1.,0.,0.));
#10999=IFCAXIS2PLACEMENT3D(#10996,#10997,#10998);
#11000=IFCLOCALPLACEMENT(#37,#10999);
#11001=IFCPRODUCTDEFINITIONSHAPE($,$,(#10995));
#11002=IFCBUILDINGELEMENTPROXY('3nxp1nJ0f1suSy08HhoDz0',#5,'G0772.fa5e2db9c9bd4c05afbe424e3e8eaaa1',$,$,#11000,#11001,$,$);
#11003=IFCPROPERTYSINGLEVALUE('hectometeraanduiding',$,IFCTEXT(''),$);
#11004=IFCPROPERTYSINGLEVALUE('plus-type',$,IFCTEXT('verkeersbordpaal'),$);
#11005=IFCPROPERTYSINGLEVALUE('subtype',$,IFCTEXT('2'),$);
#11006=IFCPROPERTYSINGLEVALUE('identificatie',$,IFCTEXT('G0772.fa5e2db9c9bd4c05afbe424e3e8eaaa1'),$);
#11007=IFCPROPERTYSINGLEVALUE('bgt-status',$,IFCTEXT('bestaand'),$);
#11008=IFCPROPERTYSINGLEVALUE('objectBeginTijd',$,IFCTEXT('2018-05-14T22:00:00'),$);
#11009=IFCPROPERTYSINGLEVALUE('bronhouder',$,IFCTEXT('G0772'),$);
#11010=IFCPROPERTYSINGLEVALUE('inOnderzoek',$,IFCBOOLEAN(.F.),$);
#11011=IFCPROPERTYSINGLEVALUE('relatieveHoogteligging',$,IFCTEXT('0'),$);
#11012=IFCPROPERTYSINGLEVALUE('tijdstipRegistratie',$,IFCTEXT('2022-01-20T16:31:02'),$);
#11013=IFCPROPERTYSINGLEVALUE('LV-publicatiedatum',$,IFCTEXT('2022-01-20T16:49:00'),$);
#11014=IFCPROPERTYSINGLEVALUE('objecttype',$,IFCTEXT('paal_p'),$);
#11015=IFCPROPERTYSET('0R5ziJbf59_fMYekBopXXj',#5,'CPset_BGT',$,(#11003,#11004,#11005,#11006,#11007,#11008,#11009,#11010,#11011,#11012,#11013,#11014));
#11016=IFCRELDEFINESBYPROPERTIES('3jLWBe0tr9ceGwpqIUbPB7',#5,$,$,(#11002),#11015);
#11017=IFCCARTESIANPOINT((-39.930174355366,-291.22151927551,0.));
#11018=IFCCARTESIANTRANSFORMATIONOPERATOR3D($,$,#11017,1.,$);
#11019=IFCMAPPEDITEM(#10940,#11018);
#11020=IFCSHAPEREPRESENTATION(#11,'Body','MappedRepresentation',(#11019));
#11021=IFCCARTESIANPOINT((0.,0.,0.));
#11022=IFCDIRECTION((0.,0.,1.));
#11023=IFCDIRECTION((1.,0.,0.));
#11024=IFCAXIS2PLACEMENT3D(#11021,#11022,#11023);
#11025=IFCLOCALPLACEMENT(#37,#11024);
#11026=IFCPRODUCTDEFINITIONSHAPE($,$,(#11020));
#11027=IFCBUILDINGELEMENTPROXY('03pXzim_5BWR1yor7tkbjc',#5,'G0772.372bf2c7aabd40c68bb2c19b644c4d1f',$,$,#11025,#11026,$,$);
#11028=IFCPROPERTYSINGLEVALUE('hectometeraanduiding',$,IFCTEXT(''),$);
#11029=IFCPROPERTYSINGLEVALUE('plus-type',$,IFCTEXT('verkeersbordpaal'),$);
#11030=IFCPROPERTYSINGLEVALUE('subtype',$,IFCTEXT('2'),$);
#11031=IFCPROPERTYSINGLEVALUE('identificatie',$,IFCTEXT('G0772.372bf2c7aabd40c68bb2c19b644c4d1f'),$);
#11032=IFCPROPERTYSINGLEVALUE('bgt-status',$,IFCTEXT('bestaand'),$);
#11033=IFCPROPERTYSINGLEVALUE('objectBeginTijd',$,IFCTEXT('2018-05-14T22:00:00'),$);
#11034=IFCPROPERTYSINGLEVALUE('bronhouder',$,IFCTEXT('G0772'),$);
#11035=IFCPROPERTYSINGLEVALUE('inOnderzoek',$,IFCBOOLEAN(.F.),$);
#11036=IFCPROPERTYSINGLEVALUE('relatieveHoogteligging',$,IFCTEXT('0'),$);
#11037=IFCPROPERTYSINGLEVALUE('tijdstipRegistratie',$,IFCTEXT('2022-01-20T16:31:02'),$);
#11038=IFCPROPERTYSINGLEVALUE('LV-publicatiedatum',$,IFCTEXT('2022-01-20T16:49:00'),$);
#11039=IFCPROPERTYSINGLEVALUE('objecttype',$,IFCTEXT('paal_p'),$);
#11040=IFCPROPERTYSET('2RIm1P1X173xpyjc0CIUKA',#5,'CPset_BGT',$,(#11028,#11029,#11030,#11031,#11032,#11033,#11034,#11035,#11036,#11037,#11038,#11039));
#11041=IFCRELDEFINESBYPROPERTIES('28s1LPnuXEBw$QbXWPqmZK',#5,$,$,(#11027),#11040);
#11042=IFCCARTESIANPOINT((-133.671430840361,-142.713076247426,0.));
#11043=IFCCARTESIANTRANSFORMATIONOPERATOR3D($,$,#11042,1.,$);
#11044=IFCMAPPEDITEM(#10940,#11043);
#11045=IFCSHAPEREPRESENTATION(#11,'Body','MappedRepresentation',(#11044));
#11046=IFCCARTESIANPOINT((0.,0.,0.));
#11047=IFCDIRECTION((0.,0.,1.));
#11048=IFCDIRECTION((1.,0.,0.));
#11049=IFCAXIS2PLACEMENT3D(#11046,#11047,#11048);
#11050=IFCLOCALPLACEMENT(#37,#11049);
#11051=IFCPRODUCTDEFINITIONSHAPE($,$,(#11045));
#11052=IFCBUILDINGELEMENTPROXY('0mhGy2_yT259Y3_h31GcgL',#5,'G0772.639048644bd8492199e5000495ceb9dd',$,$,#11050,#11051,$,$);
#11053=IFCPROPERTYSINGLEVALUE('hectometeraanduiding',$,IFCTEXT(''),$);
#11054=IFCPROPERTYSINGLEVALUE('plus-type',$,IFCTEXT('verkeersbordpaal'),$);
#11055=IFCPROPERTYSINGLEVALUE('subtype',$,IFCTEXT('2'),$);
#11056=IFCPROPERTYSINGLEVALUE('identificatie',$,IFCTEXT('G0772.639048644bd8492199e5000495ceb9dd'),$);
#11057=IFCPROPERTYSINGLEVALUE('bgt-status',$,IFCTEXT('bestaand'),$);
#11058=IFCPROPERTYSINGLEVALUE('objectBeginTijd',$,IFCTEXT('2018-05-21T22:00:00'),$);
#11059=IFCPROPERTYSINGLEVALUE('bronhouder',$,IFCTEXT('G0772'),$);
#11060=IFCPROPERTYSINGLEVALUE('inOnderzoek',$,IFCBOOLEAN(.F.),$);
#11061=IFCPROPERTYSINGLEVALUE('relatieveHoogteligging',$,IFCTEXT('0'),$);
#11062=IFCPROPERTYSINGLEVALUE('tijdstipRegistratie',$,IFCTEXT('2022-01-20T16:31:02'),$);
#11063=IFCPROPERTYSINGLEVALUE('LV-publicatiedatum',$,IFCTEXT('2022-01-20T16:49:00'),$);
#11064=IFCPROPERTYSINGLEVALUE('objecttype',$,IFCTEXT('paal_p'),$);
#11065=IFCPROPERTYSET('3OfrCzVpv95fpA$Lqa_O88',#5,'CPset_BGT',$,(#11053,#11054,#11055,#11056,#11057,#11058,#11059,#11060,#11061,#11062,#11063,#11064));
#11066=IFCRELDEFINESBYPROPERTIES('2OotIddUv3XxwsW0auKaGC',#5,$,$,(#11052),#11065);
#11067=IFCCARTESIANPOINT((-104.9340712915,-191.584794358816,0.));
#11068=IFCCARTESIANTRANSFORMATIONOPERATOR3D($,$,#11067,1.,$);
#11069=IFCMAPPEDITEM(#10940,#11068);
#11070=IFCSHAPEREPRESENTATION(#11,'Body','MappedRepresentation',(#11069));
#11071=IFCCARTESIANPOINT((0.,0.,0.));
#11072=IFCDIRECTION((0.,0.,1.));
#11073=IFCDIRECTION((1.,0.,0.));
#11074=IFCAXIS2PLACEMENT3D(#11071,#11072,#11073);
#11075=IFCLOCALPLACEMENT(#37,#11074);
#11076=IFCPRODUCTDEFINITIONSHAPE($,$,(#11070));
#11077=IFCBUILDINGELEMENTPROXY('28$PutZ8TEzePJOortHdvq',#5,'G0772.651108c595a94679a7bdc1449ec3c899',$,$,#11075,#11076,$,$);
#11078=IFCPROPERTYSINGLEVALUE('hectometeraanduiding',$,IFCTEXT(''),$);
#11079=IFCPROPERTYSINGLEVALUE('plus-type',$,IFCTEXT('verkeersbordpaal'),$);
#11080=IFCPROPERTYSINGLEVALUE('subtype',$,IFCTEXT('2'),$);
#11081=IFCPROPERTYSINGLEVALUE('identificatie',$,IFCTEXT('G0772.651108c595a94679a7bdc1449ec3c899'),$);
#11082=IFCPROPERTYSINGLEVALUE('bgt-status',$,IFCTEXT('bestaand'),$);
#11083=IFCPROPERTYSINGLEVALUE('objectBeginTijd',$,IFCTEXT('2018-05-21T22:00:00'),$);
#11084=IFCPROPERTYSINGLEVALUE('bronhouder',$,IFCTEXT('G0772'),$);
#11085=IFCPROPERTYSINGLEVALUE('inOnderzoek',$,IFCBOOLEAN(.F.),$);
#11086=IFCPROPERTYSINGLEVALUE('relatieveHoogteligging',$,IFCTEXT('0'),$);
#11087=IFCPROPERTYSINGLEVALUE('tijdstipRegistratie',$,IFCTEXT('2022-01-20T16:31:02'),$);
#11088=IFCPROPERTYSINGLEVALUE('LV-publicatiedatum',$,IFCTEXT('2022-01-20T16:49:00'),$);
#11089=IFCPROPERTYSINGLEVALUE('objecttype',$,IFCTEXT('paal_p'),$);
#11090=IFCPROPERTYSET('0fNEnnpNv8WBthhgpeupR2',#5,'CPset_BGT',$,(#11078,#11079,#11080,#11081,#11082,#11083,#11084,#11085,#11086,#11087,#11088,#11089));
#11091=IFCRELDEFINESBYPROPERTIES('1cWYvuCzj83eSdqWCW5NOK',#5,$,$,(#11077),#11090);
#11092=IFCCARTESIANPOINT((-134.181138460961,-145.370968484087,0.));
#11093=IFCCARTESIANTRANSFORMATIONOPERATOR3D($,$,#11092,1.,$);
#11094=IFCMAPPEDITEM(#10940,#11093);
#11095=IFCSHAPEREPRESENTATION(#11,'Body','MappedRepresentation',(#11094));
#11096=IFCCARTESIANPOINT((0.,0.,0.));
#11097=IFCDIRECTION((0.,0.,1.));
#11098=IFCDIRECTION((1.,0.,0.));
#11099=IFCAXIS2PLACEMENT3D(#11096,#11097,#11098);
#11100=IFCLOCALPLACEMENT(#37,#11099);
#11101=IFCPRODUCTDEFINITIONSHAPE($,$,(#11095));
#11102=IFCBUILDINGELEMENTPROXY('3JdkYc1m91GwbrgZE1V$UD',#5,'G0772.de5256031be34ababdf3cbf2034cf8b1',$,$,#11100,#11101,$,$);
#11103=IFCPROPERTYSINGLEVALUE('hectometeraanduiding',$,IFCTEXT(''),$);
#11104=IFCPROPERTYSINGLEVALUE('plus-type',$,IFCTEXT('verkeersbordpaal'),$);
#11105=IFCPROPERTYSINGLEVALUE('subtype',$,IFCTEXT('2'),$);
#11106=IFCPROPERTYSINGLEVALUE('identificatie',$,IFCTEXT('G0772.de5256031be34ababdf3cbf2034cf8b1'),$);
#11107=IFCPROPERTYSINGLEVALUE('bgt-status',$,IFCTEXT('bestaand'),$);
#11108=IFCPROPERTYSINGLEVALUE('objectBeginTijd',$,IFCTEXT('2018-05-21T22:00:00'),$);
#11109=IFCPROPERTYSINGLEVALUE('bronhouder',$,IFCTEXT('G0772'),$);
#11110=IFCPROPERTYSINGLEVALUE('inOnderzoek',$,IFCBOOLEAN(.F.),$);
#11111=IFCPROPERTYSINGLEVALUE('relatieveHoogteligging',$,IFCTEXT('0'),$);
#11112=IFCPROPERTYSINGLEVALUE('tijdstipRegistratie',$,IFCTEXT('2022-01-20T16:31:02'),$);
#11113=IFCPROPERTYSINGLEVALUE('LV-publicatiedatum',$,IFCTEXT('2022-01-20T16:49:00'),$);
#11114=IFCPROPERTYSINGLEVALUE('objecttype',$,IFCTEXT('paal_p'),$);
#11115=IFCPROPERTYSET('0jIQdYqkb1z9E8Oeg9FyY8',#5,'CPset_BGT',$,(#11103,#11104,#11105,#11106,#11107,#11108,#11109,#11110,#11111,#11112,#11113,#11114));
#11116=IFCRELDEFINESBYPROPERTIES('1NewdZhPP7_g1lwcoyHjHU',#5,$,$,(#11102),#11115);
#11117=IFCCARTESIANPOINT((264.996812754689,-12.3302961006411,0.));
#11118=IFCCARTESIANTRANSFORMATIONOPERATOR3D($,$,#11117,1.,$);
#11119=IFCMAPPEDITEM(#10940,#11118);
#11120=IFCSHAPEREPRESENTATION(#11,'Body','MappedRepresentation',(#11119));
#11121=IFCCARTESIANPOINT((0.,0.,0.));
#11122=IFCDIRECTION((0.,0.,1.));
#11123=IFCDIRECTION((1.,0.,0.));
#11124=IFCAXIS2PLACEMENT3D(#11121,#11122,#11123);
#11125=IFCLOCALPLACEMENT(#37,#11124);
#11126=IFCPRODUCTDEFINITIONSHAPE($,$,(#11120));
#11127=IFCBUILDINGELEMENTPROXY('0mxcmuhNf368XB8V2VXMJl',#5,'G0772.1e4e21aee8034f44b763dd564a9f3bb8',$,$,#11125,#11126,$,$);
#11128=IFCPROPERTYSINGLEVALUE('hectometeraanduiding',$,IFCTEXT(''),$);
#11129=IFCPROPERTYSINGLEVALUE('plus-type',$,IFCTEXT('verkeersbordpaal'),$);
#11130=IFCPROPERTYSINGLEVALUE('subtype',$,IFCTEXT('2'),$);
#11131=IFCPROPERTYSINGLEVALUE('identificatie',$,IFCTEXT('G0772.1e4e21aee8034f44b763dd564a9f3bb8'),$);
#11132=IFCPROPERTYSINGLEVALUE('bgt-status',$,IFCTEXT('bestaand'),$);
#11133=IFCPROPERTYSINGLEVALUE('objectBeginTijd',$,IFCTEXT('2018-05-14T22:00:00'),$);
#11134=IFCPROPERTYSINGLEVALUE('bronhouder',$,IFCTEXT('G0772'),$);
#11135=IFCPROPERTYSINGLEVALUE('inOnderzoek',$,IFCBOOLEAN(.F.),$);
#11136=IFCPROPERTYSINGLEVALUE('relatieveHoogteligging',$,IFCTEXT('0'),$);
#11137=IFCPROPERTYSINGLEVALUE('tijdstipRegistratie',$,IFCTEXT('2022-01-20T16:31:02'),$);
#11138=IFCPROPERTYSINGLEVALUE('LV-publicatiedatum',$,IFCTEXT('2022-01-20T16:49:00'),$);
#11139=IFCPROPERTYSINGLEVALUE('objecttype',$,IFCTEXT('paal_p'),$);
#11140=IFCPROPERTYSET('3kKpOLq415UxIxdXyXrYfq',#5,'CPset_BGT',$,(#11128,#11129,#11130,#11131,#11132,#11133,#11134,#11135,#11136,#11137,#11138,#11139));
#11141=IFCRELDEFINESBYPROPERTIES('2s2JBNWPv50ef1dhxTY7kl',#5,$,$,(#11127),#11140);
#11142=IFCCARTESIANPOINT((260.204024207051,5.76137676107464,0.));
#11143=IFCCARTESIANTRANSFORMATIONOPERATOR3D($,$,#11142,1.,$);
#11144=IFCMAPPEDITEM(#10940,#11143);
#11145=IFCSHAPEREPRESENTATION(#11,'Body','MappedRepresentation',(#11144));
#11146=IFCCARTESIANPOINT((0.,0.,0.));
#11147=IFCDIRECTION((0.,0.,1.));
#11148=IFCDIRECTION((1.,0.,0.));
#11149=IFCAXIS2PLACEMENT3D(#11146,#11147,#11148);
#11150=IFCLOCALPLACEMENT(#37,#11149);
#11151=IFCPRODUCTDEFINITIONSHAPE($,$,(#11145));
#11152=IFCBUILDINGELEMENTPROXY('3xU8TGytrApOoW92QdK76a',#5,'G0772.d3cbfa54f9d64ecaa1c28a9b5226d710',$,$,#11150,#11151,$,$);
#11153=IFCPROPERTYSINGLEVALUE('hectometeraanduiding',$,IFCTEXT(''),$);
#11154=IFCPROPERTYSINGLEVALUE('plus-type',$,IFCTEXT('verkeersbordpaal'),$);
#11155=IFCPROPERTYSINGLEVALUE('subtype',$,IFCTEXT('2'),$);
#11156=IFCPROPERTYSINGLEVALUE('identificatie',$,IFCTEXT('G0772.d3cbfa54f9d64ecaa1c28a9b5226d710'),$);
#11157=IFCPROPERTYSINGLEVALUE('bgt-status',$,IFCTEXT('bestaand'),$);
#11158=IFCPROPERTYSINGLEVALUE('objectBeginTijd',$,IFCTEXT('2018-05-14T22:00:00'),$);
#11159=IFCPROPERTYSINGLEVALUE('bronhouder',$,IFCTEXT('G0772'),$);
#11160=IFCPROPERTYSINGLEVALUE('inOnderzoek',$,IFCBOOLEAN(.F.),$);
#11161=IFCPROPERTYSINGLEVALUE('relatieveHoogteligging',$,IFCTEXT('0'),$);
#11162=IFCPROPERTYSINGLEVALUE('tijdstipRegistratie',$,IFCTEXT('2022-01-20T16:31:02'),$);
#11163=IFCPROPERTYSINGLEVALUE('LV-publicatiedatum',$,IFCTEXT('2022-01-20T16:49:00'),$);
#11164=IFCPROPERTYSINGLEVALUE('objecttype',$,IFCTEXT('paal_p'),$);
#11165=IFCPROPERTYSET('3sfCK1OO5069ym$jeTFHSe',#5,'CPset_BGT',$,(#11153,#11154,#11155,#11156,#11157,#11158,#11159,#11160,#11161,#11162,#11163,#11164));
#11166=IFCRELDEFINESBYPROPERTIES('3VntRngWvAYv3lHqfzR9SV',#5,$,$,(#11152),#11165);
#11167=IFCCARTESIANPOINT((-7.6535309504834,-288.068641302118,0.));
#11168=IFCCARTESIANTRANSFORMATIONOPERATOR3D($,$,#11167,1.,$);
#11169=IFCMAPPEDITEM(#10940,#11168);
#11170=IFCSHAPEREPRESENTATION(#11,'Body','MappedRepresentation',(#11169));
#11171=IFCCARTESIANPOINT((0.,0.,0.));
#11172=IFCDIRECTION((0.,0.,1.));
#11173=IFCDIRECTION((1.,0.,0.));
#11174=IFCAXIS2PLACEMENT3D(#11171,#11172,#11173);
#11175=IFCLOCALPLACEMENT(#37,#11174);
#11176=IFCPRODUCTDEFINITIONSHAPE($,$,(#11170));
#11177=IFCBUILDINGELEMENTPROXY('3YLd3cSHD9CvVkXtuffxh8',#5,'G0772.743fe8b5495f4d9aa4ef0d3a3138202a',$,$,#11175,#11176,$,$);
#11178=IFCPROPERTYSINGLEVALUE('hectometeraanduiding',$,IFCTEXT(''),$);
#11179=IFCPROPERTYSINGLEVALUE('plus-type',$,IFCTEXT('verkeersbordpaal'),$);
#11180=IFCPROPERTYSINGLEVALUE('subtype',$,IFCTEXT('2'),$);
#11181=IFCPROPERTYSINGLEVALUE('identificatie',$,IFCTEXT('G0772.743fe8b5495f4d9aa4ef0d3a3138202a'),$);
#11182=IFCPROPERTYSINGLEVALUE('bgt-status',$,IFCTEXT('bestaand'),$);
#11183=IFCPROPERTYSINGLEVALUE('objectBeginTijd',$,IFCTEXT('2018-05-14T22:00:00'),$);
#11184=IFCPROPERTYSINGLEVALUE('bronhouder',$,IFCTEXT('G0772'),$);
#11185=IFCPROPERTYSINGLEVALUE('inOnderzoek',$,IFCBOOLEAN(.F.),$);
#11186=IFCPROPERTYSINGLEVALUE('relatieveHoogteligging',$,IFCTEXT('0'),$);
#11187=IFCPROPERTYSINGLEVALUE('tijdstipRegistratie',$,IFCTEXT('2022-01-20T16:31:02'),$);
#11188=IFCPROPERTYSINGLEVALUE('LV-publicatiedatum',$,IFCTEXT('2022-01-20T16:49:00'),$);
#11189=IFCPROPERTYSINGLEVALUE('objecttype',$,IFCTEXT('paal_p'),$);
#11190=IFCPROPERTYSET('3goBJBwVT8OgVmUJhLD7I6',#5,'CPset_BGT',$,(#11178,#11179,#11180,#11181,#11182,#11183,#11184,#11185,#11186,#11187,#11188,#11189));
#11191=IFCRELDEFINESBYPROPERTIES('08cTjSus90Gv4MvDxBtnpy',#5,$,$,(#11177),#11190);
#11192=IFCCARTESIANPOINT((118.190095572616,-231.22723499022,0.));
#11193=IFCCARTESIANTRANSFORMATIONOPERATOR3D($,$,#11192,1.,$);
#11194=IFCMAPPEDITEM(#10940,#11193);
#11195=IFCSHAPEREPRESENTATION(#11,'Body','MappedRepresentation',(#11194));
#11196=IFCCARTESIANPOINT((0.,0.,0.));
#11197=IFCDIRECTION((0.,0.,1.));
#11198=IFCDIRECTION((1.,0.,0.));
#11199=IFCAXIS2PLACEMENT3D(#11196,#11197,#11198);
#11200=IFCLOCALPLACEMENT(#37,#11199);
#11201=IFCPRODUCTDEFINITIONSHAPE($,$,(#11195));
#11202=IFCBUILDINGELEMENTPROXY('0FWyMUmXb3m8uIipbHjVZK',#5,'G0772.61a8805242e148a8894d0b8f79e2f025',$,$,#11200,#11201,$,$);
#11203=IFCPROPERTYSINGLEVALUE('hectometeraanduiding',$,IFCTEXT(''),$);
#11204=IFCPROPERTYSINGLEVALUE('plus-type',$,IFCTEXT('verkeersbordpaal'),$);
#11205=IFCPROPERTYSINGLEVALUE('subtype',$,IFCTEXT('2'),$);
#11206=IFCPROPERTYSINGLEVALUE('identificatie',$,IFCTEXT('G0772.61a8805242e148a8894d0b8f79e2f025'),$);
#11207=IFCPROPERTYSINGLEVALUE('bgt-status',$,IFCTEXT('bestaand'),$);
#11208=IFCPROPERTYSINGLEVALUE('objectBeginTijd',$,IFCTEXT('2018-05-14T22:00:00'),$);
#11209=IFCPROPERTYSINGLEVALUE('bronhouder',$,IFCTEXT('G0772'),$);
#11210=IFCPROPERTYSINGLEVALUE('inOnderzoek',$,IFCBOOLEAN(.F.),$);
#11211=IFCPROPERTYSINGLEVALUE('relatieveHoogteligging',$,IFCTEXT('0'),$);
#11212=IFCPROPERTYSINGLEVALUE('tijdstipRegistratie',$,IFCTEXT('2022-01-20T16:31:02'),$);
#11213=IFCPROPERTYSINGLEVALUE('LV-publicatiedatum',$,IFCTEXT('2022-01-20T16:49:00'),$);
#11214=IFCPROPERTYSINGLEVALUE('objecttype',$,IFCTEXT('paal_p'),$);
#11215=IFCPROPERTYSET('3YT89rIVX4jhhMKssmNoXZ',#5,'CPset_BGT',$,(#11203,#11204,#11205,#11206,#11207,#11208,#11209,#11210,#11211,#11212,#11213,#11214));
#11216=IFCRELDEFINESBYPROPERTIES('0dcnjjb4j0gwJAtbYgdOlt',#5,$,$,(#11202),#11215);
#11217=IFCCARTESIANPOINT((67.6450232765346,-257.429254961724,0.));
#11218=IFCCARTESIANTRANSFORMATIONOPERATOR3D($,$,#11217,1.,$);
#11219=IFCMAPPEDITEM(#10940,#11218);
#11220=IFCSHAPEREPRESENTATION(#11,'Body','MappedRepresentation',(#11219));
#11221=IFCCARTESIANPOINT((0.,0.,0.));
#11222=IFCDIRECTION((0.,0.,1.));
#11223=IFCDIRECTION((1.,0.,0.));
#11224=IFCAXIS2PLACEMENT3D(#11221,#11222,#11223);
#11225=IFCLOCALPLACEMENT(#37,#11224);
#11226=IFCPRODUCTDEFINITIONSHAPE($,$,(#11220));
#11227=IFCBUILDINGELEMENTPROXY('0vbJ73j0584gQ5EFlHeqs0',#5,'G0772.620479f072694bd4901948b618a3a6b7',$,$,#11225,#11226,$,$);
#11228=IFCPROPERTYSINGLEVALUE('hectometeraanduiding',$,IFCTEXT(''),$);
#11229=IFCPROPERTYSINGLEVALUE('plus-type',$,IFCTEXT('verkeersbordpaal'),$);
#11230=IFCPROPERTYSINGLEVALUE('subtype',$,IFCTEXT('2'),$);
#11231=IFCPROPERTYSINGLEVALUE('identificatie',$,IFCTEXT('G0772.620479f072694bd4901948b618a3a6b7'),$);
#11232=IFCPROPERTYSINGLEVALUE('bgt-status',$,IFCTEXT('bestaand'),$);
#11233=IFCPROPERTYSINGLEVALUE('objectBeginTijd',$,IFCTEXT('2018-05-14T22:00:00'),$);
#11234=IFCPROPERTYSINGLEVALUE('bronhouder',$,IFCTEXT('G0772'),$);
#11235=IFCPROPERTYSINGLEVALUE('inOnderzoek',$,IFCBOOLEAN(.F.),$);
#11236=IFCPROPERTYSINGLEVALUE('relatieveHoogteligging',$,IFCTEXT('0'),$);
#11237=IFCPROPERTYSINGLEVALUE('tijdstipRegistratie',$,IFCTEXT('2022-01-20T16:31:02'),$);
#11238=IFCPROPERTYSINGLEVALUE('LV-publicatiedatum',$,IFCTEXT('2022-01-20T16:49:00'),$);
#11239=IFCPROPERTYSINGLEVALUE('objecttype',$,IFCTEXT('paal_p'),$);
#11240=IFCPROPERTYSET('1R8y6fr9T07x9cQ5Wn11LD',#5,'CPset_BGT',$,(#11228,#11229,#11230,#11231,#11232,#11233,#11234,#11235,#11236,#11237,#11238,#11239));
#11241=IFCRELDEFINESBYPROPERTIES('3LMfFMnSb8fQycYeUEhWtn',#5,$,$,(#11227),#11240);
#11242=IFCCARTESIANPOINT((65.9059417567041,241.244546346832,0.));
#11243=IFCCARTESIANTRANSFORMATIONOPERATOR3D($,$,#11242,1.,$);
#11244=IFCMAPPEDITEM(#10940,#11243);
#11245=IFCSHAPEREPRESENTATION(#11,'Body','MappedRepresentation',(#11244));
#11246=IFCCARTESIANPOINT((0.,0.,0.));
#11247=IFCDIRECTION((0.,0.,1.));
#11248=IFCDIRECTION((1.,0.,0.));
#11249=IFCAXIS2PLACEMENT3D(#11246,#11247,#11248);
#11250=IFCLOCALPLACEMENT(#37,#11249);
#11251=IFCPRODUCTDEFINITIONSHAPE($,$,(#11245));
#11252=IFCBUILDINGELEMENTPROXY('0EzQhif0X3eA0tiZC1pwd7',#5,'G0772.918e8e5b91054ef0900ef90ab03499b3',$,$,#11250,#11251,$,$);
#11253=IFCPROPERTYSINGLEVALUE('hectometeraanduiding',$,IFCTEXT(''),$);
#11254=IFCPROPERTYSINGLEVALUE('plus-type',$,IFCTEXT('verkeersbordpaal'),$);
#11255=IFCPROPERTYSINGLEVALUE('subtype',$,IFCTEXT('2'),$);
#11256=IFCPROPERTYSINGLEVALUE('identificatie',$,IFCTEXT('G0772.918e8e5b91054ef0900ef90ab03499b3'),$);
#11257=IFCPROPERTYSINGLEVALUE('bgt-status',$,IFCTEXT('bestaand'),$);
#11258=IFCPROPERTYSINGLEVALUE('objectBeginTijd',$,IFCTEXT('2018-03-19T23:00:00'),$);
#11259=IFCPROPERTYSINGLEVALUE('bronhouder',$,IFCTEXT('G0772'),$);
#11260=IFCPROPERTYSINGLEVALUE('inOnderzoek',$,IFCBOOLEAN(.F.),$);
#11261=IFCPROPERTYSINGLEVALUE('relatieveHoogteligging',$,IFCTEXT('0'),$);
#11262=IFCPROPERTYSINGLEVALUE('tijdstipRegistratie',$,IFCTEXT('2022-01-14T15:22:27'),$);
#11263=IFCPROPERTYSINGLEVALUE('LV-publicatiedatum',$,IFCTEXT('2022-01-14T16:04:27'),$);
#11264=IFCPROPERTYSINGLEVALUE('objecttype',$,IFCTEXT('paal_p'),$);
#11265=IFCPROPERTYSET('3l5w7f9Uz6khUc9rUtlDFI',#5,'CPset_BGT',$,(#11253,#11254,#11255,#11256,#11257,#11258,#11259,#11260,#11261,#11262,#11263,#11264));
#11266=IFCRELDEFINESBYPROPERTIES('3zYHjzKzTFPODpqbCz3ZGv',#5,$,$,(#11252),#11265);
#11267=IFCCARTESIANPOINT((-47.6760445168184,-15.2237685230211,0.));
#11268=IFCCARTESIANTRANSFORMATIONOPERATOR3D($,$,#11267,1.,$);
#11269=IFCMAPPEDITEM(#10940,#11268);
#11270=IFCSHAPEREPRESENTATION(#11,'Body','MappedRepresentation',(#11269));
#11271=IFCCARTESIANPOINT((0.,0.,0.));
#11272=IFCDIRECTION((0.,0.,1.));
#11273=IFCDIRECTION((1.,0.,0.));
#11274=IFCAXIS2PLACEMENT3D(#11271,#11272,#11273);
#11275=IFCLOCALPLACEMENT(#37,#11274);
#11276=IFCPRODUCTDEFINITIONSHAPE($,$,(#11270));
#11277=IFCBUILDINGELEMENTPROXY('1G4s6KWMXAkOXdJZI7bsCr',#5,'G0772.84da8e27fc794867b39c999fb49ce9c2',$,$,#11275,#11276,$,$);
#11278=IFCPROPERTYSINGLEVALUE('hectometeraanduiding',$,IFCTEXT(''),$);
#11279=IFCPROPERTYSINGLEVALUE('plus-type',$,IFCTEXT('verkeersbordpaal'),$);
#11280=IFCPROPERTYSINGLEVALUE('subtype',$,IFCTEXT('2'),$);
#11281=IFCPROPERTYSINGLEVALUE('identificatie',$,IFCTEXT('G0772.84da8e27fc794867b39c999fb49ce9c2'),$);
#11282=IFCPROPERTYSINGLEVALUE('bgt-status',$,IFCTEXT('bestaand'),$);
#11283=IFCPROPERTYSINGLEVALUE('objectBeginTijd',$,IFCTEXT('2018-05-21T22:00:00'),$);
#11284=IFCPROPERTYSINGLEVALUE('bronhouder',$,IFCTEXT('G0772'),$);
#11285=IFCPROPERTYSINGLEVALUE('inOnderzoek',$,IFCBOOLEAN(.F.),$);
#11286=IFCPROPERTYSINGLEVALUE('relatieveHoogteligging',$,IFCTEXT('0'),$);
#11287=IFCPROPERTYSINGLEVALUE('tijdstipRegistratie',$,IFCTEXT('2022-01-20T16:31:02'),$);
#11288=IFCPROPERTYSINGLEVALUE('LV-publicatiedatum',$,IFCTEXT('2022-01-20T16:49:00'),$);
#11289=IFCPROPERTYSINGLEVALUE('objecttype',$,IFCTEXT('paal_p'),$);
#11290=IFCPROPERTYSET('1ZJ$DWinzBiR9CHdlgXqzV',#5,'CPset_BGT',$,(#11278,#11279,#11280,#11281,#11282,#11283,#11284,#11285,#11286,#11287,#11288,#11289));
#11291=IFCRELDEFINESBYPROPERTIES('2g39g3T2XFvPi0eJyigk21',#5,$,$,(#11277),#11290);
#11292=IFCCARTESIANPOINT((-34.5149057756935,-6.40385627647629,0.));
#11293=IFCCARTESIANTRANSFORMATIONOPERATOR3D($,$,#11292,1.,$);
#11294=IFCMAPPEDITEM(#10940,#11293);
#11295=IFCSHAPEREPRESENTATION(#11,'Body','MappedRepresentation',(#11294));
#11296=IFCCARTESIANPOINT((0.,0.,0.));
#11297=IFCDIRECTION((0.,0.,1.));
#11298=IFCDIRECTION((1.,0.,0.));
#11299=IFCAXIS2PLACEMENT3D(#11296,#11297,#11298);
#11300=IFCLOCALPLACEMENT(#37,#11299);
#11301=IFCPRODUCTDEFINITIONSHAPE($,$,(#11295));
#11302=IFCBUILDINGELEMENTPROXY('39llkZnwf0oPhm96lZ7Oku',#5,'G0772.9e8a3bbbd61e4fedb076a5452953624d',$,$,#11300,#11301,$,$);
#11303=IFCPROPERTYSINGLEVALUE('hectometeraanduiding',$,IFCTEXT(''),$);
#11304=IFCPROPERTYSINGLEVALUE('plus-type',$,IFCTEXT('verkeersbordpaal'),$);
#11305=IFCPROPERTYSINGLEVALUE('subtype',$,IFCTEXT('2'),$);
#11306=IFCPROPERTYSINGLEVALUE('identificatie',$,IFCTEXT('G0772.9e8a3bbbd61e4fedb076a5452953624d'),$);
#11307=IFCPROPERTYSINGLEVALUE('bgt-status',$,IFCTEXT('bestaand'),$);
#11308=IFCPROPERTYSINGLEVALUE('objectBeginTijd',$,IFCTEXT('2018-05-21T22:00:00'),$);
#11309=IFCPROPERTYSINGLEVALUE('bronhouder',$,IFCTEXT('G0772'),$);
#11310=IFCPROPERTYSINGLEVALUE('inOnderzoek',$,IFCBOOLEAN(.F.),$);
#11311=IFCPROPERTYSINGLEVALUE('relatieveHoogteligging',$,IFCTEXT('0'),$);
#11312=IFCPROPERTYSINGLEVALUE('tijdstipRegistratie',$,IFCTEXT('2022-01-20T16:31:02'),$);
#11313=IFCPROPERTYSINGLEVALUE('LV-publicatiedatum',$,IFCTEXT('2022-01-20T16:49:00'),$);
#11314=IFCPROPERTYSINGLEVALUE('objecttype',$,IFCTEXT('paal_p'),$);
#11315=IFCPROPERTYSET('1ge3P9jln9PAB3rZgPmPrs',#5,'CPset_BGT',$,(#11303,#11304,#11305,#11306,#11307,#11308,#11309,#11310,#11311,#11312,#11313,#11314));
#11316=IFCRELDEFINESBYPROPERTIES('3eMBgU$lfFZhSOyg3BBZ8q',#5,$,$,(#11302),#11315);
#11317=IFCCARTESIANPOINT((-8.16036714654183,-8.86863083991921,0.));
#11318=IFCCARTESIANTRANSFORMATIONOPERATOR3D($,$,#11317,1.,$);
#11319=IFCMAPPEDITEM(#10940,#11318);
#11320=IFCSHAPEREPRESENTATION(#11,'Body','MappedRepresentation',(#11319));
#11321=IFCCARTESIANPOINT((0.,0.,0.));
#11322=IFCDIRECTION((0.,0.,1.));
#11323=IFCDIRECTION((1.,0.,0.));
#11324=IFCAXIS2PLACEMENT3D(#11321,#11322,#11323);
#11325=IFCLOCALPLACEMENT(#37,#11324);
#11326=IFCPRODUCTDEFINITIONSHAPE($,$,(#11320));
#11327=IFCBUILDINGELEMENTPROXY('0ZpBLI6Xf8OBOEPVt51P7u',#5,'G0772.cf77feb92372418d890dd3bef38476ce',$,$,#11325,#11326,$,$);
#11328=IFCPROPERTYSINGLEVALUE('hectometeraanduiding',$,IFCTEXT(''),$);
#11329=IFCPROPERTYSINGLEVALUE('plus-type',$,IFCTEXT('verkeersbordpaal'),$);
#11330=IFCPROPERTYSINGLEVALUE('subtype',$,IFCTEXT('2'),$);
#11331=IFCPROPERTYSINGLEVALUE('identificatie',$,IFCTEXT('G0772.cf77feb92372418d890dd3bef38476ce'),$);
#11332=IFCPROPERTYSINGLEVALUE('bgt-status',$,IFCTEXT('bestaand'),$);
#11333=IFCPROPERTYSINGLEVALUE('objectBeginTijd',$,IFCTEXT('2018-05-21T22:00:00'),$);
#11334=IFCPROPERTYSINGLEVALUE('bronhouder',$,IFCTEXT('G0772'),$);
#11335=IFCPROPERTYSINGLEVALUE('inOnderzoek',$,IFCBOOLEAN(.F.),$);
#11336=IFCPROPERTYSINGLEVALUE('relatieveHoogteligging',$,IFCTEXT('0'),$);
#11337=IFCPROPERTYSINGLEVALUE('tijdstipRegistratie',$,IFCTEXT('2022-01-20T16:31:02'),$);
#11338=IFCPROPERTYSINGLEVALUE('LV-publicatiedatum',$,IFCTEXT('2022-01-20T16:49:00'),$);
#11339=IFCPROPERTYSINGLEVALUE('objecttype',$,IFCTEXT('paal_p'),$);
#11340=IFCPROPERTYSET('2euI5NihH5jRN$zyR1sN4I',#5,'CPset_BGT',$,(#11328,#11329,#11330,#11331,#11332,#11333,#11334,#11335,#11336,#11337,#11338,#11339));
#11341=IFCRELDEFINESBYPROPERTIES('3$S8m7aKz63O2cGaD9pxFn',#5,$,$,(#11327),#11340);
#11342=IFCCARTESIANPOINT((80.41316722802,-245.111491932883,0.));
#11343=IFCCARTESIANTRANSFORMATIONOPERATOR3D($,$,#11342,1.,$);
#11344=IFCMAPPEDITEM(#10940,#11343);
#11345=IFCSHAPEREPRESENTATION(#11,'Body','MappedRepresentation',(#11344));
#11346=IFCCARTESIANPOINT((0.,0.,0.));
#11347=IFCDIRECTION((0.,0.,1.));
#11348=IFCDIRECTION((1.,0.,0.));
#11349=IFCAXIS2PLACEMENT3D(#11346,#11347,#11348);
#11350=IFCLOCALPLACEMENT(#37,#11349);
#11351=IFCPRODUCTDEFINITIONSHAPE($,$,(#11345));
#11352=IFCBUILDINGELEMENTPROXY('2_sZnrGin9yPPm5$gTMu5k',#5,'G0772.477ffc0c67bf4d469ba3a7b3c5933e08',$,$,#11350,#11351,$,$);
#11353=IFCPROPERTYSINGLEVALUE('hectometeraanduiding',$,IFCTEXT(''),$);
#11354=IFCPROPERTYSINGLEVALUE('plus-type',$,IFCTEXT('verkeersbordpaal'),$);
#11355=IFCPROPERTYSINGLEVALUE('subtype',$,IFCTEXT('2'),$);
#11356=IFCPROPERTYSINGLEVALUE('identificatie',$,IFCTEXT('G0772.477ffc0c67bf4d469ba3a7b3c5933e08'),$);
#11357=IFCPROPERTYSINGLEVALUE('bgt-status',$,IFCTEXT('bestaand'),$);
#11358=IFCPROPERTYSINGLEVALUE('objectBeginTijd',$,IFCTEXT('2018-05-14T22:00:00'),$);
#11359=IFCPROPERTYSINGLEVALUE('bronhouder',$,IFCTEXT('G0772'),$);
#11360=IFCPROPERTYSINGLEVALUE('inOnderzoek',$,IFCBOOLEAN(.F.),$);
#11361=IFCPROPERTYSINGLEVALUE('relatieveHoogteligging',$,IFCTEXT('0'),$);
#11362=IFCPROPERTYSINGLEVALUE('tijdstipRegistratie',$,IFCTEXT('2022-01-20T16:31:02'),$);
#11363=IFCPROPERTYSINGLEVALUE('LV-publicatiedatum',$,IFCTEXT('2022-01-20T16:49:00'),$);
#11364=IFCPROPERTYSINGLEVALUE('objecttype',$,IFCTEXT('paal_p'),$);
#11365=IFCPROPERTYSET('1odTeFkSH2GPG12td$N30E',#5,'CPset_BGT',$,(#11353,#11354,#11355,#11356,#11357,#11358,#11359,#11360,#11361,#11362,#11363,#11364));
#11366=IFCRELDEFINESBYPROPERTIES('2liNFHNwT2oh6abjX3T0xf',#5,$,$,(#11352),#11365);
#11367=IFCCARTESIANPOINT((-213.807220159943,-5.98258827149402,0.));
#11368=IFCCARTESIANTRANSFORMATIONOPERATOR3D($,$,#11367,1.,$);
#11369=IFCMAPPEDITEM(#10940,#11368);
#11370=IFCSHAPEREPRESENTATION(#11,'Body','MappedRepresentation',(#11369));
#11371=IFCCARTESIANPOINT((0.,0.,0.));
#11372=IFCDIRECTION((0.,0.,1.));
#11373=IFCDIRECTION((1.,0.,0.));
#11374=IFCAXIS2PLACEMENT3D(#11371,#11372,#11373);
#11375=IFCLOCALPLACEMENT(#37,#11374);
#11376=IFCPRODUCTDEFINITIONSHAPE($,$,(#11370));
#11377=IFCBUILDINGELEMENTPROXY('3_QzcYXUn9TwoJZ8vWEcjZ',#5,'G0772.f3e9103ebb1c4f30a8ba7336b9a74676',$,$,#11375,#11376,$,$);
#11378=IFCPROPERTYSINGLEVALUE('hectometeraanduiding',$,IFCTEXT(''),$);
#11379=IFCPROPERTYSINGLEVALUE('plus-type',$,IFCTEXT('verkeersbordpaal'),$);
#11380=IFCPROPERTYSINGLEVALUE('subtype',$,IFCTEXT('2'),$);
#11381=IFCPROPERTYSINGLEVALUE('identificatie',$,IFCTEXT('G0772.f3e9103ebb1c4f30a8ba7336b9a74676'),$);
#11382=IFCPROPERTYSINGLEVALUE('bgt-status',$,IFCTEXT('bestaand'),$);
#11383=IFCPROPERTYSINGLEVALUE('objectBeginTijd',$,IFCTEXT('2018-05-21T22:00:00'),$);
#11384=IFCPROPERTYSINGLEVALUE('bronhouder',$,IFCTEXT('G0772'),$);
#11385=IFCPROPERTYSINGLEVALUE('inOnderzoek',$,IFCBOOLEAN(.F.),$);
#11386=IFCPROPERTYSINGLEVALUE('relatieveHoogteligging',$,IFCTEXT('0'),$);
#11387=IFCPROPERTYSINGLEVALUE('tijdstipRegistratie',$,IFCTEXT('2022-01-20T16:31:02'),$);
#11388=IFCPROPERTYSINGLEVALUE('LV-publicatiedatum',$,IFCTEXT('2022-01-20T16:49:00'),$);
#11389=IFCPROPERTYSINGLEVALUE('objecttype',$,IFCTEXT('paal_p'),$);
#11390=IFCPROPERTYSET('3H8hj0w$LCTevjv9nINvgC',#5,'CPset_BGT',$,(#11378,#11379,#11380,#11381,#11382,#11383,#11384,#11385,#11386,#11387,#11388,#11389));
#11391=IFCRELDEFINESBYPROPERTIES('0lzTR_EqPDCgw3K0ZbLrpL',#5,$,$,(#11377),#11390);
#11392=IFCCARTESIANPOINT((-35.1458499452274,-6.84731366444612,0.));
#11393=IFCCARTESIANTRANSFORMATIONOPERATOR3D($,$,#11392,1.,$);
#11394=IFCMAPPEDITEM(#10940,#11393);
#11395=IFCSHAPEREPRESENTATION(#11,'Body','MappedRepresentation',(#11394));
#11396=IFCCARTESIANPOINT((0.,0.,0.));
#11397=IFCDIRECTION((0.,0.,1.));
#11398=IFCDIRECTION((1.,0.,0.));
#11399=IFCAXIS2PLACEMENT3D(#11396,#11397,#11398);
#11400=IFCLOCALPLACEMENT(#37,#11399);
#11401=IFCPRODUCTDEFINITIONSHAPE($,$,(#11395));
#11402=IFCBUILDINGELEMENTPROXY('2wWgUJAAX3WO_iipoNXPE$',#5,'G0772.2080d88493994cdcaf594c20c913dbb8',$,$,#11400,#11401,$,$);
#11403=IFCPROPERTYSINGLEVALUE('hectometeraanduiding',$,IFCTEXT(''),$);
#11404=IFCPROPERTYSINGLEVALUE('plus-type',$,IFCTEXT('verkeersbordpaal'),$);
#11405=IFCPROPERTYSINGLEVALUE('subtype',$,IFCTEXT('2'),$);
#11406=IFCPROPERTYSINGLEVALUE('identificatie',$,IFCTEXT('G0772.2080d88493994cdcaf594c20c913dbb8'),$);
#11407=IFCPROPERTYSINGLEVALUE('bgt-status',$,IFCTEXT('bestaand'),$);
#11408=IFCPROPERTYSINGLEVALUE('objectBeginTijd',$,IFCTEXT('2018-05-21T22:00:00'),$);
#11409=IFCPROPERTYSINGLEVALUE('bronhouder',$,IFCTEXT('G0772'),$);
#11410=IFCPROPERTYSINGLEVALUE('inOnderzoek',$,IFCBOOLEAN(.F.),$);
#11411=IFCPROPERTYSINGLEVALUE('relatieveHoogteligging',$,IFCTEXT('0'),$);
#11412=IFCPROPERTYSINGLEVALUE('tijdstipRegistratie',$,IFCTEXT('2022-01-20T16:31:02'),$);
#11413=IFCPROPERTYSINGLEVALUE('LV-publicatiedatum',$,IFCTEXT('2022-01-20T16:49:00'),$);
#11414=IFCPROPERTYSINGLEVALUE('objecttype',$,IFCTEXT('paal_p'),$);
#11415=IFCPROPERTYSET('0Wuc$RR39DAR3Mz$76nMHq',#5,'CPset_BGT',$,(#11403,#11404,#11405,#11406,#11407,#11408,#11409,#11410,#11411,#11412,#11413,#11414));
#11416=IFCRELDEFINESBYPROPERTIES('0rDjwknRnCCeGjre8aNqBf',#5,$,$,(#11402),#11415);
#11417=IFCCARTESIANPOINT((-37.0245032456296,-16.174094018701,0.));
#11418=IFCCARTESIANTRANSFORMATIONOPERATOR3D($,$,#11417,1.,$);
#11419=IFCMAPPEDITEM(#10940,#11418);
#11420=IFCSHAPEREPRESENTATION(#11,'Body','MappedRepresentation',(#11419));
#11421=IFCCARTESIANPOINT((0.,0.,0.));
#11422=IFCDIRECTION((0.,0.,1.));
#11423=IFCDIRECTION((1.,0.,0.));
#11424=IFCAXIS2PLACEMENT3D(#11421,#11422,#11423);
#11425=IFCLOCALPLACEMENT(#37,#11424);
#11426=IFCPRODUCTDEFINITIONSHAPE($,$,(#11420));
#11427=IFCBUILDINGELEMENTPROXY('3KogXCXI11xfGvuhB8bWys',#5,'G0772.64340fc3e2254d7986a40ef636efae0c',$,$,#11425,#11426,$,$);
#11428=IFCPROPERTYSINGLEVALUE('hectometeraanduiding',$,IFCTEXT(''),$);
#11429=IFCPROPERTYSINGLEVALUE('plus-type',$,IFCTEXT('verkeersbordpaal'),$);
#11430=IFCPROPERTYSINGLEVALUE('subtype',$,IFCTEXT('2'),$);
#11431=IFCPROPERTYSINGLEVALUE('identificatie',$,IFCTEXT('G0772.64340fc3e2254d7986a40ef636efae0c'),$);
#11432=IFCPROPERTYSINGLEVALUE('bgt-status',$,IFCTEXT('bestaand'),$);
#11433=IFCPROPERTYSINGLEVALUE('objectBeginTijd',$,IFCTEXT('2018-05-21T22:00:00'),$);
#11434=IFCPROPERTYSINGLEVALUE('bronhouder',$,IFCTEXT('G0772'),$);
#11435=IFCPROPERTYSINGLEVALUE('inOnderzoek',$,IFCBOOLEAN(.F.),$);
#11436=IFCPROPERTYSINGLEVALUE('relatieveHoogteligging',$,IFCTEXT('0'),$);
#11437=IFCPROPERTYSINGLEVALUE('tijdstipRegistratie',$,IFCTEXT('2022-01-20T16:31:02'),$);
#11438=IFCPROPERTYSINGLEVALUE('LV-publicatiedatum',$,IFCTEXT('2022-01-20T16:49:00'),$);
#11439=IFCPROPERTYSINGLEVALUE('objecttype',$,IFCTEXT('paal_p'),$);
#11440=IFCPROPERTYSET('12UiOXPt55$QB89cD3ABTT',#5,'CPset_BGT',$,(#11428,#11429,#11430,#11431,#11432,#11433,#11434,#11435,#11436,#11437,#11438,#11439));
#11441=IFCRELDEFINESBYPROPERTIES('1xlAMFakXAwfEy8yhOQ1c5',#5,$,$,(#11427),#11440);
#11442=IFCCARTESIANPOINT((-20.738944149256,-15.8142816796317,0.));
#11443=IFCCARTESIANTRANSFORMATIONOPERATOR3D($,$,#11442,1.,$);
#11444=IFCMAPPEDITEM(#10940,#11443);
#11445=IFCSHAPEREPRESENTATION(#11,'Body','MappedRepresentation',(#11444));
#11446=IFCCARTESIANPOINT((0.,0.,0.));
#11447=IFCDIRECTION((0.,0.,1.));
#11448=IFCDIRECTION((1.,0.,0.));
#11449=IFCAXIS2PLACEMENT3D(#11446,#11447,#11448);
#11450=IFCLOCALPLACEMENT(#37,#11449);
#11451=IFCPRODUCTDEFINITIONSHAPE($,$,(#11445));
#11452=IFCBUILDINGELEMENTPROXY('1WKeaqyXn65hcNSozkH8cL',#5,'G0772.729d201e393043aeabafe0e3799eae4e',$,$,#11450,#11451,$,$);
#11453=IFCPROPERTYSINGLEVALUE('hectometeraanduiding',$,IFCTEXT(''),$);
#11454=IFCPROPERTYSINGLEVALUE('plus-type',$,IFCTEXT('verkeersbordpaal'),$);
#11455=IFCPROPERTYSINGLEVALUE('subtype',$,IFCTEXT('2'),$);
#11456=IFCPROPERTYSINGLEVALUE('identificatie',$,IFCTEXT('G0772.729d201e393043aeabafe0e3799eae4e'),$);
#11457=IFCPROPERTYSINGLEVALUE('bgt-status',$,IFCTEXT('bestaand'),$);
#11458=IFCPROPERTYSINGLEVALUE('objectBeginTijd',$,IFCTEXT('2018-05-21T22:00:00'),$);
#11459=IFCPROPERTYSINGLEVALUE('bronhouder',$,IFCTEXT('G0772'),$);
#11460=IFCPROPERTYSINGLEVALUE('inOnderzoek',$,IFCBOOLEAN(.F.),$);
#11461=IFCPROPERTYSINGLEVALUE('relatieveHoogteligging',$,IFCTEXT('0'),$);
#11462=IFCPROPERTYSINGLEVALUE('tijdstipRegistratie',$,IFCTEXT('2022-01-20T16:31:02'),$);
#11463=IFCPROPERTYSINGLEVALUE('LV-publicatiedatum',$,IFCTEXT('2022-01-20T16:49:00'),$);
#11464=IFCPROPERTYSINGLEVALUE('objecttype',$,IFCTEXT('paal_p'),$);
#11465=IFCPROPERTYSET('0kauApfTfFC8qwLuPD6Jf9',#5,'CPset_BGT',$,(#11453,#11454,#11455,#11456,#11457,#11458,#11459,#11460,#11461,#11462,#11463,#11464));
#11466=IFCRELDEFINESBYPROPERTIES('0IA4RyF0X4a8lBOjmwhYuA',#5,$,$,(#11452),#11465);
#11467=IFCCARTESIANPOINT((59.7778459426772,-268.511377989256,0.));
#11468=IFCCARTESIANTRANSFORMATIONOPERATOR3D($,$,#11467,1.,$);
#11469=IFCMAPPEDITEM(#10940,#11468);
#11470=IFCSHAPEREPRESENTATION(#11,'Body','MappedRepresentation',(#11469));
#11471=IFCCARTESIANPOINT((0.,0.,0.));
#11472=IFCDIRECTION((0.,0.,1.));
#11473=IFCDIRECTION((1.,0.,0.));
#11474=IFCAXIS2PLACEMENT3D(#11471,#11472,#11473);
#11475=IFCLOCALPLACEMENT(#37,#11474);
#11476=IFCPRODUCTDEFINITIONSHAPE($,$,(#11470));
#11477=IFCBUILDINGELEMENTPROXY('0irffc3V5DvRky3AwzIRzi',#5,'G0772.77050946b2c74a988a6add185c113a0e',$,$,#11475,#11476,$,$);
#11478=IFCPROPERTYSINGLEVALUE('hectometeraanduiding',$,IFCTEXT(''),$);
#11479=IFCPROPERTYSINGLEVALUE('plus-type',$,IFCTEXT('verkeersbordpaal'),$);
#11480=IFCPROPERTYSINGLEVALUE('subtype',$,IFCTEXT('2'),$);
#11481=IFCPROPERTYSINGLEVALUE('identificatie',$,IFCTEXT('G0772.77050946b2c74a988a6add185c113a0e'),$);
#11482=IFCPROPERTYSINGLEVALUE('bgt-status',$,IFCTEXT('bestaand'),$);
#11483=IFCPROPERTYSINGLEVALUE('objectBeginTijd',$,IFCTEXT('2018-05-14T22:00:00'),$);
#11484=IFCPROPERTYSINGLEVALUE('bronhouder',$,IFCTEXT('G0772'),$);
#11485=IFCPROPERTYSINGLEVALUE('inOnderzoek',$,IFCBOOLEAN(.F.),$);
#11486=IFCPROPERTYSINGLEVALUE('relatieveHoogteligging',$,IFCTEXT('0'),$);
#11487=IFCPROPERTYSINGLEVALUE('tijdstipRegistratie',$,IFCTEXT('2022-01-20T16:31:02'),$);
#11488=IFCPROPERTYSINGLEVALUE('LV-publicatiedatum',$,IFCTEXT('2022-01-20T16:49:00'),$);
#11489=IFCPROPERTYSINGLEVALUE('objecttype',$,IFCTEXT('paal_p'),$);
#11490=IFCPROPERTYSET('0GCWGVAw5ALw96bVIyXybc',#5,'CPset_BGT',$,(#11478,#11479,#11480,#11481,#11482,#11483,#11484,#11485,#11486,#11487,#11488,#11489));
#11491=IFCRELDEFINESBYPROPERTIES('0AScBo3gr6UQ79rfV4l28Y',#5,$,$,(#11477),#11490);
#11492=IFCCARTESIANPOINT((-232.923773151764,-15.6698061749921,0.));
#11493=IFCCARTESIANTRANSFORMATIONOPERATOR3D($,$,#11492,1.,$);
#11494=IFCMAPPEDITEM(#10940,#11493);
#11495=IFCSHAPEREPRESENTATION(#11,'Body','MappedRepresentation',(#11494));
#11496=IFCCARTESIANPOINT((0.,0.,0.));
#11497=IFCDIRECTION((0.,0.,1.));
#11498=IFCDIRECTION((1.,0.,0.));
#11499=IFCAXIS2PLACEMENT3D(#11496,#11497,#11498);
#11500=IFCLOCALPLACEMENT(#37,#11499);
#11501=IFCPRODUCTDEFINITIONSHAPE($,$,(#11495));
#11502=IFCBUILDINGELEMENTPROXY('04bVu2Y_HF1RqVq1lpKRgq',#5,'G0772.6a55368fdf104465b5fdc3082d0ba94a',$,$,#11500,#11501,$,$);
#11503=IFCPROPERTYSINGLEVALUE('hectometeraanduiding',$,IFCTEXT(''),$);
#11504=IFCPROPERTYSINGLEVALUE('plus-type',$,IFCTEXT('verkeersbordpaal'),$);
#11505=IFCPROPERTYSINGLEVALUE('subtype',$,IFCTEXT('2'),$);
#11506=IFCPROPERTYSINGLEVALUE('identificatie',$,IFCTEXT('G0772.6a55368fdf104465b5fdc3082d0ba94a'),$);
#11507=IFCPROPERTYSINGLEVALUE('bgt-status',$,IFCTEXT('bestaand'),$);
#11508=IFCPROPERTYSINGLEVALUE('objectBeginTijd',$,IFCTEXT('2018-05-21T22:00:00'),$);
#11509=IFCPROPERTYSINGLEVALUE('bronhouder',$,IFCTEXT('G0772'),$);
#11510=IFCPROPERTYSINGLEVALUE('inOnderzoek',$,IFCBOOLEAN(.F.),$);
#11511=IFCPROPERTYSINGLEVALUE('relatieveHoogteligging',$,IFCTEXT('0'),$);
#11512=IFCPROPERTYSINGLEVALUE('tijdstipRegistratie',$,IFCTEXT('2022-01-20T16:31:02'),$);
#11513=IFCPROPERTYSINGLEVALUE('LV-publicatiedatum',$,IFCTEXT('2022-01-20T16:49:00'),$);
#11514=IFCPROPERTYSINGLEVALUE('objecttype',$,IFCTEXT('paal_p'),$);
#11515=IFCPROPERTYSET('2vAK2f2$PAxudHIofY57Nc',#5,'CPset_BGT',$,(#11503,#11504,#11505,#11506,#11507,#11508,#11509,#11510,#11511,#11512,#11513,#11514));
#11516=IFCRELDEFINESBYPROPERTIES('3RTV7Iib1BEvn4tII8Q0A9',#5,$,$,(#11502),#11515);
#11517=IFCCARTESIANPOINT((-43.5948635391251,-108.743235046451,0.));
#11518=IFCCARTESIANTRANSFORMATIONOPERATOR3D($,$,#11517,1.,$);
#11519=IFCMAPPEDITEM(#10940,#11518);
#11520=IFCSHAPEREPRESENTATION(#11,'Body','MappedRepresentation',(#11519));
#11521=IFCCARTESIANPOINT((0.,0.,0.));
#11522=IFCDIRECTION((0.,0.,1.));
#11523=IFCDIRECTION((1.,0.,0.));
#11524=IFCAXIS2PLACEMENT3D(#11521,#11522,#11523);
#11525=IFCLOCALPLACEMENT(#37,#11524);
#11526=IFCPRODUCTDEFINITIONSHAPE($,$,(#11520));
#11527=IFCBUILDINGELEMENTPROXY('25fFL3zUj6l9YoqpfoSlQo',#5,'G0772.caec4c5626e642acb5ebb40c4008c897',$,$,#11525,#11526,$,$);
#11528=IFCPROPERTYSINGLEVALUE('hectometeraanduiding',$,IFCTEXT(''),$);
#11529=IFCPROPERTYSINGLEVALUE('plus-type',$,IFCTEXT('verkeersbordpaal'),$);
#11530=IFCPROPERTYSINGLEVALUE('subtype',$,IFCTEXT('2'),$);
#11531=IFCPROPERTYSINGLEVALUE('identificatie',$,IFCTEXT('G0772.caec4c5626e642acb5ebb40c4008c897'),$);
#11532=IFCPROPERTYSINGLEVALUE('bgt-status',$,IFCTEXT('bestaand'),$);
#11533=IFCPROPERTYSINGLEVALUE('objectBeginTijd',$,IFCTEXT('2018-05-21T22:00:00'),$);
#11534=IFCPROPERTYSINGLEVALUE('bronhouder',$,IFCTEXT('G0772'),$);
#11535=IFCPROPERTYSINGLEVALUE('inOnderzoek',$,IFCBOOLEAN(.F.),$);
#11536=IFCPROPERTYSINGLEVALUE('relatieveHoogteligging',$,IFCTEXT('0'),$);
#11537=IFCPROPERTYSINGLEVALUE('tijdstipRegistratie',$,IFCTEXT('2022-01-20T16:31:02'),$);
#11538=IFCPROPERTYSINGLEVALUE('LV-publicatiedatum',$,IFCTEXT('2022-01-20T16:49:00'),$);
#11539=IFCPROPERTYSINGLEVALUE('objecttype',$,IFCTEXT('paal_p'),$);
#11540=IFCPROPERTYSET('04wK7Im0fDjfA0VuXwKS32',#5,'CPset_BGT',$,(#11528,#11529,#11530,#11531,#11532,#11533,#11534,#11535,#11536,#11537,#11538,#11539));
#11541=IFCRELDEFINESBYPROPERTIES('2v6IYlaF94CRLF5DY4J$bw',#5,$,$,(#11527),#11540);
#11542=IFCRELDEFINESBYTYPE('2kXx$xgdP5JPcNw0A4GZSo',#5,'element',$,(#11527),#10941);
#11543=IFCCARTESIANPOINT((0.05,-0.05,0.1));
#11544=IFCCARTESIANPOINT((0.,0.,0.));
#11545=IFCCARTESIANPOINT((0.05,0.05,0.1));
#11546=IFCPOLYLOOP((#11543,#11544,#11545));
#11547=IFCFACEBOUND(#11546,.T.);
#11548=IFCFACE((#11547));
#11549=IFCCARTESIANPOINT((-0.05,0.05,0.1));
#11550=IFCCARTESIANPOINT((0.,0.,0.));
#11551=IFCCARTESIANPOINT((-0.05,-0.05,0.1));
#11552=IFCPOLYLOOP((#11549,#11550,#11551));
#11553=IFCFACEBOUND(#11552,.T.);
#11554=IFCFACE((#11553));
#11555=IFCCARTESIANPOINT((0.,0.,0.));
#11556=IFCCARTESIANPOINT((0.05,-0.05,0.1));
#11557=IFCCARTESIANPOINT((-0.05,-0.05,0.1));
#11558=IFCPOLYLOOP((#11555,#11556,#11557));
#11559=IFCFACEBOUND(#11558,.T.);
#11560=IFCFACE((#11559));
#11561=IFCCARTESIANPOINT((0.05,0.05,0.1));
#11562=IFCCARTESIANPOINT((0.,0.,0.));
#11563=IFCCARTESIANPOINT((-0.05,0.05,0.1));
#11564=IFCPOLYLOOP((#11561,#11562,#11563));
#11565=IFCFACEBOUND(#11564,.T.);
#11566=IFCFACE((#11565));
#11567=IFCCARTESIANPOINT((-0.05,0.05,0.1));
#11568=IFCCARTESIANPOINT((-0.05,-0.05,0.1));
#11569=IFCCARTESIANPOINT((0.05,-0.05,0.1));
#11570=IFCCARTESIANPOINT((0.05,0.05,0.1));
#11571=IFCPOLYLOOP((#11567,#11568,#11569,#11570));
#11572=IFCFACEBOUND(#11571,.T.);
#11573=IFCFACE((#11572));
#11574=IFCCLOSEDSHELL((#11548,#11554,#11560,#11566,#11573));
#11575=IFCFACETEDBREP(#11574);
#11576=IFCSTYLEDITEM(#11575,(#1388),$);
#11577=IFCSHAPEREPRESENTATION(#11,'Body','Brep',(#11575));
#11578=IFCREPRESENTATIONMAP(#9,#11577);
#11579=IFCBUILDINGELEMENTPROXYTYPE('0UtAowvLn838P1I8ApWf$N',#5,'element',$,$,$,(#11578),$,$,.NOTDEFINED.);
#11580=IFCCARTESIANPOINT((261.711179511709,20.8536140997894,0.));
#11581=IFCCARTESIANTRANSFORMATIONOPERATOR3D($,$,#11580,1.,$);
#11582=IFCMAPPEDITEM(#11578,#11581);
#11583=IFCSHAPEREPRESENTATION(#11,'Body','MappedRepresentation',(#11582));
#11584=IFCCARTESIANPOINT((0.,0.,0.));
#11585=IFCDIRECTION((0.,0.,1.));
#11586=IFCDIRECTION((1.,0.,0.));
#11587=IFCAXIS2PLACEMENT3D(#11584,#11585,#11586);
#11588=IFCLOCALPLACEMENT(#37,#11587);
#11589=IFCPRODUCTDEFINITIONSHAPE($,$,(#11583));
#11590=IFCBUILDINGELEMENTPROXY('2P$H5kvnT1kQoM7K1Ma3Lx',#5,'G0772.6d83d091bd5c49f3b2cedf2727fd5db7',$,$,#11588,#11589,$,$);
#11591=IFCPROPERTYSINGLEVALUE('hectometeraanduiding',$,IFCTEXT(''),$);
#11592=IFCPROPERTYSINGLEVALUE('plus-type',$,IFCTEXT('drukknoppaal'),$);
#11593=IFCPROPERTYSINGLEVALUE('subtype',$,IFCTEXT('2'),$);
#11594=IFCPROPERTYSINGLEVALUE('identificatie',$,IFCTEXT('G0772.6d83d091bd5c49f3b2cedf2727fd5db7'),$);
#11595=IFCPROPERTYSINGLEVALUE('bgt-status',$,IFCTEXT('bestaand'),$);
#11596=IFCPROPERTYSINGLEVALUE('objectBeginTijd',$,IFCTEXT('2011-10-19T22:00:00'),$);
#11597=IFCPROPERTYSINGLEVALUE('bronhouder',$,IFCTEXT('G0772'),$);
#11598=IFCPROPERTYSINGLEVALUE('inOnderzoek',$,IFCBOOLEAN(.F.),$);
#11599=IFCPROPERTYSINGLEVALUE('relatieveHoogteligging',$,IFCTEXT('0'),$);
#11600=IFCPROPERTYSINGLEVALUE('tijdstipRegistratie',$,IFCTEXT('2018-11-20T09:55:42'),$);
#11601=IFCPROPERTYSINGLEVALUE('LV-publicatiedatum',$,IFCTEXT('2018-11-21T10:54:05'),$);
#11602=IFCPROPERTYSINGLEVALUE('objecttype',$,IFCTEXT('paal_p'),$);
#11603=IFCPROPERTYSET('0mHS3ysgbEgPUy5xTSIjQT',#5,'CPset_BGT',$,(#11591,#11592,#11593,#11594,#11595,#11596,#11597,#11598,#11599,#11600,#11601,#11602));
#11604=IFCRELDEFINESBYPROPERTIES('1GmbCalj59BwTkIWx_AD1O',#5,$,$,(#11590),#11603);
#11605=IFCCARTESIANPOINT((260.178058940481,50.6211359535228,0.));
#11606=IFCCARTESIANTRANSFORMATIONOPERATOR3D($,$,#11605,1.,$);
#11607=IFCMAPPEDITEM(#11578,#11606);
#11608=IFCSHAPEREPRESENTATION(#11,'Body','MappedRepresentation',(#11607));
#11609=IFCCARTESIANPOINT((0.,0.,0.));
#11610=IFCDIRECTION((0.,0.,1.));
#11611=IFCDIRECTION((1.,0.,0.));
#11612=IFCAXIS2PLACEMENT3D(#11609,#11610,#11611);
#11613=IFCLOCALPLACEMENT(#37,#11612);
#11614=IFCPRODUCTDEFINITIONSHAPE($,$,(#11608));
#11615=IFCBUILDINGELEMENTPROXY('0KmRlG9K10Uen_unkPzE55',#5,'G0772.67bc1f0bd448408799b1245071cdc456',$,$,#11613,#11614,$,$);
#11616=IFCPROPERTYSINGLEVALUE('hectometeraanduiding',$,IFCTEXT(''),$);
#11617=IFCPROPERTYSINGLEVALUE('plus-type',$,IFCTEXT('drukknoppaal'),$);
#11618=IFCPROPERTYSINGLEVALUE('subtype',$,IFCTEXT('2'),$);
#11619=IFCPROPERTYSINGLEVALUE('identificatie',$,IFCTEXT('G0772.67bc1f0bd448408799b1245071cdc456'),$);
#11620=IFCPROPERTYSINGLEVALUE('bgt-status',$,IFCTEXT('bestaand'),$);
#11621=IFCPROPERTYSINGLEVALUE('objectBeginTijd',$,IFCTEXT('2011-10-19T22:00:00'),$);
#11622=IFCPROPERTYSINGLEVALUE('bronhouder',$,IFCTEXT('G0772'),$);
#11623=IFCPROPERTYSINGLEVALUE('inOnderzoek',$,IFCBOOLEAN(.F.),$);
#11624=IFCPROPERTYSINGLEVALUE('relatieveHoogteligging',$,IFCTEXT('0'),$);
#11625=IFCPROPERTYSINGLEVALUE('tijdstipRegistratie',$,IFCTEXT('2018-11-20T09:55:42'),$);
#11626=IFCPROPERTYSINGLEVALUE('LV-publicatiedatum',$,IFCTEXT('2018-11-21T10:54:05'),$);
#11627=IFCPROPERTYSINGLEVALUE('objecttype',$,IFCTEXT('paal_p'),$);
#11628=IFCPROPERTYSET('3ft1mYHuv6SxbDm4vtmh8y',#5,'CPset_BGT',$,(#11616,#11617,#11618,#11619,#11620,#11621,#11622,#11623,#11624,#11625,#11626,#11627));
#11629=IFCRELDEFINESBYPROPERTIES('207cGWnLH7bRat7lTRMWTA',#5,$,$,(#11615),#11628);
#11630=IFCCARTESIANPOINT((264.419527902064,40.6643639341346,0.));
#11631=IFCCARTESIANTRANSFORMATIONOPERATOR3D($,$,#11630,1.,$);
#11632=IFCMAPPEDITEM(#11578,#11631);
#11633=IFCSHAPEREPRESENTATION(#11,'Body','MappedRepresentation',(#11632));
#11634=IFCCARTESIANPOINT((0.,0.,0.));
#11635=IFCDIRECTION((0.,0.,1.));
#11636=IFCDIRECTION((1.,0.,0.));
#11637=IFCAXIS2PLACEMENT3D(#11634,#11635,#11636);
#11638=IFCLOCALPLACEMENT(#37,#11637);
#11639=IFCPRODUCTDEFINITIONSHAPE($,$,(#11633));
#11640=IFCBUILDINGELEMENTPROXY('0RbFJoy6b41QdZLPK91G2s',#5,'G0772.9c2cd7a3d1034ade9d7f16f07c5e9801',$,$,#11638,#11639,$,$);
#11641=IFCPROPERTYSINGLEVALUE('hectometeraanduiding',$,IFCTEXT(''),$);
#11642=IFCPROPERTYSINGLEVALUE('plus-type',$,IFCTEXT('drukknoppaal'),$);
#11643=IFCPROPERTYSINGLEVALUE('subtype',$,IFCTEXT('2'),$);
#11644=IFCPROPERTYSINGLEVALUE('identificatie',$,IFCTEXT('G0772.9c2cd7a3d1034ade9d7f16f07c5e9801'),$);
#11645=IFCPROPERTYSINGLEVALUE('bgt-status',$,IFCTEXT('bestaand'),$);
#11646=IFCPROPERTYSINGLEVALUE('objectBeginTijd',$,IFCTEXT('2011-10-19T22:00:00'),$);
#11647=IFCPROPERTYSINGLEVALUE('bronhouder',$,IFCTEXT('G0772'),$);
#11648=IFCPROPERTYSINGLEVALUE('inOnderzoek',$,IFCBOOLEAN(.F.),$);
#11649=IFCPROPERTYSINGLEVALUE('relatieveHoogteligging',$,IFCTEXT('0'),$);
#11650=IFCPROPERTYSINGLEVALUE('tijdstipRegistratie',$,IFCTEXT('2018-11-20T09:55:42'),$);
#11651=IFCPROPERTYSINGLEVALUE('LV-publicatiedatum',$,IFCTEXT('2018-11-21T10:54:05'),$);
#11652=IFCPROPERTYSINGLEVALUE('objecttype',$,IFCTEXT('paal_p'),$);
#11653=IFCPROPERTYSET('19ovLMXkr04Qs4vCgmXZCh',#5,'CPset_BGT',$,(#11641,#11642,#11643,#11644,#11645,#11646,#11647,#11648,#11649,#11650,#11651,#11652));
#11654=IFCRELDEFINESBYPROPERTIES('1unD4FJLn57BzK3w5$lxvN',#5,$,$,(#11640),#11653);
#11655=IFCCARTESIANPOINT((264.425538844254,53.809600861161,0.));
#11656=IFCCARTESIANTRANSFORMATIONOPERATOR3D($,$,#11655,1.,$);
#11657=IFCMAPPEDITEM(#11578,#11656);
#11658=IFCSHAPEREPRESENTATION(#11,'Body','MappedRepresentation',(#11657));
#11659=IFCCARTESIANPOINT((0.,0.,0.));
#11660=IFCDIRECTION((0.,0.,1.));
#11661=IFCDIRECTION((1.,0.,0.));
#11662=IFCAXIS2PLACEMENT3D(#11659,#11660,#11661);
#11663=IFCLOCALPLACEMENT(#37,#11662);
#11664=IFCPRODUCTDEFINITIONSHAPE($,$,(#11658));
#11665=IFCBUILDINGELEMENTPROXY('3ZTS5mYGf9ae6u2bzbajzB',#5,'G0772.e7ca9f467284423da5c0a528431ab797',$,$,#11663,#11664,$,$);
#11666=IFCPROPERTYSINGLEVALUE('hectometeraanduiding',$,IFCTEXT(''),$);
#11667=IFCPROPERTYSINGLEVALUE('plus-type',$,IFCTEXT('drukknoppaal'),$);
#11668=IFCPROPERTYSINGLEVALUE('subtype',$,IFCTEXT('2'),$);
#11669=IFCPROPERTYSINGLEVALUE('identificatie',$,IFCTEXT('G0772.e7ca9f467284423da5c0a528431ab797'),$);
#11670=IFCPROPERTYSINGLEVALUE('bgt-status',$,IFCTEXT('bestaand'),$);
#11671=IFCPROPERTYSINGLEVALUE('objectBeginTijd',$,IFCTEXT('2011-10-19T22:00:00'),$);
#11672=IFCPROPERTYSINGLEVALUE('bronhouder',$,IFCTEXT('G0772'),$);
#11673=IFCPROPERTYSINGLEVALUE('inOnderzoek',$,IFCBOOLEAN(.F.),$);
#11674=IFCPROPERTYSINGLEVALUE('relatieveHoogteligging',$,IFCTEXT('0'),$);
#11675=IFCPROPERTYSINGLEVALUE('tijdstipRegistratie',$,IFCTEXT('2018-11-20T09:55:42'),$);
#11676=IFCPROPERTYSINGLEVALUE('LV-publicatiedatum',$,IFCTEXT('2018-11-21T10:54:05'),$);
#11677=IFCPROPERTYSINGLEVALUE('objecttype',$,IFCTEXT('paal_p'),$);
#11678=IFCPROPERTYSET('3pE$kCt9zCbBMQqpByHJMY',#5,'CPset_BGT',$,(#11666,#11667,#11668,#11669,#11670,#11671,#11672,#11673,#11674,#11675,#11676,#11677));
#11679=IFCRELDEFINESBYPROPERTIES('1EPd0YVJH5uwZjNHEI03Is',#5,$,$,(#11665),#11678);
#11680=IFCCARTESIANPOINT((257.019331849733,74.9634103987482,0.));
#11681=IFCCARTESIANTRANSFORMATIONOPERATOR3D($,$,#11680,1.,$);
#11682=IFCMAPPEDITEM(#11578,#11681);
#11683=IFCSHAPEREPRESENTATION(#11,'Body','MappedRepresentation',(#11682));
#11684=IFCCARTESIANPOINT((0.,0.,0.));
#11685=IFCDIRECTION((0.,0.,1.));
#11686=IFCDIRECTION((1.,0.,0.));
#11687=IFCAXIS2PLACEMENT3D(#11684,#11685,#11686);
#11688=IFCLOCALPLACEMENT(#37,#11687);
#11689=IFCPRODUCTDEFINITIONSHAPE($,$,(#11683));
#11690=IFCBUILDINGELEMENTPROXY('0s$3oAn39258eYRmk85YLs',#5,'G0772.dc4318f97e37410bac2ec1da3b7f1c1a',$,$,#11688,#11689,$,$);
#11691=IFCPROPERTYSINGLEVALUE('hectometeraanduiding',$,IFCTEXT(''),$);
#11692=IFCPROPERTYSINGLEVALUE('plus-type',$,IFCTEXT('drukknoppaal'),$);
#11693=IFCPROPERTYSINGLEVALUE('subtype',$,IFCTEXT('2'),$);
#11694=IFCPROPERTYSINGLEVALUE('identificatie',$,IFCTEXT('G0772.dc4318f97e37410bac2ec1da3b7f1c1a'),$);
#11695=IFCPROPERTYSINGLEVALUE('bgt-status',$,IFCTEXT('bestaand'),$);
#11696=IFCPROPERTYSINGLEVALUE('objectBeginTijd',$,IFCTEXT('2011-10-19T22:00:00'),$);
#11697=IFCPROPERTYSINGLEVALUE('bronhouder',$,IFCTEXT('G0772'),$);
#11698=IFCPROPERTYSINGLEVALUE('inOnderzoek',$,IFCBOOLEAN(.F.),$);
#11699=IFCPROPERTYSINGLEVALUE('relatieveHoogteligging',$,IFCTEXT('0'),$);
#11700=IFCPROPERTYSINGLEVALUE('tijdstipRegistratie',$,IFCTEXT('2018-11-20T09:55:42'),$);
#11701=IFCPROPERTYSINGLEVALUE('LV-publicatiedatum',$,IFCTEXT('2018-11-21T10:54:05'),$);
#11702=IFCPROPERTYSINGLEVALUE('objecttype',$,IFCTEXT('paal_p'),$);
#11703=IFCPROPERTYSET('2wwaL$ju97IOrmDfVaNlGJ',#5,'CPset_BGT',$,(#11691,#11692,#11693,#11694,#11695,#11696,#11697,#11698,#11699,#11700,#11701,#11702));
#11704=IFCRELDEFINESBYPROPERTIES('1GcCOyciHBuff9tyRk61P2',#5,$,$,(#11690),#11703);
#11705=IFCCARTESIANPOINT((228.026828019094,34.5647582723759,0.));
#11706=IFCCARTESIANTRANSFORMATIONOPERATOR3D($,$,#11705,1.,$);
#11707=IFCMAPPEDITEM(#11578,#11706);
#11708=IFCSHAPEREPRESENTATION(#11,'Body','MappedRepresentation',(#11707));
#11709=IFCCARTESIANPOINT((0.,0.,0.));
#11710=IFCDIRECTION((0.,0.,1.));
#11711=IFCDIRECTION((1.,0.,0.));
#11712=IFCAXIS2PLACEMENT3D(#11709,#11710,#11711);
#11713=IFCLOCALPLACEMENT(#37,#11712);
#11714=IFCPRODUCTDEFINITIONSHAPE($,$,(#11708));
#11715=IFCBUILDINGELEMENTPROXY('1kpa0ooZbAhBsOgHMInhZK',#5,'G0772.5252dd72574b4659aca25ca191c72de1',$,$,#11713,#11714,$,$);
#11716=IFCPROPERTYSINGLEVALUE('hectometeraanduiding',$,IFCTEXT(''),$);
#11717=IFCPROPERTYSINGLEVALUE('plus-type',$,IFCTEXT('drukknoppaal'),$);
#11718=IFCPROPERTYSINGLEVALUE('subtype',$,IFCTEXT('2'),$);
#11719=IFCPROPERTYSINGLEVALUE('identificatie',$,IFCTEXT('G0772.5252dd72574b4659aca25ca191c72de1'),$);
#11720=IFCPROPERTYSINGLEVALUE('bgt-status',$,IFCTEXT('bestaand'),$);
#11721=IFCPROPERTYSINGLEVALUE('objectBeginTijd',$,IFCTEXT('2025-02-13T23:00:00'),$);
#11722=IFCPROPERTYSINGLEVALUE('bronhouder',$,IFCTEXT('G0772'),$);
#11723=IFCPROPERTYSINGLEVALUE('inOnderzoek',$,IFCBOOLEAN(.F.),$);
#11724=IFCPROPERTYSINGLEVALUE('relatieveHoogteligging',$,IFCTEXT('0'),$);
#11725=IFCPROPERTYSINGLEVALUE('tijdstipRegistratie',$,IFCTEXT('2025-02-25T09:37:15'),$);
#11726=IFCPROPERTYSINGLEVALUE('LV-publicatiedatum',$,IFCTEXT('2025-02-25T09:45:00'),$);
#11727=IFCPROPERTYSINGLEVALUE('objecttype',$,IFCTEXT('paal_p'),$);
#11728=IFCPROPERTYSET('2tuod1cuv0kgBhoHZpMHHY',#5,'CPset_BGT',$,(#11716,#11717,#11718,#11719,#11720,#11721,#11722,#11723,#11724,#11725,#11726,#11727));
#11729=IFCRELDEFINESBYPROPERTIES('0_oCJZAU11LOO7h5p0SjND',#5,$,$,(#11715),#11728);
#11730=IFCCARTESIANPOINT((227.196963726456,44.5925132681732,0.));
#11731=IFCCARTESIANTRANSFORMATIONOPERATOR3D($,$,#11730,1.,$);
#11732=IFCMAPPEDITEM(#11578,#11731);
#11733=IFCSHAPEREPRESENTATION(#11,'Body','MappedRepresentation',(#11732));
#11734=IFCCARTESIANPOINT((0.,0.,0.));
#11735=IFCDIRECTION((0.,0.,1.));
#11736=IFCDIRECTION((1.,0.,0.));
#11737=IFCAXIS2PLACEMENT3D(#11734,#11735,#11736);
#11738=IFCLOCALPLACEMENT(#37,#11737);
#11739=IFCPRODUCTDEFINITIONSHAPE($,$,(#11733));
#11740=IFCBUILDINGELEMENTPROXY('1O6jd_3hD8u9xXX7Ut1pPe',#5,'G0772.eb4086529d6e4f3c8d37ba0551eb1d24',$,$,#11738,#11739,$,$);
#11741=IFCPROPERTYSINGLEVALUE('hectometeraanduiding',$,IFCTEXT(''),$);
#11742=IFCPROPERTYSINGLEVALUE('plus-type',$,IFCTEXT('drukknoppaal'),$);
#11743=IFCPROPERTYSINGLEVALUE('subtype',$,IFCTEXT('2'),$);
#11744=IFCPROPERTYSINGLEVALUE('identificatie',$,IFCTEXT('G0772.eb4086529d6e4f3c8d37ba0551eb1d24'),$);
#11745=IFCPROPERTYSINGLEVALUE('bgt-status',$,IFCTEXT('bestaand'),$);
#11746=IFCPROPERTYSINGLEVALUE('objectBeginTijd',$,IFCTEXT('2025-02-13T23:00:00'),$);
#11747=IFCPROPERTYSINGLEVALUE('bronhouder',$,IFCTEXT('G0772'),$);
#11748=IFCPROPERTYSINGLEVALUE('inOnderzoek',$,IFCBOOLEAN(.F.),$);
#11749=IFCPROPERTYSINGLEVALUE('relatieveHoogteligging',$,IFCTEXT('0'),$);
#11750=IFCPROPERTYSINGLEVALUE('tijdstipRegistratie',$,IFCTEXT('2025-02-25T09:37:15'),$);
#11751=IFCPROPERTYSINGLEVALUE('LV-publicatiedatum',$,IFCTEXT('2025-02-25T09:45:00'),$);
#11752=IFCPROPERTYSINGLEVALUE('objecttype',$,IFCTEXT('paal_p'),$);
#11753=IFCPROPERTYSET('02JByDQcz1pOcbnNkrYayf',#5,'CPset_BGT',$,(#11741,#11742,#11743,#11744,#11745,#11746,#11747,#11748,#11749,#11750,#11751,#11752));
#11754=IFCRELDEFINESBYPROPERTIES('2G78zM_fnETupf75NX2F2J',#5,$,$,(#11740),#11753);
#11755=IFCCARTESIANPOINT((229.031395018857,23.5157785392366,0.));
#11756=IFCCARTESIANTRANSFORMATIONOPERATOR3D($,$,#11755,1.,$);
#11757=IFCMAPPEDITEM(#11578,#11756);
#11758=IFCSHAPEREPRESENTATION(#11,'Body','MappedRepresentation',(#11757));
#11759=IFCCARTESIANPOINT((0.,0.,0.));
#11760=IFCDIRECTION((0.,0.,1.));
#11761=IFCDIRECTION((1.,0.,0.));
#11762=IFCAXIS2PLACEMENT3D(#11759,#11760,#11761);
#11763=IFCLOCALPLACEMENT(#37,#11762);
#11764=IFCPRODUCTDEFINITIONSHAPE($,$,(#11758));
#11765=IFCBUILDINGELEMENTPROXY('0WRpcWsXT8NgCwr8dw9rDF',#5,'G0772.4e60d819328248ccb87f39a4fc98c037',$,$,#11763,#11764,$,$);
#11766=IFCPROPERTYSINGLEVALUE('hectometeraanduiding',$,IFCTEXT(''),$);
#11767=IFCPROPERTYSINGLEVALUE('plus-type',$,IFCTEXT('drukknoppaal'),$);
#11768=IFCPROPERTYSINGLEVALUE('subtype',$,IFCTEXT('2'),$);
#11769=IFCPROPERTYSINGLEVALUE('identificatie',$,IFCTEXT('G0772.4e60d819328248ccb87f39a4fc98c037'),$);
#11770=IFCPROPERTYSINGLEVALUE('bgt-status',$,IFCTEXT('bestaand'),$);
#11771=IFCPROPERTYSINGLEVALUE('objectBeginTijd',$,IFCTEXT('2025-02-13T23:00:00'),$);
#11772=IFCPROPERTYSINGLEVALUE('bronhouder',$,IFCTEXT('G0772'),$);
#11773=IFCPROPERTYSINGLEVALUE('inOnderzoek',$,IFCBOOLEAN(.F.),$);
#11774=IFCPROPERTYSINGLEVALUE('relatieveHoogteligging',$,IFCTEXT('0'),$);
#11775=IFCPROPERTYSINGLEVALUE('tijdstipRegistratie',$,IFCTEXT('2025-02-25T09:37:15'),$);
#11776=IFCPROPERTYSINGLEVALUE('LV-publicatiedatum',$,IFCTEXT('2025-02-25T09:45:00'),$);
#11777=IFCPROPERTYSINGLEVALUE('objecttype',$,IFCTEXT('paal_p'),$);
#11778=IFCPROPERTYSET('3LZUSQ5ir0I8CFGprWrgH7',#5,'CPset_BGT',$,(#11766,#11767,#11768,#11769,#11770,#11771,#11772,#11773,#11774,#11775,#11776,#11777));
#11779=IFCRELDEFINESBYPROPERTIES('1qidlj7MDBXhI_iJuYi8SK',#5,$,$,(#11765),#11778);
#11780=IFCCARTESIANPOINT((260.62666058974,37.013612976938,0.));
#11781=IFCCARTESIANTRANSFORMATIONOPERATOR3D($,$,#11780,1.,$);
#11782=IFCMAPPEDITEM(#11578,#11781);
#11783=IFCSHAPEREPRESENTATION(#11,'Body','MappedRepresentation',(#11782));
#11784=IFCCARTESIANPOINT((0.,0.,0.));
#11785=IFCDIRECTION((0.,0.,1.));
#11786=IFCDIRECTION((1.,0.,0.));
#11787=IFCAXIS2PLACEMENT3D(#11784,#11785,#11786);
#11788=IFCLOCALPLACEMENT(#37,#11787);
#11789=IFCPRODUCTDEFINITIONSHAPE($,$,(#11783));
#11790=IFCBUILDINGELEMENTPROXY('0USbqYzeD4yAQ54rfit4nR',#5,'G0772.2e93c03292ea465f829711629b3f9c3c',$,$,#11788,#11789,$,$);
#11791=IFCPROPERTYSINGLEVALUE('hectometeraanduiding',$,IFCTEXT(''),$);
#11792=IFCPROPERTYSINGLEVALUE('plus-type',$,IFCTEXT('drukknoppaal'),$);
#11793=IFCPROPERTYSINGLEVALUE('subtype',$,IFCTEXT('2'),$);
#11794=IFCPROPERTYSINGLEVALUE('identificatie',$,IFCTEXT('G0772.2e93c03292ea465f829711629b3f9c3c'),$);
#11795=IFCPROPERTYSINGLEVALUE('bgt-status',$,IFCTEXT('bestaand'),$);
#11796=IFCPROPERTYSINGLEVALUE('objectBeginTijd',$,IFCTEXT('2011-10-19T22:00:00'),$);
#11797=IFCPROPERTYSINGLEVALUE('bronhouder',$,IFCTEXT('G0772'),$);
#11798=IFCPROPERTYSINGLEVALUE('inOnderzoek',$,IFCBOOLEAN(.F.),$);
#11799=IFCPROPERTYSINGLEVALUE('relatieveHoogteligging',$,IFCTEXT('0'),$);
#11800=IFCPROPERTYSINGLEVALUE('tijdstipRegistratie',$,IFCTEXT('2018-11-20T09:55:42'),$);
#11801=IFCPROPERTYSINGLEVALUE('LV-publicatiedatum',$,IFCTEXT('2018-11-21T10:54:05'),$);
#11802=IFCPROPERTYSINGLEVALUE('objecttype',$,IFCTEXT('paal_p'),$);
#11803=IFCPROPERTYSET('2vXWxDTpb0DBp4_QhAH9eG',#5,'CPset_BGT',$,(#11791,#11792,#11793,#11794,#11795,#11796,#11797,#11798,#11799,#11800,#11801,#11802));
#11804=IFCRELDEFINESBYPROPERTIES('33eFQpN0rFuA0$Xy6l4AF3',#5,$,$,(#11790),#11803);
#11805=IFCCARTESIANPOINT((237.750742119242,7.54481851350283,0.));
#11806=IFCCARTESIANTRANSFORMATIONOPERATOR3D($,$,#11805,1.,$);
#11807=IFCMAPPEDITEM(#11578,#11806);
#11808=IFCSHAPEREPRESENTATION(#11,'Body','MappedRepresentation',(#11807));
#11809=IFCCARTESIANPOINT((0.,0.,0.));
#11810=IFCDIRECTION((0.,0.,1.));
#11811=IFCDIRECTION((1.,0.,0.));
#11812=IFCAXIS2PLACEMENT3D(#11809,#11810,#11811);
#11813=IFCLOCALPLACEMENT(#37,#11812);
#11814=IFCPRODUCTDEFINITIONSHAPE($,$,(#11808));
#11815=IFCBUILDINGELEMENTPROXY('3mVBxwtU58l8VwCw6gzQQD',#5,'G0772.8fbf9e04c18c4c82b219c5e7585ecac2',$,$,#11813,#11814,$,$);
#11816=IFCPROPERTYSINGLEVALUE('hectometeraanduiding',$,IFCTEXT(''),$);
#11817=IFCPROPERTYSINGLEVALUE('plus-type',$,IFCTEXT('drukknoppaal'),$);
#11818=IFCPROPERTYSINGLEVALUE('subtype',$,IFCTEXT('2'),$);
#11819=IFCPROPERTYSINGLEVALUE('identificatie',$,IFCTEXT('G0772.8fbf9e04c18c4c82b219c5e7585ecac2'),$);
#11820=IFCPROPERTYSINGLEVALUE('bgt-status',$,IFCTEXT('bestaand'),$);
#11821=IFCPROPERTYSINGLEVALUE('objectBeginTijd',$,IFCTEXT('2025-02-13T23:00:00'),$);
#11822=IFCPROPERTYSINGLEVALUE('bronhouder',$,IFCTEXT('G0772'),$);
#11823=IFCPROPERTYSINGLEVALUE('inOnderzoek',$,IFCBOOLEAN(.F.),$);
#11824=IFCPROPERTYSINGLEVALUE('relatieveHoogteligging',$,IFCTEXT('0'),$);
#11825=IFCPROPERTYSINGLEVALUE('tijdstipRegistratie',$,IFCTEXT('2025-02-25T09:37:15'),$);
#11826=IFCPROPERTYSINGLEVALUE('LV-publicatiedatum',$,IFCTEXT('2025-02-25T09:45:00'),$);
#11827=IFCPROPERTYSINGLEVALUE('objecttype',$,IFCTEXT('paal_p'),$);
#11828=IFCPROPERTYSET('1MP3B14i1FPOR6QPUTppoI',#5,'CPset_BGT',$,(#11816,#11817,#11818,#11819,#11820,#11821,#11822,#11823,#11824,#11825,#11826,#11827));
#11829=IFCRELDEFINESBYPROPERTIES('0nn0HPHc1DjBFtLZ3uVEvf',#5,$,$,(#11815),#11828);
#11830=IFCCARTESIANPOINT((260.126977043255,71.3347537118825,0.));
#11831=IFCCARTESIANTRANSFORMATIONOPERATOR3D($,$,#11830,1.,$);
#11832=IFCMAPPEDITEM(#11578,#11831);
#11833=IFCSHAPEREPRESENTATION(#11,'Body','MappedRepresentation',(#11832));
#11834=IFCCARTESIANPOINT((0.,0.,0.));
#11835=IFCDIRECTION((0.,0.,1.));
#11836=IFCDIRECTION((1.,0.,0.));
#11837=IFCAXIS2PLACEMENT3D(#11834,#11835,#11836);
#11838=IFCLOCALPLACEMENT(#37,#11837);
#11839=IFCPRODUCTDEFINITIONSHAPE($,$,(#11833));
#11840=IFCBUILDINGELEMENTPROXY('1cLVZqS$rEmgG4Zi8Sf6rN',#5,'G0772.9b92ab25ffbc4e1da11c849aabf36712',$,$,#11838,#11839,$,$);
#11841=IFCPROPERTYSINGLEVALUE('hectometeraanduiding',$,IFCTEXT(''),$);
#11842=IFCPROPERTYSINGLEVALUE('plus-type',$,IFCTEXT('drukknoppaal'),$);
#11843=IFCPROPERTYSINGLEVALUE('subtype',$,IFCTEXT('2'),$);
#11844=IFCPROPERTYSINGLEVALUE('identificatie',$,IFCTEXT('G0772.9b92ab25ffbc4e1da11c849aabf36712'),$);
#11845=IFCPROPERTYSINGLEVALUE('bgt-status',$,IFCTEXT('bestaand'),$);
#11846=IFCPROPERTYSINGLEVALUE('objectBeginTijd',$,IFCTEXT('2011-10-19T22:00:00'),$);
#11847=IFCPROPERTYSINGLEVALUE('bronhouder',$,IFCTEXT('G0772'),$);
#11848=IFCPROPERTYSINGLEVALUE('inOnderzoek',$,IFCBOOLEAN(.F.),$);
#11849=IFCPROPERTYSINGLEVALUE('relatieveHoogteligging',$,IFCTEXT('0'),$);
#11850=IFCPROPERTYSINGLEVALUE('tijdstipRegistratie',$,IFCTEXT('2018-11-20T09:55:42'),$);
#11851=IFCPROPERTYSINGLEVALUE('LV-publicatiedatum',$,IFCTEXT('2018-11-21T10:54:05'),$);
#11852=IFCPROPERTYSINGLEVALUE('objecttype',$,IFCTEXT('paal_p'),$);
#11853=IFCPROPERTYSET('1cZ0b2GTbEavwHlOlneNFV',#5,'CPset_BGT',$,(#11841,#11842,#11843,#11844,#11845,#11846,#11847,#11848,#11849,#11850,#11851,#11852));
#11854=IFCRELDEFINESBYPROPERTIES('1Udkymlcr3yhvuI4JUOFvo',#5,$,$,(#11840),#11853);
#11855=IFCRELDEFINESBYTYPE('2KjMjWcYf4k9EfE$pqllTL',#5,'element',$,(#11840),#11579);
#11856=IFCCARTESIANPOINT((0.05,-0.05,0.1));
#11857=IFCCARTESIANPOINT((0.,0.,0.));
#11858=IFCCARTESIANPOINT((0.05,0.05,0.1));
#11859=IFCPOLYLOOP((#11856,#11857,#11858));
#11860=IFCFACEBOUND(#11859,.T.);
#11861=IFCFACE((#11860));
#11862=IFCCARTESIANPOINT((-0.05,0.05,0.1));
#11863=IFCCARTESIANPOINT((0.,0.,0.));
#11864=IFCCARTESIANPOINT((-0.05,-0.05,0.1));
#11865=IFCPOLYLOOP((#11862,#11863,#11864));
#11866=IFCFACEBOUND(#11865,.T.);
#11867=IFCFACE((#11866));
#11868=IFCCARTESIANPOINT((0.,0.,0.));
#11869=IFCCARTESIANPOINT((0.05,-0.05,0.1));
#11870=IFCCARTESIANPOINT((-0.05,-0.05,0.1));
#11871=IFCPOLYLOOP((#11868,#11869,#11870));
#11872=IFCFACEBOUND(#11871,.T.);
#11873=IFCFACE((#11872));
#11874=IFCCARTESIANPOINT((0.05,0.05,0.1));
#11875=IFCCARTESIANPOINT((0.,0.,0.));
#11876=IFCCARTESIANPOINT((-0.05,0.05,0.1));
#11877=IFCPOLYLOOP((#11874,#11875,#11876));
#11878=IFCFACEBOUND(#11877,.T.);
#11879=IFCFACE((#11878));
#11880=IFCCARTESIANPOINT((-0.05,0.05,0.1));
#11881=IFCCARTESIANPOINT((-0.05,-0.05,0.1));
#11882=IFCCARTESIANPOINT((0.05,-0.05,0.1));
#11883=IFCCARTESIANPOINT((0.05,0.05,0.1));
#11884=IFCPOLYLOOP((#11880,#11881,#11882,#11883));
#11885=IFCFACEBOUND(#11884,.T.);
#11886=IFCFACE((#11885));
#11887=IFCCLOSEDSHELL((#11861,#11867,#11873,#11879,#11886));
#11888=IFCFACETEDBREP(#11887);
#11889=IFCSTYLEDITEM(#11888,(#1388),$);
#11890=IFCSHAPEREPRESENTATION(#11,'Body','Brep',(#11888));
#11891=IFCREPRESENTATIONMAP(#9,#11890);
#11892=IFCBUILDINGELEMENTPROXYTYPE('2AtlJZ6pT0quTiZEFXz_gb',#5,'element',$,$,$,(#11891),$,$,.NOTDEFINED.);
#11893=IFCCARTESIANPOINT((211.08794216704,-9.59218051523203,0.));
#11894=IFCCARTESIANTRANSFORMATIONOPERATOR3D($,$,#11893,1.,$);
#11895=IFCMAPPEDITEM(#11891,#11894);
#11896=IFCSHAPEREPRESENTATION(#11,'Body','MappedRepresentation',(#11895));
#11897=IFCCARTESIANPOINT((0.,0.,0.));
#11898=IFCDIRECTION((0.,0.,1.));
#11899=IFCDIRECTION((1.,0.,0.));
#11900=IFCAXIS2PLACEMENT3D(#11897,#11898,#11899);
#11901=IFCLOCALPLACEMENT(#37,#11900);
#11902=IFCPRODUCTDEFINITIONSHAPE($,$,(#11896));
#11903=IFCBUILDINGELEMENTPROXY('00jBIzC5bEdR8xY_$FBG$K',#5,'G0772.36528b1b040c400f93c39682c2ecb308',$,$,#11901,#11902,$,$);
#11904=IFCPROPERTYSINGLEVALUE('hectometeraanduiding',$,IFCTEXT(''),$);
#11905=IFCPROPERTYSINGLEVALUE('plus-type',$,IFCTEXT('vlaggenmast'),$);
#11906=IFCPROPERTYSINGLEVALUE('subtype',$,IFCTEXT('2'),$);
#11907=IFCPROPERTYSINGLEVALUE('identificatie',$,IFCTEXT('G0772.36528b1b040c400f93c39682c2ecb308'),$);
#11908=IFCPROPERTYSINGLEVALUE('bgt-status',$,IFCTEXT('bestaand'),$);
#11909=IFCPROPERTYSINGLEVALUE('objectBeginTijd',$,IFCTEXT('2018-05-14T22:00:00'),$);
#11910=IFCPROPERTYSINGLEVALUE('bronhouder',$,IFCTEXT('G0772'),$);
#11911=IFCPROPERTYSINGLEVALUE('inOnderzoek',$,IFCBOOLEAN(.F.),$);
#11912=IFCPROPERTYSINGLEVALUE('relatieveHoogteligging',$,IFCTEXT('0'),$);
#11913=IFCPROPERTYSINGLEVALUE('tijdstipRegistratie',$,IFCTEXT('2022-01-20T16:31:02'),$);
#11914=IFCPROPERTYSINGLEVALUE('LV-publicatiedatum',$,IFCTEXT('2022-01-20T16:49:00'),$);
#11915=IFCPROPERTYSINGLEVALUE('objecttype',$,IFCTEXT('paal_p'),$);
#11916=IFCPROPERTYSET('3grs3Cc$12wQRX_VUN$WGU',#5,'CPset_BGT',$,(#11904,#11905,#11906,#11907,#11908,#11909,#11910,#11911,#11912,#11913,#11914,#11915));
#11917=IFCRELDEFINESBYPROPERTIES('2TXhYeQEP3FgOXouR9V0lX',#5,$,$,(#11903),#11916);
#11918=IFCCARTESIANPOINT((212.971790263022,-14.1730670398683,0.));
#11919=IFCCARTESIANTRANSFORMATIONOPERATOR3D($,$,#11918,1.,$);
#11920=IFCMAPPEDITEM(#11891,#11919);
#11921=IFCSHAPEREPRESENTATION(#11,'Body','MappedRepresentation',(#11920));
#11922=IFCCARTESIANPOINT((0.,0.,0.));
#11923=IFCDIRECTION((0.,0.,1.));
#11924=IFCDIRECTION((1.,0.,0.));
#11925=IFCAXIS2PLACEMENT3D(#11922,#11923,#11924);
#11926=IFCLOCALPLACEMENT(#37,#11925);
#11927=IFCPRODUCTDEFINITIONSHAPE($,$,(#11921));
#11928=IFCBUILDINGELEMENTPROXY('3qWSpwGTTBThT056z_uMxY',#5,'G0772.2bbe6d2809994688a505b934a78fdf02',$,$,#11926,#11927,$,$);
#11929=IFCPROPERTYSINGLEVALUE('hectometeraanduiding',$,IFCTEXT(''),$);
#11930=IFCPROPERTYSINGLEVALUE('plus-type',$,IFCTEXT('vlaggenmast'),$);
#11931=IFCPROPERTYSINGLEVALUE('subtype',$,IFCTEXT('2'),$);
#11932=IFCPROPERTYSINGLEVALUE('identificatie',$,IFCTEXT('G0772.2bbe6d2809994688a505b934a78fdf02'),$);
#11933=IFCPROPERTYSINGLEVALUE('bgt-status',$,IFCTEXT('bestaand'),$);
#11934=IFCPROPERTYSINGLEVALUE('objectBeginTijd',$,IFCTEXT('2018-05-14T22:00:00'),$);
#11935=IFCPROPERTYSINGLEVALUE('bronhouder',$,IFCTEXT('G0772'),$);
#11936=IFCPROPERTYSINGLEVALUE('inOnderzoek',$,IFCBOOLEAN(.F.),$);
#11937=IFCPROPERTYSINGLEVALUE('relatieveHoogteligging',$,IFCTEXT('0'),$);
#11938=IFCPROPERTYSINGLEVALUE('tijdstipRegistratie',$,IFCTEXT('2022-01-20T16:31:02'),$);
#11939=IFCPROPERTYSINGLEVALUE('LV-publicatiedatum',$,IFCTEXT('2022-01-20T16:49:00'),$);
#11940=IFCPROPERTYSINGLEVALUE('objecttype',$,IFCTEXT('paal_p'),$);
#11941=IFCPROPERTYSET('3Fd2RK4mL3uwYcCd0pVD8E',#5,'CPset_BGT',$,(#11929,#11930,#11931,#11932,#11933,#11934,#11935,#11936,#11937,#11938,#11939,#11940));
#11942=IFCRELDEFINESBYPROPERTIES('3sQkzWZNn8ouZ1q3vETk$D',#5,$,$,(#11928),#11941);
#11943=IFCRELDEFINESBYTYPE('16yO_DTg1FjBxC4Z7cHWXq',#5,'element',$,(#11928),#11892);
#11944=IFCRELCONTAINEDINSPATIALSTRUCTURE('3WbvApY4nB_xlK1nNAQ1dP',#5,'Building Storey Container',$,(#1397,#1989,#2014,#2039,#2064,#2089,#2114,#2139,#2164,#2189,#2214,#2239,#2264,#2289,#2314,#2339,#2364,#2389,#2414,#2439,#2464,#2489,#2514,#2539,#2564,#2589,#2614,#2639,#2664,#2689,#2714,#2739,#2764,#2789,#2814,#2839,#2864,#2889,#2914,#2939,#2964,#2989,#3014,#3039,#3064,#3089,#3114,#3139,#3164,#3189,#3214,#3239,#3264,#3289,#3314,#3339,#3364,#3389,#3414,#3439,#3464,#3489,#3514,#3539,#3564,#3589,#3614,#3639,#3664,#3689,#3714,#3739,#3764,#3789,#3814,#3839,#3864,#3889,#3914,#3939,#3964,#3989,#4014,#4039,#4064,#4089,#4114,#4139,#4164,#4189,#4214,#4239,#4264,#4289,#4314,#4339,#4364,#4389,#4414,#4439,#4464,#4489,#4514,#4539,#4564,#4589,#4614,#4639,#4664,#4689,#4714,#4739,#4764,#4789,#4814,#4839,#4864,#4889,#4914,#4939,#4964,#4989,#5014,#5039,#5064,#5089,#5114,#5139,#5164,#5189,#5214,#5239,#5264,#5289,#5314,#5339,#5364,#5389,#5414,#5439,#5464,#5489,#5514,#5539,#5564,#5589,#5614,#5639,#5664,#5689,#5714,#5739,#5764,#5789,#5814,#5839,#5864,#5889,#5914,#5939,#5964,#5989,#6014,#6039,#6064,#6089,#6114,#6139,#6164,#6189,#6214,#6239,#6264,#6289,#6314,#6339,#6364,#6389,#6414,#6439,#6464,#6489,#6514,#6539,#6564,#6589,#6614,#6639,#6664,#6689,#6714,#6739,#6764,#6789,#6814,#6839,#6864,#6889,#6914,#6939,#6964,#6989,#7014,#7039,#7064,#7089,#7114,#7139,#7164,#7189,#7214,#7239,#7264,#7289,#7314,#7339,#7364,#7389,#7414,#7439,#7464,#7489,#7514,#7539,#7564,#7589,#7614,#7639,#7664,#7689,#7714,#7739,#7764,#7789,#7814,#7839,#7864,#7889,#7914,#7939,#7964,#7989,#8014,#8039,#8064,#8089,#8114,#8139,#8164,#8189,#8214,#8239,#8264,#8289,#8314,#8339,#8364,#8389,#8414,#8439,#8464,#8489,#8514,#8539,#8564,#8589,#8614,#8639,#8664,#8727,#8801,#8826,#8851,#8876,#8901,#8926,#8951,#8976,#9001,#9026,#9051,#9114,#9139,#9164,#9189,#9214,#9239,#9264,#9289,#9314,#9339,#9364,#9389,#9414,#9439,#9464,#9489,#9514,#9539,#9564,#9589,#9614,#9639,#9664,#9689,#9714,#9739,#9764,#9789,#9814,#9839,#9864,#9889,#9914,#9939,#9964,#9989,#10014,#10039,#10064,#10089,#10114,#10139,#10164,#10189,#10214,#10239,#10264,#10289,#10314,#10339,#10364,#10389,#10414,#10439,#10464,#10489,#10514,#10539,#10564,#10589,#10614,#10639,#10664,#10689,#10714,#10739,#10764,#10789,#10814,#10839,#10864,#10889,#10952,#10977,#11002,#11027,#11052,#11077,#11102,#11127,#11152,#11177,#11202,#11227,#11252,#11277,#11302,#11327,#11352,#11377,#11402,#11427,#11452,#11477,#11502,#11527,#11590,#11615,#11640,#11665,#11690,#11715,#11740,#11765,#11790,#11815,#11840,#11903,#11928),#38);
#11945=IFCMATERIAL('GEO-Nulpunt');
#11946=IFCRELASSOCIATESMATERIAL('1GYcBGWT910fHpqE$k25dP',#5,$,$,(#1397),#11945);
#11947=IFCMATERIAL('BGT-Paal,lichtmast');
#11948=IFCRELASSOCIATESMATERIAL('2CQHinhRH9zRFxLdrSFx0v',#5,$,$,(#1989,#2014,#2039,#2064,#2089,#2114,#2139,#2164,#2189,#2214,#2239,#2264,#2289,#2314,#2339,#2364,#2389,#2414,#2439,#2464,#2489,#2564,#2589,#2614,#2639,#2664,#2689,#2714,#2739,#2764,#2789,#2814,#2839,#2864,#2889,#2914,#2939,#2964,#2989,#3014,#3039,#3064,#3089,#3114,#3139,#3164,#3189,#3214,#3239,#3264,#3289,#3314,#3339,#3364,#3389,#3414,#3439,#3464,#3489,#3514,#3539,#3564,#3589,#3614,#3639,#3664,#3689,#3714,#3739,#3764,#3789,#3814,#3839,#3864,#3889,#3914,#3939,#3964,#3989,#4014,#4039,#4064,#4089,#4114,#4139,#4164,#4189,#4214,#4239,#4289,#4314,#4339,#4364,#4389,#4414,#4439,#4489,#4514,#4539,#4564,#4589,#4614,#4639,#4664,#4689,#4714,#4739,#4764,#4789,#4814,#4839,#4864,#4889,#4914,#4939,#4964,#4989,#5014,#5039,#5064,#5089,#5114,#5139,#5164,#5189,#5214,#5239,#5264,#5289,#5314,#5339,#5364,#5389,#5414,#5439,#5464,#5489,#5514,#5539,#5564,#5589,#5614,#5639,#5664,#5689,#5714,#5739,#5764,#5789,#5814,#5839,#5864,#5889,#5914,#5939,#5964,#5989,#6014,#6039,#6064,#6089,#6114,#6139,#6164,#6189,#6214,#6239,#6264,#6289,#6314,#6339,#6364,#6389,#6414,#6439,#6464,#6489,#6514,#6539,#6564,#6614,#6639,#6664,#6689,#6714,#6739,#6764,#6789,#6814,#6839,#6864,#6889,#6914,#6939,#6964,#6989,#7014,#7039,#7064,#7089,#7114,#7139,#7164,#7189,#7214,#7239,#7264,#7289,#7314,#7339,#7364,#7389,#7414,#7439,#7464,#7489,#7514,#7539,#7564,#7589,#7614,#7639,#7664,#7689,#7714,#7739,#7764,#7789,#7814,#7839,#7864,#7889,#7914,#7939,#7964,#7989,#8014,#8039,#8064,#8089,#8114,#8139,#8164,#8189,#8214,#8239,#8264,#8289,#8314,#8339,#8389,#8414,#8439,#8464,#8489,#8514,#8539,#8564,#8589,#8614,#8639,#8664),#11947);
#11949=IFCMATERIAL('BGT-Paal,niet-bgt:lichtmast');
#11950=IFCRELASSOCIATESMATERIAL('0SCid_wVj0k9ojh6gMg4BQ',#5,$,$,(#2514,#2539,#4264,#4464,#6589,#8364),#11949);
#11951=IFCMATERIAL('BGT-Paal,poller');
#11952=IFCRELASSOCIATESMATERIAL('1d$m_BW5fEoOEldwStfhXs',#5,$,$,(#8727),#11951);
#11953=IFCMATERIAL('BGT-Paal,afsluitpaal');
#11954=IFCRELASSOCIATESMATERIAL('1t9ZSbBZj00f_lxCe2sRay',#5,$,$,(#8801,#8826,#8851,#8876,#8901,#8926,#8951,#8976,#9001,#9026,#9051),#11953);
#11955=IFCMATERIAL('BGT-Paal,verkeersregelinstallatiepaal');
#11956=IFCRELASSOCIATESMATERIAL('1zuTtrntDCbAA3gY3Ny4gC',#5,$,$,(#9114,#9139,#9164,#9189,#9214,#9239,#9264,#9289,#9314,#9339,#9364,#9389,#9414,#9439,#9464,#9489,#9514,#9539,#9564,#9589,#9614,#9639,#9664,#9689,#9714,#9739,#9764,#9789,#9814,#9839,#9864,#9889,#9914,#9939,#9964,#9989,#10014,#10039,#10064,#10089,#10114,#10139,#10164,#10189,#10214,#10239,#10264,#10289,#10314,#10339,#10364,#10389,#10414,#10439,#10464,#10489,#10514,#10539,#10564,#10589,#10614,#10639,#10664,#10689,#10714,#10739,#10764,#10789,#10814,#10839,#10864,#10889),#11955);
#11957=IFCMATERIAL('BGT-Paal,verkeersbordpaal');
#11958=IFCRELASSOCIATESMATERIAL('0yEMR1FizA7BGxTf3oZSoe',#5,$,$,(#10952,#10977,#11002,#11027,#11052,#11077,#11102,#11127,#11152,#11177,#11202,#11227,#11252,#11277,#11302,#11327,#11352,#11377,#11402,#11427,#11452,#11477,#11502,#11527),#11957);
#11959=IFCMATERIAL('BGT-Paal,drukknoppaal');
#11960=IFCRELASSOCIATESMATERIAL('2RYNhurvHEEv9wXJXVJ3pG',#5,$,$,(#11590,#11615,#11640,#11665,#11690,#11715,#11740,#11765,#11790,#11815,#11840),#11959);
#11961=IFCMATERIAL('BGT-Paal,vlaggenmast');
#11962=IFCRELASSOCIATESMATERIAL('1AaHN9knzA4eQhNVLkA1LH',#5,$,$,(#11903,#11928),#11961);
#11963=IFCPRESENTATIONLAYERASSIGNMENT('GEO-Nulpunt',$,(#1390),$);
#11964=IFCPRESENTATIONLAYERASSIGNMENT('BGT-Paal',$,(#1981,#2006,#2031,#2056,#2081,#2106,#2131,#2156,#2181,#2206,#2231,#2256,#2281,#2306,#2331,#2356,#2381,#2406,#2431,#2456,#2481,#2506,#2531,#2556,#2581,#2606,#2631,#2656,#2681,#2706,#2731,#2756,#2781,#2806,#2831,#2856,#2881,#2906,#2931,#2956,#2981,#3006,#3031,#3056,#3081,#3106,#3131,#3156,#3181,#3206,#3231,#3256,#3281,#3306,#3331,#3356,#3381,#3406,#3431,#3456,#3481,#3506,#3531,#3556,#3581,#3606,#3631,#3656,#3681,#3706,#3731,#3756,#3781,#3806,#3831,#3856,#3881,#3906,#3931,#3956,#3981,#4006,#4031,#4056,#4081,#4106,#4131,#4156,#4181,#4206,#4231,#4256,#4281,#4306,#4331,#4356,#4381,#4406,#4431,#4456,#4481,#4506,#4531,#4556,#4581,#4606,#4631,#4656,#4681,#4706,#4731,#4756,#4781,#4806,#4831,#4856,#4881,#4906,#4931,#4956,#4981,#5006,#5031,#5056,#5081,#5106,#5131,#5156,#5181,#5206,#5231,#5256,#5281,#5306,#5331,#5356,#5381,#5406,#5431,#5456,#5481,#5506,#5531,#5556,#5581,#5606,#5631,#5656,#5681,#5706,#5731,#5756,#5781,#5806,#5831,#5856,#5881,#5906,#5931,#5956,#5981,#6006,#6031,#6056,#6081,#6106,#6131,#6156,#6181,#6206,#6231,#6256,#6281,#6306,#6331,#6356,#6381,#6406,#6431,#6456,#6481,#6506,#6531,#6556,#6581,#6606,#6631,#6656,#6681,#6706,#6731,#6756,#6781,#6806,#6831,#6856,#6881,#6906,#6931,#6956,#6981,#7006,#7031,#7056,#7081,#7106,#7131,#7156,#7181,#7206,#7231,#7256,#7281,#7306,#7331,#7356,#7381,#7406,#7431,#7456,#7481,#7506,#7531,#7556,#7581,#7606,#7631,#7656,#7681,#7706,#7731,#7756,#7781,#7806,#7831,#7856,#7881,#7906,#7931,#7956,#7981,#8006,#8031,#8056,#8081,#8106,#8131,#8156,#8181,#8206,#8231,#8256,#8281,#8306,#8331,#8356,#8381,#8406,#8431,#8456,#8481,#8506,#8531,#8556,#8581,#8606,#8631,#8656,#8719,#8793,#8818,#8843,#8868,#8893,#8918,#8943,#8968,#8993,#9018,#9043,#9106,#9131,#9156,#9181,#9206,#9231,#9256,#9281,#9306,#9331,#9356,#9381,#9406,#9431,#9456,#9481,#9506,#9531,#9556,#9581,#9606,#9631,#9656,#9681,#9706,#9731,#9756,#9781,#9806,#9831,#9856,#9881,#9906,#9931,#9956,#9981,#10006,#10031,#10056,#10081,#10106,#10131,#10156,#10181,#10206,#10231,#10256,#10281,#10306,#10331,#10356,#10381,#10406,#10431,#10456,#10481,#10506,#10531,#10556,#10581,#10606,#10631,#10656,#10681,#10706,#10731,#10756,#10781,#10806,#10831,#10856,#10881,#10944,#10969,#10994,#11019,#11044,#11069,#11094,#11119,#11144,#11169,#11194,#11219,#11244,#11269,#11294,#11319,#11344,#11369,#11394,#11419,#11444,#11469,#11494,#11519,#11582,#11607,#11632,#11657,#11682,#11707,#11732,#11757,#11782,#11807,#11832,#11895,#11920),$);
ENDSEC;
END-ISO-10303-21;
